instance,n,solver,tol_rule,tol_value,updates,total_evds,elapsed_seconds,evd_seconds,evd_percent,bb_seconds,certificate_seconds,rescale_seconds,newton_cg_seconds,dykstra_update_seconds,other_seconds,dist_G_X_fro,err_vs_ref_fro,lambda_min_X,diag_error_pre,diag_error_post,certificate_2,certificate_inf,ceiling_clamp_pct,exit,cg_iters_total,jacobian_vector_products,linesearch_trials,nls_backtracks,mls_backtracks,negative_curvature_count,accepted_outer_iterations,ref_cert_2,julia_version,blas_vendor,blas_threads,julia_threads,cpu,os,git_commit
degen-r5-m1-d0.01-p0,100,SBB-Dual,1e-7*n,9.999999999999999e-6,82,83,0.3919968,0.37964770000000003,96.84969367096875,0.0004466,0.0002494,0.0008311,0.0,0.0,0.010821999999999946,0.228113162423687,8.951638013903985e-6,-1.0211952647251538e-14,1.3678933217242673e-6,0.0,9.736725808826406e-6,1.3678933217242673e-6,100.0,diag_feasible,0,0,0,0,0,0,82,3.039903364680922e-14,1.12.6,lbt,1,1,Intel(R) Core(TM) 7 150U,NT,c8c2c51
degen-r5-m1-d0.01-p0,100,Newton-SIN-BH,1e-7*n,9.999999999999999e-6,2,3,0.0199497,0.0147973,74.17304520869988,0.0,1.07e-5,0.0,0.0044473,0.0,0.0006944000000000013,0.2281114458804543,1.445678355532621e-5,-1.1005405423756791e-14,2.7441281784668092e-6,2.7441281784668092e-6,4.4104414354144666e-6,2.7441281784668092e-6,NaN,converged,8,8,0,0,0,0,2,3.039903364680922e-14,1.12.6,lbt,1,1,Intel(R) Core(TM) 7 150U,NT,c8c2c51
degen-r5-m1-d0.01-p0,100,Newton-SIN,1e-7*n,9.999999999999999e-6,2,5,0.0310627,0.028562300000000002,91.95047436314294,0.0,1.2e-5,0.0,0.0020035,0.0,0.00048489999999999644,0.2281114458804543,1.445678355532621e-5,-1.1005405423756791e-14,2.7441281784668092e-6,2.7441281784668092e-6,4.4104414354144666e-6,2.7441281784668092e-6,NaN,converged,8,8,0,0,0,0,2,3.039903364680922e-14,1.12.6,lbt,1,1,Intel(R) Core(TM) 7 150U,NT,c8c2c51
degen-r5-m1-d0.01-p0,100,AGD-SDAJ-BH,1e-7*n,9.999999999999999e-6,3,24,0.1170257,0.1143175,97.68580747647741,0.0,7.02e-5,0.0,0.0,0.0,0.002637999999999994,0.22809511972529525,2.248612036080955e-5,-9.385809162420481e-15,2.1364489988240365e-6,2.1364489988240365e-6,5.726748550293194e-6,2.1364489988240365e-6,NaN,diag_feasible,0,0,5,5,0,0,3,3.039903364680922e-14,1.12.6,lbt,1,1,Intel(R) Core(TM) 7 150U,NT,c8c2c51
degen-r5-m1-d0.01-p0,100,AGD-SDAJ,1e-7*n,9.999999999999999e-6,3,24,0.1245124,0.1218797,97.88559211773286,0.0,6.14e-5,0.0,0.0,0.0,0.0025713000000000016,0.22809511972529525,2.248612036080955e-5,-9.385809162420481e-15,2.1364489988240365e-6,2.1364489988240365e-6,5.726748550293194e-6,2.1364489988240365e-6,NaN,diag_feasible,0,0,5,5,0,0,3,3.039903364680922e-14,1.12.6,lbt,1,1,Intel(R) Core(TM) 7 150U,NT,c8c2c51
degen-r5-m1-d0.01-p0,100,Dykstra-APM,1e-7*n,9.999999999999999e-6,167,167,1.0749014,0.9347412,86.9606458787755,0.0,0.0,0.0,0.0,0.0846575,0.05550269999999985,0.22807257646590856,4.503110432204673e-5,-8.107750213438344e-15,1.4002790527101183e-6,1.4002790527101183e-6,9.976712757203314e-6,1.4002790527101183e-6,NaN,diag_feasible,0,0,0,0,0,0,167,3.039903364680922e-14,1.12.6,lbt,1,1,Intel(R) Core(TM) 7 150U,NT,c8c2c51
degen-r5-m1-d0.01-p1,100,SBB-Dual,1e-7*n,9.999999999999999e-6,82,83,0.3401536,0.3343919,98.30614757568347,0.0005135,0.0002589,0.0002068,0.0,0.0,0.00478249999999998,0.22377148978614728,8.648486341851852e-6,-1.3700050090381853e-14,1.3669669391980221e-6,0.0,9.813258418761696e-6,1.3669669391980221e-6,100.0,diag_feasible,0,0,0,0,0,0,82,2.330838833711343e-12,1.12.6,lbt,1,1,Intel(R) Core(TM) 7 150U,NT,c8c2c51
degen-r5-m1-d0.01-p1,100,Newton-SIN-BH,1e-7*n,9.999999999999999e-6,2,3,0.0159039,0.0137357,86.3668659888455,0.0,8.5e-6,0.0,0.0018305,0.0,0.0003291999999999987,0.22377015876257175,2.064911413730357e-5,-8.862348400906917e-15,3.803128374668674e-6,3.803128374668674e-6,6.427029521367073e-6,3.803128374668674e-6,NaN,converged,9,9,0,0,0,0,2,2.330838833711343e-12,1.12.6,lbt,1,1,Intel(R) Core(TM) 7 150U,NT,c8c2c51
degen-r5-m1-d0.01-p1,100,Newton-SIN,1e-7*n,9.999999999999999e-6,2,5,0.0287971,0.026429400000000002,91.77799153386974,0.0,1.05e-5,0.0,0.0020471,0.0,0.00031009999999999675,0.22377015876257175,2.064911413730357e-5,-8.862348400906917e-15,3.803128374668674e-6,3.803128374668674e-6,6.427029521367073e-6,3.803128374668674e-6,NaN,converged,9,9,0,0,0,0,2,2.330838833711343e-12,1.12.6,lbt,1,1,Intel(R) Core(TM) 7 150U,NT,c8c2c51
degen-r5-m1-d0.01-p1,100,AGD-SDAJ-BH,1e-7*n,9.999999999999999e-6,2,15,0.0821999,0.0800475,97.38150533029844,0.0,4.36e-5,0.0,0.0,0.0,0.0021088000000000127,0.22374854494245594,2.913300275249734e-5,-1.2754126425253513e-14,2.6884322269493666e-6,2.6884322269493666e-6,7.459438692437236e-6,2.6884322269493666e-6,NaN,diag_feasible,0,0,2,2,0,0,2,2.330838833711343e-12,1.12.6,lbt,1,1,Intel(R) Core(TM) 7 150U,NT,c8c2c51
degen-r5-m1-d0.01-p1,100,AGD-SDAJ,1e-7*n,9.999999999999999e-6,2,15,0.068572,0.0677523,98.80461412821562,0.0,3.87e-5,0.0,0.0,0.0,0.0007809999999999926,0.22374854494245594,2.913300275249734e-5,-1.2754126425253513e-14,2.6884322269493666e-6,2.6884322269493666e-6,7.459438692437236e-6,2.6884322269493666e-6,NaN,diag_feasible,0,0,2,2,0,0,2,2.330838833711343e-12,1.12.6,lbt,1,1,Intel(R) Core(TM) 7 150U,NT,c8c2c51
degen-r5-m1-d0.01-p1,100,Dykstra-APM,1e-7*n,9.999999999999999e-6,168,168,1.2255431,0.9843249,80.31744456804498,0.0,0.0,0.0,0.0,0.1786288,0.06258940000000016,0.22373163347232514,4.3018994534382894e-5,-7.659416399997141e-15,1.3301618178029884e-6,1.3301618178029884e-6,9.555484481649744e-6,1.3301618178029884e-6,NaN,diag_feasible,0,0,0,0,0,0,168,2.330838833711343e-12,1.12.6,lbt,1,1,Intel(R) Core(TM) 7 150U,NT,c8c2c51
degen-r5-m1-d0.01-p2,100,SBB-Dual,1e-7*n,9.999999999999999e-6,81,82,0.3432228,0.3383824,98.58972072950867,0.0004728,0.0002204,0.0002113,0.0,0.0,0.003935899999999967,0.23286753046577627,7.741067341293043e-6,-8.363463665511335e-15,1.3451034719391686e-6,0.0,9.275278390309274e-6,1.3451034719391686e-6,100.0,diag_feasible,0,0,0,0,0,0,81,1.664409093944935e-14,1.12.6,lbt,1,1,Intel(R) Core(TM) 7 150U,NT,c8c2c51
degen-r5-m1-d0.01-p2,100,Newton-SIN-BH,1e-7*n,9.999999999999999e-6,2,3,0.015393,0.013481799999999999,87.58396673812771,0.0,9.0e-6,0.0,0.0014405,0.0,0.00046170000000000195,0.23286595470666308,1.1004905751881376e-5,-8.382726599841248e-15,1.0797565439535362e-6,1.0797565439535362e-6,3.323198923550652e-6,1.0797565439535362e-6,NaN,converged,7,7,0,0,0,0,2,1.664409093944935e-14,1.12.6,lbt,1,1,Intel(R) Core(TM) 7 150U,NT,c8c2c51
degen-r5-m1-d0.01-p2,100,Newton-SIN,1e-7*n,9.999999999999999e-6,2,5,0.0231297,0.0214283,92.64408963367445,0.0,8.8e-6,0.0,0.0014324,0.0,0.00026019999999999884,0.23286595470666308,1.1004905751881376e-5,-8.382726599841248e-15,1.0797565439535362e-6,1.0797565439535362e-6,3.323198923550652e-6,1.0797565439535362e-6,NaN,converged,7,7,0,0,0,0,2,1.664409093944935e-14,1.12.6,lbt,1,1,Intel(R) Core(TM) 7 150U,NT,c8c2c51
degen-r5-m1-d0.01-p2,100,AGD-SDAJ-BH,1e-7*n,9.999999999999999e-6,3,24,0.0681282,0.067116,98.51427162320448,0.0,4.69e-5,0.0,0.0,0.0,0.0009653000000000048,0.23284885818560408,2.249302219760897e-5,-8.10177842487921e-15,1.2699155023110364e-6,1.2699155023110364e-6,5.351739081801599e-6,1.2699155023110364e-6,NaN,diag_feasible,0,0,5,5,0,0,3,1.664409093944935e-14,1.12.6,lbt,1,1,Intel(R) Core(TM) 7 150U,NT,c8c2c51
degen-r5-m1-d0.01-p2,100,AGD-SDAJ,1e-7*n,9.999999999999999e-6,3,24,0.1291826,0.1276925,98.84651648132177,0.0,7.37e-5,0.0,0.0,0.0,0.001416400000000022,0.23284885818560408,2.249302219760897e-5,-8.10177842487921e-15,1.2699155023110364e-6,1.2699155023110364e-6,5.351739081801599e-6,1.2699155023110364e-6,NaN,diag_feasible,0,0,5,5,0,0,3,1.664409093944935e-14,1.12.6,lbt,1,1,Intel(R) Core(TM) 7 150U,NT,c8c2c51
degen-r5-m1-d0.01-p2,100,Dykstra-APM,1e-7*n,9.999999999999999e-6,165,165,0.9630425,0.8097559,84.08309082932476,0.0,0.0,0.0,0.0,0.1070638,0.04622280000000005,0.23282933085052432,4.287712502313041e-5,-9.096051623697533e-15,1.3805914260700547e-6,1.3805914260700547e-6,9.533862385805352e-6,1.3805914260700547e-6,NaN,diag_feasible,0,0,0,0,0,0,165,1.664409093944935e-14,1.12.6,lbt,1,1,Intel(R) Core(TM) 7 150U,NT,c8c2c51
degen-r5-m1-d0.01-p3,100,SBB-Dual,1e-7*n,9.999999999999999e-6,82,83,0.3696279,0.3642557,98.54659239738126,0.0004739,0.0002396,0.0002309,0.0,0.0,0.004427799999999993,0.23275431200489055,1.0748953209922594e-5,-1.1960326709960096e-14,1.4240586743152761e-6,0.0,9.240404881358739e-6,1.4240586743152761e-6,100.0,diag_feasible,0,0,0,0,0,0,82,4.770891419087189e-12,1.12.6,lbt,1,1,Intel(R) Core(TM) 7 150U,NT,c8c2c51
degen-r5-m1-d0.01-p3,100,Newton-SIN-BH,1e-7*n,9.999999999999999e-6,2,3,0.016602,0.0137864,83.04059751837129,0.0,9.5e-6,0.0,0.0023677,0.0,0.0004383999999999981,0.23275399675845226,3.033441605722758e-6,-9.193549338522935e-15,5.041534991701013e-7,5.041534991701013e-7,9.513141021670009e-7,5.041534991701013e-7,NaN,converged,9,9,0,0,0,0,2,4.770891419087189e-12,1.12.6,lbt,1,1,Intel(R) Core(TM) 7 150U,NT,c8c2c51
degen-r5-m1-d0.01-p3,100,Newton-SIN,1e-7*n,9.999999999999999e-6,2,5,0.0243237,0.0221286,90.97546837035485,0.0,1.16e-5,0.0,0.001846,0.0,0.00033750000000000186,0.23275399675845226,3.033441605722758e-6,-9.193549338522935e-15,5.041534991701013e-7,5.041534991701013e-7,9.513141021670009e-7,5.041534991701013e-7,NaN,converged,9,9,0,0,0,0,2,4.770891419087189e-12,1.12.6,lbt,1,1,Intel(R) Core(TM) 7 150U,NT,c8c2c51
degen-r5-m1-d0.01-p3,100,AGD-SDAJ-BH,1e-7*n,9.999999999999999e-6,4,32,0.1363874,0.1345729,98.66959851129944,0.0,7.76e-5,0.0,0.0,0.0,0.0017368999999999967,0.23272893009949178,3.458146302613212e-5,-1.2577706239735452e-14,4.711374601562568e-6,4.711374601562568e-6,9.402877204835846e-6,4.711374601562568e-6,NaN,diag_feasible_at_xpre,0,0,11,11,0,0,4,4.770891419087189e-12,1.12.6,lbt,1,1,Intel(R) Core(TM) 7 150U,NT,c8c2c51
degen-r5-m1-d0.01-p3,100,AGD-SDAJ,1e-7*n,9.999999999999999e-6,4,32,0.1536859,0.15169839999999998,98.70677791521538,0.0,8.93e-5,0.0,0.0,0.0,0.001898200000000003,0.23272893009949178,3.458146302613212e-5,-1.2577706239735452e-14,4.711374601562568e-6,4.711374601562568e-6,9.402877204835846e-6,4.711374601562568e-6,NaN,diag_feasible_at_xpre,0,0,11,11,0,0,4,4.770891419087189e-12,1.12.6,lbt,1,1,Intel(R) Core(TM) 7 150U,NT,c8c2c51
degen-r5-m1-d0.01-p3,100,Dykstra-APM,1e-7*n,9.999999999999999e-6,166,166,0.9879482,0.8377536,84.79732034533794,0.0,0.0,0.0,0.0,0.1027643,0.047430300000000064,0.23271476236887093,4.513787706242851e-5,-9.175938272793207e-15,1.5294874520233037e-6,1.5294874520233037e-6,9.967224183169046e-6,1.5294874520233037e-6,NaN,diag_feasible,0,0,0,0,0,0,166,4.770891419087189e-12,1.12.6,lbt,1,1,Intel(R) Core(TM) 7 150U,NT,c8c2c51
degen-r5-m1-d0.01-p4,100,SBB-Dual,1e-7*n,9.999999999999999e-6,81,82,0.3839812,0.3778874,98.41299521955762,0.0004823,0.0003072,0.0002243,0.0,0.0,0.0050800000000000385,0.23232294644895518,7.290894687188482e-6,-1.0855863001168753e-14,1.2653495269354664e-6,0.0,9.620851447784986e-6,1.2653495269354664e-6,100.0,diag_feasible,0,0,0,0,0,0,81,8.878007822656053e-12,1.12.6,lbt,1,1,Intel(R) Core(TM) 7 150U,NT,c8c2c51
degen-r5-m1-d0.01-p4,100,Newton-SIN-BH,1e-7*n,9.999999999999999e-6,2,3,0.0163066,0.0141231,86.60971631118687,0.0,1.35e-5,0.0,0.0017108,0.0,0.0004592000000000014,0.23232219250918382,8.59752860086361e-6,-8.991683934214252e-15,1.410240818566777e-6,1.410240818566777e-6,2.697994669346117e-6,1.410240818566777e-6,NaN,converged,8,8,0,0,0,0,2,8.878007822656053e-12,1.12.6,lbt,1,1,Intel(R) Core(TM) 7 150U,NT,c8c2c51
degen-r5-m1-d0.01-p4,100,Newton-SIN,1e-7*n,9.999999999999999e-6,2,5,0.0261455,0.0234041,89.51483046795816,0.0,8.3e-6,0.0,0.002318,0.0,0.0004150999999999977,0.23232219250918382,8.59752860086361e-6,-8.991683934214252e-15,1.410240818566777e-6,1.410240818566777e-6,2.697994669346117e-6,1.410240818566777e-6,NaN,converged,8,8,0,0,0,0,2,8.878007822656053e-12,1.12.6,lbt,1,1,Intel(R) Core(TM) 7 150U,NT,c8c2c51
degen-r5-m1-d0.01-p4,100,AGD-SDAJ-BH,1e-7*n,9.999999999999999e-6,3,25,0.1155201,0.11361450000000001,98.35041694042856,0.0,7.65e-5,0.0,0.0,0.0,0.0018290999999999934,0.2323058369051118,2.128451276199992e-5,-9.252972887338471e-15,1.5741518424317036e-6,1.5741518424317036e-6,5.259653972786409e-6,1.5741518424317036e-6,NaN,diag_feasible,0,0,6,6,0,0,3,8.878007822656053e-12,1.12.6,lbt,1,1,Intel(R) Core(TM) 7 150U,NT,c8c2c51
degen-r5-m1-d0.01-p4,100,AGD-SDAJ,1e-7*n,9.999999999999999e-6,3,25,0.0984988,0.09727090000000001,98.75338582805071,0.0,6.76e-5,0.0,0.0,0.0,0.0011602999999999902,0.2323058369051118,2.128451276199992e-5,-9.252972887338471e-15,1.5741518424317036e-6,1.5741518424317036e-6,5.259653972786409e-6,1.5741518424317036e-6,NaN,diag_feasible,0,0,6,6,0,0,3,8.878007822656053e-12,1.12.6,lbt,1,1,Intel(R) Core(TM) 7 150U,NT,c8c2c51
degen-r5-m1-d0.01-p4,100,Dykstra-APM,1e-7*n,9.999999999999999e-6,165,165,0.9990382,0.8386816,83.94890205399554,0.0,0.0,0.0,0.0,0.1104251,0.04993149999999996,0.23228325901496857,4.4401067825554334e-5,-9.849640087555915e-15,1.2977650885037662e-6,1.2977650885037662e-6,9.873597557125518e-6,1.2977650885037662e-6,NaN,diag_feasible,0,0,0,0,0,0,165,8.878007822656053e-12,1.12.6,lbt,1,1,Intel(R) Core(TM) 7 150U,NT,c8c2c51
degen-r5-m1-d0.0001-p0,100,SBB-Dual,1e-7*n,9.999999999999999e-6,81,82,0.3873771,0.380662,98.26652117536118,0.0004795,0.0002123,0.0002238,0.0,0.0,0.005799499999999974,0.23066358437666246,8.660432972405838e-6,-9.456514590174227e-15,1.3352881460537702e-6,0.0,9.382570459641648e-6,1.3352881460537702e-6,100.0,diag_feasible,0,0,0,0,0,0,81,1.512513347095137e-14,1.12.6,lbt,1,1,Intel(R) Core(TM) 7 150U,NT,c8c2c51
degen-r5-m1-d0.0001-p0,100,Newton-SIN-BH,1e-7*n,9.999999999999999e-6,2,3,0.0157464,0.013639700000000001,86.62106894274247,0.0,9.4e-6,0.0,0.0016991,0.0,0.0003981999999999994,0.23066215865649606,2.1617524086207737e-5,-8.770212968420165e-15,5.723800021062431e-6,5.723800021062431e-6,6.735623384350351e-6,5.723800021062431e-6,NaN,converged,8,8,0,0,0,0,2,1.512513347095137e-14,1.12.6,lbt,1,1,Intel(R) Core(TM) 7 150U,NT,c8c2c51
degen-r5-m1-d0.0001-p0,100,Newton-SIN,1e-7*n,9.999999999999999e-6,2,5,0.0264891,0.0243723,92.00878852056128,0.0,9.8e-6,0.0,0.0018059,0.0,0.00030110000000000206,0.23066215865649606,2.1617524086207737e-5,-8.770212968420165e-15,5.723800021062431e-6,5.723800021062431e-6,6.735623384350351e-6,5.723800021062431e-6,NaN,converged,8,8,0,0,0,0,2,1.512513347095137e-14,1.12.6,lbt,1,1,Intel(R) Core(TM) 7 150U,NT,c8c2c51
degen-r5-m1-d0.0001-p0,100,AGD-SDAJ-BH,1e-7*n,9.999999999999999e-6,5,39,0.189845,0.1877721,98.9081092470173,0.0,9.43e-5,0.0,0.0,0.0,0.0019786000000000165,0.2306516965281396,1.4720556931017674e-5,-8.349949498639455e-15,9.39991927628725e-7,9.39991927628725e-7,3.6178874992488936e-6,9.39991927628725e-7,NaN,diag_feasible_at_xpre,0,0,12,12,0,0,5,1.512513347095137e-14,1.12.6,lbt,1,1,Intel(R) Core(TM) 7 150U,NT,c8c2c51
degen-r5-m1-d0.0001-p0,100,AGD-SDAJ,1e-7*n,9.999999999999999e-6,5,39,0.1852872,0.183058,98.79689476661098,0.0,0.0001159,0.0,0.0,0.0,0.0021133000000000146,0.2306516965281396,1.4720556931017674e-5,-8.349949498639455e-15,9.39991927628725e-7,9.39991927628725e-7,3.6178874992488936e-6,9.39991927628725e-7,NaN,diag_feasible_at_xpre,0,0,12,12,0,0,5,1.512513347095137e-14,1.12.6,lbt,1,1,Intel(R) Core(TM) 7 150U,NT,c8c2c51
degen-r5-m1-d0.0001-p0,100,Dykstra-APM,1e-7*n,9.999999999999999e-6,165,165,0.9346063,0.7886564,84.38380952493044,0.0,0.0,0.0,0.0,0.1027686,0.043181299999999964,0.23062487354304734,4.346994621307822e-5,-9.737306796643509e-15,1.37020113144537e-6,1.37020113144537e-6,9.631453384165677e-6,1.37020113144537e-6,NaN,diag_feasible,0,0,0,0,0,0,165,1.512513347095137e-14,1.12.6,lbt,1,1,Intel(R) Core(TM) 7 150U,NT,c8c2c51
degen-r5-m1-d0.0001-p1,100,SBB-Dual,1e-7*n,9.999999999999999e-6,82,83,0.3727458,0.3681694,98.77224639419141,0.0004446,0.0002103,0.0002069,0.0,0.0,0.003714600000000036,0.22536116001305703,8.038917138345946e-6,-1.3132533274134609e-14,1.2784711558300188e-6,0.0,9.08311625648674e-6,1.2784711558300188e-6,100.0,diag_feasible,0,0,0,0,0,0,82,1.5212486388410352e-14,1.12.6,lbt,1,1,Intel(R) Core(TM) 7 150U,NT,c8c2c51
degen-r5-m1-d0.0001-p1,100,Newton-SIN-BH,1e-7*n,9.999999999999999e-6,2,3,0.0256,0.0204281,79.79726562500001,0.0,1.07e-5,0.0,0.0046396,0.0,0.0005216000000000005,0.22536053927777402,2.3942063030861782e-5,-1.0125603819078717e-14,5.124279522039643e-6,5.124279522039643e-6,7.4472342385570634e-6,5.124279522039643e-6,NaN,converged,9,9,0,0,0,0,2,1.5212486388410352e-14,1.12.6,lbt,1,1,Intel(R) Core(TM) 7 150U,NT,c8c2c51
degen-r5-m1-d0.0001-p1,100,Newton-SIN,1e-7*n,9.999999999999999e-6,2,5,0.0245482,0.0222318,90.56387026340018,0.0,9.1e-6,0.0,0.0019882,0.0,0.0003190999999999997,0.22536053927777402,2.3942063030861782e-5,-1.0125603819078717e-14,5.124279522039643e-6,5.124279522039643e-6,7.4472342385570634e-6,5.124279522039643e-6,NaN,converged,9,9,0,0,0,0,2,1.5212486388410352e-14,1.12.6,lbt,1,1,Intel(R) Core(TM) 7 150U,NT,c8c2c51
degen-r5-m1-d0.0001-p1,100,AGD-SDAJ-BH,1e-7*n,9.999999999999999e-6,2,14,0.0614478,0.060627600000000004,98.66520851844983,0.0,3.77e-5,0.0,0.0,0.0,0.0007824999999999932,0.22536889948808794,3.309634470684085e-5,-1.122469515141347e-14,3.1414593495426857e-6,3.1414593495426857e-6,9.857079667147527e-6,3.1414593495426857e-6,NaN,diag_feasible,0,0,1,1,0,0,2,1.5212486388410352e-14,1.12.6,lbt,1,1,Intel(R) Core(TM) 7 150U,NT,c8c2c51
degen-r5-m1-d0.0001-p1,100,AGD-SDAJ,1e-7*n,9.999999999999999e-6,2,14,0.0618679,0.0610198,98.629176034745,0.0,4.32e-5,0.0,0.0,0.0,0.0008049000000000044,0.22536889948808794,3.309634470684085e-5,-1.122469515141347e-14,3.1414593495426857e-6,3.1414593495426857e-6,9.857079667147527e-6,3.1414593495426857e-6,NaN,diag_feasible,0,0,1,1,0,0,2,1.5212486388410352e-14,1.12.6,lbt,1,1,Intel(R) Core(TM) 7 150U,NT,c8c2c51
degen-r5-m1-d0.0001-p1,100,Dykstra-APM,1e-7*n,9.999999999999999e-6,166,166,1.5365329,1.2557671,81.72731608935935,0.0,0.0,0.0,0.0,0.2066,0.07416580000000017,0.22532056357674804,4.4152480700757316e-5,-9.730633691910655e-15,1.3802849621047386e-6,1.3802849621047386e-6,9.807706802411215e-6,1.3802849621047386e-6,NaN,diag_feasible,0,0,0,0,0,0,166,1.5212486388410352e-14,1.12.6,lbt,1,1,Intel(R) Core(TM) 7 150U,NT,c8c2c51
degen-r5-m1-d0.0001-p2,100,SBB-Dual,1e-7*n,9.999999999999999e-6,76,77,0.353147,0.34801920000000003,98.54797010876491,0.0004339,0.0001962,0.0002214,0.0,0.0,0.00427629999999996,0.23643971550203188,8.385448790043614e-6,-1.1320052702108296e-14,1.4496235996031004e-6,0.0,9.988918756286189e-6,1.4496235996031004e-6,100.0,diag_feasible,0,0,0,0,0,0,76,1.4379852738503886e-14,1.12.6,lbt,1,1,Intel(R) Core(TM) 7 150U,NT,c8c2c51
degen-r5-m1-d0.0001-p2,100,Newton-SIN-BH,1e-7*n,9.999999999999999e-6,2,3,0.01771,0.014645400000000001,82.69565217391305,0.0,1.25e-5,0.0,0.0025779,0.0,0.00047419999999999884,0.23643957136740032,2.206425150809707e-6,-1.0009864530645675e-14,6.833305012943214e-7,6.833305012943214e-7,7.131717633897975e-7,6.833305012943214e-7,NaN,converged,9,9,0,0,0,0,2,1.4379852738503886e-14,1.12.6,lbt,1,1,Intel(R) Core(TM) 7 150U,NT,c8c2c51
degen-r5-m1-d0.0001-p2,100,Newton-SIN,1e-7*n,9.999999999999999e-6,2,5,0.0265576,0.023991099999999998,90.33609964755851,0.0,1.3e-5,0.0,0.0021963,0.0,0.00035720000000000283,0.23643957136740032,2.206425150809707e-6,-1.0009864530645675e-14,6.833305012943214e-7,6.833305012943214e-7,7.131717633897975e-7,6.833305012943214e-7,NaN,converged,9,9,0,0,0,0,2,1.4379852738503886e-14,1.12.6,lbt,1,1,Intel(R) Core(TM) 7 150U,NT,c8c2c51
degen-r5-m1-d0.0001-p2,100,AGD-SDAJ-BH,1e-7*n,9.999999999999999e-6,4,30,0.1485077,0.14630790000000002,98.51873000524553,0.0,8.12e-5,0.0,0.0,0.0,0.002118599999999974,0.23642338714762756,2.0659896269063225e-5,-1.0051978653900257e-14,2.1289944837077357e-6,2.1289944837077357e-6,5.133051829878944e-6,2.1289944837077357e-6,NaN,diag_feasible_at_xpre,0,0,9,9,0,0,4,1.4379852738503886e-14,1.12.6,lbt,1,1,Intel(R) Core(TM) 7 150U,NT,c8c2c51
degen-r5-m1-d0.0001-p2,100,AGD-SDAJ,1e-7*n,9.999999999999999e-6,4,30,0.1389454,0.1372204,98.75850513942888,0.0,7.05e-5,0.0,0.0,0.0,0.0016545000000000043,0.23642338714762756,2.0659896269063225e-5,-1.0051978653900257e-14,2.1289944837077357e-6,2.1289944837077357e-6,5.133051829878944e-6,2.1289944837077357e-6,NaN,diag_feasible_at_xpre,0,0,9,9,0,0,4,1.4379852738503886e-14,1.12.6,lbt,1,1,Intel(R) Core(TM) 7 150U,NT,c8c2c51
degen-r5-m1-d0.0001-p2,100,Dykstra-APM,1e-7*n,9.999999999999999e-6,156,156,0.9580106,0.8073045,84.26884838226216,0.0,0.0,0.0,0.0,0.1082468,0.04245930000000006,0.23640125529088685,4.391426985217949e-5,-9.05992869037968e-15,1.4147884725979054e-6,1.4147884725979054e-6,9.768072059600918e-6,1.4147884725979054e-6,NaN,diag_feasible,0,0,0,0,0,0,156,1.4379852738503886e-14,1.12.6,lbt,1,1,Intel(R) Core(TM) 7 150U,NT,c8c2c51
degen-r5-m1-d0.0001-p3,100,SBB-Dual,1e-7*n,9.999999999999999e-6,78,79,0.377776,0.3719111,98.44751916479608,0.0004446,0.0002008,0.0005032,0.0,0.0,0.004716300000000007,0.2363008709076422,1.0541018158089003e-5,-8.358936282572812e-15,1.4242440735667827e-6,0.0,9.215391010957134e-6,1.4242440735667827e-6,100.0,diag_feasible,0,0,0,0,0,0,78,2.5440827833043328e-14,1.12.6,lbt,1,1,Intel(R) Core(TM) 7 150U,NT,c8c2c51
degen-r5-m1-d0.0001-p3,100,Newton-SIN-BH,1e-7*n,9.999999999999999e-6,2,3,0.0187244,0.0152891,81.65335070816688,0.0,1.21e-5,0.0,0.0029658,0.0,0.00045739999999999843,0.23630038532218953,2.9307456203739964e-6,-9.561855024706229e-15,5.013049075852649e-7,5.013049075852649e-7,8.885670698828299e-7,5.013049075852649e-7,NaN,converged,9,9,0,0,0,0,2,2.5440827833043328e-14,1.12.6,lbt,1,1,Intel(R) Core(TM) 7 150U,NT,c8c2c51
degen-r5-m1-d0.0001-p3,100,Newton-SIN,1e-7*n,9.999999999999999e-6,2,5,0.0346503,0.0323192,93.2724969192186,0.0,1.08e-5,0.0,0.0019399,0.0,0.0003804000000000025,0.23630038532218953,2.9307456203739964e-6,-9.561855024706229e-15,5.013049075852649e-7,5.013049075852649e-7,8.885670698828299e-7,5.013049075852649e-7,NaN,converged,9,9,0,0,0,0,2,2.5440827833043328e-14,1.12.6,lbt,1,1,Intel(R) Core(TM) 7 150U,NT,c8c2c51
degen-r5-m1-d0.0001-p3,100,AGD-SDAJ-BH,1e-7*n,9.999999999999999e-6,4,29,0.1482714,0.1466165,98.88387106346876,0.0,7.87e-5,0.0,0.0,0.0,0.001576199999999987,0.23628600410544445,1.9200724237519107e-5,-1.1254120766276763e-14,2.7585007569275177e-6,2.7585007569275177e-6,4.919660195355435e-6,2.7585007569275177e-6,NaN,diag_feasible_at_xpre,0,0,8,8,0,0,4,2.5440827833043328e-14,1.12.6,lbt,1,1,Intel(R) Core(TM) 7 150U,NT,c8c2c51
degen-r5-m1-d0.0001-p3,100,AGD-SDAJ,1e-7*n,9.999999999999999e-6,4,29,0.1503968,0.1487338,98.89425838847635,0.0,7.42e-5,0.0,0.0,0.0,0.0015887999999999979,0.23628600410544445,1.9200724237519107e-5,-1.1254120766276763e-14,2.7585007569275177e-6,2.7585007569275177e-6,4.919660195355435e-6,2.7585007569275177e-6,NaN,diag_feasible_at_xpre,0,0,8,8,0,0,4,2.5440827833043328e-14,1.12.6,lbt,1,1,Intel(R) Core(TM) 7 150U,NT,c8c2c51
degen-r5-m1-d0.0001-p3,100,Dykstra-APM,1e-7*n,9.999999999999999e-6,158,158,1.060149,0.9030195,85.17854565726138,0.0,0.0,0.0,0.0,0.1091003,0.048029200000000036,0.23626187499220172,4.506226404142148e-5,-8.072230495653608e-15,1.5433405136100475e-6,1.5433405136100475e-6,9.965007669096966e-6,1.5433405136100475e-6,NaN,diag_feasible,0,0,0,0,0,0,158,2.5440827833043328e-14,1.12.6,lbt,1,1,Intel(R) Core(TM) 7 150U,NT,c8c2c51
degen-r5-m1-d0.0001-p4,100,SBB-Dual,1e-7*n,9.999999999999999e-6,78,79,0.3646953,0.3579951,98.16279507852171,0.0004489,0.0003424,0.0002208,0.0,0.0,0.005688099999999989,0.2357813161676917,7.1638464955159495e-6,-9.66450294416361e-15,1.2533719160323642e-6,0.0,9.364683141605026e-6,1.2533719160323642e-6,100.0,diag_feasible,0,0,0,0,0,0,78,1.3793599587417086e-14,1.12.6,lbt,1,1,Intel(R) Core(TM) 7 150U,NT,c8c2c51
degen-r5-m1-d0.0001-p4,100,Newton-SIN-BH,1e-7*n,9.999999999999999e-6,2,3,0.0167267,0.0143227,85.62776877686574,0.0,8.7e-6,0.0,0.0019204,0.0,0.0004748999999999999,0.23578027006361937,8.183929418376638e-6,-1.0499587212026284e-14,1.5720569807031737e-6,1.5720569807031737e-6,2.640526072461683e-6,1.5720569807031737e-6,NaN,converged,8,8,0,0,0,0,2,1.3793599587417086e-14,1.12.6,lbt,1,1,Intel(R) Core(TM) 7 150U,NT,c8c2c51
degen-r5-m1-d0.0001-p4,100,Newton-SIN,1e-7*n,9.999999999999999e-6,2,5,0.0258728,0.023795800000000002,91.97226430846294,0.0,9.1e-6,0.0,0.0017533,0.0,0.00031459999999999886,0.23578027006361937,8.183929418376638e-6,-1.0499587212026284e-14,1.5720569807031737e-6,1.5720569807031737e-6,2.640526072461683e-6,1.5720569807031737e-6,NaN,converged,8,8,0,0,0,0,2,1.3793599587417086e-14,1.12.6,lbt,1,1,Intel(R) Core(TM) 7 150U,NT,c8c2c51
degen-r5-m1-d0.0001-p4,100,AGD-SDAJ-BH,1e-7*n,9.999999999999999e-6,3,24,0.1399951,0.13686589999999998,97.76477891011898,0.0,7.51e-5,0.0,0.0,0.0,0.0030541000000000266,0.23576454896407495,2.1929085309418414e-5,-9.054909064783752e-15,1.6376180969057685e-6,1.6376180969057685e-6,5.4886395977281635e-6,1.6376180969057685e-6,NaN,diag_feasible,0,0,5,5,0,0,3,1.3793599587417086e-14,1.12.6,lbt,1,1,Intel(R) Core(TM) 7 150U,NT,c8c2c51
degen-r5-m1-d0.0001-p4,100,AGD-SDAJ,1e-7*n,9.999999999999999e-6,3,24,0.1185602,0.1170837,98.75464110215738,0.0,7.04e-5,0.0,0.0,0.0,0.0014061000000000056,0.23576454896407495,2.1929085309418414e-5,-9.054909064783752e-15,1.6376180969057685e-6,1.6376180969057685e-6,5.4886395977281635e-6,1.6376180969057685e-6,NaN,diag_feasible,0,0,5,5,0,0,3,1.3793599587417086e-14,1.12.6,lbt,1,1,Intel(R) Core(TM) 7 150U,NT,c8c2c51
degen-r5-m1-d0.0001-p4,100,Dykstra-APM,1e-7*n,9.999999999999999e-6,159,159,1.0124182,0.8616725,85.11033286442303,0.0,0.0,0.0,0.0,0.1047346,0.046011099999999985,0.23574323363355415,4.3310575608544394e-5,-8.24114229882254e-15,1.2908018116597475e-6,1.2908018116597475e-6,9.633850402817058e-6,1.2908018116597475e-6,NaN,diag_feasible,0,0,0,0,0,0,159,1.3793599587417086e-14,1.12.6,lbt,1,1,Intel(R) Core(TM) 7 150U,NT,c8c2c51
degen-r5-m1-d1e-06-p0,100,SBB-Dual,1e-7*n,9.999999999999999e-6,80,81,0.3911806,0.3857741,98.617901808014,0.0006357,0.0002886,0.00019,0.0,0.0,0.00429219999999998,0.23069039524422585,1.0390202260503822e-5,-8.699759592642145e-15,1.4416720037768727e-6,0.0,9.921663660796302e-6,1.4416720037768727e-6,100.0,diag_feasible,0,0,0,0,0,0,80,7.212843485687424e-12,1.12.6,lbt,1,1,Intel(R) Core(TM) 7 150U,NT,c8c2c51
degen-r5-m1-d1e-06-p0,100,Newton-SIN-BH,1e-7*n,9.999999999999999e-6,3,4,0.0235751,0.019995600000000002,84.81660735267295,0.0,1.31e-5,0.0,0.002908,0.0,0.0006583999999999995,0.23069033833396496,4.2796016192215585e-7,-1.1740747401810408e-14,1.3226619599571166e-7,1.3226619599571166e-7,1.3340855102340758e-7,1.3226619599571166e-7,NaN,converged,14,14,0,0,0,0,3,7.212843485687424e-12,1.12.6,lbt,1,1,Intel(R) Core(TM) 7 150U,NT,c8c2c51
degen-r5-m1-d1e-06-p0,100,Newton-SIN,1e-7*n,9.999999999999999e-6,3,7,0.0412811,0.0365087,88.43926155068542,0.0,2.0e-5,0.0,0.0041641,0.0,0.0005883000000000034,0.23069033833396496,4.2796016192215585e-7,-1.1740747401810408e-14,1.3226619599571166e-7,1.3226619599571166e-7,1.3340855102340758e-7,1.3226619599571166e-7,NaN,converged,14,14,0,0,0,0,3,7.212843485687424e-12,1.12.6,lbt,1,1,Intel(R) Core(TM) 7 150U,NT,c8c2c51
degen-r5-m1-d1e-06-p0,100,AGD-SDAJ-BH,1e-7*n,9.999999999999999e-6,5,39,0.1695874,0.1674967,98.76718435449803,0.0,0.000116,0.0,0.0,0.0,0.001974700000000001,0.23066396295446628,3.2558463042217425e-5,-9.450504111768098e-15,2.8550337094479517e-6,2.8550337094479517e-6,8.003247482803886e-6,2.8550337094479517e-6,NaN,diag_feasible_at_xpre,0,0,12,12,0,0,5,7.212843485687424e-12,1.12.6,lbt,1,1,Intel(R) Core(TM) 7 150U,NT,c8c2c51
degen-r5-m1-d1e-06-p0,100,AGD-SDAJ,1e-7*n,9.999999999999999e-6,5,39,0.1572093,0.15512279999999998,98.67278844190514,0.0,9.31e-5,0.0,0.0,0.0,0.001993400000000019,0.23066396295446628,3.2558463042217425e-5,-9.450504111768098e-15,2.8550337094479517e-6,2.8550337094479517e-6,8.003247482803886e-6,2.8550337094479517e-6,NaN,diag_feasible_at_xpre,0,0,12,12,0,0,5,7.212843485687424e-12,1.12.6,lbt,1,1,Intel(R) Core(TM) 7 150U,NT,c8c2c51
degen-r5-m1-d1e-06-p0,100,Dykstra-APM,1e-7*n,9.999999999999999e-6,164,164,0.9808809,0.8386359,85.49823938869643,0.0,0.0,0.0,0.0,0.0988094,0.04343559999999995,0.23065170987043443,4.3118655655133474e-5,-1.1076422674285906e-14,1.4038611648725663e-6,1.4038611648725663e-6,9.672641188620947e-6,1.4038611648725663e-6,NaN,diag_feasible,0,0,0,0,0,0,164,7.212843485687424e-12,1.12.6,lbt,1,1,Intel(R) Core(TM) 7 150U,NT,c8c2c51
degen-r5-m1-d1e-06-p1,100,SBB-Dual,1e-7*n,9.999999999999999e-6,81,82,0.4427225,0.43078679999999997,97.30402227128731,0.0005288,0.0002617,0.0005041,0.0,0.0,0.010641100000000049,0.22537795044174339,9.44723278911584e-6,-9.701921626073188e-15,1.4015789677745971e-6,0.0,9.790676627500824e-6,1.4015789677745971e-6,100.0,diag_feasible,0,0,0,0,0,0,81,1.63202784619898e-14,1.12.6,lbt,1,1,Intel(R) Core(TM) 7 150U,NT,c8c2c51
degen-r5-m1-d1e-06-p1,100,Newton-SIN-BH,1e-7*n,9.999999999999999e-6,3,4,0.0225279,0.0186082,82.60068626014852,0.0,1.14e-5,0.0,0.0033364,0.0,0.0005719000000000015,0.22537792728245254,3.5562217563130875e-7,-1.0926876670381731e-14,1.101711826212437e-7,1.101711826212437e-7,1.1076241203963873e-7,1.101711826212437e-7,NaN,converged,15,15,0,0,0,0,3,1.63202784619898e-14,1.12.6,lbt,1,1,Intel(R) Core(TM) 7 150U,NT,c8c2c51
degen-r5-m1-d1e-06-p1,100,Newton-SIN,1e-7*n,9.999999999999999e-6,3,7,0.0350683,0.030727,87.62044353447416,0.0,1.8e-5,0.0,0.0038646,0.0,0.0004586999999999959,0.22537792728245254,3.5562217563130875e-7,-1.0926876670381731e-14,1.101711826212437e-7,1.101711826212437e-7,1.1076241203963873e-7,1.101711826212437e-7,NaN,converged,15,15,0,0,0,0,3,1.63202784619898e-14,1.12.6,lbt,1,1,Intel(R) Core(TM) 7 150U,NT,c8c2c51
degen-r5-m1-d1e-06-p1,100,AGD-SDAJ-BH,1e-7*n,9.999999999999999e-6,3,16,0.0735622,0.07229980000000001,98.28390124275785,0.0,4.66e-5,0.0,0.0,0.0,0.001215799999999983,0.22537925766465497,5.2505811812943605e-6,-8.103328769135549e-15,6.149740395811065e-7,6.149740395811065e-7,1.6033024472469267e-6,6.149740395811065e-7,NaN,diag_feasible_at_xpre,0,0,1,1,0,0,3,1.63202784619898e-14,1.12.6,lbt,1,1,Intel(R) Core(TM) 7 150U,NT,c8c2c51
degen-r5-m1-d1e-06-p1,100,AGD-SDAJ,1e-7*n,9.999999999999999e-6,3,16,0.0782146,0.07722219999999999,98.73118318063379,0.0,3.98e-5,0.0,0.0,0.0,0.0009526000000000044,0.22537925766465497,5.2505811812943605e-6,-8.103328769135549e-15,6.149740395811065e-7,6.149740395811065e-7,1.6033024472469267e-6,6.149740395811065e-7,NaN,diag_feasible_at_xpre,0,0,1,1,0,0,3,1.63202784619898e-14,1.12.6,lbt,1,1,Intel(R) Core(TM) 7 150U,NT,c8c2c51
degen-r5-m1-d1e-06-p1,100,Dykstra-APM,1e-7*n,9.999999999999999e-6,166,166,0.9574694,0.8133127,84.94398881050402,0.0,0.0,0.0,0.0,0.102442,0.04171470000000002,0.22533845476402797,4.262929262257472e-5,-9.166548110005323e-15,1.3643015870368203e-6,1.3643015870368203e-6,9.538664361652918e-6,1.3643015870368203e-6,NaN,diag_feasible,0,0,0,0,0,0,166,1.63202784619898e-14,1.12.6,lbt,1,1,Intel(R) Core(TM) 7 150U,NT,c8c2c51
degen-r5-m1-d1e-06-p2,100,SBB-Dual,1e-7*n,9.999999999999999e-6,75,76,0.2919075,0.28726650000000004,98.41011279257985,0.0009231,0.000164,0.0001804,0.0,0.0,0.0033734999999999508,0.2364771427006333,1.2699945955312232e-5,-9.13793256154986e-15,1.4296215411491175e-6,0.0,9.449066998996006e-6,1.4296215411491175e-6,100.0,diag_feasible,0,0,0,0,0,0,75,1.9433977573471765e-14,1.12.6,lbt,1,1,Intel(R) Core(TM) 7 150U,NT,c8c2c51
degen-r5-m1-d1e-06-p2,100,Newton-SIN-BH,1e-7*n,9.999999999999999e-6,2,3,0.0137295,0.0117899,85.8727557449288,0.0,2.08e-5,0.0,0.0015367,0.0,0.0003820999999999996,0.2364769074407163,2.24405652473119e-6,-1.02066852651301e-14,7.351463338078901e-7,7.351463338078901e-7,7.636832190728968e-7,7.351463338078901e-7,NaN,converged,9,9,0,0,0,0,2,1.9433977573471765e-14,1.12.6,lbt,1,1,Intel(R) Core(TM) 7 150U,NT,c8c2c51
degen-r5-m1-d1e-06-p2,100,Newton-SIN,1e-7*n,9.999999999999999e-6,2,5,0.0256888,0.023011800000000002,89.57911619071348,0.0,9.9e-6,0.0,0.0023648,0.0,0.00030229999999999884,0.2364769074407163,2.24405652473119e-6,-1.02066852651301e-14,7.351463338078901e-7,7.351463338078901e-7,7.636832190728968e-7,7.351463338078901e-7,NaN,converged,9,9,0,0,0,0,2,1.9433977573471765e-14,1.12.6,lbt,1,1,Intel(R) Core(TM) 7 150U,NT,c8c2c51
degen-r5-m1-d1e-06-p2,100,AGD-SDAJ-BH,1e-7*n,9.999999999999999e-6,3,27,0.1433233,0.14174130000000001,98.89620180389373,0.0,7.66e-5,0.0,0.0,0.0,0.0015053999999999723,0.23645571618349245,2.4973088833119452e-5,-8.501884348364532e-15,5.3124307153318284e-6,5.3124307153318284e-6,7.806762266220416e-6,5.3124307153318284e-6,NaN,diag_feasible,0,0,8,8,0,0,3,1.9433977573471765e-14,1.12.6,lbt,1,1,Intel(R) Core(TM) 7 150U,NT,c8c2c51
degen-r5-m1-d1e-06-p2,100,AGD-SDAJ,1e-7*n,9.999999999999999e-6,3,27,0.1122783,0.110891,98.76440950744713,0.0,7.08e-5,0.0,0.0,0.0,0.001316499999999994,0.23645571618349245,2.4973088833119452e-5,-8.501884348364532e-15,5.3124307153318284e-6,5.3124307153318284e-6,7.806762266220416e-6,5.3124307153318284e-6,NaN,diag_feasible,0,0,8,8,0,0,3,1.9433977573471765e-14,1.12.6,lbt,1,1,Intel(R) Core(TM) 7 150U,NT,c8c2c51
degen-r5-m1-d1e-06-p2,100,Dykstra-APM,1e-7*n,9.999999999999999e-6,153,153,1.1299435,0.9412826,83.30351030825878,0.0,0.0,0.0,0.0,0.1362184,0.05244250000000003,0.236439635620735,4.197958149435078e-5,-1.0709082868703847e-14,1.4755625772355785e-6,1.4755625772355785e-6,9.775161065187609e-6,1.4755625772355785e-6,NaN,diag_feasible,0,0,0,0,0,0,153,1.9433977573471765e-14,1.12.6,lbt,1,1,Intel(R) Core(TM) 7 150U,NT,c8c2c51
degen-r5-m1-d1e-06-p3,100,SBB-Dual,1e-7*n,9.999999999999999e-6,76,77,0.3972458,0.39205769999999995,98.69398241592484,0.0004601,0.000215,0.0003977,0.0,0.0,0.004115300000000029,0.23633802606048795,1.4022907335353376e-5,-8.562088278827546e-15,1.6582779716056706e-6,0.0,9.909246794411514e-6,1.6582779716056706e-6,100.0,diag_feasible,0,0,0,0,0,0,76,1.4540107379219425e-14,1.12.6,lbt,1,1,Intel(R) Core(TM) 7 150U,NT,c8c2c51
degen-r5-m1-d1e-06-p3,100,Newton-SIN-BH,1e-7*n,9.999999999999999e-6,2,3,0.0147409,0.012455099999999998,84.49348411562387,0.0,8.6e-6,0.0,0.0018725,0.0,0.0004047000000000009,0.2363375334108991,2.9369834437012274e-6,-1.2926242666782077e-14,5.000990577208597e-7,5.000990577208597e-7,8.895801475995788e-7,5.000990577208597e-7,NaN,converged,9,9,0,0,0,0,2,1.4540107379219425e-14,1.12.6,lbt,1,1,Intel(R) Core(TM) 7 150U,NT,c8c2c51
degen-r5-m1-d1e-06-p3,100,Newton-SIN,1e-7*n,9.999999999999999e-6,2,5,0.0257109,0.0234756,91.30602195955802,0.0,1.06e-5,0.0,0.0019176,0.0,0.00030709999999999917,0.2363375334108991,2.9369834437012274e-6,-1.2926242666782077e-14,5.000990577208597e-7,5.000990577208597e-7,8.895801475995788e-7,5.000990577208597e-7,NaN,converged,9,9,0,0,0,0,2,1.4540107379219425e-14,1.12.6,lbt,1,1,Intel(R) Core(TM) 7 150U,NT,c8c2c51
degen-r5-m1-d1e-06-p3,100,AGD-SDAJ-BH,1e-7*n,9.999999999999999e-6,3,25,0.1313507,0.1296761,98.72509244335964,0.0,7.22e-5,0.0,0.0,0.0,0.0016023999999999984,0.23630918122887692,3.341409597791816e-5,-1.0276096686246312e-14,3.8035929632584953e-6,3.8035929632584953e-6,9.172505323483662e-6,3.8035929632584953e-6,NaN,diag_feasible,0,0,6,6,0,0,3,1.4540107379219425e-14,1.12.6,lbt,1,1,Intel(R) Core(TM) 7 150U,NT,c8c2c51
degen-r5-m1-d1e-06-p3,100,AGD-SDAJ,1e-7*n,9.999999999999999e-6,3,25,0.1343079,0.131634,98.00912679001011,0.0,7.01e-5,0.0,0.0,0.0,0.002603800000000007,0.23630918122887692,3.341409597791816e-5,-1.0276096686246312e-14,3.8035929632584953e-6,3.8035929632584953e-6,9.172505323483662e-6,3.8035929632584953e-6,NaN,diag_feasible,0,0,6,6,0,0,3,1.4540107379219425e-14,1.12.6,lbt,1,1,Intel(R) Core(TM) 7 150U,NT,c8c2c51
degen-r5-m1-d1e-06-p3,100,Dykstra-APM,1e-7*n,9.999999999999999e-6,156,156,1.0372861,0.8852614,85.34399525839592,0.0,0.0,0.0,0.0,0.1058276,0.04619710000000002,0.23630126782586502,4.198025803753279e-5,-9.430546796645222e-15,1.6150469652753685e-6,1.6150469652753685e-6,9.672566541743035e-6,1.6150469652753685e-6,NaN,diag_feasible,0,0,0,0,0,0,156,1.4540107379219425e-14,1.12.6,lbt,1,1,Intel(R) Core(TM) 7 150U,NT,c8c2c51
degen-r5-m1-d1e-06-p4,100,SBB-Dual,1e-7*n,9.999999999999999e-6,77,78,0.4574229,0.44628239999999997,97.56450759242705,0.0006246,0.0002998,0.0007123,0.0,0.0,0.009503800000000054,0.23581756378538157,1.0726487433484157e-5,-8.419909681172076e-15,1.3008716819307153e-6,0.0,9.158073854012584e-6,1.3008716819307153e-6,100.0,diag_feasible,0,0,0,0,0,0,77,9.550793451460964e-12,1.12.6,lbt,1,1,Intel(R) Core(TM) 7 150U,NT,c8c2c51
degen-r5-m1-d1e-06-p4,100,Newton-SIN-BH,1e-7*n,9.999999999999999e-6,2,3,0.0174617,0.015365,87.99257804222957,0.0,1.01e-5,0.0,0.0016564,0.0,0.00043020000000000016,0.2358161228674958,8.263699656543847e-6,-8.178341962493539e-15,1.5696830133471451e-6,1.5696830133471451e-6,2.73595663275745e-6,1.5696830133471451e-6,NaN,converged,8,8,0,0,0,0,2,9.550793451460964e-12,1.12.6,lbt,1,1,Intel(R) Core(TM) 7 150U,NT,c8c2c51
degen-r5-m1-d1e-06-p4,100,Newton-SIN,1e-7*n,9.999999999999999e-6,2,5,0.0275101,0.0254817,92.62670800905849,0.0,1.03e-5,0.0,0.0017117,0.0,0.00030639999999999964,0.2358161228674958,8.263699656543847e-6,-8.178341962493539e-15,1.5696830133471451e-6,1.5696830133471451e-6,2.73595663275745e-6,1.5696830133471451e-6,NaN,converged,8,8,0,0,0,0,2,9.550793451460964e-12,1.12.6,lbt,1,1,Intel(R) Core(TM) 7 150U,NT,c8c2c51
degen-r5-m1-d1e-06-p4,100,AGD-SDAJ-BH,1e-7*n,9.999999999999999e-6,4,28,0.1404965,0.1386747,98.70331289391551,0.0,7.03e-5,0.0,0.0,0.0,0.0017514999999999846,0.23580132792718486,2.0698098624419033e-5,-8.541455531973052e-15,1.5013761325288755e-6,1.5013761325288755e-6,5.085149841912026e-6,1.5013761325288755e-6,NaN,diag_feasible_at_xpre,0,0,7,7,0,0,4,9.550793451460964e-12,1.12.6,lbt,1,1,Intel(R) Core(TM) 7 150U,NT,c8c2c51
degen-r5-m1-d1e-06-p4,100,AGD-SDAJ,1e-7*n,9.999999999999999e-6,4,28,0.1567198,0.1550574,98.93925336811304,0.0,8.41e-5,0.0,0.0,0.0,0.0015782999999999806,0.23580132792718486,2.0698098624419033e-5,-8.541455531973052e-15,1.5013761325288755e-6,1.5013761325288755e-6,5.085149841912026e-6,1.5013761325288755e-6,NaN,diag_feasible_at_xpre,0,0,7,7,0,0,4,9.550793451460964e-12,1.12.6,lbt,1,1,Intel(R) Core(TM) 7 150U,NT,c8c2c51
degen-r5-m1-d1e-06-p4,100,Dykstra-APM,1e-7*n,9.999999999999999e-6,156,156,1.0956504,0.916401,83.6399092265197,0.0,0.0,0.0,0.0,0.12146,0.057789400000000005,0.23577895163484636,4.337965487417631e-5,-9.024620903819302e-15,1.417026020522627e-6,1.417026020522627e-6,9.987441031007197e-6,1.417026020522627e-6,NaN,diag_feasible,0,0,0,0,0,0,156,9.550793451460964e-12,1.12.6,lbt,1,1,Intel(R) Core(TM) 7 150U,NT,c8c2c51
degen-r5-m1-d1e-08-p0,100,SBB-Dual,1e-7*n,9.999999999999999e-6,80,81,0.1265485,0.1244625,98.35162012983164,0.00022,8.26e-5,4.37e-5,0.0,0.0,0.0017397000000000046,0.2306906634817436,1.0615153467389693e-5,-9.118036605088156e-15,1.441662748069561e-6,0.0,9.921594025566499e-6,1.441662748069561e-6,100.0,diag_feasible,0,0,0,0,0,0,80,4.7038853899752045e-12,1.12.6,lbt,1,1,Intel(R) Core(TM) 7 150U,NT,c8c2c51
degen-r5-m1-d1e-08-p0,100,Newton-SIN-BH,1e-7*n,9.999999999999999e-6,3,4,0.0115674,0.009792200000000001,84.65342254957899,0.0,6.8e-6,0.0,0.0014566,0.0,0.00031179999999999945,0.2306906643435441,2.1021216254246054e-8,-1.1118118479146631e-14,1.192572263164493e-8,1.192572263164493e-8,1.198761654334319e-8,1.192572263164493e-8,NaN,converged,14,14,0,0,0,0,3,4.7038853899752045e-12,1.12.6,lbt,1,1,Intel(R) Core(TM) 7 150U,NT,c8c2c51
degen-r5-m1-d1e-08-p0,100,Newton-SIN,1e-7*n,9.999999999999999e-6,3,7,0.0179583,0.016262899999999997,90.55924001715081,0.0,8.3e-6,0.0,0.0014217,0.0,0.0002654000000000033,0.2306906643435441,2.1021216254246054e-8,-1.1118118479146631e-14,1.192572263164493e-8,1.192572263164493e-8,1.198761654334319e-8,1.192572263164493e-8,NaN,converged,14,14,0,0,0,0,3,4.7038853899752045e-12,1.12.6,lbt,1,1,Intel(R) Core(TM) 7 150U,NT,c8c2c51
degen-r5-m1-d1e-08-p0,100,AGD-SDAJ-BH,1e-7*n,9.999999999999999e-6,5,41,0.0709523,0.0701058,98.80694494752107,0.0,4.38e-5,0.0,0.0,0.0,0.0008027,0.23066191889824839,3.555188533993649e-5,-9.992056514355914e-15,3.0075691641595625e-6,3.0075691641595625e-6,8.775768770133475e-6,3.0075691641595625e-6,NaN,diag_feasible_at_xpre,0,0,14,14,0,0,5,4.7038853899752045e-12,1.12.6,lbt,1,1,Intel(R) Core(TM) 7 150U,NT,c8c2c51
degen-r5-m1-d1e-08-p0,100,AGD-SDAJ,1e-7*n,9.999999999999999e-6,5,41,0.067913,0.0660784,97.29860262394533,0.0,3.47e-5,0.0,0.0,0.0,0.0017999000000000057,0.23066191889824839,3.555188533993649e-5,-9.992056514355914e-15,3.0075691641595625e-6,3.0075691641595625e-6,8.775768770133475e-6,3.0075691641595625e-6,NaN,diag_feasible_at_xpre,0,0,14,14,0,0,5,4.7038853899752045e-12,1.12.6,lbt,1,1,Intel(R) Core(TM) 7 150U,NT,c8c2c51
degen-r5-m1-d1e-08-p0,100,Dykstra-APM,1e-7*n,9.999999999999999e-6,164,164,0.3599393,0.3125975,86.84728230565541,0.0,0.0,0.0,0.0,0.0362919,0.011049900000000043,0.23065197841006255,4.311550374592276e-5,-1.336235899685588e-14,1.4038524120962848e-6,1.4038524120962848e-6,9.672575145467127e-6,1.4038524120962848e-6,NaN,diag_feasible,0,0,0,0,0,0,164,4.7038853899752045e-12,1.12.6,lbt,1,1,Intel(R) Core(TM) 7 150U,NT,c8c2c51
degen-r5-m1-d1e-08-p1,100,SBB-Dual,1e-7*n,9.999999999999999e-6,81,82,0.1239308,0.1220348,98.47011396682664,0.000162,8.63e-5,3.74e-5,0.0,0.0,0.0016102999999999949,0.2253781184344599,9.592796828311926e-6,-1.0801691992099118e-14,1.401576783743863e-6,0.0,9.790657626299754e-6,1.401576783743863e-6,100.0,diag_feasible,0,0,0,0,0,0,81,4.9044541512868335e-12,1.12.6,lbt,1,1,Intel(R) Core(TM) 7 150U,NT,c8c2c51
degen-r5-m1-d1e-08-p1,100,Newton-SIN-BH,1e-7*n,9.999999999999999e-6,3,4,0.0113989,0.0098521,86.43026958741633,0.0,8.0e-6,0.0,0.001236,0.0,0.00030279999999999934,0.22537811891732926,1.2442919025627002e-8,-1.1276878290679142e-14,6.661871276847364e-9,6.661871276847364e-9,6.9748170628651715e-9,6.661871276847364e-9,NaN,converged,15,15,0,0,0,0,3,4.9044541512868335e-12,1.12.6,lbt,1,1,Intel(R) Core(TM) 7 150U,NT,c8c2c51
degen-r5-m1-d1e-08-p1,100,Newton-SIN,1e-7*n,9.999999999999999e-6,3,7,0.0156248,0.014087899999999999,90.16371409554041,0.0,7.9e-6,0.0,0.001323,0.0,0.0002060000000000009,0.22537811891732926,1.2442919025627002e-8,-1.1276878290679142e-14,6.661871276847364e-9,6.661871276847364e-9,6.9748170628651715e-9,6.661871276847364e-9,NaN,converged,15,15,0,0,0,0,3,4.9044541512868335e-12,1.12.6,lbt,1,1,Intel(R) Core(TM) 7 150U,NT,c8c2c51
degen-r5-m1-d1e-08-p1,100,AGD-SDAJ-BH,1e-7*n,9.999999999999999e-6,3,16,0.0328127,0.0320742,97.74934705159892,0.0,2.3e-5,0.0,0.0,0.0,0.000715500000000003,0.22537969939697283,7.370219932274906e-6,-8.330489581057313e-15,1.1608970075238645e-6,1.1608970075238645e-6,2.1130523569175977e-6,1.1608970075238645e-6,NaN,diag_feasible_at_xpre,0,0,1,1,0,0,3,4.9044541512868335e-12,1.12.6,lbt,1,1,Intel(R) Core(TM) 7 150U,NT,c8c2c51
degen-r5-m1-d1e-08-p1,100,AGD-SDAJ,1e-7*n,9.999999999999999e-6,3,16,0.0270775,0.026666,98.48028806204412,0.0,1.7e-5,0.0,0.0,0.0,0.00039450000000000216,0.22537969939697283,7.370219932274906e-6,-8.330489581057313e-15,1.1608970075238645e-6,1.1608970075238645e-6,2.1130523569175977e-6,1.1608970075238645e-6,NaN,diag_feasible_at_xpre,0,0,1,1,0,0,3,4.9044541512868335e-12,1.12.6,lbt,1,1,Intel(R) Core(TM) 7 150U,NT,c8c2c51
degen-r5-m1-d1e-08-p1,100,Dykstra-APM,1e-7*n,9.999999999999999e-6,166,166,0.3877126,0.3146053,81.1439452831814,0.0,0.0,0.0,0.0,0.0578532,0.015254100000000041,0.22533862285574102,4.2627411035682965e-5,-8.858194341570216e-15,1.3642995411178305e-6,1.3642995411178305e-6,9.538646414200627e-6,1.3642995411178305e-6,NaN,diag_feasible,0,0,0,0,0,0,166,4.9044541512868335e-12,1.12.6,lbt,1,1,Intel(R) Core(TM) 7 150U,NT,c8c2c51
degen-r5-m1-d1e-08-p2,100,SBB-Dual,1e-7*n,9.999999999999999e-6,75,76,0.1018438,0.1005035,98.6839650523645,8.44e-5,5.41e-5,4.64e-5,0.0,0.0,0.0011554000000000024,0.23647751713950077,1.3306187281712854e-5,-7.578469966541558e-15,1.429609738812232e-6,0.0,9.448978971815509e-6,1.429609738812232e-6,100.0,diag_feasible,0,0,0,0,0,0,75,1.0094485734379705e-14,1.12.6,lbt,1,1,Intel(R) Core(TM) 7 150U,NT,c8c2c51
degen-r5-m1-d1e-08-p2,100,Newton-SIN-BH,1e-7*n,9.999999999999999e-6,2,3,0.0095322,0.0078741,82.60527475294266,0.0,7.7e-6,0.0,0.0013685,0.0,0.0002818999999999992,0.23647690737985907,2.547259286096189e-6,-1.1687179642034693e-14,9.167300702994652e-7,9.167300702994652e-7,9.551144277878098e-7,9.167300702994652e-7,NaN,converged,9,9,0,0,0,0,2,1.0094485734379705e-14,1.12.6,lbt,1,1,Intel(R) Core(TM) 7 150U,NT,c8c2c51
degen-r5-m1-d1e-08-p2,100,Newton-SIN,1e-7*n,9.999999999999999e-6,2,5,0.0133329,0.0124274,93.2085292772015,0.0,4.5e-6,0.0,0.0007446,0.0,0.00015640000000000012,0.23647690737985907,2.547259286096189e-6,-1.1687179642034693e-14,9.167300702994652e-7,9.167300702994652e-7,9.551144277878098e-7,9.167300702994652e-7,NaN,converged,9,9,0,0,0,0,2,1.0094485734379705e-14,1.12.6,lbt,1,1,Intel(R) Core(TM) 7 150U,NT,c8c2c51
degen-r5-m1-d1e-08-p2,100,AGD-SDAJ-BH,1e-7*n,9.999999999999999e-6,3,27,0.0430985,0.042556000000000004,98.74125549613096,0.0,2.27e-5,0.0,0.0,0.0,0.0005197999999999944,0.23645585832886498,2.5262811333297786e-5,-8.772458320289499e-15,5.404651590268372e-6,5.404651590268372e-6,7.921800024380265e-6,5.404651590268372e-6,NaN,diag_feasible,0,0,8,8,0,0,3,1.0094485734379705e-14,1.12.6,lbt,1,1,Intel(R) Core(TM) 7 150U,NT,c8c2c51
degen-r5-m1-d1e-08-p2,100,AGD-SDAJ,1e-7*n,9.999999999999999e-6,3,27,0.0528283,0.052085400000000004,98.59374615499647,0.0,3.24e-5,0.0,0.0,0.0,0.0007104999999999977,0.23645585832886498,2.5262811333297786e-5,-8.772458320289499e-15,5.404651590268372e-6,5.404651590268372e-6,7.921800024380265e-6,5.404651590268372e-6,NaN,diag_feasible,0,0,8,8,0,0,3,1.0094485734379705e-14,1.12.6,lbt,1,1,Intel(R) Core(TM) 7 150U,NT,c8c2c51
degen-r5-m1-d1e-08-p2,100,Dykstra-APM,1e-7*n,9.999999999999999e-6,153,153,0.2922654,0.2506242,85.75226489348381,0.0,0.0,0.0,0.0,0.0335331,0.008108099999999986,0.2364400104068972,4.197140064759087e-5,-8.413705892355661e-15,1.4755509099018127e-6,1.4755509099018127e-6,9.775073654684682e-6,1.4755509099018127e-6,NaN,diag_feasible,0,0,0,0,0,0,153,1.0094485734379705e-14,1.12.6,lbt,1,1,Intel(R) Core(TM) 7 150U,NT,c8c2c51
degen-r5-m1-d1e-08-p3,100,SBB-Dual,1e-7*n,9.999999999999999e-6,76,77,0.1214249,0.1196717,98.55614457990083,0.0001635,6.98e-5,3.76e-5,0.0,0.0,0.0014822999999999963,0.2363383977773858,1.4501709346598167e-5,-1.1274752099109846e-14,1.6582680062438016e-6,0.0,9.90916076725051e-6,1.6582680062438016e-6,100.0,diag_feasible,0,0,0,0,0,0,76,1.577571835592868e-14,1.12.6,lbt,1,1,Intel(R) Core(TM) 7 150U,NT,c8c2c51
degen-r5-m1-d1e-08-p3,100,Newton-SIN-BH,1e-7*n,9.999999999999999e-6,2,3,0.0067912,0.0058492,86.12910825774532,0.0,4.8e-6,0.0,0.000731,0.0,0.00020620000000000013,0.2363376145588792,3.0372417446437913e-6,-8.116771176067248e-15,5.001483385225214e-7,5.001483385225214e-7,9.514880376377642e-7,5.001483385225214e-7,NaN,converged,9,9,0,0,0,0,2,1.577571835592868e-14,1.12.6,lbt,1,1,Intel(R) Core(TM) 7 150U,NT,c8c2c51
degen-r5-m1-d1e-08-p3,100,Newton-SIN,1e-7*n,9.999999999999999e-6,2,5,0.0106585,0.0094499,88.66069334334101,0.0,5.6e-6,0.0,0.0010242,0.0,0.00017879999999999893,0.2363376145588792,3.0372417446437913e-6,-8.116771176067248e-15,5.001483385225214e-7,5.001483385225214e-7,9.514880376377642e-7,5.001483385225214e-7,NaN,converged,9,9,0,0,0,0,2,1.577571835592868e-14,1.12.6,lbt,1,1,Intel(R) Core(TM) 7 150U,NT,c8c2c51
degen-r5-m1-d1e-08-p3,100,AGD-SDAJ-BH,1e-7*n,9.999999999999999e-6,3,25,0.0501504,0.0494215,98.54657191168964,0.0,3.34e-5,0.0,0.0,0.0,0.0006954999999999976,0.23630895668742416,3.406754503395498e-5,-8.61167401599529e-15,3.918926286816671e-6,3.918926286816671e-6,9.369572349348066e-6,3.918926286816671e-6,NaN,diag_feasible,0,0,6,6,0,0,3,1.577571835592868e-14,1.12.6,lbt,1,1,Intel(R) Core(TM) 7 150U,NT,c8c2c51
degen-r5-m1-d1e-08-p3,100,AGD-SDAJ,1e-7*n,9.999999999999999e-6,3,25,0.0455546,0.0449414,98.65392298472601,0.0,3.07e-5,0.0,0.0,0.0,0.0005825000000000012,0.23630895668742416,3.406754503395498e-5,-8.61167401599529e-15,3.918926286816671e-6,3.918926286816671e-6,9.369572349348066e-6,3.918926286816671e-6,NaN,diag_feasible,0,0,6,6,0,0,3,1.577571835592868e-14,1.12.6,lbt,1,1,Intel(R) Core(TM) 7 150U,NT,c8c2c51
degen-r5-m1-d1e-08-p3,100,Dykstra-APM,1e-7*n,9.999999999999999e-6,156,156,0.3159943,0.2694082,85.25729736264229,0.0,0.0,0.0,0.0,0.0379444,0.008641700000000016,0.23630163986436414,4.197291444322725e-5,-1.14535420779901e-14,1.6150376411783185e-6,1.6150376411783185e-6,9.672485062554262e-6,1.6150376411783185e-6,NaN,diag_feasible,0,0,0,0,0,0,156,1.577571835592868e-14,1.12.6,lbt,1,1,Intel(R) Core(TM) 7 150U,NT,c8c2c51
degen-r5-m1-d1e-08-p4,100,SBB-Dual,1e-7*n,9.999999999999999e-6,77,78,0.1303007,0.12837980000000002,98.525794565954,0.0001496,8.81e-5,3.72e-5,0.0,0.0,0.0016459999999999754,0.23581792642490457,1.1258726994177457e-5,-7.417426841582906e-15,1.3008643648948492e-6,0.0,9.158010264705404e-6,1.3008643648948492e-6,100.0,diag_feasible,0,0,0,0,0,0,77,1.5861819724070956e-14,1.12.6,lbt,1,1,Intel(R) Core(TM) 7 150U,NT,c8c2c51
degen-r5-m1-d1e-08-p4,100,Newton-SIN-BH,1e-7*n,9.999999999999999e-6,2,3,0.009453,0.008499,89.90796572516662,0.0,5.9e-6,0.0,0.000703,0.0,0.00024510000000000005,0.23581612265736474,8.446367373791846e-6,-8.399860282263252e-15,1.5665158263900025e-6,1.5665158263900025e-6,2.8499594845885094e-6,1.5665158263900025e-6,NaN,converged,8,8,0,0,0,0,2,1.5861819724070956e-14,1.12.6,lbt,1,1,Intel(R) Core(TM) 7 150U,NT,c8c2c51
degen-r5-m1-d1e-08-p4,100,Newton-SIN,1e-7*n,9.999999999999999e-6,2,5,0.0103281,0.0094999,91.98110010553732,0.0,4.7e-6,0.0,0.0006873,0.0,0.00013619999999999952,0.23581612265736474,8.446367373791846e-6,-8.399860282263252e-15,1.5665158263900025e-6,1.5665158263900025e-6,2.8499594845885094e-6,1.5665158263900025e-6,NaN,converged,8,8,0,0,0,0,2,1.5861819724070956e-14,1.12.6,lbt,1,1,Intel(R) Core(TM) 7 150U,NT,c8c2c51
degen-r5-m1-d1e-08-p4,100,AGD-SDAJ-BH,1e-7*n,9.999999999999999e-6,4,28,0.042468,0.0418911,98.64156541395876,0.0,2.46e-5,0.0,0.0,0.0,0.0005522999999999982,0.23580184708325877,2.0760014074467565e-5,-9.974788886972114e-15,1.6198135249778645e-6,1.6198135249778645e-6,5.1451396649983545e-6,1.6198135249778645e-6,NaN,diag_feasible_at_xpre,0,0,7,7,0,0,4,1.5861819724070956e-14,1.12.6,lbt,1,1,Intel(R) Core(TM) 7 150U,NT,c8c2c51
degen-r5-m1-d1e-08-p4,100,AGD-SDAJ,1e-7*n,9.999999999999999e-6,4,28,0.0604816,0.0596905,98.69199888891828,0.0,3.98e-5,0.0,0.0,0.0,0.0007513000000000029,0.23580184708325877,2.0760014074467565e-5,-9.974788886972114e-15,1.6198135249778645e-6,1.6198135249778645e-6,5.1451396649983545e-6,1.6198135249778645e-6,NaN,diag_feasible_at_xpre,0,0,7,7,0,0,4,1.5861819724070956e-14,1.12.6,lbt,1,1,Intel(R) Core(TM) 7 150U,NT,c8c2c51
degen-r5-m1-d1e-08-p4,100,Dykstra-APM,1e-7*n,9.999999999999999e-6,156,156,0.3502162,0.2974998,84.94746959164083,0.0,0.0,0.0,0.0,0.0425733,0.010143099999999995,0.23577931455920229,4.3372850610269616e-5,-8.488667437053529e-15,1.4170185127504453e-6,1.4170185127504453e-6,9.987374977396186e-6,1.4170185127504453e-6,NaN,diag_feasible,0,0,0,0,0,0,156,1.5861819724070956e-14,1.12.6,lbt,1,1,Intel(R) Core(TM) 7 150U,NT,c8c2c51
degen-r5-m1-d1e-10-p0,100,SBB-Dual,1e-7*n,9.999999999999999e-6,80,81,0.1193121,0.11769510000000001,98.64473091999889,0.0001022,6.3e-5,4.26e-5,0.0,0.0,0.0014091999999999935,0.23069066616412667,1.0617484235959892e-5,-8.239151832297696e-15,1.4416626554769607e-6,0.0,9.921593329870323e-6,1.4416626554769607e-6,100.0,diag_feasible,0,0,0,0,0,0,80,1.7941791881939636e-12,1.12.6,lbt,1,1,Intel(R) Core(TM) 7 150U,NT,c8c2c51
degen-r5-m1-d1e-10-p0,100,Newton-SIN-BH,1e-7*n,9.999999999999999e-6,3,4,0.0099712,0.0085856,86.10397946084726,0.0,6.9e-6,0.0,0.0011257,0.0,0.0002529999999999989,0.23069066702047397,2.0478499239157185e-8,-1.1078586171164591e-14,1.1931046151048008e-8,1.1931046151048008e-8,1.199286961072141e-8,1.1931046151048008e-8,NaN,converged,14,14,0,0,0,0,3,1.7941791881939636e-12,1.12.6,lbt,1,1,Intel(R) Core(TM) 7 150U,NT,c8c2c51
degen-r5-m1-d1e-10-p0,100,Newton-SIN,1e-7*n,9.999999999999999e-6,3,7,0.0152097,0.0139233,91.54223949190319,0.0,6.4e-6,0.0,0.0011049,0.0,0.00017510000000000008,0.23069066702047397,2.0478499239157185e-8,-1.1078586171164591e-14,1.1931046151048008e-8,1.1931046151048008e-8,1.199286961072141e-8,1.1931046151048008e-8,NaN,converged,14,14,0,0,0,0,3,1.7941791881939636e-12,1.12.6,lbt,1,1,Intel(R) Core(TM) 7 150U,NT,c8c2c51
degen-r5-m1-d1e-10-p0,100,AGD-SDAJ-BH,1e-7*n,9.999999999999999e-6,5,41,0.0662259,0.0653923,98.74127795922742,0.0,3.7e-5,0.0,0.0,0.0,0.0007966000000000038,0.23066188290387107,3.5601361671290674e-5,-1.0878033964149368e-14,3.0084577231637155e-6,3.0084577231637155e-6,8.788422008330454e-6,3.0084577231637155e-6,NaN,diag_feasible_at_xpre,0,0,14,14,0,0,5,1.7941791881939636e-12,1.12.6,lbt,1,1,Intel(R) Core(TM) 7 150U,NT,c8c2c51
degen-r5-m1-d1e-10-p0,100,AGD-SDAJ,1e-7*n,9.999999999999999e-6,5,41,0.0720621,0.0711586,98.74622027390265,0.0,3.86e-5,0.0,0.0,0.0,0.0008649000000000016,0.23066188290387107,3.5601361671290674e-5,-1.0878033964149368e-14,3.0084577231637155e-6,3.0084577231637155e-6,8.788422008330454e-6,3.0084577231637155e-6,NaN,diag_feasible_at_xpre,0,0,14,14,0,0,5,1.7941791881939636e-12,1.12.6,lbt,1,1,Intel(R) Core(TM) 7 150U,NT,c8c2c51
degen-r5-m1-d1e-10-p0,100,Dykstra-APM,1e-7*n,9.999999999999999e-6,164,164,0.332435,0.2843834,85.5455652984794,0.0,0.0,0.0,0.0,0.0391979,0.008853699999999971,0.23065198109544857,4.311551122166831e-5,-9.76239604235147e-15,1.4038523250547996e-6,1.4038523250547996e-6,9.672574489401622e-6,1.4038523250547996e-6,NaN,diag_feasible,0,0,0,0,0,0,164,1.7941791881939636e-12,1.12.6,lbt,1,1,Intel(R) Core(TM) 7 150U,NT,c8c2c51
degen-r5-m1-d1e-10-p1,100,SBB-Dual,1e-7*n,9.999999999999999e-6,81,82,0.1138944,0.1123236,98.62082771409305,9.92e-5,6.5e-5,3.96e-5,0.0,0.0,0.001367000000000011,0.2253781201143918,9.594314923995109e-6,-9.601796459358045e-15,1.4015767644259824e-6,0.0,9.790657433987122e-6,1.4015767644259824e-6,100.0,diag_feasible,0,0,0,0,0,0,81,1.1429367240750554e-14,1.12.6,lbt,1,1,Intel(R) Core(TM) 7 150U,NT,c8c2c51
degen-r5-m1-d1e-10-p1,100,Newton-SIN-BH,1e-7*n,9.999999999999999e-6,3,4,0.0148464,0.0127286,85.73526242051945,0.0,8.2e-6,0.0,0.001758,0.0,0.00035159999999999966,0.22537812059793172,1.1846278579191825e-8,-9.408779117118899e-15,6.6650631680431616e-9,6.6650631680431616e-9,6.978062088097167e-9,6.6650631680431616e-9,NaN,converged,15,15,0,0,0,0,3,1.1429367240750554e-14,1.12.6,lbt,1,1,Intel(R) Core(TM) 7 150U,NT,c8c2c51
degen-r5-m1-d1e-10-p1,100,Newton-SIN,1e-7*n,9.999999999999999e-6,3,7,0.0127038,0.0115478,90.90036052204853,0.0,6.2e-6,0.0,0.0009863,0.0,0.00016349999999999893,0.22537812059793172,1.1846278579191825e-8,-9.408779117118899e-15,6.6650631680431616e-9,6.6650631680431616e-9,6.978062088097167e-9,6.6650631680431616e-9,NaN,converged,15,15,0,0,0,0,3,1.1429367240750554e-14,1.12.6,lbt,1,1,Intel(R) Core(TM) 7 150U,NT,c8c2c51
degen-r5-m1-d1e-10-p1,100,AGD-SDAJ-BH,1e-7*n,9.999999999999999e-6,3,16,0.034427,0.0338626,98.36058907253029,0.0,2.86e-5,0.0,0.0,0.0,0.0005357999999999996,0.22537970469505245,7.402743534543878e-6,-7.841205661462367e-15,1.1649243717437585e-6,1.1649243717437585e-6,2.1217826183677724e-6,1.1649243717437585e-6,NaN,diag_feasible_at_xpre,0,0,1,1,0,0,3,1.1429367240750554e-14,1.12.6,lbt,1,1,Intel(R) Core(TM) 7 150U,NT,c8c2c51
degen-r5-m1-d1e-10-p1,100,AGD-SDAJ,1e-7*n,9.999999999999999e-6,3,16,0.0238994,0.0235604,98.58155434864472,0.0,1.55e-5,0.0,0.0,0.0,0.0003235000000000025,0.22537970469505245,7.402743534543878e-6,-7.841205661462367e-15,1.1649243717437585e-6,1.1649243717437585e-6,2.1217826183677724e-6,1.1649243717437585e-6,NaN,diag_feasible_at_xpre,0,0,1,1,0,0,3,1.1429367240750554e-14,1.12.6,lbt,1,1,Intel(R) Core(TM) 7 150U,NT,c8c2c51
degen-r5-m1-d1e-10-p1,100,Dykstra-APM,1e-7*n,9.999999999999999e-6,166,166,0.341563,0.2791332,81.72231769834555,0.0,0.0,0.0,0.0,0.0514833,0.010946499999999977,0.22533862453669712,4.26274311082254e-5,-1.1874597139977022e-14,1.3642995186913254e-6,1.3642995186913254e-6,9.538646226431593e-6,1.3642995186913254e-6,NaN,diag_feasible,0,0,0,0,0,0,166,1.1429367240750554e-14,1.12.6,lbt,1,1,Intel(R) Core(TM) 7 150U,NT,c8c2c51
degen-r5-m1-d1e-10-p2,100,SBB-Dual,1e-7*n,9.999999999999999e-6,75,76,0.1165207,0.1149377,98.6414431083919,0.000103,6.16e-5,3.87e-5,0.0,0.0,0.001379700000000001,0.2364775208838933,1.3312336056150263e-5,-8.629850877602796e-15,1.4296096211285914e-6,0.0,9.448978097284894e-6,1.4296096211285914e-6,100.0,diag_feasible,0,0,0,0,0,0,75,1.177726342792812e-14,1.12.6,lbt,1,1,Intel(R) Core(TM) 7 150U,NT,c8c2c51
degen-r5-m1-d1e-10-p2,100,Newton-SIN-BH,1e-7*n,9.999999999999999e-6,2,3,0.0071713,0.0062347,86.93960648696888,0.0,5.0e-6,0.0,0.0007195,0.0,0.00021210000000000011,0.23647690737927327,2.5520499846320665e-6,-9.757061636931877e-15,9.185459124427808e-7,9.185459124427808e-7,9.571207685816036e-7,9.185459124427808e-7,NaN,converged,9,9,0,0,0,0,2,1.177726342792812e-14,1.12.6,lbt,1,1,Intel(R) Core(TM) 7 150U,NT,c8c2c51
degen-r5-m1-d1e-10-p2,100,Newton-SIN,1e-7*n,9.999999999999999e-6,2,5,0.011644,0.0107582,92.39264857437307,0.0,5.3e-6,0.0,0.000737,0.0,0.0001434999999999991,0.23647690737927327,2.5520499846320665e-6,-9.757061636931877e-15,9.185459124427808e-7,9.185459124427808e-7,9.571207685816036e-7,9.185459124427808e-7,NaN,converged,9,9,0,0,0,0,2,1.177726342792812e-14,1.12.6,lbt,1,1,Intel(R) Core(TM) 7 150U,NT,c8c2c51
degen-r5-m1-d1e-10-p2,100,AGD-SDAJ-BH,1e-7*n,9.999999999999999e-6,3,27,0.0532592,0.0526139,98.7883783459008,0.0,2.65e-5,0.0,0.0,0.0,0.0006188000000000014,0.23645585978437025,2.5265802445425726e-5,-7.916189010312913e-15,5.4055708129663316e-6,5.4055708129663316e-6,7.92294428061861e-6,5.4055708129663316e-6,NaN,diag_feasible,0,0,8,8,0,0,3,1.177726342792812e-14,1.12.6,lbt,1,1,Intel(R) Core(TM) 7 150U,NT,c8c2c51
degen-r5-m1-d1e-10-p2,100,AGD-SDAJ,1e-7*n,9.999999999999999e-6,3,27,0.0503095,0.049697700000000004,98.78392748884407,0.0,2.39e-5,0.0,0.0,0.0,0.0005878999999999957,0.23645585978437025,2.5265802445425726e-5,-7.916189010312913e-15,5.4055708129663316e-6,5.4055708129663316e-6,7.92294428061861e-6,5.4055708129663316e-6,NaN,diag_feasible,0,0,8,8,0,0,3,1.177726342792812e-14,1.12.6,lbt,1,1,Intel(R) Core(TM) 7 150U,NT,c8c2c51
degen-r5-m1-d1e-10-p2,100,Dykstra-APM,1e-7*n,9.999999999999999e-6,153,153,0.3171738,0.27167,85.65335472223747,0.0,0.0,0.0,0.0,0.0365547,0.00894909999999998,0.23644001415475008,4.197139045807763e-5,-1.0107959671189063e-14,1.475550793994529e-6,1.475550793994529e-6,9.775072784576106e-6,1.475550793994529e-6,NaN,diag_feasible,0,0,0,0,0,0,153,1.177726342792812e-14,1.12.6,lbt,1,1,Intel(R) Core(TM) 7 150U,NT,c8c2c51
degen-r5-m1-d1e-10-p3,100,SBB-Dual,1e-7*n,9.999999999999999e-6,76,77,0.2208767,0.21717109999999998,98.32232191082173,0.0004347,0.0001563,0.00022,0.0,0.0,0.002894600000000031,0.23633840149455998,1.4506602610187043e-5,-1.1062778769601198e-14,1.6582679074339524e-6,0.0,9.909159906301958e-6,1.6582679074339524e-6,100.0,diag_feasible,0,0,0,0,0,0,76,1.3079916239021063e-14,1.12.6,lbt,1,1,Intel(R) Core(TM) 7 150U,NT,c8c2c51
degen-r5-m1-d1e-10-p3,100,Newton-SIN-BH,1e-7*n,9.999999999999999e-6,2,3,0.0182996,0.0158104,86.39751688561498,0.0,1.06e-5,0.0,0.0019663,0.0,0.0005123000000000007,0.23633761455755234,3.0397797766802865e-6,-1.1465613847208538e-14,5.001490037681577e-7,5.001490037681577e-7,9.525191348852209e-7,5.001490037681577e-7,NaN,converged,9,9,0,0,0,0,2,1.3079916239021063e-14,1.12.6,lbt,1,1,Intel(R) Core(TM) 7 150U,NT,c8c2c51
degen-r5-m1-d1e-10-p3,100,Newton-SIN,1e-7*n,9.999999999999999e-6,2,5,0.0270938,0.024087,88.90225808118463,0.0,1.07e-5,0.0,0.0026064,0.0,0.0003897000000000002,0.23633761455755234,3.0397797766802865e-6,-1.1465613847208538e-14,5.001490037681577e-7,5.001490037681577e-7,9.525191348852209e-7,5.001490037681577e-7,NaN,converged,9,9,0,0,0,0,2,1.3079916239021063e-14,1.12.6,lbt,1,1,Intel(R) Core(TM) 7 150U,NT,c8c2c51
degen-r5-m1-d1e-10-p3,100,AGD-SDAJ-BH,1e-7*n,9.999999999999999e-6,3,25,0.1303742,0.12895109999999999,98.90844967792707,0.0,6.16e-5,0.0,0.0,0.0,0.0013615000000000105,0.23630895417271175,3.407443815363307e-5,-1.2188131454661463e-14,3.920139423296831e-6,3.920139423296831e-6,9.371629246949438e-6,3.920139423296831e-6,NaN,diag_feasible,0,0,6,6,0,0,3,1.3079916239021063e-14,1.12.6,lbt,1,1,Intel(R) Core(TM) 7 150U,NT,c8c2c51
degen-r5-m1-d1e-10-p3,100,AGD-SDAJ,1e-7*n,9.999999999999999e-6,3,25,0.1324565,0.1310448,98.93421613888331,0.0,6.47e-5,0.0,0.0,0.0,0.0013470000000000157,0.23630895417271175,3.407443815363307e-5,-1.2188131454661463e-14,3.920139423296831e-6,3.920139423296831e-6,9.371629246949438e-6,3.920139423296831e-6,NaN,diag_feasible,0,0,6,6,0,0,3,1.3079916239021063e-14,1.12.6,lbt,1,1,Intel(R) Core(TM) 7 150U,NT,c8c2c51
degen-r5-m1-d1e-10-p3,100,Dykstra-APM,1e-7*n,9.999999999999999e-6,156,156,1.0232946,0.883517,86.34043412327202,0.0,0.0,0.0,0.0,0.0970126,0.04276500000000005,0.23630164358476055,4.1972904943788874e-5,-8.160181277566366e-15,1.615037548141629e-6,1.615037548141629e-6,9.672484246494086e-6,1.615037548141629e-6,NaN,diag_feasible,0,0,0,0,0,0,156,1.3079916239021063e-14,1.12.6,lbt,1,1,Intel(R) Core(TM) 7 150U,NT,c8c2c51
degen-r5-m1-d1e-10-p4,100,SBB-Dual,1e-7*n,9.999999999999999e-6,77,78,0.3951373,0.3898027,98.64993762927467,0.0005153,0.0002062,0.0002223,0.0,0.0,0.004390800000000023,0.23581793005130483,1.1264148260634326e-5,-7.107192949930733e-15,1.3008642905099066e-6,0.0,9.15800962361524e-6,1.3008642905099066e-6,100.0,diag_feasible,0,0,0,0,0,0,77,2.0344363599201267e-14,1.12.6,lbt,1,1,Intel(R) Core(TM) 7 150U,NT,c8c2c51
degen-r5-m1-d1e-10-p4,100,Newton-SIN-BH,1e-7*n,9.999999999999999e-6,2,3,0.0181388,0.0151751,83.66099190685162,0.0,9.4e-6,0.0,0.0024662,0.0,0.00048809999999999956,0.23581612265525498,8.448760190712789e-6,-9.951038804275223e-15,1.5664841581664035e-6,1.5664841581664035e-6,2.851224699159937e-6,1.5664841581664035e-6,NaN,converged,8,8,0,0,0,0,2,2.0344363599201267e-14,1.12.6,lbt,1,1,Intel(R) Core(TM) 7 150U,NT,c8c2c51
degen-r5-m1-d1e-10-p4,100,Newton-SIN,1e-7*n,9.999999999999999e-6,2,5,0.0159202,0.0146833,92.23062524340146,0.0,7.4e-6,0.0,0.0010043,0.0,0.00022519999999999897,0.23581612265525498,8.448760190712789e-6,-9.951038804275223e-15,1.5664841581664035e-6,1.5664841581664035e-6,2.851224699159937e-6,1.5664841581664035e-6,NaN,converged,8,8,0,0,0,0,2,2.0344363599201267e-14,1.12.6,lbt,1,1,Intel(R) Core(TM) 7 150U,NT,c8c2c51
degen-r5-m1-d1e-10-p4,100,AGD-SDAJ-BH,1e-7*n,9.999999999999999e-6,4,28,0.1466205,0.1449559,98.86468808931903,0.0,7.55e-5,0.0,0.0,0.0,0.0015890999999999883,0.23580185222274253,2.076066967852673e-5,-9.13648941663344e-15,1.6209633298958082e-6,1.6209633298958082e-6,5.145737959989732e-6,1.6209633298958082e-6,NaN,diag_feasible_at_xpre,0,0,7,7,0,0,4,2.0344363599201267e-14,1.12.6,lbt,1,1,Intel(R) Core(TM) 7 150U,NT,c8c2c51
degen-r5-m1-d1e-10-p4,100,AGD-SDAJ,1e-7*n,9.999999999999999e-6,4,28,0.1521037,0.1503583,98.8524933975965,0.0,8.09e-5,0.0,0.0,0.0,0.001664500000000008,0.23580185222274253,2.076066967852673e-5,-9.13648941663344e-15,1.6209633298958082e-6,1.6209633298958082e-6,5.145737959989732e-6,1.6209633298958082e-6,NaN,diag_feasible_at_xpre,0,0,7,7,0,0,4,2.0344363599201267e-14,1.12.6,lbt,1,1,Intel(R) Core(TM) 7 150U,NT,c8c2c51
degen-r5-m1-d1e-10-p4,100,Dykstra-APM,1e-7*n,9.999999999999999e-6,156,156,1.0262658,0.892183,86.93488567971377,0.0,0.0,0.0,0.0,0.0921871,0.04189570000000006,0.23577931818847528,4.337284077936565e-5,-8.525900030844727e-15,1.4170184372552797e-6,1.4170184372552797e-6,9.987374311659922e-6,1.4170184372552797e-6,NaN,diag_feasible,0,0,0,0,0,0,156,2.0344363599201267e-14,1.12.6,lbt,1,1,Intel(R) Core(TM) 7 150U,NT,c8c2c51
degen-r5-m1-d0-p0,100,SBB-Dual,1e-7*n,9.999999999999999e-6,80,81,0.3575357,0.35199840000000004,98.45125955254258,0.0004747,0.0002001,0.0002394,0.0,0.0,0.004623099999999968,0.23069066619122106,1.0617506990080306e-5,-8.546932721929572e-15,1.4416626548108269e-6,0.0,9.921593321396353e-6,1.4416626548108269e-6,100.0,diag_feasible,0,0,0,0,0,0,80,1.2372388349377356e-14,1.12.6,lbt,1,1,Intel(R) Core(TM) 7 150U,NT,c8c2c51
degen-r5-m1-d0-p0,100,Newton-SIN-BH,1e-7*n,9.999999999999999e-6,3,4,0.0239265,0.020321,84.93093431968737,0.0,1.26e-5,0.0,0.0030498,0.0,0.0005431000000000008,0.23069066704751773,2.0476476742372796e-8,-1.1428087877203163e-14,1.193109855357477e-8,1.193109855357477e-8,1.1992921051308478e-8,1.193109855357477e-8,NaN,converged,14,14,0,0,0,0,3,1.2372388349377356e-14,1.12.6,lbt,1,1,Intel(R) Core(TM) 7 150U,NT,c8c2c51
degen-r5-m1-d0-p0,100,Newton-SIN,1e-7*n,9.999999999999999e-6,3,7,0.0372772,0.0338455,90.7941047074351,0.0,1.2e-5,0.0,0.0030309,0.0,0.00038880000000000295,0.23069066704751773,2.0476476742372796e-8,-1.1428087877203163e-14,1.193109855357477e-8,1.193109855357477e-8,1.1992921051308478e-8,1.193109855357477e-8,NaN,converged,14,14,0,0,0,0,3,1.2372388349377356e-14,1.12.6,lbt,1,1,Intel(R) Core(TM) 7 150U,NT,c8c2c51
degen-r5-m1-d0-p0,100,AGD-SDAJ-BH,1e-7*n,9.999999999999999e-6,5,41,0.2165963,0.2140506,98.82467983063424,0.0,0.0001088,0.0,0.0,0.0,0.002436899999999984,0.230661882503325,3.560191502497328e-5,-8.396655918208617e-15,3.008467106102586e-6,3.008467106102586e-6,8.788561564972086e-6,3.008467106102586e-6,NaN,diag_feasible_at_xpre,0,0,14,14,0,0,5,1.2372388349377356e-14,1.12.6,lbt,1,1,Intel(R) Core(TM) 7 150U,NT,c8c2c51
degen-r5-m1-d0-p0,100,AGD-SDAJ,1e-7*n,9.999999999999999e-6,5,41,0.2191144,0.21649680000000002,98.80537290109642,0.0,0.0001046,0.0,0.0,0.0,0.00251299999999997,0.230661882503325,3.560191502497328e-5,-8.396655918208617e-15,3.008467106102586e-6,3.008467106102586e-6,8.788561564972086e-6,3.008467106102586e-6,NaN,diag_feasible_at_xpre,0,0,14,14,0,0,5,1.2372388349377356e-14,1.12.6,lbt,1,1,Intel(R) Core(TM) 7 150U,NT,c8c2c51
degen-r5-m1-d0-p0,100,Dykstra-APM,1e-7*n,9.999999999999999e-6,164,164,1.0325687,0.8931314,86.49607527324818,0.0,0.0,0.0,0.0,0.0922977,0.04713959999999988,0.2306519811225642,4.311551912161193e-5,-8.94286751325049e-15,1.4038523241666212e-6,1.4038523241666212e-6,9.672574485643488e-6,1.4038523241666212e-6,NaN,diag_feasible,0,0,0,0,0,0,164,1.2372388349377356e-14,1.12.6,lbt,1,1,Intel(R) Core(TM) 7 150U,NT,c8c2c51
degen-r5-m1-d0-p1,100,SBB-Dual,1e-7*n,9.999999999999999e-6,81,82,0.4130316,0.4079422,98.76779403803485,0.0005364,0.000223,0.0002273,0.0,0.0,0.004102700000000022,0.22537812013136188,9.594330271939866e-6,-9.746127850119168e-15,1.401576763537804e-6,0.0,9.790657433651421e-6,1.401576763537804e-6,100.0,diag_feasible,0,0,0,0,0,0,81,9.743432637561115e-15,1.12.6,lbt,1,1,Intel(R) Core(TM) 7 150U,NT,c8c2c51
degen-r5-m1-d0-p1,100,Newton-SIN-BH,1e-7*n,9.999999999999999e-6,3,4,0.0294992,0.0257443,87.27118023539622,0.0,1.33e-5,0.0,0.0031819,0.0,0.0005596999999999985,0.22537812061495288,1.1846271710796596e-8,-8.371935511539901e-15,6.665094476332456e-9,6.665094476332456e-9,6.978093845766951e-9,6.665094476332456e-9,NaN,converged,15,15,0,0,0,0,3,9.743432637561115e-15,1.12.6,lbt,1,1,Intel(R) Core(TM) 7 150U,NT,c8c2c51
degen-r5-m1-d0-p1,100,Newton-SIN,1e-7*n,9.999999999999999e-6,3,7,0.0449218,0.0413569,92.06420935937564,0.0,1.38e-5,0.0,0.003121,0.0,0.00043009999999999576,0.22537812061495288,1.1846271710796596e-8,-8.371935511539901e-15,6.665094476332456e-9,6.665094476332456e-9,6.978093845766951e-9,6.665094476332456e-9,NaN,converged,15,15,0,0,0,0,3,9.743432637561115e-15,1.12.6,lbt,1,1,Intel(R) Core(TM) 7 150U,NT,c8c2c51
degen-r5-m1-d0-p1,100,AGD-SDAJ-BH,1e-7*n,9.999999999999999e-6,3,16,0.0796668,0.0780218,97.93514989933071,0.0,4.1e-5,0.0,0.0,0.0,0.0016039999999999937,0.22537970474862073,7.403073050224312e-6,-9.280227477688755e-15,1.1649649088729674e-6,1.1649649088729674e-6,2.1218711303064265e-6,1.1649649088729674e-6,NaN,diag_feasible_at_xpre,0,0,1,1,0,0,3,9.743432637561115e-15,1.12.6,lbt,1,1,Intel(R) Core(TM) 7 150U,NT,c8c2c51
degen-r5-m1-d0-p1,100,AGD-SDAJ,1e-7*n,9.999999999999999e-6,3,16,0.0833742,0.0824172,98.85216289931417,0.0,4.58e-5,0.0,0.0,0.0,0.0009111999999999995,0.22537970474862073,7.403073050224312e-6,-9.280227477688755e-15,1.1649649088729674e-6,1.1649649088729674e-6,2.1218711303064265e-6,1.1649649088729674e-6,NaN,diag_feasible_at_xpre,0,0,1,1,0,0,3,9.743432637561115e-15,1.12.6,lbt,1,1,Intel(R) Core(TM) 7 150U,NT,c8c2c51
degen-r5-m1-d0-p1,100,Dykstra-APM,1e-7*n,9.999999999999999e-6,166,166,1.0222146,0.8768262,85.77711568588434,0.0,0.0,0.0,0.0,0.1026972,0.04269120000000008,0.2253386245536633,4.262743107405383e-5,-9.970605013928741e-15,1.3642995191354146e-6,1.3642995191354146e-6,9.538646227532556e-6,1.3642995191354146e-6,NaN,diag_feasible,0,0,0,0,0,0,166,9.743432637561115e-15,1.12.6,lbt,1,1,Intel(R) Core(TM) 7 150U,NT,c8c2c51
degen-r5-m1-d0-p2,100,SBB-Dual,1e-7*n,9.999999999999999e-6,75,76,0.3956643,0.3853785,97.40037198200595,0.0004638,0.0002178,0.0006649,0.0,0.0,0.008939300000000011,0.2364775209217153,1.3312398171755686e-5,-8.141981713355753e-15,1.4296096193522345e-6,0.0,9.448978087389877e-6,1.4296096193522345e-6,100.0,diag_feasible,0,0,0,0,0,0,75,2.0662570305023622e-12,1.12.6,lbt,1,1,Intel(R) Core(TM) 7 150U,NT,c8c2c51
degen-r5-m1-d0-p2,100,Newton-SIN-BH,1e-7*n,9.999999999999999e-6,2,3,0.0204639,0.0181156,88.52467027301735,0.0,1.03e-5,0.0,0.0018908,0.0,0.0004472000000000011,0.23647690737924434,2.552098761942434e-6,-8.739174298005412e-15,9.185642493303448e-7,9.185642493303448e-7,9.571410382750484e-7,9.185642493303448e-7,NaN,converged,9,9,0,0,0,0,2,2.0662570305023622e-12,1.12.6,lbt,1,1,Intel(R) Core(TM) 7 150U,NT,c8c2c51
degen-r5-m1-d0-p2,100,Newton-SIN,1e-7*n,9.999999999999999e-6,2,5,0.0269132,0.0238134,88.48223176731119,0.0,1.05e-5,0.0,0.0027803,0.0,0.0003090000000000033,0.23647690737924434,2.552098761942434e-6,-8.739174298005412e-15,9.185642493303448e-7,9.185642493303448e-7,9.571410382750484e-7,9.185642493303448e-7,NaN,converged,9,9,0,0,0,0,2,2.0662570305023622e-12,1.12.6,lbt,1,1,Intel(R) Core(TM) 7 150U,NT,c8c2c51
degen-r5-m1-d0-p2,100,AGD-SDAJ-BH,1e-7*n,9.999999999999999e-6,3,27,0.1491985,0.147646,98.95943994075006,0.0,7.26e-5,0.0,0.0,0.0,0.0014799000000000123,0.23645585979874598,2.526582656226342e-5,-8.612099255277183e-15,5.405580269401966e-6,5.405580269401966e-6,7.922956018555837e-6,5.405580269401966e-6,NaN,diag_feasible,0,0,8,8,0,0,3,2.0662570305023622e-12,1.12.6,lbt,1,1,Intel(R) Core(TM) 7 150U,NT,c8c2c51
degen-r5-m1-d0-p2,100,AGD-SDAJ,1e-7*n,9.999999999999999e-6,3,27,0.1382768,0.13670349999999998,98.8622097126922,0.0,7.6e-5,0.0,0.0,0.0,0.0014973000000000273,0.23645585979874598,2.526582656226342e-5,-8.612099255277183e-15,5.405580269401966e-6,5.405580269401966e-6,7.922956018555837e-6,5.405580269401966e-6,NaN,diag_feasible,0,0,8,8,0,0,3,2.0662570305023622e-12,1.12.6,lbt,1,1,Intel(R) Core(TM) 7 150U,NT,c8c2c51
degen-r5-m1-d0-p2,100,Dykstra-APM,1e-7*n,9.999999999999999e-6,153,153,0.9327916,0.7994052,85.7003000455836,0.0,0.0,0.0,0.0,0.0934163,0.03997010000000002,0.23644001419260127,4.197138150094835e-5,-7.792413357349647e-15,1.4755507926622613e-6,1.4755507926622613e-6,9.775072777670933e-6,1.4755507926622613e-6,NaN,diag_feasible,0,0,0,0,0,0,153,2.0662570305023622e-12,1.12.6,lbt,1,1,Intel(R) Core(TM) 7 150U,NT,c8c2c51
degen-r5-m1-d0-p3,100,SBB-Dual,1e-7*n,9.999999999999999e-6,76,77,0.3722658,0.367583,98.74208159868567,0.000449,0.0002149,0.0002159,0.0,0.0,0.003802999999999988,0.23633840153210608,1.4506652034318971e-5,-1.1881691906641261e-14,1.6582679052135063e-6,0.0,9.909159896588458e-6,1.6582679052135063e-6,100.0,diag_feasible,0,0,0,0,0,0,76,1.402269255806392e-14,1.12.6,lbt,1,1,Intel(R) Core(TM) 7 150U,NT,c8c2c51
degen-r5-m1-d0-p3,100,Newton-SIN-BH,1e-7*n,9.999999999999999e-6,2,3,0.016535,0.0139003,84.06592077411551,0.0,1.01e-5,0.0,0.0021806,0.0,0.0004440000000000004,0.23633761455749489,3.039805585980524e-6,-9.436909881420164e-15,5.001490119838081e-7,5.001490119838081e-7,9.525295859522458e-7,5.001490119838081e-7,NaN,converged,9,9,0,0,0,0,2,1.402269255806392e-14,1.12.6,lbt,1,1,Intel(R) Core(TM) 7 150U,NT,c8c2c51
degen-r5-m1-d0-p3,100,Newton-SIN,1e-7*n,9.999999999999999e-6,2,5,0.0229796,0.0201849,87.83834357430068,0.0,1.03e-5,0.0,0.0024692,0.0,0.0003152000000000007,0.23633761455749489,3.039805585980524e-6,-9.436909881420164e-15,5.001490119838081e-7,5.001490119838081e-7,9.525295859522458e-7,5.001490119838081e-7,NaN,converged,9,9,0,0,0,0,2,1.402269255806392e-14,1.12.6,lbt,1,1,Intel(R) Core(TM) 7 150U,NT,c8c2c51
degen-r5-m1-d0-p3,100,AGD-SDAJ-BH,1e-7*n,9.999999999999999e-6,3,25,0.134072,0.13244029999999998,98.78296736082105,0.0,7.83e-5,0.0,0.0,0.0,0.0015534000000000138,0.2363089541471988,3.407450790780887e-5,-9.341635034685018e-15,3.920151702585528e-6,3.920151702585528e-6,9.371650059650305e-6,3.920151702585528e-6,NaN,diag_feasible,0,0,6,6,0,0,3,1.402269255806392e-14,1.12.6,lbt,1,1,Intel(R) Core(TM) 7 150U,NT,c8c2c51
degen-r5-m1-d0-p3,100,AGD-SDAJ,1e-7*n,9.999999999999999e-6,3,25,0.124673,0.1228885,98.56865560305759,0.0,7.92e-5,0.0,0.0,0.0,0.0017053000000000083,0.2363089541471988,3.407450790780887e-5,-9.341635034685018e-15,3.920151702585528e-6,3.920151702585528e-6,9.371650059650305e-6,3.920151702585528e-6,NaN,diag_feasible,0,0,6,6,0,0,3,1.402269255806392e-14,1.12.6,lbt,1,1,Intel(R) Core(TM) 7 150U,NT,c8c2c51
degen-r5-m1-d0-p3,100,Dykstra-APM,1e-7*n,9.999999999999999e-6,156,156,0.9405754,0.8040957,85.48976509485577,0.0,0.0,0.0,0.0,0.0942747,0.04220499999999998,0.23630164362233688,4.197290485794595e-5,-9.869639843774553e-15,1.6150375476975398e-6,1.6150375476975398e-6,9.672484239096089e-6,1.6150375476975398e-6,NaN,diag_feasible,0,0,0,0,0,0,156,1.402269255806392e-14,1.12.6,lbt,1,1,Intel(R) Core(TM) 7 150U,NT,c8c2c51
degen-r5-m1-d0-p4,100,SBB-Dual,1e-7*n,9.999999999999999e-6,77,78,0.4007775,0.39391960000000004,98.28885104577978,0.0020541,0.0002116,0.0003057,0.0,0.0,0.004286499999999973,0.23581793008793583,1.1264203055370142e-5,-8.638815529692223e-15,1.3008642898437728e-6,0.0,9.158009621781297e-6,1.3008642898437728e-6,100.0,diag_feasible,0,0,0,0,0,0,77,1.761445016981056e-14,1.12.6,lbt,1,1,Intel(R) Core(TM) 7 150U,NT,c8c2c51
degen-r5-m1-d0-p4,100,Newton-SIN-BH,1e-7*n,9.999999999999999e-6,2,3,0.0178706,0.015008800000000001,83.98598815932313,0.0,1.01e-5,0.0,0.0024075,0.0,0.00044419999999999963,0.23581612265523286,8.44878440435479e-6,-7.990588265996233e-15,1.5664838365347933e-6,1.5664838365347933e-6,2.851237490527506e-6,1.5664838365347933e-6,NaN,converged,8,8,0,0,0,0,2,1.761445016981056e-14,1.12.6,lbt,1,1,Intel(R) Core(TM) 7 150U,NT,c8c2c51
degen-r5-m1-d0-p4,100,Newton-SIN,1e-7*n,9.999999999999999e-6,2,5,0.0288027,0.0266987,92.69512927607481,0.0,1.11e-5,0.0,0.0017751,0.0,0.00031780000000000176,0.23581612265523286,8.44878440435479e-6,-7.990588265996233e-15,1.5664838365347933e-6,1.5664838365347933e-6,2.851237490527506e-6,1.5664838365347933e-6,NaN,converged,8,8,0,0,0,0,2,1.761445016981056e-14,1.12.6,lbt,1,1,Intel(R) Core(TM) 7 150U,NT,c8c2c51
degen-r5-m1-d0-p4,100,AGD-SDAJ-BH,1e-7*n,9.999999999999999e-6,4,28,0.1443686,0.1426658,98.82051914335943,0.0,7.38e-5,0.0,0.0,0.0,0.0016290000000000044,0.2358018522746701,2.0760676251286395e-5,-1.0073197867823531e-14,1.6209749428286457e-6,1.6209749428286457e-6,5.1457439989984006e-6,1.6209749428286457e-6,NaN,diag_feasible_at_xpre,0,0,7,7,0,0,4,1.761445016981056e-14,1.12.6,lbt,1,1,Intel(R) Core(TM) 7 150U,NT,c8c2c51
degen-r5-m1-d0-p4,100,AGD-SDAJ,1e-7*n,9.999999999999999e-6,4,28,0.1465425,0.1438538,98.16524216524216,0.0,8.02e-5,0.0,0.0,0.0,0.0026084999999999884,0.2358018522746701,2.0760676251286395e-5,-1.0073197867823531e-14,1.6209749428286457e-6,1.6209749428286457e-6,5.1457439989984006e-6,1.6209749428286457e-6,NaN,diag_feasible_at_xpre,0,0,7,7,0,0,4,1.761445016981056e-14,1.12.6,lbt,1,1,Intel(R) Core(TM) 7 150U,NT,c8c2c51
degen-r5-m1-d0-p4,100,Dykstra-APM,1e-7*n,9.999999999999999e-6,156,156,1.0802205,0.9441431,87.402812666488,0.0,0.0,0.0,0.0,0.0901427,0.04593470000000001,0.23577931822510625,4.337284068104298e-5,-7.940031829007612e-15,1.417018437033235e-6,1.417018437033235e-6,9.987374311648801e-6,1.417018437033235e-6,NaN,diag_feasible,0,0,0,0,0,0,156,1.761445016981056e-14,1.12.6,lbt,1,1,Intel(R) Core(TM) 7 150U,NT,c8c2c51
degen-r5-m5-d0.01-p0,100,SBB-Dual,1e-7*n,9.999999999999999e-6,77,78,0.3814889,0.37572910000000004,98.49017887545354,0.0004417,0.0002047,0.0005903,0.0,0.0,0.004523099999999981,0.27435319710646744,9.166184889868442e-6,-8.772769907498124e-15,1.3995622967222232e-6,0.0,9.996212365190822e-6,1.3995622967222232e-6,100.0,diag_feasible,0,0,0,0,0,0,77,4.345444818031066e-12,1.12.6,lbt,1,1,Intel(R) Core(TM) 7 150U,NT,c8c2c51
degen-r5-m5-d0.01-p0,100,Newton-SIN-BH,1e-7*n,9.999999999999999e-6,2,3,0.0168389,0.0145968,86.68499723853697,0.0,8.4e-6,0.0,0.0018266,0.0,0.0004071000000000003,0.2743535965463352,2.454544309704707e-5,-1.1701737462852147e-14,4.105405202237122e-6,4.105405202237122e-6,7.701650647467615e-6,4.105405202237122e-6,NaN,converged,8,8,0,0,0,0,2,4.345444818031066e-12,1.12.6,lbt,1,1,Intel(R) Core(TM) 7 150U,NT,c8c2c51
degen-r5-m5-d0.01-p0,100,Newton-SIN,1e-7*n,9.999999999999999e-6,2,5,0.0256652,0.0235689,91.83213066720695,0.0,9.7e-6,0.0,0.001795,0.0,0.00029159999999999885,0.2743535965463352,2.454544309704707e-5,-1.1701737462852147e-14,4.105405202237122e-6,4.105405202237122e-6,7.701650647467615e-6,4.105405202237122e-6,NaN,converged,8,8,0,0,0,0,2,4.345444818031066e-12,1.12.6,lbt,1,1,Intel(R) Core(TM) 7 150U,NT,c8c2c51
degen-r5-m5-d0.01-p0,100,AGD-SDAJ-BH,1e-7*n,9.999999999999999e-6,4,33,0.1659786,0.1641471,98.89654449429023,0.0,8.95e-5,0.0,0.0,0.0,0.0017420000000000137,0.2743472327931923,9.239612750780075e-6,-1.0953223859329519e-14,7.708753989588146e-7,7.708753989588146e-7,2.3111253633736038e-6,7.708753989588146e-7,NaN,diag_feasible,0,0,8,8,0,0,4,4.345444818031066e-12,1.12.6,lbt,1,1,Intel(R) Core(TM) 7 150U,NT,c8c2c51
degen-r5-m5-d0.01-p0,100,AGD-SDAJ,1e-7*n,9.999999999999999e-6,4,33,0.1625857,0.1604339,98.67651337110212,0.0,9.06e-5,0.0,0.0,0.0,0.002061200000000009,0.2743472327931923,9.239612750780075e-6,-1.0953223859329519e-14,7.708753989588146e-7,7.708753989588146e-7,2.3111253633736038e-6,7.708753989588146e-7,NaN,diag_feasible,0,0,8,8,0,0,4,4.345444818031066e-12,1.12.6,lbt,1,1,Intel(R) Core(TM) 7 150U,NT,c8c2c51
degen-r5-m5-d0.01-p0,100,Dykstra-APM,1e-7*n,9.999999999999999e-6,158,158,0.9280875,0.7902917,85.1527145877948,0.0,0.0,0.0,0.0,0.0954567,0.04233909999999991,0.2743212704527458,4.4252028173351865e-5,-7.307967811639437e-15,1.371524829263393e-6,1.371524829263393e-6,9.804167922403048e-6,1.371524829263393e-6,NaN,diag_feasible,0,0,0,0,0,0,158,4.345444818031066e-12,1.12.6,lbt,1,1,Intel(R) Core(TM) 7 150U,NT,c8c2c51
degen-r5-m5-d0.01-p1,100,SBB-Dual,1e-7*n,9.999999999999999e-6,77,78,0.3471389,0.3412577,98.30580784809771,0.0004647,0.0002285,0.0012588,0.0,0.0,0.003929199999999975,0.2703201783062961,8.317911202570957e-6,-7.65004411710488e-15,1.3163946745997634e-6,0.0,9.447548934617398e-6,1.3163946745997634e-6,100.0,diag_feasible,0,0,0,0,0,0,77,7.671793734223693e-15,1.12.6,lbt,1,1,Intel(R) Core(TM) 7 150U,NT,c8c2c51
degen-r5-m5-d0.01-p1,100,Newton-SIN-BH,1e-7*n,9.999999999999999e-6,2,3,0.0163404,0.0134006,82.00900834740887,0.0,2.38e-5,0.0,0.0023889,0.0,0.0005271000000000013,0.2703188121012678,1.877935057763815e-5,-1.0467757457231199e-14,2.919321680172615e-6,2.919321680172615e-6,5.992188972837227e-6,2.919321680172615e-6,NaN,converged,8,8,0,0,0,0,2,7.671793734223693e-15,1.12.6,lbt,1,1,Intel(R) Core(TM) 7 150U,NT,c8c2c51
degen-r5-m5-d0.01-p1,100,Newton-SIN,1e-7*n,9.999999999999999e-6,2,5,0.0240612,0.021998999999999998,91.42935514438182,0.0,9.9e-6,0.0,0.0017645,0.0,0.0002878000000000034,0.2703188121012678,1.877935057763815e-5,-1.0467757457231199e-14,2.919321680172615e-6,2.919321680172615e-6,5.992188972837227e-6,2.919321680172615e-6,NaN,converged,8,8,0,0,0,0,2,7.671793734223693e-15,1.12.6,lbt,1,1,Intel(R) Core(TM) 7 150U,NT,c8c2c51
degen-r5-m5-d0.01-p1,100,AGD-SDAJ-BH,1e-7*n,9.999999999999999e-6,4,28,0.1355825,0.1337453,98.64495786698137,0.0,8.41e-5,0.0,0.0,0.0,0.0017530999999999834,0.2703029016350862,3.2658846478444526e-5,-1.0893918151452026e-14,4.647142443969798e-6,4.647142443969798e-6,9.54968870492087e-6,4.647142443969798e-6,NaN,diag_feasible_at_xpre,0,0,7,7,0,0,4,7.671793734223693e-15,1.12.6,lbt,1,1,Intel(R) Core(TM) 7 150U,NT,c8c2c51
degen-r5-m5-d0.01-p1,100,AGD-SDAJ,1e-7*n,9.999999999999999e-6,4,28,0.1335537,0.1319562,98.80385193371656,0.0,6.97e-5,0.0,0.0,0.0,0.0015278000000000017,0.2703029016350862,3.2658846478444526e-5,-1.0893918151452026e-14,4.647142443969798e-6,4.647142443969798e-6,9.54968870492087e-6,4.647142443969798e-6,NaN,diag_feasible_at_xpre,0,0,7,7,0,0,4,7.671793734223693e-15,1.12.6,lbt,1,1,Intel(R) Core(TM) 7 150U,NT,c8c2c51
degen-r5-m5-d0.01-p1,100,Dykstra-APM,1e-7*n,9.999999999999999e-6,157,157,0.9266225,0.7973624,86.0504034814609,0.0,0.0,0.0,0.0,0.0885613,0.04069879999999999,0.2702877681633255,4.398145431973094e-5,-1.0866434280780404e-14,1.3604344919482259e-6,1.3604344919482259e-6,9.769282176290357e-6,1.3604344919482259e-6,NaN,diag_feasible,0,0,0,0,0,0,157,7.671793734223693e-15,1.12.6,lbt,1,1,Intel(R) Core(TM) 7 150U,NT,c8c2c51
degen-r5-m5-d0.01-p2,100,SBB-Dual,1e-7*n,9.999999999999999e-6,76,77,0.3751401,0.36936450000000004,98.46041518888543,0.000446,0.0002137,0.0002367,0.0,0.0,0.004879199999999936,0.2804626432659139,8.148456352453634e-6,-1.1016697631741325e-14,1.4023318890554748e-6,0.0,9.792434243441205e-6,1.4023318890554748e-6,100.0,diag_feasible,0,0,0,0,0,0,76,9.207674805933517e-12,1.12.6,lbt,1,1,Intel(R) Core(TM) 7 150U,NT,c8c2c51
degen-r5-m5-d0.01-p2,100,Newton-SIN-BH,1e-7*n,9.999999999999999e-6,2,3,0.0179783,0.015466500000000001,86.02871239216167,0.0,9.9e-6,0.0,0.002029,0.0,0.0004728999999999979,0.2804623706197273,8.076347289352736e-6,-8.360168663603647e-15,1.1196277125424814e-6,1.1196277125424814e-6,2.514433446721504e-6,1.1196277125424814e-6,NaN,converged,8,8,0,0,0,0,2,9.207674805933517e-12,1.12.6,lbt,1,1,Intel(R) Core(TM) 7 150U,NT,c8c2c51
degen-r5-m5-d0.01-p2,100,Newton-SIN,1e-7*n,9.999999999999999e-6,2,5,0.0237141,0.0216707,91.38318553097105,0.0,9.5e-6,0.0,0.0017391,0.0,0.0002947999999999974,0.2804623706197273,8.076347289352736e-6,-8.360168663603647e-15,1.1196277125424814e-6,1.1196277125424814e-6,2.514433446721504e-6,1.1196277125424814e-6,NaN,converged,8,8,0,0,0,0,2,9.207674805933517e-12,1.12.6,lbt,1,1,Intel(R) Core(TM) 7 150U,NT,c8c2c51
degen-r5-m5-d0.01-p2,100,AGD-SDAJ-BH,1e-7*n,9.999999999999999e-6,4,25,0.1225844,0.1211843,98.85784814380949,0.0,6.4e-5,0.0,0.0,0.0,0.0013361000000000013,0.2804541707015885,1.7263372087539163e-5,-8.7977199230787e-15,2.824889257846408e-6,2.824889257846408e-6,4.96867621143378e-6,2.824889257846408e-6,NaN,diag_feasible_at_xpre,0,0,4,4,0,0,4,9.207674805933517e-12,1.12.6,lbt,1,1,Intel(R) Core(TM) 7 150U,NT,c8c2c51
degen-r5-m5-d0.01-p2,100,AGD-SDAJ,1e-7*n,9.999999999999999e-6,4,25,0.1237209,0.1222794,98.8348775348385,0.0,6.58e-5,0.0,0.0,0.0,0.0013756999999999984,0.2804541707015885,1.7263372087539163e-5,-8.7977199230787e-15,2.824889257846408e-6,2.824889257846408e-6,4.96867621143378e-6,2.824889257846408e-6,NaN,diag_feasible_at_xpre,0,0,4,4,0,0,4,9.207674805933517e-12,1.12.6,lbt,1,1,Intel(R) Core(TM) 7 150U,NT,c8c2c51
degen-r5-m5-d0.01-p2,100,Dykstra-APM,1e-7*n,9.999999999999999e-6,156,156,1.0077269,0.8636785,85.70561131195367,0.0,0.0,0.0,0.0,0.1008706,0.04317779999999996,0.28043183666127275,4.330092361775998e-5,-8.913482715949857e-15,1.375338721576469e-6,1.375338721576469e-6,9.628157305788067e-6,1.375338721576469e-6,NaN,diag_feasible,0,0,0,0,0,0,156,9.207674805933517e-12,1.12.6,lbt,1,1,Intel(R) Core(TM) 7 150U,NT,c8c2c51
degen-r5-m5-d0.01-p3,100,SBB-Dual,1e-7*n,9.999999999999999e-6,77,78,0.3776121,0.3706692,98.16136718076565,0.0004425,0.0002092,0.0002374,0.0,0.0,0.00605380000000003,0.28088559337839714,1.1095325868188522e-5,-1.1226610011809994e-14,1.4405772523762295e-6,0.0,9.550678224853681e-6,1.4405772523762295e-6,100.0,diag_feasible,0,0,0,0,0,0,77,1.1419657104937456e-14,1.12.6,lbt,1,1,Intel(R) Core(TM) 7 150U,NT,c8c2c51
degen-r5-m5-d0.01-p3,100,Newton-SIN-BH,1e-7*n,9.999999999999999e-6,2,3,0.0167329,0.0147245,87.99729873482781,0.0,9.5e-6,0.0,0.0015825,0.0,0.00041639999999999885,0.28088483829019784,3.173064049826832e-5,-8.656290912910722e-15,3.971970691019067e-6,3.971970691019067e-6,9.736849679607024e-6,3.971970691019067e-6,NaN,converged,7,7,0,0,0,0,2,1.1419657104937456e-14,1.12.6,lbt,1,1,Intel(R) Core(TM) 7 150U,NT,c8c2c51
degen-r5-m5-d0.01-p3,100,Newton-SIN,1e-7*n,9.999999999999999e-6,2,5,0.0271947,0.0233005,85.6802979992425,0.0,1.0e-5,0.0,0.003457,0.0,0.0004272000000000004,0.28088483829019784,3.173064049826832e-5,-8.656290912910722e-15,3.971970691019067e-6,3.971970691019067e-6,9.736849679607024e-6,3.971970691019067e-6,NaN,converged,7,7,0,0,0,0,2,1.1419657104937456e-14,1.12.6,lbt,1,1,Intel(R) Core(TM) 7 150U,NT,c8c2c51
degen-r5-m5-d0.01-p3,100,AGD-SDAJ-BH,1e-7*n,9.999999999999999e-6,4,32,0.1643439,0.16244969999999997,98.84741691051508,0.0,9.28e-5,0.0,0.0,0.0,0.0018014000000000125,0.28087874722371525,1.0435935860681274e-5,-9.719596654054728e-15,7.452958374898344e-7,7.452958374898344e-7,2.49673661593083e-6,7.452958374898344e-7,NaN,diag_feasible,0,0,7,7,0,0,4,1.1419657104937456e-14,1.12.6,lbt,1,1,Intel(R) Core(TM) 7 150U,NT,c8c2c51
degen-r5-m5-d0.01-p3,100,AGD-SDAJ,1e-7*n,9.999999999999999e-6,4,32,0.1674642,0.1656256,98.90209370122092,0.0,8.63e-5,0.0,0.0,0.0,0.0017522999999999957,0.28087874722371525,1.0435935860681274e-5,-9.719596654054728e-15,7.452958374898344e-7,7.452958374898344e-7,2.49673661593083e-6,7.452958374898344e-7,NaN,diag_feasible,0,0,7,7,0,0,4,1.1419657104937456e-14,1.12.6,lbt,1,1,Intel(R) Core(TM) 7 150U,NT,c8c2c51
degen-r5-m5-d0.01-p3,100,Dykstra-APM,1e-7*n,9.999999999999999e-6,157,157,1.1202792,0.9370774,83.64677305443143,0.0,0.0,0.0,0.0,0.129308,0.053893799999999964,0.2808544481278585,4.4674005448906686e-5,-9.962107959643668e-15,1.478664461762591e-6,1.478664461762591e-6,9.864883077379432e-6,1.478664461762591e-6,NaN,diag_feasible,0,0,0,0,0,0,157,1.1419657104937456e-14,1.12.6,lbt,1,1,Intel(R) Core(TM) 7 150U,NT,c8c2c51
degen-r5-m5-d0.01-p4,100,SBB-Dual,1e-7*n,9.999999999999999e-6,76,77,0.3824717,0.37754610000000005,98.7121661550384,0.0004759,0.0002069,0.0002417,0.0,0.0,0.0040010999999999745,0.28102326919967696,7.379125435835224e-6,-9.873747552612602e-15,1.274032063403041e-6,0.0,9.749206052644805e-6,1.274032063403041e-6,100.0,diag_feasible,0,0,0,0,0,0,76,1.6713189885778916e-14,1.12.6,lbt,1,1,Intel(R) Core(TM) 7 150U,NT,c8c2c51
degen-r5-m5-d0.01-p4,100,Newton-SIN-BH,1e-7*n,9.999999999999999e-6,2,3,0.0168098,0.014715899999999999,87.54357577127628,0.0,8.6e-6,0.0,0.0016786,0.0,0.00040670000000000094,0.281021940254584,1.3261769838107918e-5,-6.8664583740271375e-15,2.405187279119758e-6,2.405187279119758e-6,4.202018393468171e-6,2.405187279119758e-6,NaN,converged,7,7,0,0,0,0,2,1.6713189885778916e-14,1.12.6,lbt,1,1,Intel(R) Core(TM) 7 150U,NT,c8c2c51
degen-r5-m5-d0.01-p4,100,Newton-SIN,1e-7*n,9.999999999999999e-6,2,5,0.0257023,0.0225222,87.62717733432416,0.0,1.03e-5,0.0,0.0028633,0.0,0.00030650000000000165,0.281021940254584,1.3261769838107918e-5,-6.8664583740271375e-15,2.405187279119758e-6,2.405187279119758e-6,4.202018393468171e-6,2.405187279119758e-6,NaN,converged,7,7,0,0,0,0,2,1.6713189885778916e-14,1.12.6,lbt,1,1,Intel(R) Core(TM) 7 150U,NT,c8c2c51
degen-r5-m5-d0.01-p4,100,AGD-SDAJ-BH,1e-7*n,9.999999999999999e-6,4,31,0.1512256,0.1494798,98.845565830124,0.0,8.29e-5,0.0,0.0,0.0,0.001662899999999992,0.2810149273134528,2.5940156721924242e-5,-8.274474265250418e-15,2.904112596957553e-6,2.904112596957553e-6,7.933209161648063e-6,2.904112596957553e-6,NaN,diag_feasible_at_xpre,0,0,8,8,0,0,4,1.6713189885778916e-14,1.12.6,lbt,1,1,Intel(R) Core(TM) 7 150U,NT,c8c2c51
degen-r5-m5-d0.01-p4,100,AGD-SDAJ,1e-7*n,9.999999999999999e-6,4,31,0.1664541,0.1646385,98.90924885599094,0.0,9.79e-5,0.0,0.0,0.0,0.0017177000000000006,0.2810149273134528,2.5940156721924242e-5,-8.274474265250418e-15,2.904112596957553e-6,2.904112596957553e-6,7.933209161648063e-6,2.904112596957553e-6,NaN,diag_feasible_at_xpre,0,0,8,8,0,0,4,1.6713189885778916e-14,1.12.6,lbt,1,1,Intel(R) Core(TM) 7 150U,NT,c8c2c51
degen-r5-m5-d0.01-p4,100,Dykstra-APM,1e-7*n,9.999999999999999e-6,156,156,0.929197,0.7943547,85.48829796049706,0.0,0.0,0.0,0.0,0.0927604,0.042081900000000075,0.28099263879074793,4.3106503015995756e-5,-7.687662931093042e-15,1.2508859974502684e-6,1.2508859974502684e-6,9.585731469533106e-6,1.2508859974502684e-6,NaN,diag_feasible,0,0,0,0,0,0,156,1.6713189885778916e-14,1.12.6,lbt,1,1,Intel(R) Core(TM) 7 150U,NT,c8c2c51
degen-r5-m5-d0.0001-p0,100,SBB-Dual,1e-7*n,9.999999999999999e-6,66,67,0.3371268,0.3294275,97.71620055124659,0.0004024,0.0002082,0.0008188,0.0,0.0,0.00626990000000002,0.2868412188591729,8.638548143292631e-6,-8.715415271468826e-15,1.5222725737729093e-6,0.0,9.517975909856852e-6,1.5222725737729093e-6,100.0,diag_feasible,0,0,0,0,0,0,66,2.780737008571635e-12,1.12.6,lbt,1,1,Intel(R) Core(TM) 7 150U,NT,c8c2c51
degen-r5-m5-d0.0001-p0,100,Newton-SIN-BH,1e-7*n,9.999999999999999e-6,4,5,0.0298009,0.023921500000000002,80.27106563895721,0.0,1.56e-5,0.0,0.0051873,0.0,0.0006765,0.28684121873717666,5.073746028813927e-10,-9.640502062574313e-15,1.5542522824318894e-10,1.5542522824318894e-10,1.714009715340847e-10,1.5542522824318894e-10,NaN,converged,22,22,0,0,0,0,4,2.780737008571635e-12,1.12.6,lbt,1,1,Intel(R) Core(TM) 7 150U,NT,c8c2c51
degen-r5-m5-d0.0001-p0,100,Newton-SIN,1e-7*n,9.999999999999999e-6,4,9,0.0506019,0.043384099999999995,85.73610872319023,0.0,1.61e-5,0.0,0.0067128,0.0,0.0004889000000000039,0.28684121873717666,5.073746028813927e-10,-9.640502062574313e-15,1.5542522824318894e-10,1.5542522824318894e-10,1.714009715340847e-10,1.5542522824318894e-10,NaN,converged,22,22,0,0,0,0,4,2.780737008571635e-12,1.12.6,lbt,1,1,Intel(R) Core(TM) 7 150U,NT,c8c2c51
degen-r5-m5-d0.0001-p0,100,AGD-SDAJ-BH,1e-7*n,9.999999999999999e-6,4,36,0.1413426,0.13960229999999998,98.7687363894537,0.0,8.57e-5,0.0,0.0,0.0,0.001654600000000028,0.2868286654558149,2.488947154343148e-5,-7.372605609906427e-15,3.3249934179302443e-6,3.3249934179302443e-6,6.806062289571755e-6,3.3249934179302443e-6,NaN,diag_feasible,0,0,11,11,0,0,4,2.780737008571635e-12,1.12.6,lbt,1,1,Intel(R) Core(TM) 7 150U,NT,c8c2c51
degen-r5-m5-d0.0001-p0,100,AGD-SDAJ,1e-7*n,9.999999999999999e-6,4,36,0.2008764,0.1984829,98.80847127885605,0.0,9.77e-5,0.0,0.0,0.0,0.0022958000000000206,0.2868286654558149,2.488947154343148e-5,-7.372605609906427e-15,3.3249934179302443e-6,3.3249934179302443e-6,6.806062289571755e-6,3.3249934179302443e-6,NaN,diag_feasible,0,0,11,11,0,0,4,2.780737008571635e-12,1.12.6,lbt,1,1,Intel(R) Core(TM) 7 150U,NT,c8c2c51
degen-r5-m5-d0.0001-p0,100,Dykstra-APM,1e-7*n,9.999999999999999e-6,135,135,0.853461,0.7543773,88.3903658163642,0.0,0.0,0.0,0.0,0.0577201,0.04136359999999999,0.2868106191090024,4.448199924099922e-5,-8.200650119545669e-15,1.5916098670132328e-6,1.5916098670132328e-6,9.880559875725237e-6,1.5916098670132328e-6,NaN,diag_feasible,0,0,0,0,0,0,135,2.780737008571635e-12,1.12.6,lbt,1,1,Intel(R) Core(TM) 7 150U,NT,c8c2c51
degen-r5-m5-d0.0001-p1,100,SBB-Dual,1e-7*n,9.999999999999999e-6,65,66,0.3595312,0.3489496,97.05683401051148,0.0007376,0.0002156,0.0004931,0.0,0.0,0.00913529999999997,0.28205111205457684,7.846725490479077e-6,-1.1209031147688451e-14,1.4510045509563696e-6,0.0,9.043368608032496e-6,1.4510045509563696e-6,100.0,diag_feasible,0,0,0,0,0,0,65,3.6056809623319925e-12,1.12.6,lbt,1,1,Intel(R) Core(TM) 7 150U,NT,c8c2c51
degen-r5-m5-d0.0001-p1,100,Newton-SIN-BH,1e-7*n,9.999999999999999e-6,4,5,0.0294153,0.023761900000000002,80.78075015383152,0.0,1.53e-5,0.0,0.004887,0.0,0.0007510999999999959,0.2820511119393513,2.807973079952165e-10,-1.0908138999273271e-14,7.76352315767781e-11,7.76352315767781e-11,8.852832716971753e-11,7.76352315767781e-11,NaN,converged,22,22,0,0,0,0,4,3.6056809623319925e-12,1.12.6,lbt,1,1,Intel(R) Core(TM) 7 150U,NT,c8c2c51
degen-r5-m5-d0.0001-p1,100,Newton-SIN,1e-7*n,9.999999999999999e-6,4,9,0.0450337,0.039814999999999996,88.41156733734957,0.0,1.6e-5,0.0,0.004737,0.0,0.0004657000000000064,0.2820511119393513,2.807973079952165e-10,-1.0908138999273271e-14,7.76352315767781e-11,7.76352315767781e-11,8.852832716971753e-11,7.76352315767781e-11,NaN,converged,22,22,0,0,0,0,4,3.6056809623319925e-12,1.12.6,lbt,1,1,Intel(R) Core(TM) 7 150U,NT,c8c2c51
degen-r5-m5-d0.0001-p1,100,AGD-SDAJ-BH,1e-7*n,9.999999999999999e-6,4,29,0.1450183,0.1433836,98.87276295474433,0.0,7.57e-5,0.0,0.0,0.0,0.001558999999999989,0.28204046295520374,1.77387449365243e-5,-1.3703784899124018e-14,2.7629173191545675e-6,2.7629173191545675e-6,4.769069596205778e-6,2.7629173191545675e-6,NaN,diag_feasible_at_xpre,0,0,8,8,0,0,4,3.6056809623319925e-12,1.12.6,lbt,1,1,Intel(R) Core(TM) 7 150U,NT,c8c2c51
degen-r5-m5-d0.0001-p1,100,AGD-SDAJ,1e-7*n,9.999999999999999e-6,4,29,0.1547681,0.1531188,98.93434112068314,0.0,8.24e-5,0.0,0.0,0.0,0.0015668999999999924,0.28204046295520374,1.77387449365243e-5,-1.3703784899124018e-14,2.7629173191545675e-6,2.7629173191545675e-6,4.769069596205778e-6,2.7629173191545675e-6,NaN,diag_feasible_at_xpre,0,0,8,8,0,0,4,3.6056809623319925e-12,1.12.6,lbt,1,1,Intel(R) Core(TM) 7 150U,NT,c8c2c51
degen-r5-m5-d0.0001-p1,100,Dykstra-APM,1e-7*n,9.999999999999999e-6,132,132,0.8165168,0.7277751,89.13167493920517,0.0,0.0,0.0,0.0,0.0516974,0.03704430000000004,0.282019772704797,4.443088607275756e-5,-8.802527795919824e-15,1.6062007843764547e-6,1.6062007843764547e-6,9.901713640485997e-6,1.6062007843764547e-6,NaN,diag_feasible,0,0,0,0,0,0,132,3.6056809623319925e-12,1.12.6,lbt,1,1,Intel(R) Core(TM) 7 150U,NT,c8c2c51
degen-r5-m5-d0.0001-p2,100,SBB-Dual,1e-7*n,9.999999999999999e-6,64,65,0.2681584,0.2639177,98.41858394143162,0.0003468,0.0001755,0.0002147,0.0,0.0,0.003503700000000042,0.2940120842559273,7.470486027198697e-6,-8.801275094663203e-15,1.4179074285802784e-6,0.0,9.26325152860805e-6,1.4179074285802784e-6,100.0,diag_feasible,0,0,0,0,0,0,64,2.0105687525153178e-12,1.12.6,lbt,1,1,Intel(R) Core(TM) 7 150U,NT,c8c2c51
degen-r5-m5-d0.0001-p2,100,Newton-SIN-BH,1e-7*n,9.999999999999999e-6,3,4,0.0183377,0.015418099999999999,84.07870125479204,0.0,9.7e-6,0.0,0.0022414,0.0,0.0006684999999999994,0.2940120840848801,1.479704387873261e-9,-1.0074830595045342e-14,1.9917378857314816e-10,1.9917378857314816e-10,4.6319896678520166e-10,1.9917378857314816e-10,NaN,converged,14,14,0,0,0,0,3,2.0105687525153178e-12,1.12.6,lbt,1,1,Intel(R) Core(TM) 7 150U,NT,c8c2c51
degen-r5-m5-d0.0001-p2,100,Newton-SIN,1e-7*n,9.999999999999999e-6,3,7,0.0424102,0.038152200000000004,89.9599624618606,0.0,1.52e-5,0.0,0.0037573,0.0,0.0004854999999999981,0.2940120840848801,1.479704387873261e-9,-1.0074830595045342e-14,1.9917378857314816e-10,1.9917378857314816e-10,4.6319896678520166e-10,1.9917378857314816e-10,NaN,converged,14,14,0,0,0,0,3,2.0105687525153178e-12,1.12.6,lbt,1,1,Intel(R) Core(TM) 7 150U,NT,c8c2c51
degen-r5-m5-d0.0001-p2,100,AGD-SDAJ-BH,1e-7*n,9.999999999999999e-6,4,26,0.1119048,0.11048720000000001,98.73320894188633,0.0,6.88e-5,0.0,0.0,0.0,0.0013487999999999912,0.29400113684521006,2.357100475913833e-5,-8.170000538221836e-15,2.3444089107815813e-6,2.3444089107815813e-6,6.726942706605642e-6,2.3444089107815813e-6,NaN,diag_feasible_at_xpre,0,0,5,5,0,0,4,2.0105687525153178e-12,1.12.6,lbt,1,1,Intel(R) Core(TM) 7 150U,NT,c8c2c51
degen-r5-m5-d0.0001-p2,100,AGD-SDAJ,1e-7*n,9.999999999999999e-6,4,26,0.1012619,0.0998892,98.64440623768664,0.0,7.11e-5,0.0,0.0,0.0,0.0013016000000000045,0.29400113684521006,2.357100475913833e-5,-8.170000538221836e-15,2.3444089107815813e-6,2.3444089107815813e-6,6.726942706605642e-6,2.3444089107815813e-6,NaN,diag_feasible_at_xpre,0,0,5,5,0,0,4,2.0105687525153178e-12,1.12.6,lbt,1,1,Intel(R) Core(TM) 7 150U,NT,c8c2c51
degen-r5-m5-d0.0001-p2,100,Dykstra-APM,1e-7*n,9.999999999999999e-6,131,131,0.7570692,0.6663488,88.01689462469216,0.0,0.0,0.0,0.0,0.0538745,0.036845900000000036,0.29398287613572643,4.3161969816690085e-5,-9.431020355954955e-15,1.4902565923513578e-6,1.4902565923513578e-6,9.636509596103145e-6,1.4902565923513578e-6,NaN,diag_feasible,0,0,0,0,0,0,131,2.0105687525153178e-12,1.12.6,lbt,1,1,Intel(R) Core(TM) 7 150U,NT,c8c2c51
degen-r5-m5-d0.0001-p3,100,SBB-Dual,1e-7*n,9.999999999999999e-6,64,65,0.277384,0.2738163,98.71380468952788,0.0003179,0.0001791,0.0002093,0.0,0.0,0.002861400000000007,0.2944910647412135,1.1192484668084902e-5,-1.0743512841525634e-14,1.7645856744685773e-6,0.0,9.870315171793493e-6,1.7645856744685773e-6,100.0,diag_feasible,0,0,0,0,0,0,64,1.167308677629273e-12,1.12.6,lbt,1,1,Intel(R) Core(TM) 7 150U,NT,c8c2c51
degen-r5-m5-d0.0001-p3,100,Newton-SIN-BH,1e-7*n,9.999999999999999e-6,3,4,0.021033,0.0179455,85.32068654019874,0.0,9.8e-6,0.0,0.0026441,0.0,0.00043360000000000013,0.2944910644893355,1.0518998210080063e-9,-9.818736822037946e-15,1.180038289305685e-10,1.180038289305685e-10,3.262878767147458e-10,1.180038289305685e-10,NaN,converged,14,14,0,0,0,0,3,1.167308677629273e-12,1.12.6,lbt,1,1,Intel(R) Core(TM) 7 150U,NT,c8c2c51
degen-r5-m5-d0.0001-p3,100,Newton-SIN,1e-7*n,9.999999999999999e-6,3,7,0.0323589,0.0293666,90.75277589782098,0.0,1.15e-5,0.0,0.002669,0.0,0.00031180000000000357,0.2944910644893355,1.0518998210080063e-9,-9.818736822037946e-15,1.180038289305685e-10,1.180038289305685e-10,3.262878767147458e-10,1.180038289305685e-10,NaN,converged,14,14,0,0,0,0,3,1.167308677629273e-12,1.12.6,lbt,1,1,Intel(R) Core(TM) 7 150U,NT,c8c2c51
degen-r5-m5-d0.0001-p3,100,AGD-SDAJ-BH,1e-7*n,9.999999999999999e-6,3,23,0.09601,0.0947487,98.68628267888762,0.0,4.89e-5,0.0,0.0,0.0,0.001212399999999993,0.29448217521584125,1.5450636332253955e-5,-1.0965629924009309e-14,1.8215401300647471e-6,1.8215401300647471e-6,4.014797954265496e-6,1.8215401300647471e-6,NaN,diag_feasible,0,0,4,4,0,0,3,1.167308677629273e-12,1.12.6,lbt,1,1,Intel(R) Core(TM) 7 150U,NT,c8c2c51
degen-r5-m5-d0.0001-p3,100,AGD-SDAJ,1e-7*n,9.999999999999999e-6,3,23,0.0980185,0.0967456,98.70136759897366,0.0,5.87e-5,0.0,0.0,0.0,0.0012141999999999934,0.29448217521584125,1.5450636332253955e-5,-1.0965629924009309e-14,1.8215401300647471e-6,1.8215401300647471e-6,4.014797954265496e-6,1.8215401300647471e-6,NaN,diag_feasible,0,0,4,4,0,0,3,1.167308677629273e-12,1.12.6,lbt,1,1,Intel(R) Core(TM) 7 150U,NT,c8c2c51
degen-r5-m5-d0.0001-p3,100,Dykstra-APM,1e-7*n,9.999999999999999e-6,132,132,0.7189232,0.6410848,89.17291860938693,0.0,0.0,0.0,0.0,0.0423274,0.03551099999999997,0.29446197635566806,4.38181315716047e-5,-1.0034108100686979e-14,1.7429386602874075e-6,1.7429386602874075e-6,9.724901151303729e-6,1.7429386602874075e-6,NaN,diag_feasible,0,0,0,0,0,0,132,1.167308677629273e-12,1.12.6,lbt,1,1,Intel(R) Core(TM) 7 150U,NT,c8c2c51
degen-r5-m5-d0.0001-p4,100,SBB-Dual,1e-7*n,9.999999999999999e-6,63,64,0.2710991,0.2668641,98.43784062728353,0.0003511,0.0001442,0.0002157,0.0,0.0,0.0035239999999999885,0.29467431453990345,7.495073125052673e-6,-9.588839418345923e-15,1.4578542490983892e-6,0.0,9.783559020367975e-6,1.4578542490983892e-6,100.0,diag_feasible,0,0,0,0,0,0,63,9.108369359136887e-12,1.12.6,lbt,1,1,Intel(R) Core(TM) 7 150U,NT,c8c2c51
degen-r5-m5-d0.0001-p4,100,Newton-SIN-BH,1e-7*n,9.999999999999999e-6,3,4,0.0182004,0.0150166,82.50697786861828,0.0,8.1e-6,0.0,0.0027666,0.0,0.0004090999999999986,0.29467431441189723,1.1811280910773668e-9,-9.311718191225696e-15,1.2862355625031796e-10,1.2862355625031796e-10,3.666457507743437e-10,1.2862355625031796e-10,NaN,converged,13,13,0,0,0,0,3,9.108369359136887e-12,1.12.6,lbt,1,1,Intel(R) Core(TM) 7 150U,NT,c8c2c51
degen-r5-m5-d0.0001-p4,100,Newton-SIN,1e-7*n,9.999999999999999e-6,3,7,0.0372906,0.034627500000000005,92.85852198677416,0.0,1.16e-5,0.0,0.0023353,0.0,0.0003161999999999948,0.29467431441189723,1.1811280910773668e-9,-9.311718191225696e-15,1.2862355625031796e-10,1.2862355625031796e-10,3.666457507743437e-10,1.2862355625031796e-10,NaN,converged,13,13,0,0,0,0,3,9.108369359136887e-12,1.12.6,lbt,1,1,Intel(R) Core(TM) 7 150U,NT,c8c2c51
degen-r5-m5-d0.0001-p4,100,AGD-SDAJ-BH,1e-7*n,9.999999999999999e-6,4,26,0.1167318,0.11547729999999999,98.92531426740614,0.0,6.05e-5,0.0,0.0,0.0,0.0011940000000000056,0.29466651917750636,1.4895005015879898e-5,-9.483948823921697e-15,1.7434473081889834e-6,1.7434473081889834e-6,4.0941441654454135e-6,1.7434473081889834e-6,NaN,diag_feasible_at_xpre,0,0,5,5,0,0,4,9.108369359136887e-12,1.12.6,lbt,1,1,Intel(R) Core(TM) 7 150U,NT,c8c2c51
degen-r5-m5-d0.0001-p4,100,AGD-SDAJ,1e-7*n,9.999999999999999e-6,4,26,0.1144405,0.1131426,98.86587353253437,0.0,5.87e-5,0.0,0.0,0.0,0.0012392000000000045,0.29466651917750636,1.4895005015879898e-5,-9.483948823921697e-15,1.7434473081889834e-6,1.7434473081889834e-6,4.0941441654454135e-6,1.7434473081889834e-6,NaN,diag_feasible_at_xpre,0,0,5,5,0,0,4,9.108369359136887e-12,1.12.6,lbt,1,1,Intel(R) Core(TM) 7 150U,NT,c8c2c51
degen-r5-m5-d0.0001-p4,100,Dykstra-APM,1e-7*n,9.999999999999999e-6,130,130,0.7493224,0.6617942,88.31901995723068,0.0,0.0,0.0,0.0,0.0462264,0.041301800000000055,0.29464513892373545,4.331228364716204e-5,-9.701056623183585e-15,1.4463773323480922e-6,1.4463773323480922e-6,9.660432366440975e-6,1.4463773323480922e-6,NaN,diag_feasible,0,0,0,0,0,0,130,9.108369359136887e-12,1.12.6,lbt,1,1,Intel(R) Core(TM) 7 150U,NT,c8c2c51
degen-r5-m5-d1e-06-p0,100,SBB-Dual,1e-7*n,9.999999999999999e-6,62,63,0.2493058,0.2339485,93.83997484214167,0.0002843,0.0001449,0.0002254,0.0,0.0,0.01470269999999999,0.28697024412528577,1.6437622401277698e-5,-7.382224087621174e-15,2.0241354059535865e-6,0.0,9.692009201726849e-6,2.0241354059535865e-6,100.0,diag_feasible,0,0,0,0,0,0,62,1.6137999637121404e-14,1.12.6,lbt,1,1,Intel(R) Core(TM) 7 150U,NT,c8c2c51
degen-r5-m5-d1e-06-p0,100,Newton-SIN-BH,1e-7*n,9.999999999999999e-6,3,4,0.0175323,0.0141649,80.79316461616558,0.0,9.3e-6,0.0,0.0029954,0.0,0.0003627000000000014,0.2869697232767866,1.0675743138876372e-6,-1.0537350244140798e-14,1.206636186523724e-7,1.206636186523724e-7,2.828961152070652e-7,1.206636186523724e-7,NaN,converged,16,16,0,0,0,0,3,1.6137999637121404e-14,1.12.6,lbt,1,1,Intel(R) Core(TM) 7 150U,NT,c8c2c51
degen-r5-m5-d1e-06-p0,100,Newton-SIN,1e-7*n,9.999999999999999e-6,3,7,0.0305988,0.0274225,89.61952756317241,0.0,9.5e-6,0.0,0.00288,0.0,0.0002867999999999998,0.2869697232767866,1.0675743138876372e-6,-1.0537350244140798e-14,1.206636186523724e-7,1.206636186523724e-7,2.828961152070652e-7,1.206636186523724e-7,NaN,converged,16,16,0,0,0,0,3,1.6137999637121404e-14,1.12.6,lbt,1,1,Intel(R) Core(TM) 7 150U,NT,c8c2c51
degen-r5-m5-d1e-06-p0,100,AGD-SDAJ-BH,1e-7*n,9.999999999999999e-6,5,39,0.1636557,0.16157849999999999,98.73074998304368,0.0,0.0001313,0.0,0.0,0.0,0.0019459000000000013,0.2869453353883371,3.0736364608995284e-5,-9.577108193371182e-15,2.6819973721892154e-6,2.6819973721892154e-6,9.895743745007068e-6,2.6819973721892154e-6,NaN,diag_feasible_at_xpre,0,0,12,12,0,0,5,1.6137999637121404e-14,1.12.6,lbt,1,1,Intel(R) Core(TM) 7 150U,NT,c8c2c51
degen-r5-m5-d1e-06-p0,100,AGD-SDAJ,1e-7*n,9.999999999999999e-6,5,39,0.1702648,0.16767330000000003,98.47795903792212,0.0,9.5e-5,0.0,0.0,0.0,0.002496499999999969,0.2869453353883371,3.0736364608995284e-5,-9.577108193371182e-15,2.6819973721892154e-6,2.6819973721892154e-6,9.895743745007068e-6,2.6819973721892154e-6,NaN,diag_feasible_at_xpre,0,0,12,12,0,0,5,1.6137999637121404e-14,1.12.6,lbt,1,1,Intel(R) Core(TM) 7 150U,NT,c8c2c51
degen-r5-m5-d1e-06-p0,100,Dykstra-APM,1e-7*n,9.999999999999999e-6,128,128,0.6594097,0.5925199,89.85610918371385,0.0,0.0,0.0,0.0,0.0371967,0.0296931,0.28694370940668623,3.785011107856041e-5,-1.0493756195036336e-14,1.9869029137531413e-6,1.9869029137531413e-6,9.575333686538628e-6,1.9869029137531413e-6,NaN,diag_feasible,0,0,0,0,0,0,128,1.6137999637121404e-14,1.12.6,lbt,1,1,Intel(R) Core(TM) 7 150U,NT,c8c2c51
degen-r5-m5-d1e-06-p1,100,SBB-Dual,1e-7*n,9.999999999999999e-6,61,62,0.2599323,0.2564431,98.65765047283465,0.0003062,0.0001479,0.0002104,0.0,0.0,0.002824700000000026,0.28217245704851873,1.5064278535630233e-5,-8.094646339725058e-15,1.848816583382984e-6,0.0,8.810545486101767e-6,1.848816583382984e-6,100.0,diag_feasible,0,0,0,0,0,0,61,1.3393726151744171e-14,1.12.6,lbt,1,1,Intel(R) Core(TM) 7 150U,NT,c8c2c51
degen-r5-m5-d1e-06-p1,100,Newton-SIN-BH,1e-7*n,9.999999999999999e-6,3,4,0.0165914,0.0134563,81.10406596188386,0.0,9.3e-6,0.0,0.0027489,0.0,0.0003769000000000003,0.2821710113316766,5.913030499721534e-6,-9.399887033499562e-15,2.0464217720395084e-6,2.0464217720395084e-6,2.158593980718797e-6,2.0464217720395084e-6,NaN,converged,15,15,0,0,0,0,3,1.3393726151744171e-14,1.12.6,lbt,1,1,Intel(R) Core(TM) 7 150U,NT,c8c2c51
degen-r5-m5-d1e-06-p1,100,Newton-SIN,1e-7*n,9.999999999999999e-6,3,7,0.0317828,0.0282593,88.91381501944448,0.0,1.05e-5,0.0,0.0032104,0.0,0.0003025999999999988,0.2821710113316766,5.913030499721534e-6,-9.399887033499562e-15,2.0464217720395084e-6,2.0464217720395084e-6,2.158593980718797e-6,2.0464217720395084e-6,NaN,converged,15,15,0,0,0,0,3,1.3393726151744171e-14,1.12.6,lbt,1,1,Intel(R) Core(TM) 7 150U,NT,c8c2c51
degen-r5-m5-d1e-06-p1,100,AGD-SDAJ-BH,1e-7*n,9.999999999999999e-6,3,22,0.0894148,0.08823399999999999,98.67941325149751,0.0,0.0001725,0.0,0.0,0.0,0.0010083000000000097,0.28216691459477256,2.4253633404693912e-5,-1.0743992211153454e-14,2.4704989911583652e-6,2.4704989911583652e-6,7.266591127956682e-6,2.4704989911583652e-6,NaN,diag_feasible,0,0,3,3,0,0,3,1.3393726151744171e-14,1.12.6,lbt,1,1,Intel(R) Core(TM) 7 150U,NT,c8c2c51
degen-r5-m5-d1e-06-p1,100,AGD-SDAJ,1e-7*n,9.999999999999999e-6,3,22,0.0837547,0.0827353,98.78287427451832,0.0,4.6e-5,0.0,0.0,0.0,0.0009734000000000036,0.28216691459477256,2.4253633404693912e-5,-1.0743992211153454e-14,2.4704989911583652e-6,2.4704989911583652e-6,7.266591127956682e-6,2.4704989911583652e-6,NaN,diag_feasible,0,0,3,3,0,0,3,1.3393726151744171e-14,1.12.6,lbt,1,1,Intel(R) Core(TM) 7 150U,NT,c8c2c51
degen-r5-m5-d1e-06-p1,100,Dykstra-APM,1e-7*n,9.999999999999999e-6,125,125,0.6211342,0.5584693,89.91121403393984,0.0,0.0,0.0,0.0,0.0346729,0.027992000000000024,0.28214604350118305,3.635264172356396e-5,-8.739782947298856e-15,1.9447924297644192e-6,1.9447924297644192e-6,9.357781148808712e-6,1.9447924297644192e-6,NaN,diag_feasible,0,0,0,0,0,0,125,1.3393726151744171e-14,1.12.6,lbt,1,1,Intel(R) Core(TM) 7 150U,NT,c8c2c51
degen-r5-m5-d1e-06-p2,100,SBB-Dual,1e-7*n,9.999999999999999e-6,60,61,0.2878412,0.2837669,98.58453202668693,0.0003999,0.0001582,0.0002161,0.0,0.0,0.003300100000000031,0.29415183534642353,1.4604047336737782e-5,-8.86081761911455e-15,1.8715825549353582e-6,0.0,9.095747311850718e-6,1.8715825549353582e-6,100.0,diag_feasible,0,0,0,0,0,0,60,1.8101402502417698e-14,1.12.6,lbt,1,1,Intel(R) Core(TM) 7 150U,NT,c8c2c51
degen-r5-m5-d1e-06-p2,100,Newton-SIN-BH,1e-7*n,9.999999999999999e-6,3,4,0.0209574,0.017090800000000003,81.55019229484574,0.0,1.05e-5,0.0,0.0034251,0.0,0.0004309999999999978,0.29415128666129964,1.0752168637570672e-6,-9.760683509487697e-15,1.0085626778177925e-7,1.0085626778177925e-7,2.765088562271419e-7,1.0085626778177925e-7,NaN,converged,16,16,0,0,0,0,3,1.8101402502417698e-14,1.12.6,lbt,1,1,Intel(R) Core(TM) 7 150U,NT,c8c2c51
degen-r5-m5-d1e-06-p2,100,Newton-SIN,1e-7*n,9.999999999999999e-6,3,7,0.0353516,0.0310344,87.787822899105,0.0,1.26e-5,0.0,0.0039715,0.0,0.00033309999999999677,0.29415128666129964,1.0752168637570672e-6,-9.760683509487697e-15,1.0085626778177925e-7,1.0085626778177925e-7,2.765088562271419e-7,1.0085626778177925e-7,NaN,converged,16,16,0,0,0,0,3,1.8101402502417698e-14,1.12.6,lbt,1,1,Intel(R) Core(TM) 7 150U,NT,c8c2c51
degen-r5-m5-d1e-06-p2,100,AGD-SDAJ-BH,1e-7*n,9.999999999999999e-6,4,35,0.1550942,0.1530301,98.66913140530079,0.0,8.48e-5,0.0,0.0,0.0,0.0019792999999999855,0.29414931515068254,5.302450471723187e-6,-8.010400424827792e-15,6.709775501878568e-7,6.709775501878568e-7,1.5211732877888328e-6,6.709775501878568e-7,NaN,diag_feasible,0,0,10,10,0,0,4,1.8101402502417698e-14,1.12.6,lbt,1,1,Intel(R) Core(TM) 7 150U,NT,c8c2c51
degen-r5-m5-d1e-06-p2,100,AGD-SDAJ,1e-7*n,9.999999999999999e-6,4,35,0.1521657,0.15026479999999998,98.75076972011432,0.0,0.0001747,0.0,0.0,0.0,0.0017262000000000108,0.29414931515068254,5.302450471723187e-6,-8.010400424827792e-15,6.709775501878568e-7,6.709775501878568e-7,1.5211732877888328e-6,6.709775501878568e-7,NaN,diag_feasible,0,0,10,10,0,0,4,1.8101402502417698e-14,1.12.6,lbt,1,1,Intel(R) Core(TM) 7 150U,NT,c8c2c51
degen-r5-m5-d1e-06-p2,100,Dykstra-APM,1e-7*n,9.999999999999999e-6,123,123,0.6531742,0.5893852,90.23399883216453,0.0,0.0,0.0,0.0,0.0348273,0.028961699999999986,0.2941266431030346,3.7509309890492515e-5,-8.060984366060445e-15,1.973981194947072e-6,1.973981194947072e-6,9.659197612942183e-6,1.973981194947072e-6,NaN,diag_feasible,0,0,0,0,0,0,123,1.8101402502417698e-14,1.12.6,lbt,1,1,Intel(R) Core(TM) 7 150U,NT,c8c2c51
degen-r5-m5-d1e-06-p3,100,SBB-Dual,1e-7*n,9.999999999999999e-6,60,61,0.2917307,0.281175,96.38169722967106,0.0003276,0.0002182,0.0005175,0.0,0.0,0.0094924,0.2946313698223607,1.7109457838275438e-5,-8.82496634908112e-15,2.4327303431714853e-6,0.0,9.961261709760618e-6,2.4327303431714853e-6,100.0,diag_feasible,0,0,0,0,0,0,60,7.45619709487672e-12,1.12.6,lbt,1,1,Intel(R) Core(TM) 7 150U,NT,c8c2c51
degen-r5-m5-d1e-06-p3,100,Newton-SIN-BH,1e-7*n,9.999999999999999e-6,3,4,0.0199842,0.016886599999999998,84.49975480629696,0.0,1.04e-5,0.0,0.0026579,0.0,0.0004293000000000027,0.29463084045812415,1.0667994029634371e-6,-9.53343558679529e-15,9.053694571825588e-8,9.053694571825588e-8,2.689267912653517e-7,9.053694571825588e-8,NaN,converged,14,14,0,0,0,0,3,7.45619709487672e-12,1.12.6,lbt,1,1,Intel(R) Core(TM) 7 150U,NT,c8c2c51
degen-r5-m5-d1e-06-p3,100,Newton-SIN,1e-7*n,9.999999999999999e-6,3,7,0.0322678,0.0286119,88.67012935496068,0.0,1.03e-5,0.0,0.003368,0.0,0.00027760000000000024,0.29463084045812415,1.0667994029634371e-6,-9.53343558679529e-15,9.053694571825588e-8,9.053694571825588e-8,2.689267912653517e-7,9.053694571825588e-8,NaN,converged,14,14,0,0,0,0,3,7.45619709487672e-12,1.12.6,lbt,1,1,Intel(R) Core(TM) 7 150U,NT,c8c2c51
degen-r5-m5-d1e-06-p3,100,AGD-SDAJ-BH,1e-7*n,9.999999999999999e-6,3,20,0.0914146,0.0902706,98.74855876413615,0.0,5.02e-5,0.0,0.0,0.0,0.0010937999999999922,0.2946242821343263,2.712949715576421e-5,-9.393690579154944e-15,4.203367034216754e-6,4.203367034216754e-6,8.515135867600627e-6,4.203367034216754e-6,NaN,diag_feasible_at_xpre,0,0,3,3,0,0,3,7.45619709487672e-12,1.12.6,lbt,1,1,Intel(R) Core(TM) 7 150U,NT,c8c2c51
degen-r5-m5-d1e-06-p3,100,AGD-SDAJ,1e-7*n,9.999999999999999e-6,3,20,0.0931476,0.0921448,98.92342905238569,0.0,4.53e-5,0.0,0.0,0.0,0.0009574999999999982,0.2946242821343263,2.712949715576421e-5,-9.393690579154944e-15,4.203367034216754e-6,4.203367034216754e-6,8.515135867600627e-6,4.203367034216754e-6,NaN,diag_feasible_at_xpre,0,0,3,3,0,0,3,7.45619709487672e-12,1.12.6,lbt,1,1,Intel(R) Core(TM) 7 150U,NT,c8c2c51
degen-r5-m5-d1e-06-p3,100,Dykstra-APM,1e-7*n,9.999999999999999e-6,124,124,0.656599,0.5917079,90.11708820756655,0.0,0.0,0.0,0.0,0.0363731,0.028518000000000092,0.2946062121247402,3.8395763172966664e-5,-9.795856637426622e-15,2.379629215010226e-6,2.379629215010226e-6,9.828822193441229e-6,2.379629215010226e-6,NaN,diag_feasible,0,0,0,0,0,0,124,7.45619709487672e-12,1.12.6,lbt,1,1,Intel(R) Core(TM) 7 150U,NT,c8c2c51
degen-r5-m5-d1e-06-p4,100,SBB-Dual,1e-7*n,9.999999999999999e-6,59,60,0.2664509,0.261787,98.24962122477349,0.0003288,0.0001503,0.0001745,0.0,0.0,0.004010299999999999,0.29481509329446787,1.590793661279253e-5,-8.174567688784175e-15,1.955301073053306e-6,0.0,9.460831823373068e-6,1.955301073053306e-6,100.0,diag_feasible,0,0,0,0,0,0,59,7.694254073430908e-15,1.12.6,lbt,1,1,Intel(R) Core(TM) 7 150U,NT,c8c2c51
degen-r5-m5-d1e-06-p4,100,Newton-SIN-BH,1e-7*n,9.999999999999999e-6,3,4,0.0199175,0.0164669,82.67553658842726,0.0,8.9e-6,0.0,0.003038,0.0,0.0004037000000000016,0.29481453082044545,1.078108139379038e-6,-8.55861841119632e-15,9.837262116008105e-8,9.837262116008105e-8,2.7623414451218047e-7,9.837262116008105e-8,NaN,converged,15,15,0,0,0,0,3,7.694254073430908e-15,1.12.6,lbt,1,1,Intel(R) Core(TM) 7 150U,NT,c8c2c51
degen-r5-m5-d1e-06-p4,100,Newton-SIN,1e-7*n,9.999999999999999e-6,3,7,0.0339347,0.0300716,88.61607734855473,0.0,1.01e-5,0.0,0.0035166,0.0,0.000336399999999998,0.29481453082044545,1.078108139379038e-6,-8.55861841119632e-15,9.837262116008105e-8,9.837262116008105e-8,2.7623414451218047e-7,9.837262116008105e-8,NaN,converged,15,15,0,0,0,0,3,7.694254073430908e-15,1.12.6,lbt,1,1,Intel(R) Core(TM) 7 150U,NT,c8c2c51
degen-r5-m5-d1e-06-p4,100,AGD-SDAJ-BH,1e-7*n,9.999999999999999e-6,3,23,0.0904778,0.08940429999999999,98.81352110683504,0.0,4.9e-5,0.0,0.0,0.0,0.001024500000000005,0.29481343561465456,7.861009227955012e-6,-8.115052390635336e-15,1.3796827671441747e-6,1.3796827671441747e-6,2.5342008015369033e-6,1.3796827671441747e-6,NaN,diag_feasible,0,0,4,4,0,0,3,7.694254073430908e-15,1.12.6,lbt,1,1,Intel(R) Core(TM) 7 150U,NT,c8c2c51
degen-r5-m5-d1e-06-p4,100,AGD-SDAJ,1e-7*n,9.999999999999999e-6,3,23,0.0808764,0.07992519999999999,98.82388434697883,0.0,4.57e-5,0.0,0.0,0.0,0.0009055000000000132,0.29481343561465456,7.861009227955012e-6,-8.115052390635336e-15,1.3796827671441747e-6,1.3796827671441747e-6,2.5342008015369033e-6,1.3796827671441747e-6,NaN,diag_feasible,0,0,4,4,0,0,3,7.694254073430908e-15,1.12.6,lbt,1,1,Intel(R) Core(TM) 7 150U,NT,c8c2c51
degen-r5-m5-d1e-06-p4,100,Dykstra-APM,1e-7*n,9.999999999999999e-6,122,122,0.6497132,0.5849172,90.02698421395779,0.0,0.0,0.0,0.0,0.0345333,0.030262699999999962,0.29479072683928115,3.614040827358307e-5,-7.605737667213496e-15,1.9244981621646673e-6,1.9244981621646673e-6,9.372418055652419e-6,1.9244981621646673e-6,NaN,diag_feasible,0,0,0,0,0,0,122,7.694254073430908e-15,1.12.6,lbt,1,1,Intel(R) Core(TM) 7 150U,NT,c8c2c51
degen-r5-m5-d1e-08-p0,100,SBB-Dual,1e-7*n,9.999999999999999e-6,62,63,0.3224227,0.3143187,97.48652932935553,0.0003804,0.0001707,0.0006286,0.0,0.0,0.0069242999999999996,0.2869715347728525,1.7535999698433624e-5,-9.045332607499787e-15,2.0241043374724654e-6,0.0,9.691805406443953e-6,2.0241043374724654e-6,100.0,diag_feasible,0,0,0,0,0,0,62,8.361795845013764e-12,1.12.6,lbt,1,1,Intel(R) Core(TM) 7 150U,NT,c8c2c51
degen-r5-m5-d1e-08-p0,100,Newton-SIN-BH,1e-7*n,9.999999999999999e-6,3,4,0.0433183,0.030125700000000002,69.54497290983258,0.0,1.55e-5,0.0,0.0125214,0.0,0.0006556999999999952,0.28697146890073205,1.1918822659289971e-7,-8.947519535786826e-15,2.4908765494657814e-8,2.4908765494657814e-8,4.46123388332364e-8,2.4908765494657814e-8,NaN,converged,16,16,0,0,0,0,3,8.361795845013764e-12,1.12.6,lbt,1,1,Intel(R) Core(TM) 7 150U,NT,c8c2c51
degen-r5-m5-d1e-08-p0,100,Newton-SIN,1e-7*n,9.999999999999999e-6,3,7,0.035542,0.0314328,88.4384671656069,0.0,1.46e-5,0.0,0.0036567,0.0,0.0004379000000000002,0.28697146890073205,1.1918822659289971e-7,-8.947519535786826e-15,2.4908765494657814e-8,2.4908765494657814e-8,4.46123388332364e-8,2.4908765494657814e-8,NaN,converged,16,16,0,0,0,0,3,8.361795845013764e-12,1.12.6,lbt,1,1,Intel(R) Core(TM) 7 150U,NT,c8c2c51
degen-r5-m5-d1e-08-p0,100,AGD-SDAJ-BH,1e-7*n,9.999999999999999e-6,5,44,0.258726,0.2524762,97.58439430130716,0.0,0.0001483,0.0,0.0,0.0,0.006101500000000028,0.2869578915660349,2.5783827386322067e-5,-9.271370424538991e-15,3.458632991226729e-6,3.458632991226729e-6,8.036177584938375e-6,3.458632991226729e-6,NaN,diag_feasible_at_xpre,0,0,15,15,0,0,5,8.361795845013764e-12,1.12.6,lbt,1,1,Intel(R) Core(TM) 7 150U,NT,c8c2c51
degen-r5-m5-d1e-08-p0,100,AGD-SDAJ,1e-7*n,9.999999999999999e-6,5,44,0.2158321,0.2128814,98.63287249672314,0.0,0.0001475,0.0,0.0,0.0,0.0028032000000000005,0.2869578915660349,2.5783827386322067e-5,-9.271370424538991e-15,3.458632991226729e-6,3.458632991226729e-6,8.036177584938375e-6,3.458632991226729e-6,NaN,diag_feasible_at_xpre,0,0,15,15,0,0,5,8.361795845013764e-12,1.12.6,lbt,1,1,Intel(R) Core(TM) 7 150U,NT,c8c2c51
degen-r5-m5-d1e-08-p0,100,Dykstra-APM,1e-7*n,9.999999999999999e-6,128,128,0.6514726,0.5887077,90.36568844184697,0.0,0.0,0.0,0.0,0.0363887,0.02637620000000001,0.28694500063161577,3.7825027367374044e-5,-7.646105187748738e-15,1.986873861881122e-6,1.986873861881122e-6,9.575140556613773e-6,1.986873861881122e-6,NaN,diag_feasible,0,0,0,0,0,0,128,8.361795845013764e-12,1.12.6,lbt,1,1,Intel(R) Core(TM) 7 150U,NT,c8c2c51
degen-r5-m5-d1e-08-p1,100,SBB-Dual,1e-7*n,9.999999999999999e-6,61,62,0.3292618,0.3163387,96.07512927403057,0.0004259,0.0001779,0.0002158,0.0,0.0,0.01210350000000002,0.28217367088429385,1.6196732228928456e-5,-9.093439294633756e-15,1.8487934145827722e-6,0.0,8.810400578704483e-6,1.8487934145827722e-6,100.0,diag_feasible,0,0,0,0,0,0,61,4.591676148140439e-12,1.12.6,lbt,1,1,Intel(R) Core(TM) 7 150U,NT,c8c2c51
degen-r5-m5-d1e-08-p1,100,Newton-SIN-BH,1e-7*n,9.999999999999999e-6,3,4,0.0258266,0.020052,77.64088188147103,0.0,1.49e-5,0.0,0.005235,0.0,0.0005247000000000012,0.282172523806847,5.807595131537692e-6,-8.057619256900761e-15,2.046944003630813e-6,2.046944003630813e-6,2.145708696608632e-6,2.046944003630813e-6,NaN,converged,15,15,0,0,0,0,3,4.591676148140439e-12,1.12.6,lbt,1,1,Intel(R) Core(TM) 7 150U,NT,c8c2c51
degen-r5-m5-d1e-08-p1,100,Newton-SIN,1e-7*n,9.999999999999999e-6,3,7,0.038952,0.034816400000000004,89.38283014992813,0.0,0.0001183,0.0,0.0034886,0.0,0.0005286999999999961,0.282172523806847,5.807595131537692e-6,-8.057619256900761e-15,2.046944003630813e-6,2.046944003630813e-6,2.145708696608632e-6,2.046944003630813e-6,NaN,converged,15,15,0,0,0,0,3,4.591676148140439e-12,1.12.6,lbt,1,1,Intel(R) Core(TM) 7 150U,NT,c8c2c51
degen-r5-m5-d1e-08-p1,100,AGD-SDAJ-BH,1e-7*n,9.999999999999999e-6,3,22,0.1084603,0.1071563,98.7977167682553,0.0,6.47e-5,0.0,0.0,0.0,0.0012392999999999996,0.2821657366741248,3.075991944676663e-5,-9.82513233044208e-15,3.225996581757151e-6,3.225996581757151e-6,9.225811559464251e-6,3.225996581757151e-6,NaN,diag_feasible,0,0,3,3,0,0,3,4.591676148140439e-12,1.12.6,lbt,1,1,Intel(R) Core(TM) 7 150U,NT,c8c2c51
degen-r5-m5-d1e-08-p1,100,AGD-SDAJ,1e-7*n,9.999999999999999e-6,3,22,0.1059587,0.1046956,98.80793176964231,0.0,5.85e-5,0.0,0.0,0.0,0.0012046000000000032,0.2821657366741248,3.075991944676663e-5,-9.82513233044208e-15,3.225996581757151e-6,3.225996581757151e-6,9.225811559464251e-6,3.225996581757151e-6,NaN,diag_feasible,0,0,3,3,0,0,3,4.591676148140439e-12,1.12.6,lbt,1,1,Intel(R) Core(TM) 7 150U,NT,c8c2c51
degen-r5-m5-d1e-08-p1,100,Dykstra-APM,1e-7*n,9.999999999999999e-6,125,125,0.7777907,0.6944692,89.28741369625531,0.0,0.0,0.0,0.0,0.0467605,0.036560999999999934,0.2821472577832412,3.6326809548840653e-5,-7.66660475359772e-15,1.9447695798202602e-6,1.9447695798202602e-6,9.357635833016113e-6,1.9447695798202602e-6,NaN,diag_feasible,0,0,0,0,0,0,125,4.591676148140439e-12,1.12.6,lbt,1,1,Intel(R) Core(TM) 7 150U,NT,c8c2c51
degen-r5-m5-d1e-08-p2,100,SBB-Dual,1e-7*n,9.999999999999999e-6,60,61,0.2959947,0.29205369999999997,98.6685572410587,0.0003555,0.0001646,0.0002218,0.0,0.0,0.003199100000000028,0.2941532332628174,1.5783099034376234e-5,-8.975865618459189e-15,1.8715535319291376e-6,0.0,9.095519897251715e-6,1.8715535319291376e-6,100.0,diag_feasible,0,0,0,0,0,0,60,1.769160507410451e-14,1.12.6,lbt,1,1,Intel(R) Core(TM) 7 150U,NT,c8c2c51
degen-r5-m5-d1e-08-p2,100,Newton-SIN-BH,1e-7*n,9.999999999999999e-6,3,4,0.0278221,0.0233328,83.86426617688817,0.0,1.79e-5,0.0,0.0038749,0.0,0.0005964999999999976,0.2941532244792507,2.7625758047145878e-8,-9.548771068138629e-15,6.238231264887872e-9,6.238231264887872e-9,9.395217291313494e-9,6.238231264887872e-9,NaN,converged,16,16,0,0,0,0,3,1.769160507410451e-14,1.12.6,lbt,1,1,Intel(R) Core(TM) 7 150U,NT,c8c2c51
degen-r5-m5-d1e-08-p2,100,Newton-SIN,1e-7*n,9.999999999999999e-6,3,7,0.0393392,0.033986300000000004,86.39296172774232,0.0,1.25e-5,0.0,0.0049533,0.0,0.0003870999999999935,0.2941532244792507,2.7625758047145878e-8,-9.548771068138629e-15,6.238231264887872e-9,6.238231264887872e-9,9.395217291313494e-9,6.238231264887872e-9,NaN,converged,16,16,0,0,0,0,3,1.769160507410451e-14,1.12.6,lbt,1,1,Intel(R) Core(TM) 7 150U,NT,c8c2c51
degen-r5-m5-d1e-08-p2,100,AGD-SDAJ-BH,1e-7*n,9.999999999999999e-6,4,35,0.1779573,0.17559360000000002,98.67176002333144,0.0,9.65e-5,0.0,0.0,0.0,0.0022671999999999966,0.29414862751528587,7.39513070051415e-6,-8.609865113951494e-15,8.390598946750316e-7,8.390598946750316e-7,2.27849257614695e-6,8.390598946750316e-7,NaN,diag_feasible,0,0,10,10,0,0,4,1.769160507410451e-14,1.12.6,lbt,1,1,Intel(R) Core(TM) 7 150U,NT,c8c2c51
degen-r5-m5-d1e-08-p2,100,AGD-SDAJ,1e-7*n,9.999999999999999e-6,4,35,0.1750835,0.1728672,98.73414684993159,0.0,0.0001003,0.0,0.0,0.0,0.002116000000000004,0.29414862751528587,7.39513070051415e-6,-8.609865113951494e-15,8.390598946750316e-7,8.390598946750316e-7,2.27849257614695e-6,8.390598946750316e-7,NaN,diag_feasible,0,0,10,10,0,0,4,1.769160507410451e-14,1.12.6,lbt,1,1,Intel(R) Core(TM) 7 150U,NT,c8c2c51
degen-r5-m5-d1e-08-p2,100,Dykstra-APM,1e-7*n,9.999999999999999e-6,123,123,0.6509233,0.5800741,89.11558397126053,0.0,0.0,0.0,0.0,0.0381397,0.03270949999999995,0.2941280416718022,3.748135048720336e-5,-7.9386649984849e-15,1.9739526604389823e-6,1.9739526604389823e-6,9.658968731438845e-6,1.9739526604389823e-6,NaN,diag_feasible,0,0,0,0,0,0,123,1.769160507410451e-14,1.12.6,lbt,1,1,Intel(R) Core(TM) 7 150U,NT,c8c2c51
degen-r5-m5-d1e-08-p3,100,SBB-Dual,1e-7*n,9.999999999999999e-6,60,61,0.2637643,0.2596112,98.42545029786062,0.0003847,0.0002206,0.0001553,0.0,0.0,0.0033925000000000205,0.2946327732777072,1.82039509064302e-5,-9.646043180203212e-15,2.4327083101294278e-6,0.0,9.961046409894469e-6,2.4327083101294278e-6,100.0,diag_feasible,0,0,0,0,0,0,60,1.3256825356821615e-14,1.12.6,lbt,1,1,Intel(R) Core(TM) 7 150U,NT,c8c2c51
degen-r5-m5-d1e-08-p3,100,Newton-SIN-BH,1e-7*n,9.999999999999999e-6,3,4,0.0212439,0.017155,80.75259250890844,0.0,1.33e-5,0.0,0.0035624,0.0,0.0005131999999999997,0.29463276209329997,6.689527407112268e-8,-1.07463495825028e-14,2.7327763607587485e-8,2.7327763607587485e-8,2.9141432945988155e-8,2.7327763607587485e-8,NaN,converged,14,14,0,0,0,0,3,1.3256825356821615e-14,1.12.6,lbt,1,1,Intel(R) Core(TM) 7 150U,NT,c8c2c51
degen-r5-m5-d1e-08-p3,100,Newton-SIN,1e-7*n,9.999999999999999e-6,3,7,0.0309055,0.0275222,89.05275759977998,0.0,1.13e-5,0.0,0.0029796,0.0,0.0003923999999999989,0.29463276209329997,6.689527407112268e-8,-1.07463495825028e-14,2.7327763607587485e-8,2.7327763607587485e-8,2.9141432945988155e-8,2.7327763607587485e-8,NaN,converged,14,14,0,0,0,0,3,1.3256825356821615e-14,1.12.6,lbt,1,1,Intel(R) Core(TM) 7 150U,NT,c8c2c51
degen-r5-m5-d1e-08-p3,100,AGD-SDAJ-BH,1e-7*n,9.999999999999999e-6,3,21,0.0872167,0.0861889,98.82155596347948,0.0,4.62e-5,0.0,0.0,0.0,0.0009815999999999955,0.29462548658368537,2.7937500565735472e-5,-9.168673664765958e-15,4.39128119289478e-6,4.39128119289478e-6,8.808348817694412e-6,4.39128119289478e-6,NaN,diag_feasible_at_xpre,0,0,4,4,0,0,3,1.3256825356821615e-14,1.12.6,lbt,1,1,Intel(R) Core(TM) 7 150U,NT,c8c2c51
degen-r5-m5-d1e-08-p3,100,AGD-SDAJ,1e-7*n,9.999999999999999e-6,3,21,0.0940341,0.0930019,98.90231309705736,0.0,4.7e-5,0.0,0.0,0.0,0.000985199999999997,0.29462548658368537,2.7937500565735472e-5,-9.168673664765958e-15,4.39128119289478e-6,4.39128119289478e-6,8.808348817694412e-6,4.39128119289478e-6,NaN,diag_feasible_at_xpre,0,0,4,4,0,0,3,1.3256825356821615e-14,1.12.6,lbt,1,1,Intel(R) Core(TM) 7 150U,NT,c8c2c51
degen-r5-m5-d1e-08-p3,100,Dykstra-APM,1e-7*n,9.999999999999999e-6,124,124,0.6706043,0.6017781,89.73668972895044,0.0,0.0,0.0,0.0,0.0380849,0.03074130000000006,0.29460761617043874,3.8369269058610405e-5,-1.182725506248287e-14,2.379609038705155e-6,2.379609038705155e-6,9.828618295088732e-6,2.379609038705155e-6,NaN,diag_feasible,0,0,0,0,0,0,124,1.3256825356821615e-14,1.12.6,lbt,1,1,Intel(R) Core(TM) 7 150U,NT,c8c2c51
degen-r5-m5-d1e-08-p4,100,SBB-Dual,1e-7*n,9.999999999999999e-6,59,60,0.2464178,0.2431304,98.66592429605329,0.0003063,0.0001341,0.0001291,0.0,0.0,0.002717899999999996,0.294816501487834,1.7115403858842938e-5,-9.136655342588559e-15,1.955271565323713e-6,0.0,9.460619075983283e-6,1.955271565323713e-6,100.0,diag_feasible,0,0,0,0,0,0,59,1.4954254935586487e-14,1.12.6,lbt,1,1,Intel(R) Core(TM) 7 150U,NT,c8c2c51
degen-r5-m5-d1e-08-p4,100,Newton-SIN-BH,1e-7*n,9.999999999999999e-6,3,4,0.0236351,0.0200806,84.96092675723817,0.0,9.4e-6,0.0,0.0031277,0.0,0.00041739999999999833,0.2948164931631477,2.7249668755217778e-8,-8.24230197313908e-15,6.398076513036699e-9,6.398076513036699e-9,8.855682795146546e-9,6.398076513036699e-9,NaN,converged,15,15,0,0,0,0,3,1.4954254935586487e-14,1.12.6,lbt,1,1,Intel(R) Core(TM) 7 150U,NT,c8c2c51
degen-r5-m5-d1e-08-p4,100,Newton-SIN,1e-7*n,9.999999999999999e-6,3,7,0.032913,0.029713,90.27739798863671,0.0,1.15e-5,0.0,0.0028377,0.0,0.00035079999999999834,0.2948164931631477,2.7249668755217778e-8,-8.24230197313908e-15,6.398076513036699e-9,6.398076513036699e-9,8.855682795146546e-9,6.398076513036699e-9,NaN,converged,15,15,0,0,0,0,3,1.4954254935586487e-14,1.12.6,lbt,1,1,Intel(R) Core(TM) 7 150U,NT,c8c2c51
degen-r5-m5-d1e-08-p4,100,AGD-SDAJ-BH,1e-7*n,9.999999999999999e-6,3,23,0.0990146,0.0978775,98.85158350384692,0.0,5.27e-5,0.0,0.0,0.0,0.0010843999999999882,0.2948149377826075,8.15019273844623e-6,-7.818673759599428e-15,1.5450283747941995e-6,1.5450283747941995e-6,2.6853925586733917e-6,1.5450283747941995e-6,NaN,diag_feasible,0,0,4,4,0,0,3,1.4954254935586487e-14,1.12.6,lbt,1,1,Intel(R) Core(TM) 7 150U,NT,c8c2c51
degen-r5-m5-d1e-08-p4,100,AGD-SDAJ,1e-7*n,9.999999999999999e-6,3,23,0.0964856,0.0953716,98.84542356579634,0.0,5.15e-5,0.0,0.0,0.0,0.001062500000000004,0.2948149377826075,8.15019273844623e-6,-7.818673759599428e-15,1.5450283747941995e-6,1.5450283747941995e-6,2.6853925586733917e-6,1.5450283747941995e-6,NaN,diag_feasible,0,0,4,4,0,0,3,1.4954254935586487e-14,1.12.6,lbt,1,1,Intel(R) Core(TM) 7 150U,NT,c8c2c51
degen-r5-m5-d1e-08-p4,100,Dykstra-APM,1e-7*n,9.999999999999999e-6,122,122,0.6312572,0.5663771,89.72208158576251,0.0,0.0,0.0,0.0,0.0345906,0.030289499999999997,0.2947921356030752,3.611108544611379e-5,-8.345780396478378e-15,1.9244706785936927e-6,1.9244706785936927e-6,9.372216395472243e-6,1.9244706785936927e-6,NaN,diag_feasible,0,0,0,0,0,0,122,1.4954254935586487e-14,1.12.6,lbt,1,1,Intel(R) Core(TM) 7 150U,NT,c8c2c51
degen-r5-m5-d1e-10-p0,100,SBB-Dual,1e-7*n,9.999999999999999e-6,62,63,0.259836,0.2563228,98.64791637802307,0.0003505,0.0001421,0.000179,0.0,0.0,0.002841599999999994,0.286971547679339,1.7547105364861448e-5,-8.547136680258541e-15,2.0241040259438847e-6,0.0,9.6918033636741e-6,2.0241040259438847e-6,100.0,diag_feasible,0,0,0,0,0,0,62,2.638082412905157e-14,1.12.6,lbt,1,1,Intel(R) Core(TM) 7 150U,NT,c8c2c51
degen-r5-m5-d1e-10-p0,100,Newton-SIN-BH,1e-7*n,9.999999999999999e-6,3,4,0.020376,0.0164859,80.90842167255596,0.0,1.06e-5,0.0,0.0034293,0.0,0.00045019999999999696,0.28697148180751736,1.1848634124168261e-7,-8.245483014302867e-15,2.491390271863736e-8,2.491390271863736e-8,4.461544936712488e-8,2.491390271863736e-8,NaN,converged,16,16,0,0,0,0,3,2.638082412905157e-14,1.12.6,lbt,1,1,Intel(R) Core(TM) 7 150U,NT,c8c2c51
degen-r5-m5-d1e-10-p0,100,Newton-SIN,1e-7*n,9.999999999999999e-6,3,7,0.0392052,0.0351169,89.57204656525154,0.0,1.33e-5,0.0,0.0036779,0.0,0.0003971000000000031,0.28697148180751736,1.1848634124168261e-7,-8.245483014302867e-15,2.491390271863736e-8,2.491390271863736e-8,4.461544936712488e-8,2.491390271863736e-8,NaN,converged,16,16,0,0,0,0,3,2.638082412905157e-14,1.12.6,lbt,1,1,Intel(R) Core(TM) 7 150U,NT,c8c2c51
degen-r5-m5-d1e-10-p0,100,AGD-SDAJ-BH,1e-7*n,9.999999999999999e-6,5,44,0.2087039,0.20603559999999999,98.72149011110956,0.0,0.000108,0.0,0.0,0.0,0.0025603000000000123,0.28695779170050606,2.592015759607502e-5,-1.1662658205856461e-14,3.4700777591378795e-6,3.4700777591378795e-6,8.081363654826954e-6,3.4700777591378795e-6,NaN,diag_feasible_at_xpre,0,0,15,15,0,0,5,2.638082412905157e-14,1.12.6,lbt,1,1,Intel(R) Core(TM) 7 150U,NT,c8c2c51
degen-r5-m5-d1e-10-p0,100,AGD-SDAJ,1e-7*n,9.999999999999999e-6,5,44,0.2015946,0.1990797,98.75249634662832,0.0,0.000106,0.0,0.0,0.0,0.002408900000000014,0.28695779170050606,2.592015759607502e-5,-1.1662658205856461e-14,3.4700777591378795e-6,3.4700777591378795e-6,8.081363654826954e-6,3.4700777591378795e-6,NaN,diag_feasible_at_xpre,0,0,15,15,0,0,5,2.638082412905157e-14,1.12.6,lbt,1,1,Intel(R) Core(TM) 7 150U,NT,c8c2c51
degen-r5-m5-d1e-10-p0,100,Dykstra-APM,1e-7*n,9.999999999999999e-6,128,128,0.7607566,0.6829786,89.77623066300049,0.0,0.0,0.0,0.0,0.0430491,0.034728900000000014,0.28694501354383645,3.782503214195327e-5,-8.391762301683525e-15,1.9868735723349573e-6,1.9868735723349573e-6,9.575138637014441e-6,1.9868735723349573e-6,NaN,diag_feasible,0,0,0,0,0,0,128,2.638082412905157e-14,1.12.6,lbt,1,1,Intel(R) Core(TM) 7 150U,NT,c8c2c51
degen-r5-m5-d1e-10-p1,100,SBB-Dual,1e-7*n,9.999999999999999e-6,61,62,0.257594,0.2539735,98.59449366056664,0.0003429,0.0002598,0.0002277,0.0,0.0,0.0027900999999999707,0.2821736830226601,1.620817847044067e-5,-7.270141710183517e-15,1.8487931836563831e-6,0.0,8.81039913380259e-6,1.8487931836563831e-6,100.0,diag_feasible,0,0,0,0,0,0,61,1.1367187474695442e-14,1.12.6,lbt,1,1,Intel(R) Core(TM) 7 150U,NT,c8c2c51
degen-r5-m5-d1e-10-p1,100,Newton-SIN-BH,1e-7*n,9.999999999999999e-6,3,4,0.0204042,0.0164703,80.72014585232452,0.0,1.18e-5,0.0,0.0034655,0.0,0.0004566000000000006,0.28217253546826976,5.807659490770197e-6,-9.533138292791682e-15,2.046950245526702e-6,2.046950245526702e-6,2.1461971618082038e-6,2.046950245526702e-6,NaN,converged,15,15,0,0,0,0,3,1.1367187474695442e-14,1.12.6,lbt,1,1,Intel(R) Core(TM) 7 150U,NT,c8c2c51
degen-r5-m5-d1e-10-p1,100,Newton-SIN,1e-7*n,9.999999999999999e-6,3,7,0.0344746,0.0290133,84.15848189681678,0.0,1.13e-5,0.0,0.0050851,0.0,0.0003649000000000022,0.28217253546826976,5.807659490770197e-6,-9.533138292791682e-15,2.046950245526702e-6,2.046950245526702e-6,2.1461971618082038e-6,2.046950245526702e-6,NaN,converged,15,15,0,0,0,0,3,1.1367187474695442e-14,1.12.6,lbt,1,1,Intel(R) Core(TM) 7 150U,NT,c8c2c51
degen-r5-m5-d1e-10-p1,100,AGD-SDAJ-BH,1e-7*n,9.999999999999999e-6,3,22,0.0643107,0.063292,98.41597121474344,0.0,5.11e-5,0.0,0.0,0.0,0.0009675999999999974,0.2821657144354485,3.0848346178205974e-5,-9.17954916603958e-15,3.2354458227024097e-6,3.2354458227024097e-6,9.25604908633131e-6,3.2354458227024097e-6,NaN,diag_feasible,0,0,3,3,0,0,3,1.1367187474695442e-14,1.12.6,lbt,1,1,Intel(R) Core(TM) 7 150U,NT,c8c2c51
degen-r5-m5-d1e-10-p1,100,AGD-SDAJ,1e-7*n,9.999999999999999e-6,3,22,0.0692737,0.06833969999999999,98.6517249692163,0.0,4.52e-5,0.0,0.0,0.0,0.0008888000000000043,0.2821657144354485,3.0848346178205974e-5,-9.17954916603958e-15,3.2354458227024097e-6,3.2354458227024097e-6,9.25604908633131e-6,3.2354458227024097e-6,NaN,diag_feasible,0,0,3,3,0,0,3,1.1367187474695442e-14,1.12.6,lbt,1,1,Intel(R) Core(TM) 7 150U,NT,c8c2c51
degen-r5-m5-d1e-10-p1,100,Dykstra-APM,1e-7*n,9.999999999999999e-6,125,125,0.5490021,0.494528,90.07761536795579,0.0,0.0,0.0,0.0,0.0298331,0.024641000000000024,0.2821472699260738,3.632680413677368e-5,-7.499057918924887e-15,1.944769350004094e-6,1.944769350004094e-6,9.3576343795048e-6,1.944769350004094e-6,NaN,diag_feasible,0,0,0,0,0,0,125,1.1367187474695442e-14,1.12.6,lbt,1,1,Intel(R) Core(TM) 7 150U,NT,c8c2c51
degen-r5-m5-d1e-10-p2,100,SBB-Dual,1e-7*n,9.999999999999999e-6,60,61,0.2466061,0.2428137,98.46216293919737,0.0002936,0.0001354,0.0001776,0.0,0.0,0.0031858000000000017,0.2941532472419897,1.579504362427603e-5,-9.080478575943134e-15,1.8715532426050174e-6,0.0,9.095517619958655e-6,1.8715532426050174e-6,100.0,diag_feasible,0,0,0,0,0,0,60,1.2461233438632732e-14,1.12.6,lbt,1,1,Intel(R) Core(TM) 7 150U,NT,c8c2c51
degen-r5-m5-d1e-10-p2,100,Newton-SIN-BH,1e-7*n,9.999999999999999e-6,3,4,0.0202564,0.0167132,82.50824430797181,0.0,9.7e-6,0.0,0.0031247,0.0,0.00040879999999999996,0.2941532407391146,2.4652232647807604e-8,-9.132946099612137e-15,6.210361336300707e-9,6.210361336300707e-9,9.143963862500026e-9,6.210361336300707e-9,NaN,converged,16,16,0,0,0,0,3,1.2461233438632732e-14,1.12.6,lbt,1,1,Intel(R) Core(TM) 7 150U,NT,c8c2c51
degen-r5-m5-d1e-10-p2,100,Newton-SIN,1e-7*n,9.999999999999999e-6,3,7,0.0309801,0.0273283,88.2124331425657,0.0,8.3e-6,0.0,0.0033416,0.0,0.0003018999999999999,0.2941532407391146,2.4652232647807604e-8,-9.132946099612137e-15,6.210361336300707e-9,6.210361336300707e-9,9.143963862500026e-9,6.210361336300707e-9,NaN,converged,16,16,0,0,0,0,3,1.2461233438632732e-14,1.12.6,lbt,1,1,Intel(R) Core(TM) 7 150U,NT,c8c2c51
degen-r5-m5-d1e-10-p2,100,AGD-SDAJ-BH,1e-7*n,9.999999999999999e-6,4,35,0.1559571,0.154235,98.89578608476306,0.0,0.0001544,0.0,0.0,0.0,0.0015676999999999764,0.29414860761442796,7.4299482376581575e-6,-9.390552065898073e-15,8.415189318711214e-7,8.415189318711214e-7,2.2905873189125853e-6,8.415189318711214e-7,NaN,diag_feasible,0,0,10,10,0,0,4,1.2461233438632732e-14,1.12.6,lbt,1,1,Intel(R) Core(TM) 7 150U,NT,c8c2c51
degen-r5-m5-d1e-10-p2,100,AGD-SDAJ,1e-7*n,9.999999999999999e-6,4,35,0.1485202,0.14665620000000001,98.7449518651335,0.0,7.21e-5,0.0,0.0,0.0,0.0017918999999999767,0.29414860761442796,7.4299482376581575e-6,-9.390552065898073e-15,8.415189318711214e-7,8.415189318711214e-7,2.2905873189125853e-6,8.415189318711214e-7,NaN,diag_feasible,0,0,10,10,0,0,4,1.2461233438632732e-14,1.12.6,lbt,1,1,Intel(R) Core(TM) 7 150U,NT,c8c2c51
degen-r5-m5-d1e-10-p2,100,Dykstra-APM,1e-7*n,9.999999999999999e-6,123,123,0.6537133,0.5756039,88.05142866146366,0.0,0.0,0.0,0.0,0.0493848,0.028724600000000107,0.29412805565748745,3.74813230775832e-5,-1.0217447475295857e-14,1.9739523759998434e-6,1.9739523759998434e-6,9.658966441819542e-6,1.9739523759998434e-6,NaN,diag_feasible,0,0,0,0,0,0,123,1.2461233438632732e-14,1.12.6,lbt,1,1,Intel(R) Core(TM) 7 150U,NT,c8c2c51
degen-r5-m5-d1e-10-p3,100,SBB-Dual,1e-7*n,9.999999999999999e-6,60,61,0.2577714,0.2542545,98.63565158896604,0.0003136,0.0001674,0.0002144,0.0,0.0,0.00282149999999999,0.2946327873122684,1.821506979463365e-5,-1.039621234740483e-14,2.432708090305269e-6,0.0,9.961044255181512e-6,2.432708090305269e-6,100.0,diag_feasible,0,0,0,0,0,0,60,9.991390412019251e-15,1.12.6,lbt,1,1,Intel(R) Core(TM) 7 150U,NT,c8c2c51
degen-r5-m5-d1e-10-p3,100,Newton-SIN-BH,1e-7*n,9.999999999999999e-6,3,4,0.0199201,0.0166503,83.58542376795297,0.0,1.01e-5,0.0,0.0028396,0.0,0.0004201000000000001,0.2946327798070421,6.637526236805218e-8,-1.0642890958538843e-14,2.7332177410244185e-8,2.7332177410244185e-8,2.8872697689106962e-8,2.7332177410244185e-8,NaN,converged,14,14,0,0,0,0,3,9.991390412019251e-15,1.12.6,lbt,1,1,Intel(R) Core(TM) 7 150U,NT,c8c2c51
degen-r5-m5-d1e-10-p3,100,Newton-SIN,1e-7*n,9.999999999999999e-6,3,7,0.0341425,0.0298929,87.55334260818628,0.0,1.08e-5,0.0,0.0039197,0.0,0.00031909999999999925,0.2946327798070421,6.637526236805218e-8,-1.0642890958538843e-14,2.7332177410244185e-8,2.7332177410244185e-8,2.8872697689106962e-8,2.7332177410244185e-8,NaN,converged,14,14,0,0,0,0,3,9.991390412019251e-15,1.12.6,lbt,1,1,Intel(R) Core(TM) 7 150U,NT,c8c2c51
degen-r5-m5-d1e-10-p3,100,AGD-SDAJ-BH,1e-7*n,9.999999999999999e-6,3,21,0.0876524,0.08647310000000001,98.65457192273115,0.0,4.87e-5,0.0,0.0,0.0,0.0011305999999999942,0.2946254975599819,2.7946345072807774e-5,-8.485803641564613e-15,4.393619954079497e-6,4.393619954079497e-6,8.811497920019022e-6,4.393619954079497e-6,NaN,diag_feasible_at_xpre,0,0,4,4,0,0,3,9.991390412019251e-15,1.12.6,lbt,1,1,Intel(R) Core(TM) 7 150U,NT,c8c2c51
degen-r5-m5-d1e-10-p3,100,AGD-SDAJ,1e-7*n,9.999999999999999e-6,3,21,0.0871251,0.0860322,98.74559684866934,0.0,4.64e-5,0.0,0.0,0.0,0.0010464999999999938,0.2946254975599819,2.7946345072807774e-5,-8.485803641564613e-15,4.393619954079497e-6,4.393619954079497e-6,8.811497920019022e-6,4.393619954079497e-6,NaN,diag_feasible_at_xpre,0,0,4,4,0,0,3,9.991390412019251e-15,1.12.6,lbt,1,1,Intel(R) Core(TM) 7 150U,NT,c8c2c51
degen-r5-m5-d1e-10-p3,100,Dykstra-APM,1e-7*n,9.999999999999999e-6,124,124,0.6391387,0.5759399,90.11188025384787,0.0,0.0,0.0,0.0,0.0351936,0.0280052,0.2946076302108862,3.836924405194821e-5,-8.113700137675094e-15,2.379608837532743e-6,2.379608837532743e-6,9.828616261367054e-6,2.379608837532743e-6,NaN,diag_feasible,0,0,0,0,0,0,124,9.991390412019251e-15,1.12.6,lbt,1,1,Intel(R) Core(TM) 7 150U,NT,c8c2c51
degen-r5-m5-d1e-10-p4,100,SBB-Dual,1e-7*n,9.999999999999999e-6,59,60,0.2879239,0.2794293,97.04970653703982,0.0003491,0.000178,0.0006033,0.0,0.0,0.0073642000000000195,0.29481651556977406,1.7127613016108077e-5,-7.957535006203382e-15,1.9552712744452805e-6,0.0,9.460616953417967e-6,1.9552712744452805e-6,100.0,diag_feasible,0,0,0,0,0,0,59,1.493693578715064e-14,1.12.6,lbt,1,1,Intel(R) Core(TM) 7 150U,NT,c8c2c51
degen-r5-m5-d1e-10-p4,100,Newton-SIN-BH,1e-7*n,9.999999999999999e-6,3,4,0.020909,0.017654000000000003,84.43254101104789,0.0,9.6e-6,0.0,0.0028321,0.0,0.0004132999999999975,0.2948165099200457,2.4468221488303508e-8,-6.713275309614506e-15,6.3943725869819446e-9,6.3943725869819446e-9,8.563847730388436e-9,6.3943725869819446e-9,NaN,converged,15,15,0,0,0,0,3,1.493693578715064e-14,1.12.6,lbt,1,1,Intel(R) Core(TM) 7 150U,NT,c8c2c51
degen-r5-m5-d1e-10-p4,100,Newton-SIN,1e-7*n,9.999999999999999e-6,3,7,0.0290942,0.026182599999999997,89.99250709763457,0.0,1.08e-5,0.0,0.0026519,0.0,0.0002489000000000037,0.2948165099200457,2.4468221488303508e-8,-6.713275309614506e-15,6.3943725869819446e-9,6.3943725869819446e-9,8.563847730388436e-9,6.3943725869819446e-9,NaN,converged,15,15,0,0,0,0,3,1.493693578715064e-14,1.12.6,lbt,1,1,Intel(R) Core(TM) 7 150U,NT,c8c2c51
degen-r5-m5-d1e-10-p4,100,AGD-SDAJ-BH,1e-7*n,9.999999999999999e-6,3,23,0.0672759,0.0663679,98.65033392344063,0.0,4.39e-5,0.0,0.0,0.0,0.000864100000000006,0.29481495129242324,8.153815578941855e-6,-9.325487240146023e-15,1.5468158598430648e-6,1.5468158598430648e-6,2.687090504236371e-6,1.5468158598430648e-6,NaN,diag_feasible,0,0,4,4,0,0,3,1.493693578715064e-14,1.12.6,lbt,1,1,Intel(R) Core(TM) 7 150U,NT,c8c2c51
degen-r5-m5-d1e-10-p4,100,AGD-SDAJ,1e-7*n,9.999999999999999e-6,3,23,0.0989722,0.0978315,98.847454133585,0.0,5.01e-5,0.0,0.0,0.0,0.0010905999999999945,0.29481495129242324,8.153815578941855e-6,-9.325487240146023e-15,1.5468158598430648e-6,1.5468158598430648e-6,2.687090504236371e-6,1.5468158598430648e-6,NaN,diag_feasible,0,0,4,4,0,0,3,1.493693578715064e-14,1.12.6,lbt,1,1,Intel(R) Core(TM) 7 150U,NT,c8c2c51
degen-r5-m5-d1e-10-p4,100,Dykstra-APM,1e-7*n,9.999999999999999e-6,122,122,0.6259458,0.5556049,88.76246154219741,0.0,0.0,0.0,0.0,0.0428331,0.02750780000000004,0.29479214969072076,3.611105988108117e-5,-9.7294459465601e-15,1.9244704054788286e-6,1.9244704054788286e-6,9.372214379691234e-6,1.9244704054788286e-6,NaN,diag_feasible,0,0,0,0,0,0,122,1.493693578715064e-14,1.12.6,lbt,1,1,Intel(R) Core(TM) 7 150U,NT,c8c2c51
degen-r5-m5-d0-p0,100,SBB-Dual,1e-7*n,9.999999999999999e-6,62,63,0.2379237,0.23499209999999998,98.76784027820683,0.0002689,0.0001239,4.14e-5,0.0,0.0,0.0024974000000000064,0.28697154780970735,1.754721765068277e-5,-8.988584459512728e-15,2.0241040237234387e-6,0.0,9.691803345243249e-6,2.0241040237234387e-6,100.0,diag_feasible,0,0,0,0,0,0,62,1.1727529176978792e-13,1.12.6,lbt,1,1,Intel(R) Core(TM) 7 150U,NT,c8c2c51
degen-r5-m5-d0-p0,100,Newton-SIN-BH,1e-7*n,9.999999999999999e-6,3,4,0.0220719,0.0175811,79.65376791304782,0.0,1.06e-5,0.0,0.0040495,0.0,0.00043069999999999914,0.28697148193791083,1.1848635764705886e-7,-9.114440705393974e-15,2.4913950902316628e-8,2.4913950902316628e-8,4.461547350593352e-8,2.4913950902316628e-8,NaN,converged,16,16,0,0,0,0,3,1.1727529176978792e-13,1.12.6,lbt,1,1,Intel(R) Core(TM) 7 150U,NT,c8c2c51
degen-r5-m5-d0-p0,100,Newton-SIN,1e-7*n,9.999999999999999e-6,3,7,0.0277353,0.0246404,88.84129611001141,0.0,1.12e-5,0.0,0.0028218,0.0,0.0002619000000000011,0.28697148193791083,1.1848635764705886e-7,-9.114440705393974e-15,2.4913950902316628e-8,2.4913950902316628e-8,4.461547350593352e-8,2.4913950902316628e-8,NaN,converged,16,16,0,0,0,0,3,1.1727529176978792e-13,1.12.6,lbt,1,1,Intel(R) Core(TM) 7 150U,NT,c8c2c51
degen-r5-m5-d0-p0,100,AGD-SDAJ-BH,1e-7*n,9.999999999999999e-6,5,44,0.1674849,0.1654044,98.75779846421976,0.0,8.99e-5,0.0,0.0,0.0,0.001990599999999985,0.28695779063496984,2.5921596665252197e-5,-1.0737241153832655e-14,3.470195331201076e-6,3.470195331201076e-6,8.081840970096845e-6,3.470195331201076e-6,NaN,diag_feasible_at_xpre,0,0,15,15,0,0,5,1.1727529176978792e-13,1.12.6,lbt,1,1,Intel(R) Core(TM) 7 150U,NT,c8c2c51
degen-r5-m5-d0-p0,100,AGD-SDAJ,1e-7*n,9.999999999999999e-6,5,44,0.1845708,0.1820872,98.65439170226276,0.0,0.0001002,0.0,0.0,0.0,0.0023834000000000025,0.28695779063496984,2.5921596665252197e-5,-1.0737241153832655e-14,3.470195331201076e-6,3.470195331201076e-6,8.081840970096845e-6,3.470195331201076e-6,NaN,diag_feasible_at_xpre,0,0,15,15,0,0,5,1.1727529176978792e-13,1.12.6,lbt,1,1,Intel(R) Core(TM) 7 150U,NT,c8c2c51
degen-r5-m5-d0-p0,100,Dykstra-APM,1e-7*n,9.999999999999999e-6,128,128,0.700538,0.6267781,89.47096374500741,0.0,0.0,0.0,0.0,0.0423067,0.03145319999999999,0.2869450136742902,3.7825031900281974e-5,-9.269122586057595e-15,1.9868735694483775e-6,1.9868735694483775e-6,9.575138612864133e-6,1.9868735694483775e-6,NaN,diag_feasible,0,0,0,0,0,0,128,1.1727529176978792e-13,1.12.6,lbt,1,1,Intel(R) Core(TM) 7 150U,NT,c8c2c51
degen-r5-m5-d0-p1,100,SBB-Dual,1e-7*n,9.999999999999999e-6,61,62,0.2072039,0.20421499999999998,98.55750784613609,0.0002842,0.0001253,0.0002324,0.0,0.0,0.0023470000000000166,0.2821736831452697,1.6208294155629686e-5,-8.44580423652534e-15,1.8487931801036694e-6,0.0,8.81039912075705e-6,1.8487931801036694e-6,100.0,diag_feasible,0,0,0,0,0,0,61,6.431133976420635e-14,1.12.6,lbt,1,1,Intel(R) Core(TM) 7 150U,NT,c8c2c51
degen-r5-m5-d0-p1,100,Newton-SIN-BH,1e-7*n,9.999999999999999e-6,3,4,0.0194078,0.0159991,82.43644307958655,0.0,1.06e-5,0.0,0.0029794,0.0,0.0004187000000000006,0.2821725355860736,5.807660302381682e-6,-9.76085201655636e-15,2.0469503088094143e-6,2.0469503088094143e-6,2.146202105745825e-6,2.0469503088094143e-6,NaN,converged,15,15,0,0,0,0,3,6.431133976420635e-14,1.12.6,lbt,1,1,Intel(R) Core(TM) 7 150U,NT,c8c2c51
degen-r5-m5-d0-p1,100,Newton-SIN,1e-7*n,9.999999999999999e-6,3,7,0.0292319,0.0260026,88.95282208819816,0.0,9.8e-6,0.0,0.0029389,0.0,0.0002806000000000011,0.2821725355860736,5.807660302381682e-6,-9.76085201655636e-15,2.0469503088094143e-6,2.0469503088094143e-6,2.146202105745825e-6,2.0469503088094143e-6,NaN,converged,15,15,0,0,0,0,3,6.431133976420635e-14,1.12.6,lbt,1,1,Intel(R) Core(TM) 7 150U,NT,c8c2c51
degen-r5-m5-d0-p1,100,AGD-SDAJ-BH,1e-7*n,9.999999999999999e-6,3,22,0.0853277,0.0841588,98.63010487801735,0.0,4.97e-5,0.0,0.0,0.0,0.0011192000000000005,0.2821657142082983,3.084924616114634e-5,-1.0187279566221881e-14,3.2355418528862145e-6,3.2355418528862145e-6,9.25635869160058e-6,3.2355418528862145e-6,NaN,diag_feasible,0,0,3,3,0,0,3,6.431133976420635e-14,1.12.6,lbt,1,1,Intel(R) Core(TM) 7 150U,NT,c8c2c51
degen-r5-m5-d0-p1,100,AGD-SDAJ,1e-7*n,9.999999999999999e-6,3,22,0.0938159,0.09219669999999999,98.2740665494868,0.0,5.17e-5,0.0,0.0,0.0,0.0015675000000000012,0.2821657142082983,3.084924616114634e-5,-1.0187279566221881e-14,3.2355418528862145e-6,3.2355418528862145e-6,9.25635869160058e-6,3.2355418528862145e-6,NaN,diag_feasible,0,0,3,3,0,0,3,6.431133976420635e-14,1.12.6,lbt,1,1,Intel(R) Core(TM) 7 150U,NT,c8c2c51
degen-r5-m5-d0-p1,100,Dykstra-APM,1e-7*n,9.999999999999999e-6,125,125,0.5929026,0.5337752,90.0274682553256,0.0,0.0,0.0,0.0,0.0325837,0.02654369999999994,0.28214727004873613,3.632680393962242e-5,-7.38467484538752e-15,1.9447693475616035e-6,1.9447693475616035e-6,9.357634362337816e-6,1.9447693475616035e-6,NaN,diag_feasible,0,0,0,0,0,0,125,6.431133976420635e-14,1.12.6,lbt,1,1,Intel(R) Core(TM) 7 150U,NT,c8c2c51
degen-r5-m5-d0-p2,100,SBB-Dual,1e-7*n,9.999999999999999e-6,60,61,0.255474,0.2517288,98.5340191174053,0.0003138,0.0001477,0.0002104,0.0,0.0,0.003073300000000004,0.29415324738319387,1.5795164251828207e-5,-1.2116751169195437e-14,1.87155323838617e-6,0.0,9.095517600539473e-6,1.87155323838617e-6,100.0,diag_feasible,0,0,0,0,0,0,60,1.6269597768739758e-14,1.12.6,lbt,1,1,Intel(R) Core(TM) 7 150U,NT,c8c2c51
degen-r5-m5-d0-p2,100,Newton-SIN-BH,1e-7*n,9.999999999999999e-6,3,4,0.0238838,0.0195782,81.97271790921043,0.0,1.14e-5,0.0,0.0037373,0.0,0.0005568999999999999,0.2941532408922319,2.4653710136594658e-8,-9.045151113626609e-15,6.21027940184149e-9,6.21027940184149e-9,9.143934392159322e-9,6.21027940184149e-9,NaN,converged,16,16,0,0,0,0,3,1.6269597768739758e-14,1.12.6,lbt,1,1,Intel(R) Core(TM) 7 150U,NT,c8c2c51
degen-r5-m5-d0-p2,100,Newton-SIN,1e-7*n,9.999999999999999e-6,3,7,0.0295336,0.0260294,88.13487011403961,0.0,9.8e-6,0.0,0.0032065,0.0,0.0002878999999999989,0.2941532408922319,2.4653710136594658e-8,-9.045151113626609e-15,6.21027940184149e-9,6.21027940184149e-9,9.143934392159322e-9,6.21027940184149e-9,NaN,converged,16,16,0,0,0,0,3,1.6269597768739758e-14,1.12.6,lbt,1,1,Intel(R) Core(TM) 7 150U,NT,c8c2c51
degen-r5-m5-d0-p2,100,AGD-SDAJ-BH,1e-7*n,9.999999999999999e-6,4,35,0.1527366,0.1509697,98.84317183962456,0.0,8.41e-5,0.0,0.0,0.0,0.001682799999999988,0.2941486074107787,7.430303249133869e-6,-7.937717268718643e-15,8.415440413411801e-7,8.415440413411801e-7,2.2907106254747245e-6,8.415440413411801e-7,NaN,diag_feasible,0,0,10,10,0,0,4,1.6269597768739758e-14,1.12.6,lbt,1,1,Intel(R) Core(TM) 7 150U,NT,c8c2c51
degen-r5-m5-d0-p2,100,AGD-SDAJ,1e-7*n,9.999999999999999e-6,4,35,0.1486572,0.1469027,98.81976789553416,0.0,7.89e-5,0.0,0.0,0.0,0.0016755999999999922,0.2941486074107787,7.430303249133869e-6,-7.937717268718643e-15,8.415440413411801e-7,8.415440413411801e-7,2.2907106254747245e-6,8.415440413411801e-7,NaN,diag_feasible,0,0,10,10,0,0,4,1.6269597768739758e-14,1.12.6,lbt,1,1,Intel(R) Core(TM) 7 150U,NT,c8c2c51
degen-r5-m5-d0-p2,100,Dykstra-APM,1e-7*n,9.999999999999999e-6,123,123,0.6320232,0.5708654,90.32348812511945,0.0,0.0,0.0,0.0,0.0316358,0.02952200000000004,0.29412805579876294,3.7481322840703283e-5,-9.902218092122715e-15,1.973952371114862e-6,1.973952371114862e-6,9.658966419502964e-6,1.973952371114862e-6,NaN,diag_feasible,0,0,0,0,0,0,123,1.6269597768739758e-14,1.12.6,lbt,1,1,Intel(R) Core(TM) 7 150U,NT,c8c2c51
degen-r5-m5-d0-p3,100,SBB-Dual,1e-7*n,9.999999999999999e-6,60,61,0.2594766,0.25300649999999997,97.50648035314165,0.0003379,0.00018,0.0005646,0.0,0.0,0.005387600000000034,0.2946327874540315,1.8215182085785168e-5,-1.0340244239301292e-14,2.4327080887509567e-6,0.0,9.961044235593675e-6,2.4327080887509567e-6,100.0,diag_feasible,0,0,0,0,0,0,60,8.783580662184264e-13,1.12.6,lbt,1,1,Intel(R) Core(TM) 7 150U,NT,c8c2c51
degen-r5-m5-d0-p3,100,Newton-SIN-BH,1e-7*n,9.999999999999999e-6,3,4,0.0134213,0.0110755,82.52181234306661,0.0,8.1e-6,0.0,0.002,0.0,0.00033770000000000024,0.29463277998578563,6.638053596462906e-8,-1.0102095983134587e-14,2.733222403961122e-8,2.733222403961122e-8,2.8870608042278953e-8,2.733222403961122e-8,NaN,converged,14,14,0,0,0,0,3,8.783580662184264e-13,1.12.6,lbt,1,1,Intel(R) Core(TM) 7 150U,NT,c8c2c51
degen-r5-m5-d0-p3,100,Newton-SIN,1e-7*n,9.999999999999999e-6,3,7,0.0318442,0.0285025,89.50609530149916,0.0,1.0e-5,0.0,0.0030236,0.0,0.000308100000000003,0.29463277998578563,6.638053596462906e-8,-1.0102095983134587e-14,2.733222403961122e-8,2.733222403961122e-8,2.8870608042278953e-8,2.733222403961122e-8,NaN,converged,14,14,0,0,0,0,3,8.783580662184264e-13,1.12.6,lbt,1,1,Intel(R) Core(TM) 7 150U,NT,c8c2c51
degen-r5-m5-d0-p3,100,AGD-SDAJ-BH,1e-7*n,9.999999999999999e-6,3,21,0.0767093,0.0757584,98.76038498591437,0.0,4.14e-5,0.0,0.0,0.0,0.0009094999999999906,0.29462549767061513,2.794643335129461e-5,-9.679830352648536e-15,4.393643637246036e-6,4.393643637246036e-6,8.811529818663362e-6,4.393643637246036e-6,NaN,diag_feasible_at_xpre,0,0,4,4,0,0,3,8.783580662184264e-13,1.12.6,lbt,1,1,Intel(R) Core(TM) 7 150U,NT,c8c2c51
degen-r5-m5-d0-p3,100,AGD-SDAJ,1e-7*n,9.999999999999999e-6,3,21,0.0819857,0.0810626,98.87407194181426,0.0,4.22e-5,0.0,0.0,0.0,0.0008808999999999961,0.29462549767061513,2.794643335129461e-5,-9.679830352648536e-15,4.393643637246036e-6,4.393643637246036e-6,8.811529818663362e-6,4.393643637246036e-6,NaN,diag_feasible_at_xpre,0,0,4,4,0,0,3,8.783580662184264e-13,1.12.6,lbt,1,1,Intel(R) Core(TM) 7 150U,NT,c8c2c51
degen-r5-m5-d0-p3,100,Dykstra-APM,1e-7*n,9.999999999999999e-6,124,124,0.6638699,0.6016548,90.62841981538853,0.0,0.0,0.0,0.0,0.0344993,0.02771579999999997,0.29460763035270865,3.836924046225914e-5,-9.804752247755816e-15,2.3796088359784306e-6,2.3796088359784306e-6,9.828616240728681e-6,2.3796088359784306e-6,NaN,diag_feasible,0,0,0,0,0,0,124,8.783580662184264e-13,1.12.6,lbt,1,1,Intel(R) Core(TM) 7 150U,NT,c8c2c51
degen-r5-m5-d0-p4,100,SBB-Dual,1e-7*n,9.999999999999999e-6,59,60,0.2332833,0.2285247,97.9601626005805,0.0008761,0.0001494,0.0008508,0.0,0.0,0.0028823000000000017,0.294816515712017,1.7127736343050194e-5,-8.447451033799871e-15,1.9552712715587006e-6,0.0,9.460616933529783e-6,1.9552712715587006e-6,100.0,diag_feasible,0,0,0,0,0,0,59,1.6219518671636447e-14,1.12.6,lbt,1,1,Intel(R) Core(TM) 7 150U,NT,c8c2c51
degen-r5-m5-d0-p4,100,Newton-SIN-BH,1e-7*n,9.999999999999999e-6,3,4,0.0254168,0.0210073,82.65123855087974,0.0,2.26e-5,0.0,0.0038151,0.0,0.0005717999999999999,0.2948165100879303,2.4470352677584846e-8,-8.415808556335502e-15,6.394350160476847e-9,6.394350160476847e-9,8.562327795992068e-9,6.394350160476847e-9,NaN,converged,15,15,0,0,0,0,3,1.6219518671636447e-14,1.12.6,lbt,1,1,Intel(R) Core(TM) 7 150U,NT,c8c2c51
degen-r5-m5-d0-p4,100,Newton-SIN,1e-7*n,9.999999999999999e-6,3,7,0.0337443,0.0301214,89.26366823433884,0.0,1.09e-5,0.0,0.0032895,0.0,0.00032249999999999857,0.2948165100879303,2.4470352677584846e-8,-8.415808556335502e-15,6.394350160476847e-9,6.394350160476847e-9,8.562327795992068e-9,6.394350160476847e-9,NaN,converged,15,15,0,0,0,0,3,1.6219518671636447e-14,1.12.6,lbt,1,1,Intel(R) Core(TM) 7 150U,NT,c8c2c51
degen-r5-m5-d0-p4,100,AGD-SDAJ-BH,1e-7*n,9.999999999999999e-6,3,23,0.1079187,0.10655550000000001,98.73682688913044,0.0,6.35e-5,0.0,0.0,0.0,0.001299699999999995,0.2948149514288727,8.153852271305392e-6,-7.37749715029822e-15,1.546833920063051e-6,1.546833920063051e-6,2.687107669608686e-6,1.546833920063051e-6,NaN,diag_feasible,0,0,4,4,0,0,3,1.6219518671636447e-14,1.12.6,lbt,1,1,Intel(R) Core(TM) 7 150U,NT,c8c2c51
degen-r5-m5-d0-p4,100,AGD-SDAJ,1e-7*n,9.999999999999999e-6,3,23,0.1135044,0.1118419,98.53529907210644,0.0,8.89e-5,0.0,0.0,0.0,0.0015736000000000111,0.2948149514288727,8.153852271305392e-6,-7.37749715029822e-15,1.546833920063051e-6,1.546833920063051e-6,2.687107669608686e-6,1.546833920063051e-6,NaN,diag_feasible,0,0,4,4,0,0,3,1.6219518671636447e-14,1.12.6,lbt,1,1,Intel(R) Core(TM) 7 150U,NT,c8c2c51
degen-r5-m5-d0-p4,100,Dykstra-APM,1e-7*n,9.999999999999999e-6,122,122,0.795892,0.7150669,89.84471511210062,0.0,0.0,0.0,0.0,0.0461393,0.03468580000000009,0.2947921498330281,3.6111059641602204e-5,-9.314083395008682e-15,1.924470403702472e-6,1.924470403702472e-6,9.37221435750856e-6,1.924470403702472e-6,NaN,diag_feasible,0,0,0,0,0,0,122,1.6219518671636447e-14,1.12.6,lbt,1,1,Intel(R) Core(TM) 7 150U,NT,c8c2c51
degen-r5-m20-d0.01-p0,100,SBB-Dual,1e-7*n,9.999999999999999e-6,69,70,0.3687142,0.359993,97.63469917893045,0.0006579,0.0002047,0.0009919,0.0,0.0,0.006866699999999984,0.3839844039602174,8.710077633019912e-6,-8.847010918652383e-15,1.3148155622033642e-6,0.0,9.538125948270994e-6,1.3148155622033642e-6,100.0,diag_feasible,0,0,0,0,0,0,69,3.7063372312935946e-12,1.12.6,lbt,1,1,Intel(R) Core(TM) 7 150U,NT,c8c2c51
degen-r5-m20-d0.01-p0,100,Newton-SIN-BH,1e-7*n,9.999999999999999e-6,3,4,0.0257737,0.021383100000000002,82.96480520841013,0.0,1.29e-5,0.0,0.0038039,0.0,0.0005737999999999984,0.383984662698121,1.0298513962698054e-5,-1.0161092836011393e-14,9.223872394770183e-7,9.223872394770183e-7,3.0904094776462074e-6,9.223872394770183e-7,NaN,converged,10,10,0,0,0,0,3,3.7063372312935946e-12,1.12.6,lbt,1,1,Intel(R) Core(TM) 7 150U,NT,c8c2c51
degen-r5-m20-d0.01-p0,100,Newton-SIN,1e-7*n,9.999999999999999e-6,3,7,0.0352122,0.0319929,90.85743009525108,0.0,1.31e-5,0.0,0.0024963,0.0,0.0007099000000000016,0.383984662698121,1.0298513962698054e-5,-1.0161092836011393e-14,9.223872394770183e-7,9.223872394770183e-7,3.0904094776462074e-6,9.223872394770183e-7,NaN,converged,10,10,0,0,0,0,3,3.7063372312935946e-12,1.12.6,lbt,1,1,Intel(R) Core(TM) 7 150U,NT,c8c2c51
degen-r5-m20-d0.01-p0,100,AGD-SDAJ-BH,1e-7*n,9.999999999999999e-6,4,30,0.147455,0.1457609,98.85110711742566,0.0,7.4e-5,0.0,0.0,0.0,0.0016201000000000039,0.3839815158281954,1.73801282522255e-5,-1.0698847123645576e-14,2.182013177698394e-6,2.182013177698394e-6,5.490131675010168e-6,2.182013177698394e-6,NaN,diag_feasible_at_xpre,0,0,7,7,0,0,4,3.7063372312935946e-12,1.12.6,lbt,1,1,Intel(R) Core(TM) 7 150U,NT,c8c2c51
degen-r5-m20-d0.01-p0,100,AGD-SDAJ,1e-7*n,9.999999999999999e-6,4,30,0.1371042,0.135405,98.76065065840433,0.0,8.83e-5,0.0,0.0,0.0,0.0016109000000000119,0.3839815158281954,1.73801282522255e-5,-1.0698847123645576e-14,2.182013177698394e-6,2.182013177698394e-6,5.490131675010168e-6,2.182013177698394e-6,NaN,diag_feasible_at_xpre,0,0,7,7,0,0,4,3.7063372312935946e-12,1.12.6,lbt,1,1,Intel(R) Core(TM) 7 150U,NT,c8c2c51
degen-r5-m20-d0.01-p0,100,Dykstra-APM,1e-7*n,9.999999999999999e-6,142,142,0.922596,0.7924973,85.89862735151681,0.0,0.0,0.0,0.0,0.0914786,0.03862010000000002,0.3839654149686509,4.329524888635229e-5,-8.682422202743822e-15,1.320368713475517e-6,1.320368713475517e-6,9.592439920458208e-6,1.320368713475517e-6,NaN,diag_feasible,0,0,0,0,0,0,142,3.7063372312935946e-12,1.12.6,lbt,1,1,Intel(R) Core(TM) 7 150U,NT,c8c2c51
degen-r5-m20-d0.01-p1,100,SBB-Dual,1e-7*n,9.999999999999999e-6,69,70,0.2503464,0.2443789,97.61630285076996,0.0002983,0.0001593,0.0005273,0.0,0.0,0.004982600000000015,0.38012140996357097,7.987252831460771e-6,-1.1020279286304632e-14,1.2548811672008497e-6,0.0,9.097062059676496e-6,1.2548811672008497e-6,100.0,diag_feasible,0,0,0,0,0,0,69,2.385320067024862e-12,1.12.6,lbt,1,1,Intel(R) Core(TM) 7 150U,NT,c8c2c51
degen-r5-m20-d0.01-p1,100,Newton-SIN-BH,1e-7*n,9.999999999999999e-6,3,4,0.0215354,0.018074800000000002,83.93064442731503,0.0,1.26e-5,0.0,0.0028846,0.0,0.0005633999999999973,0.38012156350627374,9.376950498052066e-6,-9.654010322937438e-15,9.555346007772414e-7,9.555346007772414e-7,2.9546251809993357e-6,9.555346007772414e-7,NaN,converged,10,10,0,0,0,0,3,2.385320067024862e-12,1.12.6,lbt,1,1,Intel(R) Core(TM) 7 150U,NT,c8c2c51
degen-r5-m20-d0.01-p1,100,Newton-SIN,1e-7*n,9.999999999999999e-6,3,7,0.0343203,0.0295126,85.99167256696475,0.0,1.2e-5,0.0,0.0044502,0.0,0.0003454999999999986,0.38012156350627374,9.376950498052066e-6,-9.654010322937438e-15,9.555346007772414e-7,9.555346007772414e-7,2.9546251809993357e-6,9.555346007772414e-7,NaN,converged,10,10,0,0,0,0,3,2.385320067024862e-12,1.12.6,lbt,1,1,Intel(R) Core(TM) 7 150U,NT,c8c2c51
degen-r5-m20-d0.01-p1,100,AGD-SDAJ-BH,1e-7*n,9.999999999999999e-6,4,26,0.13509,0.1334222,98.76541564882672,0.0,7.47e-5,0.0,0.0,0.0,0.001593099999999997,0.3801155537051262,1.8345598017352317e-5,-1.0106737194788777e-14,3.6118311457222774e-6,3.6118311457222774e-6,5.404451996339345e-6,3.6118311457222774e-6,NaN,diag_feasible_at_xpre,0,0,5,5,0,0,4,2.385320067024862e-12,1.12.6,lbt,1,1,Intel(R) Core(TM) 7 150U,NT,c8c2c51
degen-r5-m20-d0.01-p1,100,AGD-SDAJ,1e-7*n,9.999999999999999e-6,4,26,0.0977547,0.0965475,98.7650721653281,0.0,6.31e-5,0.0,0.0,0.0,0.0011441000000000055,0.3801155537051262,1.8345598017352317e-5,-1.0106737194788777e-14,3.6118311457222774e-6,3.6118311457222774e-6,5.404451996339345e-6,3.6118311457222774e-6,NaN,diag_feasible_at_xpre,0,0,5,5,0,0,4,2.385320067024862e-12,1.12.6,lbt,1,1,Intel(R) Core(TM) 7 150U,NT,c8c2c51
degen-r5-m20-d0.01-p1,100,Dykstra-APM,1e-7*n,9.999999999999999e-6,141,141,0.8930217,0.7715989,86.40315235340866,0.0,0.0,0.0,0.0,0.0845159,0.03690690000000005,0.3801020686404234,4.352497924330889e-5,-1.124790537822784e-14,1.331544131843998e-6,1.331544131843998e-6,9.667991901359308e-6,1.331544131843998e-6,NaN,diag_feasible,0,0,0,0,0,0,141,2.385320067024862e-12,1.12.6,lbt,1,1,Intel(R) Core(TM) 7 150U,NT,c8c2c51
degen-r5-m20-d0.01-p2,100,SBB-Dual,1e-7*n,9.999999999999999e-6,69,70,0.3393318,0.33485719999999997,98.68134964067615,0.0004045,0.0001902,0.0002183,0.0,0.0,0.0036616000000000504,0.3849104796612546,7.499383177388944e-6,-8.425825381989314e-15,1.2938539619700151e-6,0.0,9.03746138094158e-6,1.2938539619700151e-6,100.0,diag_feasible,0,0,0,0,0,0,69,2.1803095584278122e-14,1.12.6,lbt,1,1,Intel(R) Core(TM) 7 150U,NT,c8c2c51
degen-r5-m20-d0.01-p2,100,Newton-SIN-BH,1e-7*n,9.999999999999999e-6,3,4,0.0230761,0.0197909,85.76362556931198,0.0,1.32e-5,0.0,0.0027574,0.0,0.0005145999999999983,0.3849104994051327,4.775712425045221e-6,-9.079333093769256e-15,5.345110872800873e-7,5.345110872800873e-7,1.4567553714116419e-6,5.345110872800873e-7,NaN,converged,9,9,0,0,0,0,3,2.1803095584278122e-14,1.12.6,lbt,1,1,Intel(R) Core(TM) 7 150U,NT,c8c2c51
degen-r5-m20-d0.01-p2,100,Newton-SIN,1e-7*n,9.999999999999999e-6,3,7,0.043893,0.0395081,90.01002437746337,0.0,1.8e-5,0.0,0.0039212,0.0,0.0004457000000000046,0.3849104994051327,4.775712425045221e-6,-9.079333093769256e-15,5.345110872800873e-7,5.345110872800873e-7,1.4567553714116419e-6,5.345110872800873e-7,NaN,converged,9,9,0,0,0,0,3,2.1803095584278122e-14,1.12.6,lbt,1,1,Intel(R) Core(TM) 7 150U,NT,c8c2c51
degen-r5-m20-d0.01-p2,100,AGD-SDAJ-BH,1e-7*n,9.999999999999999e-6,3,24,0.1294974,0.12731220000000001,98.31255299334195,0.0,7.52e-5,0.0,0.0,0.0,0.002109999999999998,0.3848975713185214,3.228035524212162e-5,-1.3045649103430614e-14,1.6297994103187108e-6,1.6297994103187108e-6,7.81458892345374e-6,1.6297994103187108e-6,NaN,diag_feasible,0,0,5,5,0,0,3,2.1803095584278122e-14,1.12.6,lbt,1,1,Intel(R) Core(TM) 7 150U,NT,c8c2c51
degen-r5-m20-d0.01-p2,100,AGD-SDAJ,1e-7*n,9.999999999999999e-6,3,24,0.1077085,0.106341,98.73036946944764,0.0,6.18e-5,0.0,0.0,0.0,0.0013056999999999936,0.3848975713185214,3.228035524212162e-5,-1.3045649103430614e-14,1.6297994103187108e-6,1.6297994103187108e-6,7.81458892345374e-6,1.6297994103187108e-6,NaN,diag_feasible,0,0,5,5,0,0,3,2.1803095584278122e-14,1.12.6,lbt,1,1,Intel(R) Core(TM) 7 150U,NT,c8c2c51
degen-r5-m20-d0.01-p2,100,Dykstra-APM,1e-7*n,9.999999999999999e-6,141,141,0.818877,0.6999437,85.47604829540944,0.0,0.0,0.0,0.0,0.0832412,0.03569210000000002,0.38489144705678396,4.319277747239751e-5,-8.160066313495401e-15,1.371935026917015e-6,1.371935026917015e-6,9.604182488192106e-6,1.371935026917015e-6,NaN,diag_feasible,0,0,0,0,0,0,141,2.1803095584278122e-14,1.12.6,lbt,1,1,Intel(R) Core(TM) 7 150U,NT,c8c2c51
degen-r5-m20-d0.01-p3,100,SBB-Dual,1e-7*n,9.999999999999999e-6,69,70,0.3450498,0.33945610000000004,98.37887168750714,0.0004487,0.0002058,0.000219,0.0,0.0,0.00472019999999998,0.3860735224504646,1.1184379071840266e-5,-1.0645047624560024e-14,1.4632757852073297e-6,0.0,9.624012560419523e-6,1.4632757852073297e-6,100.0,diag_feasible,0,0,0,0,0,0,69,1.3622305311568926e-14,1.12.6,lbt,1,1,Intel(R) Core(TM) 7 150U,NT,c8c2c51
degen-r5-m20-d0.01-p3,100,Newton-SIN-BH,1e-7*n,9.999999999999999e-6,3,4,0.0205427,0.017589999999999998,85.6265242640938,0.0,1.26e-5,0.0,0.0023953,0.0,0.0005448000000000024,0.3860736479627605,1.454728181415043e-5,-1.16885402620956e-14,2.1651388866228416e-6,2.1651388866228416e-6,4.544659285128837e-6,2.1651388866228416e-6,NaN,converged,9,9,0,0,0,0,3,1.3622305311568926e-14,1.12.6,lbt,1,1,Intel(R) Core(TM) 7 150U,NT,c8c2c51
degen-r5-m20-d0.01-p3,100,Newton-SIN,1e-7*n,9.999999999999999e-6,3,7,0.0369636,0.0343489,92.9262842363839,0.0,1.54e-5,0.0,0.0022454,0.0,0.0003538999999999977,0.3860736479627605,1.454728181415043e-5,-1.16885402620956e-14,2.1651388866228416e-6,2.1651388866228416e-6,4.544659285128837e-6,2.1651388866228416e-6,NaN,converged,9,9,0,0,0,0,3,1.3622305311568926e-14,1.12.6,lbt,1,1,Intel(R) Core(TM) 7 150U,NT,c8c2c51
degen-r5-m20-d0.01-p3,100,AGD-SDAJ-BH,1e-7*n,9.999999999999999e-6,4,38,0.2135533,0.2107305,98.67817542505782,0.0,0.0001128,0.0,0.0,0.0,0.002710000000000014,0.38606671144087706,1.7468977104780766e-5,-1.0512919720401581e-14,1.8294248307348937e-6,1.8294248307348937e-6,4.307969529392068e-6,1.8294248307348937e-6,NaN,diag_feasible,0,0,13,13,0,0,4,1.3622305311568926e-14,1.12.6,lbt,1,1,Intel(R) Core(TM) 7 150U,NT,c8c2c51
degen-r5-m20-d0.01-p3,100,AGD-SDAJ,1e-7*n,9.999999999999999e-6,4,38,0.2076226,0.2051788,98.8229605062262,0.0,0.0001133,0.0,0.0,0.0,0.0023304999999999958,0.38606671144087706,1.7468977104780766e-5,-1.0512919720401581e-14,1.8294248307348937e-6,1.8294248307348937e-6,4.307969529392068e-6,1.8294248307348937e-6,NaN,diag_feasible,0,0,13,13,0,0,4,1.3622305311568926e-14,1.12.6,lbt,1,1,Intel(R) Core(TM) 7 150U,NT,c8c2c51
degen-r5-m20-d0.01-p3,100,Dykstra-APM,1e-7*n,9.999999999999999e-6,142,142,0.9685177,0.8297303,85.67012249750314,0.0,0.0,0.0,0.0,0.0981351,0.0406523,0.38605454006971046,4.396202453703556e-5,-1.1359635756823324e-14,1.4770240852612915e-6,1.4770240852612915e-6,9.707761042361726e-6,1.4770240852612915e-6,NaN,diag_feasible,0,0,0,0,0,0,142,1.3622305311568926e-14,1.12.6,lbt,1,1,Intel(R) Core(TM) 7 150U,NT,c8c2c51
degen-r5-m20-d0.01-p4,100,SBB-Dual,1e-7*n,9.999999999999999e-6,68,69,0.3851975,0.3716935,96.49426592851718,0.0004451,0.0002181,0.0004985,0.0,0.0,0.012342300000000014,0.3866145028202165,7.450798835904752e-6,-9.544116131760558e-15,1.2804689102363653e-6,0.0,9.860972434630635e-6,1.2804689102363653e-6,100.0,diag_feasible,0,0,0,0,0,0,68,3.8577756416296e-13,1.12.6,lbt,1,1,Intel(R) Core(TM) 7 150U,NT,c8c2c51
degen-r5-m20-d0.01-p4,100,Newton-SIN-BH,1e-7*n,9.999999999999999e-6,3,4,0.018792,0.0155137,82.55481055768412,0.0,1.33e-5,0.0,0.0027473,0.0,0.0005176999999999998,0.3866145881747968,7.877417971566166e-6,-8.7020175159097e-15,1.5285608002679751e-6,1.5285608002679751e-6,2.4944870206634186e-6,1.5285608002679751e-6,NaN,converged,9,9,0,0,0,0,3,3.8577756416296e-13,1.12.6,lbt,1,1,Intel(R) Core(TM) 7 150U,NT,c8c2c51
degen-r5-m20-d0.01-p4,100,Newton-SIN,1e-7*n,9.999999999999999e-6,3,7,0.03404,0.0312901,91.92156286721504,0.0,1.47e-5,0.0,0.0023168,0.0,0.00041839999999999976,0.3866145881747968,7.877417971566166e-6,-8.7020175159097e-15,1.5285608002679751e-6,1.5285608002679751e-6,2.4944870206634186e-6,1.5285608002679751e-6,NaN,converged,9,9,0,0,0,0,3,3.8577756416296e-13,1.12.6,lbt,1,1,Intel(R) Core(TM) 7 150U,NT,c8c2c51
degen-r5-m20-d0.01-p4,100,AGD-SDAJ-BH,1e-7*n,9.999999999999999e-6,4,26,0.1242913,0.1223181,98.41243916509039,0.0,8.21e-5,0.0,0.0,0.0,0.0018910999999999943,0.3866066244979324,2.3034853530738326e-5,-8.502961445914963e-15,3.888558831155464e-6,3.888558831155464e-6,6.584922320336642e-6,3.888558831155464e-6,NaN,diag_feasible_at_xpre,0,0,5,5,0,0,4,3.8577756416296e-13,1.12.6,lbt,1,1,Intel(R) Core(TM) 7 150U,NT,c8c2c51
degen-r5-m20-d0.01-p4,100,AGD-SDAJ,1e-7*n,9.999999999999999e-6,4,26,0.133914,0.1324222,98.8860014636259,0.0,6.94e-5,0.0,0.0,0.0,0.0014224000000000153,0.3866066244979324,2.3034853530738326e-5,-8.502961445914963e-15,3.888558831155464e-6,3.888558831155464e-6,6.584922320336642e-6,3.888558831155464e-6,NaN,diag_feasible_at_xpre,0,0,5,5,0,0,4,3.8577756416296e-13,1.12.6,lbt,1,1,Intel(R) Core(TM) 7 150U,NT,c8c2c51
degen-r5-m20-d0.01-p4,100,Dykstra-APM,1e-7*n,9.999999999999999e-6,140,140,0.9256014,0.7964489,86.0466395145902,0.0,0.0,0.0,0.0,0.0878112,0.0413413,0.38659482821433466,4.472352447801212e-5,-9.142067286379906e-15,1.2903331030322818e-6,1.2903331030322818e-6,9.945439930947922e-6,1.2903331030322818e-6,NaN,diag_feasible,0,0,0,0,0,0,140,3.8577756416296e-13,1.12.6,lbt,1,1,Intel(R) Core(TM) 7 150U,NT,c8c2c51
degen-r5-m20-d0.0001-p0,100,SBB-Dual,1e-7*n,9.999999999999999e-6,46,47,0.2400706,0.23206169999999998,96.66393969107419,0.0002584,0.0001305,0.0004321,0.0,0.0,0.007187900000000013,0.4157433028633234,8.211522855271204e-6,-1.2040311435277925e-14,2.1789197961474827e-6,0.0,9.317503725156675e-6,2.1789197961474827e-6,100.0,diag_feasible,0,0,0,0,0,0,46,1.082353141243646e-12,1.12.6,lbt,1,1,Intel(R) Core(TM) 7 150U,NT,c8c2c51
degen-r5-m20-d0.0001-p0,100,Newton-SIN-BH,1e-7*n,9.999999999999999e-6,4,5,0.0290689,0.0212672,73.16135113471786,0.0,1.46e-5,0.0,0.0072462,0.0,0.0005409000000000013,0.41574330281520283,3.1705288962572417e-9,-1.1230391538068148e-14,2.916271668595982e-10,2.916271668595982e-10,9.660136197948247e-10,2.916271668595982e-10,NaN,converged,20,20,0,0,0,0,4,1.082353141243646e-12,1.12.6,lbt,1,1,Intel(R) Core(TM) 7 150U,NT,c8c2c51
degen-r5-m20-d0.0001-p0,100,Newton-SIN,1e-7*n,9.999999999999999e-6,4,9,0.0420565,0.0363805,86.50386979420543,0.0,1.2e-5,0.0,0.0052669,0.0,0.000397099999999994,0.41574330281520283,3.1705288962572417e-9,-1.1230391538068148e-14,2.916271668595982e-10,2.916271668595982e-10,9.660136197948247e-10,2.916271668595982e-10,NaN,converged,20,20,0,0,0,0,4,1.082353141243646e-12,1.12.6,lbt,1,1,Intel(R) Core(TM) 7 150U,NT,c8c2c51
degen-r5-m20-d0.0001-p0,100,AGD-SDAJ-BH,1e-7*n,9.999999999999999e-6,4,26,0.1127289,0.1110539,98.51413435241538,0.0,6.12e-5,0.0,0.0,0.0,0.0016138000000000098,0.41575017681777704,2.1700964106492678e-5,-9.33834958743073e-15,2.236905656927135e-6,2.236905656927135e-6,5.793557379739123e-6,2.236905656927135e-6,NaN,diag_feasible_at_xpre,0,0,5,5,0,0,4,1.082353141243646e-12,1.12.6,lbt,1,1,Intel(R) Core(TM) 7 150U,NT,c8c2c51
degen-r5-m20-d0.0001-p0,100,AGD-SDAJ,1e-7*n,9.999999999999999e-6,4,26,0.1177827,0.1163962,98.82283221559703,0.0,8.39e-5,0.0,0.0,0.0,0.0013025999999999988,0.41575017681777704,2.1700964106492678e-5,-9.33834958743073e-15,2.236905656927135e-6,2.236905656927135e-6,5.793557379739123e-6,2.236905656927135e-6,NaN,diag_feasible_at_xpre,0,0,5,5,0,0,4,1.082353141243646e-12,1.12.6,lbt,1,1,Intel(R) Core(TM) 7 150U,NT,c8c2c51
degen-r5-m20-d0.0001-p0,100,Dykstra-APM,1e-7*n,9.999999999999999e-6,95,95,0.4930922,0.4528346,91.83568509094242,0.0,0.0,0.0,0.0,0.0178699,0.022387700000000003,0.41572663477970273,4.240843189838706e-5,-8.282480988798865e-15,2.35311770602209e-6,2.35311770602209e-6,9.741882577427881e-6,2.35311770602209e-6,NaN,diag_feasible,0,0,0,0,0,0,95,1.082353141243646e-12,1.12.6,lbt,1,1,Intel(R) Core(TM) 7 150U,NT,c8c2c51
degen-r5-m20-d0.0001-p1,100,SBB-Dual,1e-7*n,9.999999999999999e-6,45,46,0.2002593,0.1975398,98.64201063321403,0.0002233,0.0001036,0.0002116,0.0,0.0,0.0021810000000000132,0.411298800960631,7.385448276508251e-6,-8.344181793449167e-15,1.966149920651361e-6,0.0,9.527114161885032e-6,1.966149920651361e-6,100.0,diag_feasible,0,0,0,0,0,0,45,1.7148903179972308e-14,1.12.6,lbt,1,1,Intel(R) Core(TM) 7 150U,NT,c8c2c51
degen-r5-m20-d0.0001-p1,100,Newton-SIN-BH,1e-7*n,9.999999999999999e-6,4,5,0.025684,0.0200497,78.06299641800344,0.0,1.3e-5,0.0,0.0051119,0.0,0.0005093999999999984,0.4112988009293566,1.6886331938280646e-9,-9.862881594723433e-15,2.0516299770179103e-10,2.0516299770179103e-10,5.267473985283279e-10,2.0516299770179103e-10,NaN,converged,19,19,0,0,0,0,4,1.7148903179972308e-14,1.12.6,lbt,1,1,Intel(R) Core(TM) 7 150U,NT,c8c2c51
degen-r5-m20-d0.0001-p1,100,Newton-SIN,1e-7*n,9.999999999999999e-6,4,9,0.0476254,0.0420607,88.31568868712912,0.0,1.37e-5,0.0,0.0051565,0.0,0.000394499999999999,0.4112988009293566,1.6886331938280646e-9,-9.862881594723433e-15,2.0516299770179103e-10,2.0516299770179103e-10,5.267473985283279e-10,2.0516299770179103e-10,NaN,converged,19,19,0,0,0,0,4,1.7148903179972308e-14,1.12.6,lbt,1,1,Intel(R) Core(TM) 7 150U,NT,c8c2c51
degen-r5-m20-d0.0001-p1,100,AGD-SDAJ-BH,1e-7*n,9.999999999999999e-6,4,25,0.1009901,0.0996565,98.67947452275025,0.0,6.39e-5,0.0,0.0,0.0,0.0012697000000000042,0.41130467227617873,1.998837652826653e-5,-9.769212630901436e-15,2.5901173870135352e-6,2.5901173870135352e-6,5.788823383699883e-6,2.5901173870135352e-6,NaN,diag_feasible_at_xpre,0,0,4,4,0,0,4,1.7148903179972308e-14,1.12.6,lbt,1,1,Intel(R) Core(TM) 7 150U,NT,c8c2c51
degen-r5-m20-d0.0001-p1,100,AGD-SDAJ,1e-7*n,9.999999999999999e-6,4,25,0.133568,0.13204549999999998,98.86013116914229,0.0,7.13e-5,0.0,0.0,0.0,0.00145120000000001,0.41130467227617873,1.998837652826653e-5,-9.769212630901436e-15,2.5901173870135352e-6,2.5901173870135352e-6,5.788823383699883e-6,2.5901173870135352e-6,NaN,diag_feasible_at_xpre,0,0,4,4,0,0,4,1.7148903179972308e-14,1.12.6,lbt,1,1,Intel(R) Core(TM) 7 150U,NT,c8c2c51
degen-r5-m20-d0.0001-p1,100,Dykstra-APM,1e-7*n,9.999999999999999e-6,94,94,0.4825296,0.4403443,91.25746897185168,0.0,0.0,0.0,0.0,0.0222085,0.019976799999999982,0.4112823676464842,4.065622148408421e-5,-8.817720491803815e-15,1.954195681275195e-6,1.954195681275195e-6,9.463068175162607e-6,1.954195681275195e-6,NaN,diag_feasible,0,0,0,0,0,0,94,1.7148903179972308e-14,1.12.6,lbt,1,1,Intel(R) Core(TM) 7 150U,NT,c8c2c51
degen-r5-m20-d0.0001-p2,100,SBB-Dual,1e-7*n,9.999999999999999e-6,45,46,0.1975199,0.19080439999999999,96.60008940871273,0.0002395,0.0001112,0.0005805,0.0,0.0,0.005784300000000013,0.4167823830386612,6.909588795045419e-6,-8.496415303717531e-15,2.089190039411548e-6,0.0,9.371274057067847e-6,2.089190039411548e-6,100.0,diag_feasible,0,0,0,0,0,0,45,1.854063875129915e-12,1.12.6,lbt,1,1,Intel(R) Core(TM) 7 150U,NT,c8c2c51
degen-r5-m20-d0.0001-p2,100,Newton-SIN-BH,1e-7*n,9.999999999999999e-6,4,5,0.0272107,0.0218538,80.31325912233055,0.0,1.27e-5,0.0,0.0047962,0.0,0.0005480000000000016,0.4167823830021031,1.0370591148193266e-9,-8.807553387517044e-15,8.360045988808906e-11,8.360045988808906e-11,3.2041087343907203e-10,8.360045988808906e-11,NaN,converged,19,19,0,0,0,0,4,1.854063875129915e-12,1.12.6,lbt,1,1,Intel(R) Core(TM) 7 150U,NT,c8c2c51
degen-r5-m20-d0.0001-p2,100,Newton-SIN,1e-7*n,9.999999999999999e-6,4,9,0.0366888,0.0316229,86.19224395455834,0.0,1.11e-5,0.0,0.0047206,0.0,0.00033419999999999804,0.4167823830021031,1.0370591148193266e-9,-8.807553387517044e-15,8.360045988808906e-11,8.360045988808906e-11,3.2041087343907203e-10,8.360045988808906e-11,NaN,converged,19,19,0,0,0,0,4,1.854063875129915e-12,1.12.6,lbt,1,1,Intel(R) Core(TM) 7 150U,NT,c8c2c51
degen-r5-m20-d0.0001-p2,100,AGD-SDAJ-BH,1e-7*n,9.999999999999999e-6,3,24,0.0925616,0.091477,98.828239788422,0.0,4.65e-5,0.0,0.0,0.0,0.001038099999999991,0.4167907041608456,2.1908208274936598e-5,-8.907693072349763e-15,1.5521453703426502e-6,1.5521453703426502e-6,5.325055281829994e-6,1.5521453703426502e-6,NaN,diag_feasible,0,0,5,5,0,0,3,1.854063875129915e-12,1.12.6,lbt,1,1,Intel(R) Core(TM) 7 150U,NT,c8c2c51
degen-r5-m20-d0.0001-p2,100,AGD-SDAJ,1e-7*n,9.999999999999999e-6,3,24,0.0955568,0.09433330000000001,98.71960969810628,0.0,5.67e-5,0.0,0.0,0.0,0.0011667999999999885,0.4167907041608456,2.1908208274936598e-5,-8.907693072349763e-15,1.5521453703426502e-6,1.5521453703426502e-6,5.325055281829994e-6,1.5521453703426502e-6,NaN,diag_feasible,0,0,5,5,0,0,3,1.854063875129915e-12,1.12.6,lbt,1,1,Intel(R) Core(TM) 7 150U,NT,c8c2c51
degen-r5-m20-d0.0001-p2,100,Dykstra-APM,1e-7*n,9.999999999999999e-6,93,93,0.5569939,0.5163052,92.69494692850317,0.0,0.0,0.0,0.0,0.0190815,0.02160720000000002,0.4167654783742079,4.2661918696632356e-5,-9.464252151214519e-15,2.272122666457932e-6,2.272122666457932e-6,9.855179291473998e-6,2.272122666457932e-6,NaN,diag_feasible,0,0,0,0,0,0,93,1.854063875129915e-12,1.12.6,lbt,1,1,Intel(R) Core(TM) 7 150U,NT,c8c2c51
degen-r5-m20-d0.0001-p3,100,SBB-Dual,1e-7*n,9.999999999999999e-6,46,47,0.21334,0.21064670000000002,98.73755507640388,0.0002416,0.0001097,0.000211,0.0,0.0,0.0021309999999999823,0.4181087870180609,1.0597029224614316e-5,-7.682642501646093e-15,5.555879489138604e-6,0.0,9.918603292636485e-6,5.555879489138604e-6,100.0,diag_feasible,0,0,0,0,0,0,46,1.1775693440128313e-14,1.12.6,lbt,1,1,Intel(R) Core(TM) 7 150U,NT,c8c2c51
degen-r5-m20-d0.0001-p3,100,Newton-SIN-BH,1e-7*n,9.999999999999999e-6,4,5,0.0267895,0.020708400000000002,77.30043487187145,0.0,1.19e-5,0.0,0.0055105,0.0,0.0005586999999999996,0.41810878689639425,9.123494417408846e-10,-9.805104031396163e-15,1.0861933574801697e-10,1.0861933574801697e-10,2.8105884899099894e-10,1.0861933574801697e-10,NaN,converged,20,20,0,0,0,0,4,1.1775693440128313e-14,1.12.6,lbt,1,1,Intel(R) Core(TM) 7 150U,NT,c8c2c51
degen-r5-m20-d0.0001-p3,100,Newton-SIN,1e-7*n,9.999999999999999e-6,4,9,0.0420669,0.036408,86.54785591522078,0.0,1.25e-5,0.0,0.0052711,0.0,0.0003752999999999942,0.41810878689639425,9.123494417408846e-10,-9.805104031396163e-15,1.0861933574801697e-10,1.0861933574801697e-10,2.8105884899099894e-10,1.0861933574801697e-10,NaN,converged,20,20,0,0,0,0,4,1.1775693440128313e-14,1.12.6,lbt,1,1,Intel(R) Core(TM) 7 150U,NT,c8c2c51
degen-r5-m20-d0.0001-p3,100,AGD-SDAJ-BH,1e-7*n,9.999999999999999e-6,4,25,0.1034534,0.1022278,98.8153120148782,0.0,5.82e-5,0.0,0.0,0.0,0.0011674000000000072,0.41811606650761585,2.5018202205427685e-5,-8.81057240794658e-15,4.854562602352175e-6,4.854562602352175e-6,7.0965704136013266e-6,4.854562602352175e-6,NaN,diag_feasible_at_xpre,0,0,4,4,0,0,4,1.1775693440128313e-14,1.12.6,lbt,1,1,Intel(R) Core(TM) 7 150U,NT,c8c2c51
degen-r5-m20-d0.0001-p3,100,AGD-SDAJ,1e-7*n,9.999999999999999e-6,4,25,0.1091013,0.1078881,98.88800591743636,0.0,5.6e-5,0.0,0.0,0.0,0.0011571999999999976,0.41811606650761585,2.5018202205427685e-5,-8.81057240794658e-15,4.854562602352175e-6,4.854562602352175e-6,7.0965704136013266e-6,4.854562602352175e-6,NaN,diag_feasible_at_xpre,0,0,4,4,0,0,4,1.1775693440128313e-14,1.12.6,lbt,1,1,Intel(R) Core(TM) 7 150U,NT,c8c2c51
degen-r5-m20-d0.0001-p3,100,Dykstra-APM,1e-7*n,9.999999999999999e-6,96,96,0.4829791,0.4472221,92.59657405465371,0.0,0.0,0.0,0.0,0.0166961,0.019060899999999985,0.4180935907779627,4.160440723343219e-5,-1.0541679995068317e-14,5.32159838817492e-6,5.32159838817492e-6,9.719874456042976e-6,5.32159838817492e-6,NaN,diag_feasible,0,0,0,0,0,0,96,1.1775693440128313e-14,1.12.6,lbt,1,1,Intel(R) Core(TM) 7 150U,NT,c8c2c51
degen-r5-m20-d0.0001-p4,100,SBB-Dual,1e-7*n,9.999999999999999e-6,45,46,0.2019724,0.19598990000000002,97.03796162247912,0.0002275,0.0001162,0.0005294,0.0,0.0,0.005109399999999973,0.4187422725539545,8.225402562381658e-6,-9.55483003157809e-15,3.3170610369559483e-6,0.0,9.839884111732721e-6,3.3170610369559483e-6,100.0,diag_feasible,0,0,0,0,0,0,45,2.0363239554442627e-12,1.12.6,lbt,1,1,Intel(R) Core(TM) 7 150U,NT,c8c2c51
degen-r5-m20-d0.0001-p4,100,Newton-SIN-BH,1e-7*n,9.999999999999999e-6,4,5,0.0259576,0.020339,78.35470151323698,0.0,1.27e-5,0.0,0.0050771,0.0,0.0005288000000000011,0.41874227244551393,1.3759648093232273e-9,-8.501099013280844e-15,1.1404455158015026e-10,1.1404455158015026e-10,4.2204551953068843e-10,1.1404455158015026e-10,NaN,converged,18,18,0,0,0,0,4,2.0363239554442627e-12,1.12.6,lbt,1,1,Intel(R) Core(TM) 7 150U,NT,c8c2c51
degen-r5-m20-d0.0001-p4,100,Newton-SIN,1e-7*n,9.999999999999999e-6,4,9,0.0445929,0.038550100000000004,86.44896384850504,0.0,3.27e-5,0.0,0.0056398,0.0,0.00037029999999999355,0.41874227244551393,1.3759648093232273e-9,-8.501099013280844e-15,1.1404455158015026e-10,1.1404455158015026e-10,4.2204551953068843e-10,1.1404455158015026e-10,NaN,converged,18,18,0,0,0,0,4,2.0363239554442627e-12,1.12.6,lbt,1,1,Intel(R) Core(TM) 7 150U,NT,c8c2c51
degen-r5-m20-d0.0001-p4,100,AGD-SDAJ-BH,1e-7*n,9.999999999999999e-6,3,22,0.0915825,0.09045900000000001,98.77323724510688,0.0,5.48e-5,0.0,0.0,0.0,0.0010686999999999856,0.4187446327865398,7.044269499750272e-6,-7.243247472303256e-15,6.570063547650662e-7,6.570063547650662e-7,1.8314730668073614e-6,6.570063547650662e-7,NaN,diag_feasible,0,0,3,3,0,0,3,2.0363239554442627e-12,1.12.6,lbt,1,1,Intel(R) Core(TM) 7 150U,NT,c8c2c51
degen-r5-m20-d0.0001-p4,100,AGD-SDAJ,1e-7*n,9.999999999999999e-6,3,22,0.0898404,0.0887227,98.75590491582852,0.0,5.01e-5,0.0,0.0,0.0,0.0010675999999999993,0.4187446327865398,7.044269499750272e-6,-7.243247472303256e-15,6.570063547650662e-7,6.570063547650662e-7,1.8314730668073614e-6,6.570063547650662e-7,NaN,diag_feasible,0,0,3,3,0,0,3,2.0363239554442627e-12,1.12.6,lbt,1,1,Intel(R) Core(TM) 7 150U,NT,c8c2c51
degen-r5-m20-d0.0001-p4,100,Dykstra-APM,1e-7*n,9.999999999999999e-6,94,94,0.4120421,0.3796243,92.1324058876508,0.0,0.0,0.0,0.0,0.0154141,0.017003699999999997,0.418726330885094,4.16904653141656e-5,-9.643020430947205e-15,3.241163051947993e-6,3.241163051947993e-6,9.666342843590596e-6,3.241163051947993e-6,NaN,diag_feasible,0,0,0,0,0,0,94,2.0363239554442627e-12,1.12.6,lbt,1,1,Intel(R) Core(TM) 7 150U,NT,c8c2c51
degen-r5-m20-d1e-06-p0,100,SBB-Dual,1e-7*n,9.999999999999999e-6,42,43,0.1682076,0.1627029,96.72743681022737,0.0001981,0.0001311,0.0005535,0.0,0.0,0.004622000000000001,0.41606597195112854,1.0343050990271563e-5,-8.021340721507961e-15,3.5443570804982727e-6,0.0,8.387191928705613e-6,3.5443570804982727e-6,100.0,diag_feasible,0,0,0,0,0,0,42,1.1541507344563444e-12,1.12.6,lbt,1,1,Intel(R) Core(TM) 7 150U,NT,c8c2c51
degen-r5-m20-d1e-06-p0,100,Newton-SIN-BH,1e-7*n,9.999999999999999e-6,3,4,0.0236396,0.0176924,74.84221391224894,0.0,1.71e-5,0.0,0.0053237,0.0,0.0006064,0.41606224423281707,9.07913979059432e-6,-8.153984616862168e-15,8.388031043082833e-7,8.388031043082833e-7,2.847853902827964e-6,8.388031043082833e-7,NaN,converged,14,14,0,0,0,0,3,1.1541507344563444e-12,1.12.6,lbt,1,1,Intel(R) Core(TM) 7 150U,NT,c8c2c51
degen-r5-m20-d1e-06-p0,100,Newton-SIN,1e-7*n,9.999999999999999e-6,3,7,0.0362855,0.0306008,84.33341141778398,0.0,1.69e-5,0.0,0.0051954,0.0,0.00047239999999999695,0.41606224423281707,9.07913979059432e-6,-8.153984616862168e-15,8.388031043082833e-7,8.388031043082833e-7,2.847853902827964e-6,8.388031043082833e-7,NaN,converged,14,14,0,0,0,0,3,1.1541507344563444e-12,1.12.6,lbt,1,1,Intel(R) Core(TM) 7 150U,NT,c8c2c51
degen-r5-m20-d1e-06-p0,100,AGD-SDAJ-BH,1e-7*n,9.999999999999999e-6,4,26,0.126357,0.1244961,98.52726797882191,0.0,9.88e-5,0.0,0.0,0.0,0.0017620999999999987,0.4160721289239567,2.1592360159060937e-5,-1.0570961508350667e-14,3.105806716807713e-6,3.105806716807713e-6,6.2971386868851615e-6,3.105806716807713e-6,NaN,diag_feasible_at_xpre,0,0,5,5,0,0,4,1.1541507344563444e-12,1.12.6,lbt,1,1,Intel(R) Core(TM) 7 150U,NT,c8c2c51
degen-r5-m20-d1e-06-p0,100,AGD-SDAJ,1e-7*n,9.999999999999999e-6,4,26,0.1135555,0.1119899,98.62129091061199,0.0,7.59e-5,0.0,0.0,0.0,0.0014897000000000003,0.4160721289239567,2.1592360159060937e-5,-1.0570961508350667e-14,3.105806716807713e-6,3.105806716807713e-6,6.2971386868851615e-6,3.105806716807713e-6,NaN,diag_feasible_at_xpre,0,0,5,5,0,0,4,1.1541507344563444e-12,1.12.6,lbt,1,1,Intel(R) Core(TM) 7 150U,NT,c8c2c51
degen-r5-m20-d1e-06-p0,100,Dykstra-APM,1e-7*n,9.999999999999999e-6,86,86,0.4931923,0.4545357,92.16196197710305,0.0,0.0,0.0,0.0,0.0206587,0.017997899999999987,0.41605759666703884,3.368566230576976e-5,-8.816316952519777e-15,4.172355065223954e-6,4.172355065223954e-6,9.93010759149595e-6,4.172355065223954e-6,NaN,diag_feasible,0,0,0,0,0,0,86,1.1541507344563444e-12,1.12.6,lbt,1,1,Intel(R) Core(TM) 7 150U,NT,c8c2c51
degen-r5-m20-d1e-06-p1,100,SBB-Dual,1e-7*n,9.999999999999999e-6,41,42,0.1791999,0.1767175,98.61473136982777,0.0002192,0.0001247,7.41e-5,0.0,0.0,0.0020643999999999953,0.4116156737860275,1.0935507694559695e-5,-6.732546110735506e-15,2.7405057925200538e-6,0.0,9.853444897267422e-6,2.7405057925200538e-6,100.0,diag_feasible,0,0,0,0,0,0,41,1.1148209292403942e-14,1.12.6,lbt,1,1,Intel(R) Core(TM) 7 150U,NT,c8c2c51
degen-r5-m20-d1e-06-p1,100,Newton-SIN-BH,1e-7*n,9.999999999999999e-6,3,4,0.0256203,0.0198543,77.49440873057692,0.0,1.45e-5,0.0,0.0051841,0.0,0.0005674000000000009,0.41161170883160797,9.126438755973448e-6,-8.94729652142314e-15,9.074867359792904e-7,9.074867359792904e-7,2.9470606011007497e-6,9.074867359792904e-7,NaN,converged,13,13,0,0,0,0,3,1.1148209292403942e-14,1.12.6,lbt,1,1,Intel(R) Core(TM) 7 150U,NT,c8c2c51
degen-r5-m20-d1e-06-p1,100,Newton-SIN,1e-7*n,9.999999999999999e-6,3,7,0.0379766,0.0330416,87.00515580647028,0.0,1.34e-5,0.0,0.0045321,0.0,0.0003895000000000018,0.41161170883160797,9.126438755973448e-6,-8.94729652142314e-15,9.074867359792904e-7,9.074867359792904e-7,2.9470606011007497e-6,9.074867359792904e-7,NaN,converged,13,13,0,0,0,0,3,1.1148209292403942e-14,1.12.6,lbt,1,1,Intel(R) Core(TM) 7 150U,NT,c8c2c51
degen-r5-m20-d1e-06-p1,100,AGD-SDAJ-BH,1e-7*n,9.999999999999999e-6,3,24,0.118831,0.1173952,98.79172943087242,0.0,7.13e-5,0.0,0.0,0.0,0.001364500000000001,0.41162576360471753,3.0576249148584576e-5,-7.846978339463193e-15,2.5252106337081415e-6,2.5252106337081415e-6,7.701274888356841e-6,2.5252106337081415e-6,NaN,diag_feasible,0,0,5,5,0,0,3,1.1148209292403942e-14,1.12.6,lbt,1,1,Intel(R) Core(TM) 7 150U,NT,c8c2c51
degen-r5-m20-d1e-06-p1,100,AGD-SDAJ,1e-7*n,9.999999999999999e-6,3,24,0.0705648,0.0695253,98.52688592612748,0.0,5.42e-5,0.0,0.0,0.0,0.0009852999999999989,0.41162576360471753,3.0576249148584576e-5,-7.846978339463193e-15,2.5252106337081415e-6,2.5252106337081415e-6,7.701274888356841e-6,2.5252106337081415e-6,NaN,diag_feasible,0,0,5,5,0,0,3,1.1148209292403942e-14,1.12.6,lbt,1,1,Intel(R) Core(TM) 7 150U,NT,c8c2c51
degen-r5-m20-d1e-06-p1,100,Dykstra-APM,1e-7*n,9.999999999999999e-6,86,86,0.4989534,0.4626994,92.73399078952062,0.0,0.0,0.0,0.0,0.0148619,0.021392100000000008,0.41160755853700753,3.284436041184256e-5,-6.803728142416249e-15,2.6705209392741125e-6,2.6705209392741125e-6,9.68548522866972e-6,2.6705209392741125e-6,NaN,diag_feasible,0,0,0,0,0,0,86,1.1148209292403942e-14,1.12.6,lbt,1,1,Intel(R) Core(TM) 7 150U,NT,c8c2c51
degen-r5-m20-d1e-06-p2,100,SBB-Dual,1e-7*n,9.999999999999999e-6,41,42,0.2352909,0.227306,96.6063710921247,0.0002643,0.0001303,0.0004843,0.0,0.0,0.007105999999999989,0.4171061735683802,9.299322608127428e-6,-7.816463262321538e-15,3.438985474391032e-6,0.0,8.643907635970371e-6,3.438985474391032e-6,100.0,diag_feasible,0,0,0,0,0,0,41,2.2562900253742143e-12,1.12.6,lbt,1,1,Intel(R) Core(TM) 7 150U,NT,c8c2c51
degen-r5-m20-d1e-06-p2,100,Newton-SIN-BH,1e-7*n,9.999999999999999e-6,3,4,0.0240862,0.0176872,73.4329200953243,0.0,1.26e-5,0.0,0.0057875,0.0,0.0005988999999999986,0.41710341337541884,6.487959059991915e-6,-6.180396481993946e-15,6.349540249139807e-7,6.349540249139807e-7,2.02594660417416e-6,6.349540249139807e-7,NaN,converged,13,13,0,0,0,0,3,2.2562900253742143e-12,1.12.6,lbt,1,1,Intel(R) Core(TM) 7 150U,NT,c8c2c51
degen-r5-m20-d1e-06-p2,100,Newton-SIN,1e-7*n,9.999999999999999e-6,3,7,0.0349151,0.0300068,85.94218547276108,0.0,1.39e-5,0.0,0.0044776,0.0,0.00041679999999999755,0.41710341337541884,6.487959059991915e-6,-6.180396481993946e-15,6.349540249139807e-7,6.349540249139807e-7,2.02594660417416e-6,6.349540249139807e-7,NaN,converged,13,13,0,0,0,0,3,2.2562900253742143e-12,1.12.6,lbt,1,1,Intel(R) Core(TM) 7 150U,NT,c8c2c51
degen-r5-m20-d1e-06-p2,100,AGD-SDAJ-BH,1e-7*n,9.999999999999999e-6,4,30,0.1436486,0.1418778,98.76726957311107,0.0,8.13e-5,0.0,0.0,0.0,0.001689499999999989,0.41711161856592216,1.8329829241497694e-5,-1.0056848770144495e-14,2.7957234267628195e-6,2.7957234267628195e-6,4.959441351654022e-6,2.7957234267628195e-6,NaN,diag_feasible_at_xpre,0,0,9,9,0,0,4,2.2562900253742143e-12,1.12.6,lbt,1,1,Intel(R) Core(TM) 7 150U,NT,c8c2c51
degen-r5-m20-d1e-06-p2,100,AGD-SDAJ,1e-7*n,9.999999999999999e-6,4,30,0.1486063,0.146399,98.51466593273638,0.0,8.92e-5,0.0,0.0,0.0,0.002118099999999995,0.41711161856592216,1.8329829241497694e-5,-1.0056848770144495e-14,2.7957234267628195e-6,2.7957234267628195e-6,4.959441351654022e-6,2.7957234267628195e-6,NaN,diag_feasible_at_xpre,0,0,9,9,0,0,4,2.2562900253742143e-12,1.12.6,lbt,1,1,Intel(R) Core(TM) 7 150U,NT,c8c2c51
degen-r5-m20-d1e-06-p2,100,Dykstra-APM,1e-7*n,9.999999999999999e-6,85,85,0.5011584,0.4682092,93.42539205169463,0.0,0.0,0.0,0.0,0.0162461,0.016703100000000012,0.4170983758922765,3.154032580521849e-5,-7.796041633258478e-15,3.7241604293747343e-6,3.7241604293747343e-6,9.373753276695814e-6,3.7241604293747343e-6,NaN,diag_feasible,0,0,0,0,0,0,85,2.2562900253742143e-12,1.12.6,lbt,1,1,Intel(R) Core(TM) 7 150U,NT,c8c2c51
degen-r5-m20-d1e-06-p3,100,SBB-Dual,1e-7*n,9.999999999999999e-6,43,44,0.2123041,0.2095301,98.69338368877473,0.0002487,0.0001202,0.0002621,0.0,0.0,0.0021429999999999986,0.41843419987461716,9.301274975210756e-6,-1.0345233740001681e-14,8.191298753512655e-6,0.0,9.713239333634508e-6,8.191298753512655e-6,100.0,diag_feasible,0,0,0,0,0,0,43,5.19523831630532e-13,1.12.6,lbt,1,1,Intel(R) Core(TM) 7 150U,NT,c8c2c51
degen-r5-m20-d1e-06-p3,100,Newton-SIN-BH,1e-7*n,9.999999999999999e-6,3,4,0.0239693,0.0177477,74.04346393094501,0.0,1.25e-5,0.0,0.0056526,0.0,0.0005564999999999971,0.4184318694939582,5.933127497895552e-6,-1.1764888140765502e-14,6.928567513053707e-7,6.928567513053707e-7,1.949797043092515e-6,6.928567513053707e-7,NaN,converged,13,13,0,0,0,0,3,5.19523831630532e-13,1.12.6,lbt,1,1,Intel(R) Core(TM) 7 150U,NT,c8c2c51
degen-r5-m20-d1e-06-p3,100,Newton-SIN,1e-7*n,9.999999999999999e-6,3,7,0.0341016,0.0292858,85.87808196682853,0.0,1.42e-5,0.0,0.0044266,0.0,0.00037500000000000207,0.4184318694939582,5.933127497895552e-6,-1.1764888140765502e-14,6.928567513053707e-7,6.928567513053707e-7,1.949797043092515e-6,6.928567513053707e-7,NaN,converged,13,13,0,0,0,0,3,5.19523831630532e-13,1.12.6,lbt,1,1,Intel(R) Core(TM) 7 150U,NT,c8c2c51
degen-r5-m20-d1e-06-p3,100,AGD-SDAJ-BH,1e-7*n,9.999999999999999e-6,4,27,0.1359308,0.134092,98.64725286689992,0.0,7.67e-5,0.0,0.0,0.0,0.0017621000000000015,0.41844447421725983,3.351624433700887e-5,-9.48188189266318e-15,5.257501711430912e-6,5.257501711430912e-6,9.148760312533104e-6,5.257501711430912e-6,NaN,diag_feasible_at_xpre,0,0,6,6,0,0,4,5.19523831630532e-13,1.12.6,lbt,1,1,Intel(R) Core(TM) 7 150U,NT,c8c2c51
degen-r5-m20-d1e-06-p3,100,AGD-SDAJ,1e-7*n,9.999999999999999e-6,4,27,0.0941226,0.0920433,97.79086000599217,0.0,6.0e-5,0.0,0.0,0.0,0.002019300000000006,0.41844447421725983,3.351624433700887e-5,-9.48188189266318e-15,5.257501711430912e-6,5.257501711430912e-6,9.148760312533104e-6,5.257501711430912e-6,NaN,diag_feasible_at_xpre,0,0,6,6,0,0,4,5.19523831630532e-13,1.12.6,lbt,1,1,Intel(R) Core(TM) 7 150U,NT,c8c2c51
degen-r5-m20-d1e-06-p3,100,Dykstra-APM,1e-7*n,9.999999999999999e-6,90,90,0.4255873,0.397096,93.30541583360218,0.0,0.0,0.0,0.0,0.0156353,0.012855999999999996,0.41842832412967274,3.31630071478194e-5,-9.084635231821926e-15,7.702027931877353e-6,7.702027931877353e-6,9.301499142759846e-6,7.702027931877353e-6,NaN,diag_feasible,0,0,0,0,0,0,90,5.19523831630532e-13,1.12.6,lbt,1,1,Intel(R) Core(TM) 7 150U,NT,c8c2c51
degen-r5-m20-d1e-06-p4,100,SBB-Dual,1e-7*n,9.999999999999999e-6,42,43,0.2076021,0.20406210000000002,98.29481493684312,0.0002837,0.0001138,0.0002306,0.0,0.0,0.0029118999999999877,0.4190686133490477,9.425418617512205e-6,-7.332519942576287e-15,4.618115083454555e-6,0.0,8.352489604940074e-6,4.618115083454555e-6,100.0,diag_feasible,0,0,0,0,0,0,42,9.789734304039594e-12,1.12.6,lbt,1,1,Intel(R) Core(TM) 7 150U,NT,c8c2c51
degen-r5-m20-d1e-06-p4,100,Newton-SIN-BH,1e-7*n,9.999999999999999e-6,3,4,0.0246948,0.0195544,79.18428171112946,0.0,1.26e-5,0.0,0.0045604,0.0,0.0005674,0.41906596911722765,6.832164848762511e-6,-7.077362445950714e-15,7.310399801063738e-7,7.310399801063738e-7,2.174491469273946e-6,7.310399801063738e-7,NaN,converged,12,12,0,0,0,0,3,9.789734304039594e-12,1.12.6,lbt,1,1,Intel(R) Core(TM) 7 150U,NT,c8c2c51
degen-r5-m20-d1e-06-p4,100,Newton-SIN,1e-7*n,9.999999999999999e-6,3,7,0.0365976,0.0319767,87.37376221391565,0.0,1.34e-5,0.0,0.0042504,0.0,0.0003571000000000043,0.41906596911722765,6.832164848762511e-6,-7.077362445950714e-15,7.310399801063738e-7,7.310399801063738e-7,2.174491469273946e-6,7.310399801063738e-7,NaN,converged,12,12,0,0,0,0,3,9.789734304039594e-12,1.12.6,lbt,1,1,Intel(R) Core(TM) 7 150U,NT,c8c2c51
degen-r5-m20-d1e-06-p4,100,AGD-SDAJ-BH,1e-7*n,9.999999999999999e-6,3,24,0.1171215,0.1151879,98.3490648599958,0.0,6.51e-5,0.0,0.0,0.0,0.0018685000000000075,0.4190806263035113,3.6813231328654604e-5,-7.485183863159474e-15,3.491792482157585e-6,3.491792482157585e-6,9.250296249374547e-6,3.491792482157585e-6,NaN,diag_feasible,0,0,5,5,0,0,3,9.789734304039594e-12,1.12.6,lbt,1,1,Intel(R) Core(TM) 7 150U,NT,c8c2c51
degen-r5-m20-d1e-06-p4,100,AGD-SDAJ,1e-7*n,9.999999999999999e-6,3,24,0.119977,0.11863649999999999,98.88270251798261,0.0,6.45e-5,0.0,0.0,0.0,0.0012760000000000085,0.4190806263035113,3.6813231328654604e-5,-7.485183863159474e-15,3.491792482157585e-6,3.491792482157585e-6,9.250296249374547e-6,3.491792482157585e-6,NaN,diag_feasible,0,0,5,5,0,0,3,9.789734304039594e-12,1.12.6,lbt,1,1,Intel(R) Core(TM) 7 150U,NT,c8c2c51
degen-r5-m20-d1e-06-p4,100,Dykstra-APM,1e-7*n,9.999999999999999e-6,86,86,0.495529,0.4620178,93.2372878277558,0.0,0.0,0.0,0.0,0.016583,0.016928200000000018,0.4190616932688537,3.3547561434204204e-5,-7.680782153038258e-15,5.25430475173394e-6,5.25430475173394e-6,9.743310282269263e-6,5.25430475173394e-6,NaN,diag_feasible,0,0,0,0,0,0,86,9.789734304039594e-12,1.12.6,lbt,1,1,Intel(R) Core(TM) 7 150U,NT,c8c2c51
degen-r5-m20-d1e-08-p0,100,SBB-Dual,1e-7*n,9.999999999999999e-6,42,43,0.2120983,0.20927379999999998,98.66830615804088,0.0002598,0.0001186,0.0002221,0.0,0.0,0.0022240000000000077,0.41606919911233503,1.1421806532474554e-5,-9.54795399448798e-15,3.54373274635833e-6,0.0,8.387308662798958e-6,3.54373274635833e-6,100.0,diag_feasible,0,0,0,0,0,0,42,2.6360725518971568e-14,1.12.6,lbt,1,1,Intel(R) Core(TM) 7 150U,NT,c8c2c51
degen-r5-m20-d1e-08-p0,100,Newton-SIN-BH,1e-7*n,9.999999999999999e-6,3,4,0.0267438,0.020513800000000002,76.70488113132765,0.0,1.34e-5,0.0,0.005658,0.0,0.0005585999999999994,0.4160656351517164,8.914971306214612e-6,-5.743378797827076e-15,8.379408680259104e-7,8.379408680259104e-7,2.830655278987567e-6,8.379408680259104e-7,NaN,converged,14,14,0,0,0,0,3,2.6360725518971568e-14,1.12.6,lbt,1,1,Intel(R) Core(TM) 7 150U,NT,c8c2c51
degen-r5-m20-d1e-08-p0,100,Newton-SIN,1e-7*n,9.999999999999999e-6,3,7,0.038146,0.0328869,86.21323336653909,0.0,1.39e-5,0.0,0.0048633,0.0,0.0003819000000000027,0.4160656351517164,8.914971306214612e-6,-5.743378797827076e-15,8.379408680259104e-7,8.379408680259104e-7,2.830655278987567e-6,8.379408680259104e-7,NaN,converged,14,14,0,0,0,0,3,2.6360725518971568e-14,1.12.6,lbt,1,1,Intel(R) Core(TM) 7 150U,NT,c8c2c51
degen-r5-m20-d1e-08-p0,100,AGD-SDAJ-BH,1e-7*n,9.999999999999999e-6,4,26,0.1304402,0.1273841,97.65708730897376,0.0,7.36e-5,0.0,0.0,0.0,0.002982500000000006,0.4160753025118332,2.1884017069787423e-5,-9.114342278935e-15,3.183608082157896e-6,3.183608082157896e-6,6.444902603977089e-6,3.183608082157896e-6,NaN,diag_feasible_at_xpre,0,0,5,5,0,0,4,2.6360725518971568e-14,1.12.6,lbt,1,1,Intel(R) Core(TM) 7 150U,NT,c8c2c51
degen-r5-m20-d1e-08-p0,100,AGD-SDAJ,1e-7*n,9.999999999999999e-6,4,26,0.1361662,0.1338326,98.28621199680978,0.0,7.89e-5,0.0,0.0,0.0,0.0022546999999999914,0.4160753025118332,2.1884017069787423e-5,-9.114342278935e-15,3.183608082157896e-6,3.183608082157896e-6,6.444902603977089e-6,3.183608082157896e-6,NaN,diag_feasible_at_xpre,0,0,5,5,0,0,4,2.6360725518971568e-14,1.12.6,lbt,1,1,Intel(R) Core(TM) 7 150U,NT,c8c2c51
degen-r5-m20-d1e-08-p0,100,Dykstra-APM,1e-7*n,9.999999999999999e-6,86,86,0.4807052,0.4459526,92.7704963457853,0.0,0.0,0.0,0.0,0.0155488,0.01920380000000002,0.416060863557289,3.36436520208017e-5,-8.572302818483015e-15,4.171703641198121e-6,4.171703641198121e-6,9.93000129049531e-6,4.171703641198121e-6,NaN,diag_feasible,0,0,0,0,0,0,86,2.6360725518971568e-14,1.12.6,lbt,1,1,Intel(R) Core(TM) 7 150U,NT,c8c2c51
degen-r5-m20-d1e-08-p1,100,SBB-Dual,1e-7*n,9.999999999999999e-6,41,42,0.2106796,0.2074818,98.48215014647835,0.0002638,0.0003703,0.0002237,0.0,0.0,0.002340000000000001,0.41161884298660073,1.1958718825149245e-5,-1.1022271686562027e-14,2.740082541530242e-6,0.0,9.85334362817873e-6,2.740082541530242e-6,100.0,diag_feasible,0,0,0,0,0,0,41,1.5580349536466703e-14,1.12.6,lbt,1,1,Intel(R) Core(TM) 7 150U,NT,c8c2c51
degen-r5-m20-d1e-08-p1,100,Newton-SIN-BH,1e-7*n,9.999999999999999e-6,3,4,0.0230962,0.0180911,78.32933556169412,0.0,1.2e-5,0.0,0.0044616,0.0,0.0005315000000000025,0.41161498810695624,8.950509770883433e-6,-8.696842125386756e-15,9.072860378545045e-7,9.072860378545045e-7,2.929690999583579e-6,9.072860378545045e-7,NaN,converged,13,13,0,0,0,0,3,1.5580349536466703e-14,1.12.6,lbt,1,1,Intel(R) Core(TM) 7 150U,NT,c8c2c51
degen-r5-m20-d1e-08-p1,100,Newton-SIN,1e-7*n,9.999999999999999e-6,3,7,0.0390909,0.0324204,82.93592626416891,0.0,1.57e-5,0.0,0.0062702,0.0,0.00038459999999999623,0.41161498810695624,8.950509770883433e-6,-8.696842125386756e-15,9.072860378545045e-7,9.072860378545045e-7,2.929690999583579e-6,9.072860378545045e-7,NaN,converged,13,13,0,0,0,0,3,1.5580349536466703e-14,1.12.6,lbt,1,1,Intel(R) Core(TM) 7 150U,NT,c8c2c51
degen-r5-m20-d1e-08-p1,100,AGD-SDAJ-BH,1e-7*n,9.999999999999999e-6,3,24,0.1177546,0.11637539999999999,98.82875063904085,0.0,6.99e-5,0.0,0.0,0.0,0.001309300000000011,0.4116295416338009,3.258605682138959e-5,-1.0442279281067853e-14,2.482559904981585e-6,2.482559904981585e-6,8.249359615314564e-6,2.482559904981585e-6,NaN,diag_feasible,0,0,5,5,0,0,3,1.5580349536466703e-14,1.12.6,lbt,1,1,Intel(R) Core(TM) 7 150U,NT,c8c2c51
degen-r5-m20-d1e-08-p1,100,AGD-SDAJ,1e-7*n,9.999999999999999e-6,3,24,0.1211765,0.1193632,98.50358774184764,0.0,6.62e-5,0.0,0.0,0.0,0.0017471000000000038,0.4116295416338009,3.258605682138959e-5,-1.0442279281067853e-14,2.482559904981585e-6,2.482559904981585e-6,8.249359615314564e-6,2.482559904981585e-6,NaN,diag_feasible,0,0,5,5,0,0,3,1.5580349536466703e-14,1.12.6,lbt,1,1,Intel(R) Core(TM) 7 150U,NT,c8c2c51
degen-r5-m20-d1e-08-p1,100,Dykstra-APM,1e-7*n,9.999999999999999e-6,86,86,0.6293831,0.5330226,84.68969058749751,0.0,0.0,0.0,0.0,0.0583378,0.03802269999999996,0.41161075675798964,3.2800344905995255e-5,-8.629108589484093e-15,2.670229095613763e-6,2.670229095613763e-6,9.685261622817345e-6,2.670229095613763e-6,NaN,diag_feasible,0,0,0,0,0,0,86,1.5580349536466703e-14,1.12.6,lbt,1,1,Intel(R) Core(TM) 7 150U,NT,c8c2c51
degen-r5-m20-d1e-08-p2,100,SBB-Dual,1e-7*n,9.999999999999999e-6,41,42,0.2230241,0.2203061,98.78129762657936,0.0002418,0.0001156,0.0002277,0.0,0.0,0.0021328999999999983,0.41710941194320983,1.047915421239115e-5,-6.912094516568207e-15,3.438552440337972e-6,0.0,8.643880192979209e-6,3.438552440337972e-6,100.0,diag_feasible,0,0,0,0,0,0,41,1.598142809691758e-14,1.12.6,lbt,1,1,Intel(R) Core(TM) 7 150U,NT,c8c2c51
degen-r5-m20-d1e-08-p2,100,Newton-SIN-BH,1e-7*n,9.999999999999999e-6,3,4,0.0334765,0.0260804,77.90659119083536,0.0,1.49e-5,0.0,0.0067696,0.0,0.0006115999999999995,0.41710679879447965,6.238677163053588e-6,-8.763863303788048e-15,6.343390062113485e-7,6.343390062113485e-7,2.0091852263781944e-6,6.343390062113485e-7,NaN,converged,13,13,0,0,0,0,3,1.598142809691758e-14,1.12.6,lbt,1,1,Intel(R) Core(TM) 7 150U,NT,c8c2c51
degen-r5-m20-d1e-08-p2,100,Newton-SIN,1e-7*n,9.999999999999999e-6,3,7,0.0400832,0.0339657,84.73799497046144,0.0,1.57e-5,0.0,0.0056892,0.0,0.0004125999999999982,0.41710679879447965,6.238677163053588e-6,-8.763863303788048e-15,6.343390062113485e-7,6.343390062113485e-7,2.0091852263781944e-6,6.343390062113485e-7,NaN,converged,13,13,0,0,0,0,3,1.598142809691758e-14,1.12.6,lbt,1,1,Intel(R) Core(TM) 7 150U,NT,c8c2c51
degen-r5-m20-d1e-08-p2,100,AGD-SDAJ-BH,1e-7*n,9.999999999999999e-6,4,30,0.1444013,0.1427191,98.83505203900518,0.0,8.14e-5,0.0,0.0,0.0,0.0016008000000000226,0.4171148778695564,1.8379458701016425e-5,-9.958371313487231e-15,2.8013328430276374e-6,2.8013328430276374e-6,4.970417867534903e-6,2.8013328430276374e-6,NaN,diag_feasible_at_xpre,0,0,9,9,0,0,4,1.598142809691758e-14,1.12.6,lbt,1,1,Intel(R) Core(TM) 7 150U,NT,c8c2c51
degen-r5-m20-d1e-08-p2,100,AGD-SDAJ,1e-7*n,9.999999999999999e-6,4,30,0.1542216,0.152437,98.84283394803322,0.0,8.85e-5,0.0,0.0,0.0,0.0016960999999999973,0.4171148778695564,1.8379458701016425e-5,-9.958371313487231e-15,2.8013328430276374e-6,2.8013328430276374e-6,4.970417867534903e-6,2.8013328430276374e-6,NaN,diag_feasible_at_xpre,0,0,9,9,0,0,4,1.598142809691758e-14,1.12.6,lbt,1,1,Intel(R) Core(TM) 7 150U,NT,c8c2c51
degen-r5-m20-d1e-08-p2,100,Dykstra-APM,1e-7*n,9.999999999999999e-6,85,85,0.4893545,0.4550744,92.99483298917247,0.0,0.0,0.0,0.0,0.0152183,0.019061800000000035,0.41710164030879543,3.149329442999259e-5,-7.468928338499619e-15,3.723826709212119e-6,3.723826709212119e-6,9.37372998070561e-6,3.723826709212119e-6,NaN,diag_feasible,0,0,0,0,0,0,85,1.598142809691758e-14,1.12.6,lbt,1,1,Intel(R) Core(TM) 7 150U,NT,c8c2c51
degen-r5-m20-d1e-08-p3,100,SBB-Dual,1e-7*n,9.999999999999999e-6,43,44,0.2001706,0.196202,98.01739116533595,0.0002937,0.0004216,0.0002403,0.0,0.0,0.0030130000000000165,0.41843745447299946,1.0297516548602088e-5,-7.611151259361436e-15,8.191273346946915e-6,0.0,9.71327907704292e-6,8.191273346946915e-6,100.0,diag_feasible,0,0,0,0,0,0,43,2.405939569491989e-12,1.12.6,lbt,1,1,Intel(R) Core(TM) 7 150U,NT,c8c2c51
degen-r5-m20-d1e-08-p3,100,Newton-SIN-BH,1e-7*n,9.999999999999999e-6,3,4,0.0236244,0.0180803,76.53231404818747,0.0,1.27e-5,0.0,0.0045715,0.0,0.0009598999999999996,0.41843536288490496,5.693309666168626e-6,-9.84064348098275e-15,6.920033102097989e-7,6.920033102097989e-7,1.9310506843011387e-6,6.920033102097989e-7,NaN,converged,13,13,0,0,0,0,3,2.405939569491989e-12,1.12.6,lbt,1,1,Intel(R) Core(TM) 7 150U,NT,c8c2c51
degen-r5-m20-d1e-08-p3,100,Newton-SIN,1e-7*n,9.999999999999999e-6,3,7,0.0403598,0.0303293,75.1473000361746,0.0,1.49e-5,0.0,0.0096595,0.0,0.00035610000000000155,0.41843536288490496,5.693309666168626e-6,-9.84064348098275e-15,6.920033102097989e-7,6.920033102097989e-7,1.9310506843011387e-6,6.920033102097989e-7,NaN,converged,13,13,0,0,0,0,3,2.405939569491989e-12,1.12.6,lbt,1,1,Intel(R) Core(TM) 7 150U,NT,c8c2c51
degen-r5-m20-d1e-08-p3,100,AGD-SDAJ-BH,1e-7*n,9.999999999999999e-6,4,27,0.1284423,0.1261879,98.24481498696301,0.0,6.86e-5,0.0,0.0,0.0,0.0021858000000000177,0.41844782631267297,3.3826283396963026e-5,-9.82141993896643e-15,5.2520336899508635e-6,5.2520336899508635e-6,9.232983825112004e-6,5.2520336899508635e-6,NaN,diag_feasible_at_xpre,0,0,6,6,0,0,4,2.405939569491989e-12,1.12.6,lbt,1,1,Intel(R) Core(TM) 7 150U,NT,c8c2c51
degen-r5-m20-d1e-08-p3,100,AGD-SDAJ,1e-7*n,9.999999999999999e-6,4,27,0.1459921,0.14438659999999998,98.90028296051632,0.0,7.89e-5,0.0,0.0,0.0,0.0015266000000000374,0.41844782631267297,3.3826283396963026e-5,-9.82141993896643e-15,5.2520336899508635e-6,5.2520336899508635e-6,9.232983825112004e-6,5.2520336899508635e-6,NaN,diag_feasible_at_xpre,0,0,6,6,0,0,4,2.405939569491989e-12,1.12.6,lbt,1,1,Intel(R) Core(TM) 7 150U,NT,c8c2c51
degen-r5-m20-d1e-08-p3,100,Dykstra-APM,1e-7*n,9.999999999999999e-6,90,90,0.5132242,0.4734706,92.25414545923594,0.0,0.0,0.0,0.0,0.0165131,0.0232405,0.41843159683326037,3.311911972705536e-5,-8.098067690993872e-15,7.702022619238136e-6,7.702022619238136e-6,9.301478883455414e-6,7.702022619238136e-6,NaN,diag_feasible,0,0,0,0,0,0,90,2.405939569491989e-12,1.12.6,lbt,1,1,Intel(R) Core(TM) 7 150U,NT,c8c2c51
degen-r5-m20-d1e-08-p4,100,SBB-Dual,1e-7*n,9.999999999999999e-6,42,43,0.1392431,0.1371084,98.46692582971794,0.0001654,9.61e-5,0.0002251,0.0,0.0,0.0016481000000000171,0.4190718772262483,1.0423450598799313e-5,-7.768896476628932e-15,4.617511617510672e-6,0.0,8.352619241016858e-6,4.617511617510672e-6,100.0,diag_feasible,0,0,0,0,0,0,42,2.3542226225996157e-14,1.12.6,lbt,1,1,Intel(R) Core(TM) 7 150U,NT,c8c2c51
degen-r5-m20-d1e-08-p4,100,Newton-SIN-BH,1e-7*n,9.999999999999999e-6,3,4,0.0237613,0.0186072,78.30884673818353,0.0,1.4e-5,0.0,0.0045084,0.0,0.0006316999999999981,0.4190694378991614,6.618200875003115e-6,-6.34866802616021e-15,7.307025318148419e-7,7.307025318148419e-7,2.1617031470526004e-6,7.307025318148419e-7,NaN,converged,12,12,0,0,0,0,3,2.3542226225996157e-14,1.12.6,lbt,1,1,Intel(R) Core(TM) 7 150U,NT,c8c2c51
degen-r5-m20-d1e-08-p4,100,Newton-SIN,1e-7*n,9.999999999999999e-6,3,7,0.0386229,0.0332418,86.06759202442075,0.0,1.3e-5,0.0,0.0049697,0.0,0.00039840000000000014,0.4190694378991614,6.618200875003115e-6,-6.34866802616021e-15,7.307025318148419e-7,7.307025318148419e-7,2.1617031470526004e-6,7.307025318148419e-7,NaN,converged,12,12,0,0,0,0,3,2.3542226225996157e-14,1.12.6,lbt,1,1,Intel(R) Core(TM) 7 150U,NT,c8c2c51
degen-r5-m20-d1e-08-p4,100,AGD-SDAJ-BH,1e-7*n,9.999999999999999e-6,3,24,0.111268,0.10960650000000001,98.50675845705864,0.0,8.49e-5,0.0,0.0,0.0,0.0015765999999999964,0.41908425789803555,3.763094016426266e-5,-9.860367709242265e-15,3.420988798685798e-6,3.420988798685798e-6,9.390489624524964e-6,3.420988798685798e-6,NaN,diag_feasible,0,0,5,5,0,0,3,2.3542226225996157e-14,1.12.6,lbt,1,1,Intel(R) Core(TM) 7 150U,NT,c8c2c51
degen-r5-m20-d1e-08-p4,100,AGD-SDAJ,1e-7*n,9.999999999999999e-6,3,24,0.0991265,0.09787230000000001,98.73474802398955,0.0,5.96e-5,0.0,0.0,0.0,0.001194599999999997,0.41908425789803555,3.763094016426266e-5,-9.860367709242265e-15,3.420988798685798e-6,3.420988798685798e-6,9.390489624524964e-6,3.420988798685798e-6,NaN,diag_feasible,0,0,5,5,0,0,3,2.3542226225996157e-14,1.12.6,lbt,1,1,Intel(R) Core(TM) 7 150U,NT,c8c2c51
degen-r5-m20-d1e-08-p4,100,Dykstra-APM,1e-7*n,9.999999999999999e-6,86,86,0.4971485,0.4628601,93.10298633104595,0.0,0.0,0.0,0.0,0.016488,0.017800399999999997,0.4190649884417372,3.350377529185254e-5,-9.931286751001997e-15,5.253349801837004e-6,5.253349801837004e-6,9.743394746795596e-6,5.253349801837004e-6,NaN,diag_feasible,0,0,0,0,0,0,86,2.3542226225996157e-14,1.12.6,lbt,1,1,Intel(R) Core(TM) 7 150U,NT,c8c2c51
degen-r5-m20-d1e-10-p0,100,SBB-Dual,1e-7*n,9.999999999999999e-6,42,43,0.2089258,0.20604869999999997,98.622908228663,0.0002428,0.0001151,0.0002911,0.0,0.0,0.0022281000000000215,0.4160692313839662,1.1433474707697625e-5,-8.892269503796818e-15,3.5437292020823463e-6,0.0,8.387312385924384e-6,3.5437292020823463e-6,100.0,diag_feasible,0,0,0,0,0,0,42,2.166158644205851e-14,1.12.6,lbt,1,1,Intel(R) Core(TM) 7 150U,NT,c8c2c51
degen-r5-m20-d1e-10-p0,100,Newton-SIN-BH,1e-7*n,9.999999999999999e-6,3,4,0.0247759,0.0179978,72.64236617035104,0.0,1.62e-5,0.0,0.0061994,0.0,0.0005624999999999988,0.41606566872794265,8.915237941083705e-6,-7.175510337163144e-15,8.379318552353965e-7,8.379318552353965e-7,2.8305461462776067e-6,8.379318552353965e-7,NaN,converged,14,14,0,0,0,0,3,2.166158644205851e-14,1.12.6,lbt,1,1,Intel(R) Core(TM) 7 150U,NT,c8c2c51
degen-r5-m20-d1e-10-p0,100,Newton-SIN,1e-7*n,9.999999999999999e-6,3,7,0.082302,0.071341,86.6819761366674,0.0,2.98e-5,0.0,0.0080104,0.0,0.0029207999999999977,0.41606566872794265,8.915237941083705e-6,-7.175510337163144e-15,8.379318552353965e-7,8.379318552353965e-7,2.8305461462776067e-6,8.379318552353965e-7,NaN,converged,14,14,0,0,0,0,3,2.166158644205851e-14,1.12.6,lbt,1,1,Intel(R) Core(TM) 7 150U,NT,c8c2c51
degen-r5-m20-d1e-10-p0,100,AGD-SDAJ-BH,1e-7*n,9.999999999999999e-6,4,26,0.163035,0.16009400000000001,98.19609286349558,0.0,0.0001342,0.0,0.0,0.0,0.002806799999999999,0.4160753320614796,2.1887291707812117e-5,-9.695287422558358e-15,3.184271164857755e-6,3.184271164857755e-6,6.447636978748186e-6,3.184271164857755e-6,NaN,diag_feasible_at_xpre,0,0,5,5,0,0,4,2.166158644205851e-14,1.12.6,lbt,1,1,Intel(R) Core(TM) 7 150U,NT,c8c2c51
degen-r5-m20-d1e-10-p0,100,AGD-SDAJ,1e-7*n,9.999999999999999e-6,4,26,0.1147504,0.1129904,98.46623628327221,0.0,8.5e-5,0.0,0.0,0.0,0.0016749999999999977,0.4160753320614796,2.1887291707812117e-5,-9.695287422558358e-15,3.184271164857755e-6,3.184271164857755e-6,6.447636978748186e-6,3.184271164857755e-6,NaN,diag_feasible_at_xpre,0,0,5,5,0,0,4,2.166158644205851e-14,1.12.6,lbt,1,1,Intel(R) Core(TM) 7 150U,NT,c8c2c51
degen-r5-m20-d1e-10-p0,100,Dykstra-APM,1e-7*n,9.999999999999999e-6,86,86,0.478929,0.4369679,91.23855519294092,0.0,0.0,0.0,0.0,0.0233138,0.018647299999999974,0.41606089613025693,3.364366090453953e-5,-1.054039887685395e-14,4.171698672728041e-6,4.171698672728041e-6,9.930002559218774e-6,4.171698672728041e-6,NaN,diag_feasible,0,0,0,0,0,0,86,2.166158644205851e-14,1.12.6,lbt,1,1,Intel(R) Core(TM) 7 150U,NT,c8c2c51
degen-r5-m20-d1e-10-p1,100,SBB-Dual,1e-7*n,9.999999999999999e-6,41,42,0.1746373,0.1721028,98.54870637601475,0.0002106,0.0001099,0.000227,0.0,0.0,0.001986999999999995,0.41161887467861263,1.196939668752697e-5,-8.768440979871255e-15,2.740079008134444e-6,0.0,9.853342592487726e-6,2.740079008134444e-6,100.0,diag_feasible,0,0,0,0,0,0,41,1.625700526491423e-13,1.12.6,lbt,1,1,Intel(R) Core(TM) 7 150U,NT,c8c2c51
degen-r5-m20-d1e-10-p1,100,Newton-SIN-BH,1e-7*n,9.999999999999999e-6,3,4,0.0235875,0.0185162,78.50005299417064,0.0,5.25e-5,0.0,0.0044916,0.0,0.0005272000000000011,0.4116150206422173,8.950621657062078e-6,-7.809405309647818e-15,9.072846181013006e-7,9.072846181013006e-7,2.9295763522565947e-6,9.072846181013006e-7,NaN,converged,13,13,0,0,0,0,3,1.625700526491423e-13,1.12.6,lbt,1,1,Intel(R) Core(TM) 7 150U,NT,c8c2c51
degen-r5-m20-d1e-10-p1,100,Newton-SIN,1e-7*n,9.999999999999999e-6,3,7,0.0467793,0.040009,85.52714555369576,0.0,1.32e-5,0.0,0.0063255,0.0,0.00043159999999999987,0.4116150206422173,8.950621657062078e-6,-7.809405309647818e-15,9.072846181013006e-7,9.072846181013006e-7,2.9295763522565947e-6,9.072846181013006e-7,NaN,converged,13,13,0,0,0,0,3,1.625700526491423e-13,1.12.6,lbt,1,1,Intel(R) Core(TM) 7 150U,NT,c8c2c51
degen-r5-m20-d1e-10-p1,100,AGD-SDAJ-BH,1e-7*n,9.999999999999999e-6,3,24,0.1141797,0.1123381,98.38710383719699,0.0,6.94e-5,0.0,0.0,0.0,0.0017721999999999987,0.4116295792436462,3.260417396316981e-5,-1.1022771517575789e-14,2.4811142920189155e-6,2.4811142920189155e-6,8.254063519439258e-6,2.4811142920189155e-6,NaN,diag_feasible,0,0,5,5,0,0,3,1.625700526491423e-13,1.12.6,lbt,1,1,Intel(R) Core(TM) 7 150U,NT,c8c2c51
degen-r5-m20-d1e-10-p1,100,AGD-SDAJ,1e-7*n,9.999999999999999e-6,3,24,0.1237059,0.12205529999999999,98.66570632443562,0.0,7.23e-5,0.0,0.0,0.0,0.001578300000000002,0.4116295792436462,3.260417396316981e-5,-1.1022771517575789e-14,2.4811142920189155e-6,2.4811142920189155e-6,8.254063519439258e-6,2.4811142920189155e-6,NaN,diag_feasible,0,0,5,5,0,0,3,1.625700526491423e-13,1.12.6,lbt,1,1,Intel(R) Core(TM) 7 150U,NT,c8c2c51
degen-r5-m20-d1e-10-p1,100,Dykstra-APM,1e-7*n,9.999999999999999e-6,86,86,0.4462148,0.4152543,93.06152552537478,0.0,0.0,0.0,0.0,0.0148433,0.0161172,0.41161078849420196,3.280033978482812e-5,-7.72648371870335e-15,2.67022633204661e-6,2.67022633204661e-6,9.685261904789561e-6,2.67022633204661e-6,NaN,diag_feasible,0,0,0,0,0,0,86,1.625700526491423e-13,1.12.6,lbt,1,1,Intel(R) Core(TM) 7 150U,NT,c8c2c51
degen-r5-m20-d1e-10-p2,100,SBB-Dual,1e-7*n,9.999999999999999e-6,41,42,0.2501545,0.241955,96.72222566453931,0.0002613,0.0001276,0.0005331,0.0,0.0,0.0072774999999999975,0.41710944432695995,1.0491197262448938e-5,-8.197370755371814e-15,3.43855187368014e-6,0.0,8.643880516249348e-6,3.43855187368014e-6,100.0,diag_feasible,0,0,0,0,0,0,41,1.1027594430358626e-14,1.12.6,lbt,1,1,Intel(R) Core(TM) 7 150U,NT,c8c2c51
degen-r5-m20-d1e-10-p2,100,Newton-SIN-BH,1e-7*n,9.999999999999999e-6,3,4,0.0230611,0.0170294,73.84469951563455,0.0,1.38e-5,0.0,0.0054436,0.0,0.0005743000000000015,0.41710683237016616,6.2389014000829776e-6,-7.598223978376955e-15,6.343360903215967e-7,6.343360903215967e-7,2.009101797395658e-6,6.343360903215967e-7,NaN,converged,13,13,0,0,0,0,3,1.1027594430358626e-14,1.12.6,lbt,1,1,Intel(R) Core(TM) 7 150U,NT,c8c2c51
degen-r5-m20-d1e-10-p2,100,Newton-SIN,1e-7*n,9.999999999999999e-6,3,7,0.0432055,0.0369701,85.56804110587771,0.0,1.63e-5,0.0,0.0055276,0.0,0.000691500000000002,0.41710683237016616,6.2389014000829776e-6,-7.598223978376955e-15,6.343360903215967e-7,6.343360903215967e-7,2.009101797395658e-6,6.343360903215967e-7,NaN,converged,13,13,0,0,0,0,3,1.1027594430358626e-14,1.12.6,lbt,1,1,Intel(R) Core(TM) 7 150U,NT,c8c2c51
degen-r5-m20-d1e-10-p2,100,AGD-SDAJ-BH,1e-7*n,9.999999999999999e-6,4,30,0.1403459,0.138623,98.77239021588802,0.0,8.55e-5,0.0,0.0,0.0,0.0016373999999999994,0.41711491045756616,1.8379942008360342e-5,-9.125006489942622e-15,2.801387333883909e-6,2.801387333883909e-6,4.970524578105837e-6,2.801387333883909e-6,NaN,diag_feasible_at_xpre,0,0,9,9,0,0,4,1.1027594430358626e-14,1.12.6,lbt,1,1,Intel(R) Core(TM) 7 150U,NT,c8c2c51
degen-r5-m20-d1e-10-p2,100,AGD-SDAJ,1e-7*n,9.999999999999999e-6,4,30,0.1392075,0.1374338,98.7258588797299,0.0,8.43e-5,0.0,0.0,0.0,0.0016894000000000169,0.41711491045756616,1.8379942008360342e-5,-9.125006489942622e-15,2.801387333883909e-6,2.801387333883909e-6,4.970524578105837e-6,2.801387333883909e-6,NaN,diag_feasible_at_xpre,0,0,9,9,0,0,4,1.1027594430358626e-14,1.12.6,lbt,1,1,Intel(R) Core(TM) 7 150U,NT,c8c2c51
degen-r5-m20-d1e-10-p2,100,Dykstra-APM,1e-7*n,9.999999999999999e-6,85,85,0.4468925,0.4131663,92.45317386172289,0.0,0.0,0.0,0.0,0.0166586,0.01706760000000004,0.41710167273984455,3.1493295175168106e-5,-7.859802261494488e-15,3.7238260852667793e-6,3.7238260852667793e-6,9.373732074468732e-6,3.7238260852667793e-6,NaN,diag_feasible,0,0,0,0,0,0,85,1.1027594430358626e-14,1.12.6,lbt,1,1,Intel(R) Core(TM) 7 150U,NT,c8c2c51
degen-r5-m20-d1e-10-p3,100,SBB-Dual,1e-7*n,9.999999999999999e-6,43,44,0.2093195,0.20446769999999997,97.68210797369571,0.00028,0.0001316,0.000729,0.0,0.0,0.0037112000000000173,0.41843748701899963,1.0308533541943467e-5,-8.535955682946523e-15,8.191275682634114e-6,0.0,9.713281218473306e-6,8.191275682634114e-6,100.0,diag_feasible,0,0,0,0,0,0,43,2.5673856818236907e-12,1.12.6,lbt,1,1,Intel(R) Core(TM) 7 150U,NT,c8c2c51
degen-r5-m20-d1e-10-p3,100,Newton-SIN-BH,1e-7*n,9.999999999999999e-6,3,4,0.0236869,0.018009800000000003,76.03274383731093,0.0,1.6e-5,0.0,0.0050035,0.0,0.0006575999999999969,0.41843539739554175,5.693801985125701e-6,-1.0107452602342392e-14,6.919959327778002e-7,6.919959327778002e-7,1.931000217433785e-6,6.919959327778002e-7,NaN,converged,13,13,0,0,0,0,3,2.5673856818236907e-12,1.12.6,lbt,1,1,Intel(R) Core(TM) 7 150U,NT,c8c2c51
degen-r5-m20-d1e-10-p3,100,Newton-SIN,1e-7*n,9.999999999999999e-6,3,7,0.0385868,0.0325659,84.39647755190894,0.0,1.62e-5,0.0,0.0054932,0.0,0.0005114999999999955,0.41843539739554175,5.693801985125701e-6,-1.0107452602342392e-14,6.919959327778002e-7,6.919959327778002e-7,1.931000217433785e-6,6.919959327778002e-7,NaN,converged,13,13,0,0,0,0,3,2.5673856818236907e-12,1.12.6,lbt,1,1,Intel(R) Core(TM) 7 150U,NT,c8c2c51
degen-r5-m20-d1e-10-p3,100,AGD-SDAJ-BH,1e-7*n,9.999999999999999e-6,4,27,0.1228855,0.12114040000000001,98.57989754690342,0.0,9.59e-5,0.0,0.0,0.0,0.0016491999999999857,0.41844786034378983,3.383081944615722e-5,-1.2672937427765246e-14,5.252035756742046e-6,5.252035756742046e-6,9.234170608796996e-6,5.252035756742046e-6,NaN,diag_feasible_at_xpre,0,0,6,6,0,0,4,2.5673856818236907e-12,1.12.6,lbt,1,1,Intel(R) Core(TM) 7 150U,NT,c8c2c51
degen-r5-m20-d1e-10-p3,100,AGD-SDAJ,1e-7*n,9.999999999999999e-6,4,27,0.1283519,0.12587589999999999,98.07092843970365,0.0,7.61e-5,0.0,0.0,0.0,0.002399900000000006,0.41844786034378983,3.383081944615722e-5,-1.2672937427765246e-14,5.252035756742046e-6,5.252035756742046e-6,9.234170608796996e-6,5.252035756742046e-6,NaN,diag_feasible_at_xpre,0,0,6,6,0,0,4,2.5673856818236907e-12,1.12.6,lbt,1,1,Intel(R) Core(TM) 7 150U,NT,c8c2c51
degen-r5-m20-d1e-10-p3,100,Dykstra-APM,1e-7*n,9.999999999999999e-6,90,90,0.517532,0.4812667,92.99264586537643,0.0,0.0,0.0,0.0,0.0167983,0.019467,0.4184316294148601,3.3119118197738664e-5,-8.874934847038914e-15,7.702024712452626e-6,7.702024712452626e-6,9.301480676551313e-6,7.702024712452626e-6,NaN,diag_feasible,0,0,0,0,0,0,90,2.5673856818236907e-12,1.12.6,lbt,1,1,Intel(R) Core(TM) 7 150U,NT,c8c2c51
degen-r5-m20-d1e-10-p4,100,SBB-Dual,1e-7*n,9.999999999999999e-6,42,43,0.1952291,0.19230999999999998,98.5047823300932,0.000276,0.0001292,0.0002495,0.0,0.0,0.0022644000000000076,0.4190719098650338,1.0434374894517994e-5,-8.516644739740407e-15,4.617503247983379e-6,0.0,8.352623245377093e-6,4.617503247983379e-6,100.0,diag_feasible,0,0,0,0,0,0,42,2.581501310456258e-14,1.12.6,lbt,1,1,Intel(R) Core(TM) 7 150U,NT,c8c2c51
degen-r5-m20-d1e-10-p4,100,Newton-SIN-BH,1e-7*n,9.999999999999999e-6,3,4,0.0249276,0.019287500000000003,77.3740753221329,0.0,1.51e-5,0.0,0.005055,0.0,0.0005699999999999993,0.4190694719975382,6.618624203951112e-6,-7.13223145306877e-15,7.306995055689214e-7,7.306995055689214e-7,2.161690207011176e-6,7.306995055689214e-7,NaN,converged,12,12,0,0,0,0,3,2.581501310456258e-14,1.12.6,lbt,1,1,Intel(R) Core(TM) 7 150U,NT,c8c2c51
degen-r5-m20-d1e-10-p4,100,Newton-SIN,1e-7*n,9.999999999999999e-6,3,7,0.0343288,0.0296291,86.30974575283727,0.0,1.36e-5,0.0,0.0042844,0.0,0.00040170000000000136,0.4190694719975382,6.618624203951112e-6,-7.13223145306877e-15,7.306995055689214e-7,7.306995055689214e-7,2.161690207011176e-6,7.306995055689214e-7,NaN,converged,12,12,0,0,0,0,3,2.581501310456258e-14,1.12.6,lbt,1,1,Intel(R) Core(TM) 7 150U,NT,c8c2c51
degen-r5-m20-d1e-10-p4,100,AGD-SDAJ-BH,1e-7*n,9.999999999999999e-6,3,24,0.1182303,0.11629110000000001,98.35981131740341,0.0,6.2e-5,0.0,0.0,0.0,0.0018771999999999882,0.4190842953298993,3.764443828533436e-5,-8.784594223414775e-15,3.4218282781717235e-6,3.4218282781717235e-6,9.393540561758454e-6,3.4218282781717235e-6,NaN,diag_feasible,0,0,5,5,0,0,3,2.581501310456258e-14,1.12.6,lbt,1,1,Intel(R) Core(TM) 7 150U,NT,c8c2c51
degen-r5-m20-d1e-10-p4,100,AGD-SDAJ,1e-7*n,9.999999999999999e-6,3,24,0.1287963,0.1273687,98.8915830656626,0.0,6.79e-5,0.0,0.0,0.0,0.001359700000000001,0.4190842953298993,3.764443828533436e-5,-8.784594223414775e-15,3.4218282781717235e-6,3.4218282781717235e-6,9.393540561758454e-6,3.4218282781717235e-6,NaN,diag_feasible,0,0,5,5,0,0,3,2.581501310456258e-14,1.12.6,lbt,1,1,Intel(R) Core(TM) 7 150U,NT,c8c2c51
degen-r5-m20-d1e-10-p4,100,Dykstra-APM,1e-7*n,9.999999999999999e-6,86,86,0.4878177,0.4474949,91.73404327067261,0.0,0.0,0.0,0.0,0.0220319,0.018290900000000047,0.419065021736185,3.350378382362703e-5,-8.049568643315882e-15,5.253337709509864e-6,5.253337709509864e-6,9.74339428751863e-6,5.253337709509864e-6,NaN,diag_feasible,0,0,0,0,0,0,86,2.581501310456258e-14,1.12.6,lbt,1,1,Intel(R) Core(TM) 7 150U,NT,c8c2c51
degen-r5-m20-d0-p0,100,SBB-Dual,1e-7*n,9.999999999999999e-6,42,43,0.2336839,0.2266756,97.0009487174769,0.0002679,0.0001341,0.001255,0.0,0.0,0.0053512999999999955,0.41606923170994287,1.1433591929732517e-5,-7.396889679968402e-15,3.5437291658890757e-6,0.0,8.387312421773991e-6,3.5437291658890757e-6,100.0,diag_feasible,0,0,0,0,0,0,42,9.755173408503892e-13,1.12.6,lbt,1,1,Intel(R) Core(TM) 7 150U,NT,c8c2c51
degen-r5-m20-d0-p0,100,Newton-SIN-BH,1e-7*n,9.999999999999999e-6,3,4,0.0270002,0.0211224,78.23053162569167,0.0,1.49e-5,0.0,0.0052931,0.0,0.0005697999999999988,0.41606566906708636,8.915240019761623e-6,-7.323500736804064e-15,8.379317644191531e-7,8.379317644191531e-7,2.830545049347688e-6,8.379317644191531e-7,NaN,converged,14,14,0,0,0,0,3,9.755173408503892e-13,1.12.6,lbt,1,1,Intel(R) Core(TM) 7 150U,NT,c8c2c51
degen-r5-m20-d0-p0,100,Newton-SIN,1e-7*n,9.999999999999999e-6,3,7,0.0355027,0.0300736,84.70792362271038,0.0,1.32e-5,0.0,0.0050314,0.0,0.0003844999999999994,0.41606566906708636,8.915240019761623e-6,-7.323500736804064e-15,8.379317644191531e-7,8.379317644191531e-7,2.830545049347688e-6,8.379317644191531e-7,NaN,converged,14,14,0,0,0,0,3,9.755173408503892e-13,1.12.6,lbt,1,1,Intel(R) Core(TM) 7 150U,NT,c8c2c51
degen-r5-m20-d0-p0,100,AGD-SDAJ-BH,1e-7*n,9.999999999999999e-6,4,26,0.1199724,0.1183337,98.63410251024402,0.0,7.47e-5,0.0,0.0,0.0,0.0015640000000000068,0.4160753323598503,2.188732295346567e-5,-1.1095202415822767e-14,3.184277743706332e-6,3.184277743706332e-6,6.4476645070276745e-6,3.184277743706332e-6,NaN,diag_feasible_at_xpre,0,0,5,5,0,0,4,9.755173408503892e-13,1.12.6,lbt,1,1,Intel(R) Core(TM) 7 150U,NT,c8c2c51
degen-r5-m20-d0-p0,100,AGD-SDAJ,1e-7*n,9.999999999999999e-6,4,26,0.124651,0.1205063,96.67495647848794,0.0,7.26e-5,0.0,0.0,0.0,0.004072100000000001,0.4160753323598503,2.188732295346567e-5,-1.1095202415822767e-14,3.184277743706332e-6,3.184277743706332e-6,6.4476645070276745e-6,3.184277743706332e-6,NaN,diag_feasible_at_xpre,0,0,5,5,0,0,4,9.755173408503892e-13,1.12.6,lbt,1,1,Intel(R) Core(TM) 7 150U,NT,c8c2c51
degen-r5-m20-d0-p0,100,Dykstra-APM,1e-7*n,9.999999999999999e-6,86,86,0.5012376,0.4653721,92.84461101880626,0.0,0.0,0.0,0.0,0.0176794,0.018186099999999938,0.4160608964592774,3.36436595443039e-5,-8.604220856076857e-15,4.171698623878228e-6,4.171698623878228e-6,9.930002570989735e-6,4.171698623878228e-6,NaN,diag_feasible,0,0,0,0,0,0,86,9.755173408503892e-13,1.12.6,lbt,1,1,Intel(R) Core(TM) 7 150U,NT,c8c2c51
degen-r5-m20-d0-p1,100,SBB-Dual,1e-7*n,9.999999999999999e-6,41,42,0.2141964,0.2114852,98.73424576696901,0.000255,0.0001188,0.0002237,0.0,0.0,0.002113699999999997,0.4116188749987342,1.1969504426239399e-5,-7.823215894087849e-15,2.740078973273441e-6,0.0,9.853342583824724e-6,2.740078973273441e-6,100.0,diag_feasible,0,0,0,0,0,0,41,2.5647833969775522e-14,1.12.6,lbt,1,1,Intel(R) Core(TM) 7 150U,NT,c8c2c51
degen-r5-m20-d0-p1,100,Newton-SIN-BH,1e-7*n,9.999999999999999e-6,3,4,0.0276678,0.0222538,80.43212687673035,0.0,1.3e-5,0.0,0.0042936,0.0,0.0011073999999999988,0.4116150209708728,8.950623417461193e-6,-6.723380503296298e-15,9.072846018920444e-7,9.072846018920444e-7,2.929575186222265e-6,9.072846018920444e-7,NaN,converged,13,13,0,0,0,0,3,2.5647833969775522e-14,1.12.6,lbt,1,1,Intel(R) Core(TM) 7 150U,NT,c8c2c51
degen-r5-m20-d0-p1,100,Newton-SIN,1e-7*n,9.999999999999999e-6,3,7,0.0377863,0.0329821,87.2858681585654,0.0,1.47e-5,0.0,0.0043955,0.0,0.0003940000000000011,0.4116150209708728,8.950623417461193e-6,-6.723380503296298e-15,9.072846018920444e-7,9.072846018920444e-7,2.929575186222265e-6,9.072846018920444e-7,NaN,converged,13,13,0,0,0,0,3,2.5647833969775522e-14,1.12.6,lbt,1,1,Intel(R) Core(TM) 7 150U,NT,c8c2c51
degen-r5-m20-d0-p1,100,AGD-SDAJ-BH,1e-7*n,9.999999999999999e-6,3,24,0.1191312,0.11744589999999999,98.58534120364773,0.0,7.25e-5,0.0,0.0,0.0,0.0016128000000000145,0.4116295796237163,3.260435712404346e-5,-9.6567180909898e-15,2.4810995582491557e-6,2.4810995582491557e-6,8.254111111906477e-6,2.4810995582491557e-6,NaN,diag_feasible,0,0,5,5,0,0,3,2.5647833969775522e-14,1.12.6,lbt,1,1,Intel(R) Core(TM) 7 150U,NT,c8c2c51
degen-r5-m20-d0-p1,100,AGD-SDAJ,1e-7*n,9.999999999999999e-6,3,24,0.1183463,0.1170319,98.88936113761055,0.0,6.46e-5,0.0,0.0,0.0,0.0012498000000000073,0.4116295796237163,3.260435712404346e-5,-9.6567180909898e-15,2.4810995582491557e-6,2.4810995582491557e-6,8.254111111906477e-6,2.4810995582491557e-6,NaN,diag_feasible,0,0,5,5,0,0,3,2.5647833969775522e-14,1.12.6,lbt,1,1,Intel(R) Core(TM) 7 150U,NT,c8c2c51
degen-r5-m20-d0-p1,100,Dykstra-APM,1e-7*n,9.999999999999999e-6,86,86,0.5284427,0.4905485,92.82908061744442,0.0,0.0,0.0,0.0,0.0173924,0.020501800000000046,0.411610788814765,3.2800340274558474e-5,-8.069491701412996e-15,2.6702263042910346e-6,2.6702263042910346e-6,9.68526190841919e-6,2.6702263042910346e-6,NaN,diag_feasible,0,0,0,0,0,0,86,2.5647833969775522e-14,1.12.6,lbt,1,1,Intel(R) Core(TM) 7 150U,NT,c8c2c51
degen-r5-m20-d0-p2,100,SBB-Dual,1e-7*n,9.999999999999999e-6,41,42,0.1992553,0.1967111,98.72314563276359,0.0002325,0.0001084,0.0002245,0.0,0.0,0.0019787999999999967,0.4171094446540688,1.0491318941367591e-5,-7.0677226502961454e-15,3.4385518654644898e-6,0.0,8.643880516663107e-6,3.4385518654644898e-6,100.0,diag_feasible,0,0,0,0,0,0,41,2.3296172451472966e-14,1.12.6,lbt,1,1,Intel(R) Core(TM) 7 150U,NT,c8c2c51
degen-r5-m20-d0-p2,100,Newton-SIN-BH,1e-7*n,9.999999999999999e-6,3,4,0.0255838,0.019232600000000002,75.17491537613647,0.0,1.34e-5,0.0,0.0057634,0.0,0.0005743999999999975,0.4171068327093373,6.2389039321468196e-6,-9.11882220052418e-15,6.343360627880656e-7,6.343360627880656e-7,2.009100948256432e-6,6.343360627880656e-7,NaN,converged,13,13,0,0,0,0,3,2.3296172451472966e-14,1.12.6,lbt,1,1,Intel(R) Core(TM) 7 150U,NT,c8c2c51
degen-r5-m20-d0-p2,100,Newton-SIN,1e-7*n,9.999999999999999e-6,3,7,0.0374514,0.0306371,81.80495255184051,0.0,1.38e-5,0.0,0.0064492,0.0,0.0003513000000000023,0.4171068327093373,6.2389039321468196e-6,-9.11882220052418e-15,6.343360627880656e-7,6.343360627880656e-7,2.009100948256432e-6,6.343360627880656e-7,NaN,converged,13,13,0,0,0,0,3,2.3296172451472966e-14,1.12.6,lbt,1,1,Intel(R) Core(TM) 7 150U,NT,c8c2c51
degen-r5-m20-d0-p2,100,AGD-SDAJ-BH,1e-7*n,9.999999999999999e-6,4,30,0.1457407,0.1439421,98.7658903792832,0.0,8.36e-5,0.0,0.0,0.0,0.0017150000000000112,0.41711491078669416,1.8379946855818694e-5,-9.517676152701434e-15,2.801387926965049e-6,2.801387926965049e-6,4.97052567910351e-6,2.801387926965049e-6,NaN,diag_feasible_at_xpre,0,0,9,9,0,0,4,2.3296172451472966e-14,1.12.6,lbt,1,1,Intel(R) Core(TM) 7 150U,NT,c8c2c51
degen-r5-m20-d0-p2,100,AGD-SDAJ,1e-7*n,9.999999999999999e-6,4,30,0.140917,0.139175,98.76381132155808,0.0,8.48e-5,0.0,0.0,0.0,0.0016571999999999937,0.41711491078669416,1.8379946855818694e-5,-9.517676152701434e-15,2.801387926965049e-6,2.801387926965049e-6,4.97052567910351e-6,2.801387926965049e-6,NaN,diag_feasible_at_xpre,0,0,9,9,0,0,4,2.3296172451472966e-14,1.12.6,lbt,1,1,Intel(R) Core(TM) 7 150U,NT,c8c2c51
degen-r5-m20-d0-p2,100,Dykstra-APM,1e-7*n,9.999999999999999e-6,85,85,0.496654,0.461999,93.02230526684573,0.0,0.0,0.0,0.0,0.0152792,0.01937579999999999,0.4171016730674243,3.1493295241166345e-5,-8.05008448925094e-15,3.7238260799377088e-6,3.7238260799377088e-6,9.373732096025271e-6,3.7238260799377088e-6,NaN,diag_feasible,0,0,0,0,0,0,85,2.3296172451472966e-14,1.12.6,lbt,1,1,Intel(R) Core(TM) 7 150U,NT,c8c2c51
degen-r5-m20-d0-p3,100,SBB-Dual,1e-7*n,9.999999999999999e-6,43,44,0.2230305,0.2199726,98.6289319173835,0.0002603,0.0001254,0.0002247,0.0,0.0,0.0024475000000000026,0.41843748734774794,1.0308641576414049e-5,-9.176888105043174e-15,8.191275706836976e-6,0.0,9.713281242049985e-6,8.191275706836976e-6,100.0,diag_feasible,0,0,0,0,0,0,43,3.941901531062246e-14,1.12.6,lbt,1,1,Intel(R) Core(TM) 7 150U,NT,c8c2c51
degen-r5-m20-d0-p3,100,Newton-SIN-BH,1e-7*n,9.999999999999999e-6,3,4,0.0243258,0.019156799999999998,78.75095577534961,0.0,1.33e-5,0.0,0.0044818,0.0,0.0006739000000000033,0.4184353977441374,5.693810227467147e-6,-8.029443129159698e-15,6.919958608353483e-7,6.919958608353483e-7,1.9309997108478544e-6,6.919958608353483e-7,NaN,converged,13,13,0,0,0,0,3,3.941901531062246e-14,1.12.6,lbt,1,1,Intel(R) Core(TM) 7 150U,NT,c8c2c51
degen-r5-m20-d0-p3,100,Newton-SIN,1e-7*n,9.999999999999999e-6,3,7,0.0375733,0.032369300000000004,86.14973930956293,0.0,1.49e-5,0.0,0.0047922,0.0,0.00039689999999999344,0.4184353977441374,5.693810227467147e-6,-8.029443129159698e-15,6.919958608353483e-7,6.919958608353483e-7,1.9309997108478544e-6,6.919958608353483e-7,NaN,converged,13,13,0,0,0,0,3,3.941901531062246e-14,1.12.6,lbt,1,1,Intel(R) Core(TM) 7 150U,NT,c8c2c51
degen-r5-m20-d0-p3,100,AGD-SDAJ-BH,1e-7*n,9.999999999999999e-6,4,27,0.1304741,0.1271648,97.46363454509361,0.0,7.29e-5,0.0,0.0,0.0,0.003236400000000015,0.41844786068761997,3.3830859807751736e-5,-9.123928972176403e-15,5.25203576462463e-6,5.25203576462463e-6,9.234182614160266e-6,5.25203576462463e-6,NaN,diag_feasible_at_xpre,0,0,6,6,0,0,4,3.941901531062246e-14,1.12.6,lbt,1,1,Intel(R) Core(TM) 7 150U,NT,c8c2c51
degen-r5-m20-d0-p3,100,AGD-SDAJ,1e-7*n,9.999999999999999e-6,4,27,0.1387869,0.1362648,98.18275355959388,0.0,0.0001283,0.0,0.0,0.0,0.0023937999999999993,0.41844786068761997,3.3830859807751736e-5,-9.123928972176403e-15,5.25203576462463e-6,5.25203576462463e-6,9.234182614160266e-6,5.25203576462463e-6,NaN,diag_feasible_at_xpre,0,0,6,6,0,0,4,3.941901531062246e-14,1.12.6,lbt,1,1,Intel(R) Core(TM) 7 150U,NT,c8c2c51
degen-r5-m20-d0-p3,100,Dykstra-APM,1e-7*n,9.999999999999999e-6,90,90,0.5262495,0.4852707,92.21304723329904,0.0,0.0,0.0,0.0,0.0184407,0.022538100000000037,0.41843162974397224,3.311912592118705e-5,-7.821592872885975e-15,7.70202473288073e-6,7.70202473288073e-6,9.301480694020072e-6,7.70202473288073e-6,NaN,diag_feasible,0,0,0,0,0,0,90,3.941901531062246e-14,1.12.6,lbt,1,1,Intel(R) Core(TM) 7 150U,NT,c8c2c51
degen-r5-m20-d0-p4,100,SBB-Dual,1e-7*n,9.999999999999999e-6,42,43,0.2200868,0.2125639,96.58184861609146,0.0002518,0.0001193,0.0047518,0.0,0.0,0.0023999999999999994,0.41907191019471857,1.0434483747807032e-5,-7.731846556480984e-15,4.617503163606429e-6,0.0,8.352623284236855e-6,4.617503163606429e-6,100.0,diag_feasible,0,0,0,0,0,0,42,5.925727275374145e-12,1.12.6,lbt,1,1,Intel(R) Core(TM) 7 150U,NT,c8c2c51
degen-r5-m20-d0-p4,100,Newton-SIN-BH,1e-7*n,9.999999999999999e-6,3,4,0.0259993,0.0185223,71.24153342589992,0.0,1.27e-5,0.0,0.0069113,0.0,0.0005530000000000005,0.4190694723419425,6.61861860895415e-6,-6.389717766447552e-15,7.306994795897026e-7,7.306994795897026e-7,2.1616900870862145e-6,7.306994795897026e-7,NaN,converged,12,12,0,0,0,0,3,5.925727275374145e-12,1.12.6,lbt,1,1,Intel(R) Core(TM) 7 150U,NT,c8c2c51
degen-r5-m20-d0-p4,100,Newton-SIN,1e-7*n,9.999999999999999e-6,3,7,0.0383794,0.0328785,85.66705055316132,0.0,1.3e-5,0.0,0.005102,0.0,0.00038590000000000325,0.4190694723419425,6.61861860895415e-6,-6.389717766447552e-15,7.306994795897026e-7,7.306994795897026e-7,2.1616900870862145e-6,7.306994795897026e-7,NaN,converged,12,12,0,0,0,0,3,5.925727275374145e-12,1.12.6,lbt,1,1,Intel(R) Core(TM) 7 150U,NT,c8c2c51
degen-r5-m20-d0-p4,100,AGD-SDAJ-BH,1e-7*n,9.999999999999999e-6,3,24,0.121486,0.11995910000000001,98.7431473585434,0.0,7.53e-5,0.0,0.0,0.0,0.001451599999999984,0.4190842957080539,3.7644569141413943e-5,-9.312969336271438e-15,3.421836739403439e-6,3.421836739403439e-6,9.39357139921344e-6,3.421836739403439e-6,NaN,diag_feasible,0,0,5,5,0,0,3,5.925727275374145e-12,1.12.6,lbt,1,1,Intel(R) Core(TM) 7 150U,NT,c8c2c51
degen-r5-m20-d0-p4,100,AGD-SDAJ,1e-7*n,9.999999999999999e-6,3,24,0.1080604,0.10671249999999999,98.75264204093266,0.0,6.15e-5,0.0,0.0,0.0,0.001286400000000013,0.4190842957080539,3.7644569141413943e-5,-9.312969336271438e-15,3.421836739403439e-6,3.421836739403439e-6,9.39357139921344e-6,3.421836739403439e-6,NaN,diag_feasible,0,0,5,5,0,0,3,5.925727275374145e-12,1.12.6,lbt,1,1,Intel(R) Core(TM) 7 150U,NT,c8c2c51
degen-r5-m20-d0-p4,100,Dykstra-APM,1e-7*n,9.999999999999999e-6,86,86,0.4850917,0.4511285,92.9986021199703,0.0,0.0,0.0,0.0,0.0158063,0.018156900000000028,0.4190650220724994,3.350376846293283e-5,-8.354845939189574e-15,5.253337584942841e-6,5.253337584942841e-6,9.743394277295523e-6,5.253337584942841e-6,NaN,diag_feasible,0,0,0,0,0,0,86,5.925727275374145e-12,1.12.6,lbt,1,1,Intel(R) Core(TM) 7 150U,NT,c8c2c51
degen-r20-m1-d0.01-p0,100,SBB-Dual,1e-7*n,9.999999999999999e-6,20,21,0.09939,0.09790750000000001,98.50840124761042,0.0001246,6.1e-5,0.0002287,0.0,0.0,0.0010681999999999977,0.4040066425767457,9.862578528905456e-6,-2.7788949411198933e-15,1.655913179687829e-6,0.0,9.94596994192382e-6,1.655913179687829e-6,100.0,diag_feasible,0,0,0,0,0,0,20,1.8951022480423312e-14,1.12.6,lbt,1,1,Intel(R) Core(TM) 7 150U,NT,c8c2c51
degen-r20-m1-d0.01-p0,100,Newton-SIN-BH,1e-7*n,9.999999999999999e-6,3,4,0.0237738,0.0190086,79.95608611160185,0.0,1.2e-5,0.0,0.0042222,0.0,0.0005310000000000011,0.40400664244579815,1.4640037223292743e-10,-3.7852969032432714e-15,3.153854954973667e-11,3.153854954973667e-11,8.555753620284575e-11,3.153854954973667e-11,NaN,converged,13,13,0,0,0,0,3,1.8951022480423312e-14,1.12.6,lbt,1,1,Intel(R) Core(TM) 7 150U,NT,c8c2c51
degen-r20-m1-d0.01-p0,100,Newton-SIN,1e-7*n,9.999999999999999e-6,3,7,0.0434375,0.037028200000000004,85.24477697841728,0.0,1.32e-5,0.0,0.0059865,0.0,0.0004095999999999935,0.40400664244579815,1.4640037223292743e-10,-3.7852969032432714e-15,3.153854954973667e-11,3.153854954973667e-11,8.555753620284575e-11,3.153854954973667e-11,NaN,converged,13,13,0,0,0,0,3,1.8951022480423312e-14,1.12.6,lbt,1,1,Intel(R) Core(TM) 7 150U,NT,c8c2c51
degen-r20-m1-d0.01-p0,100,AGD-SDAJ-BH,1e-7*n,9.999999999999999e-6,2,13,0.0624339,0.0616005,98.66514826080062,0.0,3.96e-5,0.0,0.0,0.0,0.000793799999999998,0.40400012375698935,9.475278886588915e-6,-3.6065410445972465e-15,1.6302438067272718e-6,1.6302438067272718e-6,4.90991953823996e-6,1.6302438067272718e-6,NaN,diag_feasible,0,0,0,0,0,0,2,1.8951022480423312e-14,1.12.6,lbt,1,1,Intel(R) Core(TM) 7 150U,NT,c8c2c51
degen-r20-m1-d0.01-p0,100,AGD-SDAJ,1e-7*n,9.999999999999999e-6,2,13,0.0617283,0.0609112,98.67629596149578,0.0,3.74e-5,0.0,0.0,0.0,0.0007797000000000011,0.40400012375698935,9.475278886588915e-6,-3.6065410445972465e-15,1.6302438067272718e-6,1.6302438067272718e-6,4.90991953823996e-6,1.6302438067272718e-6,NaN,diag_feasible,0,0,0,0,0,0,2,1.8951022480423312e-14,1.12.6,lbt,1,1,Intel(R) Core(TM) 7 150U,NT,c8c2c51
degen-r20-m1-d0.01-p0,100,Dykstra-APM,1e-7*n,9.999999999999999e-6,46,46,0.2494283,0.2323285,93.14440261991122,0.0,0.0,0.0,0.0,0.0078647,0.009235099999999998,0.40399085419549724,1.844327109727099e-5,-3.0074618852185644e-15,1.353311530838397e-6,1.353311530838397e-6,8.15760511168335e-6,1.353311530838397e-6,NaN,diag_feasible,0,0,0,0,0,0,46,1.8951022480423312e-14,1.12.6,lbt,1,1,Intel(R) Core(TM) 7 150U,NT,c8c2c51
degen-r20-m1-d0.01-p1,100,SBB-Dual,1e-7*n,9.999999999999999e-6,20,21,0.0940555,0.0926541,98.51002865329514,0.000113,5.15e-5,0.0002266,0.0,0.0,0.0010102999999999972,0.39870317383704973,9.816720679239437e-6,-3.390527579541954e-15,1.6405623617377074e-6,0.0,9.884309285288353e-6,1.6405623617377074e-6,100.0,diag_feasible,0,0,0,0,0,0,20,6.058835649855771e-12,1.12.6,lbt,1,1,Intel(R) Core(TM) 7 150U,NT,c8c2c51
degen-r20-m1-d0.01-p1,100,Newton-SIN-BH,1e-7*n,9.999999999999999e-6,3,4,0.0231438,0.0172156,74.3853645468765,0.0,1.26e-5,0.0,0.0053631,0.0,0.0005524999999999983,0.3987036531125542,1.0458648397027348e-5,-3.781765180368163e-15,5.9010870190334686e-6,5.9010870190334686e-6,6.182547199631913e-6,5.9010870190334686e-6,NaN,converged,10,10,0,0,0,0,3,6.058835649855771e-12,1.12.6,lbt,1,1,Intel(R) Core(TM) 7 150U,NT,c8c2c51
degen-r20-m1-d0.01-p1,100,Newton-SIN,1e-7*n,9.999999999999999e-6,3,7,0.0349692,0.0311255,89.0083273280487,0.0,1.53e-5,0.0,0.003142,0.0,0.0006863999999999985,0.3987036531125542,1.0458648397027348e-5,-3.781765180368163e-15,5.9010870190334686e-6,5.9010870190334686e-6,6.182547199631913e-6,5.9010870190334686e-6,NaN,converged,10,10,0,0,0,0,3,6.058835649855771e-12,1.12.6,lbt,1,1,Intel(R) Core(TM) 7 150U,NT,c8c2c51
degen-r20-m1-d0.01-p1,100,AGD-SDAJ-BH,1e-7*n,9.999999999999999e-6,3,15,0.0693315,0.0684153,98.67852274939962,0.0,3.92e-5,0.0,0.0,0.0,0.0008770000000000059,0.3986989818961546,6.256969973697856e-6,-3.5077577717248716e-15,1.7646418849492918e-6,1.7646418849492918e-6,3.3868283233661184e-6,1.7646418849492918e-6,NaN,diag_feasible_at_xpre,0,0,0,0,0,0,3,6.058835649855771e-12,1.12.6,lbt,1,1,Intel(R) Core(TM) 7 150U,NT,c8c2c51
degen-r20-m1-d0.01-p1,100,AGD-SDAJ,1e-7*n,9.999999999999999e-6,3,15,0.07145,0.0705204,98.69895031490553,0.0,4.84e-5,0.0,0.0,0.0,0.0008812000000000027,0.3986989818961546,6.256969973697856e-6,-3.5077577717248716e-15,1.7646418849492918e-6,1.7646418849492918e-6,3.3868283233661184e-6,1.7646418849492918e-6,NaN,diag_feasible_at_xpre,0,0,0,0,0,0,3,6.058835649855771e-12,1.12.6,lbt,1,1,Intel(R) Core(TM) 7 150U,NT,c8c2c51
degen-r20-m1-d0.01-p1,100,Dykstra-APM,1e-7*n,9.999999999999999e-6,46,46,0.245193,0.2256082,92.01249627844189,0.0,0.0,0.0,0.0,0.0093335,0.010251299999999986,0.398687279605704,1.8253475766543996e-5,-3.1543501524600182e-15,1.3379982193306716e-6,1.3379982193306716e-6,8.094019861748193e-6,1.3379982193306716e-6,NaN,diag_feasible,0,0,0,0,0,0,46,6.058835649855771e-12,1.12.6,lbt,1,1,Intel(R) Core(TM) 7 150U,NT,c8c2c51
degen-r20-m1-d0.01-p2,100,SBB-Dual,1e-7*n,9.999999999999999e-6,20,21,0.0969448,0.0954864,98.49563875525043,0.0001211,5.59e-5,0.0002266,0.0,0.0,0.0010547999999999985,0.40433247822084994,8.755440351836853e-6,-3.5146189180375485e-15,1.3401390419609527e-6,0.0,9.405400520979777e-6,1.3401390419609527e-6,100.0,diag_feasible,0,0,0,0,0,0,20,1.860642372481148e-14,1.12.6,lbt,1,1,Intel(R) Core(TM) 7 150U,NT,c8c2c51
degen-r20-m1-d0.01-p2,100,Newton-SIN-BH,1e-7*n,9.999999999999999e-6,2,3,0.0154369,0.013003,84.23323335643815,0.0,9.0e-6,0.0,0.0019545,0.0,0.0004703999999999993,0.40432975067726057,1.538821919322059e-5,-3.6285368395196525e-15,4.3390250331620805e-6,4.3390250331620805e-6,9.482046996668393e-6,4.3390250331620805e-6,NaN,converged,6,6,0,0,0,0,2,1.860642372481148e-14,1.12.6,lbt,1,1,Intel(R) Core(TM) 7 150U,NT,c8c2c51
degen-r20-m1-d0.01-p2,100,Newton-SIN,1e-7*n,9.999999999999999e-6,2,5,0.0261876,0.0239103,91.30389955551482,0.0,1.04e-5,0.0,0.0019554,0.0,0.0003114999999999997,0.40432975067726057,1.538821919322059e-5,-3.6285368395196525e-15,4.3390250331620805e-6,4.3390250331620805e-6,9.482046996668393e-6,4.3390250331620805e-6,NaN,converged,6,6,0,0,0,0,2,1.860642372481148e-14,1.12.6,lbt,1,1,Intel(R) Core(TM) 7 150U,NT,c8c2c51
degen-r20-m1-d0.01-p2,100,AGD-SDAJ-BH,1e-7*n,9.999999999999999e-6,2,13,0.0615819,0.0607771,98.69312249216084,0.0,3.9e-5,0.0,0.0,0.0,0.0007658000000000014,0.40432356775328476,1.1756161670868601e-5,-3.1700596178530596e-15,1.7374393874725058e-6,1.7374393874725058e-6,5.7745801008986265e-6,1.7374393874725058e-6,NaN,diag_feasible,0,0,0,0,0,0,2,1.860642372481148e-14,1.12.6,lbt,1,1,Intel(R) Core(TM) 7 150U,NT,c8c2c51
degen-r20-m1-d0.01-p2,100,AGD-SDAJ,1e-7*n,9.999999999999999e-6,2,13,0.0597794,0.059036399999999996,98.75709692636592,0.0,3.63e-5,0.0,0.0,0.0,0.0007067000000000076,0.40432356775328476,1.1756161670868601e-5,-3.1700596178530596e-15,1.7374393874725058e-6,1.7374393874725058e-6,5.7745801008986265e-6,1.7374393874725058e-6,NaN,diag_feasible,0,0,0,0,0,0,2,1.860642372481148e-14,1.12.6,lbt,1,1,Intel(R) Core(TM) 7 150U,NT,c8c2c51
degen-r20-m1-d0.01-p2,100,Dykstra-APM,1e-7*n,9.999999999999999e-6,45,45,0.2486396,0.2308616,92.84989197215569,0.0,0.0,0.0,0.0,0.0074752,0.010302799999999987,0.4043137078201475,2.182917174380795e-5,-3.383401640302444e-15,1.3775771150470462e-6,1.3775771150470462e-6,9.676727916354006e-6,1.3775771150470462e-6,NaN,diag_feasible,0,0,0,0,0,0,45,1.860642372481148e-14,1.12.6,lbt,1,1,Intel(R) Core(TM) 7 150U,NT,c8c2c51
degen-r20-m1-d0.01-p3,100,SBB-Dual,1e-7*n,9.999999999999999e-6,20,21,0.0919393,0.09030550000000001,98.22295797335853,0.0001149,6.31e-5,0.0003939,0.0,0.0,0.0010618999999999908,0.4046229549555431,9.774669938889068e-6,-3.237578248894221e-15,1.4993317625222602e-6,0.0,9.24542838722218e-6,1.4993317625222602e-6,100.0,diag_feasible,0,0,0,0,0,0,20,4.2597276831131544e-14,1.12.6,lbt,1,1,Intel(R) Core(TM) 7 150U,NT,c8c2c51
degen-r20-m1-d0.01-p3,100,Newton-SIN-BH,1e-7*n,9.999999999999999e-6,3,4,0.0240955,0.0180511,74.9148181195659,0.0,1.21e-5,0.0,0.0054362,0.0,0.0005960999999999978,0.4046229548264138,7.979282892231005e-11,-3.5387251726573575e-15,1.6898704657819508e-11,1.6898704657819508e-11,4.6616230643853075e-11,1.6898704657819508e-11,NaN,converged,13,13,0,0,0,0,3,4.2597276831131544e-14,1.12.6,lbt,1,1,Intel(R) Core(TM) 7 150U,NT,c8c2c51
degen-r20-m1-d0.01-p3,100,Newton-SIN,1e-7*n,9.999999999999999e-6,3,7,0.035427,0.0309038,87.23233691816975,0.0,1.59e-5,0.0,0.0041248,0.0,0.00038250000000000176,0.4046229548264138,7.979282892231005e-11,-3.5387251726573575e-15,1.6898704657819508e-11,1.6898704657819508e-11,4.6616230643853075e-11,1.6898704657819508e-11,NaN,converged,13,13,0,0,0,0,3,4.2597276831131544e-14,1.12.6,lbt,1,1,Intel(R) Core(TM) 7 150U,NT,c8c2c51
degen-r20-m1-d0.01-p3,100,AGD-SDAJ-BH,1e-7*n,9.999999999999999e-6,3,15,0.070419,0.06948059999999999,98.6674051037362,0.0,4.14e-5,0.0,0.0,0.0,0.0008970000000000059,0.404618524598313,6.672083555476179e-6,-3.352915923021096e-15,1.5098728433082798e-6,1.5098728433082798e-6,3.5867730542559695e-6,1.5098728433082798e-6,NaN,diag_feasible_at_xpre,0,0,0,0,0,0,3,4.2597276831131544e-14,1.12.6,lbt,1,1,Intel(R) Core(TM) 7 150U,NT,c8c2c51
degen-r20-m1-d0.01-p3,100,AGD-SDAJ,1e-7*n,9.999999999999999e-6,3,15,0.0731604,0.07225140000000001,98.75752456246823,0.0,4.38e-5,0.0,0.0,0.0,0.0008651999999999932,0.404618524598313,6.672083555476179e-6,-3.352915923021096e-15,1.5098728433082798e-6,1.5098728433082798e-6,3.5867730542559695e-6,1.5098728433082798e-6,NaN,diag_feasible_at_xpre,0,0,0,0,0,0,3,4.2597276831131544e-14,1.12.6,lbt,1,1,Intel(R) Core(TM) 7 150U,NT,c8c2c51
degen-r20-m1-d0.01-p3,100,Dykstra-APM,1e-7*n,9.999999999999999e-6,45,45,0.2469053,0.2221082,89.95683770255236,0.0,0.0,0.0,0.0,0.0106959,0.014101199999999989,0.40460448991514203,2.152215392021184e-5,-3.07301940743387e-15,1.5422558798938724e-6,1.5422558798938724e-6,9.542339741714526e-6,1.5422558798938724e-6,NaN,diag_feasible,0,0,0,0,0,0,45,4.2597276831131544e-14,1.12.6,lbt,1,1,Intel(R) Core(TM) 7 150U,NT,c8c2c51
degen-r20-m1-d0.01-p4,100,SBB-Dual,1e-7*n,9.999999999999999e-6,20,21,0.0955804,0.0941428,98.49592594297576,0.0001107,5.73e-5,0.0002444,0.0,0.0,0.0010251999999999974,0.4044420439388145,9.789004476513545e-6,-3.4998279043772285e-15,1.6053182370079355e-6,0.0,9.629738804001758e-6,1.6053182370079355e-6,100.0,diag_feasible,0,0,0,0,0,0,20,2.2099574249141427e-14,1.12.6,lbt,1,1,Intel(R) Core(TM) 7 150U,NT,c8c2c51
degen-r20-m1-d0.01-p4,100,Newton-SIN-BH,1e-7*n,9.999999999999999e-6,3,4,0.0269646,0.020858599999999998,77.35549572402334,0.0,1.56e-5,0.0,0.0054316,0.0,0.0006588000000000002,0.4044420437904726,3.134537466652082e-10,-3.4652414899134525e-15,6.751044168140652e-11,6.751044168140652e-11,1.8250802807245735e-10,6.751044168140652e-11,NaN,converged,13,13,0,0,0,0,3,2.2099574249141427e-14,1.12.6,lbt,1,1,Intel(R) Core(TM) 7 150U,NT,c8c2c51
degen-r20-m1-d0.01-p4,100,Newton-SIN,1e-7*n,9.999999999999999e-6,3,7,0.0415253,0.0358043,86.22285690892058,0.0,1.39e-5,0.0,0.0047547,0.0,0.0009524000000000043,0.4044420437904726,3.134537466652082e-10,-3.4652414899134525e-15,6.751044168140652e-11,6.751044168140652e-11,1.8250802807245735e-10,6.751044168140652e-11,NaN,converged,13,13,0,0,0,0,3,2.2099574249141427e-14,1.12.6,lbt,1,1,Intel(R) Core(TM) 7 150U,NT,c8c2c51
degen-r20-m1-d0.01-p4,100,AGD-SDAJ-BH,1e-7*n,9.999999999999999e-6,2,13,0.0608981,0.0601241,98.72902438663932,0.0,3.56e-5,0.0,0.0,0.0,0.0007383999999999969,0.4044322824185894,1.564021502497904e-5,-3.114415504589533e-15,3.618595903587263e-6,3.618595903587263e-6,8.430236418554596e-6,3.618595903587263e-6,NaN,diag_feasible,0,0,0,0,0,0,2,2.2099574249141427e-14,1.12.6,lbt,1,1,Intel(R) Core(TM) 7 150U,NT,c8c2c51
degen-r20-m1-d0.01-p4,100,AGD-SDAJ,1e-7*n,9.999999999999999e-6,2,13,0.0599793,0.059190599999999996,98.68504634098764,0.0,4.13e-5,0.0,0.0,0.0,0.0007474000000000033,0.4044322824185894,1.564021502497904e-5,-3.114415504589533e-15,3.618595903587263e-6,3.618595903587263e-6,8.430236418554596e-6,3.618595903587263e-6,NaN,diag_feasible,0,0,0,0,0,0,2,2.2099574249141427e-14,1.12.6,lbt,1,1,Intel(R) Core(TM) 7 150U,NT,c8c2c51
degen-r20-m1-d0.01-p4,100,Dykstra-APM,1e-7*n,9.999999999999999e-6,45,45,0.2558608,0.2362694,92.34294585180692,0.0,0.0,0.0,0.0,0.0103319,0.009259500000000009,0.404422959341107,2.2305430969608153e-5,-3.189305377718827e-15,1.6385197190160739e-6,1.6385197190160739e-6,9.87365971926192e-6,1.6385197190160739e-6,NaN,diag_feasible,0,0,0,0,0,0,45,2.2099574249141427e-14,1.12.6,lbt,1,1,Intel(R) Core(TM) 7 150U,NT,c8c2c51
degen-r20-m1-d0.0001-p0,100,SBB-Dual,1e-7*n,9.999999999999999e-6,20,21,0.0585809,0.0575628,98.26206152517287,7.24e-5,5.37e-5,7.47e-5,0.0,0.0,0.000817300000000001,0.40567521350394803,8.163765391815614e-6,-3.701099238670118e-15,1.3903287239269702e-6,0.0,8.229958746360989e-6,1.3903287239269702e-6,100.0,diag_feasible,0,0,0,0,0,0,20,2.4546225132713094e-14,1.12.6,lbt,1,1,Intel(R) Core(TM) 7 150U,NT,c8c2c51
degen-r20-m1-d0.0001-p0,100,Newton-SIN-BH,1e-7*n,9.999999999999999e-6,3,4,0.0232387,0.0178741,76.91523191916932,0.0,1.27e-5,0.0,0.0042919,0.0,0.0010600000000000002,0.4056752134118957,1.586941394336131e-9,-3.484705477918254e-15,4.4478931648939124e-10,4.4478931648939124e-10,9.652305679467698e-10,4.4478931648939124e-10,NaN,converged,12,12,0,0,0,0,3,2.4546225132713094e-14,1.12.6,lbt,1,1,Intel(R) Core(TM) 7 150U,NT,c8c2c51
degen-r20-m1-d0.0001-p0,100,Newton-SIN,1e-7*n,9.999999999999999e-6,3,7,0.0367772,0.0320439,87.12979780951241,0.0,1.34e-5,0.0,0.0043391,0.0,0.0003808000000000023,0.4056752134118957,1.586941394336131e-9,-3.484705477918254e-15,4.4478931648939124e-10,4.4478931648939124e-10,9.652305679467698e-10,4.4478931648939124e-10,NaN,converged,12,12,0,0,0,0,3,2.4546225132713094e-14,1.12.6,lbt,1,1,Intel(R) Core(TM) 7 150U,NT,c8c2c51
degen-r20-m1-d0.0001-p0,100,AGD-SDAJ-BH,1e-7*n,9.999999999999999e-6,3,15,0.0751865,0.074194,98.6799491930067,0.0,4.98e-5,0.0,0.0,0.0,0.0009427000000000072,0.4056832235096502,1.3785697125228484e-5,-3.467926126158821e-15,2.800186237106317e-6,2.800186237106317e-6,7.757871718525584e-6,2.800186237106317e-6,NaN,diag_feasible_at_xpre,0,0,0,0,0,0,3,2.4546225132713094e-14,1.12.6,lbt,1,1,Intel(R) Core(TM) 7 150U,NT,c8c2c51
degen-r20-m1-d0.0001-p0,100,AGD-SDAJ,1e-7*n,9.999999999999999e-6,3,15,0.0680441,0.0671895,98.74404981475249,0.0,3.8e-5,0.0,0.0,0.0,0.000816599999999997,0.4056832235096502,1.3785697125228484e-5,-3.467926126158821e-15,2.800186237106317e-6,2.800186237106317e-6,7.757871718525584e-6,2.800186237106317e-6,NaN,diag_feasible_at_xpre,0,0,0,0,0,0,3,2.4546225132713094e-14,1.12.6,lbt,1,1,Intel(R) Core(TM) 7 150U,NT,c8c2c51
degen-r20-m1-d0.0001-p0,100,Dykstra-APM,1e-7*n,9.999999999999999e-6,45,45,0.248057,0.2312218,93.21317277883712,0.0,0.0,0.0,0.0,0.0083782,0.008456999999999994,0.40565865717360033,1.9448669191289005e-5,-3.85619114267536e-15,1.4547176003798512e-6,1.4547176003798512e-6,8.60247273727628e-6,1.4547176003798512e-6,NaN,diag_feasible,0,0,0,0,0,0,45,2.4546225132713094e-14,1.12.6,lbt,1,1,Intel(R) Core(TM) 7 150U,NT,c8c2c51
degen-r20-m1-d0.0001-p1,100,SBB-Dual,1e-7*n,9.999999999999999e-6,20,21,0.0991017,0.09759140000000001,98.47600999781034,0.0001264,6.42e-5,0.0002255,0.0,0.0,0.0010941999999999922,0.39907222845861,9.26799602779034e-6,-3.1616907734572967e-15,1.5542379869781797e-6,0.0,9.33277175194148e-6,1.5542379869781797e-6,100.0,diag_feasible,0,0,0,0,0,0,20,2.162109033514964e-12,1.12.6,lbt,1,1,Intel(R) Core(TM) 7 150U,NT,c8c2c51
degen-r20-m1-d0.0001-p1,100,Newton-SIN-BH,1e-7*n,9.999999999999999e-6,3,4,0.0219584,0.0174397,79.42154255319149,0.0,1.27e-5,0.0,0.00395,0.0,0.0005560000000000001,0.3990722283267517,2.201634578745479e-9,-3.6480956171433795e-15,6.999512081051762e-10,6.999512081051762e-10,1.3085383268843896e-9,6.999512081051762e-10,NaN,converged,12,12,0,0,0,0,3,2.162109033514964e-12,1.12.6,lbt,1,1,Intel(R) Core(TM) 7 150U,NT,c8c2c51
degen-r20-m1-d0.0001-p1,100,Newton-SIN,1e-7*n,9.999999999999999e-6,3,7,0.0356823,0.0302755,84.84738932187668,0.0,1.29e-5,0.0,0.0050046,0.0,0.0003893000000000004,0.3990722283267517,2.201634578745479e-9,-3.6480956171433795e-15,6.999512081051762e-10,6.999512081051762e-10,1.3085383268843896e-9,6.999512081051762e-10,NaN,converged,12,12,0,0,0,0,3,2.162109033514964e-12,1.12.6,lbt,1,1,Intel(R) Core(TM) 7 150U,NT,c8c2c51
degen-r20-m1-d0.0001-p1,100,AGD-SDAJ-BH,1e-7*n,9.999999999999999e-6,2,13,0.0632496,0.062494999999999995,98.80694897675241,0.0,3.76e-5,0.0,0.0,0.0,0.000717000000000008,0.39907357085733236,4.132301783321671e-6,-3.5142345787098463e-15,8.753828633079053e-7,8.753828633079053e-7,2.3388943344950774e-6,8.753828633079053e-7,NaN,diag_feasible,0,0,0,0,0,0,2,2.162109033514964e-12,1.12.6,lbt,1,1,Intel(R) Core(TM) 7 150U,NT,c8c2c51
degen-r20-m1-d0.0001-p1,100,AGD-SDAJ,1e-7*n,9.999999999999999e-6,2,13,0.0642083,0.0633961,98.73505450229955,0.0,3.83e-5,0.0,0.0,0.0,0.000773899999999999,0.39907357085733236,4.132301783321671e-6,-3.5142345787098463e-15,8.753828633079053e-7,8.753828633079053e-7,2.3388943344950774e-6,8.753828633079053e-7,NaN,diag_feasible,0,0,0,0,0,0,2,2.162109033514964e-12,1.12.6,lbt,1,1,Intel(R) Core(TM) 7 150U,NT,c8c2c51
degen-r20-m1-d0.0001-p1,100,Dykstra-APM,1e-7*n,9.999999999999999e-6,45,45,0.2459473,0.2288741,93.05818766865909,0.0,0.0,0.0,0.0,0.008036,0.00903720000000001,0.39905340017974766,2.1664571374117187e-5,-3.3629658345367654e-15,1.5937131552234973e-6,1.5937131552234973e-6,9.60666059064825e-6,1.5937131552234973e-6,NaN,diag_feasible,0,0,0,0,0,0,45,2.162109033514964e-12,1.12.6,lbt,1,1,Intel(R) Core(TM) 7 150U,NT,c8c2c51
degen-r20-m1-d0.0001-p2,100,SBB-Dual,1e-7*n,9.999999999999999e-6,20,21,0.0992769,0.09783820000000001,98.55082098655379,0.000119,5.54e-5,0.0002239,0.0,0.0,0.0010403999999999873,0.4060405605313972,7.107167883828642e-6,-3.8855380492746866e-15,1.0982402092185595e-6,0.0,7.632319837454275e-6,1.0982402092185595e-6,100.0,diag_feasible,0,0,0,0,0,0,20,2.158605915865822e-14,1.12.6,lbt,1,1,Intel(R) Core(TM) 7 150U,NT,c8c2c51
degen-r20-m1-d0.0001-p2,100,Newton-SIN-BH,1e-7*n,9.999999999999999e-6,3,4,0.0248599,0.0192749,77.53410110257886,0.0,1.24e-5,0.0,0.0047667,0.0,0.0008059,0.40604056046393017,7.448588745528873e-10,-3.1867313391075007e-15,2.0991630655942117e-10,2.0991630655942117e-10,4.3885464924056245e-10,2.0991630655942117e-10,NaN,converged,12,12,0,0,0,0,3,2.158605915865822e-14,1.12.6,lbt,1,1,Intel(R) Core(TM) 7 150U,NT,c8c2c51
degen-r20-m1-d0.0001-p2,100,Newton-SIN,1e-7*n,9.999999999999999e-6,3,7,0.0354237,0.0307896,86.91808026829494,0.0,1.31e-5,0.0,0.0042133,0.0,0.00040770000000000216,0.40604056046393017,7.448588745528873e-10,-3.1867313391075007e-15,2.0991630655942117e-10,2.0991630655942117e-10,4.3885464924056245e-10,2.0991630655942117e-10,NaN,converged,12,12,0,0,0,0,3,2.158605915865822e-14,1.12.6,lbt,1,1,Intel(R) Core(TM) 7 150U,NT,c8c2c51
degen-r20-m1-d0.0001-p2,100,AGD-SDAJ-BH,1e-7*n,9.999999999999999e-6,3,15,0.0705541,0.06933199999999999,98.26785402974456,0.0,4.05e-5,0.0,0.0,0.0,0.0011816000000000038,0.4060469062792311,1.0619349399610803e-5,-3.824903565571468e-15,3.124056906389505e-6,3.124056906389505e-6,6.022413723188713e-6,3.124056906389505e-6,NaN,diag_feasible_at_xpre,0,0,0,0,0,0,3,2.158605915865822e-14,1.12.6,lbt,1,1,Intel(R) Core(TM) 7 150U,NT,c8c2c51
degen-r20-m1-d0.0001-p2,100,AGD-SDAJ,1e-7*n,9.999999999999999e-6,3,15,0.0745542,0.07338560000000001,98.43254974233513,0.0,4.37e-5,0.0,0.0,0.0,0.0011248999999999918,0.4060469062792311,1.0619349399610803e-5,-3.824903565571468e-15,3.124056906389505e-6,3.124056906389505e-6,6.022413723188713e-6,3.124056906389505e-6,NaN,diag_feasible_at_xpre,0,0,0,0,0,0,3,2.158605915865822e-14,1.12.6,lbt,1,1,Intel(R) Core(TM) 7 150U,NT,c8c2c51
degen-r20-m1-d0.0001-p2,100,Dykstra-APM,1e-7*n,9.999999999999999e-6,45,45,0.2582725,0.2348229,90.92059743100793,0.0,0.0,0.0,0.0,0.0084375,0.015012100000000014,0.40602499196054315,1.820599397594097e-5,-3.0966295037742317e-15,1.1664855170678834e-6,1.1664855170678834e-6,8.070840712277053e-6,1.1664855170678834e-6,NaN,diag_feasible,0,0,0,0,0,0,45,2.158605915865822e-14,1.12.6,lbt,1,1,Intel(R) Core(TM) 7 150U,NT,c8c2c51
degen-r20-m1-d0.0001-p3,100,SBB-Dual,1e-7*n,9.999999999999999e-6,20,21,0.0960054,0.09459970000000001,98.53581152726825,0.0001126,5.47e-5,0.0002337,0.0,0.0,0.001004699999999996,0.40635950423498474,7.66514364756214e-6,-3.4986732022429366e-15,1.1993546551458678e-6,0.0,7.2516303137208194e-6,1.1993546551458678e-6,100.0,diag_feasible,0,0,0,0,0,0,20,4.1157990552855836e-14,1.12.6,lbt,1,1,Intel(R) Core(TM) 7 150U,NT,c8c2c51
degen-r20-m1-d0.0001-p3,100,Newton-SIN-BH,1e-7*n,9.999999999999999e-6,3,4,0.02482,0.0199249,80.27759871071716,0.0,1.47e-5,0.0,0.004257,0.0,0.0006233999999999988,0.4063595041472786,2.573231594651267e-10,-3.0537182148577153e-15,8.255152117442321e-11,8.255152117442321e-11,1.4541254769827857e-10,8.255152117442321e-11,NaN,converged,13,13,0,0,0,0,3,4.1157990552855836e-14,1.12.6,lbt,1,1,Intel(R) Core(TM) 7 150U,NT,c8c2c51
degen-r20-m1-d0.0001-p3,100,Newton-SIN,1e-7*n,9.999999999999999e-6,3,7,0.0351561,0.030566700000000002,86.9456509681108,0.0,1.33e-5,0.0,0.0041514,0.0,0.0004247000000000001,0.4063595041472786,2.573231594651267e-10,-3.0537182148577153e-15,8.255152117442321e-11,8.255152117442321e-11,1.4541254769827857e-10,8.255152117442321e-11,NaN,converged,13,13,0,0,0,0,3,4.1157990552855836e-14,1.12.6,lbt,1,1,Intel(R) Core(TM) 7 150U,NT,c8c2c51
degen-r20-m1-d0.0001-p3,100,AGD-SDAJ-BH,1e-7*n,9.999999999999999e-6,3,15,0.0667873,0.0658834,98.64659897914724,0.0,4.32e-5,0.0,0.0,0.0,0.0008606999999999992,0.4063647900862025,8.744563210655117e-6,-3.728226473817493e-15,2.9901343188143414e-6,2.9901343188143414e-6,4.956270819062616e-6,2.9901343188143414e-6,NaN,diag_feasible_at_xpre,0,0,0,0,0,0,3,4.1157990552855836e-14,1.12.6,lbt,1,1,Intel(R) Core(TM) 7 150U,NT,c8c2c51
degen-r20-m1-d0.0001-p3,100,AGD-SDAJ,1e-7*n,9.999999999999999e-6,3,15,0.0822422,0.0811384,98.65786664267249,0.0,8.46e-5,0.0,0.0,0.0,0.001019200000000002,0.4063647900862025,8.744563210655117e-6,-3.728226473817493e-15,2.9901343188143414e-6,2.9901343188143414e-6,4.956270819062616e-6,2.9901343188143414e-6,NaN,diag_feasible_at_xpre,0,0,0,0,0,0,3,4.1157990552855836e-14,1.12.6,lbt,1,1,Intel(R) Core(TM) 7 150U,NT,c8c2c51
degen-r20-m1-d0.0001-p3,100,Dykstra-APM,1e-7*n,9.999999999999999e-6,44,44,0.2498862,0.2313489,92.58170319129268,0.0,0.0,0.0,0.0,0.0094029,0.009134400000000006,0.40634098645588873,2.1691338794852462e-5,-3.803291593426958e-15,1.5990308248614582e-6,1.5990308248614582e-6,9.617975088114867e-6,1.5990308248614582e-6,NaN,diag_feasible,0,0,0,0,0,0,44,4.1157990552855836e-14,1.12.6,lbt,1,1,Intel(R) Core(TM) 7 150U,NT,c8c2c51
degen-r20-m1-d0.0001-p4,100,SBB-Dual,1e-7*n,9.999999999999999e-6,20,21,0.0991021,0.09761990000000001,98.50437074491863,0.0001134,6.07e-5,0.0002251,0.0,0.0,0.0010829999999999891,0.40616452336837083,7.791162589591964e-6,-3.795454082979895e-15,1.2880605126941447e-6,0.0,7.665065974447051e-6,1.2880605126941447e-6,100.0,diag_feasible,0,0,0,0,0,0,20,2.2496197958823337e-14,1.12.6,lbt,1,1,Intel(R) Core(TM) 7 150U,NT,c8c2c51
degen-r20-m1-d0.0001-p4,100,Newton-SIN-BH,1e-7*n,9.999999999999999e-6,3,4,0.0244512,0.0196612,80.40995942939406,0.0,1.27e-5,0.0,0.004209,0.0,0.000568299999999999,0.406164523270781,4.1922443959944095e-10,-3.202538862190377e-15,8.433365117355152e-11,8.433365117355152e-11,2.475528223286944e-10,8.433365117355152e-11,NaN,converged,13,13,0,0,0,0,3,2.2496197958823337e-14,1.12.6,lbt,1,1,Intel(R) Core(TM) 7 150U,NT,c8c2c51
degen-r20-m1-d0.0001-p4,100,Newton-SIN,1e-7*n,9.999999999999999e-6,3,7,0.0379539,0.0314951,82.98251299602939,0.0,1.38e-5,0.0,0.0059641,0.0,0.0004809000000000011,0.406164523270781,4.1922443959944095e-10,-3.202538862190377e-15,8.433365117355152e-11,8.433365117355152e-11,2.475528223286944e-10,8.433365117355152e-11,NaN,converged,13,13,0,0,0,0,3,2.2496197958823337e-14,1.12.6,lbt,1,1,Intel(R) Core(TM) 7 150U,NT,c8c2c51
degen-r20-m1-d0.0001-p4,100,AGD-SDAJ-BH,1e-7*n,9.999999999999999e-6,2,13,0.0546018,0.0539378,98.78392287433749,0.0,3.21e-5,0.0,0.0,0.0,0.000631899999999998,0.40617801320399577,1.9617997296412074e-5,-3.197791504814344e-15,3.5665705390153235e-6,3.5665705390153235e-6,9.875628730786248e-6,3.5665705390153235e-6,NaN,diag_feasible,0,0,0,0,0,0,2,2.2496197958823337e-14,1.12.6,lbt,1,1,Intel(R) Core(TM) 7 150U,NT,c8c2c51
degen-r20-m1-d0.0001-p4,100,AGD-SDAJ,1e-7*n,9.999999999999999e-6,2,13,0.0572406,0.05644,98.60134240381826,0.0,3.65e-5,0.0,0.0,0.0,0.0007641000000000055,0.40617801320399577,1.9617997296412074e-5,-3.197791504814344e-15,3.5665705390153235e-6,3.5665705390153235e-6,9.875628730786248e-6,3.5665705390153235e-6,NaN,diag_feasible,0,0,0,0,0,0,2,2.2496197958823337e-14,1.12.6,lbt,1,1,Intel(R) Core(TM) 7 150U,NT,c8c2c51
degen-r20-m1-d0.0001-p4,100,Dykstra-APM,1e-7*n,9.999999999999999e-6,45,45,0.2606463,0.2439129,93.58003547335987,0.0,0.0,0.0,0.0,0.0076691,0.00906430000000001,0.40614895388685185,1.8297038466326212e-5,-3.273106630404836e-15,1.359829918445854e-6,1.359829918445854e-6,8.099505396475475e-6,1.359829918445854e-6,NaN,diag_feasible,0,0,0,0,0,0,45,2.2496197958823337e-14,1.12.6,lbt,1,1,Intel(R) Core(TM) 7 150U,NT,c8c2c51
degen-r20-m1-d1e-06-p0,100,SBB-Dual,1e-7*n,9.999999999999999e-6,20,21,0.1003154,0.0987581,98.44759628132869,0.0001241,5.64e-5,0.0002211,0.0,0.0,0.0011556999999999974,0.40569300448929724,7.333721041010179e-6,-3.3657045140674735e-15,1.3012401973711007e-6,0.0,7.162323657786397e-6,1.3012401973711007e-6,100.0,diag_feasible,0,0,0,0,0,0,20,2.2072227770032528e-14,1.12.6,lbt,1,1,Intel(R) Core(TM) 7 150U,NT,c8c2c51
degen-r20-m1-d1e-06-p0,100,Newton-SIN-BH,1e-7*n,9.999999999999999e-6,3,4,0.0267353,0.0216873,81.11859601351023,0.0,1.39e-5,0.0,0.0044722,0.0,0.0005619000000000006,0.40569285498933466,3.728212272323884e-7,-3.558891229495545e-15,1.5145564780105758e-7,1.5145564780105758e-7,2.130631936071791e-7,1.5145564780105758e-7,NaN,converged,13,13,0,0,0,0,3,2.2072227770032528e-14,1.12.6,lbt,1,1,Intel(R) Core(TM) 7 150U,NT,c8c2c51
degen-r20-m1-d1e-06-p0,100,Newton-SIN,1e-7*n,9.999999999999999e-6,3,7,0.0344526,0.0293979,85.32853833963183,0.0,1.41e-5,0.0,0.0046268,0.0,0.000413799999999998,0.40569285498933466,3.728212272323884e-7,-3.558891229495545e-15,1.5145564780105758e-7,1.5145564780105758e-7,2.130631936071791e-7,1.5145564780105758e-7,NaN,converged,13,13,0,0,0,0,3,2.2072227770032528e-14,1.12.6,lbt,1,1,Intel(R) Core(TM) 7 150U,NT,c8c2c51
degen-r20-m1-d1e-06-p0,100,AGD-SDAJ-BH,1e-7*n,9.999999999999999e-6,3,15,0.0668059,0.0658618,98.58680146514004,0.0,4.63e-5,0.0,0.0,0.0,0.0008978000000000033,0.4057010343036155,1.3790083069255156e-5,-3.53132424747811e-15,2.8422120450510846e-6,2.8422120450510846e-6,7.750630545858577e-6,2.8422120450510846e-6,NaN,diag_feasible_at_xpre,0,0,0,0,0,0,3,2.2072227770032528e-14,1.12.6,lbt,1,1,Intel(R) Core(TM) 7 150U,NT,c8c2c51
degen-r20-m1-d1e-06-p0,100,AGD-SDAJ,1e-7*n,9.999999999999999e-6,3,15,0.0644625,0.06351180000000001,98.52518906340897,0.0,4.39e-5,0.0,0.0,0.0,0.0009067999999999987,0.4057010343036155,1.3790083069255156e-5,-3.53132424747811e-15,2.8422120450510846e-6,2.8422120450510846e-6,7.750630545858577e-6,2.8422120450510846e-6,NaN,diag_feasible_at_xpre,0,0,0,0,0,0,3,2.2072227770032528e-14,1.12.6,lbt,1,1,Intel(R) Core(TM) 7 150U,NT,c8c2c51
degen-r20-m1-d1e-06-p0,100,Dykstra-APM,1e-7*n,9.999999999999999e-6,44,44,0.2228012,0.2052111,92.10502456898796,0.0,0.0,0.0,0.0,0.0088386,0.008751499999999997,0.40567467964292275,2.1340020657008404e-5,-3.209038077123701e-15,1.7273672574535937e-6,1.7273672574535937e-6,9.586090241602698e-6,1.7273672574535937e-6,NaN,diag_feasible,0,0,0,0,0,0,44,2.2072227770032528e-14,1.12.6,lbt,1,1,Intel(R) Core(TM) 7 150U,NT,c8c2c51
degen-r20-m1-d1e-06-p1,100,SBB-Dual,1e-7*n,9.999999999999999e-6,20,21,0.0907367,0.0891153,98.21307144738566,0.0001529,7.2e-5,0.0002278,0.0,0.0,0.0011687000000000088,0.3990763628674537,8.847167518108673e-6,-3.2513009751316195e-15,1.5217234172748562e-6,0.0,9.03085004626578e-6,1.5217234172748562e-6,100.0,diag_feasible,0,0,0,0,0,0,20,4.109741457186571e-12,1.12.6,lbt,1,1,Intel(R) Core(TM) 7 150U,NT,c8c2c51
degen-r20-m1-d1e-06-p1,100,Newton-SIN-BH,1e-7*n,9.999999999999999e-6,3,4,0.035222,0.0237974,67.56402248594628,0.0,1.33e-5,0.0,0.0087083,0.0,0.0027030000000000023,0.3990763482239693,4.756063220447762e-7,-3.4706691640636065e-15,2.7665482948968645e-7,2.7665482948968645e-7,2.7692620816048065e-7,2.7665482948968645e-7,NaN,converged,13,13,0,0,0,0,3,4.109741457186571e-12,1.12.6,lbt,1,1,Intel(R) Core(TM) 7 150U,NT,c8c2c51
degen-r20-m1-d1e-06-p1,100,Newton-SIN,1e-7*n,9.999999999999999e-6,3,7,0.0373974,0.0320302,85.64820014225589,0.0,1.37e-5,0.0,0.0049242,0.0,0.0004292999999999953,0.3990763482239693,4.756063220447762e-7,-3.4706691640636065e-15,2.7665482948968645e-7,2.7665482948968645e-7,2.7692620816048065e-7,2.7665482948968645e-7,NaN,converged,13,13,0,0,0,0,3,4.109741457186571e-12,1.12.6,lbt,1,1,Intel(R) Core(TM) 7 150U,NT,c8c2c51
degen-r20-m1-d1e-06-p1,100,AGD-SDAJ-BH,1e-7*n,9.999999999999999e-6,2,13,0.0609887,0.0601165,98.56989901407967,0.0,3.8e-5,0.0,0.0,0.0,0.0008341999999999965,0.39907804229304394,4.1902782160050645e-6,-2.738731342561497e-15,8.441406940118412e-7,8.441406940118412e-7,2.3321018161492767e-6,8.441406940118412e-7,NaN,diag_feasible,0,0,0,0,0,0,2,4.109741457186571e-12,1.12.6,lbt,1,1,Intel(R) Core(TM) 7 150U,NT,c8c2c51
degen-r20-m1-d1e-06-p1,100,AGD-SDAJ,1e-7*n,9.999999999999999e-6,2,13,0.0639544,0.0631964,98.81478053112843,0.0,3.59e-5,0.0,0.0,0.0,0.0007220999999999948,0.39907804229304394,4.1902782160050645e-6,-2.738731342561497e-15,8.441406940118412e-7,8.441406940118412e-7,2.3321018161492767e-6,8.441406940118412e-7,NaN,diag_feasible,0,0,0,0,0,0,2,4.109741457186571e-12,1.12.6,lbt,1,1,Intel(R) Core(TM) 7 150U,NT,c8c2c51
degen-r20-m1-d1e-06-p1,100,Dykstra-APM,1e-7*n,9.999999999999999e-6,45,45,0.2425048,0.2261106,93.23963896797093,0.0,0.0,0.0,0.0,0.0071253,0.009268899999999997,0.39905807507595453,2.0874036244982883e-5,-2.8475623071902345e-15,1.5662833150464905e-6,1.5662833150464905e-6,9.295789745471452e-6,1.5662833150464905e-6,NaN,diag_feasible,0,0,0,0,0,0,45,4.109741457186571e-12,1.12.6,lbt,1,1,Intel(R) Core(TM) 7 150U,NT,c8c2c51
degen-r20-m1-d1e-06-p2,100,SBB-Dual,1e-7*n,9.999999999999999e-6,20,21,0.0984832,0.0963855,97.86999203925136,0.0001218,6.23e-5,0.0002519,0.0,0.0,0.001661700000000008,0.406058764608553,6.3085420374823e-6,-3.1457635412069333e-15,1.0093767921492969e-6,0.0,6.527835274445056e-6,1.0093767921492969e-6,100.0,diag_feasible,0,0,0,0,0,0,20,2.983506198969191e-14,1.12.6,lbt,1,1,Intel(R) Core(TM) 7 150U,NT,c8c2c51
degen-r20-m1-d1e-06-p2,100,Newton-SIN-BH,1e-7*n,9.999999999999999e-6,2,3,0.0173226,0.014401200000000001,83.13532610578089,0.0,9.8e-6,0.0,0.0024417,0.0,0.0004698999999999992,0.40605175684274486,1.569508658318204e-5,-3.335177669229354e-15,5.897195070492245e-6,5.897195070492245e-6,9.528057530523757e-6,5.897195070492245e-6,NaN,converged,6,6,0,0,0,0,2,2.983506198969191e-14,1.12.6,lbt,1,1,Intel(R) Core(TM) 7 150U,NT,c8c2c51
degen-r20-m1-d1e-06-p2,100,Newton-SIN,1e-7*n,9.999999999999999e-6,2,5,0.0246649,0.0223259,90.51688837173474,0.0,1.04e-5,0.0,0.0020366,0.0,0.000292000000000001,0.40605175684274486,1.569508658318204e-5,-3.335177669229354e-15,5.897195070492245e-6,5.897195070492245e-6,9.528057530523757e-6,5.897195070492245e-6,NaN,converged,6,6,0,0,0,0,2,2.983506198969191e-14,1.12.6,lbt,1,1,Intel(R) Core(TM) 7 150U,NT,c8c2c51
degen-r20-m1-d1e-06-p2,100,AGD-SDAJ-BH,1e-7*n,9.999999999999999e-6,3,15,0.0658954,0.0649887,98.62403141949208,0.0,4.03e-5,0.0,0.0,0.0,0.0008664000000000103,0.40606507947765896,1.0599881705868716e-5,-2.9914461786748387e-15,3.0462884185178396e-6,3.0462884185178396e-6,6.013365276425419e-6,3.0462884185178396e-6,NaN,diag_feasible_at_xpre,0,0,0,0,0,0,3,2.983506198969191e-14,1.12.6,lbt,1,1,Intel(R) Core(TM) 7 150U,NT,c8c2c51
degen-r20-m1-d1e-06-p2,100,AGD-SDAJ,1e-7*n,9.999999999999999e-6,3,15,0.0675443,0.0666859,98.72913036333193,0.0,3.67e-5,0.0,0.0,0.0,0.0008216999999999953,0.40606507947765896,1.0599881705868716e-5,-2.9914461786748387e-15,3.0462884185178396e-6,3.0462884185178396e-6,6.013365276425419e-6,3.0462884185178396e-6,NaN,diag_feasible_at_xpre,0,0,0,0,0,0,3,2.983506198969191e-14,1.12.6,lbt,1,1,Intel(R) Core(TM) 7 150U,NT,c8c2c51
degen-r20-m1-d1e-06-p2,100,Dykstra-APM,1e-7*n,9.999999999999999e-6,44,44,0.2285242,0.21122,92.42784790407318,0.0,0.0,0.0,0.0,0.0076535,0.009650700000000019,0.40604172911486675,1.9713196933027715e-5,-3.105497180570673e-15,1.370567810354828e-6,1.370567810354828e-6,8.888541337042894e-6,1.370567810354828e-6,NaN,diag_feasible,0,0,0,0,0,0,44,2.983506198969191e-14,1.12.6,lbt,1,1,Intel(R) Core(TM) 7 150U,NT,c8c2c51
degen-r20-m1-d1e-06-p3,100,SBB-Dual,1e-7*n,9.999999999999999e-6,20,21,0.0983251,0.0968954,98.54594605039813,0.0001148,5.75e-5,0.0002439,0.0,0.0,0.001013499999999992,0.4063779935745113,6.558246276218668e-6,-3.64315021933211e-15,1.0988511949250324e-6,0.0,6.052026615426848e-6,1.0988511949250324e-6,100.0,diag_feasible,0,0,0,0,0,0,20,2.148059117848492e-12,1.12.6,lbt,1,1,Intel(R) Core(TM) 7 150U,NT,c8c2c51
degen-r20-m1-d1e-06-p3,100,Newton-SIN-BH,1e-7*n,9.999999999999999e-6,3,4,0.024218,0.0190394,78.61673135684202,0.0,1.61e-5,0.0,0.0046095,0.0,0.0005529999999999988,0.40637783298976593,3.4586329567634775e-7,-3.452590800821764e-15,9.193840022625466e-8,9.193840022625466e-8,1.852060166982e-7,9.193840022625466e-8,NaN,converged,13,13,0,0,0,0,3,2.148059117848492e-12,1.12.6,lbt,1,1,Intel(R) Core(TM) 7 150U,NT,c8c2c51
degen-r20-m1-d1e-06-p3,100,Newton-SIN,1e-7*n,9.999999999999999e-6,3,7,0.0381493,0.033441,87.65822701858227,0.0,1.34e-5,0.0,0.0043138,0.0,0.0003810999999999988,0.40637783298976593,3.4586329567634775e-7,-3.452590800821764e-15,9.193840022625466e-8,9.193840022625466e-8,1.852060166982e-7,9.193840022625466e-8,NaN,converged,13,13,0,0,0,0,3,2.148059117848492e-12,1.12.6,lbt,1,1,Intel(R) Core(TM) 7 150U,NT,c8c2c51
degen-r20-m1-d1e-06-p3,100,AGD-SDAJ-BH,1e-7*n,9.999999999999999e-6,3,15,0.0685202,0.0676393,98.7143937116354,0.0,4.08e-5,0.0,0.0,0.0,0.0008401000000000039,0.4063832367424405,8.726927337061233e-6,-3.394707637952704e-15,2.9545723601032137e-6,2.9545723601032137e-6,4.95279047407244e-6,2.9545723601032137e-6,NaN,diag_feasible_at_xpre,0,0,0,0,0,0,3,2.148059117848492e-12,1.12.6,lbt,1,1,Intel(R) Core(TM) 7 150U,NT,c8c2c51
degen-r20-m1-d1e-06-p3,100,AGD-SDAJ,1e-7*n,9.999999999999999e-6,3,15,0.0551528,0.0543971,98.62980664626274,0.0,3.82e-5,0.0,0.0,0.0,0.000717500000000005,0.4063832367424405,8.726927337061233e-6,-3.394707637952704e-15,2.9545723601032137e-6,2.9545723601032137e-6,4.95279047407244e-6,2.9545723601032137e-6,NaN,diag_feasible_at_xpre,0,0,0,0,0,0,3,2.148059117848492e-12,1.12.6,lbt,1,1,Intel(R) Core(TM) 7 150U,NT,c8c2c51
degen-r20-m1-d1e-06-p3,100,Dykstra-APM,1e-7*n,9.999999999999999e-6,44,44,0.2430485,0.2241856,92.23903871038087,0.0,0.0,0.0,0.0,0.0077121,0.011150799999999988,0.40636197218406184,1.8477369795844082e-5,-3.147863431256375e-15,1.504084117254223e-6,1.504084117254223e-6,8.355963542521662e-6,1.504084117254223e-6,NaN,diag_feasible,0,0,0,0,0,0,44,2.148059117848492e-12,1.12.6,lbt,1,1,Intel(R) Core(TM) 7 150U,NT,c8c2c51
degen-r20-m1-d1e-06-p4,100,SBB-Dual,1e-7*n,9.999999999999999e-6,20,21,0.0988162,0.0973393,98.50540700816263,0.0001189,5.52e-5,0.0002428,0.0,0.0,0.0010600000000000032,0.40618286342405213,6.770433469065389e-6,-3.061196952479139e-15,1.1653957274759819e-6,0.0,6.4817432008590686e-6,1.1653957274759819e-6,100.0,diag_feasible,0,0,0,0,0,0,20,1.926324931689816e-14,1.12.6,lbt,1,1,Intel(R) Core(TM) 7 150U,NT,c8c2c51
degen-r20-m1-d1e-06-p4,100,Newton-SIN-BH,1e-7*n,9.999999999999999e-6,3,4,0.0261925,0.0207993,79.40937291209316,0.0,1.39e-5,0.0,0.0045386,0.0,0.0008407000000000006,0.406182707062128,3.6137500159189105e-7,-2.9314124034582735e-15,1.2567929585927118e-7,1.2567929585927118e-7,1.9680122503364064e-7,1.2567929585927118e-7,NaN,converged,13,13,0,0,0,0,3,1.926324931689816e-14,1.12.6,lbt,1,1,Intel(R) Core(TM) 7 150U,NT,c8c2c51
degen-r20-m1-d1e-06-p4,100,Newton-SIN,1e-7*n,9.999999999999999e-6,3,7,0.0364963,0.0313963,86.0259807158534,0.0,1.46e-5,0.0,0.0046981,0.0,0.00038730000000000014,0.406182707062128,3.6137500159189105e-7,-2.9314124034582735e-15,1.2567929585927118e-7,1.2567929585927118e-7,1.9680122503364064e-7,1.2567929585927118e-7,NaN,converged,13,13,0,0,0,0,3,1.926324931689816e-14,1.12.6,lbt,1,1,Intel(R) Core(TM) 7 150U,NT,c8c2c51
degen-r20-m1-d1e-06-p4,100,AGD-SDAJ-BH,1e-7*n,9.999999999999999e-6,3,15,0.0656643,0.0646431,98.44481704670574,0.0,5.19e-5,0.0,0.0,0.0,0.0009692999999999999,0.4061869400766541,6.109111143535703e-6,-3.496818801532907e-15,1.30579271817588e-6,1.30579271817588e-6,3.1992767403696383e-6,1.30579271817588e-6,NaN,diag_feasible_at_xpre,0,0,0,0,0,0,3,1.926324931689816e-14,1.12.6,lbt,1,1,Intel(R) Core(TM) 7 150U,NT,c8c2c51
degen-r20-m1-d1e-06-p4,100,AGD-SDAJ,1e-7*n,9.999999999999999e-6,3,15,0.0726657,0.071571,98.49351206965596,0.0,5.24e-5,0.0,0.0,0.0,0.001042300000000004,0.4061869400766541,6.109111143535703e-6,-3.496818801532907e-15,1.30579271817588e-6,1.30579271817588e-6,3.1992767403696383e-6,1.30579271817588e-6,NaN,diag_feasible_at_xpre,0,0,0,0,0,0,3,1.926324931689816e-14,1.12.6,lbt,1,1,Intel(R) Core(TM) 7 150U,NT,c8c2c51
degen-r20-m1-d1e-06-p4,100,Dykstra-APM,1e-7*n,9.999999999999999e-6,44,44,0.2278398,0.2113682,92.77053438424717,0.0,0.0,0.0,0.0,0.0075606,0.008911000000000002,0.40616597045088426,1.958870842615208e-5,-3.363132487464353e-15,1.5758618141514802e-6,1.5758618141514802e-6,8.834158673177743e-6,1.5758618141514802e-6,NaN,diag_feasible,0,0,0,0,0,0,44,1.926324931689816e-14,1.12.6,lbt,1,1,Intel(R) Core(TM) 7 150U,NT,c8c2c51
degen-r20-m1-d1e-08-p0,100,SBB-Dual,1e-7*n,9.999999999999999e-6,20,21,0.0948271,0.0933442,98.43620652745892,0.000114,6.19e-5,0.000208,0.0,0.0,0.0010989999999999954,0.40569318251034664,7.596412577093073e-6,-3.362641274953684e-15,1.3012392503508607e-6,0.0,7.162317881475479e-6,1.3012392503508607e-6,100.0,diag_feasible,0,0,0,0,0,0,20,1.5657687511274377e-14,1.12.6,lbt,1,1,Intel(R) Core(TM) 7 150U,NT,c8c2c51
degen-r20-m1-d1e-08-p0,100,Newton-SIN-BH,1e-7*n,9.999999999999999e-6,3,4,0.0248646,0.019757800000000002,79.46156382970167,0.0,1.33e-5,0.0,0.0044091,0.0,0.0006843999999999982,0.4056931808874237,4.153732797835164e-9,-3.281398080040485e-15,1.8984909200270295e-9,1.8984909200270295e-9,2.405073423715778e-9,1.8984909200270295e-9,NaN,converged,13,13,0,0,0,0,3,1.5657687511274377e-14,1.12.6,lbt,1,1,Intel(R) Core(TM) 7 150U,NT,c8c2c51
degen-r20-m1-d1e-08-p0,100,Newton-SIN,1e-7*n,9.999999999999999e-6,3,7,0.0364024,0.0307831,84.56338043645474,0.0,1.27e-5,0.0,0.0051945,0.0,0.0004121000000000003,0.4056931808874237,4.153732797835164e-9,-3.281398080040485e-15,1.8984909200270295e-9,1.8984909200270295e-9,2.405073423715778e-9,1.8984909200270295e-9,NaN,converged,13,13,0,0,0,0,3,1.5657687511274377e-14,1.12.6,lbt,1,1,Intel(R) Core(TM) 7 150U,NT,c8c2c51
degen-r20-m1-d1e-08-p0,100,AGD-SDAJ-BH,1e-7*n,9.999999999999999e-6,3,15,0.0732816,0.07232580000000001,98.6957162507369,0.0,4.96e-5,0.0,0.0,0.0,0.0009061999999999928,0.40570121325953845,1.3790528971616882e-5,-3.172682722102517e-15,2.843761417792301e-6,2.843761417792301e-6,7.75056384678168e-6,2.843761417792301e-6,NaN,diag_feasible_at_xpre,0,0,0,0,0,0,3,1.5657687511274377e-14,1.12.6,lbt,1,1,Intel(R) Core(TM) 7 150U,NT,c8c2c51
degen-r20-m1-d1e-08-p0,100,AGD-SDAJ,1e-7*n,9.999999999999999e-6,3,15,0.0707423,0.06959349999999999,98.37607767912549,0.0,6.27e-5,0.0,0.0,0.0,0.0010861000000000054,0.40570121325953845,1.3790528971616882e-5,-3.172682722102517e-15,2.843761417792301e-6,2.843761417792301e-6,7.75056384678168e-6,2.843761417792301e-6,NaN,diag_feasible_at_xpre,0,0,0,0,0,0,3,1.5657687511274377e-14,1.12.6,lbt,1,1,Intel(R) Core(TM) 7 150U,NT,c8c2c51
degen-r20-m1-d1e-08-p0,100,Dykstra-APM,1e-7*n,9.999999999999999e-6,44,44,0.2469448,0.2279262,92.29844078514712,0.0,0.0,0.0,0.0,0.008976,0.010042599999999997,0.4056748576754679,2.131972461167132e-5,-3.714926009475776e-15,1.7273663612815682e-6,1.7273663612815682e-6,9.586084541501054e-6,1.7273663612815682e-6,NaN,diag_feasible,0,0,0,0,0,0,44,1.5657687511274377e-14,1.12.6,lbt,1,1,Intel(R) Core(TM) 7 150U,NT,c8c2c51
degen-r20-m1-d1e-08-p1,100,SBB-Dual,1e-7*n,9.999999999999999e-6,20,21,0.0957047,0.0938847,98.09831701055434,0.0001211,6.21e-5,0.0005835,0.0,0.0,0.001053300000000002,0.3990764042564374,8.867679349123654e-6,-3.3688198882980624e-15,1.5219676978706076e-6,0.0,9.083038814447e-6,1.5219676978706076e-6,100.0,diag_feasible,0,0,0,0,0,0,20,4.1292983915958084e-14,1.12.6,lbt,1,1,Intel(R) Core(TM) 7 150U,NT,c8c2c51
degen-r20-m1-d1e-08-p1,100,Newton-SIN-BH,1e-7*n,9.999999999999999e-6,3,4,0.0248944,0.0183884,73.86560832958415,0.0,1.44e-5,0.0,0.0059229,0.0,0.000568700000000001,0.39907640393091,4.879091738799746e-9,-3.005983113455958e-15,2.781156860365286e-9,2.781156860365286e-9,2.836810382912552e-9,2.781156860365286e-9,NaN,converged,13,13,0,0,0,0,3,4.1292983915958084e-14,1.12.6,lbt,1,1,Intel(R) Core(TM) 7 150U,NT,c8c2c51
degen-r20-m1-d1e-08-p1,100,Newton-SIN,1e-7*n,9.999999999999999e-6,3,7,0.0354417,0.0302538,85.36215813575535,0.0,1.64e-5,0.0,0.0046869,0.0,0.0004845999999999991,0.39907640393091,4.879091738799746e-9,-3.005983113455958e-15,2.781156860365286e-9,2.781156860365286e-9,2.836810382912552e-9,2.781156860365286e-9,NaN,converged,13,13,0,0,0,0,3,4.1292983915958084e-14,1.12.6,lbt,1,1,Intel(R) Core(TM) 7 150U,NT,c8c2c51
degen-r20-m1-d1e-08-p1,100,AGD-SDAJ-BH,1e-7*n,9.999999999999999e-6,2,13,0.0582221,0.0572719,98.36797367322718,0.0,4.14e-5,0.0,0.0,0.0,0.0009087999999999982,0.3990781247519302,4.219397215462079e-6,-3.1034571553625383e-15,8.43855610943578e-7,8.43855610943578e-7,2.3440221025089993e-6,8.43855610943578e-7,NaN,diag_feasible,0,0,0,0,0,0,2,4.1292983915958084e-14,1.12.6,lbt,1,1,Intel(R) Core(TM) 7 150U,NT,c8c2c51
degen-r20-m1-d1e-08-p1,100,AGD-SDAJ,1e-7*n,9.999999999999999e-6,2,13,0.0614035,0.0604783,98.49324549903507,0.0,4.31e-5,0.0,0.0,0.0,0.000882100000000001,0.3990781247519302,4.219397215462079e-6,-3.1034571553625383e-15,8.43855610943578e-7,8.43855610943578e-7,2.3440221025089993e-6,8.43855610943578e-7,NaN,diag_feasible,0,0,0,0,0,0,2,4.1292983915958084e-14,1.12.6,lbt,1,1,Intel(R) Core(TM) 7 150U,NT,c8c2c51
degen-r20-m1-d1e-08-p1,100,Dykstra-APM,1e-7*n,9.999999999999999e-6,45,45,0.2261152,0.2098022,92.78553586844228,0.0,0.0,0.0,0.0,0.007556,0.008756999999999994,0.39905811646474365,2.0865725782508e-5,-3.516164959973173e-15,1.5662833665608389e-6,1.5662833665608389e-6,9.295789919602093e-6,1.5662833665608389e-6,NaN,diag_feasible,0,0,0,0,0,0,45,4.1292983915958084e-14,1.12.6,lbt,1,1,Intel(R) Core(TM) 7 150U,NT,c8c2c51
degen-r20-m1-d1e-08-p2,100,SBB-Dual,1e-7*n,9.999999999999999e-6,20,21,0.0935994,0.09173129999999999,98.00415387278122,0.0001572,7.89e-5,0.000213,0.0,0.0,0.0014190000000000114,0.4060589467623117,6.602574469296993e-6,-3.2575324869573365e-15,1.0093763989083016e-6,0.0,6.5278316178773e-6,1.0093763989083016e-6,100.0,diag_feasible,0,0,0,0,0,0,20,2.5756695622450928e-14,1.12.6,lbt,1,1,Intel(R) Core(TM) 7 150U,NT,c8c2c51
degen-r20-m1-d1e-08-p2,100,Newton-SIN-BH,1e-7*n,9.999999999999999e-6,2,3,0.0162959,0.013475500000000001,82.69257911499213,0.0,1.33e-5,0.0,0.0022975,0.0,0.0005095999999999972,0.40605193899137715,1.5669856135460457e-5,-3.537966947816798e-15,5.897490156225871e-6,5.897490156225871e-6,9.528235782616778e-6,5.897490156225871e-6,NaN,converged,6,6,0,0,0,0,2,2.5756695622450928e-14,1.12.6,lbt,1,1,Intel(R) Core(TM) 7 150U,NT,c8c2c51
degen-r20-m1-d1e-08-p2,100,Newton-SIN,1e-7*n,9.999999999999999e-6,2,5,0.0229485,0.020515500000000002,89.39799986927251,0.0,1.04e-5,0.0,0.0021168,0.0,0.000305799999999998,0.40605193899137715,1.5669856135460457e-5,-3.537966947816798e-15,5.897490156225871e-6,5.897490156225871e-6,9.528235782616778e-6,5.897490156225871e-6,NaN,converged,6,6,0,0,0,0,2,2.5756695622450928e-14,1.12.6,lbt,1,1,Intel(R) Core(TM) 7 150U,NT,c8c2c51
degen-r20-m1-d1e-08-p2,100,AGD-SDAJ-BH,1e-7*n,9.999999999999999e-6,3,15,0.0620113,0.0610639,98.47221393520212,0.0,4.42e-5,0.0,0.0,0.0,0.000903200000000001,0.4060652613804862,1.0599749417214584e-5,-3.1328082894966303e-15,3.0455276863738945e-6,3.0455276863738945e-6,6.0133033943138315e-6,3.0455276863738945e-6,NaN,diag_feasible_at_xpre,0,0,0,0,0,0,3,2.5756695622450928e-14,1.12.6,lbt,1,1,Intel(R) Core(TM) 7 150U,NT,c8c2c51
degen-r20-m1-d1e-08-p2,100,AGD-SDAJ,1e-7*n,9.999999999999999e-6,3,15,0.063614,0.0627398,98.62577420064765,0.0,4.38e-5,0.0,0.0,0.0,0.0008304000000000055,0.4060652613804862,1.0599749417214584e-5,-3.1328082894966303e-15,3.0455276863738945e-6,3.0455276863738945e-6,6.0133033943138315e-6,3.0455276863738945e-6,NaN,diag_feasible_at_xpre,0,0,0,0,0,0,3,2.5756695622450928e-14,1.12.6,lbt,1,1,Intel(R) Core(TM) 7 150U,NT,c8c2c51
degen-r20-m1-d1e-08-p2,100,Dykstra-APM,1e-7*n,9.999999999999999e-6,44,44,0.2197952,0.2027452,92.24277873220161,0.0,0.0,0.0,0.0,0.0084123,0.00863770000000001,0.4060419112752211,1.969064793248544e-5,-3.710238841220179e-15,1.3705675159236819e-6,1.3705675159236819e-6,8.88853793837824e-6,1.3705675159236819e-6,NaN,diag_feasible,0,0,0,0,0,0,44,2.5756695622450928e-14,1.12.6,lbt,1,1,Intel(R) Core(TM) 7 150U,NT,c8c2c51
degen-r20-m1-d1e-08-p3,100,SBB-Dual,1e-7*n,9.999999999999999e-6,20,21,0.0877374,0.0861548,98.19620823046957,0.0001245,6.71e-5,0.0002264,0.0,0.0,0.0011645999999999894,0.40637817858100517,6.8392698164808366e-6,-3.4802212926939704e-15,1.0988508336584601e-6,0.0,6.052024446580972e-6,1.0988508336584601e-6,100.0,diag_feasible,0,0,0,0,0,0,20,4.0662666628533364e-14,1.12.6,lbt,1,1,Intel(R) Core(TM) 7 150U,NT,c8c2c51
degen-r20-m1-d1e-08-p3,100,Newton-SIN-BH,1e-7*n,9.999999999999999e-6,3,4,0.0251408,0.017906,71.22287278050021,0.0,1.81e-5,0.0,0.0063823,0.0,0.0008344000000000034,0.4063781769091806,3.469339714174215e-9,-3.3342636840984487e-15,9.253073862680594e-10,9.253073862680594e-10,1.855174767877765e-9,9.253073862680594e-10,NaN,converged,13,13,0,0,0,0,3,4.0662666628533364e-14,1.12.6,lbt,1,1,Intel(R) Core(TM) 7 150U,NT,c8c2c51
degen-r20-m1-d1e-08-p3,100,Newton-SIN,1e-7*n,9.999999999999999e-6,3,7,0.0385635,0.031380200000000004,81.37280070533018,0.0,2.17e-5,0.0,0.0066535,0.0,0.0005080999999999966,0.4063781769091806,3.469339714174215e-9,-3.3342636840984487e-15,9.253073862680594e-10,9.253073862680594e-10,1.855174767877765e-9,9.253073862680594e-10,NaN,converged,13,13,0,0,0,0,3,4.0662666628533364e-14,1.12.6,lbt,1,1,Intel(R) Core(TM) 7 150U,NT,c8c2c51
degen-r20-m1-d1e-08-p3,100,AGD-SDAJ-BH,1e-7*n,9.999999999999999e-6,3,15,0.0638906,0.0629479,98.52450908271325,0.0,3.89e-5,0.0,0.0,0.0,0.0009038000000000046,0.4063834213626825,8.726789148692992e-6,-3.571649876406307e-15,2.954214475714423e-6,2.954214475714423e-6,4.952772093389666e-6,2.954214475714423e-6,NaN,diag_feasible_at_xpre,0,0,0,0,0,0,3,4.0662666628533364e-14,1.12.6,lbt,1,1,Intel(R) Core(TM) 7 150U,NT,c8c2c51
degen-r20-m1-d1e-08-p3,100,AGD-SDAJ,1e-7*n,9.999999999999999e-6,3,15,0.067688,0.0667353,98.59251270535397,0.0,4.57e-5,0.0,0.0,0.0,0.0009070000000000008,0.4063834213626825,8.726789148692992e-6,-3.571649876406307e-15,2.954214475714423e-6,2.954214475714423e-6,4.952772093389666e-6,2.954214475714423e-6,NaN,diag_feasible_at_xpre,0,0,0,0,0,0,3,4.0662666628533364e-14,1.12.6,lbt,1,1,Intel(R) Core(TM) 7 150U,NT,c8c2c51
degen-r20-m1-d1e-08-p3,100,Dykstra-APM,1e-7*n,9.999999999999999e-6,44,44,0.2249119,0.208252,92.59269963038861,0.0,0.0,0.0,0.0,0.0079644,0.008695500000000005,0.4063621571937693,1.8453565456739098e-5,-3.163038559421416e-15,1.5040838212687646e-6,1.5040838212687646e-6,8.355961784100482e-6,1.5040838212687646e-6,NaN,diag_feasible,0,0,0,0,0,0,44,4.0662666628533364e-14,1.12.6,lbt,1,1,Intel(R) Core(TM) 7 150U,NT,c8c2c51
degen-r20-m1-d1e-08-p4,100,SBB-Dual,1e-7*n,9.999999999999999e-6,20,21,0.1014737,0.098017,96.5935015674012,0.0002464,7.66e-5,0.0005515,0.0,0.0,0.0025821999999999933,0.406183046936826,7.0530234850778775e-6,-3.638157073641433e-15,1.1653954758994445e-6,0.0,6.481738032682608e-6,1.1653954758994445e-6,100.0,diag_feasible,0,0,0,0,0,0,20,3.7917163998866505e-14,1.12.6,lbt,1,1,Intel(R) Core(TM) 7 150U,NT,c8c2c51
degen-r20-m1-d1e-08-p4,100,Newton-SIN-BH,1e-7*n,9.999999999999999e-6,3,4,0.023812,0.0172837,72.58399126490845,0.0,1.96e-5,0.0,0.0058068,0.0,0.000701900000000001,0.40618304528705296,3.67348421461385e-9,-3.4784904910539566e-15,1.2785081882071836e-9,1.2785081882071836e-9,2.0012764744702153e-9,1.2785081882071836e-9,NaN,converged,13,13,0,0,0,0,3,3.7917163998866505e-14,1.12.6,lbt,1,1,Intel(R) Core(TM) 7 150U,NT,c8c2c51
degen-r20-m1-d1e-08-p4,100,Newton-SIN,1e-7*n,9.999999999999999e-6,3,7,0.0338974,0.0284533,83.93947618401411,0.0,1.42e-5,0.0,0.0050114,0.0,0.00041850000000000047,0.40618304528705296,3.67348421461385e-9,-3.4784904910539566e-15,1.2785081882071836e-9,1.2785081882071836e-9,2.0012764744702153e-9,1.2785081882071836e-9,NaN,converged,13,13,0,0,0,0,3,3.7917163998866505e-14,1.12.6,lbt,1,1,Intel(R) Core(TM) 7 150U,NT,c8c2c51
degen-r20-m1-d1e-08-p4,100,AGD-SDAJ-BH,1e-7*n,9.999999999999999e-6,3,15,0.066213,0.0651647,98.41677616178094,0.0,5.09e-5,0.0,0.0,0.0,0.0009973999999999881,0.40618712527426226,6.111761340802966e-6,-3.5289209742624494e-15,1.3059786703184528e-6,1.3059786703184528e-6,3.200689512519502e-6,1.3059786703184528e-6,NaN,diag_feasible_at_xpre,0,0,0,0,0,0,3,3.7917163998866505e-14,1.12.6,lbt,1,1,Intel(R) Core(TM) 7 150U,NT,c8c2c51
degen-r20-m1-d1e-08-p4,100,AGD-SDAJ,1e-7*n,9.999999999999999e-6,3,15,0.0619471,0.061063900000000004,98.57426739911958,0.0,4.22e-5,0.0,0.0,0.0,0.0008409999999999937,0.40618712527426226,6.111761340802966e-6,-3.5289209742624494e-15,1.3059786703184528e-6,1.3059786703184528e-6,3.200689512519502e-6,1.3059786703184528e-6,NaN,diag_feasible_at_xpre,0,0,0,0,0,0,3,3.7917163998866505e-14,1.12.6,lbt,1,1,Intel(R) Core(TM) 7 150U,NT,c8c2c51
degen-r20-m1-d1e-08-p4,100,Dykstra-APM,1e-7*n,9.999999999999999e-6,44,44,0.2263173,0.209189,92.4317319091382,0.0,0.0,0.0,0.0,0.0077229,0.009405399999999984,0.4061661539733016,1.9566573255360914e-5,-3.394711292819587e-15,1.575861764191444e-6,1.575861764191444e-6,8.834153585895155e-6,1.575861764191444e-6,NaN,diag_feasible,0,0,0,0,0,0,44,3.7917163998866505e-14,1.12.6,lbt,1,1,Intel(R) Core(TM) 7 150U,NT,c8c2c51
degen-r20-m1-d1e-10-p0,100,SBB-Dual,1e-7*n,9.999999999999999e-6,20,21,0.0913691,0.089628,98.09443236280099,0.0001442,8.0e-5,0.000231,0.0,0.0,0.0012858999999999954,0.40569318429055856,7.599533387220799e-6,-3.3199379117212377e-15,1.3012392405808981e-6,0.0,7.1623178164992745e-6,1.3012392405808981e-6,100.0,diag_feasible,0,0,0,0,0,0,20,1.4693163139570443e-14,1.12.6,lbt,1,1,Intel(R) Core(TM) 7 150U,NT,c8c2c51
degen-r20-m1-d1e-10-p0,100,Newton-SIN-BH,1e-7*n,9.999999999999999e-6,3,4,0.0247369,0.018593,75.16301557592098,0.0,1.8e-5,0.0,0.0053392,0.0,0.0007867000000000013,0.40569318412898114,6.921317254256253e-10,-3.11964662823627e-15,4.205489290143305e-10,4.205489290143305e-10,4.3682842158117696e-10,4.205489290143305e-10,NaN,converged,13,13,0,0,0,0,3,1.4693163139570443e-14,1.12.6,lbt,1,1,Intel(R) Core(TM) 7 150U,NT,c8c2c51
degen-r20-m1-d1e-10-p0,100,Newton-SIN,1e-7*n,9.999999999999999e-6,3,7,0.0407168,0.0344451,84.59677577805721,0.0,2.43e-5,0.0,0.0056152,0.0,0.0006321999999999986,0.40569318412898114,6.921317254256253e-10,-3.11964662823627e-15,4.205489290143305e-10,4.205489290143305e-10,4.3682842158117696e-10,4.205489290143305e-10,NaN,converged,13,13,0,0,0,0,3,1.4693163139570443e-14,1.12.6,lbt,1,1,Intel(R) Core(TM) 7 150U,NT,c8c2c51
degen-r20-m1-d1e-10-p0,100,AGD-SDAJ-BH,1e-7*n,9.999999999999999e-6,3,15,0.0651228,0.0640739,98.389350580749,0.0,4.78e-5,0.0,0.0,0.0,0.0010010999999999915,0.4057012150492746,1.3790533617050656e-5,-3.884601485905021e-15,2.843776918504126e-6,2.843776918504126e-6,7.75056327341992e-6,2.843776918504126e-6,NaN,diag_feasible_at_xpre,0,0,0,0,0,0,3,1.4693163139570443e-14,1.12.6,lbt,1,1,Intel(R) Core(TM) 7 150U,NT,c8c2c51
degen-r20-m1-d1e-10-p0,100,AGD-SDAJ,1e-7*n,9.999999999999999e-6,3,15,0.0654381,0.06448419999999999,98.54228652726773,0.0,4.64e-5,0.0,0.0,0.0,0.0009075000000000075,0.4057012150492746,1.3790533617050656e-5,-3.884601485905021e-15,2.843776918504126e-6,2.843776918504126e-6,7.75056327341992e-6,2.843776918504126e-6,NaN,diag_feasible_at_xpre,0,0,0,0,0,0,3,1.4693163139570443e-14,1.12.6,lbt,1,1,Intel(R) Core(TM) 7 150U,NT,c8c2c51
degen-r20-m1-d1e-10-p0,100,Dykstra-APM,1e-7*n,9.999999999999999e-6,44,44,0.2209488,0.2045211,92.5649290695401,0.0,0.0,0.0,0.0,0.0075374,0.00889029999999999,0.4056748594558053,2.1319713932508764e-5,-3.1442251419366353e-15,1.7273663543981854e-6,1.7273663543981854e-6,9.586084478963915e-6,1.7273663543981854e-6,NaN,diag_feasible,0,0,0,0,0,0,44,1.4693163139570443e-14,1.12.6,lbt,1,1,Intel(R) Core(TM) 7 150U,NT,c8c2c51
degen-r20-m1-d1e-10-p1,100,SBB-Dual,1e-7*n,9.999999999999999e-6,20,21,0.0898764,0.0883468,98.29810717830266,0.0001185,5.83e-5,0.0002517,0.0,0.0,0.001101099999999992,0.39907640467033306,8.867967758805926e-6,-3.2599460334050057e-15,1.5219701592350532e-6,0.0,9.083653097138611e-6,1.5219701592350532e-6,100.0,diag_feasible,0,0,0,0,0,0,20,3.2874601748960947e-14,1.12.6,lbt,1,1,Intel(R) Core(TM) 7 150U,NT,c8c2c51
degen-r20-m1-d1e-10-p1,100,Newton-SIN-BH,1e-7*n,9.999999999999999e-6,3,4,0.0230949,0.017633799999999998,76.3536538369943,0.0,1.4e-5,0.0,0.0047772,0.0,0.0006699000000000037,0.39907640448711956,9.030707880281282e-10,-3.29463850707893e-15,2.115070341091041e-10,2.115070341091041e-10,5.343915602329145e-10,2.115070341091041e-10,NaN,converged,13,13,0,0,0,0,3,3.2874601748960947e-14,1.12.6,lbt,1,1,Intel(R) Core(TM) 7 150U,NT,c8c2c51
degen-r20-m1-d1e-10-p1,100,Newton-SIN,1e-7*n,9.999999999999999e-6,3,7,0.0354312,0.029742900000000003,83.94550565603197,0.0,1.58e-5,0.0,0.0051914,0.0,0.0004811000000000008,0.39907640448711956,9.030707880281282e-10,-3.29463850707893e-15,2.115070341091041e-10,2.115070341091041e-10,5.343915602329145e-10,2.115070341091041e-10,NaN,converged,13,13,0,0,0,0,3,3.2874601748960947e-14,1.12.6,lbt,1,1,Intel(R) Core(TM) 7 150U,NT,c8c2c51
degen-r20-m1-d1e-10-p1,100,AGD-SDAJ-BH,1e-7*n,9.999999999999999e-6,2,13,0.0589644,0.0580845,98.50774365549381,0.0,4.17e-5,0.0,0.0,0.0,0.0008382000000000029,0.3990781255769998,4.219692031501318e-6,-3.4992451698057543e-15,8.438513274811044e-7,8.438513274811044e-7,2.3441433424956524e-6,8.438513274811044e-7,NaN,diag_feasible,0,0,0,0,0,0,2,3.2874601748960947e-14,1.12.6,lbt,1,1,Intel(R) Core(TM) 7 150U,NT,c8c2c51
degen-r20-m1-d1e-10-p1,100,AGD-SDAJ,1e-7*n,9.999999999999999e-6,2,13,0.0588468,0.0579583,98.49014729772901,0.0,3.63e-5,0.0,0.0,0.0,0.0008522000000000004,0.3990781255769998,4.219692031501318e-6,-3.4992451698057543e-15,8.438513274811044e-7,8.438513274811044e-7,2.3441433424956524e-6,8.438513274811044e-7,NaN,diag_feasible,0,0,0,0,0,0,2,3.2874601748960947e-14,1.12.6,lbt,1,1,Intel(R) Core(TM) 7 150U,NT,c8c2c51
degen-r20-m1-d1e-10-p1,100,Dykstra-APM,1e-7*n,9.999999999999999e-6,45,45,0.2229871,0.2059813,92.37363955134626,0.0,0.0,0.0,0.0,0.0083767,0.008629099999999987,0.39905811687862647,2.086572460927529e-5,-3.4395761143030032e-15,1.5662833641183482e-6,1.5662833641183482e-6,9.295789924410962e-6,1.5662833641183482e-6,NaN,diag_feasible,0,0,0,0,0,0,45,3.2874601748960947e-14,1.12.6,lbt,1,1,Intel(R) Core(TM) 7 150U,NT,c8c2c51
degen-r20-m1-d1e-10-p2,100,SBB-Dual,1e-7*n,9.999999999999999e-6,20,21,0.0922738,0.0906719,98.26397092132328,0.0001259,6.9e-5,0.0002248,0.0,0.0,0.0011822000000000033,0.40605894858384994,6.606091779435116e-6,-3.1631835850040705e-15,1.0093763942453648e-6,0.0,6.527831582894073e-6,1.0093763942453648e-6,100.0,diag_feasible,0,0,0,0,0,0,20,2.2721359084803353e-14,1.12.6,lbt,1,1,Intel(R) Core(TM) 7 150U,NT,c8c2c51
degen-r20-m1-d1e-10-p2,100,Newton-SIN-BH,1e-7*n,9.999999999999999e-6,2,3,0.0148978,0.012279100000000001,82.42223684033885,0.0,9.5e-6,0.0,0.0021763,0.0,0.0004328999999999982,0.40605194081286405,1.5669874713710943e-5,-3.13639205725764e-15,5.89749312118748e-6,5.89749312118748e-6,9.528237573999191e-6,5.89749312118748e-6,NaN,converged,6,6,0,0,0,0,2,2.2721359084803353e-14,1.12.6,lbt,1,1,Intel(R) Core(TM) 7 150U,NT,c8c2c51
degen-r20-m1-d1e-10-p2,100,Newton-SIN,1e-7*n,9.999999999999999e-6,2,5,0.0270605,0.0246883,91.23371704144417,0.0,1.13e-5,0.0,0.0020504,0.0,0.0003105000000000013,0.40605194081286405,1.5669874713710943e-5,-3.13639205725764e-15,5.89749312118748e-6,5.89749312118748e-6,9.528237573999191e-6,5.89749312118748e-6,NaN,converged,6,6,0,0,0,0,2,2.2721359084803353e-14,1.12.6,lbt,1,1,Intel(R) Core(TM) 7 150U,NT,c8c2c51
degen-r20-m1-d1e-10-p2,100,AGD-SDAJ-BH,1e-7*n,9.999999999999999e-6,3,15,0.0655184,0.06439980000000001,98.29269335026495,0.0,5.71e-5,0.0,0.0,0.0,0.0010614999999999973,0.40606526319954467,1.05997481324537e-5,-3.13413331491215e-15,3.045520088451603e-6,3.045520088451603e-6,6.013302788157629e-6,3.045520088451603e-6,NaN,diag_feasible_at_xpre,0,0,0,0,0,0,3,2.2721359084803353e-14,1.12.6,lbt,1,1,Intel(R) Core(TM) 7 150U,NT,c8c2c51
degen-r20-m1-d1e-10-p2,100,AGD-SDAJ,1e-7*n,9.999999999999999e-6,3,15,0.0672492,0.0660656,98.23997906294797,0.0,4.78e-5,0.0,0.0,0.0,0.001135799999999993,0.40606526319954467,1.05997481324537e-5,-3.13413331491215e-15,3.045520088451603e-6,3.045520088451603e-6,6.013302788157629e-6,3.045520088451603e-6,NaN,diag_feasible_at_xpre,0,0,0,0,0,0,3,2.2721359084803353e-14,1.12.6,lbt,1,1,Intel(R) Core(TM) 7 150U,NT,c8c2c51
degen-r20-m1-d1e-10-p2,100,Dykstra-APM,1e-7*n,9.999999999999999e-6,44,44,0.213339,0.1971361,92.40509236473406,0.0,0.0,0.0,0.0,0.0072727,0.008930199999999992,0.4060419130968217,1.9690638042068547e-5,-3.3780490234583503e-15,1.3705675150355034e-6,1.3705675150355034e-6,8.888537906526804e-6,1.3705675150355034e-6,NaN,diag_feasible,0,0,0,0,0,0,44,2.2721359084803353e-14,1.12.6,lbt,1,1,Intel(R) Core(TM) 7 150U,NT,c8c2c51
degen-r20-m1-d1e-10-p3,100,SBB-Dual,1e-7*n,9.999999999999999e-6,20,21,0.0684595,0.06699480000000001,97.86048685719294,8.17e-5,4.87e-5,0.0002226,0.0,0.0,0.0011116999999999993,0.40637818043107127,6.842642000515679e-6,-3.010607140958491e-15,1.0988508265530328e-6,0.0,6.052024424139459e-6,1.0988508265530328e-6,100.0,diag_feasible,0,0,0,0,0,0,20,1.670323068941193e-14,1.12.6,lbt,1,1,Intel(R) Core(TM) 7 150U,NT,c8c2c51
degen-r20-m1-d1e-10-p3,100,Newton-SIN-BH,1e-7*n,9.999999999999999e-6,3,4,0.0380299,0.0276398,72.67912879076727,0.0,1.93e-5,0.0,0.0087489,0.0,0.001621899999999999,0.40637818034838497,7.397203995256769e-11,-3.309058373959216e-15,2.1589396936860794e-11,2.1589396936860794e-11,4.108543563940186e-11,2.1589396936860794e-11,NaN,converged,13,13,0,0,0,0,3,1.670323068941193e-14,1.12.6,lbt,1,1,Intel(R) Core(TM) 7 150U,NT,c8c2c51
degen-r20-m1-d1e-10-p3,100,Newton-SIN,1e-7*n,9.999999999999999e-6,3,7,0.0334705,0.0290441,86.77521996982416,0.0,1.02e-5,0.0,0.0040687,0.0,0.0003475000000000006,0.40637818034838497,7.397203995256769e-11,-3.309058373959216e-15,2.1589396936860794e-11,2.1589396936860794e-11,4.108543563940186e-11,2.1589396936860794e-11,NaN,converged,13,13,0,0,0,0,3,1.670323068941193e-14,1.12.6,lbt,1,1,Intel(R) Core(TM) 7 150U,NT,c8c2c51
degen-r20-m1-d1e-10-p3,100,AGD-SDAJ-BH,1e-7*n,9.999999999999999e-6,3,15,0.0630611,0.062195400000000005,98.62720440969157,0.0,4.81e-5,0.0,0.0,0.0,0.0008175999999999901,0.4063834232088981,8.726787802646956e-6,-3.344613975866983e-15,2.9542108955782354e-6,2.9542108955782354e-6,4.952771912242607e-6,2.9542108955782354e-6,NaN,diag_feasible_at_xpre,0,0,0,0,0,0,3,1.670323068941193e-14,1.12.6,lbt,1,1,Intel(R) Core(TM) 7 150U,NT,c8c2c51
degen-r20-m1-d1e-10-p3,100,AGD-SDAJ,1e-7*n,9.999999999999999e-6,3,15,0.0687381,0.06777319999999999,98.59626611733522,0.0,4.02e-5,0.0,0.0,0.0,0.0009247000000000046,0.4063834232088981,8.726787802646956e-6,-3.344613975866983e-15,2.9542108955782354e-6,2.9542108955782354e-6,4.952771912242607e-6,2.9542108955782354e-6,NaN,diag_feasible_at_xpre,0,0,0,0,0,0,3,1.670323068941193e-14,1.12.6,lbt,1,1,Intel(R) Core(TM) 7 150U,NT,c8c2c51
degen-r20-m1-d1e-10-p3,100,Dykstra-APM,1e-7*n,9.999999999999999e-6,44,44,0.2757473,0.2548051,92.40529281701038,0.0,0.0,0.0,0.0,0.0119793,0.008962899999999966,0.4063621590438728,1.8453557187368426e-5,-3.5301416390468094e-15,1.5040838192703632e-6,1.5040838192703632e-6,8.355961764710658e-6,1.5040838192703632e-6,NaN,diag_feasible,0,0,0,0,0,0,44,1.670323068941193e-14,1.12.6,lbt,1,1,Intel(R) Core(TM) 7 150U,NT,c8c2c51
degen-r20-m1-d1e-10-p4,100,SBB-Dual,1e-7*n,9.999999999999999e-6,20,21,0.0937074,0.09205350000000001,98.2350380012678,0.0001386,7.15e-5,0.0002166,0.0,0.0,0.001227199999999986,0.4061830487719548,7.056382374026935e-6,-2.8041163387790005e-15,1.1653954736789984e-6,0.0,6.4817379805650526e-6,1.1653954736789984e-6,100.0,diag_feasible,0,0,0,0,0,0,20,4.243870170409828e-14,1.12.6,lbt,1,1,Intel(R) Core(TM) 7 150U,NT,c8c2c51
degen-r20-m1-d1e-10-p4,100,Newton-SIN-BH,1e-7*n,9.999999999999999e-6,3,4,0.0409009,0.0328209,80.24493348557124,0.0,0.0009475,0.0,0.0064107,0.0,0.0007217999999999964,0.406183048669318,2.0043698927589526e-10,-3.4556383003167566e-15,3.6443958961740464e-11,3.6443958961740464e-11,1.149459518412076e-10,3.6443958961740464e-11,NaN,converged,13,13,0,0,0,0,3,4.243870170409828e-14,1.12.6,lbt,1,1,Intel(R) Core(TM) 7 150U,NT,c8c2c51
degen-r20-m1-d1e-10-p4,100,Newton-SIN,1e-7*n,9.999999999999999e-6,3,7,0.0366123,0.0311966,85.20797655432737,0.0,1.41e-5,0.0,0.0049958,0.0,0.0004057999999999987,0.406183048669318,2.0043698927589526e-10,-3.4556383003167566e-15,3.6443958961740464e-11,3.6443958961740464e-11,1.149459518412076e-10,3.6443958961740464e-11,NaN,converged,13,13,0,0,0,0,3,4.243870170409828e-14,1.12.6,lbt,1,1,Intel(R) Core(TM) 7 150U,NT,c8c2c51
degen-r20-m1-d1e-10-p4,100,AGD-SDAJ-BH,1e-7*n,9.999999999999999e-6,3,15,0.0603125,0.0594407,98.55452849740932,0.0,4.87e-5,0.0,0.0,0.0,0.0008230999999999989,0.406187127144709,6.111817982962012e-6,-3.034976692600707e-15,1.3059817451921418e-6,1.3059817451921418e-6,3.2007200367343483e-6,1.3059817451921418e-6,NaN,diag_feasible_at_xpre,0,0,0,0,0,0,3,4.243870170409828e-14,1.12.6,lbt,1,1,Intel(R) Core(TM) 7 150U,NT,c8c2c51
degen-r20-m1-d1e-10-p4,100,AGD-SDAJ,1e-7*n,9.999999999999999e-6,3,15,0.0729639,0.071958,98.62137303515847,0.0,4.56e-5,0.0,0.0,0.0,0.000960300000000004,0.406187127144709,6.111817982962012e-6,-3.034976692600707e-15,1.3059817451921418e-6,1.3059817451921418e-6,3.2007200367343483e-6,1.3059817451921418e-6,NaN,diag_feasible_at_xpre,0,0,0,0,0,0,3,4.243870170409828e-14,1.12.6,lbt,1,1,Intel(R) Core(TM) 7 150U,NT,c8c2c51
degen-r20-m1-d1e-10-p4,100,Dykstra-APM,1e-7*n,9.999999999999999e-6,44,44,0.2485801,0.2264756,91.10769526603296,0.0,0.0,0.0,0.0,0.008537,0.0135675,0.4061661558085247,1.956656459760033e-5,-4.4023670837541294e-15,1.5758617650796225e-6,1.5758617650796225e-6,8.834153536423422e-6,1.5758617650796225e-6,NaN,diag_feasible,0,0,0,0,0,0,44,4.243870170409828e-14,1.12.6,lbt,1,1,Intel(R) Core(TM) 7 150U,NT,c8c2c51
degen-r20-m1-d0-p0,100,SBB-Dual,1e-7*n,9.999999999999999e-6,20,21,0.0962093,0.0945469,98.27210051419146,0.000127,6.09e-5,0.000221,0.0,0.0,0.0012534999999999944,0.40569318430854023,7.599564992239363e-6,-3.9507501899202135e-15,1.3012392421352104e-6,0.0,7.162317821513798e-6,1.3012392421352104e-6,100.0,diag_feasible,0,0,0,0,0,0,20,6.794209412347276e-12,1.12.6,lbt,1,1,Intel(R) Core(TM) 7 150U,NT,c8c2c51
degen-r20-m1-d0-p0,100,Newton-SIN-BH,1e-7*n,9.999999999999999e-6,3,4,0.0229725,0.017240000000000002,75.04625095222549,0.0,1.34e-5,0.0,0.0051758,0.0,0.0005432999999999974,0.4056931841469694,6.855904766972491e-10,-3.712435651983915e-15,4.2055114946037975e-10,4.2055114946037975e-10,4.3683125700974845e-10,4.2055114946037975e-10,NaN,converged,13,13,0,0,0,0,3,6.794209412347276e-12,1.12.6,lbt,1,1,Intel(R) Core(TM) 7 150U,NT,c8c2c51
degen-r20-m1-d0-p0,100,Newton-SIN,1e-7*n,9.999999999999999e-6,3,7,0.0359074,0.0298803,83.21488049817029,0.0,1.38e-5,0.0,0.0056078,0.0,0.00040550000000000135,0.4056931841469694,6.855904766972491e-10,-3.712435651983915e-15,4.2055114946037975e-10,4.2055114946037975e-10,4.3683125700974845e-10,4.2055114946037975e-10,NaN,converged,13,13,0,0,0,0,3,6.794209412347276e-12,1.12.6,lbt,1,1,Intel(R) Core(TM) 7 150U,NT,c8c2c51
degen-r20-m1-d0-p0,100,AGD-SDAJ-BH,1e-7*n,9.999999999999999e-6,3,15,0.0797155,0.0785863,98.5834624382962,0.0,4.31e-5,0.0,0.0,0.0,0.001086099999999997,0.4057012150673378,1.3790543619846887e-5,-3.869009141704535e-15,2.843777076266818e-6,2.843777076266818e-6,7.75056327262518e-6,2.843777076266818e-6,NaN,diag_feasible_at_xpre,0,0,0,0,0,0,3,6.794209412347276e-12,1.12.6,lbt,1,1,Intel(R) Core(TM) 7 150U,NT,c8c2c51
degen-r20-m1-d0-p0,100,AGD-SDAJ,1e-7*n,9.999999999999999e-6,3,15,0.0777572,0.07661240000000001,98.52772476375179,0.0,4.77e-5,0.0,0.0,0.0,0.0010970999999999876,0.4057012150673378,1.3790543619846887e-5,-3.869009141704535e-15,2.843777076266818e-6,2.843777076266818e-6,7.75056327262518e-6,2.843777076266818e-6,NaN,diag_feasible_at_xpre,0,0,0,0,0,0,3,6.794209412347276e-12,1.12.6,lbt,1,1,Intel(R) Core(TM) 7 150U,NT,c8c2c51
degen-r20-m1-d0-p0,100,Dykstra-APM,1e-7*n,9.999999999999999e-6,44,44,0.2002563,0.1850435,92.40333512603598,0.0,0.0,0.0,0.0,0.0070599,0.008152899999999998,0.4056748594737767,2.131969874690036e-5,-3.1134877509459007e-15,1.7273663543981854e-6,1.7273663543981854e-6,9.586084484413456e-6,1.7273663543981854e-6,NaN,diag_feasible,0,0,0,0,0,0,44,6.794209412347276e-12,1.12.6,lbt,1,1,Intel(R) Core(TM) 7 150U,NT,c8c2c51
degen-r20-m1-d0-p1,100,SBB-Dual,1e-7*n,9.999999999999999e-6,20,21,0.097285,0.0940965,96.72251631803464,0.0001157,5.43e-5,0.0002147,0.0,0.0,0.002803799999999997,0.39907640467451383,8.867970678602152e-6,-3.1577003469337714e-15,1.5219701865465396e-6,0.0,9.083659309201326e-6,1.5219701865465396e-6,100.0,diag_feasible,0,0,0,0,0,0,20,5.893517256857839e-14,1.12.6,lbt,1,1,Intel(R) Core(TM) 7 150U,NT,c8c2c51
degen-r20-m1-d0-p1,100,Newton-SIN-BH,1e-7*n,9.999999999999999e-6,3,4,0.0275803,0.0214183,77.65796601197232,0.0,1.34e-5,0.0,0.0055423,0.0,0.0006062999999999971,0.39907640449129617,9.011736976657134e-10,-3.6034393859635385e-15,2.115052577522647e-10,2.115052577522647e-10,5.34389544775983e-10,2.115052577522647e-10,NaN,converged,13,13,0,0,0,0,3,5.893517256857839e-14,1.12.6,lbt,1,1,Intel(R) Core(TM) 7 150U,NT,c8c2c51
degen-r20-m1-d0-p1,100,Newton-SIN,1e-7*n,9.999999999999999e-6,3,7,0.0398228,0.0339673,85.29611177516398,0.0,1.41e-5,0.0,0.0054064,0.0,0.0004349999999999996,0.39907640449129617,9.011736976657134e-10,-3.6034393859635385e-15,2.115052577522647e-10,2.115052577522647e-10,5.34389544775983e-10,2.115052577522647e-10,NaN,converged,13,13,0,0,0,0,3,5.893517256857839e-14,1.12.6,lbt,1,1,Intel(R) Core(TM) 7 150U,NT,c8c2c51
degen-r20-m1-d0-p1,100,AGD-SDAJ-BH,1e-7*n,9.999999999999999e-6,2,13,0.0621685,0.0612476,98.51870320178226,0.0,3.88e-5,0.0,0.0,0.0,0.0008821000000000023,0.399078125585353,4.219695021193307e-6,-3.2102819179283517e-15,8.438512860697855e-7,8.438512860697855e-7,2.3441445677679253e-6,8.438512860697855e-7,NaN,diag_feasible,0,0,0,0,0,0,2,5.893517256857839e-14,1.12.6,lbt,1,1,Intel(R) Core(TM) 7 150U,NT,c8c2c51
degen-r20-m1-d0-p1,100,AGD-SDAJ,1e-7*n,9.999999999999999e-6,2,13,0.0699903,0.0674945,96.43407729356781,0.0,4.85e-5,0.0,0.0,0.0,0.0024473000000000064,0.399078125585353,4.219695021193307e-6,-3.2102819179283517e-15,8.438512860697855e-7,8.438512860697855e-7,2.3441445677679253e-6,8.438512860697855e-7,NaN,diag_feasible,0,0,0,0,0,0,2,5.893517256857839e-14,1.12.6,lbt,1,1,Intel(R) Core(TM) 7 150U,NT,c8c2c51
degen-r20-m1-d0-p1,100,Dykstra-APM,1e-7*n,9.999999999999999e-6,45,45,0.2391251,0.2215837,92.66434180267984,0.0,0.0,0.0,0.0,0.0076171,0.009924300000000013,0.39905811688281284,2.0865724602931467e-5,-3.3369940171372016e-15,1.5662833616758576e-6,1.5662833616758576e-6,9.295789921257548e-6,1.5662833616758576e-6,NaN,diag_feasible,0,0,0,0,0,0,45,5.893517256857839e-14,1.12.6,lbt,1,1,Intel(R) Core(TM) 7 150U,NT,c8c2c51
degen-r20-m1-d0-p2,100,SBB-Dual,1e-7*n,9.999999999999999e-6,20,21,0.1035083,0.1018017,98.35124333024503,0.0001792,7.12e-5,0.0002212,0.0,0.0,0.0012350000000000026,0.4060589486022497,6.6061273686753854e-6,-2.8316564960291655e-15,1.0093763982421677e-6,0.0,6.52783158359585e-6,1.0093763982421677e-6,100.0,diag_feasible,0,0,0,0,0,0,20,3.3623474098137045e-12,1.12.6,lbt,1,1,Intel(R) Core(TM) 7 150U,NT,c8c2c51
degen-r20-m1-d0-p2,100,Newton-SIN-BH,1e-7*n,9.999999999999999e-6,2,3,0.0156985,0.0132225,84.22779246424817,0.0,9.8e-6,0.0,0.0020253,0.0,0.000440900000000001,0.4060519408312716,1.566987132917e-5,-3.3928875192551235e-15,5.897493141615584e-6,5.897493141615584e-6,9.528237584755368e-6,5.897493141615584e-6,NaN,converged,6,6,0,0,0,0,2,3.3623474098137045e-12,1.12.6,lbt,1,1,Intel(R) Core(TM) 7 150U,NT,c8c2c51
degen-r20-m1-d0-p2,100,Newton-SIN,1e-7*n,9.999999999999999e-6,2,5,0.0240057,0.021626799999999998,90.09027022748764,0.0,1.01e-5,0.0,0.0020647,0.0,0.0003041000000000033,0.4060519408312716,1.566987132917e-5,-3.3928875192551235e-15,5.897493141615584e-6,5.897493141615584e-6,9.528237584755368e-6,5.897493141615584e-6,NaN,converged,6,6,0,0,0,0,2,3.3623474098137045e-12,1.12.6,lbt,1,1,Intel(R) Core(TM) 7 150U,NT,c8c2c51
degen-r20-m1-d0-p2,100,AGD-SDAJ-BH,1e-7*n,9.999999999999999e-6,3,15,0.0696218,0.0681319,97.86000936488284,0.0,4.07e-5,0.0,0.0,0.0,0.0014492000000000023,0.4060652632179203,1.0599753023197537e-5,-2.5522013008547873e-15,3.045520001743185e-6,3.045520001743185e-6,6.013302776306093e-6,3.045520001743185e-6,NaN,diag_feasible_at_xpre,0,0,0,0,0,0,3,3.3623474098137045e-12,1.12.6,lbt,1,1,Intel(R) Core(TM) 7 150U,NT,c8c2c51
degen-r20-m1-d0-p2,100,AGD-SDAJ,1e-7*n,9.999999999999999e-6,3,15,0.0728845,0.0719571,98.72757582201976,0.0,4.39e-5,0.0,0.0,0.0,0.0008835000000000087,0.4060652632179203,1.0599753023197537e-5,-2.5522013008547873e-15,3.045520001743185e-6,3.045520001743185e-6,6.013302776306093e-6,3.045520001743185e-6,NaN,diag_feasible_at_xpre,0,0,0,0,0,0,3,3.3623474098137045e-12,1.12.6,lbt,1,1,Intel(R) Core(TM) 7 150U,NT,c8c2c51
degen-r20-m1-d0-p2,100,Dykstra-APM,1e-7*n,9.999999999999999e-6,44,44,0.2316659,0.2130461,91.96264966056722,0.0,0.0,0.0,0.0,0.0079316,0.01068820000000002,0.406041913115222,1.9690630516958163e-5,-3.4587653943866283e-15,1.3705675117048344e-6,1.3705675117048344e-6,8.88853790532487e-6,1.3705675117048344e-6,NaN,diag_feasible,0,0,0,0,0,0,44,3.3623474098137045e-12,1.12.6,lbt,1,1,Intel(R) Core(TM) 7 150U,NT,c8c2c51
degen-r20-m1-d0-p3,100,SBB-Dual,1e-7*n,9.999999999999999e-6,20,21,0.1042991,0.10285129999999999,98.61187680430606,0.0001196,5.66e-5,0.0002253,0.0,0.0,0.001046300000000013,0.40637818044975843,6.842676126380824e-6,-3.1753448781008497e-15,1.0988508254428098e-6,0.0,6.052024424012331e-6,1.0988508254428098e-6,100.0,diag_feasible,0,0,0,0,0,0,20,1.3928407811403551e-12,1.12.6,lbt,1,1,Intel(R) Core(TM) 7 150U,NT,c8c2c51
degen-r20-m1-d0-p3,100,Newton-SIN-BH,1e-7*n,9.999999999999999e-6,3,4,0.0254578,0.019016900000000003,74.69969910989954,0.0,1.17e-5,0.0,0.0050056,0.0,0.0014235999999999962,0.4063781803823399,5.940866775807124e-11,-4.0271015640983746e-15,1.553912554186354e-11,1.553912554186354e-11,3.5309542932228905e-11,1.553912554186354e-11,NaN,converged,13,13,0,0,0,0,3,1.3928407811403551e-12,1.12.6,lbt,1,1,Intel(R) Core(TM) 7 150U,NT,c8c2c51
degen-r20-m1-d0-p3,100,Newton-SIN,1e-7*n,9.999999999999999e-6,3,7,0.0341175,0.0294494,86.3175789550817,0.0,1.41e-5,0.0,0.0042543,0.0,0.0003997000000000011,0.4063781803823399,5.940866775807124e-11,-4.0271015640983746e-15,1.553912554186354e-11,1.553912554186354e-11,3.5309542932228905e-11,1.553912554186354e-11,NaN,converged,13,13,0,0,0,0,3,1.3928407811403551e-12,1.12.6,lbt,1,1,Intel(R) Core(TM) 7 150U,NT,c8c2c51
degen-r20-m1-d0-p3,100,AGD-SDAJ-BH,1e-7*n,9.999999999999999e-6,3,15,0.0676545,0.0667353,98.6413320621688,0.0,3.89e-5,0.0,0.0,0.0,0.0008803000000000089,0.40638342322752175,8.726789766870209e-6,-3.702968592582849e-15,2.954210859495987e-6,2.954210859495987e-6,4.952771907916151e-6,2.954210859495987e-6,NaN,diag_feasible_at_xpre,0,0,0,0,0,0,3,1.3928407811403551e-12,1.12.6,lbt,1,1,Intel(R) Core(TM) 7 150U,NT,c8c2c51
degen-r20-m1-d0-p3,100,AGD-SDAJ,1e-7*n,9.999999999999999e-6,3,15,0.0468796,0.046157,98.45860459560234,0.0,3.46e-5,0.0,0.0,0.0,0.0006880000000000038,0.40638342322752175,8.726789766870209e-6,-3.702968592582849e-15,2.954210859495987e-6,2.954210859495987e-6,4.952771907916151e-6,2.954210859495987e-6,NaN,diag_feasible_at_xpre,0,0,0,0,0,0,3,1.3928407811403551e-12,1.12.6,lbt,1,1,Intel(R) Core(TM) 7 150U,NT,c8c2c51
degen-r20-m1-d0-p3,100,Dykstra-APM,1e-7*n,9.999999999999999e-6,44,44,0.236234,0.2177926,92.19358771387692,0.0,0.0,0.0,0.0,0.0080089,0.010432499999999997,0.40636215906255585,1.8453554050375868e-5,-3.0493740962352818e-15,1.5040838183821847e-6,1.5040838183821847e-6,8.355961766597432e-6,1.5040838183821847e-6,NaN,diag_feasible,0,0,0,0,0,0,44,1.3928407811403551e-12,1.12.6,lbt,1,1,Intel(R) Core(TM) 7 150U,NT,c8c2c51
degen-r20-m1-d0-p4,100,SBB-Dual,1e-7*n,9.999999999999999e-6,20,21,0.0962541,0.0945074,98.18532405372862,0.0001456,7.04e-5,0.0002711,0.0,0.0,0.0012595999999999899,0.4061830487904906,7.056416346514612e-6,-3.4354142897420862e-15,1.1653954732349092e-6,0.0,6.481737980313923e-6,1.1653954732349092e-6,100.0,diag_feasible,0,0,0,0,0,0,20,1.9707631423002297e-14,1.12.6,lbt,1,1,Intel(R) Core(TM) 7 150U,NT,c8c2c51
degen-r20-m1-d0-p4,100,Newton-SIN-BH,1e-7*n,9.999999999999999e-6,3,4,0.0332025,0.0265514,79.96807469317068,0.0,1.58e-5,0.0,0.0055734,0.0,0.0010619000000000036,0.40618304869897487,1.8818233825544354e-10,-3.108232645913224e-15,3.6443070783320763e-11,3.6443070783320763e-11,1.0950440864025804e-10,3.6443070783320763e-11,NaN,converged,13,13,0,0,0,0,3,1.9707631423002297e-14,1.12.6,lbt,1,1,Intel(R) Core(TM) 7 150U,NT,c8c2c51
degen-r20-m1-d0-p4,100,Newton-SIN,1e-7*n,9.999999999999999e-6,3,7,0.0352618,0.0305042,86.50777895626427,0.0,1.53e-5,0.0,0.00437,0.0,0.0003723000000000042,0.40618304869897487,1.8818233825544354e-10,-3.108232645913224e-15,3.6443070783320763e-11,3.6443070783320763e-11,1.0950440864025804e-10,3.6443070783320763e-11,NaN,converged,13,13,0,0,0,0,3,1.9707631423002297e-14,1.12.6,lbt,1,1,Intel(R) Core(TM) 7 150U,NT,c8c2c51
degen-r20-m1-d0-p4,100,AGD-SDAJ-BH,1e-7*n,9.999999999999999e-6,3,15,0.0702601,0.0692913,98.62112351106815,0.0,4.14e-5,0.0,0.0,0.0,0.0009274000000000057,0.4061871271635913,6.111818568042863e-6,-3.1673193592717765e-15,1.3059817840499477e-6,1.3059817840499477e-6,3.2007203527773503e-6,1.3059817840499477e-6,NaN,diag_feasible_at_xpre,0,0,0,0,0,0,3,1.9707631423002297e-14,1.12.6,lbt,1,1,Intel(R) Core(TM) 7 150U,NT,c8c2c51
degen-r20-m1-d0-p4,100,AGD-SDAJ,1e-7*n,9.999999999999999e-6,3,15,0.0760545,0.0751135,98.7627293585521,0.0,4.34e-5,0.0,0.0,0.0,0.0008975999999999974,0.4061871271635913,6.111818568042863e-6,-3.1673193592717765e-15,1.3059817840499477e-6,1.3059817840499477e-6,3.2007203527773503e-6,1.3059817840499477e-6,NaN,diag_feasible_at_xpre,0,0,0,0,0,0,3,1.9707631423002297e-14,1.12.6,lbt,1,1,Intel(R) Core(TM) 7 150U,NT,c8c2c51
degen-r20-m1-d0-p4,100,Dykstra-APM,1e-7*n,9.999999999999999e-6,44,44,0.2418086,0.2237137,92.51685010375974,0.0,0.0,0.0,0.0,0.0091878,0.008907100000000025,0.4061661558270631,1.9566564518951555e-5,-3.138790330363579e-15,1.5758617639693995e-6,1.5758617639693995e-6,8.834153535595508e-6,1.5758617639693995e-6,NaN,diag_feasible,0,0,0,0,0,0,44,1.9707631423002297e-14,1.12.6,lbt,1,1,Intel(R) Core(TM) 7 150U,NT,c8c2c51
degen-r20-m5-d0.01-p0,100,SBB-Dual,1e-7*n,9.999999999999999e-6,20,21,0.0970915,0.09560489999999999,98.46886699659599,0.0001276,5.93e-5,0.000222,0.0,0.0,0.0010777000000000046,0.4214867308673859,7.371157621972857e-6,-3.431391367413847e-15,1.2382524021692376e-6,0.0,7.4329681426497815e-6,1.2382524021692376e-6,100.0,diag_feasible,0,0,0,0,0,0,20,2.1039531872020925e-14,1.12.6,lbt,1,1,Intel(R) Core(TM) 7 150U,NT,c8c2c51
degen-r20-m5-d0.01-p0,100,Newton-SIN-BH,1e-7*n,9.999999999999999e-6,3,4,0.0273408,0.0222957,81.54735779494384,0.0,1.45e-5,0.0,0.0044313,0.0,0.0005992999999999971,0.4214867307963867,1.4367996138791727e-10,-4.368726070603788e-15,2.830624623584299e-11,2.830624623584299e-11,8.531380340233763e-11,2.830624623584299e-11,NaN,converged,13,13,0,0,0,0,3,2.1039531872020925e-14,1.12.6,lbt,1,1,Intel(R) Core(TM) 7 150U,NT,c8c2c51
degen-r20-m5-d0.01-p0,100,Newton-SIN,1e-7*n,9.999999999999999e-6,3,7,0.0353257,0.030540499999999998,86.45405469672221,0.0,1.47e-5,0.0,0.0043641,0.0,0.00040640000000000294,0.4214867307963867,1.4367996138791727e-10,-4.368726070603788e-15,2.830624623584299e-11,2.830624623584299e-11,8.531380340233763e-11,2.830624623584299e-11,NaN,converged,13,13,0,0,0,0,3,2.1039531872020925e-14,1.12.6,lbt,1,1,Intel(R) Core(TM) 7 150U,NT,c8c2c51
degen-r20-m5-d0.01-p0,100,AGD-SDAJ-BH,1e-7*n,9.999999999999999e-6,3,19,0.0558401,0.0549341,98.37751006892897,0.0,3.98e-5,0.0,0.0,0.0,0.0008661999999999971,0.4214834275592451,5.156594078345884e-6,-3.4953837656600893e-15,8.688771023779296e-7,8.688771023779296e-7,2.6535808685031816e-6,8.688771023779296e-7,NaN,diag_feasible,0,0,0,0,0,0,3,2.1039531872020925e-14,1.12.6,lbt,1,1,Intel(R) Core(TM) 7 150U,NT,c8c2c51
degen-r20-m5-d0.01-p0,100,AGD-SDAJ,1e-7*n,9.999999999999999e-6,3,19,0.0903686,0.0887482,98.20689929909283,0.0,4.66e-5,0.0,0.0,0.0,0.0015737999999999941,0.4214834275592451,5.156594078345884e-6,-3.4953837656600893e-15,8.688771023779296e-7,8.688771023779296e-7,2.6535808685031816e-6,8.688771023779296e-7,NaN,diag_feasible,0,0,0,0,0,0,3,2.1039531872020925e-14,1.12.6,lbt,1,1,Intel(R) Core(TM) 7 150U,NT,c8c2c51
degen-r20-m5-d0.01-p0,100,Dykstra-APM,1e-7*n,9.999999999999999e-6,44,44,0.2402092,0.223731,93.14006291182852,0.0,0.0,0.0,0.0,0.0077328,0.008745399999999999,0.4214692231369085,2.2341079423221646e-5,-3.211901920047182e-15,1.640146083170535e-6,1.640146083170535e-6,9.881630655144712e-6,1.640146083170535e-6,NaN,diag_feasible,0,0,0,0,0,0,44,2.1039531872020925e-14,1.12.6,lbt,1,1,Intel(R) Core(TM) 7 150U,NT,c8c2c51
degen-r20-m5-d0.01-p1,100,SBB-Dual,1e-7*n,9.999999999999999e-6,20,21,0.1050861,0.1010474,96.15677049581248,0.0001213,6.23e-5,0.0013896,0.0,0.0,0.002465500000000006,0.4172996318251516,7.201269799645652e-6,-3.029855091492595e-15,1.2053232745223852e-6,0.0,7.2499276236759905e-6,1.2053232745223852e-6,100.0,diag_feasible,0,0,0,0,0,0,20,3.951286708146068e-14,1.12.6,lbt,1,1,Intel(R) Core(TM) 7 150U,NT,c8c2c51
degen-r20-m5-d0.01-p1,100,Newton-SIN-BH,1e-7*n,9.999999999999999e-6,3,4,0.0226685,0.0182789,80.63568387850982,0.0,1.22e-5,0.0,0.0038013,0.0,0.0005761,0.41729963176810647,1.5247208033538747e-10,-3.0859192308800094e-15,8.35431723800184e-11,8.35431723800184e-11,8.997470371661763e-11,8.35431723800184e-11,NaN,converged,13,13,0,0,0,0,3,3.951286708146068e-14,1.12.6,lbt,1,1,Intel(R) Core(TM) 7 150U,NT,c8c2c51
degen-r20-m5-d0.01-p1,100,Newton-SIN,1e-7*n,9.999999999999999e-6,3,7,0.0384619,0.0322931,83.96127076405482,0.0,1.27e-5,0.0,0.005758,0.0,0.0003981000000000019,0.41729963176810647,1.5247208033538747e-10,-3.0859192308800094e-15,8.35431723800184e-11,8.35431723800184e-11,8.997470371661763e-11,8.35431723800184e-11,NaN,converged,13,13,0,0,0,0,3,3.951286708146068e-14,1.12.6,lbt,1,1,Intel(R) Core(TM) 7 150U,NT,c8c2c51
degen-r20-m5-d0.01-p1,100,AGD-SDAJ-BH,1e-7*n,9.999999999999999e-6,3,15,0.069782,0.0687504,98.52168180906251,0.0,4.98e-5,0.0,0.0,0.0,0.0009817999999999936,0.41728948611022765,1.632491310069627e-5,-3.35689163817567e-15,5.472343145962455e-6,5.472343145962455e-6,8.946628946750551e-6,5.472343145962455e-6,NaN,diag_feasible_at_xpre,0,0,0,0,0,0,3,3.951286708146068e-14,1.12.6,lbt,1,1,Intel(R) Core(TM) 7 150U,NT,c8c2c51
degen-r20-m5-d0.01-p1,100,AGD-SDAJ,1e-7*n,9.999999999999999e-6,3,15,0.0710489,0.0700387,98.57816236423082,0.0,4.69e-5,0.0,0.0,0.0,0.0009633000000000028,0.41728948611022765,1.632491310069627e-5,-3.35689163817567e-15,5.472343145962455e-6,5.472343145962455e-6,8.946628946750551e-6,5.472343145962455e-6,NaN,diag_feasible_at_xpre,0,0,0,0,0,0,3,3.951286708146068e-14,1.12.6,lbt,1,1,Intel(R) Core(TM) 7 150U,NT,c8c2c51
degen-r20-m5-d0.01-p1,100,Dykstra-APM,1e-7*n,9.999999999999999e-6,44,44,0.2414814,0.2229978,92.34574588353388,0.0,0.0,0.0,0.0,0.007967,0.010516600000000017,0.41728235803287117,2.178428287671402e-5,-3.2601899881276377e-15,1.6007598562239878e-6,1.6007598562239878e-6,9.659653055211608e-6,1.6007598562239878e-6,NaN,diag_feasible,0,0,0,0,0,0,44,3.951286708146068e-14,1.12.6,lbt,1,1,Intel(R) Core(TM) 7 150U,NT,c8c2c51
degen-r20-m5-d0.01-p2,100,SBB-Dual,1e-7*n,9.999999999999999e-6,20,21,0.0779723,0.076643,98.29516379534785,9.39e-5,5.16e-5,0.0002845,0.0,0.0,0.0008992999999999916,0.4215319286601005,6.606376920399489e-6,-2.893627801650412e-15,1.0083787089776308e-6,0.0,7.096440687993548e-6,1.0083787089776308e-6,100.0,diag_feasible,0,0,0,0,0,0,20,3.1969604069730505e-14,1.12.6,lbt,1,1,Intel(R) Core(TM) 7 150U,NT,c8c2c51
degen-r20-m5-d0.01-p2,100,Newton-SIN-BH,1e-7*n,9.999999999999999e-6,3,4,0.0257322,0.019444100000000002,75.56330201071032,0.0,1.34e-5,0.0,0.0057091,0.0,0.0005655999999999977,0.4215319286025136,5.290807923034844e-11,-2.806573729567043e-15,9.7497565576532e-12,9.7497565576532e-12,3.1657009937052864e-11,9.7497565576532e-12,NaN,converged,13,13,0,0,0,0,3,3.1969604069730505e-14,1.12.6,lbt,1,1,Intel(R) Core(TM) 7 150U,NT,c8c2c51
degen-r20-m5-d0.01-p2,100,Newton-SIN,1e-7*n,9.999999999999999e-6,3,7,0.0368049,0.0318372,86.5026124238892,0.0,1.34e-5,0.0,0.0044898,0.0,0.0004644999999999979,0.4215319286025136,5.290807923034844e-11,-2.806573729567043e-15,9.7497565576532e-12,9.7497565576532e-12,3.1657009937052864e-11,9.7497565576532e-12,NaN,converged,13,13,0,0,0,0,3,3.1969604069730505e-14,1.12.6,lbt,1,1,Intel(R) Core(TM) 7 150U,NT,c8c2c51
degen-r20-m5-d0.01-p2,100,AGD-SDAJ-BH,1e-7*n,9.999999999999999e-6,3,22,0.1080711,0.1067448,98.77275238245933,0.0,6.27e-5,0.0,0.0,0.0,0.0012636000000000025,0.4215270133988368,7.5342170884211295e-6,-3.2746488005273503e-15,1.084097419612462e-6,1.084097419612462e-6,3.8339147888831095e-6,1.084097419612462e-6,NaN,diag_feasible,0,0,3,3,0,0,3,3.1969604069730505e-14,1.12.6,lbt,1,1,Intel(R) Core(TM) 7 150U,NT,c8c2c51
degen-r20-m5-d0.01-p2,100,AGD-SDAJ,1e-7*n,9.999999999999999e-6,3,22,0.1145423,0.11316470000000001,98.79730021136297,0.0,6.48e-5,0.0,0.0,0.0,0.0013127999999999927,0.4215270133988368,7.5342170884211295e-6,-3.2746488005273503e-15,1.084097419612462e-6,1.084097419612462e-6,3.8339147888831095e-6,1.084097419612462e-6,NaN,diag_feasible,0,0,3,3,0,0,3,3.1969604069730505e-14,1.12.6,lbt,1,1,Intel(R) Core(TM) 7 150U,NT,c8c2c51
degen-r20-m5-d0.01-p2,100,Dykstra-APM,1e-7*n,9.999999999999999e-6,44,44,0.2459079,0.2228618,90.62815794043217,0.0,0.0,0.0,0.0,0.0107699,0.012276200000000013,0.4215150225822313,2.1459129664874035e-5,-3.459657532195451e-15,1.3473312829859196e-6,1.3473312829859196e-6,9.512686918301889e-6,1.3473312829859196e-6,NaN,diag_feasible,0,0,0,0,0,0,44,3.1969604069730505e-14,1.12.6,lbt,1,1,Intel(R) Core(TM) 7 150U,NT,c8c2c51
degen-r20-m5-d0.01-p3,100,SBB-Dual,1e-7*n,9.999999999999999e-6,20,21,0.0950732,0.093642,98.49463360862998,0.0001169,5.46e-5,0.0002259,0.0,0.0,0.0010337999999999936,0.42165428472109195,7.395268693443399e-6,-3.4370635854178754e-15,1.1351918962621e-6,0.0,6.9945873778627015e-6,1.1351918962621e-6,100.0,diag_feasible,0,0,0,0,0,0,20,2.5704959907233113e-14,1.12.6,lbt,1,1,Intel(R) Core(TM) 7 150U,NT,c8c2c51
degen-r20-m5-d0.01-p3,100,Newton-SIN-BH,1e-7*n,9.999999999999999e-6,3,4,0.0287392,0.023655,82.30918049215009,0.0,1.36e-5,0.0,0.0044816,0.0,0.000589000000000001,0.42165428465098864,7.357781079227302e-11,-3.276149606280405e-15,2.8949509456310807e-11,2.8949509456310807e-11,4.524432263080887e-11,2.8949509456310807e-11,NaN,converged,13,13,0,0,0,0,3,2.5704959907233113e-14,1.12.6,lbt,1,1,Intel(R) Core(TM) 7 150U,NT,c8c2c51
degen-r20-m5-d0.01-p3,100,Newton-SIN,1e-7*n,9.999999999999999e-6,3,7,0.0371701,0.030656899999999997,82.47731375487287,0.0,1.35e-5,0.0,0.0060917,0.0,0.0004080000000000004,0.42165428465098864,7.357781079227302e-11,-3.276149606280405e-15,2.8949509456310807e-11,2.8949509456310807e-11,4.524432263080887e-11,2.8949509456310807e-11,NaN,converged,13,13,0,0,0,0,3,2.5704959907233113e-14,1.12.6,lbt,1,1,Intel(R) Core(TM) 7 150U,NT,c8c2c51
degen-r20-m5-d0.01-p3,100,AGD-SDAJ-BH,1e-7*n,9.999999999999999e-6,3,15,0.0695385,0.06854260000000001,98.56784371247583,0.0,4.41e-5,0.0,0.0,0.0,0.000951799999999994,0.4216462094865895,1.3434809236796533e-5,-3.401568383119164e-15,2.753808306943384e-6,2.753808306943384e-6,7.291024782498759e-6,2.753808306943384e-6,NaN,diag_feasible_at_xpre,0,0,0,0,0,0,3,2.5704959907233113e-14,1.12.6,lbt,1,1,Intel(R) Core(TM) 7 150U,NT,c8c2c51
degen-r20-m5-d0.01-p3,100,AGD-SDAJ,1e-7*n,9.999999999999999e-6,3,15,0.0765202,0.0755499,98.73196881346364,0.0,4.32e-5,0.0,0.0,0.0,0.0009270999999999934,0.4216462094865895,1.3434809236796533e-5,-3.401568383119164e-15,2.753808306943384e-6,2.753808306943384e-6,7.291024782498759e-6,2.753808306943384e-6,NaN,diag_feasible_at_xpre,0,0,0,0,0,0,3,2.5704959907233113e-14,1.12.6,lbt,1,1,Intel(R) Core(TM) 7 150U,NT,c8c2c51
degen-r20-m5-d0.01-p3,100,Dykstra-APM,1e-7*n,9.999999999999999e-6,44,44,0.2465478,0.2284634,92.66495178622563,0.0,0.0,0.0,0.0,0.0073583,0.0107261,0.42163763094172485,2.1203231323349907e-5,-3.280164551667587e-15,1.5216874229562194e-6,1.5216874229562194e-6,9.400936066374539e-6,1.5216874229562194e-6,NaN,diag_feasible,0,0,0,0,0,0,44,2.5704959907233113e-14,1.12.6,lbt,1,1,Intel(R) Core(TM) 7 150U,NT,c8c2c51
degen-r20-m5-d0.01-p4,100,SBB-Dual,1e-7*n,9.999999999999999e-6,20,21,0.1007942,0.09925149999999999,98.46945558375381,0.0001698,6.47e-5,0.0002266,0.0,0.0,0.001081600000000008,0.42207166286509146,7.344402215626099e-6,-3.76874228251349e-15,1.2023287196960553e-6,0.0,7.224148062476572e-6,1.2023287196960553e-6,100.0,diag_feasible,0,0,0,0,0,0,20,2.5546229384145328e-14,1.12.6,lbt,1,1,Intel(R) Core(TM) 7 150U,NT,c8c2c51
degen-r20-m5-d0.01-p4,100,Newton-SIN-BH,1e-7*n,9.999999999999999e-6,3,4,0.0253297,0.0204608,80.77790104107036,0.0,1.42e-5,0.0,0.0042821,0.0,0.0005725999999999995,0.42207166279079494,1.717400380762929e-10,-3.0848402062749308e-15,4.979483492206782e-11,4.979483492206782e-11,1.050741962004577e-10,4.979483492206782e-11,NaN,converged,13,13,0,0,0,0,3,2.5546229384145328e-14,1.12.6,lbt,1,1,Intel(R) Core(TM) 7 150U,NT,c8c2c51
degen-r20-m5-d0.01-p4,100,Newton-SIN,1e-7*n,9.999999999999999e-6,3,7,0.0187239,0.016318199999999998,87.15171518754104,0.0,9.4e-6,0.0,0.0021067,0.0,0.00028960000000000357,0.42207166279079494,1.717400380762929e-10,-3.0848402062749308e-15,4.979483492206782e-11,4.979483492206782e-11,1.050741962004577e-10,4.979483492206782e-11,NaN,converged,13,13,0,0,0,0,3,2.5546229384145328e-14,1.12.6,lbt,1,1,Intel(R) Core(TM) 7 150U,NT,c8c2c51
degen-r20-m5-d0.01-p4,100,AGD-SDAJ-BH,1e-7*n,9.999999999999999e-6,3,21,0.1007521,0.09954779999999999,98.80468992705859,0.0,5.83e-5,0.0,0.0,0.0,0.0011460000000000053,0.4220652869457366,9.516495439121947e-6,-3.1311875503481905e-15,2.7985120821805154e-6,2.7985120821805154e-6,4.927149410925846e-6,2.7985120821805154e-6,NaN,diag_feasible,0,0,2,2,0,0,3,2.5546229384145328e-14,1.12.6,lbt,1,1,Intel(R) Core(TM) 7 150U,NT,c8c2c51
degen-r20-m5-d0.01-p4,100,AGD-SDAJ,1e-7*n,9.999999999999999e-6,3,21,0.0914443,0.09022150000000001,98.66279254147061,0.0,5.82e-5,0.0,0.0,0.0,0.001164599999999996,0.4220652869457366,9.516495439121947e-6,-3.1311875503481905e-15,2.7985120821805154e-6,2.7985120821805154e-6,4.927149410925846e-6,2.7985120821805154e-6,NaN,diag_feasible,0,0,2,2,0,0,3,2.5546229384145328e-14,1.12.6,lbt,1,1,Intel(R) Core(TM) 7 150U,NT,c8c2c51
degen-r20-m5-d0.01-p4,100,Dykstra-APM,1e-7*n,9.999999999999999e-6,44,44,0.2741414,0.2538542,92.59973137949977,0.0,0.0,0.0,0.0,0.0093043,0.010982900000000006,0.42205460908534814,2.179633094443031e-5,-3.2408981476668494e-15,1.59653902875867e-6,1.59653902875867e-6,9.648295273731057e-6,1.59653902875867e-6,NaN,diag_feasible,0,0,0,0,0,0,44,2.5546229384145328e-14,1.12.6,lbt,1,1,Intel(R) Core(TM) 7 150U,NT,c8c2c51
degen-r20-m5-d0.0001-p0,100,SBB-Dual,1e-7*n,9.999999999999999e-6,18,19,0.0897278,0.0884413,98.56621916507481,9.75e-5,5.11e-5,0.0002103,0.0,0.0,0.000927599999999996,0.4290842112295919,8.137753686683242e-6,-3.579081166308923e-15,1.44169647331438e-6,0.0,8.196654333352537e-6,1.44169647331438e-6,100.0,diag_feasible,0,0,0,0,0,0,18,7.874002252898069e-13,1.12.6,lbt,1,1,Intel(R) Core(TM) 7 150U,NT,c8c2c51
degen-r20-m5-d0.0001-p0,100,Newton-SIN-BH,1e-7*n,9.999999999999999e-6,3,4,0.02355,0.018222699999999998,77.37876857749468,0.0,1.53e-5,0.0,0.0046895,0.0,0.0006225000000000033,0.4290842111707736,2.140592488169545e-9,-3.1232812774325117e-15,7.404259427801207e-10,7.404259427801207e-10,1.3050875823927689e-9,7.404259427801207e-10,NaN,converged,12,12,0,0,0,0,3,7.874002252898069e-13,1.12.6,lbt,1,1,Intel(R) Core(TM) 7 150U,NT,c8c2c51
degen-r20-m5-d0.0001-p0,100,Newton-SIN,1e-7*n,9.999999999999999e-6,3,7,0.0354951,0.0308288,86.85367839504607,0.0,1.6e-5,0.0,0.0042335,0.0,0.000416800000000001,0.4290842111707736,2.140592488169545e-9,-3.1232812774325117e-15,7.404259427801207e-10,7.404259427801207e-10,1.3050875823927689e-9,7.404259427801207e-10,NaN,converged,12,12,0,0,0,0,3,7.874002252898069e-13,1.12.6,lbt,1,1,Intel(R) Core(TM) 7 150U,NT,c8c2c51
degen-r20-m5-d0.0001-p0,100,AGD-SDAJ-BH,1e-7*n,9.999999999999999e-6,3,21,0.0940332,0.0924434,98.30932053785259,0.0,7.13e-5,0.0,0.0,0.0,0.0015185000000000023,0.42909283995634756,1.2351527483791115e-5,-3.1602293830932437e-15,3.241983811852478e-6,3.241983811852478e-6,6.153780920834072e-6,3.241983811852478e-6,NaN,diag_feasible,0,0,2,2,0,0,3,7.874002252898069e-13,1.12.6,lbt,1,1,Intel(R) Core(TM) 7 150U,NT,c8c2c51
degen-r20-m5-d0.0001-p0,100,AGD-SDAJ,1e-7*n,9.999999999999999e-6,3,21,0.1036226,0.1019333,98.36975717652327,0.0,9.12e-5,0.0,0.0,0.0,0.0015980999999999908,0.42909283995634756,1.2351527483791115e-5,-3.1602293830932437e-15,3.241983811852478e-6,3.241983811852478e-6,6.153780920834072e-6,3.241983811852478e-6,NaN,diag_feasible,0,0,2,2,0,0,3,7.874002252898069e-13,1.12.6,lbt,1,1,Intel(R) Core(TM) 7 150U,NT,c8c2c51
degen-r20-m5-d0.0001-p0,100,Dykstra-APM,1e-7*n,9.999999999999999e-6,41,41,0.2895503,0.2457084,84.85862387295057,0.0,0.0,0.0,0.0,0.0274584,0.01638349999999999,0.4290690237485911,1.9881175146262353e-5,-3.0782307380099905e-15,1.5643605499882085e-6,1.5643605499882085e-6,8.794974358495716e-6,1.5643605499882085e-6,NaN,diag_feasible,0,0,0,0,0,0,41,7.874002252898069e-13,1.12.6,lbt,1,1,Intel(R) Core(TM) 7 150U,NT,c8c2c51
degen-r20-m5-d0.0001-p1,100,SBB-Dual,1e-7*n,9.999999999999999e-6,18,19,0.0945205,0.0927654,98.14315413058544,0.0001369,7.35e-5,0.0002213,0.0,0.0,0.0013233999999999956,0.4238709589780487,8.783034249754138e-6,-3.180845234928488e-15,1.556236150168644e-6,0.0,8.824906250917172e-6,1.556236150168644e-6,100.0,diag_feasible,0,0,0,0,0,0,18,2.5595878218690803e-14,1.12.6,lbt,1,1,Intel(R) Core(TM) 7 150U,NT,c8c2c51
degen-r20-m5-d0.0001-p1,100,Newton-SIN-BH,1e-7*n,9.999999999999999e-6,3,4,0.0253565,0.0196491,77.49137302072447,0.0,1.56e-5,0.0,0.0050365,0.0,0.000655300000000001,0.4238709589016537,2.2381591120244208e-9,-3.2402638463248706e-15,7.103087007465092e-10,7.103087007465092e-10,1.3240999863712027e-9,7.103087007465092e-10,NaN,converged,12,12,0,0,0,0,3,2.5595878218690803e-14,1.12.6,lbt,1,1,Intel(R) Core(TM) 7 150U,NT,c8c2c51
degen-r20-m5-d0.0001-p1,100,Newton-SIN,1e-7*n,9.999999999999999e-6,3,7,0.0393617,0.0338159,85.91066950868485,0.0,1.81e-5,0.0,0.005049,0.0,0.00047869999999999684,0.4238709589016537,2.2381591120244208e-9,-3.2402638463248706e-15,7.103087007465092e-10,7.103087007465092e-10,1.3240999863712027e-9,7.103087007465092e-10,NaN,converged,12,12,0,0,0,0,3,2.5595878218690803e-14,1.12.6,lbt,1,1,Intel(R) Core(TM) 7 150U,NT,c8c2c51
degen-r20-m5-d0.0001-p1,100,AGD-SDAJ-BH,1e-7*n,9.999999999999999e-6,3,20,0.1255017,0.1226992,97.7669625192328,0.0,9.31e-5,0.0,0.0,0.0,0.0027093999999999994,0.42387700563402786,8.643343903975122e-6,-4.00100573276377e-15,1.6152688172565988e-6,1.6152688172565988e-6,4.236545709063028e-6,1.6152688172565988e-6,NaN,diag_feasible,0,0,1,1,0,0,3,2.5595878218690803e-14,1.12.6,lbt,1,1,Intel(R) Core(TM) 7 150U,NT,c8c2c51
degen-r20-m5-d0.0001-p1,100,AGD-SDAJ,1e-7*n,9.999999999999999e-6,3,20,0.1019538,0.1005257,98.59926751136298,0.0,7.7e-5,0.0,0.0,0.0,0.0013511000000000016,0.42387700563402786,8.643343903975122e-6,-4.00100573276377e-15,1.6152688172565988e-6,1.6152688172565988e-6,4.236545709063028e-6,1.6152688172565988e-6,NaN,diag_feasible,0,0,1,1,0,0,3,2.5595878218690803e-14,1.12.6,lbt,1,1,Intel(R) Core(TM) 7 150U,NT,c8c2c51
degen-r20-m5-d0.0001-p1,100,Dykstra-APM,1e-7*n,9.999999999999999e-6,41,41,0.2503559,0.2340359,93.4812800497212,0.0,0.0,0.0,0.0,0.007515,0.008805000000000028,0.42385461089065884,2.1078889869750814e-5,-3.358707843468894e-15,1.6672737606082677e-6,1.6672737606082677e-6,9.349515333577348e-6,1.6672737606082677e-6,NaN,diag_feasible,0,0,0,0,0,0,41,2.5595878218690803e-14,1.12.6,lbt,1,1,Intel(R) Core(TM) 7 150U,NT,c8c2c51
degen-r20-m5-d0.0001-p2,100,SBB-Dual,1e-7*n,9.999999999999999e-6,18,19,0.0822403,0.0806151,98.02383989358016,0.0001464,8.17e-5,0.0002216,0.0,0.0,0.001175500000000007,0.4291127771373768,7.411529594940798e-6,-3.507717446219529e-15,1.1698179465113867e-6,0.0,7.953367718809481e-6,1.1698179465113867e-6,100.0,diag_feasible,0,0,0,0,0,0,18,1.9320113706643226e-14,1.12.6,lbt,1,1,Intel(R) Core(TM) 7 150U,NT,c8c2c51
degen-r20-m5-d0.0001-p2,100,Newton-SIN-BH,1e-7*n,9.999999999999999e-6,3,4,0.0241675,0.0189258,78.31095479466225,0.0,2.1e-5,0.0,0.004509,0.0,0.0007117000000000017,0.4291127770759485,1.882508124505905e-9,-3.267391794847507e-15,8.96537288852528e-10,8.96537288852528e-10,1.1837184168344302e-9,8.96537288852528e-10,NaN,converged,12,12,0,0,0,0,3,1.9320113706643226e-14,1.12.6,lbt,1,1,Intel(R) Core(TM) 7 150U,NT,c8c2c51
degen-r20-m5-d0.0001-p2,100,Newton-SIN,1e-7*n,9.999999999999999e-6,3,7,0.037276,0.0311,83.4316986801159,0.0,1.48e-5,0.0,0.0056035,0.0,0.0005576999999999978,0.4291127770759485,1.882508124505905e-9,-3.267391794847507e-15,8.96537288852528e-10,8.96537288852528e-10,1.1837184168344302e-9,8.96537288852528e-10,NaN,converged,12,12,0,0,0,0,3,1.9320113706643226e-14,1.12.6,lbt,1,1,Intel(R) Core(TM) 7 150U,NT,c8c2c51
degen-r20-m5-d0.0001-p2,100,AGD-SDAJ-BH,1e-7*n,9.999999999999999e-6,3,21,0.09468,0.0933944,98.64216307562315,0.0,6.63e-5,0.0,0.0,0.0,0.0012192999999999978,0.4291210880024834,1.1989761538925368e-5,-3.0939532787767587e-15,2.2609666702200215e-6,2.2609666702200215e-6,6.029443211387956e-6,2.2609666702200215e-6,NaN,diag_feasible,0,0,2,2,0,0,3,1.9320113706643226e-14,1.12.6,lbt,1,1,Intel(R) Core(TM) 7 150U,NT,c8c2c51
degen-r20-m5-d0.0001-p2,100,AGD-SDAJ,1e-7*n,9.999999999999999e-6,3,21,0.1016207,0.1002016,98.60353254799466,0.0,6.31e-5,0.0,0.0,0.0,0.0013559999999999926,0.4291210880024834,1.1989761538925368e-5,-3.0939532787767587e-15,2.2609666702200215e-6,2.2609666702200215e-6,6.029443211387956e-6,2.2609666702200215e-6,NaN,diag_feasible,0,0,2,2,0,0,3,1.9320113706643226e-14,1.12.6,lbt,1,1,Intel(R) Core(TM) 7 150U,NT,c8c2c51
degen-r20-m5-d0.0001-p2,100,Dykstra-APM,1e-7*n,9.999999999999999e-6,41,41,0.2133839,0.1964786,92.07751850069289,0.0,0.0,0.0,0.0,0.0069856,0.009919699999999984,0.42909791460612673,1.9333053411797344e-5,-3.148049912336831e-15,1.2915800038371117e-6,1.2915800038371117e-6,8.57179718473251e-6,1.2915800038371117e-6,NaN,diag_feasible,0,0,0,0,0,0,41,1.9320113706643226e-14,1.12.6,lbt,1,1,Intel(R) Core(TM) 7 150U,NT,c8c2c51
degen-r20-m5-d0.0001-p3,100,SBB-Dual,1e-7*n,9.999999999999999e-6,18,19,0.0928231,0.0915136,98.58925202885919,0.000104,5.62e-5,0.0002106,0.0,0.0,0.0009387000000000052,0.4291899976180718,8.27296705961833e-6,-4.031439526109358e-15,1.3462893040383506e-6,0.0,7.824579661275172e-6,1.3462893040383506e-6,100.0,diag_feasible,0,0,0,0,0,0,18,3.670710290900687e-14,1.12.6,lbt,1,1,Intel(R) Core(TM) 7 150U,NT,c8c2c51
degen-r20-m5-d0.0001-p3,100,Newton-SIN-BH,1e-7*n,9.999999999999999e-6,3,4,0.0243892,0.0171428,70.28848834730127,0.0,1.11e-5,0.0,0.0066879,0.0,0.0005474,0.4291899975321825,7.48690826293101e-11,-3.3905239736483754e-15,3.428035633135096e-11,3.428035633135096e-11,4.716702474216075e-11,3.428035633135096e-11,NaN,converged,13,13,0,0,0,0,3,3.670710290900687e-14,1.12.6,lbt,1,1,Intel(R) Core(TM) 7 150U,NT,c8c2c51
degen-r20-m5-d0.0001-p3,100,Newton-SIN,1e-7*n,9.999999999999999e-6,3,7,0.0359097,0.0314071,87.46132660534617,0.0,1.28e-5,0.0,0.0041058,0.0,0.0003840000000000024,0.4291899975321825,7.48690826293101e-11,-3.3905239736483754e-15,3.428035633135096e-11,3.428035633135096e-11,4.716702474216075e-11,3.428035633135096e-11,NaN,converged,13,13,0,0,0,0,3,3.670710290900687e-14,1.12.6,lbt,1,1,Intel(R) Core(TM) 7 150U,NT,c8c2c51
degen-r20-m5-d0.0001-p3,100,AGD-SDAJ-BH,1e-7*n,9.999999999999999e-6,3,21,0.0919742,0.09067420000000001,98.58656014404039,0.0,5.85e-5,0.0,0.0,0.0,0.0012414999999999956,0.42920166913903945,1.803656455794852e-5,-3.2494707702857075e-15,6.563989197516662e-6,6.563989197516662e-6,9.551495161844269e-6,6.563989197516662e-6,NaN,diag_feasible,0,0,2,2,0,0,3,3.670710290900687e-14,1.12.6,lbt,1,1,Intel(R) Core(TM) 7 150U,NT,c8c2c51
degen-r20-m5-d0.0001-p3,100,AGD-SDAJ,1e-7*n,9.999999999999999e-6,3,21,0.1081756,0.1061938,98.16797873087832,0.0,6.01e-5,0.0,0.0,0.0,0.001921699999999992,0.42920166913903945,1.803656455794852e-5,-3.2494707702857075e-15,6.563989197516662e-6,6.563989197516662e-6,9.551495161844269e-6,6.563989197516662e-6,NaN,diag_feasible,0,0,2,2,0,0,3,3.670710290900687e-14,1.12.6,lbt,1,1,Intel(R) Core(TM) 7 150U,NT,c8c2c51
degen-r20-m5-d0.0001-p3,100,Dykstra-APM,1e-7*n,9.999999999999999e-6,41,41,0.2327144,0.2145264,92.18441145025835,0.0,0.0,0.0,0.0,0.0090814,0.009106599999999982,0.4291753860923834,1.904744840870779e-5,-3.026941840063083e-15,1.4747548331417448e-6,1.4747548331417448e-6,8.447024971579858e-6,1.4747548331417448e-6,NaN,diag_feasible,0,0,0,0,0,0,41,3.670710290900687e-14,1.12.6,lbt,1,1,Intel(R) Core(TM) 7 150U,NT,c8c2c51
degen-r20-m5-d0.0001-p4,100,SBB-Dual,1e-7*n,9.999999999999999e-6,18,19,0.0894088,0.0880572,98.48829198020778,0.0001035,5.78e-5,0.000222,0.0,0.0,0.0009682999999999944,0.42973637917102603,7.959981548623279e-6,-3.1315764055233743e-15,1.328201277628338e-6,0.0,7.83448243234928e-6,1.328201277628338e-6,100.0,diag_feasible,0,0,0,0,0,0,18,1.3875567184101095e-14,1.12.6,lbt,1,1,Intel(R) Core(TM) 7 150U,NT,c8c2c51
degen-r20-m5-d0.0001-p4,100,Newton-SIN-BH,1e-7*n,9.999999999999999e-6,3,4,0.0257572,0.020654699999999998,80.19000512478064,0.0,1.32e-5,0.0,0.004366,0.0,0.0007233000000000031,0.42973637908314716,2.2792963543331366e-10,-3.1475686687586763e-15,5.094658028781396e-11,5.094658028781396e-11,1.3803895594159168e-10,5.094658028781396e-11,NaN,converged,13,13,0,0,0,0,3,1.3875567184101095e-14,1.12.6,lbt,1,1,Intel(R) Core(TM) 7 150U,NT,c8c2c51
degen-r20-m5-d0.0001-p4,100,Newton-SIN,1e-7*n,9.999999999999999e-6,3,7,0.0363279,0.0313362,86.2593213480548,0.0,1.47e-5,0.0,0.0045483,0.0,0.0004287000000000015,0.42973637908314716,2.2792963543331366e-10,-3.1475686687586763e-15,5.094658028781396e-11,5.094658028781396e-11,1.3803895594159168e-10,5.094658028781396e-11,NaN,converged,13,13,0,0,0,0,3,1.3875567184101095e-14,1.12.6,lbt,1,1,Intel(R) Core(TM) 7 150U,NT,c8c2c51
degen-r20-m5-d0.0001-p4,100,AGD-SDAJ-BH,1e-7*n,9.999999999999999e-6,3,20,0.0958561,0.0946907,98.78421926199793,0.0,5.71e-5,0.0,0.0,0.0,0.001108299999999997,0.4297399604870594,5.3395485679910954e-6,-2.9190694953375094e-15,1.620921382450291e-6,1.620921382450291e-6,2.7459704773714324e-6,1.620921382450291e-6,NaN,diag_feasible,0,0,1,1,0,0,3,1.3875567184101095e-14,1.12.6,lbt,1,1,Intel(R) Core(TM) 7 150U,NT,c8c2c51
degen-r20-m5-d0.0001-p4,100,AGD-SDAJ,1e-7*n,9.999999999999999e-6,3,20,0.1025916,0.1014236,98.86150523044772,0.0,6.11e-5,0.0,0.0,0.0,0.0011069000000000025,0.4297399604870594,5.3395485679910954e-6,-2.9190694953375094e-15,1.620921382450291e-6,1.620921382450291e-6,2.7459704773714324e-6,1.620921382450291e-6,NaN,diag_feasible,0,0,1,1,0,0,3,1.3875567184101095e-14,1.12.6,lbt,1,1,Intel(R) Core(TM) 7 150U,NT,c8c2c51
degen-r20-m5-d0.0001-p4,100,Dykstra-APM,1e-7*n,9.999999999999999e-6,41,41,0.2502213,0.2227816,89.0338272561129,0.0,0.0,0.0,0.0,0.0120547,0.015384999999999984,0.42972181189967806,1.9067249226309226e-5,-3.0901733076353225e-15,1.439573633410518e-6,1.439573633410518e-6,8.442333198274068e-6,1.439573633410518e-6,NaN,diag_feasible,0,0,0,0,0,0,41,1.3875567184101095e-14,1.12.6,lbt,1,1,Intel(R) Core(TM) 7 150U,NT,c8c2c51
degen-r20-m5-d1e-06-p0,100,SBB-Dual,1e-7*n,9.999999999999999e-6,17,18,0.0865732,0.0847121,97.85025850956184,0.0001229,5.47e-5,0.0002159,0.0,0.0,0.0014676000000000044,0.42916469370545857,7.970502803000205e-6,-2.829633137675678e-15,1.6890381815404254e-6,0.0,7.157086372866411e-6,1.6890381815404254e-6,100.0,diag_feasible,0,0,0,0,0,0,17,1.6737141423043773e-14,1.12.6,lbt,1,1,Intel(R) Core(TM) 7 150U,NT,c8c2c51
degen-r20-m5-d1e-06-p0,100,Newton-SIN-BH,1e-7*n,9.999999999999999e-6,3,4,0.0258464,0.019816399999999998,76.6698650489043,0.0,1.33e-5,0.0,0.0054459,0.0,0.0005708000000000006,0.42916410449483594,9.933713618134452e-7,-3.422954274887126e-15,2.0126795385877472e-7,2.0126795385877472e-7,5.034237045875161e-7,2.0126795385877472e-7,NaN,converged,13,13,0,0,0,0,3,1.6737141423043773e-14,1.12.6,lbt,1,1,Intel(R) Core(TM) 7 150U,NT,c8c2c51
degen-r20-m5-d1e-06-p0,100,Newton-SIN,1e-7*n,9.999999999999999e-6,3,7,0.0347383,0.029667699999999998,85.40343079540449,0.0,1.41e-5,0.0,0.0046743,0.0,0.00038220000000000094,0.42916410449483594,9.933713618134452e-7,-3.422954274887126e-15,2.0126795385877472e-7,2.0126795385877472e-7,5.034237045875161e-7,2.0126795385877472e-7,NaN,converged,13,13,0,0,0,0,3,1.6737141423043773e-14,1.12.6,lbt,1,1,Intel(R) Core(TM) 7 150U,NT,c8c2c51
degen-r20-m5-d1e-06-p0,100,AGD-SDAJ-BH,1e-7*n,9.999999999999999e-6,4,27,0.1265881,0.1237982,97.79608035826432,0.0,8.25e-5,0.0,0.0,0.0,0.0027074000000000117,0.4291702151087152,9.275182661734512e-6,-3.419407895169124e-15,3.1823366009042786e-6,3.1823366009042786e-6,5.026187687961547e-6,3.1823366009042786e-6,NaN,diag_feasible_at_xpre,0,0,6,6,0,0,4,1.6737141423043773e-14,1.12.6,lbt,1,1,Intel(R) Core(TM) 7 150U,NT,c8c2c51
degen-r20-m5-d1e-06-p0,100,AGD-SDAJ,1e-7*n,9.999999999999999e-6,4,27,0.1356013,0.134023,98.83607310549382,0.0,8.12e-5,0.0,0.0,0.0,0.0014971000000000047,0.4291702151087152,9.275182661734512e-6,-3.419407895169124e-15,3.1823366009042786e-6,3.1823366009042786e-6,5.026187687961547e-6,3.1823366009042786e-6,NaN,diag_feasible_at_xpre,0,0,6,6,0,0,4,1.6737141423043773e-14,1.12.6,lbt,1,1,Intel(R) Core(TM) 7 150U,NT,c8c2c51
degen-r20-m5-d1e-06-p0,100,Dykstra-APM,1e-7*n,9.999999999999999e-6,39,39,0.2268867,0.2059443,90.76966609325271,0.0,0.0,0.0,0.0,0.01003,0.0109124,0.4291512943000548,1.6952437166747406e-5,-3.1576739031059e-15,1.8406135140480728e-6,1.8406135140480728e-6,8.072445464625472e-6,1.8406135140480728e-6,NaN,diag_feasible,0,0,0,0,0,0,39,1.6737141423043773e-14,1.12.6,lbt,1,1,Intel(R) Core(TM) 7 150U,NT,c8c2c51
degen-r20-m5-d1e-06-p1,100,SBB-Dual,1e-7*n,9.999999999999999e-6,17,18,0.0829664,0.0817423,98.52458344582867,0.0001006,4.85e-5,0.0002225,0.0,0.0,0.0008524999999999919,0.42394078453575307,9.665947193428644e-6,-3.279985196519293e-15,1.987691309990325e-6,0.0,8.63110219776833e-6,1.987691309990325e-6,100.0,diag_feasible,0,0,0,0,0,0,17,6.160763942099891e-12,1.12.6,lbt,1,1,Intel(R) Core(TM) 7 150U,NT,c8c2c51
degen-r20-m5-d1e-06-p1,100,Newton-SIN-BH,1e-7*n,9.999999999999999e-6,3,4,0.0281363,0.021557299999999998,76.61739461123175,0.0,1.27e-5,0.0,0.0059915,0.0,0.0005748000000000012,0.4239403950567693,8.830430027100038e-7,-3.865065079363124e-15,2.549278041996672e-7,2.549278041996672e-7,4.5902486665454186e-7,2.549278041996672e-7,NaN,converged,13,13,0,0,0,0,3,6.160763942099891e-12,1.12.6,lbt,1,1,Intel(R) Core(TM) 7 150U,NT,c8c2c51
degen-r20-m5-d1e-06-p1,100,Newton-SIN,1e-7*n,9.999999999999999e-6,3,7,0.0399788,0.0343106,85.82198565239575,0.0,1.37e-5,0.0,0.0052597,0.0,0.00039480000000000504,0.4239403950567693,8.830430027100038e-7,-3.865065079363124e-15,2.549278041996672e-7,2.549278041996672e-7,4.5902486665454186e-7,2.549278041996672e-7,NaN,converged,13,13,0,0,0,0,3,6.160763942099891e-12,1.12.6,lbt,1,1,Intel(R) Core(TM) 7 150U,NT,c8c2c51
degen-r20-m5-d1e-06-p1,100,AGD-SDAJ-BH,1e-7*n,9.999999999999999e-6,3,21,0.0994093,0.0981912,98.77466192800874,0.0,5.95e-5,0.0,0.0,0.0,0.0011585999999999996,0.42394747366371494,9.544098646006557e-6,-3.0103908896486988e-15,1.9061077327631182e-6,1.9061077327631182e-6,4.680280369184453e-6,1.9061077327631182e-6,NaN,diag_feasible,0,0,2,2,0,0,3,6.160763942099891e-12,1.12.6,lbt,1,1,Intel(R) Core(TM) 7 150U,NT,c8c2c51
degen-r20-m5-d1e-06-p1,100,AGD-SDAJ,1e-7*n,9.999999999999999e-6,3,21,0.0992942,0.09810830000000001,98.80567042183733,0.0,5.61e-5,0.0,0.0,0.0,0.0011297999999999898,0.42394747366371494,9.544098646006557e-6,-3.0103908896486988e-15,1.9061077327631182e-6,1.9061077327631182e-6,4.680280369184453e-6,1.9061077327631182e-6,NaN,diag_feasible,0,0,2,2,0,0,3,6.160763942099891e-12,1.12.6,lbt,1,1,Intel(R) Core(TM) 7 150U,NT,c8c2c51
degen-r20-m5-d1e-06-p1,100,Dykstra-APM,1e-7*n,9.999999999999999e-6,39,39,0.2065562,0.1902424,92.10200420030965,0.0,0.0,0.0,0.0,0.0062651,0.01004869999999999,0.42392486879599894,1.9816425249711368e-5,-2.5390172598132392e-15,2.1074357832162605e-6,2.1074357832162605e-6,9.392711716835817e-6,2.1074357832162605e-6,NaN,diag_feasible,0,0,0,0,0,0,39,6.160763942099891e-12,1.12.6,lbt,1,1,Intel(R) Core(TM) 7 150U,NT,c8c2c51
degen-r20-m5-d1e-06-p2,100,SBB-Dual,1e-7*n,9.999999999999999e-6,17,18,0.0835266,0.0822449,98.46551876887122,0.0001046,5.27e-5,0.0002261,0.0,0.0,0.0008983000000000106,0.42919308985764915,7.310574417487503e-6,-2.7908890700840977e-15,1.4399368037931737e-6,0.0,6.98693933732622e-6,1.4399368037931737e-6,100.0,diag_feasible,0,0,0,0,0,0,17,2.1853916087353823e-14,1.12.6,lbt,1,1,Intel(R) Core(TM) 7 150U,NT,c8c2c51
degen-r20-m5-d1e-06-p2,100,Newton-SIN-BH,1e-7*n,9.999999999999999e-6,3,4,0.0242537,0.019196599999999998,79.14916074660772,0.0,1.2e-5,0.0,0.004502,0.0,0.0005431000000000021,0.42919260675975085,8.645204723595236e-7,-3.404390044487015e-15,2.2601201976613083e-7,2.2601201976613083e-7,4.4475624458182275e-7,2.2601201976613083e-7,NaN,converged,13,13,0,0,0,0,3,2.1853916087353823e-14,1.12.6,lbt,1,1,Intel(R) Core(TM) 7 150U,NT,c8c2c51
degen-r20-m5-d1e-06-p2,100,Newton-SIN,1e-7*n,9.999999999999999e-6,3,7,0.0373195,0.0316032,84.68280657565079,0.0,1.42e-5,0.0,0.005288,0.0,0.0004141000000000006,0.42919260675975085,8.645204723595236e-7,-3.404390044487015e-15,2.2601201976613083e-7,2.2601201976613083e-7,4.4475624458182275e-7,2.2601201976613083e-7,NaN,converged,13,13,0,0,0,0,3,2.1853916087353823e-14,1.12.6,lbt,1,1,Intel(R) Core(TM) 7 150U,NT,c8c2c51
degen-r20-m5-d1e-06-p2,100,AGD-SDAJ-BH,1e-7*n,9.999999999999999e-6,4,31,0.1473543,0.14549489999999998,98.73814337280962,0.0,8.72e-5,0.0,0.0,0.0,0.001772200000000011,0.4291987074581236,8.913467980052567e-6,-3.6131070750745606e-15,2.044488345509521e-6,2.044488345509521e-6,4.667430917671703e-6,2.044488345509521e-6,NaN,diag_feasible_at_xpre,0,0,10,10,0,0,4,2.1853916087353823e-14,1.12.6,lbt,1,1,Intel(R) Core(TM) 7 150U,NT,c8c2c51
degen-r20-m5-d1e-06-p2,100,AGD-SDAJ,1e-7*n,9.999999999999999e-6,4,31,0.1503822,0.1486399,98.8414187317382,0.0,0.0001183,0.0,0.0,0.0,0.0016240000000000022,0.4291987074581236,8.913467980052567e-6,-3.6131070750745606e-15,2.044488345509521e-6,2.044488345509521e-6,4.667430917671703e-6,2.044488345509521e-6,NaN,diag_feasible_at_xpre,0,0,10,10,0,0,4,2.1853916087353823e-14,1.12.6,lbt,1,1,Intel(R) Core(TM) 7 150U,NT,c8c2c51
degen-r20-m5-d1e-06-p2,100,Dykstra-APM,1e-7*n,9.999999999999999e-6,39,39,0.2165824,0.2013153,92.95090459797288,0.0,0.0,0.0,0.0,0.0060306,0.009236500000000005,0.42917987595599555,1.6620472307974147e-5,-3.5223499773813357e-15,1.6102123034933413e-6,1.6102123034933413e-6,7.923210509343989e-6,1.6102123034933413e-6,NaN,diag_feasible,0,0,0,0,0,0,39,2.1853916087353823e-14,1.12.6,lbt,1,1,Intel(R) Core(TM) 7 150U,NT,c8c2c51
degen-r20-m5-d1e-06-p3,100,SBB-Dual,1e-7*n,9.999999999999999e-6,17,18,0.1058456,0.10389390000000001,98.15608773534281,0.0001716,8.78e-5,0.000236,0.0,0.0,0.0014562999999999868,0.4292698145204366,7.834188469592885e-6,-3.418672799638151e-15,1.6480618896252963e-6,0.0,6.894159443920954e-6,1.6480618896252963e-6,100.0,diag_feasible,0,0,0,0,0,0,17,1.473462969534e-14,1.12.6,lbt,1,1,Intel(R) Core(TM) 7 150U,NT,c8c2c51
degen-r20-m5-d1e-06-p3,100,Newton-SIN-BH,1e-7*n,9.999999999999999e-6,3,4,0.0307468,0.021551999999999998,70.09509932740967,0.0,2.04e-5,0.0,0.008295,0.0,0.0008794000000000024,0.4292693435157182,8.771103466790827e-7,-4.054978013949888e-15,2.0267692990572073e-7,2.0267692990572073e-7,4.4705531527260906e-7,2.0267692990572073e-7,NaN,converged,13,13,0,0,0,0,3,1.473462969534e-14,1.12.6,lbt,1,1,Intel(R) Core(TM) 7 150U,NT,c8c2c51
degen-r20-m5-d1e-06-p3,100,Newton-SIN,1e-7*n,9.999999999999999e-6,3,7,0.0438168,0.0358204,81.75037885012141,0.0,2.11e-5,0.0,0.0074192,0.0,0.0005561000000000012,0.4292693435157182,8.771103466790827e-7,-4.054978013949888e-15,2.0267692990572073e-7,2.0267692990572073e-7,4.4705531527260906e-7,2.0267692990572073e-7,NaN,converged,13,13,0,0,0,0,3,1.473462969534e-14,1.12.6,lbt,1,1,Intel(R) Core(TM) 7 150U,NT,c8c2c51
degen-r20-m5-d1e-06-p3,100,AGD-SDAJ-BH,1e-7*n,9.999999999999999e-6,3,21,0.1018623,0.10069589999999999,98.85492473662974,0.0,5.43e-5,0.0,0.0,0.0,0.001112100000000012,0.4292783024526162,1.3123229566054825e-5,-3.1418802984988313e-15,4.564282406138709e-6,4.564282406138709e-6,6.9553813690663405e-6,4.564282406138709e-6,NaN,diag_feasible,0,0,2,2,0,0,3,1.473462969534e-14,1.12.6,lbt,1,1,Intel(R) Core(TM) 7 150U,NT,c8c2c51
degen-r20-m5-d1e-06-p3,100,AGD-SDAJ,1e-7*n,9.999999999999999e-6,3,21,0.1021084,0.1008959,98.812536480838,0.0,6.1e-5,0.0,0.0,0.0,0.0011515000000000052,0.4292783024526162,1.3123229566054825e-5,-3.1418802984988313e-15,4.564282406138709e-6,4.564282406138709e-6,6.9553813690663405e-6,4.564282406138709e-6,NaN,diag_feasible,0,0,2,2,0,0,3,1.473462969534e-14,1.12.6,lbt,1,1,Intel(R) Core(TM) 7 150U,NT,c8c2c51
degen-r20-m5-d1e-06-p3,100,Dykstra-APM,1e-7*n,9.999999999999999e-6,39,39,0.1644118,0.1537491,93.51463824372703,0.0,0.0,0.0,0.0,0.0052548,0.005407899999999998,0.42925672222973354,1.6454792135728165e-5,-2.7567186026732593e-15,1.8171946460920907e-6,1.8171946460920907e-6,7.844508418072325e-6,1.8171946460920907e-6,NaN,diag_feasible,0,0,0,0,0,0,39,1.473462969534e-14,1.12.6,lbt,1,1,Intel(R) Core(TM) 7 150U,NT,c8c2c51
degen-r20-m5-d1e-06-p4,100,SBB-Dual,1e-7*n,9.999999999999999e-6,17,18,0.0811548,0.07990829999999999,98.46404648893225,9.49e-5,5.07e-5,0.0002068,0.0,0.0,0.0008941000000000114,0.42981753477732115,7.3421917044355394e-6,-3.2739501220302442e-15,1.603897651358821e-6,0.0,6.707277672793881e-6,1.603897651358821e-6,100.0,diag_feasible,0,0,0,0,0,0,17,2.1034844571982915e-14,1.12.6,lbt,1,1,Intel(R) Core(TM) 7 150U,NT,c8c2c51
degen-r20-m5-d1e-06-p4,100,Newton-SIN-BH,1e-7*n,9.999999999999999e-6,3,4,0.0137641,0.011297,82.07583496196627,0.0,2.71e-5,0.0,0.0020649,0.0,0.00037509999999999974,0.42981703456163484,8.528037189728284e-7,-3.1966942437098846e-15,1.2960874795631128e-7,1.2960874795631128e-7,4.23872161727606e-7,1.2960874795631128e-7,NaN,converged,13,13,0,0,0,0,3,2.1034844571982915e-14,1.12.6,lbt,1,1,Intel(R) Core(TM) 7 150U,NT,c8c2c51
degen-r20-m5-d1e-06-p4,100,Newton-SIN,1e-7*n,9.999999999999999e-6,3,7,0.03647,0.0315628,86.54455717027695,0.0,1.4e-5,0.0,0.0045087,0.0,0.0003845000000000003,0.42981703456163484,8.528037189728284e-7,-3.1966942437098846e-15,1.2960874795631128e-7,1.2960874795631128e-7,4.23872161727606e-7,1.2960874795631128e-7,NaN,converged,13,13,0,0,0,0,3,2.1034844571982915e-14,1.12.6,lbt,1,1,Intel(R) Core(TM) 7 150U,NT,c8c2c51
degen-r20-m5-d1e-06-p4,100,AGD-SDAJ-BH,1e-7*n,9.999999999999999e-6,3,23,0.1034466,0.1021547,98.75114310185158,0.0,6.49e-5,0.0,0.0,0.0,0.0012269999999999985,0.4298228041542322,7.767711804643417e-6,-3.2311795802067926e-15,2.2014347067500495e-6,2.2014347067500495e-6,3.9555748535768125e-6,2.2014347067500495e-6,NaN,diag_feasible,0,0,4,4,0,0,3,2.1034844571982915e-14,1.12.6,lbt,1,1,Intel(R) Core(TM) 7 150U,NT,c8c2c51
degen-r20-m5-d1e-06-p4,100,AGD-SDAJ,1e-7*n,9.999999999999999e-6,3,23,0.0999174,0.0984478,98.5291851068983,0.0,0.0001056,0.0,0.0,0.0,0.0013640000000000015,0.4298228041542322,7.767711804643417e-6,-3.2311795802067926e-15,2.2014347067500495e-6,2.2014347067500495e-6,3.9555748535768125e-6,2.2014347067500495e-6,NaN,diag_feasible,0,0,4,4,0,0,3,2.1034844571982915e-14,1.12.6,lbt,1,1,Intel(R) Core(TM) 7 150U,NT,c8c2c51
degen-r20-m5-d1e-06-p4,100,Dykstra-APM,1e-7*n,9.999999999999999e-6,38,38,0.1869759,0.1732916,92.68124929469519,0.0,0.0,0.0,0.0,0.0063259,0.007358400000000011,0.4298010553774125,2.0777965325495054e-5,-3.0878340451497447e-15,2.3053297764086267e-6,2.3053297764086267e-6,9.945175788054e-6,2.3053297764086267e-6,NaN,diag_feasible,0,0,0,0,0,0,38,2.1034844571982915e-14,1.12.6,lbt,1,1,Intel(R) Core(TM) 7 150U,NT,c8c2c51
degen-r20-m5-d1e-08-p0,100,SBB-Dual,1e-7*n,9.999999999999999e-6,17,18,0.0765316,0.07510359999999999,98.13410408249663,0.0001012,5.3e-5,0.0002139,0.0,0.0,0.0010599000000000125,0.42916549897676143,8.961142927929108e-6,-3.211727484590116e-15,1.6890265428504136e-6,0.0,7.157048978105981e-6,1.6890265428504136e-6,100.0,diag_feasible,0,0,0,0,0,0,17,2.6420275690382164e-14,1.12.6,lbt,1,1,Intel(R) Core(TM) 7 150U,NT,c8c2c51
degen-r20-m5-d1e-08-p0,100,Newton-SIN-BH,1e-7*n,9.999999999999999e-6,3,4,0.0226576,0.0173429,76.54341148223996,0.0,1.25e-5,0.0,0.00476,0.0,0.0005421999999999979,0.42916549293202155,1.0403933545272015e-8,-3.7489722550388114e-15,2.8130890949995546e-9,2.8130890949995546e-9,5.3752827983855305e-9,2.8130890949995546e-9,NaN,converged,13,13,0,0,0,0,3,2.6420275690382164e-14,1.12.6,lbt,1,1,Intel(R) Core(TM) 7 150U,NT,c8c2c51
degen-r20-m5-d1e-08-p0,100,Newton-SIN,1e-7*n,9.999999999999999e-6,3,7,0.0343147,0.0287353,83.74049605562631,0.0,1.45e-5,0.0,0.0051727,0.0,0.0003921999999999988,0.42916549293202155,1.0403933545272015e-8,-3.7489722550388114e-15,2.8130890949995546e-9,2.8130890949995546e-9,5.3752827983855305e-9,2.8130890949995546e-9,NaN,converged,13,13,0,0,0,0,3,2.6420275690382164e-14,1.12.6,lbt,1,1,Intel(R) Core(TM) 7 150U,NT,c8c2c51
degen-r20-m5-d1e-08-p0,100,AGD-SDAJ-BH,1e-7*n,9.999999999999999e-6,4,27,0.1183724,0.11659520000000001,98.49863650648294,0.0,7.45e-5,0.0,0.0,0.0,0.0017026999999999928,0.42917098652826724,9.249095629119024e-6,-2.9465773973487126e-15,3.18862190029634e-6,3.18862190029634e-6,5.020852361540311e-6,3.18862190029634e-6,NaN,diag_feasible_at_xpre,0,0,6,6,0,0,4,2.6420275690382164e-14,1.12.6,lbt,1,1,Intel(R) Core(TM) 7 150U,NT,c8c2c51
degen-r20-m5-d1e-08-p0,100,AGD-SDAJ,1e-7*n,9.999999999999999e-6,4,27,0.1174146,0.1157188,98.55571623971807,0.0,7.47e-5,0.0,0.0,0.0,0.0016210999999999973,0.42917098652826724,9.249095629119024e-6,-2.9465773973487126e-15,3.18862190029634e-6,3.18862190029634e-6,5.020852361540311e-6,3.18862190029634e-6,NaN,diag_feasible_at_xpre,0,0,6,6,0,0,4,2.6420275690382164e-14,1.12.6,lbt,1,1,Intel(R) Core(TM) 7 150U,NT,c8c2c51
degen-r20-m5-d1e-08-p0,100,Dykstra-APM,1e-7*n,9.999999999999999e-6,39,39,0.1935026,0.1810499,93.56458259475583,0.0,0.0,0.0,0.0,0.0061061,0.0063465999999999835,0.4291520996208138,1.6843018857356182e-5,-3.1445756065431637e-15,1.8406037511908835e-6,1.8406037511908835e-6,8.072414252491317e-6,1.8406037511908835e-6,NaN,diag_feasible,0,0,0,0,0,0,39,2.6420275690382164e-14,1.12.6,lbt,1,1,Intel(R) Core(TM) 7 150U,NT,c8c2c51
degen-r20-m5-d1e-08-p1,100,SBB-Dual,1e-7*n,9.999999999999999e-6,17,18,0.0759565,0.0748048,98.48373740232897,9.79e-5,5.19e-5,7.22e-5,0.0,0.0,0.0009296999999999918,0.4239414832041799,1.0781003887033442e-5,-3.1509279474071563e-15,1.9875025591975515e-6,0.0,8.677816126437525e-6,1.9875025591975515e-6,100.0,diag_feasible,0,0,0,0,0,0,17,5.369394835127993e-14,1.12.6,lbt,1,1,Intel(R) Core(TM) 7 150U,NT,c8c2c51
degen-r20-m5-d1e-08-p1,100,Newton-SIN-BH,1e-7*n,9.999999999999999e-6,3,4,0.0262848,0.0205301,78.10635804723643,0.0,1.57e-5,0.0,0.0051167,0.0,0.0006223000000000018,0.42394147782193525,1.0776252892544196e-8,-3.1475262475708953e-15,2.557899669852759e-9,2.557899669852759e-9,5.514281360451651e-9,2.557899669852759e-9,NaN,converged,13,13,0,0,0,0,3,5.369394835127993e-14,1.12.6,lbt,1,1,Intel(R) Core(TM) 7 150U,NT,c8c2c51
degen-r20-m5-d1e-08-p1,100,Newton-SIN,1e-7*n,9.999999999999999e-6,3,7,0.0376865,0.0326995,86.76714473352527,0.0,1.26e-5,0.0,0.0045871,0.0,0.0003872999999999984,0.42394147782193525,1.0776252892544196e-8,-3.1475262475708953e-15,2.557899669852759e-9,2.557899669852759e-9,5.514281360451651e-9,2.557899669852759e-9,NaN,converged,13,13,0,0,0,0,3,5.369394835127993e-14,1.12.6,lbt,1,1,Intel(R) Core(TM) 7 150U,NT,c8c2c51
degen-r20-m5-d1e-08-p1,100,AGD-SDAJ-BH,1e-7*n,9.999999999999999e-6,3,21,0.0975001,0.09626180000000001,98.72995002056409,0.0,5.43e-5,0.0,0.0,0.0,0.0011839999999999978,0.4239481918786682,9.579463265123517e-6,-3.839566079970522e-15,1.9286855207356624e-6,1.9286855207356624e-6,4.700551649745577e-6,1.9286855207356624e-6,NaN,diag_feasible,0,0,2,2,0,0,3,5.369394835127993e-14,1.12.6,lbt,1,1,Intel(R) Core(TM) 7 150U,NT,c8c2c51
degen-r20-m5-d1e-08-p1,100,AGD-SDAJ,1e-7*n,9.999999999999999e-6,3,21,0.0472937,0.0465401,98.40655309269523,0.0,4.03e-5,0.0,0.0,0.0,0.0007133000000000002,0.4239481918786682,9.579463265123517e-6,-3.839566079970522e-15,1.9286855207356624e-6,1.9286855207356624e-6,4.700551649745577e-6,1.9286855207356624e-6,NaN,diag_feasible,0,0,2,2,0,0,3,5.369394835127993e-14,1.12.6,lbt,1,1,Intel(R) Core(TM) 7 150U,NT,c8c2c51
degen-r20-m5-d1e-08-p1,100,Dykstra-APM,1e-7*n,9.999999999999999e-6,39,39,0.2515438,0.2336784,92.89769813447997,0.0,0.0,0.0,0.0,0.007774,0.010091399999999976,0.4239255675092746,1.973249945188112e-5,-3.4772338271407366e-15,2.107429399877958e-6,2.107429399877958e-6,9.392680974104357e-6,2.107429399877958e-6,NaN,diag_feasible,0,0,0,0,0,0,39,5.369394835127993e-14,1.12.6,lbt,1,1,Intel(R) Core(TM) 7 150U,NT,c8c2c51
degen-r20-m5-d1e-08-p2,100,SBB-Dual,1e-7*n,9.999999999999999e-6,17,18,0.0789291,0.0775139,98.20699843277067,0.0001182,5.98e-5,0.0002184,0.0,0.0,0.0010188000000000055,0.42919389343106085,8.325547530358779e-6,-3.3221189065636365e-15,1.4399330843239966e-6,0.0,6.986908197166157e-6,1.4399330843239966e-6,100.0,diag_feasible,0,0,0,0,0,0,17,2.2634123092861954e-14,1.12.6,lbt,1,1,Intel(R) Core(TM) 7 150U,NT,c8c2c51
degen-r20-m5-d1e-08-p2,100,Newton-SIN-BH,1e-7*n,9.999999999999999e-6,3,4,0.0243727,0.017,69.75017129821481,0.0,1.66e-5,0.0,0.0066438,0.0,0.000712299999999999,0.4291938873900302,1.0825969050572983e-8,-3.498622858629879e-15,3.347319088575773e-9,3.347319088575773e-9,5.629342819226929e-9,3.347319088575773e-9,NaN,converged,13,13,0,0,0,0,3,2.2634123092861954e-14,1.12.6,lbt,1,1,Intel(R) Core(TM) 7 150U,NT,c8c2c51
degen-r20-m5-d1e-08-p2,100,Newton-SIN,1e-7*n,9.999999999999999e-6,3,7,0.0368704,0.0313134,84.9282893594862,0.0,1.58e-5,0.0,0.0050932,0.0,0.0004479999999999996,0.4291938873900302,1.0825969050572983e-8,-3.498622858629879e-15,3.347319088575773e-9,3.347319088575773e-9,5.629342819226929e-9,3.347319088575773e-9,NaN,converged,13,13,0,0,0,0,3,2.2634123092861954e-14,1.12.6,lbt,1,1,Intel(R) Core(TM) 7 150U,NT,c8c2c51
degen-r20-m5-d1e-08-p2,100,AGD-SDAJ-BH,1e-7*n,9.999999999999999e-6,4,31,0.1418782,0.140117,98.758653549312,0.0,8.74e-5,0.0,0.0,0.0,0.0016738000000000182,0.4291999771248237,9.643351296270342e-6,-3.1053482047612858e-15,2.159249068656166e-6,2.159249068656166e-6,5.040027645519522e-6,2.159249068656166e-6,NaN,diag_feasible_at_xpre,0,0,10,10,0,0,4,2.2634123092861954e-14,1.12.6,lbt,1,1,Intel(R) Core(TM) 7 150U,NT,c8c2c51
degen-r20-m5-d1e-08-p2,100,AGD-SDAJ,1e-7*n,9.999999999999999e-6,4,31,0.1483516,0.1446855,97.52877623160113,0.0,9.04e-5,0.0,0.0,0.0,0.0035757000000000054,0.4291999771248237,9.643351296270342e-6,-3.1053482047612858e-15,2.159249068656166e-6,2.159249068656166e-6,5.040027645519522e-6,2.159249068656166e-6,NaN,diag_feasible_at_xpre,0,0,10,10,0,0,4,2.2634123092861954e-14,1.12.6,lbt,1,1,Intel(R) Core(TM) 7 150U,NT,c8c2c51
degen-r20-m5-d1e-08-p2,100,Dykstra-APM,1e-7*n,9.999999999999999e-6,39,39,0.214554,0.2011406,93.74824053618204,0.0,0.0,0.0,0.0,0.0059153,0.007498099999999992,0.42918067957238204,1.6508922502587732e-5,-2.867099602151334e-15,1.6102098165937662e-6,1.6102098165937662e-6,7.923184611214531e-6,1.6102098165937662e-6,NaN,diag_feasible,0,0,0,0,0,0,39,2.2634123092861954e-14,1.12.6,lbt,1,1,Intel(R) Core(TM) 7 150U,NT,c8c2c51
degen-r20-m5-d1e-08-p3,100,SBB-Dual,1e-7*n,9.999999999999999e-6,17,18,0.0814785,0.08022829999999999,98.46560749154685,9.18e-5,4.84e-5,0.0002168,0.0,0.0,0.0008932000000000067,0.4292706131313161,8.741285637234548e-6,-3.2906568719119747e-15,1.648054378300401e-6,0.0,6.894109280999593e-6,1.648054378300401e-6,100.0,diag_feasible,0,0,0,0,0,0,17,3.1548506609785503e-14,1.12.6,lbt,1,1,Intel(R) Core(TM) 7 150U,NT,c8c2c51
degen-r20-m5-d1e-08-p3,100,Newton-SIN-BH,1e-7*n,9.999999999999999e-6,3,4,0.0256129,0.0173191,67.61866090915125,0.0,1.41e-5,0.0,0.00611,0.0,0.002169700000000001,0.4292706073349519,1.0238518296223625e-8,-3.3421852665028424e-15,2.0732184857763514e-9,2.0732184857763514e-9,5.163623882806538e-9,2.0732184857763514e-9,NaN,converged,13,13,0,0,0,0,3,3.1548506609785503e-14,1.12.6,lbt,1,1,Intel(R) Core(TM) 7 150U,NT,c8c2c51
degen-r20-m5-d1e-08-p3,100,Newton-SIN,1e-7*n,9.999999999999999e-6,3,7,0.0353484,0.0293549,83.04449423453396,0.0,1.38e-5,0.0,0.0055981,0.0,0.00038160000000000277,0.4292706073349519,1.0238518296223625e-8,-3.3421852665028424e-15,2.0732184857763514e-9,2.0732184857763514e-9,5.163623882806538e-9,2.0732184857763514e-9,NaN,converged,13,13,0,0,0,0,3,3.1548506609785503e-14,1.12.6,lbt,1,1,Intel(R) Core(TM) 7 150U,NT,c8c2c51
degen-r20-m5-d1e-08-p3,100,AGD-SDAJ-BH,1e-7*n,9.999999999999999e-6,3,21,0.1006529,0.0994197,98.77479933514086,0.0,5.68e-5,0.0,0.0,0.0,0.0011764000000000037,0.42927896168699,1.2914784271097077e-5,-3.9045474990687146e-15,4.474942228660517e-6,4.474942228660517e-6,6.84425741522441e-6,4.474942228660517e-6,NaN,diag_feasible,0,0,2,2,0,0,3,3.1548506609785503e-14,1.12.6,lbt,1,1,Intel(R) Core(TM) 7 150U,NT,c8c2c51
degen-r20-m5-d1e-08-p3,100,AGD-SDAJ,1e-7*n,9.999999999999999e-6,3,21,0.0994265,0.0982042,98.77064967589124,0.0,5.52e-5,0.0,0.0,0.0,0.0011670999999999956,0.42927896168699,1.2914784271097077e-5,-3.9045474990687146e-15,4.474942228660517e-6,4.474942228660517e-6,6.84425741522441e-6,4.474942228660517e-6,NaN,diag_feasible,0,0,2,2,0,0,3,3.1548506609785503e-14,1.12.6,lbt,1,1,Intel(R) Core(TM) 7 150U,NT,c8c2c51
degen-r20-m5-d1e-08-p3,100,Dykstra-APM,1e-7*n,9.999999999999999e-6,39,39,0.2122861,0.1974126,92.9936533762691,0.0,0.0,0.0,0.0,0.0060737,0.008799800000000012,0.4292575209122408,1.634491639985623e-5,-3.503732468772273e-15,1.817188901354072e-6,1.817188901354072e-6,7.844464842965943e-6,1.817188901354072e-6,NaN,diag_feasible,0,0,0,0,0,0,39,3.1548506609785503e-14,1.12.6,lbt,1,1,Intel(R) Core(TM) 7 150U,NT,c8c2c51
degen-r20-m5-d1e-08-p4,100,SBB-Dual,1e-7*n,9.999999999999999e-6,17,18,0.087844,0.08488029999999999,96.62617822503526,9.5e-5,5.05e-5,0.0005294,0.0,0.0,0.0022888000000000136,0.429818346780022,8.316076697035914e-6,-3.727697934599234e-15,1.6038932078021872e-6,0.0,6.707251684893941e-6,1.6038932078021872e-6,100.0,diag_feasible,0,0,0,0,0,0,17,2.035708280244389e-14,1.12.6,lbt,1,1,Intel(R) Core(TM) 7 150U,NT,c8c2c51
degen-r20-m5-d1e-08-p4,100,Newton-SIN-BH,1e-7*n,9.999999999999999e-6,3,4,0.0235331,0.018215,77.40161729648877,0.0,2.15e-5,0.0,0.0047301,0.0,0.0005665000000000028,0.4298183407248631,1.0059508734349635e-8,-3.4431887264479645e-15,1.4082999211240121e-9,1.4082999211240121e-9,4.9817304773156045e-9,1.4082999211240121e-9,NaN,converged,13,13,0,0,0,0,3,2.035708280244389e-14,1.12.6,lbt,1,1,Intel(R) Core(TM) 7 150U,NT,c8c2c51
degen-r20-m5-d1e-08-p4,100,Newton-SIN,1e-7*n,9.999999999999999e-6,3,7,0.0341443,0.029153000000000002,85.38174746590207,0.0,1.21e-5,0.0,0.0046016,0.0,0.0003776000000000005,0.4298183407248631,1.0059508734349635e-8,-3.4431887264479645e-15,1.4082999211240121e-9,1.4082999211240121e-9,4.9817304773156045e-9,1.4082999211240121e-9,NaN,converged,13,13,0,0,0,0,3,2.035708280244389e-14,1.12.6,lbt,1,1,Intel(R) Core(TM) 7 150U,NT,c8c2c51
degen-r20-m5-d1e-08-p4,100,AGD-SDAJ-BH,1e-7*n,9.999999999999999e-6,3,23,0.107515,0.1061328,98.71441194251965,0.0,6.51e-5,0.0,0.0,0.0,0.0013171,0.4298236015858859,7.747235347242246e-6,-3.769966927688983e-15,2.191210176749614e-6,2.191210176749614e-6,3.944854667251331e-6,2.191210176749614e-6,NaN,diag_feasible,0,0,4,4,0,0,3,2.035708280244389e-14,1.12.6,lbt,1,1,Intel(R) Core(TM) 7 150U,NT,c8c2c51
degen-r20-m5-d1e-08-p4,100,AGD-SDAJ,1e-7*n,9.999999999999999e-6,3,23,0.1134769,0.1121203,98.80451439896578,0.0,5.8e-5,0.0,0.0,0.0,0.0012985999999999996,0.4298236015858859,7.747235347242246e-6,-3.769966927688983e-15,2.191210176749614e-6,2.191210176749614e-6,3.944854667251331e-6,2.191210176749614e-6,NaN,diag_feasible,0,0,4,4,0,0,3,2.035708280244389e-14,1.12.6,lbt,1,1,Intel(R) Core(TM) 7 150U,NT,c8c2c51
degen-r20-m5-d1e-08-p4,100,Dykstra-APM,1e-7*n,9.999999999999999e-6,38,38,0.1967364,0.1819509,92.48461393011156,0.0,0.0,0.0,0.0,0.0073897,0.007395800000000007,0.4298018674219575,2.0688176241372227e-5,-2.827199660965126e-15,2.3053259659011616e-6,2.3053259659011616e-6,9.945149757647554e-6,2.3053259659011616e-6,NaN,diag_feasible,0,0,0,0,0,0,38,2.035708280244389e-14,1.12.6,lbt,1,1,Intel(R) Core(TM) 7 150U,NT,c8c2c51
degen-r20-m5-d1e-10-p0,100,SBB-Dual,1e-7*n,9.999999999999999e-6,17,18,0.0843895,0.0831165,98.49151849459945,0.0001072,5.09e-5,0.0002172,0.0,0.0,0.0008977000000000103,0.42916550702947753,8.972485937976003e-6,-3.226986786090395e-15,1.6890264267210853e-6,0.0,7.157048604899953e-6,1.6890264267210853e-6,100.0,diag_feasible,0,0,0,0,0,0,17,2.633148506884959e-14,1.12.6,lbt,1,1,Intel(R) Core(TM) 7 150U,NT,c8c2c51
degen-r20-m5-d1e-10-p0,100,Newton-SIN-BH,1e-7*n,9.999999999999999e-6,3,4,0.0279271,0.0223525,80.03874372920927,0.0,1.37e-5,0.0,0.0049454,0.0,0.0006154999999999989,0.4291655067364939,1.4575915349440998e-9,-3.3411284297317157e-15,9.831193636955504e-10,9.831193636955504e-10,1.0072458384368936e-9,9.831193636955504e-10,NaN,converged,13,13,0,0,0,0,3,2.633148506884959e-14,1.12.6,lbt,1,1,Intel(R) Core(TM) 7 150U,NT,c8c2c51
degen-r20-m5-d1e-10-p0,100,Newton-SIN,1e-7*n,9.999999999999999e-6,3,7,0.0348471,0.0295546,84.81222253788694,0.0,1.48e-5,0.0,0.0048495,0.0,0.00042819999999999924,0.4291655067364939,1.4575915349440998e-9,-3.3411284297317157e-15,9.831193636955504e-10,9.831193636955504e-10,1.0072458384368936e-9,9.831193636955504e-10,NaN,converged,13,13,0,0,0,0,3,2.633148506884959e-14,1.12.6,lbt,1,1,Intel(R) Core(TM) 7 150U,NT,c8c2c51
degen-r20-m5-d1e-10-p0,100,AGD-SDAJ-BH,1e-7*n,9.999999999999999e-6,4,27,0.0886939,0.08733310000000001,98.46573439661579,0.0,7.06e-5,0.0,0.0,0.0,0.0012901999999999953,0.4291709943997016,9.24903496374372e-6,-3.58701624887527e-15,3.18872090776523e-6,3.18872090776523e-6,5.020888924679429e-6,3.18872090776523e-6,NaN,diag_feasible_at_xpre,0,0,6,6,0,0,4,2.633148506884959e-14,1.12.6,lbt,1,1,Intel(R) Core(TM) 7 150U,NT,c8c2c51
degen-r20-m5-d1e-10-p0,100,AGD-SDAJ,1e-7*n,9.999999999999999e-6,4,27,0.1214445,0.1199463,98.76635006113905,0.0,6.84e-5,0.0,0.0,0.0,0.0014297999999999913,0.4291709943997016,9.24903496374372e-6,-3.58701624887527e-15,3.18872090776523e-6,3.18872090776523e-6,5.020888924679429e-6,3.18872090776523e-6,NaN,diag_feasible_at_xpre,0,0,6,6,0,0,4,2.633148506884959e-14,1.12.6,lbt,1,1,Intel(R) Core(TM) 7 150U,NT,c8c2c51
degen-r20-m5-d1e-10-p0,100,Dykstra-APM,1e-7*n,9.999999999999999e-6,39,39,0.2109985,0.1955134,92.66103787467684,0.0,0.0,0.0,0.0,0.0063827,0.009102400000000002,0.4291521076740242,1.684298062295022e-5,-3.152512266779088e-15,1.8406036552676142e-6,1.8406036552676142e-6,8.072413940469233e-6,1.8406036552676142e-6,NaN,diag_feasible,0,0,0,0,0,0,39,2.633148506884959e-14,1.12.6,lbt,1,1,Intel(R) Core(TM) 7 150U,NT,c8c2c51
degen-r20-m5-d1e-10-p1,100,SBB-Dual,1e-7*n,9.999999999999999e-6,17,18,0.0877714,0.08648900000000001,98.53893181605855,0.0001091,5.18e-5,0.0002153,0.0,0.0,0.0009061999999999891,0.4239414901908718,1.079354196783996e-5,-3.034095427631666e-15,1.9875006713743204e-6,0.0,8.67837123627843e-6,1.9875006713743204e-6,100.0,diag_feasible,0,0,0,0,0,0,17,5.4500078196122016e-14,1.12.6,lbt,1,1,Intel(R) Core(TM) 7 150U,NT,c8c2c51
degen-r20-m5-d1e-10-p1,100,Newton-SIN-BH,1e-7*n,9.999999999999999e-6,3,4,0.0272044,0.0215688,79.28423343282705,0.0,1.46e-5,0.0,0.0050408,0.0,0.0005802000000000012,0.42394148962300543,1.55951371990465e-9,-2.8671740884273684e-15,5.505818023721076e-10,5.505818023721076e-10,9.40190313549862e-10,5.505818023721076e-10,NaN,converged,13,13,0,0,0,0,3,5.4500078196122016e-14,1.12.6,lbt,1,1,Intel(R) Core(TM) 7 150U,NT,c8c2c51
degen-r20-m5-d1e-10-p1,100,Newton-SIN,1e-7*n,9.999999999999999e-6,3,7,0.0354496,0.0293906,82.90812872359632,0.0,1.38e-5,0.0,0.005663,0.0,0.0003821999999999992,0.42394148962300543,1.55951371990465e-9,-2.8671740884273684e-15,5.505818023721076e-10,5.505818023721076e-10,9.40190313549862e-10,5.505818023721076e-10,NaN,converged,13,13,0,0,0,0,3,5.4500078196122016e-14,1.12.6,lbt,1,1,Intel(R) Core(TM) 7 150U,NT,c8c2c51
degen-r20-m5-d1e-10-p1,100,AGD-SDAJ-BH,1e-7*n,9.999999999999999e-6,3,21,0.0998,0.0986178,98.81543086172346,0.0,5.27e-5,0.0,0.0,0.0,0.0011294999999999944,0.42394819910476794,9.579880199896475e-6,-3.7453402841822646e-15,1.9289287515045217e-6,1.9289287515045217e-6,4.700786297098365e-6,1.9289287515045217e-6,NaN,diag_feasible,0,0,2,2,0,0,3,5.4500078196122016e-14,1.12.6,lbt,1,1,Intel(R) Core(TM) 7 150U,NT,c8c2c51
degen-r20-m5-d1e-10-p1,100,AGD-SDAJ,1e-7*n,9.999999999999999e-6,3,21,0.0988244,0.09748580000000001,98.6454762184238,0.0,6.69e-5,0.0,0.0,0.0,0.0012716999999999954,0.42394819910476794,9.579880199896475e-6,-3.7453402841822646e-15,1.9289287515045217e-6,1.9289287515045217e-6,4.700786297098365e-6,1.9289287515045217e-6,NaN,diag_feasible,0,0,2,2,0,0,3,5.4500078196122016e-14,1.12.6,lbt,1,1,Intel(R) Core(TM) 7 150U,NT,c8c2c51
degen-r20-m5-d1e-10-p1,100,Dykstra-APM,1e-7*n,9.999999999999999e-6,39,39,0.193225,0.1804443,93.38558675119678,0.0,0.0,0.0,0.0,0.0061491,0.006631600000000006,0.4239255744964275,1.973246423389611e-5,-3.0878384940896995e-15,2.107429316167142e-6,2.107429316167142e-6,9.392680656428736e-6,2.107429316167142e-6,NaN,diag_feasible,0,0,0,0,0,0,39,5.4500078196122016e-14,1.12.6,lbt,1,1,Intel(R) Core(TM) 7 150U,NT,c8c2c51
degen-r20-m5-d1e-10-p2,100,SBB-Dual,1e-7*n,9.999999999999999e-6,17,18,0.083642,0.0822519,98.33803591497094,0.0001019,4.86e-5,0.0002101,0.0,0.0,0.0010294999999999914,0.42919390146679726,8.33720701418012e-6,-2.832684388318199e-15,1.4399330490189044e-6,0.0,6.986907881526221e-6,1.4399330490189044e-6,100.0,diag_feasible,0,0,0,0,0,0,17,3.3089861535623934e-14,1.12.6,lbt,1,1,Intel(R) Core(TM) 7 150U,NT,c8c2c51
degen-r20-m5-d1e-10-p2,100,Newton-SIN-BH,1e-7*n,9.999999999999999e-6,3,4,0.0281449,0.022908,81.39307654317479,0.0,1.43e-5,0.0,0.00464,0.0,0.0005825999999999991,0.4291939010893811,2.2081958171225537e-9,-3.2436688556542954e-15,1.528364323988285e-9,1.528364323988285e-9,1.5515538592770668e-9,1.528364323988285e-9,NaN,converged,13,13,0,0,0,0,3,3.3089861535623934e-14,1.12.6,lbt,1,1,Intel(R) Core(TM) 7 150U,NT,c8c2c51
degen-r20-m5-d1e-10-p2,100,Newton-SIN,1e-7*n,9.999999999999999e-6,3,7,0.0376479,0.0326772,86.79687313236596,0.0,1.52e-5,0.0,0.0045517,0.0,0.00040379999999999496,0.4291939010893811,2.2081958171225537e-9,-3.2436688556542954e-15,1.528364323988285e-9,1.528364323988285e-9,1.5515538592770668e-9,1.528364323988285e-9,NaN,converged,13,13,0,0,0,0,3,3.3089861535623934e-14,1.12.6,lbt,1,1,Intel(R) Core(TM) 7 150U,NT,c8c2c51
degen-r20-m5-d1e-10-p2,100,AGD-SDAJ-BH,1e-7*n,9.999999999999999e-6,4,31,0.1435553,0.1418165,98.78875945367396,0.0,8.51e-5,0.0,0.0,0.0,0.0016536999999999847,0.4292000086946686,9.674607006992518e-6,-3.3770554449535524e-15,2.162688221396536e-6,2.162688221396536e-6,5.054222506044834e-6,2.162688221396536e-6,NaN,diag_feasible_at_xpre,0,0,10,10,0,0,4,3.3089861535623934e-14,1.12.6,lbt,1,1,Intel(R) Core(TM) 7 150U,NT,c8c2c51
degen-r20-m5-d1e-10-p2,100,AGD-SDAJ,1e-7*n,9.999999999999999e-6,4,31,0.1492876,0.1475438,98.83191906092671,0.0,8.53e-5,0.0,0.0,0.0,0.0016584999999999898,0.4292000086946686,9.674607006992518e-6,-3.3770554449535524e-15,2.162688221396536e-6,2.162688221396536e-6,5.054222506044834e-6,2.162688221396536e-6,NaN,diag_feasible_at_xpre,0,0,10,10,0,0,4,3.3089861535623934e-14,1.12.6,lbt,1,1,Intel(R) Core(TM) 7 150U,NT,c8c2c51
degen-r20-m5-d1e-10-p2,100,Dykstra-APM,1e-7*n,9.999999999999999e-6,39,39,0.2283626,0.2113344,92.5433499180689,0.0,0.0,0.0,0.0,0.0069391,0.010089099999999993,0.42918068760854944,1.6508880742703214e-5,-3.2044888926667478e-15,1.610209793057038e-6,1.610209793057038e-6,7.923184351867375e-6,1.610209793057038e-6,NaN,diag_feasible,0,0,0,0,0,0,39,3.3089861535623934e-14,1.12.6,lbt,1,1,Intel(R) Core(TM) 7 150U,NT,c8c2c51
degen-r20-m5-d1e-10-p3,100,SBB-Dual,1e-7*n,9.999999999999999e-6,17,18,0.0861902,0.0848844,98.48497857064957,9.95e-5,5.19e-5,0.000266,0.0,0.0,0.000888399999999996,0.42927062111742853,8.751859598415158e-6,-3.401068366184795e-15,1.648054303471369e-6,0.0,6.8941087826691955e-6,1.648054303471369e-6,100.0,diag_feasible,0,0,0,0,0,0,17,3.2253841922478157e-14,1.12.6,lbt,1,1,Intel(R) Core(TM) 7 150U,NT,c8c2c51
degen-r20-m5-d1e-10-p3,100,Newton-SIN-BH,1e-7*n,9.999999999999999e-6,3,4,0.026557,0.020052,75.50551643634446,0.0,1.25e-5,0.0,0.0059265,0.0,0.0005659999999999997,0.42927062092201107,3.264345447508016e-10,-3.523201420029195e-15,1.6721157791721453e-10,1.6721157791721453e-10,1.9283564010502003e-10,1.6721157791721453e-10,NaN,converged,13,13,0,0,0,0,3,3.2253841922478157e-14,1.12.6,lbt,1,1,Intel(R) Core(TM) 7 150U,NT,c8c2c51
degen-r20-m5-d1e-10-p3,100,Newton-SIN,1e-7*n,9.999999999999999e-6,3,7,0.0481168,0.0397937,82.7022994047817,0.0,1.61e-5,0.0,0.0078809,0.0,0.00042610000000000044,0.42927062092201107,3.264345447508016e-10,-3.523201420029195e-15,1.6721157791721453e-10,1.6721157791721453e-10,1.9283564010502003e-10,1.6721157791721453e-10,NaN,converged,13,13,0,0,0,0,3,3.2253841922478157e-14,1.12.6,lbt,1,1,Intel(R) Core(TM) 7 150U,NT,c8c2c51
degen-r20-m5-d1e-10-p3,100,AGD-SDAJ-BH,1e-7*n,9.999999999999999e-6,3,21,0.0647033,0.06370630000000001,98.45912032307473,0.0,5.36e-5,0.0,0.0,0.0,0.0009433999999999979,0.42927896832456214,1.2912765881339349e-5,-3.3568490970182914e-15,4.474074855043142e-6,4.474074855043142e-6,6.843180624627962e-6,4.474074855043142e-6,NaN,diag_feasible,0,0,2,2,0,0,3,3.2253841922478157e-14,1.12.6,lbt,1,1,Intel(R) Core(TM) 7 150U,NT,c8c2c51
degen-r20-m5-d1e-10-p3,100,AGD-SDAJ,1e-7*n,9.999999999999999e-6,3,21,0.1012371,0.10001869999999999,98.79648863904634,0.0,5.91e-5,0.0,0.0,0.0,0.0011593000000000083,0.42927896832456214,1.2912765881339349e-5,-3.3568490970182914e-15,4.474074855043142e-6,4.474074855043142e-6,6.843180624627962e-6,4.474074855043142e-6,NaN,diag_feasible,0,0,2,2,0,0,3,3.2253841922478157e-14,1.12.6,lbt,1,1,Intel(R) Core(TM) 7 150U,NT,c8c2c51
degen-r20-m5-d1e-10-p3,100,Dykstra-APM,1e-7*n,9.999999999999999e-6,39,39,0.2292114,0.2092289,91.282065377202,0.0,0.0,0.0,0.0,0.010363,0.009619500000000013,0.4292575288990661,1.6344872899899052e-5,-2.7431385573620626e-15,1.8171888453988316e-6,1.8171888453988316e-6,7.844464409773456e-6,1.8171888453988316e-6,NaN,diag_feasible,0,0,0,0,0,0,39,3.2253841922478157e-14,1.12.6,lbt,1,1,Intel(R) Core(TM) 7 150U,NT,c8c2c51
degen-r20-m5-d1e-10-p4,100,SBB-Dual,1e-7*n,9.999999999999999e-6,17,18,0.0897676,0.0884248,98.50413735022435,0.0001139,5.64e-5,0.0002116,0.0,0.0,0.000960900000000005,0.4298183549000517,8.327375462467542e-6,-3.3875560435319268e-15,1.6038931636153109e-6,0.0,6.707251427582254e-6,1.6038931636153109e-6,100.0,diag_feasible,0,0,0,0,0,0,17,1.7251736967561117e-14,1.12.6,lbt,1,1,Intel(R) Core(TM) 7 150U,NT,c8c2c51
degen-r20-m5-d1e-10-p4,100,Newton-SIN-BH,1e-7*n,9.999999999999999e-6,3,4,0.0242255,0.0189503,78.22459804751192,0.0,1.31e-5,0.0,0.0045764,0.0,0.0006857,0.4298183546968545,3.4349226882120766e-10,-2.9639591117394307e-15,1.363333890225249e-10,1.363333890225249e-10,1.8317420219954037e-10,1.363333890225249e-10,NaN,converged,13,13,0,0,0,0,3,1.7251736967561117e-14,1.12.6,lbt,1,1,Intel(R) Core(TM) 7 150U,NT,c8c2c51
degen-r20-m5-d1e-10-p4,100,Newton-SIN,1e-7*n,9.999999999999999e-6,3,7,0.0369652,0.0306401,82.8890415850584,0.0,1.49e-5,0.0,0.0059388,0.0,0.00037139999999999656,0.4298183546968545,3.4349226882120766e-10,-2.9639591117394307e-15,1.363333890225249e-10,1.363333890225249e-10,1.8317420219954037e-10,1.363333890225249e-10,NaN,converged,13,13,0,0,0,0,3,1.7251736967561117e-14,1.12.6,lbt,1,1,Intel(R) Core(TM) 7 150U,NT,c8c2c51
degen-r20-m5-d1e-10-p4,100,AGD-SDAJ-BH,1e-7*n,9.999999999999999e-6,3,23,0.1026634,0.10034900000000001,97.74564255615925,0.0,6.44e-5,0.0,0.0,0.0,0.002249999999999994,0.429823609560324,7.747030594082755e-6,-3.697836821235509e-15,2.1911079327585625e-6,2.1911079327585625e-6,3.94474743807437e-6,2.1911079327585625e-6,NaN,diag_feasible,0,0,4,4,0,0,3,1.7251736967561117e-14,1.12.6,lbt,1,1,Intel(R) Core(TM) 7 150U,NT,c8c2c51
degen-r20-m5-d1e-10-p4,100,AGD-SDAJ,1e-7*n,9.999999999999999e-6,3,23,0.1223396,0.1201106,98.17802248822132,0.0,7.76e-5,0.0,0.0,0.0,0.0021514000000000086,0.429823609560324,7.747030594082755e-6,-3.697836821235509e-15,2.1911079327585625e-6,2.1911079327585625e-6,3.94474743807437e-6,2.1911079327585625e-6,NaN,diag_feasible,0,0,4,4,0,0,3,1.7251736967561117e-14,1.12.6,lbt,1,1,Intel(R) Core(TM) 7 150U,NT,c8c2c51
degen-r20-m5-d1e-10-p4,100,Dykstra-APM,1e-7*n,9.999999999999999e-6,38,38,0.1954305,0.1783868,91.27889454307285,0.0,0.0,0.0,0.0,0.0094252,0.007618499999999995,0.4298018755424006,2.0688135760791073e-5,-2.888332523458762e-15,2.3053259277094895e-6,2.3053259277094895e-6,9.94514950069576e-6,2.3053259277094895e-6,NaN,diag_feasible,0,0,0,0,0,0,38,1.7251736967561117e-14,1.12.6,lbt,1,1,Intel(R) Core(TM) 7 150U,NT,c8c2c51
degen-r20-m5-d0-p0,100,SBB-Dual,1e-7*n,9.999999999999999e-6,17,18,0.0843275,0.0829588,98.3769233049717,0.0001026,5.23e-5,0.0002246,0.0,0.0,0.0009892000000000006,0.42916550711081813,8.972600636779439e-6,-2.7326395791869308e-15,1.6890264264990407e-6,0.0,7.157048600460576e-6,1.6890264264990407e-6,100.0,diag_feasible,0,0,0,0,0,0,17,2.3480363947093723e-14,1.12.6,lbt,1,1,Intel(R) Core(TM) 7 150U,NT,c8c2c51
degen-r20-m5-d0-p0,100,Newton-SIN-BH,1e-7*n,9.999999999999999e-6,3,4,0.0245245,0.0189822,77.40096638055822,0.0,1.42e-5,0.0,0.0049809,0.0,0.0005472000000000003,0.42916550685972793,1.4533989163063914e-9,-3.232992854391819e-15,9.831104819113534e-10,9.831104819113534e-10,1.0065058090000656e-9,9.831104819113534e-10,NaN,converged,13,13,0,0,0,0,3,2.3480363947093723e-14,1.12.6,lbt,1,1,Intel(R) Core(TM) 7 150U,NT,c8c2c51
degen-r20-m5-d0-p0,100,Newton-SIN,1e-7*n,9.999999999999999e-6,3,7,0.0398462,0.0334961,84.06347405775206,0.0,1.4e-5,0.0,0.0059334,0.0,0.00040269999999999716,0.42916550685972793,1.4533989163063914e-9,-3.232992854391819e-15,9.831104819113534e-10,9.831104819113534e-10,1.0065058090000656e-9,9.831104819113534e-10,NaN,converged,13,13,0,0,0,0,3,2.3480363947093723e-14,1.12.6,lbt,1,1,Intel(R) Core(TM) 7 150U,NT,c8c2c51
degen-r20-m5-d0-p0,100,AGD-SDAJ-BH,1e-7*n,9.999999999999999e-6,4,27,0.1319221,0.1303582,98.81452766443229,0.0,7.53e-5,0.0,0.0,0.0,0.0014885999999999793,0.42917099447918095,9.249034300953587e-6,-3.0189609278756294e-15,3.188721898084168e-6,3.188721898084168e-6,5.0208892744020835e-6,3.188721898084168e-6,NaN,diag_feasible_at_xpre,0,0,6,6,0,0,4,2.3480363947093723e-14,1.12.6,lbt,1,1,Intel(R) Core(TM) 7 150U,NT,c8c2c51
degen-r20-m5-d0-p0,100,AGD-SDAJ,1e-7*n,9.999999999999999e-6,4,27,0.1420194,0.1392648,98.06040583187931,0.0,7.85e-5,0.0,0.0,0.0,0.002676099999999996,0.42917099447918095,9.249034300953587e-6,-3.0189609278756294e-15,3.188721898084168e-6,3.188721898084168e-6,5.0208892744020835e-6,3.188721898084168e-6,NaN,diag_feasible_at_xpre,0,0,6,6,0,0,4,2.3480363947093723e-14,1.12.6,lbt,1,1,Intel(R) Core(TM) 7 150U,NT,c8c2c51
degen-r20-m5-d0-p0,100,Dykstra-APM,1e-7*n,9.999999999999999e-6,39,39,0.1496549,0.1415076,94.55594170321186,0.0,0.0,0.0,0.0,0.0045288,0.003618499999999996,0.4291521077553675,1.684298035261306e-5,-2.954609188440437e-15,1.8406036539353465e-6,1.8406036539353465e-6,8.072413938493403e-6,1.8406036539353465e-6,NaN,diag_feasible,0,0,0,0,0,0,39,2.3480363947093723e-14,1.12.6,lbt,1,1,Intel(R) Core(TM) 7 150U,NT,c8c2c51
degen-r20-m5-d0-p1,100,SBB-Dual,1e-7*n,9.999999999999999e-6,17,18,0.0802131,0.0786335,98.03074560140426,0.0001191,6.99e-5,0.0001861,0.0,0.0,0.0012045000000000005,0.42394149026144473,1.0793668748937891e-5,-3.072958501409729e-15,1.98750066315867e-6,0.0,8.678376853535884e-6,1.98750066315867e-6,100.0,diag_feasible,0,0,0,0,0,0,17,2.569057038552895e-14,1.12.6,lbt,1,1,Intel(R) Core(TM) 7 150U,NT,c8c2c51
degen-r20-m5-d0-p1,100,Newton-SIN-BH,1e-7*n,9.999999999999999e-6,3,4,0.0228586,0.0174128,76.17614377083461,0.0,1.48e-5,0.0,0.0048477,0.0,0.000583300000000001,0.42394148969359724,1.5495820714735574e-9,-2.8514406743323913e-15,5.505844669073667e-10,5.505844669073667e-10,9.401936448972382e-10,5.505844669073667e-10,NaN,converged,13,13,0,0,0,0,3,2.569057038552895e-14,1.12.6,lbt,1,1,Intel(R) Core(TM) 7 150U,NT,c8c2c51
degen-r20-m5-d0-p1,100,Newton-SIN,1e-7*n,9.999999999999999e-6,3,7,0.0347318,0.029089900000000002,83.75580879770125,0.0,1.61e-5,0.0,0.0051894,0.0,0.00043639999999999825,0.42394148969359724,1.5495820714735574e-9,-2.8514406743323913e-15,5.505844669073667e-10,5.505844669073667e-10,9.401936448972382e-10,5.505844669073667e-10,NaN,converged,13,13,0,0,0,0,3,2.569057038552895e-14,1.12.6,lbt,1,1,Intel(R) Core(TM) 7 150U,NT,c8c2c51
degen-r20-m5-d0-p1,100,AGD-SDAJ-BH,1e-7*n,9.999999999999999e-6,3,21,0.0956482,0.0942778,98.56724956664108,0.0,6.61e-5,0.0,0.0,0.0,0.0013043000000000078,0.42394819917770926,9.579884327299044e-6,-3.715407257399628e-15,1.9289311660175557e-6,1.9289311660175557e-6,4.70078861012508e-6,1.9289311660175557e-6,NaN,diag_feasible,0,0,2,2,0,0,3,2.569057038552895e-14,1.12.6,lbt,1,1,Intel(R) Core(TM) 7 150U,NT,c8c2c51
degen-r20-m5-d0-p1,100,AGD-SDAJ,1e-7*n,9.999999999999999e-6,3,21,0.0948195,0.093588,98.70121652191797,0.0,5.5e-5,0.0,0.0,0.0,0.0011764999999999966,0.42394819917770926,9.579884327299044e-6,-3.715407257399628e-15,1.9289311660175557e-6,1.9289311660175557e-6,4.70078861012508e-6,1.9289311660175557e-6,NaN,diag_feasible,0,0,2,2,0,0,3,2.569057038552895e-14,1.12.6,lbt,1,1,Intel(R) Core(TM) 7 150U,NT,c8c2c51
degen-r20-m5-d0-p1,100,Dykstra-APM,1e-7*n,9.999999999999999e-6,39,39,0.2040207,0.1903784,93.31327654497802,0.0,0.0,0.0,0.0,0.0060926,0.007549699999999996,0.4239255745669976,1.9732463961645233e-5,-2.481479025094407e-15,2.107429317943499e-6,2.107429317943499e-6,9.392680657434691e-6,2.107429317943499e-6,NaN,diag_feasible,0,0,0,0,0,0,39,2.569057038552895e-14,1.12.6,lbt,1,1,Intel(R) Core(TM) 7 150U,NT,c8c2c51
degen-r20-m5-d0-p2,100,SBB-Dual,1e-7*n,9.999999999999999e-6,17,18,0.090814,0.0847744,93.34948355980355,0.0001845,6.08e-5,0.0002149,0.0,0.0,0.005579400000000007,0.4291939015479669,8.337324922597036e-6,-2.8878219250415206e-15,1.4399330485748152e-6,0.0,6.986907880134766e-6,1.4399330485748152e-6,100.0,diag_feasible,0,0,0,0,0,0,17,1.568560871523471e-14,1.12.6,lbt,1,1,Intel(R) Core(TM) 7 150U,NT,c8c2c51
degen-r20-m5-d0-p2,100,Newton-SIN-BH,1e-7*n,9.999999999999999e-6,3,4,0.0239172,0.0186381,77.92760022076163,0.0,1.19e-5,0.0,0.0047156,0.0,0.0005515999999999984,0.42919390119970646,2.203743351724941e-9,-3.562857977512448e-15,1.5283565524271125e-9,1.5283565524271125e-9,1.5510088542278527e-9,1.5283565524271125e-9,NaN,converged,13,13,0,0,0,0,3,1.568560871523471e-14,1.12.6,lbt,1,1,Intel(R) Core(TM) 7 150U,NT,c8c2c51
degen-r20-m5-d0-p2,100,Newton-SIN,1e-7*n,9.999999999999999e-6,3,7,0.0419292,0.0332188,79.2259332398424,0.0,1.37e-5,0.0,0.0082365,0.0,0.00046019999999999915,0.42919390119970646,2.203743351724941e-9,-3.562857977512448e-15,1.5283565524271125e-9,1.5283565524271125e-9,1.5510088542278527e-9,1.5283565524271125e-9,NaN,converged,13,13,0,0,0,0,3,1.568560871523471e-14,1.12.6,lbt,1,1,Intel(R) Core(TM) 7 150U,NT,c8c2c51
degen-r20-m5-d0-p2,100,AGD-SDAJ-BH,1e-7*n,9.999999999999999e-6,4,31,0.154244,0.15245309999999998,98.83891755919193,0.0,9.12e-5,0.0,0.0,0.0,0.0016997000000000119,0.4292000090192309,9.67492772442636e-6,-3.215461627072557e-15,2.16272248065863e-6,2.16272248065863e-6,5.054367199848997e-6,2.16272248065863e-6,NaN,diag_feasible_at_xpre,0,0,10,10,0,0,4,1.568560871523471e-14,1.12.6,lbt,1,1,Intel(R) Core(TM) 7 150U,NT,c8c2c51
degen-r20-m5-d0-p2,100,AGD-SDAJ,1e-7*n,9.999999999999999e-6,4,31,0.1567122,0.15486470000000002,98.82108731802631,0.0,9.18e-5,0.0,0.0,0.0,0.0017556999999999742,0.4292000090192309,9.67492772442636e-6,-3.215461627072557e-15,2.16272248065863e-6,2.16272248065863e-6,5.054367199848997e-6,2.16272248065863e-6,NaN,diag_feasible_at_xpre,0,0,10,10,0,0,4,1.568560871523471e-14,1.12.6,lbt,1,1,Intel(R) Core(TM) 7 150U,NT,c8c2c51
degen-r20-m5-d0-p2,100,Dykstra-APM,1e-7*n,9.999999999999999e-6,39,39,0.224159,0.207182,92.42635807618699,0.0,0.0,0.0,0.0,0.0084834,0.008493599999999992,0.4291806876897203,1.650888041736946e-5,-3.1304130574711306e-15,1.6102097910586366e-6,1.6102097910586366e-6,7.923184350514592e-6,1.6102097910586366e-6,NaN,diag_feasible,0,0,0,0,0,0,39,1.568560871523471e-14,1.12.6,lbt,1,1,Intel(R) Core(TM) 7 150U,NT,c8c2c51
degen-r20-m5-d0-p3,100,SBB-Dual,1e-7*n,9.999999999999999e-6,17,18,0.0885384,0.08723979999999999,98.53329176944692,0.0001093,4.93e-5,0.0002144,0.0,0.0,0.0009256000000000108,0.4292706211980965,8.751966545721802e-6,-2.9637992735511164e-15,1.6480543028052352e-6,0.0,6.894108780418454e-6,1.6480543028052352e-6,100.0,diag_feasible,0,0,0,0,0,0,17,1.9229947354945967e-14,1.12.6,lbt,1,1,Intel(R) Core(TM) 7 150U,NT,c8c2c51
degen-r20-m5-d0-p3,100,Newton-SIN-BH,1e-7*n,9.999999999999999e-6,3,4,0.0257012,0.020555900000000002,79.98031220332125,0.0,1.36e-5,0.0,0.0045283,0.0,0.0006033999999999987,0.4292706210426272,2.9561229154100335e-10,-4.1228382645122616e-15,1.6711698691551646e-10,1.6711698691551646e-10,1.8498589480892323e-10,1.6711698691551646e-10,NaN,converged,13,13,0,0,0,0,3,1.9229947354945967e-14,1.12.6,lbt,1,1,Intel(R) Core(TM) 7 150U,NT,c8c2c51
degen-r20-m5-d0-p3,100,Newton-SIN,1e-7*n,9.999999999999999e-6,3,7,0.0347893,0.0298757,85.87611708197636,0.0,1.2e-5,0.0,0.0045462,0.0,0.0003554000000000005,0.4292706210426272,2.9561229154100335e-10,-4.1228382645122616e-15,1.6711698691551646e-10,1.6711698691551646e-10,1.8498589480892323e-10,1.6711698691551646e-10,NaN,converged,13,13,0,0,0,0,3,1.9229947354945967e-14,1.12.6,lbt,1,1,Intel(R) Core(TM) 7 150U,NT,c8c2c51
degen-r20-m5-d0-p3,100,AGD-SDAJ-BH,1e-7*n,9.999999999999999e-6,3,21,0.1131593,0.1105165,97.6645313288435,0.0,6.29e-5,0.0,0.0,0.0,0.002579900000000001,0.42927896839167007,1.2912745595477495e-5,-3.2432892567193342e-15,4.47406613890422e-6,4.47406613890422e-6,6.843169801328317e-6,4.47406613890422e-6,NaN,diag_feasible,0,0,2,2,0,0,3,1.9229947354945967e-14,1.12.6,lbt,1,1,Intel(R) Core(TM) 7 150U,NT,c8c2c51
degen-r20-m5-d0-p3,100,AGD-SDAJ,1e-7*n,9.999999999999999e-6,3,21,0.0931583,0.09184919999999999,98.59475752563111,0.0,5.93e-5,0.0,0.0,0.0,0.0012498000000000075,0.42927896839167007,1.2912745595477495e-5,-3.2432892567193342e-15,4.47406613890422e-6,4.47406613890422e-6,6.843169801328317e-6,4.47406613890422e-6,NaN,diag_feasible,0,0,2,2,0,0,3,1.9229947354945967e-14,1.12.6,lbt,1,1,Intel(R) Core(TM) 7 150U,NT,c8c2c51
degen-r20-m5-d0-p3,100,Dykstra-APM,1e-7*n,9.999999999999999e-6,39,39,0.2055685,0.1910176,92.92162952981612,0.0,0.0,0.0,0.0,0.0068284,0.007722499999999978,0.4292575289797432,1.634487256367095e-5,-2.9974627267474964e-15,1.817188848507456e-6,1.817188848507456e-6,7.844464404362178e-6,1.817188848507456e-6,NaN,diag_feasible,0,0,0,0,0,0,39,1.9229947354945967e-14,1.12.6,lbt,1,1,Intel(R) Core(TM) 7 150U,NT,c8c2c51
degen-r20-m5-d0-p4,100,SBB-Dual,1e-7*n,9.999999999999999e-6,17,18,0.0782871,0.0767649,98.05561835858015,9.29e-5,4.77e-5,0.0002155,0.0,0.0,0.0011661000000000015,0.42981835498207227,8.32748973091689e-6,-3.1882257300152027e-15,1.6038931622830432e-6,0.0,6.7072514206211145e-6,1.6038931622830432e-6,100.0,diag_feasible,0,0,0,0,0,0,17,1.4902237106265587e-14,1.12.6,lbt,1,1,Intel(R) Core(TM) 7 150U,NT,c8c2c51
degen-r20-m5-d0-p4,100,Newton-SIN-BH,1e-7*n,9.999999999999999e-6,3,4,0.0259924,0.019103600000000002,73.49686831535374,0.0,1.31e-5,0.0,0.006319,0.0,0.0005566999999999968,0.429818354815211,3.0784091640950567e-10,-3.5483080620298655e-15,1.3626610950723261e-10,1.3626610950723261e-10,1.744852826183878e-10,1.3626610950723261e-10,NaN,converged,13,13,0,0,0,0,3,1.4902237106265587e-14,1.12.6,lbt,1,1,Intel(R) Core(TM) 7 150U,NT,c8c2c51
degen-r20-m5-d0-p4,100,Newton-SIN,1e-7*n,9.999999999999999e-6,3,7,0.0366919,0.030257,82.46234182476242,0.0,1.26e-5,0.0,0.0060202,0.0,0.0004021000000000007,0.429818354815211,3.0784091640950567e-10,-3.5483080620298655e-15,1.3626610950723261e-10,1.3626610950723261e-10,1.744852826183878e-10,1.3626610950723261e-10,NaN,converged,13,13,0,0,0,0,3,1.4902237106265587e-14,1.12.6,lbt,1,1,Intel(R) Core(TM) 7 150U,NT,c8c2c51
degen-r20-m5-d0-p4,100,AGD-SDAJ-BH,1e-7*n,9.999999999999999e-6,3,23,0.1104432,0.1081932,97.96275370507193,0.0,0.0001285,0.0,0.0,0.0,0.002121500000000002,0.42982360964084104,7.747028464936854e-6,-3.822256134882196e-15,2.19110687182944e-6,2.19110687182944e-6,3.9447463238262875e-6,2.19110687182944e-6,NaN,diag_feasible,0,0,4,4,0,0,3,1.4902237106265587e-14,1.12.6,lbt,1,1,Intel(R) Core(TM) 7 150U,NT,c8c2c51
degen-r20-m5-d0-p4,100,AGD-SDAJ,1e-7*n,9.999999999999999e-6,3,23,0.105179,0.1036278,98.52518088211527,0.0,7.61e-5,0.0,0.0,0.0,0.0014750999999999887,0.42982360964084104,7.747028464936854e-6,-3.822256134882196e-15,2.19110687182944e-6,2.19110687182944e-6,3.9447463238262875e-6,2.19110687182944e-6,NaN,diag_feasible,0,0,4,4,0,0,3,1.4902237106265587e-14,1.12.6,lbt,1,1,Intel(R) Core(TM) 7 150U,NT,c8c2c51
degen-r20-m5-d0-p4,100,Dykstra-APM,1e-7*n,9.999999999999999e-6,38,38,0.1983795,0.1840626,92.78307486408626,0.0,0.0,0.0,0.0,0.0067651,0.007551799999999994,0.4298018756244347,2.0688135433030637e-5,-3.3603455124820896e-15,2.3053259265992665e-6,2.3053259265992665e-6,9.945149493484134e-6,2.3053259265992665e-6,NaN,diag_feasible,0,0,0,0,0,0,38,1.4902237106265587e-14,1.12.6,lbt,1,1,Intel(R) Core(TM) 7 150U,NT,c8c2c51
degen-r20-m20-d0.01-p0,100,SBB-Dual,1e-7*n,9.999999999999999e-6,18,19,0.0917543,0.0902753,98.3880864439051,0.0001132,5.76e-5,0.000223,0.0,0.0,0.001085199999999994,0.45948646389249104,8.980044252303777e-6,-2.4897174398704365e-15,1.5042722618652249e-6,0.0,9.052567724522825e-6,1.5042722618652249e-6,100.0,diag_feasible,0,0,0,0,0,0,18,1.144176264444232e-14,1.12.6,lbt,1,1,Intel(R) Core(TM) 7 150U,NT,c8c2c51
degen-r20-m20-d0.01-p0,100,Newton-SIN-BH,1e-7*n,9.999999999999999e-6,3,4,0.0237533,0.0188218,79.23867420526831,0.0,1.27e-5,0.0,0.0043734,0.0,0.0005454000000000014,0.4594864637334695,7.200118916476431e-10,-3.386612300289311e-15,2.6847413181485535e-10,2.6847413181485535e-10,4.424301338607601e-10,2.6847413181485535e-10,NaN,converged,12,12,0,0,0,0,3,1.144176264444232e-14,1.12.6,lbt,1,1,Intel(R) Core(TM) 7 150U,NT,c8c2c51
degen-r20-m20-d0.01-p0,100,Newton-SIN,1e-7*n,9.999999999999999e-6,3,7,0.0387547,0.0341396,88.09150890085589,0.0,1.36e-5,0.0,0.0041964,0.0,0.0004051000000000037,0.4594864637334695,7.200118916476431e-10,-3.386612300289311e-15,2.6847413181485535e-10,2.6847413181485535e-10,4.424301338607601e-10,2.6847413181485535e-10,NaN,converged,12,12,0,0,0,0,3,1.144176264444232e-14,1.12.6,lbt,1,1,Intel(R) Core(TM) 7 150U,NT,c8c2c51
degen-r20-m20-d0.01-p0,100,AGD-SDAJ-BH,1e-7*n,9.999999999999999e-6,4,23,0.1111931,0.1098483,98.79057243659902,0.0,6.32e-5,0.0,0.0,0.0,0.001281600000000007,0.45948260708402533,9.667957120119039e-6,-3.1909421220805052e-15,2.720180252380189e-6,2.720180252380189e-6,5.618992717012305e-6,2.720180252380189e-6,NaN,diag_feasible_at_xpre,0,0,2,2,0,0,4,1.144176264444232e-14,1.12.6,lbt,1,1,Intel(R) Core(TM) 7 150U,NT,c8c2c51
degen-r20-m20-d0.01-p0,100,AGD-SDAJ,1e-7*n,9.999999999999999e-6,4,23,0.1151482,0.1138075,98.8356743744149,0.0,6.21e-5,0.0,0.0,0.0,0.0012786000000000002,0.45948260708402533,9.667957120119039e-6,-3.1909421220805052e-15,2.720180252380189e-6,2.720180252380189e-6,5.618992717012305e-6,2.720180252380189e-6,NaN,diag_feasible_at_xpre,0,0,2,2,0,0,4,1.144176264444232e-14,1.12.6,lbt,1,1,Intel(R) Core(TM) 7 150U,NT,c8c2c51
degen-r20-m20-d0.01-p0,100,Dykstra-APM,1e-7*n,9.999999999999999e-6,42,42,0.2303886,0.2126505,92.30079092455095,0.0,0.0,0.0,0.0,0.0086343,0.009103800000000007,0.45947568973515057,1.8242281168219752e-5,-2.947607263378008e-15,1.334945312514435e-6,1.334945312514435e-6,8.068668233872482e-6,1.334945312514435e-6,NaN,diag_feasible,0,0,0,0,0,0,42,1.144176264444232e-14,1.12.6,lbt,1,1,Intel(R) Core(TM) 7 150U,NT,c8c2c51
degen-r20-m20-d0.01-p1,100,SBB-Dual,1e-7*n,9.999999999999999e-6,18,19,0.1017315,0.1002709,98.56425984085558,0.0001213,5.79e-5,0.00026,0.0,0.0,0.0010214000000000063,0.4557143721710501,8.729314562954707e-6,-2.744817173634492e-15,1.4514715134250622e-6,0.0,8.788532652067652e-6,1.4514715134250622e-6,100.0,diag_feasible,0,0,0,0,0,0,18,6.57238902809872e-14,1.12.6,lbt,1,1,Intel(R) Core(TM) 7 150U,NT,c8c2c51
degen-r20-m20-d0.01-p1,100,Newton-SIN-BH,1e-7*n,9.999999999999999e-6,3,4,0.0216405,0.0174015,80.41172800998129,0.0,1.18e-5,0.0,0.0037327,0.0,0.0004944999999999997,0.4557143719494605,2.6042520283797146e-9,-3.273616415376555e-15,6.2186611415882e-10,6.2186611415882e-10,1.5622372992289566e-9,6.2186611415882e-10,NaN,converged,11,11,0,0,0,0,3,6.57238902809872e-14,1.12.6,lbt,1,1,Intel(R) Core(TM) 7 150U,NT,c8c2c51
degen-r20-m20-d0.01-p1,100,Newton-SIN,1e-7*n,9.999999999999999e-6,3,7,0.0371583,0.0326131,87.76800876251066,0.0,1.35e-5,0.0,0.0036957,0.0,0.0008359999999999995,0.4557143719494605,2.6042520283797146e-9,-3.273616415376555e-15,6.2186611415882e-10,6.2186611415882e-10,1.5622372992289566e-9,6.2186611415882e-10,NaN,converged,11,11,0,0,0,0,3,6.57238902809872e-14,1.12.6,lbt,1,1,Intel(R) Core(TM) 7 150U,NT,c8c2c51
degen-r20-m20-d0.01-p1,100,AGD-SDAJ-BH,1e-7*n,9.999999999999999e-6,3,20,0.0959645,0.094718,98.70108217101117,0.0,6.21e-5,0.0,0.0,0.0,0.0011843999999999976,0.4557067567986986,1.4466079728499265e-5,-3.2195950900439378e-15,2.3341187662673235e-6,2.3341187662673235e-6,7.221285019808169e-6,2.3341187662673235e-6,NaN,diag_feasible,0,0,1,1,0,0,3,6.57238902809872e-14,1.12.6,lbt,1,1,Intel(R) Core(TM) 7 150U,NT,c8c2c51
degen-r20-m20-d0.01-p1,100,AGD-SDAJ,1e-7*n,9.999999999999999e-6,3,20,0.0949206,0.09202969999999999,96.95440188957929,0.0,5.18e-5,0.0,0.0,0.0,0.002839100000000002,0.4557067567986986,1.4466079728499265e-5,-3.2195950900439378e-15,2.3341187662673235e-6,2.3341187662673235e-6,7.221285019808169e-6,2.3341187662673235e-6,NaN,diag_feasible,0,0,1,1,0,0,3,6.57238902809872e-14,1.12.6,lbt,1,1,Intel(R) Core(TM) 7 150U,NT,c8c2c51
degen-r20-m20-d0.01-p1,100,Dykstra-APM,1e-7*n,9.999999999999999e-6,41,41,0.2266071,0.2104116,92.85304829372072,0.0,0.0,0.0,0.0,0.0064478,0.009747700000000002,0.4557013199217219,2.1987036814985744e-5,-3.571923626280741e-15,1.5990713155833447e-6,1.5990713155833447e-6,9.74951422176603e-6,1.5990713155833447e-6,NaN,diag_feasible,0,0,0,0,0,0,41,6.57238902809872e-14,1.12.6,lbt,1,1,Intel(R) Core(TM) 7 150U,NT,c8c2c51
degen-r20-m20-d0.01-p2,100,SBB-Dual,1e-7*n,9.999999999999999e-6,18,19,0.1072232,0.1057476,98.62380529586879,0.0001506,5.25e-5,0.0002389,0.0,0.0,0.0010336000000000073,0.45682247886801397,8.473855359165143e-6,-3.0959727846004723e-15,1.2876001826978012e-6,0.0,9.100414132096653e-6,1.2876001826978012e-6,100.0,diag_feasible,0,0,0,0,0,0,18,1.279167729717802e-14,1.12.6,lbt,1,1,Intel(R) Core(TM) 7 150U,NT,c8c2c51
degen-r20-m20-d0.01-p2,100,Newton-SIN-BH,1e-7*n,9.999999999999999e-6,3,4,0.0253618,0.0206871,81.56794864717803,0.0,1.23e-5,0.0,0.0041211,0.0,0.0005413000000000006,0.45682247871028303,2.380544716363648e-9,-3.610963598973782e-15,4.930300612215888e-10,4.930300612215888e-10,1.446916605109732e-9,4.930300612215888e-10,NaN,converged,11,11,0,0,0,0,3,1.279167729717802e-14,1.12.6,lbt,1,1,Intel(R) Core(TM) 7 150U,NT,c8c2c51
degen-r20-m20-d0.01-p2,100,Newton-SIN,1e-7*n,9.999999999999999e-6,3,7,0.0364845,0.0319707,87.62817086708053,0.0,1.45e-5,0.0,0.0040595,0.0,0.0004398000000000058,0.45682247871028303,2.380544716363648e-9,-3.610963598973782e-15,4.930300612215888e-10,4.930300612215888e-10,1.446916605109732e-9,4.930300612215888e-10,NaN,converged,11,11,0,0,0,0,3,1.279167729717802e-14,1.12.6,lbt,1,1,Intel(R) Core(TM) 7 150U,NT,c8c2c51
degen-r20-m20-d0.01-p2,100,AGD-SDAJ-BH,1e-7*n,9.999999999999999e-6,3,20,0.1095109,0.1081146,98.72496710373123,0.0,6.58e-5,0.0,0.0,0.0,0.0013304999999999892,0.45681492257004647,1.5124849098427141e-5,-3.481998007808792e-15,1.7763150880201195e-6,1.7763150880201195e-6,7.677872661656258e-6,1.7763150880201195e-6,NaN,diag_feasible,0,0,1,1,0,0,3,1.279167729717802e-14,1.12.6,lbt,1,1,Intel(R) Core(TM) 7 150U,NT,c8c2c51
degen-r20-m20-d0.01-p2,100,AGD-SDAJ,1e-7*n,9.999999999999999e-6,3,20,0.0982167,0.0969812,98.74206728590964,0.0,6.11e-5,0.0,0.0,0.0,0.0011744000000000006,0.45681492257004647,1.5124849098427141e-5,-3.481998007808792e-15,1.7763150880201195e-6,1.7763150880201195e-6,7.677872661656258e-6,1.7763150880201195e-6,NaN,diag_feasible,0,0,1,1,0,0,3,1.279167729717802e-14,1.12.6,lbt,1,1,Intel(R) Core(TM) 7 150U,NT,c8c2c51
degen-r20-m20-d0.01-p2,100,Dykstra-APM,1e-7*n,9.999999999999999e-6,42,42,0.2371001,0.2208332,93.13922684975671,0.0,0.0,0.0,0.0,0.0070105,0.009256400000000001,0.45681160747115296,1.818970073776885e-5,-2.886696244301186e-15,1.1458726343338554e-6,1.1458726343338554e-6,8.06335903476059e-6,1.1458726343338554e-6,NaN,diag_feasible,0,0,0,0,0,0,42,1.279167729717802e-14,1.12.6,lbt,1,1,Intel(R) Core(TM) 7 150U,NT,c8c2c51
degen-r20-m20-d0.01-p3,100,SBB-Dual,1e-7*n,9.999999999999999e-6,18,19,0.0971193,0.0956201,98.45633154275207,0.0001212,6.19e-5,0.0002478,0.0,0.0,0.0010683000000000062,0.46037642512899457,8.731031962377386e-6,-3.992127915875562e-15,1.3255599868866597e-6,0.0,8.257091237089326e-6,1.3255599868866597e-6,100.0,diag_feasible,0,0,0,0,0,0,18,4.067342621306902e-14,1.12.6,lbt,1,1,Intel(R) Core(TM) 7 150U,NT,c8c2c51
degen-r20-m20-d0.01-p3,100,Newton-SIN-BH,1e-7*n,9.999999999999999e-6,3,4,0.0226325,0.0175469,77.52965867668176,0.0,1.35e-5,0.0,0.004539,0.0,0.0005330999999999999,0.46037642472996754,4.37395645222862e-9,-3.1829659687834574e-15,1.1443475056438501e-9,1.1443475056438501e-9,2.5894452024897885e-9,1.1443475056438501e-9,NaN,converged,11,11,0,0,0,0,3,4.067342621306902e-14,1.12.6,lbt,1,1,Intel(R) Core(TM) 7 150U,NT,c8c2c51
degen-r20-m20-d0.01-p3,100,Newton-SIN,1e-7*n,9.999999999999999e-6,3,7,0.0350719,0.0306761,87.46631919000681,0.0,1.33e-5,0.0,0.0039411,0.0,0.0004414000000000015,0.46037642472996754,4.37395645222862e-9,-3.1829659687834574e-15,1.1443475056438501e-9,1.1443475056438501e-9,2.5894452024897885e-9,1.1443475056438501e-9,NaN,converged,11,11,0,0,0,0,3,4.067342621306902e-14,1.12.6,lbt,1,1,Intel(R) Core(TM) 7 150U,NT,c8c2c51
degen-r20-m20-d0.01-p3,100,AGD-SDAJ-BH,1e-7*n,9.999999999999999e-6,4,30,0.1399526,0.1381659,98.72335347824907,0.0,9.89e-5,0.0,0.0,0.0,0.001687800000000002,0.46037158359445346,1.6258652509333748e-5,-3.015073388129133e-15,5.0812010390366424e-6,5.0812010390366424e-6,9.618956559473517e-6,5.0812010390366424e-6,NaN,diag_feasible_at_xpre,0,0,7,7,0,0,4,4.067342621306902e-14,1.12.6,lbt,1,1,Intel(R) Core(TM) 7 150U,NT,c8c2c51
degen-r20-m20-d0.01-p3,100,AGD-SDAJ,1e-7*n,9.999999999999999e-6,4,30,0.1438034,0.14196689999999998,98.72290919408024,0.0,8.11e-5,0.0,0.0,0.0,0.0017554000000000187,0.46037158359445346,1.6258652509333748e-5,-3.015073388129133e-15,5.0812010390366424e-6,5.0812010390366424e-6,9.618956559473517e-6,5.0812010390366424e-6,NaN,diag_feasible_at_xpre,0,0,7,7,0,0,4,4.067342621306902e-14,1.12.6,lbt,1,1,Intel(R) Core(TM) 7 150U,NT,c8c2c51
degen-r20-m20-d0.01-p3,100,Dykstra-APM,1e-7*n,9.999999999999999e-6,41,41,0.2277186,0.2119067,93.0563862591813,0.0,0.0,0.0,0.0,0.0081846,0.00762729999999999,0.460363992916637,2.112182819014133e-5,-3.3741248072668064e-15,1.4928102336497773e-6,1.4928102336497773e-6,9.36479735468216e-6,1.4928102336497773e-6,NaN,diag_feasible,0,0,0,0,0,0,41,4.067342621306902e-14,1.12.6,lbt,1,1,Intel(R) Core(TM) 7 150U,NT,c8c2c51
degen-r20-m20-d0.01-p4,100,SBB-Dual,1e-7*n,9.999999999999999e-6,18,19,0.087914,0.0852938,97.0195873239757,0.0001007,4.73e-5,0.0002255,0.0,0.0,0.002246700000000003,0.45907961631928335,9.014118539983795e-6,-4.265652506707685e-15,1.443781557641799e-6,0.0,8.865685024474806e-6,1.443781557641799e-6,100.0,diag_feasible,0,0,0,0,0,0,18,2.038582315315583e-14,1.12.6,lbt,1,1,Intel(R) Core(TM) 7 150U,NT,c8c2c51
degen-r20-m20-d0.01-p4,100,Newton-SIN-BH,1e-7*n,9.999999999999999e-6,3,4,0.0226382,0.0177388,78.35781996801865,0.0,1.34e-5,0.0,0.0041249,0.0,0.0007611000000000015,0.4590796157860672,7.754342342247897e-9,-4.314657344204875e-15,2.5655240154520698e-9,2.5655240154520698e-9,4.798785674411887e-9,2.5655240154520698e-9,NaN,converged,11,11,0,0,0,0,3,2.038582315315583e-14,1.12.6,lbt,1,1,Intel(R) Core(TM) 7 150U,NT,c8c2c51
degen-r20-m20-d0.01-p4,100,Newton-SIN,1e-7*n,9.999999999999999e-6,3,7,0.0421763,0.0377993,89.62213375758424,0.0,1.24e-5,0.0,0.0039899,0.0,0.00037469999999999865,0.4590796157860672,7.754342342247897e-9,-4.314657344204875e-15,2.5655240154520698e-9,2.5655240154520698e-9,4.798785674411887e-9,2.5655240154520698e-9,NaN,converged,11,11,0,0,0,0,3,2.038582315315583e-14,1.12.6,lbt,1,1,Intel(R) Core(TM) 7 150U,NT,c8c2c51
degen-r20-m20-d0.01-p4,100,AGD-SDAJ-BH,1e-7*n,9.999999999999999e-6,4,28,0.1408827,0.1392532,98.8433640184352,0.0,8.0e-5,0.0,0.0,0.0,0.001549500000000006,0.45907190080801824,1.678552647492594e-5,-4.02350706047316e-15,7.702983603197211e-6,7.702983603197211e-6,9.64368121887258e-6,7.702983603197211e-6,NaN,diag_feasible_at_xpre,0,0,7,7,0,0,4,2.038582315315583e-14,1.12.6,lbt,1,1,Intel(R) Core(TM) 7 150U,NT,c8c2c51
degen-r20-m20-d0.01-p4,100,AGD-SDAJ,1e-7*n,9.999999999999999e-6,4,28,0.1362604,0.1344113,98.64296596810226,0.0,9.78e-5,0.0,0.0,0.0,0.0017512999999999923,0.45907190080801824,1.678552647492594e-5,-4.02350706047316e-15,7.702983603197211e-6,7.702983603197211e-6,9.64368121887258e-6,7.702983603197211e-6,NaN,diag_feasible_at_xpre,0,0,7,7,0,0,4,2.038582315315583e-14,1.12.6,lbt,1,1,Intel(R) Core(TM) 7 150U,NT,c8c2c51
degen-r20-m20-d0.01-p4,100,Dykstra-APM,1e-7*n,9.999999999999999e-6,41,41,0.2300366,0.2132037,92.68251226109237,0.0,0.0,0.0,0.0,0.0078699,0.008963000000000011,0.4590664870930877,2.2300544443832706e-5,-3.1921144737676704e-15,1.582527155763458e-6,1.582527155763458e-6,9.87149816788506e-6,1.582527155763458e-6,NaN,diag_feasible,0,0,0,0,0,0,41,2.038582315315583e-14,1.12.6,lbt,1,1,Intel(R) Core(TM) 7 150U,NT,c8c2c51
degen-r20-m20-d0.0001-p0,100,SBB-Dual,1e-7*n,9.999999999999999e-6,13,14,0.0809033,0.0765628,94.63495308596806,9.69e-5,5.19e-5,0.0004036,0.0,0.0,0.003788099999999998,0.4815853238267508,9.927204653502099e-6,-3.4037734856194324e-15,1.945665521807527e-6,0.0,9.980478703543196e-6,1.945665521807527e-6,100.0,diag_feasible,0,0,0,0,0,0,13,1.8110592846423437e-14,1.12.6,lbt,1,1,Intel(R) Core(TM) 7 150U,NT,c8c2c51
degen-r20-m20-d0.0001-p0,100,Newton-SIN-BH,1e-7*n,9.999999999999999e-6,3,4,0.0240991,0.018874000000000002,78.31827744604571,0.0,1.29e-5,0.0,0.0046202,0.0,0.000591999999999997,0.4815853236108481,3.054070870100842e-9,-3.100529492939317e-15,4.576816703405484e-10,4.576816703405484e-10,1.7891243282673488e-9,4.576816703405484e-10,NaN,converged,11,11,0,0,0,0,3,1.8110592846423437e-14,1.12.6,lbt,1,1,Intel(R) Core(TM) 7 150U,NT,c8c2c51
degen-r20-m20-d0.0001-p0,100,Newton-SIN,1e-7*n,9.999999999999999e-6,3,7,0.0382418,0.0338011,88.38783739259136,0.0,1.24e-5,0.0,0.0040405,0.0,0.0003877999999999989,0.4815853236108481,3.054070870100842e-9,-3.100529492939317e-15,4.576816703405484e-10,4.576816703405484e-10,1.7891243282673488e-9,4.576816703405484e-10,NaN,converged,11,11,0,0,0,0,3,1.8110592846423437e-14,1.12.6,lbt,1,1,Intel(R) Core(TM) 7 150U,NT,c8c2c51
degen-r20-m20-d0.0001-p0,100,AGD-SDAJ-BH,1e-7*n,9.999999999999999e-6,3,22,0.1066351,0.1053512,98.7959874375323,0.0,6.47e-5,0.0,0.0,0.0,0.0012191999999999906,0.48159112444685753,1.1744222960084804e-5,-3.501672970549411e-15,1.4029569577189704e-6,1.4029569577189704e-6,5.787085830265281e-6,1.4029569577189704e-6,NaN,diag_feasible,0,0,3,3,0,0,3,1.8110592846423437e-14,1.12.6,lbt,1,1,Intel(R) Core(TM) 7 150U,NT,c8c2c51
degen-r20-m20-d0.0001-p0,100,AGD-SDAJ,1e-7*n,9.999999999999999e-6,3,22,0.1137374,0.112138,98.59377829983805,0.0,6.9e-5,0.0,0.0,0.0,0.0015304000000000008,0.48159112444685753,1.1744222960084804e-5,-3.501672970549411e-15,1.4029569577189704e-6,1.4029569577189704e-6,5.787085830265281e-6,1.4029569577189704e-6,NaN,diag_feasible,0,0,3,3,0,0,3,1.8110592846423437e-14,1.12.6,lbt,1,1,Intel(R) Core(TM) 7 150U,NT,c8c2c51
degen-r20-m20-d0.0001-p0,100,Dykstra-APM,1e-7*n,9.999999999999999e-6,32,32,0.1779927,0.1659151,93.2145531811136,0.0,0.0,0.0,0.0,0.0058845,0.006193099999999994,0.4815744276746647,1.9924061398466932e-5,-3.3921568616184295e-15,1.67816398088938e-6,1.67816398088938e-6,8.826029774726726e-6,1.67816398088938e-6,NaN,diag_feasible,0,0,0,0,0,0,32,1.8110592846423437e-14,1.12.6,lbt,1,1,Intel(R) Core(TM) 7 150U,NT,c8c2c51
degen-r20-m20-d0.0001-p1,100,SBB-Dual,1e-7*n,9.999999999999999e-6,14,15,0.0697682,0.06863670000000001,98.37820095688295,8.64e-5,7.31e-5,0.0002152,0.0,0.0,0.0007567999999999937,0.4769417013529184,6.6054378470993e-6,-2.884485588525762e-15,1.1346474493301173e-6,0.0,6.6644486381147625e-6,1.1346474493301173e-6,100.0,diag_feasible,0,0,0,0,0,0,14,9.761550317256315e-14,1.12.6,lbt,1,1,Intel(R) Core(TM) 7 150U,NT,c8c2c51
degen-r20-m20-d0.0001-p1,100,Newton-SIN-BH,1e-7*n,9.999999999999999e-6,3,4,0.0260508,0.021185700000000002,81.3245658482657,0.0,1.34e-5,0.0,0.0042841,0.0,0.0005675999999999971,0.47694170119918494,1.9517755555709525e-9,-3.8013404428570715e-15,3.700592055011498e-10,3.700592055011498e-10,1.1532510343333727e-9,3.700592055011498e-10,NaN,converged,12,12,0,0,0,0,3,9.761550317256315e-14,1.12.6,lbt,1,1,Intel(R) Core(TM) 7 150U,NT,c8c2c51
degen-r20-m20-d0.0001-p1,100,Newton-SIN,1e-7*n,9.999999999999999e-6,3,7,0.036936,0.0322761,87.38385315139703,0.0,1.53e-5,0.0,0.0042752,0.0,0.00036939999999999456,0.47694170119918494,1.9517755555709525e-9,-3.8013404428570715e-15,3.700592055011498e-10,3.700592055011498e-10,1.1532510343333727e-9,3.700592055011498e-10,NaN,converged,12,12,0,0,0,0,3,9.761550317256315e-14,1.12.6,lbt,1,1,Intel(R) Core(TM) 7 150U,NT,c8c2c51
degen-r20-m20-d0.0001-p1,100,AGD-SDAJ-BH,1e-7*n,9.999999999999999e-6,4,26,0.1214496,0.1200205,98.82329789476458,0.0,6.66e-5,0.0,0.0,0.0,0.0013625000000000026,0.4769453572393376,8.6447155283792e-6,-3.4500898972661363e-15,3.4337269807505066e-6,3.4337269807505066e-6,4.836130835515129e-6,3.4337269807505066e-6,NaN,diag_feasible_at_xpre,0,0,5,5,0,0,4,9.761550317256315e-14,1.12.6,lbt,1,1,Intel(R) Core(TM) 7 150U,NT,c8c2c51
degen-r20-m20-d0.0001-p1,100,AGD-SDAJ,1e-7*n,9.999999999999999e-6,4,26,0.1294746,0.12797350000000002,98.84062202161661,0.0,7.15e-5,0.0,0.0,0.0,0.0014295999999999775,0.4769453572393376,8.6447155283792e-6,-3.4500898972661363e-15,3.4337269807505066e-6,3.4337269807505066e-6,4.836130835515129e-6,3.4337269807505066e-6,NaN,diag_feasible_at_xpre,0,0,5,5,0,0,4,9.761550317256315e-14,1.12.6,lbt,1,1,Intel(R) Core(TM) 7 150U,NT,c8c2c51
degen-r20-m20-d0.0001-p1,100,Dykstra-APM,1e-7*n,9.999999999999999e-6,32,32,0.190684,0.1778137,93.25045625222882,0.0,0.0,0.0,0.0,0.0052802,0.0075901000000000015,0.4769298624422586,2.13517063855955e-5,-3.11052724899774e-15,1.7545803039364927e-6,1.7545803039364927e-6,9.483486289326058e-6,1.7545803039364927e-6,NaN,diag_feasible,0,0,0,0,0,0,32,9.761550317256315e-14,1.12.6,lbt,1,1,Intel(R) Core(TM) 7 150U,NT,c8c2c51
degen-r20-m20-d0.0001-p2,100,SBB-Dual,1e-7*n,9.999999999999999e-6,14,15,0.0615306,0.0605299,98.37365473439232,6.29e-5,3.98e-5,0.0002152,0.0,0.0,0.0006828000000000002,0.4784627301817106,7.330071635459243e-6,-2.8751253985268128e-15,1.5486654245666642e-6,0.0,7.826552260058586e-6,1.5486654245666642e-6,100.0,diag_feasible,0,0,0,0,0,0,14,1.8088119317397667e-14,1.12.6,lbt,1,1,Intel(R) Core(TM) 7 150U,NT,c8c2c51
degen-r20-m20-d0.0001-p2,100,Newton-SIN-BH,1e-7*n,9.999999999999999e-6,3,4,0.0220148,0.017922,81.40887039627886,0.0,1.12e-5,0.0,0.0035552,0.0,0.0005264000000000002,0.47846273011742,1.5835778603903193e-8,-3.302256557821694e-15,4.23644752611807e-9,4.23644752611807e-9,9.649739479339419e-9,4.23644752611807e-9,NaN,converged,10,10,0,0,0,0,3,1.8088119317397667e-14,1.12.6,lbt,1,1,Intel(R) Core(TM) 7 150U,NT,c8c2c51
degen-r20-m20-d0.0001-p2,100,Newton-SIN,1e-7*n,9.999999999999999e-6,3,7,0.0398415,0.0343873,86.31025438299261,0.0,1.5e-5,0.0,0.0050462,0.0,0.00039299999999999925,0.47846273011742,1.5835778603903193e-8,-3.302256557821694e-15,4.23644752611807e-9,4.23644752611807e-9,9.649739479339419e-9,4.23644752611807e-9,NaN,converged,10,10,0,0,0,0,3,1.8088119317397667e-14,1.12.6,lbt,1,1,Intel(R) Core(TM) 7 150U,NT,c8c2c51
degen-r20-m20-d0.0001-p2,100,AGD-SDAJ-BH,1e-7*n,9.999999999999999e-6,3,20,0.0967649,0.0956211,98.81795981807453,0.0,5.42e-5,0.0,0.0,0.0,0.0010896000000000005,0.4784663946633907,7.1578269235053354e-6,-2.9681304286219865e-15,7.455935695510618e-7,7.455935695510618e-7,3.481077051485705e-6,7.455935695510618e-7,NaN,diag_feasible,0,0,1,1,0,0,3,1.8088119317397667e-14,1.12.6,lbt,1,1,Intel(R) Core(TM) 7 150U,NT,c8c2c51
degen-r20-m20-d0.0001-p2,100,AGD-SDAJ,1e-7*n,9.999999999999999e-6,3,20,0.0969538,0.0957937,98.80345071570169,0.0,5.46e-5,0.0,0.0,0.0,0.0011055000000000112,0.4784663946633907,7.1578269235053354e-6,-2.9681304286219865e-15,7.455935695510618e-7,7.455935695510618e-7,3.481077051485705e-6,7.455935695510618e-7,NaN,diag_feasible,0,0,1,1,0,0,3,1.8088119317397667e-14,1.12.6,lbt,1,1,Intel(R) Core(TM) 7 150U,NT,c8c2c51
degen-r20-m20-d0.0001-p2,100,Dykstra-APM,1e-7*n,9.999999999999999e-6,33,33,0.1821654,0.1667457,91.53532998033654,0.0,0.0,0.0,0.0,0.0074691,0.007950600000000009,0.47845204569243743,1.9282406628678658e-5,-3.5568582231747055e-15,1.851277354303349e-6,1.851277354303349e-6,8.568764014749132e-6,1.851277354303349e-6,NaN,diag_feasible,0,0,0,0,0,0,33,1.8088119317397667e-14,1.12.6,lbt,1,1,Intel(R) Core(TM) 7 150U,NT,c8c2c51
degen-r20-m20-d0.0001-p3,100,SBB-Dual,1e-7*n,9.999999999999999e-6,13,14,0.066767,0.0656816,98.37434660835443,7.74e-5,4.09e-5,0.0002151,0.0,0.0,0.0007520000000000003,0.48247778539770775,8.099524253051213e-6,-3.440964327318415e-15,1.2163605793702459e-6,0.0,7.685316484606895e-6,1.2163605793702459e-6,100.0,diag_feasible,0,0,0,0,0,0,13,2.9270330487997486e-14,1.12.6,lbt,1,1,Intel(R) Core(TM) 7 150U,NT,c8c2c51
degen-r20-m20-d0.0001-p3,100,Newton-SIN-BH,1e-7*n,9.999999999999999e-6,3,4,0.0231136,0.018484999999999998,79.97456043195346,0.0,1.36e-5,0.0,0.0039669,0.0,0.0006481000000000039,0.48247778527388846,1.0414979539680456e-8,-3.762193898797971e-15,1.909645219733136e-9,1.909645219733136e-9,6.22394090735852e-9,1.909645219733136e-9,NaN,converged,10,10,0,0,0,0,3,2.9270330487997486e-14,1.12.6,lbt,1,1,Intel(R) Core(TM) 7 150U,NT,c8c2c51
degen-r20-m20-d0.0001-p3,100,Newton-SIN,1e-7*n,9.999999999999999e-6,3,7,0.0369149,0.0323276,87.57331050605582,0.0,1.93e-5,0.0,0.0040602,0.0,0.0005078000000000027,0.48247778527388846,1.0414979539680456e-8,-3.762193898797971e-15,1.909645219733136e-9,1.909645219733136e-9,6.22394090735852e-9,1.909645219733136e-9,NaN,converged,10,10,0,0,0,0,3,2.9270330487997486e-14,1.12.6,lbt,1,1,Intel(R) Core(TM) 7 150U,NT,c8c2c51
degen-r20-m20-d0.0001-p3,100,AGD-SDAJ-BH,1e-7*n,9.999999999999999e-6,3,20,0.105185,0.1031717,98.08594381328138,0.0,9.78e-5,0.0,0.0,0.0,0.0019154999999999955,0.48248124754387445,7.313634520785559e-6,-3.473084418283352e-15,6.378386216976395e-7,6.378386216976395e-7,3.618179232779207e-6,6.378386216976395e-7,NaN,diag_feasible,0,0,1,1,0,0,3,2.9270330487997486e-14,1.12.6,lbt,1,1,Intel(R) Core(TM) 7 150U,NT,c8c2c51
degen-r20-m20-d0.0001-p3,100,AGD-SDAJ,1e-7*n,9.999999999999999e-6,3,20,0.0919484,0.0905856,98.51786436740606,0.0,6.88e-5,0.0,0.0,0.0,0.0012939999999999974,0.48248124754387445,7.313634520785559e-6,-3.473084418283352e-15,6.378386216976395e-7,6.378386216976395e-7,3.618179232779207e-6,6.378386216976395e-7,NaN,diag_feasible,0,0,1,1,0,0,3,2.9270330487997486e-14,1.12.6,lbt,1,1,Intel(R) Core(TM) 7 150U,NT,c8c2c51
degen-r20-m20-d0.0001-p3,100,Dykstra-APM,1e-7*n,9.999999999999999e-6,31,31,0.147355,0.1368489,92.87021139425197,0.0,0.0,0.0,0.0,0.0051777,0.005328400000000018,0.48246657815008437,2.0437637843254405e-5,-3.534217505666171e-15,1.3898796986655526e-6,1.3898796986655526e-6,9.070121833028767e-6,1.3898796986655526e-6,NaN,diag_feasible,0,0,0,0,0,0,31,2.9270330487997486e-14,1.12.6,lbt,1,1,Intel(R) Core(TM) 7 150U,NT,c8c2c51
degen-r20-m20-d0.0001-p4,100,SBB-Dual,1e-7*n,9.999999999999999e-6,14,15,0.080599,0.07843950000000001,97.32068636087297,8.69e-5,4.45e-5,0.000546,0.0,0.0,0.0014820999999999949,0.48098609632931655,6.6192068198601894e-6,-3.06450901948956e-15,1.4991483612281087e-6,0.0,6.537377693846626e-6,1.4991483612281087e-6,100.0,diag_feasible,0,0,0,0,0,0,14,3.3304470218685645e-14,1.12.6,lbt,1,1,Intel(R) Core(TM) 7 150U,NT,c8c2c51
degen-r20-m20-d0.0001-p4,100,Newton-SIN-BH,1e-7*n,9.999999999999999e-6,3,4,0.0263833,0.0194073,73.55903166017897,0.0,1.37e-5,0.0,0.0064068,0.0,0.0005554999999999996,0.48098609616234883,4.848259366339425e-9,-3.357289859176183e-15,1.4097758516129488e-9,1.4097758516129488e-9,2.7564722173892257e-9,1.4097758516129488e-9,NaN,converged,11,11,0,0,0,0,3,3.3304470218685645e-14,1.12.6,lbt,1,1,Intel(R) Core(TM) 7 150U,NT,c8c2c51
degen-r20-m20-d0.0001-p4,100,Newton-SIN,1e-7*n,9.999999999999999e-6,3,7,0.0347789,0.030390900000000002,87.38315472887297,0.0,1.4e-5,0.0,0.0038714,0.0,0.0005025999999999993,0.48098609616234883,4.848259366339425e-9,-3.357289859176183e-15,1.4097758516129488e-9,1.4097758516129488e-9,2.7564722173892257e-9,1.4097758516129488e-9,NaN,converged,11,11,0,0,0,0,3,3.3304470218685645e-14,1.12.6,lbt,1,1,Intel(R) Core(TM) 7 150U,NT,c8c2c51
degen-r20-m20-d0.0001-p4,100,AGD-SDAJ-BH,1e-7*n,9.999999999999999e-6,3,21,0.0987548,0.09752530000000001,98.75499722545132,0.0,5.56e-5,0.0,0.0,0.0,0.0011738999999999944,0.48099502929023985,1.8752018023156744e-5,-3.268712416222438e-15,6.142401544839693e-6,6.142401544839693e-6,9.767588388089473e-6,6.142401544839693e-6,NaN,diag_feasible,0,0,2,2,0,0,3,3.3304470218685645e-14,1.12.6,lbt,1,1,Intel(R) Core(TM) 7 150U,NT,c8c2c51
degen-r20-m20-d0.0001-p4,100,AGD-SDAJ,1e-7*n,9.999999999999999e-6,3,21,0.1044916,0.103209,98.77253291173645,0.0,6.06e-5,0.0,0.0,0.0,0.0012220000000000087,0.48099502929023985,1.8752018023156744e-5,-3.268712416222438e-15,6.142401544839693e-6,6.142401544839693e-6,9.767588388089473e-6,6.142401544839693e-6,NaN,diag_feasible,0,0,2,2,0,0,3,3.3304470218685645e-14,1.12.6,lbt,1,1,Intel(R) Core(TM) 7 150U,NT,c8c2c51
degen-r20-m20-d0.0001-p4,100,Dykstra-APM,1e-7*n,9.999999999999999e-6,32,32,0.1757662,0.1630177,92.74689900561084,0.0,0.0,0.0,0.0,0.0064368,0.006311700000000023,0.4809747465521372,2.0754101231760335e-5,-3.937848711557324e-15,2.3116468816919422e-6,2.3116468816919422e-6,9.220062194793638e-6,2.3116468816919422e-6,NaN,diag_feasible,0,0,0,0,0,0,32,3.3304470218685645e-14,1.12.6,lbt,1,1,Intel(R) Core(TM) 7 150U,NT,c8c2c51
degen-r20-m20-d1e-06-p0,100,SBB-Dual,1e-7*n,9.999999999999999e-6,11,12,0.0391082,0.0383917,98.16790340644673,3.9e-5,2.57e-5,7.07e-5,0.0,0.0,0.0005811000000000018,0.48181687788104327,6.281269656674125e-6,-2.561512788753854e-15,2.2964657659940713e-6,0.0,6.317377383283376e-6,2.2964657659940713e-6,100.0,diag_feasible,0,0,0,0,0,0,11,2.4785340505815505e-14,1.12.6,lbt,1,1,Intel(R) Core(TM) 7 150U,NT,c8c2c51
degen-r20-m20-d1e-06-p0,100,Newton-SIN-BH,1e-7*n,9.999999999999999e-6,3,4,0.0248628,0.018754399999999997,75.43156844764064,0.0,1.41e-5,0.0,0.0054859,0.0,0.0006084000000000029,0.481815756245981,2.2228543196475354e-6,-3.569175896524017e-15,1.849127522213223e-7,1.849127522213223e-7,1.019608189289532e-6,1.849127522213223e-7,NaN,converged,11,11,0,0,0,0,3,2.4785340505815505e-14,1.12.6,lbt,1,1,Intel(R) Core(TM) 7 150U,NT,c8c2c51
degen-r20-m20-d1e-06-p0,100,Newton-SIN,1e-7*n,9.999999999999999e-6,3,7,0.0376663,0.0315986,83.89090513270483,0.0,1.55e-5,0.0,0.0056436,0.0,0.000408600000000002,0.481815756245981,2.2228543196475354e-6,-3.569175896524017e-15,1.849127522213223e-7,1.849127522213223e-7,1.019608189289532e-6,1.849127522213223e-7,NaN,converged,11,11,0,0,0,0,3,2.4785340505815505e-14,1.12.6,lbt,1,1,Intel(R) Core(TM) 7 150U,NT,c8c2c51
degen-r20-m20-d1e-06-p0,100,AGD-SDAJ-BH,1e-7*n,9.999999999999999e-6,4,28,0.1336992,0.132003,98.73133122711282,0.0,8.53e-5,0.0,0.0,0.0,0.001610899999999981,0.4818201878633776,7.697155919851057e-6,-3.4747450843287965e-15,1.5143880731649517e-6,1.5143880731649517e-6,4.1121261095651875e-6,1.5143880731649517e-6,NaN,diag_feasible_at_xpre,0,0,7,7,0,0,4,2.4785340505815505e-14,1.12.6,lbt,1,1,Intel(R) Core(TM) 7 150U,NT,c8c2c51
degen-r20-m20-d1e-06-p0,100,AGD-SDAJ,1e-7*n,9.999999999999999e-6,4,28,0.1310003,0.1293401,98.73267465799698,0.0,8.31e-5,0.0,0.0,0.0,0.0015770999999999728,0.4818201878633776,7.697155919851057e-6,-3.4747450843287965e-15,1.5143880731649517e-6,1.5143880731649517e-6,4.1121261095651875e-6,1.5143880731649517e-6,NaN,diag_feasible_at_xpre,0,0,7,7,0,0,4,2.4785340505815505e-14,1.12.6,lbt,1,1,Intel(R) Core(TM) 7 150U,NT,c8c2c51
degen-r20-m20-d1e-06-p0,100,Dykstra-APM,1e-7*n,9.999999999999999e-6,27,27,0.1687678,0.1593375,94.41226347680067,0.0,0.0,0.0,0.0,0.0042394,0.005190900000000003,0.4818096832950864,1.5275293956688007e-5,-2.10594461110869e-15,2.620542223219502e-6,2.620542223219502e-6,8.284033536286426e-6,2.620542223219502e-6,NaN,diag_feasible,0,0,0,0,0,0,27,2.4785340505815505e-14,1.12.6,lbt,1,1,Intel(R) Core(TM) 7 150U,NT,c8c2c51
degen-r20-m20-d1e-06-p1,100,SBB-Dual,1e-7*n,9.999999999999999e-6,11,12,0.052499,0.0516925,98.4637802624812,5.66e-5,3.69e-5,9.88e-5,0.0,0.0,0.0006141999999999948,0.47716441403273996,7.724491486149575e-6,-2.3308487464520167e-15,3.6103158140843306e-6,0.0,7.92256939831232e-6,3.6103158140843306e-6,100.0,diag_feasible,0,0,0,0,0,0,11,4.269882517559752e-12,1.12.6,lbt,1,1,Intel(R) Core(TM) 7 150U,NT,c8c2c51
degen-r20-m20-d1e-06-p1,100,Newton-SIN-BH,1e-7*n,9.999999999999999e-6,3,4,0.0279282,0.019761400000000002,70.75787197169886,0.0,1.22e-5,0.0,0.0075761,0.0,0.0005784999999999983,0.47716334949598016,2.201176790623525e-6,-3.827719955543207e-15,2.052085816828253e-7,2.052085816828253e-7,1.0109003304159307e-6,2.052085816828253e-7,NaN,converged,13,13,0,0,0,0,3,4.269882517559752e-12,1.12.6,lbt,1,1,Intel(R) Core(TM) 7 150U,NT,c8c2c51
degen-r20-m20-d1e-06-p1,100,Newton-SIN,1e-7*n,9.999999999999999e-6,3,7,0.0354644,0.0297485,83.88271054917044,0.0,1.23e-5,0.0,0.0053294,0.0,0.0003741999999999999,0.47716334949598016,2.201176790623525e-6,-3.827719955543207e-15,2.052085816828253e-7,2.052085816828253e-7,1.0109003304159307e-6,2.052085816828253e-7,NaN,converged,13,13,0,0,0,0,3,4.269882517559752e-12,1.12.6,lbt,1,1,Intel(R) Core(TM) 7 150U,NT,c8c2c51
degen-r20-m20-d1e-06-p1,100,AGD-SDAJ-BH,1e-7*n,9.999999999999999e-6,4,28,0.1208059,0.1192496,98.71173510565296,0.0,0.0001411,0.0,0.0,0.0,0.0014151999999999967,0.4771707780895299,1.4547707581430968e-5,-2.7821517110665346e-15,5.4878144837289256e-6,5.4878144837289256e-6,7.989097304965335e-6,5.4878144837289256e-6,NaN,diag_feasible_at_xpre,0,0,7,7,0,0,4,4.269882517559752e-12,1.12.6,lbt,1,1,Intel(R) Core(TM) 7 150U,NT,c8c2c51
degen-r20-m20-d1e-06-p1,100,AGD-SDAJ,1e-7*n,9.999999999999999e-6,4,28,0.1144242,0.11305280000000001,98.80147730986978,0.0,6.28e-5,0.0,0.0,0.0,0.0013085999999999948,0.4771707780895299,1.4547707581430968e-5,-2.7821517110665346e-15,5.4878144837289256e-6,5.4878144837289256e-6,7.989097304965335e-6,5.4878144837289256e-6,NaN,diag_feasible_at_xpre,0,0,7,7,0,0,4,4.269882517559752e-12,1.12.6,lbt,1,1,Intel(R) Core(TM) 7 150U,NT,c8c2c51
degen-r20-m20-d1e-06-p1,100,Dykstra-APM,1e-7*n,9.999999999999999e-6,28,28,0.170961,0.146851,85.89736840565978,0.0,0.0,0.0,0.0,0.0133536,0.010756399999999992,0.4771575957223226,1.328261885965151e-5,-2.753387307264553e-15,2.756834563522048e-6,2.756834563522048e-6,7.133204013189162e-6,2.756834563522048e-6,NaN,diag_feasible,0,0,0,0,0,0,28,4.269882517559752e-12,1.12.6,lbt,1,1,Intel(R) Core(TM) 7 150U,NT,c8c2c51
degen-r20-m20-d1e-06-p2,100,SBB-Dual,1e-7*n,9.999999999999999e-6,12,13,0.078745,0.077502,98.42148707854469,7.47e-5,4.54e-5,0.0001738,0.0,0.0,0.0009490999999999942,0.4786896905297285,5.3784791905230525e-6,-2.603436525046532e-15,3.7166847124403546e-6,0.0,5.828311420755034e-6,3.7166847124403546e-6,100.0,diag_feasible,0,0,0,0,0,0,12,2.9629645726020375e-14,1.12.6,lbt,1,1,Intel(R) Core(TM) 7 150U,NT,c8c2c51
degen-r20-m20-d1e-06-p2,100,Newton-SIN-BH,1e-7*n,9.999999999999999e-6,3,4,0.0224059,0.017265,77.05559696329985,0.0,9.1e-6,0.0,0.0046406,0.0,0.0004912000000000007,0.47868860262346563,2.216672175503729e-6,-3.1752421966704937e-15,2.1198273225664366e-7,2.1198273225664366e-7,1.027511582348334e-6,2.1198273225664366e-7,NaN,converged,11,11,0,0,0,0,3,2.9629645726020375e-14,1.12.6,lbt,1,1,Intel(R) Core(TM) 7 150U,NT,c8c2c51
degen-r20-m20-d1e-06-p2,100,Newton-SIN,1e-7*n,9.999999999999999e-6,3,7,0.0373422,0.0323196,86.54980156498544,0.0,1.19e-5,0.0,0.0046763,0.0,0.00033440000000000206,0.47868860262346563,2.216672175503729e-6,-3.1752421966704937e-15,2.1198273225664366e-7,2.1198273225664366e-7,1.027511582348334e-6,2.1198273225664366e-7,NaN,converged,11,11,0,0,0,0,3,2.9629645726020375e-14,1.12.6,lbt,1,1,Intel(R) Core(TM) 7 150U,NT,c8c2c51
degen-r20-m20-d1e-06-p2,100,AGD-SDAJ-BH,1e-7*n,9.999999999999999e-6,4,25,0.1024032,0.10052900000000001,98.16978375675761,0.0,6.16e-5,0.0,0.0,0.0,0.0018125999999999926,0.478692887169809,7.93077783043903e-6,-3.0559496967590466e-15,1.958137149093986e-6,1.958137149093986e-6,4.374481670046896e-6,1.958137149093986e-6,NaN,diag_feasible_at_xpre,0,0,4,4,0,0,4,2.9629645726020375e-14,1.12.6,lbt,1,1,Intel(R) Core(TM) 7 150U,NT,c8c2c51
degen-r20-m20-d1e-06-p2,100,AGD-SDAJ,1e-7*n,9.999999999999999e-6,4,25,0.1026566,0.1014099,98.78556274024271,0.0,6.17e-5,0.0,0.0,0.0,0.0011850000000000033,0.478692887169809,7.93077783043903e-6,-3.0559496967590466e-15,1.958137149093986e-6,1.958137149093986e-6,4.374481670046896e-6,1.958137149093986e-6,NaN,diag_feasible_at_xpre,0,0,4,4,0,0,4,2.9629645726020375e-14,1.12.6,lbt,1,1,Intel(R) Core(TM) 7 150U,NT,c8c2c51
degen-r20-m20-d1e-06-p2,100,Dykstra-APM,1e-7*n,9.999999999999999e-6,29,29,0.1331856,0.1249209,93.79459941615312,0.0,0.0,0.0,0.0,0.0035541,0.004710599999999986,0.4786835941152358,1.3744675794265438e-5,-2.6578988799299052e-15,4.018322499632632e-6,4.018322499632632e-6,7.216777855183954e-6,4.018322499632632e-6,NaN,diag_feasible,0,0,0,0,0,0,29,2.9629645726020375e-14,1.12.6,lbt,1,1,Intel(R) Core(TM) 7 150U,NT,c8c2c51
degen-r20-m20-d1e-06-p3,100,SBB-Dual,1e-7*n,9.999999999999999e-6,10,11,0.0447774,0.044034199999999996,98.34023413597036,4.63e-5,2.36e-5,0.0002008,0.0,0.0,0.00047250000000000634,0.4827093107966865,7.2315636582930035e-6,-2.4415372982429972e-15,2.510333693805933e-6,0.0,6.772242926714577e-6,2.510333693805933e-6,100.0,diag_feasible,0,0,0,0,0,0,10,4.310368509961597e-14,1.12.6,lbt,1,1,Intel(R) Core(TM) 7 150U,NT,c8c2c51
degen-r20-m20-d1e-06-p3,100,Newton-SIN-BH,1e-7*n,9.999999999999999e-6,3,4,0.0212816,0.0167369,78.64493271182617,0.0,1.08e-5,0.0,0.0040977,0.0,0.00043620000000000204,0.4827081950292211,2.218553428280706e-6,-3.7127947194545485e-15,1.8864173756405478e-7,1.8864173756405478e-7,1.0123291791177083e-6,1.8864173756405478e-7,NaN,converged,11,11,0,0,0,0,3,4.310368509961597e-14,1.12.6,lbt,1,1,Intel(R) Core(TM) 7 150U,NT,c8c2c51
degen-r20-m20-d1e-06-p3,100,Newton-SIN,1e-7*n,9.999999999999999e-6,3,7,0.0353551,0.0297957,84.27553591985316,0.0,1.3e-5,0.0,0.0051551,0.0,0.00039129999999999894,0.4827081950292211,2.218553428280706e-6,-3.7127947194545485e-15,1.8864173756405478e-7,1.8864173756405478e-7,1.0123291791177083e-6,1.8864173756405478e-7,NaN,converged,11,11,0,0,0,0,3,4.310368509961597e-14,1.12.6,lbt,1,1,Intel(R) Core(TM) 7 150U,NT,c8c2c51
degen-r20-m20-d1e-06-p3,100,AGD-SDAJ-BH,1e-7*n,9.999999999999999e-6,3,19,0.0733899,0.0724714,98.74846538828915,0.0,4.12e-5,0.0,0.0,0.0,0.0008772999999999887,0.48271180091336774,5.30190618791523e-6,-4.290836477939074e-15,6.256048346031662e-7,6.256048346031662e-7,2.646081415274472e-6,6.256048346031662e-7,NaN,diag_feasible,0,0,0,0,0,0,3,4.310368509961597e-14,1.12.6,lbt,1,1,Intel(R) Core(TM) 7 150U,NT,c8c2c51
degen-r20-m20-d1e-06-p3,100,AGD-SDAJ,1e-7*n,9.999999999999999e-6,3,19,0.0833788,0.08239930000000001,98.8252409485385,0.0,4.22e-5,0.0,0.0,0.0,0.0009372999999999942,0.48271180091336774,5.30190618791523e-6,-4.290836477939074e-15,6.256048346031662e-7,6.256048346031662e-7,2.646081415274472e-6,6.256048346031662e-7,NaN,diag_feasible,0,0,0,0,0,0,3,4.310368509961597e-14,1.12.6,lbt,1,1,Intel(R) Core(TM) 7 150U,NT,c8c2c51
degen-r20-m20-d1e-06-p3,100,Dykstra-APM,1e-7*n,9.999999999999999e-6,26,26,0.11798,0.1104005,93.57560603492117,0.0,0.0,0.0,0.0,0.003341,0.004238500000000003,0.4827026946077031,1.2242965840304735e-5,-2.0967108145353447e-15,2.172068786165937e-6,2.172068786165937e-6,6.7987419156994065e-6,2.172068786165937e-6,NaN,diag_feasible,0,0,0,0,0,0,26,4.310368509961597e-14,1.12.6,lbt,1,1,Intel(R) Core(TM) 7 150U,NT,c8c2c51
degen-r20-m20-d1e-06-p4,100,SBB-Dual,1e-7*n,9.999999999999999e-6,11,12,0.0366681,0.0360525,98.32115653660811,5.11e-5,2.18e-5,0.0001214,0.0,0.0,0.00042130000000000086,0.48121566497777374,9.095346074404224e-6,-2.9325158991719084e-15,7.090891659844445e-6,0.0,9.809144399750638e-6,7.090891659844445e-6,100.0,diag_feasible,0,0,0,0,0,0,11,2.4255514794031928e-14,1.12.6,lbt,1,1,Intel(R) Core(TM) 7 150U,NT,c8c2c51
degen-r20-m20-d1e-06-p4,100,Newton-SIN-BH,1e-7*n,9.999999999999999e-6,3,4,0.019321,0.014791499999999999,76.55659644945914,0.0,9.4e-6,0.0,0.004142,0.0,0.00037810000000000274,0.48121456563047865,2.214484048262557e-6,-3.2303108173135212e-15,1.9382082072638696e-7,1.9382082072638696e-7,1.012315063122844e-6,1.9382082072638696e-7,NaN,converged,12,12,0,0,0,0,3,2.4255514794031928e-14,1.12.6,lbt,1,1,Intel(R) Core(TM) 7 150U,NT,c8c2c51
degen-r20-m20-d1e-06-p4,100,Newton-SIN,1e-7*n,9.999999999999999e-6,3,7,0.0288503,0.0234593,81.3138858174785,0.0,9.2e-6,0.0,0.0051374,0.0,0.00024439999999999965,0.48121456563047865,2.214484048262557e-6,-3.2303108173135212e-15,1.9382082072638696e-7,1.9382082072638696e-7,1.012315063122844e-6,1.9382082072638696e-7,NaN,converged,12,12,0,0,0,0,3,2.4255514794031928e-14,1.12.6,lbt,1,1,Intel(R) Core(TM) 7 150U,NT,c8c2c51
degen-r20-m20-d1e-06-p4,100,AGD-SDAJ-BH,1e-7*n,9.999999999999999e-6,4,24,0.1022883,0.101027,98.76691664638088,0.0,5.84e-5,0.0,0.0,0.0,0.001202899999999993,0.4812196996932136,9.370691376177649e-6,-3.1376750733339583e-15,3.463771565792584e-6,3.463771565792584e-6,5.1352552893007565e-6,3.463771565792584e-6,NaN,diag_feasible_at_xpre,0,0,3,3,0,0,4,2.4255514794031928e-14,1.12.6,lbt,1,1,Intel(R) Core(TM) 7 150U,NT,c8c2c51
degen-r20-m20-d1e-06-p4,100,AGD-SDAJ,1e-7*n,9.999999999999999e-6,4,24,0.0984839,0.0971855,98.68161191829323,0.0,5.66e-5,0.0,0.0,0.0,0.0012418000000000051,0.4812196996932136,9.370691376177649e-6,-3.1376750733339583e-15,3.463771565792584e-6,3.463771565792584e-6,5.1352552893007565e-6,3.463771565792584e-6,NaN,diag_feasible_at_xpre,0,0,3,3,0,0,4,2.4255514794031928e-14,1.12.6,lbt,1,1,Intel(R) Core(TM) 7 150U,NT,c8c2c51
degen-r20-m20-d1e-06-p4,100,Dykstra-APM,1e-7*n,9.999999999999999e-6,28,28,0.1124611,0.1043632,92.79937685119566,0.0,0.0,0.0,0.0,0.0035778,0.004520099999999991,0.4812094590897105,1.4606189568821726e-5,-2.6490674266791306e-15,4.770404100407077e-6,4.770404100407077e-6,7.752476577457114e-6,4.770404100407077e-6,NaN,diag_feasible,0,0,0,0,0,0,28,2.4255514794031928e-14,1.12.6,lbt,1,1,Intel(R) Core(TM) 7 150U,NT,c8c2c51
degen-r20-m20-d1e-08-p0,100,SBB-Dual,1e-7*n,9.999999999999999e-6,11,12,0.0493713,0.0485253,98.28645387097362,5.61e-5,2.94e-5,0.0002019,0.0,0.0,0.0005585999999999996,0.4818191944342567,7.46009528312832e-6,-2.4605789745778336e-15,2.295835904053689e-6,0.0,6.298788603977111e-6,2.295835904053689e-6,100.0,diag_feasible,0,0,0,0,0,0,11,2.759457038470115e-14,1.12.6,lbt,1,1,Intel(R) Core(TM) 7 150U,NT,c8c2c51
degen-r20-m20-d1e-08-p0,100,Newton-SIN-BH,1e-7*n,9.999999999999999e-6,3,4,0.0203033,0.016110199999999998,79.34769224707313,0.0,9.1e-6,0.0,0.0038004,0.0,0.00038360000000000217,0.481819182463436,2.4044843909297837e-8,-3.5847997455781706e-15,3.1513214260314726e-9,3.1513214260314726e-9,1.1078606918359722e-8,3.1513214260314726e-9,NaN,converged,11,11,0,0,0,0,3,2.759457038470115e-14,1.12.6,lbt,1,1,Intel(R) Core(TM) 7 150U,NT,c8c2c51
degen-r20-m20-d1e-08-p0,100,Newton-SIN,1e-7*n,9.999999999999999e-6,3,7,0.0287278,0.0251485,87.54064007685935,0.0,9.6e-6,0.0,0.0032954,0.0,0.00027430000000000076,0.481819182463436,2.4044843909297837e-8,-3.5847997455781706e-15,3.1513214260314726e-9,3.1513214260314726e-9,1.1078606918359722e-8,3.1513214260314726e-9,NaN,converged,11,11,0,0,0,0,3,2.759457038470115e-14,1.12.6,lbt,1,1,Intel(R) Core(TM) 7 150U,NT,c8c2c51
degen-r20-m20-d1e-08-p0,100,AGD-SDAJ-BH,1e-7*n,9.999999999999999e-6,4,29,0.122496,0.1209828,98.76469435736678,0.0,7.59e-5,0.0,0.0,0.0,0.0014372999999999923,0.4818225206859704,7.700655288542195e-6,-3.0652096955077898e-15,1.5055516902062749e-6,1.5055516902062749e-6,4.106672236464857e-6,1.5055516902062749e-6,NaN,diag_feasible_at_xpre,0,0,8,8,0,0,4,2.759457038470115e-14,1.12.6,lbt,1,1,Intel(R) Core(TM) 7 150U,NT,c8c2c51
degen-r20-m20-d1e-08-p0,100,AGD-SDAJ,1e-7*n,9.999999999999999e-6,4,29,0.1155903,0.1129467,97.71295688306024,0.0,6.58e-5,0.0,0.0,0.0,0.00257780000000001,0.4818225206859704,7.700655288542195e-6,-3.0652096955077898e-15,1.5055516902062749e-6,1.5055516902062749e-6,4.106672236464857e-6,1.5055516902062749e-6,NaN,diag_feasible_at_xpre,0,0,8,8,0,0,4,2.759457038470115e-14,1.12.6,lbt,1,1,Intel(R) Core(TM) 7 150U,NT,c8c2c51
degen-r20-m20-d1e-08-p0,100,Dykstra-APM,1e-7*n,9.999999999999999e-6,27,27,0.130646,0.1213638,92.89515178421075,0.0,0.0,0.0,0.0,0.0037094,0.005572800000000018,0.48181206789436487,1.496966277124779e-5,-2.7052838804569616e-15,2.6204890399839087e-6,2.6204890399839087e-6,8.278416126654908e-6,2.6204890399839087e-6,NaN,diag_feasible,0,0,0,0,0,0,27,2.759457038470115e-14,1.12.6,lbt,1,1,Intel(R) Core(TM) 7 150U,NT,c8c2c51
degen-r20-m20-d1e-08-p1,100,SBB-Dual,1e-7*n,9.999999999999999e-6,11,12,0.0486315,0.0477666,98.22152308688813,5.45e-5,2.82e-5,0.0002102,0.0,0.0,0.0005720000000000018,0.4771666421628254,9.178114138274735e-6,-2.110006217683892e-15,3.610673146692278e-6,0.0,7.919040672666842e-6,3.610673146692278e-6,100.0,diag_feasible,0,0,0,0,0,0,11,2.0962645397540736e-14,1.12.6,lbt,1,1,Intel(R) Core(TM) 7 150U,NT,c8c2c51
degen-r20-m20-d1e-08-p1,100,Newton-SIN-BH,1e-7*n,9.999999999999999e-6,3,4,0.020657,0.0147588,71.44696712978653,0.0,1.02e-5,0.0,0.005454,0.0,0.00043399999999999776,0.47716663073688176,2.345360772741374e-8,-3.4951549210538143e-15,2.3756143718856038e-9,2.3756143718856038e-9,1.0734181778385419e-8,2.3756143718856038e-9,NaN,converged,13,13,0,0,0,0,3,2.0962645397540736e-14,1.12.6,lbt,1,1,Intel(R) Core(TM) 7 150U,NT,c8c2c51
degen-r20-m20-d1e-08-p1,100,Newton-SIN,1e-7*n,9.999999999999999e-6,3,7,0.0356609,0.028320599999999998,79.41639162219685,0.0,1.43e-5,0.0,0.0069748,0.0,0.00035120000000000463,0.47716663073688176,2.345360772741374e-8,-3.4951549210538143e-15,2.3756143718856038e-9,2.3756143718856038e-9,1.0734181778385419e-8,2.3756143718856038e-9,NaN,converged,13,13,0,0,0,0,3,2.0962645397540736e-14,1.12.6,lbt,1,1,Intel(R) Core(TM) 7 150U,NT,c8c2c51
degen-r20-m20-d1e-08-p1,100,AGD-SDAJ-BH,1e-7*n,9.999999999999999e-6,4,28,0.1413682,0.1396473,98.78268238543038,0.0,8.26e-5,0.0,0.0,0.0,0.0016382999999999975,0.4771733465789879,1.5214670938305997e-5,-3.62661550043839e-15,5.6499253014985484e-6,5.6499253014985484e-6,8.313616934816489e-6,5.6499253014985484e-6,NaN,diag_feasible_at_xpre,0,0,7,7,0,0,4,2.0962645397540736e-14,1.12.6,lbt,1,1,Intel(R) Core(TM) 7 150U,NT,c8c2c51
degen-r20-m20-d1e-08-p1,100,AGD-SDAJ,1e-7*n,9.999999999999999e-6,4,28,0.1277223,0.125924,98.59202347593177,0.0,8.46e-5,0.0,0.0,0.0,0.0017137000000000027,0.4771733465789879,1.5214670938305997e-5,-3.62661550043839e-15,5.6499253014985484e-6,5.6499253014985484e-6,8.313616934816489e-6,5.6499253014985484e-6,NaN,diag_feasible_at_xpre,0,0,7,7,0,0,4,2.0962645397540736e-14,1.12.6,lbt,1,1,Intel(R) Core(TM) 7 150U,NT,c8c2c51
degen-r20-m20-d1e-08-p1,100,Dykstra-APM,1e-7*n,9.999999999999999e-6,28,28,0.1197297,0.1114337,93.07105922757678,0.0,0.0,0.0,0.0,0.0045354,0.0037605999999999976,0.4771598845552344,1.294237614776391e-5,-2.2462715725830783e-15,2.7571286913552484e-6,2.7571286913552484e-6,7.12659656819835e-6,2.7571286913552484e-6,NaN,diag_feasible,0,0,0,0,0,0,28,2.0962645397540736e-14,1.12.6,lbt,1,1,Intel(R) Core(TM) 7 150U,NT,c8c2c51
degen-r20-m20-d1e-08-p2,100,SBB-Dual,1e-7*n,9.999999999999999e-6,12,13,0.052192,0.0514091,98.49996167995094,5.01e-5,2.69e-5,0.000201,0.0,0.0,0.0005049000000000031,0.4786919611455987,6.305924515384312e-6,-2.336534676402342e-15,3.7158231316336554e-6,0.0,5.806280127128332e-6,3.7158231316336554e-6,100.0,diag_feasible,0,0,0,0,0,0,12,1.5136945369253723e-14,1.12.6,lbt,1,1,Intel(R) Core(TM) 7 150U,NT,c8c2c51
degen-r20-m20-d1e-08-p2,100,Newton-SIN-BH,1e-7*n,9.999999999999999e-6,3,4,0.017635,0.0133915,75.93705698894244,0.0,8.4e-6,0.0,0.0038479,0.0,0.0003872000000000003,0.47869195011852805,2.8818617516404203e-8,-3.2588541528736307e-15,5.9276501485072686e-9,5.9276501485072686e-9,1.4932100194380638e-8,5.9276501485072686e-9,NaN,converged,11,11,0,0,0,0,3,1.5136945369253723e-14,1.12.6,lbt,1,1,Intel(R) Core(TM) 7 150U,NT,c8c2c51
degen-r20-m20-d1e-08-p2,100,Newton-SIN,1e-7*n,9.999999999999999e-6,3,7,0.0314629,0.026954600000000002,85.6710602010622,0.0,1.05e-5,0.0,0.0041678,0.0,0.00032999999999999956,0.47869195011852805,2.8818617516404203e-8,-3.2588541528736307e-15,5.9276501485072686e-9,5.9276501485072686e-9,1.4932100194380638e-8,5.9276501485072686e-9,NaN,converged,11,11,0,0,0,0,3,1.5136945369253723e-14,1.12.6,lbt,1,1,Intel(R) Core(TM) 7 150U,NT,c8c2c51
degen-r20-m20-d1e-08-p2,100,AGD-SDAJ-BH,1e-7*n,9.999999999999999e-6,4,25,0.1021947,0.1010151,98.84573270433789,0.0,5.78e-5,0.0,0.0,0.0,0.0011218000000000029,0.47869519278679495,8.004033707791705e-6,-2.8166103770313075e-15,1.9629475729310286e-6,1.9629475729310286e-6,4.410473381551164e-6,1.9629475729310286e-6,NaN,diag_feasible_at_xpre,0,0,4,4,0,0,4,1.5136945369253723e-14,1.12.6,lbt,1,1,Intel(R) Core(TM) 7 150U,NT,c8c2c51
degen-r20-m20-d1e-08-p2,100,AGD-SDAJ,1e-7*n,9.999999999999999e-6,4,25,0.1103741,0.1082302,98.05760590573331,0.0,6.01e-5,0.0,0.0,0.0,0.002083800000000004,0.47869519278679495,8.004033707791705e-6,-2.8166103770313075e-15,1.9629475729310286e-6,1.9629475729310286e-6,4.410473381551164e-6,1.9629475729310286e-6,NaN,diag_feasible_at_xpre,0,0,4,4,0,0,4,1.5136945369253723e-14,1.12.6,lbt,1,1,Intel(R) Core(TM) 7 150U,NT,c8c2c51
degen-r20-m20-d1e-08-p2,100,Dykstra-APM,1e-7*n,9.999999999999999e-6,29,29,0.1380458,0.1280213,92.7382796144468,0.0,0.0,0.0,0.0,0.0049058,0.005118699999999992,0.4786859371016715,1.3404259345220435e-5,-2.45528646998266e-15,4.017826600088981e-6,4.017826600088981e-6,7.208493656372373e-6,4.017826600088981e-6,NaN,diag_feasible,0,0,0,0,0,0,29,1.5136945369253723e-14,1.12.6,lbt,1,1,Intel(R) Core(TM) 7 150U,NT,c8c2c51
degen-r20-m20-d1e-08-p3,100,SBB-Dual,1e-7*n,9.999999999999999e-6,10,11,0.050188,0.0484538,96.54459233282854,4.94e-5,2.79e-5,0.000182,0.0,0.0,0.0014749000000000051,0.48271162705958415,8.714180072812957e-6,-2.543786532366385e-15,2.5086967849752284e-6,0.0,6.764124715272342e-6,2.5086967849752284e-6,100.0,diag_feasible,0,0,0,0,0,0,10,2.2141365692746384e-14,1.12.6,lbt,1,1,Intel(R) Core(TM) 7 150U,NT,c8c2c51
degen-r20-m20-d1e-08-p3,100,Newton-SIN-BH,1e-7*n,9.999999999999999e-6,3,4,0.0225582,0.017723899999999997,78.56965538030515,0.0,9.6e-6,0.0,0.0043743,0.0,0.0004504000000000027,0.48271161550250935,2.2613034639302428e-8,-3.960532862048752e-15,2.0980892578847943e-9,2.0980892578847943e-9,1.028259068788634e-8,2.0980892578847943e-9,NaN,converged,11,11,0,0,0,0,3,2.2141365692746384e-14,1.12.6,lbt,1,1,Intel(R) Core(TM) 7 150U,NT,c8c2c51
degen-r20-m20-d1e-08-p3,100,Newton-SIN,1e-7*n,9.999999999999999e-6,3,7,0.0354966,0.0305957,86.19332555794075,0.0,9.1e-6,0.0,0.0044997,0.0,0.00039210000000000373,0.48271161550250935,2.2613034639302428e-8,-3.960532862048752e-15,2.0980892578847943e-9,2.0980892578847943e-9,1.028259068788634e-8,2.0980892578847943e-9,NaN,converged,11,11,0,0,0,0,3,2.2141365692746384e-14,1.12.6,lbt,1,1,Intel(R) Core(TM) 7 150U,NT,c8c2c51
degen-r20-m20-d1e-08-p3,100,AGD-SDAJ-BH,1e-7*n,9.999999999999999e-6,3,19,0.0761845,0.0751841,98.68687200152262,0.0,4.32e-5,0.0,0.0,0.0,0.0009571999999999985,0.482714250105341,5.4856820569682704e-6,-3.4380392779050934e-15,6.047446163837122e-7,6.047446163837122e-7,2.707244749322468e-6,6.047446163837122e-7,NaN,diag_feasible,0,0,0,0,0,0,3,2.2141365692746384e-14,1.12.6,lbt,1,1,Intel(R) Core(TM) 7 150U,NT,c8c2c51
degen-r20-m20-d1e-08-p3,100,AGD-SDAJ,1e-7*n,9.999999999999999e-6,3,19,0.0827169,0.08176119999999999,98.84461337405052,0.0,4.56e-5,0.0,0.0,0.0,0.0009101000000000037,0.482714250105341,5.4856820569682704e-6,-3.4380392779050934e-15,6.047446163837122e-7,6.047446163837122e-7,2.707244749322468e-6,6.047446163837122e-7,NaN,diag_feasible,0,0,0,0,0,0,3,2.2141365692746384e-14,1.12.6,lbt,1,1,Intel(R) Core(TM) 7 150U,NT,c8c2c51
degen-r20-m20-d1e-08-p3,100,Dykstra-APM,1e-7*n,9.999999999999999e-6,26,26,0.1249357,0.116527,93.26957787085678,0.0,0.0,0.0,0.0,0.003454,0.004954699999999991,0.482705063579671,1.1856442066250848e-5,-2.3106156313468913e-15,2.1707509574309114e-6,2.1707509574309114e-6,6.79286457556925e-6,2.1707509574309114e-6,NaN,diag_feasible,0,0,0,0,0,0,26,2.2141365692746384e-14,1.12.6,lbt,1,1,Intel(R) Core(TM) 7 150U,NT,c8c2c51
degen-r20-m20-d1e-08-p4,100,SBB-Dual,1e-7*n,9.999999999999999e-6,11,12,0.0493413,0.0484126,98.11780394922712,5.44e-5,6.42e-5,0.0002006,0.0,0.0,0.0006094999999999975,0.48121796167150804,1.0310166747793128e-5,-2.3283103985986202e-15,7.09046268654312e-6,0.0,9.802906232017698e-6,7.09046268654312e-6,100.0,diag_feasible,0,0,0,0,0,0,11,2.366260085839892e-14,1.12.6,lbt,1,1,Intel(R) Core(TM) 7 150U,NT,c8c2c51
degen-r20-m20-d1e-08-p4,100,Newton-SIN-BH,1e-7*n,9.999999999999999e-6,3,4,0.0175944,0.0131521,74.75162551721002,0.0,8.1e-6,0.0,0.0041055,0.0,0.00032870000000000035,0.48121794939948387,2.477518608781679e-8,-4.316498678784561e-15,3.967663975146252e-9,3.967663975146252e-9,1.1302862222962583e-8,3.967663975146252e-9,NaN,converged,12,12,0,0,0,0,3,2.366260085839892e-14,1.12.6,lbt,1,1,Intel(R) Core(TM) 7 150U,NT,c8c2c51
degen-r20-m20-d1e-08-p4,100,Newton-SIN,1e-7*n,9.999999999999999e-6,3,7,0.0327465,0.0276063,84.30305528835143,0.0,1.01e-5,0.0,0.0048231,0.0,0.0003069999999999974,0.48121794939948387,2.477518608781679e-8,-4.316498678784561e-15,3.967663975146252e-9,3.967663975146252e-9,1.1302862222962583e-8,3.967663975146252e-9,NaN,converged,12,12,0,0,0,0,3,2.366260085839892e-14,1.12.6,lbt,1,1,Intel(R) Core(TM) 7 150U,NT,c8c2c51
degen-r20-m20-d1e-08-p4,100,AGD-SDAJ-BH,1e-7*n,9.999999999999999e-6,4,24,0.0976626,0.0964764,98.78541017748863,0.0,5.22e-5,0.0,0.0,0.0,0.0011339999999999983,0.48122190819489935,9.173073509046294e-6,-3.484197710955106e-15,3.395747432577423e-6,3.395747432577423e-6,5.029400022111246e-6,3.395747432577423e-6,NaN,diag_feasible_at_xpre,0,0,3,3,0,0,4,2.366260085839892e-14,1.12.6,lbt,1,1,Intel(R) Core(TM) 7 150U,NT,c8c2c51
degen-r20-m20-d1e-08-p4,100,AGD-SDAJ,1e-7*n,9.999999999999999e-6,4,24,0.0968432,0.0956013,98.7176177573645,0.0,4.98e-5,0.0,0.0,0.0,0.001192100000000004,0.48122190819489935,9.173073509046294e-6,-3.484197710955106e-15,3.395747432577423e-6,3.395747432577423e-6,5.029400022111246e-6,3.395747432577423e-6,NaN,diag_feasible_at_xpre,0,0,3,3,0,0,4,2.366260085839892e-14,1.12.6,lbt,1,1,Intel(R) Core(TM) 7 150U,NT,c8c2c51
degen-r20-m20-d1e-08-p4,100,Dykstra-APM,1e-7*n,9.999999999999999e-6,28,28,0.1299303,0.1216617,93.63612644625618,0.0,0.0,0.0,0.0,0.0034295,0.004839100000000001,0.4812118296473708,1.4296535293524965e-5,-3.063965452625557e-15,4.769939853987992e-6,4.769939853987992e-6,7.745083424129026e-6,4.769939853987992e-6,NaN,diag_feasible,0,0,0,0,0,0,28,2.366260085839892e-14,1.12.6,lbt,1,1,Intel(R) Core(TM) 7 150U,NT,c8c2c51
degen-r20-m20-d1e-10-p0,100,SBB-Dual,1e-7*n,9.999999999999999e-6,11,12,0.0471344,0.0462493,98.12217828167962,5.06e-5,2.78e-5,0.0002224,0.0,0.0,0.0005842999999999997,0.48181921759983243,7.477424488424046e-6,-2.2152177624256958e-15,2.295839959698398e-6,0.0,6.298794207436388e-6,2.295839959698398e-6,100.0,diag_feasible,0,0,0,0,0,0,11,1.8644476079158044e-14,1.12.6,lbt,1,1,Intel(R) Core(TM) 7 150U,NT,c8c2c51
degen-r20-m20-d1e-10-p0,100,Newton-SIN-BH,1e-7*n,9.999999999999999e-6,3,4,0.0210928,0.0161677,76.65032617765304,0.0,1.11e-5,0.0,0.0044849,0.0,0.00042909999999999823,0.4818192160840178,7.010424014523497e-9,-2.2036265591014603e-15,2.5682522775127836e-9,2.5682522775127836e-9,4.127616823945209e-9,2.5682522775127836e-9,NaN,converged,11,11,0,0,0,0,3,1.8644476079158044e-14,1.12.6,lbt,1,1,Intel(R) Core(TM) 7 150U,NT,c8c2c51
degen-r20-m20-d1e-10-p0,100,Newton-SIN,1e-7*n,9.999999999999999e-6,3,7,0.0315934,0.026725600000000002,84.59235156709947,0.0,1.03e-5,0.0,0.0045559,0.0,0.0003015999999999982,0.4818192160840178,7.010424014523497e-9,-2.2036265591014603e-15,2.5682522775127836e-9,2.5682522775127836e-9,4.127616823945209e-9,2.5682522775127836e-9,NaN,converged,11,11,0,0,0,0,3,1.8644476079158044e-14,1.12.6,lbt,1,1,Intel(R) Core(TM) 7 150U,NT,c8c2c51
degen-r20-m20-d1e-10-p0,100,AGD-SDAJ-BH,1e-7*n,9.999999999999999e-6,4,29,0.1195845,0.1177028,98.42646831320113,0.0,7.0e-5,0.0,0.0,0.0,0.0018117,0.4818225429536174,7.69888231168645e-6,-3.044791333104799e-15,1.5052612787336273e-6,1.5052612787336273e-6,4.105835126212085e-6,1.5052612787336273e-6,NaN,diag_feasible_at_xpre,0,0,8,8,0,0,4,1.8644476079158044e-14,1.12.6,lbt,1,1,Intel(R) Core(TM) 7 150U,NT,c8c2c51
degen-r20-m20-d1e-10-p0,100,AGD-SDAJ,1e-7*n,9.999999999999999e-6,4,29,0.11783,0.1163121,98.71178816939658,0.0,7.08e-5,0.0,0.0,0.0,0.0014471000000000026,0.4818225429536174,7.69888231168645e-6,-3.044791333104799e-15,1.5052612787336273e-6,1.5052612787336273e-6,4.105835126212085e-6,1.5052612787336273e-6,NaN,diag_feasible_at_xpre,0,0,8,8,0,0,4,1.8644476079158044e-14,1.12.6,lbt,1,1,Intel(R) Core(TM) 7 150U,NT,c8c2c51
degen-r20-m20-d1e-10-p0,100,Dykstra-APM,1e-7*n,9.999999999999999e-6,27,27,0.1326933,0.1245525,93.86495022732873,0.0,0.0,0.0,0.0,0.0035448,0.00459599999999999,0.48181209106079537,1.4969581226829109e-5,-2.488118923919225e-15,2.620488562143919e-6,2.620488562143919e-6,8.278414896373962e-6,2.620488562143919e-6,NaN,diag_feasible,0,0,0,0,0,0,27,1.8644476079158044e-14,1.12.6,lbt,1,1,Intel(R) Core(TM) 7 150U,NT,c8c2c51
degen-r20-m20-d1e-10-p1,100,SBB-Dual,1e-7*n,9.999999999999999e-6,11,12,0.0483724,0.0475696,98.34037591684512,5.67e-5,2.99e-5,0.000202,0.0,0.0,0.0005142000000000062,0.4771666644441532,9.196738928824597e-6,-2.597296452687623e-15,3.6106723040330024e-6,0.0,7.919126307836303e-6,3.6106723040330024e-6,100.0,diag_feasible,0,0,0,0,0,0,11,7.029915643762816e-12,1.12.6,lbt,1,1,Intel(R) Core(TM) 7 150U,NT,c8c2c51
degen-r20-m20-d1e-10-p1,100,Newton-SIN-BH,1e-7*n,9.999999999999999e-6,3,4,0.0223057,0.0172065,77.13947556005864,0.0,1.01e-5,0.0,0.0046525,0.0,0.0004366000000000014,0.4771666630375322,5.808644424190936e-9,-2.6879521912323516e-15,1.8930559342322795e-9,1.8930559342322795e-9,3.3889130691020767e-9,1.8930559342322795e-9,NaN,converged,13,13,0,0,0,0,3,7.029915643762816e-12,1.12.6,lbt,1,1,Intel(R) Core(TM) 7 150U,NT,c8c2c51
degen-r20-m20-d1e-10-p1,100,Newton-SIN,1e-7*n,9.999999999999999e-6,3,7,0.0321343,0.0265774,82.70726295578245,0.0,1.04e-5,0.0,0.0052513,0.0,0.00029519999999999633,0.4771666630375322,5.808644424190936e-9,-2.6879521912323516e-15,1.8930559342322795e-9,1.8930559342322795e-9,3.3889130691020767e-9,1.8930559342322795e-9,NaN,converged,13,13,0,0,0,0,3,7.029915643762816e-12,1.12.6,lbt,1,1,Intel(R) Core(TM) 7 150U,NT,c8c2c51
degen-r20-m20-d1e-10-p1,100,AGD-SDAJ-BH,1e-7*n,9.999999999999999e-6,4,28,0.1307743,0.1292484,98.83318052553139,0.0,6.58e-5,0.0,0.0,0.0,0.0014600999999999967,0.47717337688226596,1.522898582912458e-5,-3.1318309033706154e-15,5.653164498409247e-6,5.653164498409247e-6,8.320248298653085e-6,5.653164498409247e-6,NaN,diag_feasible_at_xpre,0,0,7,7,0,0,4,7.029915643762816e-12,1.12.6,lbt,1,1,Intel(R) Core(TM) 7 150U,NT,c8c2c51
degen-r20-m20-d1e-10-p1,100,AGD-SDAJ,1e-7*n,9.999999999999999e-6,4,28,0.1048229,0.1034939,98.73214726934668,0.0,6.06e-5,0.0,0.0,0.0,0.0012683999999999968,0.47717337688226596,1.522898582912458e-5,-3.1318309033706154e-15,5.653164498409247e-6,5.653164498409247e-6,8.320248298653085e-6,5.653164498409247e-6,NaN,diag_feasible_at_xpre,0,0,7,7,0,0,4,7.029915643762816e-12,1.12.6,lbt,1,1,Intel(R) Core(TM) 7 150U,NT,c8c2c51
degen-r20-m20-d1e-10-p1,100,Dykstra-APM,1e-7*n,9.999999999999999e-6,28,28,0.1422977,0.1329895,93.45864339339288,0.0,0.0,0.0,0.0,0.003801,0.005507199999999988,0.47715990683770476,1.2942273165028275e-5,-2.1022581348976598e-15,2.7571280949434396e-6,2.7571280949434396e-6,7.126595284895463e-6,2.7571280949434396e-6,NaN,diag_feasible,0,0,0,0,0,0,28,7.029915643762816e-12,1.12.6,lbt,1,1,Intel(R) Core(TM) 7 150U,NT,c8c2c51
degen-r20-m20-d1e-10-p2,100,SBB-Dual,1e-7*n,9.999999999999999e-6,12,13,0.054,0.0531699,98.46277777777777,5.52e-5,2.99e-5,0.0002,0.0,0.0,0.0005450000000000002,0.4786919838518008,6.321929353970138e-6,-2.148077304609307e-15,3.715822649574818e-6,0.0,5.806279022017435e-6,3.715822649574818e-6,100.0,diag_feasible,0,0,0,0,0,0,12,1.492455266197748e-14,1.12.6,lbt,1,1,Intel(R) Core(TM) 7 150U,NT,c8c2c51
degen-r20-m20-d1e-10-p2,100,Newton-SIN-BH,1e-7*n,9.999999999999999e-6,3,4,0.0213259,0.0163674,76.74892970519416,0.0,9.6e-6,0.0,0.0045391,0.0,0.0004097999999999975,0.47869198177149513,1.8207292373232564e-8,-2.2872306076745613e-15,5.901695354637582e-9,5.901695354637582e-9,1.2284240014649114e-8,5.901695354637582e-9,NaN,converged,11,11,0,0,0,0,3,1.492455266197748e-14,1.12.6,lbt,1,1,Intel(R) Core(TM) 7 150U,NT,c8c2c51
degen-r20-m20-d1e-10-p2,100,Newton-SIN,1e-7*n,9.999999999999999e-6,3,7,0.0301265,0.0250354,83.10092443529783,0.0,9.2e-6,0.0,0.0047906,0.0,0.0002913000000000013,0.47869198177149513,1.8207292373232564e-8,-2.2872306076745613e-15,5.901695354637582e-9,5.901695354637582e-9,1.2284240014649114e-8,5.901695354637582e-9,NaN,converged,11,11,0,0,0,0,3,1.492455266197748e-14,1.12.6,lbt,1,1,Intel(R) Core(TM) 7 150U,NT,c8c2c51
degen-r20-m20-d1e-10-p2,100,AGD-SDAJ-BH,1e-7*n,9.999999999999999e-6,4,25,0.0949568,0.09382929999999999,98.8126179483723,0.0,5.34e-5,0.0,0.0,0.0,0.0010741000000000036,0.478695216034919,8.00516996557759e-6,-3.2958265505436506e-15,1.963019664596999e-6,1.963019664596999e-6,4.411029665150086e-6,1.963019664596999e-6,NaN,diag_feasible_at_xpre,0,0,4,4,0,0,4,1.492455266197748e-14,1.12.6,lbt,1,1,Intel(R) Core(TM) 7 150U,NT,c8c2c51
degen-r20-m20-d1e-10-p2,100,AGD-SDAJ,1e-7*n,9.999999999999999e-6,4,25,0.098212,0.0970399,98.80656131633609,0.0,5.52e-5,0.0,0.0,0.0,0.0011168999999999953,0.478695216034919,8.00516996557759e-6,-3.2958265505436506e-15,1.963019664596999e-6,1.963019664596999e-6,4.411029665150086e-6,1.963019664596999e-6,NaN,diag_feasible_at_xpre,0,0,4,4,0,0,4,1.492455266197748e-14,1.12.6,lbt,1,1,Intel(R) Core(TM) 7 150U,NT,c8c2c51
degen-r20-m20-d1e-10-p2,100,Dykstra-APM,1e-7*n,9.999999999999999e-6,29,29,0.1302243,0.122062,93.73212219224831,0.0,0.0,0.0,0.0,0.0033957,0.004766599999999984,0.4786859598087251,1.340417015839883e-5,-2.329127950811145e-15,4.017826265245716e-6,4.017826265245716e-6,7.208492702888658e-6,4.017826265245716e-6,NaN,diag_feasible,0,0,0,0,0,0,29,1.492455266197748e-14,1.12.6,lbt,1,1,Intel(R) Core(TM) 7 150U,NT,c8c2c51
degen-r20-m20-d1e-10-p3,100,SBB-Dual,1e-7*n,9.999999999999999e-6,10,11,0.0451462,0.0443167,98.16263605796281,5.66e-5,2.9e-5,0.0002068,0.0,0.0,0.000537099999999997,0.4827116502222309,8.732835760141929e-6,-2.3475654469767557e-15,2.5086921671135798e-6,0.0,6.764124084586177e-6,2.5086921671135798e-6,100.0,diag_feasible,0,0,0,0,0,0,10,1.6240403728971386e-14,1.12.6,lbt,1,1,Intel(R) Core(TM) 7 150U,NT,c8c2c51
degen-r20-m20-d1e-10-p3,100,Newton-SIN-BH,1e-7*n,9.999999999999999e-6,3,4,0.0229064,0.0172953,75.50422589320016,0.0,1.07e-5,0.0,0.0051777,0.0,0.0004227000000000007,0.4827116495172628,2.6416079413650294e-9,-2.3119656541748018e-15,7.659408662874512e-10,7.659408662874512e-10,1.6195293513943441e-9,7.659408662874512e-10,NaN,converged,11,11,0,0,0,0,3,1.6240403728971386e-14,1.12.6,lbt,1,1,Intel(R) Core(TM) 7 150U,NT,c8c2c51
degen-r20-m20-d1e-10-p3,100,Newton-SIN,1e-7*n,9.999999999999999e-6,3,7,0.0266121,0.0226614,85.15449739028487,0.0,1.01e-5,0.0,0.0036617,0.0,0.00027889999999999816,0.4827116495172628,2.6416079413650294e-9,-2.3119656541748018e-15,7.659408662874512e-10,7.659408662874512e-10,1.6195293513943441e-9,7.659408662874512e-10,NaN,converged,11,11,0,0,0,0,3,1.6240403728971386e-14,1.12.6,lbt,1,1,Intel(R) Core(TM) 7 150U,NT,c8c2c51
degen-r20-m20-d1e-10-p3,100,AGD-SDAJ-BH,1e-7*n,9.999999999999999e-6,3,19,0.0839981,0.0829162,98.71199467607005,0.0,5.0e-5,0.0,0.0,0.0,0.0010319000000000107,0.4827142758402083,5.489167063786551e-6,-3.6573703203844e-15,6.042060478606004e-7,6.042060478606004e-7,2.708343450030701e-6,6.042060478606004e-7,NaN,diag_feasible,0,0,0,0,0,0,3,1.6240403728971386e-14,1.12.6,lbt,1,1,Intel(R) Core(TM) 7 150U,NT,c8c2c51
degen-r20-m20-d1e-10-p3,100,AGD-SDAJ,1e-7*n,9.999999999999999e-6,3,19,0.0866306,0.0840586,97.03107216156879,0.0,4.57e-5,0.0,0.0,0.0,0.0025263000000000048,0.4827142758402083,5.489167063786551e-6,-3.6573703203844e-15,6.042060478606004e-7,6.042060478606004e-7,2.708343450030701e-6,6.042060478606004e-7,NaN,diag_feasible,0,0,0,0,0,0,3,1.6240403728971386e-14,1.12.6,lbt,1,1,Intel(R) Core(TM) 7 150U,NT,c8c2c51
degen-r20-m20-d1e-10-p3,100,Dykstra-APM,1e-7*n,9.999999999999999e-6,26,26,0.1310965,0.1226616,93.56588467274106,0.0,0.0,0.0,0.0,0.003521,0.004913900000000009,0.4827050867431018,1.185633878431095e-5,-2.5842980098135797e-15,2.170750662111587e-6,2.170750662111587e-6,6.792863611806837e-6,2.170750662111587e-6,NaN,diag_feasible,0,0,0,0,0,0,26,1.6240403728971386e-14,1.12.6,lbt,1,1,Intel(R) Core(TM) 7 150U,NT,c8c2c51
degen-r20-m20-d1e-10-p4,100,SBB-Dual,1e-7*n,9.999999999999999e-6,11,12,0.0526807,0.0517234,98.18282596852359,8.03e-5,2.58e-5,0.0002021,0.0,0.0,0.0006490999999999944,0.4812179846384776,1.0326312424967815e-5,-2.1846956705593534e-15,7.090462160297406e-6,0.0,9.80290464712068e-6,7.090462160297406e-6,100.0,diag_feasible,0,0,0,0,0,0,11,3.3896365328789454e-14,1.12.6,lbt,1,1,Intel(R) Core(TM) 7 150U,NT,c8c2c51
degen-r20-m20-d1e-10-p4,100,Newton-SIN-BH,1e-7*n,9.999999999999999e-6,3,4,0.0210874,0.0163487,77.52828703396341,0.0,1.02e-5,0.0,0.0042935,0.0,0.00043499999999999876,0.48121798251255143,8.462399645302373e-9,-3.1613369525407245e-15,3.7183285339636996e-9,3.7183285339636996e-9,4.7595348312408696e-9,3.7183285339636996e-9,NaN,converged,12,12,0,0,0,0,3,3.3896365328789454e-14,1.12.6,lbt,1,1,Intel(R) Core(TM) 7 150U,NT,c8c2c51
degen-r20-m20-d1e-10-p4,100,Newton-SIN,1e-7*n,9.999999999999999e-6,3,7,0.0318032,0.0266582,83.82238265331792,0.0,8.7e-6,0.0,0.0048382,0.0,0.00029809999999999646,0.48121798251255143,8.462399645302373e-9,-3.1613369525407245e-15,3.7183285339636996e-9,3.7183285339636996e-9,4.7595348312408696e-9,3.7183285339636996e-9,NaN,converged,12,12,0,0,0,0,3,3.3896365328789454e-14,1.12.6,lbt,1,1,Intel(R) Core(TM) 7 150U,NT,c8c2c51
degen-r20-m20-d1e-10-p4,100,AGD-SDAJ-BH,1e-7*n,9.999999999999999e-6,4,24,0.092149,0.09098289999999999,98.73454947964709,0.0,5.74e-5,0.0,0.0,0.0,0.0011087000000000033,0.4812219302932051,9.171127994064094e-6,-3.4305238444402476e-15,3.3950784399383593e-6,3.3950784399383593e-6,5.028358449675409e-6,3.3950784399383593e-6,NaN,diag_feasible_at_xpre,0,0,3,3,0,0,4,3.3896365328789454e-14,1.12.6,lbt,1,1,Intel(R) Core(TM) 7 150U,NT,c8c2c51
degen-r20-m20-d1e-10-p4,100,AGD-SDAJ,1e-7*n,9.999999999999999e-6,4,24,0.1039382,0.1025108,98.62668393333732,0.0,5.62e-5,0.0,0.0,0.0,0.0013711999999999954,0.4812219302932051,9.171127994064094e-6,-3.4305238444402476e-15,3.3950784399383593e-6,3.3950784399383593e-6,5.028358449675409e-6,3.3950784399383593e-6,NaN,diag_feasible_at_xpre,0,0,3,3,0,0,4,3.3896365328789454e-14,1.12.6,lbt,1,1,Intel(R) Core(TM) 7 150U,NT,c8c2c51
degen-r20-m20-d1e-10-p4,100,Dykstra-APM,1e-7*n,9.999999999999999e-6,28,28,0.1393339,0.1289499,92.54739873067501,0.0,0.0,0.0,0.0,0.0049212,0.005462800000000005,0.4812118526201866,1.4296453759675582e-5,-2.307968392399895e-15,4.769939013327118e-6,4.769939013327118e-6,7.745082415533585e-6,4.769939013327118e-6,NaN,diag_feasible,0,0,0,0,0,0,28,3.3896365328789454e-14,1.12.6,lbt,1,1,Intel(R) Core(TM) 7 150U,NT,c8c2c51
degen-r20-m20-d0-p0,100,SBB-Dual,1e-7*n,9.999999999999999e-6,11,12,0.05223,0.0513892,98.39019720467167,5.91e-5,3.11e-5,0.000205,0.0,0.0,0.0005455999999999958,0.4818192178338279,7.477599903217535e-6,-2.3351849144229113e-15,2.295839998556204e-6,0.0,6.298794267503467e-6,2.295839998556204e-6,100.0,diag_feasible,0,0,0,0,0,0,11,5.728718533049763e-14,1.12.6,lbt,1,1,Intel(R) Core(TM) 7 150U,NT,c8c2c51
degen-r20-m20-d0-p0,100,Newton-SIN-BH,1e-7*n,9.999999999999999e-6,3,4,0.02369,0.0188598,79.61080624736177,0.0,1.06e-5,0.0,0.0043612,0.0,0.00045839999999999943,0.48181921636081404,7.016343080489444e-9,-2.625621444299429e-15,2.5681896609341948e-9,2.5681896609341948e-9,4.133539917963662e-9,2.5681896609341948e-9,NaN,converged,11,11,0,0,0,0,3,5.728718533049763e-14,1.12.6,lbt,1,1,Intel(R) Core(TM) 7 150U,NT,c8c2c51
degen-r20-m20-d0-p0,100,Newton-SIN,1e-7*n,9.999999999999999e-6,3,7,0.0319193,0.0275005,86.1563380149314,0.0,1.19e-5,0.0,0.0041014,0.0,0.0003054999999999976,0.48181921636081404,7.016343080489444e-9,-2.625621444299429e-15,2.5681896609341948e-9,2.5681896609341948e-9,4.133539917963662e-9,2.5681896609341948e-9,NaN,converged,11,11,0,0,0,0,3,5.728718533049763e-14,1.12.6,lbt,1,1,Intel(R) Core(TM) 7 150U,NT,c8c2c51
degen-r20-m20-d0-p0,100,AGD-SDAJ-BH,1e-7*n,9.999999999999999e-6,4,29,0.1284061,0.12691439999999998,98.83829506542133,0.0,7.45e-5,0.0,0.0,0.0,0.0014172000000000125,0.4818225431786164,7.698864479218351e-6,-2.945358096776544e-15,1.505258372613838e-6,1.505258372613838e-6,4.105826750343849e-6,1.505258372613838e-6,NaN,diag_feasible_at_xpre,0,0,8,8,0,0,4,5.728718533049763e-14,1.12.6,lbt,1,1,Intel(R) Core(TM) 7 150U,NT,c8c2c51
degen-r20-m20-d0-p0,100,AGD-SDAJ,1e-7*n,9.999999999999999e-6,4,29,0.1213664,0.1197845,98.69659147836634,0.0,6.56e-5,0.0,0.0,0.0,0.0015162999999999971,0.4818225431786164,7.698864479218351e-6,-2.945358096776544e-15,1.505258372613838e-6,1.505258372613838e-6,4.105826750343849e-6,1.505258372613838e-6,NaN,diag_feasible_at_xpre,0,0,8,8,0,0,4,5.728718533049763e-14,1.12.6,lbt,1,1,Intel(R) Core(TM) 7 150U,NT,c8c2c51
degen-r20-m20-d0-p0,100,Dykstra-APM,1e-7*n,9.999999999999999e-6,27,27,0.1248731,0.1161121,92.98407743541243,0.0,0.0,0.0,0.0,0.0039488,0.004812200000000005,0.481812091294797,1.496958077200354e-5,-2.307719366896158e-15,2.6204885561487146e-6,2.6204885561487146e-6,8.278414885600843e-6,2.6204885561487146e-6,NaN,diag_feasible,0,0,0,0,0,0,27,5.728718533049763e-14,1.12.6,lbt,1,1,Intel(R) Core(TM) 7 150U,NT,c8c2c51
degen-r20-m20-d0-p1,100,SBB-Dual,1e-7*n,9.999999999999999e-6,11,12,0.0543623,0.0533733,98.18072450944864,6.64e-5,3.62e-5,0.0002153,0.0,0.0,0.0006711000000000038,0.47716666466921603,9.196920641161479e-6,-2.1990631717781076e-15,3.610672304921181e-6,0.0,7.919127193484274e-6,3.610672304921181e-6,100.0,diag_feasible,0,0,0,0,0,0,11,1.0293651291577946e-12,1.12.6,lbt,1,1,Intel(R) Core(TM) 7 150U,NT,c8c2c51
degen-r20-m20-d0-p1,100,Newton-SIN-BH,1e-7*n,9.999999999999999e-6,3,4,0.0262184,0.0192349,73.36412595734294,0.0,1.27e-5,0.0,0.0063883,0.0,0.0005824999999999997,0.47716666330755375,5.814635485330756e-9,-2.2306456179575023e-15,1.89297977293279e-9,1.89297977293279e-9,3.393314867420358e-9,1.89297977293279e-9,NaN,converged,13,13,0,0,0,0,3,1.0293651291577946e-12,1.12.6,lbt,1,1,Intel(R) Core(TM) 7 150U,NT,c8c2c51
degen-r20-m20-d0-p1,100,Newton-SIN,1e-7*n,9.999999999999999e-6,3,7,0.0376586,0.031235100000000002,82.94280722066142,0.0,1.33e-5,0.0,0.006011,0.0,0.00039919999999999886,0.47716666330755375,5.814635485330756e-9,-2.2306456179575023e-15,1.89297977293279e-9,1.89297977293279e-9,3.393314867420358e-9,1.89297977293279e-9,NaN,converged,13,13,0,0,0,0,3,1.0293651291577946e-12,1.12.6,lbt,1,1,Intel(R) Core(TM) 7 150U,NT,c8c2c51
degen-r20-m20-d0-p1,100,AGD-SDAJ-BH,1e-7*n,9.999999999999999e-6,4,28,0.1329786,0.13140000000000002,98.81289169836352,0.0,7.28e-5,0.0,0.0,0.0,0.0015057999999999855,0.4771733771891665,1.5229119819913642e-5,-3.410003019992135e-15,5.653197478361349e-6,5.653197478361349e-6,8.320315872967341e-6,5.653197478361349e-6,NaN,diag_feasible_at_xpre,0,0,7,7,0,0,4,1.0293651291577946e-12,1.12.6,lbt,1,1,Intel(R) Core(TM) 7 150U,NT,c8c2c51
degen-r20-m20-d0-p1,100,AGD-SDAJ,1e-7*n,9.999999999999999e-6,4,28,0.1408607,0.13913260000000002,98.77318513964507,0.0,8.6e-5,0.0,0.0,0.0,0.0016420999999999825,0.4771733771891665,1.5229119819913642e-5,-3.410003019992135e-15,5.653197478361349e-6,5.653197478361349e-6,8.320315872967341e-6,5.653197478361349e-6,NaN,diag_feasible_at_xpre,0,0,7,7,0,0,4,1.0293651291577946e-12,1.12.6,lbt,1,1,Intel(R) Core(TM) 7 150U,NT,c8c2c51
degen-r20-m20-d0-p1,100,Dykstra-APM,1e-7*n,9.999999999999999e-6,28,28,0.1050017,0.0972134,92.5826915183278,0.0,0.0,0.0,0.0,0.0046667,0.003121599999999998,0.4771599070627852,1.2942279933887894e-5,-1.9124787875507972e-15,2.7571280831750755e-6,2.7571280831750755e-6,7.126595260252504e-6,2.7571280831750755e-6,NaN,diag_feasible,0,0,0,0,0,0,28,1.0293651291577946e-12,1.12.6,lbt,1,1,Intel(R) Core(TM) 7 150U,NT,c8c2c51
degen-r20-m20-d0-p2,100,SBB-Dual,1e-7*n,9.999999999999999e-6,12,13,0.0776372,0.0757212,97.53211089529246,7.82e-5,4.17e-5,0.0005572,0.0,0.0,0.0012389000000000011,0.4786919840811563,6.32209153752705e-6,-2.041469205371365e-15,3.7158226442457476e-6,0.0,5.806279008621828e-6,3.7158226442457476e-6,100.0,diag_feasible,0,0,0,0,0,0,12,3.180377206975157e-14,1.12.6,lbt,1,1,Intel(R) Core(TM) 7 150U,NT,c8c2c51
degen-r20-m20-d0-p2,100,Newton-SIN-BH,1e-7*n,9.999999999999999e-6,3,4,0.0303294,0.0227115,74.88278699875369,0.0,1.42e-5,0.0,0.0070269,0.0,0.0005768000000000006,0.4786919820649771,1.8229859226055068e-8,-2.5819139780319035e-15,5.901648947315152e-9,5.901648947315152e-9,1.229343507558276e-8,5.901648947315152e-9,NaN,converged,11,11,0,0,0,0,3,3.180377206975157e-14,1.12.6,lbt,1,1,Intel(R) Core(TM) 7 150U,NT,c8c2c51
degen-r20-m20-d0-p2,100,Newton-SIN,1e-7*n,9.999999999999999e-6,3,7,0.0381691,0.0322916,84.60141842485152,0.0,1.44e-5,0.0,0.0053984,0.0,0.0004647000000000002,0.4786919820649771,1.8229859226055068e-8,-2.5819139780319035e-15,5.901648947315152e-9,5.901648947315152e-9,1.229343507558276e-8,5.901648947315152e-9,NaN,converged,11,11,0,0,0,0,3,3.180377206975157e-14,1.12.6,lbt,1,1,Intel(R) Core(TM) 7 150U,NT,c8c2c51
degen-r20-m20-d0-p2,100,AGD-SDAJ-BH,1e-7*n,9.999999999999999e-6,4,25,0.118527,0.11680399999999999,98.54632277877614,0.0,0.0001128,0.0,0.0,0.0,0.0016102000000000024,0.47869521626972183,8.005181388246071e-6,-3.2850187193054105e-15,1.9630204011189534e-6,1.9630204011189534e-6,4.411035277384767e-6,1.9630204011189534e-6,NaN,diag_feasible_at_xpre,0,0,4,4,0,0,4,3.180377206975157e-14,1.12.6,lbt,1,1,Intel(R) Core(TM) 7 150U,NT,c8c2c51
degen-r20-m20-d0-p2,100,AGD-SDAJ,1e-7*n,9.999999999999999e-6,4,25,0.118079,0.1163661,98.54936102101135,0.0,8.15e-5,0.0,0.0,0.0,0.0016314000000000033,0.47869521626972183,8.005181388246071e-6,-3.2850187193054105e-15,1.9630204011189534e-6,1.9630204011189534e-6,4.411035277384767e-6,1.9630204011189534e-6,NaN,diag_feasible_at_xpre,0,0,4,4,0,0,4,3.180377206975157e-14,1.12.6,lbt,1,1,Intel(R) Core(TM) 7 150U,NT,c8c2c51
degen-r20-m20-d0-p2,100,Dykstra-APM,1e-7*n,9.999999999999999e-6,29,29,0.1541536,0.1430462,92.79458929275737,0.0,0.0,0.0,0.0,0.0046524,0.006454999999999989,0.47868596003808783,1.3404169624782774e-5,-2.576206013674939e-15,4.017826263913449e-6,4.017826263913449e-6,7.208492694821339e-6,4.017826263913449e-6,NaN,diag_feasible,0,0,0,0,0,0,29,3.180377206975157e-14,1.12.6,lbt,1,1,Intel(R) Core(TM) 7 150U,NT,c8c2c51
degen-r20-m20-d0-p3,100,SBB-Dual,1e-7*n,9.999999999999999e-6,10,11,0.0544525,0.0534791,98.21238694274828,6.66e-5,3.36e-5,0.000233,0.0,0.0,0.0006401999999999993,0.48271165045619685,8.733024509886214e-6,-2.2631909015768985e-15,2.5086921255912387e-6,0.0,6.7641240825179844e-6,2.5086921255912387e-6,100.0,diag_feasible,0,0,0,0,0,0,10,1.010690620373256e-12,1.12.6,lbt,1,1,Intel(R) Core(TM) 7 150U,NT,c8c2c51
degen-r20-m20-d0-p3,100,Newton-SIN-BH,1e-7*n,9.999999999999999e-6,3,4,0.0265591,0.0210124,79.11563268333641,0.0,1.46e-5,0.0,0.0048414,0.0,0.0006906999999999981,0.48271164980254877,2.6397790125814827e-9,-2.763368354285632e-15,7.653691014297692e-10,7.653691014297692e-10,1.6263362731074042e-9,7.653691014297692e-10,NaN,converged,11,11,0,0,0,0,3,1.010690620373256e-12,1.12.6,lbt,1,1,Intel(R) Core(TM) 7 150U,NT,c8c2c51
degen-r20-m20-d0-p3,100,Newton-SIN,1e-7*n,9.999999999999999e-6,3,7,0.0401804,0.0341284,84.93792993598869,0.0,1.51e-5,0.0,0.0056326,0.0,0.00040429999999999546,0.48271164980254877,2.6397790125814827e-9,-2.763368354285632e-15,7.653691014297692e-10,7.653691014297692e-10,1.6263362731074042e-9,7.653691014297692e-10,NaN,converged,11,11,0,0,0,0,3,1.010690620373256e-12,1.12.6,lbt,1,1,Intel(R) Core(TM) 7 150U,NT,c8c2c51
degen-r20-m20-d0-p3,100,AGD-SDAJ-BH,1e-7*n,9.999999999999999e-6,3,19,0.0892964,0.0881679,98.73623124784424,0.0,5.43e-5,0.0,0.0,0.0,0.0010742000000000045,0.4827142761001659,5.4892027958538295e-6,-3.0718671444575572e-15,6.042006015505308e-7,6.042006015505308e-7,2.7083545639724106e-6,6.042006015505308e-7,NaN,diag_feasible,0,0,0,0,0,0,3,1.010690620373256e-12,1.12.6,lbt,1,1,Intel(R) Core(TM) 7 150U,NT,c8c2c51
degen-r20-m20-d0-p3,100,AGD-SDAJ,1e-7*n,9.999999999999999e-6,3,19,0.0808356,0.0798041,98.72395330770107,0.0,4.64e-5,0.0,0.0,0.0,0.0009850999999999907,0.4827142761001659,5.4892027958538295e-6,-3.0718671444575572e-15,6.042006015505308e-7,6.042006015505308e-7,2.7083545639724106e-6,6.042006015505308e-7,NaN,diag_feasible,0,0,0,0,0,0,3,1.010690620373256e-12,1.12.6,lbt,1,1,Intel(R) Core(TM) 7 150U,NT,c8c2c51
degen-r20-m20-d0-p3,100,Dykstra-APM,1e-7*n,9.999999999999999e-6,26,26,0.1087039,0.1019758,93.81061765033269,0.0,0.0,0.0,0.0,0.0027379,0.003990200000000001,0.48270508697707676,1.1856336631963752e-5,-2.5758949866853935e-15,2.1707506623336315e-6,2.1707506623336315e-6,6.792863603003935e-6,2.1707506623336315e-6,NaN,diag_feasible,0,0,0,0,0,0,26,1.010690620373256e-12,1.12.6,lbt,1,1,Intel(R) Core(TM) 7 150U,NT,c8c2c51
degen-r20-m20-d0-p4,100,SBB-Dual,1e-7*n,9.999999999999999e-6,11,12,0.0427451,0.0415435,97.18891756014139,7.86e-5,3.0e-5,0.0003626,0.0,0.0,0.0007304000000000039,0.4812179848704673,1.0326475785007444e-5,-2.2198779458482807e-15,7.0904621549683355e-6,0.0,9.802904631018915e-6,7.0904621549683355e-6,100.0,diag_feasible,0,0,0,0,0,0,11,9.089079320123186e-14,1.12.6,lbt,1,1,Intel(R) Core(TM) 7 150U,NT,c8c2c51
degen-r20-m20-d0-p4,100,Newton-SIN-BH,1e-7*n,9.999999999999999e-6,3,4,0.0213995,0.0156047,72.9208626369775,0.0,1.2e-5,0.0,0.0053169,0.0,0.0004658999999999974,0.4812179827757515,8.460586898086114e-9,-2.950753370532544e-15,3.718297669763615e-9,3.718297669763615e-9,4.761625329314542e-9,3.718297669763615e-9,NaN,converged,12,12,0,0,0,0,3,9.089079320123186e-14,1.12.6,lbt,1,1,Intel(R) Core(TM) 7 150U,NT,c8c2c51
degen-r20-m20-d0-p4,100,Newton-SIN,1e-7*n,9.999999999999999e-6,3,7,0.0308978,0.026015800000000002,84.19952229608582,0.0,9.5e-6,0.0,0.0045777,0.0,0.00029479999999999784,0.4812179827757515,8.460586898086114e-9,-2.950753370532544e-15,3.718297669763615e-9,3.718297669763615e-9,4.761625329314542e-9,3.718297669763615e-9,NaN,converged,12,12,0,0,0,0,3,9.089079320123186e-14,1.12.6,lbt,1,1,Intel(R) Core(TM) 7 150U,NT,c8c2c51
degen-r20-m20-d0-p4,100,AGD-SDAJ-BH,1e-7*n,9.999999999999999e-6,4,24,0.116859,0.11506079999999999,98.46122249890892,0.0,6.25e-5,0.0,0.0,0.0,0.0017357000000000136,0.48122193051636775,9.171108153593688e-6,-3.3097131311538465e-15,3.3950716600283926e-6,3.3950716600283926e-6,5.028347880719682e-6,3.3950716600283926e-6,NaN,diag_feasible_at_xpre,0,0,3,3,0,0,4,9.089079320123186e-14,1.12.6,lbt,1,1,Intel(R) Core(TM) 7 150U,NT,c8c2c51
degen-r20-m20-d0-p4,100,AGD-SDAJ,1e-7*n,9.999999999999999e-6,4,24,0.0896212,0.0885239,98.77562451741329,0.0,5.16e-5,0.0,0.0,0.0,0.0010456999999999955,0.48122193051636775,9.171108153593688e-6,-3.3097131311538465e-15,3.3950716600283926e-6,3.3950716600283926e-6,5.028347880719682e-6,3.3950716600283926e-6,NaN,diag_feasible_at_xpre,0,0,3,3,0,0,4,9.089079320123186e-14,1.12.6,lbt,1,1,Intel(R) Core(TM) 7 150U,NT,c8c2c51
degen-r20-m20-d0-p4,100,Dykstra-APM,1e-7*n,9.999999999999999e-6,28,28,0.1250579,0.1165706,93.2133035977735,0.0,0.0,0.0,0.0,0.0036754,0.004811900000000003,0.4812118528522347,1.4296453250545777e-5,-2.5348703029494666e-15,4.7699390028910216e-6,4.7699390028910216e-6,7.745082403687563e-6,4.7699390028910216e-6,NaN,diag_feasible,0,0,0,0,0,0,28,9.089079320123186e-14,1.12.6,lbt,1,1,Intel(R) Core(TM) 7 150U,NT,c8c2c51
degen-r50-m1-d0.01-p0,100,SBB-Dual,1e-7*n,9.999999999999999e-6,6,7,0.0260861,0.0254777,97.66772342358573,3.25e-5,1.83e-5,0.0001991,0.0,0.0,0.00035850000000000205,0.4966585453901444,2.908256875431151e-6,-1.6799630067231602e-15,8.969026394911594e-7,0.0,3.2890323782520017e-6,8.969026394911594e-7,20.0,diag_feasible,0,0,0,0,0,0,6,4.237708341583155e-14,1.12.6,lbt,1,1,Intel(R) Core(TM) 7 150U,NT,c8c2c51
degen-r50-m1-d0.01-p0,100,Newton-SIN-BH,1e-7*n,9.999999999999999e-6,3,4,0.0199076,0.0147844,74.26510478410255,0.0,9.9e-6,0.0,0.0047126,0.0,0.00040070000000000123,0.4966585453106785,8.55350607922183e-10,-1.5168138183086288e-15,3.837425932573524e-10,3.837425932573524e-10,7.16915390435697e-10,3.837425932573524e-10,NaN,converged,9,9,0,0,0,0,3,4.237708341583155e-14,1.12.6,lbt,1,1,Intel(R) Core(TM) 7 150U,NT,c8c2c51
degen-r50-m1-d0.01-p0,100,Newton-SIN,1e-7*n,9.999999999999999e-6,3,7,0.0234915,0.019869699999999997,84.58250856692845,0.0,1.01e-5,0.0,0.003349,0.0,0.00026270000000000156,0.4966585453106785,8.55350607922183e-10,-1.5168138183086288e-15,3.837425932573524e-10,3.837425932573524e-10,7.16915390435697e-10,3.837425932573524e-10,NaN,converged,9,9,0,0,0,0,3,4.237708341583155e-14,1.12.6,lbt,1,1,Intel(R) Core(TM) 7 150U,NT,c8c2c51
degen-r50-m1-d0.01-p0,100,AGD-SDAJ-BH,1e-7*n,9.999999999999999e-6,2,16,0.0538341,0.0531877,98.79927406606592,0.0,3.0e-5,0.0,0.0,0.0,0.0006164000000000053,0.4966550592881037,6.083019339932024e-6,-1.342312966543714e-15,9.928168964723483e-7,9.928168964723483e-7,4.613609721406991e-6,9.928168964723483e-7,NaN,diag_feasible,0,0,3,3,0,0,2,4.237708341583155e-14,1.12.6,lbt,1,1,Intel(R) Core(TM) 7 150U,NT,c8c2c51
degen-r50-m1-d0.01-p0,100,AGD-SDAJ,1e-7*n,9.999999999999999e-6,2,16,0.0540481,0.0533398,98.68950064849643,0.0,3.5e-5,0.0,0.0,0.0,0.000673300000000002,0.4966550592881037,6.083019339932024e-6,-1.342312966543714e-15,9.928168964723483e-7,9.928168964723483e-7,4.613609721406991e-6,9.928168964723483e-7,NaN,diag_feasible,0,0,3,3,0,0,2,4.237708341583155e-14,1.12.6,lbt,1,1,Intel(R) Core(TM) 7 150U,NT,c8c2c51
degen-r50-m1-d0.01-p0,100,Dykstra-APM,1e-7*n,9.999999999999999e-6,17,17,0.0722477,0.0671893,92.99853144113929,0.0,0.0,0.0,0.0,0.0022411,0.0028173000000000043,0.49665343211219276,7.548903010992666e-6,-1.5388783122220695e-15,1.3297130758704867e-6,1.3297130758704867e-6,5.278648060304416e-6,1.3297130758704867e-6,NaN,diag_feasible,0,0,0,0,0,0,17,4.237708341583155e-14,1.12.6,lbt,1,1,Intel(R) Core(TM) 7 150U,NT,c8c2c51
degen-r50-m1-d0.01-p1,100,SBB-Dual,1e-7*n,9.999999999999999e-6,6,7,0.0253348,0.0248695,98.16339580340085,2.51e-5,1.4e-5,0.0001291,0.0,0.0,0.0002971000000000018,0.49684065772212643,2.361037614770947e-6,-1.4934205793037261e-15,7.499930652077325e-7,0.0,2.5277127133764975e-6,7.499930652077325e-7,20.0,diag_feasible,0,0,0,0,0,0,6,2.8400451117635375e-14,1.12.6,lbt,1,1,Intel(R) Core(TM) 7 150U,NT,c8c2c51
degen-r50-m1-d0.01-p1,100,Newton-SIN-BH,1e-7*n,9.999999999999999e-6,3,4,0.0212817,0.0164126,77.12071873957437,0.0,9.5e-6,0.0,0.0043456,0.0,0.0005140000000000014,0.49684065765781116,4.717956178872782e-10,-1.5341128707313536e-15,2.0353296825703637e-10,2.0353296825703637e-10,3.973795903206317e-10,2.0353296825703637e-10,NaN,converged,9,9,0,0,0,0,3,2.8400451117635375e-14,1.12.6,lbt,1,1,Intel(R) Core(TM) 7 150U,NT,c8c2c51
degen-r50-m1-d0.01-p1,100,Newton-SIN,1e-7*n,9.999999999999999e-6,3,7,0.0380513,0.0328838,86.41964926296866,0.0,1.18e-5,0.0,0.0048447,0.0,0.00031100000000000485,0.49684065765781116,4.717956178872782e-10,-1.5341128707313536e-15,2.0353296825703637e-10,2.0353296825703637e-10,3.973795903206317e-10,2.0353296825703637e-10,NaN,converged,9,9,0,0,0,0,3,2.8400451117635375e-14,1.12.6,lbt,1,1,Intel(R) Core(TM) 7 150U,NT,c8c2c51
degen-r50-m1-d0.01-p1,100,AGD-SDAJ-BH,1e-7*n,9.999999999999999e-6,2,13,0.0425823,0.042011599999999996,98.65977178311176,0.0,2.49e-5,0.0,0.0,0.0,0.0005458000000000004,0.49683856857399544,3.513186243210978e-6,-1.4924547219324313e-15,5.184338444097492e-7,5.184338444097492e-7,2.6553604213381698e-6,5.184338444097492e-7,NaN,diag_feasible,0,0,0,0,0,0,2,2.8400451117635375e-14,1.12.6,lbt,1,1,Intel(R) Core(TM) 7 150U,NT,c8c2c51
degen-r50-m1-d0.01-p1,100,AGD-SDAJ,1e-7*n,9.999999999999999e-6,2,13,0.0503086,0.0496127,98.61673749617361,0.0,2.8e-5,0.0,0.0,0.0,0.0006678999999999993,0.49683856857399544,3.513186243210978e-6,-1.4924547219324313e-15,5.184338444097492e-7,5.184338444097492e-7,2.6553604213381698e-6,5.184338444097492e-7,NaN,diag_feasible,0,0,0,0,0,0,2,2.8400451117635375e-14,1.12.6,lbt,1,1,Intel(R) Core(TM) 7 150U,NT,c8c2c51
degen-r50-m1-d0.01-p1,100,Dykstra-APM,1e-7*n,9.999999999999999e-6,16,16,0.0620841,0.0572961,92.28788047181162,0.0,0.0,0.0,0.0,0.0021862,0.0026018000000000005,0.49683118737996346,1.3824446377812905e-5,-1.5938731948793591e-15,2.2367076244478312e-6,2.2367076244478312e-6,9.686421695020262e-6,2.2367076244478312e-6,NaN,diag_feasible,0,0,0,0,0,0,16,2.8400451117635375e-14,1.12.6,lbt,1,1,Intel(R) Core(TM) 7 150U,NT,c8c2c51
degen-r50-m1-d0.01-p2,100,SBB-Dual,1e-7*n,9.999999999999999e-6,6,7,0.0205909,0.020047099999999998,97.35902753157949,2.02e-5,1.21e-5,0.0001206,0.0,0.0,0.00039090000000000056,0.49620281729082605,2.917492942220093e-6,-1.4388785452055682e-15,7.204087308920748e-7,0.0,3.2231445293640494e-6,7.204087308920748e-7,20.0,diag_feasible,0,0,0,0,0,0,6,1.9351668218796725e-14,1.12.6,lbt,1,1,Intel(R) Core(TM) 7 150U,NT,c8c2c51
degen-r50-m1-d0.01-p2,100,Newton-SIN-BH,1e-7*n,9.999999999999999e-6,3,4,0.0207449,0.015697,75.66679039185534,0.0,1.06e-5,0.0,0.0046284,0.0,0.00040890000000000024,0.4962028171848921,1.5935076703591637e-9,-1.666686019746577e-15,5.707869732418658e-10,5.707869732418658e-10,1.364937085871587e-9,5.707869732418658e-10,NaN,converged,9,9,0,0,0,0,3,1.9351668218796725e-14,1.12.6,lbt,1,1,Intel(R) Core(TM) 7 150U,NT,c8c2c51
degen-r50-m1-d0.01-p2,100,Newton-SIN,1e-7*n,9.999999999999999e-6,3,7,0.0283895,0.0245315,86.41046865918737,0.0,9.5e-6,0.0,0.0035508,0.0,0.00029770000000000057,0.4962028171848921,1.5935076703591637e-9,-1.666686019746577e-15,5.707869732418658e-10,5.707869732418658e-10,1.364937085871587e-9,5.707869732418658e-10,NaN,converged,9,9,0,0,0,0,3,1.9351668218796725e-14,1.12.6,lbt,1,1,Intel(R) Core(TM) 7 150U,NT,c8c2c51
degen-r50-m1-d0.01-p2,100,AGD-SDAJ-BH,1e-7*n,9.999999999999999e-6,2,13,0.04933,0.0486129,98.54632069734443,0.0,7.22e-5,0.0,0.0,0.0,0.0006448999999999983,0.4962006188223291,3.7115450352258507e-6,-1.7532216575110295e-15,7.003089603774271e-7,7.003089603774271e-7,2.789755034465923e-6,7.003089603774271e-7,NaN,diag_feasible,0,0,0,0,0,0,2,1.9351668218796725e-14,1.12.6,lbt,1,1,Intel(R) Core(TM) 7 150U,NT,c8c2c51
degen-r50-m1-d0.01-p2,100,AGD-SDAJ,1e-7*n,9.999999999999999e-6,2,13,0.0501624,0.049477200000000006,98.63403664896417,0.0,2.96e-5,0.0,0.0,0.0,0.000655599999999997,0.4962006188223291,3.7115450352258507e-6,-1.7532216575110295e-15,7.003089603774271e-7,7.003089603774271e-7,2.789755034465923e-6,7.003089603774271e-7,NaN,diag_feasible,0,0,0,0,0,0,2,1.9351668218796725e-14,1.12.6,lbt,1,1,Intel(R) Core(TM) 7 150U,NT,c8c2c51
degen-r50-m1-d0.01-p2,100,Dykstra-APM,1e-7*n,9.999999999999999e-6,17,17,0.0676379,0.0630548,93.22406520604571,0.0,0.0,0.0,0.0,0.0017982,0.002784900000000007,0.49619763630345903,7.552583767696151e-6,-1.4837090098284454e-15,1.0058485331310152e-6,1.0058485331310152e-6,5.281121005066874e-6,1.0058485331310152e-6,NaN,diag_feasible,0,0,0,0,0,0,17,1.9351668218796725e-14,1.12.6,lbt,1,1,Intel(R) Core(TM) 7 150U,NT,c8c2c51
degen-r50-m1-d0.01-p3,100,SBB-Dual,1e-7*n,9.999999999999999e-6,6,7,0.02839,0.027813,97.96759422331807,4.59e-5,1.54e-5,0.000199,0.0,0.0,0.0003166999999999976,0.49635012586213045,2.758473389288664e-6,-1.3901384567166018e-15,1.1404647961565928e-6,0.0,3.186694134050901e-6,1.1404647961565928e-6,20.0,diag_feasible,0,0,0,0,0,0,6,1.8198516278112896e-14,1.12.6,lbt,1,1,Intel(R) Core(TM) 7 150U,NT,c8c2c51
degen-r50-m1-d0.01-p3,100,Newton-SIN-BH,1e-7*n,9.999999999999999e-6,3,4,0.0269867,0.020635800000000003,76.46655574783136,0.0,1.25e-5,0.0,0.0057522,0.0,0.0005861999999999959,0.49635012574040793,1.4305248895300454e-9,-1.4380395283754888e-15,4.678433196403375e-10,4.678433196403375e-10,1.2213998476776018e-9,4.678433196403375e-10,NaN,converged,9,9,0,0,0,0,3,1.8198516278112896e-14,1.12.6,lbt,1,1,Intel(R) Core(TM) 7 150U,NT,c8c2c51
degen-r50-m1-d0.01-p3,100,Newton-SIN,1e-7*n,9.999999999999999e-6,3,7,0.0363795,0.029924,82.25511620555532,0.0,1.23e-5,0.0,0.0060496,0.0,0.0003936000000000035,0.49635012574040793,1.4305248895300454e-9,-1.4380395283754888e-15,4.678433196403375e-10,4.678433196403375e-10,1.2213998476776018e-9,4.678433196403375e-10,NaN,converged,9,9,0,0,0,0,3,1.8198516278112896e-14,1.12.6,lbt,1,1,Intel(R) Core(TM) 7 150U,NT,c8c2c51
degen-r50-m1-d0.01-p3,100,AGD-SDAJ-BH,1e-7*n,9.999999999999999e-6,2,14,0.0863656,0.08542250000000001,98.90801430199062,0.0,5.08e-5,0.0,0.0,0.0,0.0008922999999999883,0.49634674551516383,5.66255061002454e-6,-1.2283815538212645e-15,9.585438629500231e-7,9.585438629500231e-7,4.240060417137057e-6,9.585438629500231e-7,NaN,diag_feasible,0,0,1,1,0,0,2,1.8198516278112896e-14,1.12.6,lbt,1,1,Intel(R) Core(TM) 7 150U,NT,c8c2c51
degen-r50-m1-d0.01-p3,100,AGD-SDAJ,1e-7*n,9.999999999999999e-6,2,14,0.0654545,0.064649,98.76937414539871,0.0,3.57e-5,0.0,0.0,0.0,0.0007698000000000006,0.49634674551516383,5.66255061002454e-6,-1.2283815538212645e-15,9.585438629500231e-7,9.585438629500231e-7,4.240060417137057e-6,9.585438629500231e-7,NaN,diag_feasible,0,0,1,1,0,0,2,1.8198516278112896e-14,1.12.6,lbt,1,1,Intel(R) Core(TM) 7 150U,NT,c8c2c51
degen-r50-m1-d0.01-p3,100,Dykstra-APM,1e-7*n,9.999999999999999e-6,17,17,0.087926,0.0820514,93.31869981575416,0.0,0.0,0.0,0.0,0.0025916,0.0032830000000000077,0.49634502179881723,7.4518014363508504e-6,-1.6641598883757693e-15,1.073783161276154e-6,1.073783161276154e-6,5.212729499923859e-6,1.073783161276154e-6,NaN,diag_feasible,0,0,0,0,0,0,17,1.8198516278112896e-14,1.12.6,lbt,1,1,Intel(R) Core(TM) 7 150U,NT,c8c2c51
degen-r50-m1-d0.01-p4,100,SBB-Dual,1e-7*n,9.999999999999999e-6,6,7,0.0269426,0.026451699999999998,98.17797836882853,2.37e-5,1.5e-5,0.0001718,0.0,0.0,0.0002804000000000025,0.49598057814933716,3.368598355676022e-6,-1.6159067688367363e-15,1.2984509435431946e-6,0.0,3.6652613778152085e-6,1.2984509435431946e-6,20.0,diag_feasible,0,0,0,0,0,0,6,3.000828301088599e-14,1.12.6,lbt,1,1,Intel(R) Core(TM) 7 150U,NT,c8c2c51
degen-r50-m1-d0.01-p4,100,Newton-SIN-BH,1e-7*n,9.999999999999999e-6,3,4,0.0252137,0.0197982,78.52159738554833,0.0,1.19e-5,0.0,0.0049049,0.0,0.0004987000000000004,0.49598057803537254,1.3055835417330486e-9,-1.6396798744789087e-15,5.296842964241932e-10,5.296842964241932e-10,1.120286559836185e-9,5.296842964241932e-10,NaN,converged,9,9,0,0,0,0,3,3.000828301088599e-14,1.12.6,lbt,1,1,Intel(R) Core(TM) 7 150U,NT,c8c2c51
degen-r50-m1-d0.01-p4,100,Newton-SIN,1e-7*n,9.999999999999999e-6,3,7,0.0318032,0.0266169,83.69252150726972,0.0,1.18e-5,0.0,0.0048576,0.0,0.00031689999999999757,0.49598057803537254,1.3055835417330486e-9,-1.6396798744789087e-15,5.296842964241932e-10,5.296842964241932e-10,1.120286559836185e-9,5.296842964241932e-10,NaN,converged,9,9,0,0,0,0,3,3.000828301088599e-14,1.12.6,lbt,1,1,Intel(R) Core(TM) 7 150U,NT,c8c2c51
degen-r50-m1-d0.01-p4,100,AGD-SDAJ-BH,1e-7*n,9.999999999999999e-6,2,13,0.0554482,0.0544511,98.20174505213876,0.0,0.0003435,0.0,0.0,0.0,0.0006536000000000007,0.49597862952532945,3.2174216558551435e-6,-1.9616297886899146e-15,5.602857580111475e-7,5.602857580111475e-7,2.393662614036282e-6,5.602857580111475e-7,NaN,diag_feasible,0,0,0,0,0,0,2,3.000828301088599e-14,1.12.6,lbt,1,1,Intel(R) Core(TM) 7 150U,NT,c8c2c51
degen-r50-m1-d0.01-p4,100,AGD-SDAJ,1e-7*n,9.999999999999999e-6,2,13,0.0573181,0.0565022,98.57654039474443,0.0,3.45e-5,0.0,0.0,0.0,0.0007813999999999944,0.49597862952532945,3.2174216558551435e-6,-1.9616297886899146e-15,5.602857580111475e-7,5.602857580111475e-7,2.393662614036282e-6,5.602857580111475e-7,NaN,diag_feasible,0,0,0,0,0,0,2,3.000828301088599e-14,1.12.6,lbt,1,1,Intel(R) Core(TM) 7 150U,NT,c8c2c51
degen-r50-m1-d0.01-p4,100,Dykstra-APM,1e-7*n,9.999999999999999e-6,17,17,0.0746491,0.0690663,92.52127621096571,0.0,0.0,0.0,0.0,0.0023737,0.003209099999999999,0.49597520360671465,7.849431246604477e-6,-1.5704055443206446e-15,9.977461774557383e-7,9.977461774557383e-7,5.484272895845533e-6,9.977461774557383e-7,NaN,diag_feasible,0,0,0,0,0,0,17,3.000828301088599e-14,1.12.6,lbt,1,1,Intel(R) Core(TM) 7 150U,NT,c8c2c51
degen-r50-m1-d0.0001-p0,100,SBB-Dual,1e-7*n,9.999999999999999e-6,6,7,0.0297107,0.0290622,97.8172846819496,3.11e-5,1.89e-5,0.0002024,0.0,0.0,0.00039609999999999976,0.49749367573357467,2.1845606263977903e-6,-1.419374847915658e-15,1.1709363693102048e-6,0.0,2.687570225876036e-6,1.1709363693102048e-6,20.0,diag_feasible,0,0,0,0,0,0,6,4.3666639618046384e-14,1.12.6,lbt,1,1,Intel(R) Core(TM) 7 150U,NT,c8c2c51
degen-r50-m1-d0.0001-p0,100,Newton-SIN-BH,1e-7*n,9.999999999999999e-6,3,4,0.0201947,0.0159843,79.1509653522954,0.0,1.08e-5,0.0,0.0037872,0.0,0.0004123999999999994,0.49749366771470643,6.682600982437266e-8,-1.5640692940840003e-15,2.0092017605222168e-8,2.0092017605222168e-8,5.608910418106398e-8,2.0092017605222168e-8,NaN,converged,7,7,0,0,0,0,3,4.3666639618046384e-14,1.12.6,lbt,1,1,Intel(R) Core(TM) 7 150U,NT,c8c2c51
degen-r50-m1-d0.0001-p0,100,Newton-SIN,1e-7*n,9.999999999999999e-6,3,7,0.0288438,0.025164799999999998,87.245092532884,0.0,1.39e-5,0.0,0.0033069,0.0,0.00035820000000000166,0.49749366771470643,6.682600982437266e-8,-1.5640692940840003e-15,2.0092017605222168e-8,2.0092017605222168e-8,5.608910418106398e-8,2.0092017605222168e-8,NaN,converged,7,7,0,0,0,0,3,4.3666639618046384e-14,1.12.6,lbt,1,1,Intel(R) Core(TM) 7 150U,NT,c8c2c51
degen-r50-m1-d0.0001-p0,100,AGD-SDAJ-BH,1e-7*n,9.999999999999999e-6,2,9,0.0643221,0.0612501,95.22403652865813,0.0,2.84e-5,0.0,0.0,0.0,0.0030435999999999914,0.4974952678495518,1.0286143453705342e-5,-1.4097259991972288e-15,4.439590850169317e-6,4.439590850169317e-6,8.543816244419578e-6,4.439590850169317e-6,NaN,diag_feasible_at_xpre,0,0,0,0,0,0,2,4.3666639618046384e-14,1.12.6,lbt,1,1,Intel(R) Core(TM) 7 150U,NT,c8c2c51
degen-r50-m1-d0.0001-p0,100,AGD-SDAJ,1e-7*n,9.999999999999999e-6,2,9,0.0363535,0.0357736,98.4048303464591,0.0,2.28e-5,0.0,0.0,0.0,0.0005570999999999943,0.4974952678495518,1.0286143453705342e-5,-1.4097259991972288e-15,4.439590850169317e-6,4.439590850169317e-6,8.543816244419578e-6,4.439590850169317e-6,NaN,diag_feasible_at_xpre,0,0,0,0,0,0,2,4.3666639618046384e-14,1.12.6,lbt,1,1,Intel(R) Core(TM) 7 150U,NT,c8c2c51
degen-r50-m1-d0.0001-p0,100,Dykstra-APM,1e-7*n,9.999999999999999e-6,16,16,0.0800956,0.0749921,93.62823925409137,0.0,0.0,0.0,0.0,0.0019904,0.003113099999999997,0.4974848096915325,1.3139135425755966e-5,-1.5532704018395678e-15,2.332304247731898e-6,2.332304247731898e-6,9.18780168606411e-6,2.332304247731898e-6,NaN,diag_feasible,0,0,0,0,0,0,16,4.3666639618046384e-14,1.12.6,lbt,1,1,Intel(R) Core(TM) 7 150U,NT,c8c2c51
degen-r50-m1-d0.0001-p1,100,SBB-Dual,1e-7*n,9.999999999999999e-6,6,7,0.0387046,0.0369621,95.49795114792556,3.7e-5,2.45e-5,0.0005477,0.0,0.0,0.0011333000000000011,0.49767793180975556,1.7037321819896132e-6,-1.4579553573809141e-15,1.4591308618028265e-6,0.0,2.1601473527173587e-6,1.4591308618028265e-6,20.0,diag_feasible,0,0,0,0,0,0,6,4.183001096556416e-13,1.12.6,lbt,1,1,Intel(R) Core(TM) 7 150U,NT,c8c2c51
degen-r50-m1-d0.0001-p1,100,Newton-SIN-BH,1e-7*n,9.999999999999999e-6,3,4,0.022577,0.0163405,72.37675510475262,0.0,1.28e-5,0.0,0.0056586,0.0,0.0005650999999999989,0.4976779243035009,5.3659574658183585e-8,-1.495293570313042e-15,2.0153019142377104e-8,2.0153019142377104e-8,4.5746068215103666e-8,2.0153019142377104e-8,NaN,converged,7,7,0,0,0,0,3,4.183001096556416e-13,1.12.6,lbt,1,1,Intel(R) Core(TM) 7 150U,NT,c8c2c51
degen-r50-m1-d0.0001-p1,100,Newton-SIN,1e-7*n,9.999999999999999e-6,3,7,0.0305024,0.026420799999999998,86.61875786823332,0.0,1.08e-5,0.0,0.0037639,0.0,0.000306900000000001,0.4976779243035009,5.3659574658183585e-8,-1.495293570313042e-15,2.0153019142377104e-8,2.0153019142377104e-8,4.5746068215103666e-8,2.0153019142377104e-8,NaN,converged,7,7,0,0,0,0,3,4.183001096556416e-13,1.12.6,lbt,1,1,Intel(R) Core(TM) 7 150U,NT,c8c2c51
degen-r50-m1-d0.0001-p1,100,AGD-SDAJ-BH,1e-7*n,9.999999999999999e-6,2,11,0.0413641,0.0407967,98.62827911159677,0.0,2.49e-5,0.0,0.0,0.0,0.0005425000000000026,0.49767865846857984,2.5616229820290167e-6,-1.5779536092004422e-15,1.398130061724956e-6,1.398130061724956e-6,2.1079542885584875e-6,1.398130061724956e-6,NaN,diag_feasible_at_xpre,0,0,0,0,0,0,2,4.183001096556416e-13,1.12.6,lbt,1,1,Intel(R) Core(TM) 7 150U,NT,c8c2c51
degen-r50-m1-d0.0001-p1,100,AGD-SDAJ,1e-7*n,9.999999999999999e-6,2,11,0.0449344,0.0442803,98.54432238997295,0.0,3.49e-5,0.0,0.0,0.0,0.0006191999999999977,0.49767865846857984,2.5616229820290167e-6,-1.5779536092004422e-15,1.398130061724956e-6,1.398130061724956e-6,2.1079542885584875e-6,1.398130061724956e-6,NaN,diag_feasible_at_xpre,0,0,0,0,0,0,2,4.183001096556416e-13,1.12.6,lbt,1,1,Intel(R) Core(TM) 7 150U,NT,c8c2c51
degen-r50-m1-d0.0001-p1,100,Dykstra-APM,1e-7*n,9.999999999999999e-6,16,16,0.0717791,0.0667236,92.9568634881184,0.0,0.0,0.0,0.0,0.0021659,0.0028896000000000043,0.4976695167000561,1.233040474503145e-5,-1.7795578076523997e-15,2.0127058852903446e-6,2.0127058852903446e-6,8.639774483799479e-6,2.0127058852903446e-6,NaN,diag_feasible,0,0,0,0,0,0,16,4.183001096556416e-13,1.12.6,lbt,1,1,Intel(R) Core(TM) 7 150U,NT,c8c2c51
degen-r50-m1-d0.0001-p2,100,SBB-Dual,1e-7*n,9.999999999999999e-6,6,7,0.0257948,0.025240600000000002,97.85150495448697,2.65e-5,1.4e-5,0.000209,0.0,0.0,0.0003046999999999977,0.49704152283059067,1.838774604465982e-6,-1.6213910419185227e-15,1.1454882022920998e-6,0.0,2.310163698641631e-6,1.1454882022920998e-6,20.0,diag_feasible,0,0,0,0,0,0,6,2.3409388803300216e-14,1.12.6,lbt,1,1,Intel(R) Core(TM) 7 150U,NT,c8c2c51
degen-r50-m1-d0.0001-p2,100,Newton-SIN-BH,1e-7*n,9.999999999999999e-6,3,4,0.0212059,0.0166765,78.64084995213597,0.0,8.9e-6,0.0,0.0041495,0.0,0.00037099999999999893,0.4970415161751598,6.77272377623962e-8,-1.6804180318080021e-15,2.9151680069894326e-8,2.9151680069894326e-8,5.7512657414282974e-8,2.9151680069894326e-8,NaN,converged,7,7,0,0,0,0,3,2.3409388803300216e-14,1.12.6,lbt,1,1,Intel(R) Core(TM) 7 150U,NT,c8c2c51
degen-r50-m1-d0.0001-p2,100,Newton-SIN,1e-7*n,9.999999999999999e-6,3,7,0.0292659,0.0259231,88.57783290450661,0.0,1.15e-5,0.0,0.0030392,0.0,0.0002921,0.4970415161751598,6.77272377623962e-8,-1.6804180318080021e-15,2.9151680069894326e-8,2.9151680069894326e-8,5.7512657414282974e-8,2.9151680069894326e-8,NaN,converged,7,7,0,0,0,0,3,2.3409388803300216e-14,1.12.6,lbt,1,1,Intel(R) Core(TM) 7 150U,NT,c8c2c51
degen-r50-m1-d0.0001-p2,100,AGD-SDAJ-BH,1e-7*n,9.999999999999999e-6,2,11,0.0441817,0.043578399999999996,98.63450252027422,0.0,2.67e-5,0.0,0.0,0.0,0.0005766000000000011,0.49704146132800414,2.8242751395930738e-6,-1.81300214528823e-15,1.269095045497437e-6,1.269095045497437e-6,2.3765827967208717e-6,1.269095045497437e-6,NaN,diag_feasible_at_xpre,0,0,0,0,0,0,2,2.3409388803300216e-14,1.12.6,lbt,1,1,Intel(R) Core(TM) 7 150U,NT,c8c2c51
degen-r50-m1-d0.0001-p2,100,AGD-SDAJ,1e-7*n,9.999999999999999e-6,2,11,0.0487388,0.048146,98.78372056759709,0.0,2.98e-5,0.0,0.0,0.0,0.0005629999999999975,0.49704146132800414,2.8242751395930738e-6,-1.81300214528823e-15,1.269095045497437e-6,1.269095045497437e-6,2.3765827967208717e-6,1.269095045497437e-6,NaN,diag_feasible_at_xpre,0,0,0,0,0,0,2,2.3409388803300216e-14,1.12.6,lbt,1,1,Intel(R) Core(TM) 7 150U,NT,c8c2c51
degen-r50-m1-d0.0001-p2,100,Dykstra-APM,1e-7*n,9.999999999999999e-6,16,16,0.0730038,0.0679114,93.02447269868144,0.0,0.0,0.0,0.0,0.002095,0.002997399999999997,0.49703258718419246,1.3065116074003929e-5,-2.018748015204485e-15,1.7593545895699947e-6,1.7593545895699947e-6,9.13587879581074e-6,1.7593545895699947e-6,NaN,diag_feasible,0,0,0,0,0,0,16,2.3409388803300216e-14,1.12.6,lbt,1,1,Intel(R) Core(TM) 7 150U,NT,c8c2c51
degen-r50-m1-d0.0001-p3,100,SBB-Dual,1e-7*n,9.999999999999999e-6,6,7,0.0281404,0.027484099999999997,97.6677659166181,2.97e-5,4.32e-5,0.0002006,0.0,0.0,0.00038280000000000204,0.49718200624709297,1.7941810496968996e-6,-1.5168064607820313e-15,1.0893734356809404e-6,0.0,2.4000367749070885e-6,1.0893734356809404e-6,20.0,diag_feasible,0,0,0,0,0,0,6,2.0920856027648023e-14,1.12.6,lbt,1,1,Intel(R) Core(TM) 7 150U,NT,c8c2c51
degen-r50-m1-d0.0001-p3,100,Newton-SIN-BH,1e-7*n,9.999999999999999e-6,3,4,0.0197303,0.0155282,78.70230052254655,0.0,9.8e-6,0.0,0.0037574,0.0,0.0004348999999999985,0.49718199692611387,7.927740316516969e-8,-1.637369943865162e-15,3.3462247639448606e-8,3.3462247639448606e-8,6.726748521988917e-8,3.3462247639448606e-8,NaN,converged,7,7,0,0,0,0,3,2.0920856027648023e-14,1.12.6,lbt,1,1,Intel(R) Core(TM) 7 150U,NT,c8c2c51
degen-r50-m1-d0.0001-p3,100,Newton-SIN,1e-7*n,9.999999999999999e-6,3,7,0.037902,0.0314305,82.92570312912248,0.0,1.37e-5,0.0,0.0061155,0.0,0.00034229999999999764,0.49718199692611387,7.927740316516969e-8,-1.637369943865162e-15,3.3462247639448606e-8,3.3462247639448606e-8,6.726748521988917e-8,3.3462247639448606e-8,NaN,converged,7,7,0,0,0,0,3,2.0920856027648023e-14,1.12.6,lbt,1,1,Intel(R) Core(TM) 7 150U,NT,c8c2c51
degen-r50-m1-d0.0001-p3,100,AGD-SDAJ-BH,1e-7*n,9.999999999999999e-6,2,9,0.0401355,0.0393531,98.0506035803715,0.0,4.27e-5,0.0,0.0,0.0,0.0007396999999999956,0.4971829922547842,9.450839637508134e-6,-1.5310050121730555e-15,2.941187925431521e-6,2.941187925431521e-6,7.987983764821882e-6,2.941187925431521e-6,NaN,diag_feasible_at_xpre,0,0,0,0,0,0,2,2.0920856027648023e-14,1.12.6,lbt,1,1,Intel(R) Core(TM) 7 150U,NT,c8c2c51
degen-r50-m1-d0.0001-p3,100,AGD-SDAJ,1e-7*n,9.999999999999999e-6,2,9,0.0439758,0.0434431,98.78865194038539,0.0,2.27e-5,0.0,0.0,0.0,0.000510000000000004,0.4971829922547842,9.450839637508134e-6,-1.5310050121730555e-15,2.941187925431521e-6,2.941187925431521e-6,7.987983764821882e-6,2.941187925431521e-6,NaN,diag_feasible_at_xpre,0,0,0,0,0,0,2,2.0920856027648023e-14,1.12.6,lbt,1,1,Intel(R) Core(TM) 7 150U,NT,c8c2c51
degen-r50-m1-d0.0001-p3,100,Dykstra-APM,1e-7*n,9.999999999999999e-6,16,16,0.0823741,0.0764271,92.78049775354145,0.0,0.0,0.0,0.0,0.0021965,0.0037505000000000077,0.4971731938221977,1.2906838706397325e-5,-1.680402445334404e-15,1.8516697988246733e-6,1.8516697988246733e-6,9.028647335907824e-6,1.8516697988246733e-6,NaN,diag_feasible,0,0,0,0,0,0,16,2.0920856027648023e-14,1.12.6,lbt,1,1,Intel(R) Core(TM) 7 150U,NT,c8c2c51
degen-r50-m1-d0.0001-p4,100,SBB-Dual,1e-7*n,9.999999999999999e-6,6,7,0.0304298,0.0297961,97.91750192245759,3.04e-5,1.99e-5,0.0002012,0.0,0.0,0.00038220000000000094,0.4968003252404364,1.993861044166396e-6,-1.6231178924962429e-15,1.2293035306365496e-6,0.0,2.479383504303633e-6,1.2293035306365496e-6,20.0,diag_feasible,0,0,0,0,0,0,6,1.7758363461021502e-14,1.12.6,lbt,1,1,Intel(R) Core(TM) 7 150U,NT,c8c2c51
degen-r50-m1-d0.0001-p4,100,Newton-SIN-BH,1e-7*n,9.999999999999999e-6,3,4,0.0251213,0.0201751,80.31073232675061,0.0,1.18e-5,0.0,0.0044042,0.0,0.000530199999999998,0.4968003224490744,6.364213640612888e-8,-1.5822766335270988e-15,1.8402880441747982e-8,1.8402880441747982e-8,5.4639752302560505e-8,1.8402880441747982e-8,NaN,converged,7,7,0,0,0,0,3,1.7758363461021502e-14,1.12.6,lbt,1,1,Intel(R) Core(TM) 7 150U,NT,c8c2c51
degen-r50-m1-d0.0001-p4,100,Newton-SIN,1e-7*n,9.999999999999999e-6,3,7,0.0367829,0.028711399999999998,78.05637945893335,0.0,1.15e-5,0.0,0.0077218,0.0,0.0003382000000000029,0.4968003224490744,6.364213640612888e-8,-1.5822766335270988e-15,1.8402880441747982e-8,1.8402880441747982e-8,5.4639752302560505e-8,1.8402880441747982e-8,NaN,converged,7,7,0,0,0,0,3,1.7758363461021502e-14,1.12.6,lbt,1,1,Intel(R) Core(TM) 7 150U,NT,c8c2c51
degen-r50-m1-d0.0001-p4,100,AGD-SDAJ-BH,1e-7*n,9.999999999999999e-6,2,11,0.0428615,0.0422556,98.58637705166642,0.0,2.57e-5,0.0,0.0,0.0,0.0005801999999999995,0.4968009972392264,3.4276023489310566e-6,-1.8462250648622346e-15,1.562571716240413e-6,1.562571716240413e-6,2.8785773162672636e-6,1.562571716240413e-6,NaN,diag_feasible_at_xpre,0,0,0,0,0,0,2,1.7758363461021502e-14,1.12.6,lbt,1,1,Intel(R) Core(TM) 7 150U,NT,c8c2c51
degen-r50-m1-d0.0001-p4,100,AGD-SDAJ,1e-7*n,9.999999999999999e-6,2,11,0.0436741,0.0430367,98.54055378359256,0.0,3.05e-5,0.0,0.0,0.0,0.0006069000000000032,0.4968009972392264,3.4276023489310566e-6,-1.8462250648622346e-15,1.562571716240413e-6,1.562571716240413e-6,2.8785773162672636e-6,1.562571716240413e-6,NaN,diag_feasible_at_xpre,0,0,0,0,0,0,2,1.7758363461021502e-14,1.12.6,lbt,1,1,Intel(R) Core(TM) 7 150U,NT,c8c2c51
degen-r50-m1-d0.0001-p4,100,Dykstra-APM,1e-7*n,9.999999999999999e-6,16,16,0.0792394,0.0729423,92.05306955883057,0.0,0.0,0.0,0.0,0.0032629,0.0030342,0.49679096103243736,1.373071350377994e-5,-1.742834851491554e-15,1.771826402041654e-6,1.771826402041654e-6,9.59376659429799e-6,1.771826402041654e-6,NaN,diag_feasible,0,0,0,0,0,0,16,1.7758363461021502e-14,1.12.6,lbt,1,1,Intel(R) Core(TM) 7 150U,NT,c8c2c51
degen-r50-m1-d1e-06-p0,100,SBB-Dual,1e-7*n,9.999999999999999e-6,6,7,0.0357802,0.0350031,97.82812840621351,3.07e-5,1.83e-5,0.0002038,0.0,0.0,0.0005242999999999959,0.49750297288364953,1.8961688346747447e-6,-1.4879175995674616e-15,1.3202987677596312e-6,0.0,2.4646165028286727e-6,1.3202987677596312e-6,20.0,diag_feasible,0,0,0,0,0,0,6,2.9561968330359064e-14,1.12.6,lbt,1,1,Intel(R) Core(TM) 7 150U,NT,c8c2c51
degen-r50-m1-d1e-06-p0,100,Newton-SIN-BH,1e-7*n,9.999999999999999e-6,3,4,0.020635,0.0165756,80.32759874000485,0.0,9.5e-6,0.0,0.0036719,0.0,0.00037800000000000116,0.49750287758456185,2.6377521150106286e-7,-1.6850226110317333e-15,1.503686428705464e-7,1.503686428705464e-7,2.1257855709849113e-7,1.503686428705464e-7,NaN,converged,7,7,0,0,0,0,3,2.9561968330359064e-14,1.12.6,lbt,1,1,Intel(R) Core(TM) 7 150U,NT,c8c2c51
degen-r50-m1-d1e-06-p0,100,Newton-SIN,1e-7*n,9.999999999999999e-6,3,7,0.0319283,0.0278796,87.31940003069377,0.0,1.05e-5,0.0,0.0037428,0.0,0.0002953999999999986,0.49750287758456185,2.6377521150106286e-7,-1.6850226110317333e-15,1.503686428705464e-7,1.503686428705464e-7,2.1257855709849113e-7,1.503686428705464e-7,NaN,converged,7,7,0,0,0,0,3,2.9561968330359064e-14,1.12.6,lbt,1,1,Intel(R) Core(TM) 7 150U,NT,c8c2c51
degen-r50-m1-d1e-06-p0,100,AGD-SDAJ-BH,1e-7*n,9.999999999999999e-6,2,9,0.0312376,0.0307901,98.56743155684175,0.0,1.99e-5,0.0,0.0,0.0,0.0004276,0.49750480868330077,1.0390923966071385e-5,-1.6544282768142673e-15,4.457952451519809e-6,4.457952451519809e-6,8.612583011746222e-6,4.457952451519809e-6,NaN,diag_feasible_at_xpre,0,0,0,0,0,0,2,2.9561968330359064e-14,1.12.6,lbt,1,1,Intel(R) Core(TM) 7 150U,NT,c8c2c51
degen-r50-m1-d1e-06-p0,100,AGD-SDAJ,1e-7*n,9.999999999999999e-6,2,9,0.0393555,0.0388917,98.8215116057476,0.0,2.28e-5,0.0,0.0,0.0,0.0004410000000000003,0.49750480868330077,1.0390923966071385e-5,-1.6544282768142673e-15,4.457952451519809e-6,4.457952451519809e-6,8.612583011746222e-6,4.457952451519809e-6,NaN,diag_feasible_at_xpre,0,0,0,0,0,0,2,2.9561968330359064e-14,1.12.6,lbt,1,1,Intel(R) Core(TM) 7 150U,NT,c8c2c51
degen-r50-m1-d1e-06-p0,100,Dykstra-APM,1e-7*n,9.999999999999999e-6,16,16,0.0727612,0.0679906,93.44348361489365,0.0,0.0,0.0,0.0,0.0018095,0.0029611,0.49749496038675806,1.1858324683628413e-5,-1.392502982818496e-15,2.221856188810989e-6,2.221856188810989e-6,8.337085007803587e-6,2.221856188810989e-6,NaN,diag_feasible,0,0,0,0,0,0,16,2.9561968330359064e-14,1.12.6,lbt,1,1,Intel(R) Core(TM) 7 150U,NT,c8c2c51
degen-r50-m1-d1e-06-p1,100,SBB-Dual,1e-7*n,9.999999999999999e-6,6,7,0.0303253,0.0294675,97.17133878312829,3.35e-5,2.18e-5,0.0001996,0.0,0.0,0.0006028999999999989,0.49768725399530583,1.5040751798920824e-6,-1.572142802923205e-15,1.632574422205657e-6,0.0,2.08027250194486e-6,1.632574422205657e-6,20.0,diag_feasible,0,0,0,0,0,0,6,2.943473232448205e-14,1.12.6,lbt,1,1,Intel(R) Core(TM) 7 150U,NT,c8c2c51
degen-r50-m1-d1e-06-p1,100,Newton-SIN-BH,1e-7*n,9.999999999999999e-6,3,4,0.0211922,0.0170821,80.6056001736488,0.0,9.7e-6,0.0,0.0035845,0.0,0.0005159000000000023,0.497687156629231,2.453479165940398e-7,-1.6562692627336016e-15,8.752479430107485e-8,8.752479430107485e-8,1.9628166312397495e-7,8.752479430107485e-8,NaN,converged,7,7,0,0,0,0,3,2.943473232448205e-14,1.12.6,lbt,1,1,Intel(R) Core(TM) 7 150U,NT,c8c2c51
degen-r50-m1-d1e-06-p1,100,Newton-SIN,1e-7*n,9.999999999999999e-6,3,7,0.0300345,0.026115199999999998,86.95067339226556,0.0,1.24e-5,0.0,0.0035351,0.0,0.0003718000000000007,0.497687156629231,2.453479165940398e-7,-1.6562692627336016e-15,8.752479430107485e-8,8.752479430107485e-8,1.9628166312397495e-7,8.752479430107485e-8,NaN,converged,7,7,0,0,0,0,3,2.943473232448205e-14,1.12.6,lbt,1,1,Intel(R) Core(TM) 7 150U,NT,c8c2c51
degen-r50-m1-d1e-06-p1,100,AGD-SDAJ-BH,1e-7*n,9.999999999999999e-6,2,11,0.0477617,0.0470601,98.53104056178906,0.0,2.66e-5,0.0,0.0,0.0,0.0006749999999999967,0.497688082668682,2.630871909906812e-6,-1.6303501058028939e-15,1.3512396841441898e-6,1.3512396841441898e-6,2.153195646331341e-6,1.3512396841441898e-6,NaN,diag_feasible_at_xpre,0,0,0,0,0,0,2,2.943473232448205e-14,1.12.6,lbt,1,1,Intel(R) Core(TM) 7 150U,NT,c8c2c51
degen-r50-m1-d1e-06-p1,100,AGD-SDAJ,1e-7*n,9.999999999999999e-6,2,11,0.046428,0.0458013,98.65016800206773,0.0,4.02e-5,0.0,0.0,0.0,0.0005864999999999939,0.497688082668682,2.630871909906812e-6,-1.6303501058028939e-15,1.3512396841441898e-6,1.3512396841441898e-6,2.153195646331341e-6,1.3512396841441898e-6,NaN,diag_feasible_at_xpre,0,0,0,0,0,0,2,2.943473232448205e-14,1.12.6,lbt,1,1,Intel(R) Core(TM) 7 150U,NT,c8c2c51
degen-r50-m1-d1e-06-p1,100,Dykstra-APM,1e-7*n,9.999999999999999e-6,16,16,0.0769603,0.0717209,93.19207435521952,0.0,0.0,0.0,0.0,0.0020475,0.0031918999999999914,0.49767966734699215,1.1086927464731777e-5,-1.2582995829820382e-15,1.8792361369257549e-6,1.8792361369257549e-6,7.808483018398101e-6,1.8792361369257549e-6,NaN,diag_feasible,0,0,0,0,0,0,16,2.943473232448205e-14,1.12.6,lbt,1,1,Intel(R) Core(TM) 7 150U,NT,c8c2c51
degen-r50-m1-d1e-06-p2,100,SBB-Dual,1e-7*n,9.999999999999999e-6,6,7,0.0288732,0.0282135,97.71518224512695,7.16e-5,1.78e-5,0.0001987,0.0,0.0,0.00037160000000000264,0.49705085400966875,1.5674204362578299e-6,-1.5222278913316945e-15,1.2739011382434384e-6,0.0,2.1226445500800627e-6,1.2739011382434384e-6,20.0,diag_feasible,0,0,0,0,0,0,6,2.3441748573779626e-14,1.12.6,lbt,1,1,Intel(R) Core(TM) 7 150U,NT,c8c2c51
degen-r50-m1-d1e-06-p2,100,Newton-SIN-BH,1e-7*n,9.999999999999999e-6,3,4,0.0215226,0.0173682,80.69749937275236,0.0,1.03e-5,0.0,0.0037098,0.0,0.0004342999999999986,0.4970507593018294,2.6513907241269364e-7,-1.490667667856048e-15,1.0686317009067636e-7,1.0686317009067636e-7,2.1204922893564927e-7,1.0686317009067636e-7,NaN,converged,7,7,0,0,0,0,3,2.3441748573779626e-14,1.12.6,lbt,1,1,Intel(R) Core(TM) 7 150U,NT,c8c2c51
degen-r50-m1-d1e-06-p2,100,Newton-SIN,1e-7*n,9.999999999999999e-6,3,7,0.0444845,0.0400055,89.93132439389,0.0,1.57e-5,0.0,0.0040529,0.0,0.00041040000000000434,0.4970507593018294,2.6513907241269364e-7,-1.490667667856048e-15,1.0686317009067636e-7,1.0686317009067636e-7,2.1204922893564927e-7,1.0686317009067636e-7,NaN,converged,7,7,0,0,0,0,3,2.3441748573779626e-14,1.12.6,lbt,1,1,Intel(R) Core(TM) 7 150U,NT,c8c2c51
degen-r50-m1-d1e-06-p2,100,AGD-SDAJ-BH,1e-7*n,9.999999999999999e-6,2,15,0.0805128,0.0796176,98.88812710525532,0.0,4.49e-5,0.0,0.0,0.0,0.0008502999999999988,0.4970508221370494,1.7791733844956323e-6,-1.2699734593904915e-15,8.034802780887418e-7,8.034802780887418e-7,1.5274606382768963e-6,8.034802780887418e-7,NaN,diag_feasible,0,0,2,2,0,0,2,2.3441748573779626e-14,1.12.6,lbt,1,1,Intel(R) Core(TM) 7 150U,NT,c8c2c51
degen-r50-m1-d1e-06-p2,100,AGD-SDAJ,1e-7*n,9.999999999999999e-6,2,15,0.0673232,0.0664637,98.72332271787438,0.0,4.57e-5,0.0,0.0,0.0,0.0008137999999999992,0.4970508221370494,1.7791733844956323e-6,-1.2699734593904915e-15,8.034802780887418e-7,8.034802780887418e-7,1.5274606382768963e-6,8.034802780887418e-7,NaN,diag_feasible,0,0,2,2,0,0,2,2.3441748573779626e-14,1.12.6,lbt,1,1,Intel(R) Core(TM) 7 150U,NT,c8c2c51
degen-r50-m1-d1e-06-p2,100,Dykstra-APM,1e-7*n,9.999999999999999e-6,16,16,0.0697177,0.0659061,94.5328087415391,0.0,0.0,0.0,0.0,0.0018261,0.0019854999999999986,0.49704280265446416,1.171113721951107e-5,-1.541917048957323e-15,1.6793404293835579e-6,1.6793404293835579e-6,8.238230529091359e-6,1.6793404293835579e-6,NaN,diag_feasible,0,0,0,0,0,0,16,2.3441748573779626e-14,1.12.6,lbt,1,1,Intel(R) Core(TM) 7 150U,NT,c8c2c51
degen-r50-m1-d1e-06-p3,100,SBB-Dual,1e-7*n,9.999999999999999e-6,6,7,0.0335121,0.0328306,97.96640616374384,3.66e-5,2.18e-5,0.0002192,0.0,0.0,0.0004039000000000015,0.4971912674882102,1.6483912390691798e-6,-1.818091910988052e-15,1.2918376396386932e-6,0.0,2.3343327229274843e-6,1.2918376396386932e-6,20.0,diag_feasible,0,0,0,0,0,0,6,1.7928984715424303e-14,1.12.6,lbt,1,1,Intel(R) Core(TM) 7 150U,NT,c8c2c51
degen-r50-m1-d1e-06-p3,100,Newton-SIN-BH,1e-7*n,9.999999999999999e-6,3,4,0.021706,0.0170783,78.68008845480513,0.0,1.28e-5,0.0,0.0040333,0.0,0.0005815999999999981,0.49719117117649075,2.696130409234497e-7,-1.505307841270671e-15,1.213080758066809e-7,1.213080758066809e-7,2.1562660012299014e-7,1.213080758066809e-7,NaN,converged,7,7,0,0,0,0,3,1.7928984715424303e-14,1.12.6,lbt,1,1,Intel(R) Core(TM) 7 150U,NT,c8c2c51
degen-r50-m1-d1e-06-p3,100,Newton-SIN,1e-7*n,9.999999999999999e-6,3,7,0.0382714,0.0321854,84.09778581394986,0.0,1.5e-5,0.0,0.0056507,0.0,0.0004202999999999941,0.49719117117649075,2.696130409234497e-7,-1.505307841270671e-15,1.213080758066809e-7,1.213080758066809e-7,2.1562660012299014e-7,1.213080758066809e-7,NaN,converged,7,7,0,0,0,0,3,1.7928984715424303e-14,1.12.6,lbt,1,1,Intel(R) Core(TM) 7 150U,NT,c8c2c51
degen-r50-m1-d1e-06-p3,100,AGD-SDAJ-BH,1e-7*n,9.999999999999999e-6,2,9,0.0466549,0.0459633,98.5176262300423,0.0,2.78e-5,0.0,0.0,0.0,0.0006638000000000005,0.4971925386902296,9.549571052730352e-6,-1.7514047075857127e-15,2.9141868875814936e-6,2.9141868875814936e-6,8.055886709000677e-6,2.9141868875814936e-6,NaN,diag_feasible_at_xpre,0,0,0,0,0,0,2,1.7928984715424303e-14,1.12.6,lbt,1,1,Intel(R) Core(TM) 7 150U,NT,c8c2c51
degen-r50-m1-d1e-06-p3,100,AGD-SDAJ,1e-7*n,9.999999999999999e-6,2,9,0.040796,0.0401288,98.36454554368076,0.0,3.25e-5,0.0,0.0,0.0,0.0006346999999999998,0.4971925386902296,9.549571052730352e-6,-1.7514047075857127e-15,2.9141868875814936e-6,2.9141868875814936e-6,8.055886709000677e-6,2.9141868875814936e-6,NaN,diag_feasible_at_xpre,0,0,0,0,0,0,2,1.7928984715424303e-14,1.12.6,lbt,1,1,Intel(R) Core(TM) 7 150U,NT,c8c2c51
degen-r50-m1-d1e-06-p3,100,Dykstra-APM,1e-7*n,9.999999999999999e-6,16,16,0.0762987,0.070824,92.82464838850466,0.0,0.0,0.0,0.0,0.0022355,0.003239199999999999,0.497183325537046,1.1570512069485775e-5,-1.7524031320407682e-15,1.6539179983343644e-6,1.6539179983343644e-6,8.141043855475153e-6,1.6539179983343644e-6,NaN,diag_feasible,0,0,0,0,0,0,16,1.7928984715424303e-14,1.12.6,lbt,1,1,Intel(R) Core(TM) 7 150U,NT,c8c2c51
degen-r50-m1-d1e-06-p4,100,SBB-Dual,1e-7*n,9.999999999999999e-6,6,7,0.0336183,0.0310559,92.3779608130096,3.23e-5,1.9e-5,0.0002133,0.0,0.0,0.002297799999999996,0.49680946365322964,1.7053673637890481e-6,-1.6134301048353121e-15,1.2763544319227549e-6,0.0,2.228729793658781e-6,1.2763544319227549e-6,20.0,diag_feasible,0,0,0,0,0,0,6,2.1848557281245476e-14,1.12.6,lbt,1,1,Intel(R) Core(TM) 7 150U,NT,c8c2c51
degen-r50-m1-d1e-06-p4,100,Newton-SIN-BH,1e-7*n,9.999999999999999e-6,3,4,0.0227001,0.0179848,79.22784481125633,0.0,1.32e-5,0.0,0.004148,0.0,0.0005541000000000027,0.4968093752736103,2.6401635361312015e-7,-1.5703205474906762e-15,1.5497824623622591e-7,1.5497824623622591e-7,2.164962723855659e-7,1.5497824623622591e-7,NaN,converged,7,7,0,0,0,0,3,2.1848557281245476e-14,1.12.6,lbt,1,1,Intel(R) Core(TM) 7 150U,NT,c8c2c51
degen-r50-m1-d1e-06-p4,100,Newton-SIN,1e-7*n,9.999999999999999e-6,3,7,0.0368777,0.031985,86.73263245809798,0.0,1.4e-5,0.0,0.0044755,0.0,0.0004031999999999994,0.4968093752736103,2.6401635361312015e-7,-1.5703205474906762e-15,1.5497824623622591e-7,1.5497824623622591e-7,2.164962723855659e-7,1.5497824623622591e-7,NaN,converged,7,7,0,0,0,0,3,2.1848557281245476e-14,1.12.6,lbt,1,1,Intel(R) Core(TM) 7 150U,NT,c8c2c51
degen-r50-m1-d1e-06-p4,100,AGD-SDAJ-BH,1e-7*n,9.999999999999999e-6,2,11,0.0504895,0.049778600000000006,98.59198447201895,0.0,3.3e-5,0.0,0.0,0.0,0.0006778999999999934,0.49681021268521197,3.384803100737431e-6,-1.3295668831697656e-15,1.5162418216529971e-6,1.5162418216529971e-6,2.830203986208078e-6,1.5162418216529971e-6,NaN,diag_feasible_at_xpre,0,0,0,0,0,0,2,2.1848557281245476e-14,1.12.6,lbt,1,1,Intel(R) Core(TM) 7 150U,NT,c8c2c51
degen-r50-m1-d1e-06-p4,100,AGD-SDAJ,1e-7*n,9.999999999999999e-6,2,11,0.0583808,0.0564214,96.6437595921947,0.0,3.65e-5,0.0,0.0,0.0,0.0019229,0.49681021268521197,3.384803100737431e-6,-1.3295668831697656e-15,1.5162418216529971e-6,1.5162418216529971e-6,2.830203986208078e-6,1.5162418216529971e-6,NaN,diag_feasible_at_xpre,0,0,0,0,0,0,2,2.1848557281245476e-14,1.12.6,lbt,1,1,Intel(R) Core(TM) 7 150U,NT,c8c2c51
degen-r50-m1-d1e-06-p4,100,Dykstra-APM,1e-7*n,9.999999999999999e-6,16,16,0.0874386,0.0815879,93.30879039691851,0.0,0.0,0.0,0.0,0.0026355,0.0032152000000000005,0.49680094603535013,1.246633394210938e-5,-1.5459434629133943e-15,1.7119300612655763e-6,1.7119300612655763e-6,8.75735188358877e-6,1.7119300612655763e-6,NaN,diag_feasible,0,0,0,0,0,0,16,2.1848557281245476e-14,1.12.6,lbt,1,1,Intel(R) Core(TM) 7 150U,NT,c8c2c51
degen-r50-m1-d1e-08-p0,100,SBB-Dual,1e-7*n,9.999999999999999e-6,6,7,0.0429094,0.042239099999999995,98.43787142211262,3.56e-5,2.21e-5,0.0002159,0.0,0.0,0.0003967000000000056,0.49750306594957655,1.895884284420879e-6,-1.866659778865559e-15,1.3215883191142197e-6,0.0,2.4641746259856586e-6,1.3215883191142197e-6,20.0,diag_feasible,0,0,0,0,0,0,6,2.277418976014671e-14,1.12.6,lbt,1,1,Intel(R) Core(TM) 7 150U,NT,c8c2c51
degen-r50-m1-d1e-08-p0,100,Newton-SIN-BH,1e-7*n,9.999999999999999e-6,3,4,0.0267566,0.0203638,76.10757719590681,0.0,1.46e-5,0.0,0.0057783,0.0,0.000599899999999997,0.4975030578660633,6.414014696383301e-8,-1.513091944308126e-15,1.9617770297131187e-8,1.9617770297131187e-8,5.401732498290676e-8,1.9617770297131187e-8,NaN,converged,7,7,0,0,0,0,3,2.277418976014671e-14,1.12.6,lbt,1,1,Intel(R) Core(TM) 7 150U,NT,c8c2c51
degen-r50-m1-d1e-08-p0,100,Newton-SIN,1e-7*n,9.999999999999999e-6,3,7,0.0372517,0.031809000000000004,85.38939162508021,0.0,1.29e-5,0.0,0.0050379,0.0,0.0003918999999999954,0.4975030578660633,6.414014696383301e-8,-1.513091944308126e-15,1.9617770297131187e-8,1.9617770297131187e-8,5.401732498290676e-8,1.9617770297131187e-8,NaN,converged,7,7,0,0,0,0,3,2.277418976014671e-14,1.12.6,lbt,1,1,Intel(R) Core(TM) 7 150U,NT,c8c2c51
degen-r50-m1-d1e-08-p0,100,AGD-SDAJ-BH,1e-7*n,9.999999999999999e-6,2,9,0.0405809,0.0398863,98.2883573306654,0.0,8.55e-5,0.0,0.0,0.0,0.0006091000000000036,0.4975049041796388,1.0392026497976771e-5,-1.5605015373090479e-15,4.4581276931188185e-6,4.4581276931188185e-6,8.61330696288917e-6,4.4581276931188185e-6,NaN,diag_feasible_at_xpre,0,0,0,0,0,0,2,2.277418976014671e-14,1.12.6,lbt,1,1,Intel(R) Core(TM) 7 150U,NT,c8c2c51
degen-r50-m1-d1e-08-p0,100,AGD-SDAJ,1e-7*n,9.999999999999999e-6,2,9,0.0439975,0.043418899999999996,98.68492527984543,0.0,2.85e-5,0.0,0.0,0.0,0.0005501000000000055,0.4975049041796388,1.0392026497976771e-5,-1.5605015373090479e-15,4.4581276931188185e-6,4.4581276931188185e-6,8.61330696288917e-6,4.4581276931188185e-6,NaN,diag_feasible_at_xpre,0,0,0,0,0,0,2,2.277418976014671e-14,1.12.6,lbt,1,1,Intel(R) Core(TM) 7 150U,NT,c8c2c51
degen-r50-m1-d1e-08-p0,100,Dykstra-APM,1e-7*n,9.999999999999999e-6,16,16,0.0848133,0.0792442,93.43369495114564,0.0,0.0,0.0,0.0,0.0024544,0.0031146999999999937,0.49749505345506323,1.1818483474706028e-5,-1.8563504625974742e-15,2.221854439765636e-6,2.221854439765636e-6,8.337082635075596e-6,2.221854439765636e-6,NaN,diag_feasible,0,0,0,0,0,0,16,2.277418976014671e-14,1.12.6,lbt,1,1,Intel(R) Core(TM) 7 150U,NT,c8c2c51
degen-r50-m1-d1e-08-p1,100,SBB-Dual,1e-7*n,9.999999999999999e-6,6,7,0.0316171,0.0309691,97.95047616637831,3.08e-5,1.99e-5,0.0002075,0.0,0.0,0.00038980000000000275,0.497687347311943,1.504482929071505e-6,-1.43573384654351e-15,1.6342794385559856e-6,0.0,2.081378222233222e-6,1.6342794385559856e-6,20.0,diag_feasible,0,0,0,0,0,0,6,2.008736799634406e-14,1.12.6,lbt,1,1,Intel(R) Core(TM) 7 150U,NT,c8c2c51
degen-r50-m1-d1e-08-p1,100,Newton-SIN-BH,1e-7*n,9.999999999999999e-6,3,4,0.0110701,0.008891699999999999,80.32176764437538,0.0,9.2e-6,0.0,0.0017819,0.0,0.00038730000000000036,0.49768733786038405,5.129357342697337e-8,-1.28696744449346e-15,1.9085535707397128e-8,1.9085535707397128e-8,4.3391547451037315e-8,1.9085535707397128e-8,NaN,converged,7,7,0,0,0,0,3,2.008736799634406e-14,1.12.6,lbt,1,1,Intel(R) Core(TM) 7 150U,NT,c8c2c51
degen-r50-m1-d1e-08-p1,100,Newton-SIN,1e-7*n,9.999999999999999e-6,3,7,0.0365507,0.0321535,87.96958744976156,0.0,1.46e-5,0.0,0.0040024,0.0,0.0003801999999999972,0.49768733786038405,5.129357342697337e-8,-1.28696744449346e-15,1.9085535707397128e-8,1.9085535707397128e-8,4.3391547451037315e-8,1.9085535707397128e-8,NaN,converged,7,7,0,0,0,0,3,2.008736799634406e-14,1.12.6,lbt,1,1,Intel(R) Core(TM) 7 150U,NT,c8c2c51
degen-r50-m1-d1e-08-p1,100,AGD-SDAJ-BH,1e-7*n,9.999999999999999e-6,2,11,0.0476726,0.0460538,96.6043387606298,0.0,3.18e-5,0.0,0.0,0.0,0.0015870000000000036,0.4976881770014379,2.631732827977112e-6,-1.5918439197156519e-15,1.350819154088967e-6,1.350819154088967e-6,2.153788115320025e-6,1.350819154088967e-6,NaN,diag_feasible_at_xpre,0,0,0,0,0,0,2,2.008736799634406e-14,1.12.6,lbt,1,1,Intel(R) Core(TM) 7 150U,NT,c8c2c51
degen-r50-m1-d1e-08-p1,100,AGD-SDAJ,1e-7*n,9.999999999999999e-6,2,11,0.0576808,0.0569936,98.80861569187667,0.0,3.46e-5,0.0,0.0,0.0,0.000652599999999999,0.4976881770014379,2.631732827977112e-6,-1.5918439197156519e-15,1.350819154088967e-6,1.350819154088967e-6,2.153788115320025e-6,1.350819154088967e-6,NaN,diag_feasible_at_xpre,0,0,0,0,0,0,2,2.008736799634406e-14,1.12.6,lbt,1,1,Intel(R) Core(TM) 7 150U,NT,c8c2c51
degen-r50-m1-d1e-08-p1,100,Dykstra-APM,1e-7*n,9.999999999999999e-6,16,16,0.0816269,0.0743868,91.13025240453821,0.0,0.0,0.0,0.0,0.0041182,0.0031218999999999995,0.49767976066416336,1.1043920712139407e-5,-1.511100557048302e-15,1.8792355898078483e-6,1.8792355898078483e-6,7.80848330582038e-6,1.8792355898078483e-6,NaN,diag_feasible,0,0,0,0,0,0,16,2.008736799634406e-14,1.12.6,lbt,1,1,Intel(R) Core(TM) 7 150U,NT,c8c2c51
degen-r50-m1-d1e-08-p2,100,SBB-Dual,1e-7*n,9.999999999999999e-6,6,7,0.0348597,0.0323875,92.90814321408388,4.59e-5,2.32e-5,0.0002097,0.0,0.0,0.0021934000000000003,0.49705094741571043,1.5673230586165574e-6,-1.7756359669889804e-15,1.2751567045610201e-6,0.0,2.123131698166709e-6,1.2751567045610201e-6,20.0,diag_feasible,0,0,0,0,0,0,6,1.714387111923813e-14,1.12.6,lbt,1,1,Intel(R) Core(TM) 7 150U,NT,c8c2c51
degen-r50-m1-d1e-08-p2,100,Newton-SIN-BH,1e-7*n,9.999999999999999e-6,3,4,0.0241283,0.019451,80.61487962268374,0.0,1.44e-5,0.0,0.0040468,0.0,0.0006160999999999988,0.497050939787682,6.320730235278278e-8,-1.4105200047233008e-15,2.4862965575245255e-8,2.4862965575245255e-8,5.375019857871825e-8,2.4862965575245255e-8,NaN,converged,7,7,0,0,0,0,3,1.714387111923813e-14,1.12.6,lbt,1,1,Intel(R) Core(TM) 7 150U,NT,c8c2c51
degen-r50-m1-d1e-08-p2,100,Newton-SIN,1e-7*n,9.999999999999999e-6,3,7,0.0354285,0.030975000000000003,87.4296117532495,0.0,1.51e-5,0.0,0.0040403,0.0,0.0003980999999999993,0.497050939787682,6.320730235278278e-8,-1.4105200047233008e-15,2.4862965575245255e-8,2.4862965575245255e-8,5.375019857871825e-8,2.4862965575245255e-8,NaN,converged,7,7,0,0,0,0,3,1.714387111923813e-14,1.12.6,lbt,1,1,Intel(R) Core(TM) 7 150U,NT,c8c2c51
degen-r50-m1-d1e-08-p2,100,AGD-SDAJ-BH,1e-7*n,9.999999999999999e-6,2,15,0.0682854,0.0674333,98.75214906846853,0.0,3.78e-5,0.0,0.0,0.0,0.0008142999999999946,0.4970509324637842,1.7355877904981946e-6,-1.2193974296012976e-15,7.878797587679287e-7,7.878797587679287e-7,1.493935492531228e-6,7.878797587679287e-7,NaN,diag_feasible,0,0,2,2,0,0,2,1.714387111923813e-14,1.12.6,lbt,1,1,Intel(R) Core(TM) 7 150U,NT,c8c2c51
degen-r50-m1-d1e-08-p2,100,AGD-SDAJ,1e-7*n,9.999999999999999e-6,2,15,0.0724703,0.0708687,97.78999121019233,0.0,4.5e-5,0.0,0.0,0.0,0.0015565999999999948,0.4970509324637842,1.7355877904981946e-6,-1.2193974296012976e-15,7.878797587679287e-7,7.878797587679287e-7,1.493935492531228e-6,7.878797587679287e-7,NaN,diag_feasible,0,0,2,2,0,0,2,1.714387111923813e-14,1.12.6,lbt,1,1,Intel(R) Core(TM) 7 150U,NT,c8c2c51
degen-r50-m1-d1e-08-p2,100,Dykstra-APM,1e-7*n,9.999999999999999e-6,16,16,0.0844116,0.0778803,92.26255633112036,0.0,0.0,0.0,0.0,0.0024241,0.0041072000000000036,0.4970428960612689,1.1670953561452989e-5,-1.5991164051834858e-15,1.6793405128723293e-6,1.6793405128723293e-6,8.23823059461643e-6,1.6793405128723293e-6,NaN,diag_feasible,0,0,0,0,0,0,16,1.714387111923813e-14,1.12.6,lbt,1,1,Intel(R) Core(TM) 7 150U,NT,c8c2c51
degen-r50-m1-d1e-08-p3,100,SBB-Dual,1e-7*n,9.999999999999999e-6,6,7,0.0336241,0.031396099999999996,93.37380033963734,0.0013551,0.0001301,0.000214,0.0,0.0,0.0005288000000000009,0.49719136019470606,1.6496373532702384e-6,-1.5222266864020593e-15,1.2938366812376145e-6,0.0,2.3358825648865837e-6,1.2938366812376145e-6,20.0,diag_feasible,0,0,0,0,0,0,6,1.183989223127063e-14,1.12.6,lbt,1,1,Intel(R) Core(TM) 7 150U,NT,c8c2c51
degen-r50-m1-d1e-08-p3,100,Newton-SIN-BH,1e-7*n,9.999999999999999e-6,3,4,0.0240638,0.017806600000000002,73.99745676077761,0.0,1.3e-5,0.0,0.0057,0.0,0.0005441999999999973,0.4971913501663598,7.372611469845734e-8,-1.5755473512757019e-15,2.7522981671523894e-8,2.7522981671523894e-8,6.272128501505582e-8,2.7522981671523894e-8,NaN,converged,7,7,0,0,0,0,3,1.183989223127063e-14,1.12.6,lbt,1,1,Intel(R) Core(TM) 7 150U,NT,c8c2c51
degen-r50-m1-d1e-08-p3,100,Newton-SIN,1e-7*n,9.999999999999999e-6,3,7,0.0368466,0.0321694,87.30629148958113,0.0,1.44e-5,0.0,0.0040743,0.0,0.0005884999999999987,0.4971913501663598,7.372611469845734e-8,-1.5755473512757019e-15,2.7522981671523894e-8,2.7522981671523894e-8,6.272128501505582e-8,2.7522981671523894e-8,NaN,converged,7,7,0,0,0,0,3,1.183989223127063e-14,1.12.6,lbt,1,1,Intel(R) Core(TM) 7 150U,NT,c8c2c51
degen-r50-m1-d1e-08-p3,100,AGD-SDAJ-BH,1e-7*n,9.999999999999999e-6,2,9,0.0466001,0.046008099999999996,98.7296164600505,0.0,3.44e-5,0.0,0.0,0.0,0.0005576000000000023,0.49719263424102644,9.550645467261239e-6,-1.6028331151054714e-15,2.913910243096396e-6,2.913910243096396e-6,8.056620715369478e-6,2.913910243096396e-6,NaN,diag_feasible_at_xpre,0,0,0,0,0,0,2,1.183989223127063e-14,1.12.6,lbt,1,1,Intel(R) Core(TM) 7 150U,NT,c8c2c51
degen-r50-m1-d1e-08-p3,100,AGD-SDAJ,1e-7*n,9.999999999999999e-6,2,9,0.0440141,0.0422944,96.09284297531929,0.0,2.73e-5,0.0,0.0,0.0,0.0016923999999999976,0.49719263424102644,9.550645467261239e-6,-1.6028331151054714e-15,2.913910243096396e-6,2.913910243096396e-6,8.056620715369478e-6,2.913910243096396e-6,NaN,diag_feasible_at_xpre,0,0,0,0,0,0,2,1.183989223127063e-14,1.12.6,lbt,1,1,Intel(R) Core(TM) 7 150U,NT,c8c2c51
degen-r50-m1-d1e-08-p3,100,Dykstra-APM,1e-7*n,9.999999999999999e-6,16,16,0.0836393,0.0761539,91.0503794268962,0.0,0.0,0.0,0.0,0.0028623,0.004623100000000003,0.49718341824498075,1.1529948699643007e-5,-1.6263382315343962e-15,1.653915073118739e-6,1.653915073118739e-6,8.14104290119314e-6,1.653915073118739e-6,NaN,diag_feasible,0,0,0,0,0,0,16,1.183989223127063e-14,1.12.6,lbt,1,1,Intel(R) Core(TM) 7 150U,NT,c8c2c51
degen-r50-m1-d1e-08-p4,100,SBB-Dual,1e-7*n,9.999999999999999e-6,6,7,0.0361312,0.0347222,96.1003232663183,3.45e-5,2.19e-5,0.0005119,0.0,0.0,0.0008407000000000004,0.49680955513129166,1.7035996992650823e-6,-1.9247124768358734e-15,1.2758170661042456e-6,0.0,2.2247675256211412e-6,1.2758170661042456e-6,20.0,diag_feasible,0,0,0,0,0,0,6,2.5896532143339436e-14,1.12.6,lbt,1,1,Intel(R) Core(TM) 7 150U,NT,c8c2c51
degen-r50-m1-d1e-08-p4,100,Newton-SIN-BH,1e-7*n,9.999999999999999e-6,3,4,0.0223806,0.0178581,79.79276694994772,0.0,1.11e-5,0.0,0.0040094,0.0,0.0005020000000000024,0.4968095518336696,6.26725074259544e-8,-1.6078018247288027e-15,1.7283691811087465e-8,1.7283691811087465e-8,5.371902343284689e-8,1.7283691811087465e-8,NaN,converged,7,7,0,0,0,0,3,2.5896532143339436e-14,1.12.6,lbt,1,1,Intel(R) Core(TM) 7 150U,NT,c8c2c51
degen-r50-m1-d1e-08-p4,100,Newton-SIN,1e-7*n,9.999999999999999e-6,3,7,0.0329486,0.028636199999999997,86.91173524823512,0.0,1.33e-5,0.0,0.0039431,0.0,0.00035600000000000475,0.4968095518336696,6.26725074259544e-8,-1.6078018247288027e-15,1.7283691811087465e-8,1.7283691811087465e-8,5.371902343284689e-8,1.7283691811087465e-8,NaN,converged,7,7,0,0,0,0,3,2.5896532143339436e-14,1.12.6,lbt,1,1,Intel(R) Core(TM) 7 150U,NT,c8c2c51
degen-r50-m1-d1e-08-p4,100,AGD-SDAJ-BH,1e-7*n,9.999999999999999e-6,2,11,0.0506165,0.049909,98.60223444924085,0.0,3.28e-5,0.0,0.0,0.0,0.0006746999999999998,0.4968105778129906,4.5928054545064825e-6,-1.6384639168413091e-15,2.5203203674051267e-6,2.5203203674051267e-6,3.8269516609386696e-6,2.5203203674051267e-6,NaN,diag_feasible_at_xpre,0,0,0,0,0,0,2,2.5896532143339436e-14,1.12.6,lbt,1,1,Intel(R) Core(TM) 7 150U,NT,c8c2c51
degen-r50-m1-d1e-08-p4,100,AGD-SDAJ,1e-7*n,9.999999999999999e-6,2,11,0.0602858,0.0596154,98.88796366640237,0.0,3.13e-5,0.0,0.0,0.0,0.0006391000000000016,0.4968105778129906,4.5928054545064825e-6,-1.6384639168413091e-15,2.5203203674051267e-6,2.5203203674051267e-6,3.8269516609386696e-6,2.5203203674051267e-6,NaN,diag_feasible_at_xpre,0,0,0,0,0,0,2,2.5896532143339436e-14,1.12.6,lbt,1,1,Intel(R) Core(TM) 7 150U,NT,c8c2c51
degen-r50-m1-d1e-08-p4,100,Dykstra-APM,1e-7*n,9.999999999999999e-6,16,16,0.0920152,0.0861849,93.66376424764603,0.0,0.0,0.0,0.0,0.0026327,0.0031976000000000105,0.49680103751472054,1.2428462029633365e-5,-1.7539487784638737e-15,1.711930014858254e-6,1.711930014858254e-6,8.757351466017464e-6,1.711930014858254e-6,NaN,diag_feasible,0,0,0,0,0,0,16,2.5896532143339436e-14,1.12.6,lbt,1,1,Intel(R) Core(TM) 7 150U,NT,c8c2c51
degen-r50-m1-d1e-10-p0,100,SBB-Dual,1e-7*n,9.999999999999999e-6,6,7,0.0312761,0.0303509,97.04183066303023,3.75e-5,2.11e-5,0.0004281,0.0,0.0,0.000438500000000001,0.49750306688024654,1.8962670681125335e-6,-1.3588958913509852e-15,1.3215532371768646e-6,0.0,2.4642661305650066e-6,1.3215532371768646e-6,20.0,diag_feasible,0,0,0,0,0,0,6,4.266464445995298e-14,1.12.6,lbt,1,1,Intel(R) Core(TM) 7 150U,NT,c8c2c51
degen-r50-m1-d1e-10-p0,100,Newton-SIN-BH,1e-7*n,9.999999999999999e-6,3,4,0.0215769,0.0170453,78.99790980168606,0.0,1.33e-5,0.0,0.0040092,0.0,0.0005091000000000002,0.49750305925102384,6.36021102036797e-8,-1.5028415450347534e-15,1.9523713534752574e-8,1.9523713534752574e-8,5.373674745422493e-8,1.9523713534752574e-8,NaN,converged,7,7,0,0,0,0,3,4.266464445995298e-14,1.12.6,lbt,1,1,Intel(R) Core(TM) 7 150U,NT,c8c2c51
degen-r50-m1-d1e-10-p0,100,Newton-SIN,1e-7*n,9.999999999999999e-6,3,7,0.0351245,0.0307378,87.51099659781633,0.0,1.46e-5,0.0,0.0040023,0.0,0.00036980000000000346,0.49750305925102384,6.36021102036797e-8,-1.5028415450347534e-15,1.9523713534752574e-8,1.9523713534752574e-8,5.373674745422493e-8,1.9523713534752574e-8,NaN,converged,7,7,0,0,0,0,3,4.266464445995298e-14,1.12.6,lbt,1,1,Intel(R) Core(TM) 7 150U,NT,c8c2c51
degen-r50-m1-d1e-10-p0,100,AGD-SDAJ-BH,1e-7*n,9.999999999999999e-6,2,9,0.0366228,0.0360917,98.54981050056249,0.0,2.02e-5,0.0,0.0,0.0,0.0005108999999999997,0.497504905134611,1.0392037512119585e-5,-1.4084757983192886e-15,4.458129437834302e-6,4.458129437834302e-6,8.613314198437322e-6,4.458129437834302e-6,NaN,diag_feasible_at_xpre,0,0,0,0,0,0,2,4.266464445995298e-14,1.12.6,lbt,1,1,Intel(R) Core(TM) 7 150U,NT,c8c2c51
degen-r50-m1-d1e-10-p0,100,AGD-SDAJ,1e-7*n,9.999999999999999e-6,2,9,0.0404216,0.0398549,98.59802679755377,0.0,2.44e-5,0.0,0.0,0.0,0.0005423000000000033,0.497504905134611,1.0392037512119585e-5,-1.4084757983192886e-15,4.458129437834302e-6,4.458129437834302e-6,8.613314198437322e-6,4.458129437834302e-6,NaN,diag_feasible_at_xpre,0,0,0,0,0,0,2,4.266464445995298e-14,1.12.6,lbt,1,1,Intel(R) Core(TM) 7 150U,NT,c8c2c51
degen-r50-m1-d1e-10-p0,100,Dykstra-APM,1e-7*n,9.999999999999999e-6,16,16,0.0813374,0.075939,93.36295480307952,0.0,0.0,0.0,0.0,0.002297,0.0031013999999999976,0.4974950543857453,1.181847610010094e-5,-1.7083505558365814e-15,2.221854424444558e-6,2.221854424444558e-6,8.337082612623465e-6,2.221854424444558e-6,NaN,diag_feasible,0,0,0,0,0,0,16,4.266464445995298e-14,1.12.6,lbt,1,1,Intel(R) Core(TM) 7 150U,NT,c8c2c51
degen-r50-m1-d1e-10-p1,100,SBB-Dual,1e-7*n,9.999999999999999e-6,6,7,0.0326285,0.0319663,97.97048592488164,3.48e-5,2.11e-5,0.0002121,0.0,0.0,0.00039419999999999473,0.49768734824511907,1.5044872735431383e-6,-1.4279297945165809e-15,1.6342964908044877e-6,0.0,2.081389476509601e-6,1.6342964908044877e-6,20.0,diag_feasible,0,0,0,0,0,0,6,3.1504913618212795e-14,1.12.6,lbt,1,1,Intel(R) Core(TM) 7 150U,NT,c8c2c51
degen-r50-m1-d1e-10-p1,100,Newton-SIN-BH,1e-7*n,9.999999999999999e-6,3,4,0.0250481,0.020327400000000002,81.15346074153331,0.0,1.28e-5,0.0,0.0041186,0.0,0.0005892999999999975,0.49768733944346144,5.084259274883579e-8,-1.368902312718596e-15,1.9157094022226318e-8,1.9157094022226318e-8,4.311761088173726e-8,1.9157094022226318e-8,NaN,converged,7,7,0,0,0,0,3,3.1504913618212795e-14,1.12.6,lbt,1,1,Intel(R) Core(TM) 7 150U,NT,c8c2c51
degen-r50-m1-d1e-10-p1,100,Newton-SIN,1e-7*n,9.999999999999999e-6,3,7,0.035499,0.031058,87.48978844474492,0.0,1.47e-5,0.0,0.0040368,0.0,0.00038950000000000356,0.49768733944346144,5.084259274883579e-8,-1.368902312718596e-15,1.9157094022226318e-8,1.9157094022226318e-8,4.311761088173726e-8,1.9157094022226318e-8,NaN,converged,7,7,0,0,0,0,3,3.1504913618212795e-14,1.12.6,lbt,1,1,Intel(R) Core(TM) 7 150U,NT,c8c2c51
degen-r50-m1-d1e-10-p1,100,AGD-SDAJ-BH,1e-7*n,9.999999999999999e-6,2,11,0.0542972,0.0534804,98.49568670207672,0.0,2.82e-5,0.0,0.0,0.0,0.0007885999999999994,0.49768817794477754,2.631741456551504e-6,-1.5305033826030153e-15,1.3508149532270863e-6,1.3508149532270863e-6,2.153794055703597e-6,1.3508149532270863e-6,NaN,diag_feasible_at_xpre,0,0,0,0,0,0,2,3.1504913618212795e-14,1.12.6,lbt,1,1,Intel(R) Core(TM) 7 150U,NT,c8c2c51
degen-r50-m1-d1e-10-p1,100,AGD-SDAJ,1e-7*n,9.999999999999999e-6,2,11,0.05611,0.0548604,97.77294599893067,0.0,3.42e-5,0.0,0.0,0.0,0.0012154000000000034,0.49768817794477754,2.631741456551504e-6,-1.5305033826030153e-15,1.3508149532270863e-6,1.3508149532270863e-6,2.153794055703597e-6,1.3508149532270863e-6,NaN,diag_feasible_at_xpre,0,0,0,0,0,0,2,3.1504913618212795e-14,1.12.6,lbt,1,1,Intel(R) Core(TM) 7 150U,NT,c8c2c51
degen-r50-m1-d1e-10-p1,100,Dykstra-APM,1e-7*n,9.999999999999999e-6,16,16,0.0827451,0.0754237,91.1518627689132,0.0,0.0,0.0,0.0,0.0043119,0.003009500000000006,0.4976797615973343,1.1043911301756461e-5,-1.439581671704673e-15,1.8792355891417145e-6,1.8792355891417145e-6,7.808483310217665e-6,1.8792355891417145e-6,NaN,diag_feasible,0,0,0,0,0,0,16,3.1504913618212795e-14,1.12.6,lbt,1,1,Intel(R) Core(TM) 7 150U,NT,c8c2c51
degen-r50-m1-d1e-10-p2,100,SBB-Dual,1e-7*n,9.999999999999999e-6,6,7,0.0316775,0.0310276,97.94838607844686,3.63e-5,1.97e-5,0.0002117,0.0,0.0,0.00038219999999999845,0.4970509483497805,1.5673223614004165e-6,-1.3849373580002272e-15,1.275169257630715e-6,0.0,2.123136822610337e-6,1.275169257630715e-6,20.0,diag_feasible,0,0,0,0,0,0,6,1.7243518536253007e-14,1.12.6,lbt,1,1,Intel(R) Core(TM) 7 150U,NT,c8c2c51
degen-r50-m1-d1e-10-p2,100,Newton-SIN-BH,1e-7*n,9.999999999999999e-6,3,4,0.0251142,0.020238100000000002,80.58429095889976,0.0,1.42e-5,0.0,0.0042645,0.0,0.0005973999999999979,0.4970509413388766,6.281469179904034e-8,-1.6799069415774945e-15,2.486667316503599e-8,2.486667316503599e-8,5.3503409665948845e-8,2.486667316503599e-8,NaN,converged,7,7,0,0,0,0,3,1.7243518536253007e-14,1.12.6,lbt,1,1,Intel(R) Core(TM) 7 150U,NT,c8c2c51
degen-r50-m1-d1e-10-p2,100,Newton-SIN,1e-7*n,9.999999999999999e-6,3,7,0.0337942,0.0296163,87.63722768995862,0.0,1.27e-5,0.0,0.0037921,0.0,0.00037310000000000164,0.4970509413388766,6.281469179904034e-8,-1.6799069415774945e-15,2.486667316503599e-8,2.486667316503599e-8,5.3503409665948845e-8,2.486667316503599e-8,NaN,converged,7,7,0,0,0,0,3,1.7243518536253007e-14,1.12.6,lbt,1,1,Intel(R) Core(TM) 7 150U,NT,c8c2c51
degen-r50-m1-d1e-10-p2,100,AGD-SDAJ-BH,1e-7*n,9.999999999999999e-6,2,15,0.0735221,0.0724291,98.51337216972854,0.0,6.92e-5,0.0,0.0,0.0,0.0010238000000000107,0.4970509331755021,1.7349259212014892e-6,-1.8084889119367298e-15,7.876739624990137e-7,7.876739624990137e-7,1.4934067384237296e-6,7.876739624990137e-7,NaN,diag_feasible,0,0,2,2,0,0,2,1.7243518536253007e-14,1.12.6,lbt,1,1,Intel(R) Core(TM) 7 150U,NT,c8c2c51
degen-r50-m1-d1e-10-p2,100,AGD-SDAJ,1e-7*n,9.999999999999999e-6,2,15,0.0699081,0.0690176,98.72618480548033,0.0,4.38e-5,0.0,0.0,0.0,0.0008467000000000024,0.4970509331755021,1.7349259212014892e-6,-1.8084889119367298e-15,7.876739624990137e-7,7.876739624990137e-7,1.4934067384237296e-6,7.876739624990137e-7,NaN,diag_feasible,0,0,2,2,0,0,2,1.7243518536253007e-14,1.12.6,lbt,1,1,Intel(R) Core(TM) 7 150U,NT,c8c2c51
degen-r50-m1-d1e-10-p2,100,Dykstra-APM,1e-7*n,9.999999999999999e-6,16,16,0.0809843,0.0756689,93.4365055942942,0.0,0.0,0.0,0.0,0.0022283,0.003087099999999998,0.4970428969953377,1.1670945602852373e-5,-1.3495184205071372e-15,1.679340511318017e-6,1.679340511318017e-6,8.238230593720747e-6,1.679340511318017e-6,NaN,diag_feasible,0,0,0,0,0,0,16,1.7243518536253007e-14,1.12.6,lbt,1,1,Intel(R) Core(TM) 7 150U,NT,c8c2c51
degen-r50-m1-d1e-10-p3,100,SBB-Dual,1e-7*n,9.999999999999999e-6,6,7,0.0288019,0.028193000000000003,97.8859033605422,2.58e-5,1.61e-5,0.000207,0.0,0.0,0.0003599999999999956,0.4971913611217805,1.6496500896848852e-6,-1.8134138650742284e-15,1.293856667916593e-6,0.0,2.3358982805003716e-6,1.293856667916593e-6,20.0,diag_feasible,0,0,0,0,0,0,6,1.7013601864670956e-14,1.12.6,lbt,1,1,Intel(R) Core(TM) 7 150U,NT,c8c2c51
degen-r50-m1-d1e-10-p3,100,Newton-SIN-BH,1e-7*n,9.999999999999999e-6,3,4,0.0207995,0.0158882,76.38741315897018,0.0,1.12e-5,0.0,0.0044097,0.0,0.0004903999999999967,0.4971913517253059,7.340103495616577e-8,-1.7691040993260086e-15,2.769188578444215e-8,2.769188578444215e-8,6.254468239976546e-8,2.769188578444215e-8,NaN,converged,7,7,0,0,0,0,3,1.7013601864670956e-14,1.12.6,lbt,1,1,Intel(R) Core(TM) 7 150U,NT,c8c2c51
degen-r50-m1-d1e-10-p3,100,Newton-SIN,1e-7*n,9.999999999999999e-6,3,7,0.0283113,0.0246758,87.15883763726852,0.0,9.0e-6,0.0,0.0033558,0.0,0.0002707,0.4971913517253059,7.340103495616577e-8,-1.7691040993260086e-15,2.769188578444215e-8,2.769188578444215e-8,6.254468239976546e-8,2.769188578444215e-8,NaN,converged,7,7,0,0,0,0,3,1.7013601864670956e-14,1.12.6,lbt,1,1,Intel(R) Core(TM) 7 150U,NT,c8c2c51
degen-r50-m1-d1e-10-p3,100,AGD-SDAJ-BH,1e-7*n,9.999999999999999e-6,2,9,0.0473704,0.0463897,97.92971982503842,0.0,3.1e-5,0.0,0.0,0.0,0.000949700000000001,0.4971926351965414,9.550656219896158e-6,-1.8186793494994436e-15,2.913907473978128e-6,2.913907473978128e-6,8.056628060621943e-6,2.913907473978128e-6,NaN,diag_feasible_at_xpre,0,0,0,0,0,0,2,1.7013601864670956e-14,1.12.6,lbt,1,1,Intel(R) Core(TM) 7 150U,NT,c8c2c51
degen-r50-m1-d1e-10-p3,100,AGD-SDAJ,1e-7*n,9.999999999999999e-6,2,9,0.0355045,0.0349551,98.45259051669507,0.0,2.27e-5,0.0,0.0,0.0,0.0005266999999999985,0.4971926351965414,9.550656219896158e-6,-1.8186793494994436e-15,2.913907473978128e-6,2.913907473978128e-6,8.056628060621943e-6,2.913907473978128e-6,NaN,diag_feasible_at_xpre,0,0,0,0,0,0,2,1.7013601864670956e-14,1.12.6,lbt,1,1,Intel(R) Core(TM) 7 150U,NT,c8c2c51
degen-r50-m1-d1e-10-p3,100,Dykstra-APM,1e-7*n,9.999999999999999e-6,16,16,0.0674883,0.0629179,93.2278631999917,0.0,0.0,0.0,0.0,0.0018648,0.0027056000000000024,0.49718341917206205,1.1529941017739018e-5,-1.5260445020815328e-15,1.6539150451411189e-6,1.6539150451411189e-6,8.141042889201073e-6,1.6539150451411189e-6,NaN,diag_feasible,0,0,0,0,0,0,16,1.7013601864670956e-14,1.12.6,lbt,1,1,Intel(R) Core(TM) 7 150U,NT,c8c2c51
degen-r50-m1-d1e-10-p4,100,SBB-Dual,1e-7*n,9.999999999999999e-6,6,7,0.0313657,0.0307645,98.08325655094576,3.19e-5,1.9e-5,0.0002041,0.0,0.0,0.0003462000000000031,0.4968095560460818,1.7040258014819556e-6,-1.342006354098849e-15,1.2757706824295667e-6,0.0,2.224764342983869e-6,1.2757706824295667e-6,20.0,diag_feasible,0,0,0,0,0,0,6,3.497502098729348e-14,1.12.6,lbt,1,1,Intel(R) Core(TM) 7 150U,NT,c8c2c51
degen-r50-m1-d1e-10-p4,100,Newton-SIN-BH,1e-7*n,9.999999999999999e-6,3,4,0.0202781,0.0160384,79.09222264413333,0.0,1.0e-5,0.0,0.0038078,0.0,0.00042189999999999936,0.49680955347059325,6.24208086558375e-8,-1.9206143217622903e-15,1.728953591406679e-8,1.728953591406679e-8,5.353082418410109e-8,1.728953591406679e-8,NaN,converged,7,7,0,0,0,0,3,3.497502098729348e-14,1.12.6,lbt,1,1,Intel(R) Core(TM) 7 150U,NT,c8c2c51
degen-r50-m1-d1e-10-p4,100,Newton-SIN,1e-7*n,9.999999999999999e-6,3,7,0.0342299,0.0297806,87.00171487500694,0.0,1.03e-5,0.0,0.0041484,0.0,0.00029059999999999937,0.49680955347059325,6.24208086558375e-8,-1.9206143217622903e-15,1.728953591406679e-8,1.728953591406679e-8,5.353082418410109e-8,1.728953591406679e-8,NaN,converged,7,7,0,0,0,0,3,3.497502098729348e-14,1.12.6,lbt,1,1,Intel(R) Core(TM) 7 150U,NT,c8c2c51
degen-r50-m1-d1e-10-p4,100,AGD-SDAJ-BH,1e-7*n,9.999999999999999e-6,2,11,0.0393492,0.0388383,98.70162544600653,0.0,2.57e-5,0.0,0.0,0.0,0.0004852000000000016,0.496810558295922,4.462415002371048e-6,-1.4527232234005175e-15,2.3650472636971287e-6,2.3650472636971287e-6,3.718610733851975e-6,2.3650472636971287e-6,NaN,diag_feasible_at_xpre,0,0,0,0,0,0,2,3.497502098729348e-14,1.12.6,lbt,1,1,Intel(R) Core(TM) 7 150U,NT,c8c2c51
degen-r50-m1-d1e-10-p4,100,AGD-SDAJ,1e-7*n,9.999999999999999e-6,2,11,0.0429269,0.0423908,98.75113273961082,0.0,2.29e-5,0.0,0.0,0.0,0.0005131999999999977,0.496810558295922,4.462415002371048e-6,-1.4527232234005175e-15,2.3650472636971287e-6,2.3650472636971287e-6,3.718610733851975e-6,2.3650472636971287e-6,NaN,diag_feasible_at_xpre,0,0,0,0,0,0,2,3.497502098729348e-14,1.12.6,lbt,1,1,Intel(R) Core(TM) 7 150U,NT,c8c2c51
degen-r50-m1-d1e-10-p4,100,Dykstra-APM,1e-7*n,9.999999999999999e-6,16,16,0.0776875,0.0724428,93.2489782783588,0.0,0.0,0.0,0.0,0.0022248,0.003019900000000005,0.496801038429514,1.2428452331547662e-5,-1.6279099940432905e-15,1.7119300166346108e-6,1.7119300166346108e-6,8.757351461837909e-6,1.7119300166346108e-6,NaN,diag_feasible,0,0,0,0,0,0,16,3.497502098729348e-14,1.12.6,lbt,1,1,Intel(R) Core(TM) 7 150U,NT,c8c2c51
degen-r50-m1-d0-p0,100,SBB-Dual,1e-7*n,9.999999999999999e-6,6,7,0.0268105,0.0262742,97.99966431062458,2.53e-5,1.44e-5,0.0002009,0.0,0.0,0.0002956999999999999,0.49750306688964685,1.8962712405636395e-6,-1.6088303754871911e-15,1.3215528846810543e-6,0.0,2.4642670463430047e-6,1.3215528846810543e-6,20.0,diag_feasible,0,0,0,0,0,0,6,5.151494651964325e-14,1.12.6,lbt,1,1,Intel(R) Core(TM) 7 150U,NT,c8c2c51
degen-r50-m1-d0-p0,100,Newton-SIN-BH,1e-7*n,9.999999999999999e-6,3,4,0.0220487,0.0171585,77.82091461174582,0.0,9.9e-6,0.0,0.0044625,0.0,0.0004178000000000003,0.4975030592604265,6.360215223955995e-8,-1.7859086202339794e-15,1.9523713978841784e-8,1.9523713978841784e-8,5.373674945895171e-8,1.9523713978841784e-8,NaN,converged,7,7,0,0,0,0,3,5.151494651964325e-14,1.12.6,lbt,1,1,Intel(R) Core(TM) 7 150U,NT,c8c2c51
degen-r50-m1-d0-p0,100,Newton-SIN,1e-7*n,9.999999999999999e-6,3,7,0.0331404,0.028634,86.40209532775705,0.0,1.14e-5,0.0,0.004159,0.0,0.00033600000000000036,0.4975030592604265,6.360215223955995e-8,-1.7859086202339794e-15,1.9523713978841784e-8,1.9523713978841784e-8,5.373674945895171e-8,1.9523713978841784e-8,NaN,converged,7,7,0,0,0,0,3,5.151494651964325e-14,1.12.6,lbt,1,1,Intel(R) Core(TM) 7 150U,NT,c8c2c51
degen-r50-m1-d0-p0,100,AGD-SDAJ-BH,1e-7*n,9.999999999999999e-6,2,9,0.0385099,0.0379711,98.60087925442548,0.0,2.47e-5,0.0,0.0,0.0,0.000514099999999999,0.49750490514425955,1.0392037626735454e-5,-1.671077584611566e-15,4.4581294590395615e-6,4.4581294590395615e-6,8.613314275277755e-6,4.4581294590395615e-6,NaN,diag_feasible_at_xpre,0,0,0,0,0,0,2,5.151494651964325e-14,1.12.6,lbt,1,1,Intel(R) Core(TM) 7 150U,NT,c8c2c51
degen-r50-m1-d0-p0,100,AGD-SDAJ,1e-7*n,9.999999999999999e-6,2,9,0.0361424,0.035683900000000005,98.73140687945462,0.0,1.87e-5,0.0,0.0,0.0,0.0004397999999999936,0.49750490514425955,1.0392037626735454e-5,-1.671077584611566e-15,4.4581294590395615e-6,4.4581294590395615e-6,8.613314275277755e-6,4.4581294590395615e-6,NaN,diag_feasible_at_xpre,0,0,0,0,0,0,2,5.151494651964325e-14,1.12.6,lbt,1,1,Intel(R) Core(TM) 7 150U,NT,c8c2c51
degen-r50-m1-d0-p0,100,Dykstra-APM,1e-7*n,9.999999999999999e-6,16,16,0.0728136,0.0679785,93.3596196314974,0.0,0.0,0.0,0.0,0.0018699,0.002965200000000009,0.4974950543951429,1.181847606509847e-5,-1.4849387413075997e-15,2.2218544246666028e-6,2.2218544246666028e-6,8.33708261514108e-6,2.2218544246666028e-6,NaN,diag_feasible,0,0,0,0,0,0,16,5.151494651964325e-14,1.12.6,lbt,1,1,Intel(R) Core(TM) 7 150U,NT,c8c2c51
degen-r50-m1-d0-p1,100,SBB-Dual,1e-7*n,9.999999999999999e-6,6,7,0.0330768,0.0325025,98.2637377255357,3.02e-5,1.75e-5,0.0001992,0.0,0.0,0.00032740000000000677,0.49768734825454525,1.5044873056241262e-6,-1.7131503127639487e-15,1.6342966604465659e-6,0.0,2.0813895844209834e-6,1.6342966604465659e-6,20.0,diag_feasible,0,0,0,0,0,0,6,4.020264587413884e-14,1.12.6,lbt,1,1,Intel(R) Core(TM) 7 150U,NT,c8c2c51
degen-r50-m1-d0-p1,100,Newton-SIN-BH,1e-7*n,9.999999999999999e-6,3,4,0.0226111,0.0180008,79.61045681103529,0.0,1.26e-5,0.0,0.0041565,0.0,0.00044119999999999836,0.4976873394528928,5.0842545253259865e-8,-1.4391733004749476e-15,1.9157092134847176e-8,1.9157092134847176e-8,4.311759965558233e-8,1.9157092134847176e-8,NaN,converged,7,7,0,0,0,0,3,4.020264587413884e-14,1.12.6,lbt,1,1,Intel(R) Core(TM) 7 150U,NT,c8c2c51
degen-r50-m1-d0-p1,100,Newton-SIN,1e-7*n,9.999999999999999e-6,3,7,0.0301699,0.0259987,86.17429955021396,0.0,1.24e-5,0.0,0.0038086,0.0,0.00035019999999999973,0.4976873394528928,5.0842545253259865e-8,-1.4391733004749476e-15,1.9157092134847176e-8,1.9157092134847176e-8,4.311759965558233e-8,1.9157092134847176e-8,NaN,converged,7,7,0,0,0,0,3,4.020264587413884e-14,1.12.6,lbt,1,1,Intel(R) Core(TM) 7 150U,NT,c8c2c51
degen-r50-m1-d0-p1,100,AGD-SDAJ-BH,1e-7*n,9.999999999999999e-6,2,11,0.0442792,0.043689,98.66709425644547,0.0,2.8e-5,0.0,0.0,0.0,0.000562199999999999,0.49768817795430403,2.6317415426457888e-6,-1.5066372305826064e-15,1.3508149161456373e-6,1.3508149161456373e-6,2.153794116272141e-6,1.3508149161456373e-6,NaN,diag_feasible_at_xpre,0,0,0,0,0,0,2,4.020264587413884e-14,1.12.6,lbt,1,1,Intel(R) Core(TM) 7 150U,NT,c8c2c51
degen-r50-m1-d0-p1,100,AGD-SDAJ,1e-7*n,9.999999999999999e-6,2,11,0.0452216,0.0446697,98.77956551736338,0.0,2.61e-5,0.0,0.0,0.0,0.000525800000000001,0.49768817795430403,2.6317415426457888e-6,-1.5066372305826064e-15,1.3508149161456373e-6,1.3508149161456373e-6,2.153794116272141e-6,1.3508149161456373e-6,NaN,diag_feasible_at_xpre,0,0,0,0,0,0,2,4.020264587413884e-14,1.12.6,lbt,1,1,Intel(R) Core(TM) 7 150U,NT,c8c2c51
degen-r50-m1-d0-p1,100,Dykstra-APM,1e-7*n,9.999999999999999e-6,16,16,0.071182,0.0646192,90.78025343485713,0.0,0.0,0.0,0.0,0.002851,0.003711799999999994,0.4976797616067607,1.1043911246385672e-5,-1.579907487783835e-15,1.8792355875874023e-6,1.8792355875874023e-6,7.80848331192337e-6,1.8792355875874023e-6,NaN,diag_feasible,0,0,0,0,0,0,16,4.020264587413884e-14,1.12.6,lbt,1,1,Intel(R) Core(TM) 7 150U,NT,c8c2c51
degen-r50-m1-d0-p2,100,SBB-Dual,1e-7*n,9.999999999999999e-6,6,7,0.0259468,0.025429900000000002,98.00784682504202,2.76e-5,1.49e-5,0.0001922,0.0,0.0,0.0002821999999999972,0.4970509483592156,1.5673223571304212e-6,-1.653718142798332e-15,1.2751693816426268e-6,0.0,2.123136872228883e-6,1.2751693816426268e-6,20.0,diag_feasible,0,0,0,0,0,0,6,1.842936780121819e-14,1.12.6,lbt,1,1,Intel(R) Core(TM) 7 150U,NT,c8c2c51
degen-r50-m1-d0-p2,100,Newton-SIN-BH,1e-7*n,9.999999999999999e-6,3,4,0.0193881,0.0152677,78.74778859197137,0.0,9.0e-6,0.0,0.0037208,0.0,0.0003905999999999979,0.4970509413483113,6.281467350933809e-8,-1.5869654568961809e-15,2.4866666503697843e-8,2.4866666503697843e-8,5.3503408926829536e-8,2.4866666503697843e-8,NaN,converged,7,7,0,0,0,0,3,1.842936780121819e-14,1.12.6,lbt,1,1,Intel(R) Core(TM) 7 150U,NT,c8c2c51
degen-r50-m1-d0-p2,100,Newton-SIN,1e-7*n,9.999999999999999e-6,3,7,0.0296696,0.0258187,87.02072154663358,0.0,1.0e-5,0.0,0.0035516,0.0,0.000289300000000001,0.4970509413483113,6.281467350933809e-8,-1.5869654568961809e-15,2.4866666503697843e-8,2.4866666503697843e-8,5.3503408926829536e-8,2.4866666503697843e-8,NaN,converged,7,7,0,0,0,0,3,1.842936780121819e-14,1.12.6,lbt,1,1,Intel(R) Core(TM) 7 150U,NT,c8c2c51
degen-r50-m1-d0-p2,100,AGD-SDAJ-BH,1e-7*n,9.999999999999999e-6,2,15,0.0603193,0.0593217,98.34613465341938,0.0,6.31e-5,0.0,0.0,0.0,0.0009345000000000013,0.4970509331827278,1.7349196523514105e-6,-1.5252462669005041e-15,7.876719352317707e-7,7.876719352317707e-7,1.4934015219254418e-6,7.876719352317707e-7,NaN,diag_feasible,0,0,2,2,0,0,2,1.842936780121819e-14,1.12.6,lbt,1,1,Intel(R) Core(TM) 7 150U,NT,c8c2c51
degen-r50-m1-d0-p2,100,AGD-SDAJ,1e-7*n,9.999999999999999e-6,2,15,0.0560964,0.0554081,98.77300504132174,0.0,3.31e-5,0.0,0.0,0.0,0.0006551999999999959,0.4970509331827278,1.7349196523514105e-6,-1.5252462669005041e-15,7.876719352317707e-7,7.876719352317707e-7,1.4934015219254418e-6,7.876719352317707e-7,NaN,diag_feasible,0,0,2,2,0,0,2,1.842936780121819e-14,1.12.6,lbt,1,1,Intel(R) Core(TM) 7 150U,NT,c8c2c51
degen-r50-m1-d0-p2,100,Dykstra-APM,1e-7*n,9.999999999999999e-6,16,16,0.0732549,0.0687417,93.83904694429998,0.0,0.0,0.0,0.0,0.0017607,0.002752499999999995,0.49704289700477283,1.1670945561831955e-5,-1.55263363355749e-15,1.6793405122061955e-6,1.6793405122061955e-6,8.238230594099589e-6,1.6793405122061955e-6,NaN,diag_feasible,0,0,0,0,0,0,16,1.842936780121819e-14,1.12.6,lbt,1,1,Intel(R) Core(TM) 7 150U,NT,c8c2c51
degen-r50-m1-d0-p3,100,SBB-Dual,1e-7*n,9.999999999999999e-6,6,7,0.0309329,0.0304422,98.41366312243598,2.9e-5,1.6e-5,0.0001225,0.0,0.0,0.00032320000000000016,0.4971913611311449,1.6496502108984424e-6,-1.387244402782021e-15,1.2938568689779828e-6,0.0,2.3358984372542176e-6,1.2938568689779828e-6,20.0,diag_feasible,0,0,0,0,0,0,6,1.6858216603707333e-14,1.12.6,lbt,1,1,Intel(R) Core(TM) 7 150U,NT,c8c2c51
degen-r50-m1-d0-p3,100,Newton-SIN-BH,1e-7*n,9.999999999999999e-6,3,4,0.0198355,0.0156369,78.83290060749665,0.0,1.08e-5,0.0,0.0036333,0.0,0.0005545000000000003,0.4971913517346705,7.3400936106367e-8,-1.6355977809783733e-15,2.7691887449776686e-8,2.7691887449776686e-8,6.254468359514476e-8,2.7691887449776686e-8,NaN,converged,7,7,0,0,0,0,3,1.6858216603707333e-14,1.12.6,lbt,1,1,Intel(R) Core(TM) 7 150U,NT,c8c2c51
degen-r50-m1-d0-p3,100,Newton-SIN,1e-7*n,9.999999999999999e-6,3,7,0.0358983,0.0322712,89.89617892769296,0.0,1.04e-5,0.0,0.0033099,0.0,0.00030680000000000117,0.4971913517346705,7.3400936106367e-8,-1.6355977809783733e-15,2.7691887449776686e-8,2.7691887449776686e-8,6.254468359514476e-8,2.7691887449776686e-8,NaN,converged,7,7,0,0,0,0,3,1.6858216603707333e-14,1.12.6,lbt,1,1,Intel(R) Core(TM) 7 150U,NT,c8c2c51
degen-r50-m1-d0-p3,100,AGD-SDAJ-BH,1e-7*n,9.999999999999999e-6,2,9,0.0361622,0.0356798,98.66601036441367,0.0,2.15e-5,0.0,0.0,0.0,0.0004609000000000009,0.4971926352061952,9.550656329311668e-6,-1.5337663905277076e-15,2.9139074473327753e-6,2.9139074473327753e-6,8.056628135050996e-6,2.9139074473327753e-6,NaN,diag_feasible_at_xpre,0,0,0,0,0,0,2,1.6858216603707333e-14,1.12.6,lbt,1,1,Intel(R) Core(TM) 7 150U,NT,c8c2c51
degen-r50-m1-d0-p3,100,AGD-SDAJ,1e-7*n,9.999999999999999e-6,2,9,0.0354857,0.0349882,98.59802681079984,0.0,1.86e-5,0.0,0.0,0.0,0.00047890000000000486,0.4971926352061952,9.550656329311668e-6,-1.5337663905277076e-15,2.9139074473327753e-6,2.9139074473327753e-6,8.056628135050996e-6,2.9139074473327753e-6,NaN,diag_feasible_at_xpre,0,0,0,0,0,0,2,1.6858216603707333e-14,1.12.6,lbt,1,1,Intel(R) Core(TM) 7 150U,NT,c8c2c51
degen-r50-m1-d0-p3,100,Dykstra-APM,1e-7*n,9.999999999999999e-6,16,16,0.0696681,0.0646701,92.82598491992748,0.0,0.0,0.0,0.0,0.0019817,0.0030163000000000026,0.49718341918142617,1.152994097748066e-5,-1.5078767489352245e-15,1.6539150413663606e-6,1.6539150413663606e-6,8.14104288913995e-6,1.6539150413663606e-6,NaN,diag_feasible,0,0,0,0,0,0,16,1.6858216603707333e-14,1.12.6,lbt,1,1,Intel(R) Core(TM) 7 150U,NT,c8c2c51
degen-r50-m1-d0-p4,100,SBB-Dual,1e-7*n,9.999999999999999e-6,6,7,0.0346794,0.0341676,98.52419592034465,3.05e-5,1.75e-5,0.000121,0.0,0.0,0.00034279999999999977,0.49680955605532223,1.704030374831544e-6,-1.3626485075553986e-15,1.2757702159138518e-6,0.0,2.22476431112876e-6,1.2757702159138518e-6,20.0,diag_feasible,0,0,0,0,0,0,6,1.913259292217962e-14,1.12.6,lbt,1,1,Intel(R) Core(TM) 7 150U,NT,c8c2c51
degen-r50-m1-d0-p4,100,Newton-SIN-BH,1e-7*n,9.999999999999999e-6,3,4,0.0159425,0.011992000000000001,75.22032303591031,0.0,8.7e-6,0.0,0.0035909,0.0,0.0003508999999999969,0.49680955347983596,6.242075027909135e-8,-1.8495307143855702e-15,1.7289540354958888e-8,1.7289540354958888e-8,5.353082624575263e-8,1.7289540354958888e-8,NaN,converged,7,7,0,0,0,0,3,1.913259292217962e-14,1.12.6,lbt,1,1,Intel(R) Core(TM) 7 150U,NT,c8c2c51
degen-r50-m1-d0-p4,100,Newton-SIN,1e-7*n,9.999999999999999e-6,3,7,0.0322175,0.0272762,84.66268332428027,0.0,1.11e-5,0.0,0.0046217,0.0,0.00030850000000000235,0.49680955347983596,6.242075027909135e-8,-1.8495307143855702e-15,1.7289540354958888e-8,1.7289540354958888e-8,5.353082624575263e-8,1.7289540354958888e-8,NaN,converged,7,7,0,0,0,0,3,1.913259292217962e-14,1.12.6,lbt,1,1,Intel(R) Core(TM) 7 150U,NT,c8c2c51
degen-r50-m1-d0-p4,100,AGD-SDAJ-BH,1e-7*n,9.999999999999999e-6,2,11,0.0456347,0.045056299999999994,98.73254343734042,0.0,2.51e-5,0.0,0.0,0.0,0.0005533000000000067,0.4968105581143541,4.4612048297937675e-6,-1.587377504474706e-15,2.3635713113367984e-6,2.3635713113367984e-6,3.7176055224735263e-6,2.3635713113367984e-6,NaN,diag_feasible_at_xpre,0,0,0,0,0,0,2,1.913259292217962e-14,1.12.6,lbt,1,1,Intel(R) Core(TM) 7 150U,NT,c8c2c51
degen-r50-m1-d0-p4,100,AGD-SDAJ,1e-7*n,9.999999999999999e-6,2,11,0.0427006,0.0420267,98.4218020355686,0.0,2.73e-5,0.0,0.0,0.0,0.0006465999999999982,0.4968105581143541,4.4612048297937675e-6,-1.587377504474706e-15,2.3635713113367984e-6,2.3635713113367984e-6,3.7176055224735263e-6,2.3635713113367984e-6,NaN,diag_feasible_at_xpre,0,0,0,0,0,0,2,1.913259292217962e-14,1.12.6,lbt,1,1,Intel(R) Core(TM) 7 150U,NT,c8c2c51
degen-r50-m1-d0-p4,100,Dykstra-APM,1e-7*n,9.999999999999999e-6,16,16,0.0730462,0.0684311,93.68194375614335,0.0,0.0,0.0,0.0,0.0017761,0.002839000000000011,0.4968010384387509,1.2428452275419297e-5,-1.6526124892937709e-15,1.711930018188923e-6,1.711930018188923e-6,8.757351465637458e-6,1.711930018188923e-6,NaN,diag_feasible,0,0,0,0,0,0,16,1.913259292217962e-14,1.12.6,lbt,1,1,Intel(R) Core(TM) 7 150U,NT,c8c2c51
degen-r50-m5-d0.01-p0,100,SBB-Dual,1e-7*n,9.999999999999999e-6,6,7,0.0287666,0.0280597,97.5426362517642,4.88e-5,1.6e-5,0.0002955,0.0,0.0,0.0003465999999999999,0.4906613918174728,4.502777040031525e-6,-1.6313911482962283e-15,1.3346082019527472e-6,0.0,4.997373731628705e-6,1.3346082019527472e-6,0.0,diag_feasible,0,0,0,0,0,0,6,7.579660982725349e-14,1.12.6,lbt,1,1,Intel(R) Core(TM) 7 150U,NT,c8c2c51
degen-r50-m5-d0.01-p0,100,Newton-SIN-BH,1e-7*n,9.999999999999999e-6,3,4,0.0202837,0.015315,75.50397609903519,0.0,9.2e-6,0.0,0.0045353,0.0,0.0004242000000000013,0.49066139175947016,1.0699350090196696e-9,-1.7386692126770153e-15,2.828945966371066e-10,2.828945966371066e-10,9.134122797983686e-10,2.828945966371066e-10,NaN,converged,9,9,0,0,0,0,3,7.579660982725349e-14,1.12.6,lbt,1,1,Intel(R) Core(TM) 7 150U,NT,c8c2c51
degen-r50-m5-d0.01-p0,100,Newton-SIN,1e-7*n,9.999999999999999e-6,3,7,0.0335034,0.0284061,84.78572324002936,0.0,1.09e-5,0.0,0.0047333,0.0,0.000353100000000002,0.49066139175947016,1.0699350090196696e-9,-1.7386692126770153e-15,2.828945966371066e-10,2.828945966371066e-10,9.134122797983686e-10,2.828945966371066e-10,NaN,converged,9,9,0,0,0,0,3,7.579660982725349e-14,1.12.6,lbt,1,1,Intel(R) Core(TM) 7 150U,NT,c8c2c51
degen-r50-m5-d0.01-p0,100,AGD-SDAJ-BH,1e-7*n,9.999999999999999e-6,2,14,0.0540464,0.0533759,98.75939933094526,0.0,2.98e-5,0.0,0.0,0.0,0.0006407000000000045,0.49065443833124084,1.281110879993073e-5,-1.762439071605082e-15,2.474817775599547e-6,2.474817775599547e-6,9.626760033547454e-6,2.474817775599547e-6,NaN,diag_feasible,0,0,1,1,0,0,2,7.579660982725349e-14,1.12.6,lbt,1,1,Intel(R) Core(TM) 7 150U,NT,c8c2c51
degen-r50-m5-d0.01-p0,100,AGD-SDAJ,1e-7*n,9.999999999999999e-6,2,14,0.0632134,0.0624211,98.74662650640529,0.0,3.7e-5,0.0,0.0,0.0,0.0007553000000000027,0.49065443833124084,1.281110879993073e-5,-1.762439071605082e-15,2.474817775599547e-6,2.474817775599547e-6,9.626760033547454e-6,2.474817775599547e-6,NaN,diag_feasible,0,0,1,1,0,0,2,7.579660982725349e-14,1.12.6,lbt,1,1,Intel(R) Core(TM) 7 150U,NT,c8c2c51
degen-r50-m5-d0.01-p0,100,Dykstra-APM,1e-7*n,9.999999999999999e-6,16,16,0.0773964,0.072334,93.45912729791048,0.0,0.0,0.0,0.0,0.0018843,0.0031781000000000083,0.4906537183897735,1.2098749199372388e-5,-1.5765570969212294e-15,2.0600086902966552e-6,2.0600086902966552e-6,8.459521009957174e-6,2.0600086902966552e-6,NaN,diag_feasible,0,0,0,0,0,0,16,7.579660982725349e-14,1.12.6,lbt,1,1,Intel(R) Core(TM) 7 150U,NT,c8c2c51
degen-r50-m5-d0.01-p1,100,SBB-Dual,1e-7*n,9.999999999999999e-6,6,7,0.0239528,0.0235375,98.26617347449984,2.06e-5,1.22e-5,0.0001232,0.0,0.0,0.00025930000000000034,0.49097299661564503,4.146124809447923e-6,-1.3766162533202855e-15,1.2573965508799745e-6,0.0,4.4352100218091114e-6,1.2573965508799745e-6,0.0,diag_feasible,0,0,0,0,0,0,6,1.5246074776939432e-14,1.12.6,lbt,1,1,Intel(R) Core(TM) 7 150U,NT,c8c2c51
degen-r50-m5-d0.01-p1,100,Newton-SIN-BH,1e-7*n,9.999999999999999e-6,3,4,0.0215153,0.016264,75.5927177403987,0.0,1.04e-5,0.0,0.00477,0.0,0.00047090000000000066,0.4909729965646418,7.950267045436657e-10,-1.3672746945253217e-15,2.8764257642421853e-10,2.8764257642421853e-10,6.728512211827608e-10,2.8764257642421853e-10,NaN,converged,9,9,0,0,0,0,3,1.5246074776939432e-14,1.12.6,lbt,1,1,Intel(R) Core(TM) 7 150U,NT,c8c2c51
degen-r50-m5-d0.01-p1,100,Newton-SIN,1e-7*n,9.999999999999999e-6,3,7,0.031353,0.0263107,83.91764743405734,0.0,1.08e-5,0.0,0.0047296,0.0,0.0003018999999999999,0.4909729965646418,7.950267045436657e-10,-1.3672746945253217e-15,2.8764257642421853e-10,2.8764257642421853e-10,6.728512211827608e-10,2.8764257642421853e-10,NaN,converged,9,9,0,0,0,0,3,1.5246074776939432e-14,1.12.6,lbt,1,1,Intel(R) Core(TM) 7 150U,NT,c8c2c51
degen-r50-m5-d0.01-p1,100,AGD-SDAJ-BH,1e-7*n,9.999999999999999e-6,2,13,0.0529788,0.0523239,98.76384516070578,0.0,3.22e-5,0.0,0.0,0.0,0.0006226999999999999,0.4909670156061572,1.107863866156058e-5,-1.4644662338598652e-15,2.6906563501682967e-6,2.6906563501682967e-6,8.354216529029415e-6,2.6906563501682967e-6,NaN,diag_feasible,0,0,0,0,0,0,2,1.5246074776939432e-14,1.12.6,lbt,1,1,Intel(R) Core(TM) 7 150U,NT,c8c2c51
degen-r50-m5-d0.01-p1,100,AGD-SDAJ,1e-7*n,9.999999999999999e-6,2,13,0.0550233,0.0542399,98.57623952034865,0.0,3.04e-5,0.0,0.0,0.0,0.0007529999999999966,0.4909670156061572,1.107863866156058e-5,-1.4644662338598652e-15,2.6906563501682967e-6,2.6906563501682967e-6,8.354216529029415e-6,2.6906563501682967e-6,NaN,diag_feasible,0,0,0,0,0,0,2,1.5246074776939432e-14,1.12.6,lbt,1,1,Intel(R) Core(TM) 7 150U,NT,c8c2c51
degen-r50-m5-d0.01-p1,100,Dykstra-APM,1e-7*n,9.999999999999999e-6,16,16,0.0747749,0.0692262,92.5794618247567,0.0,0.0,0.0,0.0,0.0023421,0.0032066000000000035,0.49096563867893234,1.1479648734710458e-5,-1.78533199856431e-15,1.8216453809838384e-6,1.8216453809838384e-6,8.043226477988602e-6,1.8216453809838384e-6,NaN,diag_feasible,0,0,0,0,0,0,16,1.5246074776939432e-14,1.12.6,lbt,1,1,Intel(R) Core(TM) 7 150U,NT,c8c2c51
degen-r50-m5-d0.01-p2,100,SBB-Dual,1e-7*n,9.999999999999999e-6,6,7,0.028518,0.0278539,97.6712953222526,6.14e-5,1.69e-5,0.0001601,0.0,0.0,0.0004257000000000008,0.4897129090822945,4.981450096009608e-6,-1.3589932533136854e-15,1.4537159471750272e-6,0.0,5.616645917688132e-6,1.4537159471750272e-6,0.0,diag_feasible,0,0,0,0,0,0,6,2.3085965934703752e-14,1.12.6,lbt,1,1,Intel(R) Core(TM) 7 150U,NT,c8c2c51
degen-r50-m5-d0.01-p2,100,Newton-SIN-BH,1e-7*n,9.999999999999999e-6,3,4,0.0207408,0.0158741,76.53562061251252,0.0,1.2e-5,0.0,0.0044063,0.0,0.0004484000000000016,0.4897129088895623,1.4618254854405344e-9,-1.4860036688681595e-15,5.676910053153961e-10,5.676910053153961e-10,1.26938032322582e-9,5.676910053153961e-10,NaN,converged,9,9,0,0,0,0,3,2.3085965934703752e-14,1.12.6,lbt,1,1,Intel(R) Core(TM) 7 150U,NT,c8c2c51
degen-r50-m5-d0.01-p2,100,Newton-SIN,1e-7*n,9.999999999999999e-6,3,7,0.0308512,0.0265213,85.96521367078104,0.0,1.14e-5,0.0,0.0040398,0.0,0.00027869999999999805,0.4897129088895623,1.4618254854405344e-9,-1.4860036688681595e-15,5.676910053153961e-10,5.676910053153961e-10,1.26938032322582e-9,5.676910053153961e-10,NaN,converged,9,9,0,0,0,0,3,2.3085965934703752e-14,1.12.6,lbt,1,1,Intel(R) Core(TM) 7 150U,NT,c8c2c51
degen-r50-m5-d0.01-p2,100,AGD-SDAJ-BH,1e-7*n,9.999999999999999e-6,2,14,0.0568762,0.0560064,98.47071358494412,0.0,3.48e-5,0.0,0.0,0.0,0.0008350000000000039,0.48970636651820254,1.2111861692837458e-5,-1.7044669839288397e-15,2.925311761714511e-6,2.925311761714511e-6,9.229770386492429e-6,2.925311761714511e-6,NaN,diag_feasible,0,0,1,1,0,0,2,2.3085965934703752e-14,1.12.6,lbt,1,1,Intel(R) Core(TM) 7 150U,NT,c8c2c51
degen-r50-m5-d0.01-p2,100,AGD-SDAJ,1e-7*n,9.999999999999999e-6,2,14,0.0736606,0.0727952,98.82515211659965,0.0,3.2e-5,0.0,0.0,0.0,0.0008334000000000023,0.48970636651820254,1.2111861692837458e-5,-1.7044669839288397e-15,2.925311761714511e-6,2.925311761714511e-6,9.229770386492429e-6,2.925311761714511e-6,NaN,diag_feasible,0,0,1,1,0,0,2,2.3085965934703752e-14,1.12.6,lbt,1,1,Intel(R) Core(TM) 7 150U,NT,c8c2c51
degen-r50-m5-d0.01-p2,100,Dykstra-APM,1e-7*n,9.999999999999999e-6,16,16,0.0684079,0.0637409,93.17768854182049,0.0,0.0,0.0,0.0,0.0019196,0.0027473999999999906,0.48970496222281185,1.2353504547587267e-5,-1.5493228350350104e-15,1.6432418883383093e-6,1.6432418883383093e-6,8.637980851920324e-6,1.6432418883383093e-6,NaN,diag_feasible,0,0,0,0,0,0,16,2.3085965934703752e-14,1.12.6,lbt,1,1,Intel(R) Core(TM) 7 150U,NT,c8c2c51
degen-r50-m5-d0.01-p3,100,SBB-Dual,1e-7*n,9.999999999999999e-6,6,7,0.0292387,0.028611,97.85318772722454,3.45e-5,1.93e-5,0.0002061,0.0,0.0,0.0003677999999999984,0.4889885448090085,4.82162294998908e-6,-1.62072890269716e-15,2.23474157134973e-6,0.0,5.6394969536046115e-6,2.23474157134973e-6,0.0,diag_feasible,0,0,0,0,0,0,6,3.047557146931458e-14,1.12.6,lbt,1,1,Intel(R) Core(TM) 7 150U,NT,c8c2c51
degen-r50-m5-d0.01-p3,100,Newton-SIN-BH,1e-7*n,9.999999999999999e-6,3,4,0.0332728,0.0202517,60.86563198768965,0.0,1.03e-5,0.0,0.0125337,0.0,0.00047709999999999766,0.48898854468779906,1.3487316846745221e-9,-1.492317118077142e-15,4.734779235349151e-10,4.734779235349151e-10,1.1523938484462444e-9,4.734779235349151e-10,NaN,converged,9,9,0,0,0,0,3,3.047557146931458e-14,1.12.6,lbt,1,1,Intel(R) Core(TM) 7 150U,NT,c8c2c51
degen-r50-m5-d0.01-p3,100,Newton-SIN,1e-7*n,9.999999999999999e-6,3,7,0.046632,0.0362552,77.74746954880769,0.0,1.51e-5,0.0,0.0099649,0.0,0.0003967999999999975,0.48898854468779906,1.3487316846745221e-9,-1.492317118077142e-15,4.734779235349151e-10,4.734779235349151e-10,1.1523938484462444e-9,4.734779235349151e-10,NaN,converged,9,9,0,0,0,0,3,3.047557146931458e-14,1.12.6,lbt,1,1,Intel(R) Core(TM) 7 150U,NT,c8c2c51
degen-r50-m5-d0.01-p3,100,AGD-SDAJ-BH,1e-7*n,9.999999999999999e-6,3,16,0.074437,0.0735539,98.81362763141986,0.0,4.0e-5,0.0,0.0,0.0,0.0008430999999999978,0.48898655661679447,4.177546388694459e-6,-1.5861130793588824e-15,1.6304292720370483e-6,1.6304292720370483e-6,3.407855767789774e-6,1.6304292720370483e-6,NaN,diag_feasible_at_xpre,0,0,1,1,0,0,3,3.047557146931458e-14,1.12.6,lbt,1,1,Intel(R) Core(TM) 7 150U,NT,c8c2c51
degen-r50-m5-d0.01-p3,100,AGD-SDAJ,1e-7*n,9.999999999999999e-6,3,16,0.067,0.0661897,98.79059701492537,0.0,3.87e-5,0.0,0.0,0.0,0.0007715999999999999,0.48898655661679447,4.177546388694459e-6,-1.5861130793588824e-15,1.6304292720370483e-6,1.6304292720370483e-6,3.407855767789774e-6,1.6304292720370483e-6,NaN,diag_feasible_at_xpre,0,0,1,1,0,0,3,3.047557146931458e-14,1.12.6,lbt,1,1,Intel(R) Core(TM) 7 150U,NT,c8c2c51
degen-r50-m5-d0.01-p3,100,Dykstra-APM,1e-7*n,9.999999999999999e-6,16,16,0.0643629,0.0601277,93.41981172383468,0.0,0.0,0.0,0.0,0.0016893,0.0025459000000000015,0.4889805358471288,1.2396724239891062e-5,-1.5734175487134821e-15,1.7782482248929199e-6,1.7782482248929199e-6,8.671684414419946e-6,1.7782482248929199e-6,NaN,diag_feasible,0,0,0,0,0,0,16,3.047557146931458e-14,1.12.6,lbt,1,1,Intel(R) Core(TM) 7 150U,NT,c8c2c51
degen-r50-m5-d0.01-p4,100,SBB-Dual,1e-7*n,9.999999999999999e-6,6,7,0.0240089,0.0234846,97.81622648267935,2.39e-5,1.61e-5,0.000144,0.0,0.0,0.00034029999999999835,0.4894192519170348,5.324031793570357e-6,-1.5485146241294006e-15,2.0657885809738374e-6,0.0,5.864333306941329e-6,2.0657885809738374e-6,0.0,diag_feasible,0,0,0,0,0,0,6,3.63251672453393e-14,1.12.6,lbt,1,1,Intel(R) Core(TM) 7 150U,NT,c8c2c51
degen-r50-m5-d0.01-p4,100,Newton-SIN-BH,1e-7*n,9.999999999999999e-6,3,4,0.0211548,0.0152957,72.30368521564846,0.0,1.12e-5,0.0,0.0053229,0.0,0.0005250000000000003,0.48941925167893896,1.1593954263480132e-9,-1.6849734529782734e-15,4.5699999340342856e-10,4.5699999340342856e-10,9.94502241018113e-10,4.5699999340342856e-10,NaN,converged,9,9,0,0,0,0,3,3.63251672453393e-14,1.12.6,lbt,1,1,Intel(R) Core(TM) 7 150U,NT,c8c2c51
degen-r50-m5-d0.01-p4,100,Newton-SIN,1e-7*n,9.999999999999999e-6,3,7,0.0288486,0.024481100000000002,84.86061715299877,0.0,9.8e-6,0.0,0.0040599,0.0,0.0002977999999999965,0.48941925167893896,1.1593954263480132e-9,-1.6849734529782734e-15,4.5699999340342856e-10,4.5699999340342856e-10,9.94502241018113e-10,4.5699999340342856e-10,NaN,converged,9,9,0,0,0,0,3,3.63251672453393e-14,1.12.6,lbt,1,1,Intel(R) Core(TM) 7 150U,NT,c8c2c51
degen-r50-m5-d0.01-p4,100,AGD-SDAJ-BH,1e-7*n,9.999999999999999e-6,3,17,0.0606844,0.059903599999999994,98.7133431326667,0.0,3.4e-5,0.0,0.0,0.0,0.0007468000000000051,0.48941675332257906,4.846106242477861e-6,-1.5965741076984059e-15,1.5980547212190999e-6,1.5980547212190999e-6,3.849624618060586e-6,1.5980547212190999e-6,NaN,diag_feasible_at_xpre,0,0,2,2,0,0,3,3.63251672453393e-14,1.12.6,lbt,1,1,Intel(R) Core(TM) 7 150U,NT,c8c2c51
degen-r50-m5-d0.01-p4,100,AGD-SDAJ,1e-7*n,9.999999999999999e-6,3,17,0.0495216,0.048814500000000004,98.57213821847436,0.0,3.51e-5,0.0,0.0,0.0,0.0006719999999999952,0.48941675332257906,4.846106242477861e-6,-1.5965741076984059e-15,1.5980547212190999e-6,1.5980547212190999e-6,3.849624618060586e-6,1.5980547212190999e-6,NaN,diag_feasible_at_xpre,0,0,2,2,0,0,3,3.63251672453393e-14,1.12.6,lbt,1,1,Intel(R) Core(TM) 7 150U,NT,c8c2c51
degen-r50-m5-d0.01-p4,100,Dykstra-APM,1e-7*n,9.999999999999999e-6,16,16,0.0724788,0.0676035,93.27348134902896,0.0,0.0,0.0,0.0,0.0020105,0.002864799999999999,0.4894109723863288,1.2854689474952287e-5,-1.7926215949844398e-15,1.646730659610185e-6,1.646730659610185e-6,8.981138730099595e-6,1.646730659610185e-6,NaN,diag_feasible,0,0,0,0,0,0,16,3.63251672453393e-14,1.12.6,lbt,1,1,Intel(R) Core(TM) 7 150U,NT,c8c2c51
degen-r50-m5-d0.0001-p0,100,SBB-Dual,1e-7*n,9.999999999999999e-6,6,7,0.0311379,0.0305125,97.99151516319341,2.97e-5,1.81e-5,0.0002337,0.0,0.0,0.0003438999999999982,0.4944801407354797,2.5940737879446088e-6,-1.3893984223023877e-15,1.3226714117298144e-6,0.0,2.812357837140178e-6,1.3226714117298144e-6,0.0,diag_feasible,0,0,0,0,0,0,6,3.216544308882819e-14,1.12.6,lbt,1,1,Intel(R) Core(TM) 7 150U,NT,c8c2c51
degen-r50-m5-d0.0001-p0,100,Newton-SIN-BH,1e-7*n,9.999999999999999e-6,3,4,0.020386,0.0160436,78.69910723045227,0.0,1.05e-5,0.0,0.0038336,0.0,0.0004982999999999997,0.4944801394944518,6.904609054424772e-9,-1.5033743330093815e-15,2.0884918239261197e-9,2.0884918239261197e-9,5.790295221843662e-9,2.0884918239261197e-9,NaN,converged,8,8,0,0,0,0,3,3.216544308882819e-14,1.12.6,lbt,1,1,Intel(R) Core(TM) 7 150U,NT,c8c2c51
degen-r50-m5-d0.0001-p0,100,Newton-SIN,1e-7*n,9.999999999999999e-6,3,7,0.0338762,0.028089100000000002,82.91691512034997,0.0,1.73e-5,0.0,0.0053251,0.0,0.00044470000000000013,0.4944801394944518,6.904609054424772e-9,-1.5033743330093815e-15,2.0884918239261197e-9,2.0884918239261197e-9,5.790295221843662e-9,2.0884918239261197e-9,NaN,converged,8,8,0,0,0,0,3,3.216544308882819e-14,1.12.6,lbt,1,1,Intel(R) Core(TM) 7 150U,NT,c8c2c51
degen-r50-m5-d0.0001-p0,100,AGD-SDAJ-BH,1e-7*n,9.999999999999999e-6,2,15,0.035047,0.034418500000000005,98.2066938682341,0.0,3.08e-5,0.0,0.0,0.0,0.0005976999999999971,0.49448312364312197,5.727345234553632e-6,-1.5096235967257439e-15,1.4515090391853391e-6,1.4515090391853391e-6,4.442275562516944e-6,1.4515090391853391e-6,NaN,diag_feasible,0,0,2,2,0,0,2,3.216544308882819e-14,1.12.6,lbt,1,1,Intel(R) Core(TM) 7 150U,NT,c8c2c51
degen-r50-m5-d0.0001-p0,100,AGD-SDAJ,1e-7*n,9.999999999999999e-6,2,15,0.0711299,0.0702703,98.79150680656095,0.0,4.34e-5,0.0,0.0,0.0,0.0008162000000000021,0.49448312364312197,5.727345234553632e-6,-1.5096235967257439e-15,1.4515090391853391e-6,1.4515090391853391e-6,4.442275562516944e-6,1.4515090391853391e-6,NaN,diag_feasible,0,0,2,2,0,0,2,3.216544308882819e-14,1.12.6,lbt,1,1,Intel(R) Core(TM) 7 150U,NT,c8c2c51
degen-r50-m5-d0.0001-p0,100,Dykstra-APM,1e-7*n,9.999999999999999e-6,15,15,0.081122,0.0748617,92.2828579177042,0.0,0.0,0.0,0.0,0.0032706,0.0029896999999999966,0.4944717435244681,1.3392180404024794e-5,-1.3248313215187456e-15,2.1908652416691154e-6,2.1908652416691154e-6,9.365795603034848e-6,2.1908652416691154e-6,NaN,diag_feasible,0,0,0,0,0,0,15,3.216544308882819e-14,1.12.6,lbt,1,1,Intel(R) Core(TM) 7 150U,NT,c8c2c51
degen-r50-m5-d0.0001-p1,100,SBB-Dual,1e-7*n,9.999999999999999e-6,6,7,0.039461,0.0386671,97.98814018904741,4.14e-5,2.64e-5,0.000293,0.0,0.0,0.0004331000000000001,0.4948184881954005,2.4913042011050927e-6,-1.2631102031387226e-15,4.691191031191977e-7,0.0,2.50846889030219e-6,4.691191031191977e-7,0.0,diag_feasible,0,0,0,0,0,0,6,2.758920970011225e-14,1.12.6,lbt,1,1,Intel(R) Core(TM) 7 150U,NT,c8c2c51
degen-r50-m5-d0.0001-p1,100,Newton-SIN-BH,1e-7*n,9.999999999999999e-6,3,4,0.0248306,0.0188071,75.74162525271238,0.0,1.29e-5,0.0,0.00547,0.0,0.0005406000000000013,0.49481848317873856,4.600757240134474e-8,-1.6102947161142214e-15,1.4763991917909891e-8,1.4763991917909891e-8,3.9750819665226723e-8,1.4763991917909891e-8,NaN,converged,7,7,0,0,0,0,3,2.758920970011225e-14,1.12.6,lbt,1,1,Intel(R) Core(TM) 7 150U,NT,c8c2c51
degen-r50-m5-d0.0001-p1,100,Newton-SIN,1e-7*n,9.999999999999999e-6,3,7,0.036318,0.0319072,87.85505809791287,0.0,1.43e-5,0.0,0.0040149,0.0,0.00038160000000000624,0.49481848317873856,4.600757240134474e-8,-1.6102947161142214e-15,1.4763991917909891e-8,1.4763991917909891e-8,3.9750819665226723e-8,1.4763991917909891e-8,NaN,converged,7,7,0,0,0,0,3,2.758920970011225e-14,1.12.6,lbt,1,1,Intel(R) Core(TM) 7 150U,NT,c8c2c51
degen-r50-m5-d0.0001-p1,100,AGD-SDAJ-BH,1e-7*n,9.999999999999999e-6,2,25,0.174254,0.1695127,97.27908685023012,0.0,9.48e-5,0.0,0.0,0.0,0.004646500000000004,0.4948209446783419,4.7645159133202575e-6,-1.5325604819852918e-15,1.6197376069282399e-6,1.6197376069282399e-6,3.7531874057855594e-6,1.6197376069282399e-6,NaN,diag_feasible,0,0,12,12,0,0,2,2.758920970011225e-14,1.12.6,lbt,1,1,Intel(R) Core(TM) 7 150U,NT,c8c2c51
degen-r50-m5-d0.0001-p1,100,AGD-SDAJ,1e-7*n,9.999999999999999e-6,2,25,0.1187518,0.1173868,98.85054373912648,0.0,6.86e-5,0.0,0.0,0.0,0.001296400000000005,0.4948209446783419,4.7645159133202575e-6,-1.5325604819852918e-15,1.6197376069282399e-6,1.6197376069282399e-6,3.7531874057855594e-6,1.6197376069282399e-6,NaN,diag_feasible,0,0,12,12,0,0,2,2.758920970011225e-14,1.12.6,lbt,1,1,Intel(R) Core(TM) 7 150U,NT,c8c2c51
degen-r50-m5-d0.0001-p1,100,Dykstra-APM,1e-7*n,9.999999999999999e-6,15,15,0.1093744,0.0939662,85.9124255767346,0.0,0.0,0.0,0.0,0.0115409,0.003867299999999997,0.4948104122768465,1.2817873629798704e-5,-1.4746569977846314e-15,1.9813166374227364e-6,1.9813166374227364e-6,8.980936566794122e-6,1.9813166374227364e-6,NaN,diag_feasible,0,0,0,0,0,0,15,2.758920970011225e-14,1.12.6,lbt,1,1,Intel(R) Core(TM) 7 150U,NT,c8c2c51
degen-r50-m5-d0.0001-p2,100,SBB-Dual,1e-7*n,9.999999999999999e-6,6,7,0.0330825,0.0323711,97.84961837829668,3.68e-5,2.82e-5,0.0002177,0.0,0.0,0.0004287000000000008,0.49344138880233296,1.748808648194394e-6,-1.5804984721990965e-15,5.183761694338429e-7,0.0,2.0171381631120453e-6,5.183761694338429e-7,0.0,diag_feasible,0,0,0,0,0,0,6,3.1431470697765967e-14,1.12.6,lbt,1,1,Intel(R) Core(TM) 7 150U,NT,c8c2c51
degen-r50-m5-d0.0001-p2,100,Newton-SIN-BH,1e-7*n,9.999999999999999e-6,3,4,0.0267687,0.021023,78.53575257670339,0.0,1.33e-5,0.0,0.0051251,0.0,0.0006072999999999999,0.4934413837892946,8.568234155975789e-8,-1.5119127984945326e-15,2.8040366584214382e-8,2.8040366584214382e-8,7.428077736254976e-8,2.8040366584214382e-8,NaN,converged,7,7,0,0,0,0,3,3.1431470697765967e-14,1.12.6,lbt,1,1,Intel(R) Core(TM) 7 150U,NT,c8c2c51
degen-r50-m5-d0.0001-p2,100,Newton-SIN,1e-7*n,9.999999999999999e-6,3,7,0.0363525,0.0318771,87.68887971941406,0.0,1.43e-5,0.0,0.0040626,0.0,0.0003985000000000039,0.4934413837892946,8.568234155975789e-8,-1.5119127984945326e-15,2.8040366584214382e-8,2.8040366584214382e-8,7.428077736254976e-8,2.8040366584214382e-8,NaN,converged,7,7,0,0,0,0,3,3.1431470697765967e-14,1.12.6,lbt,1,1,Intel(R) Core(TM) 7 150U,NT,c8c2c51
degen-r50-m5-d0.0001-p2,100,AGD-SDAJ-BH,1e-7*n,9.999999999999999e-6,2,15,0.0720327,0.0684363,95.00726753266225,0.0,4.22e-5,0.0,0.0,0.0,0.0035541999999999995,0.49344583677312825,8.303291799878873e-6,-1.5203199644347157e-15,2.791658529566199e-6,2.791658529566199e-6,6.3663478076544505e-6,2.791658529566199e-6,NaN,diag_feasible,0,0,2,2,0,0,2,3.1431470697765967e-14,1.12.6,lbt,1,1,Intel(R) Core(TM) 7 150U,NT,c8c2c51
degen-r50-m5-d0.0001-p2,100,AGD-SDAJ,1e-7*n,9.999999999999999e-6,2,15,0.0731387,0.0721888,98.70123477721096,0.0,4.51e-5,0.0,0.0,0.0,0.0009048000000000036,0.49344583677312825,8.303291799878873e-6,-1.5203199644347157e-15,2.791658529566199e-6,2.791658529566199e-6,6.3663478076544505e-6,2.791658529566199e-6,NaN,diag_feasible,0,0,2,2,0,0,2,3.1431470697765967e-14,1.12.6,lbt,1,1,Intel(R) Core(TM) 7 150U,NT,c8c2c51
degen-r50-m5-d0.0001-p2,100,Dykstra-APM,1e-7*n,9.999999999999999e-6,16,16,0.0846671,0.0793178,93.68196147027594,0.0,0.0,0.0,0.0,0.0022783,0.0030710000000000012,0.4934367388533118,7.350982778942318e-6,-1.6296735388402426e-15,1.0247179194067257e-6,1.0247179194067257e-6,5.140548905545595e-6,1.0247179194067257e-6,NaN,diag_feasible,0,0,0,0,0,0,16,3.1431470697765967e-14,1.12.6,lbt,1,1,Intel(R) Core(TM) 7 150U,NT,c8c2c51
degen-r50-m5-d0.0001-p3,100,SBB-Dual,1e-7*n,9.999999999999999e-6,6,7,0.0326973,0.0320303,97.96007621424398,3.21e-5,1.99e-5,0.000217,0.0,0.0,0.000398000000000001,0.4925832178130084,1.1346132406505487e-6,-1.6599631274853549e-15,1.0418081806129464e-6,0.0,1.6179714784388053e-6,1.0418081806129464e-6,0.0,diag_feasible,0,0,0,0,0,0,6,1.4006421611787586e-14,1.12.6,lbt,1,1,Intel(R) Core(TM) 7 150U,NT,c8c2c51
degen-r50-m5-d0.0001-p3,100,Newton-SIN-BH,1e-7*n,9.999999999999999e-6,3,4,0.02497,0.0190729,76.38325991189427,0.0,1.34e-5,0.0,0.0041558,0.0,0.0017278999999999984,0.4925832096898119,9.138259242931109e-8,-1.3952543012207368e-15,3.982865004470426e-8,3.982865004470426e-8,7.759678370244316e-8,3.982865004470426e-8,NaN,converged,7,7,0,0,0,0,3,1.4006421611787586e-14,1.12.6,lbt,1,1,Intel(R) Core(TM) 7 150U,NT,c8c2c51
degen-r50-m5-d0.0001-p3,100,Newton-SIN,1e-7*n,9.999999999999999e-6,3,7,0.0363256,0.0319514,87.95835443874292,0.0,1.43e-5,0.0,0.0039799,0.0,0.00038000000000000186,0.4925832096898119,9.138259242931109e-8,-1.3952543012207368e-15,3.982865004470426e-8,3.982865004470426e-8,7.759678370244316e-8,3.982865004470426e-8,NaN,converged,7,7,0,0,0,0,3,1.4006421611787586e-14,1.12.6,lbt,1,1,Intel(R) Core(TM) 7 150U,NT,c8c2c51
degen-r50-m5-d0.0001-p3,100,AGD-SDAJ-BH,1e-7*n,9.999999999999999e-6,2,15,0.0746577,0.07373299999999999,98.76141375906303,0.0,4.81e-5,0.0,0.0,0.0,0.0008766000000000005,0.4925884130624254,9.532011621379665e-6,-1.4428962682633037e-15,3.0352862552263105e-6,3.0352862552263105e-6,7.362089269805857e-6,3.0352862552263105e-6,NaN,diag_feasible,0,0,2,2,0,0,2,1.4006421611787586e-14,1.12.6,lbt,1,1,Intel(R) Core(TM) 7 150U,NT,c8c2c51
degen-r50-m5-d0.0001-p3,100,AGD-SDAJ,1e-7*n,9.999999999999999e-6,2,15,0.0712226,0.0703091,98.7174014989624,0.0,4.88e-5,0.0,0.0,0.0,0.0008646999999999977,0.4925884130624254,9.532011621379665e-6,-1.4428962682633037e-15,3.0352862552263105e-6,3.0352862552263105e-6,7.362089269805857e-6,3.0352862552263105e-6,NaN,diag_feasible,0,0,2,2,0,0,2,1.4006421611787586e-14,1.12.6,lbt,1,1,Intel(R) Core(TM) 7 150U,NT,c8c2c51
degen-r50-m5-d0.0001-p3,100,Dykstra-APM,1e-7*n,9.999999999999999e-6,16,16,0.083698,0.0782915,93.54046691677222,0.0,0.0,0.0,0.0,0.0022746,0.0031318999999999948,0.4925783086245614,7.733707462594384e-6,-1.4977535288918097e-15,1.126519593386277e-6,1.126519593386277e-6,5.410102139798789e-6,1.126519593386277e-6,NaN,diag_feasible,0,0,0,0,0,0,16,1.4006421611787586e-14,1.12.6,lbt,1,1,Intel(R) Core(TM) 7 150U,NT,c8c2c51
degen-r50-m5-d0.0001-p4,100,SBB-Dual,1e-7*n,9.999999999999999e-6,6,7,0.0315678,0.0309443,98.02488611813304,3.06e-5,1.94e-5,0.0002107,0.0,0.0,0.00036279999999999906,0.49315457215619096,2.3412993913210983e-6,-1.695820006464826e-15,1.05527873917044e-6,0.0,2.5819919713662204e-6,1.05527873917044e-6,0.0,diag_feasible,0,0,0,0,0,0,6,2.4240010620319723e-14,1.12.6,lbt,1,1,Intel(R) Core(TM) 7 150U,NT,c8c2c51
degen-r50-m5-d0.0001-p4,100,Newton-SIN-BH,1e-7*n,9.999999999999999e-6,3,4,0.0239869,0.0193888,80.83078680446411,0.0,1.24e-5,0.0,0.0040422,0.0,0.0005434999999999971,0.4931545663766147,8.805353274431218e-8,-1.5589824790944124e-15,3.1408759260109775e-8,3.1408759260109775e-8,7.512098779153598e-8,3.1408759260109775e-8,NaN,converged,7,7,0,0,0,0,3,2.4240010620319723e-14,1.12.6,lbt,1,1,Intel(R) Core(TM) 7 150U,NT,c8c2c51
degen-r50-m5-d0.0001-p4,100,Newton-SIN,1e-7*n,9.999999999999999e-6,3,7,0.0348624,0.0305185,87.53987103584377,0.0,1.33e-5,0.0,0.0039545,0.0,0.0003761000000000016,0.4931545663766147,8.805353274431218e-8,-1.5589824790944124e-15,3.1408759260109775e-8,3.1408759260109775e-8,7.512098779153598e-8,3.1408759260109775e-8,NaN,converged,7,7,0,0,0,0,3,2.4240010620319723e-14,1.12.6,lbt,1,1,Intel(R) Core(TM) 7 150U,NT,c8c2c51
degen-r50-m5-d0.0001-p4,100,AGD-SDAJ-BH,1e-7*n,9.999999999999999e-6,2,18,0.0847149,0.0837056,98.80859211307576,0.0,4.89e-5,0.0,0.0,0.0,0.0009603999999999907,0.49315989554597245,1.0013063414019157e-5,-1.5904653540092706e-15,2.779014542819702e-6,2.779014542819702e-6,7.80298782389602e-6,2.779014542819702e-6,NaN,diag_feasible,0,0,5,5,0,0,2,2.4240010620319723e-14,1.12.6,lbt,1,1,Intel(R) Core(TM) 7 150U,NT,c8c2c51
degen-r50-m5-d0.0001-p4,100,AGD-SDAJ,1e-7*n,9.999999999999999e-6,2,18,0.0870068,0.0858381,98.6567716546293,0.0,5.76e-5,0.0,0.0,0.0,0.0011110999999999946,0.49315989554597245,1.0013063414019157e-5,-1.5904653540092706e-15,2.779014542819702e-6,2.779014542819702e-6,7.80298782389602e-6,2.779014542819702e-6,NaN,diag_feasible,0,0,5,5,0,0,2,2.4240010620319723e-14,1.12.6,lbt,1,1,Intel(R) Core(TM) 7 150U,NT,c8c2c51
degen-r50-m5-d0.0001-p4,100,Dykstra-APM,1e-7*n,9.999999999999999e-6,16,16,0.0855501,0.0799895,93.50018293374292,0.0,0.0,0.0,0.0,0.0023606,0.003199999999999999,0.4931495846337059,7.890213029157715e-6,-1.838524630636649e-15,1.0872866207378706e-6,1.0872866207378706e-6,5.513670890959296e-6,1.0872866207378706e-6,NaN,diag_feasible,0,0,0,0,0,0,16,2.4240010620319723e-14,1.12.6,lbt,1,1,Intel(R) Core(TM) 7 150U,NT,c8c2c51
degen-r50-m5-d1e-06-p0,100,SBB-Dual,1e-7*n,9.999999999999999e-6,6,7,0.0436878,0.0429713,98.35995403751163,4.25e-5,2.6e-5,0.0002132,0.0,0.0,0.0004348000000000019,0.49452276402585876,2.0126734804809218e-6,-1.7038353519671546e-15,6.815833386575321e-7,0.0,2.1406315215021345e-6,6.815833386575321e-7,0.0,diag_feasible,0,0,0,0,0,0,6,4.624408753984291e-14,1.12.6,lbt,1,1,Intel(R) Core(TM) 7 150U,NT,c8c2c51
degen-r50-m5-d1e-06-p0,100,Newton-SIN-BH,1e-7*n,9.999999999999999e-6,3,4,0.022687,0.0178378,78.62564464230617,0.0,1.41e-5,0.0,0.0042533,0.0,0.0005817999999999978,0.49452238268518517,7.61765200899581e-7,-1.5466802738147531e-15,2.0208324769122044e-7,2.0208324769122044e-7,5.657094577778919e-7,2.0208324769122044e-7,NaN,converged,7,7,0,0,0,0,3,4.624408753984291e-14,1.12.6,lbt,1,1,Intel(R) Core(TM) 7 150U,NT,c8c2c51
degen-r50-m5-d1e-06-p0,100,Newton-SIN,1e-7*n,9.999999999999999e-6,3,7,0.035124,0.030647599999999997,87.25543787723493,0.0,1.44e-5,0.0,0.0040901,0.0,0.00037190000000000487,0.49452238268518517,7.61765200899581e-7,-1.5466802738147531e-15,2.0208324769122044e-7,2.0208324769122044e-7,5.657094577778919e-7,2.0208324769122044e-7,NaN,converged,7,7,0,0,0,0,3,4.624408753984291e-14,1.12.6,lbt,1,1,Intel(R) Core(TM) 7 150U,NT,c8c2c51
degen-r50-m5-d1e-06-p0,100,AGD-SDAJ-BH,1e-7*n,9.999999999999999e-6,2,14,0.0675661,0.06673509999999999,98.77009328642616,0.0,4.26e-5,0.0,0.0,0.0,0.0007884000000000123,0.49452529403142115,4.715166343819731e-6,-1.6115932000959395e-15,1.036014860567036e-6,1.036014860567036e-6,3.6184569343483055e-6,1.036014860567036e-6,NaN,diag_feasible,0,0,1,1,0,0,2,4.624408753984291e-14,1.12.6,lbt,1,1,Intel(R) Core(TM) 7 150U,NT,c8c2c51
degen-r50-m5-d1e-06-p0,100,AGD-SDAJ,1e-7*n,9.999999999999999e-6,2,14,0.0628441,0.062027599999999995,98.70075313354793,0.0,3.7e-5,0.0,0.0,0.0,0.0007795000000000047,0.49452529403142115,4.715166343819731e-6,-1.6115932000959395e-15,1.036014860567036e-6,1.036014860567036e-6,3.6184569343483055e-6,1.036014860567036e-6,NaN,diag_feasible,0,0,1,1,0,0,2,4.624408753984291e-14,1.12.6,lbt,1,1,Intel(R) Core(TM) 7 150U,NT,c8c2c51
degen-r50-m5-d1e-06-p0,100,Dykstra-APM,1e-7*n,9.999999999999999e-6,15,15,0.0849777,0.0799306,94.060677095285,0.0,0.0,0.0,0.0,0.0021373,0.002909799999999999,0.49451777448920325,7.911060415751762e-6,-1.550227456217937e-15,1.2944627367783568e-6,1.2944627367783568e-6,5.596004410059469e-6,1.2944627367783568e-6,NaN,diag_feasible,0,0,0,0,0,0,15,4.624408753984291e-14,1.12.6,lbt,1,1,Intel(R) Core(TM) 7 150U,NT,c8c2c51
degen-r50-m5-d1e-06-p1,100,SBB-Dual,1e-7*n,9.999999999999999e-6,6,7,0.0358816,0.0342558,95.46898689021671,3.61e-5,2.3e-5,0.001107,0.0,0.0,0.0004596999999999967,0.4948613905980003,2.0677273982639073e-6,-1.5401742298062753e-15,8.919349985259117e-7,0.0,2.18834560570188e-6,8.919349985259117e-7,0.0,diag_feasible,0,0,0,0,0,0,6,2.1539757329987533e-14,1.12.6,lbt,1,1,Intel(R) Core(TM) 7 150U,NT,c8c2c51
degen-r50-m5-d1e-06-p1,100,Newton-SIN-BH,1e-7*n,9.999999999999999e-6,3,4,0.0226488,0.017894,79.00639327469888,0.0,1.25e-5,0.0,0.0041983,0.0,0.0005439999999999993,0.49486100536164696,7.478607151350076e-7,-1.4285435130458838e-15,1.4747969379058645e-7,1.4747969379058645e-7,5.560464785001057e-7,1.4747969379058645e-7,NaN,converged,7,7,0,0,0,0,3,2.1539757329987533e-14,1.12.6,lbt,1,1,Intel(R) Core(TM) 7 150U,NT,c8c2c51
degen-r50-m5-d1e-06-p1,100,Newton-SIN,1e-7*n,9.999999999999999e-6,3,7,0.0342995,0.0297216,86.65315820930336,0.0,1.33e-5,0.0,0.0041787,0.0,0.0003858999999999963,0.49486100536164696,7.478607151350076e-7,-1.4285435130458838e-15,1.4747969379058645e-7,1.4747969379058645e-7,5.560464785001057e-7,1.4747969379058645e-7,NaN,converged,7,7,0,0,0,0,3,2.1539757329987533e-14,1.12.6,lbt,1,1,Intel(R) Core(TM) 7 150U,NT,c8c2c51
degen-r50-m5-d1e-06-p1,100,AGD-SDAJ-BH,1e-7*n,9.999999999999999e-6,2,14,0.0628014,0.0611767,97.41295576213271,0.0,4.2e-5,0.0,0.0,0.0,0.0015826999999999929,0.49486334754080197,3.571154755995629e-6,-1.5357095422128863e-15,1.0145756506041437e-6,1.0145756506041437e-6,2.72709247313084e-6,1.0145756506041437e-6,NaN,diag_feasible,0,0,1,1,0,0,2,2.1539757329987533e-14,1.12.6,lbt,1,1,Intel(R) Core(TM) 7 150U,NT,c8c2c51
degen-r50-m5-d1e-06-p1,100,AGD-SDAJ,1e-7*n,9.999999999999999e-6,2,14,0.0637975,0.0629491,98.6701673263059,0.0,4.02e-5,0.0,0.0,0.0,0.0008081999999999992,0.49486334754080197,3.571154755995629e-6,-1.5357095422128863e-15,1.0145756506041437e-6,1.0145756506041437e-6,2.72709247313084e-6,1.0145756506041437e-6,NaN,diag_feasible,0,0,1,1,0,0,2,2.1539757329987533e-14,1.12.6,lbt,1,1,Intel(R) Core(TM) 7 150U,NT,c8c2c51
degen-r50-m5-d1e-06-p1,100,Dykstra-APM,1e-7*n,9.999999999999999e-6,15,15,0.0751752,0.0696265,92.61897540678308,0.0,0.0,0.0,0.0,0.0022432,0.0033055000000000037,0.4948566833629556,7.4452757161099475e-6,-1.944663063093551e-15,1.17674036381743e-6,1.17674036381743e-6,5.255511214984045e-6,1.17674036381743e-6,NaN,diag_feasible,0,0,0,0,0,0,15,2.1539757329987533e-14,1.12.6,lbt,1,1,Intel(R) Core(TM) 7 150U,NT,c8c2c51
degen-r50-m5-d1e-06-p2,100,SBB-Dual,1e-7*n,9.999999999999999e-6,6,7,0.0223828,0.0219403,98.02303554515075,3.81e-5,1.73e-5,5.53e-5,0.0,0.0,0.00033180000000000194,0.4934830759132203,3.4061553935225697e-6,-1.570243420698183e-15,1.05537785755061e-6,0.0,3.612055150227224e-6,1.05537785755061e-6,0.0,diag_feasible,0,0,0,0,0,0,6,1.8933778746366864e-14,1.12.6,lbt,1,1,Intel(R) Core(TM) 7 150U,NT,c8c2c51
degen-r50-m5-d1e-06-p2,100,Newton-SIN-BH,1e-7*n,9.999999999999999e-6,3,4,0.0217171,0.017038,78.45430559328825,0.0,1.27e-5,0.0,0.0041096,0.0,0.0005567999999999988,0.4934827052423315,7.887329852392083e-7,-1.6387024548292076e-15,1.9638989345871494e-7,1.9638989345871494e-7,5.919375565800692e-7,1.9638989345871494e-7,NaN,converged,7,7,0,0,0,0,3,1.8933778746366864e-14,1.12.6,lbt,1,1,Intel(R) Core(TM) 7 150U,NT,c8c2c51
degen-r50-m5-d1e-06-p2,100,Newton-SIN,1e-7*n,9.999999999999999e-6,3,7,0.0363196,0.0315211,86.78812541988349,0.0,1.38e-5,0.0,0.0043983,0.0,0.0003863999999999977,0.4934827052423315,7.887329852392083e-7,-1.6387024548292076e-15,1.9638989345871494e-7,1.9638989345871494e-7,5.919375565800692e-7,1.9638989345871494e-7,NaN,converged,7,7,0,0,0,0,3,1.8933778746366864e-14,1.12.6,lbt,1,1,Intel(R) Core(TM) 7 150U,NT,c8c2c51
degen-r50-m5-d1e-06-p2,100,AGD-SDAJ-BH,1e-7*n,9.999999999999999e-6,2,15,0.0629743,0.0621418,98.67803214962294,0.0,3.88e-5,0.0,0.0,0.0,0.0007936999999999999,0.4934875577486216,8.463926408980155e-6,-1.4263187018096387e-15,2.0643131635189604e-6,2.0643131635189604e-6,6.500082668019615e-6,2.0643131635189604e-6,NaN,diag_feasible,0,0,2,2,0,0,2,1.8933778746366864e-14,1.12.6,lbt,1,1,Intel(R) Core(TM) 7 150U,NT,c8c2c51
degen-r50-m5-d1e-06-p2,100,AGD-SDAJ,1e-7*n,9.999999999999999e-6,2,15,0.072688,0.07180790000000001,98.78920867268326,0.0,4.3e-5,0.0,0.0,0.0,0.0008370999999999948,0.4934875577486216,8.463926408980155e-6,-1.4263187018096387e-15,2.0643131635189604e-6,2.0643131635189604e-6,6.500082668019615e-6,2.0643131635189604e-6,NaN,diag_feasible,0,0,2,2,0,0,2,1.8933778746366864e-14,1.12.6,lbt,1,1,Intel(R) Core(TM) 7 150U,NT,c8c2c51
degen-r50-m5-d1e-06-p2,100,Dykstra-APM,1e-7*n,9.999999999999999e-6,15,15,0.0869493,0.0808815,93.02145043145832,0.0,0.0,0.0,0.0,0.0031739,0.0028938999999999983,0.4934774347813826,8.877156385427443e-6,-1.81154571338182e-15,1.6026081322007002e-6,1.6026081322007002e-6,6.296185702049468e-6,1.6026081322007002e-6,NaN,diag_feasible,0,0,0,0,0,0,15,1.8933778746366864e-14,1.12.6,lbt,1,1,Intel(R) Core(TM) 7 150U,NT,c8c2c51
degen-r50-m5-d1e-06-p3,100,SBB-Dual,1e-7*n,9.999999999999999e-6,6,7,0.0349908,0.034137600000000004,97.56164477519806,3.82e-5,2.4e-5,0.000396,0.0,0.0,0.00039499999999999843,0.4926235458245598,4.385062959770871e-6,-1.4677046041961643e-15,1.3606746831484884e-6,0.0,4.73624944727326e-6,1.3606746831484884e-6,0.0,diag_feasible,0,0,0,0,0,0,6,2.713762994128984e-14,1.12.6,lbt,1,1,Intel(R) Core(TM) 7 150U,NT,c8c2c51
degen-r50-m5-d1e-06-p3,100,Newton-SIN-BH,1e-7*n,9.999999999999999e-6,3,4,0.0235766,0.0184413,78.21865748241902,0.0,1.47e-5,0.0,0.0045833,0.0,0.0005372999999999984,0.4926231871576865,8.010149385381864e-7,-1.3691791098970085e-15,2.734887132316288e-7,2.734887132316288e-7,6.115903589682917e-7,2.734887132316288e-7,NaN,converged,7,7,0,0,0,0,3,2.713762994128984e-14,1.12.6,lbt,1,1,Intel(R) Core(TM) 7 150U,NT,c8c2c51
degen-r50-m5-d1e-06-p3,100,Newton-SIN,1e-7*n,9.999999999999999e-6,3,7,0.0361702,0.031106,85.99897152904879,0.0,1.3e-5,0.0,0.0046633,0.0,0.00038789999999999745,0.4926231871576865,8.010149385381864e-7,-1.3691791098970085e-15,2.734887132316288e-7,2.734887132316288e-7,6.115903589682917e-7,2.734887132316288e-7,NaN,converged,7,7,0,0,0,0,3,2.713762994128984e-14,1.12.6,lbt,1,1,Intel(R) Core(TM) 7 150U,NT,c8c2c51
degen-r50-m5-d1e-06-p3,100,AGD-SDAJ-BH,1e-7*n,9.999999999999999e-6,2,17,0.0827088,0.0816818,98.75829415975083,0.0,4.88e-5,0.0,0.0,0.0,0.0009782,0.49263031014173736,1.2442945092265058e-5,-1.776018272233196e-15,4.002975931727271e-6,4.002975931727271e-6,9.641740252774393e-6,4.002975931727271e-6,NaN,diag_feasible,0,0,4,4,0,0,2,2.713762994128984e-14,1.12.6,lbt,1,1,Intel(R) Core(TM) 7 150U,NT,c8c2c51
degen-r50-m5-d1e-06-p3,100,AGD-SDAJ,1e-7*n,9.999999999999999e-6,2,17,0.1079449,0.10680210000000001,98.94131172477812,0.0,5.98e-5,0.0,0.0,0.0,0.0010829999999999854,0.49263031014173736,1.2442945092265058e-5,-1.776018272233196e-15,4.002975931727271e-6,4.002975931727271e-6,9.641740252774393e-6,4.002975931727271e-6,NaN,diag_feasible,0,0,4,4,0,0,2,2.713762994128984e-14,1.12.6,lbt,1,1,Intel(R) Core(TM) 7 150U,NT,c8c2c51
degen-r50-m5-d1e-06-p3,100,Dykstra-APM,1e-7*n,9.999999999999999e-6,15,15,0.0791942,0.074215,93.71267087741273,0.0,0.0,0.0,0.0,0.0021118,0.002867400000000003,0.49261732883674775,9.744800619910727e-6,-1.464547452199041e-15,1.6101989881445178e-6,1.6101989881445178e-6,6.923037280942074e-6,1.6101989881445178e-6,NaN,diag_feasible,0,0,0,0,0,0,15,2.713762994128984e-14,1.12.6,lbt,1,1,Intel(R) Core(TM) 7 150U,NT,c8c2c51
degen-r50-m5-d1e-06-p4,100,SBB-Dual,1e-7*n,9.999999999999999e-6,6,7,0.0319383,0.0308498,96.59186619200143,7.0e-5,1.84e-5,0.0002117,0.0,0.0,0.0007884000000000027,0.49319635731459205,3.2221800496046204e-6,-1.5999384998048719e-15,1.277750865891214e-6,0.0,3.4060203798204924e-6,1.277750865891214e-6,0.0,diag_feasible,0,0,0,0,0,0,6,2.0139457907303287e-14,1.12.6,lbt,1,1,Intel(R) Core(TM) 7 150U,NT,c8c2c51
degen-r50-m5-d1e-06-p4,100,Newton-SIN-BH,1e-7*n,9.999999999999999e-6,3,4,0.0265159,0.0181896,68.59884069558267,0.0,1.49e-5,0.0,0.0077428,0.0,0.0005685999999999981,0.4931959879225301,7.712127394594482e-7,-1.4121291889129448e-15,1.9284151742127165e-7,1.9284151742127165e-7,5.810127643908237e-7,1.9284151742127165e-7,NaN,converged,7,7,0,0,0,0,3,2.0139457907303287e-14,1.12.6,lbt,1,1,Intel(R) Core(TM) 7 150U,NT,c8c2c51
degen-r50-m5-d1e-06-p4,100,Newton-SIN,1e-7*n,9.999999999999999e-6,3,7,0.0353117,0.0308234,87.2894819564054,0.0,1.27e-5,0.0,0.0041208,0.0,0.0003548000000000006,0.4931959879225301,7.712127394594482e-7,-1.4121291889129448e-15,1.9284151742127165e-7,1.9284151742127165e-7,5.810127643908237e-7,1.9284151742127165e-7,NaN,converged,7,7,0,0,0,0,3,2.0139457907303287e-14,1.12.6,lbt,1,1,Intel(R) Core(TM) 7 150U,NT,c8c2c51
degen-r50-m5-d1e-06-p4,100,AGD-SDAJ-BH,1e-7*n,9.999999999999999e-6,2,14,0.0676074,0.0661273,97.81074261101595,0.0,3.96e-5,0.0,0.0,0.0,0.001440499999999998,0.49319964448366826,6.000226376687054e-6,-1.921436442963411e-15,1.5782708902012388e-6,1.5782708902012388e-6,4.562579965369785e-6,1.5782708902012388e-6,NaN,diag_feasible,0,0,1,1,0,0,2,2.0139457907303287e-14,1.12.6,lbt,1,1,Intel(R) Core(TM) 7 150U,NT,c8c2c51
degen-r50-m5-d1e-06-p4,100,AGD-SDAJ,1e-7*n,9.999999999999999e-6,2,14,0.0800254,0.0791322,98.88385437623555,0.0,4.92e-5,0.0,0.0,0.0,0.0008439999999999968,0.49319964448366826,6.000226376687054e-6,-1.921436442963411e-15,1.5782708902012388e-6,1.5782708902012388e-6,4.562579965369785e-6,1.5782708902012388e-6,NaN,diag_feasible,0,0,1,1,0,0,2,2.0139457907303287e-14,1.12.6,lbt,1,1,Intel(R) Core(TM) 7 150U,NT,c8c2c51
degen-r50-m5-d1e-06-p4,100,Dykstra-APM,1e-7*n,9.999999999999999e-6,15,15,0.0852213,0.0800972,93.98730129674153,0.0,0.0,0.0,0.0,0.0021972,0.0029269000000000066,0.4931901696760937,9.878432596412913e-6,-1.5627797359178456e-15,1.8319257515386766e-6,1.8319257515386766e-6,7.015143096607358e-6,1.8319257515386766e-6,NaN,diag_feasible,0,0,0,0,0,0,15,2.0139457907303287e-14,1.12.6,lbt,1,1,Intel(R) Core(TM) 7 150U,NT,c8c2c51
degen-r50-m5-d1e-08-p0,100,SBB-Dual,1e-7*n,9.999999999999999e-6,6,7,0.0312069,0.030548000000000002,97.88860796810962,3.29e-5,2.01e-5,0.0002118,0.0,0.0,0.000394099999999997,0.4945231906988933,2.0576396764252346e-6,-1.661655155230127e-15,6.929835157931663e-7,0.0,2.1853217261106796e-6,6.929835157931663e-7,0.0,diag_feasible,0,0,0,0,0,0,6,3.685957161943871e-14,1.12.6,lbt,1,1,Intel(R) Core(TM) 7 150U,NT,c8c2c51
degen-r50-m5-d1e-08-p0,100,Newton-SIN-BH,1e-7*n,9.999999999999999e-6,3,4,0.0229922,0.0177187,77.06396082149598,0.0,1.18e-5,0.0,0.0047278,0.0,0.0005339000000000003,0.49452317941242596,3.316633776610991e-8,-1.5334818170713045e-15,8.218204894383518e-9,8.218204894383518e-9,2.7118556101197253e-8,8.218204894383518e-9,NaN,converged,7,7,0,0,0,0,3,3.685957161943871e-14,1.12.6,lbt,1,1,Intel(R) Core(TM) 7 150U,NT,c8c2c51
degen-r50-m5-d1e-08-p0,100,Newton-SIN,1e-7*n,9.999999999999999e-6,3,7,0.0338763,0.028262799999999998,83.42941820682896,0.0,1.46e-5,0.0,0.0052259,0.0,0.00037300000000000007,0.49452317941242596,3.316633776610991e-8,-1.5334818170713045e-15,8.218204894383518e-9,8.218204894383518e-9,2.7118556101197253e-8,8.218204894383518e-9,NaN,converged,7,7,0,0,0,0,3,3.685957161943871e-14,1.12.6,lbt,1,1,Intel(R) Core(TM) 7 150U,NT,c8c2c51
degen-r50-m5-d1e-08-p0,100,AGD-SDAJ-BH,1e-7*n,9.999999999999999e-6,2,14,0.0624338,0.061555200000000004,98.59274944020707,0.0,3.85e-5,0.0,0.0,0.0,0.0008400999999999933,0.49452571675700346,4.706461865396576e-6,-1.4300278679676991e-15,1.0324274543060952e-6,1.0324274543060952e-6,3.6113740398615793e-6,1.0324274543060952e-6,NaN,diag_feasible,0,0,1,1,0,0,2,3.685957161943871e-14,1.12.6,lbt,1,1,Intel(R) Core(TM) 7 150U,NT,c8c2c51
degen-r50-m5-d1e-08-p0,100,AGD-SDAJ,1e-7*n,9.999999999999999e-6,2,14,0.0605727,0.059559600000000004,98.32746435275297,0.0,3.37e-5,0.0,0.0,0.0,0.000979399999999996,0.49452571675700346,4.706461865396576e-6,-1.4300278679676991e-15,1.0324274543060952e-6,1.0324274543060952e-6,3.6113740398615793e-6,1.0324274543060952e-6,NaN,diag_feasible,0,0,1,1,0,0,2,3.685957161943871e-14,1.12.6,lbt,1,1,Intel(R) Core(TM) 7 150U,NT,c8c2c51
degen-r50-m5-d1e-08-p0,100,Dykstra-APM,1e-7*n,9.999999999999999e-6,15,15,0.0736513,0.0684925,92.99564298254069,0.0,0.0,0.0,0.0,0.0021397,0.003019100000000005,0.49451821708582405,7.63176125601091e-6,-1.3208532823213794e-15,1.294412437014003e-6,1.294412437014003e-6,5.581651971791624e-6,1.294412437014003e-6,NaN,diag_feasible,0,0,0,0,0,0,15,3.685957161943871e-14,1.12.6,lbt,1,1,Intel(R) Core(TM) 7 150U,NT,c8c2c51
degen-r50-m5-d1e-08-p1,100,SBB-Dual,1e-7*n,9.999999999999999e-6,6,7,0.0348246,0.0341636,98.10191646135205,3.86e-5,2.12e-5,0.0002143,0.0,0.0,0.000386899999999995,0.4948618200632922,2.1128699039928674e-6,-1.6075598160733997e-15,9.021482888504906e-7,0.0,2.2327022226704194e-6,9.021482888504906e-7,0.0,diag_feasible,0,0,0,0,0,0,6,2.4806218654347975e-14,1.12.6,lbt,1,1,Intel(R) Core(TM) 7 150U,NT,c8c2c51
degen-r50-m5-d1e-08-p1,100,Newton-SIN-BH,1e-7*n,9.999999999999999e-6,3,4,0.0233981,0.0186942,79.8962308905424,0.0,1.36e-5,0.0,0.0041613,0.0,0.0005290000000000008,0.49486180942400076,3.257165809959918e-8,-1.6276818487352036e-15,8.960021835591192e-9,8.960021835591192e-9,2.6817549118796997e-8,8.960021835591192e-9,NaN,converged,7,7,0,0,0,0,3,2.4806218654347975e-14,1.12.6,lbt,1,1,Intel(R) Core(TM) 7 150U,NT,c8c2c51
degen-r50-m5-d1e-08-p1,100,Newton-SIN,1e-7*n,9.999999999999999e-6,3,7,0.0362248,0.0308454,85.14995251871646,0.0,1.42e-5,0.0,0.0049776,0.0,0.0003876000000000027,0.49486180942400076,3.257165809959918e-8,-1.6276818487352036e-15,8.960021835591192e-9,8.960021835591192e-9,2.6817549118796997e-8,8.960021835591192e-9,NaN,converged,7,7,0,0,0,0,3,2.4806218654347975e-14,1.12.6,lbt,1,1,Intel(R) Core(TM) 7 150U,NT,c8c2c51
degen-r50-m5-d1e-08-p1,100,AGD-SDAJ-BH,1e-7*n,9.999999999999999e-6,2,14,0.0757983,0.0749164,98.83651744168404,0.0,3.98e-5,0.0,0.0,0.0,0.0008421000000000049,0.49486375021398,3.516920593375896e-6,-1.534279172916962e-15,9.927392912167932e-7,9.927392912167932e-7,2.683427985666611e-6,9.927392912167932e-7,NaN,diag_feasible,0,0,1,1,0,0,2,2.4806218654347975e-14,1.12.6,lbt,1,1,Intel(R) Core(TM) 7 150U,NT,c8c2c51
degen-r50-m5-d1e-08-p1,100,AGD-SDAJ,1e-7*n,9.999999999999999e-6,2,14,0.0703996,0.0695253,98.7580895345996,0.0,4.44e-5,0.0,0.0,0.0,0.0008299000000000084,0.49486375021398,3.516920593375896e-6,-1.534279172916962e-15,9.927392912167932e-7,9.927392912167932e-7,2.683427985666611e-6,9.927392912167932e-7,NaN,diag_feasible,0,0,1,1,0,0,2,2.4806218654347975e-14,1.12.6,lbt,1,1,Intel(R) Core(TM) 7 150U,NT,c8c2c51
degen-r50-m5-d1e-08-p1,100,Dykstra-APM,1e-7*n,9.999999999999999e-6,15,15,0.0828897,0.0769549,92.84012368243583,0.0,0.0,0.0,0.0,0.0030613,0.00287349999999999,0.49485713161496386,7.1466919730609645e-6,-1.5202950050146752e-15,1.175338989245489e-6,1.175338989245489e-6,5.23798803185144e-6,1.175338989245489e-6,NaN,diag_feasible,0,0,0,0,0,0,15,2.4806218654347975e-14,1.12.6,lbt,1,1,Intel(R) Core(TM) 7 150U,NT,c8c2c51
degen-r50-m5-d1e-08-p2,100,SBB-Dual,1e-7*n,9.999999999999999e-6,6,7,0.0338835,0.033235,98.08608909941418,3.5e-5,1.94e-5,0.000212,0.0,0.0,0.0003820999999999963,0.49348349322124724,3.4539985203278437e-6,-1.5464245117332497e-15,1.0623476671689502e-6,0.0,3.6603122321186446e-6,1.0623476671689502e-6,0.0,diag_feasible,0,0,0,0,0,0,6,1.8484463194094945e-14,1.12.6,lbt,1,1,Intel(R) Core(TM) 7 150U,NT,c8c2c51
degen-r50-m5-d1e-08-p2,100,Newton-SIN-BH,1e-7*n,9.999999999999999e-6,3,4,0.0239323,0.0192524,80.44525599294677,0.0,1.28e-5,0.0,0.0041359,0.0,0.0005312000000000008,0.49348348064563274,5.2810617766541586e-8,-1.4067223517332115e-15,2.1192268273573234e-8,2.1192268273573234e-8,4.4073807553567176e-8,2.1192268273573234e-8,NaN,converged,7,7,0,0,0,0,3,1.8484463194094945e-14,1.12.6,lbt,1,1,Intel(R) Core(TM) 7 150U,NT,c8c2c51
degen-r50-m5-d1e-08-p2,100,Newton-SIN,1e-7*n,9.999999999999999e-6,3,7,0.0354331,0.0304363,85.89793159503401,0.0,1.55e-5,0.0,0.0045797,0.0,0.0004016000000000028,0.49348348064563274,5.2810617766541586e-8,-1.4067223517332115e-15,2.1192268273573234e-8,2.1192268273573234e-8,4.4073807553567176e-8,2.1192268273573234e-8,NaN,converged,7,7,0,0,0,0,3,1.8484463194094945e-14,1.12.6,lbt,1,1,Intel(R) Core(TM) 7 150U,NT,c8c2c51
degen-r50-m5-d1e-08-p2,100,AGD-SDAJ-BH,1e-7*n,9.999999999999999e-6,2,15,0.0675189,0.06667580000000001,98.75131259543625,0.0,3.94e-5,0.0,0.0,0.0,0.0008036999999999994,0.4934880228028721,8.563435244997098e-6,-1.3567235233205891e-15,2.102902715517274e-6,2.102902715517274e-6,6.5814299649697494e-6,2.102902715517274e-6,NaN,diag_feasible,0,0,2,2,0,0,2,1.8484463194094945e-14,1.12.6,lbt,1,1,Intel(R) Core(TM) 7 150U,NT,c8c2c51
degen-r50-m5-d1e-08-p2,100,AGD-SDAJ,1e-7*n,9.999999999999999e-6,2,15,0.0674661,0.06658080000000001,98.68778542112263,0.0,4.39e-5,0.0,0.0,0.0,0.0008413999999999916,0.4934880228028721,8.563435244997098e-6,-1.3567235233205891e-15,2.102902715517274e-6,2.102902715517274e-6,6.5814299649697494e-6,2.102902715517274e-6,NaN,diag_feasible,0,0,2,2,0,0,2,1.8484463194094945e-14,1.12.6,lbt,1,1,Intel(R) Core(TM) 7 150U,NT,c8c2c51
degen-r50-m5-d1e-08-p2,100,Dykstra-APM,1e-7*n,9.999999999999999e-6,15,15,0.0814408,0.0751565,92.28359741063448,0.0,0.0,0.0,0.0,0.0021759,0.004108399999999993,0.4934778577930382,8.63038820872717e-6,-1.2797250511268978e-15,1.6025085998183641e-6,1.6025085998183641e-6,6.29157826918248e-6,1.6025085998183641e-6,NaN,diag_feasible,0,0,0,0,0,0,15,1.8484463194094945e-14,1.12.6,lbt,1,1,Intel(R) Core(TM) 7 150U,NT,c8c2c51
degen-r50-m5-d1e-08-p3,100,SBB-Dual,1e-7*n,9.999999999999999e-6,6,7,0.0330127,0.032319,97.89868747482029,3.66e-5,2.05e-5,0.0002108,0.0,0.0,0.0004257999999999984,0.49262394953956345,4.4266207240541384e-6,-1.5807556642152793e-15,1.363922454422628e-6,0.0,4.778395969987875e-6,1.363922454422628e-6,0.0,diag_feasible,0,0,0,0,0,0,6,2.273003715600101e-14,1.12.6,lbt,1,1,Intel(R) Core(TM) 7 150U,NT,c8c2c51
degen-r50-m5-d1e-08-p3,100,Newton-SIN-BH,1e-7*n,9.999999999999999e-6,3,4,0.0241297,0.0192198,79.65204706233396,0.0,1.49e-5,0.0,0.0042525,0.0,0.0006425000000000016,0.49262393595497816,6.04919095985256e-8,-1.4678545080122231e-15,2.0654252086416136e-8,2.0654252086416136e-8,5.0879000801048755e-8,2.0654252086416136e-8,NaN,converged,7,7,0,0,0,0,3,2.273003715600101e-14,1.12.6,lbt,1,1,Intel(R) Core(TM) 7 150U,NT,c8c2c51
degen-r50-m5-d1e-08-p3,100,Newton-SIN,1e-7*n,9.999999999999999e-6,3,7,0.0350184,0.030160100000000002,86.12643638772761,0.0,1.64e-5,0.0,0.0042055,0.0,0.0006363999999999962,0.49262393595497816,6.04919095985256e-8,-1.4678545080122231e-15,2.0654252086416136e-8,2.0654252086416136e-8,5.0879000801048755e-8,2.0654252086416136e-8,NaN,converged,7,7,0,0,0,0,3,2.273003715600101e-14,1.12.6,lbt,1,1,Intel(R) Core(TM) 7 150U,NT,c8c2c51
degen-r50-m5-d1e-08-p3,100,AGD-SDAJ-BH,1e-7*n,9.999999999999999e-6,2,17,0.0830585,0.08159570000000001,98.23883166683724,0.0,5.18e-5,0.0,0.0,0.0,0.0014109999999999863,0.4926306877139331,1.2385133537833712e-5,-1.4793572441261272e-15,3.977712616731743e-6,3.977712616731743e-6,9.59282888417138e-6,3.977712616731743e-6,NaN,diag_feasible,0,0,4,4,0,0,2,2.273003715600101e-14,1.12.6,lbt,1,1,Intel(R) Core(TM) 7 150U,NT,c8c2c51
degen-r50-m5-d1e-08-p3,100,AGD-SDAJ,1e-7*n,9.999999999999999e-6,2,17,0.0750475,0.0740309,98.64539125220693,0.0,5.1e-5,0.0,0.0,0.0,0.0009656000000000063,0.4926306877139331,1.2385133537833712e-5,-1.4793572441261272e-15,3.977712616731743e-6,3.977712616731743e-6,9.59282888417138e-6,3.977712616731743e-6,NaN,diag_feasible,0,0,4,4,0,0,2,2.273003715600101e-14,1.12.6,lbt,1,1,Intel(R) Core(TM) 7 150U,NT,c8c2c51
degen-r50-m5-d1e-08-p3,100,Dykstra-APM,1e-7*n,9.999999999999999e-6,15,15,0.0861975,0.0788952,91.52840859653703,0.0,0.0,0.0,0.0,0.0032477,0.004054599999999998,0.4926177375457739,9.521111437734517e-6,-1.531252419061282e-15,1.6101919053657099e-6,1.6101919053657099e-6,6.919155196962995e-6,1.6101919053657099e-6,NaN,diag_feasible,0,0,0,0,0,0,15,2.273003715600101e-14,1.12.6,lbt,1,1,Intel(R) Core(TM) 7 150U,NT,c8c2c51
degen-r50-m5-d1e-08-p4,100,SBB-Dual,1e-7*n,9.999999999999999e-6,6,7,0.0361058,0.0353898,98.01693910673632,3.87e-5,2.58e-5,0.0002191,0.0,0.0,0.00043240000000000135,0.4931967756060196,3.2663899964927478e-6,-1.487687169584018e-15,1.2807771145872948e-6,0.0,3.447394425681072e-6,1.2807771145872948e-6,0.0,diag_feasible,0,0,0,0,0,0,6,3.0044817667179724e-14,1.12.6,lbt,1,1,Intel(R) Core(TM) 7 150U,NT,c8c2c51
degen-r50-m5-d1e-08-p4,100,Newton-SIN-BH,1e-7*n,9.999999999999999e-6,3,4,0.0238618,0.018826000000000002,78.89597599510516,0.0,1.33e-5,0.0,0.0043304,0.0,0.0006920999999999967,0.49319676801020274,5.382183907292577e-8,-1.5123331548832293e-15,1.631985235839295e-8,1.631985235839295e-8,4.596275154140975e-8,1.631985235839295e-8,NaN,converged,7,7,0,0,0,0,3,3.0044817667179724e-14,1.12.6,lbt,1,1,Intel(R) Core(TM) 7 150U,NT,c8c2c51
degen-r50-m5-d1e-08-p4,100,Newton-SIN,1e-7*n,9.999999999999999e-6,3,7,0.0341761,0.0293393,85.84741968802759,0.0,1.49e-5,0.0,0.0043814,0.0,0.0004405000000000025,0.49319676801020274,5.382183907292577e-8,-1.5123331548832293e-15,1.631985235839295e-8,1.631985235839295e-8,4.596275154140975e-8,1.631985235839295e-8,NaN,converged,7,7,0,0,0,0,3,3.0044817667179724e-14,1.12.6,lbt,1,1,Intel(R) Core(TM) 7 150U,NT,c8c2c51
degen-r50-m5-d1e-08-p4,100,AGD-SDAJ-BH,1e-7*n,9.999999999999999e-6,2,14,0.0720661,0.0711581,98.74004559702828,0.0,4.01e-5,0.0,0.0,0.0,0.0008678999999999922,0.49320004586091926,5.970149841983895e-6,-1.6356791548042133e-15,1.5746450646725307e-6,1.5746450646725307e-6,4.539442232563019e-6,1.5746450646725307e-6,NaN,diag_feasible,0,0,1,1,0,0,2,3.0044817667179724e-14,1.12.6,lbt,1,1,Intel(R) Core(TM) 7 150U,NT,c8c2c51
degen-r50-m5-d1e-08-p4,100,AGD-SDAJ,1e-7*n,9.999999999999999e-6,2,14,0.0640135,0.063022,98.45110796941269,0.0,4.64e-5,0.0,0.0,0.0,0.0009451000000000062,0.49320004586091926,5.970149841983895e-6,-1.6356791548042133e-15,1.5746450646725307e-6,1.5746450646725307e-6,4.539442232563019e-6,1.5746450646725307e-6,NaN,diag_feasible,0,0,1,1,0,0,2,3.0044817667179724e-14,1.12.6,lbt,1,1,Intel(R) Core(TM) 7 150U,NT,c8c2c51
degen-r50-m5-d1e-08-p4,100,Dykstra-APM,1e-7*n,9.999999999999999e-6,15,15,0.083735,0.0784169,93.64889233892637,0.0,0.0,0.0,0.0,0.0021488,0.003169300000000006,0.4931905879749385,9.65458668447096e-6,-1.2999389434825562e-15,1.8319246886111529e-6,1.8319246886111529e-6,7.015138679280696e-6,1.8319246886111529e-6,NaN,diag_feasible,0,0,0,0,0,0,15,3.0044817667179724e-14,1.12.6,lbt,1,1,Intel(R) Core(TM) 7 150U,NT,c8c2c51
degen-r50-m5-d1e-10-p0,100,SBB-Dual,1e-7*n,9.999999999999999e-6,6,7,0.0392301,0.0382792,97.57609590594977,4.57e-5,2.35e-5,0.0002126,0.0,0.0,0.0006690999999999977,0.4945231949656675,2.0580898805765317e-6,-1.4469557640324074e-15,6.93097487514116e-7,0.0,2.185769638575391e-6,6.93097487514116e-7,0.0,diag_feasible,0,0,0,0,0,0,6,2.2116300302988282e-14,1.12.6,lbt,1,1,Intel(R) Core(TM) 7 150U,NT,c8c2c51
degen-r50-m5-d1e-10-p0,100,Newton-SIN-BH,1e-7*n,9.999999999999999e-6,3,4,0.0253276,0.0205396,81.09572166332381,0.0,1.5e-5,0.0,0.0041833,0.0,0.0005896999999999968,0.4945231867291453,3.036308221529781e-8,-1.3168868688156373e-15,9.04440899951453e-9,9.04440899951453e-9,2.5519443027863262e-8,9.04440899951453e-9,NaN,converged,7,7,0,0,0,0,3,2.2116300302988282e-14,1.12.6,lbt,1,1,Intel(R) Core(TM) 7 150U,NT,c8c2c51
degen-r50-m5-d1e-10-p0,100,Newton-SIN,1e-7*n,9.999999999999999e-6,3,7,0.0385872,0.0338822,87.8068375005183,0.0,1.32e-5,0.0,0.0042461,0.0,0.00044570000000000113,0.4945231867291453,3.036308221529781e-8,-1.3168868688156373e-15,9.04440899951453e-9,9.04440899951453e-9,2.5519443027863262e-8,9.04440899951453e-9,NaN,converged,7,7,0,0,0,0,3,2.2116300302988282e-14,1.12.6,lbt,1,1,Intel(R) Core(TM) 7 150U,NT,c8c2c51
degen-r50-m5-d1e-10-p0,100,AGD-SDAJ-BH,1e-7*n,9.999999999999999e-6,2,14,0.0648078,0.0639622,98.69521878539311,0.0,3.92e-5,0.0,0.0,0.0,0.0008064000000000019,0.49452572098437814,4.706374995931248e-6,-1.5666386624091958e-15,1.0323916627141827e-6,1.0323916627141827e-6,3.6113033556571227e-6,1.0323916627141827e-6,NaN,diag_feasible,0,0,1,1,0,0,2,2.2116300302988282e-14,1.12.6,lbt,1,1,Intel(R) Core(TM) 7 150U,NT,c8c2c51
degen-r50-m5-d1e-10-p0,100,AGD-SDAJ,1e-7*n,9.999999999999999e-6,2,14,0.0651802,0.0643864,98.78214549817275,0.0,3.99e-5,0.0,0.0,0.0,0.0007538999999999972,0.49452572098437814,4.706374995931248e-6,-1.5666386624091958e-15,1.0323916627141827e-6,1.0323916627141827e-6,3.6113033556571227e-6,1.0323916627141827e-6,NaN,diag_feasible,0,0,1,1,0,0,2,2.2116300302988282e-14,1.12.6,lbt,1,1,Intel(R) Core(TM) 7 150U,NT,c8c2c51
degen-r50-m5-d1e-10-p0,100,Dykstra-APM,1e-7*n,9.999999999999999e-6,15,15,0.0769496,0.0717925,93.29808082173265,0.0,0.0,0.0,0.0,0.002171,0.0029861000000000115,0.49451822135262236,7.631714048979884e-6,-1.2918557506523892e-15,1.2944123539693209e-6,1.2944123539693209e-6,5.581651923050857e-6,1.2944123539693209e-6,NaN,diag_feasible,0,0,0,0,0,0,15,2.2116300302988282e-14,1.12.6,lbt,1,1,Intel(R) Core(TM) 7 150U,NT,c8c2c51
degen-r50-m5-d1e-10-p1,100,SBB-Dual,1e-7*n,9.999999999999999e-6,6,7,0.0354847,0.0347716,97.99040149698321,3.94e-5,2.36e-5,0.000213,0.0,0.0,0.00043710000000000125,0.4948618243579891,2.113321561383576e-6,-1.5105845507654453e-15,9.022503563160811e-7,0.0,2.2331462192466097e-6,9.022503563160811e-7,0.0,diag_feasible,0,0,0,0,0,0,6,2.0815719496195293e-14,1.12.6,lbt,1,1,Intel(R) Core(TM) 7 150U,NT,c8c2c51
degen-r50-m5-d1e-10-p1,100,Newton-SIN-BH,1e-7*n,9.999999999999999e-6,3,4,0.0223858,0.0175659,78.46894013169062,0.0,1.34e-5,0.0,0.0042547,0.0,0.0005518000000000016,0.49486181699625237,3.049943426586041e-8,-1.6543073913527595e-15,9.712279980256255e-9,9.712279980256255e-9,2.586171885594707e-8,9.712279980256255e-9,NaN,converged,7,7,0,0,0,0,3,2.0815719496195293e-14,1.12.6,lbt,1,1,Intel(R) Core(TM) 7 150U,NT,c8c2c51
degen-r50-m5-d1e-10-p1,100,Newton-SIN,1e-7*n,9.999999999999999e-6,3,7,0.0198409,0.017242,86.90129984022902,0.0,1.11e-5,0.0,0.0022856,0.0,0.00030220000000000117,0.49486181699625237,3.049943426586041e-8,-1.6543073913527595e-15,9.712279980256255e-9,9.712279980256255e-9,2.586171885594707e-8,9.712279980256255e-9,NaN,converged,7,7,0,0,0,0,3,2.0815719496195293e-14,1.12.6,lbt,1,1,Intel(R) Core(TM) 7 150U,NT,c8c2c51
degen-r50-m5-d1e-10-p1,100,AGD-SDAJ-BH,1e-7*n,9.999999999999999e-6,2,14,0.0657746,0.0647884,98.50063702401839,0.0,4.6e-5,0.0,0.0,0.0,0.0009402000000000065,0.49486375424775897,3.5163942513226775e-6,-1.6447361673756383e-15,9.9252801544214e-7,9.9252801544214e-7,2.683004781019467e-6,9.9252801544214e-7,NaN,diag_feasible,0,0,1,1,0,0,2,2.0815719496195293e-14,1.12.6,lbt,1,1,Intel(R) Core(TM) 7 150U,NT,c8c2c51
degen-r50-m5-d1e-10-p1,100,AGD-SDAJ,1e-7*n,9.999999999999999e-6,2,14,0.0672128,0.0661955,98.48644900971243,0.0,3.84e-5,0.0,0.0,0.0,0.0009788999999999987,0.49486375424775897,3.5163942513226775e-6,-1.6447361673756383e-15,9.9252801544214e-7,9.9252801544214e-7,2.683004781019467e-6,9.9252801544214e-7,NaN,diag_feasible,0,0,1,1,0,0,2,2.0815719496195293e-14,1.12.6,lbt,1,1,Intel(R) Core(TM) 7 150U,NT,c8c2c51
degen-r50-m5-d1e-10-p1,100,Dykstra-APM,1e-7*n,9.999999999999999e-6,15,15,0.0776236,0.0725567,93.4724748658913,0.0,0.0,0.0,0.0,0.0021936,0.002873299999999999,0.4948571359096714,7.146642554402449e-6,-1.3865564735510243e-15,1.1753389239643752e-6,1.1753389239643752e-6,5.2379880060189816e-6,1.1753389239643752e-6,NaN,diag_feasible,0,0,0,0,0,0,15,2.0815719496195293e-14,1.12.6,lbt,1,1,Intel(R) Core(TM) 7 150U,NT,c8c2c51
degen-r50-m5-d1e-10-p2,100,SBB-Dual,1e-7*n,9.999999999999999e-6,6,7,0.0353709,0.0346982,98.09815413235174,3.54e-5,2.25e-5,0.0002118,0.0,0.0,0.00040299999999999836,0.49348349739437125,3.4544771472924173e-6,-1.7378808994631139e-15,1.0624173381046376e-6,0.0,3.6607951920579676e-6,1.0624173381046376e-6,0.0,diag_feasible,0,0,0,0,0,0,6,2.599913821958825e-14,1.12.6,lbt,1,1,Intel(R) Core(TM) 7 150U,NT,c8c2c51
degen-r50-m5-d1e-10-p2,100,Newton-SIN-BH,1e-7*n,9.999999999999999e-6,3,4,0.0251056,0.0203988,81.25199158753426,0.0,1.26e-5,0.0,0.0041487,0.0,0.0005454999999999974,0.49348348745649184,5.0621091416787213e-8,-1.405035688195597e-15,2.1297568708611436e-8,2.1297568708611436e-8,4.29322858769657e-8,2.1297568708611436e-8,NaN,converged,7,7,0,0,0,0,3,2.599913821958825e-14,1.12.6,lbt,1,1,Intel(R) Core(TM) 7 150U,NT,c8c2c51
degen-r50-m5-d1e-10-p2,100,Newton-SIN,1e-7*n,9.999999999999999e-6,3,7,0.0403154,0.0350797,87.01315130198385,0.0,1.41e-5,0.0,0.0048193,0.0,0.00040230000000000214,0.49348348745649184,5.0621091416787213e-8,-1.405035688195597e-15,2.1297568708611436e-8,2.1297568708611436e-8,4.29322858769657e-8,2.1297568708611436e-8,NaN,converged,7,7,0,0,0,0,3,2.599913821958825e-14,1.12.6,lbt,1,1,Intel(R) Core(TM) 7 150U,NT,c8c2c51
degen-r50-m5-d1e-10-p2,100,AGD-SDAJ-BH,1e-7*n,9.999999999999999e-6,2,15,0.0888225,0.0879244,98.98888232148386,0.0,4.51e-5,0.0,0.0,0.0,0.0008529999999999989,0.4934880274491401,8.564423422236742e-6,-1.348562250797025e-15,2.1032869745862826e-6,2.1032869745862826e-6,6.58223849180163e-6,2.1032869745862826e-6,NaN,diag_feasible,0,0,2,2,0,0,2,2.599913821958825e-14,1.12.6,lbt,1,1,Intel(R) Core(TM) 7 150U,NT,c8c2c51
degen-r50-m5-d1e-10-p2,100,AGD-SDAJ,1e-7*n,9.999999999999999e-6,2,15,0.0683642,0.0672653,98.39257974202873,0.0,4.86e-5,0.0,0.0,0.0,0.0010502999999999999,0.4934880274491401,8.564423422236742e-6,-1.348562250797025e-15,2.1032869745862826e-6,2.1032869745862826e-6,6.58223849180163e-6,2.1032869745862826e-6,NaN,diag_feasible,0,0,2,2,0,0,2,2.599913821958825e-14,1.12.6,lbt,1,1,Intel(R) Core(TM) 7 150U,NT,c8c2c51
degen-r50-m5-d1e-10-p2,100,Dykstra-APM,1e-7*n,9.999999999999999e-6,15,15,0.0817386,0.0753968,92.24136454502523,0.0,0.0,0.0,0.0,0.0034559,0.0028858999999999946,0.49347786196618043,8.630333873724802e-6,-1.9716334131091606e-15,1.6025085820547957e-6,1.6025085820547957e-6,6.291578241140876e-6,1.6025085820547957e-6,NaN,diag_feasible,0,0,0,0,0,0,15,2.599913821958825e-14,1.12.6,lbt,1,1,Intel(R) Core(TM) 7 150U,NT,c8c2c51
degen-r50-m5-d1e-10-p3,100,SBB-Dual,1e-7*n,9.999999999999999e-6,6,7,0.0337609,0.0330755,97.9698408513991,3.55e-5,2.09e-5,0.0002349,0.0,0.0,0.0003941000000000026,0.49262395357675726,4.42703632248531e-6,-1.6082070001811307e-15,1.3639549005795004e-6,0.0,4.77881754995552e-6,1.3639549005795004e-6,0.0,diag_feasible,0,0,0,0,0,0,6,1.4289997931680933e-14,1.12.6,lbt,1,1,Intel(R) Core(TM) 7 150U,NT,c8c2c51
degen-r50-m5-d1e-10-p3,100,Newton-SIN-BH,1e-7*n,9.999999999999999e-6,3,4,0.025148,0.0199727,79.42062987116272,0.0,1.28e-5,0.0,0.0045098,0.0,0.0006527000000000008,0.4926239423327364,5.842541848782844e-8,-1.3436090298351674e-15,2.1003259242924344e-8,2.1003259242924344e-8,4.9975003553371244e-8,2.1003259242924344e-8,NaN,converged,7,7,0,0,0,0,3,1.4289997931680933e-14,1.12.6,lbt,1,1,Intel(R) Core(TM) 7 150U,NT,c8c2c51
degen-r50-m5-d1e-10-p3,100,Newton-SIN,1e-7*n,9.999999999999999e-6,3,7,0.0344713,0.0299968,87.01963662525057,0.0,1.55e-5,0.0,0.0040673,0.0,0.00039170000000000264,0.4926239423327364,5.842541848782844e-8,-1.3436090298351674e-15,2.1003259242924344e-8,2.1003259242924344e-8,4.9975003553371244e-8,2.1003259242924344e-8,NaN,converged,7,7,0,0,0,0,3,1.4289997931680933e-14,1.12.6,lbt,1,1,Intel(R) Core(TM) 7 150U,NT,c8c2c51
degen-r50-m5-d1e-10-p3,100,AGD-SDAJ-BH,1e-7*n,9.999999999999999e-6,2,17,0.0790215,0.07799550000000001,98.70161917959038,0.0,5.38e-5,0.0,0.0,0.0,0.0009721999999999853,0.4926306914840658,1.2384545548907358e-5,-1.6032380908821093e-15,3.97745657831905e-6,3.97745657831905e-6,9.592332205357208e-6,3.97745657831905e-6,NaN,diag_feasible,0,0,4,4,0,0,2,1.4289997931680933e-14,1.12.6,lbt,1,1,Intel(R) Core(TM) 7 150U,NT,c8c2c51
degen-r50-m5-d1e-10-p3,100,AGD-SDAJ,1e-7*n,9.999999999999999e-6,2,17,0.0832712,0.0810156,97.29126036372718,0.0,4.81e-5,0.0,0.0,0.0,0.0022075000000000102,0.4926306914840658,1.2384545548907358e-5,-1.6032380908821093e-15,3.97745657831905e-6,3.97745657831905e-6,9.592332205357208e-6,3.97745657831905e-6,NaN,diag_feasible,0,0,4,4,0,0,2,1.4289997931680933e-14,1.12.6,lbt,1,1,Intel(R) Core(TM) 7 150U,NT,c8c2c51
degen-r50-m5-d1e-10-p3,100,Dykstra-APM,1e-7*n,9.999999999999999e-6,15,15,0.0802888,0.072966,90.87942527475813,0.0,0.0,0.0,0.0,0.0022351,0.00508769999999999,0.49261774158301147,9.521056607889948e-6,-1.6501033273793653e-15,1.610191842305042e-6,1.610191842305042e-6,6.9191551347135065e-6,1.610191842305042e-6,NaN,diag_feasible,0,0,0,0,0,0,15,1.4289997931680933e-14,1.12.6,lbt,1,1,Intel(R) Core(TM) 7 150U,NT,c8c2c51
degen-r50-m5-d1e-10-p4,100,SBB-Dual,1e-7*n,9.999999999999999e-6,6,7,0.0337808,0.0330941,97.96718846208498,3.59e-5,2.35e-5,0.0002206,0.0,0.0,0.0004066999999999985,0.49319677978897786,3.266832808163441e-6,-1.5889998552324596e-15,1.2808074176806628e-6,0.0,3.4478091285352057e-6,1.2808074176806628e-6,0.0,diag_feasible,0,0,0,0,0,0,6,2.6527361446477763e-14,1.12.6,lbt,1,1,Intel(R) Core(TM) 7 150U,NT,c8c2c51
degen-r50-m5-d1e-10-p4,100,Newton-SIN-BH,1e-7*n,9.999999999999999e-6,3,4,0.0320027,0.0258567,80.79537039062329,0.0,1.7e-5,0.0,0.0054309,0.0,0.0006981000000000027,0.4931967748434972,5.211342303470759e-8,-1.3683520466031275e-15,1.664636084530713e-8,1.664636084530713e-8,4.5171986322244756e-8,1.664636084530713e-8,NaN,converged,7,7,0,0,0,0,3,2.6527361446477763e-14,1.12.6,lbt,1,1,Intel(R) Core(TM) 7 150U,NT,c8c2c51
degen-r50-m5-d1e-10-p4,100,Newton-SIN,1e-7*n,9.999999999999999e-6,3,7,0.0321344,0.027641,86.0168542123083,0.0,1.28e-5,0.0,0.0041336,0.0,0.00034700000000000095,0.4931967748434972,5.211342303470759e-8,-1.3683520466031275e-15,1.664636084530713e-8,1.664636084530713e-8,4.5171986322244756e-8,1.664636084530713e-8,NaN,converged,7,7,0,0,0,0,3,2.6527361446477763e-14,1.12.6,lbt,1,1,Intel(R) Core(TM) 7 150U,NT,c8c2c51
degen-r50-m5-d1e-10-p4,100,AGD-SDAJ-BH,1e-7*n,9.999999999999999e-6,2,14,0.07034,0.0694321,98.70926926357691,0.0,4.76e-5,0.0,0.0,0.0,0.0008603000000000032,0.4932000498759582,5.969851444014675e-6,-1.5996284744537917e-15,1.5746087425050348e-6,1.5746087425050348e-6,4.539212754963379e-6,1.5746087425050348e-6,NaN,diag_feasible,0,0,1,1,0,0,2,2.6527361446477763e-14,1.12.6,lbt,1,1,Intel(R) Core(TM) 7 150U,NT,c8c2c51
degen-r50-m5-d1e-10-p4,100,AGD-SDAJ,1e-7*n,9.999999999999999e-6,2,14,0.0668167,0.0659285,98.67069160853498,0.0,4.15e-5,0.0,0.0,0.0,0.0008467000000000057,0.4932000498759582,5.969851444014675e-6,-1.5996284744537917e-15,1.5746087425050348e-6,1.5746087425050348e-6,4.539212754963379e-6,1.5746087425050348e-6,NaN,diag_feasible,0,0,1,1,0,0,2,2.6527361446477763e-14,1.12.6,lbt,1,1,Intel(R) Core(TM) 7 150U,NT,c8c2c51
degen-r50-m5-d1e-10-p4,100,Dykstra-APM,1e-7*n,9.999999999999999e-6,15,15,0.0788951,0.0731541,92.72324897236965,0.0,0.0,0.0,0.0,0.0022991,0.003441899999999996,0.49319059215792904,9.654533599670755e-6,-1.3812305508715093e-15,1.8319246797293687e-6,1.8319246797293687e-6,7.015138633179524e-6,1.8319246797293687e-6,NaN,diag_feasible,0,0,0,0,0,0,15,2.6527361446477763e-14,1.12.6,lbt,1,1,Intel(R) Core(TM) 7 150U,NT,c8c2c51
degen-r50-m5-d0-p0,100,SBB-Dual,1e-7*n,9.999999999999999e-6,6,7,0.031468,0.030818,97.934409558917,3.21e-5,1.97e-5,0.000214,0.0,0.0,0.0003842000000000013,0.49452319500876596,2.0580944328811234e-6,-1.6450391925965202e-15,6.930986415909501e-7,0.0,2.1857741633342103e-6,6.930986415909501e-7,0.0,diag_feasible,0,0,0,0,0,0,6,2.231051109326755e-14,1.12.6,lbt,1,1,Intel(R) Core(TM) 7 150U,NT,c8c2c51
degen-r50-m5-d0-p0,100,Newton-SIN-BH,1e-7*n,9.999999999999999e-6,3,4,0.0314603,0.0249043,79.16103787948622,0.0,1.41e-5,0.0,0.0052118,0.0,0.0013300999999999955,0.49452318677973023,3.036247827850847e-8,-1.4647782096283e-15,9.052546046106613e-9,9.052546046106613e-9,2.5519572644216396e-8,9.052546046106613e-9,NaN,converged,7,7,0,0,0,0,3,2.231051109326755e-14,1.12.6,lbt,1,1,Intel(R) Core(TM) 7 150U,NT,c8c2c51
degen-r50-m5-d0-p0,100,Newton-SIN,1e-7*n,9.999999999999999e-6,3,7,0.0356849,0.031148,87.28621910107637,0.0,1.22e-5,0.0,0.0041409,0.0,0.00038379999999999925,0.49452318677973023,3.036247827850847e-8,-1.4647782096283e-15,9.052546046106613e-9,9.052546046106613e-9,2.5519572644216396e-8,9.052546046106613e-9,NaN,converged,7,7,0,0,0,0,3,2.231051109326755e-14,1.12.6,lbt,1,1,Intel(R) Core(TM) 7 150U,NT,c8c2c51
degen-r50-m5-d0-p0,100,AGD-SDAJ-BH,1e-7*n,9.999999999999999e-6,2,14,0.0661992,0.0653802,98.76282492839792,0.0,3.91e-5,0.0,0.0,0.0,0.0007799000000000003,0.49452572102709663,4.706374152675224e-6,-1.4359518876360967e-15,1.032391318545045e-6,1.032391318545045e-6,3.611302671267586e-6,1.032391318545045e-6,NaN,diag_feasible,0,0,1,1,0,0,2,2.231051109326755e-14,1.12.6,lbt,1,1,Intel(R) Core(TM) 7 150U,NT,c8c2c51
degen-r50-m5-d0-p0,100,AGD-SDAJ,1e-7*n,9.999999999999999e-6,2,14,0.0724572,0.0716398,98.87188574772418,0.0,5.27e-5,0.0,0.0,0.0,0.0007646999999999959,0.49452572102709663,4.706374152675224e-6,-1.4359518876360967e-15,1.032391318545045e-6,1.032391318545045e-6,3.611302671267586e-6,1.032391318545045e-6,NaN,diag_feasible,0,0,1,1,0,0,2,2.231051109326755e-14,1.12.6,lbt,1,1,Intel(R) Core(TM) 7 150U,NT,c8c2c51
degen-r50-m5-d0-p0,100,Dykstra-APM,1e-7*n,9.999999999999999e-6,15,15,0.0811264,0.0753328,92.85855159356264,0.0,0.0,0.0,0.0,0.0022081,0.003585499999999996,0.49451822139572177,7.631713860631828e-6,-1.389192919665951e-15,1.2944123422009568e-6,1.2944123422009568e-6,5.581651921801641e-6,1.2944123422009568e-6,NaN,diag_feasible,0,0,0,0,0,0,15,2.231051109326755e-14,1.12.6,lbt,1,1,Intel(R) Core(TM) 7 150U,NT,c8c2c51
degen-r50-m5-d0-p1,100,SBB-Dual,1e-7*n,9.999999999999999e-6,6,7,0.0390467,0.038322999999999996,98.14657832800211,3.97e-5,2.48e-5,0.000213,0.0,0.0,0.00044620000000000076,0.4948618244013697,2.1133261196013364e-6,-1.363132362420074e-15,9.022513923762077e-7,0.0,2.233150708469823e-6,9.022513923762077e-7,0.0,diag_feasible,0,0,0,0,0,0,6,2.1787826318115993e-14,1.12.6,lbt,1,1,Intel(R) Core(TM) 7 150U,NT,c8c2c51
degen-r50-m5-d0-p1,100,Newton-SIN-BH,1e-7*n,9.999999999999999e-6,3,4,0.0237536,0.018906700000000002,79.59509295433115,0.0,1.3e-5,0.0,0.0042452,0.0,0.0005886999999999976,0.4948618170503472,3.050065354726023e-8,-1.5030509112608862e-15,9.717312288159974e-9,9.717312288159974e-9,2.5864425541920786e-8,9.717312288159974e-9,NaN,converged,7,7,0,0,0,0,3,2.1787826318115993e-14,1.12.6,lbt,1,1,Intel(R) Core(TM) 7 150U,NT,c8c2c51
degen-r50-m5-d0-p1,100,Newton-SIN,1e-7*n,9.999999999999999e-6,3,7,0.0388661,0.0336592,86.60297791648763,0.0,1.41e-5,0.0,0.0048021,0.0,0.0003906999999999999,0.4948618170503472,3.050065354726023e-8,-1.5030509112608862e-15,9.717312288159974e-9,9.717312288159974e-9,2.5864425541920786e-8,9.717312288159974e-9,NaN,converged,7,7,0,0,0,0,3,2.1787826318115993e-14,1.12.6,lbt,1,1,Intel(R) Core(TM) 7 150U,NT,c8c2c51
degen-r50-m5-d0-p1,100,AGD-SDAJ-BH,1e-7*n,9.999999999999999e-6,2,14,0.0632705,0.0624644,98.72594653116383,0.0,3.73e-5,0.0,0.0,0.0,0.0007687999999999902,0.4948637542884904,3.51638891070776e-6,-1.5596065545565994e-15,9.925258704912565e-7,9.925258704912565e-7,2.6830004868159056e-6,9.925258704912565e-7,NaN,diag_feasible,0,0,1,1,0,0,2,2.1787826318115993e-14,1.12.6,lbt,1,1,Intel(R) Core(TM) 7 150U,NT,c8c2c51
degen-r50-m5-d0-p1,100,AGD-SDAJ,1e-7*n,9.999999999999999e-6,2,14,0.0685798,0.067597,98.56692495457847,0.0,4.81e-5,0.0,0.0,0.0,0.000934699999999992,0.4948637542884904,3.51638891070776e-6,-1.5596065545565994e-15,9.925258704912565e-7,9.925258704912565e-7,2.6830004868159056e-6,9.925258704912565e-7,NaN,diag_feasible,0,0,1,1,0,0,2,2.1787826318115993e-14,1.12.6,lbt,1,1,Intel(R) Core(TM) 7 150U,NT,c8c2c51
degen-r50-m5-d0-p1,100,Dykstra-APM,1e-7*n,9.999999999999999e-6,15,15,0.0937759,0.0885103,94.38491126184873,0.0,0.0,0.0,0.0,0.0022767,0.0029888999999999953,0.4948571359530514,7.146642358245625e-6,-1.5938400014966652e-15,1.1753389255186875e-6,1.1753389255186875e-6,5.2379880066825e-6,1.1753389255186875e-6,NaN,diag_feasible,0,0,0,0,0,0,15,2.1787826318115993e-14,1.12.6,lbt,1,1,Intel(R) Core(TM) 7 150U,NT,c8c2c51
degen-r50-m5-d0-p2,100,SBB-Dual,1e-7*n,9.999999999999999e-6,6,7,0.0335372,0.0328855,98.05678470474577,3.37e-5,1.86e-5,0.0002117,0.0,0.0,0.00038770000000000503,0.49348349743652403,3.4544819899178126e-6,-1.93448004530288e-15,1.0624180409868345e-6,0.0,3.6608000695247504e-6,1.0624180409868345e-6,0.0,diag_feasible,0,0,0,0,0,0,6,4.7554495288956684e-14,1.12.6,lbt,1,1,Intel(R) Core(TM) 7 150U,NT,c8c2c51
degen-r50-m5-d0-p2,100,Newton-SIN-BH,1e-7*n,9.999999999999999e-6,3,4,0.0251655,0.0203102,80.70652281893862,0.0,1.45e-5,0.0,0.0042641,0.0,0.0005767000000000003,0.49348348749864923,5.062070848488965e-8,-1.329263062093568e-15,2.1297566044076177e-8,2.1297566044076177e-8,4.293228160216108e-8,2.1297566044076177e-8,NaN,converged,7,7,0,0,0,0,3,4.7554495288956684e-14,1.12.6,lbt,1,1,Intel(R) Core(TM) 7 150U,NT,c8c2c51
degen-r50-m5-d0-p2,100,Newton-SIN,1e-7*n,9.999999999999999e-6,3,7,0.0350792,0.028893699999999998,82.36704371821479,0.0,1.37e-5,0.0,0.005779,0.0,0.0003927999999999996,0.49348348749864923,5.062070848488965e-8,-1.329263062093568e-15,2.1297566044076177e-8,2.1297566044076177e-8,4.293228160216108e-8,2.1297566044076177e-8,NaN,converged,7,7,0,0,0,0,3,4.7554495288956684e-14,1.12.6,lbt,1,1,Intel(R) Core(TM) 7 150U,NT,c8c2c51
degen-r50-m5-d0-p2,100,AGD-SDAJ-BH,1e-7*n,9.999999999999999e-6,2,15,0.0728783,0.0720217,98.82461583214757,0.0,3.9e-5,0.0,0.0,0.0,0.0008175999999999991,0.4934880274960458,8.564433335044207e-6,-1.6598472442256222e-15,2.103290829280624e-6,2.103290829280624e-6,6.5822466084492815e-6,2.103290829280624e-6,NaN,diag_feasible,0,0,2,2,0,0,2,4.7554495288956684e-14,1.12.6,lbt,1,1,Intel(R) Core(TM) 7 150U,NT,c8c2c51
degen-r50-m5-d0-p2,100,AGD-SDAJ,1e-7*n,9.999999999999999e-6,2,15,0.0443521,0.043536,98.15995183993543,0.0,3.46e-5,0.0,0.0,0.0,0.0007815000000000002,0.4934880274960458,8.564433335044207e-6,-1.6598472442256222e-15,2.103290829280624e-6,2.103290829280624e-6,6.5822466084492815e-6,2.103290829280624e-6,NaN,diag_feasible,0,0,2,2,0,0,2,4.7554495288956684e-14,1.12.6,lbt,1,1,Intel(R) Core(TM) 7 150U,NT,c8c2c51
degen-r50-m5-d0-p2,100,Dykstra-APM,1e-7*n,9.999999999999999e-6,15,15,0.0955973,0.0881349,92.1939217948624,0.0,0.0,0.0,0.0,0.0036295,0.003832899999999994,0.4934778620083342,8.630333579181735e-6,-1.3190751555518402e-15,1.602508579612305e-6,1.602508579612305e-6,6.291578239666778e-6,1.602508579612305e-6,NaN,diag_feasible,0,0,0,0,0,0,15,4.7554495288956684e-14,1.12.6,lbt,1,1,Intel(R) Core(TM) 7 150U,NT,c8c2c51
degen-r50-m5-d0-p3,100,SBB-Dual,1e-7*n,9.999999999999999e-6,6,7,0.0382589,0.0375232,98.07704873898624,4.09e-5,2.45e-5,0.0002406,0.0,0.0,0.0004296999999999989,0.49262395361753697,4.427040514774629e-6,-1.4621839113813697e-15,1.363955227873248e-6,0.0,4.778821808639165e-6,1.363955227873248e-6,0.0,diag_feasible,0,0,0,0,0,0,6,2.4088002152385786e-14,1.12.6,lbt,1,1,Intel(R) Core(TM) 7 150U,NT,c8c2c51
degen-r50-m5-d0-p3,100,Newton-SIN-BH,1e-7*n,9.999999999999999e-6,3,4,0.0250488,0.0198599,79.28483600012775,0.0,1.51e-5,0.0,0.0046448,0.0,0.000529,0.4926239423735186,5.842508711128064e-8,-1.5557710290411246e-15,2.1003259687013554e-8,2.1003259687013554e-8,4.9975009911781266e-8,2.1003259687013554e-8,NaN,converged,7,7,0,0,0,0,3,2.4088002152385786e-14,1.12.6,lbt,1,1,Intel(R) Core(TM) 7 150U,NT,c8c2c51
degen-r50-m5-d0-p3,100,Newton-SIN,1e-7*n,9.999999999999999e-6,3,7,0.0374005,0.032367099999999996,86.5418911511878,0.0,1.48e-5,0.0,0.0045842,0.0,0.0004344000000000075,0.4926239423735186,5.842508711128064e-8,-1.5557710290411246e-15,2.1003259687013554e-8,2.1003259687013554e-8,4.9975009911781266e-8,2.1003259687013554e-8,NaN,converged,7,7,0,0,0,0,3,2.4088002152385786e-14,1.12.6,lbt,1,1,Intel(R) Core(TM) 7 150U,NT,c8c2c51
degen-r50-m5-d0-p3,100,AGD-SDAJ-BH,1e-7*n,9.999999999999999e-6,2,17,0.0783887,0.0774333,98.78120188241417,0.0,4.97e-5,0.0,0.0,0.0,0.0009057000000000091,0.49263069152210615,1.238453951415904e-5,-1.4851634662673025e-15,3.97745394897786e-6,3.97745394897786e-6,9.592327108584635e-6,3.97745394897786e-6,NaN,diag_feasible,0,0,4,4,0,0,2,2.4088002152385786e-14,1.12.6,lbt,1,1,Intel(R) Core(TM) 7 150U,NT,c8c2c51
degen-r50-m5-d0-p3,100,AGD-SDAJ,1e-7*n,9.999999999999999e-6,2,17,0.0788902,0.0779125,98.7606825689376,0.0,4.42e-5,0.0,0.0,0.0,0.000933499999999998,0.49263069152210615,1.238453951415904e-5,-1.4851634662673025e-15,3.97745394897786e-6,3.97745394897786e-6,9.592327108584635e-6,3.97745394897786e-6,NaN,diag_feasible,0,0,4,4,0,0,2,2.4088002152385786e-14,1.12.6,lbt,1,1,Intel(R) Core(TM) 7 150U,NT,c8c2c51
degen-r50-m5-d0-p3,100,Dykstra-APM,1e-7*n,9.999999999999999e-6,15,15,0.050754,0.0474621,93.51400874807896,0.0,0.0,0.0,0.0,0.0017672,0.0015247000000000004,0.492617741623793,9.52105627714287e-6,-1.3587711378852244e-15,1.6101918420829975e-6,1.6101918420829975e-6,6.919155132185641e-6,1.6101918420829975e-6,NaN,diag_feasible,0,0,0,0,0,0,15,2.4088002152385786e-14,1.12.6,lbt,1,1,Intel(R) Core(TM) 7 150U,NT,c8c2c51
degen-r50-m5-d0-p4,100,SBB-Dual,1e-7*n,9.999999999999999e-6,6,7,0.0335552,0.0328865,98.00716431432386,3.7e-5,2.09e-5,0.0002137,0.0,0.0,0.0003971000000000012,0.49319677983123,3.2668372866231703e-6,-1.4839300024937708e-15,1.2808077214376823e-6,0.0,3.447813317433182e-6,1.2808077214376823e-6,0.0,diag_feasible,0,0,0,0,0,0,6,1.851810737332254e-14,1.12.6,lbt,1,1,Intel(R) Core(TM) 7 150U,NT,c8c2c51
degen-r50-m5-d0-p4,100,Newton-SIN-BH,1e-7*n,9.999999999999999e-6,3,4,0.0225041,0.017845600000000003,79.29932767806757,0.0,1.14e-5,0.0,0.004122,0.0,0.0005250999999999962,0.49319677489264,5.211697351178442e-8,-1.421072447051155e-15,1.6647473732867013e-8,1.6647473732867013e-8,4.5175349311861426e-8,1.6647473732867013e-8,NaN,converged,7,7,0,0,0,0,3,1.851810737332254e-14,1.12.6,lbt,1,1,Intel(R) Core(TM) 7 150U,NT,c8c2c51
degen-r50-m5-d0-p4,100,Newton-SIN,1e-7*n,9.999999999999999e-6,3,7,0.0386476,0.033570499999999996,86.86309111044412,0.0,1.4e-5,0.0,0.0046528,0.0,0.0004103000000000006,0.49319677489264,5.211697351178442e-8,-1.421072447051155e-15,1.6647473732867013e-8,1.6647473732867013e-8,4.5175349311861426e-8,1.6647473732867013e-8,NaN,converged,7,7,0,0,0,0,3,1.851810737332254e-14,1.12.6,lbt,1,1,Intel(R) Core(TM) 7 150U,NT,c8c2c51
degen-r50-m5-d0-p4,100,AGD-SDAJ-BH,1e-7*n,9.999999999999999e-6,2,14,0.0677412,0.0668382,98.66698552727144,0.0,4.44e-5,0.0,0.0,0.0,0.000858600000000001,0.4932000499164688,5.969848355894798e-6,-1.798327195540932e-15,1.5746083327217164e-6,1.5746083327217164e-6,4.539210382207646e-6,1.5746083327217164e-6,NaN,diag_feasible,0,0,1,1,0,0,2,1.851810737332254e-14,1.12.6,lbt,1,1,Intel(R) Core(TM) 7 150U,NT,c8c2c51
degen-r50-m5-d0-p4,100,AGD-SDAJ,1e-7*n,9.999999999999999e-6,2,14,0.0665354,0.0656313,98.64117447253643,0.0,3.9e-5,0.0,0.0,0.0,0.000865099999999991,0.4932000499164688,5.969848355894798e-6,-1.798327195540932e-15,1.5746083327217164e-6,1.5746083327217164e-6,4.539210382207646e-6,1.5746083327217164e-6,NaN,diag_feasible,0,0,1,1,0,0,2,1.851810737332254e-14,1.12.6,lbt,1,1,Intel(R) Core(TM) 7 150U,NT,c8c2c51
degen-r50-m5-d0-p4,100,Dykstra-APM,1e-7*n,9.999999999999999e-6,15,15,0.0803557,0.0752676,93.66802852815668,0.0,0.0,0.0,0.0,0.0021642,0.0029238999999999984,0.49319059220018263,9.654533284938228e-6,-1.750093351738789e-15,1.8319246786191457e-6,1.8319246786191457e-6,7.015138631182034e-6,1.8319246786191457e-6,NaN,diag_feasible,0,0,0,0,0,0,15,1.851810737332254e-14,1.12.6,lbt,1,1,Intel(R) Core(TM) 7 150U,NT,c8c2c51
degen-r50-m20-d0.01-p0,100,SBB-Dual,1e-7*n,9.999999999999999e-6,6,7,0.035047,0.034391,98.1282278083716,3.5e-5,2.22e-5,0.0002135,0.0,0.0,0.0003853000000000038,0.44141201671150443,5.668245071286379e-6,-1.5775911033374625e-15,3.064155506549149e-6,0.0,7.4677316270195226e-6,3.064155506549149e-6,20.0,diag_feasible,0,0,0,0,0,0,6,5.5276174805672686e-14,1.12.6,lbt,1,1,Intel(R) Core(TM) 7 150U,NT,c8c2c51
degen-r50-m20-d0.01-p0,100,Newton-SIN-BH,1e-7*n,9.999999999999999e-6,3,4,0.0277668,0.0200791,72.31333823126899,0.0,1.24e-5,0.0,0.0066684,0.0,0.0010069000000000024,0.4414120165629217,1.270406245748044e-9,-1.4810640671141203e-15,5.146849613169024e-10,5.146849613169024e-10,1.0839192786222964e-9,5.146849613169024e-10,NaN,converged,9,9,0,0,0,0,3,5.5276174805672686e-14,1.12.6,lbt,1,1,Intel(R) Core(TM) 7 150U,NT,c8c2c51
degen-r50-m20-d0.01-p0,100,Newton-SIN,1e-7*n,9.999999999999999e-6,3,7,0.0394398,0.033737500000000004,85.54176238216219,0.0,1.45e-5,0.0,0.0052554,0.0,0.0004323999999999934,0.4414120165629217,1.270406245748044e-9,-1.4810640671141203e-15,5.146849613169024e-10,5.146849613169024e-10,1.0839192786222964e-9,5.146849613169024e-10,NaN,converged,9,9,0,0,0,0,3,5.5276174805672686e-14,1.12.6,lbt,1,1,Intel(R) Core(TM) 7 150U,NT,c8c2c51
degen-r50-m20-d0.01-p0,100,AGD-SDAJ-BH,1e-7*n,9.999999999999999e-6,3,16,0.0716921,0.0707705,98.71450271368812,0.0,3.87e-5,0.0,0.0,0.0,0.0008828999999999946,0.44141019175610635,5.8590006285326155e-6,-1.3903078858167636e-15,1.8617226701378442e-6,1.8617226701378442e-6,4.877450791940595e-6,1.8617226701378442e-6,NaN,diag_feasible_at_xpre,0,0,1,1,0,0,3,5.5276174805672686e-14,1.12.6,lbt,1,1,Intel(R) Core(TM) 7 150U,NT,c8c2c51
degen-r50-m20-d0.01-p0,100,AGD-SDAJ,1e-7*n,9.999999999999999e-6,3,16,0.0758464,0.0749135,98.77001413382837,0.0,4.76e-5,0.0,0.0,0.0,0.0008853000000000004,0.44141019175610635,5.8590006285326155e-6,-1.3903078858167636e-15,1.8617226701378442e-6,1.8617226701378442e-6,4.877450791940595e-6,1.8617226701378442e-6,NaN,diag_feasible_at_xpre,0,0,1,1,0,0,3,5.5276174805672686e-14,1.12.6,lbt,1,1,Intel(R) Core(TM) 7 150U,NT,c8c2c51
degen-r50-m20-d0.01-p0,100,Dykstra-APM,1e-7*n,9.999999999999999e-6,15,15,0.079277,0.0741206,93.49571754733402,0.0,0.0,0.0,0.0,0.0022528,0.0029036000000000053,0.44140534382365976,1.3383333760549606e-5,-1.6395081830566021e-15,2.2968125406030993e-6,2.2968125406030993e-6,9.357554103594956e-6,2.2968125406030993e-6,NaN,diag_feasible,0,0,0,0,0,0,15,5.5276174805672686e-14,1.12.6,lbt,1,1,Intel(R) Core(TM) 7 150U,NT,c8c2c51
degen-r50-m20-d0.01-p1,100,SBB-Dual,1e-7*n,9.999999999999999e-6,6,7,0.0353753,0.034554,97.67832357605448,3.95e-5,2.07e-5,0.000212,0.0,0.0,0.000549099999999997,0.44213165833261286,4.849320944445326e-6,-1.4456712033559421e-15,1.9802306023830596e-6,0.0,6.244546045717549e-6,1.9802306023830596e-6,20.0,diag_feasible,0,0,0,0,0,0,6,1.4795357885617108e-13,1.12.6,lbt,1,1,Intel(R) Core(TM) 7 150U,NT,c8c2c51
degen-r50-m20-d0.01-p1,100,Newton-SIN-BH,1e-7*n,9.999999999999999e-6,3,4,0.024379,0.0194635,79.83715492842201,0.0,1.44e-5,0.0,0.0041075,0.0,0.0007935999999999993,0.44213165428430656,5.010972921542383e-8,-1.63119517330018e-15,1.9024664288380677e-8,1.9024664288380677e-8,4.188533243136106e-8,1.9024664288380677e-8,NaN,converged,7,7,0,0,0,0,3,1.4795357885617108e-13,1.12.6,lbt,1,1,Intel(R) Core(TM) 7 150U,NT,c8c2c51
degen-r50-m20-d0.01-p1,100,Newton-SIN,1e-7*n,9.999999999999999e-6,3,7,0.0392557,0.0347485,88.51835529617355,0.0,1.3e-5,0.0,0.0041065,0.0,0.00038769999999999603,0.44213165428430656,5.010972921542383e-8,-1.63119517330018e-15,1.9024664288380677e-8,1.9024664288380677e-8,4.188533243136106e-8,1.9024664288380677e-8,NaN,converged,7,7,0,0,0,0,3,1.4795357885617108e-13,1.12.6,lbt,1,1,Intel(R) Core(TM) 7 150U,NT,c8c2c51
degen-r50-m20-d0.01-p1,100,AGD-SDAJ-BH,1e-7*n,9.999999999999999e-6,3,15,0.0689555,0.0680362,98.66682135580193,0.0,3.83e-5,0.0,0.0,0.0,0.0008809999999999979,0.44213053965167404,3.7904786522407666e-6,-1.380275210169139e-15,1.5064839371525807e-6,1.5064839371525807e-6,3.190551792447005e-6,1.5064839371525807e-6,NaN,diag_feasible_at_xpre,0,0,0,0,0,0,3,1.4795357885617108e-13,1.12.6,lbt,1,1,Intel(R) Core(TM) 7 150U,NT,c8c2c51
degen-r50-m20-d0.01-p1,100,AGD-SDAJ,1e-7*n,9.999999999999999e-6,3,15,0.0766562,0.0738029,96.27779618608803,0.0,4.35e-5,0.0,0.0,0.0,0.002809799999999989,0.44213053965167404,3.7904786522407666e-6,-1.380275210169139e-15,1.5064839371525807e-6,1.5064839371525807e-6,3.190551792447005e-6,1.5064839371525807e-6,NaN,diag_feasible_at_xpre,0,0,0,0,0,0,3,1.4795357885617108e-13,1.12.6,lbt,1,1,Intel(R) Core(TM) 7 150U,NT,c8c2c51
degen-r50-m20-d0.01-p1,100,Dykstra-APM,1e-7*n,9.999999999999999e-6,15,15,0.0853947,0.0791714,92.71231118558879,0.0,0.0,0.0,0.0,0.0024055,0.003817800000000001,0.4421253257420689,1.2628498946819834e-5,-1.4287020645591606e-15,1.9611646289163787e-6,1.9611646289163787e-6,8.847878847734145e-6,1.9611646289163787e-6,NaN,diag_feasible,0,0,0,0,0,0,15,1.4795357885617108e-13,1.12.6,lbt,1,1,Intel(R) Core(TM) 7 150U,NT,c8c2c51
degen-r50-m20-d0.01-p2,100,SBB-Dual,1e-7*n,9.999999999999999e-6,6,7,0.0277041,0.0270795,97.74546005825853,3.02e-5,1.92e-5,0.0002058,0.0,0.0,0.00036939999999999944,0.440878984711431,6.856431468487155e-6,-1.428748204556211e-15,3.633768453248365e-6,0.0,8.610282178451228e-6,3.633768453248365e-6,20.0,diag_feasible,0,0,0,0,0,0,6,3.7990868312901e-13,1.12.6,lbt,1,1,Intel(R) Core(TM) 7 150U,NT,c8c2c51
degen-r50-m20-d0.01-p2,100,Newton-SIN-BH,1e-7*n,9.999999999999999e-6,3,4,0.0302615,0.0218414,72.17553657287313,0.0,1.04e-5,0.0,0.0078975,0.0,0.0005121999999999991,0.4408789844777791,1.2962721952446776e-9,-1.5581934498996113e-15,4.960698518630124e-10,4.960698518630124e-10,1.0921068646597848e-9,4.960698518630124e-10,NaN,converged,9,9,0,0,0,0,3,3.7990868312901e-13,1.12.6,lbt,1,1,Intel(R) Core(TM) 7 150U,NT,c8c2c51
degen-r50-m20-d0.01-p2,100,Newton-SIN,1e-7*n,9.999999999999999e-6,3,7,0.0344679,0.028707899999999998,83.28879914355095,0.0,1.25e-5,0.0,0.0054019,0.0,0.00034560000000000406,0.4408789844777791,1.2962721952446776e-9,-1.5581934498996113e-15,4.960698518630124e-10,4.960698518630124e-10,1.0921068646597848e-9,4.960698518630124e-10,NaN,converged,9,9,0,0,0,0,3,3.7990868312901e-13,1.12.6,lbt,1,1,Intel(R) Core(TM) 7 150U,NT,c8c2c51
degen-r50-m20-d0.01-p2,100,AGD-SDAJ-BH,1e-7*n,9.999999999999999e-6,3,15,0.0586156,0.0578559,98.70392864698135,0.0,3.46e-5,0.0,0.0,0.0,0.0007250999999999951,0.44087696425732315,5.7239874180990855e-6,-1.624840193152925e-15,1.956798122204617e-6,1.956798122204617e-6,4.7116545210263154e-6,1.956798122204617e-6,NaN,diag_feasible_at_xpre,0,0,0,0,0,0,3,3.7990868312901e-13,1.12.6,lbt,1,1,Intel(R) Core(TM) 7 150U,NT,c8c2c51
degen-r50-m20-d0.01-p2,100,AGD-SDAJ,1e-7*n,9.999999999999999e-6,3,15,0.0601908,0.0593853,98.6617556171375,0.0,4.51e-5,0.0,0.0,0.0,0.0007604000000000007,0.44087696425732315,5.7239874180990855e-6,-1.624840193152925e-15,1.956798122204617e-6,1.956798122204617e-6,4.7116545210263154e-6,1.956798122204617e-6,NaN,diag_feasible_at_xpre,0,0,0,0,0,0,3,3.7990868312901e-13,1.12.6,lbt,1,1,Intel(R) Core(TM) 7 150U,NT,c8c2c51
degen-r50-m20-d0.01-p2,100,Dykstra-APM,1e-7*n,9.999999999999999e-6,15,15,0.0707942,0.0657922,92.93444943229811,0.0,0.0,0.0,0.0,0.002165,0.0028370000000000066,0.4408722144560522,1.3492940913474908e-5,-1.418609554949815e-15,1.7299712133933554e-6,1.7299712133933554e-6,9.434383914438451e-6,1.7299712133933554e-6,NaN,diag_feasible,0,0,0,0,0,0,15,3.7990868312901e-13,1.12.6,lbt,1,1,Intel(R) Core(TM) 7 150U,NT,c8c2c51
degen-r50-m20-d0.01-p3,100,SBB-Dual,1e-7*n,9.999999999999999e-6,6,7,0.032761,0.0321779,98.22013980037241,3.24e-5,1.84e-5,0.0001993,0.0,0.0,0.00033299999999999606,0.4408015143946406,5.869582179538612e-6,-1.6128426071451444e-15,4.964732090773083e-6,0.0,7.728578278130282e-6,4.964732090773083e-6,20.0,diag_feasible,0,0,0,0,0,0,6,2.1456122033165924e-13,1.12.6,lbt,1,1,Intel(R) Core(TM) 7 150U,NT,c8c2c51
degen-r50-m20-d0.01-p3,100,Newton-SIN-BH,1e-7*n,9.999999999999999e-6,3,4,0.0219856,0.0166626,75.78869805690996,0.0,1.0e-5,0.0,0.0048786,0.0,0.00043440000000000145,0.4408015143071653,1.0796751909622532e-9,-1.5154646410476575e-15,3.534936787730203e-10,3.534936787730203e-10,9.150480827860928e-10,3.534936787730203e-10,NaN,converged,9,9,0,0,0,0,3,2.1456122033165924e-13,1.12.6,lbt,1,1,Intel(R) Core(TM) 7 150U,NT,c8c2c51
degen-r50-m20-d0.01-p3,100,Newton-SIN,1e-7*n,9.999999999999999e-6,3,7,0.0353218,0.029013900000000002,82.14162358656694,0.0,1.14e-5,0.0,0.005918,0.0,0.00037849999999999863,0.4408015143071653,1.0796751909622532e-9,-1.5154646410476575e-15,3.534936787730203e-10,3.534936787730203e-10,9.150480827860928e-10,3.534936787730203e-10,NaN,converged,9,9,0,0,0,0,3,2.1456122033165924e-13,1.12.6,lbt,1,1,Intel(R) Core(TM) 7 150U,NT,c8c2c51
degen-r50-m20-d0.01-p3,100,AGD-SDAJ-BH,1e-7*n,9.999999999999999e-6,3,17,0.0845888,0.08289250000000001,97.99465177423016,0.0,4.09e-5,0.0,0.0,0.0,0.0016553999999999978,0.44079771194322465,1.0272515799870024e-5,-1.4691318520599461e-15,4.243809448079006e-6,4.243809448079006e-6,8.387381652983542e-6,4.243809448079006e-6,NaN,diag_feasible_at_xpre,0,0,2,2,0,0,3,2.1456122033165924e-13,1.12.6,lbt,1,1,Intel(R) Core(TM) 7 150U,NT,c8c2c51
degen-r50-m20-d0.01-p3,100,AGD-SDAJ,1e-7*n,9.999999999999999e-6,3,17,0.0669883,0.0660929,98.66334867432073,0.0,4.09e-5,0.0,0.0,0.0,0.0008545000000000046,0.44079771194322465,1.0272515799870024e-5,-1.4691318520599461e-15,4.243809448079006e-6,4.243809448079006e-6,8.387381652983542e-6,4.243809448079006e-6,NaN,diag_feasible_at_xpre,0,0,2,2,0,0,3,2.1456122033165924e-13,1.12.6,lbt,1,1,Intel(R) Core(TM) 7 150U,NT,c8c2c51
degen-r50-m20-d0.01-p3,100,Dykstra-APM,1e-7*n,9.999999999999999e-6,15,15,0.0744545,0.069775,93.71495342793249,0.0,0.0,0.0,0.0,0.0019538,0.002725700000000003,0.4407948755071647,1.3275180552139684e-5,-1.5457489645332538e-15,1.7962133167515049e-6,1.7962133167515049e-6,9.28561335175914e-6,1.7962133167515049e-6,NaN,diag_feasible,0,0,0,0,0,0,15,2.1456122033165924e-13,1.12.6,lbt,1,1,Intel(R) Core(TM) 7 150U,NT,c8c2c51
degen-r50-m20-d0.01-p4,100,SBB-Dual,1e-7*n,9.999999999999999e-6,6,7,0.0335373,0.0329603,98.27952757079431,2.73e-5,1.62e-5,0.0002156,0.0,0.0,0.00031790000000000117,0.4407284586434266,4.762177822981357e-6,-1.6283242722546777e-15,2.4553552999684314e-6,0.0,5.82670964702552e-6,2.4553552999684314e-6,20.0,diag_feasible,0,0,0,0,0,0,6,2.3045085214352278e-14,1.12.6,lbt,1,1,Intel(R) Core(TM) 7 150U,NT,c8c2c51
degen-r50-m20-d0.01-p4,100,Newton-SIN-BH,1e-7*n,9.999999999999999e-6,3,4,0.0246588,0.019457,78.90489399321945,0.0,6.65e-5,0.0,0.0045838,0.0,0.0005515000000000034,0.44072845842441155,2.8344784980083723e-9,-1.4738748065704753e-15,7.489335818178233e-10,7.489335818178233e-10,2.40926736333947e-9,7.489335818178233e-10,NaN,converged,9,9,0,0,0,0,3,2.3045085214352278e-14,1.12.6,lbt,1,1,Intel(R) Core(TM) 7 150U,NT,c8c2c51
degen-r50-m20-d0.01-p4,100,Newton-SIN,1e-7*n,9.999999999999999e-6,3,7,0.0346358,0.0294276,84.96295740245642,0.0,1.19e-5,0.0,0.0048611,0.0,0.0003351999999999999,0.44072845842441155,2.8344784980083723e-9,-1.4738748065704753e-15,7.489335818178233e-10,7.489335818178233e-10,2.40926736333947e-9,7.489335818178233e-10,NaN,converged,9,9,0,0,0,0,3,2.3045085214352278e-14,1.12.6,lbt,1,1,Intel(R) Core(TM) 7 150U,NT,c8c2c51
degen-r50-m20-d0.01-p4,100,AGD-SDAJ-BH,1e-7*n,9.999999999999999e-6,3,15,0.0615441,0.060756199999999996,98.71977980017581,0.0,3.54e-5,0.0,0.0,0.0,0.0007525000000000011,0.44072664308075216,5.791669919238608e-6,-1.5139053396391169e-15,2.1196801323064562e-6,2.1196801323064562e-6,4.849879117074335e-6,2.1196801323064562e-6,NaN,diag_feasible_at_xpre,0,0,0,0,0,0,3,2.3045085214352278e-14,1.12.6,lbt,1,1,Intel(R) Core(TM) 7 150U,NT,c8c2c51
degen-r50-m20-d0.01-p4,100,AGD-SDAJ,1e-7*n,9.999999999999999e-6,3,15,0.0662879,0.06532840000000001,98.55252617747736,0.0,3.65e-5,0.0,0.0,0.0,0.0009229999999999882,0.44072664308075216,5.791669919238608e-6,-1.5139053396391169e-15,2.1196801323064562e-6,2.1196801323064562e-6,4.849879117074335e-6,2.1196801323064562e-6,NaN,diag_feasible_at_xpre,0,0,0,0,0,0,3,2.3045085214352278e-14,1.12.6,lbt,1,1,Intel(R) Core(TM) 7 150U,NT,c8c2c51
degen-r50-m20-d0.01-p4,100,Dykstra-APM,1e-7*n,9.999999999999999e-6,15,15,0.0746377,0.0693023,92.85160180445003,0.0,0.0,0.0,0.0,0.0024312,0.002904200000000004,0.4407213415871967,1.4051806598127338e-5,-1.5857321083480719e-15,1.863678563474025e-6,1.863678563474025e-6,9.817256242264425e-6,1.863678563474025e-6,NaN,diag_feasible,0,0,0,0,0,0,15,2.3045085214352278e-14,1.12.6,lbt,1,1,Intel(R) Core(TM) 7 150U,NT,c8c2c51
degen-r50-m20-d0.0001-p0,100,SBB-Dual,1e-7*n,9.999999999999999e-6,6,7,0.0293245,0.0286741,97.78205937015125,2.75e-5,1.51e-5,0.0002,0.0,0.0,0.00040779999999999896,0.4520068807176091,3.0693868934182255e-6,-1.5640530458164632e-15,9.692654314719107e-7,0.0,3.5418917322119103e-6,9.692654314719107e-7,0.0,diag_feasible,0,0,0,0,0,0,6,1.798286327343894e-12,1.12.6,lbt,1,1,Intel(R) Core(TM) 7 150U,NT,c8c2c51
degen-r50-m20-d0.0001-p0,100,Newton-SIN-BH,1e-7*n,9.999999999999999e-6,3,4,0.0202718,0.015655099999999998,77.22599867796643,0.0,9.9e-6,0.0,0.0041897,0.0,0.000417100000000001,0.4520068796725425,9.58168409484472e-9,-1.6456270686783756e-15,6.762459925369058e-9,6.762459925369058e-9,7.486336032652455e-9,6.762459925369058e-9,NaN,converged,8,8,0,0,0,0,3,1.798286327343894e-12,1.12.6,lbt,1,1,Intel(R) Core(TM) 7 150U,NT,c8c2c51
degen-r50-m20-d0.0001-p0,100,Newton-SIN,1e-7*n,9.999999999999999e-6,3,7,0.0327317,0.026795199999999998,81.86314795748463,0.0,1.05e-5,0.0,0.0056537,0.0,0.00027230000000000396,0.4520068796725425,9.58168409484472e-9,-1.6456270686783756e-15,6.762459925369058e-9,6.762459925369058e-9,7.486336032652455e-9,6.762459925369058e-9,NaN,converged,8,8,0,0,0,0,3,1.798286327343894e-12,1.12.6,lbt,1,1,Intel(R) Core(TM) 7 150U,NT,c8c2c51
degen-r50-m20-d0.0001-p0,100,AGD-SDAJ-BH,1e-7*n,9.999999999999999e-6,2,13,0.0615355,0.0608641,98.90892249189493,0.0,2.96e-5,0.0,0.0,0.0,0.0006418000000000026,0.45200949439685095,6.331520513109782e-6,-1.3950718969055677e-15,1.5885870272569491e-6,1.5885870272569491e-6,4.712056488525927e-6,1.5885870272569491e-6,NaN,diag_feasible,0,0,0,0,0,0,2,1.798286327343894e-12,1.12.6,lbt,1,1,Intel(R) Core(TM) 7 150U,NT,c8c2c51
degen-r50-m20-d0.0001-p0,100,AGD-SDAJ,1e-7*n,9.999999999999999e-6,2,13,0.054891,0.054293,98.9105682170119,0.0,2.91e-5,0.0,0.0,0.0,0.0005689000000000013,0.45200949439685095,6.331520513109782e-6,-1.3950718969055677e-15,1.5885870272569491e-6,1.5885870272569491e-6,4.712056488525927e-6,1.5885870272569491e-6,NaN,diag_feasible,0,0,0,0,0,0,2,1.798286327343894e-12,1.12.6,lbt,1,1,Intel(R) Core(TM) 7 150U,NT,c8c2c51
degen-r50-m20-d0.0001-p0,100,Dykstra-APM,1e-7*n,9.999999999999999e-6,13,13,0.0628521,0.0590851,94.00656461757046,0.0,0.0,0.0,0.0,0.0014219,0.0023450999999999923,0.45200254042716587,9.501749299093273e-6,-1.4611996885081228e-15,2.0642280280647185e-6,2.0642280280647185e-6,6.650206683086202e-6,2.0642280280647185e-6,NaN,diag_feasible,0,0,0,0,0,0,13,1.798286327343894e-12,1.12.6,lbt,1,1,Intel(R) Core(TM) 7 150U,NT,c8c2c51
degen-r50-m20-d0.0001-p1,100,SBB-Dual,1e-7*n,9.999999999999999e-6,6,7,0.0298199,0.0291959,97.90743765069634,3.04e-5,2.16e-5,0.0002093,0.0,0.0,0.0003626999999999996,0.45282971535595967,2.3533716931436317e-6,-1.5347078823690817e-15,6.919947639349999e-7,0.0,2.5125767310271795e-6,6.919947639349999e-7,0.0,diag_feasible,0,0,0,0,0,0,6,1.9922549256833715e-14,1.12.6,lbt,1,1,Intel(R) Core(TM) 7 150U,NT,c8c2c51
degen-r50-m20-d0.0001-p1,100,Newton-SIN-BH,1e-7*n,9.999999999999999e-6,3,4,0.0231241,0.0171409,74.12569570275167,0.0,1.03e-5,0.0,0.0054878,0.0,0.00048510000000000046,0.4528297149411664,3.990036364604052e-9,-1.31508114396429e-15,1.909853830639463e-9,1.909853830639463e-9,3.308217492146742e-9,1.909853830639463e-9,NaN,converged,8,8,0,0,0,0,3,1.9922549256833715e-14,1.12.6,lbt,1,1,Intel(R) Core(TM) 7 150U,NT,c8c2c51
degen-r50-m20-d0.0001-p1,100,Newton-SIN,1e-7*n,9.999999999999999e-6,3,7,0.0319723,0.0275274,86.09765328112147,0.0,1.04e-5,0.0,0.0041463,0.0,0.0002882000000000015,0.4528297149411664,3.990036364604052e-9,-1.31508114396429e-15,1.909853830639463e-9,1.909853830639463e-9,3.308217492146742e-9,1.909853830639463e-9,NaN,converged,8,8,0,0,0,0,3,1.9922549256833715e-14,1.12.6,lbt,1,1,Intel(R) Core(TM) 7 150U,NT,c8c2c51
degen-r50-m20-d0.0001-p1,100,AGD-SDAJ-BH,1e-7*n,9.999999999999999e-6,2,22,0.0953749,0.09343850000000001,97.96969642956377,0.0,5.57e-5,0.0,0.0,0.0,0.0018806999999999908,0.452834509262175,1.2886132638431429e-5,-1.72474798673534e-15,3.5408735685749093e-6,3.5408735685749093e-6,9.965099718247098e-6,3.5408735685749093e-6,NaN,diag_feasible,0,0,9,9,0,0,2,1.9922549256833715e-14,1.12.6,lbt,1,1,Intel(R) Core(TM) 7 150U,NT,c8c2c51
degen-r50-m20-d0.0001-p1,100,AGD-SDAJ,1e-7*n,9.999999999999999e-6,2,22,0.088334,0.0872478,98.77034890302716,0.0,5.11e-5,0.0,0.0,0.0,0.0010350999999999954,0.452834509262175,1.2886132638431429e-5,-1.72474798673534e-15,3.5408735685749093e-6,3.5408735685749093e-6,9.965099718247098e-6,3.5408735685749093e-6,NaN,diag_feasible,0,0,9,9,0,0,2,1.9922549256833715e-14,1.12.6,lbt,1,1,Intel(R) Core(TM) 7 150U,NT,c8c2c51
degen-r50-m20-d0.0001-p1,100,Dykstra-APM,1e-7*n,9.999999999999999e-6,13,13,0.0601351,0.0562549,93.5475288142865,0.0,0.0,0.0,0.0,0.0015378,0.0023424000000000006,0.4528258394223259,8.42339502236953e-6,-1.5607884533604695e-15,1.388732409957072e-6,1.388732409957072e-6,5.9022792786740474e-6,1.388732409957072e-6,NaN,diag_feasible,0,0,0,0,0,0,13,1.9922549256833715e-14,1.12.6,lbt,1,1,Intel(R) Core(TM) 7 150U,NT,c8c2c51
degen-r50-m20-d0.0001-p2,100,SBB-Dual,1e-7*n,9.999999999999999e-6,6,7,0.0234897,0.023014299999999998,97.9761342205307,2.8e-5,1.64e-5,0.0001388,0.0,0.0,0.0002922000000000008,0.45139123708209006,3.6173150820587328e-6,-1.5121157624639029e-15,1.4187631739437379e-6,0.0,4.114329245644758e-6,1.4187631739437379e-6,0.0,diag_feasible,0,0,0,0,0,0,6,7.606983890766798e-13,1.12.6,lbt,1,1,Intel(R) Core(TM) 7 150U,NT,c8c2c51
degen-r50-m20-d0.0001-p2,100,Newton-SIN-BH,1e-7*n,9.999999999999999e-6,3,4,0.0279757,0.0227384,81.27911008482361,0.0,1.15e-5,0.0,0.0046942,0.0,0.0005316000000000001,0.4513912366700229,5.569348450417055e-9,-1.7637017231443068e-15,3.1360563035320865e-9,3.1360563035320865e-9,4.599898397607737e-9,3.1360563035320865e-9,NaN,converged,8,8,0,0,0,0,3,7.606983890766798e-13,1.12.6,lbt,1,1,Intel(R) Core(TM) 7 150U,NT,c8c2c51
degen-r50-m20-d0.0001-p2,100,Newton-SIN,1e-7*n,9.999999999999999e-6,3,7,0.0373467,0.0324123,86.78758765834733,0.0,1.57e-5,0.0,0.004576,0.0,0.00034269999999999873,0.4513912366700229,5.569348450417055e-9,-1.7637017231443068e-15,3.1360563035320865e-9,3.1360563035320865e-9,4.599898397607737e-9,3.1360563035320865e-9,NaN,converged,8,8,0,0,0,0,3,7.606983890766798e-13,1.12.6,lbt,1,1,Intel(R) Core(TM) 7 150U,NT,c8c2c51
degen-r50-m20-d0.0001-p2,100,AGD-SDAJ-BH,1e-7*n,9.999999999999999e-6,2,14,0.0500598,0.04941,98.70195246485203,0.0,2.88e-5,0.0,0.0,0.0,0.0006209999999999989,0.45139579942827657,1.10623677145691e-5,-1.4946384480746836e-15,2.992338957508167e-6,2.992338957508167e-6,8.333142091808686e-6,2.992338957508167e-6,NaN,diag_feasible,0,0,1,1,0,0,2,7.606983890766798e-13,1.12.6,lbt,1,1,Intel(R) Core(TM) 7 150U,NT,c8c2c51
degen-r50-m20-d0.0001-p2,100,AGD-SDAJ,1e-7*n,9.999999999999999e-6,2,14,0.0539357,0.0532669,98.76000496887961,0.0,3.48e-5,0.0,0.0,0.0,0.0006340000000000041,0.45139579942827657,1.10623677145691e-5,-1.4946384480746836e-15,2.992338957508167e-6,2.992338957508167e-6,8.333142091808686e-6,2.992338957508167e-6,NaN,diag_feasible,0,0,1,1,0,0,2,7.606983890766798e-13,1.12.6,lbt,1,1,Intel(R) Core(TM) 7 150U,NT,c8c2c51
degen-r50-m20-d0.0001-p2,100,Dykstra-APM,1e-7*n,9.999999999999999e-6,13,13,0.0600553,0.0563854,93.88913218317117,0.0,0.0,0.0,0.0,0.0013957,0.002274199999999997,0.45138673730597256,9.704616962033818e-6,-1.6381769643223406e-15,1.1894782365740042e-6,1.1894782365740042e-6,6.78898328251495e-6,1.1894782365740042e-6,NaN,diag_feasible,0,0,0,0,0,0,13,7.606983890766798e-13,1.12.6,lbt,1,1,Intel(R) Core(TM) 7 150U,NT,c8c2c51
degen-r50-m20-d0.0001-p3,100,SBB-Dual,1e-7*n,9.999999999999999e-6,6,7,0.0352644,0.0346283,98.19619786526923,3.0e-5,1.86e-5,0.0001999,0.0,0.0,0.00038760000000000053,0.45122059217442756,2.9278074726113246e-6,-1.5518556839040698e-15,7.314292224114283e-7,0.0,3.280813031240025e-6,7.314292224114283e-7,0.0,diag_feasible,0,0,0,0,0,0,6,1.2241949431596813e-12,1.12.6,lbt,1,1,Intel(R) Core(TM) 7 150U,NT,c8c2c51
degen-r50-m20-d0.0001-p3,100,Newton-SIN-BH,1e-7*n,9.999999999999999e-6,3,4,0.0254879,0.0196228,76.9886887503482,0.0,1.25e-5,0.0,0.0052819,0.0,0.0005707000000000012,0.4512205915563419,4.658863977760796e-9,-1.6500430020836484e-15,2.0637973552339872e-9,2.0637973552339872e-9,3.895117134309448e-9,2.0637973552339872e-9,NaN,converged,8,8,0,0,0,0,3,1.2241949431596813e-12,1.12.6,lbt,1,1,Intel(R) Core(TM) 7 150U,NT,c8c2c51
degen-r50-m20-d0.0001-p3,100,Newton-SIN,1e-7*n,9.999999999999999e-6,3,7,0.0392239,0.0333955,85.14069228200154,0.0,1.06e-5,0.0,0.0054102,0.0,0.0004075999999999967,0.4512205915563419,4.658863977760796e-9,-1.6500430020836484e-15,2.0637973552339872e-9,2.0637973552339872e-9,3.895117134309448e-9,2.0637973552339872e-9,NaN,converged,8,8,0,0,0,0,3,1.2241949431596813e-12,1.12.6,lbt,1,1,Intel(R) Core(TM) 7 150U,NT,c8c2c51
degen-r50-m20-d0.0001-p3,100,AGD-SDAJ-BH,1e-7*n,9.999999999999999e-6,3,21,0.0910398,0.0899356,98.78712387329497,0.0,4.89e-5,0.0,0.0,0.0,0.0010552999999999997,0.45122209378940775,4.6772108672768345e-6,-1.4529846252636162e-15,1.692010641374253e-6,1.692010641374253e-6,3.7964717801755824e-6,1.692010641374253e-6,NaN,diag_feasible_at_xpre,0,0,6,6,0,0,3,1.2241949431596813e-12,1.12.6,lbt,1,1,Intel(R) Core(TM) 7 150U,NT,c8c2c51
degen-r50-m20-d0.0001-p3,100,AGD-SDAJ,1e-7*n,9.999999999999999e-6,3,21,0.0930302,0.09192750000000001,98.81468598369133,0.0,5.73e-5,0.0,0.0,0.0,0.0010453999999999843,0.45122209378940775,4.6772108672768345e-6,-1.4529846252636162e-15,1.692010641374253e-6,1.692010641374253e-6,3.7964717801755824e-6,1.692010641374253e-6,NaN,diag_feasible_at_xpre,0,0,6,6,0,0,3,1.2241949431596813e-12,1.12.6,lbt,1,1,Intel(R) Core(TM) 7 150U,NT,c8c2c51
degen-r50-m20-d0.0001-p3,100,Dykstra-APM,1e-7*n,9.999999999999999e-6,13,13,0.0626197,0.0584714,93.37540741970976,0.0,0.0,0.0,0.0,0.0016446,0.0025037000000000006,0.4512162892726804,9.32129475239117e-6,-1.3967961265475503e-15,1.12399124496676e-6,1.12399124496676e-6,6.521357414347876e-6,1.12399124496676e-6,NaN,diag_feasible,0,0,0,0,0,0,13,1.2241949431596813e-12,1.12.6,lbt,1,1,Intel(R) Core(TM) 7 150U,NT,c8c2c51
degen-r50-m20-d0.0001-p4,100,SBB-Dual,1e-7*n,9.999999999999999e-6,6,7,0.036831,0.0355125,96.4201352121854,2.84e-5,1.91e-5,0.0004997,0.0,0.0,0.0007713000000000003,0.45135237753243274,5.072151058992137e-6,-1.8021933363580323e-15,1.9653242062656062e-6,0.0,6.107841719519899e-6,1.9653242062656062e-6,0.0,diag_feasible,0,0,0,0,0,0,6,5.308845973203533e-13,1.12.6,lbt,1,1,Intel(R) Core(TM) 7 150U,NT,c8c2c51
degen-r50-m20-d0.0001-p4,100,Newton-SIN-BH,1e-7*n,9.999999999999999e-6,3,4,0.0220214,0.0167553,76.08644318708167,0.0,1.07e-5,0.0,0.0048583,0.0,0.0003970999999999992,0.45135237586751653,1.351429616338361e-8,-1.6638205784041417e-15,9.278613211094466e-9,9.278613211094466e-9,1.0835543742564604e-8,9.278613211094466e-9,NaN,converged,8,8,0,0,0,0,3,5.308845973203533e-13,1.12.6,lbt,1,1,Intel(R) Core(TM) 7 150U,NT,c8c2c51
degen-r50-m20-d0.0001-p4,100,Newton-SIN,1e-7*n,9.999999999999999e-6,3,7,0.0368199,0.0318283,86.44320055187546,0.0,1.35e-5,0.0,0.0046232,0.0,0.0003549000000000061,0.45135237586751653,1.351429616338361e-8,-1.6638205784041417e-15,9.278613211094466e-9,9.278613211094466e-9,1.0835543742564604e-8,9.278613211094466e-9,NaN,converged,8,8,0,0,0,0,3,5.308845973203533e-13,1.12.6,lbt,1,1,Intel(R) Core(TM) 7 150U,NT,c8c2c51
degen-r50-m20-d0.0001-p4,100,AGD-SDAJ-BH,1e-7*n,9.999999999999999e-6,2,14,0.0642562,0.06309239999999999,98.18881290832634,0.0,3.29e-5,0.0,0.0,0.0,0.0011309000000000065,0.45135663766247613,1.0069461623059546e-5,-1.5159107411195895e-15,2.6666494916671724e-6,2.6666494916671724e-6,7.54093335512658e-6,2.6666494916671724e-6,NaN,diag_feasible,0,0,1,1,0,0,2,5.308845973203533e-13,1.12.6,lbt,1,1,Intel(R) Core(TM) 7 150U,NT,c8c2c51
degen-r50-m20-d0.0001-p4,100,AGD-SDAJ,1e-7*n,9.999999999999999e-6,2,14,0.0312635,0.0308262,98.60124426247862,0.0,2.11e-5,0.0,0.0,0.0,0.0004161999999999981,0.45135663766247613,1.0069461623059546e-5,-1.5159107411195895e-15,2.6666494916671724e-6,2.6666494916671724e-6,7.54093335512658e-6,2.6666494916671724e-6,NaN,diag_feasible,0,0,1,1,0,0,2,5.308845973203533e-13,1.12.6,lbt,1,1,Intel(R) Core(TM) 7 150U,NT,c8c2c51
degen-r50-m20-d0.0001-p4,100,Dykstra-APM,1e-7*n,9.999999999999999e-6,13,13,0.0588044,0.0549445,93.43603539871165,0.0,0.0,0.0,0.0,0.0015099,0.0023499999999999997,0.4513473206374495,1.0892491905756998e-5,-1.7457973493107168e-15,2.358173934124963e-6,2.358173934124963e-6,7.630675565407248e-6,2.358173934124963e-6,NaN,diag_feasible,0,0,0,0,0,0,13,5.308845973203533e-13,1.12.6,lbt,1,1,Intel(R) Core(TM) 7 150U,NT,c8c2c51
degen-r50-m20-d1e-06-p0,100,SBB-Dual,1e-7*n,9.999999999999999e-6,5,6,0.0261009,0.025518299999999997,97.7678930611588,2.7e-5,1.64e-5,0.0002025,0.0,0.0,0.0003367000000000026,0.45212849283469947,7.378924065466636e-6,-1.565472718834681e-15,5.196937953977354e-6,0.0,9.323701559288348e-6,5.196937953977354e-6,0.0,diag_feasible,0,0,0,0,0,0,5,2.6211610874590004e-14,1.12.6,lbt,1,1,Intel(R) Core(TM) 7 150U,NT,c8c2c51
degen-r50-m20-d1e-06-p0,100,Newton-SIN-BH,1e-7*n,9.999999999999999e-6,3,4,0.0212868,0.0165443,77.72093503955503,0.0,9.9e-6,0.0,0.0043211,0.0,0.0004115000000000004,0.45212806322917054,1.1943599870009796e-6,-1.6085969495281668e-15,3.281095488638641e-7,3.281095488638641e-7,8.837496512079261e-7,3.281095488638641e-7,NaN,converged,8,8,0,0,0,0,3,2.6211610874590004e-14,1.12.6,lbt,1,1,Intel(R) Core(TM) 7 150U,NT,c8c2c51
degen-r50-m20-d1e-06-p0,100,Newton-SIN,1e-7*n,9.999999999999999e-6,3,7,0.0328751,0.027377899999999997,83.27852995123969,0.0,1.11e-5,0.0,0.0051644,0.0,0.0003217000000000003,0.45212806322917054,1.1943599870009796e-6,-1.6085969495281668e-15,3.281095488638641e-7,3.281095488638641e-7,8.837496512079261e-7,3.281095488638641e-7,NaN,converged,8,8,0,0,0,0,3,2.6211610874590004e-14,1.12.6,lbt,1,1,Intel(R) Core(TM) 7 150U,NT,c8c2c51
degen-r50-m20-d1e-06-p0,100,AGD-SDAJ-BH,1e-7*n,9.999999999999999e-6,2,13,0.052278,0.051590000000000004,98.68395883545661,0.0,2.82e-5,0.0,0.0,0.0,0.0006597999999999941,0.4521314924767121,7.263297703416468e-6,-1.6698233029406267e-15,1.8468631725054863e-6,1.8468631725054863e-6,5.419609272769223e-6,1.8468631725054863e-6,NaN,diag_feasible,0,0,0,0,0,0,2,2.6211610874590004e-14,1.12.6,lbt,1,1,Intel(R) Core(TM) 7 150U,NT,c8c2c51
degen-r50-m20-d1e-06-p0,100,AGD-SDAJ,1e-7*n,9.999999999999999e-6,2,13,0.0560364,0.0553356,98.74938432875773,0.0,3.14e-5,0.0,0.0,0.0,0.0006694000000000014,0.4521314924767121,7.263297703416468e-6,-1.6698233029406267e-15,1.8468631725054863e-6,1.8468631725054863e-6,5.419609272769223e-6,1.8468631725054863e-6,NaN,diag_feasible,0,0,0,0,0,0,2,2.6211610874590004e-14,1.12.6,lbt,1,1,Intel(R) Core(TM) 7 150U,NT,c8c2c51
degen-r50-m20-d1e-06-p0,100,Dykstra-APM,1e-7*n,9.999999999999999e-6,11,11,0.056078,0.0524771,93.57876529120153,0.0,0.0,0.0,0.0,0.0013144,0.002286500000000004,0.4521245435902885,1.0317802297172033e-5,-1.6677124858362982e-15,5.145629792702167e-6,5.145629792702167e-6,7.770462976476658e-6,5.145629792702167e-6,NaN,diag_feasible,0,0,0,0,0,0,11,2.6211610874590004e-14,1.12.6,lbt,1,1,Intel(R) Core(TM) 7 150U,NT,c8c2c51
degen-r50-m20-d1e-06-p1,100,SBB-Dual,1e-7*n,9.999999999999999e-6,5,6,0.0251236,0.024419299999999998,97.19665971437213,2.23e-5,1.33e-5,0.0001999,0.0,0.0,0.0004688000000000013,0.45295237288399515,5.534386856926661e-6,-1.8073197520476585e-15,1.6277014056598205e-6,0.0,5.861654150151529e-6,1.6277014056598205e-6,0.0,diag_feasible,0,0,0,0,0,0,5,5.112213812242326e-13,1.12.6,lbt,1,1,Intel(R) Core(TM) 7 150U,NT,c8c2c51
degen-r50-m20-d1e-06-p1,100,Newton-SIN-BH,1e-7*n,9.999999999999999e-6,3,4,0.0226481,0.017130899999999998,75.63945761454602,0.0,1.15e-5,0.0,0.005058,0.0,0.00044770000000000313,0.4529522661823112,4.406544621788591e-7,-1.3529250564622328e-15,1.7638455629409577e-7,1.7638455629409577e-7,3.410597192473781e-7,1.7638455629409577e-7,NaN,converged,8,8,0,0,0,0,3,5.112213812242326e-13,1.12.6,lbt,1,1,Intel(R) Core(TM) 7 150U,NT,c8c2c51
degen-r50-m20-d1e-06-p1,100,Newton-SIN,1e-7*n,9.999999999999999e-6,3,7,0.0329165,0.0284479,86.42443759208908,0.0,1.16e-5,0.0,0.004119,0.0,0.00033799999999999976,0.4529522661823112,4.406544621788591e-7,-1.3529250564622328e-15,1.7638455629409577e-7,1.7638455629409577e-7,3.410597192473781e-7,1.7638455629409577e-7,NaN,converged,8,8,0,0,0,0,3,5.112213812242326e-13,1.12.6,lbt,1,1,Intel(R) Core(TM) 7 150U,NT,c8c2c51
degen-r50-m20-d1e-06-p1,100,AGD-SDAJ-BH,1e-7*n,9.999999999999999e-6,2,14,0.0569052,0.0562294,98.81241081658618,0.0,3.29e-5,0.0,0.0,0.0,0.0006429000000000042,0.45295630034944684,9.860817953745264e-6,-1.8443067463794286e-15,2.66308641660995e-6,2.66308641660995e-6,7.335138579678025e-6,2.66308641660995e-6,NaN,diag_feasible,0,0,1,1,0,0,2,5.112213812242326e-13,1.12.6,lbt,1,1,Intel(R) Core(TM) 7 150U,NT,c8c2c51
degen-r50-m20-d1e-06-p1,100,AGD-SDAJ,1e-7*n,9.999999999999999e-6,2,14,0.0641329,0.06334530000000001,98.7719251741306,0.0,3.81e-5,0.0,0.0,0.0,0.0007494999999999994,0.45295630034944684,9.860817953745264e-6,-1.8443067463794286e-15,2.66308641660995e-6,2.66308641660995e-6,7.335138579678025e-6,2.66308641660995e-6,NaN,diag_feasible,0,0,1,1,0,0,2,5.112213812242326e-13,1.12.6,lbt,1,1,Intel(R) Core(TM) 7 150U,NT,c8c2c51
degen-r50-m20-d1e-06-p1,100,Dykstra-APM,1e-7*n,9.999999999999999e-6,11,11,0.0529029,0.0495608,93.68257694757754,0.0,0.0,0.0,0.0,0.0012003,0.0021418000000000006,0.4529493710688428,6.631253398037245e-6,-1.3910075992032816e-15,1.958752966491062e-6,1.958752966491062e-6,4.846826590913046e-6,1.958752966491062e-6,NaN,diag_feasible,0,0,0,0,0,0,11,5.112213812242326e-13,1.12.6,lbt,1,1,Intel(R) Core(TM) 7 150U,NT,c8c2c51
degen-r50-m20-d1e-06-p2,100,SBB-Dual,1e-7*n,9.999999999999999e-6,5,6,0.0246986,0.0243009,98.38978727539212,2.58e-5,1.63e-5,5.49e-5,0.0,0.0,0.00030070000000000086,0.4515119650647256,6.680894598409192e-6,-1.657308501577959e-15,1.908259435690063e-6,0.0,7.572047736644936e-6,1.908259435690063e-6,0.0,diag_feasible,0,0,0,0,0,0,5,1.6499671731102627e-12,1.12.6,lbt,1,1,Intel(R) Core(TM) 7 150U,NT,c8c2c51
degen-r50-m20-d1e-06-p2,100,Newton-SIN-BH,1e-7*n,9.999999999999999e-6,3,4,0.0204688,0.0157909,77.14619323067303,0.0,8.5e-6,0.0,0.0042331,0.0,0.00043629999999999884,0.451511361594258,1.547169105006065e-6,-1.7875396733509674e-15,2.486031249748777e-7,2.486031249748777e-7,1.1236826264594144e-6,2.486031249748777e-7,NaN,converged,7,7,0,0,0,0,3,1.6499671731102627e-12,1.12.6,lbt,1,1,Intel(R) Core(TM) 7 150U,NT,c8c2c51
degen-r50-m20-d1e-06-p2,100,Newton-SIN,1e-7*n,9.999999999999999e-6,3,7,0.0318473,0.027643,86.79856691148072,0.0,1.13e-5,0.0,0.0038887,0.0,0.00030430000000000127,0.451511361594258,1.547169105006065e-6,-1.7875396733509674e-15,2.486031249748777e-7,2.486031249748777e-7,1.1236826264594144e-6,2.486031249748777e-7,NaN,converged,7,7,0,0,0,0,3,1.6499671731102627e-12,1.12.6,lbt,1,1,Intel(R) Core(TM) 7 150U,NT,c8c2c51
degen-r50-m20-d1e-06-p2,100,AGD-SDAJ-BH,1e-7*n,9.999999999999999e-6,3,17,0.0721436,0.0712409,98.74874555747148,0.0,4.09e-5,0.0,0.0,0.0,0.0008618000000000063,0.4515129883103957,3.400317318308548e-6,-1.5117280282325303e-15,1.259201718450953e-6,1.259201718450953e-6,2.7784736482114015e-6,1.259201718450953e-6,NaN,diag_feasible_at_xpre,0,0,2,2,0,0,3,1.6499671731102627e-12,1.12.6,lbt,1,1,Intel(R) Core(TM) 7 150U,NT,c8c2c51
degen-r50-m20-d1e-06-p2,100,AGD-SDAJ,1e-7*n,9.999999999999999e-6,3,17,0.0675971,0.0666843,98.64964621263339,0.0,3.16e-5,0.0,0.0,0.0,0.0008811999999999914,0.4515129883103957,3.400317318308548e-6,-1.5117280282325303e-15,1.259201718450953e-6,1.259201718450953e-6,2.7784736482114015e-6,1.259201718450953e-6,NaN,diag_feasible_at_xpre,0,0,2,2,0,0,3,1.6499671731102627e-12,1.12.6,lbt,1,1,Intel(R) Core(TM) 7 150U,NT,c8c2c51
degen-r50-m20-d1e-06-p2,100,Dykstra-APM,1e-7*n,9.999999999999999e-6,11,11,0.0563413,0.0531241,94.28980161977094,0.0,0.0,0.0,0.0,0.0012149,0.0020022999999999964,0.45150768416806725,9.825827487293701e-6,-1.236227688700215e-15,3.917282363596897e-6,3.917282363596897e-6,7.40367775038245e-6,3.917282363596897e-6,NaN,diag_feasible,0,0,0,0,0,0,11,1.6499671731102627e-12,1.12.6,lbt,1,1,Intel(R) Core(TM) 7 150U,NT,c8c2c51
degen-r50-m20-d1e-06-p3,100,SBB-Dual,1e-7*n,9.999999999999999e-6,5,6,0.0268509,0.0263275,98.05071710817887,2.42e-5,1.54e-5,0.0002018,0.0,0.0,0.00028200000000000024,0.4513403528399725,6.4228522171203606e-6,-1.5072475174790891e-15,1.8053406115603465e-6,0.0,7.163164250694445e-6,1.8053406115603465e-6,0.0,diag_feasible,0,0,0,0,0,0,5,1.8011354801384122e-12,1.12.6,lbt,1,1,Intel(R) Core(TM) 7 150U,NT,c8c2c51
degen-r50-m20-d1e-06-p3,100,Newton-SIN-BH,1e-7*n,9.999999999999999e-6,3,4,0.0227389,0.0157076,69.07809964422202,0.0,1.04e-5,0.0,0.0065355,0.0,0.0004854000000000013,0.45134030215568915,2.816142206438431e-7,-1.6526974180653635e-15,1.8583766658863965e-7,1.8583766658863965e-7,2.311581982062873e-7,1.8583766658863965e-7,NaN,converged,8,8,0,0,0,0,3,1.8011354801384122e-12,1.12.6,lbt,1,1,Intel(R) Core(TM) 7 150U,NT,c8c2c51
degen-r50-m20-d1e-06-p3,100,Newton-SIN,1e-7*n,9.999999999999999e-6,3,7,0.031844,0.0278696,87.51915588493908,0.0,1.14e-5,0.0,0.0036159,0.0,0.000347099999999996,0.45134030215568915,2.816142206438431e-7,-1.6526974180653635e-15,1.8583766658863965e-7,1.8583766658863965e-7,2.311581982062873e-7,1.8583766658863965e-7,NaN,converged,8,8,0,0,0,0,3,1.8011354801384122e-12,1.12.6,lbt,1,1,Intel(R) Core(TM) 7 150U,NT,c8c2c51
degen-r50-m20-d1e-06-p3,100,AGD-SDAJ-BH,1e-7*n,9.999999999999999e-6,3,20,0.074164,0.07304139999999999,98.48632759829567,0.0,4.95e-5,0.0,0.0,0.0,0.0010731000000000013,0.4513419691887072,4.987495735606527e-6,-1.5077474641675267e-15,1.7803454368525706e-6,1.7803454368525706e-6,4.0354143901258905e-6,1.7803454368525706e-6,NaN,diag_feasible_at_xpre,0,0,5,5,0,0,3,1.8011354801384122e-12,1.12.6,lbt,1,1,Intel(R) Core(TM) 7 150U,NT,c8c2c51
degen-r50-m20-d1e-06-p3,100,AGD-SDAJ,1e-7*n,9.999999999999999e-6,3,20,0.0757396,0.0747985,98.75745316848783,0.0,4.86e-5,0.0,0.0,0.0,0.0008925000000000003,0.4513419691887072,4.987495735606527e-6,-1.5077474641675267e-15,1.7803454368525706e-6,1.7803454368525706e-6,4.0354143901258905e-6,1.7803454368525706e-6,NaN,diag_feasible_at_xpre,0,0,5,5,0,0,3,1.8011354801384122e-12,1.12.6,lbt,1,1,Intel(R) Core(TM) 7 150U,NT,c8c2c51
degen-r50-m20-d1e-06-p3,100,Dykstra-APM,1e-7*n,9.999999999999999e-6,11,11,0.0424425,0.0397706,93.7046592448607,0.0,0.0,0.0,0.0,0.0010557,0.001616199999999998,0.451336470138865,8.307208655496873e-6,-1.3335951469757746e-15,2.052335699387342e-6,2.052335699387342e-6,6.179114484208538e-6,2.052335699387342e-6,NaN,diag_feasible,0,0,0,0,0,0,11,1.8011354801384122e-12,1.12.6,lbt,1,1,Intel(R) Core(TM) 7 150U,NT,c8c2c51
degen-r50-m20-d1e-06-p4,100,SBB-Dual,1e-7*n,9.999999999999999e-6,6,7,0.02548,0.0248163,97.39521193092622,2.84e-5,1.64e-5,0.0001837,0.0,0.0,0.00043519999999999974,0.4514743114683227,1.4248920648669987e-6,-1.6138953794781686e-15,6.440970057308704e-7,0.0,1.7275878624361263e-6,6.440970057308704e-7,0.0,diag_feasible,0,0,0,0,0,0,6,2.267574472391967e-14,1.12.6,lbt,1,1,Intel(R) Core(TM) 7 150U,NT,c8c2c51
degen-r50-m20-d1e-06-p4,100,Newton-SIN-BH,1e-7*n,9.999999999999999e-6,3,4,0.0211641,0.0164067,77.52136873290146,0.0,9.2e-6,0.0,0.0043489,0.0,0.00039930000000000174,0.45147352137382263,1.9222636236944074e-6,-1.7208989010636415e-15,2.986932206017201e-7,2.986932206017201e-7,1.3758086824398172e-6,2.986932206017201e-7,NaN,converged,8,8,0,0,0,0,3,2.267574472391967e-14,1.12.6,lbt,1,1,Intel(R) Core(TM) 7 150U,NT,c8c2c51
degen-r50-m20-d1e-06-p4,100,Newton-SIN,1e-7*n,9.999999999999999e-6,3,7,0.0288381,0.024469900000000003,84.85267753423425,0.0,9.9e-6,0.0,0.0040658,0.0,0.0002924999999999959,0.45147352137382263,1.9222636236944074e-6,-1.7208989010636415e-15,2.986932206017201e-7,2.986932206017201e-7,1.3758086824398172e-6,2.986932206017201e-7,NaN,converged,8,8,0,0,0,0,3,2.267574472391967e-14,1.12.6,lbt,1,1,Intel(R) Core(TM) 7 150U,NT,c8c2c51
degen-r50-m20-d1e-06-p4,100,AGD-SDAJ-BH,1e-7*n,9.999999999999999e-6,2,14,0.0554785,0.054798,98.77339870400245,0.0,3.0e-5,0.0,0.0,0.0,0.0006505000000000006,0.45147832148953204,9.22466422311144e-6,-1.3588265287083486e-15,2.2555567437132495e-6,2.2555567437132495e-6,6.804699229374046e-6,2.2555567437132495e-6,NaN,diag_feasible,0,0,1,1,0,0,2,2.267574472391967e-14,1.12.6,lbt,1,1,Intel(R) Core(TM) 7 150U,NT,c8c2c51
degen-r50-m20-d1e-06-p4,100,AGD-SDAJ,1e-7*n,9.999999999999999e-6,2,14,0.0568827,0.0561892,98.78082439827926,0.0,3.09e-5,0.0,0.0,0.0,0.0006625999999999996,0.45147832148953204,9.22466422311144e-6,-1.3588265287083486e-15,2.2555567437132495e-6,2.2555567437132495e-6,6.804699229374046e-6,2.2555567437132495e-6,NaN,diag_feasible,0,0,1,1,0,0,2,2.267574472391967e-14,1.12.6,lbt,1,1,Intel(R) Core(TM) 7 150U,NT,c8c2c51
degen-r50-m20-d1e-06-p4,100,Dykstra-APM,1e-7*n,9.999999999999999e-6,12,12,0.0594645,0.0551614,92.76358163273886,0.0,0.0,0.0,0.0,0.0016233,0.002679800000000004,0.4514717571214857,7.030728979521442e-6,-1.9281641621226474e-15,3.945430606666633e-6,3.945430606666633e-6,5.223249103596033e-6,3.945430606666633e-6,NaN,diag_feasible,0,0,0,0,0,0,12,2.267574472391967e-14,1.12.6,lbt,1,1,Intel(R) Core(TM) 7 150U,NT,c8c2c51
degen-r50-m20-d1e-08-p0,100,SBB-Dual,1e-7*n,9.999999999999999e-6,5,6,0.0223473,0.0216763,96.99740013334944,2.16e-5,1.35e-5,0.0001989,0.0,0.0,0.0004370000000000015,0.4521297104882697,7.761474970329286e-6,-1.295269223666911e-15,5.608007157320571e-6,0.0,9.702303914462037e-6,5.608007157320571e-6,0.0,diag_feasible,0,0,0,0,0,0,5,7.095384885516977e-14,1.12.6,lbt,1,1,Intel(R) Core(TM) 7 150U,NT,c8c2c51
degen-r50-m20-d1e-08-p0,100,Newton-SIN-BH,1e-7*n,9.999999999999999e-6,3,4,0.0234481,0.0172866,73.72281762701455,0.0,1.08e-5,0.0,0.0051115,0.0,0.0010392000000000005,0.4521297038199189,2.2302617685668355e-8,-1.5841547856975513e-15,1.2059177878498417e-8,1.2059177878498417e-8,1.6553696844381264e-8,1.2059177878498417e-8,NaN,converged,8,8,0,0,0,0,3,7.095384885516977e-14,1.12.6,lbt,1,1,Intel(R) Core(TM) 7 150U,NT,c8c2c51
degen-r50-m20-d1e-08-p0,100,Newton-SIN,1e-7*n,9.999999999999999e-6,3,7,0.0376987,0.0297246,78.84781172825588,0.0,1.05e-5,0.0,0.0074329,0.0,0.0005307000000000011,0.4521297038199189,2.2302617685668355e-8,-1.5841547856975513e-15,1.2059177878498417e-8,1.2059177878498417e-8,1.6553696844381264e-8,1.2059177878498417e-8,NaN,converged,8,8,0,0,0,0,3,7.095384885516977e-14,1.12.6,lbt,1,1,Intel(R) Core(TM) 7 150U,NT,c8c2c51
degen-r50-m20-d1e-08-p0,100,AGD-SDAJ-BH,1e-7*n,9.999999999999999e-6,2,13,0.0613345,0.0600568,97.91683310371813,0.0,3.34e-5,0.0,0.0,0.0,0.0012442999999999996,0.45213272767874274,7.308682471822583e-6,-1.7015304370825464e-15,1.85540873964829e-6,1.85540873964829e-6,5.45519779956029e-6,1.85540873964829e-6,NaN,diag_feasible,0,0,0,0,0,0,2,7.095384885516977e-14,1.12.6,lbt,1,1,Intel(R) Core(TM) 7 150U,NT,c8c2c51
degen-r50-m20-d1e-08-p0,100,AGD-SDAJ,1e-7*n,9.999999999999999e-6,2,13,0.0565782,0.0558921,98.78734212117034,0.0,3.19e-5,0.0,0.0,0.0,0.000654200000000002,0.45213272767874274,7.308682471822583e-6,-1.7015304370825464e-15,1.85540873964829e-6,1.85540873964829e-6,5.45519779956029e-6,1.85540873964829e-6,NaN,diag_feasible,0,0,0,0,0,0,2,7.095384885516977e-14,1.12.6,lbt,1,1,Intel(R) Core(TM) 7 150U,NT,c8c2c51
degen-r50-m20-d1e-08-p0,100,Dykstra-APM,1e-7*n,9.999999999999999e-6,11,11,0.0525962,0.0484413,92.1003798753522,0.0,0.0,0.0,0.0,0.002236,0.001918900000000003,0.4521259777916438,9.681809193443427e-6,-1.0576072610042033e-15,5.145165637987503e-6,5.145165637987503e-6,7.636327970056999e-6,5.145165637987503e-6,NaN,diag_feasible,0,0,0,0,0,0,11,7.095384885516977e-14,1.12.6,lbt,1,1,Intel(R) Core(TM) 7 150U,NT,c8c2c51
degen-r50-m20-d1e-08-p1,100,SBB-Dual,1e-7*n,9.999999999999999e-6,5,6,0.027508,0.026952499999999997,97.98058746546458,2.6e-5,1.81e-5,0.0001992,0.0,0.0,0.000312200000000004,0.4529536009923455,5.9913110205602635e-6,-1.619554774129302e-15,1.7222904268310302e-6,0.0,6.291080031766429e-6,1.7222904268310302e-6,0.0,diag_feasible,0,0,0,0,0,0,5,5.80008252350024e-13,1.12.6,lbt,1,1,Intel(R) Core(TM) 7 150U,NT,c8c2c51
degen-r50-m20-d1e-08-p1,100,Newton-SIN-BH,1e-7*n,9.999999999999999e-6,3,4,0.0217929,0.017306000000000002,79.41118437656301,0.0,1.07e-5,0.0,0.0040332,0.0,0.00044299999999999895,0.45295359946089403,7.299124864674618e-9,-1.5724105954589156e-15,4.498191374935345e-9,4.498191374935345e-9,5.5980396999585485e-9,4.498191374935345e-9,NaN,converged,8,8,0,0,0,0,3,5.80008252350024e-13,1.12.6,lbt,1,1,Intel(R) Core(TM) 7 150U,NT,c8c2c51
degen-r50-m20-d1e-08-p1,100,Newton-SIN,1e-7*n,9.999999999999999e-6,3,7,0.0324919,0.0282678,86.9995291134098,0.0,1.11e-5,0.0,0.0039229,0.0,0.000290099999999998,0.45295359946089403,7.299124864674618e-9,-1.5724105954589156e-15,4.498191374935345e-9,4.498191374935345e-9,5.5980396999585485e-9,4.498191374935345e-9,NaN,converged,8,8,0,0,0,0,3,5.80008252350024e-13,1.12.6,lbt,1,1,Intel(R) Core(TM) 7 150U,NT,c8c2c51
degen-r50-m20-d1e-08-p1,100,AGD-SDAJ-BH,1e-7*n,9.999999999999999e-6,2,14,0.05946,0.0587621,98.82626976118398,0.0,3.6e-5,0.0,0.0,0.0,0.0006619000000000013,0.4529577452425329,1.0414105821529693e-5,-1.5676897922711801e-15,2.923811604715887e-6,2.923811604715887e-6,7.743593950445537e-6,2.923811604715887e-6,NaN,diag_feasible,0,0,1,1,0,0,2,5.80008252350024e-13,1.12.6,lbt,1,1,Intel(R) Core(TM) 7 150U,NT,c8c2c51
degen-r50-m20-d1e-08-p1,100,AGD-SDAJ,1e-7*n,9.999999999999999e-6,2,14,0.0590645,0.058215800000000005,98.56309627610496,0.0,3.6e-5,0.0,0.0,0.0,0.0008126999999999939,0.4529577452425329,1.0414105821529693e-5,-1.5676897922711801e-15,2.923811604715887e-6,2.923811604715887e-6,7.743593950445537e-6,2.923811604715887e-6,NaN,diag_feasible,0,0,1,1,0,0,2,5.80008252350024e-13,1.12.6,lbt,1,1,Intel(R) Core(TM) 7 150U,NT,c8c2c51
degen-r50-m20-d1e-08-p1,100,Dykstra-APM,1e-7*n,9.999999999999999e-6,11,11,0.0545672,0.051322,94.05283760207597,0.0,0.0,0.0,0.0,0.0011232,0.0021220000000000037,0.4529508972432017,5.627412101531237e-6,-1.0766407355297995e-15,1.9573869027844637e-6,1.9573869027844637e-6,4.555108603091066e-6,1.9573869027844637e-6,NaN,diag_feasible,0,0,0,0,0,0,11,5.80008252350024e-13,1.12.6,lbt,1,1,Intel(R) Core(TM) 7 150U,NT,c8c2c51
degen-r50-m20-d1e-08-p2,100,SBB-Dual,1e-7*n,9.999999999999999e-6,5,6,0.0258154,0.0252489,97.80557341741752,2.17e-5,1.49e-5,0.0002275,0.0,0.0,0.00030239999999999754,0.4515131738731812,7.192848787575637e-6,-1.3458918873490583e-15,1.995676115140732e-6,0.0,8.06661517949399e-6,1.995676115140732e-6,0.0,diag_feasible,0,0,0,0,0,0,5,7.489541119872415e-12,1.12.6,lbt,1,1,Intel(R) Core(TM) 7 150U,NT,c8c2c51
degen-r50-m20-d1e-08-p2,100,Newton-SIN-BH,1e-7*n,9.999999999999999e-6,3,4,0.0232541,0.018296,78.67859861271775,0.0,1.05e-5,0.0,0.0045216,0.0,0.00042600000000000016,0.45151316753625365,1.8541136089086155e-8,-1.6433702205564255e-15,3.665961756382785e-9,3.665961756382785e-9,1.4130133061531626e-8,3.665961756382785e-9,NaN,converged,7,7,0,0,0,0,3,7.489541119872415e-12,1.12.6,lbt,1,1,Intel(R) Core(TM) 7 150U,NT,c8c2c51
degen-r50-m20-d1e-08-p2,100,Newton-SIN,1e-7*n,9.999999999999999e-6,3,7,0.0336743,0.029189899999999998,86.68301939461251,0.0,8.5e-6,0.0,0.0041802,0.0,0.00029569999999999944,0.45151316753625365,1.8541136089086155e-8,-1.6433702205564255e-15,3.665961756382785e-9,3.665961756382785e-9,1.4130133061531626e-8,3.665961756382785e-9,NaN,converged,7,7,0,0,0,0,3,7.489541119872415e-12,1.12.6,lbt,1,1,Intel(R) Core(TM) 7 150U,NT,c8c2c51
degen-r50-m20-d1e-08-p2,100,AGD-SDAJ-BH,1e-7*n,9.999999999999999e-6,3,17,0.067851,0.0669773,98.71232553683808,0.0,5.61e-5,0.0,0.0,0.0,0.0008175999999999911,0.4515142185554668,3.4761702094371695e-6,-1.5295134398351443e-15,1.2880248783098125e-6,1.2880248783098125e-6,2.8415970461219644e-6,1.2880248783098125e-6,NaN,diag_feasible_at_xpre,0,0,2,2,0,0,3,7.489541119872415e-12,1.12.6,lbt,1,1,Intel(R) Core(TM) 7 150U,NT,c8c2c51
degen-r50-m20-d1e-08-p2,100,AGD-SDAJ,1e-7*n,9.999999999999999e-6,3,17,0.0723896,0.0713186,98.52050570800225,0.0,5.32e-5,0.0,0.0,0.0,0.0010178000000000025,0.4515142185554668,3.4761702094371695e-6,-1.5295134398351443e-15,1.2880248783098125e-6,1.2880248783098125e-6,2.8415970461219644e-6,1.2880248783098125e-6,NaN,diag_feasible_at_xpre,0,0,2,2,0,0,3,7.489541119872415e-12,1.12.6,lbt,1,1,Intel(R) Core(TM) 7 150U,NT,c8c2c51
degen-r50-m20-d1e-08-p2,100,Dykstra-APM,1e-7*n,9.999999999999999e-6,11,11,0.0505973,0.0473402,93.56269998596764,0.0,0.0,0.0,0.0,0.0012475,0.002009599999999999,0.4515090255949909,9.122451639304694e-6,-9.655998183057818e-16,3.917285972487861e-6,3.917285972487861e-6,7.30658861686123e-6,3.917285972487861e-6,NaN,diag_feasible,0,0,0,0,0,0,11,7.489541119872415e-12,1.12.6,lbt,1,1,Intel(R) Core(TM) 7 150U,NT,c8c2c51
degen-r50-m20-d1e-08-p3,100,SBB-Dual,1e-7*n,9.999999999999999e-6,5,6,0.0253448,0.0248211,97.93369843123638,3.01e-5,1.83e-5,6.72e-5,0.0,0.0,0.0004081000000000019,0.4513415519719418,6.943987655725831e-6,-1.751512724021496e-15,1.9004454688831274e-6,0.0,7.691195384444932e-6,1.9004454688831274e-6,0.0,diag_feasible,0,0,0,0,0,0,5,6.746538605898731e-12,1.12.6,lbt,1,1,Intel(R) Core(TM) 7 150U,NT,c8c2c51
degen-r50-m20-d1e-08-p3,100,Newton-SIN-BH,1e-7*n,9.999999999999999e-6,3,4,0.0234301,0.0183568,78.34708345248207,0.0,1.27e-5,0.0,0.0045233,0.0,0.0005372999999999992,0.451341550744628,5.603366282423784e-9,-1.4920703882495458e-15,2.697513767913051e-9,2.697513767913051e-9,4.571293816234968e-9,2.697513767913051e-9,NaN,converged,8,8,0,0,0,0,3,6.746538605898731e-12,1.12.6,lbt,1,1,Intel(R) Core(TM) 7 150U,NT,c8c2c51
degen-r50-m20-d1e-08-p3,100,Newton-SIN,1e-7*n,9.999999999999999e-6,3,7,0.0350307,0.0295213,84.27265227357718,0.0,1.47e-5,0.0,0.005105,0.0,0.00038969999999999717,0.451341550744628,5.603366282423784e-9,-1.4920703882495458e-15,2.697513767913051e-9,2.697513767913051e-9,4.571293816234968e-9,2.697513767913051e-9,NaN,converged,8,8,0,0,0,0,3,6.746538605898731e-12,1.12.6,lbt,1,1,Intel(R) Core(TM) 7 150U,NT,c8c2c51
degen-r50-m20-d1e-08-p3,100,AGD-SDAJ-BH,1e-7*n,9.999999999999999e-6,3,20,0.1047311,0.1032748,98.60948658039494,0.0,5.94e-5,0.0,0.0,0.0,0.0013968999999999937,0.4513431701256509,4.9920900361937e-6,-1.4054373647260255e-15,1.7813713011349819e-6,1.7813713011349819e-6,4.038928845464235e-6,1.7813713011349819e-6,NaN,diag_feasible_at_xpre,0,0,5,5,0,0,3,6.746538605898731e-12,1.12.6,lbt,1,1,Intel(R) Core(TM) 7 150U,NT,c8c2c51
degen-r50-m20-d1e-08-p3,100,AGD-SDAJ,1e-7*n,9.999999999999999e-6,3,20,0.0952697,0.09405720000000001,98.72729734637561,0.0,5.86e-5,0.0,0.0,0.0,0.0011538999999999913,0.4513431701256509,4.9920900361937e-6,-1.4054373647260255e-15,1.7813713011349819e-6,1.7813713011349819e-6,4.038928845464235e-6,1.7813713011349819e-6,NaN,diag_feasible_at_xpre,0,0,5,5,0,0,3,6.746538605898731e-12,1.12.6,lbt,1,1,Intel(R) Core(TM) 7 150U,NT,c8c2c51
degen-r50-m20-d1e-08-p3,100,Dykstra-APM,1e-7*n,9.999999999999999e-6,11,11,0.0470389,0.0441823,93.92715390878614,0.0,0.0,0.0,0.0,0.0010585,0.0017981000000000008,0.45133784265538224,7.485965175870339e-6,-9.550709053789494e-16,2.0502123063703692e-6,2.0502123063703692e-6,6.030769743360346e-6,2.0502123063703692e-6,NaN,diag_feasible,0,0,0,0,0,0,11,6.746538605898731e-12,1.12.6,lbt,1,1,Intel(R) Core(TM) 7 150U,NT,c8c2c51
degen-r50-m20-d1e-08-p4,100,SBB-Dual,1e-7*n,9.999999999999999e-6,6,7,0.0308135,0.0301395,97.81264705405098,3.68e-5,2.4e-5,0.0001486,0.0,0.0,0.0004646000000000009,0.4514755323387506,1.8159549842126388e-6,-1.7220933036468106e-15,7.353490347750125e-7,0.0,2.111593439975311e-6,7.353490347750125e-7,0.0,diag_feasible,0,0,0,0,0,0,6,2.979951107394176e-14,1.12.6,lbt,1,1,Intel(R) Core(TM) 7 150U,NT,c8c2c51
degen-r50-m20-d1e-08-p4,100,Newton-SIN-BH,1e-7*n,9.999999999999999e-6,3,4,0.027356,0.0210338,76.88916508261443,0.0,1.32e-5,0.0,0.0057393,0.0,0.0005697000000000002,0.4514755207663044,2.852637290018856e-8,-1.497708278529125e-15,1.0714698461811167e-8,1.0714698461811167e-8,2.0687247718942906e-8,1.0714698461811167e-8,NaN,converged,8,8,0,0,0,0,3,2.979951107394176e-14,1.12.6,lbt,1,1,Intel(R) Core(TM) 7 150U,NT,c8c2c51
degen-r50-m20-d1e-08-p4,100,Newton-SIN,1e-7*n,9.999999999999999e-6,3,7,0.0352297,0.0289553,82.19002716457987,0.0,1.34e-5,0.0,0.0057511,0.0,0.0005099000000000024,0.4514755207663044,2.852637290018856e-8,-1.497708278529125e-15,1.0714698461811167e-8,1.0714698461811167e-8,2.0687247718942906e-8,1.0714698461811167e-8,NaN,converged,8,8,0,0,0,0,3,2.979951107394176e-14,1.12.6,lbt,1,1,Intel(R) Core(TM) 7 150U,NT,c8c2c51
degen-r50-m20-d1e-08-p4,100,AGD-SDAJ-BH,1e-7*n,9.999999999999999e-6,2,14,0.059672,0.0587506,98.45589221075211,0.0,4.79e-5,0.0,0.0,0.0,0.0008735000000000027,0.4514795778216138,9.292918235387855e-6,-1.6479755798792132e-15,2.3197244700678965e-6,2.3197244700678965e-6,6.843580597090907e-6,2.3197244700678965e-6,NaN,diag_feasible,0,0,1,1,0,0,2,2.979951107394176e-14,1.12.6,lbt,1,1,Intel(R) Core(TM) 7 150U,NT,c8c2c51
degen-r50-m20-d1e-08-p4,100,AGD-SDAJ,1e-7*n,9.999999999999999e-6,2,14,0.0623415,0.0615055,98.65899922202706,0.0,3.56e-5,0.0,0.0,0.0,0.0008004000000000034,0.4514795778216138,9.292918235387855e-6,-1.6479755798792132e-15,2.3197244700678965e-6,2.3197244700678965e-6,6.843580597090907e-6,2.3197244700678965e-6,NaN,diag_feasible,0,0,1,1,0,0,2,2.979951107394176e-14,1.12.6,lbt,1,1,Intel(R) Core(TM) 7 150U,NT,c8c2c51
degen-r50-m20-d1e-08-p4,100,Dykstra-APM,1e-7*n,9.999999999999999e-6,12,12,0.0635049,0.0565854,89.10399040074073,0.0,0.0,0.0,0.0,0.0038153,0.003104200000000002,0.45147342381319716,6.302832543256718e-6,-1.0958278483336902e-15,3.937036465506694e-6,3.937036465506694e-6,4.922399136698197e-6,3.937036465506694e-6,NaN,diag_feasible,0,0,0,0,0,0,12,2.979951107394176e-14,1.12.6,lbt,1,1,Intel(R) Core(TM) 7 150U,NT,c8c2c51
degen-r50-m20-d1e-10-p0,100,SBB-Dual,1e-7*n,9.999999999999999e-6,5,6,0.0240442,0.0234631,97.583200938272,2.42e-5,1.46e-5,0.0002137,0.0,0.0,0.000328600000000001,0.4521297226649624,7.766281640921112e-6,-1.6715762421978836e-15,5.612108932795401e-6,0.0,9.706750435300511e-6,5.612108932795401e-6,0.0,diag_feasible,0,0,0,0,0,0,5,5.455602505175055e-14,1.12.6,lbt,1,1,Intel(R) Core(TM) 7 150U,NT,c8c2c51
degen-r50-m20-d1e-10-p0,100,Newton-SIN-BH,1e-7*n,9.999999999999999e-6,3,4,0.0222036,0.0173269,78.03644454052495,0.0,1.09e-5,0.0,0.0043642,0.0,0.0005016000000000005,0.4521297206851705,1.5165907540222908e-8,-1.173003821919619e-15,1.1422173651354228e-8,1.1422173651354228e-8,1.202888597922491e-8,1.1422173651354228e-8,NaN,converged,8,8,0,0,0,0,3,5.455602505175055e-14,1.12.6,lbt,1,1,Intel(R) Core(TM) 7 150U,NT,c8c2c51
degen-r50-m20-d1e-10-p0,100,Newton-SIN,1e-7*n,9.999999999999999e-6,3,7,0.0397042,0.0330262,83.18062069000256,0.0,1.35e-5,0.0,0.0062526,0.0,0.0004119000000000041,0.4521297206851705,1.5165907540222908e-8,-1.173003821919619e-15,1.1422173651354228e-8,1.1422173651354228e-8,1.202888597922491e-8,1.1422173651354228e-8,NaN,converged,8,8,0,0,0,0,3,5.455602505175055e-14,1.12.6,lbt,1,1,Intel(R) Core(TM) 7 150U,NT,c8c2c51
degen-r50-m20-d1e-10-p0,100,AGD-SDAJ-BH,1e-7*n,9.999999999999999e-6,2,13,0.0591256,0.0583476,98.68415711637599,0.0,3.54e-5,0.0,0.0,0.0,0.0007426000000000009,0.45213274004975695,7.309186764563407e-6,-1.6890815277630888e-15,1.855500234904106e-6,1.855500234904106e-6,5.4555939769557616e-6,1.855500234904106e-6,NaN,diag_feasible,0,0,0,0,0,0,2,5.455602505175055e-14,1.12.6,lbt,1,1,Intel(R) Core(TM) 7 150U,NT,c8c2c51
degen-r50-m20-d1e-10-p0,100,AGD-SDAJ,1e-7*n,9.999999999999999e-6,2,13,0.0604828,0.059676900000000005,98.6675550735085,0.0,4.26e-5,0.0,0.0,0.0,0.0007632999999999983,0.45213274004975695,7.309186764563407e-6,-1.6890815277630888e-15,1.855500234904106e-6,1.855500234904106e-6,5.4555939769557616e-6,1.855500234904106e-6,NaN,diag_feasible,0,0,0,0,0,0,2,5.455602505175055e-14,1.12.6,lbt,1,1,Intel(R) Core(TM) 7 150U,NT,c8c2c51
degen-r50-m20-d1e-10-p0,100,Dykstra-APM,1e-7*n,9.999999999999999e-6,11,11,0.0765718,0.063081,82.38150337330453,0.0,0.0,0.0,0.0,0.0083696,0.005121199999999998,0.4521259899684382,9.68170156903768e-6,-1.0835250545057623e-15,5.145165035802535e-6,5.145165035802535e-6,7.636327305233204e-6,5.145165035802535e-6,NaN,diag_feasible,0,0,0,0,0,0,11,5.455602505175055e-14,1.12.6,lbt,1,1,Intel(R) Core(TM) 7 150U,NT,c8c2c51
degen-r50-m20-d1e-10-p1,100,SBB-Dual,1e-7*n,9.999999999999999e-6,5,6,0.0316663,0.031037699999999998,98.01492438333496,3.7e-5,2.0e-5,0.0002134,0.0,0.0,0.0003582000000000034,0.4529536132735875,5.996167917510685e-6,-2.0789579670175707e-15,1.7232218719742676e-6,0.0,6.295603325688394e-6,1.7232218719742676e-6,0.0,diag_feasible,0,0,0,0,0,0,5,2.1888581199437226e-13,1.12.6,lbt,1,1,Intel(R) Core(TM) 7 150U,NT,c8c2c51
degen-r50-m20-d1e-10-p1,100,Newton-SIN-BH,1e-7*n,9.999999999999999e-6,3,4,0.0287612,0.0230201,80.03873273715979,0.0,1.49e-5,0.0,0.0051569,0.0,0.0005692999999999991,0.45295361270726286,4.056738758622524e-9,-1.2698388751071775e-15,2.9908016063728837e-9,2.9908016063728837e-9,3.2961431934402343e-9,2.9908016063728837e-9,NaN,converged,8,8,0,0,0,0,3,2.1888581199437226e-13,1.12.6,lbt,1,1,Intel(R) Core(TM) 7 150U,NT,c8c2c51
degen-r50-m20-d1e-10-p1,100,Newton-SIN,1e-7*n,9.999999999999999e-6,3,7,0.0404806,0.0342784,84.67858677984023,0.0,1.48e-5,0.0,0.0057754,0.0,0.0004119999999999983,0.45295361270726286,4.056738758622524e-9,-1.2698388751071775e-15,2.9908016063728837e-9,2.9908016063728837e-9,3.2961431934402343e-9,2.9908016063728837e-9,NaN,converged,8,8,0,0,0,0,3,2.1888581199437226e-13,1.12.6,lbt,1,1,Intel(R) Core(TM) 7 150U,NT,c8c2c51
degen-r50-m20-d1e-10-p1,100,AGD-SDAJ-BH,1e-7*n,9.999999999999999e-6,2,14,0.0670507,0.0661402,98.64207234227233,0.0,4.37e-5,0.0,0.0,0.0,0.0008668000000000085,0.4529577596857307,1.041971699691335e-5,-1.6854242048339508e-15,2.92641064336685e-6,2.92641064336685e-6,7.747766847575732e-6,2.92641064336685e-6,NaN,diag_feasible,0,0,1,1,0,0,2,2.1888581199437226e-13,1.12.6,lbt,1,1,Intel(R) Core(TM) 7 150U,NT,c8c2c51
degen-r50-m20-d1e-10-p1,100,AGD-SDAJ,1e-7*n,9.999999999999999e-6,2,14,0.0718974,0.070764,98.42358694472956,0.0,4.49e-5,0.0,0.0,0.0,0.0010885000000000066,0.4529577596857307,1.041971699691335e-5,-1.6854242048339508e-15,2.92641064336685e-6,2.92641064336685e-6,7.747766847575732e-6,2.92641064336685e-6,NaN,diag_feasible,0,0,1,1,0,0,2,2.1888581199437226e-13,1.12.6,lbt,1,1,Intel(R) Core(TM) 7 150U,NT,c8c2c51
degen-r50-m20-d1e-10-p1,100,Dykstra-APM,1e-7*n,9.999999999999999e-6,11,11,0.0698956,0.0649668,92.94834009580002,0.0,0.0,0.0,0.0,0.0026698,0.002258999999999997,0.4529509095244596,5.627236378210529e-6,-9.879888008082258e-16,1.9573866814059926e-6,1.9573866814059926e-6,4.55510835737752e-6,1.9573866814059926e-6,NaN,diag_feasible,0,0,0,0,0,0,11,2.1888581199437226e-13,1.12.6,lbt,1,1,Intel(R) Core(TM) 7 150U,NT,c8c2c51
degen-r50-m20-d1e-10-p2,100,SBB-Dual,1e-7*n,9.999999999999999e-6,5,6,0.0249898,0.024331,97.36372439955503,2.59e-5,0.0001217,0.0001992,0.0,0.0,0.0003120000000000011,0.451513185961424,7.1981723070297685e-6,-1.7452689552551496e-15,1.9965595887683207e-6,0.0,8.071797309886153e-6,1.9965595887683207e-6,0.0,diag_feasible,0,0,0,0,0,0,5,2.5324586304240974e-13,1.12.6,lbt,1,1,Intel(R) Core(TM) 7 150U,NT,c8c2c51
degen-r50-m20-d1e-10-p2,100,Newton-SIN-BH,1e-7*n,9.999999999999999e-6,3,4,0.0212577,0.0162133,76.2702456051219,0.0,1.07e-5,0.0,0.0045247,0.0,0.0005090000000000008,0.4515131857807511,8.545539756498348e-9,-1.2174504892909537e-15,2.8413645880576155e-9,2.8413645880576155e-9,7.4557126122458e-9,2.8413645880576155e-9,NaN,converged,7,7,0,0,0,0,3,2.5324586304240974e-13,1.12.6,lbt,1,1,Intel(R) Core(TM) 7 150U,NT,c8c2c51
degen-r50-m20-d1e-10-p2,100,Newton-SIN,1e-7*n,9.999999999999999e-6,3,7,0.0327302,0.0282102,86.19012410556611,0.0,1.14e-5,0.0,0.0041997,0.0,0.0003089,0.4515131857807511,8.545539756498348e-9,-1.2174504892909537e-15,2.8413645880576155e-9,2.8413645880576155e-9,7.4557126122458e-9,2.8413645880576155e-9,NaN,converged,7,7,0,0,0,0,3,2.5324586304240974e-13,1.12.6,lbt,1,1,Intel(R) Core(TM) 7 150U,NT,c8c2c51
degen-r50-m20-d1e-10-p2,100,AGD-SDAJ-BH,1e-7*n,9.999999999999999e-6,3,17,0.0704595,0.0693766,98.4630887247284,0.0,5.53e-5,0.0,0.0,0.0,0.0010275999999999977,0.451514230864206,3.476937046043419e-6,-1.7027603121902972e-15,1.2883047975087436e-6,1.2883047975087436e-6,2.842225052950911e-6,1.2883047975087436e-6,NaN,diag_feasible_at_xpre,0,0,2,2,0,0,3,2.5324586304240974e-13,1.12.6,lbt,1,1,Intel(R) Core(TM) 7 150U,NT,c8c2c51
degen-r50-m20-d1e-10-p2,100,AGD-SDAJ,1e-7*n,9.999999999999999e-6,3,17,0.0775624,0.07658140000000001,98.7352119068002,0.0,4.8e-5,0.0,0.0,0.0,0.0009329999999999958,0.451514230864206,3.476937046043419e-6,-1.7027603121902972e-15,1.2883047975087436e-6,1.2883047975087436e-6,2.842225052950911e-6,1.2883047975087436e-6,NaN,diag_feasible_at_xpre,0,0,2,2,0,0,3,2.5324586304240974e-13,1.12.6,lbt,1,1,Intel(R) Core(TM) 7 150U,NT,c8c2c51
degen-r50-m20-d1e-10-p2,100,Dykstra-APM,1e-7*n,9.999999999999999e-6,11,11,0.0489294,0.0461377,94.29443238625448,0.0,0.0,0.0,0.0,0.0011692,0.0016225000000000011,0.4515090376832568,9.12229415187896e-6,-1.0470359590154612e-15,3.917286007792953e-6,3.917286007792953e-6,7.306588418112327e-6,3.917286007792953e-6,NaN,diag_feasible,0,0,0,0,0,0,11,2.5324586304240974e-13,1.12.6,lbt,1,1,Intel(R) Core(TM) 7 150U,NT,c8c2c51
degen-r50-m20-d1e-10-p3,100,SBB-Dual,1e-7*n,9.999999999999999e-6,5,6,0.0228097,0.0223042,97.78383757787257,2.52e-5,1.46e-5,0.0001293,0.0,0.0,0.000336399999999999,0.451341563963417,6.949248312874432e-6,-1.5450645717770136e-15,1.9014013126206208e-6,0.0,7.696540398483624e-6,1.9014013126206208e-6,0.0,diag_feasible,0,0,0,0,0,0,5,3.5873877729853807e-12,1.12.6,lbt,1,1,Intel(R) Core(TM) 7 150U,NT,c8c2c51
degen-r50-m20-d1e-10-p3,100,Newton-SIN-BH,1e-7*n,9.999999999999999e-6,3,4,0.0230722,0.018335,79.46793110323246,0.0,1.25e-5,0.0,0.0042161,0.0,0.0005085999999999997,0.4513415636899201,3.572823921676779e-9,-1.7154211592702835e-15,2.085333461465666e-9,2.085333461465666e-9,3.071384377945197e-9,2.085333461465666e-9,NaN,converged,8,8,0,0,0,0,3,3.5873877729853807e-12,1.12.6,lbt,1,1,Intel(R) Core(TM) 7 150U,NT,c8c2c51
degen-r50-m20-d1e-10-p3,100,Newton-SIN,1e-7*n,9.999999999999999e-6,3,7,0.0335668,0.029361500000000002,87.47184718233493,0.0,1.12e-5,0.0,0.0038767,0.0,0.0003173999999999985,0.4513415636899201,3.572823921676779e-9,-1.7154211592702835e-15,2.085333461465666e-9,2.085333461465666e-9,3.071384377945197e-9,2.085333461465666e-9,NaN,converged,8,8,0,0,0,0,3,3.5873877729853807e-12,1.12.6,lbt,1,1,Intel(R) Core(TM) 7 150U,NT,c8c2c51
degen-r50-m20-d1e-10-p3,100,AGD-SDAJ-BH,1e-7*n,9.999999999999999e-6,3,20,0.0877006,0.0865917,98.73558447718715,0.0,4.64e-5,0.0,0.0,0.0,0.0010625000000000098,0.45134318213523467,4.992140694100559e-6,-1.4790901898564673e-15,1.7813815629263985e-6,1.7813815629263985e-6,4.038964087624152e-6,1.7813815629263985e-6,NaN,diag_feasible_at_xpre,0,0,5,5,0,0,3,3.5873877729853807e-12,1.12.6,lbt,1,1,Intel(R) Core(TM) 7 150U,NT,c8c2c51
degen-r50-m20-d1e-10-p3,100,AGD-SDAJ,1e-7*n,9.999999999999999e-6,3,20,0.0700078,0.0690792,98.67357637291843,0.0,3.97e-5,0.0,0.0,0.0,0.0008889000000000016,0.45134318213523467,4.992140694100559e-6,-1.4790901898564673e-15,1.7813815629263985e-6,1.7813815629263985e-6,4.038964087624152e-6,1.7813815629263985e-6,NaN,diag_feasible_at_xpre,0,0,5,5,0,0,3,3.5873877729853807e-12,1.12.6,lbt,1,1,Intel(R) Core(TM) 7 150U,NT,c8c2c51
degen-r50-m20-d1e-10-p3,100,Dykstra-APM,1e-7*n,9.999999999999999e-6,11,11,0.050284,0.046929,93.32789754196165,0.0,0.0,0.0,0.0,0.0014819,0.0018731000000000038,0.45133785464689197,7.485796885582984e-6,-1.2271246399595256e-15,2.0502122080046092e-6,2.0502122080046092e-6,6.030769505204088e-6,2.0502122080046092e-6,NaN,diag_feasible,0,0,0,0,0,0,11,3.5873877729853807e-12,1.12.6,lbt,1,1,Intel(R) Core(TM) 7 150U,NT,c8c2c51
degen-r50-m20-d1e-10-p4,100,SBB-Dual,1e-7*n,9.999999999999999e-6,6,7,0.0298663,0.0291095,97.46604031969143,2.77e-5,1.62e-5,0.0002103,0.0,0.0,0.0005025999999999986,0.45147554454761823,1.8218531868820788e-6,-1.2867996122383717e-15,7.366611259884692e-7,0.0,2.1172897302507707e-6,7.366611259884692e-7,0.0,diag_feasible,0,0,0,0,0,0,6,1.7495438181920358e-14,1.12.6,lbt,1,1,Intel(R) Core(TM) 7 150U,NT,c8c2c51
degen-r50-m20-d1e-10-p4,100,Newton-SIN-BH,1e-7*n,9.999999999999999e-6,3,4,0.0238404,0.0182306,76.46935454103118,0.0,1.32e-5,0.0,0.0051784,0.0,0.00041820000000000225,0.4514755403619572,1.5842035266803624e-8,-1.323324713573526e-15,1.0601885147565326e-8,1.0601885147565326e-8,1.2785746870862384e-8,1.0601885147565326e-8,NaN,converged,8,8,0,0,0,0,3,1.7495438181920358e-14,1.12.6,lbt,1,1,Intel(R) Core(TM) 7 150U,NT,c8c2c51
degen-r50-m20-d1e-10-p4,100,Newton-SIN,1e-7*n,9.999999999999999e-6,3,7,0.0327901,0.027431999999999998,83.6593971961049,0.0,1.1e-5,0.0,0.0050704,0.0,0.0002767000000000047,0.4514755403619572,1.5842035266803624e-8,-1.323324713573526e-15,1.0601885147565326e-8,1.0601885147565326e-8,1.2785746870862384e-8,1.0601885147565326e-8,NaN,converged,8,8,0,0,0,0,3,1.7495438181920358e-14,1.12.6,lbt,1,1,Intel(R) Core(TM) 7 150U,NT,c8c2c51
degen-r50-m20-d1e-10-p4,100,AGD-SDAJ-BH,1e-7*n,9.999999999999999e-6,2,14,0.0573647,0.0566621,98.77520496054194,0.0,3.23e-5,0.0,0.0,0.0,0.0006702999999999977,0.45147959043876074,9.29375924891433e-6,-1.7584246192752181e-15,2.320391145005374e-6,2.320391145005374e-6,6.844102413118358e-6,2.320391145005374e-6,NaN,diag_feasible,0,0,1,1,0,0,2,1.7495438181920358e-14,1.12.6,lbt,1,1,Intel(R) Core(TM) 7 150U,NT,c8c2c51
degen-r50-m20-d1e-10-p4,100,AGD-SDAJ,1e-7*n,9.999999999999999e-6,2,14,0.0552471,0.0545428,98.72518195525195,0.0,3.08e-5,0.0,0.0,0.0,0.000673499999999998,0.45147959043876074,9.29375924891433e-6,-1.7584246192752181e-15,2.320391145005374e-6,2.320391145005374e-6,6.844102413118358e-6,2.320391145005374e-6,NaN,diag_feasible,0,0,1,1,0,0,2,1.7495438181920358e-14,1.12.6,lbt,1,1,Intel(R) Core(TM) 7 150U,NT,c8c2c51
degen-r50-m20-d1e-10-p4,100,Dykstra-APM,1e-7*n,9.999999999999999e-6,12,12,0.0525405,0.0494919,94.19761897964428,0.0,0.0,0.0,0.0,0.001245,0.0018035999999999985,0.4514734360221208,6.302666661411305e-6,-1.0632512552465938e-15,3.937036393120152e-6,3.937036393120152e-6,4.922398950082437e-6,3.937036393120152e-6,NaN,diag_feasible,0,0,0,0,0,0,12,1.7495438181920358e-14,1.12.6,lbt,1,1,Intel(R) Core(TM) 7 150U,NT,c8c2c51
degen-r50-m20-d0-p0,100,SBB-Dual,1e-7*n,9.999999999999999e-6,5,6,0.0273217,0.026813299999999998,98.13920802878297,2.27e-5,1.5e-5,0.0002007,0.0,0.0,0.0002700000000000026,0.45212972278795927,7.766331601051087e-6,-1.7978014844191722e-15,5.612150404843419e-6,0.0,9.706796713091836e-6,5.612150404843419e-6,0.0,diag_feasible,0,0,0,0,0,0,5,4.521307446210062e-14,1.12.6,lbt,1,1,Intel(R) Core(TM) 7 150U,NT,c8c2c51
degen-r50-m20-d0-p0,100,Newton-SIN-BH,1e-7*n,9.999999999999999e-6,3,4,0.0208502,0.0158542,76.03859915012805,0.0,8.6e-6,0.0,0.0042965,0.0,0.0006909000000000004,0.45212972078125585,1.5173382664495387e-8,-1.1108236589082614e-15,1.142292438416348e-8,1.142292438416348e-8,1.2039732181154498e-8,1.142292438416348e-8,NaN,converged,8,8,0,0,0,0,3,4.521307446210062e-14,1.12.6,lbt,1,1,Intel(R) Core(TM) 7 150U,NT,c8c2c51
degen-r50-m20-d0-p0,100,Newton-SIN,1e-7*n,9.999999999999999e-6,3,7,0.0256635,0.0214618,83.62772030315428,0.0,8.9e-6,0.0,0.0039433,0.0,0.00024949999999999885,0.45212972078125585,1.5173382664495387e-8,-1.1108236589082614e-15,1.142292438416348e-8,1.142292438416348e-8,1.2039732181154498e-8,1.142292438416348e-8,NaN,converged,8,8,0,0,0,0,3,4.521307446210062e-14,1.12.6,lbt,1,1,Intel(R) Core(TM) 7 150U,NT,c8c2c51
degen-r50-m20-d0-p0,100,AGD-SDAJ-BH,1e-7*n,9.999999999999999e-6,2,13,0.0451054,0.0443331,98.28778815840232,0.0,3.17e-5,0.0,0.0,0.0,0.0007405999999999966,0.4521327401747216,7.309191863461148e-6,-1.592115463568017e-15,1.8555011626064655e-6,1.8555011626064655e-6,5.455597986149707e-6,1.8555011626064655e-6,NaN,diag_feasible,0,0,0,0,0,0,2,4.521307446210062e-14,1.12.6,lbt,1,1,Intel(R) Core(TM) 7 150U,NT,c8c2c51
degen-r50-m20-d0-p0,100,AGD-SDAJ,1e-7*n,9.999999999999999e-6,2,13,0.0511854,0.050588,98.83287031067452,0.0,2.87e-5,0.0,0.0,0.0,0.0005686999999999979,0.4521327401747216,7.309191863461148e-6,-1.592115463568017e-15,1.8555011626064655e-6,1.8555011626064655e-6,5.455597986149707e-6,1.8555011626064655e-6,NaN,diag_feasible,0,0,0,0,0,0,2,4.521307446210062e-14,1.12.6,lbt,1,1,Intel(R) Core(TM) 7 150U,NT,c8c2c51
degen-r50-m20-d0-p0,100,Dykstra-APM,1e-7*n,9.999999999999999e-6,11,11,0.0454209,0.042535,93.64631700384626,0.0,0.0,0.0,0.0,0.0011497,0.0017361999999999968,0.4521259900914345,9.681701199206083e-6,-1.2024190763541086e-15,5.145165029585286e-6,5.145165029585286e-6,7.636327302146643e-6,5.145165029585286e-6,NaN,diag_feasible,0,0,0,0,0,0,11,4.521307446210062e-14,1.12.6,lbt,1,1,Intel(R) Core(TM) 7 150U,NT,c8c2c51
degen-r50-m20-d0-p1,100,SBB-Dual,1e-7*n,9.999999999999999e-6,5,6,0.0243886,0.0238538,97.80717220340651,2.49e-5,1.22e-5,0.0001986,0.0,0.0,0.0002990999999999985,0.4529536133976404,5.996216967002865e-6,-1.7592151699932411e-15,1.7232312766735092e-6,0.0,6.2956490265137256e-6,1.7232312766735092e-6,0.0,diag_feasible,0,0,0,0,0,0,5,1.5437761939787453e-13,1.12.6,lbt,1,1,Intel(R) Core(TM) 7 150U,NT,c8c2c51
degen-r50-m20-d0-p1,100,Newton-SIN-BH,1e-7*n,9.999999999999999e-6,3,4,0.015001,0.0118931,79.28204786347577,0.0,7.3e-6,0.0,0.0027974,0.0,0.00030320000000000043,0.45295361278096685,4.072973731347565e-9,-1.1126381033194094e-15,2.9922364586099093e-9,2.9922364586099093e-9,3.3177570440542673e-9,2.9922364586099093e-9,NaN,converged,8,8,0,0,0,0,3,1.5437761939787453e-13,1.12.6,lbt,1,1,Intel(R) Core(TM) 7 150U,NT,c8c2c51
degen-r50-m20-d0-p1,100,Newton-SIN,1e-7*n,9.999999999999999e-6,3,7,0.034753,0.030292200000000002,87.1642735878917,0.0,9.4e-6,0.0,0.004178,0.0,0.00027339999999999743,0.45295361278096685,4.072973731347565e-9,-1.1126381033194094e-15,2.9922364586099093e-9,2.9922364586099093e-9,3.3177570440542673e-9,2.9922364586099093e-9,NaN,converged,8,8,0,0,0,0,3,1.5437761939787453e-13,1.12.6,lbt,1,1,Intel(R) Core(TM) 7 150U,NT,c8c2c51
degen-r50-m20-d0-p1,100,AGD-SDAJ-BH,1e-7*n,9.999999999999999e-6,2,14,0.055433,0.0547802,98.82236213086067,0.0,3.14e-5,0.0,0.0,0.0,0.000621400000000002,0.45295775983171016,1.0419773996250846e-5,-1.7549499854719708e-15,2.9264369313386496e-6,2.9264369313386496e-6,7.747809217170983e-6,2.9264369313386496e-6,NaN,diag_feasible,0,0,1,1,0,0,2,1.5437761939787453e-13,1.12.6,lbt,1,1,Intel(R) Core(TM) 7 150U,NT,c8c2c51
degen-r50-m20-d0-p1,100,AGD-SDAJ,1e-7*n,9.999999999999999e-6,2,14,0.0563015,0.0556518,98.84603429748763,0.0,3.13e-5,0.0,0.0,0.0,0.0006183999999999962,0.45295775983171016,1.0419773996250846e-5,-1.7549499854719708e-15,2.9264369313386496e-6,2.9264369313386496e-6,7.747809217170983e-6,2.9264369313386496e-6,NaN,diag_feasible,0,0,1,1,0,0,2,1.5437761939787453e-13,1.12.6,lbt,1,1,Intel(R) Core(TM) 7 150U,NT,c8c2c51
degen-r50-m20-d0-p1,100,Dykstra-APM,1e-7*n,9.999999999999999e-6,11,11,0.0387871,0.0362481,93.45400919377833,0.0,0.0,0.0,0.0,0.0010199,0.0015190999999999996,0.4529509096485133,5.62723581840549e-6,-1.0949006265798643e-15,1.957386677853279e-6,1.957386677853279e-6,4.555108354344249e-6,1.957386677853279e-6,NaN,diag_feasible,0,0,0,0,0,0,11,1.5437761939787453e-13,1.12.6,lbt,1,1,Intel(R) Core(TM) 7 150U,NT,c8c2c51
degen-r50-m20-d0-p2,100,SBB-Dual,1e-7*n,9.999999999999999e-6,5,6,0.0232156,0.0226252,97.4568824411172,2.5e-5,1.69e-5,0.0002047,0.0,0.0,0.0003437999999999979,0.4515131860835273,7.19822609693398e-6,-1.375565626233772e-15,1.996568513962238e-6,0.0,8.07184967155389e-6,1.996568513962238e-6,0.0,diag_feasible,0,0,0,0,0,0,5,4.4686883591226314e-13,1.12.6,lbt,1,1,Intel(R) Core(TM) 7 150U,NT,c8c2c51
degen-r50-m20-d0-p2,100,Newton-SIN-BH,1e-7*n,9.999999999999999e-6,3,4,0.0178551,0.01335,74.76855352252298,0.0,9.1e-6,0.0,0.0040978,0.0,0.00039819999999999786,0.4515131859244728,8.571235935518845e-9,-1.1220492083838478e-15,2.8412939778732493e-9,2.8412939778732493e-9,7.479580143707554e-9,2.8412939778732493e-9,NaN,converged,7,7,0,0,0,0,3,4.4686883591226314e-13,1.12.6,lbt,1,1,Intel(R) Core(TM) 7 150U,NT,c8c2c51
degen-r50-m20-d0-p2,100,Newton-SIN,1e-7*n,9.999999999999999e-6,3,7,0.0336353,0.028804999999999997,85.63919453669209,0.0,1.44e-5,0.0,0.0044372,0.0,0.00037870000000000265,0.4515131859244728,8.571235935518845e-9,-1.1220492083838478e-15,2.8412939778732493e-9,2.8412939778732493e-9,7.479580143707554e-9,2.8412939778732493e-9,NaN,converged,7,7,0,0,0,0,3,4.4686883591226314e-13,1.12.6,lbt,1,1,Intel(R) Core(TM) 7 150U,NT,c8c2c51
degen-r50-m20-d0-p2,100,AGD-SDAJ-BH,1e-7*n,9.999999999999999e-6,3,17,0.059808,0.0589735,98.60470171214553,0.0,4.1e-5,0.0,0.0,0.0,0.0007935000000000019,0.4515142309885487,3.4769443664580287e-6,-1.5867372645021043e-15,1.2883076252467873e-6,1.2883076252467873e-6,2.842231413169549e-6,1.2883076252467873e-6,NaN,diag_feasible_at_xpre,0,0,2,2,0,0,3,4.4686883591226314e-13,1.12.6,lbt,1,1,Intel(R) Core(TM) 7 150U,NT,c8c2c51
degen-r50-m20-d0-p2,100,AGD-SDAJ,1e-7*n,9.999999999999999e-6,3,17,0.0696043,0.0688081,98.85610515442293,0.0,3.59e-5,0.0,0.0,0.0,0.000760299999999997,0.4515142309885487,3.4769443664580287e-6,-1.5867372645021043e-15,1.2883076252467873e-6,1.2883076252467873e-6,2.842231413169549e-6,1.2883076252467873e-6,NaN,diag_feasible_at_xpre,0,0,2,2,0,0,3,4.4686883591226314e-13,1.12.6,lbt,1,1,Intel(R) Core(TM) 7 150U,NT,c8c2c51
degen-r50-m20-d0-p2,100,Dykstra-APM,1e-7*n,9.999999999999999e-6,11,11,0.0540182,0.0484398,89.6731101739784,0.0,0.0,0.0,0.0,0.001342,0.004236400000000004,0.4515090378053621,9.122293472475534e-6,-1.1568354222167375e-15,3.917286006904774e-6,3.917286006904774e-6,7.3065884125310434e-6,3.917286006904774e-6,NaN,diag_feasible,0,0,0,0,0,0,11,4.4686883591226314e-13,1.12.6,lbt,1,1,Intel(R) Core(TM) 7 150U,NT,c8c2c51
degen-r50-m20-d0-p3,100,SBB-Dual,1e-7*n,9.999999999999999e-6,5,6,0.0294553,0.0288087,97.80480932124269,3.11e-5,1.78e-5,0.0002126,0.0,0.0,0.00038510000000000063,0.45134156408454307,6.949301447138258e-6,-1.3362329670223081e-15,1.9014109662318646e-6,0.0,7.696594393675481e-6,1.9014109662318646e-6,0.0,diag_feasible,0,0,0,0,0,0,5,1.2530959012953754e-12,1.12.6,lbt,1,1,Intel(R) Core(TM) 7 150U,NT,c8c2c51
degen-r50-m20-d0-p3,100,Newton-SIN-BH,1e-7*n,9.999999999999999e-6,3,4,0.0261566,0.0198113,75.74111314161627,0.0,1.32e-5,0.0,0.0058192,0.0,0.0005128999999999984,0.45134156379790974,3.601912911723861e-9,-1.4282417251424902e-15,2.1173367503735108e-9,2.1173367503735108e-9,3.0994619765805707e-9,2.1173367503735108e-9,NaN,converged,8,8,0,0,0,0,3,1.2530959012953754e-12,1.12.6,lbt,1,1,Intel(R) Core(TM) 7 150U,NT,c8c2c51
degen-r50-m20-d0-p3,100,Newton-SIN,1e-7*n,9.999999999999999e-6,3,7,0.038914,0.0337297,86.677545356427,0.0,1.52e-5,0.0,0.0047592,0.0,0.00040989999999999603,0.45134156379790974,3.601912911723861e-9,-1.4282417251424902e-15,2.1173367503735108e-9,2.1173367503735108e-9,3.0994619765805707e-9,2.1173367503735108e-9,NaN,converged,8,8,0,0,0,0,3,1.2530959012953754e-12,1.12.6,lbt,1,1,Intel(R) Core(TM) 7 150U,NT,c8c2c51
degen-r50-m20-d0-p3,100,AGD-SDAJ-BH,1e-7*n,9.999999999999999e-6,3,20,0.0672666,0.06626660000000001,98.51337811038466,0.0,4.62e-5,0.0,0.0,0.0,0.000953799999999987,0.45134318225655246,4.9921430391060815e-6,-1.4654849572938314e-15,1.7813816659550952e-6,1.7813816659550952e-6,4.038964459338999e-6,1.7813816659550952e-6,NaN,diag_feasible_at_xpre,0,0,5,5,0,0,3,1.2530959012953754e-12,1.12.6,lbt,1,1,Intel(R) Core(TM) 7 150U,NT,c8c2c51
degen-r50-m20-d0-p3,100,AGD-SDAJ,1e-7*n,9.999999999999999e-6,3,20,0.0964884,0.0940439,97.46653483734832,0.0,6.0e-5,0.0,0.0,0.0,0.002384500000000002,0.45134318225655246,4.9921430391060815e-6,-1.4654849572938314e-15,1.7813816659550952e-6,1.7813816659550952e-6,4.038964459338999e-6,1.7813816659550952e-6,NaN,diag_feasible_at_xpre,0,0,5,5,0,0,3,1.2530959012953754e-12,1.12.6,lbt,1,1,Intel(R) Core(TM) 7 150U,NT,c8c2c51
degen-r50-m20-d0-p3,100,Dykstra-APM,1e-7*n,9.999999999999999e-6,11,11,0.0570568,0.0533497,93.50279020204428,0.0,0.0,0.0,0.0,0.0015901,0.002116999999999998,0.45133785476801735,7.485794800228537e-6,-8.954802850488266e-16,2.0502122088927877e-6,2.0502122088927877e-6,6.030769504980796e-6,2.0502122088927877e-6,NaN,diag_feasible,0,0,0,0,0,0,11,1.2530959012953754e-12,1.12.6,lbt,1,1,Intel(R) Core(TM) 7 150U,NT,c8c2c51
degen-r50-m20-d0-p4,100,SBB-Dual,1e-7*n,9.999999999999999e-6,6,7,0.0354132,0.0347622,98.16170241604826,3.87e-5,2.13e-5,0.0002137,0.0,0.0,0.00037729999999999876,0.45147554467094,1.8219128326925875e-6,-1.460514520254834e-15,7.366743802750264e-7,0.0,2.117347349272422e-6,7.366743802750264e-7,0.0,diag_feasible,0,0,0,0,0,0,6,2.4874694904281482e-14,1.12.6,lbt,1,1,Intel(R) Core(TM) 7 150U,NT,c8c2c51
degen-r50-m20-d0-p4,100,Newton-SIN-BH,1e-7*n,9.999999999999999e-6,3,4,0.027249,0.0208679,76.58225989944586,0.0,1.64e-5,0.0,0.0057982,0.0,0.0005664999999999976,0.45147554048527677,1.584181944800756e-8,-1.0159253283567814e-15,1.060196552771231e-8,1.060196552771231e-8,1.279027914297579e-8,1.060196552771231e-8,NaN,converged,8,8,0,0,0,0,3,2.4874694904281482e-14,1.12.6,lbt,1,1,Intel(R) Core(TM) 7 150U,NT,c8c2c51
degen-r50-m20-d0-p4,100,Newton-SIN,1e-7*n,9.999999999999999e-6,3,7,0.039296,0.0332663,84.6556901465798,0.0,1.3e-5,0.0,0.0056264,0.0,0.0003902999999999988,0.45147554048527677,1.584181944800756e-8,-1.0159253283567814e-15,1.060196552771231e-8,1.060196552771231e-8,1.279027914297579e-8,1.060196552771231e-8,NaN,converged,8,8,0,0,0,0,3,2.4874694904281482e-14,1.12.6,lbt,1,1,Intel(R) Core(TM) 7 150U,NT,c8c2c51
degen-r50-m20-d0-p4,100,AGD-SDAJ-BH,1e-7*n,9.999999999999999e-6,2,14,0.0695124,0.068547,98.61118304072366,0.0,4.62e-5,0.0,0.0,0.0,0.0009192000000000051,0.4514795905662088,9.29376775176386e-6,-1.427835062018751e-15,2.3203978808394865e-6,2.3203978808394865e-6,6.8441076875062325e-6,2.3203978808394865e-6,NaN,diag_feasible,0,0,1,1,0,0,2,2.4874694904281482e-14,1.12.6,lbt,1,1,Intel(R) Core(TM) 7 150U,NT,c8c2c51
degen-r50-m20-d0-p4,100,AGD-SDAJ,1e-7*n,9.999999999999999e-6,2,14,0.0690066,0.0681495,98.75794489222771,0.0,4.39e-5,0.0,0.0,0.0,0.0008131999999999995,0.4514795905662088,9.29376775176386e-6,-1.427835062018751e-15,2.3203978808394865e-6,2.3203978808394865e-6,6.8441076875062325e-6,2.3203978808394865e-6,NaN,diag_feasible,0,0,1,1,0,0,2,2.4874694904281482e-14,1.12.6,lbt,1,1,Intel(R) Core(TM) 7 150U,NT,c8c2c51
degen-r50-m20-d0-p4,100,Dykstra-APM,1e-7*n,9.999999999999999e-6,12,12,0.0687931,0.0643482,93.53874153076399,0.0,0.0,0.0,0.0,0.0017085,0.0027364000000000017,0.45147343614544583,6.3026660693198035e-6,-1.171415404576282e-15,3.937036389789483e-6,3.937036389789483e-6,4.922398943051084e-6,3.937036389789483e-6,NaN,diag_feasible,0,0,0,0,0,0,12,2.4874694904281482e-14,1.12.6,lbt,1,1,Intel(R) Core(TM) 7 150U,NT,c8c2c51
