instance,n,solver,tol_rule,tol_value,updates,total_evds,elapsed_seconds,evd_seconds,evd_percent,bb_seconds,certificate_seconds,rescale_seconds,newton_cg_seconds,dykstra_update_seconds,anderson_update_seconds,other_seconds,dist_G_X_fro,err_vs_ref_fro,lambda_min_X,diag_error_pre,diag_error_post,certificate_2,certificate_inf,ceiling_clamp_pct,exit,cg_iters_total,jacobian_vector_products,linesearch_trials,nls_backtracks,mls_backtracks,negative_curvature_count,accepted_outer_iterations,ref_cert_2,julia_version,blas_vendor,blas_threads,julia_threads,cpu,os,git_commit
degen-r5-m1-d0.01-p0,100,SBB-Dual,1e-7*n,9.999999999999999e-6,82,83,0.0921188,0.089494,97.15063591796681,6.73e-5,3.95e-5,0.0002253,0.0,0.0,0.0,0.0022926999999999965,0.228113162423687,8.951638032377158e-6,-1.0211952647251538e-14,1.3678933217242673e-6,0.0,9.736725808826406e-6,1.3678933217242673e-6,100.0,diag_feasible,0,0,0,0,0,0,82,2.8503773480355575e-14,1.12.6,lbt,1,1,Intel(R) Core(TM) 7 150U,NT,6407b28
degen-r5-m1-d0.01-p0,100,Newton-SIN-BH,1e-7*n,9.999999999999999e-6,2,3,0.0073849,0.0061721,83.5772996249103,0.0,3.9e-6,0.0,0.0009517,0.0,0.0,0.00025719999999999996,0.2281114458804543,1.4456783554921415e-5,-1.1005405423756791e-14,2.7441281784668092e-6,2.7441281784668092e-6,4.4104414354144666e-6,2.7441281784668092e-6,NaN,converged,8,8,0,0,0,0,2,2.8503773480355575e-14,1.12.6,lbt,1,1,Intel(R) Core(TM) 7 150U,NT,6407b28
degen-r5-m1-d0.01-p0,100,Newton-SIN,1e-7*n,9.999999999999999e-6,2,5,0.0085412,0.0079149,92.66730670163443,0.0,2.9e-6,0.0,0.0004951,0.0,0.0,0.0001282999999999997,0.2281114458804543,1.4456783554921415e-5,-1.1005405423756791e-14,2.7441281784668092e-6,2.7441281784668092e-6,4.4104414354144666e-6,2.7441281784668092e-6,NaN,converged,8,8,0,0,0,0,2,2.8503773480355575e-14,1.12.6,lbt,1,1,Intel(R) Core(TM) 7 150U,NT,6407b28
degen-r5-m1-d0.01-p0,100,AGD-SDAJ-BH,1e-7*n,9.999999999999999e-6,3,24,0.0330434,0.0322746,97.67336291059637,0.0,1.47e-5,0.0,0.0,0.0,0.0,0.0007541000000000001,0.22809511972529525,2.2486120334141758e-5,-9.385809162420481e-15,2.1364489988240365e-6,2.1364489988240365e-6,5.726748550293194e-6,2.1364489988240365e-6,NaN,diag_feasible,0,0,5,5,0,0,3,2.8503773480355575e-14,1.12.6,lbt,1,1,Intel(R) Core(TM) 7 150U,NT,6407b28
degen-r5-m1-d0.01-p0,100,AGD-SDAJ,1e-7*n,9.999999999999999e-6,3,24,0.0330774,0.032253199999999996,97.50826848543113,0.0,1.33e-5,0.0,0.0,0.0,0.0,0.000810900000000004,0.22809511972529525,2.2486120334141758e-5,-9.385809162420481e-15,2.1364489988240365e-6,2.1364489988240365e-6,5.726748550293194e-6,2.1364489988240365e-6,NaN,diag_feasible,0,0,5,5,0,0,3,2.8503773480355575e-14,1.12.6,lbt,1,1,Intel(R) Core(TM) 7 150U,NT,6407b28
degen-r5-m1-d0.01-p0,100,Dykstra-APM,1e-7*n,9.999999999999999e-6,167,167,0.2613632,0.2039684,78.04021377148734,0.0,0.0,0.0,0.0,0.0462659,0.0,0.011128900000000025,0.22807257646590856,4.50311042855604e-5,-8.107750213438344e-15,1.4002790527101183e-6,1.4002790527101183e-6,9.976712757203314e-6,1.4002790527101183e-6,NaN,diag_feasible,0,0,0,0,0,0,167,2.8503773480355575e-14,1.12.6,lbt,1,1,Intel(R) Core(TM) 7 150U,NT,6407b28
degen-r5-m1-d0.01-p0,100,Anderson-APM,1e-7*n,9.999999999999999e-6,23,23,0.030728,0.0251294,81.7801353814111,0.0,0.0,0.0,0.0,0.0,0.003549,0.0020495999999999986,0.2280809219045504,4.145707487886496e-5,-8.833312904577446e-15,2.652380791667852e-6,2.652380791667852e-6,9.536575629318381e-6,2.652380791667852e-6,NaN,diag_feasible,0,0,0,0,0,0,23,2.8503773480355575e-14,1.12.6,lbt,1,1,Intel(R) Core(TM) 7 150U,NT,6407b28
degen-r5-m1-d0.01-p1,100,SBB-Dual,1e-7*n,9.999999999999999e-6,82,83,0.0831931,0.0821162,98.70554168554844,6.5e-5,3.29e-5,3.39e-5,0.0,0.0,0.0,0.0009451000000000057,0.22377148978614728,8.648486330866855e-6,-1.3700050090381853e-14,1.3669669391980221e-6,0.0,9.813258418761696e-6,1.3669669391980221e-6,100.0,diag_feasible,0,0,0,0,0,0,82,1.2449358054640435e-14,1.12.6,lbt,1,1,Intel(R) Core(TM) 7 150U,NT,6407b28
degen-r5-m1-d0.01-p1,100,Newton-SIN-BH,1e-7*n,9.999999999999999e-6,2,3,0.0050245,0.0043407,86.39068564036222,0.0,2.8e-6,0.0,0.0005397,0.0,0.0,0.00014130000000000002,0.22377015876257175,2.0649115379961646e-5,-8.862348400906917e-15,3.803128374668674e-6,3.803128374668674e-6,6.427029521367073e-6,3.803128374668674e-6,NaN,converged,9,9,0,0,0,0,2,1.2449358054640435e-14,1.12.6,lbt,1,1,Intel(R) Core(TM) 7 150U,NT,6407b28
degen-r5-m1-d0.01-p1,100,Newton-SIN,1e-7*n,9.999999999999999e-6,2,5,0.0077028,0.0070817,91.93669834345951,0.0,2.6e-6,0.0,0.0005029,0.0,0.0,0.00011560000000000032,0.22377015876257175,2.0649115379961646e-5,-8.862348400906917e-15,3.803128374668674e-6,3.803128374668674e-6,6.427029521367073e-6,3.803128374668674e-6,NaN,converged,9,9,0,0,0,0,2,1.2449358054640435e-14,1.12.6,lbt,1,1,Intel(R) Core(TM) 7 150U,NT,6407b28
degen-r5-m1-d0.01-p1,100,AGD-SDAJ-BH,1e-7*n,9.999999999999999e-6,2,15,0.0174181,0.0171823,98.6462358121724,0.0,9.2e-6,0.0,0.0,0.0,0.0,0.0002265999999999978,0.22374854494245594,2.913301177474999e-5,-1.2754126425253513e-14,2.6884322269493666e-6,2.6884322269493666e-6,7.459438692437236e-6,2.6884322269493666e-6,NaN,diag_feasible,0,0,2,2,0,0,2,1.2449358054640435e-14,1.12.6,lbt,1,1,Intel(R) Core(TM) 7 150U,NT,6407b28
degen-r5-m1-d0.01-p1,100,AGD-SDAJ,1e-7*n,9.999999999999999e-6,2,15,0.0240641,0.0236726,98.37309519159244,0.0,1.06e-5,0.0,0.0,0.0,0.0,0.00038090000000000297,0.22374854494245594,2.913301177474999e-5,-1.2754126425253513e-14,2.6884322269493666e-6,2.6884322269493666e-6,7.459438692437236e-6,2.6884322269493666e-6,NaN,diag_feasible,0,0,2,2,0,0,2,1.2449358054640435e-14,1.12.6,lbt,1,1,Intel(R) Core(TM) 7 150U,NT,6407b28
degen-r5-m1-d0.01-p1,100,Dykstra-APM,1e-7*n,9.999999999999999e-6,168,168,0.2543028,0.2225984,87.53281521084314,0.0,0.0,0.0,0.0,0.0227679,0.0,0.008936499999999993,0.22373163347232514,4.301900500653969e-5,-7.659416399997141e-15,1.3301618178029884e-6,1.3301618178029884e-6,9.555484481649744e-6,1.3301618178029884e-6,NaN,diag_feasible,0,0,0,0,0,0,168,1.2449358054640435e-14,1.12.6,lbt,1,1,Intel(R) Core(TM) 7 150U,NT,6407b28
degen-r5-m1-d0.01-p1,100,Anderson-APM,1e-7*n,9.999999999999999e-6,26,26,0.037688,0.0319252,84.70919125451073,0.0,0.0,0.0,0.0,0.0,0.0048309,0.0009318999999999985,0.2237379532656778,3.879007447875223e-5,-9.564898409125203e-15,2.1784088342080565e-6,2.1784088342080565e-6,8.954690284730962e-6,2.1784088342080565e-6,NaN,diag_feasible,0,0,0,0,0,0,26,1.2449358054640435e-14,1.12.6,lbt,1,1,Intel(R) Core(TM) 7 150U,NT,6407b28
degen-r5-m1-d0.01-p2,100,SBB-Dual,1e-7*n,9.999999999999999e-6,81,82,0.0855826,0.084482,98.71399092806249,6.9e-5,3.88e-5,3.82e-5,0.0,0.0,0.0,0.0009545999999999932,0.23286753046577627,7.74106737576817e-6,-8.363463665511335e-15,1.3451034719391686e-6,0.0,9.275278390309274e-6,1.3451034719391686e-6,100.0,diag_feasible,0,0,0,0,0,0,81,1.963055150016077e-14,1.12.6,lbt,1,1,Intel(R) Core(TM) 7 150U,NT,6407b28
degen-r5-m1-d0.01-p2,100,Newton-SIN-BH,1e-7*n,9.999999999999999e-6,2,3,0.0048972,0.004313900000000001,88.08911214571593,0.0,2.4e-6,0.0,0.0004352,0.0,0.0,0.0001456999999999993,0.23286595470666308,1.1004905737318544e-5,-8.382726599841248e-15,1.0797565439535362e-6,1.0797565439535362e-6,3.323198923550652e-6,1.0797565439535362e-6,NaN,converged,7,7,0,0,0,0,2,1.963055150016077e-14,1.12.6,lbt,1,1,Intel(R) Core(TM) 7 150U,NT,6407b28
degen-r5-m1-d0.01-p2,100,Newton-SIN,1e-7*n,9.999999999999999e-6,2,5,0.006068,0.0056221,92.65161502966382,0.0,2.7e-6,0.0,0.0003458,0.0,0.0,9.739999999999993e-5,0.23286595470666308,1.1004905737318544e-5,-8.382726599841248e-15,1.0797565439535362e-6,1.0797565439535362e-6,3.323198923550652e-6,1.0797565439535362e-6,NaN,converged,7,7,0,0,0,0,2,1.963055150016077e-14,1.12.6,lbt,1,1,Intel(R) Core(TM) 7 150U,NT,6407b28
degen-r5-m1-d0.01-p2,100,AGD-SDAJ-BH,1e-7*n,9.999999999999999e-6,3,24,0.0280141,0.0276809,98.8105989483867,0.0,1.02e-5,0.0,0.0,0.0,0.0,0.0003229999999999988,0.23284885818560408,2.2493022155106874e-5,-8.10177842487921e-15,1.2699155023110364e-6,1.2699155023110364e-6,5.351739081801599e-6,1.2699155023110364e-6,NaN,diag_feasible,0,0,5,5,0,0,3,1.963055150016077e-14,1.12.6,lbt,1,1,Intel(R) Core(TM) 7 150U,NT,6407b28
degen-r5-m1-d0.01-p2,100,AGD-SDAJ,1e-7*n,9.999999999999999e-6,3,24,0.0371517,0.036694599999999994,98.76963907438957,0.0,1.86e-5,0.0,0.0,0.0,0.0,0.00043850000000000887,0.23284885818560408,2.2493022155106874e-5,-8.10177842487921e-15,1.2699155023110364e-6,1.2699155023110364e-6,5.351739081801599e-6,1.2699155023110364e-6,NaN,diag_feasible,0,0,5,5,0,0,3,1.963055150016077e-14,1.12.6,lbt,1,1,Intel(R) Core(TM) 7 150U,NT,6407b28
degen-r5-m1-d0.01-p2,100,Dykstra-APM,1e-7*n,9.999999999999999e-6,165,165,0.2234597,0.1979789,88.59713854444449,0.0,0.0,0.0,0.0,0.0181076,0.0,0.007373199999999996,0.23282933085052432,4.2877124978326546e-5,-9.096051623697533e-15,1.3805914260700547e-6,1.3805914260700547e-6,9.533862385805352e-6,1.3805914260700547e-6,NaN,diag_feasible,0,0,0,0,0,0,165,1.963055150016077e-14,1.12.6,lbt,1,1,Intel(R) Core(TM) 7 150U,NT,6407b28
degen-r5-m1-d0.01-p2,100,Anderson-APM,1e-7*n,9.999999999999999e-6,30,30,0.034462,0.0289691,84.06099471882074,0.0,0.0,0.0,0.0,0.0,0.0045814,0.0009114999999999982,0.23286251113373058,2.9732302958414584e-5,-9.95992056768377e-15,2.52422543534081e-6,2.52422543534081e-6,8.469435569881258e-6,2.52422543534081e-6,NaN,diag_feasible,0,0,0,0,0,0,30,1.963055150016077e-14,1.12.6,lbt,1,1,Intel(R) Core(TM) 7 150U,NT,6407b28
degen-r5-m1-d0.01-p3,100,SBB-Dual,1e-7*n,9.999999999999999e-6,82,83,0.0858175,0.0847128,98.71273341684388,7.06e-5,3.94e-5,3.49e-5,0.0,0.0,0.0,0.0009598,0.23275431200489055,1.0748953200627324e-5,-1.1960326709960096e-14,1.4240586743152761e-6,0.0,9.240404881358739e-6,1.4240586743152761e-6,100.0,diag_feasible,0,0,0,0,0,0,82,1.2581330256107803e-14,1.12.6,lbt,1,1,Intel(R) Core(TM) 7 150U,NT,6407b28
degen-r5-m1-d0.01-p3,100,Newton-SIN-BH,1e-7*n,9.999999999999999e-6,2,3,0.004086,0.0034586,84.64512971120901,0.0,2.4e-6,0.0,0.0004882,0.0,0.0,0.00013680000000000024,0.23275399675845226,3.033444650964106e-6,-9.193549338522935e-15,5.041534991701013e-7,5.041534991701013e-7,9.513141021670009e-7,5.041534991701013e-7,NaN,converged,9,9,0,0,0,0,2,1.2581330256107803e-14,1.12.6,lbt,1,1,Intel(R) Core(TM) 7 150U,NT,6407b28
degen-r5-m1-d0.01-p3,100,Newton-SIN,1e-7*n,9.999999999999999e-6,2,5,0.0060102,0.005388100000000001,89.64926291970319,0.0,2.7e-6,0.0,0.0005179,0.0,0.0,0.0001014999999999996,0.23275399675845226,3.033444650964106e-6,-9.193549338522935e-15,5.041534991701013e-7,5.041534991701013e-7,9.513141021670009e-7,5.041534991701013e-7,NaN,converged,9,9,0,0,0,0,2,1.2581330256107803e-14,1.12.6,lbt,1,1,Intel(R) Core(TM) 7 150U,NT,6407b28
degen-r5-m1-d0.01-p3,100,AGD-SDAJ-BH,1e-7*n,9.999999999999999e-6,4,32,0.0381669,0.0376902,98.75101200254672,0.0,1.72e-5,0.0,0.0,0.0,0.0,0.0004594999999999966,0.23272893009949178,3.458148063870896e-5,-1.2577706239735452e-14,4.711374601562568e-6,4.711374601562568e-6,9.402877204835846e-6,4.711374601562568e-6,NaN,diag_feasible_at_xpre,0,0,11,11,0,0,4,1.2581330256107803e-14,1.12.6,lbt,1,1,Intel(R) Core(TM) 7 150U,NT,6407b28
degen-r5-m1-d0.01-p3,100,AGD-SDAJ,1e-7*n,9.999999999999999e-6,4,32,0.04385,0.0433269,98.80706955530218,0.0,2.18e-5,0.0,0.0,0.0,0.0,0.0005012999999999986,0.23272893009949178,3.458148063870896e-5,-1.2577706239735452e-14,4.711374601562568e-6,4.711374601562568e-6,9.402877204835846e-6,4.711374601562568e-6,NaN,diag_feasible_at_xpre,0,0,11,11,0,0,4,1.2581330256107803e-14,1.12.6,lbt,1,1,Intel(R) Core(TM) 7 150U,NT,6407b28
degen-r5-m1-d0.01-p3,100,Dykstra-APM,1e-7*n,9.999999999999999e-6,166,166,0.21409,0.1881271,87.8729039189126,0.0,0.0,0.0,0.0,0.0184314,0.0,0.00753150000000001,0.23271476236887093,4.513789867202143e-5,-9.175938272793207e-15,1.5294874520233037e-6,1.5294874520233037e-6,9.967224183169046e-6,1.5294874520233037e-6,NaN,diag_feasible,0,0,0,0,0,0,166,1.2581330256107803e-14,1.12.6,lbt,1,1,Intel(R) Core(TM) 7 150U,NT,6407b28
degen-r5-m1-d0.01-p3,100,Anderson-APM,1e-7*n,9.999999999999999e-6,18,18,0.0235936,0.0199659,84.62422012749221,0.0,0.0,0.0,0.0,0.0,0.0028291,0.0007985999999999974,0.23273283534019779,3.4936073834851175e-5,-1.1563277658865896e-14,4.101692332891815e-6,4.101692332891815e-6,9.4201848781051e-6,4.101692332891815e-6,NaN,diag_feasible,0,0,0,0,0,0,18,1.2581330256107803e-14,1.12.6,lbt,1,1,Intel(R) Core(TM) 7 150U,NT,6407b28
degen-r5-m1-d0.01-p4,100,SBB-Dual,1e-7*n,9.999999999999999e-6,81,82,0.0886033,0.0874583,98.7077230757771,7.69e-5,4.12e-5,3.45e-5,0.0,0.0,0.0,0.0009923999999999933,0.23232294644895518,7.2908946309860075e-6,-1.0855863001168753e-14,1.2653495269354664e-6,0.0,9.620851447784986e-6,1.2653495269354664e-6,100.0,diag_feasible,0,0,0,0,0,0,81,2.651551021153896e-14,1.12.6,lbt,1,1,Intel(R) Core(TM) 7 150U,NT,6407b28
degen-r5-m1-d0.01-p4,100,Newton-SIN-BH,1e-7*n,9.999999999999999e-6,2,3,0.0050312,0.0045122,89.68436953410716,0.0,2.5e-6,0.0,0.0003946,0.0,0.0,0.00012190000000000036,0.23232219250918382,8.597531820636787e-6,-8.991683934214252e-15,1.410240818566777e-6,1.410240818566777e-6,2.697994669346117e-6,1.410240818566777e-6,NaN,converged,8,8,0,0,0,0,2,2.651551021153896e-14,1.12.6,lbt,1,1,Intel(R) Core(TM) 7 150U,NT,6407b28
degen-r5-m1-d0.01-p4,100,Newton-SIN,1e-7*n,9.999999999999999e-6,2,5,0.0085545,0.0079845,93.33684025951254,0.0,3.2e-6,0.0,0.0004496,0.0,0.0,0.00011719999999999938,0.23232219250918382,8.597531820636787e-6,-8.991683934214252e-15,1.410240818566777e-6,1.410240818566777e-6,2.697994669346117e-6,1.410240818566777e-6,NaN,converged,8,8,0,0,0,0,2,2.651551021153896e-14,1.12.6,lbt,1,1,Intel(R) Core(TM) 7 150U,NT,6407b28
degen-r5-m1-d0.01-p4,100,AGD-SDAJ-BH,1e-7*n,9.999999999999999e-6,3,25,0.0356836,0.035239299999999994,98.75489020166124,0.0,1.62e-5,0.0,0.0,0.0,0.0,0.00042810000000000856,0.2323058369051118,2.1284549001681736e-5,-9.252972887338471e-15,1.5741518424317036e-6,1.5741518424317036e-6,5.259653972786409e-6,1.5741518424317036e-6,NaN,diag_feasible,0,0,6,6,0,0,3,2.651551021153896e-14,1.12.6,lbt,1,1,Intel(R) Core(TM) 7 150U,NT,6407b28
degen-r5-m1-d0.01-p4,100,AGD-SDAJ,1e-7*n,9.999999999999999e-6,3,25,0.0285219,0.0281773,98.79180559499893,0.0,1.18e-5,0.0,0.0,0.0,0.0,0.00033280000000000045,0.2323058369051118,2.1284549001681736e-5,-9.252972887338471e-15,1.5741518424317036e-6,1.5741518424317036e-6,5.259653972786409e-6,1.5741518424317036e-6,NaN,diag_feasible,0,0,6,6,0,0,3,2.651551021153896e-14,1.12.6,lbt,1,1,Intel(R) Core(TM) 7 150U,NT,6407b28
degen-r5-m1-d0.01-p4,100,Dykstra-APM,1e-7*n,9.999999999999999e-6,165,165,0.2469688,0.2155431,87.27543722121985,0.0,0.0,0.0,0.0,0.0219729,0.0,0.0094528,0.23228325901496857,4.4401107773881695e-5,-9.849640087555915e-15,1.2977650885037662e-6,1.2977650885037662e-6,9.873597557125518e-6,1.2977650885037662e-6,NaN,diag_feasible,0,0,0,0,0,0,165,2.651551021153896e-14,1.12.6,lbt,1,1,Intel(R) Core(TM) 7 150U,NT,6407b28
degen-r5-m1-d0.01-p4,100,Anderson-APM,1e-7*n,9.999999999999999e-6,27,27,0.0320032,0.0267917,83.7156909309069,0.0,0.0,0.0,0.0,0.0,0.0043331,0.0008784000000000005,0.23231345657483454,3.321159895368783e-5,-9.153787520696776e-15,2.7418093898612383e-6,2.7418093898612383e-6,9.337937706726356e-6,2.7418093898612383e-6,NaN,diag_feasible,0,0,0,0,0,0,27,2.651551021153896e-14,1.12.6,lbt,1,1,Intel(R) Core(TM) 7 150U,NT,6407b28
degen-r5-m1-d0.0001-p0,100,SBB-Dual,1e-7*n,9.999999999999999e-6,81,82,0.0964545,0.095262,98.76366576987077,7.69e-5,4.38e-5,3.53e-5,0.0,0.0,0.0,0.001036499999999999,0.23066358437666246,8.660433009737284e-6,-9.456514590174227e-15,1.3352881460537702e-6,0.0,9.382570459641648e-6,1.3352881460537702e-6,100.0,diag_feasible,0,0,0,0,0,0,81,2.3142491760543995e-14,1.12.6,lbt,1,1,Intel(R) Core(TM) 7 150U,NT,6407b28
degen-r5-m1-d0.0001-p0,100,Newton-SIN-BH,1e-7*n,9.999999999999999e-6,2,3,0.006803,0.0059723,87.78921064236366,0.0,3.7e-6,0.0,0.0006486,0.0,0.0,0.0001784000000000001,0.23066215865649606,2.1617524078610617e-5,-8.770212968420165e-15,5.723800021062431e-6,5.723800021062431e-6,6.735623384350351e-6,5.723800021062431e-6,NaN,converged,8,8,0,0,0,0,2,2.3142491760543995e-14,1.12.6,lbt,1,1,Intel(R) Core(TM) 7 150U,NT,6407b28
degen-r5-m1-d0.0001-p0,100,Newton-SIN,1e-7*n,9.999999999999999e-6,2,5,0.006463,0.0059384,91.8830264583011,0.0,3.1e-6,0.0,0.0004189,0.0,0.0,0.00010260000000000005,0.23066215865649606,2.1617524078610617e-5,-8.770212968420165e-15,5.723800021062431e-6,5.723800021062431e-6,6.735623384350351e-6,5.723800021062431e-6,NaN,converged,8,8,0,0,0,0,2,2.3142491760543995e-14,1.12.6,lbt,1,1,Intel(R) Core(TM) 7 150U,NT,6407b28
degen-r5-m1-d0.0001-p0,100,AGD-SDAJ-BH,1e-7*n,9.999999999999999e-6,5,39,0.0476315,0.0470935,98.87049536546195,0.0,1.94e-5,0.0,0.0,0.0,0.0,0.0005185999999999968,0.2306516965281396,1.4720556898230474e-5,-8.349949498639455e-15,9.39991927628725e-7,9.39991927628725e-7,3.6178874992488936e-6,9.39991927628725e-7,NaN,diag_feasible_at_xpre,0,0,12,12,0,0,5,2.3142491760543995e-14,1.12.6,lbt,1,1,Intel(R) Core(TM) 7 150U,NT,6407b28
degen-r5-m1-d0.0001-p0,100,AGD-SDAJ,1e-7*n,9.999999999999999e-6,5,39,0.0438449,0.0433238,98.81149232864028,0.0,1.83e-5,0.0,0.0,0.0,0.0,0.0005027999999999966,0.2306516965281396,1.4720556898230474e-5,-8.349949498639455e-15,9.39991927628725e-7,9.39991927628725e-7,3.6178874992488936e-6,9.39991927628725e-7,NaN,diag_feasible_at_xpre,0,0,12,12,0,0,5,2.3142491760543995e-14,1.12.6,lbt,1,1,Intel(R) Core(TM) 7 150U,NT,6407b28
degen-r5-m1-d0.0001-p0,100,Dykstra-APM,1e-7*n,9.999999999999999e-6,165,165,0.223301,0.1849668,82.83294745657206,0.0,0.0,0.0,0.0,0.0303271,0.0,0.008007100000000014,0.23062487354304734,4.346994617672198e-5,-9.737306796643509e-15,1.37020113144537e-6,1.37020113144537e-6,9.631453384165677e-6,1.37020113144537e-6,NaN,diag_feasible,0,0,0,0,0,0,165,2.3142491760543995e-14,1.12.6,lbt,1,1,Intel(R) Core(TM) 7 150U,NT,6407b28
degen-r5-m1-d0.0001-p0,100,Anderson-APM,1e-7*n,9.999999999999999e-6,22,22,0.0276497,0.0234744,84.89929366322238,0.0,0.0,0.0,0.0,0.0,0.0033658,0.0008094999999999999,0.23064656297998154,2.2622264155288373e-5,-1.2383972793800324e-14,1.910924934733771e-6,1.910924934733771e-6,5.857782372248403e-6,1.910924934733771e-6,NaN,diag_feasible,0,0,0,0,0,0,22,2.3142491760543995e-14,1.12.6,lbt,1,1,Intel(R) Core(TM) 7 150U,NT,6407b28
degen-r5-m1-d0.0001-p1,100,SBB-Dual,1e-7*n,9.999999999999999e-6,82,83,0.0946012,0.0934185,98.74980444222696,7.77e-5,4.27e-5,3.44e-5,0.0,0.0,0.0,0.001027899999999995,0.22536116001305703,8.03891715569134e-6,-1.3132533274134609e-14,1.2784711558300188e-6,0.0,9.08311625648674e-6,1.2784711558300188e-6,100.0,diag_feasible,0,0,0,0,0,0,82,2.099642794625088e-14,1.12.6,lbt,1,1,Intel(R) Core(TM) 7 150U,NT,6407b28
degen-r5-m1-d0.0001-p1,100,Newton-SIN-BH,1e-7*n,9.999999999999999e-6,2,3,0.0058492,0.0050274000000000004,85.95021541407374,0.0,3.1e-6,0.0,0.0006514,0.0,0.0,0.00016729999999999924,0.22536053927777402,2.3942063030339844e-5,-1.0125603819078717e-14,5.124279522039643e-6,5.124279522039643e-6,7.4472342385570634e-6,5.124279522039643e-6,NaN,converged,9,9,0,0,0,0,2,2.099642794625088e-14,1.12.6,lbt,1,1,Intel(R) Core(TM) 7 150U,NT,6407b28
degen-r5-m1-d0.0001-p1,100,Newton-SIN,1e-7*n,9.999999999999999e-6,2,5,0.0100105,0.009194099999999998,91.84456320863092,0.0,3.6e-6,0.0,0.0006699,0.0,0.0,0.0001429000000000019,0.22536053927777402,2.3942063030339844e-5,-1.0125603819078717e-14,5.124279522039643e-6,5.124279522039643e-6,7.4472342385570634e-6,5.124279522039643e-6,NaN,converged,9,9,0,0,0,0,2,2.099642794625088e-14,1.12.6,lbt,1,1,Intel(R) Core(TM) 7 150U,NT,6407b28
degen-r5-m1-d0.0001-p1,100,AGD-SDAJ-BH,1e-7*n,9.999999999999999e-6,2,14,0.0159683,0.015761400000000002,98.70430791004678,0.0,6.1e-6,0.0,0.0,0.0,0.0,0.00020079999999999943,0.22536889948808794,3.309634472210007e-5,-1.122469515141347e-14,3.1414593495426857e-6,3.1414593495426857e-6,9.857079667147527e-6,3.1414593495426857e-6,NaN,diag_feasible,0,0,1,1,0,0,2,2.099642794625088e-14,1.12.6,lbt,1,1,Intel(R) Core(TM) 7 150U,NT,6407b28
degen-r5-m1-d0.0001-p1,100,AGD-SDAJ,1e-7*n,9.999999999999999e-6,2,14,0.0196049,0.0193346,98.62126305158404,0.0,8.8e-6,0.0,0.0,0.0,0.0,0.0002615000000000011,0.22536889948808794,3.309634472210007e-5,-1.122469515141347e-14,3.1414593495426857e-6,3.1414593495426857e-6,9.857079667147527e-6,3.1414593495426857e-6,NaN,diag_feasible,0,0,1,1,0,0,2,2.099642794625088e-14,1.12.6,lbt,1,1,Intel(R) Core(TM) 7 150U,NT,6407b28
degen-r5-m1-d0.0001-p1,100,Dykstra-APM,1e-7*n,9.999999999999999e-6,166,166,0.2441897,0.1987148,81.37722434648144,0.0,0.0,0.0,0.0,0.0363953,0.0,0.009079600000000014,0.22532056357674804,4.4152480597415536e-5,-9.730633691910655e-15,1.3802849621047386e-6,1.3802849621047386e-6,9.807706802411215e-6,1.3802849621047386e-6,NaN,diag_feasible,0,0,0,0,0,0,166,2.099642794625088e-14,1.12.6,lbt,1,1,Intel(R) Core(TM) 7 150U,NT,6407b28
degen-r5-m1-d0.0001-p1,100,Anderson-APM,1e-7*n,9.999999999999999e-6,27,27,0.0488187,0.0412585,84.51372117651637,0.0,0.0,0.0,0.0,0.0,0.0064194,0.0011408000000000034,0.22539953809636773,4.3377018862848324e-5,-1.3362266488958748e-14,2.232136010582586e-6,2.232136010582586e-6,9.723292530951572e-6,2.232136010582586e-6,NaN,diag_feasible,0,0,0,0,0,0,27,2.099642794625088e-14,1.12.6,lbt,1,1,Intel(R) Core(TM) 7 150U,NT,6407b28
degen-r5-m1-d0.0001-p2,100,SBB-Dual,1e-7*n,9.999999999999999e-6,76,77,0.0891192,0.0880342,98.7825294661532,6.97e-5,4.41e-5,3.64e-5,0.0,0.0,0.0,0.0009347999999999887,0.23643971550203188,8.38544876750008e-6,-1.1320052702108296e-14,1.4496235996031004e-6,0.0,9.988918756286189e-6,1.4496235996031004e-6,100.0,diag_feasible,0,0,0,0,0,0,76,1.5761648244596702e-14,1.12.6,lbt,1,1,Intel(R) Core(TM) 7 150U,NT,6407b28
degen-r5-m1-d0.0001-p2,100,Newton-SIN-BH,1e-7*n,9.999999999999999e-6,2,3,0.0042122,0.0035861,85.13603342671287,0.0,2.4e-6,0.0,0.0004931,0.0,0.0,0.00013060000000000014,0.23643957136740032,2.2064251449247663e-6,-1.0009864530645675e-14,6.833305012943214e-7,6.833305012943214e-7,7.131717633897975e-7,6.833305012943214e-7,NaN,converged,9,9,0,0,0,0,2,1.5761648244596702e-14,1.12.6,lbt,1,1,Intel(R) Core(TM) 7 150U,NT,6407b28
degen-r5-m1-d0.0001-p2,100,Newton-SIN,1e-7*n,9.999999999999999e-6,2,5,0.0095518,0.008795599999999999,92.08316757051027,0.0,3.6e-6,0.0,0.0006111,0.0,0.0,0.00014150000000000035,0.23643957136740032,2.2064251449247663e-6,-1.0009864530645675e-14,6.833305012943214e-7,6.833305012943214e-7,7.131717633897975e-7,6.833305012943214e-7,NaN,converged,9,9,0,0,0,0,2,1.5761648244596702e-14,1.12.6,lbt,1,1,Intel(R) Core(TM) 7 150U,NT,6407b28
degen-r5-m1-d0.0001-p2,100,AGD-SDAJ-BH,1e-7*n,9.999999999999999e-6,4,30,0.0343046,0.033871000000000005,98.73602957037835,0.0,1.56e-5,0.0,0.0,0.0,0.0,0.0004179999999999923,0.23642338714762756,2.0659896272036687e-5,-1.0051978653900257e-14,2.1289944837077357e-6,2.1289944837077357e-6,5.133051829878944e-6,2.1289944837077357e-6,NaN,diag_feasible_at_xpre,0,0,9,9,0,0,4,1.5761648244596702e-14,1.12.6,lbt,1,1,Intel(R) Core(TM) 7 150U,NT,6407b28
degen-r5-m1-d0.0001-p2,100,AGD-SDAJ,1e-7*n,9.999999999999999e-6,4,30,0.0378528,0.037384,98.76151830247696,0.0,1.71e-5,0.0,0.0,0.0,0.0,0.0004516999999999984,0.23642338714762756,2.0659896272036687e-5,-1.0051978653900257e-14,2.1289944837077357e-6,2.1289944837077357e-6,5.133051829878944e-6,2.1289944837077357e-6,NaN,diag_feasible_at_xpre,0,0,9,9,0,0,4,1.5761648244596702e-14,1.12.6,lbt,1,1,Intel(R) Core(TM) 7 150U,NT,6407b28
degen-r5-m1-d0.0001-p2,100,Dykstra-APM,1e-7*n,9.999999999999999e-6,156,156,0.2352296,0.1924668,81.8208252702891,0.0,0.0,0.0,0.0,0.0344839,0.0,0.00827890000000002,0.23640125529088685,4.3914269854974846e-5,-9.05992869037968e-15,1.4147884725979054e-6,1.4147884725979054e-6,9.768072059600918e-6,1.4147884725979054e-6,NaN,diag_feasible,0,0,0,0,0,0,156,1.5761648244596702e-14,1.12.6,lbt,1,1,Intel(R) Core(TM) 7 150U,NT,6407b28
degen-r5-m1-d0.0001-p2,100,Anderson-APM,1e-7*n,9.999999999999999e-6,17,17,0.0236725,0.0201853,85.2689829971486,0.0,0.0,0.0,0.0,0.0,0.0026892,0.0007979999999999992,0.23644361498221889,2.9516086294104444e-5,-7.658313653846998e-15,5.344451054267729e-6,5.344451054267729e-6,9.044922192839258e-6,5.344451054267729e-6,NaN,diag_feasible,0,0,0,0,0,0,17,1.5761648244596702e-14,1.12.6,lbt,1,1,Intel(R) Core(TM) 7 150U,NT,6407b28
degen-r5-m1-d0.0001-p3,100,SBB-Dual,1e-7*n,9.999999999999999e-6,78,79,0.0848206,0.0837036,98.68310292546857,6.81e-5,3.75e-5,3.44e-5,0.0,0.0,0.0,0.000976999999999993,0.2363008709076422,1.0541018146826025e-5,-8.358936282572812e-15,1.4242440735667827e-6,0.0,9.215391010957134e-6,1.4242440735667827e-6,100.0,diag_feasible,0,0,0,0,0,0,78,2.1388151939021714e-14,1.12.6,lbt,1,1,Intel(R) Core(TM) 7 150U,NT,6407b28
degen-r5-m1-d0.0001-p3,100,Newton-SIN-BH,1e-7*n,9.999999999999999e-6,2,3,0.0038953,0.0032805,84.21687674890252,0.0,2.3e-6,0.0,0.0004859,0.0,0.0,0.0001266,0.23630038532218953,2.930745622471301e-6,-9.561855024706229e-15,5.013049075852649e-7,5.013049075852649e-7,8.885670698828299e-7,5.013049075852649e-7,NaN,converged,9,9,0,0,0,0,2,2.1388151939021714e-14,1.12.6,lbt,1,1,Intel(R) Core(TM) 7 150U,NT,6407b28
degen-r5-m1-d0.0001-p3,100,Newton-SIN,1e-7*n,9.999999999999999e-6,2,5,0.0062956,0.0057139,90.76021348243216,0.0,3.1e-6,0.0,0.0004638,0.0,0.0,0.00011480000000000008,0.23630038532218953,2.930745622471301e-6,-9.561855024706229e-15,5.013049075852649e-7,5.013049075852649e-7,8.885670698828299e-7,5.013049075852649e-7,NaN,converged,9,9,0,0,0,0,2,2.1388151939021714e-14,1.12.6,lbt,1,1,Intel(R) Core(TM) 7 150U,NT,6407b28
degen-r5-m1-d0.0001-p3,100,AGD-SDAJ-BH,1e-7*n,9.999999999999999e-6,4,29,0.0314155,0.0310159,98.72801642501312,0.0,1.41e-5,0.0,0.0,0.0,0.0,0.00038549999999999994,0.23628600410544445,1.920072414847669e-5,-1.1254120766276763e-14,2.7585007569275177e-6,2.7585007569275177e-6,4.919660195355435e-6,2.7585007569275177e-6,NaN,diag_feasible_at_xpre,0,0,8,8,0,0,4,2.1388151939021714e-14,1.12.6,lbt,1,1,Intel(R) Core(TM) 7 150U,NT,6407b28
degen-r5-m1-d0.0001-p3,100,AGD-SDAJ,1e-7*n,9.999999999999999e-6,4,29,0.0312748,0.030890900000000002,98.77249414864364,0.0,1.21e-5,0.0,0.0,0.0,0.0,0.000371799999999996,0.23628600410544445,1.920072414847669e-5,-1.1254120766276763e-14,2.7585007569275177e-6,2.7585007569275177e-6,4.919660195355435e-6,2.7585007569275177e-6,NaN,diag_feasible_at_xpre,0,0,8,8,0,0,4,2.1388151939021714e-14,1.12.6,lbt,1,1,Intel(R) Core(TM) 7 150U,NT,6407b28
degen-r5-m1-d0.0001-p3,100,Dykstra-APM,1e-7*n,9.999999999999999e-6,158,158,0.2077813,0.1715694,82.57210826960849,0.0,0.0,0.0,0.0,0.0294303,0.0,0.006781599999999992,0.23626187499220172,4.506226393987902e-5,-8.072230495653608e-15,1.5433405136100475e-6,1.5433405136100475e-6,9.965007669096966e-6,1.5433405136100475e-6,NaN,diag_feasible,0,0,0,0,0,0,158,2.1388151939021714e-14,1.12.6,lbt,1,1,Intel(R) Core(TM) 7 150U,NT,6407b28
degen-r5-m1-d0.0001-p3,100,Anderson-APM,1e-7*n,9.999999999999999e-6,37,37,0.0444151,0.0374215,84.25400370594687,0.0,0.0,0.0,0.0,0.0,0.0060042,0.0009893999999999953,0.2363299080859122,3.8136122963285525e-5,-9.077851005270218e-15,2.874657434981387e-6,2.874657434981387e-6,8.844591859348717e-6,2.874657434981387e-6,NaN,diag_feasible,0,0,0,0,0,0,37,2.1388151939021714e-14,1.12.6,lbt,1,1,Intel(R) Core(TM) 7 150U,NT,6407b28
degen-r5-m1-d0.0001-p4,100,SBB-Dual,1e-7*n,9.999999999999999e-6,78,79,0.0786779,0.0776273,98.66468220427845,5.85e-5,3.47e-5,3.36e-5,0.0,0.0,0.0,0.0009237999999999988,0.2357813161676917,7.163846466255919e-6,-9.66450294416361e-15,1.2533719160323642e-6,0.0,9.364683141605026e-6,1.2533719160323642e-6,100.0,diag_feasible,0,0,0,0,0,0,78,3.28599758965911e-14,1.12.6,lbt,1,1,Intel(R) Core(TM) 7 150U,NT,6407b28
degen-r5-m1-d0.0001-p4,100,Newton-SIN-BH,1e-7*n,9.999999999999999e-6,2,3,0.0042953,0.0036885,85.87293087793635,0.0,2.8e-6,0.0,0.0004765,0.0,0.0,0.00012750000000000028,0.23578027006361937,8.18392941665955e-6,-1.0499587212026284e-14,1.5720569807031737e-6,1.5720569807031737e-6,2.640526072461683e-6,1.5720569807031737e-6,NaN,converged,8,8,0,0,0,0,2,3.28599758965911e-14,1.12.6,lbt,1,1,Intel(R) Core(TM) 7 150U,NT,6407b28
degen-r5-m1-d0.0001-p4,100,Newton-SIN,1e-7*n,9.999999999999999e-6,2,5,0.0108146,0.0099829,92.30947053057902,0.0,4.4e-6,0.0,0.0006896,0.0,0.0,0.00013770000000000123,0.23578027006361937,8.18392941665955e-6,-1.0499587212026284e-14,1.5720569807031737e-6,1.5720569807031737e-6,2.640526072461683e-6,1.5720569807031737e-6,NaN,converged,8,8,0,0,0,0,2,3.28599758965911e-14,1.12.6,lbt,1,1,Intel(R) Core(TM) 7 150U,NT,6407b28
degen-r5-m1-d0.0001-p4,100,AGD-SDAJ-BH,1e-7*n,9.999999999999999e-6,3,24,0.025157,0.024843300000000002,98.75303096553645,0.0,1.09e-5,0.0,0.0,0.0,0.0,0.0003027999999999966,0.23576454896407495,2.192908533882711e-5,-9.054909064783752e-15,1.6376180969057685e-6,1.6376180969057685e-6,5.4886395977281635e-6,1.6376180969057685e-6,NaN,diag_feasible,0,0,5,5,0,0,3,3.28599758965911e-14,1.12.6,lbt,1,1,Intel(R) Core(TM) 7 150U,NT,6407b28
degen-r5-m1-d0.0001-p4,100,AGD-SDAJ,1e-7*n,9.999999999999999e-6,3,24,0.0339796,0.033556499999999996,98.7548411399781,0.0,1.53e-5,0.0,0.0,0.0,0.0,0.00040780000000000265,0.23576454896407495,2.192908533882711e-5,-9.054909064783752e-15,1.6376180969057685e-6,1.6376180969057685e-6,5.4886395977281635e-6,1.6376180969057685e-6,NaN,diag_feasible,0,0,5,5,0,0,3,3.28599758965911e-14,1.12.6,lbt,1,1,Intel(R) Core(TM) 7 150U,NT,6407b28
degen-r5-m1-d0.0001-p4,100,Dykstra-APM,1e-7*n,9.999999999999999e-6,159,159,0.2240275,0.186769,83.36878285031972,0.0,0.0,0.0,0.0,0.0288895,0.0,0.008369000000000001,0.23574323363355415,4.3310575644892346e-5,-8.24114229882254e-15,1.2908018116597475e-6,1.2908018116597475e-6,9.633850402817058e-6,1.2908018116597475e-6,NaN,diag_feasible,0,0,0,0,0,0,159,3.28599758965911e-14,1.12.6,lbt,1,1,Intel(R) Core(TM) 7 150U,NT,6407b28
degen-r5-m1-d0.0001-p4,100,Anderson-APM,1e-7*n,9.999999999999999e-6,32,32,0.0369938,0.0310928,84.04867842719591,0.0,0.0,0.0,0.0,0.0,0.0049394,0.0009616,0.2357874181001254,3.170402292690943e-5,-8.078760606928852e-15,2.2849739789165824e-6,2.2849739789165824e-6,9.227296548741589e-6,2.2849739789165824e-6,NaN,diag_feasible,0,0,0,0,0,0,32,3.28599758965911e-14,1.12.6,lbt,1,1,Intel(R) Core(TM) 7 150U,NT,6407b28
degen-r5-m1-d1e-06-p0,100,SBB-Dual,1e-7*n,9.999999999999999e-6,80,81,0.0806025,0.079505,98.63837970286284,6.43e-5,3.43e-5,3.51e-5,0.0,0.0,0.0,0.0009637999999999874,0.23069039524422585,1.0390199186342994e-5,-8.699759592642145e-15,1.4416720037768727e-6,0.0,9.921663660796302e-6,1.4416720037768727e-6,100.0,diag_feasible,0,0,0,0,0,0,80,2.275415563824572e-14,1.12.6,lbt,1,1,Intel(R) Core(TM) 7 150U,NT,6407b28
degen-r5-m1-d1e-06-p0,100,Newton-SIN-BH,1e-7*n,9.999999999999999e-6,3,4,0.0080947,0.0068828000000000005,85.02847542218983,0.0,5.1e-6,0.0,0.0010047,0.0,0.0,0.0002020999999999991,0.23069033833396496,4.279672837424501e-7,-1.1740747401810408e-14,1.3226619599571166e-7,1.3226619599571166e-7,1.3340855102340758e-7,1.3226619599571166e-7,NaN,converged,14,14,0,0,0,0,3,2.275415563824572e-14,1.12.6,lbt,1,1,Intel(R) Core(TM) 7 150U,NT,6407b28
degen-r5-m1-d1e-06-p0,100,Newton-SIN,1e-7*n,9.999999999999999e-6,3,7,0.0109158,0.010034999999999999,91.93096245808826,0.0,4.1e-6,0.0,0.0007529,0.0,0.0,0.00012380000000000095,0.23069033833396496,4.279672837424501e-7,-1.1740747401810408e-14,1.3226619599571166e-7,1.3226619599571166e-7,1.3340855102340758e-7,1.3226619599571166e-7,NaN,converged,14,14,0,0,0,0,3,2.275415563824572e-14,1.12.6,lbt,1,1,Intel(R) Core(TM) 7 150U,NT,6407b28
degen-r5-m1-d1e-06-p0,100,AGD-SDAJ-BH,1e-7*n,9.999999999999999e-6,5,39,0.0515499,0.050870399999999996,98.68185971262795,0.0,2.14e-5,0.0,0.0,0.0,0.0,0.0006581000000000065,0.23066396295446628,3.255849199250554e-5,-9.450504111768098e-15,2.8550337094479517e-6,2.8550337094479517e-6,8.003247482803886e-6,2.8550337094479517e-6,NaN,diag_feasible_at_xpre,0,0,12,12,0,0,5,2.275415563824572e-14,1.12.6,lbt,1,1,Intel(R) Core(TM) 7 150U,NT,6407b28
degen-r5-m1-d1e-06-p0,100,AGD-SDAJ,1e-7*n,9.999999999999999e-6,5,39,0.0415467,0.0410308,98.75826479600066,0.0,1.88e-5,0.0,0.0,0.0,0.0,0.0004970999999999997,0.23066396295446628,3.255849199250554e-5,-9.450504111768098e-15,2.8550337094479517e-6,2.8550337094479517e-6,8.003247482803886e-6,2.8550337094479517e-6,NaN,diag_feasible_at_xpre,0,0,12,12,0,0,5,2.275415563824572e-14,1.12.6,lbt,1,1,Intel(R) Core(TM) 7 150U,NT,6407b28
degen-r5-m1-d1e-06-p0,100,Dykstra-APM,1e-7*n,9.999999999999999e-6,164,164,0.2192035,0.1812679,82.69388946800576,0.0,0.0,0.0,0.0,0.0299194,0.0,0.008016199999999987,0.23065170987043443,4.3118687491576305e-5,-1.1076422674285906e-14,1.4038611648725663e-6,1.4038611648725663e-6,9.672641188620947e-6,1.4038611648725663e-6,NaN,diag_feasible,0,0,0,0,0,0,164,2.275415563824572e-14,1.12.6,lbt,1,1,Intel(R) Core(TM) 7 150U,NT,6407b28
degen-r5-m1-d1e-06-p0,100,Anderson-APM,1e-7*n,9.999999999999999e-6,25,25,0.0319196,0.0270072,84.61008283311821,0.0,0.0,0.0,0.0,0.0,0.0041109,0.000801500000000001,0.23067065269046994,2.3944296550508684e-5,-1.0284308831762543e-14,1.1734595777301848e-6,1.1734595777301848e-6,5.8100096254099715e-6,1.1734595777301848e-6,NaN,diag_feasible,0,0,0,0,0,0,25,2.275415563824572e-14,1.12.6,lbt,1,1,Intel(R) Core(TM) 7 150U,NT,6407b28
degen-r5-m1-d1e-06-p1,100,SBB-Dual,1e-7*n,9.999999999999999e-6,81,82,0.0873119,0.0862146,98.74324118476406,6.68e-5,3.9e-5,3.4e-5,0.0,0.0,0.0,0.0009574999999999955,0.22537795044174339,9.447232808061564e-6,-9.701921626073188e-15,1.4015789677745971e-6,0.0,9.790676627500824e-6,1.4015789677745971e-6,100.0,diag_feasible,0,0,0,0,0,0,81,1.6842123535503894e-14,1.12.6,lbt,1,1,Intel(R) Core(TM) 7 150U,NT,6407b28
degen-r5-m1-d1e-06-p1,100,Newton-SIN-BH,1e-7*n,9.999999999999999e-6,3,4,0.006218,0.0051624,83.02348021871985,0.0,3.5e-6,0.0,0.0008667,0.0,0.0,0.0001853999999999994,0.22537792728245254,3.556221550900924e-7,-1.0926876670381731e-14,1.101711826212437e-7,1.101711826212437e-7,1.1076241203963873e-7,1.101711826212437e-7,NaN,converged,15,15,0,0,0,0,3,1.6842123535503894e-14,1.12.6,lbt,1,1,Intel(R) Core(TM) 7 150U,NT,6407b28
degen-r5-m1-d1e-06-p1,100,Newton-SIN,1e-7*n,9.999999999999999e-6,3,7,0.0127374,0.011453999999999999,89.92416034669556,0.0,5.8e-6,0.0,0.0011156,0.0,0.0,0.00016200000000000047,0.22537792728245254,3.556221550900924e-7,-1.0926876670381731e-14,1.101711826212437e-7,1.101711826212437e-7,1.1076241203963873e-7,1.101711826212437e-7,NaN,converged,15,15,0,0,0,0,3,1.6842123535503894e-14,1.12.6,lbt,1,1,Intel(R) Core(TM) 7 150U,NT,6407b28
degen-r5-m1-d1e-06-p1,100,AGD-SDAJ-BH,1e-7*n,9.999999999999999e-6,3,16,0.0176348,0.0174006,98.67194411050878,0.0,9.1e-6,0.0,0.0,0.0,0.0,0.00022510000000000038,0.22537925766465497,5.250581172161769e-6,-8.103328769135549e-15,6.149740395811065e-7,6.149740395811065e-7,1.6033024472469267e-6,6.149740395811065e-7,NaN,diag_feasible_at_xpre,0,0,1,1,0,0,3,1.6842123535503894e-14,1.12.6,lbt,1,1,Intel(R) Core(TM) 7 150U,NT,6407b28
degen-r5-m1-d1e-06-p1,100,AGD-SDAJ,1e-7*n,9.999999999999999e-6,3,16,0.0221727,0.021882699999999998,98.69208531211804,0.0,9.4e-6,0.0,0.0,0.0,0.0,0.00028060000000000205,0.22537925766465497,5.250581172161769e-6,-8.103328769135549e-15,6.149740395811065e-7,6.149740395811065e-7,1.6033024472469267e-6,6.149740395811065e-7,NaN,diag_feasible_at_xpre,0,0,1,1,0,0,3,1.6842123535503894e-14,1.12.6,lbt,1,1,Intel(R) Core(TM) 7 150U,NT,6407b28
degen-r5-m1-d1e-06-p1,100,Dykstra-APM,1e-7*n,9.999999999999999e-6,166,166,0.2142185,0.178987,83.55347460653492,0.0,0.0,0.0,0.0,0.0282987,0.0,0.006932799999999999,0.22533845476402797,4.2629292698461844e-5,-9.166548110005323e-15,1.3643015870368203e-6,1.3643015870368203e-6,9.538664361652918e-6,1.3643015870368203e-6,NaN,diag_feasible,0,0,0,0,0,0,166,1.6842123535503894e-14,1.12.6,lbt,1,1,Intel(R) Core(TM) 7 150U,NT,6407b28
degen-r5-m1-d1e-06-p1,100,Anderson-APM,1e-7*n,9.999999999999999e-6,27,27,0.0418167,0.0353695,84.58223628359005,0.0,0.0,0.0,0.0,0.0,0.0053744,0.0010728000000000005,0.22537910060703323,3.233823037733709e-5,-9.048548555073117e-15,4.15337483838929e-6,4.15337483838929e-6,9.038526178231225e-6,4.15337483838929e-6,NaN,diag_feasible,0,0,0,0,0,0,27,1.6842123535503894e-14,1.12.6,lbt,1,1,Intel(R) Core(TM) 7 150U,NT,6407b28
degen-r5-m1-d1e-06-p2,100,SBB-Dual,1e-7*n,9.999999999999999e-6,75,76,0.0754149,0.0744148,98.67386948732943,5.62e-5,3.17e-5,3.09e-5,0.0,0.0,0.0,0.0008813000000000038,0.2364771427006333,1.2699945975969776e-5,-9.13793256154986e-15,1.4296215411491175e-6,0.0,9.449066998996006e-6,1.4296215411491175e-6,100.0,diag_feasible,0,0,0,0,0,0,75,2.5224061883758496e-14,1.12.6,lbt,1,1,Intel(R) Core(TM) 7 150U,NT,6407b28
degen-r5-m1-d1e-06-p2,100,Newton-SIN-BH,1e-7*n,9.999999999999999e-6,2,3,0.0062122,0.0053751,86.52490261099126,0.0,3.6e-6,0.0,0.000629,0.0,0.0,0.00020450000000000036,0.2364769074407163,2.244056481200506e-6,-1.02066852651301e-14,7.351463338078901e-7,7.351463338078901e-7,7.636832190728968e-7,7.351463338078901e-7,NaN,converged,9,9,0,0,0,0,2,2.5224061883758496e-14,1.12.6,lbt,1,1,Intel(R) Core(TM) 7 150U,NT,6407b28
degen-r5-m1-d1e-06-p2,100,Newton-SIN,1e-7*n,9.999999999999999e-6,2,5,0.0112072,0.010247699999999998,91.43853951031477,0.0,5.7e-6,0.0,0.0007893,0.0,0.0,0.000164500000000002,0.2364769074407163,2.244056481200506e-6,-1.02066852651301e-14,7.351463338078901e-7,7.351463338078901e-7,7.636832190728968e-7,7.351463338078901e-7,NaN,converged,9,9,0,0,0,0,2,2.5224061883758496e-14,1.12.6,lbt,1,1,Intel(R) Core(TM) 7 150U,NT,6407b28
degen-r5-m1-d1e-06-p2,100,AGD-SDAJ-BH,1e-7*n,9.999999999999999e-6,3,27,0.0296576,0.029290399999999998,98.7618687958567,0.0,1.27e-5,0.0,0.0,0.0,0.0,0.00035450000000000157,0.23645571618349245,2.4973088794122974e-5,-8.501884348364532e-15,5.3124307153318284e-6,5.3124307153318284e-6,7.806762266220416e-6,5.3124307153318284e-6,NaN,diag_feasible,0,0,8,8,0,0,3,2.5224061883758496e-14,1.12.6,lbt,1,1,Intel(R) Core(TM) 7 150U,NT,6407b28
degen-r5-m1-d1e-06-p2,100,AGD-SDAJ,1e-7*n,9.999999999999999e-6,3,27,0.0317017,0.0313037,98.74454682241014,0.0,1.46e-5,0.0,0.0,0.0,0.0,0.00038340000000000254,0.23645571618349245,2.4973088794122974e-5,-8.501884348364532e-15,5.3124307153318284e-6,5.3124307153318284e-6,7.806762266220416e-6,5.3124307153318284e-6,NaN,diag_feasible,0,0,8,8,0,0,3,2.5224061883758496e-14,1.12.6,lbt,1,1,Intel(R) Core(TM) 7 150U,NT,6407b28
degen-r5-m1-d1e-06-p2,100,Dykstra-APM,1e-7*n,9.999999999999999e-6,153,153,0.2111446,0.1729065,81.89008859331473,0.0,0.0,0.0,0.0,0.0308205,0.0,0.007417599999999996,0.236439635620735,4.1979581472003094e-5,-1.0709082868703847e-14,1.4755625772355785e-6,1.4755625772355785e-6,9.775161065187609e-6,1.4755625772355785e-6,NaN,diag_feasible,0,0,0,0,0,0,153,2.5224061883758496e-14,1.12.6,lbt,1,1,Intel(R) Core(TM) 7 150U,NT,6407b28
degen-r5-m1-d1e-06-p2,100,Anderson-APM,1e-7*n,9.999999999999999e-6,17,17,0.0346706,0.0293715,84.71586877642729,0.0,0.0,0.0,0.0,0.0,0.00437,0.0009291000000000047,0.23647511719239445,2.4498493709602048e-5,-8.07021254798705e-15,3.7020680606625334e-6,3.7020680606625334e-6,7.629741185066627e-6,3.7020680606625334e-6,NaN,diag_feasible,0,0,0,0,0,0,17,2.5224061883758496e-14,1.12.6,lbt,1,1,Intel(R) Core(TM) 7 150U,NT,6407b28
degen-r5-m1-d1e-06-p3,100,SBB-Dual,1e-7*n,9.999999999999999e-6,76,77,0.0766347,0.0756442,98.70750456385944,5.87e-5,3.09e-5,3.42e-5,0.0,0.0,0.0,0.0008667000000000053,0.23633802606048795,1.402290736537201e-5,-8.562088278827546e-15,1.6582779716056706e-6,0.0,9.909246794411514e-6,1.6582779716056706e-6,100.0,diag_feasible,0,0,0,0,0,0,76,1.550938252588375e-14,1.12.6,lbt,1,1,Intel(R) Core(TM) 7 150U,NT,6407b28
degen-r5-m1-d1e-06-p3,100,Newton-SIN-BH,1e-7*n,9.999999999999999e-6,2,3,0.0037745,0.0031862,84.41382964631077,0.0,2.4e-6,0.0,0.0004578,0.0,0.0,0.00012809999999999997,0.2363375334108991,2.9369834271645104e-6,-1.2926242666782077e-14,5.000990577208597e-7,5.000990577208597e-7,8.895801475995788e-7,5.000990577208597e-7,NaN,converged,9,9,0,0,0,0,2,1.550938252588375e-14,1.12.6,lbt,1,1,Intel(R) Core(TM) 7 150U,NT,6407b28
degen-r5-m1-d1e-06-p3,100,Newton-SIN,1e-7*n,9.999999999999999e-6,2,5,0.008311,0.007574,91.13223438816026,0.0,3.8e-6,0.0,0.0005913,0.0,0.0,0.00014190000000000068,0.2363375334108991,2.9369834271645104e-6,-1.2926242666782077e-14,5.000990577208597e-7,5.000990577208597e-7,8.895801475995788e-7,5.000990577208597e-7,NaN,converged,9,9,0,0,0,0,2,1.550938252588375e-14,1.12.6,lbt,1,1,Intel(R) Core(TM) 7 150U,NT,6407b28
degen-r5-m1-d1e-06-p3,100,AGD-SDAJ-BH,1e-7*n,9.999999999999999e-6,3,25,0.0271728,0.0268192,98.6986986986987,0.0,1.28e-5,0.0,0.0,0.0,0.0,0.00034079999999999907,0.23630918122887692,3.3414095919798473e-5,-1.0276096686246312e-14,3.8035929632584953e-6,3.8035929632584953e-6,9.172505323483662e-6,3.8035929632584953e-6,NaN,diag_feasible,0,0,6,6,0,0,3,1.550938252588375e-14,1.12.6,lbt,1,1,Intel(R) Core(TM) 7 150U,NT,6407b28
degen-r5-m1-d1e-06-p3,100,AGD-SDAJ,1e-7*n,9.999999999999999e-6,3,25,0.0265639,0.026227,98.73173743313293,0.0,1.04e-5,0.0,0.0,0.0,0.0,0.0003265000000000011,0.23630918122887692,3.3414095919798473e-5,-1.0276096686246312e-14,3.8035929632584953e-6,3.8035929632584953e-6,9.172505323483662e-6,3.8035929632584953e-6,NaN,diag_feasible,0,0,6,6,0,0,3,1.550938252588375e-14,1.12.6,lbt,1,1,Intel(R) Core(TM) 7 150U,NT,6407b28
degen-r5-m1-d1e-06-p3,100,Dykstra-APM,1e-7*n,9.999999999999999e-6,156,156,0.2437676,0.1935417,79.39599027926599,0.0,0.0,0.0,0.0,0.0385748,0.0,0.01165109999999999,0.23630126782586502,4.1980257969993865e-5,-9.430546796645222e-15,1.6150469652753685e-6,1.6150469652753685e-6,9.672566541743035e-6,1.6150469652753685e-6,NaN,diag_feasible,0,0,0,0,0,0,156,1.550938252588375e-14,1.12.6,lbt,1,1,Intel(R) Core(TM) 7 150U,NT,6407b28
degen-r5-m1-d1e-06-p3,100,Anderson-APM,1e-7*n,9.999999999999999e-6,37,37,0.053644,0.0444168,82.79919469092536,0.0,0.0,0.0,0.0,0.0,0.0081017,0.001125499999999998,0.23636812111508212,3.9296218866111566e-5,-9.804152686012829e-15,2.929378740024191e-6,2.929378740024191e-6,9.083732660343535e-6,2.929378740024191e-6,NaN,diag_feasible,0,0,0,0,0,0,37,1.550938252588375e-14,1.12.6,lbt,1,1,Intel(R) Core(TM) 7 150U,NT,6407b28
degen-r5-m1-d1e-06-p4,100,SBB-Dual,1e-7*n,9.999999999999999e-6,77,78,0.0932958,0.0921687,98.79190703118469,7.35e-5,4.04e-5,3.43e-5,0.0,0.0,0.0,0.0009788999999999922,0.23581756378538157,1.0726477561455154e-5,-8.419909681172076e-15,1.3008716819307153e-6,0.0,9.158073854012584e-6,1.3008716819307153e-6,100.0,diag_feasible,0,0,0,0,0,0,77,1.532751246406711e-14,1.12.6,lbt,1,1,Intel(R) Core(TM) 7 150U,NT,6407b28
degen-r5-m1-d1e-06-p4,100,Newton-SIN-BH,1e-7*n,9.999999999999999e-6,2,3,0.0084887,0.0073645,86.75651159777117,0.0,5.3e-6,0.0,0.0008215,0.0,0.0,0.00029739999999999975,0.2358161228674958,8.263705532534546e-6,-8.178341962493539e-15,1.5696830133471451e-6,1.5696830133471451e-6,2.73595663275745e-6,1.5696830133471451e-6,NaN,converged,8,8,0,0,0,0,2,1.532751246406711e-14,1.12.6,lbt,1,1,Intel(R) Core(TM) 7 150U,NT,6407b28
degen-r5-m1-d1e-06-p4,100,Newton-SIN,1e-7*n,9.999999999999999e-6,2,5,0.0081667,0.0075739,92.74125411733013,0.0,3.3e-6,0.0,0.0004678,0.0,0.0,0.00012170000000000095,0.2358161228674958,8.263705532534546e-6,-8.178341962493539e-15,1.5696830133471451e-6,1.5696830133471451e-6,2.73595663275745e-6,1.5696830133471451e-6,NaN,converged,8,8,0,0,0,0,2,1.532751246406711e-14,1.12.6,lbt,1,1,Intel(R) Core(TM) 7 150U,NT,6407b28
degen-r5-m1-d1e-06-p4,100,AGD-SDAJ-BH,1e-7*n,9.999999999999999e-6,4,28,0.0357359,0.0353102,98.8087609378804,0.0,1.53e-5,0.0,0.0,0.0,0.0,0.0004104000000000011,0.23580132792718486,2.0698136539684948e-5,-8.541455531973052e-15,1.5013761325288755e-6,1.5013761325288755e-6,5.085149841912026e-6,1.5013761325288755e-6,NaN,diag_feasible_at_xpre,0,0,7,7,0,0,4,1.532751246406711e-14,1.12.6,lbt,1,1,Intel(R) Core(TM) 7 150U,NT,6407b28
degen-r5-m1-d1e-06-p4,100,AGD-SDAJ,1e-7*n,9.999999999999999e-6,4,28,0.0330647,0.0326325,98.69286580552674,0.0,1.29e-5,0.0,0.0,0.0,0.0,0.00041930000000000065,0.23580132792718486,2.0698136539684948e-5,-8.541455531973052e-15,1.5013761325288755e-6,1.5013761325288755e-6,5.085149841912026e-6,1.5013761325288755e-6,NaN,diag_feasible_at_xpre,0,0,7,7,0,0,4,1.532751246406711e-14,1.12.6,lbt,1,1,Intel(R) Core(TM) 7 150U,NT,6407b28
degen-r5-m1-d1e-06-p4,100,Dykstra-APM,1e-7*n,9.999999999999999e-6,156,156,0.2257295,0.1874724,83.05179429361249,0.0,0.0,0.0,0.0,0.0300237,0.0,0.008233399999999988,0.23577895163484636,4.337969556944368e-5,-9.024620903819302e-15,1.417026020522627e-6,1.417026020522627e-6,9.987441031007197e-6,1.417026020522627e-6,NaN,diag_feasible,0,0,0,0,0,0,156,1.532751246406711e-14,1.12.6,lbt,1,1,Intel(R) Core(TM) 7 150U,NT,6407b28
degen-r5-m1-d1e-06-p4,100,Anderson-APM,1e-7*n,9.999999999999999e-6,23,23,0.0290521,0.0247245,85.10400280874704,0.0,0.0,0.0,0.0,0.0,0.0035859,0.000741700000000001,0.2358409281484816,2.9301294567837356e-5,-8.954216353941538e-15,1.5352508072608018e-6,1.5352508072608018e-6,7.313154805666026e-6,1.5352508072608018e-6,NaN,diag_feasible,0,0,0,0,0,0,23,1.532751246406711e-14,1.12.6,lbt,1,1,Intel(R) Core(TM) 7 150U,NT,6407b28
degen-r5-m1-d1e-08-p0,100,SBB-Dual,1e-7*n,9.999999999999999e-6,80,81,0.0805897,0.0795724,98.73767987720515,6.07e-5,3.62e-5,3.49e-5,0.0,0.0,0.0,0.0008854999999999987,0.2306906634817436,1.0615151303616179e-5,-9.118036605088156e-15,1.441662748069561e-6,0.0,9.921594025566499e-6,1.441662748069561e-6,100.0,diag_feasible,0,0,0,0,0,0,80,8.076435652003053e-14,1.12.6,lbt,1,1,Intel(R) Core(TM) 7 150U,NT,6407b28
degen-r5-m1-d1e-08-p0,100,Newton-SIN-BH,1e-7*n,9.999999999999999e-6,3,4,0.0107012,0.0092693,86.61925765334729,0.0,5.3e-6,0.0,0.0011764,0.0,0.0,0.0002501999999999999,0.2306906643435441,2.1016997514027633e-8,-1.1118118479146631e-14,1.192572263164493e-8,1.192572263164493e-8,1.198761654334319e-8,1.192572263164493e-8,NaN,converged,14,14,0,0,0,0,3,8.076435652003053e-14,1.12.6,lbt,1,1,Intel(R) Core(TM) 7 150U,NT,6407b28
degen-r5-m1-d1e-08-p0,100,Newton-SIN,1e-7*n,9.999999999999999e-6,3,7,0.0085582,0.0078036,91.18272533944052,0.0,4.3e-6,0.0,0.0006463,0.0,0.0,0.00010400000000000014,0.2306906643435441,2.1016997514027633e-8,-1.1118118479146631e-14,1.192572263164493e-8,1.192572263164493e-8,1.198761654334319e-8,1.192572263164493e-8,NaN,converged,14,14,0,0,0,0,3,8.076435652003053e-14,1.12.6,lbt,1,1,Intel(R) Core(TM) 7 150U,NT,6407b28
degen-r5-m1-d1e-08-p0,100,AGD-SDAJ-BH,1e-7*n,9.999999999999999e-6,5,41,0.0443602,0.0438525,98.85550561088543,0.0,1.84e-5,0.0,0.0,0.0,0.0,0.0004892999999999998,0.23066191889824839,3.555190411230745e-5,-9.992056514355914e-15,3.0075691641595625e-6,3.0075691641595625e-6,8.775768770133475e-6,3.0075691641595625e-6,NaN,diag_feasible_at_xpre,0,0,14,14,0,0,5,8.076435652003053e-14,1.12.6,lbt,1,1,Intel(R) Core(TM) 7 150U,NT,6407b28
degen-r5-m1-d1e-08-p0,100,AGD-SDAJ,1e-7*n,9.999999999999999e-6,5,41,0.0487011,0.048155,98.87867009164064,0.0,2.12e-5,0.0,0.0,0.0,0.0,0.0005248999999999938,0.23066191889824839,3.555190411230745e-5,-9.992056514355914e-15,3.0075691641595625e-6,3.0075691641595625e-6,8.775768770133475e-6,3.0075691641595625e-6,NaN,diag_feasible_at_xpre,0,0,14,14,0,0,5,8.076435652003053e-14,1.12.6,lbt,1,1,Intel(R) Core(TM) 7 150U,NT,6407b28
degen-r5-m1-d1e-08-p0,100,Dykstra-APM,1e-7*n,9.999999999999999e-6,164,164,0.2240803,0.1854809,82.77430010581028,0.0,0.0,0.0,0.0,0.031063,0.0,0.007536400000000006,0.23065197841006255,4.311552445245881e-5,-1.336235899685588e-14,1.4038524120962848e-6,1.4038524120962848e-6,9.672575145467127e-6,1.4038524120962848e-6,NaN,diag_feasible,0,0,0,0,0,0,164,8.076435652003053e-14,1.12.6,lbt,1,1,Intel(R) Core(TM) 7 150U,NT,6407b28
degen-r5-m1-d1e-08-p0,100,Anderson-APM,1e-7*n,9.999999999999999e-6,25,25,0.0330187,0.0278227,84.26346282561094,0.0,0.0,0.0,0.0,0.0,0.0044011,0.0007948999999999994,0.2306572612458525,3.780389707958489e-5,-7.854163564394131e-15,1.5765332830319778e-6,1.5765332830319778e-6,8.752195923442358e-6,1.5765332830319778e-6,NaN,diag_feasible,0,0,0,0,0,0,25,8.076435652003053e-14,1.12.6,lbt,1,1,Intel(R) Core(TM) 7 150U,NT,6407b28
degen-r5-m1-d1e-08-p1,100,SBB-Dual,1e-7*n,9.999999999999999e-6,81,82,0.0845199,0.0833457,98.61074137569969,6.76e-5,3.5e-5,3.48e-5,0.0,0.0,0.0,0.0010368000000000003,0.2253781184344599,9.592795350130788e-6,-1.0801691992099118e-14,1.401576783743863e-6,0.0,9.790657626299754e-6,1.401576783743863e-6,100.0,diag_feasible,0,0,0,0,0,0,81,1.1053830044276432e-14,1.12.6,lbt,1,1,Intel(R) Core(TM) 7 150U,NT,6407b28
degen-r5-m1-d1e-08-p1,100,Newton-SIN-BH,1e-7*n,9.999999999999999e-6,3,4,0.0063226,0.0045802,72.441717015152,0.0,2.8e-6,0.0,0.0015801,0.0,0.0,0.0001594999999999997,0.22537811891732926,1.2441269654541724e-8,-1.1276878290679142e-14,6.661871276847364e-9,6.661871276847364e-9,6.9748170628651715e-9,6.661871276847364e-9,NaN,converged,15,15,0,0,0,0,3,1.1053830044276432e-14,1.12.6,lbt,1,1,Intel(R) Core(TM) 7 150U,NT,6407b28
degen-r5-m1-d1e-08-p1,100,Newton-SIN,1e-7*n,9.999999999999999e-6,3,7,0.0098906,0.0089998,90.99346854589207,0.0,4.3e-6,0.0,0.0007589,0.0,0.0,0.00012759999999999887,0.22537811891732926,1.2441269654541724e-8,-1.1276878290679142e-14,6.661871276847364e-9,6.661871276847364e-9,6.9748170628651715e-9,6.661871276847364e-9,NaN,converged,15,15,0,0,0,0,3,1.1053830044276432e-14,1.12.6,lbt,1,1,Intel(R) Core(TM) 7 150U,NT,6407b28
degen-r5-m1-d1e-08-p1,100,AGD-SDAJ-BH,1e-7*n,9.999999999999999e-6,3,16,0.0278287,0.0274204,98.53280965334349,0.0,1.31e-5,0.0,0.0,0.0,0.0,0.00039520000000000034,0.22537969939697283,7.370214104160829e-6,-8.330489581057313e-15,1.1608970075238645e-6,1.1608970075238645e-6,2.1130523569175977e-6,1.1608970075238645e-6,NaN,diag_feasible_at_xpre,0,0,1,1,0,0,3,1.1053830044276432e-14,1.12.6,lbt,1,1,Intel(R) Core(TM) 7 150U,NT,6407b28
degen-r5-m1-d1e-08-p1,100,AGD-SDAJ,1e-7*n,9.999999999999999e-6,3,16,0.0167285,0.0164958,98.60896075559674,0.0,6.8e-6,0.0,0.0,0.0,0.0,0.00022589999999999888,0.22537969939697283,7.370214104160829e-6,-8.330489581057313e-15,1.1608970075238645e-6,1.1608970075238645e-6,2.1130523569175977e-6,1.1608970075238645e-6,NaN,diag_feasible_at_xpre,0,0,1,1,0,0,3,1.1053830044276432e-14,1.12.6,lbt,1,1,Intel(R) Core(TM) 7 150U,NT,6407b28
degen-r5-m1-d1e-08-p1,100,Dykstra-APM,1e-7*n,9.999999999999999e-6,166,166,0.2384668,0.1968151,82.53354345342831,0.0,0.0,0.0,0.0,0.0339677,0.0,0.00768400000000001,0.22533862285574102,4.262743280875767e-5,-8.858194341570216e-15,1.3642995411178305e-6,1.3642995411178305e-6,9.538646414200627e-6,1.3642995411178305e-6,NaN,diag_feasible,0,0,0,0,0,0,166,1.1053830044276432e-14,1.12.6,lbt,1,1,Intel(R) Core(TM) 7 150U,NT,6407b28
degen-r5-m1-d1e-08-p1,100,Anderson-APM,1e-7*n,9.999999999999999e-6,27,27,0.0488499,0.0413743,84.69679569456642,0.0,0.0,0.0,0.0,0.0,0.0063257,0.0011498999999999988,0.22537538756248782,3.228573362567621e-5,-1.032472077357422e-14,4.135990231857178e-6,4.135990231857178e-6,9.062697243279591e-6,4.135990231857178e-6,NaN,diag_feasible,0,0,0,0,0,0,27,1.1053830044276432e-14,1.12.6,lbt,1,1,Intel(R) Core(TM) 7 150U,NT,6407b28
degen-r5-m1-d1e-08-p2,100,SBB-Dual,1e-7*n,9.999999999999999e-6,75,76,0.0748407,0.0738478,98.67331545536052,5.25e-5,3.38e-5,3.23e-5,0.0,0.0,0.0,0.0008742999999999911,0.23647751713950077,1.3306187307094124e-5,-7.578469966541558e-15,1.429609738812232e-6,0.0,9.448978971815509e-6,1.429609738812232e-6,100.0,diag_feasible,0,0,0,0,0,0,75,1.9207820923013416e-14,1.12.6,lbt,1,1,Intel(R) Core(TM) 7 150U,NT,6407b28
degen-r5-m1-d1e-08-p2,100,Newton-SIN-BH,1e-7*n,9.999999999999999e-6,2,3,0.0068477,0.0059636,87.08909560874454,0.0,4.5e-6,0.0,0.0006902,0.0,0.0,0.00018939999999999972,0.23647690737985907,2.5472592779606456e-6,-1.1687179642034693e-14,9.167300702994652e-7,9.167300702994652e-7,9.551144277878098e-7,9.167300702994652e-7,NaN,converged,9,9,0,0,0,0,2,1.9207820923013416e-14,1.12.6,lbt,1,1,Intel(R) Core(TM) 7 150U,NT,6407b28
degen-r5-m1-d1e-08-p2,100,Newton-SIN,1e-7*n,9.999999999999999e-6,2,5,0.0064345,0.0058969,91.64503846452716,0.0,2.2e-6,0.0,0.0004356,0.0,0.0,9.979999999999999e-5,0.23647690737985907,2.5472592779606456e-6,-1.1687179642034693e-14,9.167300702994652e-7,9.167300702994652e-7,9.551144277878098e-7,9.167300702994652e-7,NaN,converged,9,9,0,0,0,0,2,1.9207820923013416e-14,1.12.6,lbt,1,1,Intel(R) Core(TM) 7 150U,NT,6407b28
degen-r5-m1-d1e-08-p2,100,AGD-SDAJ-BH,1e-7*n,9.999999999999999e-6,3,27,0.0295994,0.0292381,98.7793671493341,0.0,1.23e-5,0.0,0.0,0.0,0.0,0.00034900000000000187,0.23645585832886498,2.5262811278019796e-5,-8.772458320289499e-15,5.404651590268372e-6,5.404651590268372e-6,7.921800024380265e-6,5.404651590268372e-6,NaN,diag_feasible,0,0,8,8,0,0,3,1.9207820923013416e-14,1.12.6,lbt,1,1,Intel(R) Core(TM) 7 150U,NT,6407b28
degen-r5-m1-d1e-08-p2,100,AGD-SDAJ,1e-7*n,9.999999999999999e-6,3,27,0.0294151,0.029066400000000003,98.8145544295277,0.0,1.22e-5,0.0,0.0,0.0,0.0,0.0003364999999999969,0.23645585832886498,2.5262811278019796e-5,-8.772458320289499e-15,5.404651590268372e-6,5.404651590268372e-6,7.921800024380265e-6,5.404651590268372e-6,NaN,diag_feasible,0,0,8,8,0,0,3,1.9207820923013416e-14,1.12.6,lbt,1,1,Intel(R) Core(TM) 7 150U,NT,6407b28
degen-r5-m1-d1e-08-p2,100,Dykstra-APM,1e-7*n,9.999999999999999e-6,153,153,0.2270395,0.1793502,78.99515282582986,0.0,0.0,0.0,0.0,0.0403038,0.0,0.007385500000000017,0.2364400104068972,4.197140058092661e-5,-8.413705892355661e-15,1.4755509099018127e-6,1.4755509099018127e-6,9.775073654684682e-6,1.4755509099018127e-6,NaN,diag_feasible,0,0,0,0,0,0,153,1.9207820923013416e-14,1.12.6,lbt,1,1,Intel(R) Core(TM) 7 150U,NT,6407b28
degen-r5-m1-d1e-08-p2,100,Anderson-APM,1e-7*n,9.999999999999999e-6,17,17,0.0211647,0.0180043,85.0675889570842,0.0,0.0,0.0,0.0,0.0,0.0024604,0.0007000000000000005,0.2364753922962179,2.450325076078001e-5,-7.920731067266996e-15,3.683560283795906e-6,3.683560283795906e-6,7.630515053972797e-6,3.683560283795906e-6,NaN,diag_feasible,0,0,0,0,0,0,17,1.9207820923013416e-14,1.12.6,lbt,1,1,Intel(R) Core(TM) 7 150U,NT,6407b28
degen-r5-m1-d1e-08-p3,100,SBB-Dual,1e-7*n,9.999999999999999e-6,76,77,0.0839317,0.0826723,98.49949423161928,6.73e-5,3.92e-5,3.45e-5,0.0,0.0,0.0,0.0011183999999999938,0.2363383977773858,1.4501709357489862e-5,-1.1274752099109846e-14,1.6582680062438016e-6,0.0,9.90916076725051e-6,1.6582680062438016e-6,100.0,diag_feasible,0,0,0,0,0,0,76,2.7745803932893256e-14,1.12.6,lbt,1,1,Intel(R) Core(TM) 7 150U,NT,6407b28
degen-r5-m1-d1e-08-p3,100,Newton-SIN-BH,1e-7*n,9.999999999999999e-6,2,3,0.0050186,0.0044054,87.78145299485914,0.0,2.9e-6,0.0,0.0004608,0.0,0.0,0.00014949999999999951,0.2363376145588792,3.037241724953048e-6,-8.116771176067248e-15,5.001483385225214e-7,5.001483385225214e-7,9.514880376377642e-7,5.001483385225214e-7,NaN,converged,9,9,0,0,0,0,2,2.7745803932893256e-14,1.12.6,lbt,1,1,Intel(R) Core(TM) 7 150U,NT,6407b28
degen-r5-m1-d1e-08-p3,100,Newton-SIN,1e-7*n,9.999999999999999e-6,2,5,0.0087601,0.0079871,91.17589981849522,0.0,5.7e-6,0.0,0.0006281,0.0,0.0,0.00013919999999999937,0.2363376145588792,3.037241724953048e-6,-8.116771176067248e-15,5.001483385225214e-7,5.001483385225214e-7,9.514880376377642e-7,5.001483385225214e-7,NaN,converged,9,9,0,0,0,0,2,2.7745803932893256e-14,1.12.6,lbt,1,1,Intel(R) Core(TM) 7 150U,NT,6407b28
degen-r5-m1-d1e-08-p3,100,AGD-SDAJ-BH,1e-7*n,9.999999999999999e-6,3,25,0.0281315,0.0277758,98.73558111014343,0.0,1.27e-5,0.0,0.0,0.0,0.0,0.0003430000000000005,0.23630895668742416,3.4067544942215794e-5,-8.61167401599529e-15,3.918926286816671e-6,3.918926286816671e-6,9.369572349348066e-6,3.918926286816671e-6,NaN,diag_feasible,0,0,6,6,0,0,3,2.7745803932893256e-14,1.12.6,lbt,1,1,Intel(R) Core(TM) 7 150U,NT,6407b28
degen-r5-m1-d1e-08-p3,100,AGD-SDAJ,1e-7*n,9.999999999999999e-6,3,25,0.0303588,0.02998,98.75225634741821,0.0,1.34e-5,0.0,0.0,0.0,0.0,0.0003653999999999986,0.23630895668742416,3.4067544942215794e-5,-8.61167401599529e-15,3.918926286816671e-6,3.918926286816671e-6,9.369572349348066e-6,3.918926286816671e-6,NaN,diag_feasible,0,0,6,6,0,0,3,2.7745803932893256e-14,1.12.6,lbt,1,1,Intel(R) Core(TM) 7 150U,NT,6407b28
degen-r5-m1-d1e-08-p3,100,Dykstra-APM,1e-7*n,9.999999999999999e-6,156,156,0.2288188,0.1884506,82.35800554849514,0.0,0.0,0.0,0.0,0.0329754,0.0,0.007392799999999991,0.23630163986436414,4.1972914336188445e-5,-1.14535420779901e-14,1.6150376411783185e-6,1.6150376411783185e-6,9.672485062554262e-6,1.6150376411783185e-6,NaN,diag_feasible,0,0,0,0,0,0,156,2.7745803932893256e-14,1.12.6,lbt,1,1,Intel(R) Core(TM) 7 150U,NT,6407b28
degen-r5-m1-d1e-08-p3,100,Anderson-APM,1e-7*n,9.999999999999999e-6,37,37,0.0469357,0.0393751,83.89157933087182,0.0,0.0,0.0,0.0,0.0,0.0065112,0.0010493999999999937,0.23636850361968748,3.930808260300563e-5,-1.2909351703541943e-14,2.929922641170535e-6,2.929922641170535e-6,9.08618455186014e-6,2.929922641170535e-6,NaN,diag_feasible,0,0,0,0,0,0,37,2.7745803932893256e-14,1.12.6,lbt,1,1,Intel(R) Core(TM) 7 150U,NT,6407b28
degen-r5-m1-d1e-08-p4,100,SBB-Dual,1e-7*n,9.999999999999999e-6,77,78,0.080183,0.07920329999999999,98.77816993627076,5.88e-5,3.22e-5,3.23e-5,0.0,0.0,0.0,0.0008564000000000139,0.23581792642490457,1.125872698072841e-5,-7.417426841582906e-15,1.3008643648948492e-6,0.0,9.158010264705404e-6,1.3008643648948492e-6,100.0,diag_feasible,0,0,0,0,0,0,77,1.9422240450457113e-14,1.12.6,lbt,1,1,Intel(R) Core(TM) 7 150U,NT,6407b28
degen-r5-m1-d1e-08-p4,100,Newton-SIN-BH,1e-7*n,9.999999999999999e-6,2,3,0.0066556,0.0057712,86.71194182342688,0.0,4.3e-6,0.0,0.0006876,0.0,0.0,0.0001925000000000004,0.23581612265736474,8.44636738039916e-6,-8.399860282263252e-15,1.5665158263900025e-6,1.5665158263900025e-6,2.8499594845885094e-6,1.5665158263900025e-6,NaN,converged,8,8,0,0,0,0,2,1.9422240450457113e-14,1.12.6,lbt,1,1,Intel(R) Core(TM) 7 150U,NT,6407b28
degen-r5-m1-d1e-08-p4,100,Newton-SIN,1e-7*n,9.999999999999999e-6,2,5,0.0104253,0.0096677,92.73306283752025,0.0,5.3e-6,0.0,0.0006114,0.0,0.0,0.00014090000000000066,0.23581612265736474,8.44636738039916e-6,-8.399860282263252e-15,1.5665158263900025e-6,1.5665158263900025e-6,2.8499594845885094e-6,1.5665158263900025e-6,NaN,converged,8,8,0,0,0,0,2,1.9422240450457113e-14,1.12.6,lbt,1,1,Intel(R) Core(TM) 7 150U,NT,6407b28
degen-r5-m1-d1e-08-p4,100,AGD-SDAJ-BH,1e-7*n,9.999999999999999e-6,4,28,0.0324984,0.0321022,98.78086305787362,0.0,1.36e-5,0.0,0.0,0.0,0.0,0.0003825999999999993,0.23580184708325877,2.076001411495646e-5,-9.974788886972114e-15,1.6198135249778645e-6,1.6198135249778645e-6,5.1451396649983545e-6,1.6198135249778645e-6,NaN,diag_feasible_at_xpre,0,0,7,7,0,0,4,1.9422240450457113e-14,1.12.6,lbt,1,1,Intel(R) Core(TM) 7 150U,NT,6407b28
degen-r5-m1-d1e-08-p4,100,AGD-SDAJ,1e-7*n,9.999999999999999e-6,4,28,0.0507623,0.050134599999999994,98.76345240463885,0.0,2.48e-5,0.0,0.0,0.0,0.0,0.0006029000000000089,0.23580184708325877,2.076001411495646e-5,-9.974788886972114e-15,1.6198135249778645e-6,1.6198135249778645e-6,5.1451396649983545e-6,1.6198135249778645e-6,NaN,diag_feasible_at_xpre,0,0,7,7,0,0,4,1.9422240450457113e-14,1.12.6,lbt,1,1,Intel(R) Core(TM) 7 150U,NT,6407b28
degen-r5-m1-d1e-08-p4,100,Dykstra-APM,1e-7*n,9.999999999999999e-6,156,156,0.2203282,0.1832383,83.16606771171371,0.0,0.0,0.0,0.0,0.0296347,0.0,0.007455200000000009,0.23577931455920229,4.337285065383147e-5,-8.488667437053529e-15,1.4170185127504453e-6,1.4170185127504453e-6,9.987374977396186e-6,1.4170185127504453e-6,NaN,diag_feasible,0,0,0,0,0,0,156,1.9422240450457113e-14,1.12.6,lbt,1,1,Intel(R) Core(TM) 7 150U,NT,6407b28
degen-r5-m1-d1e-08-p4,100,Anderson-APM,1e-7*n,9.999999999999999e-6,23,23,0.0283467,0.0238927,84.28741264415258,0.0,0.0,0.0,0.0,0.0,0.00374,0.0007139999999999998,0.23584132559891124,2.9557392496097555e-5,-8.123703090617432e-15,1.5502978171211268e-6,1.5502978171211268e-6,7.403343110843323e-6,1.5502978171211268e-6,NaN,diag_feasible,0,0,0,0,0,0,23,1.9422240450457113e-14,1.12.6,lbt,1,1,Intel(R) Core(TM) 7 150U,NT,6407b28
degen-r5-m1-d1e-10-p0,100,SBB-Dual,1e-7*n,9.999999999999999e-6,80,81,0.0830403,0.0819952,98.74145445042949,6.45e-5,3.34e-5,3.19e-5,0.0,0.0,0.0,0.0009152999999999934,0.23069066616412667,1.061748343251572e-5,-8.239151832297696e-15,1.4416626554769607e-6,0.0,9.921593329870323e-6,1.4416626554769607e-6,100.0,diag_feasible,0,0,0,0,0,0,80,2.3017255561117053e-14,1.12.6,lbt,1,1,Intel(R) Core(TM) 7 150U,NT,6407b28
degen-r5-m1-d1e-10-p0,100,Newton-SIN-BH,1e-7*n,9.999999999999999e-6,3,4,0.0072363,0.006112899999999999,84.47549161864487,0.0,4.4e-6,0.0,0.0009302,0.0,0.0,0.0001888000000000009,0.23069066702047397,2.047642431029258e-8,-1.1078586171164591e-14,1.1931046151048008e-8,1.1931046151048008e-8,1.199286961072141e-8,1.1931046151048008e-8,NaN,converged,14,14,0,0,0,0,3,2.3017255561117053e-14,1.12.6,lbt,1,1,Intel(R) Core(TM) 7 150U,NT,6407b28
degen-r5-m1-d1e-10-p0,100,Newton-SIN,1e-7*n,9.999999999999999e-6,3,7,0.0089885,0.008190000000000001,91.11642654502977,0.0,2.7e-6,0.0,0.0006813,0.0,0.0,0.00011449999999999883,0.23069066702047397,2.047642431029258e-8,-1.1078586171164591e-14,1.1931046151048008e-8,1.1931046151048008e-8,1.199286961072141e-8,1.1931046151048008e-8,NaN,converged,14,14,0,0,0,0,3,2.3017255561117053e-14,1.12.6,lbt,1,1,Intel(R) Core(TM) 7 150U,NT,6407b28
degen-r5-m1-d1e-10-p0,100,AGD-SDAJ-BH,1e-7*n,9.999999999999999e-6,5,41,0.0507668,0.0501742,98.83270168692925,0.0,2.13e-5,0.0,0.0,0.0,0.0,0.0005712999999999987,0.23066188290387107,3.5601368852312185e-5,-1.0878033964149368e-14,3.0084577231637155e-6,3.0084577231637155e-6,8.788422008330454e-6,3.0084577231637155e-6,NaN,diag_feasible_at_xpre,0,0,14,14,0,0,5,2.3017255561117053e-14,1.12.6,lbt,1,1,Intel(R) Core(TM) 7 150U,NT,6407b28
degen-r5-m1-d1e-10-p0,100,AGD-SDAJ,1e-7*n,9.999999999999999e-6,5,41,0.0483873,0.0478293,98.84680484341965,0.0,1.95e-5,0.0,0.0,0.0,0.0,0.000538500000000003,0.23066188290387107,3.5601368852312185e-5,-1.0878033964149368e-14,3.0084577231637155e-6,3.0084577231637155e-6,8.788422008330454e-6,3.0084577231637155e-6,NaN,diag_feasible_at_xpre,0,0,14,14,0,0,5,2.3017255561117053e-14,1.12.6,lbt,1,1,Intel(R) Core(TM) 7 150U,NT,6407b28
degen-r5-m1-d1e-10-p0,100,Dykstra-APM,1e-7*n,9.999999999999999e-6,164,164,0.2314832,0.1902108,82.17045556653788,0.0,0.0,0.0,0.0,0.0338531,0.0,0.00741929999999999,0.23065198109544857,4.311551913216718e-5,-9.76239604235147e-15,1.4038523250547996e-6,1.4038523250547996e-6,9.672574489401622e-6,1.4038523250547996e-6,NaN,diag_feasible,0,0,0,0,0,0,164,2.3017255561117053e-14,1.12.6,lbt,1,1,Intel(R) Core(TM) 7 150U,NT,6407b28
degen-r5-m1-d1e-10-p0,100,Anderson-APM,1e-7*n,9.999999999999999e-6,25,25,0.0295135,0.0250113,84.7452860555339,0.0,0.0,0.0,0.0,0.0,0.0037486,0.0007536000000000014,0.23065738103531272,3.7682095795365316e-5,-7.672355531604517e-15,1.584255583164662e-6,1.584255583164662e-6,8.726067572626386e-6,1.584255583164662e-6,NaN,diag_feasible,0,0,0,0,0,0,25,2.3017255561117053e-14,1.12.6,lbt,1,1,Intel(R) Core(TM) 7 150U,NT,6407b28
degen-r5-m1-d1e-10-p1,100,SBB-Dual,1e-7*n,9.999999999999999e-6,81,82,0.0832103,0.082183,98.7654172620457,6.57e-5,3.87e-5,3.47e-5,0.0,0.0,0.0,0.0008881999999999948,0.2253781201143918,9.594314923730743e-6,-9.601796459358045e-15,1.4015767644259824e-6,0.0,9.790657433987122e-6,1.4015767644259824e-6,100.0,diag_feasible,0,0,0,0,0,0,81,1.2986287783438322e-14,1.12.6,lbt,1,1,Intel(R) Core(TM) 7 150U,NT,6407b28
degen-r5-m1-d1e-10-p1,100,Newton-SIN-BH,1e-7*n,9.999999999999999e-6,3,4,0.0073161,0.0061591,84.18556334659176,0.0,3.7e-6,0.0,0.0009536,0.0,0.0,0.00019970000000000014,0.22537812059793172,1.1846284930390158e-8,-9.408779117118899e-15,6.6650631680431616e-9,6.6650631680431616e-9,6.978062088097167e-9,6.6650631680431616e-9,NaN,converged,15,15,0,0,0,0,3,1.2986287783438322e-14,1.12.6,lbt,1,1,Intel(R) Core(TM) 7 150U,NT,6407b28
degen-r5-m1-d1e-10-p1,100,Newton-SIN,1e-7*n,9.999999999999999e-6,3,7,0.0086192,0.0077671,90.11393168739558,0.0,2.8e-6,0.0,0.0007298,0.0,0.0,0.00011950000000000068,0.22537812059793172,1.1846284930390158e-8,-9.408779117118899e-15,6.6650631680431616e-9,6.6650631680431616e-9,6.978062088097167e-9,6.6650631680431616e-9,NaN,converged,15,15,0,0,0,0,3,1.2986287783438322e-14,1.12.6,lbt,1,1,Intel(R) Core(TM) 7 150U,NT,6407b28
degen-r5-m1-d1e-10-p1,100,AGD-SDAJ-BH,1e-7*n,9.999999999999999e-6,3,16,0.0174593,0.017207999999999998,98.56065248893138,0.0,1.0e-5,0.0,0.0,0.0,0.0,0.0002413000000000029,0.22537970469505245,7.4027435486566245e-6,-7.841205661462367e-15,1.1649243717437585e-6,1.1649243717437585e-6,2.1217826183677724e-6,1.1649243717437585e-6,NaN,diag_feasible_at_xpre,0,0,1,1,0,0,3,1.2986287783438322e-14,1.12.6,lbt,1,1,Intel(R) Core(TM) 7 150U,NT,6407b28
degen-r5-m1-d1e-10-p1,100,AGD-SDAJ,1e-7*n,9.999999999999999e-6,3,16,0.0261289,0.0257826,98.67464761241384,0.0,1.32e-5,0.0,0.0,0.0,0.0,0.0003331000000000008,0.22537970469505245,7.4027435486566245e-6,-7.841205661462367e-15,1.1649243717437585e-6,1.1649243717437585e-6,2.1217826183677724e-6,1.1649243717437585e-6,NaN,diag_feasible_at_xpre,0,0,1,1,0,0,3,1.2986287783438322e-14,1.12.6,lbt,1,1,Intel(R) Core(TM) 7 150U,NT,6407b28
degen-r5-m1-d1e-10-p1,100,Dykstra-APM,1e-7*n,9.999999999999999e-6,166,166,0.2345672,0.1953667,83.28815793512477,0.0,0.0,0.0,0.0,0.0310502,0.0,0.0081503,0.22533862453669712,4.262743105427577e-5,-1.1874597139977022e-14,1.3642995186913254e-6,1.3642995186913254e-6,9.538646226431593e-6,1.3642995186913254e-6,NaN,diag_feasible,0,0,0,0,0,0,166,1.2986287783438322e-14,1.12.6,lbt,1,1,Intel(R) Core(TM) 7 150U,NT,6407b28
degen-r5-m1-d1e-10-p1,100,Anderson-APM,1e-7*n,9.999999999999999e-6,27,27,0.0406953,0.0345317,84.85427064058996,0.0,0.0,0.0,0.0,0.0,0.005172,0.0009915999999999979,0.22537536488015547,3.2266725520221055e-5,-1.3051896030468974e-14,4.133410014373062e-6,4.133410014373062e-6,9.057417378134843e-6,4.133410014373062e-6,NaN,diag_feasible,0,0,0,0,0,0,27,1.2986287783438322e-14,1.12.6,lbt,1,1,Intel(R) Core(TM) 7 150U,NT,6407b28
degen-r5-m1-d1e-10-p2,100,SBB-Dual,1e-7*n,9.999999999999999e-6,75,76,0.0795346,0.07855820000000001,98.7723581937924,5.99e-5,3.44e-5,3.12e-5,0.0,0.0,0.0,0.0008508999999999884,0.2364775208838933,1.3312336042134376e-5,-8.629850877602796e-15,1.4296096211285914e-6,0.0,9.448978097284894e-6,1.4296096211285914e-6,100.0,diag_feasible,0,0,0,0,0,0,75,1.5157695690493977e-14,1.12.6,lbt,1,1,Intel(R) Core(TM) 7 150U,NT,6407b28
degen-r5-m1-d1e-10-p2,100,Newton-SIN-BH,1e-7*n,9.999999999999999e-6,2,3,0.005171,0.0044972,86.96963836782054,0.0,3.2e-6,0.0,0.0005211,0.0,0.0,0.00014950000000000044,0.23647690737927327,2.552049989842882e-6,-9.757061636931877e-15,9.185459124427808e-7,9.185459124427808e-7,9.571207685816036e-7,9.185459124427808e-7,NaN,converged,9,9,0,0,0,0,2,1.5157695690493977e-14,1.12.6,lbt,1,1,Intel(R) Core(TM) 7 150U,NT,6407b28
degen-r5-m1-d1e-10-p2,100,Newton-SIN,1e-7*n,9.999999999999999e-6,2,5,0.0064719,0.0059386000000000005,91.75976143018279,0.0,2.7e-6,0.0,0.0004279,0.0,0.0,0.00010269999999999957,0.23647690737927327,2.552049989842882e-6,-9.757061636931877e-15,9.185459124427808e-7,9.185459124427808e-7,9.571207685816036e-7,9.185459124427808e-7,NaN,converged,9,9,0,0,0,0,2,1.5157695690493977e-14,1.12.6,lbt,1,1,Intel(R) Core(TM) 7 150U,NT,6407b28
degen-r5-m1-d1e-10-p2,100,AGD-SDAJ-BH,1e-7*n,9.999999999999999e-6,3,27,0.0374152,0.0365172,97.59990592058841,0.0,1.59e-5,0.0,0.0,0.0,0.0,0.000882100000000003,0.23645585978437025,2.5265802439983556e-5,-7.916189010312913e-15,5.4055708129663316e-6,5.4055708129663316e-6,7.92294428061861e-6,5.4055708129663316e-6,NaN,diag_feasible,0,0,8,8,0,0,3,1.5157695690493977e-14,1.12.6,lbt,1,1,Intel(R) Core(TM) 7 150U,NT,6407b28
degen-r5-m1-d1e-10-p2,100,AGD-SDAJ,1e-7*n,9.999999999999999e-6,3,27,0.0298485,0.0294894,98.79692446856626,0.0,1.23e-5,0.0,0.0,0.0,0.0,0.00034680000000000106,0.23645585978437025,2.5265802439983556e-5,-7.916189010312913e-15,5.4055708129663316e-6,5.4055708129663316e-6,7.92294428061861e-6,5.4055708129663316e-6,NaN,diag_feasible,0,0,8,8,0,0,3,1.5157695690493977e-14,1.12.6,lbt,1,1,Intel(R) Core(TM) 7 150U,NT,6407b28
degen-r5-m1-d1e-10-p2,100,Dykstra-APM,1e-7*n,9.999999999999999e-6,153,153,0.2059714,0.1714212,83.22572939738235,0.0,0.0,0.0,0.0,0.0277092,0.0,0.006841000000000003,0.23644001415475008,4.197139045003723e-5,-1.0107959671189063e-14,1.475550793994529e-6,1.475550793994529e-6,9.775072784576106e-6,1.475550793994529e-6,NaN,diag_feasible,0,0,0,0,0,0,153,1.5157695690493977e-14,1.12.6,lbt,1,1,Intel(R) Core(TM) 7 150U,NT,6407b28
degen-r5-m1-d1e-10-p2,100,Anderson-APM,1e-7*n,9.999999999999999e-6,17,17,0.0266667,0.0228788,85.79539275575905,0.0,0.0,0.0,0.0,0.0,0.0029792,0.0008087000000000003,0.23647539504618761,2.4503310893597557e-5,-8.526476242519175e-15,3.6833765499899584e-6,3.6833765499899584e-6,7.63052635872892e-6,3.6833765499899584e-6,NaN,diag_feasible,0,0,0,0,0,0,17,1.5157695690493977e-14,1.12.6,lbt,1,1,Intel(R) Core(TM) 7 150U,NT,6407b28
degen-r5-m1-d1e-10-p3,100,SBB-Dual,1e-7*n,9.999999999999999e-6,76,77,0.0770051,0.0760302,98.73397995717167,5.6e-5,3.07e-5,3.38e-5,0.0,0.0,0.0,0.0008544000000000008,0.23633840149455998,1.4506602638508006e-5,-1.1062778769601198e-14,1.6582679074339524e-6,0.0,9.909159906301958e-6,1.6582679074339524e-6,100.0,diag_feasible,0,0,0,0,0,0,76,2.0691888659779323e-14,1.12.6,lbt,1,1,Intel(R) Core(TM) 7 150U,NT,6407b28
degen-r5-m1-d1e-10-p3,100,Newton-SIN-BH,1e-7*n,9.999999999999999e-6,2,3,0.0038572,0.0032598999999999996,84.5146738566836,0.0,2.6e-6,0.0,0.0004652,0.0,0.0,0.00012950000000000033,0.23633761455755234,3.0397797467229736e-6,-1.1465613847208538e-14,5.001490037681577e-7,5.001490037681577e-7,9.525191348852209e-7,5.001490037681577e-7,NaN,converged,9,9,0,0,0,0,2,2.0691888659779323e-14,1.12.6,lbt,1,1,Intel(R) Core(TM) 7 150U,NT,6407b28
degen-r5-m1-d1e-10-p3,100,Newton-SIN,1e-7*n,9.999999999999999e-6,2,5,0.0088655,0.0080303,90.57921155039197,0.0,4.0e-6,0.0,0.0006954,0.0,0.0,0.0001357999999999995,0.23633761455755234,3.0397797467229736e-6,-1.1465613847208538e-14,5.001490037681577e-7,5.001490037681577e-7,9.525191348852209e-7,5.001490037681577e-7,NaN,converged,9,9,0,0,0,0,2,2.0691888659779323e-14,1.12.6,lbt,1,1,Intel(R) Core(TM) 7 150U,NT,6407b28
degen-r5-m1-d1e-10-p3,100,AGD-SDAJ-BH,1e-7*n,9.999999999999999e-6,3,25,0.031801,0.0314542,98.90946825571523,0.0,1.22e-5,0.0,0.0,0.0,0.0,0.00033460000000000125,0.23630895417271175,3.4074438094552476e-5,-1.2188131454661463e-14,3.920139423296831e-6,3.920139423296831e-6,9.371629246949438e-6,3.920139423296831e-6,NaN,diag_feasible,0,0,6,6,0,0,3,2.0691888659779323e-14,1.12.6,lbt,1,1,Intel(R) Core(TM) 7 150U,NT,6407b28
degen-r5-m1-d1e-10-p3,100,AGD-SDAJ,1e-7*n,9.999999999999999e-6,3,25,0.0268816,0.0265469,98.7549104219987,0.0,1.2e-5,0.0,0.0,0.0,0.0,0.00032270000000000025,0.23630895417271175,3.4074438094552476e-5,-1.2188131454661463e-14,3.920139423296831e-6,3.920139423296831e-6,9.371629246949438e-6,3.920139423296831e-6,NaN,diag_feasible,0,0,6,6,0,0,3,2.0691888659779323e-14,1.12.6,lbt,1,1,Intel(R) Core(TM) 7 150U,NT,6407b28
degen-r5-m1-d1e-10-p3,100,Dykstra-APM,1e-7*n,9.999999999999999e-6,156,156,0.2010469,0.1657932,82.4649372857776,0.0,0.0,0.0,0.0,0.0290703,0.0,0.006183399999999999,0.23630164358476055,4.1972904879211895e-5,-8.160181277566366e-15,1.615037548141629e-6,1.615037548141629e-6,9.672484246494086e-6,1.615037548141629e-6,NaN,diag_feasible,0,0,0,0,0,0,156,2.0691888659779323e-14,1.12.6,lbt,1,1,Intel(R) Core(TM) 7 150U,NT,6407b28
degen-r5-m1-d1e-10-p3,100,Anderson-APM,1e-7*n,9.999999999999999e-6,37,37,0.0416787,0.0350202,84.02421380705252,0.0,0.0,0.0,0.0,0.0,0.0056761,0.0009823999999999979,0.23636850744430404,3.9308198623053006e-5,-1.1177900603663232e-14,2.9299282225947465e-6,2.9299282225947465e-6,9.086208298077738e-6,2.9299282225947465e-6,NaN,diag_feasible,0,0,0,0,0,0,37,2.0691888659779323e-14,1.12.6,lbt,1,1,Intel(R) Core(TM) 7 150U,NT,6407b28
degen-r5-m1-d1e-10-p4,100,SBB-Dual,1e-7*n,9.999999999999999e-6,77,78,0.0773182,0.0763236,98.71362758056965,5.23e-5,3.18e-5,3.32e-5,0.0,0.0,0.0,0.0008772999999999982,0.23581793005130483,1.1264148255987464e-5,-7.107192949930733e-15,1.3008642905099066e-6,0.0,9.15800962361524e-6,1.3008642905099066e-6,100.0,diag_feasible,0,0,0,0,0,0,77,2.0827263148536916e-14,1.12.6,lbt,1,1,Intel(R) Core(TM) 7 150U,NT,6407b28
degen-r5-m1-d1e-10-p4,100,Newton-SIN-BH,1e-7*n,9.999999999999999e-6,2,3,0.0041506,0.0036182,87.17293885221413,0.0,2.7e-6,0.0,0.0004038,0.0,0.0,0.00012590000000000013,0.23581612265525498,8.448760182908549e-6,-9.951038804275223e-15,1.5664841581664035e-6,1.5664841581664035e-6,2.851224699159937e-6,1.5664841581664035e-6,NaN,converged,8,8,0,0,0,0,2,2.0827263148536916e-14,1.12.6,lbt,1,1,Intel(R) Core(TM) 7 150U,NT,6407b28
degen-r5-m1-d1e-10-p4,100,Newton-SIN,1e-7*n,9.999999999999999e-6,2,5,0.0065571,0.0060726999999999995,92.61258788183801,0.0,2.6e-6,0.0,0.0003805,0.0,0.0,0.0001013000000000003,0.23581612265525498,8.448760182908549e-6,-9.951038804275223e-15,1.5664841581664035e-6,1.5664841581664035e-6,2.851224699159937e-6,1.5664841581664035e-6,NaN,converged,8,8,0,0,0,0,2,2.0827263148536916e-14,1.12.6,lbt,1,1,Intel(R) Core(TM) 7 150U,NT,6407b28
degen-r5-m1-d1e-10-p4,100,AGD-SDAJ-BH,1e-7*n,9.999999999999999e-6,4,28,0.0333539,0.0329357,98.74617361088208,0.0,1.47e-5,0.0,0.0,0.0,0.0,0.00040350000000000054,0.23580185222274253,2.0760669704641174e-5,-9.13648941663344e-15,1.6209633298958082e-6,1.6209633298958082e-6,5.145737959989732e-6,1.6209633298958082e-6,NaN,diag_feasible_at_xpre,0,0,7,7,0,0,4,2.0827263148536916e-14,1.12.6,lbt,1,1,Intel(R) Core(TM) 7 150U,NT,6407b28
degen-r5-m1-d1e-10-p4,100,AGD-SDAJ,1e-7*n,9.999999999999999e-6,4,28,0.0353647,0.034906,98.70294389603193,0.0,1.61e-5,0.0,0.0,0.0,0.0,0.0004425999999999994,0.23580185222274253,2.0760669704641174e-5,-9.13648941663344e-15,1.6209633298958082e-6,1.6209633298958082e-6,5.145737959989732e-6,1.6209633298958082e-6,NaN,diag_feasible_at_xpre,0,0,7,7,0,0,4,2.0827263148536916e-14,1.12.6,lbt,1,1,Intel(R) Core(TM) 7 150U,NT,6407b28
degen-r5-m1-d1e-10-p4,100,Dykstra-APM,1e-7*n,9.999999999999999e-6,156,156,0.2265156,0.1865968,82.3770195077072,0.0,0.0,0.0,0.0,0.0316504,0.0,0.008268400000000002,0.23577931818847528,4.337284080971178e-5,-8.525900030844727e-15,1.4170184372552797e-6,1.4170184372552797e-6,9.987374311659922e-6,1.4170184372552797e-6,NaN,diag_feasible,0,0,0,0,0,0,156,2.0827263148536916e-14,1.12.6,lbt,1,1,Intel(R) Core(TM) 7 150U,NT,6407b28
degen-r5-m1-d1e-10-p4,100,Anderson-APM,1e-7*n,9.999999999999999e-6,23,23,0.0338713,0.0286906,84.70475003911866,0.0,0.0,0.0,0.0,0.0,0.0043155,0.0008652,0.23584132877505495,2.9559089836606086e-5,-9.688992017725199e-15,1.5503936966476672e-6,1.5503936966476672e-6,7.4040462330638435e-6,1.5503936966476672e-6,NaN,diag_feasible,0,0,0,0,0,0,23,2.0827263148536916e-14,1.12.6,lbt,1,1,Intel(R) Core(TM) 7 150U,NT,6407b28
degen-r5-m1-d0-p0,100,SBB-Dual,1e-7*n,9.999999999999999e-6,80,81,0.0948853,0.0937039,98.75491777967714,7.16e-5,4.08e-5,3.18e-5,0.0,0.0,0.0,0.0010371999999999992,0.23069066619122106,1.0617507013699378e-5,-8.546932721929572e-15,1.4416626548108269e-6,0.0,9.921593321396353e-6,1.4416626548108269e-6,100.0,diag_feasible,0,0,0,0,0,0,80,2.4767430942082896e-14,1.12.6,lbt,1,1,Intel(R) Core(TM) 7 150U,NT,6407b28
degen-r5-m1-d0-p0,100,Newton-SIN-BH,1e-7*n,9.999999999999999e-6,3,4,0.0061199,0.0052355,85.54878347685418,0.0,3.1e-6,0.0,0.000684,0.0,0.0,0.0001973000000000004,0.23069066704751773,2.0476480735898107e-8,-1.1428087877203163e-14,1.193109855357477e-8,1.193109855357477e-8,1.1992921051308478e-8,1.193109855357477e-8,NaN,converged,14,14,0,0,0,0,3,2.4767430942082896e-14,1.12.6,lbt,1,1,Intel(R) Core(TM) 7 150U,NT,6407b28
degen-r5-m1-d0-p0,100,Newton-SIN,1e-7*n,9.999999999999999e-6,3,7,0.015466,0.0140381,90.76748997801629,0.0,6.1e-6,0.0,0.0012026,0.0,0.0,0.000219200000000001,0.23069066704751773,2.0476480735898107e-8,-1.1428087877203163e-14,1.193109855357477e-8,1.193109855357477e-8,1.1992921051308478e-8,1.193109855357477e-8,NaN,converged,14,14,0,0,0,0,3,2.4767430942082896e-14,1.12.6,lbt,1,1,Intel(R) Core(TM) 7 150U,NT,6407b28
degen-r5-m1-d0-p0,100,AGD-SDAJ-BH,1e-7*n,9.999999999999999e-6,5,41,0.0442729,0.0437681,98.85979910961333,0.0,1.84e-5,0.0,0.0,0.0,0.0,0.0004863999999999997,0.230661882503325,3.5601914988482e-5,-8.396655918208617e-15,3.008467106102586e-6,3.008467106102586e-6,8.788561564972086e-6,3.008467106102586e-6,NaN,diag_feasible_at_xpre,0,0,14,14,0,0,5,2.4767430942082896e-14,1.12.6,lbt,1,1,Intel(R) Core(TM) 7 150U,NT,6407b28
degen-r5-m1-d0-p0,100,AGD-SDAJ,1e-7*n,9.999999999999999e-6,5,41,0.0515443,0.050953,98.85283144790016,0.0,2.15e-5,0.0,0.0,0.0,0.0,0.0005698000000000029,0.230661882503325,3.5601914988482e-5,-8.396655918208617e-15,3.008467106102586e-6,3.008467106102586e-6,8.788561564972086e-6,3.008467106102586e-6,NaN,diag_feasible_at_xpre,0,0,14,14,0,0,5,2.4767430942082896e-14,1.12.6,lbt,1,1,Intel(R) Core(TM) 7 150U,NT,6407b28
degen-r5-m1-d0-p0,100,Dykstra-APM,1e-7*n,9.999999999999999e-6,164,164,0.2214982,0.1858068,83.88637018269223,0.0,0.0,0.0,0.0,0.0285173,0.0,0.007174100000000013,0.2306519811225642,4.311551908235921e-5,-8.94286751325049e-15,1.4038523241666212e-6,1.4038523241666212e-6,9.672574485643488e-6,1.4038523241666212e-6,NaN,diag_feasible,0,0,0,0,0,0,164,2.4767430942082896e-14,1.12.6,lbt,1,1,Intel(R) Core(TM) 7 150U,NT,6407b28
degen-r5-m1-d0-p0,100,Anderson-APM,1e-7*n,9.999999999999999e-6,25,25,0.0319865,0.0272812,85.28973160552107,0.0,0.0,0.0,0.0,0.0,0.0038345,0.0008708000000000027,0.2306573822880895,3.768082170235355e-5,-9.504515397847723e-15,1.5843341403254385e-6,1.5843341403254385e-6,8.725794354363915e-6,1.5843341403254385e-6,NaN,diag_feasible,0,0,0,0,0,0,25,2.4767430942082896e-14,1.12.6,lbt,1,1,Intel(R) Core(TM) 7 150U,NT,6407b28
degen-r5-m1-d0-p1,100,SBB-Dual,1e-7*n,9.999999999999999e-6,81,82,0.0947755,0.09357370000000001,98.73195076786723,7.55e-5,4.24e-5,3.23e-5,0.0,0.0,0.0,0.001051599999999989,0.22537812013136188,9.594330295894837e-6,-9.746127850119168e-15,1.401576763537804e-6,0.0,9.790657433651421e-6,1.401576763537804e-6,100.0,diag_feasible,0,0,0,0,0,0,81,1.0434915276310958e-14,1.12.6,lbt,1,1,Intel(R) Core(TM) 7 150U,NT,6407b28
degen-r5-m1-d0-p1,100,Newton-SIN-BH,1e-7*n,9.999999999999999e-6,3,4,0.0055531,0.0046533,83.79643802560732,0.0,2.8e-6,0.0,0.000746,0.0,0.0,0.0001510000000000001,0.22537812061495288,1.1846265358527157e-8,-8.371935511539901e-15,6.665094476332456e-9,6.665094476332456e-9,6.978093845766951e-9,6.665094476332456e-9,NaN,converged,15,15,0,0,0,0,3,1.0434915276310958e-14,1.12.6,lbt,1,1,Intel(R) Core(TM) 7 150U,NT,6407b28
degen-r5-m1-d0-p1,100,Newton-SIN,1e-7*n,9.999999999999999e-6,3,7,0.0086393,0.0078075,90.37190513120275,0.0,3.2e-6,0.0,0.0007197,0.0,0.0,0.00010890000000000064,0.22537812061495288,1.1846265358527157e-8,-8.371935511539901e-15,6.665094476332456e-9,6.665094476332456e-9,6.978093845766951e-9,6.665094476332456e-9,NaN,converged,15,15,0,0,0,0,3,1.0434915276310958e-14,1.12.6,lbt,1,1,Intel(R) Core(TM) 7 150U,NT,6407b28
degen-r5-m1-d0-p1,100,AGD-SDAJ-BH,1e-7*n,9.999999999999999e-6,3,16,0.0167102,0.016480500000000002,98.62539048006607,0.0,8.2e-6,0.0,0.0,0.0,0.0,0.00022149999999999934,0.22537970474862073,7.403073057618071e-6,-9.280227477688755e-15,1.1649649088729674e-6,1.1649649088729674e-6,2.1218711303064265e-6,1.1649649088729674e-6,NaN,diag_feasible_at_xpre,0,0,1,1,0,0,3,1.0434915276310958e-14,1.12.6,lbt,1,1,Intel(R) Core(TM) 7 150U,NT,6407b28
degen-r5-m1-d0-p1,100,AGD-SDAJ,1e-7*n,9.999999999999999e-6,3,16,0.0177401,0.0174907,98.59414546704923,0.0,9.0e-6,0.0,0.0,0.0,0.0,0.00024040000000000031,0.22537970474862073,7.403073057618071e-6,-9.280227477688755e-15,1.1649649088729674e-6,1.1649649088729674e-6,2.1218711303064265e-6,1.1649649088729674e-6,NaN,diag_feasible_at_xpre,0,0,1,1,0,0,3,1.0434915276310958e-14,1.12.6,lbt,1,1,Intel(R) Core(TM) 7 150U,NT,6407b28
degen-r5-m1-d0-p1,100,Dykstra-APM,1e-7*n,9.999999999999999e-6,166,166,0.2131227,0.1803691,84.63157608269789,0.0,0.0,0.0,0.0,0.0263037,0.0,0.0064498999999999945,0.2253386245536633,4.262743106886378e-5,-9.970605013928741e-15,1.3642995191354146e-6,1.3642995191354146e-6,9.538646227532556e-6,1.3642995191354146e-6,NaN,diag_feasible,0,0,0,0,0,0,166,1.0434915276310958e-14,1.12.6,lbt,1,1,Intel(R) Core(TM) 7 150U,NT,6407b28
degen-r5-m1-d0-p1,100,Anderson-APM,1e-7*n,9.999999999999999e-6,27,27,0.0435435,0.0364744,83.76542997232652,0.0,0.0,0.0,0.0,0.0,0.0059441,0.0011250000000000019,0.22537536465249627,3.226653339040752e-5,-8.635174373123385e-15,4.133383939008972e-6,4.133383939008972e-6,9.057363989922848e-6,4.133383939008972e-6,NaN,diag_feasible,0,0,0,0,0,0,27,1.0434915276310958e-14,1.12.6,lbt,1,1,Intel(R) Core(TM) 7 150U,NT,6407b28
degen-r5-m1-d0-p2,100,SBB-Dual,1e-7*n,9.999999999999999e-6,75,76,0.0805183,0.0794685,98.69619701359814,6.34e-5,3.69e-5,3.15e-5,0.0,0.0,0.0,0.0009180000000000037,0.2364775209217153,1.3312398147643393e-5,-8.141981713355753e-15,1.4296096193522345e-6,0.0,9.448978087389877e-6,1.4296096193522345e-6,100.0,diag_feasible,0,0,0,0,0,0,75,1.466377258521647e-14,1.12.6,lbt,1,1,Intel(R) Core(TM) 7 150U,NT,6407b28
degen-r5-m1-d0-p2,100,Newton-SIN-BH,1e-7*n,9.999999999999999e-6,2,3,0.0071444,0.0062102,86.92402441072728,0.0,4.0e-6,0.0,0.0007006,0.0,0.0,0.00022960000000000049,0.23647690737924434,2.5520985153037383e-6,-8.739174298005412e-15,9.185642493303448e-7,9.185642493303448e-7,9.571410382750484e-7,9.185642493303448e-7,NaN,converged,9,9,0,0,0,0,2,1.466377258521647e-14,1.12.6,lbt,1,1,Intel(R) Core(TM) 7 150U,NT,6407b28
degen-r5-m1-d0-p2,100,Newton-SIN,1e-7*n,9.999999999999999e-6,2,5,0.0096208,0.0088471,91.95804922667553,0.0,3.7e-6,0.0,0.0006323,0.0,0.0,0.00013770000000000037,0.23647690737924434,2.5520985153037383e-6,-8.739174298005412e-15,9.185642493303448e-7,9.185642493303448e-7,9.571410382750484e-7,9.185642493303448e-7,NaN,converged,9,9,0,0,0,0,2,1.466377258521647e-14,1.12.6,lbt,1,1,Intel(R) Core(TM) 7 150U,NT,6407b28
degen-r5-m1-d0-p2,100,AGD-SDAJ-BH,1e-7*n,9.999999999999999e-6,3,27,0.0381916,0.0377202,98.765697169011,0.0,1.88e-5,0.0,0.0,0.0,0.0,0.0004525999999999968,0.23645585979874598,2.5265833100217833e-5,-8.612099255277183e-15,5.405580269401966e-6,5.405580269401966e-6,7.922956018555837e-6,5.405580269401966e-6,NaN,diag_feasible,0,0,8,8,0,0,3,1.466377258521647e-14,1.12.6,lbt,1,1,Intel(R) Core(TM) 7 150U,NT,6407b28
degen-r5-m1-d0-p2,100,AGD-SDAJ,1e-7*n,9.999999999999999e-6,3,27,0.0292043,0.0288493,98.78442558116443,0.0,1.2e-5,0.0,0.0,0.0,0.0,0.00034299999999999766,0.23645585979874598,2.5265833100217833e-5,-8.612099255277183e-15,5.405580269401966e-6,5.405580269401966e-6,7.922956018555837e-6,5.405580269401966e-6,NaN,diag_feasible,0,0,8,8,0,0,3,1.466377258521647e-14,1.12.6,lbt,1,1,Intel(R) Core(TM) 7 150U,NT,6407b28
degen-r5-m1-d0-p2,100,Dykstra-APM,1e-7*n,9.999999999999999e-6,153,153,0.2105801,0.178747,84.88313947994135,0.0,0.0,0.0,0.0,0.0255114,0.0,0.006321700000000003,0.23644001419260127,4.197139034642066e-5,-7.792413357349647e-15,1.4755507926622613e-6,1.4755507926622613e-6,9.775072777670933e-6,1.4755507926622613e-6,NaN,diag_feasible,0,0,0,0,0,0,153,1.466377258521647e-14,1.12.6,lbt,1,1,Intel(R) Core(TM) 7 150U,NT,6407b28
degen-r5-m1-d0-p2,100,Anderson-APM,1e-7*n,9.999999999999999e-6,17,17,0.0307252,0.0263603,85.7937458503118,0.0,0.0,0.0,0.0,0.0,0.0035961,0.0007688000000000013,0.23647539507169055,2.4503302464160294e-5,-9.528305036387437e-15,3.683373138718693e-6,3.683373138718693e-6,7.630523623367901e-6,3.683373138718693e-6,NaN,diag_feasible,0,0,0,0,0,0,17,1.466377258521647e-14,1.12.6,lbt,1,1,Intel(R) Core(TM) 7 150U,NT,6407b28
degen-r5-m1-d0-p3,100,SBB-Dual,1e-7*n,9.999999999999999e-6,76,77,0.0748193,0.0738308,98.67881682934751,5.51e-5,3.39e-5,3.25e-5,0.0,0.0,0.0,0.0008670000000000033,0.23633840153210608,1.450665208312333e-5,-1.1881691906641261e-14,1.6582679052135063e-6,0.0,9.909159896588458e-6,1.6582679052135063e-6,100.0,diag_feasible,0,0,0,0,0,0,76,1.6628161271769187e-14,1.12.6,lbt,1,1,Intel(R) Core(TM) 7 150U,NT,6407b28
degen-r5-m1-d0-p3,100,Newton-SIN-BH,1e-7*n,9.999999999999999e-6,2,3,0.0042001,0.0035528,84.58846217947192,0.0,2.7e-6,0.0,0.0004994,0.0,0.0,0.00014519999999999995,0.23633761455749489,3.039805552035518e-6,-9.436909881420164e-15,5.001490119838081e-7,5.001490119838081e-7,9.525295859522458e-7,5.001490119838081e-7,NaN,converged,9,9,0,0,0,0,2,1.6628161271769187e-14,1.12.6,lbt,1,1,Intel(R) Core(TM) 7 150U,NT,6407b28
degen-r5-m1-d0-p3,100,Newton-SIN,1e-7*n,9.999999999999999e-6,2,5,0.0071782,0.0064722,90.16466523641024,0.0,3.7e-6,0.0,0.0005912,0.0,0.0,0.00011110000000000004,0.23633761455749489,3.039805552035518e-6,-9.436909881420164e-15,5.001490119838081e-7,5.001490119838081e-7,9.525295859522458e-7,5.001490119838081e-7,NaN,converged,9,9,0,0,0,0,2,1.6628161271769187e-14,1.12.6,lbt,1,1,Intel(R) Core(TM) 7 150U,NT,6407b28
degen-r5-m1-d0-p3,100,AGD-SDAJ-BH,1e-7*n,9.999999999999999e-6,3,25,0.0272611,0.026922,98.75610301858693,0.0,1.12e-5,0.0,0.0,0.0,0.0,0.00032789999999999843,0.2363089541471988,3.407450785356599e-5,-9.341635034685018e-15,3.920151702585528e-6,3.920151702585528e-6,9.371650059650305e-6,3.920151702585528e-6,NaN,diag_feasible,0,0,6,6,0,0,3,1.6628161271769187e-14,1.12.6,lbt,1,1,Intel(R) Core(TM) 7 150U,NT,6407b28
degen-r5-m1-d0-p3,100,AGD-SDAJ,1e-7*n,9.999999999999999e-6,3,25,0.039449,0.0389822,98.81670004309363,0.0,1.89e-5,0.0,0.0,0.0,0.0,0.0004478999999999964,0.2363089541471988,3.407450785356599e-5,-9.341635034685018e-15,3.920151702585528e-6,3.920151702585528e-6,9.371650059650305e-6,3.920151702585528e-6,NaN,diag_feasible,0,0,6,6,0,0,3,1.6628161271769187e-14,1.12.6,lbt,1,1,Intel(R) Core(TM) 7 150U,NT,6407b28
degen-r5-m1-d0-p3,100,Dykstra-APM,1e-7*n,9.999999999999999e-6,156,156,0.2145778,0.1810628,84.38095646427541,0.0,0.0,0.0,0.0,0.0268869,0.0,0.006628100000000019,0.23630164362233688,4.197290480073261e-5,-9.869639843774553e-15,1.6150375476975398e-6,1.6150375476975398e-6,9.672484239096089e-6,1.6150375476975398e-6,NaN,diag_feasible,0,0,0,0,0,0,156,1.6628161271769187e-14,1.12.6,lbt,1,1,Intel(R) Core(TM) 7 150U,NT,6407b28
degen-r5-m1-d0-p3,100,Anderson-APM,1e-7*n,9.999999999999999e-6,37,37,0.0545652,0.0457974,83.93151679092169,0.0,0.0,0.0,0.0,0.0,0.0076333,0.0011344999999999992,0.23636850748374771,3.9308201799036625e-5,-9.369087221322488e-15,2.9299284252104485e-6,2.9299284252104485e-6,9.086209073731112e-6,2.9299284252104485e-6,NaN,diag_feasible,0,0,0,0,0,0,37,1.6628161271769187e-14,1.12.6,lbt,1,1,Intel(R) Core(TM) 7 150U,NT,6407b28
degen-r5-m1-d0-p4,100,SBB-Dual,1e-7*n,9.999999999999999e-6,77,78,0.078705,0.077695,98.71672701861381,5.71e-5,3.17e-5,3.2e-5,0.0,0.0,0.0,0.000889199999999997,0.23581793008793583,1.126420305721281e-5,-8.638815529692223e-15,1.3008642898437728e-6,0.0,9.158009621781297e-6,1.3008642898437728e-6,100.0,diag_feasible,0,0,0,0,0,0,77,2.045764801053716e-14,1.12.6,lbt,1,1,Intel(R) Core(TM) 7 150U,NT,6407b28
degen-r5-m1-d0-p4,100,Newton-SIN-BH,1e-7*n,9.999999999999999e-6,2,3,0.0111928,0.0104073,92.98209563290686,0.0,2.3e-6,0.0,0.0006596,0.0,0.0,0.00012359999999999975,0.23581612265523286,8.448784401368772e-6,-7.990588265996233e-15,1.5664838365347933e-6,1.5664838365347933e-6,2.851237490527506e-6,1.5664838365347933e-6,NaN,converged,8,8,0,0,0,0,2,2.045764801053716e-14,1.12.6,lbt,1,1,Intel(R) Core(TM) 7 150U,NT,6407b28
degen-r5-m1-d0-p4,100,Newton-SIN,1e-7*n,9.999999999999999e-6,2,5,0.0067715,0.0062661999999999995,92.53784242782248,0.0,2.5e-6,0.0,0.0003936,0.0,0.0,0.00010920000000000016,0.23581612265523286,8.448784401368772e-6,-7.990588265996233e-15,1.5664838365347933e-6,1.5664838365347933e-6,2.851237490527506e-6,1.5664838365347933e-6,NaN,converged,8,8,0,0,0,0,2,2.045764801053716e-14,1.12.6,lbt,1,1,Intel(R) Core(TM) 7 150U,NT,6407b28
degen-r5-m1-d0-p4,100,AGD-SDAJ-BH,1e-7*n,9.999999999999999e-6,4,28,0.035247,0.0348386,98.8413198286379,0.0,1.58e-5,0.0,0.0,0.0,0.0,0.0003926000000000032,0.2358018522746701,2.076067625289162e-5,-1.0073197867823531e-14,1.6209749428286457e-6,1.6209749428286457e-6,5.1457439989984006e-6,1.6209749428286457e-6,NaN,diag_feasible_at_xpre,0,0,7,7,0,0,4,2.045764801053716e-14,1.12.6,lbt,1,1,Intel(R) Core(TM) 7 150U,NT,6407b28
degen-r5-m1-d0-p4,100,AGD-SDAJ,1e-7*n,9.999999999999999e-6,4,28,0.0381191,0.0376587,98.79220653163375,0.0,1.68e-5,0.0,0.0,0.0,0.0,0.0004435999999999997,0.2358018522746701,2.076067625289162e-5,-1.0073197867823531e-14,1.6209749428286457e-6,1.6209749428286457e-6,5.1457439989984006e-6,1.6209749428286457e-6,NaN,diag_feasible_at_xpre,0,0,7,7,0,0,4,2.045764801053716e-14,1.12.6,lbt,1,1,Intel(R) Core(TM) 7 150U,NT,6407b28
degen-r5-m1-d0-p4,100,Dykstra-APM,1e-7*n,9.999999999999999e-6,156,156,0.2232166,0.1897403,85.00277309124859,0.0,0.0,0.0,0.0,0.0268357,0.0,0.006640599999999986,0.23577931822510625,4.337284068111353e-5,-7.940031829007612e-15,1.417018437033235e-6,1.417018437033235e-6,9.987374311648801e-6,1.417018437033235e-6,NaN,diag_feasible,0,0,0,0,0,0,156,2.045764801053716e-14,1.12.6,lbt,1,1,Intel(R) Core(TM) 7 150U,NT,6407b28
degen-r5-m1-d0-p4,100,Anderson-APM,1e-7*n,9.999999999999999e-6,23,23,0.0361688,0.0306519,84.74679834553537,0.0,0.0,0.0,0.0,0.0,0.0046753,0.0008416000000000014,0.23584132880571365,2.9559104529390788e-5,-7.794434763683823e-15,1.5503945478556602e-6,1.5503945478556602e-6,7.4040526264067264e-6,1.5503945478556602e-6,NaN,diag_feasible,0,0,0,0,0,0,23,2.045764801053716e-14,1.12.6,lbt,1,1,Intel(R) Core(TM) 7 150U,NT,6407b28
degen-r5-m5-d0.01-p0,100,SBB-Dual,1e-7*n,9.999999999999999e-6,77,78,0.0755046,0.07455189999999999,98.73822257186977,5.59e-5,3.48e-5,3.26e-5,0.0,0.0,0.0,0.0008294000000000146,0.27435319710646744,9.166184932060584e-6,-8.772769907498124e-15,1.3995622967222232e-6,0.0,9.996212365190822e-6,1.3995622967222232e-6,100.0,diag_feasible,0,0,0,0,0,0,77,2.410258133348075e-14,1.12.6,lbt,1,1,Intel(R) Core(TM) 7 150U,NT,6407b28
degen-r5-m5-d0.01-p0,100,Newton-SIN-BH,1e-7*n,9.999999999999999e-6,2,3,0.0044922,0.0038751,86.26285561640175,0.0,2.9e-6,0.0,0.000475,0.0,0.0,0.00013920000000000019,0.2743535965463352,2.454544489649023e-5,-1.1701737462852147e-14,4.105405202237122e-6,4.105405202237122e-6,7.701650647467615e-6,4.105405202237122e-6,NaN,converged,8,8,0,0,0,0,2,2.410258133348075e-14,1.12.6,lbt,1,1,Intel(R) Core(TM) 7 150U,NT,6407b28
degen-r5-m5-d0.01-p0,100,Newton-SIN,1e-7*n,9.999999999999999e-6,2,5,0.0068013,0.006222,91.4825106964845,0.0,2.7e-6,0.0,0.0004198,0.0,0.0,0.00015679999999999958,0.2743535965463352,2.454544489649023e-5,-1.1701737462852147e-14,4.105405202237122e-6,4.105405202237122e-6,7.701650647467615e-6,4.105405202237122e-6,NaN,converged,8,8,0,0,0,0,2,2.410258133348075e-14,1.12.6,lbt,1,1,Intel(R) Core(TM) 7 150U,NT,6407b28
degen-r5-m5-d0.01-p0,100,AGD-SDAJ-BH,1e-7*n,9.999999999999999e-6,4,33,0.0378266,0.0373609,98.76885577873772,0.0,1.7e-5,0.0,0.0,0.0,0.0,0.00044869999999999947,0.2743472327931923,9.239630096443557e-6,-1.0953223859329519e-14,7.708753989588146e-7,7.708753989588146e-7,2.3111253633736038e-6,7.708753989588146e-7,NaN,diag_feasible,0,0,8,8,0,0,4,2.410258133348075e-14,1.12.6,lbt,1,1,Intel(R) Core(TM) 7 150U,NT,6407b28
degen-r5-m5-d0.01-p0,100,AGD-SDAJ,1e-7*n,9.999999999999999e-6,4,33,0.0504337,0.0498426,98.82796622099906,0.0,2.21e-5,0.0,0.0,0.0,0.0,0.0005689999999999971,0.2743472327931923,9.239630096443557e-6,-1.0953223859329519e-14,7.708753989588146e-7,7.708753989588146e-7,2.3111253633736038e-6,7.708753989588146e-7,NaN,diag_feasible,0,0,8,8,0,0,4,2.410258133348075e-14,1.12.6,lbt,1,1,Intel(R) Core(TM) 7 150U,NT,6407b28
degen-r5-m5-d0.01-p0,100,Dykstra-APM,1e-7*n,9.999999999999999e-6,158,158,0.2044939,0.1701352,83.19817852757465,0.0,0.0,0.0,0.0,0.0277899,0.0,0.0065688000000000205,0.2743212704527458,4.425204773909659e-5,-7.307967811639437e-15,1.371524829263393e-6,1.371524829263393e-6,9.804167922403048e-6,1.371524829263393e-6,NaN,diag_feasible,0,0,0,0,0,0,158,2.410258133348075e-14,1.12.6,lbt,1,1,Intel(R) Core(TM) 7 150U,NT,6407b28
degen-r5-m5-d0.01-p0,100,Anderson-APM,1e-7*n,9.999999999999999e-6,20,20,0.0285011,0.0240765,84.4756869033125,0.0,0.0,0.0,0.0,0.0,0.0034776,0.0009470000000000008,0.27432858975185165,4.0008047529901775e-5,-1.0423673904878953e-14,3.0898952199098773e-6,3.0898952199098773e-6,9.796566094176493e-6,3.0898952199098773e-6,NaN,diag_feasible,0,0,0,0,0,0,20,2.410258133348075e-14,1.12.6,lbt,1,1,Intel(R) Core(TM) 7 150U,NT,6407b28
degen-r5-m5-d0.01-p1,100,SBB-Dual,1e-7*n,9.999999999999999e-6,77,78,0.0869105,0.0846006,97.34220836377654,5.75e-5,3.5e-5,0.0001101,0.0,0.0,0.0,0.002107300000000004,0.2703201783062961,8.31791122198786e-6,-7.65004411710488e-15,1.3163946745997634e-6,0.0,9.447548934617398e-6,1.3163946745997634e-6,100.0,diag_feasible,0,0,0,0,0,0,77,1.3321288444433422e-14,1.12.6,lbt,1,1,Intel(R) Core(TM) 7 150U,NT,6407b28
degen-r5-m5-d0.01-p1,100,Newton-SIN-BH,1e-7*n,9.999999999999999e-6,2,3,0.0041904,0.0036042,86.01088201603665,0.0,2.2e-6,0.0,0.0004227,0.0,0.0,0.00016130000000000023,0.2703188121012678,1.877935057679604e-5,-1.0467757457231199e-14,2.919321680172615e-6,2.919321680172615e-6,5.992188972837227e-6,2.919321680172615e-6,NaN,converged,8,8,0,0,0,0,2,1.3321288444433422e-14,1.12.6,lbt,1,1,Intel(R) Core(TM) 7 150U,NT,6407b28
degen-r5-m5-d0.01-p1,100,Newton-SIN,1e-7*n,9.999999999999999e-6,2,5,0.0064516,0.0059083,91.57883315766631,0.0,3.1e-6,0.0,0.0004221,0.0,0.0,0.0001181,0.2703188121012678,1.877935057679604e-5,-1.0467757457231199e-14,2.919321680172615e-6,2.919321680172615e-6,5.992188972837227e-6,2.919321680172615e-6,NaN,converged,8,8,0,0,0,0,2,1.3321288444433422e-14,1.12.6,lbt,1,1,Intel(R) Core(TM) 7 150U,NT,6407b28
degen-r5-m5-d0.01-p1,100,AGD-SDAJ-BH,1e-7*n,9.999999999999999e-6,4,28,0.0314203,0.0310285,98.75303545796827,0.0,1.34e-5,0.0,0.0,0.0,0.0,0.0003783999999999977,0.2703029016350862,3.265884644282347e-5,-1.0893918151452026e-14,4.647142443969798e-6,4.647142443969798e-6,9.54968870492087e-6,4.647142443969798e-6,NaN,diag_feasible_at_xpre,0,0,7,7,0,0,4,1.3321288444433422e-14,1.12.6,lbt,1,1,Intel(R) Core(TM) 7 150U,NT,6407b28
degen-r5-m5-d0.01-p1,100,AGD-SDAJ,1e-7*n,9.999999999999999e-6,4,28,0.0447342,0.0442079,98.82349522289434,0.0,2.09e-5,0.0,0.0,0.0,0.0,0.0005054000000000004,0.2703029016350862,3.265884644282347e-5,-1.0893918151452026e-14,4.647142443969798e-6,4.647142443969798e-6,9.54968870492087e-6,4.647142443969798e-6,NaN,diag_feasible_at_xpre,0,0,7,7,0,0,4,1.3321288444433422e-14,1.12.6,lbt,1,1,Intel(R) Core(TM) 7 150U,NT,6407b28
degen-r5-m5-d0.01-p1,100,Dykstra-APM,1e-7*n,9.999999999999999e-6,157,157,0.2127958,0.1813213,85.20905957730369,0.0,0.0,0.0,0.0,0.0249536,0.0,0.006520900000000017,0.2702877681633255,4.398145426851271e-5,-1.0866434280780404e-14,1.3604344919482259e-6,1.3604344919482259e-6,9.769282176290357e-6,1.3604344919482259e-6,NaN,diag_feasible,0,0,0,0,0,0,157,1.3321288444433422e-14,1.12.6,lbt,1,1,Intel(R) Core(TM) 7 150U,NT,6407b28
degen-r5-m5-d0.01-p1,100,Anderson-APM,1e-7*n,9.999999999999999e-6,19,19,0.0218847,0.0184363,84.24287287465671,0.0,0.0,0.0,0.0,0.0,0.0027788,0.0006696000000000007,0.2703308671865881,2.087716088406643e-5,-9.501703570032638e-15,2.824346777563491e-6,2.824346777563491e-6,5.678323815394815e-6,2.824346777563491e-6,NaN,diag_feasible,0,0,0,0,0,0,19,1.3321288444433422e-14,1.12.6,lbt,1,1,Intel(R) Core(TM) 7 150U,NT,6407b28
degen-r5-m5-d0.01-p2,100,SBB-Dual,1e-7*n,9.999999999999999e-6,76,77,0.0929281,0.0916969,98.67510473150747,7.51e-5,4.51e-5,7.93e-5,0.0,0.0,0.0,0.0010317000000000017,0.2804626432659139,8.148456336667952e-6,-1.1016697631741325e-14,1.4023318890554748e-6,0.0,9.792434243441205e-6,1.4023318890554748e-6,100.0,diag_feasible,0,0,0,0,0,0,76,9.444729326359476e-15,1.12.6,lbt,1,1,Intel(R) Core(TM) 7 150U,NT,6407b28
degen-r5-m5-d0.01-p2,100,Newton-SIN-BH,1e-7*n,9.999999999999999e-6,2,3,0.0038537,0.0032833,85.19864026779459,0.0,2.3e-6,0.0,0.0004276,0.0,0.0,0.0001405,0.2804623706197273,8.076352068783846e-6,-8.360168663603647e-15,1.1196277125424814e-6,1.1196277125424814e-6,2.514433446721504e-6,1.1196277125424814e-6,NaN,converged,8,8,0,0,0,0,2,9.444729326359476e-15,1.12.6,lbt,1,1,Intel(R) Core(TM) 7 150U,NT,6407b28
degen-r5-m5-d0.01-p2,100,Newton-SIN,1e-7*n,9.999999999999999e-6,2,5,0.0094714,0.0086753,91.59469560994151,0.0,5.0e-6,0.0,0.0006547,0.0,0.0,0.0001363999999999992,0.2804623706197273,8.076352068783846e-6,-8.360168663603647e-15,1.1196277125424814e-6,1.1196277125424814e-6,2.514433446721504e-6,1.1196277125424814e-6,NaN,converged,8,8,0,0,0,0,2,9.444729326359476e-15,1.12.6,lbt,1,1,Intel(R) Core(TM) 7 150U,NT,6407b28
degen-r5-m5-d0.01-p2,100,AGD-SDAJ-BH,1e-7*n,9.999999999999999e-6,4,25,0.0466542,0.0462542,99.1426281020787,0.0,1.52e-5,0.0,0.0,0.0,0.0,0.0003847999999999976,0.2804541707015885,1.726340055303648e-5,-8.7977199230787e-15,2.824889257846408e-6,2.824889257846408e-6,4.96867621143378e-6,2.824889257846408e-6,NaN,diag_feasible_at_xpre,0,0,4,4,0,0,4,9.444729326359476e-15,1.12.6,lbt,1,1,Intel(R) Core(TM) 7 150U,NT,6407b28
degen-r5-m5-d0.01-p2,100,AGD-SDAJ,1e-7*n,9.999999999999999e-6,4,25,0.0258234,0.0254961,98.73254490113618,0.0,1.09e-5,0.0,0.0,0.0,0.0,0.0003163999999999991,0.2804541707015885,1.726340055303648e-5,-8.7977199230787e-15,2.824889257846408e-6,2.824889257846408e-6,4.96867621143378e-6,2.824889257846408e-6,NaN,diag_feasible_at_xpre,0,0,4,4,0,0,4,9.444729326359476e-15,1.12.6,lbt,1,1,Intel(R) Core(TM) 7 150U,NT,6407b28
degen-r5-m5-d0.01-p2,100,Dykstra-APM,1e-7*n,9.999999999999999e-6,156,156,0.2061917,0.1712123,83.0354956091831,0.0,0.0,0.0,0.0,0.0285618,0.0,0.0064175999999999955,0.28043183666127275,4.330096504931574e-5,-8.913482715949857e-15,1.375338721576469e-6,1.375338721576469e-6,9.628157305788067e-6,1.375338721576469e-6,NaN,diag_feasible,0,0,0,0,0,0,156,9.444729326359476e-15,1.12.6,lbt,1,1,Intel(R) Core(TM) 7 150U,NT,6407b28
degen-r5-m5-d0.01-p2,100,Anderson-APM,1e-7*n,9.999999999999999e-6,19,19,0.0227198,0.0191408,84.24722048609584,0.0,0.0,0.0,0.0,0.0,0.0028525,0.0007264999999999988,0.2804646011030332,4.604067386007986e-6,-7.637556339187152e-15,3.810450476260385e-7,3.810450476260385e-7,1.328375912201954e-6,3.810450476260385e-7,NaN,diag_feasible,0,0,0,0,0,0,19,9.444729326359476e-15,1.12.6,lbt,1,1,Intel(R) Core(TM) 7 150U,NT,6407b28
degen-r5-m5-d0.01-p3,100,SBB-Dual,1e-7*n,9.999999999999999e-6,77,78,0.084127,0.0830182,98.68199270151081,6.44e-5,3.8e-5,3.17e-5,0.0,0.0,0.0,0.0009746999999999931,0.28088559337839714,1.109532589399988e-5,-1.1226610011809994e-14,1.4405772523762295e-6,0.0,9.550678224853681e-6,1.4405772523762295e-6,100.0,diag_feasible,0,0,0,0,0,0,77,1.4655364458042813e-14,1.12.6,lbt,1,1,Intel(R) Core(TM) 7 150U,NT,6407b28
degen-r5-m5-d0.01-p3,100,Newton-SIN-BH,1e-7*n,9.999999999999999e-6,2,3,0.0044891,0.0039217,87.360495422245,0.0,3.5e-6,0.0,0.0004275,0.0,0.0,0.0001364,0.28088483829019784,3.173064048727204e-5,-8.656290912910722e-15,3.971970691019067e-6,3.971970691019067e-6,9.736849679607024e-6,3.971970691019067e-6,NaN,converged,7,7,0,0,0,0,2,1.4655364458042813e-14,1.12.6,lbt,1,1,Intel(R) Core(TM) 7 150U,NT,6407b28
degen-r5-m5-d0.01-p3,100,Newton-SIN,1e-7*n,9.999999999999999e-6,2,5,0.0072211,0.0067064,92.87227707689964,0.0,3.5e-6,0.0,0.00039,0.0,0.0,0.00012119999999999986,0.28088483829019784,3.173064048727204e-5,-8.656290912910722e-15,3.971970691019067e-6,3.971970691019067e-6,9.736849679607024e-6,3.971970691019067e-6,NaN,converged,7,7,0,0,0,0,2,1.4655364458042813e-14,1.12.6,lbt,1,1,Intel(R) Core(TM) 7 150U,NT,6407b28
degen-r5-m5-d0.01-p3,100,AGD-SDAJ-BH,1e-7*n,9.999999999999999e-6,4,32,0.0363452,0.0358928,98.75526892134313,0.0,1.55e-5,0.0,0.0,0.0,0.0,0.00043689999999999864,0.28087874722371525,1.0435935791235958e-5,-9.719596654054728e-15,7.452958374898344e-7,7.452958374898344e-7,2.49673661593083e-6,7.452958374898344e-7,NaN,diag_feasible,0,0,7,7,0,0,4,1.4655364458042813e-14,1.12.6,lbt,1,1,Intel(R) Core(TM) 7 150U,NT,6407b28
degen-r5-m5-d0.01-p3,100,AGD-SDAJ,1e-7*n,9.999999999999999e-6,4,32,0.0340806,0.0336616,98.77056155114639,0.0,1.35e-5,0.0,0.0,0.0,0.0,0.0004055000000000027,0.28087874722371525,1.0435935791235958e-5,-9.719596654054728e-15,7.452958374898344e-7,7.452958374898344e-7,2.49673661593083e-6,7.452958374898344e-7,NaN,diag_feasible,0,0,7,7,0,0,4,1.4655364458042813e-14,1.12.6,lbt,1,1,Intel(R) Core(TM) 7 150U,NT,6407b28
degen-r5-m5-d0.01-p3,100,Dykstra-APM,1e-7*n,9.999999999999999e-6,157,157,0.2089345,0.1766492,84.54764531467997,0.0,0.0,0.0,0.0,0.0257889,0.0,0.006496399999999989,0.2808544481278585,4.467400537541889e-5,-9.962107959643668e-15,1.478664461762591e-6,1.478664461762591e-6,9.864883077379432e-6,1.478664461762591e-6,NaN,diag_feasible,0,0,0,0,0,0,157,1.4655364458042813e-14,1.12.6,lbt,1,1,Intel(R) Core(TM) 7 150U,NT,6407b28
degen-r5-m5-d0.01-p3,100,Anderson-APM,1e-7*n,9.999999999999999e-6,20,20,0.0249143,0.0209866,84.23515812204236,0.0,0.0,0.0,0.0,0.0,0.0030281,0.0008995999999999991,0.2808639211663981,3.8430009023260197e-5,-7.91631919350517e-15,3.0122619405492657e-6,3.0122619405492657e-6,9.175369836934526e-6,3.0122619405492657e-6,NaN,diag_feasible,0,0,0,0,0,0,20,1.4655364458042813e-14,1.12.6,lbt,1,1,Intel(R) Core(TM) 7 150U,NT,6407b28
degen-r5-m5-d0.01-p4,100,SBB-Dual,1e-7*n,9.999999999999999e-6,76,77,0.0834432,0.0824047,98.75544082681394,6.12e-5,3.58e-5,3.36e-5,0.0,0.0,0.0,0.0009078999999999978,0.28102326919967696,7.3791254580307075e-6,-9.873747552612602e-15,1.274032063403041e-6,0.0,9.749206052644805e-6,1.274032063403041e-6,100.0,diag_feasible,0,0,0,0,0,0,76,1.6344428713849536e-14,1.12.6,lbt,1,1,Intel(R) Core(TM) 7 150U,NT,6407b28
degen-r5-m5-d0.01-p4,100,Newton-SIN-BH,1e-7*n,9.999999999999999e-6,2,3,0.0061017,0.0052943999999999995,86.7692610256158,0.0,3.4e-6,0.0,0.0006102,0.0,0.0,0.00019370000000000043,0.281021940254584,1.3261769828538836e-5,-6.8664583740271375e-15,2.405187279119758e-6,2.405187279119758e-6,4.202018393468171e-6,2.405187279119758e-6,NaN,converged,7,7,0,0,0,0,2,1.6344428713849536e-14,1.12.6,lbt,1,1,Intel(R) Core(TM) 7 150U,NT,6407b28
degen-r5-m5-d0.01-p4,100,Newton-SIN,1e-7*n,9.999999999999999e-6,2,5,0.0065972,0.0060781,92.13151033771904,0.0,2.8e-6,0.0,0.0004057,0.0,0.0,0.00011059999999999982,0.281021940254584,1.3261769828538836e-5,-6.8664583740271375e-15,2.405187279119758e-6,2.405187279119758e-6,4.202018393468171e-6,2.405187279119758e-6,NaN,converged,7,7,0,0,0,0,2,1.6344428713849536e-14,1.12.6,lbt,1,1,Intel(R) Core(TM) 7 150U,NT,6407b28
degen-r5-m5-d0.01-p4,100,AGD-SDAJ-BH,1e-7*n,9.999999999999999e-6,4,31,0.0341866,0.033751500000000004,98.72727910935866,0.0,1.47e-5,0.0,0.0,0.0,0.0,0.00042039999999999385,0.2810149273134528,2.594015669209441e-5,-8.274474265250418e-15,2.904112596957553e-6,2.904112596957553e-6,7.933209161648063e-6,2.904112596957553e-6,NaN,diag_feasible_at_xpre,0,0,8,8,0,0,4,1.6344428713849536e-14,1.12.6,lbt,1,1,Intel(R) Core(TM) 7 150U,NT,6407b28
degen-r5-m5-d0.01-p4,100,AGD-SDAJ,1e-7*n,9.999999999999999e-6,4,31,0.0424103,0.0419324,98.87315109772862,0.0,1.7e-5,0.0,0.0,0.0,0.0,0.0004608999999999964,0.2810149273134528,2.594015669209441e-5,-8.274474265250418e-15,2.904112596957553e-6,2.904112596957553e-6,7.933209161648063e-6,2.904112596957553e-6,NaN,diag_feasible_at_xpre,0,0,8,8,0,0,4,1.6344428713849536e-14,1.12.6,lbt,1,1,Intel(R) Core(TM) 7 150U,NT,6407b28
degen-r5-m5-d0.01-p4,100,Dykstra-APM,1e-7*n,9.999999999999999e-6,156,156,0.2039747,0.1707854,83.72871733602256,0.0,0.0,0.0,0.0,0.0267419,0.0,0.006447400000000006,0.28099263879074793,4.310650295505352e-5,-7.687662931093042e-15,1.2508859974502684e-6,1.2508859974502684e-6,9.585731469533106e-6,1.2508859974502684e-6,NaN,diag_feasible,0,0,0,0,0,0,156,1.6344428713849536e-14,1.12.6,lbt,1,1,Intel(R) Core(TM) 7 150U,NT,6407b28
degen-r5-m5-d0.01-p4,100,Anderson-APM,1e-7*n,9.999999999999999e-6,18,18,0.0202254,0.0169237,83.67547737003964,0.0,0.0,0.0,0.0,0.0,0.0025876,0.0007141000000000014,0.281002299624357,3.5399391006554254e-5,-8.828466236436583e-15,3.444390306084344e-6,3.444390306084344e-6,9.108092230053112e-6,3.444390306084344e-6,NaN,diag_feasible,0,0,0,0,0,0,18,1.6344428713849536e-14,1.12.6,lbt,1,1,Intel(R) Core(TM) 7 150U,NT,6407b28
degen-r5-m5-d0.0001-p0,100,SBB-Dual,1e-7*n,9.999999999999999e-6,66,67,0.0653409,0.0643812,98.53124153478143,0.0001073,3.57e-5,3.4e-5,0.0,0.0,0.0,0.0007826999999999938,0.2868412188591729,8.638548156766544e-6,-8.715415271468826e-15,1.5222725737729093e-6,0.0,9.517975909856852e-6,1.5222725737729093e-6,100.0,diag_feasible,0,0,0,0,0,0,66,3.025841516210221e-14,1.12.6,lbt,1,1,Intel(R) Core(TM) 7 150U,NT,6407b28
degen-r5-m5-d0.0001-p0,100,Newton-SIN-BH,1e-7*n,9.999999999999999e-6,4,5,0.0067127,0.0054447,81.1104324638372,0.0,3.8e-6,0.0,0.001092,0.0,0.0,0.00017219999999999996,0.28684121873717666,5.075580132022534e-10,-9.640502062574313e-15,1.5542522824318894e-10,1.5542522824318894e-10,1.714009715340847e-10,1.5542522824318894e-10,NaN,converged,22,22,0,0,0,0,4,3.025841516210221e-14,1.12.6,lbt,1,1,Intel(R) Core(TM) 7 150U,NT,6407b28
degen-r5-m5-d0.0001-p0,100,Newton-SIN,1e-7*n,9.999999999999999e-6,4,9,0.0135086,0.0120994,89.56812697096665,0.0,4.8e-6,0.0,0.0012452,0.0,0.0,0.00015920000000000127,0.28684121873717666,5.075580132022534e-10,-9.640502062574313e-15,1.5542522824318894e-10,1.5542522824318894e-10,1.714009715340847e-10,1.5542522824318894e-10,NaN,converged,22,22,0,0,0,0,4,3.025841516210221e-14,1.12.6,lbt,1,1,Intel(R) Core(TM) 7 150U,NT,6407b28
degen-r5-m5-d0.0001-p0,100,AGD-SDAJ-BH,1e-7*n,9.999999999999999e-6,4,36,0.0474854,0.0469191,98.80742291314805,0.0,2.13e-5,0.0,0.0,0.0,0.0,0.0005449999999999987,0.2868286654558149,2.4889481082126808e-5,-7.372605609906427e-15,3.3249934179302443e-6,3.3249934179302443e-6,6.806062289571755e-6,3.3249934179302443e-6,NaN,diag_feasible,0,0,11,11,0,0,4,3.025841516210221e-14,1.12.6,lbt,1,1,Intel(R) Core(TM) 7 150U,NT,6407b28
degen-r5-m5-d0.0001-p0,100,AGD-SDAJ,1e-7*n,9.999999999999999e-6,4,36,0.0517902,0.0511478,98.75961089163586,0.0,2.42e-5,0.0,0.0,0.0,0.0,0.0006182000000000013,0.2868286654558149,2.4889481082126808e-5,-7.372605609906427e-15,3.3249934179302443e-6,3.3249934179302443e-6,6.806062289571755e-6,3.3249934179302443e-6,NaN,diag_feasible,0,0,11,11,0,0,4,3.025841516210221e-14,1.12.6,lbt,1,1,Intel(R) Core(TM) 7 150U,NT,6407b28
degen-r5-m5-d0.0001-p0,100,Dykstra-APM,1e-7*n,9.999999999999999e-6,135,135,0.1900094,0.1580711,83.19120001431509,0.0,0.0,0.0,0.0,0.0229883,0.0,0.008950000000000003,0.2868106191090024,4.448201173144829e-5,-8.200650119545669e-15,1.5916098670132328e-6,1.5916098670132328e-6,9.880559875725237e-6,1.5916098670132328e-6,NaN,diag_feasible,0,0,0,0,0,0,135,3.025841516210221e-14,1.12.6,lbt,1,1,Intel(R) Core(TM) 7 150U,NT,6407b28
degen-r5-m5-d0.0001-p0,100,Anderson-APM,1e-7*n,9.999999999999999e-6,38,38,0.0447602,0.0374381,83.64149400583555,0.0,0.0,0.0,0.0,0.0,0.0062684,0.0010536999999999977,0.28685244474823496,3.402596529129425e-5,-1.0649646791265386e-14,2.6779387255482234e-6,2.6779387255482234e-6,9.645617042444114e-6,2.6779387255482234e-6,NaN,diag_feasible,0,0,0,0,0,0,38,3.025841516210221e-14,1.12.6,lbt,1,1,Intel(R) Core(TM) 7 150U,NT,6407b28
degen-r5-m5-d0.0001-p1,100,SBB-Dual,1e-7*n,9.999999999999999e-6,65,66,0.0852343,0.0841449,98.72187605224656,6.73e-5,3.84e-5,3.07e-5,0.0,0.0,0.0,0.0009530000000000042,0.28205111205457684,7.84672546569621e-6,-1.1209031147688451e-14,1.4510045509563696e-6,0.0,9.043368608032496e-6,1.4510045509563696e-6,100.0,diag_feasible,0,0,0,0,0,0,65,2.6835723406625714e-14,1.12.6,lbt,1,1,Intel(R) Core(TM) 7 150U,NT,6407b28
degen-r5-m5-d0.0001-p1,100,Newton-SIN-BH,1e-7*n,9.999999999999999e-6,4,5,0.0077342,0.0058295,75.37301854102557,0.0,4.8e-6,0.0,0.0016968,0.0,0.0,0.00020310000000000055,0.2820511119393513,2.815846920175259e-10,-1.0908138999273271e-14,7.76352315767781e-11,7.76352315767781e-11,8.852832716971753e-11,7.76352315767781e-11,NaN,converged,22,22,0,0,0,0,4,2.6835723406625714e-14,1.12.6,lbt,1,1,Intel(R) Core(TM) 7 150U,NT,6407b28
degen-r5-m5-d0.0001-p1,100,Newton-SIN,1e-7*n,9.999999999999999e-6,4,9,0.0181571,0.0160572,88.43482714750704,0.0,7.6e-6,0.0,0.0018707,0.0,0.0,0.00022159999999999823,0.2820511119393513,2.815846920175259e-10,-1.0908138999273271e-14,7.76352315767781e-11,7.76352315767781e-11,8.852832716971753e-11,7.76352315767781e-11,NaN,converged,22,22,0,0,0,0,4,2.6835723406625714e-14,1.12.6,lbt,1,1,Intel(R) Core(TM) 7 150U,NT,6407b28
degen-r5-m5-d0.0001-p1,100,AGD-SDAJ-BH,1e-7*n,9.999999999999999e-6,4,29,0.0378305,0.037371600000000005,98.78695761356578,0.0,1.79e-5,0.0,0.0,0.0,0.0,0.0004409999999999982,0.28204046295520374,1.773875856030042e-5,-1.3703784899124018e-14,2.7629173191545675e-6,2.7629173191545675e-6,4.769069596205778e-6,2.7629173191545675e-6,NaN,diag_feasible_at_xpre,0,0,8,8,0,0,4,2.6835723406625714e-14,1.12.6,lbt,1,1,Intel(R) Core(TM) 7 150U,NT,6407b28
degen-r5-m5-d0.0001-p1,100,AGD-SDAJ,1e-7*n,9.999999999999999e-6,4,29,0.0340607,0.0336354,98.75134686016436,0.0,1.61e-5,0.0,0.0,0.0,0.0,0.0004091999999999965,0.28204046295520374,1.773875856030042e-5,-1.3703784899124018e-14,2.7629173191545675e-6,2.7629173191545675e-6,4.769069596205778e-6,2.7629173191545675e-6,NaN,diag_feasible_at_xpre,0,0,8,8,0,0,4,2.6835723406625714e-14,1.12.6,lbt,1,1,Intel(R) Core(TM) 7 150U,NT,6407b28
degen-r5-m5-d0.0001-p1,100,Dykstra-APM,1e-7*n,9.999999999999999e-6,132,132,0.1639308,0.1470592,89.70809634309111,0.0,0.0,0.0,0.0,0.0119458,0.0,0.004925799999999987,0.282019772704797,4.443090221293696e-5,-8.802527795919824e-15,1.6062007843764547e-6,1.6062007843764547e-6,9.901713640485997e-6,1.6062007843764547e-6,NaN,diag_feasible,0,0,0,0,0,0,132,2.6835723406625714e-14,1.12.6,lbt,1,1,Intel(R) Core(TM) 7 150U,NT,6407b28
degen-r5-m5-d0.0001-p1,100,Anderson-APM,1e-7*n,9.999999999999999e-6,22,22,0.0269137,0.0226357,84.10474962565534,0.0,0.0,0.0,0.0,0.0,0.0035483,0.0007296999999999972,0.28204336424810056,1.8171374967000716e-5,-1.0336898653045819e-14,1.1710525145147699e-6,1.1710525145147699e-6,5.186124412076574e-6,1.1710525145147699e-6,NaN,diag_feasible,0,0,0,0,0,0,22,2.6835723406625714e-14,1.12.6,lbt,1,1,Intel(R) Core(TM) 7 150U,NT,6407b28
degen-r5-m5-d0.0001-p2,100,SBB-Dual,1e-7*n,9.999999999999999e-6,64,65,0.0704943,0.06955220000000001,98.663579892275,5.67e-5,3.26e-5,3.47e-5,0.0,0.0,0.0,0.0008180999999999873,0.2940120842559273,7.470486067289715e-6,-8.801275094663203e-15,1.4179074285802784e-6,0.0,9.26325152860805e-6,1.4179074285802784e-6,100.0,diag_feasible,0,0,0,0,0,0,64,1.3887998103633849e-14,1.12.6,lbt,1,1,Intel(R) Core(TM) 7 150U,NT,6407b28
degen-r5-m5-d0.0001-p2,100,Newton-SIN-BH,1e-7*n,9.999999999999999e-6,3,4,0.009126,0.0076341000000000004,83.65220249835635,0.0,5.7e-6,0.0,0.0012329,0.0,0.0,0.0002532999999999999,0.2940120840848801,1.4802812623461082e-9,-1.0074830595045342e-14,1.9917378857314816e-10,1.9917378857314816e-10,4.6319896678520166e-10,1.9917378857314816e-10,NaN,converged,14,14,0,0,0,0,3,1.3887998103633849e-14,1.12.6,lbt,1,1,Intel(R) Core(TM) 7 150U,NT,6407b28
degen-r5-m5-d0.0001-p2,100,Newton-SIN,1e-7*n,9.999999999999999e-6,3,7,0.0081018,0.0073037,90.1491026685428,0.0,3.0e-6,0.0,0.0006864,0.0,0.0,0.00010869999999999955,0.2940120840848801,1.4802812623461082e-9,-1.0074830595045342e-14,1.9917378857314816e-10,1.9917378857314816e-10,4.6319896678520166e-10,1.9917378857314816e-10,NaN,converged,14,14,0,0,0,0,3,1.3887998103633849e-14,1.12.6,lbt,1,1,Intel(R) Core(TM) 7 150U,NT,6407b28
degen-r5-m5-d0.0001-p2,100,AGD-SDAJ-BH,1e-7*n,9.999999999999999e-6,4,26,0.0273805,0.027028999999999997,98.71623965961176,0.0,1.24e-5,0.0,0.0,0.0,0.0,0.00033910000000000114,0.29400113684521006,2.357101086332814e-5,-8.170000538221836e-15,2.3444089107815813e-6,2.3444089107815813e-6,6.726942706605642e-6,2.3444089107815813e-6,NaN,diag_feasible_at_xpre,0,0,5,5,0,0,4,1.3887998103633849e-14,1.12.6,lbt,1,1,Intel(R) Core(TM) 7 150U,NT,6407b28
degen-r5-m5-d0.0001-p2,100,AGD-SDAJ,1e-7*n,9.999999999999999e-6,4,26,0.0293827,0.0289922,98.67098666902633,0.0,1.31e-5,0.0,0.0,0.0,0.0,0.00037740000000000196,0.29400113684521006,2.357101086332814e-5,-8.170000538221836e-15,2.3444089107815813e-6,2.3444089107815813e-6,6.726942706605642e-6,2.3444089107815813e-6,NaN,diag_feasible_at_xpre,0,0,5,5,0,0,4,1.3887998103633849e-14,1.12.6,lbt,1,1,Intel(R) Core(TM) 7 150U,NT,6407b28
degen-r5-m5-d0.0001-p2,100,Dykstra-APM,1e-7*n,9.999999999999999e-6,131,131,0.172325,0.1551954,90.05971275206731,0.0,0.0,0.0,0.0,0.0119726,0.0,0.005156999999999995,0.29398287613572643,4.316197881216892e-5,-9.431020355954955e-15,1.4902565923513578e-6,1.4902565923513578e-6,9.636509596103145e-6,1.4902565923513578e-6,NaN,diag_feasible,0,0,0,0,0,0,131,1.3887998103633849e-14,1.12.6,lbt,1,1,Intel(R) Core(TM) 7 150U,NT,6407b28
degen-r5-m5-d0.0001-p2,100,Anderson-APM,1e-7*n,9.999999999999999e-6,23,23,0.0258416,0.0217454,84.14881431490312,0.0,0.0,0.0,0.0,0.0,0.0034088,0.0006873999999999977,0.29400348872085946,3.0745945174733786e-5,-9.222113239879969e-15,2.4016028935536227e-6,2.4016028935536227e-6,9.006762752949033e-6,2.4016028935536227e-6,NaN,diag_feasible,0,0,0,0,0,0,23,1.3887998103633849e-14,1.12.6,lbt,1,1,Intel(R) Core(TM) 7 150U,NT,6407b28
degen-r5-m5-d0.0001-p3,100,SBB-Dual,1e-7*n,9.999999999999999e-6,64,65,0.0617936,0.0609392,98.6173325392921,5.28e-5,2.61e-5,3.16e-5,0.0,0.0,0.0,0.0007438999999999982,0.2944910647412135,1.1192484682551876e-5,-1.0743512841525634e-14,1.7645856744685773e-6,0.0,9.870315171793493e-6,1.7645856744685773e-6,100.0,diag_feasible,0,0,0,0,0,0,64,1.1529226449755443e-14,1.12.6,lbt,1,1,Intel(R) Core(TM) 7 150U,NT,6407b28
degen-r5-m5-d0.0001-p3,100,Newton-SIN-BH,1e-7*n,9.999999999999999e-6,3,4,0.0051505,0.0042816,83.12979322395884,0.0,2.7e-6,0.0,0.0007197,0.0,0.0,0.0001464999999999997,0.2944910644893355,1.0523823612887968e-9,-9.818736822037946e-15,1.180038289305685e-10,1.180038289305685e-10,3.262878767147458e-10,1.180038289305685e-10,NaN,converged,14,14,0,0,0,0,3,1.1529226449755443e-14,1.12.6,lbt,1,1,Intel(R) Core(TM) 7 150U,NT,6407b28
degen-r5-m5-d0.0001-p3,100,Newton-SIN,1e-7*n,9.999999999999999e-6,3,7,0.0136315,0.012286700000000001,90.13461467923561,0.0,5.0e-6,0.0,0.0011484,0.0,0.0,0.00019139999999999847,0.2944910644893355,1.0523823612887968e-9,-9.818736822037946e-15,1.180038289305685e-10,1.180038289305685e-10,3.262878767147458e-10,1.180038289305685e-10,NaN,converged,14,14,0,0,0,0,3,1.1529226449755443e-14,1.12.6,lbt,1,1,Intel(R) Core(TM) 7 150U,NT,6407b28
degen-r5-m5-d0.0001-p3,100,AGD-SDAJ-BH,1e-7*n,9.999999999999999e-6,3,23,0.0303036,0.0299177,98.7265539407859,0.0,1.52e-5,0.0,0.0,0.0,0.0,0.00037070000000000153,0.29448217521584125,1.545064088544179e-5,-1.0965629924009309e-14,1.8215401300647471e-6,1.8215401300647471e-6,4.014797954265496e-6,1.8215401300647471e-6,NaN,diag_feasible,0,0,4,4,0,0,3,1.1529226449755443e-14,1.12.6,lbt,1,1,Intel(R) Core(TM) 7 150U,NT,6407b28
degen-r5-m5-d0.0001-p3,100,AGD-SDAJ,1e-7*n,9.999999999999999e-6,3,23,0.0305846,0.030201099999999998,98.74610097892403,0.0,1.55e-5,0.0,0.0,0.0,0.0,0.0003680000000000019,0.29448217521584125,1.545064088544179e-5,-1.0965629924009309e-14,1.8215401300647471e-6,1.8215401300647471e-6,4.014797954265496e-6,1.8215401300647471e-6,NaN,diag_feasible,0,0,4,4,0,0,3,1.1529226449755443e-14,1.12.6,lbt,1,1,Intel(R) Core(TM) 7 150U,NT,6407b28
degen-r5-m5-d0.0001-p3,100,Dykstra-APM,1e-7*n,9.999999999999999e-6,132,132,0.1540084,0.1399149,90.84887577560706,0.0,0.0,0.0,0.0,0.0097711,0.0,0.0043223999999999815,0.29446197635566806,4.3818136834705885e-5,-1.0034108100686979e-14,1.7429386602874075e-6,1.7429386602874075e-6,9.724901151303729e-6,1.7429386602874075e-6,NaN,diag_feasible,0,0,0,0,0,0,132,1.1529226449755443e-14,1.12.6,lbt,1,1,Intel(R) Core(TM) 7 150U,NT,6407b28
degen-r5-m5-d0.0001-p3,100,Anderson-APM,1e-7*n,9.999999999999999e-6,26,26,0.03557,0.0298803,84.00421703682879,0.0,0.0,0.0,0.0,0.0,0.0048128,0.000876899999999999,0.2945004754938245,2.063084836534899e-5,-1.3465613162893178e-14,1.7716262866729338e-6,1.7716262866729338e-6,5.504209129391628e-6,1.7716262866729338e-6,NaN,diag_feasible,0,0,0,0,0,0,26,1.1529226449755443e-14,1.12.6,lbt,1,1,Intel(R) Core(TM) 7 150U,NT,6407b28
degen-r5-m5-d0.0001-p4,100,SBB-Dual,1e-7*n,9.999999999999999e-6,63,64,0.0677578,0.06653210000000001,98.19105697056281,5.13e-5,2.96e-5,3.14e-5,0.0,0.0,0.0,0.0011133999999999962,0.29467431453990345,7.495073099370289e-6,-9.588839418345923e-15,1.4578542490983892e-6,0.0,9.783559020367975e-6,1.4578542490983892e-6,100.0,diag_feasible,0,0,0,0,0,0,63,1.1395886385973188e-14,1.12.6,lbt,1,1,Intel(R) Core(TM) 7 150U,NT,6407b28
degen-r5-m5-d0.0001-p4,100,Newton-SIN-BH,1e-7*n,9.999999999999999e-6,3,4,0.0090049,0.0076797,85.28356783528969,0.0,4.7e-6,0.0,0.001088,0.0,0.0,0.00023249999999999942,0.29467431441189723,1.182374516958416e-9,-9.311718191225696e-15,1.2862355625031796e-10,1.2862355625031796e-10,3.666457507743437e-10,1.2862355625031796e-10,NaN,converged,13,13,0,0,0,0,3,1.1395886385973188e-14,1.12.6,lbt,1,1,Intel(R) Core(TM) 7 150U,NT,6407b28
degen-r5-m5-d0.0001-p4,100,Newton-SIN,1e-7*n,9.999999999999999e-6,3,7,0.0078342,0.0071024,90.65890582318552,0.0,2.7e-6,0.0,0.0006232,0.0,0.0,0.00010589999999999948,0.29467431441189723,1.182374516958416e-9,-9.311718191225696e-15,1.2862355625031796e-10,1.2862355625031796e-10,3.666457507743437e-10,1.2862355625031796e-10,NaN,converged,13,13,0,0,0,0,3,1.1395886385973188e-14,1.12.6,lbt,1,1,Intel(R) Core(TM) 7 150U,NT,6407b28
degen-r5-m5-d0.0001-p4,100,AGD-SDAJ-BH,1e-7*n,9.999999999999999e-6,4,26,0.0295165,0.0290696,98.48593159758101,0.0,1.47e-5,0.0,0.0,0.0,0.0,0.0004322000000000001,0.29466651917750636,1.4895036243571096e-5,-9.483948823921697e-15,1.7434473081889834e-6,1.7434473081889834e-6,4.0941441654454135e-6,1.7434473081889834e-6,NaN,diag_feasible_at_xpre,0,0,5,5,0,0,4,1.1395886385973188e-14,1.12.6,lbt,1,1,Intel(R) Core(TM) 7 150U,NT,6407b28
degen-r5-m5-d0.0001-p4,100,AGD-SDAJ,1e-7*n,9.999999999999999e-6,4,26,0.0272965,0.026935800000000003,98.67858516659646,0.0,1.34e-5,0.0,0.0,0.0,0.0,0.0003472999999999985,0.29466651917750636,1.4895036243571096e-5,-9.483948823921697e-15,1.7434473081889834e-6,1.7434473081889834e-6,4.0941441654454135e-6,1.7434473081889834e-6,NaN,diag_feasible_at_xpre,0,0,5,5,0,0,4,1.1395886385973188e-14,1.12.6,lbt,1,1,Intel(R) Core(TM) 7 150U,NT,6407b28
degen-r5-m5-d0.0001-p4,100,Dykstra-APM,1e-7*n,9.999999999999999e-6,130,130,0.1507942,0.1367889,90.71230856359198,0.0,0.0,0.0,0.0,0.0095545,0.0,0.004450799999999998,0.29464513892373545,4.331232443586177e-5,-9.701056623183585e-15,1.4463773323480922e-6,1.4463773323480922e-6,9.660432366440975e-6,1.4463773323480922e-6,NaN,diag_feasible,0,0,0,0,0,0,130,1.1395886385973188e-14,1.12.6,lbt,1,1,Intel(R) Core(TM) 7 150U,NT,6407b28
degen-r5-m5-d0.0001-p4,100,Anderson-APM,1e-7*n,9.999999999999999e-6,21,21,0.0359129,0.0303536,84.52004711398969,0.0,0.0,0.0,0.0,0.0,0.0046437,0.0009155999999999965,0.29467404703534367,6.99741955936458e-6,-9.222837378932764e-15,5.059547296681899e-7,5.059547296681899e-7,2.0956864387182922e-6,5.059547296681899e-7,NaN,diag_feasible,0,0,0,0,0,0,21,1.1395886385973188e-14,1.12.6,lbt,1,1,Intel(R) Core(TM) 7 150U,NT,6407b28
degen-r5-m5-d1e-06-p0,100,SBB-Dual,1e-7*n,9.999999999999999e-6,62,63,0.0651719,0.0643251,98.7006670052584,5.0e-5,2.9e-5,3.21e-5,0.0,0.0,0.0,0.0007357000000000086,0.28697024412528577,1.643762246518066e-5,-7.382224087621174e-15,2.0241354059535865e-6,0.0,9.692009201726849e-6,2.0241354059535865e-6,100.0,diag_feasible,0,0,0,0,0,0,62,2.997005876296592e-14,1.12.6,lbt,1,1,Intel(R) Core(TM) 7 150U,NT,6407b28
degen-r5-m5-d1e-06-p0,100,Newton-SIN-BH,1e-7*n,9.999999999999999e-6,3,4,0.0054997,0.0045117,82.03538374820447,0.0,2.9e-6,0.0,0.00083,0.0,0.0,0.00015509999999999938,0.2869697232767866,1.0675742319151384e-6,-1.0537350244140798e-14,1.206636186523724e-7,1.206636186523724e-7,2.828961152070652e-7,1.206636186523724e-7,NaN,converged,16,16,0,0,0,0,3,2.997005876296592e-14,1.12.6,lbt,1,1,Intel(R) Core(TM) 7 150U,NT,6407b28
degen-r5-m5-d1e-06-p0,100,Newton-SIN,1e-7*n,9.999999999999999e-6,3,7,0.0117208,0.0106138,90.55525220121493,0.0,4.3e-6,0.0,0.000959,0.0,0.0,0.0001437000000000003,0.2869697232767866,1.0675742319151384e-6,-1.0537350244140798e-14,1.206636186523724e-7,1.206636186523724e-7,2.828961152070652e-7,1.206636186523724e-7,NaN,converged,16,16,0,0,0,0,3,2.997005876296592e-14,1.12.6,lbt,1,1,Intel(R) Core(TM) 7 150U,NT,6407b28
degen-r5-m5-d1e-06-p0,100,AGD-SDAJ-BH,1e-7*n,9.999999999999999e-6,5,39,0.042498,0.0419299,98.66323121088051,0.0,1.94e-5,0.0,0.0,0.0,0.0,0.0005487000000000019,0.2869453353883371,3.073636455550619e-5,-9.577108193371182e-15,2.6819973721892154e-6,2.6819973721892154e-6,9.895743745007068e-6,2.6819973721892154e-6,NaN,diag_feasible_at_xpre,0,0,12,12,0,0,5,2.997005876296592e-14,1.12.6,lbt,1,1,Intel(R) Core(TM) 7 150U,NT,6407b28
degen-r5-m5-d1e-06-p0,100,AGD-SDAJ,1e-7*n,9.999999999999999e-6,5,39,0.0444162,0.0438628,98.75405820398863,0.0,2.13e-5,0.0,0.0,0.0,0.0,0.0005321000000000025,0.2869453353883371,3.073636455550619e-5,-9.577108193371182e-15,2.6819973721892154e-6,2.6819973721892154e-6,9.895743745007068e-6,2.6819973721892154e-6,NaN,diag_feasible_at_xpre,0,0,12,12,0,0,5,2.997005876296592e-14,1.12.6,lbt,1,1,Intel(R) Core(TM) 7 150U,NT,6407b28
degen-r5-m5-d1e-06-p0,100,Dykstra-APM,1e-7*n,9.999999999999999e-6,128,128,0.1823605,0.1506224,82.5959569095281,0.0,0.0,0.0,0.0,0.0225039,0.0,0.009234200000000019,0.28694370940668623,3.7850111032231e-5,-1.0493756195036336e-14,1.9869029137531413e-6,1.9869029137531413e-6,9.575333686538628e-6,1.9869029137531413e-6,NaN,diag_feasible,0,0,0,0,0,0,128,2.997005876296592e-14,1.12.6,lbt,1,1,Intel(R) Core(TM) 7 150U,NT,6407b28
degen-r5-m5-d1e-06-p0,100,Anderson-APM,1e-7*n,9.999999999999999e-6,36,36,0.045766,0.0384069,83.920159070052,0.0,0.0,0.0,0.0,0.0,0.0062713,0.0010878000000000007,0.2869814346680731,2.5030534033253575e-5,-1.0162377990332221e-14,2.876816995733833e-6,2.876816995733833e-6,6.600140464564348e-6,2.876816995733833e-6,NaN,diag_feasible,0,0,0,0,0,0,36,2.997005876296592e-14,1.12.6,lbt,1,1,Intel(R) Core(TM) 7 150U,NT,6407b28
degen-r5-m5-d1e-06-p1,100,SBB-Dual,1e-7*n,9.999999999999999e-6,61,62,0.0721308,0.0711827,98.68558230326019,5.34e-5,3.61e-5,3.17e-5,0.0,0.0,0.0,0.0008268999999999935,0.28217245704851873,1.5064278549647607e-5,-8.094646339725058e-15,1.848816583382984e-6,0.0,8.810545486101767e-6,1.848816583382984e-6,100.0,diag_feasible,0,0,0,0,0,0,61,1.4060438770513956e-14,1.12.6,lbt,1,1,Intel(R) Core(TM) 7 150U,NT,6407b28
degen-r5-m5-d1e-06-p1,100,Newton-SIN-BH,1e-7*n,9.999999999999999e-6,3,4,0.005054,0.0041053,81.22872971903442,0.0,3.3e-6,0.0,0.0007956,0.0,0.0,0.00014980000000000017,0.2821710113316766,5.913030481098119e-6,-9.399887033499562e-15,2.0464217720395084e-6,2.0464217720395084e-6,2.158593980718797e-6,2.0464217720395084e-6,NaN,converged,15,15,0,0,0,0,3,1.4060438770513956e-14,1.12.6,lbt,1,1,Intel(R) Core(TM) 7 150U,NT,6407b28
degen-r5-m5-d1e-06-p1,100,Newton-SIN,1e-7*n,9.999999999999999e-6,3,7,0.0105929,0.0094761,89.45708918237686,0.0,4.5e-6,0.0,0.0009665,0.0,0.0,0.00014580000000000116,0.2821710113316766,5.913030481098119e-6,-9.399887033499562e-15,2.0464217720395084e-6,2.0464217720395084e-6,2.158593980718797e-6,2.0464217720395084e-6,NaN,converged,15,15,0,0,0,0,3,1.4060438770513956e-14,1.12.6,lbt,1,1,Intel(R) Core(TM) 7 150U,NT,6407b28
degen-r5-m5-d1e-06-p1,100,AGD-SDAJ-BH,1e-7*n,9.999999999999999e-6,3,22,0.0264729,0.026120900000000002,98.67033834600667,0.0,1.21e-5,0.0,0.0,0.0,0.0,0.0003398999999999981,0.28216691459477256,2.425363339256987e-5,-1.0743992211153454e-14,2.4704989911583652e-6,2.4704989911583652e-6,7.266591127956682e-6,2.4704989911583652e-6,NaN,diag_feasible,0,0,3,3,0,0,3,1.4060438770513956e-14,1.12.6,lbt,1,1,Intel(R) Core(TM) 7 150U,NT,6407b28
degen-r5-m5-d1e-06-p1,100,AGD-SDAJ,1e-7*n,9.999999999999999e-6,3,22,0.0266372,0.0262756,98.64249996245852,0.0,1.16e-5,0.0,0.0,0.0,0.0,0.0003500000000000001,0.28216691459477256,2.425363339256987e-5,-1.0743992211153454e-14,2.4704989911583652e-6,2.4704989911583652e-6,7.266591127956682e-6,2.4704989911583652e-6,NaN,diag_feasible,0,0,3,3,0,0,3,1.4060438770513956e-14,1.12.6,lbt,1,1,Intel(R) Core(TM) 7 150U,NT,6407b28
degen-r5-m5-d1e-06-p1,100,Dykstra-APM,1e-7*n,9.999999999999999e-6,125,125,0.1674788,0.1524219,91.00966808933428,0.0,0.0,0.0,0.0,0.0100735,0.0,0.004983400000000011,0.28214604350118305,3.635264168823541e-5,-8.739782947298856e-15,1.9447924297644192e-6,1.9447924297644192e-6,9.357781148808712e-6,1.9447924297644192e-6,NaN,diag_feasible,0,0,0,0,0,0,125,1.4060438770513956e-14,1.12.6,lbt,1,1,Intel(R) Core(TM) 7 150U,NT,6407b28
degen-r5-m5-d1e-06-p1,100,Anderson-APM,1e-7*n,9.999999999999999e-6,24,24,0.0381803,0.0307379,80.50722493013411,0.0,0.0,0.0,0.0,0.0,0.0061891,0.0012533000000000015,0.28219692015803405,3.708976548176979e-5,-1.1057040761442358e-14,1.7723044066775273e-6,1.7723044066775273e-6,8.581406533831816e-6,1.7723044066775273e-6,NaN,diag_feasible,0,0,0,0,0,0,24,1.4060438770513956e-14,1.12.6,lbt,1,1,Intel(R) Core(TM) 7 150U,NT,6407b28
degen-r5-m5-d1e-06-p2,100,SBB-Dual,1e-7*n,9.999999999999999e-6,60,61,0.0687618,0.06782540000000001,98.63819737121484,5.39e-5,3.13e-5,3.17e-5,0.0,0.0,0.0,0.0008194999999999902,0.29415183534642353,1.4604047364872859e-5,-8.86081761911455e-15,1.8715825549353582e-6,0.0,9.095747311850718e-6,1.8715825549353582e-6,100.0,diag_feasible,0,0,0,0,0,0,60,3.8308969009235156e-14,1.12.6,lbt,1,1,Intel(R) Core(TM) 7 150U,NT,6407b28
degen-r5-m5-d1e-06-p2,100,Newton-SIN-BH,1e-7*n,9.999999999999999e-6,3,4,0.0053977,0.0043959,81.44024306649129,0.0,2.5e-6,0.0,0.0008459,0.0,0.0,0.00015339999999999983,0.29415128666129964,1.0752168081600503e-6,-9.760683509487697e-15,1.0085626778177925e-7,1.0085626778177925e-7,2.765088562271419e-7,1.0085626778177925e-7,NaN,converged,16,16,0,0,0,0,3,3.8308969009235156e-14,1.12.6,lbt,1,1,Intel(R) Core(TM) 7 150U,NT,6407b28
degen-r5-m5-d1e-06-p2,100,Newton-SIN,1e-7*n,9.999999999999999e-6,3,7,0.0100019,0.0089644,89.62697087553367,0.0,4.3e-6,0.0,0.0009044,0.0,0.0,0.00012879999999999847,0.29415128666129964,1.0752168081600503e-6,-9.760683509487697e-15,1.0085626778177925e-7,1.0085626778177925e-7,2.765088562271419e-7,1.0085626778177925e-7,NaN,converged,16,16,0,0,0,0,3,3.8308969009235156e-14,1.12.6,lbt,1,1,Intel(R) Core(TM) 7 150U,NT,6407b28
degen-r5-m5-d1e-06-p2,100,AGD-SDAJ-BH,1e-7*n,9.999999999999999e-6,4,35,0.0454458,0.0448918,98.78096545775408,0.0,2.18e-5,0.0,0.0,0.0,0.0,0.000532199999999999,0.29414931515068254,5.302450455124205e-6,-8.010400424827792e-15,6.709775501878568e-7,6.709775501878568e-7,1.5211732877888328e-6,6.709775501878568e-7,NaN,diag_feasible,0,0,10,10,0,0,4,3.8308969009235156e-14,1.12.6,lbt,1,1,Intel(R) Core(TM) 7 150U,NT,6407b28
degen-r5-m5-d1e-06-p2,100,AGD-SDAJ,1e-7*n,9.999999999999999e-6,4,35,0.0416607,0.0411179,98.69709342377828,0.0,2.2e-5,0.0,0.0,0.0,0.0,0.000520800000000003,0.29414931515068254,5.302450455124205e-6,-8.010400424827792e-15,6.709775501878568e-7,6.709775501878568e-7,1.5211732877888328e-6,6.709775501878568e-7,NaN,diag_feasible,0,0,10,10,0,0,4,3.8308969009235156e-14,1.12.6,lbt,1,1,Intel(R) Core(TM) 7 150U,NT,6407b28
degen-r5-m5-d1e-06-p2,100,Dykstra-APM,1e-7*n,9.999999999999999e-6,123,123,0.1357167,0.123128,90.7242807996363,0.0,0.0,0.0,0.0,0.0088399,0.0,0.003748799999999995,0.2941266431030346,3.7509309876600504e-5,-8.060984366060445e-15,1.973981194947072e-6,1.973981194947072e-6,9.659197612942183e-6,1.973981194947072e-6,NaN,diag_feasible,0,0,0,0,0,0,123,3.8308969009235156e-14,1.12.6,lbt,1,1,Intel(R) Core(TM) 7 150U,NT,6407b28
degen-r5-m5-d1e-06-p2,100,Anderson-APM,1e-7*n,9.999999999999999e-6,23,23,0.0384578,0.0323789,84.19332359105306,0.0,0.0,0.0,0.0,0.0,0.0050337,0.0010451999999999979,0.29414541679326894,2.1281327528724914e-5,-8.823875331150393e-15,1.5888311181155856e-6,1.5888311181155856e-6,6.3296579365572355e-6,1.5888311181155856e-6,NaN,diag_feasible,0,0,0,0,0,0,23,3.8308969009235156e-14,1.12.6,lbt,1,1,Intel(R) Core(TM) 7 150U,NT,6407b28
degen-r5-m5-d1e-06-p3,100,SBB-Dual,1e-7*n,9.999999999999999e-6,60,61,0.0615481,0.0607151,98.64658697831452,5.58e-5,2.72e-5,3.16e-5,0.0,0.0,0.0,0.0007184000000000004,0.2946313698223607,1.7109441048381368e-5,-8.82496634908112e-15,2.4327303431714853e-6,0.0,9.961261709760618e-6,2.4327303431714853e-6,100.0,diag_feasible,0,0,0,0,0,0,60,5.294541742873377e-14,1.12.6,lbt,1,1,Intel(R) Core(TM) 7 150U,NT,6407b28
degen-r5-m5-d1e-06-p3,100,Newton-SIN-BH,1e-7*n,9.999999999999999e-6,3,4,0.0066339,0.005499400000000001,82.89844586140885,0.0,3.5e-6,0.0,0.000948,0.0,0.0,0.00018299999999999924,0.29463084045812415,1.0668266850736298e-6,-9.53343558679529e-15,9.053694571825588e-8,9.053694571825588e-8,2.689267912653517e-7,9.053694571825588e-8,NaN,converged,14,14,0,0,0,0,3,5.294541742873377e-14,1.12.6,lbt,1,1,Intel(R) Core(TM) 7 150U,NT,6407b28
degen-r5-m5-d1e-06-p3,100,Newton-SIN,1e-7*n,9.999999999999999e-6,3,7,0.0106433,0.009504199999999999,89.29749231911156,0.0,4.2e-6,0.0,0.0010037,0.0,0.0,0.0001312000000000006,0.29463084045812415,1.0668266850736298e-6,-9.53343558679529e-15,9.053694571825588e-8,9.053694571825588e-8,2.689267912653517e-7,9.053694571825588e-8,NaN,converged,14,14,0,0,0,0,3,5.294541742873377e-14,1.12.6,lbt,1,1,Intel(R) Core(TM) 7 150U,NT,6407b28
degen-r5-m5-d1e-06-p3,100,AGD-SDAJ-BH,1e-7*n,9.999999999999999e-6,3,20,0.0274487,0.0271024,98.73837376633502,0.0,1.37e-5,0.0,0.0,0.0,0.0,0.00033260000000000077,0.2946242821343263,2.7129505389936885e-5,-9.393690579154944e-15,4.203367034216754e-6,4.203367034216754e-6,8.515135867600627e-6,4.203367034216754e-6,NaN,diag_feasible_at_xpre,0,0,3,3,0,0,3,5.294541742873377e-14,1.12.6,lbt,1,1,Intel(R) Core(TM) 7 150U,NT,6407b28
degen-r5-m5-d1e-06-p3,100,AGD-SDAJ,1e-7*n,9.999999999999999e-6,3,20,0.0264792,0.0261839,98.88478503882291,0.0,1.01e-5,0.0,0.0,0.0,0.0,0.00028520000000000184,0.2946242821343263,2.7129505389936885e-5,-9.393690579154944e-15,4.203367034216754e-6,4.203367034216754e-6,8.515135867600627e-6,4.203367034216754e-6,NaN,diag_feasible_at_xpre,0,0,3,3,0,0,3,5.294541742873377e-14,1.12.6,lbt,1,1,Intel(R) Core(TM) 7 150U,NT,6407b28
degen-r5-m5-d1e-06-p3,100,Dykstra-APM,1e-7*n,9.999999999999999e-6,124,124,0.1478843,0.134804,91.15504485601245,0.0,0.0,0.0,0.0,0.0091056,0.0,0.003974699999999989,0.2946062121247402,3.839578757583908e-5,-9.795856637426622e-15,2.379629215010226e-6,2.379629215010226e-6,9.828822193441229e-6,2.379629215010226e-6,NaN,diag_feasible,0,0,0,0,0,0,124,5.294541742873377e-14,1.12.6,lbt,1,1,Intel(R) Core(TM) 7 150U,NT,6407b28
degen-r5-m5-d1e-06-p3,100,Anderson-APM,1e-7*n,9.999999999999999e-6,28,28,0.0430615,0.0361986,84.06256168503187,0.0,0.0,0.0,0.0,0.0,0.0057163,0.0011466000000000054,0.29461299865318025,2.583160153857567e-5,-8.053533562497785e-15,2.808468391624075e-6,2.808468391624075e-6,9.270306678844066e-6,2.808468391624075e-6,NaN,diag_feasible,0,0,0,0,0,0,28,5.294541742873377e-14,1.12.6,lbt,1,1,Intel(R) Core(TM) 7 150U,NT,6407b28
degen-r5-m5-d1e-06-p4,100,SBB-Dual,1e-7*n,9.999999999999999e-6,59,60,0.0616929,0.0607676,98.50015155714838,5.75e-5,3.15e-5,3.23e-5,0.0,0.0,0.0,0.0008040000000000039,0.29481509329446787,1.590793663368552e-5,-8.174567688784175e-15,1.955301073053306e-6,0.0,9.460831823373068e-6,1.955301073053306e-6,100.0,diag_feasible,0,0,0,0,0,0,59,5.664727353647357e-14,1.12.6,lbt,1,1,Intel(R) Core(TM) 7 150U,NT,6407b28
degen-r5-m5-d1e-06-p4,100,Newton-SIN-BH,1e-7*n,9.999999999999999e-6,3,4,0.0052974,0.0043383,81.89489183372976,0.0,2.7e-6,0.0,0.0008025,0.0,0.0,0.0001539,0.29481453082044545,1.0781080966229434e-6,-8.55861841119632e-15,9.837262116008105e-8,9.837262116008105e-8,2.7623414451218047e-7,9.837262116008105e-8,NaN,converged,15,15,0,0,0,0,3,5.664727353647357e-14,1.12.6,lbt,1,1,Intel(R) Core(TM) 7 150U,NT,6407b28
degen-r5-m5-d1e-06-p4,100,Newton-SIN,1e-7*n,9.999999999999999e-6,3,7,0.0135922,0.0120973,89.00178043289533,0.0,5.1e-6,0.0,0.0013124,0.0,0.0,0.0001774000000000003,0.29481453082044545,1.0781080966229434e-6,-8.55861841119632e-15,9.837262116008105e-8,9.837262116008105e-8,2.7623414451218047e-7,9.837262116008105e-8,NaN,converged,15,15,0,0,0,0,3,5.664727353647357e-14,1.12.6,lbt,1,1,Intel(R) Core(TM) 7 150U,NT,6407b28
degen-r5-m5-d1e-06-p4,100,AGD-SDAJ-BH,1e-7*n,9.999999999999999e-6,3,23,0.0255551,0.0251987,98.60536644348878,0.0,1.26e-5,0.0,0.0,0.0,0.0,0.0003437999999999998,0.29481343561465456,7.861009222386553e-6,-8.115052390635336e-15,1.3796827671441747e-6,1.3796827671441747e-6,2.5342008015369033e-6,1.3796827671441747e-6,NaN,diag_feasible,0,0,4,4,0,0,3,5.664727353647357e-14,1.12.6,lbt,1,1,Intel(R) Core(TM) 7 150U,NT,6407b28
degen-r5-m5-d1e-06-p4,100,AGD-SDAJ,1e-7*n,9.999999999999999e-6,3,23,0.0250494,0.024609299999999997,98.24307169033989,0.0,1.12e-5,0.0,0.0,0.0,0.0,0.0004289000000000023,0.29481343561465456,7.861009222386553e-6,-8.115052390635336e-15,1.3796827671441747e-6,1.3796827671441747e-6,2.5342008015369033e-6,1.3796827671441747e-6,NaN,diag_feasible,0,0,4,4,0,0,3,5.664727353647357e-14,1.12.6,lbt,1,1,Intel(R) Core(TM) 7 150U,NT,6407b28
degen-r5-m5-d1e-06-p4,100,Dykstra-APM,1e-7*n,9.999999999999999e-6,122,122,0.1456644,0.1322023,90.75813994359638,0.0,0.0,0.0,0.0,0.0096461,0.0,0.003816000000000005,0.29479072683928115,3.6140408258919296e-5,-7.605737667213496e-15,1.9244981621646673e-6,1.9244981621646673e-6,9.372418055652419e-6,1.9244981621646673e-6,NaN,diag_feasible,0,0,0,0,0,0,122,5.664727353647357e-14,1.12.6,lbt,1,1,Intel(R) Core(TM) 7 150U,NT,6407b28
degen-r5-m5-d1e-06-p4,100,Anderson-APM,1e-7*n,9.999999999999999e-6,23,23,0.0307054,0.0258376,84.1467624587206,0.0,0.0,0.0,0.0,0.0,0.0040202,0.0008476000000000022,0.2947929886706386,3.430412857687071e-5,-7.918019750847739e-15,1.6811052874210475e-6,1.6811052874210475e-6,9.397164405244396e-6,1.6811052874210475e-6,NaN,diag_feasible,0,0,0,0,0,0,23,5.664727353647357e-14,1.12.6,lbt,1,1,Intel(R) Core(TM) 7 150U,NT,6407b28
degen-r5-m5-d1e-08-p0,100,SBB-Dual,1e-7*n,9.999999999999999e-6,62,63,0.0694344,0.0685081,98.66593504084432,5.43e-5,2.98e-5,3.22e-5,0.0,0.0,0.0,0.0008099999999999911,0.2869715347728525,1.7535980704360064e-5,-9.045332607499787e-15,2.0241043374724654e-6,0.0,9.691805406443953e-6,2.0241043374724654e-6,100.0,diag_feasible,0,0,0,0,0,0,62,3.085081859693183e-14,1.12.6,lbt,1,1,Intel(R) Core(TM) 7 150U,NT,6407b28
degen-r5-m5-d1e-08-p0,100,Newton-SIN-BH,1e-7*n,9.999999999999999e-6,3,4,0.0088367,0.007102300000000001,80.37276358821732,0.0,5.3e-6,0.0,0.0015006,0.0,0.0,0.00022849999999999889,0.28697146890073205,1.1920638532614263e-7,-8.947519535786826e-15,2.4908765494657814e-8,2.4908765494657814e-8,4.46123388332364e-8,2.4908765494657814e-8,NaN,converged,16,16,0,0,0,0,3,3.085081859693183e-14,1.12.6,lbt,1,1,Intel(R) Core(TM) 7 150U,NT,6407b28
degen-r5-m5-d1e-08-p0,100,Newton-SIN,1e-7*n,9.999999999999999e-6,3,7,0.0084214,0.0073591,87.38570783955161,0.0,3.4e-6,0.0,0.0009457,0.0,0.0,0.00011320000000000047,0.28697146890073205,1.1920638532614263e-7,-8.947519535786826e-15,2.4908765494657814e-8,2.4908765494657814e-8,4.46123388332364e-8,2.4908765494657814e-8,NaN,converged,16,16,0,0,0,0,3,3.085081859693183e-14,1.12.6,lbt,1,1,Intel(R) Core(TM) 7 150U,NT,6407b28
degen-r5-m5-d1e-08-p0,100,AGD-SDAJ-BH,1e-7*n,9.999999999999999e-6,5,44,0.0472246,0.0466603,98.80507193284856,0.0,2.01e-5,0.0,0.0,0.0,0.0,0.0005441999999999967,0.2869578915660349,2.5783845536655005e-5,-9.271370424538991e-15,3.458632991226729e-6,3.458632991226729e-6,8.036177584938375e-6,3.458632991226729e-6,NaN,diag_feasible_at_xpre,0,0,15,15,0,0,5,3.085081859693183e-14,1.12.6,lbt,1,1,Intel(R) Core(TM) 7 150U,NT,6407b28
degen-r5-m5-d1e-08-p0,100,AGD-SDAJ,1e-7*n,9.999999999999999e-6,5,44,0.04692,0.0463248,98.7314578005115,0.0,1.91e-5,0.0,0.0,0.0,0.0,0.0005761000000000041,0.2869578915660349,2.5783845536655005e-5,-9.271370424538991e-15,3.458632991226729e-6,3.458632991226729e-6,8.036177584938375e-6,3.458632991226729e-6,NaN,diag_feasible_at_xpre,0,0,15,15,0,0,5,3.085081859693183e-14,1.12.6,lbt,1,1,Intel(R) Core(TM) 7 150U,NT,6407b28
degen-r5-m5-d1e-08-p0,100,Dykstra-APM,1e-7*n,9.999999999999999e-6,128,128,0.1467935,0.1340045,91.28776137908014,0.0,0.0,0.0,0.0,0.0088651,0.0,0.003923899999999994,0.28694500063161577,3.782505610310063e-5,-7.646105187748738e-15,1.986873861881122e-6,1.986873861881122e-6,9.575140556613773e-6,1.986873861881122e-6,NaN,diag_feasible,0,0,0,0,0,0,128,3.085081859693183e-14,1.12.6,lbt,1,1,Intel(R) Core(TM) 7 150U,NT,6407b28
degen-r5-m5-d1e-08-p0,100,Anderson-APM,1e-7*n,9.999999999999999e-6,36,36,0.059434,0.0483498,81.35040549180603,0.0,0.0,0.0,0.0,0.0,0.0075075,0.003576700000000002,0.28698263251186396,2.4835653620380776e-5,-1.0614302890883478e-14,2.8537231935299445e-6,2.8537231935299445e-6,6.5493688408109205e-6,2.8537231935299445e-6,NaN,diag_feasible,0,0,0,0,0,0,36,3.085081859693183e-14,1.12.6,lbt,1,1,Intel(R) Core(TM) 7 150U,NT,6407b28
degen-r5-m5-d1e-08-p1,100,SBB-Dual,1e-7*n,9.999999999999999e-6,61,62,0.0757924,0.07396280000000001,97.58603765021297,5.84e-5,3.54e-5,3.17e-5,0.0,0.0,0.0,0.0017040999999999868,0.28217367088429385,1.619672124894515e-5,-9.093439294633756e-15,1.8487934145827722e-6,0.0,8.810400578704483e-6,1.8487934145827722e-6,100.0,diag_feasible,0,0,0,0,0,0,61,1.653076973250841e-14,1.12.6,lbt,1,1,Intel(R) Core(TM) 7 150U,NT,6407b28
degen-r5-m5-d1e-08-p1,100,Newton-SIN-BH,1e-7*n,9.999999999999999e-6,3,4,0.0054119,0.0044529,82.27979083131618,0.0,3.0e-6,0.0,0.000801,0.0,0.0,0.00015499999999999986,0.282172523806847,5.807597209114092e-6,-8.057619256900761e-15,2.046944003630813e-6,2.046944003630813e-6,2.145708696608632e-6,2.046944003630813e-6,NaN,converged,15,15,0,0,0,0,3,1.653076973250841e-14,1.12.6,lbt,1,1,Intel(R) Core(TM) 7 150U,NT,6407b28
degen-r5-m5-d1e-08-p1,100,Newton-SIN,1e-7*n,9.999999999999999e-6,3,7,0.007967,0.007106899999999999,89.20421739676163,0.0,3.2e-6,0.0,0.0007514,0.0,0.0,0.00010550000000000078,0.282172523806847,5.807597209114092e-6,-8.057619256900761e-15,2.046944003630813e-6,2.046944003630813e-6,2.145708696608632e-6,2.046944003630813e-6,NaN,converged,15,15,0,0,0,0,3,1.653076973250841e-14,1.12.6,lbt,1,1,Intel(R) Core(TM) 7 150U,NT,6407b28
degen-r5-m5-d1e-08-p1,100,AGD-SDAJ-BH,1e-7*n,9.999999999999999e-6,3,22,0.0375929,0.0371061,98.70507462845379,0.0,2.09e-5,0.0,0.0,0.0,0.0,0.00046589999999999555,0.2821657366741248,3.075992627516292e-5,-9.82513233044208e-15,3.225996581757151e-6,3.225996581757151e-6,9.225811559464251e-6,3.225996581757151e-6,NaN,diag_feasible,0,0,3,3,0,0,3,1.653076973250841e-14,1.12.6,lbt,1,1,Intel(R) Core(TM) 7 150U,NT,6407b28
degen-r5-m5-d1e-08-p1,100,AGD-SDAJ,1e-7*n,9.999999999999999e-6,3,22,0.0265302,0.0261737,98.65624835093593,0.0,1.23e-5,0.0,0.0,0.0,0.0,0.00034419999999999915,0.2821657366741248,3.075992627516292e-5,-9.82513233044208e-15,3.225996581757151e-6,3.225996581757151e-6,9.225811559464251e-6,3.225996581757151e-6,NaN,diag_feasible,0,0,3,3,0,0,3,1.653076973250841e-14,1.12.6,lbt,1,1,Intel(R) Core(TM) 7 150U,NT,6407b28
degen-r5-m5-d1e-08-p1,100,Dykstra-APM,1e-7*n,9.999999999999999e-6,125,125,0.1571914,0.1436847,91.40748157978108,0.0,0.0,0.0,0.0,0.0092463,0.0,0.00426040000000001,0.2821472577832412,3.6326824736205915e-5,-7.66660475359772e-15,1.9447695798202602e-6,1.9447695798202602e-6,9.357635833016113e-6,1.9447695798202602e-6,NaN,diag_feasible,0,0,0,0,0,0,125,1.653076973250841e-14,1.12.6,lbt,1,1,Intel(R) Core(TM) 7 150U,NT,6407b28
degen-r5-m5-d1e-08-p1,100,Anderson-APM,1e-7*n,9.999999999999999e-6,24,24,0.0269524,0.0226088,83.88418100057879,0.0,0.0,0.0,0.0,0.0,0.003595,0.0007486000000000029,0.28219674196511185,3.5226769555946526e-5,-9.220342377458475e-15,1.7435710435442786e-6,1.7435710435442786e-6,8.199786363067682e-6,1.7435710435442786e-6,NaN,diag_feasible,0,0,0,0,0,0,24,1.653076973250841e-14,1.12.6,lbt,1,1,Intel(R) Core(TM) 7 150U,NT,6407b28
degen-r5-m5-d1e-08-p2,100,SBB-Dual,1e-7*n,9.999999999999999e-6,60,61,0.0620891,0.0612894,98.71201225335848,4.75e-5,3.08e-5,3.14e-5,0.0,0.0,0.0,0.0006900000000000004,0.2941532332628174,1.5783099092897527e-5,-8.975865618459189e-15,1.8715535319291376e-6,0.0,9.095519897251715e-6,1.8715535319291376e-6,100.0,diag_feasible,0,0,0,0,0,0,60,2.3078222863570406e-14,1.12.6,lbt,1,1,Intel(R) Core(TM) 7 150U,NT,6407b28
degen-r5-m5-d1e-08-p2,100,Newton-SIN-BH,1e-7*n,9.999999999999999e-6,3,4,0.0053465,0.0043674,81.68708500888431,0.0,2.8e-6,0.0,0.0008368,0.0,0.0,0.0001395000000000002,0.2941532244792507,2.762573235159027e-8,-9.548771068138629e-15,6.238231264887872e-9,6.238231264887872e-9,9.395217291313494e-9,6.238231264887872e-9,NaN,converged,16,16,0,0,0,0,3,2.3078222863570406e-14,1.12.6,lbt,1,1,Intel(R) Core(TM) 7 150U,NT,6407b28
degen-r5-m5-d1e-08-p2,100,Newton-SIN,1e-7*n,9.999999999999999e-6,3,7,0.0082847,0.0073344,88.5294579164001,0.0,3.2e-6,0.0,0.0008324,0.0,0.0,0.00011470000000000122,0.2941532244792507,2.762573235159027e-8,-9.548771068138629e-15,6.238231264887872e-9,6.238231264887872e-9,9.395217291313494e-9,6.238231264887872e-9,NaN,converged,16,16,0,0,0,0,3,2.3078222863570406e-14,1.12.6,lbt,1,1,Intel(R) Core(TM) 7 150U,NT,6407b28
degen-r5-m5-d1e-08-p2,100,AGD-SDAJ-BH,1e-7*n,9.999999999999999e-6,4,35,0.0371004,0.0366356,98.74718331877824,0.0,1.75e-5,0.0,0.0,0.0,0.0,0.00044730000000000133,0.29414862751528587,7.3951306413755e-6,-8.609865113951494e-15,8.390598946750316e-7,8.390598946750316e-7,2.27849257614695e-6,8.390598946750316e-7,NaN,diag_feasible,0,0,10,10,0,0,4,2.3078222863570406e-14,1.12.6,lbt,1,1,Intel(R) Core(TM) 7 150U,NT,6407b28
degen-r5-m5-d1e-08-p2,100,AGD-SDAJ,1e-7*n,9.999999999999999e-6,4,35,0.0470045,0.046377800000000004,98.66672339882352,0.0,2.2e-5,0.0,0.0,0.0,0.0,0.0006046999999999939,0.29414862751528587,7.3951306413755e-6,-8.609865113951494e-15,8.390598946750316e-7,8.390598946750316e-7,2.27849257614695e-6,8.390598946750316e-7,NaN,diag_feasible,0,0,10,10,0,0,4,2.3078222863570406e-14,1.12.6,lbt,1,1,Intel(R) Core(TM) 7 150U,NT,6407b28
degen-r5-m5-d1e-08-p2,100,Dykstra-APM,1e-7*n,9.999999999999999e-6,123,123,0.1429414,0.1302895,91.14889038445125,0.0,0.0,0.0,0.0,0.0086754,0.0,0.003976499999999994,0.2941280416718022,3.7481350410560644e-5,-7.9386649984849e-15,1.9739526604389823e-6,1.9739526604389823e-6,9.658968731438845e-6,1.9739526604389823e-6,NaN,diag_feasible,0,0,0,0,0,0,123,2.3078222863570406e-14,1.12.6,lbt,1,1,Intel(R) Core(TM) 7 150U,NT,6407b28
degen-r5-m5-d1e-08-p2,100,Anderson-APM,1e-7*n,9.999999999999999e-6,23,23,0.026452,0.0221205,83.62505670648723,0.0,0.0,0.0,0.0,0.0,0.0036186,0.0007128999999999985,0.29414627687544803,2.138736762369743e-5,-8.02160016302762e-15,1.5712357912534003e-6,1.5712357912534003e-6,6.392398940884991e-6,1.5712357912534003e-6,NaN,diag_feasible,0,0,0,0,0,0,23,2.3078222863570406e-14,1.12.6,lbt,1,1,Intel(R) Core(TM) 7 150U,NT,6407b28
degen-r5-m5-d1e-08-p3,100,SBB-Dual,1e-7*n,9.999999999999999e-6,60,61,0.0603498,0.0595364,98.6521910594567,4.81e-5,2.33e-5,3.24e-5,0.0,0.0,0.0,0.0007095999999999988,0.2946327732777072,1.820395094258053e-5,-9.646043180203212e-15,2.4327083101294278e-6,0.0,9.961046409894469e-6,2.4327083101294278e-6,100.0,diag_feasible,0,0,0,0,0,0,60,1.9747306959778223e-14,1.12.6,lbt,1,1,Intel(R) Core(TM) 7 150U,NT,6407b28
degen-r5-m5-d1e-08-p3,100,Newton-SIN-BH,1e-7*n,9.999999999999999e-6,3,4,0.005305,0.0043975,82.89349670122527,0.0,3.3e-6,0.0,0.0007546,0.0,0.0,0.0001495999999999994,0.29463276209329997,6.68952653102959e-8,-1.07463495825028e-14,2.7327763607587485e-8,2.7327763607587485e-8,2.9141432945988155e-8,2.7327763607587485e-8,NaN,converged,14,14,0,0,0,0,3,1.9747306959778223e-14,1.12.6,lbt,1,1,Intel(R) Core(TM) 7 150U,NT,6407b28
degen-r5-m5-d1e-08-p3,100,Newton-SIN,1e-7*n,9.999999999999999e-6,3,7,0.0081208,0.0072724,89.55275342330806,0.0,3.5e-6,0.0,0.0007203,0.0,0.0,0.00012459999999999913,0.29463276209329997,6.68952653102959e-8,-1.07463495825028e-14,2.7327763607587485e-8,2.7327763607587485e-8,2.9141432945988155e-8,2.7327763607587485e-8,NaN,converged,14,14,0,0,0,0,3,1.9747306959778223e-14,1.12.6,lbt,1,1,Intel(R) Core(TM) 7 150U,NT,6407b28
degen-r5-m5-d1e-08-p3,100,AGD-SDAJ-BH,1e-7*n,9.999999999999999e-6,3,21,0.0245321,0.0233633,95.23563005205423,0.0,1.2e-5,0.0,0.0,0.0,0.0,0.001156800000000001,0.29462548658368537,2.7937500553223694e-5,-9.168673664765958e-15,4.39128119289478e-6,4.39128119289478e-6,8.808348817694412e-6,4.39128119289478e-6,NaN,diag_feasible_at_xpre,0,0,4,4,0,0,3,1.9747306959778223e-14,1.12.6,lbt,1,1,Intel(R) Core(TM) 7 150U,NT,6407b28
degen-r5-m5-d1e-08-p3,100,AGD-SDAJ,1e-7*n,9.999999999999999e-6,3,21,0.0217172,0.0214371,98.71023888899121,0.0,1.03e-5,0.0,0.0,0.0,0.0,0.0002697999999999984,0.29462548658368537,2.7937500553223694e-5,-9.168673664765958e-15,4.39128119289478e-6,4.39128119289478e-6,8.808348817694412e-6,4.39128119289478e-6,NaN,diag_feasible_at_xpre,0,0,4,4,0,0,3,1.9747306959778223e-14,1.12.6,lbt,1,1,Intel(R) Core(TM) 7 150U,NT,6407b28
degen-r5-m5-d1e-08-p3,100,Dykstra-APM,1e-7*n,9.999999999999999e-6,124,124,0.1410982,0.1276606,90.4764199685042,0.0,0.0,0.0,0.0,0.009233,0.0,0.004204599999999994,0.29460761617043874,3.83692690055628e-5,-1.182725506248287e-14,2.379609038705155e-6,2.379609038705155e-6,9.828618295088732e-6,2.379609038705155e-6,NaN,diag_feasible,0,0,0,0,0,0,124,1.9747306959778223e-14,1.12.6,lbt,1,1,Intel(R) Core(TM) 7 150U,NT,6407b28
degen-r5-m5-d1e-08-p3,100,Anderson-APM,1e-7*n,9.999999999999999e-6,28,28,0.0577096,0.0483037,83.7013252561099,0.0,0.0,0.0,0.0,0.0,0.0083388,0.0010671000000000014,0.29462297477262456,2.4771018711947557e-5,-9.591355187906066e-15,3.283582931334905e-6,3.283582931334905e-6,7.868066576474758e-6,3.283582931334905e-6,NaN,diag_feasible,0,0,0,0,0,0,28,1.9747306959778223e-14,1.12.6,lbt,1,1,Intel(R) Core(TM) 7 150U,NT,6407b28
degen-r5-m5-d1e-08-p4,100,SBB-Dual,1e-7*n,9.999999999999999e-6,59,60,0.064312,0.0633831,98.5556350292325,5.47e-5,3.01e-5,4.18e-5,0.0,0.0,0.0,0.0008022999999999964,0.294816501487834,1.7115403881146962e-5,-9.136655342588559e-15,1.955271565323713e-6,0.0,9.460619075983283e-6,1.955271565323713e-6,100.0,diag_feasible,0,0,0,0,0,0,59,1.7738918217345588e-14,1.12.6,lbt,1,1,Intel(R) Core(TM) 7 150U,NT,6407b28
degen-r5-m5-d1e-08-p4,100,Newton-SIN-BH,1e-7*n,9.999999999999999e-6,3,4,0.0060295,0.0049973,82.88083589020647,0.0,3.3e-6,0.0,0.0008547,0.0,0.0,0.00017420000000000055,0.2948164931631477,2.7249663372717702e-8,-8.24230197313908e-15,6.398076513036699e-9,6.398076513036699e-9,8.855682795146546e-9,6.398076513036699e-9,NaN,converged,15,15,0,0,0,0,3,1.7738918217345588e-14,1.12.6,lbt,1,1,Intel(R) Core(TM) 7 150U,NT,6407b28
degen-r5-m5-d1e-08-p4,100,Newton-SIN,1e-7*n,9.999999999999999e-6,3,7,0.0126443,0.0113321,89.6222013080993,0.0,4.7e-6,0.0,0.0011397,0.0,0.0,0.00016780000000000115,0.2948164931631477,2.7249663372717702e-8,-8.24230197313908e-15,6.398076513036699e-9,6.398076513036699e-9,8.855682795146546e-9,6.398076513036699e-9,NaN,converged,15,15,0,0,0,0,3,1.7738918217345588e-14,1.12.6,lbt,1,1,Intel(R) Core(TM) 7 150U,NT,6407b28
degen-r5-m5-d1e-08-p4,100,AGD-SDAJ-BH,1e-7*n,9.999999999999999e-6,3,23,0.0246572,0.0243549,98.77398893629446,0.0,1.05e-5,0.0,0.0,0.0,0.0,0.0002918000000000019,0.2948149377826075,8.150192726905242e-6,-7.818673759599428e-15,1.5450283747941995e-6,1.5450283747941995e-6,2.6853925586733917e-6,1.5450283747941995e-6,NaN,diag_feasible,0,0,4,4,0,0,3,1.7738918217345588e-14,1.12.6,lbt,1,1,Intel(R) Core(TM) 7 150U,NT,6407b28
degen-r5-m5-d1e-08-p4,100,AGD-SDAJ,1e-7*n,9.999999999999999e-6,3,23,0.0252406,0.0249061,98.67475416590732,0.0,1.17e-5,0.0,0.0,0.0,0.0,0.000322799999999998,0.2948149377826075,8.150192726905242e-6,-7.818673759599428e-15,1.5450283747941995e-6,1.5450283747941995e-6,2.6853925586733917e-6,1.5450283747941995e-6,NaN,diag_feasible,0,0,4,4,0,0,3,1.7738918217345588e-14,1.12.6,lbt,1,1,Intel(R) Core(TM) 7 150U,NT,6407b28
degen-r5-m5-d1e-08-p4,100,Dykstra-APM,1e-7*n,9.999999999999999e-6,122,122,0.1684481,0.1540435,91.44864204464166,0.0,0.0,0.0,0.0,0.0100859,0.0,0.0043186999999999896,0.2947921356030752,3.61110854348723e-5,-8.345780396478378e-15,1.9244706785936927e-6,1.9244706785936927e-6,9.372216395472243e-6,1.9244706785936927e-6,NaN,diag_feasible,0,0,0,0,0,0,122,1.7738918217345588e-14,1.12.6,lbt,1,1,Intel(R) Core(TM) 7 150U,NT,6407b28
degen-r5-m5-d1e-08-p4,100,Anderson-APM,1e-7*n,9.999999999999999e-6,24,24,0.0282677,0.0238439,84.35033624950032,0.0,0.0,0.0,0.0,0.0,0.0036943,0.0007294999999999984,0.2947947391425899,3.141829750701012e-5,-1.2370960507952008e-14,1.8669171740759438e-6,1.8669171740759438e-6,8.845267897250933e-6,1.8669171740759438e-6,NaN,diag_feasible,0,0,0,0,0,0,24,1.7738918217345588e-14,1.12.6,lbt,1,1,Intel(R) Core(TM) 7 150U,NT,6407b28
degen-r5-m5-d1e-10-p0,100,SBB-Dual,1e-7*n,9.999999999999999e-6,62,63,0.0755394,0.0744698,98.584050177788,6.45e-5,3.86e-5,3.27e-5,0.0,0.0,0.0,0.000933800000000004,0.286971547679339,1.754710538395698e-5,-8.547136680258541e-15,2.0241040259438847e-6,0.0,9.6918033636741e-6,2.0241040259438847e-6,100.0,diag_feasible,0,0,0,0,0,0,62,2.825773875253788e-14,1.12.6,lbt,1,1,Intel(R) Core(TM) 7 150U,NT,6407b28
degen-r5-m5-d1e-10-p0,100,Newton-SIN-BH,1e-7*n,9.999999999999999e-6,3,4,0.0087231,0.007132,81.7599247973771,0.0,4.4e-6,0.0,0.0013718,0.0,0.0,0.00021489999999999877,0.28697148180751736,1.1848632520323658e-7,-8.245483014302867e-15,2.491390271863736e-8,2.491390271863736e-8,4.461544936712488e-8,2.491390271863736e-8,NaN,converged,16,16,0,0,0,0,3,2.825773875253788e-14,1.12.6,lbt,1,1,Intel(R) Core(TM) 7 150U,NT,6407b28
degen-r5-m5-d1e-10-p0,100,Newton-SIN,1e-7*n,9.999999999999999e-6,3,7,0.0082064,0.0073055,89.02198284265938,0.0,2.7e-6,0.0,0.0007891,0.0,0.0,0.00010910000000000043,0.28697148180751736,1.1848632520323658e-7,-8.245483014302867e-15,2.491390271863736e-8,2.491390271863736e-8,4.461544936712488e-8,2.491390271863736e-8,NaN,converged,16,16,0,0,0,0,3,2.825773875253788e-14,1.12.6,lbt,1,1,Intel(R) Core(TM) 7 150U,NT,6407b28
degen-r5-m5-d1e-10-p0,100,AGD-SDAJ-BH,1e-7*n,9.999999999999999e-6,5,44,0.0520508,0.051422,98.79194940327525,0.0,2.26e-5,0.0,0.0,0.0,0.0,0.0006061999999999988,0.28695779170050606,2.5920157574488718e-5,-1.1662658205856461e-14,3.4700777591378795e-6,3.4700777591378795e-6,8.081363654826954e-6,3.4700777591378795e-6,NaN,diag_feasible_at_xpre,0,0,15,15,0,0,5,2.825773875253788e-14,1.12.6,lbt,1,1,Intel(R) Core(TM) 7 150U,NT,6407b28
degen-r5-m5-d1e-10-p0,100,AGD-SDAJ,1e-7*n,9.999999999999999e-6,5,44,0.0545267,0.053845800000000006,98.75125397282434,0.0,2.44e-5,0.0,0.0,0.0,0.0,0.0006564999999999912,0.28695779170050606,2.5920157574488718e-5,-1.1662658205856461e-14,3.4700777591378795e-6,3.4700777591378795e-6,8.081363654826954e-6,3.4700777591378795e-6,NaN,diag_feasible_at_xpre,0,0,15,15,0,0,5,2.825773875253788e-14,1.12.6,lbt,1,1,Intel(R) Core(TM) 7 150U,NT,6407b28
degen-r5-m5-d1e-10-p0,100,Dykstra-APM,1e-7*n,9.999999999999999e-6,128,128,0.1475734,0.1337009,90.59959315161134,0.0,0.0,0.0,0.0,0.0100096,0.0,0.0038628999999999816,0.28694501354383645,3.782503211129029e-5,-8.391762301683525e-15,1.9868735723349573e-6,1.9868735723349573e-6,9.575138637014441e-6,1.9868735723349573e-6,NaN,diag_feasible,0,0,0,0,0,0,128,2.825773875253788e-14,1.12.6,lbt,1,1,Intel(R) Core(TM) 7 150U,NT,6407b28
degen-r5-m5-d1e-10-p0,100,Anderson-APM,1e-7*n,9.999999999999999e-6,36,36,0.056538,0.0441253,78.04538540450672,0.0,0.0,0.0,0.0,0.0,0.0077759,0.004636799999999999,0.2869826444795767,2.4833680696513994e-5,-7.704197172410374e-15,2.8534897498211365e-6,2.8534897498211365e-6,6.548854884782753e-6,2.8534897498211365e-6,NaN,diag_feasible,0,0,0,0,0,0,36,2.825773875253788e-14,1.12.6,lbt,1,1,Intel(R) Core(TM) 7 150U,NT,6407b28
degen-r5-m5-d1e-10-p1,100,SBB-Dual,1e-7*n,9.999999999999999e-6,61,62,0.0687613,0.0677461,98.52358812297034,6.09e-5,3.13e-5,3.63e-5,0.0,0.0,0.0,0.000886699999999994,0.2821736830226601,1.620817851126727e-5,-7.270141710183517e-15,1.8487931836563831e-6,0.0,8.81039913380259e-6,1.8487931836563831e-6,100.0,diag_feasible,0,0,0,0,0,0,61,2.316032736484957e-14,1.12.6,lbt,1,1,Intel(R) Core(TM) 7 150U,NT,6407b28
degen-r5-m5-d1e-10-p1,100,Newton-SIN-BH,1e-7*n,9.999999999999999e-6,3,4,0.0087367,0.0072009,82.42128034612611,0.0,6.0e-6,0.0,0.0012759,0.0,0.0,0.0002539000000000005,0.28217253546826976,5.8076594851988696e-6,-9.533138292791682e-15,2.046950245526702e-6,2.046950245526702e-6,2.1461971618082038e-6,2.046950245526702e-6,NaN,converged,15,15,0,0,0,0,3,2.316032736484957e-14,1.12.6,lbt,1,1,Intel(R) Core(TM) 7 150U,NT,6407b28
degen-r5-m5-d1e-10-p1,100,Newton-SIN,1e-7*n,9.999999999999999e-6,3,7,0.0081661,0.0072859000000000005,89.22129290603837,0.0,3.4e-6,0.0,0.0007645,0.0,0.0,0.00011230000000000029,0.28217253546826976,5.8076594851988696e-6,-9.533138292791682e-15,2.046950245526702e-6,2.046950245526702e-6,2.1461971618082038e-6,2.046950245526702e-6,NaN,converged,15,15,0,0,0,0,3,2.316032736484957e-14,1.12.6,lbt,1,1,Intel(R) Core(TM) 7 150U,NT,6407b28
degen-r5-m5-d1e-10-p1,100,AGD-SDAJ-BH,1e-7*n,9.999999999999999e-6,3,22,0.0243361,0.0240367,98.76972892123224,0.0,1.14e-5,0.0,0.0,0.0,0.0,0.00028799999999999827,0.2821657144354485,3.084834614485996e-5,-9.17954916603958e-15,3.2354458227024097e-6,3.2354458227024097e-6,9.25604908633131e-6,3.2354458227024097e-6,NaN,diag_feasible,0,0,3,3,0,0,3,2.316032736484957e-14,1.12.6,lbt,1,1,Intel(R) Core(TM) 7 150U,NT,6407b28
degen-r5-m5-d1e-10-p1,100,AGD-SDAJ,1e-7*n,9.999999999999999e-6,3,22,0.0223893,0.0220995,98.70563170800338,0.0,9.5e-6,0.0,0.0,0.0,0.0,0.00028029999999999977,0.2821657144354485,3.084834614485996e-5,-9.17954916603958e-15,3.2354458227024097e-6,3.2354458227024097e-6,9.25604908633131e-6,3.2354458227024097e-6,NaN,diag_feasible,0,0,3,3,0,0,3,2.316032736484957e-14,1.12.6,lbt,1,1,Intel(R) Core(TM) 7 150U,NT,6407b28
degen-r5-m5-d1e-10-p1,100,Dykstra-APM,1e-7*n,9.999999999999999e-6,125,125,0.15275,0.1388624,90.90828150572831,0.0,0.0,0.0,0.0,0.0096841,0.0,0.004203500000000001,0.2821472699260738,3.632680407943144e-5,-7.499057918924887e-15,1.944769350004094e-6,1.944769350004094e-6,9.3576343795048e-6,1.944769350004094e-6,NaN,diag_feasible,0,0,0,0,0,0,125,2.316032736484957e-14,1.12.6,lbt,1,1,Intel(R) Core(TM) 7 150U,NT,6407b28
degen-r5-m5-d1e-10-p1,100,Anderson-APM,1e-7*n,9.999999999999999e-6,24,24,0.0269402,0.0225456,83.6875747024892,0.0,0.0,0.0,0.0,0.0,0.0036834,0.0007112000000000021,0.28219674098318637,3.520933784974016e-5,-8.806068708174246e-15,1.7432934288352797e-6,1.7432934288352797e-6,8.196238570907523e-6,1.7432934288352797e-6,NaN,diag_feasible,0,0,0,0,0,0,24,2.316032736484957e-14,1.12.6,lbt,1,1,Intel(R) Core(TM) 7 150U,NT,6407b28
degen-r5-m5-d1e-10-p2,100,SBB-Dual,1e-7*n,9.999999999999999e-6,60,61,0.0684896,0.0676027,98.70505887025185,5.9e-5,2.97e-5,3.41e-5,0.0,0.0,0.0,0.000764099999999996,0.2941532472419897,1.579504362432619e-5,-9.080478575943134e-15,1.8715532426050174e-6,0.0,9.095517619958655e-6,1.8715532426050174e-6,100.0,diag_feasible,0,0,0,0,0,0,60,1.3513288778347785e-14,1.12.6,lbt,1,1,Intel(R) Core(TM) 7 150U,NT,6407b28
degen-r5-m5-d1e-10-p2,100,Newton-SIN-BH,1e-7*n,9.999999999999999e-6,3,4,0.0088105,0.0072213,81.9624311900573,0.0,5.0e-6,0.0,0.001353,0.0,0.0,0.00023120000000000063,0.2941532407391146,2.4652241818898578e-8,-9.132946099612137e-15,6.210361336300707e-9,6.210361336300707e-9,9.143963862500026e-9,6.210361336300707e-9,NaN,converged,16,16,0,0,0,0,3,1.3513288778347785e-14,1.12.6,lbt,1,1,Intel(R) Core(TM) 7 150U,NT,6407b28
degen-r5-m5-d1e-10-p2,100,Newton-SIN,1e-7*n,9.999999999999999e-6,3,7,0.0099338,0.0087773,88.3579294932453,0.0,4.1e-6,0.0,0.0010266,0.0,0.0,0.0001257999999999997,0.2941532407391146,2.4652241818898578e-8,-9.132946099612137e-15,6.210361336300707e-9,6.210361336300707e-9,9.143963862500026e-9,6.210361336300707e-9,NaN,converged,16,16,0,0,0,0,3,1.3513288778347785e-14,1.12.6,lbt,1,1,Intel(R) Core(TM) 7 150U,NT,6407b28
degen-r5-m5-d1e-10-p2,100,AGD-SDAJ-BH,1e-7*n,9.999999999999999e-6,4,35,0.0377211,0.037254499999999996,98.76302652891881,0.0,1.79e-5,0.0,0.0,0.0,0.0,0.0004487000000000045,0.29414860761442796,7.429948215153462e-6,-9.390552065898073e-15,8.415189318711214e-7,8.415189318711214e-7,2.2905873189125853e-6,8.415189318711214e-7,NaN,diag_feasible,0,0,10,10,0,0,4,1.3513288778347785e-14,1.12.6,lbt,1,1,Intel(R) Core(TM) 7 150U,NT,6407b28
degen-r5-m5-d1e-10-p2,100,AGD-SDAJ,1e-7*n,9.999999999999999e-6,4,35,0.0498193,0.0492165,98.79002715814957,0.0,2.04e-5,0.0,0.0,0.0,0.0,0.0005823999999999937,0.29414860761442796,7.429948215153462e-6,-9.390552065898073e-15,8.415189318711214e-7,8.415189318711214e-7,2.2905873189125853e-6,8.415189318711214e-7,NaN,diag_feasible,0,0,10,10,0,0,4,1.3513288778347785e-14,1.12.6,lbt,1,1,Intel(R) Core(TM) 7 150U,NT,6407b28
degen-r5-m5-d1e-10-p2,100,Dykstra-APM,1e-7*n,9.999999999999999e-6,123,123,0.1461702,0.1332586,91.16673576419818,0.0,0.0,0.0,0.0,0.0090647,0.0,0.003846899999999995,0.29412805565748745,3.748132305732048e-5,-1.0217447475295857e-14,1.9739523759998434e-6,1.9739523759998434e-6,9.658966441819542e-6,1.9739523759998434e-6,NaN,diag_feasible,0,0,0,0,0,0,123,1.3513288778347785e-14,1.12.6,lbt,1,1,Intel(R) Core(TM) 7 150U,NT,6407b28
degen-r5-m5-d1e-10-p2,100,Anderson-APM,1e-7*n,9.999999999999999e-6,23,23,0.0363537,0.0305296,83.9793473566652,0.0,0.0,0.0,0.0,0.0,0.0049273,0.0008968000000000023,0.2941462854851562,2.13888551046156e-5,-1.0075293845689279e-14,1.5731705815813513e-6,1.5731705815813513e-6,6.393116341171442e-6,1.5731705815813513e-6,NaN,diag_feasible,0,0,0,0,0,0,23,1.3513288778347785e-14,1.12.6,lbt,1,1,Intel(R) Core(TM) 7 150U,NT,6407b28
degen-r5-m5-d1e-10-p3,100,SBB-Dual,1e-7*n,9.999999999999999e-6,60,61,0.0650242,0.0641101,98.5942156920039,5.15e-5,2.88e-5,3.41e-5,0.0,0.0,0.0,0.000799700000000001,0.2946327873122684,1.821506981367146e-5,-1.039621234740483e-14,2.432708090305269e-6,0.0,9.961044255181512e-6,2.432708090305269e-6,100.0,diag_feasible,0,0,0,0,0,0,60,1.343782689223772e-14,1.12.6,lbt,1,1,Intel(R) Core(TM) 7 150U,NT,6407b28
degen-r5-m5-d1e-10-p3,100,Newton-SIN-BH,1e-7*n,9.999999999999999e-6,3,4,0.0078649,0.0065621,83.43526300397973,0.0,4.3e-6,0.0,0.0010786,0.0,0.0,0.00021989999999999879,0.2946327798070421,6.637525625996962e-8,-1.0642890958538843e-14,2.7332177410244185e-8,2.7332177410244185e-8,2.8872697689106962e-8,2.7332177410244185e-8,NaN,converged,14,14,0,0,0,0,3,1.343782689223772e-14,1.12.6,lbt,1,1,Intel(R) Core(TM) 7 150U,NT,6407b28
degen-r5-m5-d1e-10-p3,100,Newton-SIN,1e-7*n,9.999999999999999e-6,3,7,0.0092718,0.0084022,90.62102288660239,0.0,3.4e-6,0.0,0.0007479,0.0,0.0,0.0001182999999999999,0.2946327798070421,6.637525625996962e-8,-1.0642890958538843e-14,2.7332177410244185e-8,2.7332177410244185e-8,2.8872697689106962e-8,2.7332177410244185e-8,NaN,converged,14,14,0,0,0,0,3,1.343782689223772e-14,1.12.6,lbt,1,1,Intel(R) Core(TM) 7 150U,NT,6407b28
degen-r5-m5-d1e-10-p3,100,AGD-SDAJ-BH,1e-7*n,9.999999999999999e-6,3,21,0.0217217,0.021428500000000003,98.65019772853874,0.0,9.0e-6,0.0,0.0,0.0,0.0,0.00028419999999999693,0.2946254975599819,2.7946345078890667e-5,-8.485803641564613e-15,4.393619954079497e-6,4.393619954079497e-6,8.811497920019022e-6,4.393619954079497e-6,NaN,diag_feasible_at_xpre,0,0,4,4,0,0,3,1.343782689223772e-14,1.12.6,lbt,1,1,Intel(R) Core(TM) 7 150U,NT,6407b28
degen-r5-m5-d1e-10-p3,100,AGD-SDAJ,1e-7*n,9.999999999999999e-6,3,21,0.0286667,0.028301899999999998,98.72744334018216,0.0,1.26e-5,0.0,0.0,0.0,0.0,0.00035220000000000195,0.2946254975599819,2.7946345078890667e-5,-8.485803641564613e-15,4.393619954079497e-6,4.393619954079497e-6,8.811497920019022e-6,4.393619954079497e-6,NaN,diag_feasible_at_xpre,0,0,4,4,0,0,3,1.343782689223772e-14,1.12.6,lbt,1,1,Intel(R) Core(TM) 7 150U,NT,6407b28
degen-r5-m5-d1e-10-p3,100,Dykstra-APM,1e-7*n,9.999999999999999e-6,124,124,0.1426601,0.1301478,91.22929256323246,0.0,0.0,0.0,0.0,0.0087908,0.0,0.0037215000000000043,0.2946076302108862,3.836924404646696e-5,-8.113700137675094e-15,2.379608837532743e-6,2.379608837532743e-6,9.828616261367054e-6,2.379608837532743e-6,NaN,diag_feasible,0,0,0,0,0,0,124,1.343782689223772e-14,1.12.6,lbt,1,1,Intel(R) Core(TM) 7 150U,NT,6407b28
degen-r5-m5-d1e-10-p3,100,Anderson-APM,1e-7*n,9.999999999999999e-6,28,28,0.0420683,0.034877,82.90565580258769,0.0,0.0,0.0,0.0,0.0,0.0062381,0.0009532000000000047,0.29462299066506736,2.4796605301026476e-5,-8.273942958376833e-15,3.292092669360258e-6,3.292092669360258e-6,7.876347048323372e-6,3.292092669360258e-6,NaN,diag_feasible,0,0,0,0,0,0,28,1.343782689223772e-14,1.12.6,lbt,1,1,Intel(R) Core(TM) 7 150U,NT,6407b28
degen-r5-m5-d1e-10-p4,100,SBB-Dual,1e-7*n,9.999999999999999e-6,59,60,0.0629656,0.062129699999999996,98.67244971857649,5.16e-5,2.88e-5,3.41e-5,0.0,0.0,0.0,0.0007214000000000005,0.29481651556977406,1.7127613012209903e-5,-7.957535006203382e-15,1.9552712744452805e-6,0.0,9.460616953417967e-6,1.9552712744452805e-6,100.0,diag_feasible,0,0,0,0,0,0,59,2.786084716561633e-14,1.12.6,lbt,1,1,Intel(R) Core(TM) 7 150U,NT,6407b28
degen-r5-m5-d1e-10-p4,100,Newton-SIN-BH,1e-7*n,9.999999999999999e-6,3,4,0.0059008,0.0048391,82.00752440347071,0.0,3.1e-6,0.0,0.0008944,0.0,0.0,0.00016420000000000052,0.2948165099200457,2.4468229661753395e-8,-6.713275309614506e-15,6.3943725869819446e-9,6.3943725869819446e-9,8.563847730388436e-9,6.3943725869819446e-9,NaN,converged,15,15,0,0,0,0,3,2.786084716561633e-14,1.12.6,lbt,1,1,Intel(R) Core(TM) 7 150U,NT,6407b28
degen-r5-m5-d1e-10-p4,100,Newton-SIN,1e-7*n,9.999999999999999e-6,3,7,0.0097062,0.0087191,89.83021161731678,0.0,4.3e-6,0.0,0.0008577,0.0,0.0,0.0001250999999999994,0.2948165099200457,2.4468229661753395e-8,-6.713275309614506e-15,6.3943725869819446e-9,6.3943725869819446e-9,8.563847730388436e-9,6.3943725869819446e-9,NaN,converged,15,15,0,0,0,0,3,2.786084716561633e-14,1.12.6,lbt,1,1,Intel(R) Core(TM) 7 150U,NT,6407b28
degen-r5-m5-d1e-10-p4,100,AGD-SDAJ-BH,1e-7*n,9.999999999999999e-6,3,23,0.0272766,0.026925499999999998,98.71281611344521,0.0,1.33e-5,0.0,0.0,0.0,0.0,0.0003378000000000035,0.29481495129242324,8.153815584337765e-6,-9.325487240146023e-15,1.5468158598430648e-6,1.5468158598430648e-6,2.687090504236371e-6,1.5468158598430648e-6,NaN,diag_feasible,0,0,4,4,0,0,3,2.786084716561633e-14,1.12.6,lbt,1,1,Intel(R) Core(TM) 7 150U,NT,6407b28
degen-r5-m5-d1e-10-p4,100,AGD-SDAJ,1e-7*n,9.999999999999999e-6,3,23,0.0262003,0.025851299999999997,98.66795418373071,0.0,1.25e-5,0.0,0.0,0.0,0.0,0.0003365000000000021,0.29481495129242324,8.153815584337765e-6,-9.325487240146023e-15,1.5468158598430648e-6,1.5468158598430648e-6,2.687090504236371e-6,1.5468158598430648e-6,NaN,diag_feasible,0,0,4,4,0,0,3,2.786084716561633e-14,1.12.6,lbt,1,1,Intel(R) Core(TM) 7 150U,NT,6407b28
degen-r5-m5-d1e-10-p4,100,Dykstra-APM,1e-7*n,9.999999999999999e-6,122,122,0.1483261,0.1346213,90.76035842646709,0.0,0.0,0.0,0.0,0.0089953,0.0,0.00470949999999999,0.29479214969072076,3.611105988680372e-5,-9.7294459465601e-15,1.9244704054788286e-6,1.9244704054788286e-6,9.372214379691234e-6,1.9244704054788286e-6,NaN,diag_feasible,0,0,0,0,0,0,122,2.786084716561633e-14,1.12.6,lbt,1,1,Intel(R) Core(TM) 7 150U,NT,6407b28
degen-r5-m5-d1e-10-p4,100,Anderson-APM,1e-7*n,9.999999999999999e-6,24,24,0.0565388,0.0470258,83.17438643904717,0.0,0.0,0.0,0.0,0.0,0.0083807,0.001132300000000001,0.294794720792105,3.145844194485006e-5,-7.90431793394335e-15,1.8722727962439123e-6,1.8722727962439123e-6,8.858064914284814e-6,1.8722727962439123e-6,NaN,diag_feasible,0,0,0,0,0,0,24,2.786084716561633e-14,1.12.6,lbt,1,1,Intel(R) Core(TM) 7 150U,NT,6407b28
degen-r5-m5-d0-p0,100,SBB-Dual,1e-7*n,9.999999999999999e-6,62,63,0.061924,0.0610986,98.66707577029908,4.77e-5,2.6e-5,3.16e-5,0.0,0.0,0.0,0.000720099999999997,0.28697154780970735,1.7547217714300255e-5,-8.988584459512728e-15,2.0241040237234387e-6,0.0,9.691803345243249e-6,2.0241040237234387e-6,100.0,diag_feasible,0,0,0,0,0,0,62,2.853273173286652e-14,1.12.6,lbt,1,1,Intel(R) Core(TM) 7 150U,NT,6407b28
degen-r5-m5-d0-p0,100,Newton-SIN-BH,1e-7*n,9.999999999999999e-6,3,4,0.005546,0.0045346,81.7634331049405,0.0,3.1e-6,0.0,0.0008455,0.0,0.0,0.00016279999999999995,0.28697148193791083,1.1848628241518885e-7,-9.114440705393974e-15,2.4913950902316628e-8,2.4913950902316628e-8,4.461547350593352e-8,2.4913950902316628e-8,NaN,converged,16,16,0,0,0,0,3,2.853273173286652e-14,1.12.6,lbt,1,1,Intel(R) Core(TM) 7 150U,NT,6407b28
degen-r5-m5-d0-p0,100,Newton-SIN,1e-7*n,9.999999999999999e-6,3,7,0.0082702,0.0073225,88.54078498706197,0.0,3.7e-6,0.0,0.0008296,0.0,0.0,0.00011440000000000007,0.28697148193791083,1.1848628241518885e-7,-9.114440705393974e-15,2.4913950902316628e-8,2.4913950902316628e-8,4.461547350593352e-8,2.4913950902316628e-8,NaN,converged,16,16,0,0,0,0,3,2.853273173286652e-14,1.12.6,lbt,1,1,Intel(R) Core(TM) 7 150U,NT,6407b28
degen-r5-m5-d0-p0,100,AGD-SDAJ-BH,1e-7*n,9.999999999999999e-6,5,44,0.0463238,0.045757,98.77643889318234,0.0,1.84e-5,0.0,0.0,0.0,0.0,0.0005483999999999992,0.28695779063496984,2.592159672372925e-5,-1.0737241153832655e-14,3.470195331201076e-6,3.470195331201076e-6,8.081840970096845e-6,3.470195331201076e-6,NaN,diag_feasible_at_xpre,0,0,15,15,0,0,5,2.853273173286652e-14,1.12.6,lbt,1,1,Intel(R) Core(TM) 7 150U,NT,6407b28
degen-r5-m5-d0-p0,100,AGD-SDAJ,1e-7*n,9.999999999999999e-6,5,44,0.0467069,0.0461267,98.75778525228606,0.0,2.03e-5,0.0,0.0,0.0,0.0,0.0005599000000000029,0.28695779063496984,2.592159672372925e-5,-1.0737241153832655e-14,3.470195331201076e-6,3.470195331201076e-6,8.081840970096845e-6,3.470195331201076e-6,NaN,diag_feasible_at_xpre,0,0,15,15,0,0,5,2.853273173286652e-14,1.12.6,lbt,1,1,Intel(R) Core(TM) 7 150U,NT,6407b28
degen-r5-m5-d0-p0,100,Dykstra-APM,1e-7*n,9.999999999999999e-6,128,128,0.1653843,0.1518189,91.79764947458737,0.0,0.0,0.0,0.0,0.0095647,0.0,0.004000700000000005,0.2869450136742902,3.782503189586507e-5,-9.269122586057595e-15,1.9868735694483775e-6,1.9868735694483775e-6,9.575138612864133e-6,1.9868735694483775e-6,NaN,diag_feasible,0,0,0,0,0,0,128,2.853273173286652e-14,1.12.6,lbt,1,1,Intel(R) Core(TM) 7 150U,NT,6407b28
degen-r5-m5-d0-p0,100,Anderson-APM,1e-7*n,9.999999999999999e-6,36,36,0.0607898,0.0474317,78.02575432062616,0.0,0.0,0.0,0.0,0.0,0.0085359,0.004822199999999997,0.2869826446140172,2.4833683762428575e-5,-8.287418530087394e-15,2.853489175946855e-6,2.853489175946855e-6,6.548855145157218e-6,2.853489175946855e-6,NaN,diag_feasible,0,0,0,0,0,0,36,2.853273173286652e-14,1.12.6,lbt,1,1,Intel(R) Core(TM) 7 150U,NT,6407b28
degen-r5-m5-d0-p1,100,SBB-Dual,1e-7*n,9.999999999999999e-6,61,62,0.0719682,0.0708718,98.47654936485837,6.43e-5,3.43e-5,3.84e-5,0.0,0.0,0.0,0.0009593999999999975,0.2821736831452697,1.6208294212706835e-5,-8.44580423652534e-15,1.8487931801036694e-6,0.0,8.81039912075705e-6,1.8487931801036694e-6,100.0,diag_feasible,0,0,0,0,0,0,61,1.7897332353584515e-14,1.12.6,lbt,1,1,Intel(R) Core(TM) 7 150U,NT,6407b28
degen-r5-m5-d0-p1,100,Newton-SIN-BH,1e-7*n,9.999999999999999e-6,3,4,0.0053618,0.0043407,80.95602223134023,0.0,3.6e-6,0.0,0.000789,0.0,0.0,0.00022849999999999954,0.2821725355860736,5.807660272949378e-6,-9.76085201655636e-15,2.0469503088094143e-6,2.0469503088094143e-6,2.146202105745825e-6,2.0469503088094143e-6,NaN,converged,15,15,0,0,0,0,3,1.7897332353584515e-14,1.12.6,lbt,1,1,Intel(R) Core(TM) 7 150U,NT,6407b28
degen-r5-m5-d0-p1,100,Newton-SIN,1e-7*n,9.999999999999999e-6,3,7,0.0134671,0.012156400000000001,90.26739238588858,0.0,5.1e-6,0.0,0.0011347,0.0,0.0,0.00017089999999999792,0.2821725355860736,5.807660272949378e-6,-9.76085201655636e-15,2.0469503088094143e-6,2.0469503088094143e-6,2.146202105745825e-6,2.0469503088094143e-6,NaN,converged,15,15,0,0,0,0,3,1.7897332353584515e-14,1.12.6,lbt,1,1,Intel(R) Core(TM) 7 150U,NT,6407b28
degen-r5-m5-d0-p1,100,AGD-SDAJ-BH,1e-7*n,9.999999999999999e-6,3,22,0.0326903,0.0322638,98.69533164271972,0.0,1.69e-5,0.0,0.0,0.0,0.0,0.00040959999999999635,0.2821657142082983,3.0849246151804054e-5,-1.0187279566221881e-14,3.2355418528862145e-6,3.2355418528862145e-6,9.25635869160058e-6,3.2355418528862145e-6,NaN,diag_feasible,0,0,3,3,0,0,3,1.7897332353584515e-14,1.12.6,lbt,1,1,Intel(R) Core(TM) 7 150U,NT,6407b28
degen-r5-m5-d0-p1,100,AGD-SDAJ,1e-7*n,9.999999999999999e-6,3,22,0.0274446,0.0270623,98.60701194406187,0.0,1.31e-5,0.0,0.0,0.0,0.0,0.0003691999999999986,0.2821657142082983,3.0849246151804054e-5,-1.0187279566221881e-14,3.2355418528862145e-6,3.2355418528862145e-6,9.25635869160058e-6,3.2355418528862145e-6,NaN,diag_feasible,0,0,3,3,0,0,3,1.7897332353584515e-14,1.12.6,lbt,1,1,Intel(R) Core(TM) 7 150U,NT,6407b28
degen-r5-m5-d0-p1,100,Dykstra-APM,1e-7*n,9.999999999999999e-6,125,125,0.1482744,0.1349049,90.98327155598,0.0,0.0,0.0,0.0,0.0094075,0.0,0.003962000000000007,0.28214727004873613,3.632680389650698e-5,-7.38467484538752e-15,1.9447693475616035e-6,1.9447693475616035e-6,9.357634362337816e-6,1.9447693475616035e-6,NaN,diag_feasible,0,0,0,0,0,0,125,1.7897332353584515e-14,1.12.6,lbt,1,1,Intel(R) Core(TM) 7 150U,NT,6407b28
degen-r5-m5-d0-p1,100,Anderson-APM,1e-7*n,9.999999999999999e-6,24,24,0.0331358,0.0276541,83.45686538426718,0.0,0.0,0.0,0.0,0.0,0.0046341,0.0008475999999999987,0.2821967409699033,3.520915803608786e-5,-1.0463211988509931e-14,1.7432905953240763e-6,1.7432905953240763e-6,8.196202061233333e-6,1.7432905953240763e-6,NaN,diag_feasible,0,0,0,0,0,0,24,1.7897332353584515e-14,1.12.6,lbt,1,1,Intel(R) Core(TM) 7 150U,NT,6407b28
degen-r5-m5-d0-p2,100,SBB-Dual,1e-7*n,9.999999999999999e-6,60,61,0.0583406,0.0575064,98.57012097921516,4.74e-5,2.46e-5,3.46e-5,0.0,0.0,0.0,0.0007276000000000002,0.29415324738319387,1.579516431222434e-5,-1.2116751169195437e-14,1.87155323838617e-6,0.0,9.095517600539473e-6,1.87155323838617e-6,100.0,diag_feasible,0,0,0,0,0,0,60,2.8531651728939705e-14,1.12.6,lbt,1,1,Intel(R) Core(TM) 7 150U,NT,6407b28
degen-r5-m5-d0-p2,100,Newton-SIN-BH,1e-7*n,9.999999999999999e-6,3,4,0.0077903,0.0064527000000000004,82.82992952774605,0.0,3.5e-6,0.0,0.0011396,0.0,0.0,0.00019449999999999958,0.2941532408922319,2.4653698859825984e-8,-9.045151113626609e-15,6.21027940184149e-9,6.21027940184149e-9,9.143934392159322e-9,6.21027940184149e-9,NaN,converged,16,16,0,0,0,0,3,2.8531651728939705e-14,1.12.6,lbt,1,1,Intel(R) Core(TM) 7 150U,NT,6407b28
degen-r5-m5-d0-p2,100,Newton-SIN,1e-7*n,9.999999999999999e-6,3,7,0.0097824,0.0086155,88.07143441282304,0.0,3.3e-6,0.0,0.0010427,0.0,0.0,0.00012090000000000039,0.2941532408922319,2.4653698859825984e-8,-9.045151113626609e-15,6.21027940184149e-9,6.21027940184149e-9,9.143934392159322e-9,6.21027940184149e-9,NaN,converged,16,16,0,0,0,0,3,2.8531651728939705e-14,1.12.6,lbt,1,1,Intel(R) Core(TM) 7 150U,NT,6407b28
degen-r5-m5-d0-p2,100,AGD-SDAJ-BH,1e-7*n,9.999999999999999e-6,4,35,0.0376714,0.037210099999999996,98.77546361430686,0.0,1.53e-5,0.0,0.0,0.0,0.0,0.00044600000000000477,0.2941486074107787,7.430303199582743e-6,-7.937717268718643e-15,8.415440413411801e-7,8.415440413411801e-7,2.2907106254747245e-6,8.415440413411801e-7,NaN,diag_feasible,0,0,10,10,0,0,4,2.8531651728939705e-14,1.12.6,lbt,1,1,Intel(R) Core(TM) 7 150U,NT,6407b28
degen-r5-m5-d0-p2,100,AGD-SDAJ,1e-7*n,9.999999999999999e-6,4,35,0.0435939,0.0430633,98.7828572346131,0.0,1.93e-5,0.0,0.0,0.0,0.0,0.0005112999999999991,0.2941486074107787,7.430303199582743e-6,-7.937717268718643e-15,8.415440413411801e-7,8.415440413411801e-7,2.2907106254747245e-6,8.415440413411801e-7,NaN,diag_feasible,0,0,10,10,0,0,4,2.8531651728939705e-14,1.12.6,lbt,1,1,Intel(R) Core(TM) 7 150U,NT,6407b28
degen-r5-m5-d0-p2,100,Dykstra-APM,1e-7*n,9.999999999999999e-6,123,123,0.1460748,0.1333502,91.28898345231347,0.0,0.0,0.0,0.0,0.0089027,0.0,0.003821900000000003,0.29412805579876294,3.748132277957481e-5,-9.902218092122715e-15,1.973952371114862e-6,1.973952371114862e-6,9.658966419502964e-6,1.973952371114862e-6,NaN,diag_feasible,0,0,0,0,0,0,123,2.8531651728939705e-14,1.12.6,lbt,1,1,Intel(R) Core(TM) 7 150U,NT,6407b28
degen-r5-m5-d0-p2,100,Anderson-APM,1e-7*n,9.999999999999999e-6,23,23,0.0379136,0.0317538,83.75305958811613,0.0,0.0,0.0,0.0,0.0,0.0052794,0.0008803999999999999,0.29414628555140737,2.138891119437167e-5,-1.033366708144351e-14,1.5731909994709525e-6,1.5731909994709525e-6,6.393135069117978e-6,1.5731909994709525e-6,NaN,diag_feasible,0,0,0,0,0,0,23,2.8531651728939705e-14,1.12.6,lbt,1,1,Intel(R) Core(TM) 7 150U,NT,6407b28
degen-r5-m5-d0-p3,100,SBB-Dual,1e-7*n,9.999999999999999e-6,60,61,0.0586868,0.0578614,98.59355084959479,4.32e-5,2.52e-5,3.35e-5,0.0,0.0,0.0,0.000723499999999997,0.2946327874540315,1.8215182079486445e-5,-1.0340244239301292e-14,2.4327080887509567e-6,0.0,9.961044235593675e-6,2.4327080887509567e-6,100.0,diag_feasible,0,0,0,0,0,0,60,4.7389099588331995e-14,1.12.6,lbt,1,1,Intel(R) Core(TM) 7 150U,NT,6407b28
degen-r5-m5-d0-p3,100,Newton-SIN-BH,1e-7*n,9.999999999999999e-6,3,4,0.0068753,0.0056663,82.41531278635114,0.0,4.0e-6,0.0,0.0009898,0.0,0.0,0.0002151999999999998,0.29463277998578563,6.637975538846162e-8,-1.0102095983134587e-14,2.733222403961122e-8,2.733222403961122e-8,2.8870608042278953e-8,2.733222403961122e-8,NaN,converged,14,14,0,0,0,0,3,4.7389099588331995e-14,1.12.6,lbt,1,1,Intel(R) Core(TM) 7 150U,NT,6407b28
degen-r5-m5-d0-p3,100,Newton-SIN,1e-7*n,9.999999999999999e-6,3,7,0.0179266,0.0154691,86.2913212767619,0.0,3.5e-6,0.0,0.0023081,0.0,0.0,0.00014590000000000132,0.29463277998578563,6.637975538846162e-8,-1.0102095983134587e-14,2.733222403961122e-8,2.733222403961122e-8,2.8870608042278953e-8,2.733222403961122e-8,NaN,converged,14,14,0,0,0,0,3,4.7389099588331995e-14,1.12.6,lbt,1,1,Intel(R) Core(TM) 7 150U,NT,6407b28
degen-r5-m5-d0-p3,100,AGD-SDAJ-BH,1e-7*n,9.999999999999999e-6,3,21,0.0271502,0.0268025,98.71934645048655,0.0,1.25e-5,0.0,0.0,0.0,0.0,0.0003351999999999994,0.29462549767061513,2.7946434709261636e-5,-9.679830352648536e-15,4.393643637246036e-6,4.393643637246036e-6,8.811529818663362e-6,4.393643637246036e-6,NaN,diag_feasible_at_xpre,0,0,4,4,0,0,3,4.7389099588331995e-14,1.12.6,lbt,1,1,Intel(R) Core(TM) 7 150U,NT,6407b28
degen-r5-m5-d0-p3,100,AGD-SDAJ,1e-7*n,9.999999999999999e-6,3,21,0.0338621,0.0334254,98.71035759743194,0.0,1.61e-5,0.0,0.0,0.0,0.0,0.0004205999999999982,0.29462549767061513,2.7946434709261636e-5,-9.679830352648536e-15,4.393643637246036e-6,4.393643637246036e-6,8.811529818663362e-6,4.393643637246036e-6,NaN,diag_feasible_at_xpre,0,0,4,4,0,0,3,4.7389099588331995e-14,1.12.6,lbt,1,1,Intel(R) Core(TM) 7 150U,NT,6407b28
degen-r5-m5-d0-p3,100,Dykstra-APM,1e-7*n,9.999999999999999e-6,124,124,0.1550088,0.1414544,91.2557222557687,0.0,0.0,0.0,0.0,0.0095477,0.0,0.004006699999999995,0.29460763035270865,3.8369243823786334e-5,-9.804752247755816e-15,2.3796088359784306e-6,2.3796088359784306e-6,9.828616240728681e-6,2.3796088359784306e-6,NaN,diag_feasible,0,0,0,0,0,0,124,4.7389099588331995e-14,1.12.6,lbt,1,1,Intel(R) Core(TM) 7 150U,NT,6407b28
degen-r5-m5-d0-p3,100,Anderson-APM,1e-7*n,9.999999999999999e-6,28,28,0.0429509,0.0362679,84.44037261151686,0.0,0.0,0.0,0.0,0.0,0.0056054,0.0010776000000000015,0.29462299083823346,2.4796841696303087e-5,-9.994013371331056e-15,3.2921706629718273e-6,3.2921706629718273e-6,7.876421932029177e-6,3.2921706629718273e-6,NaN,diag_feasible,0,0,0,0,0,0,28,4.7389099588331995e-14,1.12.6,lbt,1,1,Intel(R) Core(TM) 7 150U,NT,6407b28
degen-r5-m5-d0-p4,100,SBB-Dual,1e-7*n,9.999999999999999e-6,59,60,0.0566737,0.055937999999999995,98.70186700356602,4.03e-5,2.3e-5,3.19e-5,0.0,0.0,0.0,0.0006405000000000059,0.294816515712017,1.7127736381540286e-5,-8.447451033799871e-15,1.9552712715587006e-6,0.0,9.460616933529783e-6,1.9552712715587006e-6,100.0,diag_feasible,0,0,0,0,0,0,59,2.366963202245213e-14,1.12.6,lbt,1,1,Intel(R) Core(TM) 7 150U,NT,6407b28
degen-r5-m5-d0-p4,100,Newton-SIN-BH,1e-7*n,9.999999999999999e-6,3,4,0.0050665,0.0041133,81.18622323102734,0.0,2.7e-6,0.0,0.0007994,0.0,0.0,0.0001510999999999995,0.2948165100879303,2.447034719975318e-8,-8.415808556335502e-15,6.394350160476847e-9,6.394350160476847e-9,8.562327795992068e-9,6.394350160476847e-9,NaN,converged,15,15,0,0,0,0,3,2.366963202245213e-14,1.12.6,lbt,1,1,Intel(R) Core(TM) 7 150U,NT,6407b28
degen-r5-m5-d0-p4,100,Newton-SIN,1e-7*n,9.999999999999999e-6,3,7,0.0082467,0.0073361,88.95800744540242,0.0,3.0e-6,0.0,0.0007859,0.0,0.0,0.00012169999999999933,0.2948165100879303,2.447034719975318e-8,-8.415808556335502e-15,6.394350160476847e-9,6.394350160476847e-9,8.562327795992068e-9,6.394350160476847e-9,NaN,converged,15,15,0,0,0,0,3,2.366963202245213e-14,1.12.6,lbt,1,1,Intel(R) Core(TM) 7 150U,NT,6407b28
degen-r5-m5-d0-p4,100,AGD-SDAJ-BH,1e-7*n,9.999999999999999e-6,3,23,0.0322133,0.0318261,98.79801200125415,0.0,1.51e-5,0.0,0.0,0.0,0.0,0.0003720999999999973,0.2948149514288727,8.153852261191988e-6,-7.37749715029822e-15,1.546833920063051e-6,1.546833920063051e-6,2.687107669608686e-6,1.546833920063051e-6,NaN,diag_feasible,0,0,4,4,0,0,3,2.366963202245213e-14,1.12.6,lbt,1,1,Intel(R) Core(TM) 7 150U,NT,6407b28
degen-r5-m5-d0-p4,100,AGD-SDAJ,1e-7*n,9.999999999999999e-6,3,23,0.0244459,0.0241112,98.63085425367854,0.0,1.38e-5,0.0,0.0,0.0,0.0,0.00032090000000000026,0.2948149514288727,8.153852261191988e-6,-7.37749715029822e-15,1.546833920063051e-6,1.546833920063051e-6,2.687107669608686e-6,1.546833920063051e-6,NaN,diag_feasible,0,0,4,4,0,0,3,2.366963202245213e-14,1.12.6,lbt,1,1,Intel(R) Core(TM) 7 150U,NT,6407b28
degen-r5-m5-d0-p4,100,Dykstra-APM,1e-7*n,9.999999999999999e-6,122,122,0.1505267,0.137366,91.25689993868197,0.0,0.0,0.0,0.0,0.0090032,0.0,0.004157500000000026,0.2947921498330281,3.611105960179748e-5,-9.314083395008682e-15,1.924470403702472e-6,1.924470403702472e-6,9.37221435750856e-6,1.924470403702472e-6,NaN,diag_feasible,0,0,0,0,0,0,122,2.366963202245213e-14,1.12.6,lbt,1,1,Intel(R) Core(TM) 7 150U,NT,6407b28
degen-r5-m5-d0-p4,100,Anderson-APM,1e-7*n,9.999999999999999e-6,24,24,0.0326996,0.0273267,83.56891215794687,0.0,0.0,0.0,0.0,0.0,0.0045738,0.0007991000000000031,0.29479472062328,3.145882598095243e-5,-7.85192329723207e-15,1.8723246257845716e-6,1.8723246257845716e-6,8.858187722922189e-6,1.8723246257845716e-6,NaN,diag_feasible,0,0,0,0,0,0,24,2.366963202245213e-14,1.12.6,lbt,1,1,Intel(R) Core(TM) 7 150U,NT,6407b28
degen-r5-m20-d0.01-p0,100,SBB-Dual,1e-7*n,9.999999999999999e-6,69,70,0.0814407,0.0805298,98.88151747222211,5.31e-5,2.81e-5,3.27e-5,0.0,0.0,0.0,0.0007970000000000061,0.3839844039602174,8.71007767504662e-6,-8.847010918652383e-15,1.3148155622033642e-6,0.0,9.538125948270994e-6,1.3148155622033642e-6,100.0,diag_feasible,0,0,0,0,0,0,69,2.900976860388739e-14,1.12.6,lbt,1,1,Intel(R) Core(TM) 7 150U,NT,6407b28
degen-r5-m20-d0.01-p0,100,Newton-SIN-BH,1e-7*n,9.999999999999999e-6,3,4,0.0045738,0.0038582,84.35436617254798,0.0,3.2e-6,0.0,0.0005698,0.0,0.0,0.00014260000000000032,0.383984662698121,1.0298514664853151e-5,-1.0161092836011393e-14,9.223872394770183e-7,9.223872394770183e-7,3.0904094776462074e-6,9.223872394770183e-7,NaN,converged,10,10,0,0,0,0,3,2.900976860388739e-14,1.12.6,lbt,1,1,Intel(R) Core(TM) 7 150U,NT,6407b28
degen-r5-m20-d0.01-p0,100,Newton-SIN,1e-7*n,9.999999999999999e-6,3,7,0.008439,0.0076981,91.22052375873918,0.0,3.4e-6,0.0,0.0005971,0.0,0.0,0.00014040000000000005,0.383984662698121,1.0298514664853151e-5,-1.0161092836011393e-14,9.223872394770183e-7,9.223872394770183e-7,3.0904094776462074e-6,9.223872394770183e-7,NaN,converged,10,10,0,0,0,0,3,2.900976860388739e-14,1.12.6,lbt,1,1,Intel(R) Core(TM) 7 150U,NT,6407b28
degen-r5-m20-d0.01-p0,100,AGD-SDAJ-BH,1e-7*n,9.999999999999999e-6,4,30,0.0330533,0.032659499999999994,98.80859097276215,0.0,1.32e-5,0.0,0.0,0.0,0.0,0.00038060000000000665,0.3839815158281954,1.7380133857042624e-5,-1.0698847123645576e-14,2.182013177698394e-6,2.182013177698394e-6,5.490131675010168e-6,2.182013177698394e-6,NaN,diag_feasible_at_xpre,0,0,7,7,0,0,4,2.900976860388739e-14,1.12.6,lbt,1,1,Intel(R) Core(TM) 7 150U,NT,6407b28
degen-r5-m20-d0.01-p0,100,AGD-SDAJ,1e-7*n,9.999999999999999e-6,4,30,0.0310591,0.030670899999999997,98.750124762147,0.0,1.25e-5,0.0,0.0,0.0,0.0,0.00037570000000000176,0.3839815158281954,1.7380133857042624e-5,-1.0698847123645576e-14,2.182013177698394e-6,2.182013177698394e-6,5.490131675010168e-6,2.182013177698394e-6,NaN,diag_feasible_at_xpre,0,0,7,7,0,0,4,2.900976860388739e-14,1.12.6,lbt,1,1,Intel(R) Core(TM) 7 150U,NT,6407b28
degen-r5-m20-d0.01-p0,100,Dykstra-APM,1e-7*n,9.999999999999999e-6,142,142,0.1767938,0.1594435,90.18613774917445,0.0,0.0,0.0,0.0,0.0122386,0.0,0.005111700000000012,0.3839654149686509,4.3295265589792236e-5,-8.682422202743822e-15,1.320368713475517e-6,1.320368713475517e-6,9.592439920458208e-6,1.320368713475517e-6,NaN,diag_feasible,0,0,0,0,0,0,142,2.900976860388739e-14,1.12.6,lbt,1,1,Intel(R) Core(TM) 7 150U,NT,6407b28
degen-r5-m20-d0.01-p0,100,Anderson-APM,1e-7*n,9.999999999999999e-6,23,23,0.026882,0.0227401,84.5922922401607,0.0,0.0,0.0,0.0,0.0,0.0034468,0.0006951000000000006,0.38398045688214594,1.816443838245861e-5,-8.537621130080342e-15,1.5436488158826478e-6,1.5436488158826478e-6,5.321113463760661e-6,1.5436488158826478e-6,NaN,diag_feasible,0,0,0,0,0,0,23,2.900976860388739e-14,1.12.6,lbt,1,1,Intel(R) Core(TM) 7 150U,NT,6407b28
degen-r5-m20-d0.01-p1,100,SBB-Dual,1e-7*n,9.999999999999999e-6,69,70,0.0678702,0.06689980000000001,98.57021196342431,5.43e-5,2.94e-5,3.38e-5,0.0,0.0,0.0,0.0008528999999999964,0.38012140996357097,7.987252881304037e-6,-1.1020279286304632e-14,1.2548811672008497e-6,0.0,9.097062059676496e-6,1.2548811672008497e-6,100.0,diag_feasible,0,0,0,0,0,0,69,1.5797580287425462e-14,1.12.6,lbt,1,1,Intel(R) Core(TM) 7 150U,NT,6407b28
degen-r5-m20-d0.01-p1,100,Newton-SIN-BH,1e-7*n,9.999999999999999e-6,3,4,0.0071113,0.0060165999999999996,84.60619014807419,0.0,5.3e-6,0.0,0.0008499,0.0,0.0,0.00023950000000000056,0.38012156350627374,9.376950874206694e-6,-9.654010322937438e-15,9.555346007772414e-7,9.555346007772414e-7,2.9546251809993357e-6,9.555346007772414e-7,NaN,converged,10,10,0,0,0,0,3,1.5797580287425462e-14,1.12.6,lbt,1,1,Intel(R) Core(TM) 7 150U,NT,6407b28
degen-r5-m20-d0.01-p1,100,Newton-SIN,1e-7*n,9.999999999999999e-6,3,7,0.0076936,0.0070034,91.02890714359987,0.0,2.7e-6,0.0,0.0005728,0.0,0.0,0.00011470000000000013,0.38012156350627374,9.376950874206694e-6,-9.654010322937438e-15,9.555346007772414e-7,9.555346007772414e-7,2.9546251809993357e-6,9.555346007772414e-7,NaN,converged,10,10,0,0,0,0,3,1.5797580287425462e-14,1.12.6,lbt,1,1,Intel(R) Core(TM) 7 150U,NT,6407b28
degen-r5-m20-d0.01-p1,100,AGD-SDAJ-BH,1e-7*n,9.999999999999999e-6,4,26,0.0271972,0.0268354,98.66971600017648,0.0,1.26e-5,0.0,0.0,0.0,0.0,0.0003492000000000024,0.3801155537051262,1.8345605560647042e-5,-1.0106737194788777e-14,3.6118311457222774e-6,3.6118311457222774e-6,5.404451996339345e-6,3.6118311457222774e-6,NaN,diag_feasible_at_xpre,0,0,5,5,0,0,4,1.5797580287425462e-14,1.12.6,lbt,1,1,Intel(R) Core(TM) 7 150U,NT,6407b28
degen-r5-m20-d0.01-p1,100,AGD-SDAJ,1e-7*n,9.999999999999999e-6,4,26,0.0275646,0.0272116,98.71937194807832,0.0,1.19e-5,0.0,0.0,0.0,0.0,0.0003411000000000026,0.3801155537051262,1.8345605560647042e-5,-1.0106737194788777e-14,3.6118311457222774e-6,3.6118311457222774e-6,5.404451996339345e-6,3.6118311457222774e-6,NaN,diag_feasible_at_xpre,0,0,5,5,0,0,4,1.5797580287425462e-14,1.12.6,lbt,1,1,Intel(R) Core(TM) 7 150U,NT,6407b28
degen-r5-m20-d0.01-p1,100,Dykstra-APM,1e-7*n,9.999999999999999e-6,141,141,0.1755674,0.1556766,88.67056184690324,0.0,0.0,0.0,0.0,0.0143747,0.0,0.005516100000000013,0.3801020686404234,4.3524989935864495e-5,-1.124790537822784e-14,1.331544131843998e-6,1.331544131843998e-6,9.667991901359308e-6,1.331544131843998e-6,NaN,diag_feasible,0,0,0,0,0,0,141,1.5797580287425462e-14,1.12.6,lbt,1,1,Intel(R) Core(TM) 7 150U,NT,6407b28
degen-r5-m20-d0.01-p1,100,Anderson-APM,1e-7*n,9.999999999999999e-6,36,36,0.0477965,0.0397053,83.07156381743434,0.0,0.0,0.0,0.0,0.0,0.0070126,0.0010785999999999999,0.38011068068641035,3.1810457719562456e-5,-1.3550605530966654e-14,2.3486608502487627e-6,2.3486608502487627e-6,8.47836673835673e-6,2.3486608502487627e-6,NaN,diag_feasible,0,0,0,0,0,0,36,1.5797580287425462e-14,1.12.6,lbt,1,1,Intel(R) Core(TM) 7 150U,NT,6407b28
degen-r5-m20-d0.01-p2,100,SBB-Dual,1e-7*n,9.999999999999999e-6,69,70,0.0689885,0.0681056,98.72022148618974,5.0e-5,3.1e-5,3.2e-5,0.0,0.0,0.0,0.000769899999999992,0.3849104796612546,7.49938322069534e-6,-8.425825381989314e-15,1.2938539619700151e-6,0.0,9.03746138094158e-6,1.2938539619700151e-6,100.0,diag_feasible,0,0,0,0,0,0,69,1.9986481453254593e-14,1.12.6,lbt,1,1,Intel(R) Core(TM) 7 150U,NT,6407b28
degen-r5-m20-d0.01-p2,100,Newton-SIN-BH,1e-7*n,9.999999999999999e-6,3,4,0.0086224,0.0074158,86.00621636667285,0.0,6.9e-6,0.0,0.0009325,0.0,0.0,0.0002672000000000004,0.3849104994051327,4.77571241945129e-6,-9.079333093769256e-15,5.345110872800873e-7,5.345110872800873e-7,1.4567553714116419e-6,5.345110872800873e-7,NaN,converged,9,9,0,0,0,0,3,1.9986481453254593e-14,1.12.6,lbt,1,1,Intel(R) Core(TM) 7 150U,NT,6407b28
degen-r5-m20-d0.01-p2,100,Newton-SIN,1e-7*n,9.999999999999999e-6,3,7,0.0119671,0.0110264,92.13928186444502,0.0,4.1e-6,0.0,0.0007681,0.0,0.0,0.00016849999999999916,0.3849104994051327,4.77571241945129e-6,-9.079333093769256e-15,5.345110872800873e-7,5.345110872800873e-7,1.4567553714116419e-6,5.345110872800873e-7,NaN,converged,9,9,0,0,0,0,3,1.9986481453254593e-14,1.12.6,lbt,1,1,Intel(R) Core(TM) 7 150U,NT,6407b28
degen-r5-m20-d0.01-p2,100,AGD-SDAJ-BH,1e-7*n,9.999999999999999e-6,3,24,0.0255422,0.0251934,98.63441676911151,0.0,1.2e-5,0.0,0.0,0.0,0.0,0.0003367999999999998,0.3848975713185214,3.2280355297765664e-5,-1.3045649103430614e-14,1.6297994103187108e-6,1.6297994103187108e-6,7.81458892345374e-6,1.6297994103187108e-6,NaN,diag_feasible,0,0,5,5,0,0,3,1.9986481453254593e-14,1.12.6,lbt,1,1,Intel(R) Core(TM) 7 150U,NT,6407b28
degen-r5-m20-d0.01-p2,100,AGD-SDAJ,1e-7*n,9.999999999999999e-6,3,24,0.0379928,0.037566999999999996,98.87926133372638,0.0,1.58e-5,0.0,0.0,0.0,0.0,0.00041000000000000395,0.3848975713185214,3.2280355297765664e-5,-1.3045649103430614e-14,1.6297994103187108e-6,1.6297994103187108e-6,7.81458892345374e-6,1.6297994103187108e-6,NaN,diag_feasible,0,0,5,5,0,0,3,1.9986481453254593e-14,1.12.6,lbt,1,1,Intel(R) Core(TM) 7 150U,NT,6407b28
degen-r5-m20-d0.01-p2,100,Dykstra-APM,1e-7*n,9.999999999999999e-6,141,141,0.1879705,0.1703686,90.63581785439736,0.0,0.0,0.0,0.0,0.0123305,0.0,0.005271400000000004,0.38489144705678396,4.319277753107261e-5,-8.160066313495401e-15,1.371935026917015e-6,1.371935026917015e-6,9.604182488192106e-6,1.371935026917015e-6,NaN,diag_feasible,0,0,0,0,0,0,141,1.9986481453254593e-14,1.12.6,lbt,1,1,Intel(R) Core(TM) 7 150U,NT,6407b28
degen-r5-m20-d0.01-p2,100,Anderson-APM,1e-7*n,9.999999999999999e-6,21,21,0.0369266,0.0304372,82.42621849831829,0.0,0.0,0.0,0.0,0.0,0.005537,0.0009523999999999956,0.3849029788108592,2.3338566630235916e-5,-1.0179776633293062e-14,1.8314286831522253e-6,1.8314286831522253e-6,6.529456038667212e-6,1.8314286831522253e-6,NaN,diag_feasible,0,0,0,0,0,0,21,1.9986481453254593e-14,1.12.6,lbt,1,1,Intel(R) Core(TM) 7 150U,NT,6407b28
degen-r5-m20-d0.01-p3,100,SBB-Dual,1e-7*n,9.999999999999999e-6,69,70,0.0681936,0.0673134,98.70926303934681,5.08e-5,2.96e-5,3.54e-5,0.0,0.0,0.0,0.0007643999999999977,0.3860735224504646,1.1184379085760426e-5,-1.0645047624560024e-14,1.4632757852073297e-6,0.0,9.624012560419523e-6,1.4632757852073297e-6,100.0,diag_feasible,0,0,0,0,0,0,69,1.6466894370769455e-14,1.12.6,lbt,1,1,Intel(R) Core(TM) 7 150U,NT,6407b28
degen-r5-m20-d0.01-p3,100,Newton-SIN-BH,1e-7*n,9.999999999999999e-6,3,4,0.004875,0.0042181,86.5251282051282,0.0,3.0e-6,0.0,0.0005141,0.0,0.0,0.00013980000000000025,0.3860736479627605,1.4547281801401287e-5,-1.16885402620956e-14,2.1651388866228416e-6,2.1651388866228416e-6,4.544659285128837e-6,2.1651388866228416e-6,NaN,converged,9,9,0,0,0,0,3,1.6466894370769455e-14,1.12.6,lbt,1,1,Intel(R) Core(TM) 7 150U,NT,6407b28
degen-r5-m20-d0.01-p3,100,Newton-SIN,1e-7*n,9.999999999999999e-6,3,7,0.0076111,0.0069904,91.84480561285491,0.0,3.4e-6,0.0,0.0005052,0.0,0.0,0.00011210000000000007,0.3860736479627605,1.4547281801401287e-5,-1.16885402620956e-14,2.1651388866228416e-6,2.1651388866228416e-6,4.544659285128837e-6,2.1651388866228416e-6,NaN,converged,9,9,0,0,0,0,3,1.6466894370769455e-14,1.12.6,lbt,1,1,Intel(R) Core(TM) 7 150U,NT,6407b28
degen-r5-m20-d0.01-p3,100,AGD-SDAJ-BH,1e-7*n,9.999999999999999e-6,4,38,0.0491472,0.0486279,98.94337825959566,0.0,2.02e-5,0.0,0.0,0.0,0.0,0.0004991000000000004,0.38606671144087706,1.7468977072033727e-5,-1.0512919720401581e-14,1.8294248307348937e-6,1.8294248307348937e-6,4.307969529392068e-6,1.8294248307348937e-6,NaN,diag_feasible,0,0,13,13,0,0,4,1.6466894370769455e-14,1.12.6,lbt,1,1,Intel(R) Core(TM) 7 150U,NT,6407b28
degen-r5-m20-d0.01-p3,100,AGD-SDAJ,1e-7*n,9.999999999999999e-6,4,38,0.0422028,0.041699200000000006,98.80671424644811,0.0,1.83e-5,0.0,0.0,0.0,0.0,0.00048529999999999293,0.38606671144087706,1.7468977072033727e-5,-1.0512919720401581e-14,1.8294248307348937e-6,1.8294248307348937e-6,4.307969529392068e-6,1.8294248307348937e-6,NaN,diag_feasible,0,0,13,13,0,0,4,1.6466894370769455e-14,1.12.6,lbt,1,1,Intel(R) Core(TM) 7 150U,NT,6407b28
degen-r5-m20-d0.01-p3,100,Dykstra-APM,1e-7*n,9.999999999999999e-6,142,142,0.1725571,0.1549943,89.82203572034996,0.0,0.0,0.0,0.0,0.0124755,0.0,0.005087299999999989,0.38605454006971046,4.3962024502465104e-5,-1.1359635756823324e-14,1.4770240852612915e-6,1.4770240852612915e-6,9.707761042361726e-6,1.4770240852612915e-6,NaN,diag_feasible,0,0,0,0,0,0,142,1.6466894370769455e-14,1.12.6,lbt,1,1,Intel(R) Core(TM) 7 150U,NT,6407b28
degen-r5-m20-d0.01-p3,100,Anderson-APM,1e-7*n,9.999999999999999e-6,30,30,0.0512558,0.0428432,83.58702819973546,0.0,0.0,0.0,0.0,0.0,0.0071965,0.0012160999999999995,0.3860680814857256,1.6545483597144973e-5,-1.2293692496345458e-14,1.0896331474885557e-6,1.0896331474885557e-6,4.634661520454098e-6,1.0896331474885557e-6,NaN,diag_feasible,0,0,0,0,0,0,30,1.6466894370769455e-14,1.12.6,lbt,1,1,Intel(R) Core(TM) 7 150U,NT,6407b28
degen-r5-m20-d0.01-p4,100,SBB-Dual,1e-7*n,9.999999999999999e-6,68,69,0.0727742,0.07177750000000001,98.63042122070735,5.47e-5,3.37e-5,3.25e-5,0.0,0.0,0.0,0.0008757999999999893,0.3866145028202165,7.450798820543867e-6,-9.544116131760558e-15,1.2804689102363653e-6,0.0,9.860972434630635e-6,1.2804689102363653e-6,100.0,diag_feasible,0,0,0,0,0,0,68,1.7687772743621388e-14,1.12.6,lbt,1,1,Intel(R) Core(TM) 7 150U,NT,6407b28
degen-r5-m20-d0.01-p4,100,Newton-SIN-BH,1e-7*n,9.999999999999999e-6,3,4,0.0046681,0.0040229,86.17853087980122,0.0,2.7e-6,0.0,0.0005012,0.0,0.0,0.00014129999999999937,0.3866145881747968,7.87741804974799e-6,-8.7020175159097e-15,1.5285608002679751e-6,1.5285608002679751e-6,2.4944870206634186e-6,1.5285608002679751e-6,NaN,converged,9,9,0,0,0,0,3,1.7687772743621388e-14,1.12.6,lbt,1,1,Intel(R) Core(TM) 7 150U,NT,6407b28
degen-r5-m20-d0.01-p4,100,Newton-SIN,1e-7*n,9.999999999999999e-6,3,7,0.0084476,0.007776900000000001,92.0604668781666,0.0,3.4e-6,0.0,0.0005409,0.0,0.0,0.00012639999999999895,0.3866145881747968,7.87741804974799e-6,-8.7020175159097e-15,1.5285608002679751e-6,1.5285608002679751e-6,2.4944870206634186e-6,1.5285608002679751e-6,NaN,converged,9,9,0,0,0,0,3,1.7687772743621388e-14,1.12.6,lbt,1,1,Intel(R) Core(TM) 7 150U,NT,6407b28
degen-r5-m20-d0.01-p4,100,AGD-SDAJ-BH,1e-7*n,9.999999999999999e-6,4,26,0.03828,0.037770399999999996,98.66875653082548,0.0,2.1e-5,0.0,0.0,0.0,0.0,0.0004886000000000059,0.3866066244979324,2.303485476968976e-5,-8.502961445914963e-15,3.888558831155464e-6,3.888558831155464e-6,6.584922320336642e-6,3.888558831155464e-6,NaN,diag_feasible_at_xpre,0,0,5,5,0,0,4,1.7687772743621388e-14,1.12.6,lbt,1,1,Intel(R) Core(TM) 7 150U,NT,6407b28
degen-r5-m20-d0.01-p4,100,AGD-SDAJ,1e-7*n,9.999999999999999e-6,4,26,0.0295848,0.029163699999999997,98.57663394716204,0.0,1.31e-5,0.0,0.0,0.0,0.0,0.0004080000000000041,0.3866066244979324,2.303485476968976e-5,-8.502961445914963e-15,3.888558831155464e-6,3.888558831155464e-6,6.584922320336642e-6,3.888558831155464e-6,NaN,diag_feasible_at_xpre,0,0,5,5,0,0,4,1.7687772743621388e-14,1.12.6,lbt,1,1,Intel(R) Core(TM) 7 150U,NT,6407b28
degen-r5-m20-d0.01-p4,100,Dykstra-APM,1e-7*n,9.999999999999999e-6,140,140,0.1757161,0.158532,90.2205318693051,0.0,0.0,0.0,0.0,0.0117729,0.0,0.005411199999999981,0.38659482821433466,4.472352617820188e-5,-9.142067286379906e-15,1.2903331030322818e-6,1.2903331030322818e-6,9.945439930947922e-6,1.2903331030322818e-6,NaN,diag_feasible,0,0,0,0,0,0,140,1.7687772743621388e-14,1.12.6,lbt,1,1,Intel(R) Core(TM) 7 150U,NT,6407b28
degen-r5-m20-d0.01-p4,100,Anderson-APM,1e-7*n,9.999999999999999e-6,28,28,0.0315309,0.0263926,83.70392218427003,0.0,0.0,0.0,0.0,0.0,0.0043314,0.0008069000000000019,0.3866034240123725,3.4956845044252423e-5,-9.479389220879558e-15,3.0864795257379285e-6,3.0864795257379285e-6,9.576498134752522e-6,3.0864795257379285e-6,NaN,diag_feasible,0,0,0,0,0,0,28,1.7687772743621388e-14,1.12.6,lbt,1,1,Intel(R) Core(TM) 7 150U,NT,6407b28
degen-r5-m20-d0.0001-p0,100,SBB-Dual,1e-7*n,9.999999999999999e-6,46,47,0.0483753,0.0476533,98.5075027958483,3.51e-5,2.21e-5,3.14e-5,0.0,0.0,0.0,0.0006334000000000003,0.4157433028633234,8.211522860872462e-6,-1.2040311435277925e-14,2.1789197961474827e-6,0.0,9.317503725156675e-6,2.1789197961474827e-6,100.0,diag_feasible,0,0,0,0,0,0,46,2.6820791634477424e-14,1.12.6,lbt,1,1,Intel(R) Core(TM) 7 150U,NT,6407b28
degen-r5-m20-d0.0001-p0,100,Newton-SIN-BH,1e-7*n,9.999999999999999e-6,4,5,0.0094817,0.007479,78.87826022759633,0.0,4.7e-6,0.0,0.0017793,0.0,0.0,0.00021869999999999897,0.41574330281520283,3.170583413719409e-9,-1.1230391538068148e-14,2.916271668595982e-10,2.916271668595982e-10,9.660136197948247e-10,2.916271668595982e-10,NaN,converged,20,20,0,0,0,0,4,2.6820791634477424e-14,1.12.6,lbt,1,1,Intel(R) Core(TM) 7 150U,NT,6407b28
degen-r5-m20-d0.0001-p0,100,Newton-SIN,1e-7*n,9.999999999999999e-6,4,9,0.0112835,0.009937,88.06664598750388,0.0,3.9e-6,0.0,0.0012139,0.0,0.0,0.00012870000000000047,0.41574330281520283,3.170583413719409e-9,-1.1230391538068148e-14,2.916271668595982e-10,2.916271668595982e-10,9.660136197948247e-10,2.916271668595982e-10,NaN,converged,20,20,0,0,0,0,4,2.6820791634477424e-14,1.12.6,lbt,1,1,Intel(R) Core(TM) 7 150U,NT,6407b28
degen-r5-m20-d0.0001-p0,100,AGD-SDAJ-BH,1e-7*n,9.999999999999999e-6,4,26,0.0282882,0.0277987,98.26959651020566,0.0,1.54e-5,0.0,0.0,0.0,0.0,0.00047410000000000036,0.41575017681777704,2.170096023642405e-5,-9.33834958743073e-15,2.236905656927135e-6,2.236905656927135e-6,5.793557379739123e-6,2.236905656927135e-6,NaN,diag_feasible_at_xpre,0,0,5,5,0,0,4,2.6820791634477424e-14,1.12.6,lbt,1,1,Intel(R) Core(TM) 7 150U,NT,6407b28
degen-r5-m20-d0.0001-p0,100,AGD-SDAJ,1e-7*n,9.999999999999999e-6,4,26,0.0386236,0.0380587,98.53742271564536,0.0,1.82e-5,0.0,0.0,0.0,0.0,0.0005467000000000001,0.41575017681777704,2.170096023642405e-5,-9.33834958743073e-15,2.236905656927135e-6,2.236905656927135e-6,5.793557379739123e-6,2.236905656927135e-6,NaN,diag_feasible_at_xpre,0,0,5,5,0,0,4,2.6820791634477424e-14,1.12.6,lbt,1,1,Intel(R) Core(TM) 7 150U,NT,6407b28
degen-r5-m20-d0.0001-p0,100,Dykstra-APM,1e-7*n,9.999999999999999e-6,95,95,0.1109911,0.1044867,94.13971030109622,0.0,0.0,0.0,0.0,0.0043281,0.0,0.002176299999999994,0.41572663477970273,4.2408436439363996e-5,-8.282480988798865e-15,2.35311770602209e-6,2.35311770602209e-6,9.741882577427881e-6,2.35311770602209e-6,NaN,diag_feasible,0,0,0,0,0,0,95,2.6820791634477424e-14,1.12.6,lbt,1,1,Intel(R) Core(TM) 7 150U,NT,6407b28
degen-r5-m20-d0.0001-p0,100,Anderson-APM,1e-7*n,9.999999999999999e-6,22,22,0.0317483,0.0256092,80.66321661317298,0.0,0.0,0.0,0.0,0.0,0.0038638,0.0022753000000000014,0.41575577132470964,3.3654909393207066e-5,-1.034485464167711e-14,1.8377081538734075e-6,1.8377081538734075e-6,7.727175858658638e-6,1.8377081538734075e-6,NaN,diag_feasible,0,0,0,0,0,0,22,2.6820791634477424e-14,1.12.6,lbt,1,1,Intel(R) Core(TM) 7 150U,NT,6407b28
degen-r5-m20-d0.0001-p1,100,SBB-Dual,1e-7*n,9.999999999999999e-6,45,46,0.0476306,0.0469853,98.64519867480149,3.64e-5,2.1e-5,3.35e-5,0.0,0.0,0.0,0.0005544000000000014,0.411298800960631,7.385448287478546e-6,-8.344181793449167e-15,1.966149920651361e-6,0.0,9.527114161885032e-6,1.966149920651361e-6,100.0,diag_feasible,0,0,0,0,0,0,45,8.235131203916477e-15,1.12.6,lbt,1,1,Intel(R) Core(TM) 7 150U,NT,6407b28
degen-r5-m20-d0.0001-p1,100,Newton-SIN-BH,1e-7*n,9.999999999999999e-6,4,5,0.011863,0.0095926,80.86150214954058,0.0,7.4e-6,0.0,0.0019719,0.0,0.0,0.00029110000000000073,0.4112988009293566,1.6886502897505488e-9,-9.862881594723433e-15,2.0516299770179103e-10,2.0516299770179103e-10,5.267473985283279e-10,2.0516299770179103e-10,NaN,converged,19,19,0,0,0,0,4,8.235131203916477e-15,1.12.6,lbt,1,1,Intel(R) Core(TM) 7 150U,NT,6407b28
degen-r5-m20-d0.0001-p1,100,Newton-SIN,1e-7*n,9.999999999999999e-6,4,9,0.0105533,0.009244,87.59345418020904,0.0,3.6e-6,0.0,0.0011788,0.0,0.0,0.00012689999999999924,0.4112988009293566,1.6886502897505488e-9,-9.862881594723433e-15,2.0516299770179103e-10,2.0516299770179103e-10,5.267473985283279e-10,2.0516299770179103e-10,NaN,converged,19,19,0,0,0,0,4,8.235131203916477e-15,1.12.6,lbt,1,1,Intel(R) Core(TM) 7 150U,NT,6407b28
degen-r5-m20-d0.0001-p1,100,AGD-SDAJ-BH,1e-7*n,9.999999999999999e-6,4,25,0.0265811,0.0262012,98.57078901926558,0.0,1.24e-5,0.0,0.0,0.0,0.0,0.000367499999999999,0.41130467227617873,1.9988376525326687e-5,-9.769212630901436e-15,2.5901173870135352e-6,2.5901173870135352e-6,5.788823383699883e-6,2.5901173870135352e-6,NaN,diag_feasible_at_xpre,0,0,4,4,0,0,4,8.235131203916477e-15,1.12.6,lbt,1,1,Intel(R) Core(TM) 7 150U,NT,6407b28
degen-r5-m20-d0.0001-p1,100,AGD-SDAJ,1e-7*n,9.999999999999999e-6,4,25,0.0270728,0.026684600000000003,98.56608847256288,0.0,1.17e-5,0.0,0.0,0.0,0.0,0.00037649999999999826,0.41130467227617873,1.9988376525326687e-5,-9.769212630901436e-15,2.5901173870135352e-6,2.5901173870135352e-6,5.788823383699883e-6,2.5901173870135352e-6,NaN,diag_feasible_at_xpre,0,0,4,4,0,0,4,8.235131203916477e-15,1.12.6,lbt,1,1,Intel(R) Core(TM) 7 150U,NT,6407b28
degen-r5-m20-d0.0001-p1,100,Dykstra-APM,1e-7*n,9.999999999999999e-6,94,94,0.1223831,0.1141546,93.27644094650323,0.0,0.0,0.0,0.0,0.0058819,0.0,0.0023466,0.4112823676464842,4.065622148261871e-5,-8.817720491803815e-15,1.954195681275195e-6,1.954195681275195e-6,9.463068175162607e-6,1.954195681275195e-6,NaN,diag_feasible,0,0,0,0,0,0,94,8.235131203916477e-15,1.12.6,lbt,1,1,Intel(R) Core(TM) 7 150U,NT,6407b28
degen-r5-m20-d0.0001-p1,100,Anderson-APM,1e-7*n,9.999999999999999e-6,20,20,0.0235182,0.0197823,84.11485572875475,0.0,0.0,0.0,0.0,0.0,0.0030782,0.0006577000000000002,0.41130704891996456,3.1442340338615154e-5,-1.0206239028108209e-14,2.5375775306590853e-6,2.5375775306590853e-6,8.326977546025826e-6,2.5375775306590853e-6,NaN,diag_feasible,0,0,0,0,0,0,20,8.235131203916477e-15,1.12.6,lbt,1,1,Intel(R) Core(TM) 7 150U,NT,6407b28
degen-r5-m20-d0.0001-p2,100,SBB-Dual,1e-7*n,9.999999999999999e-6,45,46,0.0517725,0.0510435,98.59191655801826,4.04e-5,2.47e-5,3.41e-5,0.0,0.0,0.0,0.0006298000000000005,0.4167823830386612,6.909588806108568e-6,-8.496415303717531e-15,2.089190039411548e-6,0.0,9.371274057067847e-6,2.089190039411548e-6,100.0,diag_feasible,0,0,0,0,0,0,45,1.7178705837825005e-14,1.12.6,lbt,1,1,Intel(R) Core(TM) 7 150U,NT,6407b28
degen-r5-m20-d0.0001-p2,100,Newton-SIN-BH,1e-7*n,9.999999999999999e-6,4,5,0.0082003,0.0065866,80.32145165420776,0.0,4.2e-6,0.0,0.0013987,0.0,0.0,0.000210800000000001,0.4167823830021031,1.037269393706796e-9,-8.807553387517044e-15,8.360045988808906e-11,8.360045988808906e-11,3.2041087343907203e-10,8.360045988808906e-11,NaN,converged,19,19,0,0,0,0,4,1.7178705837825005e-14,1.12.6,lbt,1,1,Intel(R) Core(TM) 7 150U,NT,6407b28
degen-r5-m20-d0.0001-p2,100,Newton-SIN,1e-7*n,9.999999999999999e-6,4,9,0.0178391,0.0153004,85.7689008974668,0.0,7.0e-6,0.0,0.0022555,0.0,0.0,0.00027619999999999945,0.4167823830021031,1.037269393706796e-9,-8.807553387517044e-15,8.360045988808906e-11,8.360045988808906e-11,3.2041087343907203e-10,8.360045988808906e-11,NaN,converged,19,19,0,0,0,0,4,1.7178705837825005e-14,1.12.6,lbt,1,1,Intel(R) Core(TM) 7 150U,NT,6407b28
degen-r5-m20-d0.0001-p2,100,AGD-SDAJ-BH,1e-7*n,9.999999999999999e-6,3,24,0.0234896,0.0231635,98.61172604046045,0.0,1.12e-5,0.0,0.0,0.0,0.0,0.0003148999999999993,0.4167907041608456,2.1908200680709434e-5,-8.907693072349763e-15,1.5521453703426502e-6,1.5521453703426502e-6,5.325055281829994e-6,1.5521453703426502e-6,NaN,diag_feasible,0,0,5,5,0,0,3,1.7178705837825005e-14,1.12.6,lbt,1,1,Intel(R) Core(TM) 7 150U,NT,6407b28
degen-r5-m20-d0.0001-p2,100,AGD-SDAJ,1e-7*n,9.999999999999999e-6,3,24,0.0360477,0.0355552,98.63375471944119,0.0,1.99e-5,0.0,0.0,0.0,0.0,0.0004725999999999999,0.4167907041608456,2.1908200680709434e-5,-8.907693072349763e-15,1.5521453703426502e-6,1.5521453703426502e-6,5.325055281829994e-6,1.5521453703426502e-6,NaN,diag_feasible,0,0,5,5,0,0,3,1.7178705837825005e-14,1.12.6,lbt,1,1,Intel(R) Core(TM) 7 150U,NT,6407b28
degen-r5-m20-d0.0001-p2,100,Dykstra-APM,1e-7*n,9.999999999999999e-6,93,93,0.124987,0.1145717,91.66689335690911,0.0,0.0,0.0,0.0,0.0078069,0.0,0.002608400000000002,0.4167654783742079,4.2661926534788634e-5,-9.464252151214519e-15,2.272122666457932e-6,2.272122666457932e-6,9.855179291473998e-6,2.272122666457932e-6,NaN,diag_feasible,0,0,0,0,0,0,93,1.7178705837825005e-14,1.12.6,lbt,1,1,Intel(R) Core(TM) 7 150U,NT,6407b28
degen-r5-m20-d0.0001-p2,100,Anderson-APM,1e-7*n,9.999999999999999e-6,20,20,0.036215,0.0304064,83.96078972801325,0.0,0.0,0.0,0.0,0.0,0.0048464,0.0009621999999999973,0.41678791758335154,3.1976290443476426e-5,-7.625858966936006e-15,3.134729095299882e-6,3.134729095299882e-6,9.016532034040618e-6,3.134729095299882e-6,NaN,diag_feasible,0,0,0,0,0,0,20,1.7178705837825005e-14,1.12.6,lbt,1,1,Intel(R) Core(TM) 7 150U,NT,6407b28
degen-r5-m20-d0.0001-p3,100,SBB-Dual,1e-7*n,9.999999999999999e-6,46,47,0.0689524,0.06802419999999999,98.65385396302376,6.83e-5,3.46e-5,3.84e-5,0.0,0.0,0.0,0.0007869000000000041,0.4181087870180609,1.059702924697251e-5,-7.682642501646093e-15,5.555879489138604e-6,0.0,9.918603292636485e-6,5.555879489138604e-6,100.0,diag_feasible,0,0,0,0,0,0,46,1.2969666999839922e-14,1.12.6,lbt,1,1,Intel(R) Core(TM) 7 150U,NT,6407b28
degen-r5-m20-d0.0001-p3,100,Newton-SIN-BH,1e-7*n,9.999999999999999e-6,4,5,0.0110062,0.008725,79.27350039068888,0.0,5.8e-6,0.0,0.0019989,0.0,0.0,0.0002765000000000007,0.41810878689639425,9.123605924672603e-10,-9.805104031396163e-15,1.0861933574801697e-10,1.0861933574801697e-10,2.8105884899099894e-10,1.0861933574801697e-10,NaN,converged,20,20,0,0,0,0,4,1.2969666999839922e-14,1.12.6,lbt,1,1,Intel(R) Core(TM) 7 150U,NT,6407b28
degen-r5-m20-d0.0001-p3,100,Newton-SIN,1e-7*n,9.999999999999999e-6,4,9,0.0109399,0.0096059,87.80610426055082,0.0,3.8e-6,0.0,0.0011964,0.0,0.0,0.0001338000000000001,0.41810878689639425,9.123605924672603e-10,-9.805104031396163e-15,1.0861933574801697e-10,1.0861933574801697e-10,2.8105884899099894e-10,1.0861933574801697e-10,NaN,converged,20,20,0,0,0,0,4,1.2969666999839922e-14,1.12.6,lbt,1,1,Intel(R) Core(TM) 7 150U,NT,6407b28
degen-r5-m20-d0.0001-p3,100,AGD-SDAJ-BH,1e-7*n,9.999999999999999e-6,4,25,0.0392121,0.0386928,98.67566388946268,0.0,1.87e-5,0.0,0.0,0.0,0.0,0.0005006000000000004,0.41811606650761585,2.5018202256506143e-5,-8.81057240794658e-15,4.854562602352175e-6,4.854562602352175e-6,7.0965704136013266e-6,4.854562602352175e-6,NaN,diag_feasible_at_xpre,0,0,4,4,0,0,4,1.2969666999839922e-14,1.12.6,lbt,1,1,Intel(R) Core(TM) 7 150U,NT,6407b28
degen-r5-m20-d0.0001-p3,100,AGD-SDAJ,1e-7*n,9.999999999999999e-6,4,25,0.0248491,0.0245055,98.61725374359634,0.0,1.33e-5,0.0,0.0,0.0,0.0,0.00033029999999999946,0.41811606650761585,2.5018202256506143e-5,-8.81057240794658e-15,4.854562602352175e-6,4.854562602352175e-6,7.0965704136013266e-6,4.854562602352175e-6,NaN,diag_feasible_at_xpre,0,0,4,4,0,0,4,1.2969666999839922e-14,1.12.6,lbt,1,1,Intel(R) Core(TM) 7 150U,NT,6407b28
degen-r5-m20-d0.0001-p3,100,Dykstra-APM,1e-7*n,9.999999999999999e-6,96,96,0.1070681,0.1004267,93.79703198244854,0.0,0.0,0.0,0.0,0.0045838,0.0,0.0020576000000000058,0.4180935907779627,4.1604407178023066e-5,-1.0541679995068317e-14,5.32159838817492e-6,5.32159838817492e-6,9.719874456042976e-6,5.32159838817492e-6,NaN,diag_feasible,0,0,0,0,0,0,96,1.2969666999839922e-14,1.12.6,lbt,1,1,Intel(R) Core(TM) 7 150U,NT,6407b28
degen-r5-m20-d0.0001-p3,100,Anderson-APM,1e-7*n,9.999999999999999e-6,29,29,0.047727,0.0399155,83.632954093071,0.0,0.0,0.0,0.0,0.0,0.0066111,0.001200399999999999,0.41811808511834525,2.58607653036755e-5,-1.0523701401192013e-14,1.5962716277684308e-6,1.5962716277684308e-6,6.614815806968336e-6,1.5962716277684308e-6,NaN,diag_feasible,0,0,0,0,0,0,29,1.2969666999839922e-14,1.12.6,lbt,1,1,Intel(R) Core(TM) 7 150U,NT,6407b28
degen-r5-m20-d0.0001-p4,100,SBB-Dual,1e-7*n,9.999999999999999e-6,45,46,0.0616421,0.0608423,98.70251013511869,5.42e-5,3.14e-5,3.22e-5,0.0,0.0,0.0,0.0006819999999999963,0.4187422725539545,8.22540253786868e-6,-9.55483003157809e-15,3.3170610369559483e-6,0.0,9.839884111732721e-6,3.3170610369559483e-6,100.0,diag_feasible,0,0,0,0,0,0,45,1.7537307245499294e-14,1.12.6,lbt,1,1,Intel(R) Core(TM) 7 150U,NT,6407b28
degen-r5-m20-d0.0001-p4,100,Newton-SIN-BH,1e-7*n,9.999999999999999e-6,4,5,0.0115483,0.0094258,81.62067144081813,0.0,7.1e-6,0.0,0.0018468,0.0,0.0,0.0002685999999999995,0.41874227244551393,1.3761076837008509e-9,-8.501099013280844e-15,1.1404455158015026e-10,1.1404455158015026e-10,4.2204551953068843e-10,1.1404455158015026e-10,NaN,converged,18,18,0,0,0,0,4,1.7537307245499294e-14,1.12.6,lbt,1,1,Intel(R) Core(TM) 7 150U,NT,6407b28
degen-r5-m20-d0.0001-p4,100,Newton-SIN,1e-7*n,9.999999999999999e-6,4,9,0.0102238,0.0090116,88.14335178700678,0.0,3.5e-6,0.0,0.0010833,0.0,0.0,0.00012540000000000012,0.41874227244551393,1.3761076837008509e-9,-8.501099013280844e-15,1.1404455158015026e-10,1.1404455158015026e-10,4.2204551953068843e-10,1.1404455158015026e-10,NaN,converged,18,18,0,0,0,0,4,1.7537307245499294e-14,1.12.6,lbt,1,1,Intel(R) Core(TM) 7 150U,NT,6407b28
degen-r5-m20-d0.0001-p4,100,AGD-SDAJ-BH,1e-7*n,9.999999999999999e-6,3,22,0.0279893,0.0276926,98.939952053106,0.0,1.08e-5,0.0,0.0,0.0,0.0,0.00028590000000000044,0.4187446327865398,7.044262210522682e-6,-7.243247472303256e-15,6.570063547650662e-7,6.570063547650662e-7,1.8314730668073614e-6,6.570063547650662e-7,NaN,diag_feasible,0,0,3,3,0,0,3,1.7537307245499294e-14,1.12.6,lbt,1,1,Intel(R) Core(TM) 7 150U,NT,6407b28
degen-r5-m20-d0.0001-p4,100,AGD-SDAJ,1e-7*n,9.999999999999999e-6,3,22,0.0259891,0.0256366,98.64366215067085,0.0,1.26e-5,0.0,0.0,0.0,0.0,0.00033990000000000214,0.4187446327865398,7.044262210522682e-6,-7.243247472303256e-15,6.570063547650662e-7,6.570063547650662e-7,1.8314730668073614e-6,6.570063547650662e-7,NaN,diag_feasible,0,0,3,3,0,0,3,1.7537307245499294e-14,1.12.6,lbt,1,1,Intel(R) Core(TM) 7 150U,NT,6407b28
degen-r5-m20-d0.0001-p4,100,Dykstra-APM,1e-7*n,9.999999999999999e-6,94,94,0.11805,0.1110211,94.04582803896653,0.0,0.0,0.0,0.0,0.0047372,0.0,0.002291700000000005,0.418726330885094,4.1690473799791646e-5,-9.643020430947205e-15,3.241163051947993e-6,3.241163051947993e-6,9.666342843590596e-6,3.241163051947993e-6,NaN,diag_feasible,0,0,0,0,0,0,94,1.7537307245499294e-14,1.12.6,lbt,1,1,Intel(R) Core(TM) 7 150U,NT,6407b28
degen-r5-m20-d0.0001-p4,100,Anderson-APM,1e-7*n,9.999999999999999e-6,22,22,0.0290445,0.0243733,83.91709273700701,0.0,0.0,0.0,0.0,0.0,0.00393,0.0007412,0.41875110761568124,2.3190726172345874e-5,-7.494460344396117e-15,1.147612531449127e-6,1.147612531449127e-6,5.551406263861259e-6,1.147612531449127e-6,NaN,diag_feasible,0,0,0,0,0,0,22,1.7537307245499294e-14,1.12.6,lbt,1,1,Intel(R) Core(TM) 7 150U,NT,6407b28
degen-r5-m20-d1e-06-p0,100,SBB-Dual,1e-7*n,9.999999999999999e-6,42,43,0.0472462,0.0466232,98.68137543336817,3.78e-5,2.19e-5,3.41e-5,0.0,0.0,0.0,0.0005292000000000055,0.41606597195112854,1.0343048597074906e-5,-8.021340721507961e-15,3.5443570804982727e-6,0.0,8.387191928705613e-6,3.5443570804982727e-6,100.0,diag_feasible,0,0,0,0,0,0,42,9.851695239914471e-14,1.12.6,lbt,1,1,Intel(R) Core(TM) 7 150U,NT,6407b28
degen-r5-m20-d1e-06-p0,100,Newton-SIN-BH,1e-7*n,9.999999999999999e-6,3,4,0.0055332,0.004344499999999999,78.51695221571603,0.0,2.7e-6,0.0,0.0010405,0.0,0.0,0.00014550000000000088,0.41606224423281707,9.079142569802009e-6,-8.153984616862168e-15,8.388031043082833e-7,8.388031043082833e-7,2.847853902827964e-6,8.388031043082833e-7,NaN,converged,14,14,0,0,0,0,3,9.851695239914471e-14,1.12.6,lbt,1,1,Intel(R) Core(TM) 7 150U,NT,6407b28
degen-r5-m20-d1e-06-p0,100,Newton-SIN,1e-7*n,9.999999999999999e-6,3,7,0.0088091,0.0076936999999999995,87.33809356233894,0.0,3.5e-6,0.0,0.0009972,0.0,0.0,0.00011470000000000078,0.41606224423281707,9.079142569802009e-6,-8.153984616862168e-15,8.388031043082833e-7,8.388031043082833e-7,2.847853902827964e-6,8.388031043082833e-7,NaN,converged,14,14,0,0,0,0,3,9.851695239914471e-14,1.12.6,lbt,1,1,Intel(R) Core(TM) 7 150U,NT,6407b28
degen-r5-m20-d1e-06-p0,100,AGD-SDAJ-BH,1e-7*n,9.999999999999999e-6,4,26,0.0268529,0.0264898,98.64781829895468,0.0,1.19e-5,0.0,0.0,0.0,0.0,0.00035119999999999813,0.4160721289239567,2.1592356537633492e-5,-1.0570961508350667e-14,3.105806716807713e-6,3.105806716807713e-6,6.2971386868851615e-6,3.105806716807713e-6,NaN,diag_feasible_at_xpre,0,0,5,5,0,0,4,9.851695239914471e-14,1.12.6,lbt,1,1,Intel(R) Core(TM) 7 150U,NT,6407b28
degen-r5-m20-d1e-06-p0,100,AGD-SDAJ,1e-7*n,9.999999999999999e-6,4,26,0.0271702,0.0268267,98.73574725250458,0.0,1.16e-5,0.0,0.0,0.0,0.0,0.00033190000000000004,0.4160721289239567,2.1592356537633492e-5,-1.0570961508350667e-14,3.105806716807713e-6,3.105806716807713e-6,6.2971386868851615e-6,3.105806716807713e-6,NaN,diag_feasible_at_xpre,0,0,5,5,0,0,4,9.851695239914471e-14,1.12.6,lbt,1,1,Intel(R) Core(TM) 7 150U,NT,6407b28
degen-r5-m20-d1e-06-p0,100,Dykstra-APM,1e-7*n,9.999999999999999e-6,86,86,0.1009071,0.0951752,94.3196266665081,0.0,0.0,0.0,0.0,0.0038733,0.0,0.001858599999999998,0.41605759666703884,3.368566390673428e-5,-8.816316952519777e-15,4.172355065223954e-6,4.172355065223954e-6,9.93010759149595e-6,4.172355065223954e-6,NaN,diag_feasible,0,0,0,0,0,0,86,9.851695239914471e-14,1.12.6,lbt,1,1,Intel(R) Core(TM) 7 150U,NT,6407b28
degen-r5-m20-d1e-06-p0,100,Anderson-APM,1e-7*n,9.999999999999999e-6,27,27,0.0314229,0.0265622,84.53134497452497,0.0,0.0,0.0,0.0,0.0,0.0040456,0.0008150999999999957,0.41606040175176745,2.5126585622454057e-5,-1.0029405531816296e-14,2.3468645984348058e-6,2.3468645984348058e-6,8.335854877749838e-6,2.3468645984348058e-6,NaN,diag_feasible,0,0,0,0,0,0,27,9.851695239914471e-14,1.12.6,lbt,1,1,Intel(R) Core(TM) 7 150U,NT,6407b28
degen-r5-m20-d1e-06-p1,100,SBB-Dual,1e-7*n,9.999999999999999e-6,41,42,0.0425547,0.041936999999999995,98.54845645721858,3.43e-5,1.75e-5,3.26e-5,0.0,0.0,0.0,0.0005333000000000056,0.4116156737860275,1.09355076866164e-5,-6.732546110735506e-15,2.7405057925200538e-6,0.0,9.853444897267422e-6,2.7405057925200538e-6,100.0,diag_feasible,0,0,0,0,0,0,41,8.300170192632479e-14,1.12.6,lbt,1,1,Intel(R) Core(TM) 7 150U,NT,6407b28
degen-r5-m20-d1e-06-p1,100,Newton-SIN-BH,1e-7*n,9.999999999999999e-6,3,4,0.005863,0.0047118,80.36500085280574,0.0,3.8e-6,0.0,0.0009889,0.0,0.0,0.0001584999999999998,0.41161170883160797,9.126438738373787e-6,-8.94729652142314e-15,9.074867359792904e-7,9.074867359792904e-7,2.9470606011007497e-6,9.074867359792904e-7,NaN,converged,13,13,0,0,0,0,3,8.300170192632479e-14,1.12.6,lbt,1,1,Intel(R) Core(TM) 7 150U,NT,6407b28
degen-r5-m20-d1e-06-p1,100,Newton-SIN,1e-7*n,9.999999999999999e-6,3,7,0.0108109,0.009583999999999999,88.65126862703382,0.0,4.0e-6,0.0,0.0010724,0.0,0.0,0.0001505000000000011,0.41161170883160797,9.126438738373787e-6,-8.94729652142314e-15,9.074867359792904e-7,9.074867359792904e-7,2.9470606011007497e-6,9.074867359792904e-7,NaN,converged,13,13,0,0,0,0,3,8.300170192632479e-14,1.12.6,lbt,1,1,Intel(R) Core(TM) 7 150U,NT,6407b28
degen-r5-m20-d1e-06-p1,100,AGD-SDAJ-BH,1e-7*n,9.999999999999999e-6,3,24,0.0255716,0.025231,98.66805362198689,0.0,1.24e-5,0.0,0.0,0.0,0.0,0.00032819999999999995,0.41162576360471753,3.057624920426585e-5,-7.846978339463193e-15,2.5252106337081415e-6,2.5252106337081415e-6,7.701274888356841e-6,2.5252106337081415e-6,NaN,diag_feasible,0,0,5,5,0,0,3,8.300170192632479e-14,1.12.6,lbt,1,1,Intel(R) Core(TM) 7 150U,NT,6407b28
degen-r5-m20-d1e-06-p1,100,AGD-SDAJ,1e-7*n,9.999999999999999e-6,3,24,0.0290232,0.028591000000000002,98.51084649521763,0.0,1.59e-5,0.0,0.0,0.0,0.0,0.00041629999999999716,0.41162576360471753,3.057624920426585e-5,-7.846978339463193e-15,2.5252106337081415e-6,2.5252106337081415e-6,7.701274888356841e-6,2.5252106337081415e-6,NaN,diag_feasible,0,0,5,5,0,0,3,8.300170192632479e-14,1.12.6,lbt,1,1,Intel(R) Core(TM) 7 150U,NT,6407b28
degen-r5-m20-d1e-06-p1,100,Dykstra-APM,1e-7*n,9.999999999999999e-6,86,86,0.0989612,0.0931022,94.07949782338936,0.0,0.0,0.0,0.0,0.0039729,0.0,0.0018861000000000034,0.41160755853700753,3.284436041092078e-5,-6.803728142416249e-15,2.6705209392741125e-6,2.6705209392741125e-6,9.68548522866972e-6,2.6705209392741125e-6,NaN,diag_feasible,0,0,0,0,0,0,86,8.300170192632479e-14,1.12.6,lbt,1,1,Intel(R) Core(TM) 7 150U,NT,6407b28
degen-r5-m20-d1e-06-p1,100,Anderson-APM,1e-7*n,9.999999999999999e-6,20,20,0.0229526,0.019351,84.30853149534258,0.0,0.0,0.0,0.0,0.0,0.00294,0.0006616,0.41162469248489625,3.370901614793124e-5,-8.818954079736552e-15,2.7299122363766415e-6,2.7299122363766415e-6,8.873075291636149e-6,2.7299122363766415e-6,NaN,diag_feasible,0,0,0,0,0,0,20,8.300170192632479e-14,1.12.6,lbt,1,1,Intel(R) Core(TM) 7 150U,NT,6407b28
degen-r5-m20-d1e-06-p2,100,SBB-Dual,1e-7*n,9.999999999999999e-6,41,42,0.0546509,0.0531453,97.24505909326287,4.04e-5,2.64e-5,0.0001221,0.0,0.0,0.0,0.001316700000000003,0.4171061735683802,9.299317453652358e-6,-7.816463262321538e-15,3.438985474391032e-6,0.0,8.643907635970371e-6,3.438985474391032e-6,100.0,diag_feasible,0,0,0,0,0,0,41,3.592236355768092e-14,1.12.6,lbt,1,1,Intel(R) Core(TM) 7 150U,NT,6407b28
degen-r5-m20-d1e-06-p2,100,Newton-SIN-BH,1e-7*n,9.999999999999999e-6,3,4,0.0052652,0.004156399999999999,78.94097090328951,0.0,2.9e-6,0.0,0.0009521,0.0,0.0,0.00015380000000000103,0.41710341337541884,6.487965074944699e-6,-6.180396481993946e-15,6.349540249139807e-7,6.349540249139807e-7,2.02594660417416e-6,6.349540249139807e-7,NaN,converged,13,13,0,0,0,0,3,3.592236355768092e-14,1.12.6,lbt,1,1,Intel(R) Core(TM) 7 150U,NT,6407b28
degen-r5-m20-d1e-06-p2,100,Newton-SIN,1e-7*n,9.999999999999999e-6,3,7,0.0081927,0.0071527,87.30577221184711,0.0,3.9e-6,0.0,0.0009178,0.0,0.0,0.00011830000000000098,0.41710341337541884,6.487965074944699e-6,-6.180396481993946e-15,6.349540249139807e-7,6.349540249139807e-7,2.02594660417416e-6,6.349540249139807e-7,NaN,converged,13,13,0,0,0,0,3,3.592236355768092e-14,1.12.6,lbt,1,1,Intel(R) Core(TM) 7 150U,NT,6407b28
degen-r5-m20-d1e-06-p2,100,AGD-SDAJ-BH,1e-7*n,9.999999999999999e-6,4,30,0.0296623,0.0292714,98.68216557718047,0.0,1.38e-5,0.0,0.0,0.0,0.0,0.00037709999999999957,0.41711161856592216,1.8329821206914932e-5,-1.0056848770144495e-14,2.7957234267628195e-6,2.7957234267628195e-6,4.959441351654022e-6,2.7957234267628195e-6,NaN,diag_feasible_at_xpre,0,0,9,9,0,0,4,3.592236355768092e-14,1.12.6,lbt,1,1,Intel(R) Core(TM) 7 150U,NT,6407b28
degen-r5-m20-d1e-06-p2,100,AGD-SDAJ,1e-7*n,9.999999999999999e-6,4,30,0.0383971,0.037887500000000005,98.67281643665798,0.0,2.02e-5,0.0,0.0,0.0,0.0,0.000489399999999999,0.41711161856592216,1.8329821206914932e-5,-1.0056848770144495e-14,2.7957234267628195e-6,2.7957234267628195e-6,4.959441351654022e-6,2.7957234267628195e-6,NaN,diag_feasible_at_xpre,0,0,9,9,0,0,4,3.592236355768092e-14,1.12.6,lbt,1,1,Intel(R) Core(TM) 7 150U,NT,6407b28
degen-r5-m20-d1e-06-p2,100,Dykstra-APM,1e-7*n,9.999999999999999e-6,85,85,0.0957847,0.0900319,93.99403036184276,0.0,0.0,0.0,0.0,0.0038488,0.0,0.0019040000000000025,0.4170983758922765,3.1540328743421455e-5,-7.796041633258478e-15,3.7241604293747343e-6,3.7241604293747343e-6,9.373753276695814e-6,3.7241604293747343e-6,NaN,diag_feasible,0,0,0,0,0,0,85,3.592236355768092e-14,1.12.6,lbt,1,1,Intel(R) Core(TM) 7 150U,NT,6407b28
degen-r5-m20-d1e-06-p2,100,Anderson-APM,1e-7*n,9.999999999999999e-6,20,20,0.0225601,0.019005,84.24164786503606,0.0,0.0,0.0,0.0,0.0,0.0028883,0.0006667999999999986,0.4171123983822604,3.498823202947667e-5,-8.706147382563864e-15,3.405733892347662e-6,3.405733892347662e-6,9.881761569001485e-6,3.405733892347662e-6,NaN,diag_feasible,0,0,0,0,0,0,20,3.592236355768092e-14,1.12.6,lbt,1,1,Intel(R) Core(TM) 7 150U,NT,6407b28
degen-r5-m20-d1e-06-p3,100,SBB-Dual,1e-7*n,9.999999999999999e-6,43,44,0.0470399,0.0463918,98.62223346563235,3.7e-5,2.36e-5,3.35e-5,0.0,0.0,0.0,0.0005540000000000056,0.41843419987461716,9.301274020895648e-6,-1.0345233740001681e-14,8.191298753512655e-6,0.0,9.713239333634508e-6,8.191298753512655e-6,100.0,diag_feasible,0,0,0,0,0,0,43,4.549639229096477e-14,1.12.6,lbt,1,1,Intel(R) Core(TM) 7 150U,NT,6407b28
degen-r5-m20-d1e-06-p3,100,Newton-SIN-BH,1e-7*n,9.999999999999999e-6,3,4,0.0055629,0.0044775,80.48859407862805,0.0,2.8e-6,0.0,0.0009087,0.0,0.0,0.00017390000000000016,0.4184318694939582,5.933128802040821e-6,-1.1764888140765502e-14,6.928567513053707e-7,6.928567513053707e-7,1.949797043092515e-6,6.928567513053707e-7,NaN,converged,13,13,0,0,0,0,3,4.549639229096477e-14,1.12.6,lbt,1,1,Intel(R) Core(TM) 7 150U,NT,6407b28
degen-r5-m20-d1e-06-p3,100,Newton-SIN,1e-7*n,9.999999999999999e-6,3,7,0.0108739,0.009709299999999999,89.2899511674744,0.0,4.2e-6,0.0,0.001004,0.0,0.0,0.00015640000000000185,0.4184318694939582,5.933128802040821e-6,-1.1764888140765502e-14,6.928567513053707e-7,6.928567513053707e-7,1.949797043092515e-6,6.928567513053707e-7,NaN,converged,13,13,0,0,0,0,3,4.549639229096477e-14,1.12.6,lbt,1,1,Intel(R) Core(TM) 7 150U,NT,6407b28
degen-r5-m20-d1e-06-p3,100,AGD-SDAJ-BH,1e-7*n,9.999999999999999e-6,4,27,0.0270611,0.0267057,98.686675707935,0.0,1.16e-5,0.0,0.0,0.0,0.0,0.00034380000000000223,0.41844447421725983,3.351624251088738e-5,-9.48188189266318e-15,5.257501711430912e-6,5.257501711430912e-6,9.148760312533104e-6,5.257501711430912e-6,NaN,diag_feasible_at_xpre,0,0,6,6,0,0,4,4.549639229096477e-14,1.12.6,lbt,1,1,Intel(R) Core(TM) 7 150U,NT,6407b28
degen-r5-m20-d1e-06-p3,100,AGD-SDAJ,1e-7*n,9.999999999999999e-6,4,27,0.0265645,0.0261797,98.55145024374636,0.0,1.43e-5,0.0,0.0,0.0,0.0,0.0003705000000000011,0.41844447421725983,3.351624251088738e-5,-9.48188189266318e-15,5.257501711430912e-6,5.257501711430912e-6,9.148760312533104e-6,5.257501711430912e-6,NaN,diag_feasible_at_xpre,0,0,6,6,0,0,4,4.549639229096477e-14,1.12.6,lbt,1,1,Intel(R) Core(TM) 7 150U,NT,6407b28
degen-r5-m20-d1e-06-p3,100,Dykstra-APM,1e-7*n,9.999999999999999e-6,90,90,0.1063469,0.0991642,93.24597143875373,0.0,0.0,0.0,0.0,0.0043783,0.0,0.0028044000000000003,0.41842832412967274,3.316300780727673e-5,-9.084635231821926e-15,7.702027931877353e-6,7.702027931877353e-6,9.301499142759846e-6,7.702027931877353e-6,NaN,diag_feasible,0,0,0,0,0,0,90,4.549639229096477e-14,1.12.6,lbt,1,1,Intel(R) Core(TM) 7 150U,NT,6407b28
degen-r5-m20-d1e-06-p3,100,Anderson-APM,1e-7*n,9.999999999999999e-6,22,22,0.0320993,0.027014,84.15759845230271,0.0,0.0,0.0,0.0,0.0,0.0042354,0.0008498999999999972,0.4184452379739235,3.0982747199607935e-5,-1.0255874731935614e-14,2.1517758111988528e-6,2.1517758111988528e-6,7.677000438068647e-6,2.1517758111988528e-6,NaN,diag_feasible,0,0,0,0,0,0,22,4.549639229096477e-14,1.12.6,lbt,1,1,Intel(R) Core(TM) 7 150U,NT,6407b28
degen-r5-m20-d1e-06-p4,100,SBB-Dual,1e-7*n,9.999999999999999e-6,42,43,0.0551052,0.054401500000000005,98.72298803016777,4.29e-5,2.7e-5,3.19e-5,0.0,0.0,0.0,0.0006018999999999946,0.4190686133490477,9.425400236713768e-6,-7.332519942576287e-15,4.618115083454555e-6,0.0,8.352489604940074e-6,4.618115083454555e-6,100.0,diag_feasible,0,0,0,0,0,0,42,4.227749103137266e-14,1.12.6,lbt,1,1,Intel(R) Core(TM) 7 150U,NT,6407b28
degen-r5-m20-d1e-06-p4,100,Newton-SIN-BH,1e-7*n,9.999999999999999e-6,3,4,0.0053253,0.0043365,81.43203199819729,0.0,3.4e-6,0.0,0.0008407,0.0,0.0,0.00014469999999999978,0.41906596911722765,6.832189581263957e-6,-7.077362445950714e-15,7.310399801063738e-7,7.310399801063738e-7,2.174491469273946e-6,7.310399801063738e-7,NaN,converged,12,12,0,0,0,0,3,4.227749103137266e-14,1.12.6,lbt,1,1,Intel(R) Core(TM) 7 150U,NT,6407b28
degen-r5-m20-d1e-06-p4,100,Newton-SIN,1e-7*n,9.999999999999999e-6,3,7,0.0078704,0.0069491,88.29411465745069,0.0,2.7e-6,0.0,0.0008083,0.0,0.0,0.00011029999999999992,0.41906596911722765,6.832189581263957e-6,-7.077362445950714e-15,7.310399801063738e-7,7.310399801063738e-7,2.174491469273946e-6,7.310399801063738e-7,NaN,converged,12,12,0,0,0,0,3,4.227749103137266e-14,1.12.6,lbt,1,1,Intel(R) Core(TM) 7 150U,NT,6407b28
degen-r5-m20-d1e-06-p4,100,AGD-SDAJ-BH,1e-7*n,9.999999999999999e-6,3,24,0.0249985,0.0246574,98.63551813108786,0.0,1.17e-5,0.0,0.0,0.0,0.0,0.0003294000000000004,0.4190806263035113,3.6813193884409166e-5,-7.485183863159474e-15,3.491792482157585e-6,3.491792482157585e-6,9.250296249374547e-6,3.491792482157585e-6,NaN,diag_feasible,0,0,5,5,0,0,3,4.227749103137266e-14,1.12.6,lbt,1,1,Intel(R) Core(TM) 7 150U,NT,6407b28
degen-r5-m20-d1e-06-p4,100,AGD-SDAJ,1e-7*n,9.999999999999999e-6,3,24,0.0238545,0.0235266,98.62541658806515,0.0,1.12e-5,0.0,0.0,0.0,0.0,0.000316699999999999,0.4190806263035113,3.6813193884409166e-5,-7.485183863159474e-15,3.491792482157585e-6,3.491792482157585e-6,9.250296249374547e-6,3.491792482157585e-6,NaN,diag_feasible,0,0,5,5,0,0,3,4.227749103137266e-14,1.12.6,lbt,1,1,Intel(R) Core(TM) 7 150U,NT,6407b28
degen-r5-m20-d1e-06-p4,100,Dykstra-APM,1e-7*n,9.999999999999999e-6,86,86,0.093821,0.0883976,94.21941782756525,0.0,0.0,0.0,0.0,0.0036617,0.0,0.001761699999999995,0.4190616932688537,3.3547573732740884e-5,-7.680782153038258e-15,5.25430475173394e-6,5.25430475173394e-6,9.743310282269263e-6,5.25430475173394e-6,NaN,diag_feasible,0,0,0,0,0,0,86,4.227749103137266e-14,1.12.6,lbt,1,1,Intel(R) Core(TM) 7 150U,NT,6407b28
degen-r5-m20-d1e-06-p4,100,Anderson-APM,1e-7*n,9.999999999999999e-6,23,23,0.0379934,0.0319902,84.19936094163725,0.0,0.0,0.0,0.0,0.0,0.0050508,0.000952399999999993,0.4190717107640005,1.4349990939205581e-5,-8.868737170798294e-15,1.1521366738431738e-6,1.1521366738431738e-6,4.4098080197195054e-6,1.1521366738431738e-6,NaN,diag_feasible,0,0,0,0,0,0,23,4.227749103137266e-14,1.12.6,lbt,1,1,Intel(R) Core(TM) 7 150U,NT,6407b28
degen-r5-m20-d1e-08-p0,100,SBB-Dual,1e-7*n,9.999999999999999e-6,42,43,0.0516727,0.05098,98.65944686459193,3.85e-5,2.44e-5,3.22e-5,0.0,0.0,0.0,0.0005976000000000043,0.41606919911233503,1.1421806563671098e-5,-9.54795399448798e-15,3.54373274635833e-6,0.0,8.387308662798958e-6,3.54373274635833e-6,100.0,diag_feasible,0,0,0,0,0,0,42,3.7176394472127236e-14,1.12.6,lbt,1,1,Intel(R) Core(TM) 7 150U,NT,6407b28
degen-r5-m20-d1e-08-p0,100,Newton-SIN-BH,1e-7*n,9.999999999999999e-6,3,4,0.0078495,0.0062631,79.78979552837758,0.0,4.2e-6,0.0,0.0013623,0.0,0.0,0.00021990000000000074,0.4160656351517164,8.914971297117102e-6,-5.743378797827076e-15,8.379408680259104e-7,8.379408680259104e-7,2.830655278987567e-6,8.379408680259104e-7,NaN,converged,14,14,0,0,0,0,3,3.7176394472127236e-14,1.12.6,lbt,1,1,Intel(R) Core(TM) 7 150U,NT,6407b28
degen-r5-m20-d1e-08-p0,100,Newton-SIN,1e-7*n,9.999999999999999e-6,3,7,0.0082388,0.0071671999999999994,86.99325144438511,0.0,3.1e-6,0.0,0.0009537,0.0,0.0,0.00011479999999999975,0.4160656351517164,8.914971297117102e-6,-5.743378797827076e-15,8.379408680259104e-7,8.379408680259104e-7,2.830655278987567e-6,8.379408680259104e-7,NaN,converged,14,14,0,0,0,0,3,3.7176394472127236e-14,1.12.6,lbt,1,1,Intel(R) Core(TM) 7 150U,NT,6407b28
degen-r5-m20-d1e-08-p0,100,AGD-SDAJ-BH,1e-7*n,9.999999999999999e-6,4,26,0.0374607,0.0369502,98.63723849260693,0.0,1.95e-5,0.0,0.0,0.0,0.0,0.0004909999999999971,0.4160753025118332,2.1884017097140048e-5,-9.114342278935e-15,3.183608082157896e-6,3.183608082157896e-6,6.444902603977089e-6,3.183608082157896e-6,NaN,diag_feasible_at_xpre,0,0,5,5,0,0,4,3.7176394472127236e-14,1.12.6,lbt,1,1,Intel(R) Core(TM) 7 150U,NT,6407b28
degen-r5-m20-d1e-08-p0,100,AGD-SDAJ,1e-7*n,9.999999999999999e-6,4,26,0.0255477,0.0251986,98.63353648273622,0.0,1.15e-5,0.0,0.0,0.0,0.0,0.000337599999999998,0.4160753025118332,2.1884017097140048e-5,-9.114342278935e-15,3.183608082157896e-6,3.183608082157896e-6,6.444902603977089e-6,3.183608082157896e-6,NaN,diag_feasible_at_xpre,0,0,5,5,0,0,4,3.7176394472127236e-14,1.12.6,lbt,1,1,Intel(R) Core(TM) 7 150U,NT,6407b28
degen-r5-m20-d1e-08-p0,100,Dykstra-APM,1e-7*n,9.999999999999999e-6,86,86,0.0988702,0.0931085,94.17246045825739,0.0,0.0,0.0,0.0,0.0038712,0.0,0.0018905000000000085,0.416060863557289,3.364365201614131e-5,-8.572302818483015e-15,4.171703641198121e-6,4.171703641198121e-6,9.93000129049531e-6,4.171703641198121e-6,NaN,diag_feasible,0,0,0,0,0,0,86,3.7176394472127236e-14,1.12.6,lbt,1,1,Intel(R) Core(TM) 7 150U,NT,6407b28
degen-r5-m20-d1e-08-p0,100,Anderson-APM,1e-7*n,9.999999999999999e-6,26,26,0.0383169,0.0322858,84.25994796029951,0.0,0.0,0.0,0.0,0.0,0.0051232,0.0009078999999999979,0.4160618965325174,2.3196389957553305e-5,-9.368037890846473e-15,3.1835455944762003e-6,3.1835455944762003e-6,9.135265759262844e-6,3.1835455944762003e-6,NaN,diag_feasible,0,0,0,0,0,0,26,3.7176394472127236e-14,1.12.6,lbt,1,1,Intel(R) Core(TM) 7 150U,NT,6407b28
degen-r5-m20-d1e-08-p1,100,SBB-Dual,1e-7*n,9.999999999999999e-6,41,42,0.0542935,0.053515099999999996,98.56631088435999,4.43e-5,2.7e-5,3.22e-5,0.0,0.0,0.0,0.0006749000000000054,0.41161884298660073,1.1958718878933374e-5,-1.1022271686562027e-14,2.740082541530242e-6,0.0,9.85334362817873e-6,2.740082541530242e-6,100.0,diag_feasible,0,0,0,0,0,0,41,1.8602117257340748e-14,1.12.6,lbt,1,1,Intel(R) Core(TM) 7 150U,NT,6407b28
degen-r5-m20-d1e-08-p1,100,Newton-SIN-BH,1e-7*n,9.999999999999999e-6,3,4,0.0052343,0.0041918,80.08329671589324,0.0,3.4e-6,0.0,0.0008892,0.0,0.0,0.0001499,0.41161498810695624,8.950509738731555e-6,-8.696842125386756e-15,9.072860378545045e-7,9.072860378545045e-7,2.929690999583579e-6,9.072860378545045e-7,NaN,converged,13,13,0,0,0,0,3,1.8602117257340748e-14,1.12.6,lbt,1,1,Intel(R) Core(TM) 7 150U,NT,6407b28
degen-r5-m20-d1e-08-p1,100,Newton-SIN,1e-7*n,9.999999999999999e-6,3,7,0.0089761,0.007999299999999999,89.11776829580774,0.0,3.2e-6,0.0,0.0008583,0.0,0.0,0.00011530000000000166,0.41161498810695624,8.950509738731555e-6,-8.696842125386756e-15,9.072860378545045e-7,9.072860378545045e-7,2.929690999583579e-6,9.072860378545045e-7,NaN,converged,13,13,0,0,0,0,3,1.8602117257340748e-14,1.12.6,lbt,1,1,Intel(R) Core(TM) 7 150U,NT,6407b28
degen-r5-m20-d1e-08-p1,100,AGD-SDAJ-BH,1e-7*n,9.999999999999999e-6,3,24,0.0337687,0.0333296,98.6996834346599,0.0,1.54e-5,0.0,0.0,0.0,0.0,0.00042369999999999783,0.4116295416338009,3.258605687245481e-5,-1.0442279281067853e-14,2.482559904981585e-6,2.482559904981585e-6,8.249359615314564e-6,2.482559904981585e-6,NaN,diag_feasible,0,0,5,5,0,0,3,1.8602117257340748e-14,1.12.6,lbt,1,1,Intel(R) Core(TM) 7 150U,NT,6407b28
degen-r5-m20-d1e-08-p1,100,AGD-SDAJ,1e-7*n,9.999999999999999e-6,3,24,0.0370066,0.0365231,98.69347629882238,0.0,1.9e-5,0.0,0.0,0.0,0.0,0.0004644999999999978,0.4116295416338009,3.258605687245481e-5,-1.0442279281067853e-14,2.482559904981585e-6,2.482559904981585e-6,8.249359615314564e-6,2.482559904981585e-6,NaN,diag_feasible,0,0,5,5,0,0,3,1.8602117257340748e-14,1.12.6,lbt,1,1,Intel(R) Core(TM) 7 150U,NT,6407b28
degen-r5-m20-d1e-08-p1,100,Dykstra-APM,1e-7*n,9.999999999999999e-6,86,86,0.1048299,0.0986833,94.13659652446486,0.0,0.0,0.0,0.0,0.0041365,0.0,0.0020101000000000016,0.41161075675798964,3.2800344878526674e-5,-8.629108589484093e-15,2.670229095613763e-6,2.670229095613763e-6,9.685261622817345e-6,2.670229095613763e-6,NaN,diag_feasible,0,0,0,0,0,0,86,1.8602117257340748e-14,1.12.6,lbt,1,1,Intel(R) Core(TM) 7 150U,NT,6407b28
degen-r5-m20-d1e-08-p1,100,Anderson-APM,1e-7*n,9.999999999999999e-6,20,20,0.0324057,0.0271433,83.76088157330345,0.0,0.0,0.0,0.0,0.0,0.0042544,0.0010080000000000037,0.4116278692641432,3.3731667098145705e-5,-1.1298398186165094e-14,2.731833091074165e-6,2.731833091074165e-6,8.878562801047325e-6,2.731833091074165e-6,NaN,diag_feasible,0,0,0,0,0,0,20,1.8602117257340748e-14,1.12.6,lbt,1,1,Intel(R) Core(TM) 7 150U,NT,6407b28
degen-r5-m20-d1e-08-p2,100,SBB-Dual,1e-7*n,9.999999999999999e-6,41,42,0.0455196,0.0448886,98.61378395240732,3.3e-5,1.97e-5,3.34e-5,0.0,0.0,0.0,0.0005448999999999996,0.41710941194320983,1.0479154193219081e-5,-6.912094516568207e-15,3.438552440337972e-6,0.0,8.643880192979209e-6,3.438552440337972e-6,100.0,diag_feasible,0,0,0,0,0,0,41,1.603148208153809e-14,1.12.6,lbt,1,1,Intel(R) Core(TM) 7 150U,NT,6407b28
degen-r5-m20-d1e-08-p2,100,Newton-SIN-BH,1e-7*n,9.999999999999999e-6,3,4,0.0060836,0.0048369,79.5071996843974,0.0,3.7e-6,0.0,0.0010775,0.0,0.0,0.00016550000000000007,0.41710679879447965,6.23867718187026e-6,-8.763863303788048e-15,6.343390062113485e-7,6.343390062113485e-7,2.0091852263781944e-6,6.343390062113485e-7,NaN,converged,13,13,0,0,0,0,3,1.603148208153809e-14,1.12.6,lbt,1,1,Intel(R) Core(TM) 7 150U,NT,6407b28
degen-r5-m20-d1e-08-p2,100,Newton-SIN,1e-7*n,9.999999999999999e-6,3,7,0.0099922,0.0088383,88.45199255419227,0.0,3.7e-6,0.0,0.0009973,0.0,0.0,0.00015289999999999943,0.41710679879447965,6.23867718187026e-6,-8.763863303788048e-15,6.343390062113485e-7,6.343390062113485e-7,2.0091852263781944e-6,6.343390062113485e-7,NaN,converged,13,13,0,0,0,0,3,1.603148208153809e-14,1.12.6,lbt,1,1,Intel(R) Core(TM) 7 150U,NT,6407b28
degen-r5-m20-d1e-08-p2,100,AGD-SDAJ-BH,1e-7*n,9.999999999999999e-6,4,30,0.0346287,0.0341184,98.52636685754881,0.0,3.98e-5,0.0,0.0,0.0,0.0,0.00047049999999999826,0.4171148778695564,1.837945867343019e-5,-9.958371313487231e-15,2.8013328430276374e-6,2.8013328430276374e-6,4.970417867534903e-6,2.8013328430276374e-6,NaN,diag_feasible_at_xpre,0,0,9,9,0,0,4,1.603148208153809e-14,1.12.6,lbt,1,1,Intel(R) Core(TM) 7 150U,NT,6407b28
degen-r5-m20-d1e-08-p2,100,AGD-SDAJ,1e-7*n,9.999999999999999e-6,4,30,0.0448902,0.044316,98.7208789446249,0.0,2.31e-5,0.0,0.0,0.0,0.0,0.000551099999999997,0.4171148778695564,1.837945867343019e-5,-9.958371313487231e-15,2.8013328430276374e-6,2.8013328430276374e-6,4.970417867534903e-6,2.8013328430276374e-6,NaN,diag_feasible_at_xpre,0,0,9,9,0,0,4,1.603148208153809e-14,1.12.6,lbt,1,1,Intel(R) Core(TM) 7 150U,NT,6407b28
degen-r5-m20-d1e-08-p2,100,Dykstra-APM,1e-7*n,9.999999999999999e-6,85,85,0.0962696,0.0905636,94.07289528573922,0.0,0.0,0.0,0.0,0.0038625,0.0,0.0018435000000000027,0.41710164030879543,3.149329444386791e-5,-7.468928338499619e-15,3.723826709212119e-6,3.723826709212119e-6,9.37372998070561e-6,3.723826709212119e-6,NaN,diag_feasible,0,0,0,0,0,0,85,1.603148208153809e-14,1.12.6,lbt,1,1,Intel(R) Core(TM) 7 150U,NT,6407b28
degen-r5-m20-d1e-08-p2,100,Anderson-APM,1e-7*n,9.999999999999999e-6,20,20,0.0361678,0.0302382,83.605306377496,0.0,0.0,0.0,0.0,0.0,0.0049903,0.0009393000000000006,0.41711547916315234,3.5042931707611434e-5,-8.390190179406729e-15,3.408665072202055e-6,3.408665072202055e-6,9.942909726865553e-6,3.408665072202055e-6,NaN,diag_feasible,0,0,0,0,0,0,20,1.603148208153809e-14,1.12.6,lbt,1,1,Intel(R) Core(TM) 7 150U,NT,6407b28
degen-r5-m20-d1e-08-p3,100,SBB-Dual,1e-7*n,9.999999999999999e-6,43,44,0.0424325,0.041828699999999996,98.577034113003,3.22e-5,1.84e-5,3.28e-5,0.0,0.0,0.0,0.0005204000000000015,0.41843745447299946,1.0297511216204458e-5,-7.611151259361436e-15,8.191273346946915e-6,0.0,9.71327907704292e-6,8.191273346946915e-6,100.0,diag_feasible,0,0,0,0,0,0,43,1.69925790630551e-14,1.12.6,lbt,1,1,Intel(R) Core(TM) 7 150U,NT,6407b28
degen-r5-m20-d1e-08-p3,100,Newton-SIN-BH,1e-7*n,9.999999999999999e-6,3,4,0.0052405,0.004205,80.24043507298921,0.0,2.8e-6,0.0,0.0008909,0.0,0.0,0.00014179999999999987,0.41843536288490496,5.69331308129092e-6,-9.84064348098275e-15,6.920033102097989e-7,6.920033102097989e-7,1.9310506843011387e-6,6.920033102097989e-7,NaN,converged,13,13,0,0,0,0,3,1.69925790630551e-14,1.12.6,lbt,1,1,Intel(R) Core(TM) 7 150U,NT,6407b28
degen-r5-m20-d1e-08-p3,100,Newton-SIN,1e-7*n,9.999999999999999e-6,3,7,0.0137619,0.0122402,88.94266053379256,0.0,5.1e-6,0.0,0.0013529,0.0,0.0,0.00016370000000000078,0.41843536288490496,5.69331308129092e-6,-9.84064348098275e-15,6.920033102097989e-7,6.920033102097989e-7,1.9310506843011387e-6,6.920033102097989e-7,NaN,converged,13,13,0,0,0,0,3,1.69925790630551e-14,1.12.6,lbt,1,1,Intel(R) Core(TM) 7 150U,NT,6407b28
degen-r5-m20-d1e-08-p3,100,AGD-SDAJ-BH,1e-7*n,9.999999999999999e-6,4,27,0.0275132,0.027122599999999997,98.58031781108703,0.0,1.68e-5,0.0,0.0,0.0,0.0,0.00037380000000000486,0.41844782631267297,3.3826274924367354e-5,-9.82141993896643e-15,5.2520336899508635e-6,5.2520336899508635e-6,9.232983825112004e-6,5.2520336899508635e-6,NaN,diag_feasible_at_xpre,0,0,6,6,0,0,4,1.69925790630551e-14,1.12.6,lbt,1,1,Intel(R) Core(TM) 7 150U,NT,6407b28
degen-r5-m20-d1e-08-p3,100,AGD-SDAJ,1e-7*n,9.999999999999999e-6,4,27,0.0262196,0.0258529,98.60142793940412,0.0,1.5e-5,0.0,0.0,0.0,0.0,0.0003516999999999976,0.41844782631267297,3.3826274924367354e-5,-9.82141993896643e-15,5.2520336899508635e-6,5.2520336899508635e-6,9.232983825112004e-6,5.2520336899508635e-6,NaN,diag_feasible_at_xpre,0,0,6,6,0,0,4,1.69925790630551e-14,1.12.6,lbt,1,1,Intel(R) Core(TM) 7 150U,NT,6407b28
degen-r5-m20-d1e-08-p3,100,Dykstra-APM,1e-7*n,9.999999999999999e-6,90,90,0.1268749,0.1056744,83.29023313515911,0.0,0.0,0.0,0.0,0.0150405,0.0,0.006160000000000011,0.41843159683326037,3.311912284072873e-5,-8.098067690993872e-15,7.702022619238136e-6,7.702022619238136e-6,9.301478883455414e-6,7.702022619238136e-6,NaN,diag_feasible,0,0,0,0,0,0,90,1.69925790630551e-14,1.12.6,lbt,1,1,Intel(R) Core(TM) 7 150U,NT,6407b28
degen-r5-m20-d1e-08-p3,100,Anderson-APM,1e-7*n,9.999999999999999e-6,22,22,0.0260967,0.0220796,84.60686600221483,0.0,0.0,0.0,0.0,0.0,0.0032725,0.0007445999999999993,0.418448408261414,3.0785677452532424e-5,-9.015551593341497e-15,2.1622785576491665e-6,2.1622785576491665e-6,7.631777948269059e-6,2.1622785576491665e-6,NaN,diag_feasible,0,0,0,0,0,0,22,1.69925790630551e-14,1.12.6,lbt,1,1,Intel(R) Core(TM) 7 150U,NT,6407b28
degen-r5-m20-d1e-08-p4,100,SBB-Dual,1e-7*n,9.999999999999999e-6,42,43,0.0418307,0.0412506,98.61321947756073,3.34e-5,2.08e-5,3.29e-5,0.0,0.0,0.0,0.0004930000000000001,0.4190718772262483,1.0423450600838126e-5,-7.768896476628932e-15,4.617511617510672e-6,0.0,8.352619241016858e-6,4.617511617510672e-6,100.0,diag_feasible,0,0,0,0,0,0,42,2.0587678334016217e-14,1.12.6,lbt,1,1,Intel(R) Core(TM) 7 150U,NT,6407b28
degen-r5-m20-d1e-08-p4,100,Newton-SIN-BH,1e-7*n,9.999999999999999e-6,3,4,0.0056652,0.004603299999999999,81.25573677893102,0.0,3.0e-6,0.0,0.0009009,0.0,0.0,0.00015800000000000015,0.4190694378991614,6.618200874067828e-6,-6.34866802616021e-15,7.307025318148419e-7,7.307025318148419e-7,2.1617031470526004e-6,7.307025318148419e-7,NaN,converged,12,12,0,0,0,0,3,2.0587678334016217e-14,1.12.6,lbt,1,1,Intel(R) Core(TM) 7 150U,NT,6407b28
degen-r5-m20-d1e-08-p4,100,Newton-SIN,1e-7*n,9.999999999999999e-6,3,7,0.0139987,0.012359400000000001,88.28962689392587,0.0,5.7e-6,0.0,0.00146,0.0,0.0,0.00017359999999999815,0.4190694378991614,6.618200874067828e-6,-6.34866802616021e-15,7.307025318148419e-7,7.307025318148419e-7,2.1617031470526004e-6,7.307025318148419e-7,NaN,converged,12,12,0,0,0,0,3,2.0587678334016217e-14,1.12.6,lbt,1,1,Intel(R) Core(TM) 7 150U,NT,6407b28
degen-r5-m20-d1e-08-p4,100,AGD-SDAJ-BH,1e-7*n,9.999999999999999e-6,3,24,0.030198,0.0297851,98.63269090668257,0.0,1.57e-5,0.0,0.0,0.0,0.0,0.00039720000000000076,0.41908425789803555,3.76309401886865e-5,-9.860367709242265e-15,3.420988798685798e-6,3.420988798685798e-6,9.390489624524964e-6,3.420988798685798e-6,NaN,diag_feasible,0,0,5,5,0,0,3,2.0587678334016217e-14,1.12.6,lbt,1,1,Intel(R) Core(TM) 7 150U,NT,6407b28
degen-r5-m20-d1e-08-p4,100,AGD-SDAJ,1e-7*n,9.999999999999999e-6,3,24,0.0237799,0.023461,98.65895146741575,0.0,1.07e-5,0.0,0.0,0.0,0.0,0.00030820000000000044,0.41908425789803555,3.76309401886865e-5,-9.860367709242265e-15,3.420988798685798e-6,3.420988798685798e-6,9.390489624524964e-6,3.420988798685798e-6,NaN,diag_feasible,0,0,5,5,0,0,3,2.0587678334016217e-14,1.12.6,lbt,1,1,Intel(R) Core(TM) 7 150U,NT,6407b28
degen-r5-m20-d1e-08-p4,100,Dykstra-APM,1e-7*n,9.999999999999999e-6,86,86,0.0998728,0.0940123,94.13203594972805,0.0,0.0,0.0,0.0,0.0039211,0.0,0.0019394000000000043,0.4190649884417372,3.35037752998803e-5,-9.931286751001997e-15,5.253349801837004e-6,5.253349801837004e-6,9.743394746795596e-6,5.253349801837004e-6,NaN,diag_feasible,0,0,0,0,0,0,86,2.0587678334016217e-14,1.12.6,lbt,1,1,Intel(R) Core(TM) 7 150U,NT,6407b28
degen-r5-m20-d1e-08-p4,100,Anderson-APM,1e-7*n,9.999999999999999e-6,23,23,0.0262038,0.0220079,83.98743693662752,0.0,0.0,0.0,0.0,0.0,0.0034733,0.000722599999999999,0.41907354349083825,1.5724702406386693e-5,-8.934532444700578e-15,2.160282749796849e-6,2.160282749796849e-6,5.666544923905412e-6,2.160282749796849e-6,NaN,diag_feasible,0,0,0,0,0,0,23,2.0587678334016217e-14,1.12.6,lbt,1,1,Intel(R) Core(TM) 7 150U,NT,6407b28
degen-r5-m20-d1e-10-p0,100,SBB-Dual,1e-7*n,9.999999999999999e-6,42,43,0.0476703,0.0470419,98.68177880147597,3.71e-5,2.31e-5,3.32e-5,0.0,0.0,0.0,0.0005350000000000012,0.4160692313839662,1.1433474733118165e-5,-8.892269503796818e-15,3.5437292020823463e-6,0.0,8.387312385924384e-6,3.5437292020823463e-6,100.0,diag_feasible,0,0,0,0,0,0,42,1.5765557868430762e-14,1.12.6,lbt,1,1,Intel(R) Core(TM) 7 150U,NT,6407b28
degen-r5-m20-d1e-10-p0,100,Newton-SIN-BH,1e-7*n,9.999999999999999e-6,3,4,0.0053899,0.0042227,78.34468171951242,0.0,3.3e-6,0.0,0.0010128,0.0,0.0,0.00015110000000000037,0.41606566872794265,8.91523791978179e-6,-7.175510337163144e-15,8.379318552353965e-7,8.379318552353965e-7,2.8305461462776067e-6,8.379318552353965e-7,NaN,converged,14,14,0,0,0,0,3,1.5765557868430762e-14,1.12.6,lbt,1,1,Intel(R) Core(TM) 7 150U,NT,6407b28
degen-r5-m20-d1e-10-p0,100,Newton-SIN,1e-7*n,9.999999999999999e-6,3,7,0.0084368,0.0073078,86.61814906125545,0.0,3.1e-6,0.0,0.0009934,0.0,0.0,0.0001324999999999998,0.41606566872794265,8.91523791978179e-6,-7.175510337163144e-15,8.379318552353965e-7,8.379318552353965e-7,2.8305461462776067e-6,8.379318552353965e-7,NaN,converged,14,14,0,0,0,0,3,1.5765557868430762e-14,1.12.6,lbt,1,1,Intel(R) Core(TM) 7 150U,NT,6407b28
degen-r5-m20-d1e-10-p0,100,AGD-SDAJ-BH,1e-7*n,9.999999999999999e-6,4,26,0.0313029,0.0307858,98.34807637631016,0.0,1.98e-5,0.0,0.0,0.0,0.0,0.0004973000000000029,0.4160753320614796,2.1887291723798095e-5,-9.695287422558358e-15,3.184271164857755e-6,3.184271164857755e-6,6.447636978748186e-6,3.184271164857755e-6,NaN,diag_feasible_at_xpre,0,0,5,5,0,0,4,1.5765557868430762e-14,1.12.6,lbt,1,1,Intel(R) Core(TM) 7 150U,NT,6407b28
degen-r5-m20-d1e-10-p0,100,AGD-SDAJ,1e-7*n,9.999999999999999e-6,4,26,0.0333963,0.032952800000000004,98.67200857580033,0.0,1.73e-5,0.0,0.0,0.0,0.0,0.0004261999999999925,0.4160753320614796,2.1887291723798095e-5,-9.695287422558358e-15,3.184271164857755e-6,3.184271164857755e-6,6.447636978748186e-6,3.184271164857755e-6,NaN,diag_feasible_at_xpre,0,0,5,5,0,0,4,1.5765557868430762e-14,1.12.6,lbt,1,1,Intel(R) Core(TM) 7 150U,NT,6407b28
degen-r5-m20-d1e-10-p0,100,Dykstra-APM,1e-7*n,9.999999999999999e-6,86,86,0.1348882,0.1275932,94.59181751999061,0.0,0.0,0.0,0.0,0.0045497,0.0,0.0027453000000000234,0.41606089613025693,3.3643660887798124e-5,-1.054039887685395e-14,4.171698672728041e-6,4.171698672728041e-6,9.930002559218774e-6,4.171698672728041e-6,NaN,diag_feasible,0,0,0,0,0,0,86,1.5765557868430762e-14,1.12.6,lbt,1,1,Intel(R) Core(TM) 7 150U,NT,6407b28
degen-r5-m20-d1e-10-p0,100,Anderson-APM,1e-7*n,9.999999999999999e-6,26,26,0.0352157,0.029361,83.37474478712619,0.0,0.0,0.0,0.0,0.0,0.0047894,0.0010653000000000008,0.41606190545910016,2.3078852172462785e-5,-7.650718559044599e-15,3.25719379001832e-6,3.25719379001832e-6,9.138667872424899e-6,3.25719379001832e-6,NaN,diag_feasible,0,0,0,0,0,0,26,1.5765557868430762e-14,1.12.6,lbt,1,1,Intel(R) Core(TM) 7 150U,NT,6407b28
degen-r5-m20-d1e-10-p1,100,SBB-Dual,1e-7*n,9.999999999999999e-6,41,42,0.0408147,0.0402671,98.65832653431238,2.73e-5,1.98e-5,3.23e-5,0.0,0.0,0.0,0.0004682000000000023,0.41161887467861263,1.1969396572122883e-5,-8.768440979871255e-15,2.740079008134444e-6,0.0,9.853342592487726e-6,2.740079008134444e-6,100.0,diag_feasible,0,0,0,0,0,0,41,2.040878629308206e-14,1.12.6,lbt,1,1,Intel(R) Core(TM) 7 150U,NT,6407b28
degen-r5-m20-d1e-10-p1,100,Newton-SIN-BH,1e-7*n,9.999999999999999e-6,3,4,0.0061676,0.0050726,82.24593034567742,0.0,3.4e-6,0.0,0.0009221,0.0,0.0,0.00016949999999999962,0.4116150206422173,8.950622072366896e-6,-7.809405309647818e-15,9.072846181013006e-7,9.072846181013006e-7,2.9295763522565947e-6,9.072846181013006e-7,NaN,converged,13,13,0,0,0,0,3,2.040878629308206e-14,1.12.6,lbt,1,1,Intel(R) Core(TM) 7 150U,NT,6407b28
degen-r5-m20-d1e-10-p1,100,Newton-SIN,1e-7*n,9.999999999999999e-6,3,7,0.0083952,0.0072705,86.60305889079473,0.0,3.3e-6,0.0,0.0009875,0.0,0.0,0.00013390000000000016,0.4116150206422173,8.950622072366896e-6,-7.809405309647818e-15,9.072846181013006e-7,9.072846181013006e-7,2.9295763522565947e-6,9.072846181013006e-7,NaN,converged,13,13,0,0,0,0,3,2.040878629308206e-14,1.12.6,lbt,1,1,Intel(R) Core(TM) 7 150U,NT,6407b28
degen-r5-m20-d1e-10-p1,100,AGD-SDAJ-BH,1e-7*n,9.999999999999999e-6,3,24,0.0357844,0.0344874,96.37551558779803,0.0,1.84e-5,0.0,0.0,0.0,0.0,0.0012785999999999995,0.4116295792436462,3.260417386850359e-5,-1.1022771517575789e-14,2.4811142920189155e-6,2.4811142920189155e-6,8.254063519439258e-6,2.4811142920189155e-6,NaN,diag_feasible,0,0,5,5,0,0,3,2.040878629308206e-14,1.12.6,lbt,1,1,Intel(R) Core(TM) 7 150U,NT,6407b28
degen-r5-m20-d1e-10-p1,100,AGD-SDAJ,1e-7*n,9.999999999999999e-6,3,24,0.0245936,0.024242200000000002,98.57117298809446,0.0,1.1e-5,0.0,0.0,0.0,0.0,0.00034039999999999825,0.4116295792436462,3.260417386850359e-5,-1.1022771517575789e-14,2.4811142920189155e-6,2.4811142920189155e-6,8.254063519439258e-6,2.4811142920189155e-6,NaN,diag_feasible,0,0,5,5,0,0,3,2.040878629308206e-14,1.12.6,lbt,1,1,Intel(R) Core(TM) 7 150U,NT,6407b28
degen-r5-m20-d1e-10-p1,100,Dykstra-APM,1e-7*n,9.999999999999999e-6,86,86,0.1066754,0.100546,94.25415794081859,0.0,0.0,0.0,0.0,0.0040849,0.0,0.0020445000000000072,0.41161078849420196,3.2800340234716605e-5,-7.72648371870335e-15,2.67022633204661e-6,2.67022633204661e-6,9.685261904789561e-6,2.67022633204661e-6,NaN,diag_feasible,0,0,0,0,0,0,86,2.040878629308206e-14,1.12.6,lbt,1,1,Intel(R) Core(TM) 7 150U,NT,6407b28
degen-r5-m20-d1e-10-p1,100,Anderson-APM,1e-7*n,9.999999999999999e-6,20,20,0.0329584,0.0277491,84.19431768532452,0.0,0.0,0.0,0.0,0.0,0.0043087,0.0009005999999999997,0.41162790102232166,3.37318762745193e-5,-1.0605263652875254e-14,2.7318517570318335e-6,2.7318517570318335e-6,8.878614334740778e-6,2.7318517570318335e-6,NaN,diag_feasible,0,0,0,0,0,0,20,2.040878629308206e-14,1.12.6,lbt,1,1,Intel(R) Core(TM) 7 150U,NT,6407b28
degen-r5-m20-d1e-10-p2,100,SBB-Dual,1e-7*n,9.999999999999999e-6,41,42,0.0481142,0.0474708,98.66276483865471,3.7e-5,2.17e-5,3.38e-5,0.0,0.0,0.0,0.0005509000000000023,0.41710944432695995,1.0491197251749112e-5,-8.197370755371814e-15,3.43855187368014e-6,0.0,8.643880516249348e-6,3.43855187368014e-6,100.0,diag_feasible,0,0,0,0,0,0,41,1.5006913822933576e-14,1.12.6,lbt,1,1,Intel(R) Core(TM) 7 150U,NT,6407b28
degen-r5-m20-d1e-10-p2,100,Newton-SIN-BH,1e-7*n,9.999999999999999e-6,3,4,0.0059555,0.004652,78.1126689614642,0.0,3.7e-6,0.0,0.0011403,0.0,0.0,0.00015950000000000014,0.41710683237016616,6.238901408471709e-6,-7.598223978376955e-15,6.343360903215967e-7,6.343360903215967e-7,2.009101797395658e-6,6.343360903215967e-7,NaN,converged,13,13,0,0,0,0,3,1.5006913822933576e-14,1.12.6,lbt,1,1,Intel(R) Core(TM) 7 150U,NT,6407b28
degen-r5-m20-d1e-10-p2,100,Newton-SIN,1e-7*n,9.999999999999999e-6,3,7,0.0088253,0.0077881999999999995,88.24855812267005,0.0,3.3e-6,0.0,0.0009221,0.0,0.0,0.00011170000000000006,0.41710683237016616,6.238901408471709e-6,-7.598223978376955e-15,6.343360903215967e-7,6.343360903215967e-7,2.009101797395658e-6,6.343360903215967e-7,NaN,converged,13,13,0,0,0,0,3,1.5006913822933576e-14,1.12.6,lbt,1,1,Intel(R) Core(TM) 7 150U,NT,6407b28
degen-r5-m20-d1e-10-p2,100,AGD-SDAJ-BH,1e-7*n,9.999999999999999e-6,4,30,0.0313384,0.030916600000000002,98.65404743062824,0.0,1.62e-5,0.0,0.0,0.0,0.0,0.00040559999999999994,0.41711491045756616,1.8379942002956767e-5,-9.125006489942622e-15,2.801387333883909e-6,2.801387333883909e-6,4.970524578105837e-6,2.801387333883909e-6,NaN,diag_feasible_at_xpre,0,0,9,9,0,0,4,1.5006913822933576e-14,1.12.6,lbt,1,1,Intel(R) Core(TM) 7 150U,NT,6407b28
degen-r5-m20-d1e-10-p2,100,AGD-SDAJ,1e-7*n,9.999999999999999e-6,4,30,0.0449161,0.0443309,98.69712642014778,0.0,2.1e-5,0.0,0.0,0.0,0.0,0.000564200000000001,0.41711491045756616,1.8379942002956767e-5,-9.125006489942622e-15,2.801387333883909e-6,2.801387333883909e-6,4.970524578105837e-6,2.801387333883909e-6,NaN,diag_feasible_at_xpre,0,0,9,9,0,0,4,1.5006913822933576e-14,1.12.6,lbt,1,1,Intel(R) Core(TM) 7 150U,NT,6407b28
degen-r5-m20-d1e-10-p2,100,Dykstra-APM,1e-7*n,9.999999999999999e-6,85,85,0.0947581,0.0870015,91.81431455463965,0.0,0.0,0.0,0.0,0.005774,0.0,0.0019826000000000028,0.41710167273984455,3.149329518118248e-5,-7.859802261494488e-15,3.7238260852667793e-6,3.7238260852667793e-6,9.373732074468732e-6,3.7238260852667793e-6,NaN,diag_feasible,0,0,0,0,0,0,85,1.5006913822933576e-14,1.12.6,lbt,1,1,Intel(R) Core(TM) 7 150U,NT,6407b28
degen-r5-m20-d1e-10-p2,100,Anderson-APM,1e-7*n,9.999999999999999e-6,20,20,0.0257342,0.021755,84.5373083289941,0.0,0.0,0.0,0.0,0.0,0.0032597,0.0007194999999999988,0.41711550997493146,3.504362905479905e-5,-1.0952594701339673e-14,3.4086941025357476e-6,3.4086941025357476e-6,9.94355695734456e-6,3.4086941025357476e-6,NaN,diag_feasible,0,0,0,0,0,0,20,1.5006913822933576e-14,1.12.6,lbt,1,1,Intel(R) Core(TM) 7 150U,NT,6407b28
degen-r5-m20-d1e-10-p3,100,SBB-Dual,1e-7*n,9.999999999999999e-6,43,44,0.0442236,0.0435769,98.53765862571115,3.56e-5,2.28e-5,3.75e-5,0.0,0.0,0.0,0.0005508,0.41843748701899963,1.0308530217999633e-5,-8.535955682946523e-15,8.191275682634114e-6,0.0,9.713281218473306e-6,8.191275682634114e-6,100.0,diag_feasible,0,0,0,0,0,0,43,1.8412304962136865e-14,1.12.6,lbt,1,1,Intel(R) Core(TM) 7 150U,NT,6407b28
degen-r5-m20-d1e-10-p3,100,Newton-SIN-BH,1e-7*n,9.999999999999999e-6,3,4,0.0089093,0.0072223,81.06473011347693,0.0,5.1e-6,0.0,0.0014426,0.0,0.0,0.00023930000000000002,0.41843539739554175,5.6938049788136485e-6,-1.0107452602342392e-14,6.919959327778002e-7,6.919959327778002e-7,1.931000217433785e-6,6.919959327778002e-7,NaN,converged,13,13,0,0,0,0,3,1.8412304962136865e-14,1.12.6,lbt,1,1,Intel(R) Core(TM) 7 150U,NT,6407b28
degen-r5-m20-d1e-10-p3,100,Newton-SIN,1e-7*n,9.999999999999999e-6,3,7,0.0084764,0.0074522,87.91704025293757,0.0,3.2e-6,0.0,0.0009017,0.0,0.0,0.00011930000000000024,0.41843539739554175,5.6938049788136485e-6,-1.0107452602342392e-14,6.919959327778002e-7,6.919959327778002e-7,1.931000217433785e-6,6.919959327778002e-7,NaN,converged,13,13,0,0,0,0,3,1.8412304962136865e-14,1.12.6,lbt,1,1,Intel(R) Core(TM) 7 150U,NT,6407b28
degen-r5-m20-d1e-10-p3,100,AGD-SDAJ-BH,1e-7*n,9.999999999999999e-6,4,27,0.0262722,0.025914899999999998,98.64000730810514,0.0,1.07e-5,0.0,0.0,0.0,0.0,0.0003466000000000014,0.41844786034378983,3.3830813851234695e-5,-1.2672937427765246e-14,5.252035756742046e-6,5.252035756742046e-6,9.234170608796996e-6,5.252035756742046e-6,NaN,diag_feasible_at_xpre,0,0,6,6,0,0,4,1.8412304962136865e-14,1.12.6,lbt,1,1,Intel(R) Core(TM) 7 150U,NT,6407b28
degen-r5-m20-d1e-10-p3,100,AGD-SDAJ,1e-7*n,9.999999999999999e-6,4,27,0.0296259,0.029238,98.69067268842466,0.0,1.47e-5,0.0,0.0,0.0,0.0,0.00037320000000000007,0.41844786034378983,3.3830813851234695e-5,-1.2672937427765246e-14,5.252035756742046e-6,5.252035756742046e-6,9.234170608796996e-6,5.252035756742046e-6,NaN,diag_feasible_at_xpre,0,0,6,6,0,0,4,1.8412304962136865e-14,1.12.6,lbt,1,1,Intel(R) Core(TM) 7 150U,NT,6407b28
degen-r5-m20-d1e-10-p3,100,Dykstra-APM,1e-7*n,9.999999999999999e-6,90,90,0.1012116,0.0948421,93.70674902876745,0.0,0.0,0.0,0.0,0.0043689,0.0,0.0020006,0.4184316294148601,3.311912584743249e-5,-8.874934847038914e-15,7.702024712452626e-6,7.702024712452626e-6,9.301480676551313e-6,7.702024712452626e-6,NaN,diag_feasible,0,0,0,0,0,0,90,1.8412304962136865e-14,1.12.6,lbt,1,1,Intel(R) Core(TM) 7 150U,NT,6407b28
degen-r5-m20-d1e-10-p3,100,Anderson-APM,1e-7*n,9.999999999999999e-6,22,22,0.0258721,0.0217646,84.12382450593498,0.0,0.0,0.0,0.0,0.0,0.0033775,0.0007300000000000002,0.4184484399616826,3.078370233093152e-5,-8.480861099635892e-15,2.162382723658318e-6,2.162382723658318e-6,7.631325046130693e-6,2.162382723658318e-6,NaN,diag_feasible,0,0,0,0,0,0,22,1.8412304962136865e-14,1.12.6,lbt,1,1,Intel(R) Core(TM) 7 150U,NT,6407b28
degen-r5-m20-d1e-10-p4,100,SBB-Dual,1e-7*n,9.999999999999999e-6,42,43,0.0456017,0.0448933,98.4465491418083,4.03e-5,4.15e-5,5.2e-5,0.0,0.0,0.0,0.000574600000000005,0.4190719098650338,1.0434374889839794e-5,-8.516644739740407e-15,4.617503247983379e-6,0.0,8.352623245377093e-6,4.617503247983379e-6,100.0,diag_feasible,0,0,0,0,0,0,42,1.9695744467839558e-14,1.12.6,lbt,1,1,Intel(R) Core(TM) 7 150U,NT,6407b28
degen-r5-m20-d1e-10-p4,100,Newton-SIN-BH,1e-7*n,9.999999999999999e-6,3,4,0.0052621,0.0042315,80.41466334733282,0.0,2.9e-6,0.0,0.0008722,0.0,0.0,0.00015549999999999971,0.4190694719975382,6.618624182382853e-6,-7.13223145306877e-15,7.306995055689214e-7,7.306995055689214e-7,2.161690207011176e-6,7.306995055689214e-7,NaN,converged,12,12,0,0,0,0,3,1.9695744467839558e-14,1.12.6,lbt,1,1,Intel(R) Core(TM) 7 150U,NT,6407b28
degen-r5-m20-d1e-10-p4,100,Newton-SIN,1e-7*n,9.999999999999999e-6,3,7,0.0119223,0.0107061,89.7989481895272,0.0,4.0e-6,0.0,0.001059,0.0,0.0,0.00015320000000000047,0.4190694719975382,6.618624182382853e-6,-7.13223145306877e-15,7.306995055689214e-7,7.306995055689214e-7,2.161690207011176e-6,7.306995055689214e-7,NaN,converged,12,12,0,0,0,0,3,1.9695744467839558e-14,1.12.6,lbt,1,1,Intel(R) Core(TM) 7 150U,NT,6407b28
degen-r5-m20-d1e-10-p4,100,AGD-SDAJ-BH,1e-7*n,9.999999999999999e-6,3,24,0.0375456,0.0370743,98.74472641268217,0.0,1.94e-5,0.0,0.0,0.0,0.0,0.0004519000000000009,0.4190842953298993,3.7644438325219675e-5,-8.784594223414775e-15,3.4218282781717235e-6,3.4218282781717235e-6,9.393540561758454e-6,3.4218282781717235e-6,NaN,diag_feasible,0,0,5,5,0,0,3,1.9695744467839558e-14,1.12.6,lbt,1,1,Intel(R) Core(TM) 7 150U,NT,6407b28
degen-r5-m20-d1e-10-p4,100,AGD-SDAJ,1e-7*n,9.999999999999999e-6,3,24,0.0236009,0.0232695,98.59581626124427,0.0,1.1e-5,0.0,0.0,0.0,0.0,0.00032040000000000253,0.4190842953298993,3.7644438325219675e-5,-8.784594223414775e-15,3.4218282781717235e-6,3.4218282781717235e-6,9.393540561758454e-6,3.4218282781717235e-6,NaN,diag_feasible,0,0,5,5,0,0,3,1.9695744467839558e-14,1.12.6,lbt,1,1,Intel(R) Core(TM) 7 150U,NT,6407b28
degen-r5-m20-d1e-10-p4,100,Dykstra-APM,1e-7*n,9.999999999999999e-6,86,86,0.0921375,0.0863869,93.75867589200924,0.0,0.0,0.0,0.0,0.003948,0.0,0.0018025999999999945,0.419065021736185,3.350378380250147e-5,-8.049568643315882e-15,5.253337709509864e-6,5.253337709509864e-6,9.74339428751863e-6,5.253337709509864e-6,NaN,diag_feasible,0,0,0,0,0,0,86,1.9695744467839558e-14,1.12.6,lbt,1,1,Intel(R) Core(TM) 7 150U,NT,6407b28
degen-r5-m20-d1e-10-p4,100,Anderson-APM,1e-7*n,9.999999999999999e-6,23,23,0.0260749,0.0219469,84.16868329312864,0.0,0.0,0.0,0.0,0.0,0.0034158,0.0007122000000000031,0.419073559241836,1.574368677359629e-5,-7.919345103456133e-15,2.1703299402098253e-6,2.1703299402098253e-6,5.682065504518555e-6,2.1703299402098253e-6,NaN,diag_feasible,0,0,0,0,0,0,23,1.9695744467839558e-14,1.12.6,lbt,1,1,Intel(R) Core(TM) 7 150U,NT,6407b28
degen-r5-m20-d0-p0,100,SBB-Dual,1e-7*n,9.999999999999999e-6,42,43,0.0419691,0.0413889,98.61755434355275,3.12e-5,1.79e-5,3.26e-5,0.0,0.0,0.0,0.0004985000000000028,0.41606923170994287,1.1433592645009006e-5,-7.396889679968402e-15,3.5437291658890757e-6,0.0,8.387312421773991e-6,3.5437291658890757e-6,100.0,diag_feasible,0,0,0,0,0,0,42,3.030380133479571e-14,1.12.6,lbt,1,1,Intel(R) Core(TM) 7 150U,NT,6407b28
degen-r5-m20-d0-p0,100,Newton-SIN-BH,1e-7*n,9.999999999999999e-6,3,4,0.0054155,0.0042791,79.01578801588035,0.0,2.7e-6,0.0,0.0009821,0.0,0.0,0.0001516,0.41606566906708636,8.915240824080004e-6,-7.323500736804064e-15,8.379317644191531e-7,8.379317644191531e-7,2.830545049347688e-6,8.379317644191531e-7,NaN,converged,14,14,0,0,0,0,3,3.030380133479571e-14,1.12.6,lbt,1,1,Intel(R) Core(TM) 7 150U,NT,6407b28
degen-r5-m20-d0-p0,100,Newton-SIN,1e-7*n,9.999999999999999e-6,3,7,0.0120619,0.0103924,86.15889702285709,0.0,4.2e-6,0.0,0.0015255,0.0,0.0,0.0001398000000000009,0.41606566906708636,8.915240824080004e-6,-7.323500736804064e-15,8.379317644191531e-7,8.379317644191531e-7,2.830545049347688e-6,8.379317644191531e-7,NaN,converged,14,14,0,0,0,0,3,3.030380133479571e-14,1.12.6,lbt,1,1,Intel(R) Core(TM) 7 150U,NT,6407b28
degen-r5-m20-d0-p0,100,AGD-SDAJ-BH,1e-7*n,9.999999999999999e-6,4,26,0.0255332,0.0251789,98.61239484279291,0.0,1.14e-5,0.0,0.0,0.0,0.0,0.00034289999999999836,0.4160753323598503,2.188732440427216e-5,-1.1095202415822767e-14,3.184277743706332e-6,3.184277743706332e-6,6.4476645070276745e-6,3.184277743706332e-6,NaN,diag_feasible_at_xpre,0,0,5,5,0,0,4,3.030380133479571e-14,1.12.6,lbt,1,1,Intel(R) Core(TM) 7 150U,NT,6407b28
degen-r5-m20-d0-p0,100,AGD-SDAJ,1e-7*n,9.999999999999999e-6,4,26,0.0254088,0.0250605,98.6292150750921,0.0,1.1e-5,0.0,0.0,0.0,0.0,0.0003372999999999993,0.4160753323598503,2.188732440427216e-5,-1.1095202415822767e-14,3.184277743706332e-6,3.184277743706332e-6,6.4476645070276745e-6,3.184277743706332e-6,NaN,diag_feasible_at_xpre,0,0,5,5,0,0,4,3.030380133479571e-14,1.12.6,lbt,1,1,Intel(R) Core(TM) 7 150U,NT,6407b28
degen-r5-m20-d0-p0,100,Dykstra-APM,1e-7*n,9.999999999999999e-6,86,86,0.1102024,0.1034967,93.9151052971623,0.0,0.0,0.0,0.0,0.0047205,0.0,0.001985200000000009,0.4160608964592774,3.3643661025866487e-5,-8.604220856076857e-15,4.171698623878228e-6,4.171698623878228e-6,9.930002570989735e-6,4.171698623878228e-6,NaN,diag_feasible,0,0,0,0,0,0,86,3.030380133479571e-14,1.12.6,lbt,1,1,Intel(R) Core(TM) 7 150U,NT,6407b28
degen-r5-m20-d0-p0,100,Anderson-APM,1e-7*n,9.999999999999999e-6,26,26,0.0336511,0.0281796,83.74050179637514,0.0,0.0,0.0,0.0,0.0,0.0046105,0.0008610000000000041,0.41606190539892546,2.3077377790554116e-5,-7.680927447248476e-15,3.258152551754989e-6,3.258152551754989e-6,9.138738391098348e-6,3.258152551754989e-6,NaN,diag_feasible,0,0,0,0,0,0,26,3.030380133479571e-14,1.12.6,lbt,1,1,Intel(R) Core(TM) 7 150U,NT,6407b28
degen-r5-m20-d0-p1,100,SBB-Dual,1e-7*n,9.999999999999999e-6,41,42,0.0439583,0.0433408,98.59525959830113,3.64e-5,1.96e-5,3.87e-5,0.0,0.0,0.0,0.0005227999999999999,0.4116188749987342,1.196950446161413e-5,-7.823215894087849e-15,2.740078973273441e-6,0.0,9.853342583824724e-6,2.740078973273441e-6,100.0,diag_feasible,0,0,0,0,0,0,41,1.451168094464173e-14,1.12.6,lbt,1,1,Intel(R) Core(TM) 7 150U,NT,6407b28
degen-r5-m20-d0-p1,100,Newton-SIN-BH,1e-7*n,9.999999999999999e-6,3,4,0.0052065,0.0041611,79.92125228080283,0.0,2.8e-6,0.0,0.0008916,0.0,0.0,0.0001510000000000001,0.4116150209708728,8.950623379164922e-6,-6.723380503296298e-15,9.072846018920444e-7,9.072846018920444e-7,2.929575186222265e-6,9.072846018920444e-7,NaN,converged,13,13,0,0,0,0,3,1.451168094464173e-14,1.12.6,lbt,1,1,Intel(R) Core(TM) 7 150U,NT,6407b28
degen-r5-m20-d0-p1,100,Newton-SIN,1e-7*n,9.999999999999999e-6,3,7,0.0106069,0.009203000000000001,86.76427608443561,0.0,3.7e-6,0.0,0.0012754,0.0,0.0,0.00012479999999999956,0.4116150209708728,8.950623379164922e-6,-6.723380503296298e-15,9.072846018920444e-7,9.072846018920444e-7,2.929575186222265e-6,9.072846018920444e-7,NaN,converged,13,13,0,0,0,0,3,1.451168094464173e-14,1.12.6,lbt,1,1,Intel(R) Core(TM) 7 150U,NT,6407b28
degen-r5-m20-d0-p1,100,AGD-SDAJ-BH,1e-7*n,9.999999999999999e-6,3,24,0.0389947,0.038495,98.71854380210644,0.0,2.48e-5,0.0,0.0,0.0,0.0,0.00047489999999999875,0.4116295796237163,3.2604357195164344e-5,-9.6567180909898e-15,2.4810995582491557e-6,2.4810995582491557e-6,8.254111111906477e-6,2.4810995582491557e-6,NaN,diag_feasible,0,0,5,5,0,0,3,1.451168094464173e-14,1.12.6,lbt,1,1,Intel(R) Core(TM) 7 150U,NT,6407b28
degen-r5-m20-d0-p1,100,AGD-SDAJ,1e-7*n,9.999999999999999e-6,3,24,0.0275231,0.0271395,98.6062616493055,0.0,1.32e-5,0.0,0.0,0.0,0.0,0.0003704000000000013,0.4116295796237163,3.2604357195164344e-5,-9.6567180909898e-15,2.4810995582491557e-6,2.4810995582491557e-6,8.254111111906477e-6,2.4810995582491557e-6,NaN,diag_feasible,0,0,5,5,0,0,3,1.451168094464173e-14,1.12.6,lbt,1,1,Intel(R) Core(TM) 7 150U,NT,6407b28
degen-r5-m20-d0-p1,100,Dykstra-APM,1e-7*n,9.999999999999999e-6,86,86,0.0953979,0.0898166,94.14945192713886,0.0,0.0,0.0,0.0,0.0037647,0.0,0.0018165999999999972,0.411610788814765,3.280034023451799e-5,-8.069491701412996e-15,2.6702263042910346e-6,2.6702263042910346e-6,9.68526190841919e-6,2.6702263042910346e-6,NaN,diag_feasible,0,0,0,0,0,0,86,1.451168094464173e-14,1.12.6,lbt,1,1,Intel(R) Core(TM) 7 150U,NT,6407b28
degen-r5-m20-d0-p1,100,Anderson-APM,1e-7*n,9.999999999999999e-6,20,20,0.0263492,0.0224018,85.01890000455423,0.0,0.0,0.0,0.0,0.0,0.0031236,0.0008238000000000004,0.4116279013406496,3.373187246878806e-5,-1.0844775747120332e-14,2.7318516182539554e-6,2.7318516182539554e-6,8.878613349202615e-6,2.7318516182539554e-6,NaN,diag_feasible,0,0,0,0,0,0,20,1.451168094464173e-14,1.12.6,lbt,1,1,Intel(R) Core(TM) 7 150U,NT,6407b28
degen-r5-m20-d0-p2,100,SBB-Dual,1e-7*n,9.999999999999999e-6,41,42,0.0466279,0.045962499999999996,98.57295739246244,4.07e-5,2.31e-5,3.19e-5,0.0,0.0,0.0,0.0005697000000000036,0.4171094446540688,1.0491318930685315e-5,-7.0677226502961454e-15,3.4385518654644898e-6,0.0,8.643880516663107e-6,3.4385518654644898e-6,100.0,diag_feasible,0,0,0,0,0,0,41,4.7976666578315206e-14,1.12.6,lbt,1,1,Intel(R) Core(TM) 7 150U,NT,6407b28
degen-r5-m20-d0-p2,100,Newton-SIN-BH,1e-7*n,9.999999999999999e-6,3,4,0.0090838,0.0065624,72.24289394306348,0.0,6.1e-6,0.0,0.0014608,0.0,0.0,0.001054499999999999,0.4171068327093373,6.238903898610844e-6,-9.11882220052418e-15,6.343360627880656e-7,6.343360627880656e-7,2.009100948256432e-6,6.343360627880656e-7,NaN,converged,13,13,0,0,0,0,3,4.7976666578315206e-14,1.12.6,lbt,1,1,Intel(R) Core(TM) 7 150U,NT,6407b28
degen-r5-m20-d0-p2,100,Newton-SIN,1e-7*n,9.999999999999999e-6,3,7,0.0078823,0.0068788,87.26894434365605,0.0,4.0e-6,0.0,0.0008909,0.0,0.0,0.00010859999999999993,0.4171068327093373,6.238903898610844e-6,-9.11882220052418e-15,6.343360627880656e-7,6.343360627880656e-7,2.009100948256432e-6,6.343360627880656e-7,NaN,converged,13,13,0,0,0,0,3,4.7976666578315206e-14,1.12.6,lbt,1,1,Intel(R) Core(TM) 7 150U,NT,6407b28
degen-r5-m20-d0-p2,100,AGD-SDAJ-BH,1e-7*n,9.999999999999999e-6,4,30,0.0354152,0.0349592,98.71241726716212,0.0,1.68e-5,0.0,0.0,0.0,0.0,0.0004391999999999981,0.41711491078669416,1.8379946863006978e-5,-9.517676152701434e-15,2.801387926965049e-6,2.801387926965049e-6,4.97052567910351e-6,2.801387926965049e-6,NaN,diag_feasible_at_xpre,0,0,9,9,0,0,4,4.7976666578315206e-14,1.12.6,lbt,1,1,Intel(R) Core(TM) 7 150U,NT,6407b28
degen-r5-m20-d0-p2,100,AGD-SDAJ,1e-7*n,9.999999999999999e-6,4,30,0.0344508,0.0340009,98.69407967304099,0.0,1.52e-5,0.0,0.0,0.0,0.0,0.00043469999999999615,0.41711491078669416,1.8379946863006978e-5,-9.517676152701434e-15,2.801387926965049e-6,2.801387926965049e-6,4.97052567910351e-6,2.801387926965049e-6,NaN,diag_feasible_at_xpre,0,0,9,9,0,0,4,4.7976666578315206e-14,1.12.6,lbt,1,1,Intel(R) Core(TM) 7 150U,NT,6407b28
degen-r5-m20-d0-p2,100,Dykstra-APM,1e-7*n,9.999999999999999e-6,85,85,0.1178265,0.1108153,94.0495559148409,0.0,0.0,0.0,0.0,0.0050561,0.0,0.001955099999999995,0.4171016730674243,3.1493295215446915e-5,-8.05008448925094e-15,3.7238260799377088e-6,3.7238260799377088e-6,9.373732096025271e-6,3.7238260799377088e-6,NaN,diag_feasible,0,0,0,0,0,0,85,4.7976666578315206e-14,1.12.6,lbt,1,1,Intel(R) Core(TM) 7 150U,NT,6407b28
degen-r5-m20-d0-p2,100,Anderson-APM,1e-7*n,9.999999999999999e-6,20,20,0.0252534,0.0212496,84.14550119983845,0.0,0.0,0.0,0.0,0.0,0.0031765,0.0008272999999999983,0.4171155102821336,3.504362984801342e-5,-8.699237879085071e-15,3.4086950626566193e-6,3.4086950626566193e-6,9.943562901141265e-6,3.4086950626566193e-6,NaN,diag_feasible,0,0,0,0,0,0,20,4.7976666578315206e-14,1.12.6,lbt,1,1,Intel(R) Core(TM) 7 150U,NT,6407b28
degen-r5-m20-d0-p3,100,SBB-Dual,1e-7*n,9.999999999999999e-6,43,44,0.0513504,0.0506097,98.55755748738083,4.58e-5,3.19e-5,3.41e-5,0.0,0.0,0.0,0.0006288999999999969,0.41843748734774794,1.0308641609189554e-5,-9.176888105043174e-15,8.191275706836976e-6,0.0,9.713281242049985e-6,8.191275706836976e-6,100.0,diag_feasible,0,0,0,0,0,0,43,6.980937243217542e-14,1.12.6,lbt,1,1,Intel(R) Core(TM) 7 150U,NT,6407b28
degen-r5-m20-d0-p3,100,Newton-SIN-BH,1e-7*n,9.999999999999999e-6,3,4,0.0051662,0.0041006,79.37362084317293,0.0,3.1e-6,0.0,0.0009178,0.0,0.0,0.00014469999999999989,0.4184353977441374,5.6938101832121155e-6,-8.029443129159698e-15,6.919958608353483e-7,6.919958608353483e-7,1.9309997108478544e-6,6.919958608353483e-7,NaN,converged,13,13,0,0,0,0,3,6.980937243217542e-14,1.12.6,lbt,1,1,Intel(R) Core(TM) 7 150U,NT,6407b28
degen-r5-m20-d0-p3,100,Newton-SIN,1e-7*n,9.999999999999999e-6,3,7,0.0138807,0.012139200000000001,87.45380276210855,0.0,6.3e-6,0.0,0.0015404,0.0,0.0,0.00019479999999999823,0.4184353977441374,5.6938101832121155e-6,-8.029443129159698e-15,6.919958608353483e-7,6.919958608353483e-7,1.9309997108478544e-6,6.919958608353483e-7,NaN,converged,13,13,0,0,0,0,3,6.980937243217542e-14,1.12.6,lbt,1,1,Intel(R) Core(TM) 7 150U,NT,6407b28
degen-r5-m20-d0-p3,100,AGD-SDAJ-BH,1e-7*n,9.999999999999999e-6,4,27,0.0330503,0.0325953,98.62331052970777,0.0,1.52e-5,0.0,0.0,0.0,0.0,0.0004397999999999971,0.41844786068761997,3.383085983760222e-5,-9.123928972176403e-15,5.25203576462463e-6,5.25203576462463e-6,9.234182614160266e-6,5.25203576462463e-6,NaN,diag_feasible_at_xpre,0,0,6,6,0,0,4,6.980937243217542e-14,1.12.6,lbt,1,1,Intel(R) Core(TM) 7 150U,NT,6407b28
degen-r5-m20-d0-p3,100,AGD-SDAJ,1e-7*n,9.999999999999999e-6,4,27,0.0279413,0.0275724,98.67973215276311,0.0,1.35e-5,0.0,0.0,0.0,0.0,0.0003553999999999984,0.41844786068761997,3.383085983760222e-5,-9.123928972176403e-15,5.25203576462463e-6,5.25203576462463e-6,9.234182614160266e-6,5.25203576462463e-6,NaN,diag_feasible_at_xpre,0,0,6,6,0,0,4,6.980937243217542e-14,1.12.6,lbt,1,1,Intel(R) Core(TM) 7 150U,NT,6407b28
degen-r5-m20-d0-p3,100,Dykstra-APM,1e-7*n,9.999999999999999e-6,90,90,0.1017867,0.0957742,94.09303966038786,0.0,0.0,0.0,0.0,0.0040828,0.0,0.00192969999999999,0.41843162974397224,3.311912588191879e-5,-7.821592872885975e-15,7.70202473288073e-6,7.70202473288073e-6,9.301480694020072e-6,7.70202473288073e-6,NaN,diag_feasible,0,0,0,0,0,0,90,6.980937243217542e-14,1.12.6,lbt,1,1,Intel(R) Core(TM) 7 150U,NT,6407b28
degen-r5-m20-d0-p3,100,Anderson-APM,1e-7*n,9.999999999999999e-6,22,22,0.0262865,0.0213234,81.1192056759173,0.0,0.0,0.0,0.0,0.0,0.0042529,0.0007102000000000011,0.4184484402955583,3.0783715526204435e-5,-1.0203268302214691e-14,2.1623843241558305e-6,2.1623843241558305e-6,7.631328049481397e-6,2.1623843241558305e-6,NaN,diag_feasible,0,0,0,0,0,0,22,6.980937243217542e-14,1.12.6,lbt,1,1,Intel(R) Core(TM) 7 150U,NT,6407b28
degen-r5-m20-d0-p4,100,SBB-Dual,1e-7*n,9.999999999999999e-6,42,43,0.0446976,0.0441031,98.66995095933564,3.21e-5,2.03e-5,3.48e-5,0.0,0.0,0.0,0.0005072999999999979,0.41907191019471857,1.043448534577841e-5,-7.731846556480984e-15,4.617503163606429e-6,0.0,8.352623284236855e-6,4.617503163606429e-6,100.0,diag_feasible,0,0,0,0,0,0,42,2.350921831471279e-14,1.12.6,lbt,1,1,Intel(R) Core(TM) 7 150U,NT,6407b28
degen-r5-m20-d0-p4,100,Newton-SIN-BH,1e-7*n,9.999999999999999e-6,3,4,0.0062119,0.004796,77.20665174906227,0.0,4.2e-6,0.0,0.0011891,0.0,0.0,0.00022260000000000031,0.4190694723419425,6.618628742879846e-6,-6.389717766447552e-15,7.306994795897026e-7,7.306994795897026e-7,2.1616900870862145e-6,7.306994795897026e-7,NaN,converged,12,12,0,0,0,0,3,2.350921831471279e-14,1.12.6,lbt,1,1,Intel(R) Core(TM) 7 150U,NT,6407b28
degen-r5-m20-d0-p4,100,Newton-SIN,1e-7*n,9.999999999999999e-6,3,7,0.0107381,0.0095199,88.65534871159701,0.0,5.1e-6,0.0,0.0010497,0.0,0.0,0.00016340000000000083,0.4190694723419425,6.618628742879846e-6,-6.389717766447552e-15,7.306994795897026e-7,7.306994795897026e-7,2.1616900870862145e-6,7.306994795897026e-7,NaN,converged,12,12,0,0,0,0,3,2.350921831471279e-14,1.12.6,lbt,1,1,Intel(R) Core(TM) 7 150U,NT,6407b28
degen-r5-m20-d0-p4,100,AGD-SDAJ-BH,1e-7*n,9.999999999999999e-6,3,24,0.0275779,0.0271726,98.53034495012311,0.0,1.34e-5,0.0,0.0,0.0,0.0,0.00039189999999999733,0.4190842957080539,3.7644574778752745e-5,-9.312969336271438e-15,3.421836739403439e-6,3.421836739403439e-6,9.39357139921344e-6,3.421836739403439e-6,NaN,diag_feasible,0,0,5,5,0,0,3,2.350921831471279e-14,1.12.6,lbt,1,1,Intel(R) Core(TM) 7 150U,NT,6407b28
degen-r5-m20-d0-p4,100,AGD-SDAJ,1e-7*n,9.999999999999999e-6,3,24,0.0277155,0.0272737,98.40594613122622,0.0,1.63e-5,0.0,0.0,0.0,0.0,0.0004254999999999991,0.4190842957080539,3.7644574778752745e-5,-9.312969336271438e-15,3.421836739403439e-6,3.421836739403439e-6,9.39357139921344e-6,3.421836739403439e-6,NaN,diag_feasible,0,0,5,5,0,0,3,2.350921831471279e-14,1.12.6,lbt,1,1,Intel(R) Core(TM) 7 150U,NT,6407b28
degen-r5-m20-d0-p4,100,Dykstra-APM,1e-7*n,9.999999999999999e-6,86,86,0.1060321,0.0997678,94.09207211778319,0.0,0.0,0.0,0.0,0.0042942,0.0,0.0019701000000000007,0.4190650220724994,3.350378391251349e-5,-8.354845939189574e-15,5.253337584942841e-6,5.253337584942841e-6,9.743394277295523e-6,5.253337584942841e-6,NaN,diag_feasible,0,0,0,0,0,0,86,2.350921831471279e-14,1.12.6,lbt,1,1,Intel(R) Core(TM) 7 150U,NT,6407b28
degen-r5-m20-d0-p4,100,Anderson-APM,1e-7*n,9.999999999999999e-6,23,23,0.0335963,0.0268913,80.04244515020999,0.0,0.0,0.0,0.0,0.0,0.005714,0.0009910000000000023,0.4190735594068335,1.5743874583260798e-5,-8.506494602849413e-15,2.1704287569423997e-6,2.1704287569423997e-6,5.682218595529072e-6,2.1704287569423997e-6,NaN,diag_feasible,0,0,0,0,0,0,23,2.350921831471279e-14,1.12.6,lbt,1,1,Intel(R) Core(TM) 7 150U,NT,6407b28
degen-r20-m1-d0.01-p0,100,SBB-Dual,1e-7*n,9.999999999999999e-6,20,21,0.0212628,0.0209132,98.35581390973908,1.57e-5,1.02e-5,3.59e-5,0.0,0.0,0.0,0.00028779999999999854,0.4040066425767457,9.862578536762145e-6,-2.7788949411198933e-15,1.655913179687829e-6,0.0,9.94596994192382e-6,1.655913179687829e-6,100.0,diag_feasible,0,0,0,0,0,0,20,1.429732779457038e-14,1.12.6,lbt,1,1,Intel(R) Core(TM) 7 150U,NT,6407b28
degen-r20-m1-d0.01-p0,100,Newton-SIN-BH,1e-7*n,9.999999999999999e-6,3,4,0.0085841,0.006914,80.54426206591255,0.0,5.7e-6,0.0,0.0014136,0.0,0.0,0.0002508000000000007,0.40400664244579815,1.464011152928575e-10,-3.7852969032432714e-15,3.153854954973667e-11,3.153854954973667e-11,8.555753620284575e-11,3.153854954973667e-11,NaN,converged,13,13,0,0,0,0,3,1.429732779457038e-14,1.12.6,lbt,1,1,Intel(R) Core(TM) 7 150U,NT,6407b28
degen-r20-m1-d0.01-p0,100,Newton-SIN,1e-7*n,9.999999999999999e-6,3,7,0.0116144,0.0102065,87.87797906047665,0.0,5.3e-6,0.0,0.0012316,0.0,0.0,0.00017100000000000014,0.40400664244579815,1.464011152928575e-10,-3.7852969032432714e-15,3.153854954973667e-11,3.153854954973667e-11,8.555753620284575e-11,3.153854954973667e-11,NaN,converged,13,13,0,0,0,0,3,1.429732779457038e-14,1.12.6,lbt,1,1,Intel(R) Core(TM) 7 150U,NT,6407b28
degen-r20-m1-d0.01-p0,100,AGD-SDAJ-BH,1e-7*n,9.999999999999999e-6,2,13,0.0146113,0.014408,98.60861114343008,0.0,6.8e-6,0.0,0.0,0.0,0.0,0.0001965,0.40400012375698935,9.47527888026751e-6,-3.6065410445972465e-15,1.6302438067272718e-6,1.6302438067272718e-6,4.90991953823996e-6,1.6302438067272718e-6,NaN,diag_feasible,0,0,0,0,0,0,2,1.429732779457038e-14,1.12.6,lbt,1,1,Intel(R) Core(TM) 7 150U,NT,6407b28
degen-r20-m1-d0.01-p0,100,AGD-SDAJ,1e-7*n,9.999999999999999e-6,2,13,0.013062,0.012849999999999999,98.37697136732505,0.0,6.0e-6,0.0,0.0,0.0,0.0,0.0002060000000000021,0.40400012375698935,9.47527888026751e-6,-3.6065410445972465e-15,1.6302438067272718e-6,1.6302438067272718e-6,4.90991953823996e-6,1.6302438067272718e-6,NaN,diag_feasible,0,0,0,0,0,0,2,1.429732779457038e-14,1.12.6,lbt,1,1,Intel(R) Core(TM) 7 150U,NT,6407b28
degen-r20-m1-d0.01-p0,100,Dykstra-APM,1e-7*n,9.999999999999999e-6,46,46,0.054999,0.0516983,93.99861815669377,0.0,0.0,0.0,0.0,0.0021965,0.0,0.0011041999999999966,0.40399085419549724,1.8443271089835417e-5,-3.0074618852185644e-15,1.353311530838397e-6,1.353311530838397e-6,8.15760511168335e-6,1.353311530838397e-6,NaN,diag_feasible,0,0,0,0,0,0,46,1.429732779457038e-14,1.12.6,lbt,1,1,Intel(R) Core(TM) 7 150U,NT,6407b28
degen-r20-m1-d0.01-p0,100,Anderson-APM,1e-7*n,9.999999999999999e-6,13,13,0.0150077,0.012516,83.3971894427527,0.0,0.0,0.0,0.0,0.0,0.0018783,0.0006134000000000011,0.40401762660761814,1.4304377376154352e-5,-3.3012070705307255e-15,1.900554035927371e-6,1.900554035927371e-6,6.757354345493853e-6,1.900554035927371e-6,NaN,diag_feasible,0,0,0,0,0,0,13,1.429732779457038e-14,1.12.6,lbt,1,1,Intel(R) Core(TM) 7 150U,NT,6407b28
degen-r20-m1-d0.01-p1,100,SBB-Dual,1e-7*n,9.999999999999999e-6,20,21,0.0229244,0.0225418,98.33103592678542,1.97e-5,1.18e-5,4.91e-5,0.0,0.0,0.0,0.0003020000000000003,0.39870317383704973,9.816720683575978e-6,-3.390527579541954e-15,1.6405623617377074e-6,0.0,9.884309285288353e-6,1.6405623617377074e-6,100.0,diag_feasible,0,0,0,0,0,0,20,4.351819350922159e-14,1.12.6,lbt,1,1,Intel(R) Core(TM) 7 150U,NT,6407b28
degen-r20-m1-d0.01-p1,100,Newton-SIN-BH,1e-7*n,9.999999999999999e-6,3,4,0.0051375,0.0042335,82.40389294403893,0.0,3.1e-6,0.0,0.0007369,0.0,0.0,0.00016399999999999943,0.3987036531125542,1.045864953509514e-5,-3.781765180368163e-15,5.9010870190334686e-6,5.9010870190334686e-6,6.182547199631913e-6,5.9010870190334686e-6,NaN,converged,10,10,0,0,0,0,3,4.351819350922159e-14,1.12.6,lbt,1,1,Intel(R) Core(TM) 7 150U,NT,6407b28
degen-r20-m1-d0.01-p1,100,Newton-SIN,1e-7*n,9.999999999999999e-6,3,7,0.0085947,0.0076149,88.59995113267479,0.0,4.2e-6,0.0,0.000839,0.0,0.0,0.00013660000000000028,0.3987036531125542,1.045864953509514e-5,-3.781765180368163e-15,5.9010870190334686e-6,5.9010870190334686e-6,6.182547199631913e-6,5.9010870190334686e-6,NaN,converged,10,10,0,0,0,0,3,4.351819350922159e-14,1.12.6,lbt,1,1,Intel(R) Core(TM) 7 150U,NT,6407b28
degen-r20-m1-d0.01-p1,100,AGD-SDAJ-BH,1e-7*n,9.999999999999999e-6,3,15,0.0152485,0.015025899999999998,98.54018428042102,0.0,6.7e-6,0.0,0.0,0.0,0.0,0.00021590000000000162,0.3986989818961546,6.256980525980431e-6,-3.5077577717248716e-15,1.7646418849492918e-6,1.7646418849492918e-6,3.3868283233661184e-6,1.7646418849492918e-6,NaN,diag_feasible_at_xpre,0,0,0,0,0,0,3,4.351819350922159e-14,1.12.6,lbt,1,1,Intel(R) Core(TM) 7 150U,NT,6407b28
degen-r20-m1-d0.01-p1,100,AGD-SDAJ,1e-7*n,9.999999999999999e-6,3,15,0.0147844,0.014566299999999999,98.52479640702362,0.0,6.9e-6,0.0,0.0,0.0,0.0,0.00021120000000000058,0.3986989818961546,6.256980525980431e-6,-3.5077577717248716e-15,1.7646418849492918e-6,1.7646418849492918e-6,3.3868283233661184e-6,1.7646418849492918e-6,NaN,diag_feasible_at_xpre,0,0,0,0,0,0,3,4.351819350922159e-14,1.12.6,lbt,1,1,Intel(R) Core(TM) 7 150U,NT,6407b28
degen-r20-m1-d0.01-p1,100,Dykstra-APM,1e-7*n,9.999999999999999e-6,46,46,0.0646471,0.05355,82.83434214373112,0.0,0.0,0.0,0.0,0.0074277,0.0,0.003669399999999999,0.398687279605704,1.825348942826925e-5,-3.1543501524600182e-15,1.3379982193306716e-6,1.3379982193306716e-6,8.094019861748193e-6,1.3379982193306716e-6,NaN,diag_feasible,0,0,0,0,0,0,46,4.351819350922159e-14,1.12.6,lbt,1,1,Intel(R) Core(TM) 7 150U,NT,6407b28
degen-r20-m1-d0.01-p1,100,Anderson-APM,1e-7*n,9.999999999999999e-6,13,13,0.0149106,0.012437,83.41045967298433,0.0,0.0,0.0,0.0,0.0,0.001938,0.0005355999999999994,0.3987046181558653,2.55209170011576e-6,-3.923935439565917e-15,4.4106738261717737e-7,4.4106738261717737e-7,1.3311384416434285e-6,4.4106738261717737e-7,NaN,diag_feasible,0,0,0,0,0,0,13,4.351819350922159e-14,1.12.6,lbt,1,1,Intel(R) Core(TM) 7 150U,NT,6407b28
degen-r20-m1-d0.01-p2,100,SBB-Dual,1e-7*n,9.999999999999999e-6,20,21,0.0202901,0.0199527,98.33712007333627,1.71e-5,1.08e-5,3.57e-5,0.0,0.0,0.0,0.00027379999999999814,0.40433247822084994,8.75544035160333e-6,-3.5146189180375485e-15,1.3401390419609527e-6,0.0,9.405400520979777e-6,1.3401390419609527e-6,100.0,diag_feasible,0,0,0,0,0,0,20,2.1834731132791743e-14,1.12.6,lbt,1,1,Intel(R) Core(TM) 7 150U,NT,6407b28
degen-r20-m1-d0.01-p2,100,Newton-SIN-BH,1e-7*n,9.999999999999999e-6,2,3,0.0039567,0.0033353999999999996,84.29752066115702,0.0,2.7e-6,0.0,0.0004891,0.0,0.0,0.00012949999999999995,0.40432975067726057,1.5388219192101277e-5,-3.6285368395196525e-15,4.3390250331620805e-6,4.3390250331620805e-6,9.482046996668393e-6,4.3390250331620805e-6,NaN,converged,6,6,0,0,0,0,2,2.1834731132791743e-14,1.12.6,lbt,1,1,Intel(R) Core(TM) 7 150U,NT,6407b28
degen-r20-m1-d0.01-p2,100,Newton-SIN,1e-7*n,9.999999999999999e-6,2,5,0.00559,0.0050733,90.7567084078712,0.0,2.9e-6,0.0,0.0004159,0.0,0.0,9.79000000000001e-5,0.40432975067726057,1.5388219192101277e-5,-3.6285368395196525e-15,4.3390250331620805e-6,4.3390250331620805e-6,9.482046996668393e-6,4.3390250331620805e-6,NaN,converged,6,6,0,0,0,0,2,2.1834731132791743e-14,1.12.6,lbt,1,1,Intel(R) Core(TM) 7 150U,NT,6407b28
degen-r20-m1-d0.01-p2,100,AGD-SDAJ-BH,1e-7*n,9.999999999999999e-6,2,13,0.0144144,0.0141836,98.39882339882338,0.0,7.7e-6,0.0,0.0,0.0,0.0,0.0002231000000000015,0.40432356775328476,1.1756161669338082e-5,-3.1700596178530596e-15,1.7374393874725058e-6,1.7374393874725058e-6,5.7745801008986265e-6,1.7374393874725058e-6,NaN,diag_feasible,0,0,0,0,0,0,2,2.1834731132791743e-14,1.12.6,lbt,1,1,Intel(R) Core(TM) 7 150U,NT,6407b28
degen-r20-m1-d0.01-p2,100,AGD-SDAJ,1e-7*n,9.999999999999999e-6,2,13,0.0172221,0.0169525,98.43456953565476,0.0,9.6e-6,0.0,0.0,0.0,0.0,0.00026000000000000177,0.40432356775328476,1.1756161669338082e-5,-3.1700596178530596e-15,1.7374393874725058e-6,1.7374393874725058e-6,5.7745801008986265e-6,1.7374393874725058e-6,NaN,diag_feasible,0,0,0,0,0,0,2,2.1834731132791743e-14,1.12.6,lbt,1,1,Intel(R) Core(TM) 7 150U,NT,6407b28
degen-r20-m1-d0.01-p2,100,Dykstra-APM,1e-7*n,9.999999999999999e-6,45,45,0.0451672,0.0422527,93.54730866646594,0.0,0.0,0.0,0.0,0.0019848,0.0,0.0009297000000000003,0.4043137078201475,2.182917174356006e-5,-3.383401640302444e-15,1.3775771150470462e-6,1.3775771150470462e-6,9.676727916354006e-6,1.3775771150470462e-6,NaN,diag_feasible,0,0,0,0,0,0,45,2.1834731132791743e-14,1.12.6,lbt,1,1,Intel(R) Core(TM) 7 150U,NT,6407b28
degen-r20-m1-d0.01-p2,100,Anderson-APM,1e-7*n,9.999999999999999e-6,13,13,0.0155824,0.0132408,84.97278981414931,0.0,0.0,0.0,0.0,0.0,0.0018102,0.0005313999999999991,0.4043422246657446,1.2076367561708125e-5,-3.365376037343222e-15,1.2270873726016873e-6,1.2270873726016873e-6,5.612052852413615e-6,1.2270873726016873e-6,NaN,diag_feasible,0,0,0,0,0,0,13,2.1834731132791743e-14,1.12.6,lbt,1,1,Intel(R) Core(TM) 7 150U,NT,6407b28
degen-r20-m1-d0.01-p3,100,SBB-Dual,1e-7*n,9.999999999999999e-6,20,21,0.0285546,0.0279406,97.8497334930274,2.85e-5,7.52e-5,7.9e-5,0.0,0.0,0.0,0.0004313,0.4046229549555431,9.774669933859067e-6,-3.237578248894221e-15,1.4993317625222602e-6,0.0,9.24542838722218e-6,1.4993317625222602e-6,100.0,diag_feasible,0,0,0,0,0,0,20,1.842936780121819e-14,1.12.6,lbt,1,1,Intel(R) Core(TM) 7 150U,NT,6407b28
degen-r20-m1-d0.01-p3,100,Newton-SIN-BH,1e-7*n,9.999999999999999e-6,3,4,0.0081899,0.0066057,80.6566624745113,0.0,4.7e-6,0.0,0.0013613,0.0,0.0,0.0002182,0.4046229548264138,7.979308933771403e-11,-3.5387251726573575e-15,1.6898704657819508e-11,1.6898704657819508e-11,4.6616230643853075e-11,1.6898704657819508e-11,NaN,converged,13,13,0,0,0,0,3,1.842936780121819e-14,1.12.6,lbt,1,1,Intel(R) Core(TM) 7 150U,NT,6407b28
degen-r20-m1-d0.01-p3,100,Newton-SIN,1e-7*n,9.999999999999999e-6,3,7,0.0091171,0.0080582,88.38556119818803,0.0,4.0e-6,0.0,0.0009165,0.0,0.0,0.00013839999999999968,0.4046229548264138,7.979308933771403e-11,-3.5387251726573575e-15,1.6898704657819508e-11,1.6898704657819508e-11,4.6616230643853075e-11,1.6898704657819508e-11,NaN,converged,13,13,0,0,0,0,3,1.842936780121819e-14,1.12.6,lbt,1,1,Intel(R) Core(TM) 7 150U,NT,6407b28
degen-r20-m1-d0.01-p3,100,AGD-SDAJ-BH,1e-7*n,9.999999999999999e-6,3,15,0.0217497,0.021406,98.41974831836761,0.0,1.36e-5,0.0,0.0,0.0,0.0,0.00033009999999999886,0.404618524598313,6.672083555125189e-6,-3.352915923021096e-15,1.5098728433082798e-6,1.5098728433082798e-6,3.5867730542559695e-6,1.5098728433082798e-6,NaN,diag_feasible_at_xpre,0,0,0,0,0,0,3,1.842936780121819e-14,1.12.6,lbt,1,1,Intel(R) Core(TM) 7 150U,NT,6407b28
degen-r20-m1-d0.01-p3,100,AGD-SDAJ,1e-7*n,9.999999999999999e-6,3,15,0.0159028,0.015648,98.39776643106873,0.0,8.0e-6,0.0,0.0,0.0,0.0,0.00024680000000000296,0.404618524598313,6.672083555125189e-6,-3.352915923021096e-15,1.5098728433082798e-6,1.5098728433082798e-6,3.5867730542559695e-6,1.5098728433082798e-6,NaN,diag_feasible_at_xpre,0,0,0,0,0,0,3,1.842936780121819e-14,1.12.6,lbt,1,1,Intel(R) Core(TM) 7 150U,NT,6407b28
degen-r20-m1-d0.01-p3,100,Dykstra-APM,1e-7*n,9.999999999999999e-6,45,45,0.053123,0.0498099,93.76334167874555,0.0,0.0,0.0,0.0,0.0021865,0.0,0.0011265999999999993,0.40460448991514203,2.1522153921930687e-5,-3.07301940743387e-15,1.5422558798938724e-6,1.5422558798938724e-6,9.542339741714526e-6,1.5422558798938724e-6,NaN,diag_feasible,0,0,0,0,0,0,45,1.842936780121819e-14,1.12.6,lbt,1,1,Intel(R) Core(TM) 7 150U,NT,6407b28
degen-r20-m1-d0.01-p3,100,Anderson-APM,1e-7*n,9.999999999999999e-6,13,13,0.0196135,0.0164575,83.90904224131339,0.0,0.0,0.0,0.0,0.0,0.0024197,0.0007362999999999992,0.4046325447487071,1.2118099772840744e-5,-3.590046693745386e-15,1.33524956269504e-6,1.33524956269504e-6,5.648525708514246e-6,1.33524956269504e-6,NaN,diag_feasible,0,0,0,0,0,0,13,1.842936780121819e-14,1.12.6,lbt,1,1,Intel(R) Core(TM) 7 150U,NT,6407b28
degen-r20-m1-d0.01-p4,100,SBB-Dual,1e-7*n,9.999999999999999e-6,20,21,0.0196553,0.0193323,98.35667733384888,1.5e-5,9.9e-6,3.69e-5,0.0,0.0,0.0,0.0002612000000000004,0.4044420439388145,9.789004485434053e-6,-3.4998279043772285e-15,1.6053182370079355e-6,0.0,9.629738804001758e-6,1.6053182370079355e-6,100.0,diag_feasible,0,0,0,0,0,0,20,1.9146117149304423e-14,1.12.6,lbt,1,1,Intel(R) Core(TM) 7 150U,NT,6407b28
degen-r20-m1-d0.01-p4,100,Newton-SIN-BH,1e-7*n,9.999999999999999e-6,3,4,0.0053579,0.0042986,80.22919427387596,0.0,3.9e-6,0.0,0.0008982,0.0,0.0,0.00015719999999999992,0.4044420437904726,3.1345414944130135e-10,-3.4652414899134525e-15,6.751044168140652e-11,6.751044168140652e-11,1.8250802807245735e-10,6.751044168140652e-11,NaN,converged,13,13,0,0,0,0,3,1.9146117149304423e-14,1.12.6,lbt,1,1,Intel(R) Core(TM) 7 150U,NT,6407b28
degen-r20-m1-d0.01-p4,100,Newton-SIN,1e-7*n,9.999999999999999e-6,3,7,0.0132832,0.0117737,88.63602144061672,0.0,4.4e-6,0.0,0.0013233,0.0,0.0,0.0001818000000000004,0.4044420437904726,3.1345414944130135e-10,-3.4652414899134525e-15,6.751044168140652e-11,6.751044168140652e-11,1.8250802807245735e-10,6.751044168140652e-11,NaN,converged,13,13,0,0,0,0,3,1.9146117149304423e-14,1.12.6,lbt,1,1,Intel(R) Core(TM) 7 150U,NT,6407b28
degen-r20-m1-d0.01-p4,100,AGD-SDAJ-BH,1e-7*n,9.999999999999999e-6,2,13,0.0209527,0.020664500000000002,98.62452094479471,0.0,1.03e-5,0.0,0.0,0.0,0.0,0.0002778999999999989,0.4044322824185894,1.564021502095427e-5,-3.114415504589533e-15,3.618595903587263e-6,3.618595903587263e-6,8.430236418554596e-6,3.618595903587263e-6,NaN,diag_feasible,0,0,0,0,0,0,2,1.9146117149304423e-14,1.12.6,lbt,1,1,Intel(R) Core(TM) 7 150U,NT,6407b28
degen-r20-m1-d0.01-p4,100,AGD-SDAJ,1e-7*n,9.999999999999999e-6,2,13,0.0129315,0.0127319,98.45648223330628,0.0,6.2e-6,0.0,0.0,0.0,0.0,0.00019339999999999944,0.4044322824185894,1.564021502095427e-5,-3.114415504589533e-15,3.618595903587263e-6,3.618595903587263e-6,8.430236418554596e-6,3.618595903587263e-6,NaN,diag_feasible,0,0,0,0,0,0,2,1.9146117149304423e-14,1.12.6,lbt,1,1,Intel(R) Core(TM) 7 150U,NT,6407b28
degen-r20-m1-d0.01-p4,100,Dykstra-APM,1e-7*n,9.999999999999999e-6,45,45,0.0448971,0.0419372,93.40736929556697,0.0,0.0,0.0,0.0,0.0020242,0.0,0.0009357000000000015,0.404422959341107,2.2305430964361177e-5,-3.189305377718827e-15,1.6385197190160739e-6,1.6385197190160739e-6,9.87365971926192e-6,1.6385197190160739e-6,NaN,diag_feasible,0,0,0,0,0,0,45,1.9146117149304423e-14,1.12.6,lbt,1,1,Intel(R) Core(TM) 7 150U,NT,6407b28
degen-r20-m1-d0.01-p4,100,Anderson-APM,1e-7*n,9.999999999999999e-6,13,13,0.0175635,0.0148257,84.41199077632592,0.0,0.0,0.0,0.0,0.0,0.0021666,0.0005711999999999987,0.40445299655318273,1.3879810647288485e-5,-3.103076357987163e-15,1.4979340139387176e-6,1.4979340139387176e-6,6.522152622663477e-6,1.4979340139387176e-6,NaN,diag_feasible,0,0,0,0,0,0,13,1.9146117149304423e-14,1.12.6,lbt,1,1,Intel(R) Core(TM) 7 150U,NT,6407b28
degen-r20-m1-d0.0001-p0,100,SBB-Dual,1e-7*n,9.999999999999999e-6,20,21,0.0276787,0.027249000000000002,98.44754269528555,2.8e-5,1.75e-5,3.6e-5,0.0,0.0,0.0,0.00034819999999999816,0.40567521350394803,8.163765404403049e-6,-3.701099238670118e-15,1.3903287239269702e-6,0.0,8.229958746360989e-6,1.3903287239269702e-6,100.0,diag_feasible,0,0,0,0,0,0,20,2.4919499269220182e-14,1.12.6,lbt,1,1,Intel(R) Core(TM) 7 150U,NT,6407b28
degen-r20-m1-d0.0001-p0,100,Newton-SIN-BH,1e-7*n,9.999999999999999e-6,3,4,0.008226,0.0066805,81.2120106977875,0.0,5.2e-6,0.0,0.0013103,0.0,0.0,0.00023000000000000104,0.4056752134118957,1.5869477042068595e-9,-3.484705477918254e-15,4.4478931648939124e-10,4.4478931648939124e-10,9.652305679467698e-10,4.4478931648939124e-10,NaN,converged,12,12,0,0,0,0,3,2.4919499269220182e-14,1.12.6,lbt,1,1,Intel(R) Core(TM) 7 150U,NT,6407b28
degen-r20-m1-d0.0001-p0,100,Newton-SIN,1e-7*n,9.999999999999999e-6,3,7,0.0119219,0.010541700000000001,88.42298626896721,0.0,5.9e-6,0.0,0.0011925,0.0,0.0,0.00018179999999999802,0.4056752134118957,1.5869477042068595e-9,-3.484705477918254e-15,4.4478931648939124e-10,4.4478931648939124e-10,9.652305679467698e-10,4.4478931648939124e-10,NaN,converged,12,12,0,0,0,0,3,2.4919499269220182e-14,1.12.6,lbt,1,1,Intel(R) Core(TM) 7 150U,NT,6407b28
degen-r20-m1-d0.0001-p0,100,AGD-SDAJ-BH,1e-7*n,9.999999999999999e-6,3,15,0.0150888,0.0148713,98.55853348178782,0.0,8.2e-6,0.0,0.0,0.0,0.0,0.00020929999999999893,0.4056832235096502,1.3785697141804135e-5,-3.467926126158821e-15,2.800186237106317e-6,2.800186237106317e-6,7.757871718525584e-6,2.800186237106317e-6,NaN,diag_feasible_at_xpre,0,0,0,0,0,0,3,2.4919499269220182e-14,1.12.6,lbt,1,1,Intel(R) Core(TM) 7 150U,NT,6407b28
degen-r20-m1-d0.0001-p0,100,AGD-SDAJ,1e-7*n,9.999999999999999e-6,3,15,0.0155194,0.015285199999999999,98.49092104076188,0.0,7.5e-6,0.0,0.0,0.0,0.0,0.0002267000000000004,0.4056832235096502,1.3785697141804135e-5,-3.467926126158821e-15,2.800186237106317e-6,2.800186237106317e-6,7.757871718525584e-6,2.800186237106317e-6,NaN,diag_feasible_at_xpre,0,0,0,0,0,0,3,2.4919499269220182e-14,1.12.6,lbt,1,1,Intel(R) Core(TM) 7 150U,NT,6407b28
degen-r20-m1-d0.0001-p0,100,Dykstra-APM,1e-7*n,9.999999999999999e-6,45,45,0.0562618,0.0529827,94.17171153429148,0.0,0.0,0.0,0.0,0.0021918,0.0,0.0010873000000000002,0.40565865717360033,1.9448669166487413e-5,-3.85619114267536e-15,1.4547176003798512e-6,1.4547176003798512e-6,8.60247273727628e-6,1.4547176003798512e-6,NaN,diag_feasible,0,0,0,0,0,0,45,2.4919499269220182e-14,1.12.6,lbt,1,1,Intel(R) Core(TM) 7 150U,NT,6407b28
degen-r20-m1-d0.0001-p0,100,Anderson-APM,1e-7*n,9.999999999999999e-6,13,13,0.0141506,0.0118773,83.93495682161887,0.0,0.0,0.0,0.0,0.0,0.0017744,0.000498899999999999,0.4056819140575324,1.782981216000305e-5,-3.2525210542281778e-15,5.146043285275681e-6,5.146043285275681e-6,9.455423661122687e-6,5.146043285275681e-6,NaN,diag_feasible,0,0,0,0,0,0,13,2.4919499269220182e-14,1.12.6,lbt,1,1,Intel(R) Core(TM) 7 150U,NT,6407b28
degen-r20-m1-d0.0001-p1,100,SBB-Dual,1e-7*n,9.999999999999999e-6,20,21,0.0260011,0.0254776,97.98662364284587,2.5e-5,1.54e-5,3.25e-5,0.0,0.0,0.0,0.00045059999999999973,0.39907222845861,9.267996016378445e-6,-3.1616907734572967e-15,1.5542379869781797e-6,0.0,9.33277175194148e-6,1.5542379869781797e-6,100.0,diag_feasible,0,0,0,0,0,0,20,4.6555955224363624e-14,1.12.6,lbt,1,1,Intel(R) Core(TM) 7 150U,NT,6407b28
degen-r20-m1-d0.0001-p1,100,Newton-SIN-BH,1e-7*n,9.999999999999999e-6,3,4,0.0062047,0.005047299999999999,81.34639869776136,0.0,3.6e-6,0.0,0.0009679,0.0,0.0,0.00018590000000000013,0.3990722283267517,2.2019156910759897e-9,-3.6480956171433795e-15,6.999512081051762e-10,6.999512081051762e-10,1.3085383268843896e-9,6.999512081051762e-10,NaN,converged,12,12,0,0,0,0,3,4.6555955224363624e-14,1.12.6,lbt,1,1,Intel(R) Core(TM) 7 150U,NT,6407b28
degen-r20-m1-d0.0001-p1,100,Newton-SIN,1e-7*n,9.999999999999999e-6,3,7,0.0156153,0.0138216,88.51318898772358,0.0,6.9e-6,0.0,0.0015679,0.0,0.0,0.0002189000000000006,0.3990722283267517,2.2019156910759897e-9,-3.6480956171433795e-15,6.999512081051762e-10,6.999512081051762e-10,1.3085383268843896e-9,6.999512081051762e-10,NaN,converged,12,12,0,0,0,0,3,4.6555955224363624e-14,1.12.6,lbt,1,1,Intel(R) Core(TM) 7 150U,NT,6407b28
degen-r20-m1-d0.0001-p1,100,AGD-SDAJ-BH,1e-7*n,9.999999999999999e-6,2,13,0.0133336,0.0131296,98.47003059938801,0.0,8.1e-6,0.0,0.0,0.0,0.0,0.00019589999999999931,0.39907357085733236,4.132299765654829e-6,-3.5142345787098463e-15,8.753828633079053e-7,8.753828633079053e-7,2.3388943344950774e-6,8.753828633079053e-7,NaN,diag_feasible,0,0,0,0,0,0,2,4.6555955224363624e-14,1.12.6,lbt,1,1,Intel(R) Core(TM) 7 150U,NT,6407b28
degen-r20-m1-d0.0001-p1,100,AGD-SDAJ,1e-7*n,9.999999999999999e-6,2,13,0.0186225,0.0183399,98.48248086991542,0.0,1.11e-5,0.0,0.0,0.0,0.0,0.0002715000000000009,0.39907357085733236,4.132299765654829e-6,-3.5142345787098463e-15,8.753828633079053e-7,8.753828633079053e-7,2.3388943344950774e-6,8.753828633079053e-7,NaN,diag_feasible,0,0,0,0,0,0,2,4.6555955224363624e-14,1.12.6,lbt,1,1,Intel(R) Core(TM) 7 150U,NT,6407b28
degen-r20-m1-d0.0001-p1,100,Dykstra-APM,1e-7*n,9.999999999999999e-6,45,45,0.044671,0.041927,93.85731235029438,0.0,0.0,0.0,0.0,0.0017848,0.0,0.0009592000000000034,0.39905340017974766,2.1664576239024282e-5,-3.3629658345367654e-15,1.5937131552234973e-6,1.5937131552234973e-6,9.60666059064825e-6,1.5937131552234973e-6,NaN,diag_feasible,0,0,0,0,0,0,45,4.6555955224363624e-14,1.12.6,lbt,1,1,Intel(R) Core(TM) 7 150U,NT,6407b28
degen-r20-m1-d0.0001-p1,100,Anderson-APM,1e-7*n,9.999999999999999e-6,13,13,0.0162325,0.0120325,74.12598182658246,0.0,0.0,0.0,0.0,0.0,0.0036588,0.0005412000000000008,0.39907613023104993,5.555962218966891e-6,-3.2480562761626477e-15,9.537074199261752e-7,9.537074199261752e-7,2.736024744509315e-6,9.537074199261752e-7,NaN,diag_feasible,0,0,0,0,0,0,13,4.6555955224363624e-14,1.12.6,lbt,1,1,Intel(R) Core(TM) 7 150U,NT,6407b28
degen-r20-m1-d0.0001-p2,100,SBB-Dual,1e-7*n,9.999999999999999e-6,20,21,0.0276123,0.0271516,98.33154065398392,2.31e-5,1.44e-5,3.7e-5,0.0,0.0,0.0,0.0003861999999999979,0.4060405605313972,7.10716787744713e-6,-3.8855380492746866e-15,1.0982402092185595e-6,0.0,7.632319837454275e-6,1.0982402092185595e-6,100.0,diag_feasible,0,0,0,0,0,0,20,1.946534750624728e-14,1.12.6,lbt,1,1,Intel(R) Core(TM) 7 150U,NT,6407b28
degen-r20-m1-d0.0001-p2,100,Newton-SIN-BH,1e-7*n,9.999999999999999e-6,3,4,0.0081829,0.0066262,80.97618203815273,0.0,6.0e-6,0.0,0.0012928,0.0,0.0,0.00025790000000000036,0.40604056046393017,7.448605419217316e-10,-3.1867313391075007e-15,2.0991630655942117e-10,2.0991630655942117e-10,4.3885464924056245e-10,2.0991630655942117e-10,NaN,converged,12,12,0,0,0,0,3,1.946534750624728e-14,1.12.6,lbt,1,1,Intel(R) Core(TM) 7 150U,NT,6407b28
degen-r20-m1-d0.0001-p2,100,Newton-SIN,1e-7*n,9.999999999999999e-6,3,7,0.0122521,0.010864299999999999,88.6729621860742,0.0,5.2e-6,0.0,0.0012016,0.0,0.0,0.0001810000000000017,0.40604056046393017,7.448605419217316e-10,-3.1867313391075007e-15,2.0991630655942117e-10,2.0991630655942117e-10,4.3885464924056245e-10,2.0991630655942117e-10,NaN,converged,12,12,0,0,0,0,3,1.946534750624728e-14,1.12.6,lbt,1,1,Intel(R) Core(TM) 7 150U,NT,6407b28
degen-r20-m1-d0.0001-p2,100,AGD-SDAJ-BH,1e-7*n,9.999999999999999e-6,3,15,0.0144522,0.0142213,98.40231937006129,0.0,7.3e-6,0.0,0.0,0.0,0.0,0.0002236000000000009,0.4060469062792311,1.0619349404300993e-5,-3.824903565571468e-15,3.124056906389505e-6,3.124056906389505e-6,6.022413723188713e-6,3.124056906389505e-6,NaN,diag_feasible_at_xpre,0,0,0,0,0,0,3,1.946534750624728e-14,1.12.6,lbt,1,1,Intel(R) Core(TM) 7 150U,NT,6407b28
degen-r20-m1-d0.0001-p2,100,AGD-SDAJ,1e-7*n,9.999999999999999e-6,3,15,0.020655,0.02036,98.57177438876785,0.0,1.03e-5,0.0,0.0,0.0,0.0,0.00028470000000000014,0.4060469062792311,1.0619349404300993e-5,-3.824903565571468e-15,3.124056906389505e-6,3.124056906389505e-6,6.022413723188713e-6,3.124056906389505e-6,NaN,diag_feasible_at_xpre,0,0,0,0,0,0,3,1.946534750624728e-14,1.12.6,lbt,1,1,Intel(R) Core(TM) 7 150U,NT,6407b28
degen-r20-m1-d0.0001-p2,100,Dykstra-APM,1e-7*n,9.999999999999999e-6,45,45,0.0524139,0.0490881,93.6547366252082,0.0,0.0,0.0,0.0,0.0022599,0.0,0.0010658999999999968,0.40602499196054315,1.820599396843715e-5,-3.0966295037742317e-15,1.1664855170678834e-6,1.1664855170678834e-6,8.070840712277053e-6,1.1664855170678834e-6,NaN,diag_feasible,0,0,0,0,0,0,45,1.946534750624728e-14,1.12.6,lbt,1,1,Intel(R) Core(TM) 7 150U,NT,6407b28
degen-r20-m1-d0.0001-p2,100,Anderson-APM,1e-7*n,9.999999999999999e-6,12,12,0.0143998,0.0121628,84.4650620147502,0.0,0.0,0.0,0.0,0.0,0.0017187,0.000518300000000001,0.4060429265455925,1.4585201386683923e-5,-3.4114524464248763e-15,3.329031973309249e-6,3.329031973309249e-6,8.109365854559355e-6,3.329031973309249e-6,NaN,diag_feasible,0,0,0,0,0,0,12,1.946534750624728e-14,1.12.6,lbt,1,1,Intel(R) Core(TM) 7 150U,NT,6407b28
degen-r20-m1-d0.0001-p3,100,SBB-Dual,1e-7*n,9.999999999999999e-6,20,21,0.0202596,0.019954,98.49157930067722,1.59e-5,9.1e-6,3.25e-5,0.0,0.0,0.0,0.00024809999999999963,0.40635950423498474,7.665143658846085e-6,-3.4986732022429366e-15,1.1993546551458678e-6,0.0,7.2516303137208194e-6,1.1993546551458678e-6,100.0,diag_feasible,0,0,0,0,0,0,20,2.3688111419972277e-14,1.12.6,lbt,1,1,Intel(R) Core(TM) 7 150U,NT,6407b28
degen-r20-m1-d0.0001-p3,100,Newton-SIN-BH,1e-7*n,9.999999999999999e-6,3,4,0.0053515,0.004287399999999999,80.11585536765392,0.0,3.5e-6,0.0,0.0008999,0.0,0.0,0.00016070000000000092,0.4063595041472786,2.573216637453298e-10,-3.0537182148577153e-15,8.255152117442321e-11,8.255152117442321e-11,1.4541254769827857e-10,8.255152117442321e-11,NaN,converged,13,13,0,0,0,0,3,2.3688111419972277e-14,1.12.6,lbt,1,1,Intel(R) Core(TM) 7 150U,NT,6407b28
degen-r20-m1-d0.0001-p3,100,Newton-SIN,1e-7*n,9.999999999999999e-6,3,7,0.0094335,0.008310999999999999,88.1009169449303,0.0,4.3e-6,0.0,0.0009707,0.0,0.0,0.00014750000000000017,0.4063595041472786,2.573216637453298e-10,-3.0537182148577153e-15,8.255152117442321e-11,8.255152117442321e-11,1.4541254769827857e-10,8.255152117442321e-11,NaN,converged,13,13,0,0,0,0,3,2.3688111419972277e-14,1.12.6,lbt,1,1,Intel(R) Core(TM) 7 150U,NT,6407b28
degen-r20-m1-d0.0001-p3,100,AGD-SDAJ-BH,1e-7*n,9.999999999999999e-6,3,15,0.0162383,0.0159891,98.46535659521008,0.0,8.9e-6,0.0,0.0,0.0,0.0,0.0002403000000000015,0.4063647900862025,8.744563215019291e-6,-3.728226473817493e-15,2.9901343188143414e-6,2.9901343188143414e-6,4.956270819062616e-6,2.9901343188143414e-6,NaN,diag_feasible_at_xpre,0,0,0,0,0,0,3,2.3688111419972277e-14,1.12.6,lbt,1,1,Intel(R) Core(TM) 7 150U,NT,6407b28
degen-r20-m1-d0.0001-p3,100,AGD-SDAJ,1e-7*n,9.999999999999999e-6,3,15,0.0187874,0.0185128,98.53838210715693,0.0,9.6e-6,0.0,0.0,0.0,0.0,0.00026499999999999983,0.4063647900862025,8.744563215019291e-6,-3.728226473817493e-15,2.9901343188143414e-6,2.9901343188143414e-6,4.956270819062616e-6,2.9901343188143414e-6,NaN,diag_feasible_at_xpre,0,0,0,0,0,0,3,2.3688111419972277e-14,1.12.6,lbt,1,1,Intel(R) Core(TM) 7 150U,NT,6407b28
degen-r20-m1-d0.0001-p3,100,Dykstra-APM,1e-7*n,9.999999999999999e-6,44,44,0.0614552,0.0572196,93.10782488707221,0.0,0.0,0.0,0.0,0.0030194,0.0,0.0012161999999999989,0.40634098645588873,2.1691338785970516e-5,-3.803291593426958e-15,1.5990308248614582e-6,1.5990308248614582e-6,9.617975088114867e-6,1.5990308248614582e-6,NaN,diag_feasible,0,0,0,0,0,0,44,2.3688111419972277e-14,1.12.6,lbt,1,1,Intel(R) Core(TM) 7 150U,NT,6407b28
degen-r20-m1-d0.0001-p3,100,Anderson-APM,1e-7*n,9.999999999999999e-6,12,12,0.0133839,0.0112148,83.7932142350137,0.0,0.0,0.0,0.0,0.0,0.0016376,0.0005315000000000003,0.4063618255873689,1.5854486953185963e-5,-3.312592091275962e-15,4.443395870357136e-6,4.443395870357136e-6,8.752173178350363e-6,4.443395870357136e-6,NaN,diag_feasible,0,0,0,0,0,0,12,2.3688111419972277e-14,1.12.6,lbt,1,1,Intel(R) Core(TM) 7 150U,NT,6407b28
degen-r20-m1-d0.0001-p4,100,SBB-Dual,1e-7*n,9.999999999999999e-6,20,21,0.0204184,0.020093600000000003,98.40927790620228,1.7e-5,1.01e-5,3.7e-5,0.0,0.0,0.0,0.0002606999999999967,0.40616452336837083,7.791162593796783e-6,-3.795454082979895e-15,1.2880605126941447e-6,0.0,7.665065974447051e-6,1.2880605126941447e-6,100.0,diag_feasible,0,0,0,0,0,0,20,1.654083276753641e-14,1.12.6,lbt,1,1,Intel(R) Core(TM) 7 150U,NT,6407b28
degen-r20-m1-d0.0001-p4,100,Newton-SIN-BH,1e-7*n,9.999999999999999e-6,3,4,0.0062302,0.0051751,83.06474912522873,0.0,3.3e-6,0.0,0.0009047,0.0,0.0,0.00014709999999999984,0.406164523270781,4.192201267218173e-10,-3.202538862190377e-15,8.433365117355152e-11,8.433365117355152e-11,2.475528223286944e-10,8.433365117355152e-11,NaN,converged,13,13,0,0,0,0,3,1.654083276753641e-14,1.12.6,lbt,1,1,Intel(R) Core(TM) 7 150U,NT,6407b28
degen-r20-m1-d0.0001-p4,100,Newton-SIN,1e-7*n,9.999999999999999e-6,3,7,0.0102689,0.0091094,88.7086250718188,0.0,3.6e-6,0.0,0.0010062,0.0,0.0,0.00014969999999999892,0.406164523270781,4.192201267218173e-10,-3.202538862190377e-15,8.433365117355152e-11,8.433365117355152e-11,2.475528223286944e-10,8.433365117355152e-11,NaN,converged,13,13,0,0,0,0,3,1.654083276753641e-14,1.12.6,lbt,1,1,Intel(R) Core(TM) 7 150U,NT,6407b28
degen-r20-m1-d0.0001-p4,100,AGD-SDAJ-BH,1e-7*n,9.999999999999999e-6,2,13,0.0139134,0.0136993,98.46119568186064,0.0,8.1e-6,0.0,0.0,0.0,0.0,0.00020600000000000005,0.40617801320399577,1.961799731422618e-5,-3.197791504814344e-15,3.5665705390153235e-6,3.5665705390153235e-6,9.875628730786248e-6,3.5665705390153235e-6,NaN,diag_feasible,0,0,0,0,0,0,2,1.654083276753641e-14,1.12.6,lbt,1,1,Intel(R) Core(TM) 7 150U,NT,6407b28
degen-r20-m1-d0.0001-p4,100,AGD-SDAJ,1e-7*n,9.999999999999999e-6,2,13,0.0204622,0.0201503,98.4757259727693,0.0,1.1e-5,0.0,0.0,0.0,0.0,0.0003009000000000004,0.40617801320399577,1.961799731422618e-5,-3.197791504814344e-15,3.5665705390153235e-6,3.5665705390153235e-6,9.875628730786248e-6,3.5665705390153235e-6,NaN,diag_feasible,0,0,0,0,0,0,2,1.654083276753641e-14,1.12.6,lbt,1,1,Intel(R) Core(TM) 7 150U,NT,6407b28
degen-r20-m1-d0.0001-p4,100,Dykstra-APM,1e-7*n,9.999999999999999e-6,45,45,0.0450817,0.0421154,93.4201682722701,0.0,0.0,0.0,0.0,0.0020513,0.0,0.0009150000000000052,0.40614895388685185,1.829703844865724e-5,-3.273106630404836e-15,1.359829918445854e-6,1.359829918445854e-6,8.099505396475475e-6,1.359829918445854e-6,NaN,diag_feasible,0,0,0,0,0,0,45,1.654083276753641e-14,1.12.6,lbt,1,1,Intel(R) Core(TM) 7 150U,NT,6407b28
degen-r20-m1-d0.0001-p4,100,Anderson-APM,1e-7*n,9.999999999999999e-6,12,12,0.0219212,0.017595,80.26476652737989,0.0,0.0,0.0,0.0,0.0,0.0027073,0.0016188999999999986,0.40616672071746784,1.4390711951929436e-5,-3.0273853206728156e-15,3.977584589698324e-6,3.977584589698324e-6,7.972269037043107e-6,3.977584589698324e-6,NaN,diag_feasible,0,0,0,0,0,0,12,1.654083276753641e-14,1.12.6,lbt,1,1,Intel(R) Core(TM) 7 150U,NT,6407b28
degen-r20-m1-d1e-06-p0,100,SBB-Dual,1e-7*n,9.999999999999999e-6,20,21,0.0276877,0.0272466,98.40687381039234,2.36e-5,1.57e-5,3.48e-5,0.0,0.0,0.0,0.00036699999999999987,0.40569300448929724,7.3337210480066245e-6,-3.3657045140674735e-15,1.3012401973711007e-6,0.0,7.162323657786397e-6,1.3012401973711007e-6,100.0,diag_feasible,0,0,0,0,0,0,20,3.1840956338972816e-14,1.12.6,lbt,1,1,Intel(R) Core(TM) 7 150U,NT,6407b28
degen-r20-m1-d1e-06-p0,100,Newton-SIN-BH,1e-7*n,9.999999999999999e-6,3,4,0.0049448,0.0038781,78.42784339103706,0.0,3.0e-6,0.0,0.000917,0.0,0.0,0.00014669999999999993,0.40569285498933466,3.7282120317512845e-7,-3.558891229495545e-15,1.5145564780105758e-7,1.5145564780105758e-7,2.130631936071791e-7,1.5145564780105758e-7,NaN,converged,13,13,0,0,0,0,3,3.1840956338972816e-14,1.12.6,lbt,1,1,Intel(R) Core(TM) 7 150U,NT,6407b28
degen-r20-m1-d1e-06-p0,100,Newton-SIN,1e-7*n,9.999999999999999e-6,3,7,0.0090169,0.007931200000000001,87.95927646974017,0.0,3.4e-6,0.0,0.0009525,0.0,0.0,0.0001297999999999985,0.40569285498933466,3.7282120317512845e-7,-3.558891229495545e-15,1.5145564780105758e-7,1.5145564780105758e-7,2.130631936071791e-7,1.5145564780105758e-7,NaN,converged,13,13,0,0,0,0,3,3.1840956338972816e-14,1.12.6,lbt,1,1,Intel(R) Core(TM) 7 150U,NT,6407b28
degen-r20-m1-d1e-06-p0,100,AGD-SDAJ-BH,1e-7*n,9.999999999999999e-6,3,15,0.0187313,0.018439300000000002,98.44111193563717,0.0,1.0e-5,0.0,0.0,0.0,0.0,0.0002819999999999971,0.4057010343036155,1.3790083079292659e-5,-3.53132424747811e-15,2.8422120450510846e-6,2.8422120450510846e-6,7.750630545858577e-6,2.8422120450510846e-6,NaN,diag_feasible_at_xpre,0,0,0,0,0,0,3,3.1840956338972816e-14,1.12.6,lbt,1,1,Intel(R) Core(TM) 7 150U,NT,6407b28
degen-r20-m1-d1e-06-p0,100,AGD-SDAJ,1e-7*n,9.999999999999999e-6,3,15,0.0243608,0.0240011,98.52344750582905,0.0,1.41e-5,0.0,0.0,0.0,0.0,0.0003455999999999975,0.4057010343036155,1.3790083079292659e-5,-3.53132424747811e-15,2.8422120450510846e-6,2.8422120450510846e-6,7.750630545858577e-6,2.8422120450510846e-6,NaN,diag_feasible_at_xpre,0,0,0,0,0,0,3,3.1840956338972816e-14,1.12.6,lbt,1,1,Intel(R) Core(TM) 7 150U,NT,6407b28
degen-r20-m1-d1e-06-p0,100,Dykstra-APM,1e-7*n,9.999999999999999e-6,44,44,0.0463021,0.0435287,94.01020688046545,0.0,0.0,0.0,0.0,0.0018741,0.0,0.0008993000000000022,0.40567467964292275,2.1340020656958927e-5,-3.209038077123701e-15,1.7273672574535937e-6,1.7273672574535937e-6,9.586090241602698e-6,1.7273672574535937e-6,NaN,diag_feasible,0,0,0,0,0,0,44,3.1840956338972816e-14,1.12.6,lbt,1,1,Intel(R) Core(TM) 7 150U,NT,6407b28
degen-r20-m1-d1e-06-p0,100,Anderson-APM,1e-7*n,9.999999999999999e-6,13,13,0.0157758,0.0133132,84.39001508639817,0.0,0.0,0.0,0.0,0.0,0.0019292,0.0005333999999999988,0.4056993111325525,1.719474204505282e-5,-2.8997074153463577e-15,5.00245140244715e-6,5.00245140244715e-6,9.13079254746083e-6,5.00245140244715e-6,NaN,diag_feasible,0,0,0,0,0,0,13,3.1840956338972816e-14,1.12.6,lbt,1,1,Intel(R) Core(TM) 7 150U,NT,6407b28
degen-r20-m1-d1e-06-p1,100,SBB-Dual,1e-7*n,9.999999999999999e-6,20,21,0.0280805,0.027653,98.4775912109827,2.27e-5,1.37e-5,4.07e-5,0.0,0.0,0.0,0.00035040000000000077,0.3990763628674537,8.847167541440755e-6,-3.2513009751316195e-15,1.5217234172748562e-6,0.0,9.03085004626578e-6,1.5217234172748562e-6,100.0,diag_feasible,0,0,0,0,0,0,20,3.26988482268959e-14,1.12.6,lbt,1,1,Intel(R) Core(TM) 7 150U,NT,6407b28
degen-r20-m1-d1e-06-p1,100,Newton-SIN-BH,1e-7*n,9.999999999999999e-6,3,4,0.0078806,0.0061798,78.4178869629216,0.0,6.2e-6,0.0,0.0014762,0.0,0.0,0.00021839999999999967,0.3990763482239693,4.7560786058226064e-7,-3.4706691640636065e-15,2.7665482948968645e-7,2.7665482948968645e-7,2.7692620816048065e-7,2.7665482948968645e-7,NaN,converged,13,13,0,0,0,0,3,3.26988482268959e-14,1.12.6,lbt,1,1,Intel(R) Core(TM) 7 150U,NT,6407b28
degen-r20-m1-d1e-06-p1,100,Newton-SIN,1e-7*n,9.999999999999999e-6,3,7,0.0080451,0.0070446,87.56385874631763,0.0,2.7e-6,0.0,0.0008805,0.0,0.0,0.00011729999999999965,0.3990763482239693,4.7560786058226064e-7,-3.4706691640636065e-15,2.7665482948968645e-7,2.7665482948968645e-7,2.7692620816048065e-7,2.7665482948968645e-7,NaN,converged,13,13,0,0,0,0,3,3.26988482268959e-14,1.12.6,lbt,1,1,Intel(R) Core(TM) 7 150U,NT,6407b28
degen-r20-m1-d1e-06-p1,100,AGD-SDAJ-BH,1e-7*n,9.999999999999999e-6,2,13,0.0193899,0.0191055,98.53325700493556,0.0,1.03e-5,0.0,0.0,0.0,0.0,0.00027410000000000065,0.39907804229304394,4.190273567248794e-6,-2.738731342561497e-15,8.441406940118412e-7,8.441406940118412e-7,2.3321018161492767e-6,8.441406940118412e-7,NaN,diag_feasible,0,0,0,0,0,0,2,3.26988482268959e-14,1.12.6,lbt,1,1,Intel(R) Core(TM) 7 150U,NT,6407b28
degen-r20-m1-d1e-06-p1,100,AGD-SDAJ,1e-7*n,9.999999999999999e-6,2,13,0.0194578,0.0191771,98.55739086638776,0.0,9.5e-6,0.0,0.0,0.0,0.0,0.00027120000000000177,0.39907804229304394,4.190273567248794e-6,-2.738731342561497e-15,8.441406940118412e-7,8.441406940118412e-7,2.3321018161492767e-6,8.441406940118412e-7,NaN,diag_feasible,0,0,0,0,0,0,2,3.26988482268959e-14,1.12.6,lbt,1,1,Intel(R) Core(TM) 7 150U,NT,6407b28
degen-r20-m1-d1e-06-p1,100,Dykstra-APM,1e-7*n,9.999999999999999e-6,45,45,0.0451469,0.0424548,94.03702136802305,0.0,0.0,0.0,0.0,0.0017704,0.0,0.0009216999999999958,0.39905807507595453,2.0874045458841678e-5,-2.8475623071902345e-15,1.5662833150464905e-6,1.5662833150464905e-6,9.295789745471452e-6,1.5662833150464905e-6,NaN,diag_feasible,0,0,0,0,0,0,45,3.26988482268959e-14,1.12.6,lbt,1,1,Intel(R) Core(TM) 7 150U,NT,6407b28
degen-r20-m1-d1e-06-p1,100,Anderson-APM,1e-7*n,9.999999999999999e-6,13,13,0.0147048,0.0123721,84.13647244437192,0.0,0.0,0.0,0.0,0.0,0.0017785,0.0005542000000000001,0.39907870366564885,3.557553855415126e-6,-3.589545258261073e-15,5.644431487761281e-7,5.644431487761281e-7,1.7947856637911054e-6,5.644431487761281e-7,NaN,diag_feasible,0,0,0,0,0,0,13,3.26988482268959e-14,1.12.6,lbt,1,1,Intel(R) Core(TM) 7 150U,NT,6407b28
degen-r20-m1-d1e-06-p2,100,SBB-Dual,1e-7*n,9.999999999999999e-6,20,21,0.0212781,0.0209341,98.383314299679,1.62e-5,9.9e-6,3.18e-5,0.0,0.0,0.0,0.0002861000000000005,0.406058764608553,6.308542046756922e-6,-3.1457635412069333e-15,1.0093767921492969e-6,0.0,6.527835274445056e-6,1.0093767921492969e-6,100.0,diag_feasible,0,0,0,0,0,0,20,2.1399674797352445e-14,1.12.6,lbt,1,1,Intel(R) Core(TM) 7 150U,NT,6407b28
degen-r20-m1-d1e-06-p2,100,Newton-SIN-BH,1e-7*n,9.999999999999999e-6,2,3,0.0036633,0.0030972,84.54672017033822,0.0,2.5e-6,0.0,0.0004382,0.0,0.0,0.0001253999999999999,0.40605175684274486,1.569508657491128e-5,-3.335177669229354e-15,5.897195070492245e-6,5.897195070492245e-6,9.528057530523757e-6,5.897195070492245e-6,NaN,converged,6,6,0,0,0,0,2,2.1399674797352445e-14,1.12.6,lbt,1,1,Intel(R) Core(TM) 7 150U,NT,6407b28
degen-r20-m1-d1e-06-p2,100,Newton-SIN,1e-7*n,9.999999999999999e-6,2,5,0.0056497,0.0050737,89.80476839478204,0.0,2.6e-6,0.0,0.0004734,0.0,0.0,9.999999999999929e-5,0.40605175684274486,1.569508657491128e-5,-3.335177669229354e-15,5.897195070492245e-6,5.897195070492245e-6,9.528057530523757e-6,5.897195070492245e-6,NaN,converged,6,6,0,0,0,0,2,2.1399674797352445e-14,1.12.6,lbt,1,1,Intel(R) Core(TM) 7 150U,NT,6407b28
degen-r20-m1-d1e-06-p2,100,AGD-SDAJ-BH,1e-7*n,9.999999999999999e-6,3,15,0.014472,0.0142487,98.4570204532891,0.0,7.3e-6,0.0,0.0,0.0,0.0,0.00021600000000000094,0.40606507947765896,1.0599881725515183e-5,-2.9914461786748387e-15,3.0462884185178396e-6,3.0462884185178396e-6,6.013365276425419e-6,3.0462884185178396e-6,NaN,diag_feasible_at_xpre,0,0,0,0,0,0,3,2.1399674797352445e-14,1.12.6,lbt,1,1,Intel(R) Core(TM) 7 150U,NT,6407b28
degen-r20-m1-d1e-06-p2,100,AGD-SDAJ,1e-7*n,9.999999999999999e-6,3,15,0.0211781,0.0207343,97.90443901955324,0.0,1.22e-5,0.0,0.0,0.0,0.0,0.00043159999999999764,0.40606507947765896,1.0599881725515183e-5,-2.9914461786748387e-15,3.0462884185178396e-6,3.0462884185178396e-6,6.013365276425419e-6,3.0462884185178396e-6,NaN,diag_feasible_at_xpre,0,0,0,0,0,0,3,2.1399674797352445e-14,1.12.6,lbt,1,1,Intel(R) Core(TM) 7 150U,NT,6407b28
degen-r20-m1-d1e-06-p2,100,Dykstra-APM,1e-7*n,9.999999999999999e-6,44,44,0.0477622,0.0447424,93.67742691919553,0.0,0.0,0.0,0.0,0.0020366,0.0,0.0009831999999999961,0.40604172911486675,1.971319691135215e-5,-3.105497180570673e-15,1.370567810354828e-6,1.370567810354828e-6,8.888541337042894e-6,1.370567810354828e-6,NaN,diag_feasible,0,0,0,0,0,0,44,2.1399674797352445e-14,1.12.6,lbt,1,1,Intel(R) Core(TM) 7 150U,NT,6407b28
degen-r20-m1-d1e-06-p2,100,Anderson-APM,1e-7*n,9.999999999999999e-6,12,12,0.0177956,0.0146094,82.09557418687764,0.0,0.0,0.0,0.0,0.0,0.0022443,0.000941900000000002,0.4060610111585594,1.3691420600130218e-5,-3.35884211141274e-15,3.1934817779077918e-6,3.1934817779077918e-6,7.6110417846235564e-6,3.1934817779077918e-6,NaN,diag_feasible,0,0,0,0,0,0,12,2.1399674797352445e-14,1.12.6,lbt,1,1,Intel(R) Core(TM) 7 150U,NT,6407b28
degen-r20-m1-d1e-06-p3,100,SBB-Dual,1e-7*n,9.999999999999999e-6,20,21,0.028331,0.027903,98.48928735307615,2.16e-5,1.56e-5,4.44e-5,0.0,0.0,0.0,0.00034639999999999785,0.4063779935745113,6.5582460293172335e-6,-3.64315021933211e-15,1.0988511949250324e-6,0.0,6.052026615426848e-6,1.0988511949250324e-6,100.0,diag_feasible,0,0,0,0,0,0,20,2.4256022959809176e-14,1.12.6,lbt,1,1,Intel(R) Core(TM) 7 150U,NT,6407b28
degen-r20-m1-d1e-06-p3,100,Newton-SIN-BH,1e-7*n,9.999999999999999e-6,3,4,0.0068343,0.0056203,82.23665920430768,0.0,3.9e-6,0.0,0.0010006,0.0,0.0,0.00020949999999999983,0.40637783298976593,3.458661259794643e-7,-3.452590800821764e-15,9.193840022625466e-8,9.193840022625466e-8,1.852060166982e-7,9.193840022625466e-8,NaN,converged,13,13,0,0,0,0,3,2.4256022959809176e-14,1.12.6,lbt,1,1,Intel(R) Core(TM) 7 150U,NT,6407b28
degen-r20-m1-d1e-06-p3,100,Newton-SIN,1e-7*n,9.999999999999999e-6,3,7,0.0084616,0.007221699999999999,85.34674293277867,0.0,3.8e-6,0.0,0.001014,0.0,0.0,0.00022210000000000047,0.40637783298976593,3.458661259794643e-7,-3.452590800821764e-15,9.193840022625466e-8,9.193840022625466e-8,1.852060166982e-7,9.193840022625466e-8,NaN,converged,13,13,0,0,0,0,3,2.4256022959809176e-14,1.12.6,lbt,1,1,Intel(R) Core(TM) 7 150U,NT,6407b28
degen-r20-m1-d1e-06-p3,100,AGD-SDAJ-BH,1e-7*n,9.999999999999999e-6,3,15,0.0219593,0.0216862,98.7563355844676,0.0,1.07e-5,0.0,0.0,0.0,0.0,0.0002624000000000018,0.4063832367424405,8.726924046116102e-6,-3.394707637952704e-15,2.9545723601032137e-6,2.9545723601032137e-6,4.95279047407244e-6,2.9545723601032137e-6,NaN,diag_feasible_at_xpre,0,0,0,0,0,0,3,2.4256022959809176e-14,1.12.6,lbt,1,1,Intel(R) Core(TM) 7 150U,NT,6407b28
degen-r20-m1-d1e-06-p3,100,AGD-SDAJ,1e-7*n,9.999999999999999e-6,3,15,0.0147233,0.0144948,98.4480381436227,0.0,7.7e-6,0.0,0.0,0.0,0.0,0.00022079999999999954,0.4063832367424405,8.726924046116102e-6,-3.394707637952704e-15,2.9545723601032137e-6,2.9545723601032137e-6,4.95279047407244e-6,2.9545723601032137e-6,NaN,diag_feasible_at_xpre,0,0,0,0,0,0,3,2.4256022959809176e-14,1.12.6,lbt,1,1,Intel(R) Core(TM) 7 150U,NT,6407b28
degen-r20-m1-d1e-06-p3,100,Dykstra-APM,1e-7*n,9.999999999999999e-6,44,44,0.0471407,0.044169,93.69610548846326,0.0,0.0,0.0,0.0,0.0020014,0.0,0.0009703000000000008,0.40636197218406184,1.8477374533492727e-5,-3.147863431256375e-15,1.504084117254223e-6,1.504084117254223e-6,8.355963542521662e-6,1.504084117254223e-6,NaN,diag_feasible,0,0,0,0,0,0,44,2.4256022959809176e-14,1.12.6,lbt,1,1,Intel(R) Core(TM) 7 150U,NT,6407b28
degen-r20-m1-d1e-06-p3,100,Anderson-APM,1e-7*n,9.999999999999999e-6,12,12,0.0183029,0.0152194,83.15294297624966,0.0,0.0,0.0,0.0,0.0,0.002276,0.0008075000000000014,0.4063801650920959,1.4672506757327762e-5,-3.889406152270996e-15,4.097978793193846e-6,4.097978793193846e-6,8.100896645474066e-6,4.097978793193846e-6,NaN,diag_feasible,0,0,0,0,0,0,12,2.4256022959809176e-14,1.12.6,lbt,1,1,Intel(R) Core(TM) 7 150U,NT,6407b28
degen-r20-m1-d1e-06-p4,100,SBB-Dual,1e-7*n,9.999999999999999e-6,20,21,0.0196704,0.0193531,98.38691638197494,1.69e-5,9.2e-6,3.28e-5,0.0,0.0,0.0,0.00025839999999999956,0.40618286342405213,6.770433474870502e-6,-3.061196952479139e-15,1.1653957274759819e-6,0.0,6.4817432008590686e-6,1.1653957274759819e-6,100.0,diag_feasible,0,0,0,0,0,0,20,2.898362610852667e-14,1.12.6,lbt,1,1,Intel(R) Core(TM) 7 150U,NT,6407b28
degen-r20-m1-d1e-06-p4,100,Newton-SIN-BH,1e-7*n,9.999999999999999e-6,3,4,0.0058074,0.0046965,80.87095774356855,0.0,2.6e-6,0.0,0.0009566,0.0,0.0,0.00015169999999999973,0.406182707062128,3.6137498339376977e-7,-2.9314124034582735e-15,1.2567929585927118e-7,1.2567929585927118e-7,1.9680122503364064e-7,1.2567929585927118e-7,NaN,converged,13,13,0,0,0,0,3,2.898362610852667e-14,1.12.6,lbt,1,1,Intel(R) Core(TM) 7 150U,NT,6407b28
degen-r20-m1-d1e-06-p4,100,Newton-SIN,1e-7*n,9.999999999999999e-6,3,7,0.0088173,0.0076801,87.10262778855204,0.0,3.6e-6,0.0,0.0010022,0.0,0.0,0.00013140000000000048,0.406182707062128,3.6137498339376977e-7,-2.9314124034582735e-15,1.2567929585927118e-7,1.2567929585927118e-7,1.9680122503364064e-7,1.2567929585927118e-7,NaN,converged,13,13,0,0,0,0,3,2.898362610852667e-14,1.12.6,lbt,1,1,Intel(R) Core(TM) 7 150U,NT,6407b28
degen-r20-m1-d1e-06-p4,100,AGD-SDAJ-BH,1e-7*n,9.999999999999999e-6,3,15,0.0155808,0.015336599999999999,98.43268638324089,0.0,7.9e-6,0.0,0.0,0.0,0.0,0.0002363000000000017,0.4061869400766541,6.109111143246661e-6,-3.496818801532907e-15,1.30579271817588e-6,1.30579271817588e-6,3.1992767403696383e-6,1.30579271817588e-6,NaN,diag_feasible_at_xpre,0,0,0,0,0,0,3,2.898362610852667e-14,1.12.6,lbt,1,1,Intel(R) Core(TM) 7 150U,NT,6407b28
degen-r20-m1-d1e-06-p4,100,AGD-SDAJ,1e-7*n,9.999999999999999e-6,3,15,0.0156095,0.0153565,98.37919215862135,0.0,8.6e-6,0.0,0.0,0.0,0.0,0.00024439999999999976,0.4061869400766541,6.109111143246661e-6,-3.496818801532907e-15,1.30579271817588e-6,1.30579271817588e-6,3.1992767403696383e-6,1.30579271817588e-6,NaN,diag_feasible_at_xpre,0,0,0,0,0,0,3,2.898362610852667e-14,1.12.6,lbt,1,1,Intel(R) Core(TM) 7 150U,NT,6407b28
degen-r20-m1-d1e-06-p4,100,Dykstra-APM,1e-7*n,9.999999999999999e-6,44,44,0.0453231,0.0425149,93.80404253018881,0.0,0.0,0.0,0.0,0.0019248,0.0,0.0008833999999999969,0.40616597045088426,1.958870842451561e-5,-3.363132487464353e-15,1.5758618141514802e-6,1.5758618141514802e-6,8.834158673177743e-6,1.5758618141514802e-6,NaN,diag_feasible,0,0,0,0,0,0,44,2.898362610852667e-14,1.12.6,lbt,1,1,Intel(R) Core(TM) 7 150U,NT,6407b28
degen-r20-m1-d1e-06-p4,100,Anderson-APM,1e-7*n,9.999999999999999e-6,12,12,0.0137939,0.011472,83.16719709436781,0.0,0.0,0.0,0.0,0.0,0.0017784,0.0005434999999999999,0.40618493824253254,1.3200227719923795e-5,-2.880349664340628e-15,3.6312501947577402e-6,3.6312501947577402e-6,7.32298402690138e-6,3.6312501947577402e-6,NaN,diag_feasible,0,0,0,0,0,0,12,2.898362610852667e-14,1.12.6,lbt,1,1,Intel(R) Core(TM) 7 150U,NT,6407b28
degen-r20-m1-d1e-08-p0,100,SBB-Dual,1e-7*n,9.999999999999999e-6,20,21,0.0196362,0.0193097,98.33725466230737,1.55e-5,1.01e-5,3.53e-5,0.0,0.0,0.0,0.00026560000000000044,0.40569318251034664,7.59641258881408e-6,-3.362641274953684e-15,1.3012392503508607e-6,0.0,7.162317881475479e-6,1.3012392503508607e-6,100.0,diag_feasible,0,0,0,0,0,0,20,2.2605242252817254e-14,1.12.6,lbt,1,1,Intel(R) Core(TM) 7 150U,NT,6407b28
degen-r20-m1-d1e-08-p0,100,Newton-SIN-BH,1e-7*n,9.999999999999999e-6,3,4,0.0054812,0.0044473,81.13734218784208,0.0,2.8e-6,0.0,0.0008904,0.0,0.0,0.0001406999999999999,0.4056931808874237,4.153725769804484e-9,-3.281398080040485e-15,1.8984909200270295e-9,1.8984909200270295e-9,2.405073423715778e-9,1.8984909200270295e-9,NaN,converged,13,13,0,0,0,0,3,2.2605242252817254e-14,1.12.6,lbt,1,1,Intel(R) Core(TM) 7 150U,NT,6407b28
degen-r20-m1-d1e-08-p0,100,Newton-SIN,1e-7*n,9.999999999999999e-6,3,7,0.0111508,0.009596499999999999,86.06108978727983,0.0,4.9e-6,0.0,0.0013913,0.0,0.0,0.0001581000000000015,0.4056931808874237,4.153725769804484e-9,-3.281398080040485e-15,1.8984909200270295e-9,1.8984909200270295e-9,2.405073423715778e-9,1.8984909200270295e-9,NaN,converged,13,13,0,0,0,0,3,2.2605242252817254e-14,1.12.6,lbt,1,1,Intel(R) Core(TM) 7 150U,NT,6407b28
degen-r20-m1-d1e-08-p0,100,AGD-SDAJ-BH,1e-7*n,9.999999999999999e-6,3,15,0.0145201,0.0142911,98.4228758755105,0.0,7.7e-6,0.0,0.0,0.0,0.0,0.00022130000000000004,0.40570121325953845,1.3790528987484482e-5,-3.172682722102517e-15,2.843761417792301e-6,2.843761417792301e-6,7.75056384678168e-6,2.843761417792301e-6,NaN,diag_feasible_at_xpre,0,0,0,0,0,0,3,2.2605242252817254e-14,1.12.6,lbt,1,1,Intel(R) Core(TM) 7 150U,NT,6407b28
degen-r20-m1-d1e-08-p0,100,AGD-SDAJ,1e-7*n,9.999999999999999e-6,3,15,0.0144975,0.014279799999999999,98.4983617865149,0.0,7.2e-6,0.0,0.0,0.0,0.0,0.0002105000000000012,0.40570121325953845,1.3790528987484482e-5,-3.172682722102517e-15,2.843761417792301e-6,2.843761417792301e-6,7.75056384678168e-6,2.843761417792301e-6,NaN,diag_feasible_at_xpre,0,0,0,0,0,0,3,2.2605242252817254e-14,1.12.6,lbt,1,1,Intel(R) Core(TM) 7 150U,NT,6407b28
degen-r20-m1-d1e-08-p0,100,Dykstra-APM,1e-7*n,9.999999999999999e-6,44,44,0.0461159,0.043113,93.48836301579281,0.0,0.0,0.0,0.0,0.0019772,0.0,0.0010257000000000027,0.4056748576754679,2.1319724595654894e-5,-3.714926009475776e-15,1.7273663612815682e-6,1.7273663612815682e-6,9.586084541501054e-6,1.7273663612815682e-6,NaN,diag_feasible,0,0,0,0,0,0,44,2.2605242252817254e-14,1.12.6,lbt,1,1,Intel(R) Core(TM) 7 150U,NT,6407b28
degen-r20-m1-d1e-08-p0,100,Anderson-APM,1e-7*n,9.999999999999999e-6,13,13,0.0156551,0.0128418,82.02949837433168,0.0,0.0,0.0,0.0,0.0,0.0022809,0.000532400000000001,0.4056994852417758,1.718822422618134e-5,-3.486563781926042e-15,5.000955189737866e-6,5.000955189737866e-6,9.127446465081382e-6,5.000955189737866e-6,NaN,diag_feasible,0,0,0,0,0,0,13,2.2605242252817254e-14,1.12.6,lbt,1,1,Intel(R) Core(TM) 7 150U,NT,6407b28
degen-r20-m1-d1e-08-p1,100,SBB-Dual,1e-7*n,9.999999999999999e-6,20,21,0.0201035,0.019778700000000003,98.38436093217601,1.59e-5,1.06e-5,3.21e-5,0.0,0.0,0.0,0.0002661999999999966,0.3990764042564374,8.867679348953502e-6,-3.3688198882980624e-15,1.5219676978706076e-6,0.0,9.083038814447e-6,1.5219676978706076e-6,100.0,diag_feasible,0,0,0,0,0,0,20,7.844312973040942e-14,1.12.6,lbt,1,1,Intel(R) Core(TM) 7 150U,NT,6407b28
degen-r20-m1-d1e-08-p1,100,Newton-SIN-BH,1e-7*n,9.999999999999999e-6,3,4,0.0052889,0.0041236,77.96706309440526,0.0,3.5e-6,0.0,0.0010098,0.0,0.0,0.00015200000000000023,0.39907640393091,4.8790776900841205e-9,-3.005983113455958e-15,2.781156860365286e-9,2.781156860365286e-9,2.836810382912552e-9,2.781156860365286e-9,NaN,converged,13,13,0,0,0,0,3,7.844312973040942e-14,1.12.6,lbt,1,1,Intel(R) Core(TM) 7 150U,NT,6407b28
degen-r20-m1-d1e-08-p1,100,Newton-SIN,1e-7*n,9.999999999999999e-6,3,7,0.007846,0.0068655999999999995,87.50446087178179,0.0,3.4e-6,0.0,0.0008682,0.0,0.0,0.00010880000000000113,0.39907640393091,4.8790776900841205e-9,-3.005983113455958e-15,2.781156860365286e-9,2.781156860365286e-9,2.836810382912552e-9,2.781156860365286e-9,NaN,converged,13,13,0,0,0,0,3,7.844312973040942e-14,1.12.6,lbt,1,1,Intel(R) Core(TM) 7 150U,NT,6407b28
degen-r20-m1-d1e-08-p1,100,AGD-SDAJ-BH,1e-7*n,9.999999999999999e-6,2,13,0.0148922,0.0146624,98.45691032889701,0.0,6.6e-6,0.0,0.0,0.0,0.0,0.00022319999999999876,0.3990781247519302,4.219397218428202e-6,-3.1034571553625383e-15,8.43855610943578e-7,8.43855610943578e-7,2.3440221025089993e-6,8.43855610943578e-7,NaN,diag_feasible,0,0,0,0,0,0,2,7.844312973040942e-14,1.12.6,lbt,1,1,Intel(R) Core(TM) 7 150U,NT,6407b28
degen-r20-m1-d1e-08-p1,100,AGD-SDAJ,1e-7*n,9.999999999999999e-6,2,13,0.0128329,0.0126421,98.51319654949388,0.0,6.0e-6,0.0,0.0,0.0,0.0,0.00018479999999999964,0.3990781247519302,4.219397218428202e-6,-3.1034571553625383e-15,8.43855610943578e-7,8.43855610943578e-7,2.3440221025089993e-6,8.43855610943578e-7,NaN,diag_feasible,0,0,0,0,0,0,2,7.844312973040942e-14,1.12.6,lbt,1,1,Intel(R) Core(TM) 7 150U,NT,6407b28
degen-r20-m1-d1e-08-p1,100,Dykstra-APM,1e-7*n,9.999999999999999e-6,45,45,0.0567564,0.0531495,93.64494576823056,0.0,0.0,0.0,0.0,0.0025906,0.0,0.001016299999999996,0.39905811646474365,2.0865725776078204e-5,-3.516164959973173e-15,1.5662833665608389e-6,1.5662833665608389e-6,9.295789919602093e-6,1.5662833665608389e-6,NaN,diag_feasible,0,0,0,0,0,0,45,7.844312973040942e-14,1.12.6,lbt,1,1,Intel(R) Core(TM) 7 150U,NT,6407b28
degen-r20-m1-d1e-08-p1,100,Anderson-APM,1e-7*n,9.999999999999999e-6,13,13,0.0147131,0.0122699,83.39439003337162,0.0,0.0,0.0,0.0,0.0,0.0019202,0.0005229999999999996,0.39907873262588084,3.5411786308545913e-6,-3.121289101831888e-15,5.609882226531582e-7,5.609882226531582e-7,1.7869698210392948e-6,5.609882226531582e-7,NaN,diag_feasible,0,0,0,0,0,0,13,7.844312973040942e-14,1.12.6,lbt,1,1,Intel(R) Core(TM) 7 150U,NT,6407b28
degen-r20-m1-d1e-08-p2,100,SBB-Dual,1e-7*n,9.999999999999999e-6,20,21,0.0198086,0.019489899999999998,98.39110285431579,1.63e-5,1.04e-5,3.35e-5,0.0,0.0,0.0,0.0002585000000000016,0.4060589467623117,6.602574468612404e-6,-3.2575324869573365e-15,1.0093763989083016e-6,0.0,6.5278316178773e-6,1.0093763989083016e-6,100.0,diag_feasible,0,0,0,0,0,0,20,2.6296587975174296e-14,1.12.6,lbt,1,1,Intel(R) Core(TM) 7 150U,NT,6407b28
degen-r20-m1-d1e-08-p2,100,Newton-SIN-BH,1e-7*n,9.999999999999999e-6,2,3,0.0038173,0.0032352,84.75100201713254,0.0,2.6e-6,0.0,0.0004516,0.0,0.0,0.0001278999999999999,0.40605193899137715,1.5669856117910168e-5,-3.537966947816798e-15,5.897490156225871e-6,5.897490156225871e-6,9.528235782616778e-6,5.897490156225871e-6,NaN,converged,6,6,0,0,0,0,2,2.6296587975174296e-14,1.12.6,lbt,1,1,Intel(R) Core(TM) 7 150U,NT,6407b28
degen-r20-m1-d1e-08-p2,100,Newton-SIN,1e-7*n,9.999999999999999e-6,2,5,0.0056157,0.0050797,90.4553305910216,0.0,2.5e-6,0.0,0.0004318,0.0,0.0,0.00010170000000000003,0.40605193899137715,1.5669856117910168e-5,-3.537966947816798e-15,5.897490156225871e-6,5.897490156225871e-6,9.528235782616778e-6,5.897490156225871e-6,NaN,converged,6,6,0,0,0,0,2,2.6296587975174296e-14,1.12.6,lbt,1,1,Intel(R) Core(TM) 7 150U,NT,6407b28
degen-r20-m1-d1e-08-p2,100,AGD-SDAJ-BH,1e-7*n,9.999999999999999e-6,3,15,0.0143774,0.0141612,98.49625106069247,0.0,6.8e-6,0.0,0.0,0.0,0.0,0.00020939999999999972,0.4060652613804862,1.0599749432473808e-5,-3.1328082894966303e-15,3.0455276863738945e-6,3.0455276863738945e-6,6.0133033943138315e-6,3.0455276863738945e-6,NaN,diag_feasible_at_xpre,0,0,0,0,0,0,3,2.6296587975174296e-14,1.12.6,lbt,1,1,Intel(R) Core(TM) 7 150U,NT,6407b28
degen-r20-m1-d1e-08-p2,100,AGD-SDAJ,1e-7*n,9.999999999999999e-6,3,15,0.0155593,0.0153154,98.43244876054835,0.0,9.0e-6,0.0,0.0,0.0,0.0,0.00023490000000000002,0.4060652613804862,1.0599749432473808e-5,-3.1328082894966303e-15,3.0455276863738945e-6,3.0455276863738945e-6,6.0133033943138315e-6,3.0455276863738945e-6,NaN,diag_feasible_at_xpre,0,0,0,0,0,0,3,2.6296587975174296e-14,1.12.6,lbt,1,1,Intel(R) Core(TM) 7 150U,NT,6407b28
degen-r20-m1-d1e-08-p2,100,Dykstra-APM,1e-7*n,9.999999999999999e-6,44,44,0.0427719,0.0402138,94.01920419714811,0.0,0.0,0.0,0.0,0.0017142,0.0,0.0008439000000000007,0.4060419112752211,1.9690647914330456e-5,-3.710238841220179e-15,1.3705675159236819e-6,1.3705675159236819e-6,8.88853793837824e-6,1.3705675159236819e-6,NaN,diag_feasible,0,0,0,0,0,0,44,2.6296587975174296e-14,1.12.6,lbt,1,1,Intel(R) Core(TM) 7 150U,NT,6407b28
degen-r20-m1-d1e-08-p2,100,Anderson-APM,1e-7*n,9.999999999999999e-6,12,12,0.0165493,0.0138647,83.77816584387256,0.0,0.0,0.0,0.0,0.0,0.0021258,0.0005587999999999986,0.4060611920909924,1.3682675302823191e-5,-3.534724237779188e-15,3.1921805944135073e-6,3.1921805944135073e-6,7.606169210351548e-6,3.1921805944135073e-6,NaN,diag_feasible,0,0,0,0,0,0,12,2.6296587975174296e-14,1.12.6,lbt,1,1,Intel(R) Core(TM) 7 150U,NT,6407b28
degen-r20-m1-d1e-08-p3,100,SBB-Dual,1e-7*n,9.999999999999999e-6,20,21,0.0200696,0.0197301,98.30838681388767,1.89e-5,1.35e-5,3.35e-5,0.0,0.0,0.0,0.00027359999999999955,0.40637817858100517,6.839269812406895e-6,-3.4802212926939704e-15,1.0988508336584601e-6,0.0,6.052024446580972e-6,1.0988508336584601e-6,100.0,diag_feasible,0,0,0,0,0,0,20,3.741929254895137e-14,1.12.6,lbt,1,1,Intel(R) Core(TM) 7 150U,NT,6407b28
degen-r20-m1-d1e-08-p3,100,Newton-SIN-BH,1e-7*n,9.999999999999999e-6,3,4,0.0053241,0.0042267,79.38806558855018,0.0,3.2e-6,0.0,0.0009115,0.0,0.0,0.00018270000000000005,0.4063781769091806,3.4693300757964005e-9,-3.3342636840984487e-15,9.253073862680594e-10,9.253073862680594e-10,1.855174767877765e-9,9.253073862680594e-10,NaN,converged,13,13,0,0,0,0,3,3.741929254895137e-14,1.12.6,lbt,1,1,Intel(R) Core(TM) 7 150U,NT,6407b28
degen-r20-m1-d1e-08-p3,100,Newton-SIN,1e-7*n,9.999999999999999e-6,3,7,0.0081351,0.0070321,86.44146968076608,0.0,3.6e-6,0.0,0.0009772,0.0,0.0,0.00012219999999999896,0.4063781769091806,3.4693300757964005e-9,-3.3342636840984487e-15,9.253073862680594e-10,9.253073862680594e-10,1.855174767877765e-9,9.253073862680594e-10,NaN,converged,13,13,0,0,0,0,3,3.741929254895137e-14,1.12.6,lbt,1,1,Intel(R) Core(TM) 7 150U,NT,6407b28
degen-r20-m1-d1e-08-p3,100,AGD-SDAJ-BH,1e-7*n,9.999999999999999e-6,3,15,0.0153493,0.015130600000000001,98.57517932413856,0.0,8.7e-6,0.0,0.0,0.0,0.0,0.00020999999999999876,0.4063834213626825,8.726789151848908e-6,-3.571649876406307e-15,2.954214475714423e-6,2.954214475714423e-6,4.952772093389666e-6,2.954214475714423e-6,NaN,diag_feasible_at_xpre,0,0,0,0,0,0,3,3.741929254895137e-14,1.12.6,lbt,1,1,Intel(R) Core(TM) 7 150U,NT,6407b28
degen-r20-m1-d1e-08-p3,100,AGD-SDAJ,1e-7*n,9.999999999999999e-6,3,15,0.0155246,0.0152914,98.4978678999781,0.0,6.7e-6,0.0,0.0,0.0,0.0,0.00022649999999999938,0.4063834213626825,8.726789151848908e-6,-3.571649876406307e-15,2.954214475714423e-6,2.954214475714423e-6,4.952772093389666e-6,2.954214475714423e-6,NaN,diag_feasible_at_xpre,0,0,0,0,0,0,3,3.741929254895137e-14,1.12.6,lbt,1,1,Intel(R) Core(TM) 7 150U,NT,6407b28
degen-r20-m1-d1e-08-p3,100,Dykstra-APM,1e-7*n,9.999999999999999e-6,44,44,0.0535403,0.050261,93.87508101374104,0.0,0.0,0.0,0.0,0.0021594,0.0,0.0011198999999999988,0.4063621571937693,1.845356546136406e-5,-3.163038559421416e-15,1.5040838212687646e-6,1.5040838212687646e-6,8.355961784100482e-6,1.5040838212687646e-6,NaN,diag_feasible,0,0,0,0,0,0,44,3.741929254895137e-14,1.12.6,lbt,1,1,Intel(R) Core(TM) 7 150U,NT,6407b28
degen-r20-m1-d1e-08-p3,100,Anderson-APM,1e-7*n,9.999999999999999e-6,12,12,0.0141182,0.0119971,84.97613010157103,0.0,0.0,0.0,0.0,0.0,0.0015979,0.0005231999999999991,0.40638034861160405,1.466101043247551e-5,-3.6849890838109556e-15,4.094571369517297e-6,4.094571369517297e-6,8.094567617248343e-6,4.094571369517297e-6,NaN,diag_feasible,0,0,0,0,0,0,12,3.741929254895137e-14,1.12.6,lbt,1,1,Intel(R) Core(TM) 7 150U,NT,6407b28
degen-r20-m1-d1e-08-p4,100,SBB-Dual,1e-7*n,9.999999999999999e-6,20,21,0.0203557,0.0200065,98.28450998983085,1.69e-5,1.23e-5,3.27e-5,0.0,0.0,0.0,0.00028730000000000097,0.406183046936826,7.053023492405467e-6,-3.638157073641433e-15,1.1653954758994445e-6,0.0,6.481738032682608e-6,1.1653954758994445e-6,100.0,diag_feasible,0,0,0,0,0,0,20,2.0777787570717024e-14,1.12.6,lbt,1,1,Intel(R) Core(TM) 7 150U,NT,6407b28
degen-r20-m1-d1e-08-p4,100,Newton-SIN-BH,1e-7*n,9.999999999999999e-6,3,4,0.0051533,0.0040901,79.3685599518755,0.0,3.2e-6,0.0,0.0009143,0.0,0.0,0.00014570000000000013,0.40618304528705296,3.6734897014650587e-9,-3.4784904910539566e-15,1.2785081882071836e-9,1.2785081882071836e-9,2.0012764744702153e-9,1.2785081882071836e-9,NaN,converged,13,13,0,0,0,0,3,2.0777787570717024e-14,1.12.6,lbt,1,1,Intel(R) Core(TM) 7 150U,NT,6407b28
degen-r20-m1-d1e-08-p4,100,Newton-SIN,1e-7*n,9.999999999999999e-6,3,7,0.0077471,0.006731,86.88412438202683,0.0,2.7e-6,0.0,0.000896,0.0,0.0,0.00011739999999999982,0.40618304528705296,3.6734897014650587e-9,-3.4784904910539566e-15,1.2785081882071836e-9,1.2785081882071836e-9,2.0012764744702153e-9,1.2785081882071836e-9,NaN,converged,13,13,0,0,0,0,3,2.0777787570717024e-14,1.12.6,lbt,1,1,Intel(R) Core(TM) 7 150U,NT,6407b28
degen-r20-m1-d1e-08-p4,100,AGD-SDAJ-BH,1e-7*n,9.999999999999999e-6,3,15,0.0170748,0.0168108,98.45386183147095,0.0,8.5e-6,0.0,0.0,0.0,0.0,0.00025550000000000036,0.40618712527426226,6.111761341848692e-6,-3.5289209742624494e-15,1.3059786703184528e-6,1.3059786703184528e-6,3.200689512519502e-6,1.3059786703184528e-6,NaN,diag_feasible_at_xpre,0,0,0,0,0,0,3,2.0777787570717024e-14,1.12.6,lbt,1,1,Intel(R) Core(TM) 7 150U,NT,6407b28
degen-r20-m1-d1e-08-p4,100,AGD-SDAJ,1e-7*n,9.999999999999999e-6,3,15,0.0233843,0.023052899999999998,98.58280983394842,0.0,1.17e-5,0.0,0.0,0.0,0.0,0.0003197000000000025,0.40618712527426226,6.111761341848692e-6,-3.5289209742624494e-15,1.3059786703184528e-6,1.3059786703184528e-6,3.200689512519502e-6,1.3059786703184528e-6,NaN,diag_feasible_at_xpre,0,0,0,0,0,0,3,2.0777787570717024e-14,1.12.6,lbt,1,1,Intel(R) Core(TM) 7 150U,NT,6407b28
degen-r20-m1-d1e-08-p4,100,Dykstra-APM,1e-7*n,9.999999999999999e-6,44,44,0.0434932,0.0407132,93.60819622377751,0.0,0.0,0.0,0.0,0.0018966,0.0,0.0008834000000000047,0.4061661539733016,1.956657324987444e-5,-3.394711292819587e-15,1.575861764191444e-6,1.575861764191444e-6,8.834153585895155e-6,1.575861764191444e-6,NaN,diag_feasible,0,0,0,0,0,0,44,2.0777787570717024e-14,1.12.6,lbt,1,1,Intel(R) Core(TM) 7 150U,NT,6407b28
degen-r20-m1-d1e-08-p4,100,Anderson-APM,1e-7*n,9.999999999999999e-6,12,12,0.0134752,0.0112698,83.6336380907148,0.0,0.0,0.0,0.0,0.0,0.0017045,0.0005008999999999997,0.4061851206106175,1.3188654802437862e-5,-3.134080672724022e-15,3.627829443741959e-6,3.627829443741959e-6,7.316680028431618e-6,3.627829443741959e-6,NaN,diag_feasible,0,0,0,0,0,0,12,2.0777787570717024e-14,1.12.6,lbt,1,1,Intel(R) Core(TM) 7 150U,NT,6407b28
degen-r20-m1-d1e-10-p0,100,SBB-Dual,1e-7*n,9.999999999999999e-6,20,21,0.0326874,0.0321944,98.49177358859988,3.03e-5,1.71e-5,4.77e-5,0.0,0.0,0.0,0.0003979000000000004,0.40569318429055856,7.599533396703713e-6,-3.3199379117212377e-15,1.3012392405808981e-6,0.0,7.1623178164992745e-6,1.3012392405808981e-6,100.0,diag_feasible,0,0,0,0,0,0,20,2.2508522617589782e-14,1.12.6,lbt,1,1,Intel(R) Core(TM) 7 150U,NT,6407b28
degen-r20-m1-d1e-10-p0,100,Newton-SIN-BH,1e-7*n,9.999999999999999e-6,3,4,0.0076634,0.0060268,78.64394394133153,0.0,4.2e-6,0.0,0.001429,0.0,0.0,0.00020340000000000028,0.40569318412898114,6.92134449659104e-10,-3.11964662823627e-15,4.205489290143305e-10,4.205489290143305e-10,4.3682842158117696e-10,4.205489290143305e-10,NaN,converged,13,13,0,0,0,0,3,2.2508522617589782e-14,1.12.6,lbt,1,1,Intel(R) Core(TM) 7 150U,NT,6407b28
degen-r20-m1-d1e-10-p0,100,Newton-SIN,1e-7*n,9.999999999999999e-6,3,7,0.0081324,0.0071175,87.5202892135163,0.0,3.1e-6,0.0,0.0009001,0.0,0.0,0.00011169999999999995,0.40569318412898114,6.92134449659104e-10,-3.11964662823627e-15,4.205489290143305e-10,4.205489290143305e-10,4.3682842158117696e-10,4.205489290143305e-10,NaN,converged,13,13,0,0,0,0,3,2.2508522617589782e-14,1.12.6,lbt,1,1,Intel(R) Core(TM) 7 150U,NT,6407b28
degen-r20-m1-d1e-10-p0,100,AGD-SDAJ-BH,1e-7*n,9.999999999999999e-6,3,15,0.0211632,0.0208472,98.50684206547214,0.0,1.16e-5,0.0,0.0,0.0,0.0,0.0003044000000000003,0.4057012150492746,1.379053361335174e-5,-3.884601485905021e-15,2.843776918504126e-6,2.843776918504126e-6,7.75056327341992e-6,2.843776918504126e-6,NaN,diag_feasible_at_xpre,0,0,0,0,0,0,3,2.2508522617589782e-14,1.12.6,lbt,1,1,Intel(R) Core(TM) 7 150U,NT,6407b28
degen-r20-m1-d1e-10-p0,100,AGD-SDAJ,1e-7*n,9.999999999999999e-6,3,15,0.0161322,0.0158819,98.44844472545593,0.0,7.6e-6,0.0,0.0,0.0,0.0,0.00024269999999999845,0.4057012150492746,1.379053361335174e-5,-3.884601485905021e-15,2.843776918504126e-6,2.843776918504126e-6,7.75056327341992e-6,2.843776918504126e-6,NaN,diag_feasible_at_xpre,0,0,0,0,0,0,3,2.2508522617589782e-14,1.12.6,lbt,1,1,Intel(R) Core(TM) 7 150U,NT,6407b28
degen-r20-m1-d1e-10-p0,100,Dykstra-APM,1e-7*n,9.999999999999999e-6,44,44,0.0483496,0.0454571,94.01753065175306,0.0,0.0,0.0,0.0,0.0019739,0.0,0.0009185999999999995,0.4056748594558053,2.1319713933998783e-5,-3.1442251419366353e-15,1.7273663543981854e-6,1.7273663543981854e-6,9.586084478963915e-6,1.7273663543981854e-6,NaN,diag_feasible,0,0,0,0,0,0,44,2.2508522617589782e-14,1.12.6,lbt,1,1,Intel(R) Core(TM) 7 150U,NT,6407b28
degen-r20-m1-d1e-10-p0,100,Anderson-APM,1e-7*n,9.999999999999999e-6,13,13,0.0173481,0.014625,84.30318017535062,0.0,0.0,0.0,0.0,0.0,0.002003,0.0007201000000000009,0.40569948698283986,1.718815898583736e-5,-3.7109913632641066e-15,5.000940213051308e-6,5.000940213051308e-6,9.127412969605399e-6,5.000940213051308e-6,NaN,diag_feasible,0,0,0,0,0,0,13,2.2508522617589782e-14,1.12.6,lbt,1,1,Intel(R) Core(TM) 7 150U,NT,6407b28
degen-r20-m1-d1e-10-p1,100,SBB-Dual,1e-7*n,9.999999999999999e-6,20,21,0.0317397,0.0312511,98.4606029672618,3.03e-5,1.69e-5,3.88e-5,0.0,0.0,0.0,0.0004026000000000057,0.39907640467033306,8.867967775679609e-6,-3.2599460334050057e-15,1.5219701592350532e-6,0.0,9.083653097138611e-6,1.5219701592350532e-6,100.0,diag_feasible,0,0,0,0,0,0,20,8.628554495259357e-14,1.12.6,lbt,1,1,Intel(R) Core(TM) 7 150U,NT,6407b28
degen-r20-m1-d1e-10-p1,100,Newton-SIN-BH,1e-7*n,9.999999999999999e-6,3,4,0.0074923,0.005867,78.30706191690135,0.0,4.7e-6,0.0,0.0014154,0.0,0.0,0.00020520000000000043,0.39907640448711956,9.030862284493611e-10,-3.29463850707893e-15,2.115070341091041e-10,2.115070341091041e-10,5.343915602329145e-10,2.115070341091041e-10,NaN,converged,13,13,0,0,0,0,3,8.628554495259357e-14,1.12.6,lbt,1,1,Intel(R) Core(TM) 7 150U,NT,6407b28
degen-r20-m1-d1e-10-p1,100,Newton-SIN,1e-7*n,9.999999999999999e-6,3,7,0.0076584,0.0066802,87.22709704376892,0.0,2.9e-6,0.0,0.0008651,0.0,0.0,0.00011020000000000018,0.39907640448711956,9.030862284493611e-10,-3.29463850707893e-15,2.115070341091041e-10,2.115070341091041e-10,5.343915602329145e-10,2.115070341091041e-10,NaN,converged,13,13,0,0,0,0,3,8.628554495259357e-14,1.12.6,lbt,1,1,Intel(R) Core(TM) 7 150U,NT,6407b28
degen-r20-m1-d1e-10-p1,100,AGD-SDAJ-BH,1e-7*n,9.999999999999999e-6,2,13,0.0139889,0.013764700000000001,98.39730071699705,0.0,8.0e-6,0.0,0.0,0.0,0.0,0.00021619999999999905,0.3990781255769998,4.2196920387386175e-6,-3.4992451698057543e-15,8.438513274811044e-7,8.438513274811044e-7,2.3441433424956524e-6,8.438513274811044e-7,NaN,diag_feasible,0,0,0,0,0,0,2,8.628554495259357e-14,1.12.6,lbt,1,1,Intel(R) Core(TM) 7 150U,NT,6407b28
degen-r20-m1-d1e-10-p1,100,AGD-SDAJ,1e-7*n,9.999999999999999e-6,2,13,0.0134085,0.0131921,98.38609837043666,0.0,7.3e-6,0.0,0.0,0.0,0.0,0.00020910000000000028,0.3990781255769998,4.2196920387386175e-6,-3.4992451698057543e-15,8.438513274811044e-7,8.438513274811044e-7,2.3441433424956524e-6,8.438513274811044e-7,NaN,diag_feasible,0,0,0,0,0,0,2,8.628554495259357e-14,1.12.6,lbt,1,1,Intel(R) Core(TM) 7 150U,NT,6407b28
degen-r20-m1-d1e-10-p1,100,Dykstra-APM,1e-7*n,9.999999999999999e-6,45,45,0.0495185,0.0464825,93.86895806617729,0.0,0.0,0.0,0.0,0.0020649,0.0,0.0009710999999999969,0.39905811687862647,2.0865724598075224e-5,-3.4395761143030032e-15,1.5662833641183482e-6,1.5662833641183482e-6,9.295789924410962e-6,1.5662833641183482e-6,NaN,diag_feasible,0,0,0,0,0,0,45,8.628554495259357e-14,1.12.6,lbt,1,1,Intel(R) Core(TM) 7 150U,NT,6407b28
degen-r20-m1-d1e-10-p1,100,Anderson-APM,1e-7*n,9.999999999999999e-6,13,13,0.0160107,0.0133368,83.29929359740673,0.0,0.0,0.0,0.0,0.0,0.0020479,0.0006259999999999998,0.39907873291516344,3.5410146586437117e-6,-3.2101566652213412e-15,5.609537708783918e-7,5.609537708783918e-7,1.7868915966612344e-6,5.609537708783918e-7,NaN,diag_feasible,0,0,0,0,0,0,13,8.628554495259357e-14,1.12.6,lbt,1,1,Intel(R) Core(TM) 7 150U,NT,6407b28
degen-r20-m1-d1e-10-p2,100,SBB-Dual,1e-7*n,9.999999999999999e-6,20,21,0.02464,0.0242473,98.40625,2.05e-5,1.28e-5,4.58e-5,0.0,0.0,0.0,0.0003135999999999993,0.40605894858384994,6.606091784398277e-6,-3.1631835850040705e-15,1.0093763942453648e-6,0.0,6.527831582894073e-6,1.0093763942453648e-6,100.0,diag_feasible,0,0,0,0,0,0,20,1.940350981055675e-14,1.12.6,lbt,1,1,Intel(R) Core(TM) 7 150U,NT,6407b28
degen-r20-m1-d1e-10-p2,100,Newton-SIN-BH,1e-7*n,9.999999999999999e-6,2,3,0.0052083,0.0043424,83.37461359752702,0.0,3.9e-6,0.0,0.0006845,0.0,0.0,0.00017750000000000014,0.40605194081286405,1.5669874720163562e-5,-3.13639205725764e-15,5.89749312118748e-6,5.89749312118748e-6,9.528237573999191e-6,5.89749312118748e-6,NaN,converged,6,6,0,0,0,0,2,1.940350981055675e-14,1.12.6,lbt,1,1,Intel(R) Core(TM) 7 150U,NT,6407b28
degen-r20-m1-d1e-10-p2,100,Newton-SIN,1e-7*n,9.999999999999999e-6,2,5,0.0066903,0.006166,92.16328116825852,0.0,2.3e-6,0.0,0.0004247,0.0,0.0,9.730000000000009e-5,0.40605194081286405,1.5669874720163562e-5,-3.13639205725764e-15,5.89749312118748e-6,5.89749312118748e-6,9.528237573999191e-6,5.89749312118748e-6,NaN,converged,6,6,0,0,0,0,2,1.940350981055675e-14,1.12.6,lbt,1,1,Intel(R) Core(TM) 7 150U,NT,6407b28
degen-r20-m1-d1e-10-p2,100,AGD-SDAJ-BH,1e-7*n,9.999999999999999e-6,3,15,0.0159502,0.0157001,98.43199458314002,0.0,7.9e-6,0.0,0.0,0.0,0.0,0.00024219999999999963,0.40606526319954467,1.0599748132124787e-5,-3.13413331491215e-15,3.045520088451603e-6,3.045520088451603e-6,6.013302788157629e-6,3.045520088451603e-6,NaN,diag_feasible_at_xpre,0,0,0,0,0,0,3,1.940350981055675e-14,1.12.6,lbt,1,1,Intel(R) Core(TM) 7 150U,NT,6407b28
degen-r20-m1-d1e-10-p2,100,AGD-SDAJ,1e-7*n,9.999999999999999e-6,3,15,0.0174001,0.0168776,96.99714369457645,0.0,9.9e-6,0.0,0.0,0.0,0.0,0.0005126000000000022,0.40606526319954467,1.0599748132124787e-5,-3.13413331491215e-15,3.045520088451603e-6,3.045520088451603e-6,6.013302788157629e-6,3.045520088451603e-6,NaN,diag_feasible_at_xpre,0,0,0,0,0,0,3,1.940350981055675e-14,1.12.6,lbt,1,1,Intel(R) Core(TM) 7 150U,NT,6407b28
degen-r20-m1-d1e-10-p2,100,Dykstra-APM,1e-7*n,9.999999999999999e-6,44,44,0.0457072,0.0427813,93.59860153323764,0.0,0.0,0.0,0.0,0.0019702,0.0,0.000955700000000002,0.4060419130968217,1.9690638038612947e-5,-3.3780490234583503e-15,1.3705675150355034e-6,1.3705675150355034e-6,8.888537906526804e-6,1.3705675150355034e-6,NaN,diag_feasible,0,0,0,0,0,0,44,1.940350981055675e-14,1.12.6,lbt,1,1,Intel(R) Core(TM) 7 150U,NT,6407b28
degen-r20-m1-d1e-10-p2,100,Anderson-APM,1e-7*n,9.999999999999999e-6,12,12,0.0151474,0.0126984,83.83220882791767,0.0,0.0,0.0,0.0,0.0,0.0018045,0.0006444999999999999,0.4060611939002904,1.3682587840571747e-5,-3.336385560836809e-15,3.1921675806012573e-6,3.1921675806012573e-6,7.60612047693466e-6,3.1921675806012573e-6,NaN,diag_feasible,0,0,0,0,0,0,12,1.940350981055675e-14,1.12.6,lbt,1,1,Intel(R) Core(TM) 7 150U,NT,6407b28
degen-r20-m1-d1e-10-p3,100,SBB-Dual,1e-7*n,9.999999999999999e-6,20,21,0.0272997,0.0268598,98.38862698124888,2.79e-5,1.7e-5,3.61e-5,0.0,0.0,0.0,0.00035890000000000005,0.40637818043107127,6.842641998587967e-6,-3.010607140958491e-15,1.0988508265530328e-6,0.0,6.052024424139459e-6,1.0988508265530328e-6,100.0,diag_feasible,0,0,0,0,0,0,20,3.574969857382783e-14,1.12.6,lbt,1,1,Intel(R) Core(TM) 7 150U,NT,6407b28
degen-r20-m1-d1e-10-p3,100,Newton-SIN-BH,1e-7*n,9.999999999999999e-6,3,4,0.0098764,0.007926,80.25191365274797,0.0,6.5e-6,0.0,0.0016532,0.0,0.0,0.00029069999999999964,0.40637818034838497,7.396905556049105e-11,-3.309058373959216e-15,2.1589396936860794e-11,2.1589396936860794e-11,4.108543563940186e-11,2.1589396936860794e-11,NaN,converged,13,13,0,0,0,0,3,3.574969857382783e-14,1.12.6,lbt,1,1,Intel(R) Core(TM) 7 150U,NT,6407b28
degen-r20-m1-d1e-10-p3,100,Newton-SIN,1e-7*n,9.999999999999999e-6,3,7,0.0081846,0.0071460000000000004,87.31031449307235,0.0,2.9e-6,0.0,0.000922,0.0,0.0,0.00011369999999999989,0.40637818034838497,7.396905556049105e-11,-3.309058373959216e-15,2.1589396936860794e-11,2.1589396936860794e-11,4.108543563940186e-11,2.1589396936860794e-11,NaN,converged,13,13,0,0,0,0,3,3.574969857382783e-14,1.12.6,lbt,1,1,Intel(R) Core(TM) 7 150U,NT,6407b28
degen-r20-m1-d1e-10-p3,100,AGD-SDAJ-BH,1e-7*n,9.999999999999999e-6,3,15,0.0265127,0.0261464,98.61839797530995,0.0,1.54e-5,0.0,0.0,0.0,0.0,0.00035089999999999996,0.4063834232088981,8.726787799734231e-6,-3.344613975866983e-15,2.9542108955782354e-6,2.9542108955782354e-6,4.952771912242607e-6,2.9542108955782354e-6,NaN,diag_feasible_at_xpre,0,0,0,0,0,0,3,3.574969857382783e-14,1.12.6,lbt,1,1,Intel(R) Core(TM) 7 150U,NT,6407b28
degen-r20-m1-d1e-10-p3,100,AGD-SDAJ,1e-7*n,9.999999999999999e-6,3,15,0.0145515,0.0143238,98.43521286465312,0.0,8.2e-6,0.0,0.0,0.0,0.0,0.0002195000000000008,0.4063834232088981,8.726787799734231e-6,-3.344613975866983e-15,2.9542108955782354e-6,2.9542108955782354e-6,4.952771912242607e-6,2.9542108955782354e-6,NaN,diag_feasible_at_xpre,0,0,0,0,0,0,3,3.574969857382783e-14,1.12.6,lbt,1,1,Intel(R) Core(TM) 7 150U,NT,6407b28
degen-r20-m1-d1e-10-p3,100,Dykstra-APM,1e-7*n,9.999999999999999e-6,44,44,0.0507239,0.0476349,93.91016857930876,0.0,0.0,0.0,0.0,0.0020871,0.0,0.0010019000000000013,0.4063621590438728,1.8453557187101895e-5,-3.5301416390468094e-15,1.5040838192703632e-6,1.5040838192703632e-6,8.355961764710658e-6,1.5040838192703632e-6,NaN,diag_feasible,0,0,0,0,0,0,44,3.574969857382783e-14,1.12.6,lbt,1,1,Intel(R) Core(TM) 7 150U,NT,6407b28
degen-r20-m1-d1e-10-p3,100,Anderson-APM,1e-7*n,9.999999999999999e-6,12,12,0.013556,0.0113411,83.6611094718206,0.0,0.0,0.0,0.0,0.0,0.0016663,0.0005486000000000006,0.406380350446816,1.4660895474162132e-5,-3.1371624665395e-15,4.094537296328582e-6,4.094537296328582e-6,8.094504336506e-6,4.094537296328582e-6,NaN,diag_feasible,0,0,0,0,0,0,12,3.574969857382783e-14,1.12.6,lbt,1,1,Intel(R) Core(TM) 7 150U,NT,6407b28
degen-r20-m1-d1e-10-p4,100,SBB-Dual,1e-7*n,9.999999999999999e-6,20,21,0.0198057,0.0194976,98.44438722186038,1.47e-5,8.6e-6,3.36e-5,0.0,0.0,0.0,0.0002511999999999987,0.4061830487719548,7.056382382350402e-6,-2.8041163387790005e-15,1.1653954736789984e-6,0.0,6.4817379805650526e-6,1.1653954736789984e-6,100.0,diag_feasible,0,0,0,0,0,0,20,2.2035340095291854e-14,1.12.6,lbt,1,1,Intel(R) Core(TM) 7 150U,NT,6407b28
degen-r20-m1-d1e-10-p4,100,Newton-SIN-BH,1e-7*n,9.999999999999999e-6,3,4,0.0054353,0.0043898999999999995,80.76647103195775,0.0,3.2e-6,0.0,0.000898,0.0,0.0,0.00014420000000000004,0.406183048669318,2.0044097957796444e-10,-3.4556383003167566e-15,3.6443958961740464e-11,3.6443958961740464e-11,1.149459518412076e-10,3.6443958961740464e-11,NaN,converged,13,13,0,0,0,0,3,2.2035340095291854e-14,1.12.6,lbt,1,1,Intel(R) Core(TM) 7 150U,NT,6407b28
degen-r20-m1-d1e-10-p4,100,Newton-SIN,1e-7*n,9.999999999999999e-6,3,7,0.0078666,0.0068907000000000005,87.59438639310504,0.0,3.0e-6,0.0,0.0008659,0.0,0.0,0.00010699999999999924,0.406183048669318,2.0044097957796444e-10,-3.4556383003167566e-15,3.6443958961740464e-11,3.6443958961740464e-11,1.149459518412076e-10,3.6443958961740464e-11,NaN,converged,13,13,0,0,0,0,3,2.2035340095291854e-14,1.12.6,lbt,1,1,Intel(R) Core(TM) 7 150U,NT,6407b28
degen-r20-m1-d1e-10-p4,100,AGD-SDAJ-BH,1e-7*n,9.999999999999999e-6,3,15,0.0152005,0.0149328,98.23887372125917,0.0,8.4e-6,0.0,0.0,0.0,0.0,0.00025930000000000094,0.406187127144709,6.111817989962891e-6,-3.034976692600707e-15,1.3059817451921418e-6,1.3059817451921418e-6,3.2007200367343483e-6,1.3059817451921418e-6,NaN,diag_feasible_at_xpre,0,0,0,0,0,0,3,2.2035340095291854e-14,1.12.6,lbt,1,1,Intel(R) Core(TM) 7 150U,NT,6407b28
degen-r20-m1-d1e-10-p4,100,AGD-SDAJ,1e-7*n,9.999999999999999e-6,3,15,0.0167082,0.016481600000000002,98.64377970098516,0.0,7.5e-6,0.0,0.0,0.0,0.0,0.00021909999999999695,0.406187127144709,6.111817989962891e-6,-3.034976692600707e-15,1.3059817451921418e-6,1.3059817451921418e-6,3.2007200367343483e-6,1.3059817451921418e-6,NaN,diag_feasible_at_xpre,0,0,0,0,0,0,3,2.2035340095291854e-14,1.12.6,lbt,1,1,Intel(R) Core(TM) 7 150U,NT,6407b28
degen-r20-m1-d1e-10-p4,100,Dykstra-APM,1e-7*n,9.999999999999999e-6,44,44,0.0490743,0.0460109,93.75762873846392,0.0,0.0,0.0,0.0,0.0020826,0.0,0.0009808000000000009,0.4061661558085247,1.9566564585422696e-5,-4.4023670837541294e-15,1.5758617650796225e-6,1.5758617650796225e-6,8.834153536423422e-6,1.5758617650796225e-6,NaN,diag_feasible,0,0,0,0,0,0,44,2.2035340095291854e-14,1.12.6,lbt,1,1,Intel(R) Core(TM) 7 150U,NT,6407b28
degen-r20-m1-d1e-10-p4,100,Anderson-APM,1e-7*n,9.999999999999999e-6,12,12,0.0227813,0.0192527,84.51098049716215,0.0,0.0,0.0,0.0,0.0,0.0027397,0.0007888999999999999,0.4061851224342879,1.3188539080882005e-5,-3.608384333140048e-15,3.627795236216258e-6,3.627795236216258e-6,7.316616996050509e-6,3.627795236216258e-6,NaN,diag_feasible,0,0,0,0,0,0,12,2.2035340095291854e-14,1.12.6,lbt,1,1,Intel(R) Core(TM) 7 150U,NT,6407b28
degen-r20-m1-d0-p0,100,SBB-Dual,1e-7*n,9.999999999999999e-6,20,21,0.0196869,0.01937,98.39030014882992,1.64e-5,1.11e-5,3.29e-5,0.0,0.0,0.0,0.0002565000000000019,0.40569318430854023,7.599564978862577e-6,-3.9507501899202135e-15,1.3012392421352104e-6,0.0,7.162317821513798e-6,1.3012392421352104e-6,100.0,diag_feasible,0,0,0,0,0,0,20,1.532349107807003e-14,1.12.6,lbt,1,1,Intel(R) Core(TM) 7 150U,NT,6407b28
degen-r20-m1-d0-p0,100,Newton-SIN-BH,1e-7*n,9.999999999999999e-6,3,4,0.0052598,0.0042013,79.87566067150841,0.0,3.0e-6,0.0,0.000907,0.0,0.0,0.0001485000000000004,0.4056931841469694,6.864536785139207e-10,-3.712435651983915e-15,4.2055114946037975e-10,4.2055114946037975e-10,4.3683125700974845e-10,4.2055114946037975e-10,NaN,converged,13,13,0,0,0,0,3,1.532349107807003e-14,1.12.6,lbt,1,1,Intel(R) Core(TM) 7 150U,NT,6407b28
degen-r20-m1-d0-p0,100,Newton-SIN,1e-7*n,9.999999999999999e-6,3,7,0.0087563,0.0077133,88.08857622511792,0.0,3.5e-6,0.0,0.0009145,0.0,0.0,0.00012499999999999968,0.4056931841469694,6.864536785139207e-10,-3.712435651983915e-15,4.2055114946037975e-10,4.2055114946037975e-10,4.3683125700974845e-10,4.2055114946037975e-10,NaN,converged,13,13,0,0,0,0,3,1.532349107807003e-14,1.12.6,lbt,1,1,Intel(R) Core(TM) 7 150U,NT,6407b28
degen-r20-m1-d0-p0,100,AGD-SDAJ-BH,1e-7*n,9.999999999999999e-6,3,15,0.0154403,0.015200499999999999,98.44692136810812,0.0,8.9e-6,0.0,0.0,0.0,0.0,0.00023090000000000182,0.4057012150673378,1.3790533673308006e-5,-3.869009141704535e-15,2.843777076266818e-6,2.843777076266818e-6,7.75056327262518e-6,2.843777076266818e-6,NaN,diag_feasible_at_xpre,0,0,0,0,0,0,3,1.532349107807003e-14,1.12.6,lbt,1,1,Intel(R) Core(TM) 7 150U,NT,6407b28
degen-r20-m1-d0-p0,100,AGD-SDAJ,1e-7*n,9.999999999999999e-6,3,15,0.0144555,0.014242,98.523053509045,0.0,7.4e-6,0.0,0.0,0.0,0.0,0.00020610000000000016,0.4057012150673378,1.3790533673308006e-5,-3.869009141704535e-15,2.843777076266818e-6,2.843777076266818e-6,7.75056327262518e-6,2.843777076266818e-6,NaN,diag_feasible_at_xpre,0,0,0,0,0,0,3,1.532349107807003e-14,1.12.6,lbt,1,1,Intel(R) Core(TM) 7 150U,NT,6407b28
degen-r20-m1-d0-p0,100,Dykstra-APM,1e-7*n,9.999999999999999e-6,44,44,0.0436598,0.0407921,93.43171521628592,0.0,0.0,0.0,0.0,0.0019073,0.0,0.0009604000000000008,0.4056748594737767,2.1319713841522016e-5,-3.1134877509459007e-15,1.7273663543981854e-6,1.7273663543981854e-6,9.586084484413456e-6,1.7273663543981854e-6,NaN,diag_feasible,0,0,0,0,0,0,44,1.532349107807003e-14,1.12.6,lbt,1,1,Intel(R) Core(TM) 7 150U,NT,6407b28
degen-r20-m1-d0-p0,100,Anderson-APM,1e-7*n,9.999999999999999e-6,13,13,0.0205961,0.0173204,84.09553264938508,0.0,0.0,0.0,0.0,0.0,0.0025071,0.0007685999999999995,0.40569948700043,1.7188158341035784e-5,-3.3047647465486677e-15,5.000940065169601e-6,5.000940065169601e-6,9.127412639838657e-6,5.000940065169601e-6,NaN,diag_feasible,0,0,0,0,0,0,13,1.532349107807003e-14,1.12.6,lbt,1,1,Intel(R) Core(TM) 7 150U,NT,6407b28
degen-r20-m1-d0-p1,100,SBB-Dual,1e-7*n,9.999999999999999e-6,20,21,0.0198752,0.0195386,98.30643213653197,1.62e-5,1.0e-5,3.63e-5,0.0,0.0,0.0,0.00027409999999999934,0.39907640467451383,8.867970699239037e-6,-3.1577003469337714e-15,1.5219701865465396e-6,0.0,9.083659309201326e-6,1.5219701865465396e-6,100.0,diag_feasible,0,0,0,0,0,0,20,6.617339027944133e-14,1.12.6,lbt,1,1,Intel(R) Core(TM) 7 150U,NT,6407b28
degen-r20-m1-d0-p1,100,Newton-SIN-BH,1e-7*n,9.999999999999999e-6,3,4,0.0055056,0.0043891,79.72064806742226,0.0,2.9e-6,0.0,0.0009519,0.0,0.0,0.0001617000000000004,0.39907640449129617,9.011735436173072e-10,-3.6034393859635385e-15,2.115052577522647e-10,2.115052577522647e-10,5.34389544775983e-10,2.115052577522647e-10,NaN,converged,13,13,0,0,0,0,3,6.617339027944133e-14,1.12.6,lbt,1,1,Intel(R) Core(TM) 7 150U,NT,6407b28
degen-r20-m1-d0-p1,100,Newton-SIN,1e-7*n,9.999999999999999e-6,3,7,0.0110017,0.009673,87.9227755710481,0.0,4.3e-6,0.0,0.0011665,0.0,0.0,0.00015790000000000031,0.39907640449129617,9.011735436173072e-10,-3.6034393859635385e-15,2.115052577522647e-10,2.115052577522647e-10,5.34389544775983e-10,2.115052577522647e-10,NaN,converged,13,13,0,0,0,0,3,6.617339027944133e-14,1.12.6,lbt,1,1,Intel(R) Core(TM) 7 150U,NT,6407b28
degen-r20-m1-d0-p1,100,AGD-SDAJ-BH,1e-7*n,9.999999999999999e-6,2,13,0.0135224,0.0133097,98.42705436904691,0.0,6.9e-6,0.0,0.0,0.0,0.0,0.0002057999999999997,0.399078125585353,4.219695017979647e-6,-3.2102819179283517e-15,8.438512860697855e-7,8.438512860697855e-7,2.3441445677679253e-6,8.438512860697855e-7,NaN,diag_feasible,0,0,0,0,0,0,2,6.617339027944133e-14,1.12.6,lbt,1,1,Intel(R) Core(TM) 7 150U,NT,6407b28
degen-r20-m1-d0-p1,100,AGD-SDAJ,1e-7*n,9.999999999999999e-6,2,13,0.0138412,0.013623199999999999,98.42499205271217,0.0,7.6e-6,0.0,0.0,0.0,0.0,0.00021040000000000118,0.399078125585353,4.219695017979647e-6,-3.2102819179283517e-15,8.438512860697855e-7,8.438512860697855e-7,2.3441445677679253e-6,8.438512860697855e-7,NaN,diag_feasible,0,0,0,0,0,0,2,6.617339027944133e-14,1.12.6,lbt,1,1,Intel(R) Core(TM) 7 150U,NT,6407b28
degen-r20-m1-d0-p1,100,Dykstra-APM,1e-7*n,9.999999999999999e-6,45,45,0.0542271,0.0510932,94.22078628582386,0.0,0.0,0.0,0.0,0.0021022,0.0,0.0010317000000000021,0.39905811688281284,2.0865724596726453e-5,-3.3369940171372016e-15,1.5662833616758576e-6,1.5662833616758576e-6,9.295789921257548e-6,1.5662833616758576e-6,NaN,diag_feasible,0,0,0,0,0,0,45,6.617339027944133e-14,1.12.6,lbt,1,1,Intel(R) Core(TM) 7 150U,NT,6407b28
degen-r20-m1-d0-p1,100,Anderson-APM,1e-7*n,9.999999999999999e-6,13,13,0.0144756,0.0120775,83.43350189284035,0.0,0.0,0.0,0.0,0.0,0.0017425,0.0006556000000000003,0.39907873291824897,3.541013147155491e-6,-3.2806629096106082e-15,5.609534227124513e-7,5.609534227124513e-7,1.7868908693002596e-6,5.609534227124513e-7,NaN,diag_feasible,0,0,0,0,0,0,13,6.617339027944133e-14,1.12.6,lbt,1,1,Intel(R) Core(TM) 7 150U,NT,6407b28
degen-r20-m1-d0-p2,100,SBB-Dual,1e-7*n,9.999999999999999e-6,20,21,0.0195762,0.0192721,98.44658309580001,1.63e-5,8.8e-6,3.25e-5,0.0,0.0,0.0,0.00024649999999999813,0.4060589486022497,6.60612736280971e-6,-2.8316564960291655e-15,1.0093763982421677e-6,0.0,6.52783158359585e-6,1.0093763982421677e-6,100.0,diag_feasible,0,0,0,0,0,0,20,2.45587757400087e-14,1.12.6,lbt,1,1,Intel(R) Core(TM) 7 150U,NT,6407b28
degen-r20-m1-d0-p2,100,Newton-SIN-BH,1e-7*n,9.999999999999999e-6,2,3,0.0059209,0.0049838,84.17301423770036,0.0,4.7e-6,0.0,0.0007291,0.0,0.0,0.0002032999999999998,0.4060519408312716,1.5669874934752627e-5,-3.3928875192551235e-15,5.897493141615584e-6,5.897493141615584e-6,9.528237584755368e-6,5.897493141615584e-6,NaN,converged,6,6,0,0,0,0,2,2.45587757400087e-14,1.12.6,lbt,1,1,Intel(R) Core(TM) 7 150U,NT,6407b28
degen-r20-m1-d0-p2,100,Newton-SIN,1e-7*n,9.999999999999999e-6,2,5,0.0098963,0.0090434,91.38162747693582,0.0,5.3e-6,0.0,0.0006931,0.0,0.0,0.00015450000000000023,0.4060519408312716,1.5669874934752627e-5,-3.3928875192551235e-15,5.897493141615584e-6,5.897493141615584e-6,9.528237584755368e-6,5.897493141615584e-6,NaN,converged,6,6,0,0,0,0,2,2.45587757400087e-14,1.12.6,lbt,1,1,Intel(R) Core(TM) 7 150U,NT,6407b28
degen-r20-m1-d0-p2,100,AGD-SDAJ-BH,1e-7*n,9.999999999999999e-6,3,15,0.0225945,0.0221888,98.20443028170573,0.0,1.24e-5,0.0,0.0,0.0,0.0,0.00039329999999999845,0.4060652632179203,1.0599748103824756e-5,-2.5522013008547873e-15,3.045520001743185e-6,3.045520001743185e-6,6.013302776306093e-6,3.045520001743185e-6,NaN,diag_feasible_at_xpre,0,0,0,0,0,0,3,2.45587757400087e-14,1.12.6,lbt,1,1,Intel(R) Core(TM) 7 150U,NT,6407b28
degen-r20-m1-d0-p2,100,AGD-SDAJ,1e-7*n,9.999999999999999e-6,3,15,0.0176625,0.0173614,98.29525831564047,0.0,9.4e-6,0.0,0.0,0.0,0.0,0.00029170000000000205,0.4060652632179203,1.0599748103824756e-5,-2.5522013008547873e-15,3.045520001743185e-6,3.045520001743185e-6,6.013302776306093e-6,3.045520001743185e-6,NaN,diag_feasible_at_xpre,0,0,0,0,0,0,3,2.45587757400087e-14,1.12.6,lbt,1,1,Intel(R) Core(TM) 7 150U,NT,6407b28
degen-r20-m1-d0-p2,100,Dykstra-APM,1e-7*n,9.999999999999999e-6,44,44,0.0484496,0.0453423,93.58653115815197,0.0,0.0,0.0,0.0,0.0021135,0.0,0.0009938000000000004,0.406041913115222,1.969063796875821e-5,-3.4587653943866283e-15,1.3705675117048344e-6,1.3705675117048344e-6,8.88853790532487e-6,1.3705675117048344e-6,NaN,diag_feasible,0,0,0,0,0,0,44,2.45587757400087e-14,1.12.6,lbt,1,1,Intel(R) Core(TM) 7 150U,NT,6407b28
degen-r20-m1-d0-p2,100,Anderson-APM,1e-7*n,9.999999999999999e-6,12,12,0.0135395,0.0113363,83.7276118025038,0.0,0.0,0.0,0.0,0.0,0.0016597,0.0005434999999999988,0.40606119391859186,1.3682587042352377e-5,-3.4702769876189865e-15,3.1921674691348656e-6,3.1921674691348656e-6,7.606120032950981e-6,3.1921674691348656e-6,NaN,diag_feasible,0,0,0,0,0,0,12,2.45587757400087e-14,1.12.6,lbt,1,1,Intel(R) Core(TM) 7 150U,NT,6407b28
degen-r20-m1-d0-p3,100,SBB-Dual,1e-7*n,9.999999999999999e-6,20,21,0.0194588,0.0191527,98.42693280161163,1.43e-5,8.8e-6,3.21e-5,0.0,0.0,0.0,0.0002508999999999966,0.40637818044975843,6.842676127285723e-6,-3.1753448781008497e-15,1.0988508254428098e-6,0.0,6.052024424012331e-6,1.0988508254428098e-6,100.0,diag_feasible,0,0,0,0,0,0,20,2.0654027705266258e-14,1.12.6,lbt,1,1,Intel(R) Core(TM) 7 150U,NT,6407b28
degen-r20-m1-d0-p3,100,Newton-SIN-BH,1e-7*n,9.999999999999999e-6,3,4,0.0053382,0.0041937,78.56018882769472,0.0,3.1e-6,0.0,0.0009935,0.0,0.0,0.0001479000000000005,0.4063781803823399,5.984580604768243e-11,-4.0271015640983746e-15,1.553912554186354e-11,1.553912554186354e-11,3.5309542932228905e-11,1.553912554186354e-11,NaN,converged,13,13,0,0,0,0,3,2.0654027705266258e-14,1.12.6,lbt,1,1,Intel(R) Core(TM) 7 150U,NT,6407b28
degen-r20-m1-d0-p3,100,Newton-SIN,1e-7*n,9.999999999999999e-6,3,7,0.0101127,0.0087671,86.69395908115537,0.0,4.0e-6,0.0,0.0012082,0.0,0.0,0.00013340000000000053,0.4063781803823399,5.984580604768243e-11,-4.0271015640983746e-15,1.553912554186354e-11,1.553912554186354e-11,3.5309542932228905e-11,1.553912554186354e-11,NaN,converged,13,13,0,0,0,0,3,2.0654027705266258e-14,1.12.6,lbt,1,1,Intel(R) Core(TM) 7 150U,NT,6407b28
degen-r20-m1-d0-p3,100,AGD-SDAJ-BH,1e-7*n,9.999999999999999e-6,3,15,0.0158653,0.0156403,98.58181061814149,0.0,7.5e-6,0.0,0.0,0.0,0.0,0.0002174999999999995,0.40638342322752175,8.726787772357244e-6,-3.702968592582849e-15,2.954210859495987e-6,2.954210859495987e-6,4.952771907916151e-6,2.954210859495987e-6,NaN,diag_feasible_at_xpre,0,0,0,0,0,0,3,2.0654027705266258e-14,1.12.6,lbt,1,1,Intel(R) Core(TM) 7 150U,NT,6407b28
degen-r20-m1-d0-p3,100,AGD-SDAJ,1e-7*n,9.999999999999999e-6,3,15,0.0183829,0.0180916,98.41537515843528,0.0,1.14e-5,0.0,0.0,0.0,0.0,0.0002799000000000013,0.40638342322752175,8.726787772357244e-6,-3.702968592582849e-15,2.954210859495987e-6,2.954210859495987e-6,4.952771907916151e-6,2.954210859495987e-6,NaN,diag_feasible_at_xpre,0,0,0,0,0,0,3,2.0654027705266258e-14,1.12.6,lbt,1,1,Intel(R) Core(TM) 7 150U,NT,6407b28
degen-r20-m1-d0-p3,100,Dykstra-APM,1e-7*n,9.999999999999999e-6,44,44,0.0468784,0.0440598,93.98742277893444,0.0,0.0,0.0,0.0,0.0018906,0.0,0.0009279999999999974,0.40636215906255585,1.8453557131059254e-5,-3.0493740962352818e-15,1.5040838183821847e-6,1.5040838183821847e-6,8.355961766597432e-6,1.5040838183821847e-6,NaN,diag_feasible,0,0,0,0,0,0,44,2.0654027705266258e-14,1.12.6,lbt,1,1,Intel(R) Core(TM) 7 150U,NT,6407b28
degen-r20-m1-d0-p3,100,Anderson-APM,1e-7*n,9.999999999999999e-6,12,12,0.013359,0.0111423,83.40669211767349,0.0,0.0,0.0,0.0,0.0,0.0016011,0.0006155999999999985,0.40638035046536136,1.4660894318187033e-5,-3.4126140236282952e-15,4.094536952381489e-6,4.094536952381489e-6,8.094503699038597e-6,4.094536952381489e-6,NaN,diag_feasible,0,0,0,0,0,0,12,2.0654027705266258e-14,1.12.6,lbt,1,1,Intel(R) Core(TM) 7 150U,NT,6407b28
degen-r20-m1-d0-p4,100,SBB-Dual,1e-7*n,9.999999999999999e-6,20,21,0.0197207,0.0193936,98.34133676796462,1.53e-5,1.0e-5,3.44e-5,0.0,0.0,0.0,0.00026740000000000027,0.4061830487904906,7.056416346986938e-6,-3.4354142897420862e-15,1.1653954732349092e-6,0.0,6.481737980313923e-6,1.1653954732349092e-6,100.0,diag_feasible,0,0,0,0,0,0,20,2.2291442631184124e-14,1.12.6,lbt,1,1,Intel(R) Core(TM) 7 150U,NT,6407b28
degen-r20-m1-d0-p4,100,Newton-SIN-BH,1e-7*n,9.999999999999999e-6,3,4,0.0057072,0.004591700000000001,80.45451359686012,0.0,3.6e-6,0.0,0.0009448,0.0,0.0,0.00016709999999999924,0.40618304869897487,1.8818369701461152e-10,-3.108232645913224e-15,3.6443070783320763e-11,3.6443070783320763e-11,1.0950440864025804e-10,3.6443070783320763e-11,NaN,converged,13,13,0,0,0,0,3,2.2291442631184124e-14,1.12.6,lbt,1,1,Intel(R) Core(TM) 7 150U,NT,6407b28
degen-r20-m1-d0-p4,100,Newton-SIN,1e-7*n,9.999999999999999e-6,3,7,0.0124982,0.0110169,88.14789329663472,0.0,4.5e-6,0.0,0.0013153,0.0,0.0,0.00016149999999999975,0.40618304869897487,1.8818369701461152e-10,-3.108232645913224e-15,3.6443070783320763e-11,3.6443070783320763e-11,1.0950440864025804e-10,3.6443070783320763e-11,NaN,converged,13,13,0,0,0,0,3,2.2291442631184124e-14,1.12.6,lbt,1,1,Intel(R) Core(TM) 7 150U,NT,6407b28
degen-r20-m1-d0-p4,100,AGD-SDAJ-BH,1e-7*n,9.999999999999999e-6,3,15,0.0229917,0.022640100000000003,98.47075248894167,0.0,1.29e-5,0.0,0.0,0.0,0.0,0.00033869999999999707,0.4061871271635913,6.111818564592845e-6,-3.1673193592717765e-15,1.3059817840499477e-6,1.3059817840499477e-6,3.2007203527773503e-6,1.3059817840499477e-6,NaN,diag_feasible_at_xpre,0,0,0,0,0,0,3,2.2291442631184124e-14,1.12.6,lbt,1,1,Intel(R) Core(TM) 7 150U,NT,6407b28
degen-r20-m1-d0-p4,100,AGD-SDAJ,1e-7*n,9.999999999999999e-6,3,15,0.0148542,0.014625099999999999,98.4576752702939,0.0,7.4e-6,0.0,0.0,0.0,0.0,0.0002217000000000012,0.4061871271635913,6.111818564592845e-6,-3.1673193592717765e-15,1.3059817840499477e-6,1.3059817840499477e-6,3.2007203527773503e-6,1.3059817840499477e-6,NaN,diag_feasible_at_xpre,0,0,0,0,0,0,3,2.2291442631184124e-14,1.12.6,lbt,1,1,Intel(R) Core(TM) 7 150U,NT,6407b28
degen-r20-m1-d0-p4,100,Dykstra-APM,1e-7*n,9.999999999999999e-6,44,44,0.0453127,0.0424649,93.71522773968445,0.0,0.0,0.0,0.0,0.0019343,0.0,0.0009134999999999976,0.4061661558270631,1.9566564521718033e-5,-3.138790330363579e-15,1.5758617639693995e-6,1.5758617639693995e-6,8.834153535595508e-6,1.5758617639693995e-6,NaN,diag_feasible,0,0,0,0,0,0,44,2.2291442631184124e-14,1.12.6,lbt,1,1,Intel(R) Core(TM) 7 150U,NT,6407b28
degen-r20-m1-d0-p4,100,Anderson-APM,1e-7*n,9.999999999999999e-6,12,12,0.0177661,0.0147306,82.91408919233822,0.0,0.0,0.0,0.0,0.0,0.0024414,0.0005941000000000002,0.40618512245274857,1.3188537922919002e-5,-3.414881043272742e-15,3.627794890492808e-6,3.627794890492808e-6,7.316616363500139e-6,3.627794890492808e-6,NaN,diag_feasible,0,0,0,0,0,0,12,2.2291442631184124e-14,1.12.6,lbt,1,1,Intel(R) Core(TM) 7 150U,NT,6407b28
degen-r20-m5-d0.01-p0,100,SBB-Dual,1e-7*n,9.999999999999999e-6,20,21,0.0272022,0.0268126,98.56776290153003,2.18e-5,1.29e-5,3.68e-5,0.0,0.0,0.0,0.0003181000000000004,0.4214867308673859,7.371157627737031e-6,-3.431391367413847e-15,1.2382524021692376e-6,0.0,7.4329681426497815e-6,1.2382524021692376e-6,100.0,diag_feasible,0,0,0,0,0,0,20,1.4616624776151618e-14,1.12.6,lbt,1,1,Intel(R) Core(TM) 7 150U,NT,6407b28
degen-r20-m5-d0.01-p0,100,Newton-SIN-BH,1e-7*n,9.999999999999999e-6,3,4,0.0053549,0.004255699999999999,79.47300603185866,0.0,2.9e-6,0.0,0.0009389,0.0,0.0,0.0001574000000000008,0.4214867307963867,1.4368147823813566e-10,-4.368726070603788e-15,2.830624623584299e-11,2.830624623584299e-11,8.531380340233763e-11,2.830624623584299e-11,NaN,converged,13,13,0,0,0,0,3,1.4616624776151618e-14,1.12.6,lbt,1,1,Intel(R) Core(TM) 7 150U,NT,6407b28
degen-r20-m5-d0.01-p0,100,Newton-SIN,1e-7*n,9.999999999999999e-6,3,7,0.0081028,0.0071117,87.76842572937751,0.0,3.1e-6,0.0,0.0008657,0.0,0.0,0.0001223,0.4214867307963867,1.4368147823813566e-10,-4.368726070603788e-15,2.830624623584299e-11,2.830624623584299e-11,8.531380340233763e-11,2.830624623584299e-11,NaN,converged,13,13,0,0,0,0,3,1.4616624776151618e-14,1.12.6,lbt,1,1,Intel(R) Core(TM) 7 150U,NT,6407b28
degen-r20-m5-d0.01-p0,100,AGD-SDAJ-BH,1e-7*n,9.999999999999999e-6,3,19,0.0258008,0.0254176,98.51477473566712,0.0,1.26e-5,0.0,0.0,0.0,0.0,0.0003706000000000002,0.4214834275592451,5.156594083876505e-6,-3.4953837656600893e-15,8.688771023779296e-7,8.688771023779296e-7,2.6535808685031816e-6,8.688771023779296e-7,NaN,diag_feasible,0,0,0,0,0,0,3,1.4616624776151618e-14,1.12.6,lbt,1,1,Intel(R) Core(TM) 7 150U,NT,6407b28
degen-r20-m5-d0.01-p0,100,AGD-SDAJ,1e-7*n,9.999999999999999e-6,3,19,0.0284006,0.0280088,98.62045168059831,0.0,1.58e-5,0.0,0.0,0.0,0.0,0.00037600000000000117,0.4214834275592451,5.156594083876505e-6,-3.4953837656600893e-15,8.688771023779296e-7,8.688771023779296e-7,2.6535808685031816e-6,8.688771023779296e-7,NaN,diag_feasible,0,0,0,0,0,0,3,1.4616624776151618e-14,1.12.6,lbt,1,1,Intel(R) Core(TM) 7 150U,NT,6407b28
degen-r20-m5-d0.01-p0,100,Dykstra-APM,1e-7*n,9.999999999999999e-6,44,44,0.0502754,0.0472153,93.91332540367657,0.0,0.0,0.0,0.0,0.0020749,0.0,0.000985199999999996,0.4214692231369085,2.2341079428673808e-5,-3.211901920047182e-15,1.640146083170535e-6,1.640146083170535e-6,9.881630655144712e-6,1.640146083170535e-6,NaN,diag_feasible,0,0,0,0,0,0,44,1.4616624776151618e-14,1.12.6,lbt,1,1,Intel(R) Core(TM) 7 150U,NT,6407b28
degen-r20-m5-d0.01-p0,100,Anderson-APM,1e-7*n,9.999999999999999e-6,12,12,0.0134465,0.0113143,84.14308556129848,0.0,0.0,0.0,0.0,0.0,0.0016144,0.0005178000000000008,0.4214762791180607,1.5098894136733971e-5,-3.3279027482871165e-15,2.706214452308231e-6,2.706214452308231e-6,7.152196550618025e-6,2.706214452308231e-6,NaN,diag_feasible,0,0,0,0,0,0,12,1.4616624776151618e-14,1.12.6,lbt,1,1,Intel(R) Core(TM) 7 150U,NT,6407b28
degen-r20-m5-d0.01-p1,100,SBB-Dual,1e-7*n,9.999999999999999e-6,20,21,0.0286001,0.0282584,98.80524893269603,1.96e-5,1.17e-5,3.47e-5,0.0,0.0,0.0,0.00027570000000000036,0.4172996318251516,7.201269805494275e-6,-3.029855091492595e-15,1.2053232745223852e-6,0.0,7.2499276236759905e-6,1.2053232745223852e-6,100.0,diag_feasible,0,0,0,0,0,0,20,7.501526487047494e-14,1.12.6,lbt,1,1,Intel(R) Core(TM) 7 150U,NT,6407b28
degen-r20-m5-d0.01-p1,100,Newton-SIN-BH,1e-7*n,9.999999999999999e-6,3,4,0.0074064,0.0060196,81.2756534888745,0.0,5.0e-6,0.0,0.0011764,0.0,0.0,0.00020539999999999968,0.41729963176810647,1.52488472162163e-10,-3.0859192308800094e-15,8.35431723800184e-11,8.35431723800184e-11,8.997470371661763e-11,8.35431723800184e-11,NaN,converged,13,13,0,0,0,0,3,7.501526487047494e-14,1.12.6,lbt,1,1,Intel(R) Core(TM) 7 150U,NT,6407b28
degen-r20-m5-d0.01-p1,100,Newton-SIN,1e-7*n,9.999999999999999e-6,3,7,0.0134706,0.0116206,86.2663875402729,0.0,4.6e-6,0.0,0.0016655,0.0,0.0,0.00017989999999999911,0.41729963176810647,1.52488472162163e-10,-3.0859192308800094e-15,8.35431723800184e-11,8.35431723800184e-11,8.997470371661763e-11,8.35431723800184e-11,NaN,converged,13,13,0,0,0,0,3,7.501526487047494e-14,1.12.6,lbt,1,1,Intel(R) Core(TM) 7 150U,NT,6407b28
degen-r20-m5-d0.01-p1,100,AGD-SDAJ-BH,1e-7*n,9.999999999999999e-6,3,15,0.0206141,0.0203174,98.56069389398519,0.0,1.14e-5,0.0,0.0,0.0,0.0,0.00028530000000000043,0.41728948611022765,1.6324913089496785e-5,-3.35689163817567e-15,5.472343145962455e-6,5.472343145962455e-6,8.946628946750551e-6,5.472343145962455e-6,NaN,diag_feasible_at_xpre,0,0,0,0,0,0,3,7.501526487047494e-14,1.12.6,lbt,1,1,Intel(R) Core(TM) 7 150U,NT,6407b28
degen-r20-m5-d0.01-p1,100,AGD-SDAJ,1e-7*n,9.999999999999999e-6,3,15,0.0151562,0.0149269,98.48708779245457,0.0,6.6e-6,0.0,0.0,0.0,0.0,0.0002227,0.41728948611022765,1.6324913089496785e-5,-3.35689163817567e-15,5.472343145962455e-6,5.472343145962455e-6,8.946628946750551e-6,5.472343145962455e-6,NaN,diag_feasible_at_xpre,0,0,0,0,0,0,3,7.501526487047494e-14,1.12.6,lbt,1,1,Intel(R) Core(TM) 7 150U,NT,6407b28
degen-r20-m5-d0.01-p1,100,Dykstra-APM,1e-7*n,9.999999999999999e-6,44,44,0.0489876,0.045801,93.49508855302157,0.0,0.0,0.0,0.0,0.0021332,0.0,0.0010533999999999977,0.41728235803287117,2.1784282864204733e-5,-3.2601899881276377e-15,1.6007598562239878e-6,1.6007598562239878e-6,9.659653055211608e-6,1.6007598562239878e-6,NaN,diag_feasible,0,0,0,0,0,0,44,7.501526487047494e-14,1.12.6,lbt,1,1,Intel(R) Core(TM) 7 150U,NT,6407b28
degen-r20-m5-d0.01-p1,100,Anderson-APM,1e-7*n,9.999999999999999e-6,14,14,0.0200902,0.0168955,84.09821704114445,0.0,0.0,0.0,0.0,0.0,0.0024404,0.0007542999999999981,0.4173120772139141,1.960063273500683e-5,-3.04869887878483e-15,2.868146125489801e-6,2.868146125489801e-6,9.494200498282838e-6,2.868146125489801e-6,NaN,diag_feasible,0,0,0,0,0,0,14,7.501526487047494e-14,1.12.6,lbt,1,1,Intel(R) Core(TM) 7 150U,NT,6407b28
degen-r20-m5-d0.01-p2,100,SBB-Dual,1e-7*n,9.999999999999999e-6,20,21,0.0199923,0.0196741,98.4083872290832,1.61e-5,9.9e-6,3.39e-5,0.0,0.0,0.0,0.0002583000000000011,0.4215319286601005,6.606376931390642e-6,-2.893627801650412e-15,1.0083787089776308e-6,0.0,7.096440687993548e-6,1.0083787089776308e-6,100.0,diag_feasible,0,0,0,0,0,0,20,2.262132198735421e-14,1.12.6,lbt,1,1,Intel(R) Core(TM) 7 150U,NT,6407b28
degen-r20-m5-d0.01-p2,100,Newton-SIN-BH,1e-7*n,9.999999999999999e-6,3,4,0.0058031,0.0047647,82.10611569678275,0.0,3.0e-6,0.0,0.0008727,0.0,0.0,0.0001627000000000001,0.4215319286025136,5.290696622145928e-11,-2.806573729567043e-15,9.7497565576532e-12,9.7497565576532e-12,3.1657009937052864e-11,9.7497565576532e-12,NaN,converged,13,13,0,0,0,0,3,2.262132198735421e-14,1.12.6,lbt,1,1,Intel(R) Core(TM) 7 150U,NT,6407b28
degen-r20-m5-d0.01-p2,100,Newton-SIN,1e-7*n,9.999999999999999e-6,3,7,0.0081048,0.0071663,88.42044220708715,0.0,3.2e-6,0.0,0.0008227,0.0,0.0,0.000112600000000001,0.4215319286025136,5.290696622145928e-11,-2.806573729567043e-15,9.7497565576532e-12,9.7497565576532e-12,3.1657009937052864e-11,9.7497565576532e-12,NaN,converged,13,13,0,0,0,0,3,2.262132198735421e-14,1.12.6,lbt,1,1,Intel(R) Core(TM) 7 150U,NT,6407b28
degen-r20-m5-d0.01-p2,100,AGD-SDAJ-BH,1e-7*n,9.999999999999999e-6,3,22,0.0228887,0.0225684,98.60061951967565,0.0,1.27e-5,0.0,0.0,0.0,0.0,0.00030760000000000254,0.4215270133988368,7.534217080724321e-6,-3.2746488005273503e-15,1.084097419612462e-6,1.084097419612462e-6,3.8339147888831095e-6,1.084097419612462e-6,NaN,diag_feasible,0,0,3,3,0,0,3,2.262132198735421e-14,1.12.6,lbt,1,1,Intel(R) Core(TM) 7 150U,NT,6407b28
degen-r20-m5-d0.01-p2,100,AGD-SDAJ,1e-7*n,9.999999999999999e-6,3,22,0.0222192,0.021911,98.6129113559444,0.0,1.07e-5,0.0,0.0,0.0,0.0,0.00029750000000000154,0.4215270133988368,7.534217080724321e-6,-3.2746488005273503e-15,1.084097419612462e-6,1.084097419612462e-6,3.8339147888831095e-6,1.084097419612462e-6,NaN,diag_feasible,0,0,3,3,0,0,3,2.262132198735421e-14,1.12.6,lbt,1,1,Intel(R) Core(TM) 7 150U,NT,6407b28
degen-r20-m5-d0.01-p2,100,Dykstra-APM,1e-7*n,9.999999999999999e-6,44,44,0.0587918,0.0489593,83.27572892818387,0.0,0.0,0.0,0.0,0.0069594,0.0,0.002873100000000001,0.4215150225822313,2.1459129652516986e-5,-3.459657532195451e-15,1.3473312829859196e-6,1.3473312829859196e-6,9.512686918301889e-6,1.3473312829859196e-6,NaN,diag_feasible,0,0,0,0,0,0,44,2.262132198735421e-14,1.12.6,lbt,1,1,Intel(R) Core(TM) 7 150U,NT,6407b28
degen-r20-m5-d0.01-p2,100,Anderson-APM,1e-7*n,9.999999999999999e-6,12,12,0.0134153,0.0113037,84.259763106304,0.0,0.0,0.0,0.0,0.0,0.001601,0.0005105999999999999,0.42152540153779594,1.0194443715624897e-5,-3.2722146328054954e-15,1.6547341545880556e-6,1.6547341545880556e-6,4.91187965797753e-6,1.6547341545880556e-6,NaN,diag_feasible,0,0,0,0,0,0,12,2.262132198735421e-14,1.12.6,lbt,1,1,Intel(R) Core(TM) 7 150U,NT,6407b28
degen-r20-m5-d0.01-p3,100,SBB-Dual,1e-7*n,9.999999999999999e-6,20,21,0.0203391,0.0199942,98.30425141722102,1.73e-5,1.01e-5,3.5e-5,0.0,0.0,0.0,0.00028249999999999874,0.42165428472109195,7.395268694375182e-6,-3.4370635854178754e-15,1.1351918962621e-6,0.0,6.9945873778627015e-6,1.1351918962621e-6,100.0,diag_feasible,0,0,0,0,0,0,20,1.783800554131211e-14,1.12.6,lbt,1,1,Intel(R) Core(TM) 7 150U,NT,6407b28
degen-r20-m5-d0.01-p3,100,Newton-SIN-BH,1e-7*n,9.999999999999999e-6,3,4,0.0055806,0.0045265999999999995,81.11314195606207,0.0,3.1e-6,0.0,0.0008995,0.0,0.0,0.0001514000000000002,0.42165428465098864,7.357527979743426e-11,-3.276149606280405e-15,2.8949509456310807e-11,2.8949509456310807e-11,4.524432263080887e-11,2.8949509456310807e-11,NaN,converged,13,13,0,0,0,0,3,1.783800554131211e-14,1.12.6,lbt,1,1,Intel(R) Core(TM) 7 150U,NT,6407b28
degen-r20-m5-d0.01-p3,100,Newton-SIN,1e-7*n,9.999999999999999e-6,3,7,0.0082674,0.0073105999999999996,88.42683310351501,0.0,2.8e-6,0.0,0.0008358,0.0,0.0,0.00011819999999999984,0.42165428465098864,7.357527979743426e-11,-3.276149606280405e-15,2.8949509456310807e-11,2.8949509456310807e-11,4.524432263080887e-11,2.8949509456310807e-11,NaN,converged,13,13,0,0,0,0,3,1.783800554131211e-14,1.12.6,lbt,1,1,Intel(R) Core(TM) 7 150U,NT,6407b28
degen-r20-m5-d0.01-p3,100,AGD-SDAJ-BH,1e-7*n,9.999999999999999e-6,3,15,0.0154436,0.0152242,98.57934678442851,0.0,7.1e-6,0.0,0.0,0.0,0.0,0.0002122999999999998,0.4216462094865895,1.3434809235899467e-5,-3.401568383119164e-15,2.753808306943384e-6,2.753808306943384e-6,7.291024782498759e-6,2.753808306943384e-6,NaN,diag_feasible_at_xpre,0,0,0,0,0,0,3,1.783800554131211e-14,1.12.6,lbt,1,1,Intel(R) Core(TM) 7 150U,NT,6407b28
degen-r20-m5-d0.01-p3,100,AGD-SDAJ,1e-7*n,9.999999999999999e-6,3,15,0.014831,0.014606300000000001,98.48493021374149,0.0,7.9e-6,0.0,0.0,0.0,0.0,0.00021679999999999955,0.4216462094865895,1.3434809235899467e-5,-3.401568383119164e-15,2.753808306943384e-6,2.753808306943384e-6,7.291024782498759e-6,2.753808306943384e-6,NaN,diag_feasible_at_xpre,0,0,0,0,0,0,3,1.783800554131211e-14,1.12.6,lbt,1,1,Intel(R) Core(TM) 7 150U,NT,6407b28
degen-r20-m5-d0.01-p3,100,Dykstra-APM,1e-7*n,9.999999999999999e-6,44,44,0.0509483,0.0477054,93.6349201052832,0.0,0.0,0.0,0.0,0.0021248,0.0,0.0011181,0.42163763094172485,2.120323132336932e-5,-3.280164551667587e-15,1.5216874229562194e-6,1.5216874229562194e-6,9.400936066374539e-6,1.5216874229562194e-6,NaN,diag_feasible,0,0,0,0,0,0,44,1.783800554131211e-14,1.12.6,lbt,1,1,Intel(R) Core(TM) 7 150U,NT,6407b28
degen-r20-m5-d0.01-p3,100,Anderson-APM,1e-7*n,9.999999999999999e-6,13,13,0.0145325,0.0122557,84.33304661964563,0.0,0.0,0.0,0.0,0.0,0.0017466,0.0005302000000000006,0.4216507428775382,1.5135404735520045e-5,-3.890423596714129e-15,5.000221688478135e-6,5.000221688478135e-6,8.080182951471124e-6,5.000221688478135e-6,NaN,diag_feasible,0,0,0,0,0,0,13,1.783800554131211e-14,1.12.6,lbt,1,1,Intel(R) Core(TM) 7 150U,NT,6407b28
degen-r20-m5-d0.01-p4,100,SBB-Dual,1e-7*n,9.999999999999999e-6,20,21,0.0197641,0.019448899999999998,98.40518920669294,1.66e-5,8.8e-6,3.5e-5,0.0,0.0,0.0,0.0002548000000000016,0.42207166286509146,7.344402217103681e-6,-3.76874228251349e-15,1.2023287196960553e-6,0.0,7.224148062476572e-6,1.2023287196960553e-6,100.0,diag_feasible,0,0,0,0,0,0,20,1.6161659608148648e-14,1.12.6,lbt,1,1,Intel(R) Core(TM) 7 150U,NT,6407b28
degen-r20-m5-d0.01-p4,100,Newton-SIN-BH,1e-7*n,9.999999999999999e-6,3,4,0.0061356,0.004916,80.12256340048243,0.0,3.6e-6,0.0,0.0010449,0.0,0.0,0.00017109999999999933,0.42207166279079494,1.7175010481102382e-10,-3.0848402062749308e-15,4.979483492206782e-11,4.979483492206782e-11,1.050741962004577e-10,4.979483492206782e-11,NaN,converged,13,13,0,0,0,0,3,1.6161659608148648e-14,1.12.6,lbt,1,1,Intel(R) Core(TM) 7 150U,NT,6407b28
degen-r20-m5-d0.01-p4,100,Newton-SIN,1e-7*n,9.999999999999999e-6,3,7,0.0079377,0.0069755,87.87810070927345,0.0,2.9e-6,0.0,0.0008368,0.0,0.0,0.00012250000000000075,0.42207166279079494,1.7175010481102382e-10,-3.0848402062749308e-15,4.979483492206782e-11,4.979483492206782e-11,1.050741962004577e-10,4.979483492206782e-11,NaN,converged,13,13,0,0,0,0,3,1.6161659608148648e-14,1.12.6,lbt,1,1,Intel(R) Core(TM) 7 150U,NT,6407b28
degen-r20-m5-d0.01-p4,100,AGD-SDAJ-BH,1e-7*n,9.999999999999999e-6,3,21,0.0267689,0.026478300000000003,98.91441187348005,0.0,9.5e-6,0.0,0.0,0.0,0.0,0.0002810999999999985,0.4220652869457366,9.51649542537019e-6,-3.1311875503481905e-15,2.7985120821805154e-6,2.7985120821805154e-6,4.927149410925846e-6,2.7985120821805154e-6,NaN,diag_feasible,0,0,2,2,0,0,3,1.6161659608148648e-14,1.12.6,lbt,1,1,Intel(R) Core(TM) 7 150U,NT,6407b28
degen-r20-m5-d0.01-p4,100,AGD-SDAJ,1e-7*n,9.999999999999999e-6,3,21,0.0228844,0.0225688,98.62089458320952,0.0,1.15e-5,0.0,0.0,0.0,0.0,0.0003040999999999992,0.4220652869457366,9.51649542537019e-6,-3.1311875503481905e-15,2.7985120821805154e-6,2.7985120821805154e-6,4.927149410925846e-6,2.7985120821805154e-6,NaN,diag_feasible,0,0,2,2,0,0,3,1.6161659608148648e-14,1.12.6,lbt,1,1,Intel(R) Core(TM) 7 150U,NT,6407b28
degen-r20-m5-d0.01-p4,100,Dykstra-APM,1e-7*n,9.999999999999999e-6,44,44,0.0440915,0.0412515,93.55884921129925,0.0,0.0,0.0,0.0,0.0019345,0.0,0.0009054999999999953,0.42205460908534814,2.1796330928186695e-5,-3.2408981476668494e-15,1.59653902875867e-6,1.59653902875867e-6,9.648295273731057e-6,1.59653902875867e-6,NaN,diag_feasible,0,0,0,0,0,0,44,1.6161659608148648e-14,1.12.6,lbt,1,1,Intel(R) Core(TM) 7 150U,NT,6407b28
degen-r20-m5-d0.01-p4,100,Anderson-APM,1e-7*n,9.999999999999999e-6,13,13,0.0144819,0.0121474,83.87987764036487,0.0,0.0,0.0,0.0,0.0,0.0017808,0.0005537000000000016,0.42207669042093954,1.070573369334997e-5,-4.364155124750763e-15,2.3355646756595405e-6,2.3355646756595405e-6,5.612774752657599e-6,2.3355646756595405e-6,NaN,diag_feasible,0,0,0,0,0,0,13,1.6161659608148648e-14,1.12.6,lbt,1,1,Intel(R) Core(TM) 7 150U,NT,6407b28
degen-r20-m5-d0.0001-p0,100,SBB-Dual,1e-7*n,9.999999999999999e-6,18,19,0.0263395,0.025908,98.36177603978817,2.48e-5,1.51e-5,3.23e-5,0.0,0.0,0.0,0.00035929999999999784,0.4290842112295919,8.137753680672676e-6,-3.579081166308923e-15,1.44169647331438e-6,0.0,8.196654333352537e-6,1.44169647331438e-6,100.0,diag_feasible,0,0,0,0,0,0,18,3.019418840363576e-14,1.12.6,lbt,1,1,Intel(R) Core(TM) 7 150U,NT,6407b28
degen-r20-m5-d0.0001-p0,100,Newton-SIN-BH,1e-7*n,9.999999999999999e-6,3,4,0.0050704,0.004108799999999999,81.03502682234141,0.0,3.3e-6,0.0,0.0008107,0.0,0.0,0.00014760000000000077,0.4290842111707736,2.140659427699952e-9,-3.1232812774325117e-15,7.404259427801207e-10,7.404259427801207e-10,1.3050875823927689e-9,7.404259427801207e-10,NaN,converged,12,12,0,0,0,0,3,3.019418840363576e-14,1.12.6,lbt,1,1,Intel(R) Core(TM) 7 150U,NT,6407b28
degen-r20-m5-d0.0001-p0,100,Newton-SIN,1e-7*n,9.999999999999999e-6,3,7,0.0077667,0.0068557,88.27043660756821,0.0,2.9e-6,0.0,0.0007951,0.0,0.0,0.0001129999999999995,0.4290842111707736,2.140659427699952e-9,-3.1232812774325117e-15,7.404259427801207e-10,7.404259427801207e-10,1.3050875823927689e-9,7.404259427801207e-10,NaN,converged,12,12,0,0,0,0,3,3.019418840363576e-14,1.12.6,lbt,1,1,Intel(R) Core(TM) 7 150U,NT,6407b28
degen-r20-m5-d0.0001-p0,100,AGD-SDAJ-BH,1e-7*n,9.999999999999999e-6,3,21,0.0205322,0.0202404,98.5788176620138,0.0,1.02e-5,0.0,0.0,0.0,0.0,0.0002816000000000018,0.42909283995634756,1.2351525886276243e-5,-3.1602293830932437e-15,3.241983811852478e-6,3.241983811852478e-6,6.153780920834072e-6,3.241983811852478e-6,NaN,diag_feasible,0,0,2,2,0,0,3,3.019418840363576e-14,1.12.6,lbt,1,1,Intel(R) Core(TM) 7 150U,NT,6407b28
degen-r20-m5-d0.0001-p0,100,AGD-SDAJ,1e-7*n,9.999999999999999e-6,3,21,0.0289346,0.0285493,98.66837626924166,0.0,1.5e-5,0.0,0.0,0.0,0.0,0.00037030000000000163,0.42909283995634756,1.2351525886276243e-5,-3.1602293830932437e-15,3.241983811852478e-6,3.241983811852478e-6,6.153780920834072e-6,3.241983811852478e-6,NaN,diag_feasible,0,0,2,2,0,0,3,3.019418840363576e-14,1.12.6,lbt,1,1,Intel(R) Core(TM) 7 150U,NT,6407b28
degen-r20-m5-d0.0001-p0,100,Dykstra-APM,1e-7*n,9.999999999999999e-6,41,41,0.0480222,0.0452363,94.19872475646679,0.0,0.0,0.0,0.0,0.0018605,0.0,0.0009254000000000009,0.4290690237485911,1.9881176934776436e-5,-3.0782307380099905e-15,1.5643605499882085e-6,1.5643605499882085e-6,8.794974358495716e-6,1.5643605499882085e-6,NaN,diag_feasible,0,0,0,0,0,0,41,3.019418840363576e-14,1.12.6,lbt,1,1,Intel(R) Core(TM) 7 150U,NT,6407b28
degen-r20-m5-d0.0001-p0,100,Anderson-APM,1e-7*n,9.999999999999999e-6,14,14,0.0157706,0.013205,83.7317540233092,0.0,0.0,0.0,0.0,0.0,0.0020203,0.0005452999999999994,0.429095407401483,1.6280199379015207e-5,-3.2115230860722426e-15,1.3744015513461605e-6,1.3744015513461605e-6,7.830544753143829e-6,1.3744015513461605e-6,NaN,diag_feasible,0,0,0,0,0,0,14,3.019418840363576e-14,1.12.6,lbt,1,1,Intel(R) Core(TM) 7 150U,NT,6407b28
degen-r20-m5-d0.0001-p1,100,SBB-Dual,1e-7*n,9.999999999999999e-6,18,19,0.0289423,0.0284822,98.41028529177018,2.72e-5,1.74e-5,3.53e-5,0.0,0.0,0.0,0.0003802000000000015,0.4238709589780487,8.783034257020312e-6,-3.180845234928488e-15,1.556236150168644e-6,0.0,8.824906250917172e-6,1.556236150168644e-6,100.0,diag_feasible,0,0,0,0,0,0,18,1.7701356353232222e-14,1.12.6,lbt,1,1,Intel(R) Core(TM) 7 150U,NT,6407b28
degen-r20-m5-d0.0001-p1,100,Newton-SIN-BH,1e-7*n,9.999999999999999e-6,3,4,0.0052224,0.0042139000000000005,80.68895526960785,0.0,3.1e-6,0.0,0.0008481,0.0,0.0,0.00015729999999999987,0.4238709589016537,2.238153568010161e-9,-3.2402638463248706e-15,7.103087007465092e-10,7.103087007465092e-10,1.3240999863712027e-9,7.103087007465092e-10,NaN,converged,12,12,0,0,0,0,3,1.7701356353232222e-14,1.12.6,lbt,1,1,Intel(R) Core(TM) 7 150U,NT,6407b28
degen-r20-m5-d0.0001-p1,100,Newton-SIN,1e-7*n,9.999999999999999e-6,3,7,0.0149471,0.012817499999999999,85.75242020191207,0.0,5.4e-6,0.0,0.0019563,0.0,0.0,0.00016790000000000077,0.4238709589016537,2.238153568010161e-9,-3.2402638463248706e-15,7.103087007465092e-10,7.103087007465092e-10,1.3240999863712027e-9,7.103087007465092e-10,NaN,converged,12,12,0,0,0,0,3,1.7701356353232222e-14,1.12.6,lbt,1,1,Intel(R) Core(TM) 7 150U,NT,6407b28
degen-r20-m5-d0.0001-p1,100,AGD-SDAJ-BH,1e-7*n,9.999999999999999e-6,3,20,0.0194068,0.0191221,98.53298843704269,0.0,9.0e-6,0.0,0.0,0.0,0.0,0.00027569999999999884,0.42387700563402786,8.643343904287535e-6,-4.00100573276377e-15,1.6152688172565988e-6,1.6152688172565988e-6,4.236545709063028e-6,1.6152688172565988e-6,NaN,diag_feasible,0,0,1,1,0,0,3,1.7701356353232222e-14,1.12.6,lbt,1,1,Intel(R) Core(TM) 7 150U,NT,6407b28
degen-r20-m5-d0.0001-p1,100,AGD-SDAJ,1e-7*n,9.999999999999999e-6,3,20,0.0197269,0.0194371,98.53093998550203,0.0,1.01e-5,0.0,0.0,0.0,0.0,0.0002796999999999998,0.42387700563402786,8.643343904287535e-6,-4.00100573276377e-15,1.6152688172565988e-6,1.6152688172565988e-6,4.236545709063028e-6,1.6152688172565988e-6,NaN,diag_feasible,0,0,1,1,0,0,3,1.7701356353232222e-14,1.12.6,lbt,1,1,Intel(R) Core(TM) 7 150U,NT,6407b28
degen-r20-m5-d0.0001-p1,100,Dykstra-APM,1e-7*n,9.999999999999999e-6,41,41,0.0508525,0.0479733,94.33813480163218,0.0,0.0,0.0,0.0,0.0018575,0.0,0.0010216999999999984,0.42385461089065884,2.107888986829695e-5,-3.358707843468894e-15,1.6672737606082677e-6,1.6672737606082677e-6,9.349515333577348e-6,1.6672737606082677e-6,NaN,diag_feasible,0,0,0,0,0,0,41,1.7701356353232222e-14,1.12.6,lbt,1,1,Intel(R) Core(TM) 7 150U,NT,6407b28
degen-r20-m5-d0.0001-p1,100,Anderson-APM,1e-7*n,9.999999999999999e-6,12,12,0.0140239,0.0116174,82.84000884204822,0.0,0.0,0.0,0.0,0.0,0.0018922,0.0005143000000000007,0.4238771270237675,1.7410962480931652e-5,-3.498842457238181e-15,2.9659989504438045e-6,2.9659989504438045e-6,9.476720415319324e-6,2.9659989504438045e-6,NaN,diag_feasible,0,0,0,0,0,0,12,1.7701356353232222e-14,1.12.6,lbt,1,1,Intel(R) Core(TM) 7 150U,NT,6407b28
degen-r20-m5-d0.0001-p2,100,SBB-Dual,1e-7*n,9.999999999999999e-6,18,19,0.0256444,0.0252076,98.29670415373337,2.21e-5,1.87e-5,5.38e-5,0.0,0.0,0.0,0.00034220000000000105,0.4291127771373768,7.411529591065848e-6,-3.507717446219529e-15,1.1698179465113867e-6,0.0,7.953367718809481e-6,1.1698179465113867e-6,100.0,diag_feasible,0,0,0,0,0,0,18,1.4273599921707572e-14,1.12.6,lbt,1,1,Intel(R) Core(TM) 7 150U,NT,6407b28
degen-r20-m5-d0.0001-p2,100,Newton-SIN-BH,1e-7*n,9.999999999999999e-6,3,4,0.0083405,0.0066942,80.2613752173131,0.0,5.4e-6,0.0,0.0013651,0.0,0.0,0.00027580000000000074,0.4291127770759485,1.8825130042982667e-9,-3.267391794847507e-15,8.96537288852528e-10,8.96537288852528e-10,1.1837184168344302e-9,8.96537288852528e-10,NaN,converged,12,12,0,0,0,0,3,1.4273599921707572e-14,1.12.6,lbt,1,1,Intel(R) Core(TM) 7 150U,NT,6407b28
degen-r20-m5-d0.0001-p2,100,Newton-SIN,1e-7*n,9.999999999999999e-6,3,7,0.0076876,0.0067988,88.43852437691866,0.0,3.2e-6,0.0,0.00077,0.0,0.0,0.00011560000000000042,0.4291127770759485,1.8825130042982667e-9,-3.267391794847507e-15,8.96537288852528e-10,8.96537288852528e-10,1.1837184168344302e-9,8.96537288852528e-10,NaN,converged,12,12,0,0,0,0,3,1.4273599921707572e-14,1.12.6,lbt,1,1,Intel(R) Core(TM) 7 150U,NT,6407b28
degen-r20-m5-d0.0001-p2,100,AGD-SDAJ-BH,1e-7*n,9.999999999999999e-6,3,21,0.0233141,0.0229876,98.59955992296507,0.0,1.11e-5,0.0,0.0,0.0,0.0,0.0003154000000000004,0.4291210880024834,1.1989761547160866e-5,-3.0939532787767587e-15,2.2609666702200215e-6,2.2609666702200215e-6,6.029443211387956e-6,2.2609666702200215e-6,NaN,diag_feasible,0,0,2,2,0,0,3,1.4273599921707572e-14,1.12.6,lbt,1,1,Intel(R) Core(TM) 7 150U,NT,6407b28
degen-r20-m5-d0.0001-p2,100,AGD-SDAJ,1e-7*n,9.999999999999999e-6,3,21,0.0276353,0.0272441,98.58441920297591,0.0,1.44e-5,0.0,0.0,0.0,0.0,0.00037680000000000124,0.4291210880024834,1.1989761547160866e-5,-3.0939532787767587e-15,2.2609666702200215e-6,2.2609666702200215e-6,6.029443211387956e-6,2.2609666702200215e-6,NaN,diag_feasible,0,0,2,2,0,0,3,1.4273599921707572e-14,1.12.6,lbt,1,1,Intel(R) Core(TM) 7 150U,NT,6407b28
degen-r20-m5-d0.0001-p2,100,Dykstra-APM,1e-7*n,9.999999999999999e-6,41,41,0.0659299,0.062629,94.99331866118408,0.0,0.0,0.0,0.0,0.0024448,0.0,0.0008560999999999955,0.42909791460612673,1.9333053405315905e-5,-3.148049912336831e-15,1.2915800038371117e-6,1.2915800038371117e-6,8.57179718473251e-6,1.2915800038371117e-6,NaN,diag_feasible,0,0,0,0,0,0,41,1.4273599921707572e-14,1.12.6,lbt,1,1,Intel(R) Core(TM) 7 150U,NT,6407b28
degen-r20-m5-d0.0001-p2,100,Anderson-APM,1e-7*n,9.999999999999999e-6,14,14,0.0250637,0.0210876,84.1360214174284,0.0,0.0,0.0,0.0,0.0,0.0032732,0.0007028999999999998,0.4291183574575112,8.488650350293427e-6,-3.154107881360202e-15,8.145413541438273e-7,8.145413541438273e-7,4.182424074436793e-6,8.145413541438273e-7,NaN,diag_feasible,0,0,0,0,0,0,14,1.4273599921707572e-14,1.12.6,lbt,1,1,Intel(R) Core(TM) 7 150U,NT,6407b28
degen-r20-m5-d0.0001-p3,100,SBB-Dual,1e-7*n,9.999999999999999e-6,18,19,0.0186653,0.0183701,98.41845563693056,1.49e-5,8.1e-6,3.45e-5,0.0,0.0,0.0,0.00023769999999999897,0.4291899976180718,8.272967054442568e-6,-4.031439526109358e-15,1.3462893040383506e-6,0.0,7.824579661275172e-6,1.3462893040383506e-6,100.0,diag_feasible,0,0,0,0,0,0,18,2.3534371398587618e-14,1.12.6,lbt,1,1,Intel(R) Core(TM) 7 150U,NT,6407b28
degen-r20-m5-d0.0001-p3,100,Newton-SIN-BH,1e-7*n,9.999999999999999e-6,3,4,0.006962,0.0055344,79.49439816144786,0.0,4.7e-6,0.0,0.0012043,0.0,0.0,0.00021860000000000022,0.4291899975321825,7.486907581092027e-11,-3.3905239736483754e-15,3.428035633135096e-11,3.428035633135096e-11,4.716702474216075e-11,3.428035633135096e-11,NaN,converged,13,13,0,0,0,0,3,2.3534371398587618e-14,1.12.6,lbt,1,1,Intel(R) Core(TM) 7 150U,NT,6407b28
degen-r20-m5-d0.0001-p3,100,Newton-SIN,1e-7*n,9.999999999999999e-6,3,7,0.0128643,0.0113196,87.99235092465194,0.0,6.6e-6,0.0,0.0013597,0.0,0.0,0.00017839999999999957,0.4291899975321825,7.486907581092027e-11,-3.3905239736483754e-15,3.428035633135096e-11,3.428035633135096e-11,4.716702474216075e-11,3.428035633135096e-11,NaN,converged,13,13,0,0,0,0,3,2.3534371398587618e-14,1.12.6,lbt,1,1,Intel(R) Core(TM) 7 150U,NT,6407b28
degen-r20-m5-d0.0001-p3,100,AGD-SDAJ-BH,1e-7*n,9.999999999999999e-6,3,21,0.0280327,0.027579,98.38153299539465,0.0,1.51e-5,0.0,0.0,0.0,0.0,0.00043860000000000134,0.42920166913903945,1.8036564559872428e-5,-3.2494707702857075e-15,6.563989197516662e-6,6.563989197516662e-6,9.551495161844269e-6,6.563989197516662e-6,NaN,diag_feasible,0,0,2,2,0,0,3,2.3534371398587618e-14,1.12.6,lbt,1,1,Intel(R) Core(TM) 7 150U,NT,6407b28
degen-r20-m5-d0.0001-p3,100,AGD-SDAJ,1e-7*n,9.999999999999999e-6,3,21,0.0294885,0.029102,98.68931956525425,0.0,1.34e-5,0.0,0.0,0.0,0.0,0.0003731000000000014,0.42920166913903945,1.8036564559872428e-5,-3.2494707702857075e-15,6.563989197516662e-6,6.563989197516662e-6,9.551495161844269e-6,6.563989197516662e-6,NaN,diag_feasible,0,0,2,2,0,0,3,2.3534371398587618e-14,1.12.6,lbt,1,1,Intel(R) Core(TM) 7 150U,NT,6407b28
degen-r20-m5-d0.0001-p3,100,Dykstra-APM,1e-7*n,9.999999999999999e-6,41,41,0.0428428,0.0401517,93.71866451305702,0.0,0.0,0.0,0.0,0.0018464,0.0,0.0008447000000000018,0.4291753860923834,1.9047448405202803e-5,-3.026941840063083e-15,1.4747548331417448e-6,1.4747548331417448e-6,8.447024971579858e-6,1.4747548331417448e-6,NaN,diag_feasible,0,0,0,0,0,0,41,2.3534371398587618e-14,1.12.6,lbt,1,1,Intel(R) Core(TM) 7 150U,NT,6407b28
degen-r20-m5-d0.0001-p3,100,Anderson-APM,1e-7*n,9.999999999999999e-6,14,14,0.0174859,0.0147909,84.58758199463568,0.0,0.0,0.0,0.0,0.0,0.0020533,0.0006416999999999994,0.42919340748285273,5.584651700244247e-6,-3.1066281816869823e-15,7.258078491556574e-7,7.258078491556574e-7,2.849279443111328e-6,7.258078491556574e-7,NaN,diag_feasible,0,0,0,0,0,0,14,2.3534371398587618e-14,1.12.6,lbt,1,1,Intel(R) Core(TM) 7 150U,NT,6407b28
degen-r20-m5-d0.0001-p4,100,SBB-Dual,1e-7*n,9.999999999999999e-6,18,19,0.0231329,0.022739600000000002,98.29982406010488,2.06e-5,1.37e-5,3.44e-5,0.0,0.0,0.0,0.00032459999999999916,0.42973637917102603,7.959981550623457e-6,-3.1315764055233743e-15,1.328201277628338e-6,0.0,7.83448243234928e-6,1.328201277628338e-6,100.0,diag_feasible,0,0,0,0,0,0,18,2.3371183563433114e-14,1.12.6,lbt,1,1,Intel(R) Core(TM) 7 150U,NT,6407b28
degen-r20-m5-d0.0001-p4,100,Newton-SIN-BH,1e-7*n,9.999999999999999e-6,3,4,0.0060077,0.0048839,81.29400602560047,0.0,3.5e-6,0.0,0.0009551,0.0,0.0,0.00016520000000000033,0.42973637908314716,2.279290467198537e-10,-3.1475686687586763e-15,5.094658028781396e-11,5.094658028781396e-11,1.3803895594159168e-10,5.094658028781396e-11,NaN,converged,13,13,0,0,0,0,3,2.3371183563433114e-14,1.12.6,lbt,1,1,Intel(R) Core(TM) 7 150U,NT,6407b28
degen-r20-m5-d0.0001-p4,100,Newton-SIN,1e-7*n,9.999999999999999e-6,3,7,0.0080361,0.007097699999999999,88.32269384402882,0.0,2.8e-6,0.0,0.0008227,0.0,0.0,0.00011289999999999987,0.42973637908314716,2.279290467198537e-10,-3.1475686687586763e-15,5.094658028781396e-11,5.094658028781396e-11,1.3803895594159168e-10,5.094658028781396e-11,NaN,converged,13,13,0,0,0,0,3,2.3371183563433114e-14,1.12.6,lbt,1,1,Intel(R) Core(TM) 7 150U,NT,6407b28
degen-r20-m5-d0.0001-p4,100,AGD-SDAJ-BH,1e-7*n,9.999999999999999e-6,3,20,0.0222101,0.0218112,98.20397026577999,0.0,1.13e-5,0.0,0.0,0.0,0.0,0.00038760000000000064,0.4297399604870594,5.339548563517556e-6,-2.9190694953375094e-15,1.620921382450291e-6,1.620921382450291e-6,2.7459704773714324e-6,1.620921382450291e-6,NaN,diag_feasible,0,0,1,1,0,0,3,2.3371183563433114e-14,1.12.6,lbt,1,1,Intel(R) Core(TM) 7 150U,NT,6407b28
degen-r20-m5-d0.0001-p4,100,AGD-SDAJ,1e-7*n,9.999999999999999e-6,3,20,0.0231557,0.0228171,98.53772505257884,0.0,1.16e-5,0.0,0.0,0.0,0.0,0.0003270000000000014,0.4297399604870594,5.339548563517556e-6,-2.9190694953375094e-15,1.620921382450291e-6,1.620921382450291e-6,2.7459704773714324e-6,1.620921382450291e-6,NaN,diag_feasible,0,0,1,1,0,0,3,2.3371183563433114e-14,1.12.6,lbt,1,1,Intel(R) Core(TM) 7 150U,NT,6407b28
degen-r20-m5-d0.0001-p4,100,Dykstra-APM,1e-7*n,9.999999999999999e-6,41,41,0.0457365,0.0429236,93.84976987745017,0.0,0.0,0.0,0.0,0.0019265,0.0,0.0008864000000000001,0.42972181189967806,1.9067249230595237e-5,-3.0901733076353225e-15,1.439573633410518e-6,1.439573633410518e-6,8.442333198274068e-6,1.439573633410518e-6,NaN,diag_feasible,0,0,0,0,0,0,41,2.3371183563433114e-14,1.12.6,lbt,1,1,Intel(R) Core(TM) 7 150U,NT,6407b28
degen-r20-m5-d0.0001-p4,100,Anderson-APM,1e-7*n,9.999999999999999e-6,12,12,0.021801,0.0181951,83.45993303059493,0.0,0.0,0.0,0.0,0.0,0.0028042,0.000801700000000002,0.4297416127424288,1.6601947570392566e-5,-3.659586432231087e-15,2.582773098835922e-6,2.582773098835922e-6,9.125276801988567e-6,2.582773098835922e-6,NaN,diag_feasible,0,0,0,0,0,0,12,2.3371183563433114e-14,1.12.6,lbt,1,1,Intel(R) Core(TM) 7 150U,NT,6407b28
degen-r20-m5-d1e-06-p0,100,SBB-Dual,1e-7*n,9.999999999999999e-6,17,18,0.0171549,0.0168782,98.3870497642073,1.32e-5,8.1e-6,3.11e-5,0.0,0.0,0.0,0.00022430000000000128,0.42916469370545857,7.970502817029141e-6,-2.829633137675678e-15,1.6890381815404254e-6,0.0,7.157086372866411e-6,1.6890381815404254e-6,100.0,diag_feasible,0,0,0,0,0,0,17,5.811134696405247e-14,1.12.6,lbt,1,1,Intel(R) Core(TM) 7 150U,NT,6407b28
degen-r20-m5-d1e-06-p0,100,Newton-SIN-BH,1e-7*n,9.999999999999999e-6,3,4,0.0052904,0.0041800000000000006,79.01103886284592,0.0,3.4e-6,0.0,0.0009596,0.0,0.0,0.00014739999999999925,0.42916410449483594,9.933713098566005e-7,-3.422954274887126e-15,2.0126795385877472e-7,2.0126795385877472e-7,5.034237045875161e-7,2.0126795385877472e-7,NaN,converged,13,13,0,0,0,0,3,5.811134696405247e-14,1.12.6,lbt,1,1,Intel(R) Core(TM) 7 150U,NT,6407b28
degen-r20-m5-d1e-06-p0,100,Newton-SIN,1e-7*n,9.999999999999999e-6,3,7,0.008302,0.0072405,87.21392435557698,0.0,3.9e-6,0.0,0.0009379,0.0,0.0,0.00011969999999999993,0.42916410449483594,9.933713098566005e-7,-3.422954274887126e-15,2.0126795385877472e-7,2.0126795385877472e-7,5.034237045875161e-7,2.0126795385877472e-7,NaN,converged,13,13,0,0,0,0,3,5.811134696405247e-14,1.12.6,lbt,1,1,Intel(R) Core(TM) 7 150U,NT,6407b28
degen-r20-m5-d1e-06-p0,100,AGD-SDAJ-BH,1e-7*n,9.999999999999999e-6,4,27,0.0291772,0.0287681,98.59787779499062,0.0,1.41e-5,0.0,0.0,0.0,0.0,0.00039499999999999903,0.4291702151087152,9.275182682089208e-6,-3.419407895169124e-15,3.1823366009042786e-6,3.1823366009042786e-6,5.026187687961547e-6,3.1823366009042786e-6,NaN,diag_feasible_at_xpre,0,0,6,6,0,0,4,5.811134696405247e-14,1.12.6,lbt,1,1,Intel(R) Core(TM) 7 150U,NT,6407b28
degen-r20-m5-d1e-06-p0,100,AGD-SDAJ,1e-7*n,9.999999999999999e-6,4,27,0.0265811,0.0261886,98.5233869177724,0.0,1.65e-5,0.0,0.0,0.0,0.0,0.00037600000000000047,0.4291702151087152,9.275182682089208e-6,-3.419407895169124e-15,3.1823366009042786e-6,3.1823366009042786e-6,5.026187687961547e-6,3.1823366009042786e-6,NaN,diag_feasible_at_xpre,0,0,6,6,0,0,4,5.811134696405247e-14,1.12.6,lbt,1,1,Intel(R) Core(TM) 7 150U,NT,6407b28
degen-r20-m5-d1e-06-p0,100,Dykstra-APM,1e-7*n,9.999999999999999e-6,39,39,0.0407008,0.038278,94.04729145373064,0.0,0.0,0.0,0.0,0.0016171,0.0,0.0008057000000000027,0.4291512943000548,1.6952437164128007e-5,-3.1576739031059e-15,1.8406135140480728e-6,1.8406135140480728e-6,8.072445464625472e-6,1.8406135140480728e-6,NaN,diag_feasible,0,0,0,0,0,0,39,5.811134696405247e-14,1.12.6,lbt,1,1,Intel(R) Core(TM) 7 150U,NT,6407b28
degen-r20-m5-d1e-06-p0,100,Anderson-APM,1e-7*n,9.999999999999999e-6,14,14,0.0157712,0.0132304,83.88962158871868,0.0,0.0,0.0,0.0,0.0,0.0020052,0.0005355999999999994,0.4291764457446225,1.710601074718873e-5,-3.4307443661694084e-15,1.4684055835711973e-6,1.4684055835711973e-6,8.207960771263404e-6,1.4684055835711973e-6,NaN,diag_feasible,0,0,0,0,0,0,14,5.811134696405247e-14,1.12.6,lbt,1,1,Intel(R) Core(TM) 7 150U,NT,6407b28
degen-r20-m5-d1e-06-p1,100,SBB-Dual,1e-7*n,9.999999999999999e-6,17,18,0.0251157,0.024724100000000002,98.44081590399632,2.95e-5,1.61e-5,3.34e-5,0.0,0.0,0.0,0.00031259999999999887,0.42394078453575307,9.665944588990034e-6,-3.279985196519293e-15,1.987691309990325e-6,0.0,8.63110219776833e-6,1.987691309990325e-6,100.0,diag_feasible,0,0,0,0,0,0,17,5.648340789863307e-14,1.12.6,lbt,1,1,Intel(R) Core(TM) 7 150U,NT,6407b28
degen-r20-m5-d1e-06-p1,100,Newton-SIN-BH,1e-7*n,9.999999999999999e-6,3,4,0.0093321,0.0069986,74.99491004168408,0.0,6.5e-6,0.0,0.0014883,0.0,0.0,0.0008386999999999997,0.4239403950567693,8.830524656882514e-7,-3.865065079363124e-15,2.549278041996672e-7,2.549278041996672e-7,4.5902486665454186e-7,2.549278041996672e-7,NaN,converged,13,13,0,0,0,0,3,5.648340789863307e-14,1.12.6,lbt,1,1,Intel(R) Core(TM) 7 150U,NT,6407b28
degen-r20-m5-d1e-06-p1,100,Newton-SIN,1e-7*n,9.999999999999999e-6,3,7,0.011596,0.0101977,87.94153156260779,0.0,6.2e-6,0.0,0.0012317,0.0,0.0,0.00016039999999999978,0.4239403950567693,8.830524656882514e-7,-3.865065079363124e-15,2.549278041996672e-7,2.549278041996672e-7,4.5902486665454186e-7,2.549278041996672e-7,NaN,converged,13,13,0,0,0,0,3,5.648340789863307e-14,1.12.6,lbt,1,1,Intel(R) Core(TM) 7 150U,NT,6407b28
degen-r20-m5-d1e-06-p1,100,AGD-SDAJ-BH,1e-7*n,9.999999999999999e-6,3,21,0.0240797,0.0237419,98.5971586024743,0.0,1.26e-5,0.0,0.0,0.0,0.0,0.00032519999999999923,0.42394747366371494,9.544086071206498e-6,-3.0103908896486988e-15,1.9061077327631182e-6,1.9061077327631182e-6,4.680280369184453e-6,1.9061077327631182e-6,NaN,diag_feasible,0,0,2,2,0,0,3,5.648340789863307e-14,1.12.6,lbt,1,1,Intel(R) Core(TM) 7 150U,NT,6407b28
degen-r20-m5-d1e-06-p1,100,AGD-SDAJ,1e-7*n,9.999999999999999e-6,3,21,0.0234265,0.0231063,98.63317183531471,0.0,1.17e-5,0.0,0.0,0.0,0.0,0.00030849999999999964,0.42394747366371494,9.544086071206498e-6,-3.0103908896486988e-15,1.9061077327631182e-6,1.9061077327631182e-6,4.680280369184453e-6,1.9061077327631182e-6,NaN,diag_feasible,0,0,2,2,0,0,3,5.648340789863307e-14,1.12.6,lbt,1,1,Intel(R) Core(TM) 7 150U,NT,6407b28
degen-r20-m5-d1e-06-p1,100,Dykstra-APM,1e-7*n,9.999999999999999e-6,39,39,0.0469187,0.044069,93.9263023059036,0.0,0.0,0.0,0.0,0.001971,0.0,0.0008787000000000035,0.42392486879599894,1.9816437994279593e-5,-2.5390172598132392e-15,2.1074357832162605e-6,2.1074357832162605e-6,9.392711716835817e-6,2.1074357832162605e-6,NaN,diag_feasible,0,0,0,0,0,0,39,5.648340789863307e-14,1.12.6,lbt,1,1,Intel(R) Core(TM) 7 150U,NT,6407b28
degen-r20-m5-d1e-06-p1,100,Anderson-APM,1e-7*n,9.999999999999999e-6,12,12,0.0150802,0.0119155,79.01420405564913,0.0,0.0,0.0,0.0,0.0,0.0026308,0.0005338999999999995,0.42394683473230427,1.6343632583625892e-5,-3.482844332692096e-15,2.8338434711061566e-6,2.8338434711061566e-6,8.859631768326057e-6,2.8338434711061566e-6,NaN,diag_feasible,0,0,0,0,0,0,12,5.648340789863307e-14,1.12.6,lbt,1,1,Intel(R) Core(TM) 7 150U,NT,6407b28
degen-r20-m5-d1e-06-p2,100,SBB-Dual,1e-7*n,9.999999999999999e-6,17,18,0.0173753,0.017087400000000003,98.34305019193914,1.32e-5,8.9e-6,3.31e-5,0.0,0.0,0.0,0.0002326999999999972,0.42919308985764915,7.310574414342334e-6,-2.7908890700840977e-15,1.4399368037931737e-6,0.0,6.98693933732622e-6,1.4399368037931737e-6,100.0,diag_feasible,0,0,0,0,0,0,17,2.544446128541953e-14,1.12.6,lbt,1,1,Intel(R) Core(TM) 7 150U,NT,6407b28
degen-r20-m5-d1e-06-p2,100,Newton-SIN-BH,1e-7*n,9.999999999999999e-6,3,4,0.0051917,0.0040785000000000005,78.55808309416956,0.0,2.7e-6,0.0,0.000955,0.0,0.0,0.00015549999999999906,0.42919260675975085,8.645204749537433e-7,-3.404390044487015e-15,2.2601201976613083e-7,2.2601201976613083e-7,4.4475624458182275e-7,2.2601201976613083e-7,NaN,converged,13,13,0,0,0,0,3,2.544446128541953e-14,1.12.6,lbt,1,1,Intel(R) Core(TM) 7 150U,NT,6407b28
degen-r20-m5-d1e-06-p2,100,Newton-SIN,1e-7*n,9.999999999999999e-6,3,7,0.0153377,0.0137507,89.65294666084225,0.0,6.3e-6,0.0,0.0014016,0.0,0.0,0.00017909999999999975,0.42919260675975085,8.645204749537433e-7,-3.404390044487015e-15,2.2601201976613083e-7,2.2601201976613083e-7,4.4475624458182275e-7,2.2601201976613083e-7,NaN,converged,13,13,0,0,0,0,3,2.544446128541953e-14,1.12.6,lbt,1,1,Intel(R) Core(TM) 7 150U,NT,6407b28
degen-r20-m5-d1e-06-p2,100,AGD-SDAJ-BH,1e-7*n,9.999999999999999e-6,4,31,0.0374464,0.036895700000000003,98.52936463852335,0.0,2.1e-5,0.0,0.0,0.0,0.0,0.0005296999999999943,0.4291987074581236,8.91346797790229e-6,-3.6131070750745606e-15,2.044488345509521e-6,2.044488345509521e-6,4.667430917671703e-6,2.044488345509521e-6,NaN,diag_feasible_at_xpre,0,0,10,10,0,0,4,2.544446128541953e-14,1.12.6,lbt,1,1,Intel(R) Core(TM) 7 150U,NT,6407b28
degen-r20-m5-d1e-06-p2,100,AGD-SDAJ,1e-7*n,9.999999999999999e-6,4,31,0.0299748,0.0295718,98.65553731801378,0.0,1.49e-5,0.0,0.0,0.0,0.0,0.0003881000000000006,0.4291987074581236,8.91346797790229e-6,-3.6131070750745606e-15,2.044488345509521e-6,2.044488345509521e-6,4.667430917671703e-6,2.044488345509521e-6,NaN,diag_feasible_at_xpre,0,0,10,10,0,0,4,2.544446128541953e-14,1.12.6,lbt,1,1,Intel(R) Core(TM) 7 150U,NT,6407b28
degen-r20-m5-d1e-06-p2,100,Dykstra-APM,1e-7*n,9.999999999999999e-6,39,39,0.0393275,0.0368621,93.7311041891806,0.0,0.0,0.0,0.0,0.0016772,0.0,0.0007881999999999995,0.42917987595599555,1.662047231061517e-5,-3.5223499773813357e-15,1.6102123034933413e-6,1.6102123034933413e-6,7.923210509343989e-6,1.6102123034933413e-6,NaN,diag_feasible,0,0,0,0,0,0,39,2.544446128541953e-14,1.12.6,lbt,1,1,Intel(R) Core(TM) 7 150U,NT,6407b28
degen-r20-m5-d1e-06-p2,100,Anderson-APM,1e-7*n,9.999999999999999e-6,14,14,0.0176367,0.0139775,79.25235446540452,0.0,0.0,0.0,0.0,0.0,0.0019429,0.0017163000000000013,0.4292001086175758,1.0115878289705631e-5,-3.3096665100801793e-15,8.864530235408452e-7,8.864530235408452e-7,4.853008794455473e-6,8.864530235408452e-7,NaN,diag_feasible,0,0,0,0,0,0,14,2.544446128541953e-14,1.12.6,lbt,1,1,Intel(R) Core(TM) 7 150U,NT,6407b28
degen-r20-m5-d1e-06-p3,100,SBB-Dual,1e-7*n,9.999999999999999e-6,17,18,0.0180444,0.0177353,98.28700316995854,1.58e-5,9.3e-6,3.39e-5,0.0,0.0,0.0,0.00025009999999999963,0.4292698145204366,7.834188466080622e-6,-3.418672799638151e-15,1.6480618896252963e-6,0.0,6.894159443920954e-6,1.6480618896252963e-6,100.0,diag_feasible,0,0,0,0,0,0,17,2.9753562794747665e-14,1.12.6,lbt,1,1,Intel(R) Core(TM) 7 150U,NT,6407b28
degen-r20-m5-d1e-06-p3,100,Newton-SIN-BH,1e-7*n,9.999999999999999e-6,3,4,0.0081238,0.0064418,79.29540362884363,0.0,5.1e-6,0.0,0.0014371,0.0,0.0,0.0002398000000000003,0.4292693435157182,8.771103459167894e-7,-4.054978013949888e-15,2.0267692990572073e-7,2.0267692990572073e-7,4.4705531527260906e-7,2.0267692990572073e-7,NaN,converged,13,13,0,0,0,0,3,2.9753562794747665e-14,1.12.6,lbt,1,1,Intel(R) Core(TM) 7 150U,NT,6407b28
degen-r20-m5-d1e-06-p3,100,Newton-SIN,1e-7*n,9.999999999999999e-6,3,7,0.013532,0.0119469,88.28628436299142,0.0,5.3e-6,0.0,0.0014006,0.0,0.0,0.00017920000000000089,0.4292693435157182,8.771103459167894e-7,-4.054978013949888e-15,2.0267692990572073e-7,2.0267692990572073e-7,4.4705531527260906e-7,2.0267692990572073e-7,NaN,converged,13,13,0,0,0,0,3,2.9753562794747665e-14,1.12.6,lbt,1,1,Intel(R) Core(TM) 7 150U,NT,6407b28
degen-r20-m5-d1e-06-p3,100,AGD-SDAJ-BH,1e-7*n,9.999999999999999e-6,3,21,0.0237703,0.0234132,98.49770511941372,0.0,1.27e-5,0.0,0.0,0.0,0.0,0.00034440000000000257,0.4292783024526162,1.312322956511552e-5,-3.1418802984988313e-15,4.564282406138709e-6,4.564282406138709e-6,6.9553813690663405e-6,4.564282406138709e-6,NaN,diag_feasible,0,0,2,2,0,0,3,2.9753562794747665e-14,1.12.6,lbt,1,1,Intel(R) Core(TM) 7 150U,NT,6407b28
degen-r20-m5-d1e-06-p3,100,AGD-SDAJ,1e-7*n,9.999999999999999e-6,3,21,0.0315577,0.031128600000000003,98.64026846062927,0.0,1.86e-5,0.0,0.0,0.0,0.0,0.0004104999999999982,0.4292783024526162,1.312322956511552e-5,-3.1418802984988313e-15,4.564282406138709e-6,4.564282406138709e-6,6.9553813690663405e-6,4.564282406138709e-6,NaN,diag_feasible,0,0,2,2,0,0,3,2.9753562794747665e-14,1.12.6,lbt,1,1,Intel(R) Core(TM) 7 150U,NT,6407b28
degen-r20-m5-d1e-06-p3,100,Dykstra-APM,1e-7*n,9.999999999999999e-6,39,39,0.054371,0.0510945,93.97380956760037,0.0,0.0,0.0,0.0,0.0021828,0.0,0.0010937000000000017,0.42925672222973354,1.6454792137613003e-5,-2.7567186026732593e-15,1.8171946460920907e-6,1.8171946460920907e-6,7.844508418072325e-6,1.8171946460920907e-6,NaN,diag_feasible,0,0,0,0,0,0,39,2.9753562794747665e-14,1.12.6,lbt,1,1,Intel(R) Core(TM) 7 150U,NT,6407b28
degen-r20-m5-d1e-06-p3,100,Anderson-APM,1e-7*n,9.999999999999999e-6,14,14,0.0160421,0.0134701,83.9671863409404,0.0,0.0,0.0,0.0,0.0,0.0019686,0.0006033999999999996,0.42927316358716033,5.3970914381402865e-6,-4.845251591536315e-15,6.652016792951798e-7,6.652016792951798e-7,2.7387289015924765e-6,6.652016792951798e-7,NaN,diag_feasible,0,0,0,0,0,0,14,2.9753562794747665e-14,1.12.6,lbt,1,1,Intel(R) Core(TM) 7 150U,NT,6407b28
degen-r20-m5-d1e-06-p4,100,SBB-Dual,1e-7*n,9.999999999999999e-6,17,18,0.0188373,0.0185116,98.27098363353558,1.54e-5,9.7e-6,4.52e-5,0.0,0.0,0.0,0.00025540000000000165,0.42981753477732115,7.34219171340997e-6,-3.2739501220302442e-15,1.603897651358821e-6,0.0,6.707277672793881e-6,1.603897651358821e-6,100.0,diag_feasible,0,0,0,0,0,0,17,5.1866311748733424e-14,1.12.6,lbt,1,1,Intel(R) Core(TM) 7 150U,NT,6407b28
degen-r20-m5-d1e-06-p4,100,Newton-SIN-BH,1e-7*n,9.999999999999999e-6,3,4,0.0076658,0.006141,80.10905580630853,0.0,4.9e-6,0.0,0.0012952,0.0,0.0,0.00022470000000000064,0.42981703456163484,8.528036894011145e-7,-3.1966942437098846e-15,1.2960874795631128e-7,1.2960874795631128e-7,4.23872161727606e-7,1.2960874795631128e-7,NaN,converged,13,13,0,0,0,0,3,5.1866311748733424e-14,1.12.6,lbt,1,1,Intel(R) Core(TM) 7 150U,NT,6407b28
degen-r20-m5-d1e-06-p4,100,Newton-SIN,1e-7*n,9.999999999999999e-6,3,7,0.0079589,0.0069015,86.71424443076305,0.0,2.9e-6,0.0,0.0009411,0.0,0.0,0.00011340000000000005,0.42981703456163484,8.528036894011145e-7,-3.1966942437098846e-15,1.2960874795631128e-7,1.2960874795631128e-7,4.23872161727606e-7,1.2960874795631128e-7,NaN,converged,13,13,0,0,0,0,3,5.1866311748733424e-14,1.12.6,lbt,1,1,Intel(R) Core(TM) 7 150U,NT,6407b28
degen-r20-m5-d1e-06-p4,100,AGD-SDAJ-BH,1e-7*n,9.999999999999999e-6,3,23,0.0219128,0.0215844,98.50133255448871,0.0,1.03e-5,0.0,0.0,0.0,0.0,0.00031809999999999955,0.4298228041542322,7.767711819629927e-6,-3.2311795802067926e-15,2.2014347067500495e-6,2.2014347067500495e-6,3.9555748535768125e-6,2.2014347067500495e-6,NaN,diag_feasible,0,0,4,4,0,0,3,5.1866311748733424e-14,1.12.6,lbt,1,1,Intel(R) Core(TM) 7 150U,NT,6407b28
degen-r20-m5-d1e-06-p4,100,AGD-SDAJ,1e-7*n,9.999999999999999e-6,3,23,0.0219186,0.021595,98.52362833392644,0.0,1.13e-5,0.0,0.0,0.0,0.0,0.00031230000000000027,0.4298228041542322,7.767711819629927e-6,-3.2311795802067926e-15,2.2014347067500495e-6,2.2014347067500495e-6,3.9555748535768125e-6,2.2014347067500495e-6,NaN,diag_feasible,0,0,4,4,0,0,3,5.1866311748733424e-14,1.12.6,lbt,1,1,Intel(R) Core(TM) 7 150U,NT,6407b28
degen-r20-m5-d1e-06-p4,100,Dykstra-APM,1e-7*n,9.999999999999999e-6,38,38,0.0384212,0.0360042,93.70920221127919,0.0,0.0,0.0,0.0,0.001654,0.0,0.0007630000000000024,0.4298010553774125,2.077796532159607e-5,-3.0878340451497447e-15,2.3053297764086267e-6,2.3053297764086267e-6,9.945175788054e-6,2.3053297764086267e-6,NaN,diag_feasible,0,0,0,0,0,0,38,5.1866311748733424e-14,1.12.6,lbt,1,1,Intel(R) Core(TM) 7 150U,NT,6407b28
degen-r20-m5-d1e-06-p4,100,Anderson-APM,1e-7*n,9.999999999999999e-6,12,12,0.0154082,0.0129021,83.7352838099194,0.0,0.0,0.0,0.0,0.0,0.0018615,0.0006446000000000006,0.4298229505336641,1.5321147175084343e-5,-3.5671405666248615e-15,2.1630950610695976e-6,2.1630950610695976e-6,8.390054973945715e-6,2.1630950610695976e-6,NaN,diag_feasible,0,0,0,0,0,0,12,5.1866311748733424e-14,1.12.6,lbt,1,1,Intel(R) Core(TM) 7 150U,NT,6407b28
degen-r20-m5-d1e-08-p0,100,SBB-Dual,1e-7*n,9.999999999999999e-6,17,18,0.0270373,0.0266296,98.4920831591912,2.3e-5,1.45e-5,3.86e-5,0.0,0.0,0.0,0.0003316000000000004,0.42916549897676143,8.961142933766195e-6,-3.211727484590116e-15,1.6890265428504136e-6,0.0,7.157048978105981e-6,1.6890265428504136e-6,100.0,diag_feasible,0,0,0,0,0,0,17,1.5471984581159744e-14,1.12.6,lbt,1,1,Intel(R) Core(TM) 7 150U,NT,6407b28
degen-r20-m5-d1e-08-p0,100,Newton-SIN-BH,1e-7*n,9.999999999999999e-6,3,4,0.0053309,0.0041721,78.26258230317582,0.0,3.3e-6,0.0,0.0009998,0.0,0.0,0.0001557000000000008,0.42916549293202155,1.0403926759054115e-8,-3.7489722550388114e-15,2.8130890949995546e-9,2.8130890949995546e-9,5.3752827983855305e-9,2.8130890949995546e-9,NaN,converged,13,13,0,0,0,0,3,1.5471984581159744e-14,1.12.6,lbt,1,1,Intel(R) Core(TM) 7 150U,NT,6407b28
degen-r20-m5-d1e-08-p0,100,Newton-SIN,1e-7*n,9.999999999999999e-6,3,7,0.0079001,0.0067942,86.00144301970862,0.0,3.5e-6,0.0,0.0009899,0.0,0.0,0.00011249999999999997,0.42916549293202155,1.0403926759054115e-8,-3.7489722550388114e-15,2.8130890949995546e-9,2.8130890949995546e-9,5.3752827983855305e-9,2.8130890949995546e-9,NaN,converged,13,13,0,0,0,0,3,1.5471984581159744e-14,1.12.6,lbt,1,1,Intel(R) Core(TM) 7 150U,NT,6407b28
degen-r20-m5-d1e-08-p0,100,AGD-SDAJ-BH,1e-7*n,9.999999999999999e-6,4,27,0.0255236,0.0251785,98.64791800529706,0.0,1.05e-5,0.0,0.0,0.0,0.0,0.000334600000000001,0.42917098652826724,9.249095632797704e-6,-2.9465773973487126e-15,3.18862190029634e-6,3.18862190029634e-6,5.020852361540311e-6,3.18862190029634e-6,NaN,diag_feasible_at_xpre,0,0,6,6,0,0,4,1.5471984581159744e-14,1.12.6,lbt,1,1,Intel(R) Core(TM) 7 150U,NT,6407b28
degen-r20-m5-d1e-08-p0,100,AGD-SDAJ,1e-7*n,9.999999999999999e-6,4,27,0.0276099,0.0272292,98.62114676257428,0.0,1.31e-5,0.0,0.0,0.0,0.0,0.0003676000000000012,0.42917098652826724,9.249095632797704e-6,-2.9465773973487126e-15,3.18862190029634e-6,3.18862190029634e-6,5.020852361540311e-6,3.18862190029634e-6,NaN,diag_feasible_at_xpre,0,0,6,6,0,0,4,1.5471984581159744e-14,1.12.6,lbt,1,1,Intel(R) Core(TM) 7 150U,NT,6407b28
degen-r20-m5-d1e-08-p0,100,Dykstra-APM,1e-7*n,9.999999999999999e-6,39,39,0.0494221,0.0462639,93.60974139099714,0.0,0.0,0.0,0.0,0.0021561,0.0,0.0010020999999999997,0.4291520996208138,1.6843018853362117e-5,-3.1445756065431637e-15,1.8406037511908835e-6,1.8406037511908835e-6,8.072414252491317e-6,1.8406037511908835e-6,NaN,diag_feasible,0,0,0,0,0,0,39,1.5471984581159744e-14,1.12.6,lbt,1,1,Intel(R) Core(TM) 7 150U,NT,6407b28
degen-r20-m5-d1e-08-p0,100,Anderson-APM,1e-7*n,9.999999999999999e-6,14,14,0.0162986,0.0135846,83.34826304099738,0.0,0.0,0.0,0.0,0.0,0.0021504,0.0005635999999999996,0.42917723027035526,1.707962601042387e-5,-2.9011729914719466e-15,1.469478963733728e-6,1.469478963733728e-6,8.196107168691316e-6,1.469478963733728e-6,NaN,diag_feasible,0,0,0,0,0,0,14,1.5471984581159744e-14,1.12.6,lbt,1,1,Intel(R) Core(TM) 7 150U,NT,6407b28
degen-r20-m5-d1e-08-p1,100,SBB-Dual,1e-7*n,9.999999999999999e-6,17,18,0.0265164,0.0260984,98.42361708225853,2.38e-5,1.65e-5,3.69e-5,0.0,0.0,0.0,0.0003407999999999982,0.4239414832041799,1.0781003896928894e-5,-3.1509279474071563e-15,1.9875025591975515e-6,0.0,8.677816126437525e-6,1.9875025591975515e-6,100.0,diag_feasible,0,0,0,0,0,0,17,5.574734827706832e-14,1.12.6,lbt,1,1,Intel(R) Core(TM) 7 150U,NT,6407b28
degen-r20-m5-d1e-08-p1,100,Newton-SIN-BH,1e-7*n,9.999999999999999e-6,3,4,0.0052218,0.0041478,79.43237963920487,0.0,3.0e-6,0.0,0.0009283,0.0,0.0,0.00014270000000000038,0.42394147782193525,1.0776224938813398e-8,-3.1475262475708953e-15,2.557899669852759e-9,2.557899669852759e-9,5.514281360451651e-9,2.557899669852759e-9,NaN,converged,13,13,0,0,0,0,3,5.574734827706832e-14,1.12.6,lbt,1,1,Intel(R) Core(TM) 7 150U,NT,6407b28
degen-r20-m5-d1e-08-p1,100,Newton-SIN,1e-7*n,9.999999999999999e-6,3,7,0.0082523,0.0071144,86.21111690074281,0.0,3.7e-6,0.0,0.0010208,0.0,0.0,0.0001134000000000007,0.42394147782193525,1.0776224938813398e-8,-3.1475262475708953e-15,2.557899669852759e-9,2.557899669852759e-9,5.514281360451651e-9,2.557899669852759e-9,NaN,converged,13,13,0,0,0,0,3,5.574734827706832e-14,1.12.6,lbt,1,1,Intel(R) Core(TM) 7 150U,NT,6407b28
degen-r20-m5-d1e-08-p1,100,AGD-SDAJ-BH,1e-7*n,9.999999999999999e-6,3,21,0.0220326,0.0216866,98.42959977487905,0.0,1.16e-5,0.0,0.0,0.0,0.0,0.0003343999999999991,0.4239481918786682,9.579463260920189e-6,-3.839566079970522e-15,1.9286855207356624e-6,1.9286855207356624e-6,4.700551649745577e-6,1.9286855207356624e-6,NaN,diag_feasible,0,0,2,2,0,0,3,5.574734827706832e-14,1.12.6,lbt,1,1,Intel(R) Core(TM) 7 150U,NT,6407b28
degen-r20-m5-d1e-08-p1,100,AGD-SDAJ,1e-7*n,9.999999999999999e-6,3,21,0.020234,0.0199505,98.59889295245627,0.0,9.2e-6,0.0,0.0,0.0,0.0,0.000274299999999999,0.4239481918786682,9.579463260920189e-6,-3.839566079970522e-15,1.9286855207356624e-6,1.9286855207356624e-6,4.700551649745577e-6,1.9286855207356624e-6,NaN,diag_feasible,0,0,2,2,0,0,3,5.574734827706832e-14,1.12.6,lbt,1,1,Intel(R) Core(TM) 7 150U,NT,6407b28
degen-r20-m5-d1e-08-p1,100,Dykstra-APM,1e-7*n,9.999999999999999e-6,39,39,0.0407173,0.0381531,93.70243115334269,0.0,0.0,0.0,0.0,0.0017327,0.0,0.0008314999999999957,0.4239255675092746,1.9732499452982177e-5,-3.4772338271407366e-15,2.107429399877958e-6,2.107429399877958e-6,9.392680974104357e-6,2.107429399877958e-6,NaN,diag_feasible,0,0,0,0,0,0,39,5.574734827706832e-14,1.12.6,lbt,1,1,Intel(R) Core(TM) 7 150U,NT,6407b28
degen-r20-m5-d1e-08-p1,100,Anderson-APM,1e-7*n,9.999999999999999e-6,12,12,0.013669,0.0113599,83.10703050698659,0.0,0.0,0.0,0.0,0.0,0.0017944,0.0005147000000000014,0.4239475331194441,1.6333841951984895e-5,-3.684336064579131e-15,2.832155442611395e-6,2.832155442611395e-6,8.853911124450343e-6,2.832155442611395e-6,NaN,diag_feasible,0,0,0,0,0,0,12,5.574734827706832e-14,1.12.6,lbt,1,1,Intel(R) Core(TM) 7 150U,NT,6407b28
degen-r20-m5-d1e-08-p2,100,SBB-Dual,1e-7*n,9.999999999999999e-6,17,18,0.0173066,0.017028,98.390209515445,1.42e-5,8.2e-6,3.16e-5,0.0,0.0,0.0,0.0002245999999999969,0.42919389343106085,8.325547539726718e-6,-3.3221189065636365e-15,1.4399330843239966e-6,0.0,6.986908197166157e-6,1.4399330843239966e-6,100.0,diag_feasible,0,0,0,0,0,0,17,2.3255661252418174e-14,1.12.6,lbt,1,1,Intel(R) Core(TM) 7 150U,NT,6407b28
degen-r20-m5-d1e-08-p2,100,Newton-SIN-BH,1e-7*n,9.999999999999999e-6,3,4,0.0085607,0.0068184000000000005,79.64769236160595,0.0,5.4e-6,0.0,0.0015036,0.0,0.0,0.00023329999999999879,0.4291938873900302,1.0825962218501425e-8,-3.498622858629879e-15,3.347319088575773e-9,3.347319088575773e-9,5.629342819226929e-9,3.347319088575773e-9,NaN,converged,13,13,0,0,0,0,3,2.3255661252418174e-14,1.12.6,lbt,1,1,Intel(R) Core(TM) 7 150U,NT,6407b28
degen-r20-m5-d1e-08-p2,100,Newton-SIN,1e-7*n,9.999999999999999e-6,3,7,0.0081356,0.0071033,87.31132307389744,0.0,3.4e-6,0.0,0.0009148,0.0,0.0,0.0001140999999999999,0.4291938873900302,1.0825962218501425e-8,-3.498622858629879e-15,3.347319088575773e-9,3.347319088575773e-9,5.629342819226929e-9,3.347319088575773e-9,NaN,converged,13,13,0,0,0,0,3,2.3255661252418174e-14,1.12.6,lbt,1,1,Intel(R) Core(TM) 7 150U,NT,6407b28
degen-r20-m5-d1e-08-p2,100,AGD-SDAJ-BH,1e-7*n,9.999999999999999e-6,4,31,0.0315853,0.0311115,98.49993509638978,0.0,6.88e-5,0.0,0.0,0.0,0.0,0.00040499999999999645,0.4291999771248237,9.64335130418357e-6,-3.1053482047612858e-15,2.159249068656166e-6,2.159249068656166e-6,5.040027645519522e-6,2.159249068656166e-6,NaN,diag_feasible_at_xpre,0,0,10,10,0,0,4,2.3255661252418174e-14,1.12.6,lbt,1,1,Intel(R) Core(TM) 7 150U,NT,6407b28
degen-r20-m5-d1e-08-p2,100,AGD-SDAJ,1e-7*n,9.999999999999999e-6,4,31,0.0490292,0.0483972,98.71097223695267,0.0,2.56e-5,0.0,0.0,0.0,0.0,0.0006064000000000006,0.4291999771248237,9.64335130418357e-6,-3.1053482047612858e-15,2.159249068656166e-6,2.159249068656166e-6,5.040027645519522e-6,2.159249068656166e-6,NaN,diag_feasible_at_xpre,0,0,10,10,0,0,4,2.3255661252418174e-14,1.12.6,lbt,1,1,Intel(R) Core(TM) 7 150U,NT,6407b28
degen-r20-m5-d1e-08-p2,100,Dykstra-APM,1e-7*n,9.999999999999999e-6,39,39,0.0489207,0.0461313,94.2981192010744,0.0,0.0,0.0,0.0,0.0018525,0.0,0.0009368999999999975,0.42918067957238204,1.6508922494117538e-5,-2.867099602151334e-15,1.6102098165937662e-6,1.6102098165937662e-6,7.923184611214531e-6,1.6102098165937662e-6,NaN,diag_feasible,0,0,0,0,0,0,39,2.3255661252418174e-14,1.12.6,lbt,1,1,Intel(R) Core(TM) 7 150U,NT,6407b28
degen-r20-m5-d1e-08-p2,100,Anderson-APM,1e-7*n,9.999999999999999e-6,14,14,0.02344,0.0198438,84.65784982935155,0.0,0.0,0.0,0.0,0.0,0.0028674,0.0007287999999999973,0.42920093591250813,1.0144939646644793e-5,-3.594062198774041e-15,8.879125021898915e-7,8.879125021898915e-7,4.865500024911344e-6,8.879125021898915e-7,NaN,diag_feasible,0,0,0,0,0,0,14,2.3255661252418174e-14,1.12.6,lbt,1,1,Intel(R) Core(TM) 7 150U,NT,6407b28
degen-r20-m5-d1e-08-p3,100,SBB-Dual,1e-7*n,9.999999999999999e-6,17,18,0.0216111,0.021264,98.39388092230382,1.9e-5,1.29e-5,3.36e-5,0.0,0.0,0.0,0.00028159999999999947,0.4292706131313161,8.741285644666733e-6,-3.2906568719119747e-15,1.648054378300401e-6,0.0,6.894109280999593e-6,1.648054378300401e-6,100.0,diag_feasible,0,0,0,0,0,0,17,3.828998099054815e-14,1.12.6,lbt,1,1,Intel(R) Core(TM) 7 150U,NT,6407b28
degen-r20-m5-d1e-08-p3,100,Newton-SIN-BH,1e-7*n,9.999999999999999e-6,3,4,0.0065761,0.0051898000000000005,78.91911619348855,0.0,4.8e-6,0.0,0.0011832,0.0,0.0,0.00019829999999999934,0.4292706073349519,1.0238506509355307e-8,-3.3421852665028424e-15,2.0732184857763514e-9,2.0732184857763514e-9,5.163623882806538e-9,2.0732184857763514e-9,NaN,converged,13,13,0,0,0,0,3,3.828998099054815e-14,1.12.6,lbt,1,1,Intel(R) Core(TM) 7 150U,NT,6407b28
degen-r20-m5-d1e-08-p3,100,Newton-SIN,1e-7*n,9.999999999999999e-6,3,7,0.0078117,0.0068033,87.09115813459297,0.0,3.2e-6,0.0,0.0008922,0.0,0.0,0.00011300000000000036,0.4292706073349519,1.0238506509355307e-8,-3.3421852665028424e-15,2.0732184857763514e-9,2.0732184857763514e-9,5.163623882806538e-9,2.0732184857763514e-9,NaN,converged,13,13,0,0,0,0,3,3.828998099054815e-14,1.12.6,lbt,1,1,Intel(R) Core(TM) 7 150U,NT,6407b28
degen-r20-m5-d1e-08-p3,100,AGD-SDAJ-BH,1e-7*n,9.999999999999999e-6,3,21,0.0205918,0.0202935,98.55136510649871,0.0,9.2e-6,0.0,0.0,0.0,0.0,0.00028910000000000134,0.42927896168699,1.2914784277475532e-5,-3.9045474990687146e-15,4.474942228660517e-6,4.474942228660517e-6,6.84425741522441e-6,4.474942228660517e-6,NaN,diag_feasible,0,0,2,2,0,0,3,3.828998099054815e-14,1.12.6,lbt,1,1,Intel(R) Core(TM) 7 150U,NT,6407b28
degen-r20-m5-d1e-08-p3,100,AGD-SDAJ,1e-7*n,9.999999999999999e-6,3,21,0.0235846,0.0232802,98.70932727288145,0.0,1.19e-5,0.0,0.0,0.0,0.0,0.0002924999999999998,0.42927896168699,1.2914784277475532e-5,-3.9045474990687146e-15,4.474942228660517e-6,4.474942228660517e-6,6.84425741522441e-6,4.474942228660517e-6,NaN,diag_feasible,0,0,2,2,0,0,3,3.828998099054815e-14,1.12.6,lbt,1,1,Intel(R) Core(TM) 7 150U,NT,6407b28
degen-r20-m5-d1e-08-p3,100,Dykstra-APM,1e-7*n,9.999999999999999e-6,39,39,0.0432545,0.0405718,93.79787074177253,0.0,0.0,0.0,0.0,0.001803,0.0,0.0008797000000000032,0.4292575209122408,1.634491639855123e-5,-3.503732468772273e-15,1.817188901354072e-6,1.817188901354072e-6,7.844464842965943e-6,1.817188901354072e-6,NaN,diag_feasible,0,0,0,0,0,0,39,3.828998099054815e-14,1.12.6,lbt,1,1,Intel(R) Core(TM) 7 150U,NT,6407b28
degen-r20-m5-d1e-08-p3,100,Anderson-APM,1e-7*n,9.999999999999999e-6,14,14,0.026599,0.0223946,84.19339072897478,0.0,0.0,0.0,0.0,0.0,0.0033669,0.0008375000000000006,0.42927396204233026,5.395948444681609e-6,-3.3062775819583557e-15,6.646629288065142e-7,6.646629288065142e-7,2.7379926701055418e-6,6.646629288065142e-7,NaN,diag_feasible,0,0,0,0,0,0,14,3.828998099054815e-14,1.12.6,lbt,1,1,Intel(R) Core(TM) 7 150U,NT,6407b28
degen-r20-m5-d1e-08-p4,100,SBB-Dual,1e-7*n,9.999999999999999e-6,17,18,0.0187262,0.0183982,98.24844335743505,1.68e-5,9.8e-6,3.47e-5,0.0,0.0,0.0,0.0002666999999999984,0.429818346780022,8.31607670487964e-6,-3.727697934599234e-15,1.6038932078021872e-6,0.0,6.707251684893941e-6,1.6038932078021872e-6,100.0,diag_feasible,0,0,0,0,0,0,17,1.4573130989168706e-14,1.12.6,lbt,1,1,Intel(R) Core(TM) 7 150U,NT,6407b28
degen-r20-m5-d1e-08-p4,100,Newton-SIN-BH,1e-7*n,9.999999999999999e-6,3,4,0.0053539,0.0041735999999999995,77.95438838977194,0.0,3.5e-6,0.0,0.0010228,0.0,0.0,0.0001540000000000005,0.4298183407248631,1.0059494712233624e-8,-3.4431887264479645e-15,1.4082999211240121e-9,1.4082999211240121e-9,4.9817304773156045e-9,1.4082999211240121e-9,NaN,converged,13,13,0,0,0,0,3,1.4573130989168706e-14,1.12.6,lbt,1,1,Intel(R) Core(TM) 7 150U,NT,6407b28
degen-r20-m5-d1e-08-p4,100,Newton-SIN,1e-7*n,9.999999999999999e-6,3,7,0.0103091,0.0088907,86.24128197417815,0.0,4.4e-6,0.0,0.0012802,0.0,0.0,0.0001338000000000001,0.4298183407248631,1.0059494712233624e-8,-3.4431887264479645e-15,1.4082999211240121e-9,1.4082999211240121e-9,4.9817304773156045e-9,1.4082999211240121e-9,NaN,converged,13,13,0,0,0,0,3,1.4573130989168706e-14,1.12.6,lbt,1,1,Intel(R) Core(TM) 7 150U,NT,6407b28
degen-r20-m5-d1e-08-p4,100,AGD-SDAJ-BH,1e-7*n,9.999999999999999e-6,3,23,0.0218571,0.0215571,98.62744828911428,0.0,9.5e-6,0.0,0.0,0.0,0.0,0.00029050000000000164,0.4298236015858859,7.74723536151711e-6,-3.769966927688983e-15,2.191210176749614e-6,2.191210176749614e-6,3.944854667251331e-6,2.191210176749614e-6,NaN,diag_feasible,0,0,4,4,0,0,3,1.4573130989168706e-14,1.12.6,lbt,1,1,Intel(R) Core(TM) 7 150U,NT,6407b28
degen-r20-m5-d1e-08-p4,100,AGD-SDAJ,1e-7*n,9.999999999999999e-6,3,23,0.0260666,0.0256869,98.5433466581756,0.0,1.31e-5,0.0,0.0,0.0,0.0,0.0003666000000000002,0.4298236015858859,7.74723536151711e-6,-3.769966927688983e-15,2.191210176749614e-6,2.191210176749614e-6,3.944854667251331e-6,2.191210176749614e-6,NaN,diag_feasible,0,0,4,4,0,0,3,1.4573130989168706e-14,1.12.6,lbt,1,1,Intel(R) Core(TM) 7 150U,NT,6407b28
degen-r20-m5-d1e-08-p4,100,Dykstra-APM,1e-7*n,9.999999999999999e-6,38,38,0.0488379,0.0454877,93.14016368435172,0.0,0.0,0.0,0.0,0.00191,0.0,0.0014401999999999976,0.4298018674219575,2.068817622686836e-5,-2.827199660965126e-15,2.3053259659011616e-6,2.3053259659011616e-6,9.945149757647554e-6,2.3053259659011616e-6,NaN,diag_feasible,0,0,0,0,0,0,38,1.4573130989168706e-14,1.12.6,lbt,1,1,Intel(R) Core(TM) 7 150U,NT,6407b28
degen-r20-m5-d1e-08-p4,100,Anderson-APM,1e-7*n,9.999999999999999e-6,12,12,0.0148998,0.0125167,84.00582558155143,0.0,0.0,0.0,0.0,0.0,0.001754,0.0006290999999999992,0.429823773725695,1.5316825751037437e-5,-3.5181280886260313e-15,2.1623749588695063e-6,2.1623749588695063e-6,8.387020197714992e-6,2.1623749588695063e-6,NaN,diag_feasible,0,0,0,0,0,0,12,1.4573130989168706e-14,1.12.6,lbt,1,1,Intel(R) Core(TM) 7 150U,NT,6407b28
degen-r20-m5-d1e-10-p0,100,SBB-Dual,1e-7*n,9.999999999999999e-6,17,18,0.028593,0.0281465,98.4384289861155,2.76e-5,1.68e-5,4.3e-5,0.0,0.0,0.0,0.00035909999999999897,0.42916550702947753,8.972485944055592e-6,-3.226986786090395e-15,1.6890264267210853e-6,0.0,7.157048604899953e-6,1.6890264267210853e-6,100.0,diag_feasible,0,0,0,0,0,0,17,1.556966573128942e-14,1.12.6,lbt,1,1,Intel(R) Core(TM) 7 150U,NT,6407b28
degen-r20-m5-d1e-10-p0,100,Newton-SIN-BH,1e-7*n,9.999999999999999e-6,3,4,0.0054538,0.0042932,78.7194249880817,0.0,3.4e-6,0.0,0.0010011,0.0,0.0,0.00015610000000000038,0.4291655067364939,1.457590659788318e-9,-3.3411284297317157e-15,9.831193636955504e-10,9.831193636955504e-10,1.0072458384368936e-9,9.831193636955504e-10,NaN,converged,13,13,0,0,0,0,3,1.556966573128942e-14,1.12.6,lbt,1,1,Intel(R) Core(TM) 7 150U,NT,6407b28
degen-r20-m5-d1e-10-p0,100,Newton-SIN,1e-7*n,9.999999999999999e-6,3,7,0.0103572,0.0090851,87.71772293670104,0.0,4.0e-6,0.0,0.0011076,0.0,0.0,0.00016049999999999984,0.4291655067364939,1.457590659788318e-9,-3.3411284297317157e-15,9.831193636955504e-10,9.831193636955504e-10,1.0072458384368936e-9,9.831193636955504e-10,NaN,converged,13,13,0,0,0,0,3,1.556966573128942e-14,1.12.6,lbt,1,1,Intel(R) Core(TM) 7 150U,NT,6407b28
degen-r20-m5-d1e-10-p0,100,AGD-SDAJ-BH,1e-7*n,9.999999999999999e-6,4,27,0.0314867,0.031061500000000002,98.64958855643813,0.0,1.6e-5,0.0,0.0,0.0,0.0,0.0004091999999999971,0.4291709943997016,9.249034970680354e-6,-3.58701624887527e-15,3.18872090776523e-6,3.18872090776523e-6,5.020888924679429e-6,3.18872090776523e-6,NaN,diag_feasible_at_xpre,0,0,6,6,0,0,4,1.556966573128942e-14,1.12.6,lbt,1,1,Intel(R) Core(TM) 7 150U,NT,6407b28
degen-r20-m5-d1e-10-p0,100,AGD-SDAJ,1e-7*n,9.999999999999999e-6,4,27,0.0263429,0.025965600000000002,98.56773551886847,0.0,1.42e-5,0.0,0.0,0.0,0.0,0.00036309999999999706,0.4291709943997016,9.249034970680354e-6,-3.58701624887527e-15,3.18872090776523e-6,3.18872090776523e-6,5.020888924679429e-6,3.18872090776523e-6,NaN,diag_feasible_at_xpre,0,0,6,6,0,0,4,1.556966573128942e-14,1.12.6,lbt,1,1,Intel(R) Core(TM) 7 150U,NT,6407b28
degen-r20-m5-d1e-10-p0,100,Dykstra-APM,1e-7*n,9.999999999999999e-6,39,39,0.0396355,0.0373753,94.29753629952947,0.0,0.0,0.0,0.0,0.0015006,0.0,0.000759599999999997,0.4291521076740242,1.684298061406423e-5,-3.152512266779088e-15,1.8406036552676142e-6,1.8406036552676142e-6,8.072413940469233e-6,1.8406036552676142e-6,NaN,diag_feasible,0,0,0,0,0,0,39,1.556966573128942e-14,1.12.6,lbt,1,1,Intel(R) Core(TM) 7 150U,NT,6407b28
degen-r20-m5-d1e-10-p0,100,Anderson-APM,1e-7*n,9.999999999999999e-6,14,14,0.0182249,0.0153277,84.10306778089318,0.0,0.0,0.0,0.0,0.0,0.002187,0.0007101999999999989,0.4291772381124739,1.7079357730803266e-5,-3.5787310419581234e-15,1.4694892239708324e-6,1.4694892239708324e-6,8.195986593518674e-6,1.4694892239708324e-6,NaN,diag_feasible,0,0,0,0,0,0,14,1.556966573128942e-14,1.12.6,lbt,1,1,Intel(R) Core(TM) 7 150U,NT,6407b28
degen-r20-m5-d1e-10-p1,100,SBB-Dual,1e-7*n,9.999999999999999e-6,17,18,0.0170905,0.0168082,98.3482051432082,1.44e-5,8.6e-6,3.37e-5,0.0,0.0,0.0,0.00022560000000000266,0.4239414901908718,1.0793541964048357e-5,-3.034095427631666e-15,1.9875006713743204e-6,0.0,8.67837123627843e-6,1.9875006713743204e-6,100.0,diag_feasible,0,0,0,0,0,0,17,7.042481659746094e-14,1.12.6,lbt,1,1,Intel(R) Core(TM) 7 150U,NT,6407b28
degen-r20-m5-d1e-10-p1,100,Newton-SIN-BH,1e-7*n,9.999999999999999e-6,3,4,0.0055868,0.004396,78.6854729004081,0.0,3.3e-6,0.0,0.0010347,0.0,0.0,0.00015280000000000068,0.42394148962300543,1.5595123033386418e-9,-2.8671740884273684e-15,5.505818023721076e-10,5.505818023721076e-10,9.40190313549862e-10,5.505818023721076e-10,NaN,converged,13,13,0,0,0,0,3,7.042481659746094e-14,1.12.6,lbt,1,1,Intel(R) Core(TM) 7 150U,NT,6407b28
degen-r20-m5-d1e-10-p1,100,Newton-SIN,1e-7*n,9.999999999999999e-6,3,7,0.0124664,0.0108495,87.02993646922928,0.0,5.3e-6,0.0,0.0014604,0.0,0.0,0.00015120000000000107,0.42394148962300543,1.5595123033386418e-9,-2.8671740884273684e-15,5.505818023721076e-10,5.505818023721076e-10,9.40190313549862e-10,5.505818023721076e-10,NaN,converged,13,13,0,0,0,0,3,7.042481659746094e-14,1.12.6,lbt,1,1,Intel(R) Core(TM) 7 150U,NT,6407b28
degen-r20-m5-d1e-10-p1,100,AGD-SDAJ-BH,1e-7*n,9.999999999999999e-6,3,21,0.0256552,0.0253062,98.63965200037418,0.0,1.4e-5,0.0,0.0,0.0,0.0,0.0003349999999999986,0.42394819910476794,9.579880227866708e-6,-3.7453402841822646e-15,1.9289287515045217e-6,1.9289287515045217e-6,4.700786297098365e-6,1.9289287515045217e-6,NaN,diag_feasible,0,0,2,2,0,0,3,7.042481659746094e-14,1.12.6,lbt,1,1,Intel(R) Core(TM) 7 150U,NT,6407b28
degen-r20-m5-d1e-10-p1,100,AGD-SDAJ,1e-7*n,9.999999999999999e-6,3,21,0.0280168,0.0276273,98.60976271380028,0.0,1.37e-5,0.0,0.0,0.0,0.0,0.00037580000000000095,0.42394819910476794,9.579880227866708e-6,-3.7453402841822646e-15,1.9289287515045217e-6,1.9289287515045217e-6,4.700786297098365e-6,1.9289287515045217e-6,NaN,diag_feasible,0,0,2,2,0,0,3,7.042481659746094e-14,1.12.6,lbt,1,1,Intel(R) Core(TM) 7 150U,NT,6407b28
degen-r20-m5-d1e-10-p1,100,Dykstra-APM,1e-7*n,9.999999999999999e-6,39,39,0.041708,0.0389491,93.38520187973529,0.0,0.0,0.0,0.0,0.001959,0.0,0.0007999000000000018,0.4239255744964275,1.9732464208651794e-5,-3.0878384940896995e-15,2.107429316167142e-6,2.107429316167142e-6,9.392680656428736e-6,2.107429316167142e-6,NaN,diag_feasible,0,0,0,0,0,0,39,7.042481659746094e-14,1.12.6,lbt,1,1,Intel(R) Core(TM) 7 150U,NT,6407b28
degen-r20-m5-d1e-10-p1,100,Anderson-APM,1e-7*n,9.999999999999999e-6,12,12,0.0134081,0.0112563,83.951492008562,0.0,0.0,0.0,0.0,0.0,0.0016354,0.0005163999999999989,0.42394754010351055,1.6333744246986015e-5,-3.53339850722159e-15,2.8321385107110686e-6,2.8321385107110686e-6,8.853854014069403e-6,2.8321385107110686e-6,NaN,diag_feasible,0,0,0,0,0,0,12,7.042481659746094e-14,1.12.6,lbt,1,1,Intel(R) Core(TM) 7 150U,NT,6407b28
degen-r20-m5-d1e-10-p2,100,SBB-Dual,1e-7*n,9.999999999999999e-6,17,18,0.0196257,0.0193071,98.37661841361073,1.51e-5,1.27e-5,3.19e-5,0.0,0.0,0.0,0.00025889999999999876,0.42919390146679726,8.337207011215256e-6,-2.832684388318199e-15,1.4399330490189044e-6,0.0,6.986907881526221e-6,1.4399330490189044e-6,100.0,diag_feasible,0,0,0,0,0,0,17,4.745161264418365e-14,1.12.6,lbt,1,1,Intel(R) Core(TM) 7 150U,NT,6407b28
degen-r20-m5-d1e-10-p2,100,Newton-SIN-BH,1e-7*n,9.999999999999999e-6,3,4,0.0076101,0.0060816,79.91485000197108,0.0,5.4e-6,0.0,0.0012979,0.0,0.0,0.0002251999999999994,0.4291939010893811,2.208196551828128e-9,-3.2436688556542954e-15,1.528364323988285e-9,1.528364323988285e-9,1.5515538592770668e-9,1.528364323988285e-9,NaN,converged,13,13,0,0,0,0,3,4.745161264418365e-14,1.12.6,lbt,1,1,Intel(R) Core(TM) 7 150U,NT,6407b28
degen-r20-m5-d1e-10-p2,100,Newton-SIN,1e-7*n,9.999999999999999e-6,3,7,0.0112479,0.0099052,88.06266058553152,0.0,4.1e-6,0.0,0.0011681,0.0,0.0,0.0001705000000000005,0.4291939010893811,2.208196551828128e-9,-3.2436688556542954e-15,1.528364323988285e-9,1.528364323988285e-9,1.5515538592770668e-9,1.528364323988285e-9,NaN,converged,13,13,0,0,0,0,3,4.745161264418365e-14,1.12.6,lbt,1,1,Intel(R) Core(TM) 7 150U,NT,6407b28
degen-r20-m5-d1e-10-p2,100,AGD-SDAJ-BH,1e-7*n,9.999999999999999e-6,4,31,0.0355044,0.0350183,98.63087391985219,0.0,1.86e-5,0.0,0.0,0.0,0.0,0.00046749999999999624,0.4292000086946686,9.674606995822835e-6,-3.3770554449535524e-15,2.162688221396536e-6,2.162688221396536e-6,5.054222506044834e-6,2.162688221396536e-6,NaN,diag_feasible_at_xpre,0,0,10,10,0,0,4,4.745161264418365e-14,1.12.6,lbt,1,1,Intel(R) Core(TM) 7 150U,NT,6407b28
degen-r20-m5-d1e-10-p2,100,AGD-SDAJ,1e-7*n,9.999999999999999e-6,4,31,0.0370856,0.0366021,98.69625946459001,0.0,1.85e-5,0.0,0.0,0.0,0.0,0.00046500000000000474,0.4292000086946686,9.674606995822835e-6,-3.3770554449535524e-15,2.162688221396536e-6,2.162688221396536e-6,5.054222506044834e-6,2.162688221396536e-6,NaN,diag_feasible_at_xpre,0,0,10,10,0,0,4,4.745161264418365e-14,1.12.6,lbt,1,1,Intel(R) Core(TM) 7 150U,NT,6407b28
degen-r20-m5-d1e-10-p2,100,Dykstra-APM,1e-7*n,9.999999999999999e-6,39,39,0.048961,0.0459891,93.93006678785156,0.0,0.0,0.0,0.0,0.0020371,0.0,0.0009347999999999995,0.42918068760854944,1.650888073600868e-5,-3.2044888926667478e-15,1.610209793057038e-6,1.610209793057038e-6,7.923184351867375e-6,1.610209793057038e-6,NaN,diag_feasible,0,0,0,0,0,0,39,4.745161264418365e-14,1.12.6,lbt,1,1,Intel(R) Core(TM) 7 150U,NT,6407b28
degen-r20-m5-d1e-10-p2,100,Anderson-APM,1e-7*n,9.999999999999999e-6,14,14,0.0214787,0.0177612,82.69215548427047,0.0,0.0,0.0,0.0,0.0,0.0030629,0.0006545999999999987,0.4292009441869306,1.0145232230565367e-5,-3.529997063532768e-15,8.879272127559901e-7,8.879272127559901e-7,4.865625840478924e-6,8.879272127559901e-7,NaN,diag_feasible,0,0,0,0,0,0,14,4.745161264418365e-14,1.12.6,lbt,1,1,Intel(R) Core(TM) 7 150U,NT,6407b28
degen-r20-m5-d1e-10-p3,100,SBB-Dual,1e-7*n,9.999999999999999e-6,17,18,0.0169262,0.016651600000000003,98.37766303127697,1.39e-5,8.4e-6,3.05e-5,0.0,0.0,0.0,0.00022179999999999637,0.42927062111742853,8.751859608601195e-6,-3.401068366184795e-15,1.648054303471369e-6,0.0,6.8941087826691955e-6,1.648054303471369e-6,100.0,diag_feasible,0,0,0,0,0,0,17,3.261770249662933e-14,1.12.6,lbt,1,1,Intel(R) Core(TM) 7 150U,NT,6407b28
degen-r20-m5-d1e-10-p3,100,Newton-SIN-BH,1e-7*n,9.999999999999999e-6,3,4,0.0087202,0.0070244999999999995,80.55434508382834,0.0,5.0e-6,0.0,0.0014714,0.0,0.0,0.00021930000000000126,0.42927062092201107,3.264197630919125e-10,-3.523201420029195e-15,1.6721157791721453e-10,1.6721157791721453e-10,1.9283564010502003e-10,1.6721157791721453e-10,NaN,converged,13,13,0,0,0,0,3,3.261770249662933e-14,1.12.6,lbt,1,1,Intel(R) Core(TM) 7 150U,NT,6407b28
degen-r20-m5-d1e-10-p3,100,Newton-SIN,1e-7*n,9.999999999999999e-6,3,7,0.0080265,0.0070393999999999995,87.70198716750761,0.0,3.7e-6,0.0,0.0008758,0.0,0.0,0.0001076000000000012,0.42927062092201107,3.264197630919125e-10,-3.523201420029195e-15,1.6721157791721453e-10,1.6721157791721453e-10,1.9283564010502003e-10,1.6721157791721453e-10,NaN,converged,13,13,0,0,0,0,3,3.261770249662933e-14,1.12.6,lbt,1,1,Intel(R) Core(TM) 7 150U,NT,6407b28
degen-r20-m5-d1e-10-p3,100,AGD-SDAJ-BH,1e-7*n,9.999999999999999e-6,3,21,0.0275477,0.0271623,98.60097213197471,0.0,1.49e-5,0.0,0.0,0.0,0.0,0.00037050000000000104,0.42927896832456214,1.291276590109228e-5,-3.3568490970182914e-15,4.474074855043142e-6,4.474074855043142e-6,6.843180624627962e-6,4.474074855043142e-6,NaN,diag_feasible,0,0,2,2,0,0,3,3.261770249662933e-14,1.12.6,lbt,1,1,Intel(R) Core(TM) 7 150U,NT,6407b28
degen-r20-m5-d1e-10-p3,100,AGD-SDAJ,1e-7*n,9.999999999999999e-6,3,21,0.0303187,0.029906199999999997,98.6394535385752,0.0,1.58e-5,0.0,0.0,0.0,0.0,0.00039670000000000314,0.42927896832456214,1.291276590109228e-5,-3.3568490970182914e-15,4.474074855043142e-6,4.474074855043142e-6,6.843180624627962e-6,4.474074855043142e-6,NaN,diag_feasible,0,0,2,2,0,0,3,3.261770249662933e-14,1.12.6,lbt,1,1,Intel(R) Core(TM) 7 150U,NT,6407b28
degen-r20-m5-d1e-10-p3,100,Dykstra-APM,1e-7*n,9.999999999999999e-6,39,39,0.0394829,0.0369401,93.55974358519762,0.0,0.0,0.0,0.0,0.0017332,0.0,0.0008096000000000047,0.4292575288990661,1.6344872883366266e-5,-2.7431385573620626e-15,1.8171888453988316e-6,1.8171888453988316e-6,7.844464409773456e-6,1.8171888453988316e-6,NaN,diag_feasible,0,0,0,0,0,0,39,3.261770249662933e-14,1.12.6,lbt,1,1,Intel(R) Core(TM) 7 150U,NT,6407b28
degen-r20-m5-d1e-10-p3,100,Anderson-APM,1e-7*n,9.999999999999999e-6,14,14,0.0176717,0.0149267,84.46668967897826,0.0,0.0,0.0,0.0,0.0,0.0021777,0.0005672999999999993,0.4292739700270497,5.3959372059918456e-6,-3.3332351771081434e-15,6.646575576585434e-7,6.646575576585434e-7,2.737985395207055e-6,6.646575576585434e-7,NaN,diag_feasible,0,0,0,0,0,0,14,3.261770249662933e-14,1.12.6,lbt,1,1,Intel(R) Core(TM) 7 150U,NT,6407b28
degen-r20-m5-d1e-10-p4,100,SBB-Dual,1e-7*n,9.999999999999999e-6,17,18,0.0171651,0.016873500000000003,98.30120418756665,1.39e-5,9.7e-6,3.4e-5,0.0,0.0,0.0,0.00023399999999999598,0.4298183549000517,8.327375457142129e-6,-3.3875560435319268e-15,1.6038931636153109e-6,0.0,6.707251427582254e-6,1.6038931636153109e-6,100.0,diag_feasible,0,0,0,0,0,0,17,1.86873984807952e-14,1.12.6,lbt,1,1,Intel(R) Core(TM) 7 150U,NT,6407b28
degen-r20-m5-d1e-10-p4,100,Newton-SIN-BH,1e-7*n,9.999999999999999e-6,3,4,0.0058931,0.0047026,79.79840830802125,0.0,3.5e-6,0.0,0.0010281,0.0,0.0,0.00015889999999999958,0.4298183546968545,3.434916803844985e-10,-2.9639591117394307e-15,1.363333890225249e-10,1.363333890225249e-10,1.8317420219954037e-10,1.363333890225249e-10,NaN,converged,13,13,0,0,0,0,3,1.86873984807952e-14,1.12.6,lbt,1,1,Intel(R) Core(TM) 7 150U,NT,6407b28
degen-r20-m5-d1e-10-p4,100,Newton-SIN,1e-7*n,9.999999999999999e-6,3,7,0.0087131,0.0076315,87.58650767235542,0.0,3.8e-6,0.0,0.0009599,0.0,0.0,0.00011789999999999945,0.4298183546968545,3.434916803844985e-10,-2.9639591117394307e-15,1.363333890225249e-10,1.363333890225249e-10,1.8317420219954037e-10,1.363333890225249e-10,NaN,converged,13,13,0,0,0,0,3,1.86873984807952e-14,1.12.6,lbt,1,1,Intel(R) Core(TM) 7 150U,NT,6407b28
degen-r20-m5-d1e-10-p4,100,AGD-SDAJ-BH,1e-7*n,9.999999999999999e-6,3,23,0.0308372,0.0303994,98.5802861478993,0.0,1.52e-5,0.0,0.0,0.0,0.0,0.0004225999999999986,0.429823609560324,7.747030587692778e-6,-3.697836821235509e-15,2.1911079327585625e-6,2.1911079327585625e-6,3.94474743807437e-6,2.1911079327585625e-6,NaN,diag_feasible,0,0,4,4,0,0,3,1.86873984807952e-14,1.12.6,lbt,1,1,Intel(R) Core(TM) 7 150U,NT,6407b28
degen-r20-m5-d1e-10-p4,100,AGD-SDAJ,1e-7*n,9.999999999999999e-6,3,23,0.0242633,0.0239392,98.66423775826041,0.0,1.78e-5,0.0,0.0,0.0,0.0,0.0003063000000000008,0.429823609560324,7.747030587692778e-6,-3.697836821235509e-15,2.1911079327585625e-6,2.1911079327585625e-6,3.94474743807437e-6,2.1911079327585625e-6,NaN,diag_feasible,0,0,4,4,0,0,3,1.86873984807952e-14,1.12.6,lbt,1,1,Intel(R) Core(TM) 7 150U,NT,6407b28
degen-r20-m5-d1e-10-p4,100,Dykstra-APM,1e-7*n,9.999999999999999e-6,38,38,0.051157,0.0480881,94.00101647868327,0.0,0.0,0.0,0.0,0.0020594,0.0,0.0010094999999999995,0.4298018755424006,2.068813576847762e-5,-2.888332523458762e-15,2.3053259277094895e-6,2.3053259277094895e-6,9.94514950069576e-6,2.3053259277094895e-6,NaN,diag_feasible,0,0,0,0,0,0,38,1.86873984807952e-14,1.12.6,lbt,1,1,Intel(R) Core(TM) 7 150U,NT,6407b28
degen-r20-m5-d1e-10-p4,100,Anderson-APM,1e-7*n,9.999999999999999e-6,12,12,0.0156821,0.0130836,83.43015284942705,0.0,0.0,0.0,0.0,0.0,0.0019214,0.0006771000000000001,0.4298237819590423,1.5316784566741043e-5,-4.26885430347598e-15,2.162368075708798e-6,2.162368075708798e-6,8.386990889674553e-6,2.162368075708798e-6,NaN,diag_feasible,0,0,0,0,0,0,12,1.86873984807952e-14,1.12.6,lbt,1,1,Intel(R) Core(TM) 7 150U,NT,6407b28
degen-r20-m5-d0-p0,100,SBB-Dual,1e-7*n,9.999999999999999e-6,17,18,0.0171036,0.016825,98.37110315956873,1.33e-5,8.6e-6,3.12e-5,0.0,0.0,0.0,0.00022550000000000039,0.42916550711081813,8.97260064755148e-6,-2.7326395791869308e-15,1.6890264264990407e-6,0.0,7.157048600460576e-6,1.6890264264990407e-6,100.0,diag_feasible,0,0,0,0,0,0,17,2.668880090240094e-14,1.12.6,lbt,1,1,Intel(R) Core(TM) 7 150U,NT,6407b28
degen-r20-m5-d0-p0,100,Newton-SIN-BH,1e-7*n,9.999999999999999e-6,3,4,0.0066789,0.0054416,81.4744943029541,0.0,4.4e-6,0.0,0.0010567,0.0,0.0,0.0001761999999999992,0.42916550685972793,1.4533982056770754e-9,-3.232992854391819e-15,9.831104819113534e-10,9.831104819113534e-10,1.0065058090000656e-9,9.831104819113534e-10,NaN,converged,13,13,0,0,0,0,3,2.668880090240094e-14,1.12.6,lbt,1,1,Intel(R) Core(TM) 7 150U,NT,6407b28
degen-r20-m5-d0-p0,100,Newton-SIN,1e-7*n,9.999999999999999e-6,3,7,0.0082795,0.007199,86.9496950298931,0.0,3.9e-6,0.0,0.000956,0.0,0.0,0.00012060000000000065,0.42916550685972793,1.4533982056770754e-9,-3.232992854391819e-15,9.831104819113534e-10,9.831104819113534e-10,1.0065058090000656e-9,9.831104819113534e-10,NaN,converged,13,13,0,0,0,0,3,2.668880090240094e-14,1.12.6,lbt,1,1,Intel(R) Core(TM) 7 150U,NT,6407b28
degen-r20-m5-d0-p0,100,AGD-SDAJ-BH,1e-7*n,9.999999999999999e-6,4,27,0.0327183,0.0322727,98.6380710489237,0.0,1.66e-5,0.0,0.0,0.0,0.0,0.00042899999999999736,0.42917099447918095,9.249034304210267e-6,-3.0189609278756294e-15,3.188721898084168e-6,3.188721898084168e-6,5.0208892744020835e-6,3.188721898084168e-6,NaN,diag_feasible_at_xpre,0,0,6,6,0,0,4,2.668880090240094e-14,1.12.6,lbt,1,1,Intel(R) Core(TM) 7 150U,NT,6407b28
degen-r20-m5-d0-p0,100,AGD-SDAJ,1e-7*n,9.999999999999999e-6,4,27,0.0288048,0.028392900000000002,98.57002999500084,0.0,1.41e-5,0.0,0.0,0.0,0.0,0.0003977999999999963,0.42917099447918095,9.249034304210267e-6,-3.0189609278756294e-15,3.188721898084168e-6,3.188721898084168e-6,5.0208892744020835e-6,3.188721898084168e-6,NaN,diag_feasible_at_xpre,0,0,6,6,0,0,4,2.668880090240094e-14,1.12.6,lbt,1,1,Intel(R) Core(TM) 7 150U,NT,6407b28
degen-r20-m5-d0-p0,100,Dykstra-APM,1e-7*n,9.999999999999999e-6,39,39,0.0394258,0.0370879,94.0701266683238,0.0,0.0,0.0,0.0,0.0015601,0.0,0.0007777999999999969,0.4291521077553675,1.6842980348409686e-5,-2.954609188440437e-15,1.8406036539353465e-6,1.8406036539353465e-6,8.072413938493403e-6,1.8406036539353465e-6,NaN,diag_feasible,0,0,0,0,0,0,39,2.668880090240094e-14,1.12.6,lbt,1,1,Intel(R) Core(TM) 7 150U,NT,6407b28
degen-r20-m5-d0-p0,100,Anderson-APM,1e-7*n,9.999999999999999e-6,14,14,0.0156286,0.0130795,83.68951793506777,0.0,0.0,0.0,0.0,0.0,0.0020095,0.0005395999999999986,0.42917723819169246,1.7079355027627062e-5,-3.733936814250147e-15,1.4694893366584694e-6,1.4694893366584694e-6,8.195985391860353e-6,1.4694893366584694e-6,NaN,diag_feasible,0,0,0,0,0,0,14,2.668880090240094e-14,1.12.6,lbt,1,1,Intel(R) Core(TM) 7 150U,NT,6407b28
degen-r20-m5-d0-p1,100,SBB-Dual,1e-7*n,9.999999999999999e-6,17,18,0.0214729,0.0211104,98.31182560343503,2.19e-5,1.36e-5,3.32e-5,0.0,0.0,0.0,0.00029379999999999825,0.42394149026144473,1.0793668753521315e-5,-3.072958501409729e-15,1.98750066315867e-6,0.0,8.678376853535884e-6,1.98750066315867e-6,100.0,diag_feasible,0,0,0,0,0,0,17,7.357378542570962e-14,1.12.6,lbt,1,1,Intel(R) Core(TM) 7 150U,NT,6407b28
degen-r20-m5-d0-p1,100,Newton-SIN-BH,1e-7*n,9.999999999999999e-6,3,4,0.0118972,0.0093519,78.60589046162121,0.0,7.8e-6,0.0,0.002191,0.0,0.0,0.00034650000000000045,0.42394148969359724,1.5495825352045853e-9,-2.8514406743323913e-15,5.505844669073667e-10,5.505844669073667e-10,9.401936448972382e-10,5.505844669073667e-10,NaN,converged,13,13,0,0,0,0,3,7.357378542570962e-14,1.12.6,lbt,1,1,Intel(R) Core(TM) 7 150U,NT,6407b28
degen-r20-m5-d0-p1,100,Newton-SIN,1e-7*n,9.999999999999999e-6,3,7,0.0116412,0.0100292,86.15263031302615,0.0,3.9e-6,0.0,0.0014182,0.0,0.0,0.00018990000000000044,0.42394148969359724,1.5495825352045853e-9,-2.8514406743323913e-15,5.505844669073667e-10,5.505844669073667e-10,9.401936448972382e-10,5.505844669073667e-10,NaN,converged,13,13,0,0,0,0,3,7.357378542570962e-14,1.12.6,lbt,1,1,Intel(R) Core(TM) 7 150U,NT,6407b28
degen-r20-m5-d0-p1,100,AGD-SDAJ-BH,1e-7*n,9.999999999999999e-6,3,21,0.0267051,0.0253584,94.95714301762584,0.0,1.28e-5,0.0,0.0,0.0,0.0,0.0013338999999999992,0.42394819917770926,9.579884354891966e-6,-3.715407257399628e-15,1.9289311660175557e-6,1.9289311660175557e-6,4.70078861012508e-6,1.9289311660175557e-6,NaN,diag_feasible,0,0,2,2,0,0,3,7.357378542570962e-14,1.12.6,lbt,1,1,Intel(R) Core(TM) 7 150U,NT,6407b28
degen-r20-m5-d0-p1,100,AGD-SDAJ,1e-7*n,9.999999999999999e-6,3,21,0.0374336,0.0369179,98.62236065994186,0.0,1.9e-5,0.0,0.0,0.0,0.0,0.0004967000000000009,0.42394819917770926,9.579884354891966e-6,-3.715407257399628e-15,1.9289311660175557e-6,1.9289311660175557e-6,4.70078861012508e-6,1.9289311660175557e-6,NaN,diag_feasible,0,0,2,2,0,0,3,7.357378542570962e-14,1.12.6,lbt,1,1,Intel(R) Core(TM) 7 150U,NT,6407b28
degen-r20-m5-d0-p1,100,Dykstra-APM,1e-7*n,9.999999999999999e-6,39,39,0.0390261,0.0366967,94.03117400918872,0.0,0.0,0.0,0.0,0.0015583,0.0,0.0007711000000000022,0.4239255745669976,1.9732463938619184e-5,-2.481479025094407e-15,2.107429317943499e-6,2.107429317943499e-6,9.392680657434691e-6,2.107429317943499e-6,NaN,diag_feasible,0,0,0,0,0,0,39,7.357378542570962e-14,1.12.6,lbt,1,1,Intel(R) Core(TM) 7 150U,NT,6407b28
degen-r20-m5-d0-p1,100,Anderson-APM,1e-7*n,9.999999999999999e-6,12,12,0.0138509,0.0115543,83.4191279989026,0.0,0.0,0.0,0.0,0.0,0.001766,0.0005305999999999993,0.42394754017413794,1.633374327436033e-5,-3.244796281511859e-15,2.8321383209739537e-6,2.8321383209739537e-6,8.85385343901707e-6,2.8321383209739537e-6,NaN,diag_feasible,0,0,0,0,0,0,12,7.357378542570962e-14,1.12.6,lbt,1,1,Intel(R) Core(TM) 7 150U,NT,6407b28
degen-r20-m5-d0-p2,100,SBB-Dual,1e-7*n,9.999999999999999e-6,17,18,0.0192375,0.0189151,98.32410656270305,1.49e-5,9.2e-6,3.16e-5,0.0,0.0,0.0,0.00026670000000000047,0.4291939015479669,8.337324922503921e-6,-2.8878219250415206e-15,1.4399330485748152e-6,0.0,6.986907880134766e-6,1.4399330485748152e-6,100.0,diag_feasible,0,0,0,0,0,0,17,2.8382651314674287e-14,1.12.6,lbt,1,1,Intel(R) Core(TM) 7 150U,NT,6407b28
degen-r20-m5-d0-p2,100,Newton-SIN-BH,1e-7*n,9.999999999999999e-6,3,4,0.0078768,0.0062005,78.71851513304895,0.0,5.4e-6,0.0,0.0014571,0.0,0.0,0.00021379999999999945,0.42919390119970646,2.203743902033168e-9,-3.562857977512448e-15,1.5283565524271125e-9,1.5283565524271125e-9,1.5510088542278527e-9,1.5283565524271125e-9,NaN,converged,13,13,0,0,0,0,3,2.8382651314674287e-14,1.12.6,lbt,1,1,Intel(R) Core(TM) 7 150U,NT,6407b28
degen-r20-m5-d0-p2,100,Newton-SIN,1e-7*n,9.999999999999999e-6,3,7,0.0143292,0.0125203,87.37612706920135,0.0,6.1e-6,0.0,0.0016159,0.0,0.0,0.00018690000000000048,0.42919390119970646,2.203743902033168e-9,-3.562857977512448e-15,1.5283565524271125e-9,1.5283565524271125e-9,1.5510088542278527e-9,1.5283565524271125e-9,NaN,converged,13,13,0,0,0,0,3,2.8382651314674287e-14,1.12.6,lbt,1,1,Intel(R) Core(TM) 7 150U,NT,6407b28
degen-r20-m5-d0-p2,100,AGD-SDAJ-BH,1e-7*n,9.999999999999999e-6,4,31,0.0359356,0.035445599999999994,98.6364496488162,0.0,2.27e-5,0.0,0.0,0.0,0.0,0.0004673000000000043,0.4292000090192309,9.674927723864806e-6,-3.215461627072557e-15,2.16272248065863e-6,2.16272248065863e-6,5.054367199848997e-6,2.16272248065863e-6,NaN,diag_feasible_at_xpre,0,0,10,10,0,0,4,2.8382651314674287e-14,1.12.6,lbt,1,1,Intel(R) Core(TM) 7 150U,NT,6407b28
degen-r20-m5-d0-p2,100,AGD-SDAJ,1e-7*n,9.999999999999999e-6,4,31,0.0331201,0.0326423,98.55737150552082,0.0,1.6e-5,0.0,0.0,0.0,0.0,0.00046180000000000044,0.4292000090192309,9.674927723864806e-6,-3.215461627072557e-15,2.16272248065863e-6,2.16272248065863e-6,5.054367199848997e-6,2.16272248065863e-6,NaN,diag_feasible_at_xpre,0,0,10,10,0,0,4,2.8382651314674287e-14,1.12.6,lbt,1,1,Intel(R) Core(TM) 7 150U,NT,6407b28
degen-r20-m5-d0-p2,100,Dykstra-APM,1e-7*n,9.999999999999999e-6,39,39,0.0484178,0.0455658,94.10960431907273,0.0,0.0,0.0,0.0,0.0018795,0.0,0.0009725000000000003,0.4291806876897203,1.6508880420730422e-5,-3.1304130574711306e-15,1.6102097910586366e-6,1.6102097910586366e-6,7.923184350514592e-6,1.6102097910586366e-6,NaN,diag_feasible,0,0,0,0,0,0,39,2.8382651314674287e-14,1.12.6,lbt,1,1,Intel(R) Core(TM) 7 150U,NT,6407b28
degen-r20-m5-d0-p2,100,Anderson-APM,1e-7*n,9.999999999999999e-6,14,14,0.0162583,0.0136467,83.93681996272673,0.0,0.0,0.0,0.0,0.0,0.0020532,0.0005584000000000006,0.42920094427027694,1.0145234878444502e-5,-3.949537604724289e-15,8.879273382111919e-7,8.879273382111919e-7,4.8656269625366214e-6,8.879273382111919e-7,NaN,diag_feasible,0,0,0,0,0,0,14,2.8382651314674287e-14,1.12.6,lbt,1,1,Intel(R) Core(TM) 7 150U,NT,6407b28
degen-r20-m5-d0-p3,100,SBB-Dual,1e-7*n,9.999999999999999e-6,17,18,0.0170788,0.0167947,98.33653418272945,1.39e-5,7.7e-6,3.14e-5,0.0,0.0,0.0,0.00023110000000000236,0.4292706211980965,8.751966545477748e-6,-2.9637992735511164e-15,1.6480543028052352e-6,0.0,6.894108780418454e-6,1.6480543028052352e-6,100.0,diag_feasible,0,0,0,0,0,0,17,1.422819137495494e-14,1.12.6,lbt,1,1,Intel(R) Core(TM) 7 150U,NT,6407b28
degen-r20-m5-d0-p3,100,Newton-SIN-BH,1e-7*n,9.999999999999999e-6,3,4,0.0064865,0.0052399,80.78162337161797,0.0,3.2e-6,0.0,0.0010678,0.0,0.0,0.00017560000000000037,0.4292706210426272,2.956074266251493e-10,-4.1228382645122616e-15,1.6711698691551646e-10,1.6711698691551646e-10,1.8498589480892323e-10,1.6711698691551646e-10,NaN,converged,13,13,0,0,0,0,3,1.422819137495494e-14,1.12.6,lbt,1,1,Intel(R) Core(TM) 7 150U,NT,6407b28
degen-r20-m5-d0-p3,100,Newton-SIN,1e-7*n,9.999999999999999e-6,3,7,0.0082567,0.0072384,87.66698559957368,0.0,2.8e-6,0.0,0.0009024,0.0,0.0,0.00011310000000000053,0.4292706210426272,2.956074266251493e-10,-4.1228382645122616e-15,1.6711698691551646e-10,1.6711698691551646e-10,1.8498589480892323e-10,1.6711698691551646e-10,NaN,converged,13,13,0,0,0,0,3,1.422819137495494e-14,1.12.6,lbt,1,1,Intel(R) Core(TM) 7 150U,NT,6407b28
degen-r20-m5-d0-p3,100,AGD-SDAJ-BH,1e-7*n,9.999999999999999e-6,3,21,0.024993,0.0246754,98.72924418837275,0.0,1.16e-5,0.0,0.0,0.0,0.0,0.0003060000000000012,0.42927896839167007,1.2912745602197365e-5,-3.2432892567193342e-15,4.47406613890422e-6,4.47406613890422e-6,6.843169801328317e-6,4.47406613890422e-6,NaN,diag_feasible,0,0,2,2,0,0,3,1.422819137495494e-14,1.12.6,lbt,1,1,Intel(R) Core(TM) 7 150U,NT,6407b28
degen-r20-m5-d0-p3,100,AGD-SDAJ,1e-7*n,9.999999999999999e-6,3,21,0.0236372,0.0233219,98.66608566158428,0.0,1.17e-5,0.0,0.0,0.0,0.0,0.000303600000000001,0.42927896839167007,1.2912745602197365e-5,-3.2432892567193342e-15,4.47406613890422e-6,4.47406613890422e-6,6.843169801328317e-6,4.47406613890422e-6,NaN,diag_feasible,0,0,2,2,0,0,3,1.422819137495494e-14,1.12.6,lbt,1,1,Intel(R) Core(TM) 7 150U,NT,6407b28
degen-r20-m5-d0-p3,100,Dykstra-APM,1e-7*n,9.999999999999999e-6,39,39,0.0452325,0.042628,94.24197203338308,0.0,0.0,0.0,0.0,0.0017313,0.0,0.0008732000000000026,0.4292575289797432,1.6344872553039853e-5,-2.9974627267474964e-15,1.817188848507456e-6,1.817188848507456e-6,7.844464404362178e-6,1.817188848507456e-6,NaN,diag_feasible,0,0,0,0,0,0,39,1.422819137495494e-14,1.12.6,lbt,1,1,Intel(R) Core(TM) 7 150U,NT,6407b28
degen-r20-m5-d0-p3,100,Anderson-APM,1e-7*n,9.999999999999999e-6,14,14,0.015506,0.0130185,83.95782277827936,0.0,0.0,0.0,0.0,0.0,0.0019353,0.0005522000000000001,0.42927397010786983,5.395937299088913e-6,-3.4987337145216707e-15,6.646575210211836e-7,6.646575210211836e-7,2.737985418538527e-6,6.646575210211836e-7,NaN,diag_feasible,0,0,0,0,0,0,14,1.422819137495494e-14,1.12.6,lbt,1,1,Intel(R) Core(TM) 7 150U,NT,6407b28
degen-r20-m5-d0-p4,100,SBB-Dual,1e-7*n,9.999999999999999e-6,17,18,0.0170448,0.0167646,98.35609687411997,1.35e-5,8.7e-6,3.25e-5,0.0,0.0,0.0,0.0002254999999999978,0.42981835498207227,8.327489727037511e-6,-3.1882257300152027e-15,1.6038931622830432e-6,0.0,6.7072514206211145e-6,1.6038931622830432e-6,100.0,diag_feasible,0,0,0,0,0,0,17,1.619251812945824e-14,1.12.6,lbt,1,1,Intel(R) Core(TM) 7 150U,NT,6407b28
degen-r20-m5-d0-p4,100,Newton-SIN-BH,1e-7*n,9.999999999999999e-6,3,4,0.0055465,0.0044472,80.1802938790228,0.0,3.1e-6,0.0,0.0009349,0.0,0.0,0.00016130000000000007,0.429818354815211,3.078341660431029e-10,-3.5483080620298655e-15,1.3626610950723261e-10,1.3626610950723261e-10,1.744852826183878e-10,1.3626610950723261e-10,NaN,converged,13,13,0,0,0,0,3,1.619251812945824e-14,1.12.6,lbt,1,1,Intel(R) Core(TM) 7 150U,NT,6407b28
degen-r20-m5-d0-p4,100,Newton-SIN,1e-7*n,9.999999999999999e-6,3,7,0.0089535,0.0079269,88.53409281286649,0.0,3.6e-6,0.0,0.0009078,0.0,0.0,0.000115199999999999,0.429818354815211,3.078341660431029e-10,-3.5483080620298655e-15,1.3626610950723261e-10,1.3626610950723261e-10,1.744852826183878e-10,1.3626610950723261e-10,NaN,converged,13,13,0,0,0,0,3,1.619251812945824e-14,1.12.6,lbt,1,1,Intel(R) Core(TM) 7 150U,NT,6407b28
degen-r20-m5-d0-p4,100,AGD-SDAJ-BH,1e-7*n,9.999999999999999e-6,3,23,0.022325,0.0219415,98.28219484882419,0.0,1.6e-5,0.0,0.0,0.0,0.0,0.0003675000000000019,0.42982360964084104,7.74702846192309e-6,-3.822256134882196e-15,2.19110687182944e-6,2.19110687182944e-6,3.9447463238262875e-6,2.19110687182944e-6,NaN,diag_feasible,0,0,4,4,0,0,3,1.619251812945824e-14,1.12.6,lbt,1,1,Intel(R) Core(TM) 7 150U,NT,6407b28
degen-r20-m5-d0-p4,100,AGD-SDAJ,1e-7*n,9.999999999999999e-6,3,23,0.022338,0.0220138,98.5486614737219,0.0,1.12e-5,0.0,0.0,0.0,0.0,0.0003130000000000002,0.42982360964084104,7.74702846192309e-6,-3.822256134882196e-15,2.19110687182944e-6,2.19110687182944e-6,3.9447463238262875e-6,2.19110687182944e-6,NaN,diag_feasible,0,0,4,4,0,0,3,1.619251812945824e-14,1.12.6,lbt,1,1,Intel(R) Core(TM) 7 150U,NT,6407b28
degen-r20-m5-d0-p4,100,Dykstra-APM,1e-7*n,9.999999999999999e-6,38,38,0.0447747,0.0420687,93.95640841814686,0.0,0.0,0.0,0.0,0.001826,0.0,0.0008800000000000001,0.4298018756244347,2.0688135439228486e-5,-3.3603455124820896e-15,2.3053259265992665e-6,2.3053259265992665e-6,9.945149493484134e-6,2.3053259265992665e-6,NaN,diag_feasible,0,0,0,0,0,0,38,1.619251812945824e-14,1.12.6,lbt,1,1,Intel(R) Core(TM) 7 150U,NT,6407b28
degen-r20-m5-d0-p4,100,Anderson-APM,1e-7*n,9.999999999999999e-6,12,12,0.0155113,0.0130902,84.39137918807579,0.0,0.0,0.0,0.0,0.0,0.001859,0.0005621000000000007,0.4298237820422288,1.531678408268726e-5,-3.275494004604186e-15,2.1623679861138e-6,2.1623679861138e-6,8.386990550224334e-6,2.1623679861138e-6,NaN,diag_feasible,0,0,0,0,0,0,12,1.619251812945824e-14,1.12.6,lbt,1,1,Intel(R) Core(TM) 7 150U,NT,6407b28
degen-r20-m20-d0.01-p0,100,SBB-Dual,1e-7*n,9.999999999999999e-6,18,19,0.0251617,0.023938200000000003,95.13745096714453,2.05e-5,1.27e-5,3.74e-5,0.0,0.0,0.0,0.0011528999999999956,0.45948646389249104,8.980044252480382e-6,-2.4897174398704365e-15,1.5042722618652249e-6,0.0,9.052567724522825e-6,1.5042722618652249e-6,100.0,diag_feasible,0,0,0,0,0,0,18,1.5333140632601973e-14,1.12.6,lbt,1,1,Intel(R) Core(TM) 7 150U,NT,6407b28
degen-r20-m20-d0.01-p0,100,Newton-SIN-BH,1e-7*n,9.999999999999999e-6,3,4,0.0054907,0.0045012,81.97861839109767,0.0,3.0e-6,0.0,0.0008319,0.0,0.0,0.00015459999999999996,0.4594864637334695,7.200163957361867e-10,-3.386612300289311e-15,2.6847413181485535e-10,2.6847413181485535e-10,4.424301338607601e-10,2.6847413181485535e-10,NaN,converged,12,12,0,0,0,0,3,1.5333140632601973e-14,1.12.6,lbt,1,1,Intel(R) Core(TM) 7 150U,NT,6407b28
degen-r20-m20-d0.01-p0,100,Newton-SIN,1e-7*n,9.999999999999999e-6,3,7,0.0081401,0.0072374,88.91045564550802,0.0,3.2e-6,0.0,0.0007854,0.0,0.0,0.00011410000000000109,0.4594864637334695,7.200163957361867e-10,-3.386612300289311e-15,2.6847413181485535e-10,2.6847413181485535e-10,4.424301338607601e-10,2.6847413181485535e-10,NaN,converged,12,12,0,0,0,0,3,1.5333140632601973e-14,1.12.6,lbt,1,1,Intel(R) Core(TM) 7 150U,NT,6407b28
degen-r20-m20-d0.01-p0,100,AGD-SDAJ-BH,1e-7*n,9.999999999999999e-6,4,23,0.0227102,0.022401400000000002,98.64025856223196,0.0,9.9e-6,0.0,0.0,0.0,0.0,0.00029889999999999794,0.45948260708402533,9.667957125797195e-6,-3.1909421220805052e-15,2.720180252380189e-6,2.720180252380189e-6,5.618992717012305e-6,2.720180252380189e-6,NaN,diag_feasible_at_xpre,0,0,2,2,0,0,4,1.5333140632601973e-14,1.12.6,lbt,1,1,Intel(R) Core(TM) 7 150U,NT,6407b28
degen-r20-m20-d0.01-p0,100,AGD-SDAJ,1e-7*n,9.999999999999999e-6,4,23,0.0228234,0.0225147,98.64744078445804,0.0,9.8e-6,0.0,0.0,0.0,0.0,0.000298900000000002,0.45948260708402533,9.667957125797195e-6,-3.1909421220805052e-15,2.720180252380189e-6,2.720180252380189e-6,5.618992717012305e-6,2.720180252380189e-6,NaN,diag_feasible_at_xpre,0,0,2,2,0,0,4,1.5333140632601973e-14,1.12.6,lbt,1,1,Intel(R) Core(TM) 7 150U,NT,6407b28
degen-r20-m20-d0.01-p0,100,Dykstra-APM,1e-7*n,9.999999999999999e-6,42,42,0.0498432,0.0469439,94.1831583846944,0.0,0.0,0.0,0.0,0.0019381,0.0,0.0009612000000000006,0.45947568973515057,1.8242281174661834e-5,-2.947607263378008e-15,1.334945312514435e-6,1.334945312514435e-6,8.068668233872482e-6,1.334945312514435e-6,NaN,diag_feasible,0,0,0,0,0,0,42,1.5333140632601973e-14,1.12.6,lbt,1,1,Intel(R) Core(TM) 7 150U,NT,6407b28
degen-r20-m20-d0.01-p0,100,Anderson-APM,1e-7*n,9.999999999999999e-6,13,13,0.016364,0.0138839,84.84417012955268,0.0,0.0,0.0,0.0,0.0,0.0018498,0.0006303000000000007,0.4594777689683302,1.8224664846303208e-5,-3.535739357991256e-15,1.8641308912048515e-6,1.8641308912048515e-6,8.78157717356194e-6,1.8641308912048515e-6,NaN,diag_feasible,0,0,0,0,0,0,13,1.5333140632601973e-14,1.12.6,lbt,1,1,Intel(R) Core(TM) 7 150U,NT,6407b28
degen-r20-m20-d0.01-p1,100,SBB-Dual,1e-7*n,9.999999999999999e-6,18,19,0.0189255,0.0186253,98.41378034926421,1.59e-5,9.7e-6,3.28e-5,0.0,0.0,0.0,0.00024180000000000046,0.4557143721710501,8.729314568738615e-6,-2.744817173634492e-15,1.4514715134250622e-6,0.0,8.788532652067652e-6,1.4514715134250622e-6,100.0,diag_feasible,0,0,0,0,0,0,18,7.972066185878801e-14,1.12.6,lbt,1,1,Intel(R) Core(TM) 7 150U,NT,6407b28
degen-r20-m20-d0.01-p1,100,Newton-SIN-BH,1e-7*n,9.999999999999999e-6,3,4,0.0090889,0.0076571,84.24671852479398,0.0,5.2e-6,0.0,0.0011802,0.0,0.0,0.00024640000000000057,0.4557143719494605,2.604241807012582e-9,-3.273616415376555e-15,6.2186611415882e-10,6.2186611415882e-10,1.5622372992289566e-9,6.2186611415882e-10,NaN,converged,11,11,0,0,0,0,3,7.972066185878801e-14,1.12.6,lbt,1,1,Intel(R) Core(TM) 7 150U,NT,6407b28
degen-r20-m20-d0.01-p1,100,Newton-SIN,1e-7*n,9.999999999999999e-6,3,7,0.0091457,0.008212,89.79083066359055,0.0,4.8e-6,0.0,0.0007371,0.0,0.0,0.00019179999999999913,0.4557143719494605,2.604241807012582e-9,-3.273616415376555e-15,6.2186611415882e-10,6.2186611415882e-10,1.5622372992289566e-9,6.2186611415882e-10,NaN,converged,11,11,0,0,0,0,3,7.972066185878801e-14,1.12.6,lbt,1,1,Intel(R) Core(TM) 7 150U,NT,6407b28
degen-r20-m20-d0.01-p1,100,AGD-SDAJ-BH,1e-7*n,9.999999999999999e-6,3,20,0.01947,0.019200000000000002,98.61325115562404,0.0,1.02e-5,0.0,0.0,0.0,0.0,0.00025979999999999943,0.4557067567986986,1.446607969961931e-5,-3.2195950900439378e-15,2.3341187662673235e-6,2.3341187662673235e-6,7.221285019808169e-6,2.3341187662673235e-6,NaN,diag_feasible,0,0,1,1,0,0,3,7.972066185878801e-14,1.12.6,lbt,1,1,Intel(R) Core(TM) 7 150U,NT,6407b28
degen-r20-m20-d0.01-p1,100,AGD-SDAJ,1e-7*n,9.999999999999999e-6,3,20,0.0208161,0.0205301,98.62606347971041,0.0,1.1e-5,0.0,0.0,0.0,0.0,0.00027500000000000153,0.4557067567986986,1.446607969961931e-5,-3.2195950900439378e-15,2.3341187662673235e-6,2.3341187662673235e-6,7.221285019808169e-6,2.3341187662673235e-6,NaN,diag_feasible,0,0,1,1,0,0,3,7.972066185878801e-14,1.12.6,lbt,1,1,Intel(R) Core(TM) 7 150U,NT,6407b28
degen-r20-m20-d0.01-p1,100,Dykstra-APM,1e-7*n,9.999999999999999e-6,41,41,0.0447737,0.042111,94.05298199612719,0.0,0.0,0.0,0.0,0.0017758,0.0,0.0008868999999999971,0.4557013199217219,2.1987036793981146e-5,-3.571923626280741e-15,1.5990713155833447e-6,1.5990713155833447e-6,9.74951422176603e-6,1.5990713155833447e-6,NaN,diag_feasible,0,0,0,0,0,0,41,7.972066185878801e-14,1.12.6,lbt,1,1,Intel(R) Core(TM) 7 150U,NT,6407b28
degen-r20-m20-d0.01-p1,100,Anderson-APM,1e-7*n,9.999999999999999e-6,14,14,0.017514,0.0148903,85.01941304099579,0.0,0.0,0.0,0.0,0.0,0.0020432,0.0005804999999999981,0.45571026302415424,1.1260782049889786e-5,-3.4091056072083714e-15,1.293969200455436e-6,1.293969200455436e-6,5.723175991282832e-6,1.293969200455436e-6,NaN,diag_feasible,0,0,0,0,0,0,14,7.972066185878801e-14,1.12.6,lbt,1,1,Intel(R) Core(TM) 7 150U,NT,6407b28
degen-r20-m20-d0.01-p2,100,SBB-Dual,1e-7*n,9.999999999999999e-6,18,19,0.0279378,0.0275049,98.45048643772954,2.45e-5,1.46e-5,3.64e-5,0.0,0.0,0.0,0.00035739999999999996,0.45682247886801397,8.473855352459172e-6,-3.0959727846004723e-15,1.2876001826978012e-6,0.0,9.100414132096653e-6,1.2876001826978012e-6,100.0,diag_feasible,0,0,0,0,0,0,18,5.5420149373879147e-14,1.12.6,lbt,1,1,Intel(R) Core(TM) 7 150U,NT,6407b28
degen-r20-m20-d0.01-p2,100,Newton-SIN-BH,1e-7*n,9.999999999999999e-6,3,4,0.0061107,0.0050641,82.8726659793477,0.0,3.4e-6,0.0,0.000869,0.0,0.0,0.0001742,0.45682247871028303,2.380558375035796e-9,-3.610963598973782e-15,4.930300612215888e-10,4.930300612215888e-10,1.446916605109732e-9,4.930300612215888e-10,NaN,converged,11,11,0,0,0,0,3,5.5420149373879147e-14,1.12.6,lbt,1,1,Intel(R) Core(TM) 7 150U,NT,6407b28
degen-r20-m20-d0.01-p2,100,Newton-SIN,1e-7*n,9.999999999999999e-6,3,7,0.0134307,0.0120229,89.51804448018345,0.0,6.4e-6,0.0,0.0012048,0.0,0.0,0.00019660000000000077,0.45682247871028303,2.380558375035796e-9,-3.610963598973782e-15,4.930300612215888e-10,4.930300612215888e-10,1.446916605109732e-9,4.930300612215888e-10,NaN,converged,11,11,0,0,0,0,3,5.5420149373879147e-14,1.12.6,lbt,1,1,Intel(R) Core(TM) 7 150U,NT,6407b28
degen-r20-m20-d0.01-p2,100,AGD-SDAJ-BH,1e-7*n,9.999999999999999e-6,3,20,0.0264005,0.0260114,98.52616427719173,0.0,1.4e-5,0.0,0.0,0.0,0.0,0.00037509999999999985,0.45681492257004647,1.512484909763595e-5,-3.481998007808792e-15,1.7763150880201195e-6,1.7763150880201195e-6,7.677872661656258e-6,1.7763150880201195e-6,NaN,diag_feasible,0,0,1,1,0,0,3,5.5420149373879147e-14,1.12.6,lbt,1,1,Intel(R) Core(TM) 7 150U,NT,6407b28
degen-r20-m20-d0.01-p2,100,AGD-SDAJ,1e-7*n,9.999999999999999e-6,3,20,0.0203933,0.0200773,98.45047147837771,0.0,1.14e-5,0.0,0.0,0.0,0.0,0.0003046000000000003,0.45681492257004647,1.512484909763595e-5,-3.481998007808792e-15,1.7763150880201195e-6,1.7763150880201195e-6,7.677872661656258e-6,1.7763150880201195e-6,NaN,diag_feasible,0,0,1,1,0,0,3,5.5420149373879147e-14,1.12.6,lbt,1,1,Intel(R) Core(TM) 7 150U,NT,6407b28
degen-r20-m20-d0.01-p2,100,Dykstra-APM,1e-7*n,9.999999999999999e-6,42,42,0.0500601,0.0471478,94.18239276389778,0.0,0.0,0.0,0.0,0.0019549,0.0,0.0009574000000000067,0.45681160747115296,1.8189700722381634e-5,-2.886696244301186e-15,1.1458726343338554e-6,1.1458726343338554e-6,8.06335903476059e-6,1.1458726343338554e-6,NaN,diag_feasible,0,0,0,0,0,0,42,5.5420149373879147e-14,1.12.6,lbt,1,1,Intel(R) Core(TM) 7 150U,NT,6407b28
degen-r20-m20-d0.01-p2,100,Anderson-APM,1e-7*n,9.999999999999999e-6,14,14,0.0238074,0.0201385,84.58924536068618,0.0,0.0,0.0,0.0,0.0,0.0028631,0.0008057999999999993,0.4568180726795346,1.4742077672361753e-5,-3.0214735058593826e-15,1.9910126887179302e-6,1.9910126887179302e-6,7.906779977715252e-6,1.9910126887179302e-6,NaN,diag_feasible,0,0,0,0,0,0,14,5.5420149373879147e-14,1.12.6,lbt,1,1,Intel(R) Core(TM) 7 150U,NT,6407b28
degen-r20-m20-d0.01-p3,100,SBB-Dual,1e-7*n,9.999999999999999e-6,18,19,0.0257414,0.025344799999999997,98.4592912584397,2.14e-5,1.27e-5,5.46e-5,0.0,0.0,0.0,0.00030790000000000396,0.46037642512899457,8.73103196170626e-6,-3.992127915875562e-15,1.3255599868866597e-6,0.0,8.257091237089326e-6,1.3255599868866597e-6,100.0,diag_feasible,0,0,0,0,0,0,18,3.2548474892948313e-14,1.12.6,lbt,1,1,Intel(R) Core(TM) 7 150U,NT,6407b28
degen-r20-m20-d0.01-p3,100,Newton-SIN-BH,1e-7*n,9.999999999999999e-6,3,4,0.0061651,0.0051002999999999995,82.72858509999838,0.0,3.3e-6,0.0,0.0008829,0.0,0.0,0.00017860000000000033,0.46037642472996754,4.373954285647959e-9,-3.1829659687834574e-15,1.1443475056438501e-9,1.1443475056438501e-9,2.5894452024897885e-9,1.1443475056438501e-9,NaN,converged,11,11,0,0,0,0,3,3.2548474892948313e-14,1.12.6,lbt,1,1,Intel(R) Core(TM) 7 150U,NT,6407b28
degen-r20-m20-d0.01-p3,100,Newton-SIN,1e-7*n,9.999999999999999e-6,3,7,0.0078701,0.0069926,88.85020520704947,0.0,2.7e-6,0.0,0.000764,0.0,0.0,0.00011079999999999977,0.46037642472996754,4.373954285647959e-9,-3.1829659687834574e-15,1.1443475056438501e-9,1.1443475056438501e-9,2.5894452024897885e-9,1.1443475056438501e-9,NaN,converged,11,11,0,0,0,0,3,3.2548474892948313e-14,1.12.6,lbt,1,1,Intel(R) Core(TM) 7 150U,NT,6407b28
degen-r20-m20-d0.01-p3,100,AGD-SDAJ-BH,1e-7*n,9.999999999999999e-6,4,30,0.0375282,0.037044299999999995,98.71056965162197,0.0,1.97e-5,0.0,0.0,0.0,0.0,0.0004642000000000024,0.46037158359445346,1.625865251329573e-5,-3.015073388129133e-15,5.0812010390366424e-6,5.0812010390366424e-6,9.618956559473517e-6,5.0812010390366424e-6,NaN,diag_feasible_at_xpre,0,0,7,7,0,0,4,3.2548474892948313e-14,1.12.6,lbt,1,1,Intel(R) Core(TM) 7 150U,NT,6407b28
degen-r20-m20-d0.01-p3,100,AGD-SDAJ,1e-7*n,9.999999999999999e-6,4,30,0.0423599,0.0416215,98.25684196610473,0.0,1.63e-5,0.0,0.0,0.0,0.0,0.0007221000000000002,0.46037158359445346,1.625865251329573e-5,-3.015073388129133e-15,5.0812010390366424e-6,5.0812010390366424e-6,9.618956559473517e-6,5.0812010390366424e-6,NaN,diag_feasible_at_xpre,0,0,7,7,0,0,4,3.2548474892948313e-14,1.12.6,lbt,1,1,Intel(R) Core(TM) 7 150U,NT,6407b28
degen-r20-m20-d0.01-p3,100,Dykstra-APM,1e-7*n,9.999999999999999e-6,41,41,0.0543071,0.0508314,93.59991603307856,0.0,0.0,0.0,0.0,0.0023007,0.0,0.001174999999999998,0.460363992916637,2.1121828195899115e-5,-3.3741248072668064e-15,1.4928102336497773e-6,1.4928102336497773e-6,9.36479735468216e-6,1.4928102336497773e-6,NaN,diag_feasible,0,0,0,0,0,0,41,3.2548474892948313e-14,1.12.6,lbt,1,1,Intel(R) Core(TM) 7 150U,NT,6407b28
degen-r20-m20-d0.01-p3,100,Anderson-APM,1e-7*n,9.999999999999999e-6,13,13,0.0145044,0.0122377,84.37232839690024,0.0,0.0,0.0,0.0,0.0,0.0017569,0.0005097999999999999,0.46036951442520024,1.3414893115551984e-5,-3.1390821236784487e-15,1.2613580291365167e-6,1.2613580291365167e-6,6.291972241193936e-6,1.2613580291365167e-6,NaN,diag_feasible,0,0,0,0,0,0,13,3.2548474892948313e-14,1.12.6,lbt,1,1,Intel(R) Core(TM) 7 150U,NT,6407b28
degen-r20-m20-d0.01-p4,100,SBB-Dual,1e-7*n,9.999999999999999e-6,18,19,0.0256433,0.0252211,98.35356603869236,2.31e-5,1.48e-5,3.35e-5,0.0,0.0,0.0,0.00035080000000000105,0.45907961631928335,9.01411854826844e-6,-4.265652506707685e-15,1.443781557641799e-6,0.0,8.865685024474806e-6,1.443781557641799e-6,100.0,diag_feasible,0,0,0,0,0,0,18,4.4431952140609876e-14,1.12.6,lbt,1,1,Intel(R) Core(TM) 7 150U,NT,6407b28
degen-r20-m20-d0.01-p4,100,Newton-SIN-BH,1e-7*n,9.999999999999999e-6,3,4,0.0082277,0.0068182,82.86884548537259,0.0,4.9e-6,0.0,0.0011744,0.0,0.0,0.00023019999999999942,0.4590796157860672,7.754345633031183e-9,-4.314657344204875e-15,2.5655240154520698e-9,2.5655240154520698e-9,4.798785674411887e-9,2.5655240154520698e-9,NaN,converged,11,11,0,0,0,0,3,4.4431952140609876e-14,1.12.6,lbt,1,1,Intel(R) Core(TM) 7 150U,NT,6407b28
degen-r20-m20-d0.01-p4,100,Newton-SIN,1e-7*n,9.999999999999999e-6,3,7,0.0134239,0.0122047,90.91769157994324,0.0,4.6e-6,0.0,0.0010545,0.0,0.0,0.00016010000000000004,0.4590796157860672,7.754345633031183e-9,-4.314657344204875e-15,2.5655240154520698e-9,2.5655240154520698e-9,4.798785674411887e-9,2.5655240154520698e-9,NaN,converged,11,11,0,0,0,0,3,4.4431952140609876e-14,1.12.6,lbt,1,1,Intel(R) Core(TM) 7 150U,NT,6407b28
degen-r20-m20-d0.01-p4,100,AGD-SDAJ-BH,1e-7*n,9.999999999999999e-6,4,28,0.0285246,0.0281601,98.72215561304978,0.0,1.18e-5,0.0,0.0,0.0,0.0,0.0003527000000000002,0.45907190080801824,1.678552647205438e-5,-4.02350706047316e-15,7.702983603197211e-6,7.702983603197211e-6,9.64368121887258e-6,7.702983603197211e-6,NaN,diag_feasible_at_xpre,0,0,7,7,0,0,4,4.4431952140609876e-14,1.12.6,lbt,1,1,Intel(R) Core(TM) 7 150U,NT,6407b28
degen-r20-m20-d0.01-p4,100,AGD-SDAJ,1e-7*n,9.999999999999999e-6,4,28,0.0474479,0.0469198,98.88698972978783,0.0,2.39e-5,0.0,0.0,0.0,0.0,0.0005042000000000036,0.45907190080801824,1.678552647205438e-5,-4.02350706047316e-15,7.702983603197211e-6,7.702983603197211e-6,9.64368121887258e-6,7.702983603197211e-6,NaN,diag_feasible_at_xpre,0,0,7,7,0,0,4,4.4431952140609876e-14,1.12.6,lbt,1,1,Intel(R) Core(TM) 7 150U,NT,6407b28
degen-r20-m20-d0.01-p4,100,Dykstra-APM,1e-7*n,9.999999999999999e-6,41,41,0.0432239,0.0406916,94.14143564093013,0.0,0.0,0.0,0.0,0.0016975,0.0,0.0008348000000000012,0.4590664870930877,2.230054443959739e-5,-3.1921144737676704e-15,1.582527155763458e-6,1.582527155763458e-6,9.87149816788506e-6,1.582527155763458e-6,NaN,diag_feasible,0,0,0,0,0,0,41,4.4431952140609876e-14,1.12.6,lbt,1,1,Intel(R) Core(TM) 7 150U,NT,6407b28
degen-r20-m20-d0.01-p4,100,Anderson-APM,1e-7*n,9.999999999999999e-6,13,13,0.0147194,0.0123642,83.9993477995027,0.0,0.0,0.0,0.0,0.0,0.0017482,0.0006069999999999999,0.4590722643233309,1.7021070869508492e-5,-3.3957788330290964e-15,1.999032332555828e-6,1.999032332555828e-6,8.482761361251835e-6,1.999032332555828e-6,NaN,diag_feasible,0,0,0,0,0,0,13,4.4431952140609876e-14,1.12.6,lbt,1,1,Intel(R) Core(TM) 7 150U,NT,6407b28
degen-r20-m20-d0.0001-p0,100,SBB-Dual,1e-7*n,9.999999999999999e-6,13,14,0.0139549,0.0137126,98.26369232312665,1.18e-5,8.0e-6,3.13e-5,0.0,0.0,0.0,0.00019119999999999912,0.4815853238267508,9.927204655823945e-6,-3.4037734856194324e-15,1.945665521807527e-6,0.0,9.980478703543196e-6,1.945665521807527e-6,100.0,diag_feasible,0,0,0,0,0,0,13,1.464442667554174e-14,1.12.6,lbt,1,1,Intel(R) Core(TM) 7 150U,NT,6407b28
degen-r20-m20-d0.0001-p0,100,Newton-SIN-BH,1e-7*n,9.999999999999999e-6,3,4,0.009845,0.007325699999999999,74.41036058913154,0.0,6.2e-6,0.0,0.0022634,0.0,0.0,0.00024970000000000027,0.4815853236108481,3.0540744209949372e-9,-3.100529492939317e-15,4.576816703405484e-10,4.576816703405484e-10,1.7891243282673488e-9,4.576816703405484e-10,NaN,converged,11,11,0,0,0,0,3,1.464442667554174e-14,1.12.6,lbt,1,1,Intel(R) Core(TM) 7 150U,NT,6407b28
degen-r20-m20-d0.0001-p0,100,Newton-SIN,1e-7*n,9.999999999999999e-6,3,7,0.0103109,0.0092438,89.65075793577671,0.0,3.6e-6,0.0,0.0009224,0.0,0.0,0.00014109999999999958,0.4815853236108481,3.0540744209949372e-9,-3.100529492939317e-15,4.576816703405484e-10,4.576816703405484e-10,1.7891243282673488e-9,4.576816703405484e-10,NaN,converged,11,11,0,0,0,0,3,1.464442667554174e-14,1.12.6,lbt,1,1,Intel(R) Core(TM) 7 150U,NT,6407b28
degen-r20-m20-d0.0001-p0,100,AGD-SDAJ-BH,1e-7*n,9.999999999999999e-6,3,22,0.0216693,0.021372000000000002,98.62801290304718,0.0,9.8e-6,0.0,0.0,0.0,0.0,0.00028749999999999685,0.48159112444685753,1.1744222970289303e-5,-3.501672970549411e-15,1.4029569577189704e-6,1.4029569577189704e-6,5.787085830265281e-6,1.4029569577189704e-6,NaN,diag_feasible,0,0,3,3,0,0,3,1.464442667554174e-14,1.12.6,lbt,1,1,Intel(R) Core(TM) 7 150U,NT,6407b28
degen-r20-m20-d0.0001-p0,100,AGD-SDAJ,1e-7*n,9.999999999999999e-6,3,22,0.0253739,0.0250223,98.61432416774717,0.0,1.39e-5,0.0,0.0,0.0,0.0,0.0003377000000000005,0.48159112444685753,1.1744222970289303e-5,-3.501672970549411e-15,1.4029569577189704e-6,1.4029569577189704e-6,5.787085830265281e-6,1.4029569577189704e-6,NaN,diag_feasible,0,0,3,3,0,0,3,1.464442667554174e-14,1.12.6,lbt,1,1,Intel(R) Core(TM) 7 150U,NT,6407b28
degen-r20-m20-d0.0001-p0,100,Dykstra-APM,1e-7*n,9.999999999999999e-6,32,32,0.0343232,0.0323062,94.12350829759464,0.0,0.0,0.0,0.0,0.0013231,0.0,0.000693899999999998,0.4815744276746647,1.9924061389618623e-5,-3.3921568616184295e-15,1.67816398088938e-6,1.67816398088938e-6,8.826029774726726e-6,1.67816398088938e-6,NaN,diag_feasible,0,0,0,0,0,0,32,1.464442667554174e-14,1.12.6,lbt,1,1,Intel(R) Core(TM) 7 150U,NT,6407b28
degen-r20-m20-d0.0001-p0,100,Anderson-APM,1e-7*n,9.999999999999999e-6,13,13,0.0155342,0.0132734,85.44630557093382,0.0,0.0,0.0,0.0,0.0,0.0017372,0.0005236000000000004,0.48158935317761176,1.1570167395433631e-5,-3.120918484636779e-15,1.4266714243316159e-6,1.4266714243316159e-6,6.113312048171788e-6,1.4266714243316159e-6,NaN,diag_feasible,0,0,0,0,0,0,13,1.464442667554174e-14,1.12.6,lbt,1,1,Intel(R) Core(TM) 7 150U,NT,6407b28
degen-r20-m20-d0.0001-p1,100,SBB-Dual,1e-7*n,9.999999999999999e-6,14,15,0.0165425,0.0162923,98.48753211425115,1.26e-5,8.0e-6,3.06e-5,0.0,0.0,0.0,0.0001990000000000025,0.4769417013529184,6.60543785677822e-6,-2.884485588525762e-15,1.1346474493301173e-6,0.0,6.6644486381147625e-6,1.1346474493301173e-6,100.0,diag_feasible,0,0,0,0,0,0,14,9.883541843614818e-14,1.12.6,lbt,1,1,Intel(R) Core(TM) 7 150U,NT,6407b28
degen-r20-m20-d0.0001-p1,100,Newton-SIN-BH,1e-7*n,9.999999999999999e-6,3,4,0.0077933,0.0063367,81.30958643963403,0.0,5.2e-6,0.0,0.0012239,0.0,0.0,0.0002275000000000007,0.47694170119918494,1.9517492403450757e-9,-3.8013404428570715e-15,3.700592055011498e-10,3.700592055011498e-10,1.1532510343333727e-9,3.700592055011498e-10,NaN,converged,12,12,0,0,0,0,3,9.883541843614818e-14,1.12.6,lbt,1,1,Intel(R) Core(TM) 7 150U,NT,6407b28
degen-r20-m20-d0.0001-p1,100,Newton-SIN,1e-7*n,9.999999999999999e-6,3,7,0.0079787,0.0070301,88.1108451251457,0.0,2.8e-6,0.0,0.0008291,0.0,0.0,0.00011669999999999996,0.47694170119918494,1.9517492403450757e-9,-3.8013404428570715e-15,3.700592055011498e-10,3.700592055011498e-10,1.1532510343333727e-9,3.700592055011498e-10,NaN,converged,12,12,0,0,0,0,3,9.883541843614818e-14,1.12.6,lbt,1,1,Intel(R) Core(TM) 7 150U,NT,6407b28
degen-r20-m20-d0.0001-p1,100,AGD-SDAJ-BH,1e-7*n,9.999999999999999e-6,4,26,0.0253213,0.024969500000000002,98.6106558510029,0.0,1.4e-5,0.0,0.0,0.0,0.0,0.0003377999999999993,0.4769453572393376,8.644715543251611e-6,-3.4500898972661363e-15,3.4337269807505066e-6,3.4337269807505066e-6,4.836130835515129e-6,3.4337269807505066e-6,NaN,diag_feasible_at_xpre,0,0,5,5,0,0,4,9.883541843614818e-14,1.12.6,lbt,1,1,Intel(R) Core(TM) 7 150U,NT,6407b28
degen-r20-m20-d0.0001-p1,100,AGD-SDAJ,1e-7*n,9.999999999999999e-6,4,26,0.0417417,0.041170700000000005,98.63206338026482,0.0,2.45e-5,0.0,0.0,0.0,0.0,0.0005464999999999951,0.4769453572393376,8.644715543251611e-6,-3.4500898972661363e-15,3.4337269807505066e-6,3.4337269807505066e-6,4.836130835515129e-6,3.4337269807505066e-6,NaN,diag_feasible_at_xpre,0,0,5,5,0,0,4,9.883541843614818e-14,1.12.6,lbt,1,1,Intel(R) Core(TM) 7 150U,NT,6407b28
degen-r20-m20-d0.0001-p1,100,Dykstra-APM,1e-7*n,9.999999999999999e-6,32,32,0.036514,0.0344858,94.44541819576052,0.0,0.0,0.0,0.0,0.0013394,0.0,0.0006888000000000009,0.4769298624422586,2.135170636889778e-5,-3.11052724899774e-15,1.7545803039364927e-6,1.7545803039364927e-6,9.483486289326058e-6,1.7545803039364927e-6,NaN,diag_feasible,0,0,0,0,0,0,32,9.883541843614818e-14,1.12.6,lbt,1,1,Intel(R) Core(TM) 7 150U,NT,6407b28
degen-r20-m20-d0.0001-p1,100,Anderson-APM,1e-7*n,9.999999999999999e-6,13,13,0.0146571,0.0123445,84.22198115589033,0.0,0.0,0.0,0.0,0.0,0.0017699,0.0005426999999999997,0.4769435872768321,7.2208491969738386e-6,-4.500078077883139e-15,8.925349275212824e-7,8.925349275212824e-7,3.943773170173583e-6,8.925349275212824e-7,NaN,diag_feasible,0,0,0,0,0,0,13,9.883541843614818e-14,1.12.6,lbt,1,1,Intel(R) Core(TM) 7 150U,NT,6407b28
degen-r20-m20-d0.0001-p2,100,SBB-Dual,1e-7*n,9.999999999999999e-6,14,15,0.0171256,0.0168156,98.18984444340636,1.4e-5,1.08e-5,3.9e-5,0.0,0.0,0.0,0.0002462000000000012,0.4784627301817106,7.330071637363106e-6,-2.8751253985268128e-15,1.5486654245666642e-6,0.0,7.826552260058586e-6,1.5486654245666642e-6,100.0,diag_feasible,0,0,0,0,0,0,14,1.520640828213254e-14,1.12.6,lbt,1,1,Intel(R) Core(TM) 7 150U,NT,6407b28
degen-r20-m20-d0.0001-p2,100,Newton-SIN-BH,1e-7*n,9.999999999999999e-6,3,4,0.0053935,0.0044696,82.87012144247706,0.0,3.2e-6,0.0,0.0007631,0.0,0.0,0.00015760000000000014,0.47846273011742,1.5835776297240367e-8,-3.302256557821694e-15,4.23644752611807e-9,4.23644752611807e-9,9.649739479339419e-9,4.23644752611807e-9,NaN,converged,10,10,0,0,0,0,3,1.520640828213254e-14,1.12.6,lbt,1,1,Intel(R) Core(TM) 7 150U,NT,6407b28
degen-r20-m20-d0.0001-p2,100,Newton-SIN,1e-7*n,9.999999999999999e-6,3,7,0.0084537,0.0076024,89.9298532003738,0.0,3.4e-6,0.0,0.0007284,0.0,0.0,0.00011950000000000014,0.47846273011742,1.5835776297240367e-8,-3.302256557821694e-15,4.23644752611807e-9,4.23644752611807e-9,9.649739479339419e-9,4.23644752611807e-9,NaN,converged,10,10,0,0,0,0,3,1.520640828213254e-14,1.12.6,lbt,1,1,Intel(R) Core(TM) 7 150U,NT,6407b28
degen-r20-m20-d0.0001-p2,100,AGD-SDAJ-BH,1e-7*n,9.999999999999999e-6,3,20,0.0258858,0.0255101,98.54862511492789,0.0,1.39e-5,0.0,0.0,0.0,0.0,0.00036179999999999963,0.4784663946633907,7.157826932479532e-6,-2.9681304286219865e-15,7.455935695510618e-7,7.455935695510618e-7,3.481077051485705e-6,7.455935695510618e-7,NaN,diag_feasible,0,0,1,1,0,0,3,1.520640828213254e-14,1.12.6,lbt,1,1,Intel(R) Core(TM) 7 150U,NT,6407b28
degen-r20-m20-d0.0001-p2,100,AGD-SDAJ,1e-7*n,9.999999999999999e-6,3,20,0.0215188,0.021208499999999998,98.5580050932208,0.0,9.6e-6,0.0,0.0,0.0,0.0,0.0003007000000000029,0.4784663946633907,7.157826932479532e-6,-2.9681304286219865e-15,7.455935695510618e-7,7.455935695510618e-7,3.481077051485705e-6,7.455935695510618e-7,NaN,diag_feasible,0,0,1,1,0,0,3,1.520640828213254e-14,1.12.6,lbt,1,1,Intel(R) Core(TM) 7 150U,NT,6407b28
degen-r20-m20-d0.0001-p2,100,Dykstra-APM,1e-7*n,9.999999999999999e-6,33,33,0.0364284,0.0341634,93.7823236815232,0.0,0.0,0.0,0.0,0.0014862,0.0,0.0007788000000000031,0.47845204569243743,1.9282406617959002e-5,-3.5568582231747055e-15,1.851277354303349e-6,1.851277354303349e-6,8.568764014749132e-6,1.851277354303349e-6,NaN,diag_feasible,0,0,0,0,0,0,33,1.520640828213254e-14,1.12.6,lbt,1,1,Intel(R) Core(TM) 7 150U,NT,6407b28
degen-r20-m20-d0.0001-p2,100,Anderson-APM,1e-7*n,9.999999999999999e-6,14,14,0.0218649,0.0184573,84.41520427717482,0.0,0.0,0.0,0.0,0.0,0.002705,0.0007026000000000003,0.47846783949703686,1.5974376791506978e-5,-3.4191444656003726e-15,2.821208727743496e-6,2.821208727743496e-6,8.411604971444603e-6,2.821208727743496e-6,NaN,diag_feasible,0,0,0,0,0,0,14,1.520640828213254e-14,1.12.6,lbt,1,1,Intel(R) Core(TM) 7 150U,NT,6407b28
degen-r20-m20-d0.0001-p3,100,SBB-Dual,1e-7*n,9.999999999999999e-6,13,14,0.0222753,0.0219116,98.36724982379586,1.75e-5,1.29e-5,3.93e-5,0.0,0.0,0.0,0.00029400000000000156,0.48247778539770775,8.099524257444673e-6,-3.440964327318415e-15,1.2163605793702459e-6,0.0,7.685316484606895e-6,1.2163605793702459e-6,100.0,diag_feasible,0,0,0,0,0,0,13,2.9576349711020686e-14,1.12.6,lbt,1,1,Intel(R) Core(TM) 7 150U,NT,6407b28
degen-r20-m20-d0.0001-p3,100,Newton-SIN-BH,1e-7*n,9.999999999999999e-6,3,4,0.00518,0.0042918,82.85328185328186,0.0,3.6e-6,0.0,0.0007271,0.0,0.0,0.00015749999999999965,0.48247778527388846,1.041497337760293e-8,-3.762193898797971e-15,1.909645219733136e-9,1.909645219733136e-9,6.22394090735852e-9,1.909645219733136e-9,NaN,converged,10,10,0,0,0,0,3,2.9576349711020686e-14,1.12.6,lbt,1,1,Intel(R) Core(TM) 7 150U,NT,6407b28
degen-r20-m20-d0.0001-p3,100,Newton-SIN,1e-7*n,9.999999999999999e-6,3,7,0.0095976,0.0086312,89.93081603734268,0.0,4.0e-6,0.0,0.0008345,0.0,0.0,0.00012789999999999926,0.48247778527388846,1.041497337760293e-8,-3.762193898797971e-15,1.909645219733136e-9,1.909645219733136e-9,6.22394090735852e-9,1.909645219733136e-9,NaN,converged,10,10,0,0,0,0,3,2.9576349711020686e-14,1.12.6,lbt,1,1,Intel(R) Core(TM) 7 150U,NT,6407b28
degen-r20-m20-d0.0001-p3,100,AGD-SDAJ-BH,1e-7*n,9.999999999999999e-6,3,20,0.0217677,0.021466100000000002,98.61446087551741,0.0,1.07e-5,0.0,0.0,0.0,0.0,0.0002908999999999991,0.48248124754387445,7.313634539473671e-6,-3.473084418283352e-15,6.378386216976395e-7,6.378386216976395e-7,3.618179232779207e-6,6.378386216976395e-7,NaN,diag_feasible,0,0,1,1,0,0,3,2.9576349711020686e-14,1.12.6,lbt,1,1,Intel(R) Core(TM) 7 150U,NT,6407b28
degen-r20-m20-d0.0001-p3,100,AGD-SDAJ,1e-7*n,9.999999999999999e-6,3,20,0.0330817,0.032617799999999995,98.5977141440736,0.0,1.69e-5,0.0,0.0,0.0,0.0,0.0004470000000000032,0.48248124754387445,7.313634539473671e-6,-3.473084418283352e-15,6.378386216976395e-7,6.378386216976395e-7,3.618179232779207e-6,6.378386216976395e-7,NaN,diag_feasible,0,0,1,1,0,0,3,2.9576349711020686e-14,1.12.6,lbt,1,1,Intel(R) Core(TM) 7 150U,NT,6407b28
degen-r20-m20-d0.0001-p3,100,Dykstra-APM,1e-7*n,9.999999999999999e-6,31,31,0.0382099,0.0360132,94.25096637258932,0.0,0.0,0.0,0.0,0.00145,0.0,0.000746699999999996,0.48246657815008437,2.043763782366219e-5,-3.534217505666171e-15,1.3898796986655526e-6,1.3898796986655526e-6,9.070121833028767e-6,1.3898796986655526e-6,NaN,diag_feasible,0,0,0,0,0,0,31,2.9576349711020686e-14,1.12.6,lbt,1,1,Intel(R) Core(TM) 7 150U,NT,6407b28
degen-r20-m20-d0.0001-p3,100,Anderson-APM,1e-7*n,9.999999999999999e-6,13,13,0.0410629,0.0321921,78.39704453411719,0.0,0.0,0.0,0.0,0.0,0.0069321,0.001938699999999998,0.48247964932825477,5.95117065719742e-6,-3.788747851150031e-15,7.545614952864099e-7,7.545614952864099e-7,3.1844457000024506e-6,7.545614952864099e-7,NaN,diag_feasible,0,0,0,0,0,0,13,2.9576349711020686e-14,1.12.6,lbt,1,1,Intel(R) Core(TM) 7 150U,NT,6407b28
degen-r20-m20-d0.0001-p4,100,SBB-Dual,1e-7*n,9.999999999999999e-6,14,15,0.0171402,0.0168626,98.38041563108948,1.37e-5,8.9e-6,3.12e-5,0.0,0.0,0.0,0.00022380000000000284,0.48098609632931655,6.6192068260593415e-6,-3.06450901948956e-15,1.4991483612281087e-6,0.0,6.537377693846626e-6,1.4991483612281087e-6,100.0,diag_feasible,0,0,0,0,0,0,14,2.7724916526980052e-14,1.12.6,lbt,1,1,Intel(R) Core(TM) 7 150U,NT,6407b28
degen-r20-m20-d0.0001-p4,100,Newton-SIN-BH,1e-7*n,9.999999999999999e-6,3,4,0.0054699,0.0044913,82.10936214556025,0.0,3.8e-6,0.0,0.0008189,0.0,0.0,0.00015589999999999962,0.48098609616234883,4.848240040991936e-9,-3.357289859176183e-15,1.4097758516129488e-9,1.4097758516129488e-9,2.7564722173892257e-9,1.4097758516129488e-9,NaN,converged,11,11,0,0,0,0,3,2.7724916526980052e-14,1.12.6,lbt,1,1,Intel(R) Core(TM) 7 150U,NT,6407b28
degen-r20-m20-d0.0001-p4,100,Newton-SIN,1e-7*n,9.999999999999999e-6,3,7,0.0099517,0.008898,89.41185928032395,0.0,3.9e-6,0.0,0.0008993,0.0,0.0,0.0001505000000000011,0.48098609616234883,4.848240040991936e-9,-3.357289859176183e-15,1.4097758516129488e-9,1.4097758516129488e-9,2.7564722173892257e-9,1.4097758516129488e-9,NaN,converged,11,11,0,0,0,0,3,2.7724916526980052e-14,1.12.6,lbt,1,1,Intel(R) Core(TM) 7 150U,NT,6407b28
degen-r20-m20-d0.0001-p4,100,AGD-SDAJ-BH,1e-7*n,9.999999999999999e-6,3,21,0.0205355,0.020250499999999998,98.61215943122883,0.0,1.18e-5,0.0,0.0,0.0,0.0,0.000273200000000004,0.48099502929023985,1.8752018030428807e-5,-3.268712416222438e-15,6.142401544839693e-6,6.142401544839693e-6,9.767588388089473e-6,6.142401544839693e-6,NaN,diag_feasible,0,0,2,2,0,0,3,2.7724916526980052e-14,1.12.6,lbt,1,1,Intel(R) Core(TM) 7 150U,NT,6407b28
degen-r20-m20-d0.0001-p4,100,AGD-SDAJ,1e-7*n,9.999999999999999e-6,3,21,0.0243463,0.0239907,98.53940845220833,0.0,1.41e-5,0.0,0.0,0.0,0.0,0.00034150000000000104,0.48099502929023985,1.8752018030428807e-5,-3.268712416222438e-15,6.142401544839693e-6,6.142401544839693e-6,9.767588388089473e-6,6.142401544839693e-6,NaN,diag_feasible,0,0,2,2,0,0,3,2.7724916526980052e-14,1.12.6,lbt,1,1,Intel(R) Core(TM) 7 150U,NT,6407b28
degen-r20-m20-d0.0001-p4,100,Dykstra-APM,1e-7*n,9.999999999999999e-6,32,32,0.0364474,0.0343719,94.30549229849042,0.0,0.0,0.0,0.0,0.0013733,0.0,0.0007022000000000009,0.4809747465521372,2.075410122317129e-5,-3.937848711557324e-15,2.3116468816919422e-6,2.3116468816919422e-6,9.220062194793638e-6,2.3116468816919422e-6,NaN,diag_feasible,0,0,0,0,0,0,32,2.7724916526980052e-14,1.12.6,lbt,1,1,Intel(R) Core(TM) 7 150U,NT,6407b28
degen-r20-m20-d0.0001-p4,100,Anderson-APM,1e-7*n,9.999999999999999e-6,14,14,0.0157484,0.0132875,84.37365065657464,0.0,0.0,0.0,0.0,0.0,0.0019118,0.0005490999999999985,0.4809904713102283,1.3355450669896755e-5,-3.248157586169819e-15,2.044940097478687e-6,2.044940097478687e-6,6.9233394184066545e-6,2.044940097478687e-6,NaN,diag_feasible,0,0,0,0,0,0,14,2.7724916526980052e-14,1.12.6,lbt,1,1,Intel(R) Core(TM) 7 150U,NT,6407b28
degen-r20-m20-d1e-06-p0,100,SBB-Dual,1e-7*n,9.999999999999999e-6,11,12,0.0120146,0.0118063,98.26627603082916,9.2e-6,6.8e-6,3.13e-5,0.0,0.0,0.0,0.0001609999999999998,0.48181687788104327,6.281269654698765e-6,-2.561512788753854e-15,2.2964657659940713e-6,0.0,6.317377383283376e-6,2.2964657659940713e-6,100.0,diag_feasible,0,0,0,0,0,0,11,2.852149769304263e-14,1.12.6,lbt,1,1,Intel(R) Core(TM) 7 150U,NT,6407b28
degen-r20-m20-d1e-06-p0,100,Newton-SIN-BH,1e-7*n,9.999999999999999e-6,3,4,0.0053755,0.0042616,79.27820667844851,0.0,3.0e-6,0.0,0.0009603,0.0,0.0,0.0001506000000000002,0.481815756245981,2.2228543095995084e-6,-3.569175896524017e-15,1.849127522213223e-7,1.849127522213223e-7,1.019608189289532e-6,1.849127522213223e-7,NaN,converged,11,11,0,0,0,0,3,2.852149769304263e-14,1.12.6,lbt,1,1,Intel(R) Core(TM) 7 150U,NT,6407b28
degen-r20-m20-d1e-06-p0,100,Newton-SIN,1e-7*n,9.999999999999999e-6,3,7,0.0136946,0.011954699999999999,87.29499218670132,0.0,7.4e-6,0.0,0.0015564,0.0,0.0,0.00017610000000000065,0.481815756245981,2.2228543095995084e-6,-3.569175896524017e-15,1.849127522213223e-7,1.849127522213223e-7,1.019608189289532e-6,1.849127522213223e-7,NaN,converged,11,11,0,0,0,0,3,2.852149769304263e-14,1.12.6,lbt,1,1,Intel(R) Core(TM) 7 150U,NT,6407b28
degen-r20-m20-d1e-06-p0,100,AGD-SDAJ-BH,1e-7*n,9.999999999999999e-6,4,28,0.0376217,0.0371168,98.65795538213318,0.0,1.85e-5,0.0,0.0,0.0,0.0,0.00048640000000000255,0.4818201878633776,7.697155926344516e-6,-3.4747450843287965e-15,1.5143880731649517e-6,1.5143880731649517e-6,4.1121261095651875e-6,1.5143880731649517e-6,NaN,diag_feasible_at_xpre,0,0,7,7,0,0,4,2.852149769304263e-14,1.12.6,lbt,1,1,Intel(R) Core(TM) 7 150U,NT,6407b28
degen-r20-m20-d1e-06-p0,100,AGD-SDAJ,1e-7*n,9.999999999999999e-6,4,28,0.0459294,0.0452741,98.57324502388447,0.0,2.83e-5,0.0,0.0,0.0,0.0,0.0006270000000000045,0.4818201878633776,7.697155926344516e-6,-3.4747450843287965e-15,1.5143880731649517e-6,1.5143880731649517e-6,4.1121261095651875e-6,1.5143880731649517e-6,NaN,diag_feasible_at_xpre,0,0,7,7,0,0,4,2.852149769304263e-14,1.12.6,lbt,1,1,Intel(R) Core(TM) 7 150U,NT,6407b28
degen-r20-m20-d1e-06-p0,100,Dykstra-APM,1e-7*n,9.999999999999999e-6,27,27,0.0296278,0.02795,94.33707531440066,0.0,0.0,0.0,0.0,0.0010776,0.0,0.0006002000000000002,0.4818096832950864,1.5275293954351764e-5,-2.10594461110869e-15,2.620542223219502e-6,2.620542223219502e-6,8.284033536286426e-6,2.620542223219502e-6,NaN,diag_feasible,0,0,0,0,0,0,27,2.852149769304263e-14,1.12.6,lbt,1,1,Intel(R) Core(TM) 7 150U,NT,6407b28
degen-r20-m20-d1e-06-p0,100,Anderson-APM,1e-7*n,9.999999999999999e-6,13,13,0.0165032,0.0139834,84.73144602258955,0.0,0.0,0.0,0.0,0.0,0.0019107,0.0006090999999999991,0.4818216231110323,1.388939866073099e-5,-3.668350903915988e-15,2.1910711355266344e-6,2.1910711355266344e-6,7.275367978482461e-6,2.1910711355266344e-6,NaN,diag_feasible,0,0,0,0,0,0,13,2.852149769304263e-14,1.12.6,lbt,1,1,Intel(R) Core(TM) 7 150U,NT,6407b28
degen-r20-m20-d1e-06-p1,100,SBB-Dual,1e-7*n,9.999999999999999e-6,11,12,0.0124771,0.0122536,98.20871837205762,1.08e-5,7.2e-6,3.02e-5,0.0,0.0,0.0,0.00017529999999999973,0.47716441403273996,7.72448900047446e-6,-2.3308487464520167e-15,3.6103158140843306e-6,0.0,7.92256939831232e-6,3.6103158140843306e-6,100.0,diag_feasible,0,0,0,0,0,0,11,2.0549925286427855e-14,1.12.6,lbt,1,1,Intel(R) Core(TM) 7 150U,NT,6407b28
degen-r20-m20-d1e-06-p1,100,Newton-SIN-BH,1e-7*n,9.999999999999999e-6,3,4,0.0053907,0.00415,76.98443615856938,0.0,2.9e-6,0.0,0.0010949,0.0,0.0,0.00014290000000000006,0.47716334949598016,2.2011859434643754e-6,-3.827719955543207e-15,2.052085816828253e-7,2.052085816828253e-7,1.0109003304159307e-6,2.052085816828253e-7,NaN,converged,13,13,0,0,0,0,3,2.0549925286427855e-14,1.12.6,lbt,1,1,Intel(R) Core(TM) 7 150U,NT,6407b28
degen-r20-m20-d1e-06-p1,100,Newton-SIN,1e-7*n,9.999999999999999e-6,3,7,0.0080745,0.0069027,85.48764629388818,0.0,2.5e-6,0.0,0.0010561,0.0,0.0,0.00011319999999999993,0.47716334949598016,2.2011859434643754e-6,-3.827719955543207e-15,2.052085816828253e-7,2.052085816828253e-7,1.0109003304159307e-6,2.052085816828253e-7,NaN,converged,13,13,0,0,0,0,3,2.0549925286427855e-14,1.12.6,lbt,1,1,Intel(R) Core(TM) 7 150U,NT,6407b28
degen-r20-m20-d1e-06-p1,100,AGD-SDAJ-BH,1e-7*n,9.999999999999999e-6,4,28,0.0307409,0.0303137,98.61032045255668,0.0,1.43e-5,0.0,0.0,0.0,0.0,0.00041290000000000256,0.4771707780895299,1.4547700095234799e-5,-2.7821517110665346e-15,5.4878144837289256e-6,5.4878144837289256e-6,7.989097304965335e-6,5.4878144837289256e-6,NaN,diag_feasible_at_xpre,0,0,7,7,0,0,4,2.0549925286427855e-14,1.12.6,lbt,1,1,Intel(R) Core(TM) 7 150U,NT,6407b28
degen-r20-m20-d1e-06-p1,100,AGD-SDAJ,1e-7*n,9.999999999999999e-6,4,28,0.0326805,0.0322108,98.56275148789032,0.0,1.65e-5,0.0,0.0,0.0,0.0,0.0004532000000000034,0.4771707780895299,1.4547700095234799e-5,-2.7821517110665346e-15,5.4878144837289256e-6,5.4878144837289256e-6,7.989097304965335e-6,5.4878144837289256e-6,NaN,diag_feasible_at_xpre,0,0,7,7,0,0,4,2.0549925286427855e-14,1.12.6,lbt,1,1,Intel(R) Core(TM) 7 150U,NT,6407b28
degen-r20-m20-d1e-06-p1,100,Dykstra-APM,1e-7*n,9.999999999999999e-6,28,28,0.0304603,0.028635,94.00760990535223,0.0,0.0,0.0,0.0,0.0012013,0.0,0.0006239999999999985,0.4771575957223226,1.3282625277841539e-5,-2.753387307264553e-15,2.756834563522048e-6,2.756834563522048e-6,7.133204013189162e-6,2.756834563522048e-6,NaN,diag_feasible,0,0,0,0,0,0,28,2.0549925286427855e-14,1.12.6,lbt,1,1,Intel(R) Core(TM) 7 150U,NT,6407b28
degen-r20-m20-d1e-06-p1,100,Anderson-APM,1e-7*n,9.999999999999999e-6,13,13,0.0145613,0.0122758,84.30428601841868,0.0,0.0,0.0,0.0,0.0,0.0017645,0.0005209999999999993,0.47716621007625526,7.189377415513663e-6,-3.6358436065395674e-15,8.730733220829734e-7,8.730733220829734e-7,3.9244639331139384e-6,8.730733220829734e-7,NaN,diag_feasible,0,0,0,0,0,0,13,2.0549925286427855e-14,1.12.6,lbt,1,1,Intel(R) Core(TM) 7 150U,NT,6407b28
degen-r20-m20-d1e-06-p2,100,SBB-Dual,1e-7*n,9.999999999999999e-6,12,13,0.0129573,0.0127331,98.26970124948872,1.0e-5,7.1e-6,3.01e-5,0.0,0.0,0.0,0.00017699999999999904,0.4786896905297285,5.378479191581126e-6,-2.603436525046532e-15,3.7166847124403546e-6,0.0,5.828311420755034e-6,3.7166847124403546e-6,100.0,diag_feasible,0,0,0,0,0,0,12,3.4521331213556456e-14,1.12.6,lbt,1,1,Intel(R) Core(TM) 7 150U,NT,6407b28
degen-r20-m20-d1e-06-p2,100,Newton-SIN-BH,1e-7*n,9.999999999999999e-6,3,4,0.0051805,0.0040951,79.04835440594536,0.0,3.1e-6,0.0,0.0009373,0.0,0.0,0.00014500000000000027,0.47868860262346563,2.216672176300662e-6,-3.1752421966704937e-15,2.1198273225664366e-7,2.1198273225664366e-7,1.027511582348334e-6,2.1198273225664366e-7,NaN,converged,11,11,0,0,0,0,3,3.4521331213556456e-14,1.12.6,lbt,1,1,Intel(R) Core(TM) 7 150U,NT,6407b28
degen-r20-m20-d1e-06-p2,100,Newton-SIN,1e-7*n,9.999999999999999e-6,3,7,0.007954,0.0069329,87.16243399547398,0.0,3.8e-6,0.0,0.0009083,0.0,0.0,0.00010899999999999961,0.47868860262346563,2.216672176300662e-6,-3.1752421966704937e-15,2.1198273225664366e-7,2.1198273225664366e-7,1.027511582348334e-6,2.1198273225664366e-7,NaN,converged,11,11,0,0,0,0,3,3.4521331213556456e-14,1.12.6,lbt,1,1,Intel(R) Core(TM) 7 150U,NT,6407b28
degen-r20-m20-d1e-06-p2,100,AGD-SDAJ-BH,1e-7*n,9.999999999999999e-6,4,25,0.0356296,0.0351503,98.6547701910771,0.0,1.92e-5,0.0,0.0,0.0,0.0,0.00046009999999999503,0.478692887169809,7.930777848827521e-6,-3.0559496967590466e-15,1.958137149093986e-6,1.958137149093986e-6,4.374481670046896e-6,1.958137149093986e-6,NaN,diag_feasible_at_xpre,0,0,4,4,0,0,4,3.4521331213556456e-14,1.12.6,lbt,1,1,Intel(R) Core(TM) 7 150U,NT,6407b28
degen-r20-m20-d1e-06-p2,100,AGD-SDAJ,1e-7*n,9.999999999999999e-6,4,25,0.0252517,0.0249009,98.6107866005061,0.0,1.32e-5,0.0,0.0,0.0,0.0,0.00033759999999999834,0.478692887169809,7.930777848827521e-6,-3.0559496967590466e-15,1.958137149093986e-6,1.958137149093986e-6,4.374481670046896e-6,1.958137149093986e-6,NaN,diag_feasible_at_xpre,0,0,4,4,0,0,4,3.4521331213556456e-14,1.12.6,lbt,1,1,Intel(R) Core(TM) 7 150U,NT,6407b28
degen-r20-m20-d1e-06-p2,100,Dykstra-APM,1e-7*n,9.999999999999999e-6,29,29,0.0449481,0.0416384,92.63661867798638,0.0,0.0,0.0,0.0,0.0024789,0.0,0.0008307999999999987,0.4786835941152358,1.3744675801150659e-5,-2.6578988799299052e-15,4.018322499632632e-6,4.018322499632632e-6,7.216777855183954e-6,4.018322499632632e-6,NaN,diag_feasible,0,0,0,0,0,0,29,3.4521331213556456e-14,1.12.6,lbt,1,1,Intel(R) Core(TM) 7 150U,NT,6407b28
degen-r20-m20-d1e-06-p2,100,Anderson-APM,1e-7*n,9.999999999999999e-6,15,15,0.0217536,0.018398,84.57450720800236,0.0,0.0,0.0,0.0,0.0,0.0025586,0.0007970000000000004,0.47869597732846725,1.2364686297331335e-5,-2.666221328560668e-15,1.2745880375586438e-6,1.2745880375586438e-6,5.854059912525006e-6,1.2745880375586438e-6,NaN,diag_feasible,0,0,0,0,0,0,15,3.4521331213556456e-14,1.12.6,lbt,1,1,Intel(R) Core(TM) 7 150U,NT,6407b28
degen-r20-m20-d1e-06-p3,100,SBB-Dual,1e-7*n,9.999999999999999e-6,10,11,0.0111448,0.010937599999999999,98.14083698226975,9.0e-6,5.8e-6,2.97e-5,0.0,0.0,0.0,0.00016270000000000114,0.4827093107966865,7.231563651214711e-6,-2.4415372982429972e-15,2.510333693805933e-6,0.0,6.772242926714577e-6,2.510333693805933e-6,100.0,diag_feasible,0,0,0,0,0,0,10,1.253569134552835e-14,1.12.6,lbt,1,1,Intel(R) Core(TM) 7 150U,NT,6407b28
degen-r20-m20-d1e-06-p3,100,Newton-SIN-BH,1e-7*n,9.999999999999999e-6,3,4,0.0067727,0.0053312,78.71602167525506,0.0,4.0e-6,0.0,0.0012339,0.0,0.0,0.00020359999999999996,0.4827081950292211,2.218553426012985e-6,-3.7127947194545485e-15,1.8864173756405478e-7,1.8864173756405478e-7,1.0123291791177083e-6,1.8864173756405478e-7,NaN,converged,11,11,0,0,0,0,3,1.253569134552835e-14,1.12.6,lbt,1,1,Intel(R) Core(TM) 7 150U,NT,6407b28
degen-r20-m20-d1e-06-p3,100,Newton-SIN,1e-7*n,9.999999999999999e-6,3,7,0.0079812,0.0069706,87.33774369768956,0.0,3.1e-6,0.0,0.0008981,0.0,0.0,0.00010940000000000038,0.4827081950292211,2.218553426012985e-6,-3.7127947194545485e-15,1.8864173756405478e-7,1.8864173756405478e-7,1.0123291791177083e-6,1.8864173756405478e-7,NaN,converged,11,11,0,0,0,0,3,1.253569134552835e-14,1.12.6,lbt,1,1,Intel(R) Core(TM) 7 150U,NT,6407b28
degen-r20-m20-d1e-06-p3,100,AGD-SDAJ-BH,1e-7*n,9.999999999999999e-6,3,19,0.0205733,0.0202753,98.55152066027327,0.0,1.18e-5,0.0,0.0,0.0,0.0,0.00028619999999999964,0.48271180091336774,5.301906190916581e-6,-4.290836477939074e-15,6.256048346031662e-7,6.256048346031662e-7,2.646081415274472e-6,6.256048346031662e-7,NaN,diag_feasible,0,0,0,0,0,0,3,1.253569134552835e-14,1.12.6,lbt,1,1,Intel(R) Core(TM) 7 150U,NT,6407b28
degen-r20-m20-d1e-06-p3,100,AGD-SDAJ,1e-7*n,9.999999999999999e-6,3,19,0.0305015,0.0300728,98.59449535268757,0.0,1.7e-5,0.0,0.0,0.0,0.0,0.00041170000000000063,0.48271180091336774,5.301906190916581e-6,-4.290836477939074e-15,6.256048346031662e-7,6.256048346031662e-7,2.646081415274472e-6,6.256048346031662e-7,NaN,diag_feasible,0,0,0,0,0,0,3,1.253569134552835e-14,1.12.6,lbt,1,1,Intel(R) Core(TM) 7 150U,NT,6407b28
degen-r20-m20-d1e-06-p3,100,Dykstra-APM,1e-7*n,9.999999999999999e-6,26,26,0.0268588,0.0252977,94.18775224507425,0.0,0.0,0.0,0.0,0.0010155,0.0,0.0005455999999999994,0.4827026946077031,1.22429658426793e-5,-2.0967108145353447e-15,2.172068786165937e-6,2.172068786165937e-6,6.7987419156994065e-6,2.172068786165937e-6,NaN,diag_feasible,0,0,0,0,0,0,26,1.253569134552835e-14,1.12.6,lbt,1,1,Intel(R) Core(TM) 7 150U,NT,6407b28
degen-r20-m20-d1e-06-p3,100,Anderson-APM,1e-7*n,9.999999999999999e-6,13,13,0.016747,0.0140787,84.06699707410282,0.0,0.0,0.0,0.0,0.0,0.0020026,0.0006657000000000017,0.4827133709296144,1.2752565366089374e-5,-3.745150219085219e-15,1.9345910737822436e-6,1.9345910737822436e-6,6.65164436678778e-6,1.9345910737822436e-6,NaN,diag_feasible,0,0,0,0,0,0,13,1.253569134552835e-14,1.12.6,lbt,1,1,Intel(R) Core(TM) 7 150U,NT,6407b28
degen-r20-m20-d1e-06-p4,100,SBB-Dual,1e-7*n,9.999999999999999e-6,11,12,0.016868,0.0165867,98.33234526914868,1.21e-5,1.02e-5,5.03e-5,0.0,0.0,0.0,0.00020870000000000168,0.48121566497777374,9.095346077069839e-6,-2.9325158991719084e-15,7.090891659844445e-6,0.0,9.809144399750638e-6,7.090891659844445e-6,100.0,diag_feasible,0,0,0,0,0,0,11,3.141636917194485e-14,1.12.6,lbt,1,1,Intel(R) Core(TM) 7 150U,NT,6407b28
degen-r20-m20-d1e-06-p4,100,Newton-SIN-BH,1e-7*n,9.999999999999999e-6,3,4,0.0054913,0.00431,78.48778977655563,0.0,3.0e-6,0.0,0.0010183,0.0,0.0,0.00016000000000000064,0.48121456563047865,2.214484062069398e-6,-3.2303108173135212e-15,1.9382082072638696e-7,1.9382082072638696e-7,1.012315063122844e-6,1.9382082072638696e-7,NaN,converged,12,12,0,0,0,0,3,3.141636917194485e-14,1.12.6,lbt,1,1,Intel(R) Core(TM) 7 150U,NT,6407b28
degen-r20-m20-d1e-06-p4,100,Newton-SIN,1e-7*n,9.999999999999999e-6,3,7,0.0132762,0.0114395,86.16546903481418,0.0,5.6e-6,0.0,0.0016382,0.0,0.0,0.0001929000000000002,0.48121456563047865,2.214484062069398e-6,-3.2303108173135212e-15,1.9382082072638696e-7,1.9382082072638696e-7,1.012315063122844e-6,1.9382082072638696e-7,NaN,converged,12,12,0,0,0,0,3,3.141636917194485e-14,1.12.6,lbt,1,1,Intel(R) Core(TM) 7 150U,NT,6407b28
degen-r20-m20-d1e-06-p4,100,AGD-SDAJ-BH,1e-7*n,9.999999999999999e-6,4,24,0.0231862,0.022869999999999998,98.63625777402075,0.0,1.06e-5,0.0,0.0,0.0,0.0,0.0003056000000000026,0.4812196996932136,9.370691365896907e-6,-3.1376750733339583e-15,3.463771565792584e-6,3.463771565792584e-6,5.1352552893007565e-6,3.463771565792584e-6,NaN,diag_feasible_at_xpre,0,0,3,3,0,0,4,3.141636917194485e-14,1.12.6,lbt,1,1,Intel(R) Core(TM) 7 150U,NT,6407b28
degen-r20-m20-d1e-06-p4,100,AGD-SDAJ,1e-7*n,9.999999999999999e-6,4,24,0.0244538,0.0240946,98.53110763971245,0.0,1.4e-5,0.0,0.0,0.0,0.0,0.0003452000000000005,0.4812196996932136,9.370691365896907e-6,-3.1376750733339583e-15,3.463771565792584e-6,3.463771565792584e-6,5.1352552893007565e-6,3.463771565792584e-6,NaN,diag_feasible_at_xpre,0,0,3,3,0,0,4,3.141636917194485e-14,1.12.6,lbt,1,1,Intel(R) Core(TM) 7 150U,NT,6407b28
degen-r20-m20-d1e-06-p4,100,Dykstra-APM,1e-7*n,9.999999999999999e-6,28,28,0.0291336,0.0274432,94.19776478018508,0.0,0.0,0.0,0.0,0.0011158,0.0,0.0005745999999999982,0.4812094590897105,1.4606189575445862e-5,-2.6490674266791306e-15,4.770404100407077e-6,4.770404100407077e-6,7.752476577457114e-6,4.770404100407077e-6,NaN,diag_feasible,0,0,0,0,0,0,28,3.141636917194485e-14,1.12.6,lbt,1,1,Intel(R) Core(TM) 7 150U,NT,6407b28
degen-r20-m20-d1e-06-p4,100,Anderson-APM,1e-7*n,9.999999999999999e-6,13,13,0.0148114,0.0123403,83.3162293908746,0.0,0.0,0.0,0.0,0.0,0.0019449,0.0005262000000000003,0.4812215500814933,1.805545900544173e-5,-3.0681082840590534e-15,2.675605880186893e-6,2.675605880186893e-6,9.391137421396896e-6,2.675605880186893e-6,NaN,diag_feasible,0,0,0,0,0,0,13,3.141636917194485e-14,1.12.6,lbt,1,1,Intel(R) Core(TM) 7 150U,NT,6407b28
degen-r20-m20-d1e-08-p0,100,SBB-Dual,1e-7*n,9.999999999999999e-6,11,12,0.0218939,0.021537200000000003,98.37077907545024,2.05e-5,1.3e-5,5.14e-5,0.0,0.0,0.0,0.000271799999999998,0.4818191944342567,7.460095294334922e-6,-2.4605789745778336e-15,2.295835904053689e-6,0.0,6.298788603977111e-6,2.295835904053689e-6,100.0,diag_feasible,0,0,0,0,0,0,11,3.28635392038926e-14,1.12.6,lbt,1,1,Intel(R) Core(TM) 7 150U,NT,6407b28
degen-r20-m20-d1e-08-p0,100,Newton-SIN-BH,1e-7*n,9.999999999999999e-6,3,4,0.0061735,0.0047475,76.90127156394266,0.0,4.0e-6,0.0,0.0012421,0.0,0.0,0.00017989999999999998,0.481819182463436,2.404482858594441e-8,-3.5847997455781706e-15,3.1513214260314726e-9,3.1513214260314726e-9,1.1078606918359722e-8,3.1513214260314726e-9,NaN,converged,11,11,0,0,0,0,3,3.28635392038926e-14,1.12.6,lbt,1,1,Intel(R) Core(TM) 7 150U,NT,6407b28
degen-r20-m20-d1e-08-p0,100,Newton-SIN,1e-7*n,9.999999999999999e-6,3,7,0.0084185,0.007352,87.33147235255686,0.0,3.0e-6,0.0,0.0009411,0.0,0.0,0.0001224000000000006,0.481819182463436,2.404482858594441e-8,-3.5847997455781706e-15,3.1513214260314726e-9,3.1513214260314726e-9,1.1078606918359722e-8,3.1513214260314726e-9,NaN,converged,11,11,0,0,0,0,3,3.28635392038926e-14,1.12.6,lbt,1,1,Intel(R) Core(TM) 7 150U,NT,6407b28
degen-r20-m20-d1e-08-p0,100,AGD-SDAJ-BH,1e-7*n,9.999999999999999e-6,4,29,0.0318364,0.0313654,98.52056137000415,0.0,1.61e-5,0.0,0.0,0.0,0.0,0.0004548999999999992,0.4818225206859704,7.70065530094233e-6,-3.0652096955077898e-15,1.5055516902062749e-6,1.5055516902062749e-6,4.106672236464857e-6,1.5055516902062749e-6,NaN,diag_feasible_at_xpre,0,0,8,8,0,0,4,3.28635392038926e-14,1.12.6,lbt,1,1,Intel(R) Core(TM) 7 150U,NT,6407b28
degen-r20-m20-d1e-08-p0,100,AGD-SDAJ,1e-7*n,9.999999999999999e-6,4,29,0.0287597,0.028378200000000003,98.6734910308522,0.0,1.29e-5,0.0,0.0,0.0,0.0,0.00036859999999999644,0.4818225206859704,7.70065530094233e-6,-3.0652096955077898e-15,1.5055516902062749e-6,1.5055516902062749e-6,4.106672236464857e-6,1.5055516902062749e-6,NaN,diag_feasible_at_xpre,0,0,8,8,0,0,4,3.28635392038926e-14,1.12.6,lbt,1,1,Intel(R) Core(TM) 7 150U,NT,6407b28
degen-r20-m20-d1e-08-p0,100,Dykstra-APM,1e-7*n,9.999999999999999e-6,27,27,0.0283109,0.026573,93.86137494745839,0.0,0.0,0.0,0.0,0.0011717,0.0,0.0005662000000000006,0.48181206789436487,1.4969662765033574e-5,-2.7052838804569616e-15,2.6204890399839087e-6,2.6204890399839087e-6,8.278416126654908e-6,2.6204890399839087e-6,NaN,diag_feasible,0,0,0,0,0,0,27,3.28635392038926e-14,1.12.6,lbt,1,1,Intel(R) Core(TM) 7 150U,NT,6407b28
degen-r20-m20-d1e-08-p0,100,Anderson-APM,1e-7*n,9.999999999999999e-6,13,13,0.0154244,0.0130259,84.44996239724074,0.0,0.0,0.0,0.0,0.0,0.0018278,0.0005706999999999995,0.48182392692211934,1.3835629556999624e-5,-2.9918653542121416e-15,2.2135088670882652e-6,2.2135088670882652e-6,7.2443738859467e-6,2.2135088670882652e-6,NaN,diag_feasible,0,0,0,0,0,0,13,3.28635392038926e-14,1.12.6,lbt,1,1,Intel(R) Core(TM) 7 150U,NT,6407b28
degen-r20-m20-d1e-08-p1,100,SBB-Dual,1e-7*n,9.999999999999999e-6,11,12,0.0158491,0.0155773,98.28507612419632,1.37e-5,9.3e-6,3.49e-5,0.0,0.0,0.0,0.00021390000000000084,0.4771666421628254,9.178114161801825e-6,-2.110006217683892e-15,3.610673146692278e-6,0.0,7.919040672666842e-6,3.610673146692278e-6,100.0,diag_feasible,0,0,0,0,0,0,11,4.5181575973904156e-14,1.12.6,lbt,1,1,Intel(R) Core(TM) 7 150U,NT,6407b28
degen-r20-m20-d1e-08-p1,100,Newton-SIN-BH,1e-7*n,9.999999999999999e-6,3,4,0.0056001,0.0042917,76.63613149765182,0.0,4.3e-6,0.0,0.0011462,0.0,0.0,0.00015790000000000031,0.47716663073688176,2.345360757116183e-8,-3.4951549210538143e-15,2.3756143718856038e-9,2.3756143718856038e-9,1.0734181778385419e-8,2.3756143718856038e-9,NaN,converged,13,13,0,0,0,0,3,4.5181575973904156e-14,1.12.6,lbt,1,1,Intel(R) Core(TM) 7 150U,NT,6407b28
degen-r20-m20-d1e-08-p1,100,Newton-SIN,1e-7*n,9.999999999999999e-6,3,7,0.0100699,0.0086378,85.77840892163775,0.0,3.4e-6,0.0,0.0012916,0.0,0.0,0.00013710000000000046,0.47716663073688176,2.345360757116183e-8,-3.4951549210538143e-15,2.3756143718856038e-9,2.3756143718856038e-9,1.0734181778385419e-8,2.3756143718856038e-9,NaN,converged,13,13,0,0,0,0,3,4.5181575973904156e-14,1.12.6,lbt,1,1,Intel(R) Core(TM) 7 150U,NT,6407b28
degen-r20-m20-d1e-08-p1,100,AGD-SDAJ-BH,1e-7*n,9.999999999999999e-6,4,28,0.0295324,0.0291217,98.60932399669515,0.0,1.34e-5,0.0,0.0,0.0,0.0,0.00039729999999999995,0.4771733465789879,1.5214670941972228e-5,-3.62661550043839e-15,5.6499253014985484e-6,5.6499253014985484e-6,8.313616934816489e-6,5.6499253014985484e-6,NaN,diag_feasible_at_xpre,0,0,7,7,0,0,4,4.5181575973904156e-14,1.12.6,lbt,1,1,Intel(R) Core(TM) 7 150U,NT,6407b28
degen-r20-m20-d1e-08-p1,100,AGD-SDAJ,1e-7*n,9.999999999999999e-6,4,28,0.0268189,0.026457599999999998,98.6528157381548,0.0,1.2e-5,0.0,0.0,0.0,0.0,0.0003493000000000019,0.4771733465789879,1.5214670941972228e-5,-3.62661550043839e-15,5.6499253014985484e-6,5.6499253014985484e-6,8.313616934816489e-6,5.6499253014985484e-6,NaN,diag_feasible_at_xpre,0,0,7,7,0,0,4,4.5181575973904156e-14,1.12.6,lbt,1,1,Intel(R) Core(TM) 7 150U,NT,6407b28
degen-r20-m20-d1e-08-p1,100,Dykstra-APM,1e-7*n,9.999999999999999e-6,28,28,0.0333866,0.0314329,94.14825109475058,0.0,0.0,0.0,0.0,0.00131,0.0,0.0006437000000000027,0.4771598845552344,1.2942376130976235e-5,-2.2462715725830783e-15,2.7571286913552484e-6,2.7571286913552484e-6,7.12659656819835e-6,2.7571286913552484e-6,NaN,diag_feasible,0,0,0,0,0,0,28,4.5181575973904156e-14,1.12.6,lbt,1,1,Intel(R) Core(TM) 7 150U,NT,6407b28
degen-r20-m20-d1e-08-p1,100,Anderson-APM,1e-7*n,9.999999999999999e-6,13,13,0.0144041,0.0120617,83.73796349650446,0.0,0.0,0.0,0.0,0.0,0.0018393,0.0005030999999999996,0.4771684477165578,7.211621926220632e-6,-3.5164492584011074e-15,8.750779034727429e-7,8.750779034727429e-7,3.935664315099643e-6,8.750779034727429e-7,NaN,diag_feasible,0,0,0,0,0,0,13,4.5181575973904156e-14,1.12.6,lbt,1,1,Intel(R) Core(TM) 7 150U,NT,6407b28
degen-r20-m20-d1e-08-p2,100,SBB-Dual,1e-7*n,9.999999999999999e-6,12,13,0.0199583,0.019614100000000002,98.2754042177941,2.31e-5,1.52e-5,3.58e-5,0.0,0.0,0.0,0.00027009999999999936,0.4786919611455987,6.305924514412922e-6,-2.336534676402342e-15,3.7158231316336554e-6,0.0,5.806280127128332e-6,3.7158231316336554e-6,100.0,diag_feasible,0,0,0,0,0,0,12,1.9041214972016976e-14,1.12.6,lbt,1,1,Intel(R) Core(TM) 7 150U,NT,6407b28
degen-r20-m20-d1e-08-p2,100,Newton-SIN-BH,1e-7*n,9.999999999999999e-6,3,4,0.0059394,0.0048169,81.10078459103613,0.0,4.0e-6,0.0,0.0009332,0.0,0.0,0.0001853000000000001,0.47869195011852805,2.881861671353905e-8,-3.2588541528736307e-15,5.9276501485072686e-9,5.9276501485072686e-9,1.4932100194380638e-8,5.9276501485072686e-9,NaN,converged,11,11,0,0,0,0,3,1.9041214972016976e-14,1.12.6,lbt,1,1,Intel(R) Core(TM) 7 150U,NT,6407b28
degen-r20-m20-d1e-08-p2,100,Newton-SIN,1e-7*n,9.999999999999999e-6,3,7,0.0149238,0.012988,87.02877283265656,0.0,6.8e-6,0.0,0.0017213,0.0,0.0,0.00020769999999999968,0.47869195011852805,2.881861671353905e-8,-3.2588541528736307e-15,5.9276501485072686e-9,5.9276501485072686e-9,1.4932100194380638e-8,5.9276501485072686e-9,NaN,converged,11,11,0,0,0,0,3,1.9041214972016976e-14,1.12.6,lbt,1,1,Intel(R) Core(TM) 7 150U,NT,6407b28
degen-r20-m20-d1e-08-p2,100,AGD-SDAJ-BH,1e-7*n,9.999999999999999e-6,4,25,0.034389,0.0338821,98.52598214545348,0.0,2.16e-5,0.0,0.0,0.0,0.0,0.0004853000000000046,0.47869519278679495,8.004033712813513e-6,-2.8166103770313075e-15,1.9629475729310286e-6,1.9629475729310286e-6,4.410473381551164e-6,1.9629475729310286e-6,NaN,diag_feasible_at_xpre,0,0,4,4,0,0,4,1.9041214972016976e-14,1.12.6,lbt,1,1,Intel(R) Core(TM) 7 150U,NT,6407b28
degen-r20-m20-d1e-08-p2,100,AGD-SDAJ,1e-7*n,9.999999999999999e-6,4,25,0.0293048,0.028890700000000002,98.58692091397998,0.0,1.64e-5,0.0,0.0,0.0,0.0,0.0003976999999999971,0.47869519278679495,8.004033712813513e-6,-2.8166103770313075e-15,1.9629475729310286e-6,1.9629475729310286e-6,4.410473381551164e-6,1.9629475729310286e-6,NaN,diag_feasible_at_xpre,0,0,4,4,0,0,4,1.9041214972016976e-14,1.12.6,lbt,1,1,Intel(R) Core(TM) 7 150U,NT,6407b28
degen-r20-m20-d1e-08-p2,100,Dykstra-APM,1e-7*n,9.999999999999999e-6,29,29,0.030592,0.028805,94.15860355648536,0.0,0.0,0.0,0.0,0.0011633,0.0,0.0006237000000000005,0.4786859371016715,1.3404259344939573e-5,-2.45528646998266e-15,4.017826600088981e-6,4.017826600088981e-6,7.208493656372373e-6,4.017826600088981e-6,NaN,diag_feasible,0,0,0,0,0,0,29,1.9041214972016976e-14,1.12.6,lbt,1,1,Intel(R) Core(TM) 7 150U,NT,6407b28
degen-r20-m20-d1e-08-p2,100,Anderson-APM,1e-7*n,9.999999999999999e-6,15,15,0.0173135,0.0144713,83.58390851069974,0.0,0.0,0.0,0.0,0.0,0.0022849,0.0005572999999999997,0.47869829130227337,1.247614226248859e-5,-3.4442394807260883e-15,1.3039065644981918e-6,1.3039065644981918e-6,5.908714117312576e-6,1.3039065644981918e-6,NaN,diag_feasible,0,0,0,0,0,0,15,1.9041214972016976e-14,1.12.6,lbt,1,1,Intel(R) Core(TM) 7 150U,NT,6407b28
degen-r20-m20-d1e-08-p3,100,SBB-Dual,1e-7*n,9.999999999999999e-6,10,11,0.0153136,0.0150463,98.25449273848083,1.58e-5,1.05e-5,3.26e-5,0.0,0.0,0.0,0.0002083999999999998,0.48271162705958415,8.714180071611785e-6,-2.543786532366385e-15,2.5086967849752284e-6,0.0,6.764124715272342e-6,2.5086967849752284e-6,100.0,diag_feasible,0,0,0,0,0,0,10,2.8319611043826136e-14,1.12.6,lbt,1,1,Intel(R) Core(TM) 7 150U,NT,6407b28
degen-r20-m20-d1e-08-p3,100,Newton-SIN-BH,1e-7*n,9.999999999999999e-6,3,4,0.005511,0.0043671,79.24333151878061,0.0,3.5e-6,0.0,0.0009791,0.0,0.0,0.00016130000000000072,0.48271161550250935,2.261303006701035e-8,-3.960532862048752e-15,2.0980892578847943e-9,2.0980892578847943e-9,1.028259068788634e-8,2.0980892578847943e-9,NaN,converged,11,11,0,0,0,0,3,2.8319611043826136e-14,1.12.6,lbt,1,1,Intel(R) Core(TM) 7 150U,NT,6407b28
degen-r20-m20-d1e-08-p3,100,Newton-SIN,1e-7*n,9.999999999999999e-6,3,7,0.0080696,0.0070517,87.3859918707247,0.0,2.9e-6,0.0,0.0008933,0.0,0.0,0.00012169999999999965,0.48271161550250935,2.261303006701035e-8,-3.960532862048752e-15,2.0980892578847943e-9,2.0980892578847943e-9,1.028259068788634e-8,2.0980892578847943e-9,NaN,converged,11,11,0,0,0,0,3,2.8319611043826136e-14,1.12.6,lbt,1,1,Intel(R) Core(TM) 7 150U,NT,6407b28
degen-r20-m20-d1e-08-p3,100,AGD-SDAJ-BH,1e-7*n,9.999999999999999e-6,3,19,0.0184127,0.0181545,98.59770701743905,0.0,9.4e-6,0.0,0.0,0.0,0.0,0.0002488000000000001,0.482714250105341,5.4856820592911855e-6,-3.4380392779050934e-15,6.047446163837122e-7,6.047446163837122e-7,2.707244749322468e-6,6.047446163837122e-7,NaN,diag_feasible,0,0,0,0,0,0,3,2.8319611043826136e-14,1.12.6,lbt,1,1,Intel(R) Core(TM) 7 150U,NT,6407b28
degen-r20-m20-d1e-08-p3,100,AGD-SDAJ,1e-7*n,9.999999999999999e-6,3,19,0.0204466,0.020148,98.53961049758885,0.0,1.07e-5,0.0,0.0,0.0,0.0,0.00028789999999999957,0.482714250105341,5.4856820592911855e-6,-3.4380392779050934e-15,6.047446163837122e-7,6.047446163837122e-7,2.707244749322468e-6,6.047446163837122e-7,NaN,diag_feasible,0,0,0,0,0,0,3,2.8319611043826136e-14,1.12.6,lbt,1,1,Intel(R) Core(TM) 7 150U,NT,6407b28
degen-r20-m20-d1e-08-p3,100,Dykstra-APM,1e-7*n,9.999999999999999e-6,26,26,0.0271897,0.0255256,93.87966766827142,0.0,0.0,0.0,0.0,0.0011181,0.0,0.0005460000000000018,0.482705063579671,1.1856442058528986e-5,-2.3106156313468913e-15,2.1707509574309114e-6,2.1707509574309114e-6,6.79286457556925e-6,2.1707509574309114e-6,NaN,diag_feasible,0,0,0,0,0,0,26,2.8319611043826136e-14,1.12.6,lbt,1,1,Intel(R) Core(TM) 7 150U,NT,6407b28
degen-r20-m20-d1e-08-p3,100,Anderson-APM,1e-7*n,9.999999999999999e-6,13,13,0.0146034,0.0123192,84.3584370762973,0.0,0.0,0.0,0.0,0.0,0.0017545,0.0005297000000000001,0.48271573462108663,1.2943206505327142e-5,-3.7894762902173975e-15,1.959946779317434e-6,1.959946779317434e-6,6.7521869062293774e-6,1.959946779317434e-6,NaN,diag_feasible,0,0,0,0,0,0,13,2.8319611043826136e-14,1.12.6,lbt,1,1,Intel(R) Core(TM) 7 150U,NT,6407b28
degen-r20-m20-d1e-08-p4,100,SBB-Dual,1e-7*n,9.999999999999999e-6,11,12,0.0138505,0.0136063,98.23688675499079,1.19e-5,7.3e-6,3.56e-5,0.0,0.0,0.0,0.0001894,0.48121796167150804,1.0310166748852559e-5,-2.3283103985986202e-15,7.09046268654312e-6,0.0,9.802906232017698e-6,7.09046268654312e-6,100.0,diag_feasible,0,0,0,0,0,0,11,2.4515574685600547e-14,1.12.6,lbt,1,1,Intel(R) Core(TM) 7 150U,NT,6407b28
degen-r20-m20-d1e-08-p4,100,Newton-SIN-BH,1e-7*n,9.999999999999999e-6,3,4,0.0058974,0.004462099999999999,75.66215620442907,0.0,3.2e-6,0.0,0.0012684,0.0,0.0,0.00016370000000000035,0.48121794939948387,2.477518321580795e-8,-4.316498678784561e-15,3.967663975146252e-9,3.967663975146252e-9,1.1302862222962583e-8,3.967663975146252e-9,NaN,converged,12,12,0,0,0,0,3,2.4515574685600547e-14,1.12.6,lbt,1,1,Intel(R) Core(TM) 7 150U,NT,6407b28
degen-r20-m20-d1e-08-p4,100,Newton-SIN,1e-7*n,9.999999999999999e-6,3,7,0.0120655,0.0105074,87.08632050060089,0.0,5.4e-6,0.0,0.001388,0.0,0.0,0.00016469999999999983,0.48121794939948387,2.477518321580795e-8,-4.316498678784561e-15,3.967663975146252e-9,3.967663975146252e-9,1.1302862222962583e-8,3.967663975146252e-9,NaN,converged,12,12,0,0,0,0,3,2.4515574685600547e-14,1.12.6,lbt,1,1,Intel(R) Core(TM) 7 150U,NT,6407b28
degen-r20-m20-d1e-08-p4,100,AGD-SDAJ-BH,1e-7*n,9.999999999999999e-6,4,24,0.0296812,0.0292781,98.6419012708381,0.0,1.52e-5,0.0,0.0,0.0,0.0,0.0003879,0.48122190819489935,9.17307351246816e-6,-3.484197710955106e-15,3.395747432577423e-6,3.395747432577423e-6,5.029400022111246e-6,3.395747432577423e-6,NaN,diag_feasible_at_xpre,0,0,3,3,0,0,4,2.4515574685600547e-14,1.12.6,lbt,1,1,Intel(R) Core(TM) 7 150U,NT,6407b28
degen-r20-m20-d1e-08-p4,100,AGD-SDAJ,1e-7*n,9.999999999999999e-6,4,24,0.0327308,0.0322724,98.59948427780563,0.0,1.87e-5,0.0,0.0,0.0,0.0,0.0004396999999999977,0.48122190819489935,9.17307351246816e-6,-3.484197710955106e-15,3.395747432577423e-6,3.395747432577423e-6,5.029400022111246e-6,3.395747432577423e-6,NaN,diag_feasible_at_xpre,0,0,3,3,0,0,4,2.4515574685600547e-14,1.12.6,lbt,1,1,Intel(R) Core(TM) 7 150U,NT,6407b28
degen-r20-m20-d1e-08-p4,100,Dykstra-APM,1e-7*n,9.999999999999999e-6,28,28,0.0300148,0.0281453,93.77140610632088,0.0,0.0,0.0,0.0,0.0012589,0.0,0.0006105999999999996,0.4812118296473708,1.429653529009297e-5,-3.063965452625557e-15,4.769939853987992e-6,4.769939853987992e-6,7.745083424129026e-6,4.769939853987992e-6,NaN,diag_feasible,0,0,0,0,0,0,28,2.4515574685600547e-14,1.12.6,lbt,1,1,Intel(R) Core(TM) 7 150U,NT,6407b28
degen-r20-m20-d1e-08-p4,100,Anderson-APM,1e-7*n,9.999999999999999e-6,13,13,0.0146867,0.0123295,83.9501045163311,0.0,0.0,0.0,0.0,0.0,0.0018263,0.0005309000000000002,0.48122383507764377,1.8024730250205048e-5,-3.5274027092433925e-15,2.697189013911583e-6,2.697189013911583e-6,9.376224223791648e-6,2.697189013911583e-6,NaN,diag_feasible,0,0,0,0,0,0,13,2.4515574685600547e-14,1.12.6,lbt,1,1,Intel(R) Core(TM) 7 150U,NT,6407b28
degen-r20-m20-d1e-10-p0,100,SBB-Dual,1e-7*n,9.999999999999999e-6,11,12,0.0141584,0.013914099999999999,98.27452254492032,1.08e-5,7.8e-6,3.96e-5,0.0,0.0,0.0,0.0001861000000000011,0.48181921759983243,7.477424482274272e-6,-2.2152177624256958e-15,2.295839959698398e-6,0.0,6.298794207436388e-6,2.295839959698398e-6,100.0,diag_feasible,0,0,0,0,0,0,11,1.8398241330346728e-14,1.12.6,lbt,1,1,Intel(R) Core(TM) 7 150U,NT,6407b28
degen-r20-m20-d1e-10-p0,100,Newton-SIN-BH,1e-7*n,9.999999999999999e-6,3,4,0.0087048,0.0069441,79.77322856355114,0.0,5.3e-6,0.0,0.0015251,0.0,0.0,0.00023030000000000056,0.4818192160840178,7.010423750838787e-9,-2.2036265591014603e-15,2.5682522775127836e-9,2.5682522775127836e-9,4.127616823945209e-9,2.5682522775127836e-9,NaN,converged,11,11,0,0,0,0,3,1.8398241330346728e-14,1.12.6,lbt,1,1,Intel(R) Core(TM) 7 150U,NT,6407b28
degen-r20-m20-d1e-10-p0,100,Newton-SIN,1e-7*n,9.999999999999999e-6,3,7,0.0086734,0.0075837,87.43629949039592,0.0,3.5e-6,0.0,0.0009744,0.0,0.0,0.00011179999999999979,0.4818192160840178,7.010423750838787e-9,-2.2036265591014603e-15,2.5682522775127836e-9,2.5682522775127836e-9,4.127616823945209e-9,2.5682522775127836e-9,NaN,converged,11,11,0,0,0,0,3,1.8398241330346728e-14,1.12.6,lbt,1,1,Intel(R) Core(TM) 7 150U,NT,6407b28
degen-r20-m20-d1e-10-p0,100,AGD-SDAJ-BH,1e-7*n,9.999999999999999e-6,4,29,0.0322318,0.0318078,98.68452894346576,0.0,1.57e-5,0.0,0.0,0.0,0.0,0.00040830000000000076,0.4818225429536174,7.69888230332446e-6,-3.044791333104799e-15,1.5052612787336273e-6,1.5052612787336273e-6,4.105835126212085e-6,1.5052612787336273e-6,NaN,diag_feasible_at_xpre,0,0,8,8,0,0,4,1.8398241330346728e-14,1.12.6,lbt,1,1,Intel(R) Core(TM) 7 150U,NT,6407b28
degen-r20-m20-d1e-10-p0,100,AGD-SDAJ,1e-7*n,9.999999999999999e-6,4,29,0.0398968,0.0393922,98.73523691123097,0.0,1.99e-5,0.0,0.0,0.0,0.0,0.0004847000000000009,0.4818225429536174,7.69888230332446e-6,-3.044791333104799e-15,1.5052612787336273e-6,1.5052612787336273e-6,4.105835126212085e-6,1.5052612787336273e-6,NaN,diag_feasible_at_xpre,0,0,8,8,0,0,4,1.8398241330346728e-14,1.12.6,lbt,1,1,Intel(R) Core(TM) 7 150U,NT,6407b28
degen-r20-m20-d1e-10-p0,100,Dykstra-APM,1e-7*n,9.999999999999999e-6,27,27,0.0402273,0.0378479,94.08511135472675,0.0,0.0,0.0,0.0,0.0014742,0.0,0.0009052000000000038,0.48181209106079537,1.4969581232318074e-5,-2.488118923919225e-15,2.620488562143919e-6,2.620488562143919e-6,8.278414896373962e-6,2.620488562143919e-6,NaN,diag_feasible,0,0,0,0,0,0,27,1.8398241330346728e-14,1.12.6,lbt,1,1,Intel(R) Core(TM) 7 150U,NT,6407b28
degen-r20-m20-d1e-10-p0,100,Anderson-APM,1e-7*n,9.999999999999999e-6,13,13,0.0148282,0.0124824,84.18014324058214,0.0,0.0,0.0,0.0,0.0,0.001815,0.0005308000000000003,0.48182394996941247,1.383511710689856e-5,-3.871687267149133e-15,2.2137343790307185e-6,2.2137343790307185e-6,7.244076616346967e-6,2.2137343790307185e-6,NaN,diag_feasible,0,0,0,0,0,0,13,1.8398241330346728e-14,1.12.6,lbt,1,1,Intel(R) Core(TM) 7 150U,NT,6407b28
degen-r20-m20-d1e-10-p1,100,SBB-Dual,1e-7*n,9.999999999999999e-6,11,12,0.0126753,0.0124464,98.19412558282643,9.5e-6,6.7e-6,3.22e-5,0.0,0.0,0.0,0.00018050000000000062,0.4771666644441532,9.196732260052885e-6,-2.597296452687623e-15,3.6106723040330024e-6,0.0,7.919126307836303e-6,3.6106723040330024e-6,100.0,diag_feasible,0,0,0,0,0,0,11,3.131006087679294e-14,1.12.6,lbt,1,1,Intel(R) Core(TM) 7 150U,NT,6407b28
degen-r20-m20-d1e-10-p1,100,Newton-SIN-BH,1e-7*n,9.999999999999999e-6,3,4,0.0085803,0.0067347,78.49026257823152,0.0,5.8e-6,0.0,0.0016025,0.0,0.0,0.00023730000000000105,0.4771666630375322,5.814283836381371e-9,-2.6879521912323516e-15,1.8930559342322795e-9,1.8930559342322795e-9,3.3889130691020767e-9,1.8930559342322795e-9,NaN,converged,13,13,0,0,0,0,3,3.131006087679294e-14,1.12.6,lbt,1,1,Intel(R) Core(TM) 7 150U,NT,6407b28
degen-r20-m20-d1e-10-p1,100,Newton-SIN,1e-7*n,9.999999999999999e-6,3,7,0.0128291,0.0110405,86.05825817867192,0.0,6.1e-6,0.0,0.0016071,0.0,0.0,0.0001753999999999996,0.4771666630375322,5.814283836381371e-9,-2.6879521912323516e-15,1.8930559342322795e-9,1.8930559342322795e-9,3.3889130691020767e-9,1.8930559342322795e-9,NaN,converged,13,13,0,0,0,0,3,3.131006087679294e-14,1.12.6,lbt,1,1,Intel(R) Core(TM) 7 150U,NT,6407b28
degen-r20-m20-d1e-10-p1,100,AGD-SDAJ-BH,1e-7*n,9.999999999999999e-6,4,28,0.039961,0.0394229,98.65343710117364,0.0,2.02e-5,0.0,0.0,0.0,0.0,0.0005179000000000067,0.47717337688226596,1.5228973468259324e-5,-3.1318309033706154e-15,5.653164498409247e-6,5.653164498409247e-6,8.320248298653085e-6,5.653164498409247e-6,NaN,diag_feasible_at_xpre,0,0,7,7,0,0,4,3.131006087679294e-14,1.12.6,lbt,1,1,Intel(R) Core(TM) 7 150U,NT,6407b28
degen-r20-m20-d1e-10-p1,100,AGD-SDAJ,1e-7*n,9.999999999999999e-6,4,28,0.0312435,0.0307764,98.50496903355896,0.0,1.49e-5,0.0,0.0,0.0,0.0,0.00045220000000000156,0.47717337688226596,1.5228973468259324e-5,-3.1318309033706154e-15,5.653164498409247e-6,5.653164498409247e-6,8.320248298653085e-6,5.653164498409247e-6,NaN,diag_feasible_at_xpre,0,0,7,7,0,0,4,3.131006087679294e-14,1.12.6,lbt,1,1,Intel(R) Core(TM) 7 150U,NT,6407b28
degen-r20-m20-d1e-10-p1,100,Dykstra-APM,1e-7*n,9.999999999999999e-6,28,28,0.0331235,0.0311274,93.97376484972905,0.0,0.0,0.0,0.0,0.0013136,0.0,0.0006825000000000006,0.47715990683770476,1.2942282156007757e-5,-2.1022581348976598e-15,2.7571280949434396e-6,2.7571280949434396e-6,7.126595284895463e-6,2.7571280949434396e-6,NaN,diag_feasible,0,0,0,0,0,0,28,3.131006087679294e-14,1.12.6,lbt,1,1,Intel(R) Core(TM) 7 150U,NT,6407b28
degen-r20-m20-d1e-10-p1,100,Anderson-APM,1e-7*n,9.999999999999999e-6,13,13,0.0300467,0.0260027,86.5409512525502,0.0,0.0,0.0,0.0,0.0,0.0031471,0.0008968999999999991,0.47716847009416696,7.211847389305558e-6,-3.644495390861787e-15,8.750981512761768e-7,8.750981512761768e-7,3.935777829522207e-6,8.750981512761768e-7,NaN,diag_feasible,0,0,0,0,0,0,13,3.131006087679294e-14,1.12.6,lbt,1,1,Intel(R) Core(TM) 7 150U,NT,6407b28
degen-r20-m20-d1e-10-p2,100,SBB-Dual,1e-7*n,9.999999999999999e-6,12,13,0.0156823,0.0154141,98.2897916759659,1.21e-5,8.9e-6,3.11e-5,0.0,0.0,0.0,0.00021609999999999967,0.4786919838518008,6.321929357896022e-6,-2.148077304609307e-15,3.715822649574818e-6,0.0,5.806279022017435e-6,3.715822649574818e-6,100.0,diag_feasible,0,0,0,0,0,0,12,1.3959261067163763e-14,1.12.6,lbt,1,1,Intel(R) Core(TM) 7 150U,NT,6407b28
degen-r20-m20-d1e-10-p2,100,Newton-SIN-BH,1e-7*n,9.999999999999999e-6,3,4,0.0079941,0.006413599999999999,80.22916901214644,0.0,4.9e-6,0.0,0.0013498,0.0,0.0,0.00022580000000000126,0.47869198177149513,1.8207297571569823e-8,-2.2872306076745613e-15,5.901695354637582e-9,5.901695354637582e-9,1.2284240014649114e-8,5.901695354637582e-9,NaN,converged,11,11,0,0,0,0,3,1.3959261067163763e-14,1.12.6,lbt,1,1,Intel(R) Core(TM) 7 150U,NT,6407b28
degen-r20-m20-d1e-10-p2,100,Newton-SIN,1e-7*n,9.999999999999999e-6,3,7,0.0082282,0.0071748,87.19768600666002,0.0,3.1e-6,0.0,0.0009373,0.0,0.0,0.0001129999999999995,0.47869198177149513,1.8207297571569823e-8,-2.2872306076745613e-15,5.901695354637582e-9,5.901695354637582e-9,1.2284240014649114e-8,5.901695354637582e-9,NaN,converged,11,11,0,0,0,0,3,1.3959261067163763e-14,1.12.6,lbt,1,1,Intel(R) Core(TM) 7 150U,NT,6407b28
degen-r20-m20-d1e-10-p2,100,AGD-SDAJ-BH,1e-7*n,9.999999999999999e-6,4,25,0.0315217,0.0311013,98.66631558577107,0.0,1.38e-5,0.0,0.0,0.0,0.0,0.0004066000000000013,0.478695216034919,8.005169967984427e-6,-3.2958265505436506e-15,1.963019664596999e-6,1.963019664596999e-6,4.411029665150086e-6,1.963019664596999e-6,NaN,diag_feasible_at_xpre,0,0,4,4,0,0,4,1.3959261067163763e-14,1.12.6,lbt,1,1,Intel(R) Core(TM) 7 150U,NT,6407b28
degen-r20-m20-d1e-10-p2,100,AGD-SDAJ,1e-7*n,9.999999999999999e-6,4,25,0.0259231,0.025589099999999997,98.71157384726362,0.0,1.15e-5,0.0,0.0,0.0,0.0,0.0003225000000000044,0.478695216034919,8.005169967984427e-6,-3.2958265505436506e-15,1.963019664596999e-6,1.963019664596999e-6,4.411029665150086e-6,1.963019664596999e-6,NaN,diag_feasible_at_xpre,0,0,4,4,0,0,4,1.3959261067163763e-14,1.12.6,lbt,1,1,Intel(R) Core(TM) 7 150U,NT,6407b28
degen-r20-m20-d1e-10-p2,100,Dykstra-APM,1e-7*n,9.999999999999999e-6,29,29,0.0342589,0.0323338,94.38073026279304,0.0,0.0,0.0,0.0,0.001313,0.0,0.0006120999999999991,0.4786859598087251,1.3404170155938456e-5,-2.329127950811145e-15,4.017826265245716e-6,4.017826265245716e-6,7.208492702888658e-6,4.017826265245716e-6,NaN,diag_feasible,0,0,0,0,0,0,29,1.3959261067163763e-14,1.12.6,lbt,1,1,Intel(R) Core(TM) 7 150U,NT,6407b28
degen-r20-m20-d1e-10-p2,100,Anderson-APM,1e-7*n,9.999999999999999e-6,15,15,0.0170306,0.0142831,83.86727420055665,0.0,0.0,0.0,0.0,0.0,0.0021733,0.0005742,0.4786983143940015,1.2477174908652326e-5,-3.2833272488876684e-15,1.3041941371305654e-6,1.3041941371305654e-6,5.909224673732172e-6,1.3041941371305654e-6,NaN,diag_feasible,0,0,0,0,0,0,15,1.3959261067163763e-14,1.12.6,lbt,1,1,Intel(R) Core(TM) 7 150U,NT,6407b28
degen-r20-m20-d1e-10-p3,100,SBB-Dual,1e-7*n,9.999999999999999e-6,10,11,0.0110055,0.0108025,98.15546772068511,8.4e-6,5.2e-6,2.92e-5,0.0,0.0,0.0,0.00016020000000000007,0.4827116502222309,8.732835758479547e-6,-2.3475654469767557e-15,2.5086921671135798e-6,0.0,6.764124084586177e-6,2.5086921671135798e-6,100.0,diag_feasible,0,0,0,0,0,0,10,1.9145473355119763e-14,1.12.6,lbt,1,1,Intel(R) Core(TM) 7 150U,NT,6407b28
degen-r20-m20-d1e-10-p3,100,Newton-SIN-BH,1e-7*n,9.999999999999999e-6,3,4,0.0089403,0.0070856,79.25461114280282,0.0,6.1e-6,0.0,0.0016013,0.0,0.0,0.0002473,0.4827116495172628,2.6416030780151314e-9,-2.3119656541748018e-15,7.659408662874512e-10,7.659408662874512e-10,1.6195293513943441e-9,7.659408662874512e-10,NaN,converged,11,11,0,0,0,0,3,1.9145473355119763e-14,1.12.6,lbt,1,1,Intel(R) Core(TM) 7 150U,NT,6407b28
degen-r20-m20-d1e-10-p3,100,Newton-SIN,1e-7*n,9.999999999999999e-6,3,7,0.0107104,0.009467,88.39072303555423,0.0,4.0e-6,0.0,0.0010777,0.0,0.0,0.0001617000000000003,0.4827116495172628,2.6416030780151314e-9,-2.3119656541748018e-15,7.659408662874512e-10,7.659408662874512e-10,1.6195293513943441e-9,7.659408662874512e-10,NaN,converged,11,11,0,0,0,0,3,1.9145473355119763e-14,1.12.6,lbt,1,1,Intel(R) Core(TM) 7 150U,NT,6407b28
degen-r20-m20-d1e-10-p3,100,AGD-SDAJ-BH,1e-7*n,9.999999999999999e-6,3,19,0.0260356,0.025658,98.54967813301786,0.0,1.61e-5,0.0,0.0,0.0,0.0,0.00036149999999999876,0.4827142758402083,5.4891670660993185e-6,-3.6573703203844e-15,6.042060478606004e-7,6.042060478606004e-7,2.708343450030701e-6,6.042060478606004e-7,NaN,diag_feasible,0,0,0,0,0,0,3,1.9145473355119763e-14,1.12.6,lbt,1,1,Intel(R) Core(TM) 7 150U,NT,6407b28
degen-r20-m20-d1e-10-p3,100,AGD-SDAJ,1e-7*n,9.999999999999999e-6,3,19,0.0194127,0.0191399,98.59473437491951,0.0,9.8e-6,0.0,0.0,0.0,0.0,0.0002630000000000001,0.4827142758402083,5.4891670660993185e-6,-3.6573703203844e-15,6.042060478606004e-7,6.042060478606004e-7,2.708343450030701e-6,6.042060478606004e-7,NaN,diag_feasible,0,0,0,0,0,0,3,1.9145473355119763e-14,1.12.6,lbt,1,1,Intel(R) Core(TM) 7 150U,NT,6407b28
degen-r20-m20-d1e-10-p3,100,Dykstra-APM,1e-7*n,9.999999999999999e-6,26,26,0.0303757,0.0285537,94.00178432101977,0.0,0.0,0.0,0.0,0.0011949,0.0,0.0006270999999999972,0.4827050867431018,1.1856338780722605e-5,-2.5842980098135797e-15,2.170750662111587e-6,2.170750662111587e-6,6.792863611806837e-6,2.170750662111587e-6,NaN,diag_feasible,0,0,0,0,0,0,26,1.9145473355119763e-14,1.12.6,lbt,1,1,Intel(R) Core(TM) 7 150U,NT,6407b28
degen-r20-m20-d1e-10-p3,100,Anderson-APM,1e-7*n,9.999999999999999e-6,13,13,0.0175344,0.0146252,83.40861392462817,0.0,0.0,0.0,0.0,0.0,0.0021957,0.0007134999999999989,0.4827157582461466,1.2945092709557444e-5,-3.0270279472264354e-15,1.9601920284717522e-6,1.9601920284717522e-6,6.753183909176479e-6,1.9601920284717522e-6,NaN,diag_feasible,0,0,0,0,0,0,13,1.9145473355119763e-14,1.12.6,lbt,1,1,Intel(R) Core(TM) 7 150U,NT,6407b28
degen-r20-m20-d1e-10-p4,100,SBB-Dual,1e-7*n,9.999999999999999e-6,11,12,0.0123924,0.012169200000000002,98.19889609760823,9.5e-6,6.6e-6,2.99e-5,0.0,0.0,0.0,0.00017719999999999805,0.4812179846384776,1.03263124243651e-5,-2.1846956705593534e-15,7.090462160297406e-6,0.0,9.80290464712068e-6,7.090462160297406e-6,100.0,diag_feasible,0,0,0,0,0,0,11,2.354484391947464e-14,1.12.6,lbt,1,1,Intel(R) Core(TM) 7 150U,NT,6407b28
degen-r20-m20-d1e-10-p4,100,Newton-SIN-BH,1e-7*n,9.999999999999999e-6,3,4,0.0086712,0.0070932,81.80182673678382,0.0,5.1e-6,0.0,0.0013519,0.0,0.0,0.00022100000000000028,0.48121798251255143,8.462399100440811e-9,-3.1613369525407245e-15,3.7183285339636996e-9,3.7183285339636996e-9,4.7595348312408696e-9,3.7183285339636996e-9,NaN,converged,12,12,0,0,0,0,3,2.354484391947464e-14,1.12.6,lbt,1,1,Intel(R) Core(TM) 7 150U,NT,6407b28
degen-r20-m20-d1e-10-p4,100,Newton-SIN,1e-7*n,9.999999999999999e-6,3,7,0.0084256,0.0073098,86.75702620584883,0.0,3.3e-6,0.0,0.0010052,0.0,0.0,0.00010730000000000028,0.48121798251255143,8.462399100440811e-9,-3.1613369525407245e-15,3.7183285339636996e-9,3.7183285339636996e-9,4.7595348312408696e-9,3.7183285339636996e-9,NaN,converged,12,12,0,0,0,0,3,2.354484391947464e-14,1.12.6,lbt,1,1,Intel(R) Core(TM) 7 150U,NT,6407b28
degen-r20-m20-d1e-10-p4,100,AGD-SDAJ-BH,1e-7*n,9.999999999999999e-6,4,24,0.0246701,0.024325899999999998,98.60478879291125,0.0,1.37e-5,0.0,0.0,0.0,0.0,0.00033050000000000283,0.4812219302932051,9.171128009184586e-6,-3.4305238444402476e-15,3.3950784399383593e-6,3.3950784399383593e-6,5.028358449675409e-6,3.3950784399383593e-6,NaN,diag_feasible_at_xpre,0,0,3,3,0,0,4,2.354484391947464e-14,1.12.6,lbt,1,1,Intel(R) Core(TM) 7 150U,NT,6407b28
degen-r20-m20-d1e-10-p4,100,AGD-SDAJ,1e-7*n,9.999999999999999e-6,4,24,0.0285437,0.028131800000000002,98.55694951950868,0.0,1.51e-5,0.0,0.0,0.0,0.0,0.0003967999999999998,0.4812219302932051,9.171128009184586e-6,-3.4305238444402476e-15,3.3950784399383593e-6,3.3950784399383593e-6,5.028358449675409e-6,3.3950784399383593e-6,NaN,diag_feasible_at_xpre,0,0,3,3,0,0,4,2.354484391947464e-14,1.12.6,lbt,1,1,Intel(R) Core(TM) 7 150U,NT,6407b28
degen-r20-m20-d1e-10-p4,100,Dykstra-APM,1e-7*n,9.999999999999999e-6,28,28,0.040835,0.0385142,94.31664013713726,0.0,0.0,0.0,0.0,0.0015362,0.0,0.0007846000000000049,0.4812118526201866,1.429645375378529e-5,-2.307968392399895e-15,4.769939013327118e-6,4.769939013327118e-6,7.745082415533585e-6,4.769939013327118e-6,NaN,diag_feasible,0,0,0,0,0,0,28,2.354484391947464e-14,1.12.6,lbt,1,1,Intel(R) Core(TM) 7 150U,NT,6407b28
degen-r20-m20-d1e-10-p4,100,Anderson-APM,1e-7*n,9.999999999999999e-6,13,13,0.0147031,0.0123476,83.9795689344424,0.0,0.0,0.0,0.0,0.0,0.001789,0.0005665,0.48122385793024713,1.8024419191853317e-5,-3.247105933265091e-15,2.6974145450608944e-6,2.6974145450608944e-6,9.376072285173926e-6,2.6974145450608944e-6,NaN,diag_feasible,0,0,0,0,0,0,13,2.354484391947464e-14,1.12.6,lbt,1,1,Intel(R) Core(TM) 7 150U,NT,6407b28
degen-r20-m20-d0-p0,100,SBB-Dual,1e-7*n,9.999999999999999e-6,11,12,0.0121678,0.0119378,98.10976511776987,1.09e-5,6.8e-6,3.19e-5,0.0,0.0,0.0,0.0001803999999999993,0.4818192178338279,7.477599937686949e-6,-2.3351849144229113e-15,2.295839998556204e-6,0.0,6.298794267503467e-6,2.295839998556204e-6,100.0,diag_feasible,0,0,0,0,0,0,11,1.6412160774195557e-14,1.12.6,lbt,1,1,Intel(R) Core(TM) 7 150U,NT,6407b28
degen-r20-m20-d0-p0,100,Newton-SIN-BH,1e-7*n,9.999999999999999e-6,3,4,0.0059467,0.0047006,79.04552104528562,0.0,3.4e-6,0.0,0.001082,0.0,0.0,0.00016069999999999995,0.48181921636081404,7.016322824377927e-9,-2.625621444299429e-15,2.5681896609341948e-9,2.5681896609341948e-9,4.133539917963662e-9,2.5681896609341948e-9,NaN,converged,11,11,0,0,0,0,3,1.6412160774195557e-14,1.12.6,lbt,1,1,Intel(R) Core(TM) 7 150U,NT,6407b28
degen-r20-m20-d0-p0,100,Newton-SIN,1e-7*n,9.999999999999999e-6,3,7,0.0089286,0.0077657,86.97556167820262,0.0,3.6e-6,0.0,0.0010357,0.0,0.0,0.00012359999999999953,0.48181921636081404,7.016322824377927e-9,-2.625621444299429e-15,2.5681896609341948e-9,2.5681896609341948e-9,4.133539917963662e-9,2.5681896609341948e-9,NaN,converged,11,11,0,0,0,0,3,1.6412160774195557e-14,1.12.6,lbt,1,1,Intel(R) Core(TM) 7 150U,NT,6407b28
degen-r20-m20-d0-p0,100,AGD-SDAJ-BH,1e-7*n,9.999999999999999e-6,4,29,0.031258,0.0308288,98.62691151065326,0.0,1.42e-5,0.0,0.0,0.0,0.0,0.0004150000000000011,0.4818225431786164,7.698864554975624e-6,-2.945358096776544e-15,1.505258372613838e-6,1.505258372613838e-6,4.105826750343849e-6,1.505258372613838e-6,NaN,diag_feasible_at_xpre,0,0,8,8,0,0,4,1.6412160774195557e-14,1.12.6,lbt,1,1,Intel(R) Core(TM) 7 150U,NT,6407b28
degen-r20-m20-d0-p0,100,AGD-SDAJ,1e-7*n,9.999999999999999e-6,4,29,0.0301315,0.029598,98.22942767535636,0.0,8.07e-5,0.0,0.0,0.0,0.0,0.00045279999999999924,0.4818225431786164,7.698864554975624e-6,-2.945358096776544e-15,1.505258372613838e-6,1.505258372613838e-6,4.105826750343849e-6,1.505258372613838e-6,NaN,diag_feasible_at_xpre,0,0,8,8,0,0,4,1.6412160774195557e-14,1.12.6,lbt,1,1,Intel(R) Core(TM) 7 150U,NT,6407b28
degen-r20-m20-d0-p0,100,Dykstra-APM,1e-7*n,9.999999999999999e-6,27,27,0.0290684,0.027305,93.93361863742071,0.0,0.0,0.0,0.0,0.0011855,0.0,0.0005779000000000018,0.481812091294797,1.4969580726684634e-5,-2.307719366896158e-15,2.6204885561487146e-6,2.6204885561487146e-6,8.278414885600843e-6,2.6204885561487146e-6,NaN,diag_feasible,0,0,0,0,0,0,27,1.6412160774195557e-14,1.12.6,lbt,1,1,Intel(R) Core(TM) 7 150U,NT,6407b28
degen-r20-m20-d0-p0,100,Anderson-APM,1e-7*n,9.999999999999999e-6,13,13,0.0225352,0.0191202,84.84592992296497,0.0,0.0,0.0,0.0,0.0,0.0026251,0.0007898999999999979,0.4818239502021841,1.3835111909081464e-5,-3.526658367840411e-15,2.213736657541432e-6,2.213736657541432e-6,7.2440736083987e-6,2.213736657541432e-6,NaN,diag_feasible,0,0,0,0,0,0,13,1.6412160774195557e-14,1.12.6,lbt,1,1,Intel(R) Core(TM) 7 150U,NT,6407b28
degen-r20-m20-d0-p1,100,SBB-Dual,1e-7*n,9.999999999999999e-6,11,12,0.0121626,0.011951400000000001,98.2635291796162,9.5e-6,6.4e-6,3.1e-5,0.0,0.0,0.0,0.00016429999999999993,0.47716666466921603,9.196920613744891e-6,-2.1990631717781076e-15,3.610672304921181e-6,0.0,7.919127193484274e-6,3.610672304921181e-6,100.0,diag_feasible,0,0,0,0,0,0,11,3.0372463630638606e-14,1.12.6,lbt,1,1,Intel(R) Core(TM) 7 150U,NT,6407b28
degen-r20-m20-d0-p1,100,Newton-SIN-BH,1e-7*n,9.999999999999999e-6,3,4,0.0076385,0.0058687999999999995,76.83183871178896,0.0,4.9e-6,0.0,0.0015691,0.0,0.0,0.0001957000000000009,0.47716666330755375,5.815950340514061e-9,-2.2306456179575023e-15,1.89297977293279e-9,1.89297977293279e-9,3.393314867420358e-9,1.89297977293279e-9,NaN,converged,13,13,0,0,0,0,3,3.0372463630638606e-14,1.12.6,lbt,1,1,Intel(R) Core(TM) 7 150U,NT,6407b28
degen-r20-m20-d0-p1,100,Newton-SIN,1e-7*n,9.999999999999999e-6,3,7,0.0090504,0.007880400000000001,87.07239459029437,0.0,2.8e-6,0.0,0.0010553,0.0,0.0,0.0001118999999999992,0.47716666330755375,5.815950340514061e-9,-2.2306456179575023e-15,1.89297977293279e-9,1.89297977293279e-9,3.393314867420358e-9,1.89297977293279e-9,NaN,converged,13,13,0,0,0,0,3,3.0372463630638606e-14,1.12.6,lbt,1,1,Intel(R) Core(TM) 7 150U,NT,6407b28
degen-r20-m20-d0-p1,100,AGD-SDAJ-BH,1e-7*n,9.999999999999999e-6,4,28,0.0274793,0.0270995,98.6178687230024,0.0,1.36e-5,0.0,0.0,0.0,0.0,0.00036620000000000305,0.4771733771891665,1.52291192835942e-5,-3.410003019992135e-15,5.653197478361349e-6,5.653197478361349e-6,8.320315872967341e-6,5.653197478361349e-6,NaN,diag_feasible_at_xpre,0,0,7,7,0,0,4,3.0372463630638606e-14,1.12.6,lbt,1,1,Intel(R) Core(TM) 7 150U,NT,6407b28
degen-r20-m20-d0-p1,100,AGD-SDAJ,1e-7*n,9.999999999999999e-6,4,28,0.0366432,0.0361878,98.757204610951,0.0,1.88e-5,0.0,0.0,0.0,0.0,0.0004366000000000016,0.4771733771891665,1.52291192835942e-5,-3.410003019992135e-15,5.653197478361349e-6,5.653197478361349e-6,8.320315872967341e-6,5.653197478361349e-6,NaN,diag_feasible_at_xpre,0,0,7,7,0,0,4,3.0372463630638606e-14,1.12.6,lbt,1,1,Intel(R) Core(TM) 7 150U,NT,6407b28
degen-r20-m20-d0-p1,100,Dykstra-APM,1e-7*n,9.999999999999999e-6,28,28,0.028847,0.0271865,94.24376884944706,0.0,0.0,0.0,0.0,0.0010953,0.0,0.0005652000000000022,0.4771599070627852,1.2942281532319583e-5,-1.9124787875507972e-15,2.7571280831750755e-6,2.7571280831750755e-6,7.126595260252504e-6,2.7571280831750755e-6,NaN,diag_feasible,0,0,0,0,0,0,28,3.0372463630638606e-14,1.12.6,lbt,1,1,Intel(R) Core(TM) 7 150U,NT,6407b28
degen-r20-m20-d0-p1,100,Anderson-APM,1e-7*n,9.999999999999999e-6,13,13,0.0188287,0.0158104,83.96968457726767,0.0,0.0,0.0,0.0,0.0,0.0022765,0.0007418000000000017,0.4771684703201787,7.21184968950896e-6,-3.2100299393802904e-15,8.750983355731989e-7,8.750983355731989e-7,3.935778990313971e-6,8.750983355731989e-7,NaN,diag_feasible,0,0,0,0,0,0,13,3.0372463630638606e-14,1.12.6,lbt,1,1,Intel(R) Core(TM) 7 150U,NT,6407b28
degen-r20-m20-d0-p2,100,SBB-Dual,1e-7*n,9.999999999999999e-6,12,13,0.0156821,0.0154207,98.33313140459505,1.18e-5,8.0e-6,3.2e-5,0.0,0.0,0.0,0.00020960000000000016,0.4786919840811563,6.322091548830883e-6,-2.041469205371365e-15,3.7158226442457476e-6,0.0,5.806279008621828e-6,3.7158226442457476e-6,100.0,diag_feasible,0,0,0,0,0,0,12,2.7073284147201584e-14,1.12.6,lbt,1,1,Intel(R) Core(TM) 7 150U,NT,6407b28
degen-r20-m20-d0-p2,100,Newton-SIN-BH,1e-7*n,9.999999999999999e-6,3,4,0.0061611,0.0049291000000000005,80.0035707909302,0.0,3.2e-6,0.0,0.0010629,0.0,0.0,0.00016589999999999942,0.4786919820649771,1.8229864595501645e-8,-2.5819139780319035e-15,5.901648947315152e-9,5.901648947315152e-9,1.229343507558276e-8,5.901648947315152e-9,NaN,converged,11,11,0,0,0,0,3,2.7073284147201584e-14,1.12.6,lbt,1,1,Intel(R) Core(TM) 7 150U,NT,6407b28
degen-r20-m20-d0-p2,100,Newton-SIN,1e-7*n,9.999999999999999e-6,3,7,0.0080851,0.0070628,87.35575317559461,0.0,3.0e-6,0.0,0.0009109,0.0,0.0,0.00010839999999999949,0.4786919820649771,1.8229864595501645e-8,-2.5819139780319035e-15,5.901648947315152e-9,5.901648947315152e-9,1.229343507558276e-8,5.901648947315152e-9,NaN,converged,11,11,0,0,0,0,3,2.7073284147201584e-14,1.12.6,lbt,1,1,Intel(R) Core(TM) 7 150U,NT,6407b28
degen-r20-m20-d0-p2,100,AGD-SDAJ-BH,1e-7*n,9.999999999999999e-6,4,25,0.0246352,0.024273,98.52974605442618,0.0,1.5e-5,0.0,0.0,0.0,0.0,0.00034720000000000004,0.47869521626972183,8.005181406605761e-6,-3.2850187193054105e-15,1.9630204011189534e-6,1.9630204011189534e-6,4.411035277384767e-6,1.9630204011189534e-6,NaN,diag_feasible_at_xpre,0,0,4,4,0,0,4,2.7073284147201584e-14,1.12.6,lbt,1,1,Intel(R) Core(TM) 7 150U,NT,6407b28
degen-r20-m20-d0-p2,100,AGD-SDAJ,1e-7*n,9.999999999999999e-6,4,25,0.033912,0.0326265,96.20930644019818,0.0,1.63e-5,0.0,0.0,0.0,0.0,0.001269199999999995,0.47869521626972183,8.005181406605761e-6,-3.2850187193054105e-15,1.9630204011189534e-6,1.9630204011189534e-6,4.411035277384767e-6,1.9630204011189534e-6,NaN,diag_feasible_at_xpre,0,0,4,4,0,0,4,2.7073284147201584e-14,1.12.6,lbt,1,1,Intel(R) Core(TM) 7 150U,NT,6407b28
degen-r20-m20-d0-p2,100,Dykstra-APM,1e-7*n,9.999999999999999e-6,29,29,0.0349699,0.0328941,94.06403792976246,0.0,0.0,0.0,0.0,0.0013657,0.0,0.0007100999999999956,0.47868596003808783,1.3404169607326778e-5,-2.576206013674939e-15,4.017826263913449e-6,4.017826263913449e-6,7.208492694821339e-6,4.017826263913449e-6,NaN,diag_feasible,0,0,0,0,0,0,29,2.7073284147201584e-14,1.12.6,lbt,1,1,Intel(R) Core(TM) 7 150U,NT,6407b28
degen-r20-m20-d0-p2,100,Anderson-APM,1e-7*n,9.999999999999999e-6,15,15,0.020852,0.0175953,84.38183387684636,0.0,0.0,0.0,0.0,0.0,0.0025022,0.0007544999999999978,0.4786983146272389,1.2477185309962751e-5,-3.34200269384086e-15,1.304197030149723e-6,1.304197030149723e-6,5.909229816506646e-6,1.304197030149723e-6,NaN,diag_feasible,0,0,0,0,0,0,15,2.7073284147201584e-14,1.12.6,lbt,1,1,Intel(R) Core(TM) 7 150U,NT,6407b28
degen-r20-m20-d0-p3,100,SBB-Dual,1e-7*n,9.999999999999999e-6,10,11,0.0120934,0.0118694,98.14775001240346,9.3e-6,7.3e-6,3.35e-5,0.0,0.0,0.0,0.00017390000000000024,0.48271165045619685,8.733024504297663e-6,-2.2631909015768985e-15,2.5086921255912387e-6,0.0,6.7641240825179844e-6,2.5086921255912387e-6,100.0,diag_feasible,0,0,0,0,0,0,10,2.3909265679837677e-14,1.12.6,lbt,1,1,Intel(R) Core(TM) 7 150U,NT,6407b28
degen-r20-m20-d0-p3,100,Newton-SIN-BH,1e-7*n,9.999999999999999e-6,3,4,0.0088838,0.0066041,74.33868389653075,0.0,5.5e-6,0.0,0.0020392,0.0,0.0,0.00023500000000000083,0.48271164980254877,2.6409949901962173e-9,-2.763368354285632e-15,7.653691014297692e-10,7.653691014297692e-10,1.6263362731074042e-9,7.653691014297692e-10,NaN,converged,11,11,0,0,0,0,3,2.3909265679837677e-14,1.12.6,lbt,1,1,Intel(R) Core(TM) 7 150U,NT,6407b28
degen-r20-m20-d0-p3,100,Newton-SIN,1e-7*n,9.999999999999999e-6,3,7,0.0227369,0.0179496,78.94479898315073,0.0,5.6e-6,0.0,0.0040506,0.0,0.0,0.0007311000000000019,0.48271164980254877,2.6409949901962173e-9,-2.763368354285632e-15,7.653691014297692e-10,7.653691014297692e-10,1.6263362731074042e-9,7.653691014297692e-10,NaN,converged,11,11,0,0,0,0,3,2.3909265679837677e-14,1.12.6,lbt,1,1,Intel(R) Core(TM) 7 150U,NT,6407b28
degen-r20-m20-d0-p3,100,AGD-SDAJ-BH,1e-7*n,9.999999999999999e-6,3,19,0.029232,0.028786600000000002,98.47632731253422,0.0,1.84e-5,0.0,0.0,0.0,0.0,0.00042699999999999856,0.4827142761001659,5.4892022933188855e-6,-3.0718671444575572e-15,6.042006015505308e-7,6.042006015505308e-7,2.7083545639724106e-6,6.042006015505308e-7,NaN,diag_feasible,0,0,0,0,0,0,3,2.3909265679837677e-14,1.12.6,lbt,1,1,Intel(R) Core(TM) 7 150U,NT,6407b28
degen-r20-m20-d0-p3,100,AGD-SDAJ,1e-7*n,9.999999999999999e-6,3,19,0.0187507,0.018469799999999998,98.50192259488979,0.0,1.0e-5,0.0,0.0,0.0,0.0,0.00027090000000000057,0.4827142761001659,5.4892022933188855e-6,-3.0718671444575572e-15,6.042006015505308e-7,6.042006015505308e-7,2.7083545639724106e-6,6.042006015505308e-7,NaN,diag_feasible,0,0,0,0,0,0,3,2.3909265679837677e-14,1.12.6,lbt,1,1,Intel(R) Core(TM) 7 150U,NT,6407b28
degen-r20-m20-d0-p3,100,Dykstra-APM,1e-7*n,9.999999999999999e-6,26,26,0.0439296,0.0412871,93.98469369172494,0.0,0.0,0.0,0.0,0.0017907,0.0,0.0008517999999999989,0.48270508697707676,1.1856338137014609e-5,-2.5758949866853935e-15,2.1707506623336315e-6,2.1707506623336315e-6,6.792863603003935e-6,2.1707506623336315e-6,NaN,diag_feasible,0,0,0,0,0,0,26,2.3909265679837677e-14,1.12.6,lbt,1,1,Intel(R) Core(TM) 7 150U,NT,6407b28
degen-r20-m20-d0-p3,100,Anderson-APM,1e-7*n,9.999999999999999e-6,13,13,0.0167896,0.0141096,84.0377376471149,0.0,0.0,0.0,0.0,0.0,0.0021128,0.0005671999999999982,0.4827157584847279,1.2945111691892606e-5,-2.9942200710639516e-15,1.9601944984959374e-6,1.9601944984959374e-6,6.753193961855776e-6,1.9601944984959374e-6,NaN,diag_feasible,0,0,0,0,0,0,13,2.3909265679837677e-14,1.12.6,lbt,1,1,Intel(R) Core(TM) 7 150U,NT,6407b28
degen-r20-m20-d0-p4,100,SBB-Dual,1e-7*n,9.999999999999999e-6,11,12,0.0156983,0.0154156,98.19916806278388,1.32e-5,9.1e-6,3.19e-5,0.0,0.0,0.0,0.00022849999999999856,0.4812179848704673,1.032647582372763e-5,-2.2198779458482807e-15,7.0904621549683355e-6,0.0,9.802904631018915e-6,7.0904621549683355e-6,100.0,diag_feasible,0,0,0,0,0,0,11,2.202834683593108e-14,1.12.6,lbt,1,1,Intel(R) Core(TM) 7 150U,NT,6407b28
degen-r20-m20-d0-p4,100,Newton-SIN-BH,1e-7*n,9.999999999999999e-6,3,4,0.0055948,0.0043804000000000004,78.29413026381641,0.0,3.6e-6,0.0,0.0010513,0.0,0.0,0.00015949999999999905,0.4812179827757515,8.46057426727423e-9,-2.950753370532544e-15,3.718297669763615e-9,3.718297669763615e-9,4.761625329314542e-9,3.718297669763615e-9,NaN,converged,12,12,0,0,0,0,3,2.202834683593108e-14,1.12.6,lbt,1,1,Intel(R) Core(TM) 7 150U,NT,6407b28
degen-r20-m20-d0-p4,100,Newton-SIN,1e-7*n,9.999999999999999e-6,3,7,0.0121343,0.010451199999999999,86.12940177842972,0.0,4.8e-6,0.0,0.0015404,0.0,0.0,0.00013790000000000178,0.4812179827757515,8.46057426727423e-9,-2.950753370532544e-15,3.718297669763615e-9,3.718297669763615e-9,4.761625329314542e-9,3.718297669763615e-9,NaN,converged,12,12,0,0,0,0,3,2.202834683593108e-14,1.12.6,lbt,1,1,Intel(R) Core(TM) 7 150U,NT,6407b28
degen-r20-m20-d0-p4,100,AGD-SDAJ-BH,1e-7*n,9.999999999999999e-6,4,24,0.0266097,0.0262439,98.62531332559179,0.0,1.32e-5,0.0,0.0,0.0,0.0,0.00035259999999999946,0.48122193051636775,9.171108251571314e-6,-3.3097131311538465e-15,3.3950716600283926e-6,3.3950716600283926e-6,5.028347880719682e-6,3.3950716600283926e-6,NaN,diag_feasible_at_xpre,0,0,3,3,0,0,4,2.202834683593108e-14,1.12.6,lbt,1,1,Intel(R) Core(TM) 7 150U,NT,6407b28
degen-r20-m20-d0-p4,100,AGD-SDAJ,1e-7*n,9.999999999999999e-6,4,24,0.023771,0.0234408,98.61091245635437,0.0,1.08e-5,0.0,0.0,0.0,0.0,0.00031939999999999925,0.48122193051636775,9.171108251571314e-6,-3.3097131311538465e-15,3.3950716600283926e-6,3.3950716600283926e-6,5.028347880719682e-6,3.3950716600283926e-6,NaN,diag_feasible_at_xpre,0,0,3,3,0,0,4,2.202834683593108e-14,1.12.6,lbt,1,1,Intel(R) Core(TM) 7 150U,NT,6407b28
degen-r20-m20-d0-p4,100,Dykstra-APM,1e-7*n,9.999999999999999e-6,28,28,0.0417577,0.0393852,94.3184131309914,0.0,0.0,0.0,0.0,0.0015549,0.0,0.0008175999999999997,0.4812118528522347,1.4296453250062975e-5,-2.5348703029494666e-15,4.7699390028910216e-6,4.7699390028910216e-6,7.745082403687563e-6,4.7699390028910216e-6,NaN,diag_feasible,0,0,0,0,0,0,28,2.202834683593108e-14,1.12.6,lbt,1,1,Intel(R) Core(TM) 7 150U,NT,6407b28
degen-r20-m20-d0-p4,100,Anderson-APM,1e-7*n,9.999999999999999e-6,13,13,0.0198002,0.0164388,83.02340380400197,0.0,0.0,0.0,0.0,0.0,0.0026567,0.0007047000000000004,0.48122385816106805,1.802441602926307e-5,-3.968114673599354e-15,2.6974168230164963e-6,2.6974168230164963e-6,9.376070744722044e-6,2.6974168230164963e-6,NaN,diag_feasible,0,0,0,0,0,0,13,2.202834683593108e-14,1.12.6,lbt,1,1,Intel(R) Core(TM) 7 150U,NT,6407b28
degen-r50-m1-d0.01-p0,100,SBB-Dual,1e-7*n,9.999999999999999e-6,6,7,0.0086175,0.008423,97.7429648970119,7.5e-6,5.9e-6,3.22e-5,0.0,0.0,0.0,0.00014890000000000023,0.4966585453901444,2.9082568857075765e-6,-1.6799630067231602e-15,8.969026394911594e-7,0.0,3.2890323782520017e-6,8.969026394911594e-7,20.0,diag_feasible,0,0,0,0,0,0,6,7.572380295906598e-14,1.12.6,lbt,1,1,Intel(R) Core(TM) 7 150U,NT,6407b28
degen-r50-m1-d0.01-p0,100,Newton-SIN-BH,1e-7*n,9.999999999999999e-6,3,4,0.0052232,0.0040587999999999996,77.70715270332363,0.0,3.2e-6,0.0,0.0009987,0.0,0.0,0.00016250000000000032,0.4966585453106785,8.55352703720062e-10,-1.5168138183086288e-15,3.837425932573524e-10,3.837425932573524e-10,7.16915390435697e-10,3.837425932573524e-10,NaN,converged,9,9,0,0,0,0,3,7.572380295906598e-14,1.12.6,lbt,1,1,Intel(R) Core(TM) 7 150U,NT,6407b28
degen-r50-m1-d0.01-p0,100,Newton-SIN,1e-7*n,9.999999999999999e-6,3,7,0.0084321,0.0073268,86.8917588738274,0.0,3.6e-6,0.0,0.0009719,0.0,0.0,0.0001297999999999999,0.4966585453106785,8.55352703720062e-10,-1.5168138183086288e-15,3.837425932573524e-10,3.837425932573524e-10,7.16915390435697e-10,3.837425932573524e-10,NaN,converged,9,9,0,0,0,0,3,7.572380295906598e-14,1.12.6,lbt,1,1,Intel(R) Core(TM) 7 150U,NT,6407b28
degen-r50-m1-d0.01-p0,100,AGD-SDAJ-BH,1e-7*n,9.999999999999999e-6,2,16,0.0318308,0.0315128,99.00096761627103,0.0,1.07e-5,0.0,0.0,0.0,0.0,0.00030729999999999885,0.4966550592881037,6.08301934407225e-6,-1.342312966543714e-15,9.928168964723483e-7,9.928168964723483e-7,4.613609721406991e-6,9.928168964723483e-7,NaN,diag_feasible,0,0,3,3,0,0,2,7.572380295906598e-14,1.12.6,lbt,1,1,Intel(R) Core(TM) 7 150U,NT,6407b28
degen-r50-m1-d0.01-p0,100,AGD-SDAJ,1e-7*n,9.999999999999999e-6,2,16,0.0155291,0.0153046,98.55432703762612,0.0,7.9e-6,0.0,0.0,0.0,0.0,0.00021660000000000074,0.4966550592881037,6.08301934407225e-6,-1.342312966543714e-15,9.928168964723483e-7,9.928168964723483e-7,4.613609721406991e-6,9.928168964723483e-7,NaN,diag_feasible,0,0,3,3,0,0,2,7.572380295906598e-14,1.12.6,lbt,1,1,Intel(R) Core(TM) 7 150U,NT,6407b28
degen-r50-m1-d0.01-p0,100,Dykstra-APM,1e-7*n,9.999999999999999e-6,17,17,0.0213934,0.0200883,93.8995204128376,0.0,0.0,0.0,0.0,0.0008524,0.0,0.0004527,0.49665343211219276,7.548903012888817e-6,-1.5388783122220695e-15,1.3297130758704867e-6,1.3297130758704867e-6,5.278648060304416e-6,1.3297130758704867e-6,NaN,diag_feasible,0,0,0,0,0,0,17,7.572380295906598e-14,1.12.6,lbt,1,1,Intel(R) Core(TM) 7 150U,NT,6407b28
degen-r50-m1-d0.01-p0,100,Anderson-APM,1e-7*n,9.999999999999999e-6,8,8,0.0116535,0.009826,84.31801604668124,0.0,0.0,0.0,0.0,0.0,0.0013412,0.0004863000000000009,0.4966598275917423,2.8384737551031667e-6,-1.406874631381999e-15,8.818314637393243e-7,8.818314637393243e-7,2.207608876013976e-6,8.818314637393243e-7,NaN,diag_feasible,0,0,0,0,0,0,8,7.572380295906598e-14,1.12.6,lbt,1,1,Intel(R) Core(TM) 7 150U,NT,6407b28
degen-r50-m1-d0.01-p1,100,SBB-Dual,1e-7*n,9.999999999999999e-6,6,7,0.0121329,0.0118548,97.70788517172318,1.09e-5,8.5e-6,5.18e-5,0.0,0.0,0.0,0.00020689999999999988,0.49684065772212643,2.361037617006465e-6,-1.4934205793037261e-15,7.499930652077325e-7,0.0,2.5277127133764975e-6,7.499930652077325e-7,20.0,diag_feasible,0,0,0,0,0,0,6,2.6997145157701295e-14,1.12.6,lbt,1,1,Intel(R) Core(TM) 7 150U,NT,6407b28
degen-r50-m1-d0.01-p1,100,Newton-SIN-BH,1e-7*n,9.999999999999999e-6,3,4,0.0053793,0.0042415000000000005,78.84854906772257,0.0,3.3e-6,0.0,0.0009815,0.0,0.0,0.0001529999999999997,0.49684065765781116,4.717882959459051e-10,-1.5341128707313536e-15,2.0353296825703637e-10,2.0353296825703637e-10,3.973795903206317e-10,2.0353296825703637e-10,NaN,converged,9,9,0,0,0,0,3,2.6997145157701295e-14,1.12.6,lbt,1,1,Intel(R) Core(TM) 7 150U,NT,6407b28
degen-r50-m1-d0.01-p1,100,Newton-SIN,1e-7*n,9.999999999999999e-6,3,7,0.0078507,0.0067755,86.30440597653711,0.0,3.4e-6,0.0,0.0009493,0.0,0.0,0.0001225000000000001,0.49684065765781116,4.717882959459051e-10,-1.5341128707313536e-15,2.0353296825703637e-10,2.0353296825703637e-10,3.973795903206317e-10,2.0353296825703637e-10,NaN,converged,9,9,0,0,0,0,3,2.6997145157701295e-14,1.12.6,lbt,1,1,Intel(R) Core(TM) 7 150U,NT,6407b28
degen-r50-m1-d0.01-p1,100,AGD-SDAJ-BH,1e-7*n,9.999999999999999e-6,2,13,0.0148549,0.014579499999999999,98.14606628115973,0.0,9.7e-6,0.0,0.0,0.0,0.0,0.000265700000000002,0.49683856857399544,3.5131862442235063e-6,-1.4924547219324313e-15,5.184338444097492e-7,5.184338444097492e-7,2.6553604213381698e-6,5.184338444097492e-7,NaN,diag_feasible,0,0,0,0,0,0,2,2.6997145157701295e-14,1.12.6,lbt,1,1,Intel(R) Core(TM) 7 150U,NT,6407b28
degen-r50-m1-d0.01-p1,100,AGD-SDAJ,1e-7*n,9.999999999999999e-6,2,13,0.0125497,0.012353699999999999,98.43820967831898,0.0,6.2e-6,0.0,0.0,0.0,0.0,0.00018980000000000174,0.49683856857399544,3.5131862442235063e-6,-1.4924547219324313e-15,5.184338444097492e-7,5.184338444097492e-7,2.6553604213381698e-6,5.184338444097492e-7,NaN,diag_feasible,0,0,0,0,0,0,2,2.6997145157701295e-14,1.12.6,lbt,1,1,Intel(R) Core(TM) 7 150U,NT,6407b28
degen-r50-m1-d0.01-p1,100,Dykstra-APM,1e-7*n,9.999999999999999e-6,16,16,0.0164709,0.0154314,93.68886946068521,0.0,0.0,0.0,0.0,0.0006735,0.0,0.00036600000000000044,0.49683118737996346,1.3824446379566663e-5,-1.5938731948793591e-15,2.2367076244478312e-6,2.2367076244478312e-6,9.686421695020262e-6,2.2367076244478312e-6,NaN,diag_feasible,0,0,0,0,0,0,16,2.6997145157701295e-14,1.12.6,lbt,1,1,Intel(R) Core(TM) 7 150U,NT,6407b28
degen-r50-m1-d0.01-p1,100,Anderson-APM,1e-7*n,9.999999999999999e-6,8,8,0.009107,0.0076795,84.32524431755792,0.0,0.0,0.0,0.0,0.0,0.0009778,0.0004497000000000008,0.49684152384984315,2.400113795176545e-6,-1.4681077715663929e-15,7.515438904537319e-7,7.515438904537319e-7,1.8940063592476852e-6,7.515438904537319e-7,NaN,diag_feasible,0,0,0,0,0,0,8,2.6997145157701295e-14,1.12.6,lbt,1,1,Intel(R) Core(TM) 7 150U,NT,6407b28
degen-r50-m1-d0.01-p2,100,SBB-Dual,1e-7*n,9.999999999999999e-6,6,7,0.0078093,0.0076305999999999995,97.71170271343142,5.9e-6,4.8e-6,3.19e-5,0.0,0.0,0.0,0.00013610000000000038,0.49620281729082605,2.9174929412370453e-6,-1.4388785452055682e-15,7.204087308920748e-7,0.0,3.2231445293640494e-6,7.204087308920748e-7,20.0,diag_feasible,0,0,0,0,0,0,6,2.3420180361420892e-14,1.12.6,lbt,1,1,Intel(R) Core(TM) 7 150U,NT,6407b28
degen-r50-m1-d0.01-p2,100,Newton-SIN-BH,1e-7*n,9.999999999999999e-6,3,4,0.0083494,0.0065251,78.15052578628405,0.0,4.9e-6,0.0,0.0015877,0.0,0.0,0.00023170000000000005,0.4962028171848921,1.5935101264496858e-9,-1.666686019746577e-15,5.707869732418658e-10,5.707869732418658e-10,1.364937085871587e-9,5.707869732418658e-10,NaN,converged,9,9,0,0,0,0,3,2.3420180361420892e-14,1.12.6,lbt,1,1,Intel(R) Core(TM) 7 150U,NT,6407b28
degen-r50-m1-d0.01-p2,100,Newton-SIN,1e-7*n,9.999999999999999e-6,3,7,0.0077111,0.0066665000000000006,86.45329460128906,0.0,3.3e-6,0.0,0.0009315,0.0,0.0,0.00010979999999999974,0.4962028171848921,1.5935101264496858e-9,-1.666686019746577e-15,5.707869732418658e-10,5.707869732418658e-10,1.364937085871587e-9,5.707869732418658e-10,NaN,converged,9,9,0,0,0,0,3,2.3420180361420892e-14,1.12.6,lbt,1,1,Intel(R) Core(TM) 7 150U,NT,6407b28
degen-r50-m1-d0.01-p2,100,AGD-SDAJ-BH,1e-7*n,9.999999999999999e-6,2,13,0.0131828,0.012879900000000001,97.70230906939346,0.0,7.4e-6,0.0,0.0,0.0,0.0,0.0002954999999999983,0.4962006188223291,3.7115450378184563e-6,-1.7532216575110295e-15,7.003089603774271e-7,7.003089603774271e-7,2.789755034465923e-6,7.003089603774271e-7,NaN,diag_feasible,0,0,0,0,0,0,2,2.3420180361420892e-14,1.12.6,lbt,1,1,Intel(R) Core(TM) 7 150U,NT,6407b28
degen-r50-m1-d0.01-p2,100,AGD-SDAJ,1e-7*n,9.999999999999999e-6,2,13,0.0125096,0.0123031,98.34926776235852,0.0,7.4e-6,0.0,0.0,0.0,0.0,0.00019909999999999836,0.4962006188223291,3.7115450378184563e-6,-1.7532216575110295e-15,7.003089603774271e-7,7.003089603774271e-7,2.789755034465923e-6,7.003089603774271e-7,NaN,diag_feasible,0,0,0,0,0,0,2,2.3420180361420892e-14,1.12.6,lbt,1,1,Intel(R) Core(TM) 7 150U,NT,6407b28
degen-r50-m1-d0.01-p2,100,Dykstra-APM,1e-7*n,9.999999999999999e-6,17,17,0.017392,0.0162852,93.63615455381783,0.0,0.0,0.0,0.0,0.0007189,0.0,0.00038790000000000157,0.49619763630345903,7.552583769397149e-6,-1.4837090098284454e-15,1.0058485331310152e-6,1.0058485331310152e-6,5.281121005066874e-6,1.0058485331310152e-6,NaN,diag_feasible,0,0,0,0,0,0,17,2.3420180361420892e-14,1.12.6,lbt,1,1,Intel(R) Core(TM) 7 150U,NT,6407b28
degen-r50-m1-d0.01-p2,100,Anderson-APM,1e-7*n,9.999999999999999e-6,8,8,0.0139492,0.01173,84.09084391936456,0.0,0.0,0.0,0.0,0.0,0.0016562,0.0005629999999999993,0.4962040050760787,2.300935986507744e-6,-1.5853692946966361e-15,5.172682538967521e-7,5.172682538967521e-7,1.7526468392413008e-6,5.172682538967521e-7,NaN,diag_feasible,0,0,0,0,0,0,8,2.3420180361420892e-14,1.12.6,lbt,1,1,Intel(R) Core(TM) 7 150U,NT,6407b28
degen-r50-m1-d0.01-p3,100,SBB-Dual,1e-7*n,9.999999999999999e-6,6,7,0.0087281,0.0085229,97.64897285778117,7.5e-6,5.0e-6,3.11e-5,0.0,0.0,0.0,0.00016160000000000087,0.49635012586213045,2.7584733897647812e-6,-1.3901384567166018e-15,1.1404647961565928e-6,0.0,3.186694134050901e-6,1.1404647961565928e-6,20.0,diag_feasible,0,0,0,0,0,0,6,1.7706578043732106e-14,1.12.6,lbt,1,1,Intel(R) Core(TM) 7 150U,NT,6407b28
degen-r50-m1-d0.01-p3,100,Newton-SIN-BH,1e-7*n,9.999999999999999e-6,3,4,0.0053212,0.0041162,77.35473201533489,0.0,2.9e-6,0.0,0.0010243,0.0,0.0,0.00017779999999999966,0.49635012574040793,1.430525898841927e-9,-1.4380395283754888e-15,4.678433196403375e-10,4.678433196403375e-10,1.2213998476776018e-9,4.678433196403375e-10,NaN,converged,9,9,0,0,0,0,3,1.7706578043732106e-14,1.12.6,lbt,1,1,Intel(R) Core(TM) 7 150U,NT,6407b28
degen-r50-m1-d0.01-p3,100,Newton-SIN,1e-7*n,9.999999999999999e-6,3,7,0.0083452,0.0072494000000000005,86.86909840387288,0.0,3.8e-6,0.0,0.000968,0.0,0.0,0.0001240000000000001,0.49635012574040793,1.430525898841927e-9,-1.4380395283754888e-15,4.678433196403375e-10,4.678433196403375e-10,1.2213998476776018e-9,4.678433196403375e-10,NaN,converged,9,9,0,0,0,0,3,1.7706578043732106e-14,1.12.6,lbt,1,1,Intel(R) Core(TM) 7 150U,NT,6407b28
degen-r50-m1-d0.01-p3,100,AGD-SDAJ-BH,1e-7*n,9.999999999999999e-6,2,14,0.0216401,0.0212948,98.40435118137162,0.0,1.47e-5,0.0,0.0,0.0,0.0,0.0003305999999999998,0.49634674551516383,5.662550610498223e-6,-1.2283815538212645e-15,9.585438629500231e-7,9.585438629500231e-7,4.240060417137057e-6,9.585438629500231e-7,NaN,diag_feasible,0,0,1,1,0,0,2,1.7706578043732106e-14,1.12.6,lbt,1,1,Intel(R) Core(TM) 7 150U,NT,6407b28
degen-r50-m1-d0.01-p3,100,AGD-SDAJ,1e-7*n,9.999999999999999e-6,2,14,0.0274739,0.0270646,98.51022242928745,0.0,1.95e-5,0.0,0.0,0.0,0.0,0.0003897999999999979,0.49634674551516383,5.662550610498223e-6,-1.2283815538212645e-15,9.585438629500231e-7,9.585438629500231e-7,4.240060417137057e-6,9.585438629500231e-7,NaN,diag_feasible,0,0,1,1,0,0,2,1.7706578043732106e-14,1.12.6,lbt,1,1,Intel(R) Core(TM) 7 150U,NT,6407b28
degen-r50-m1-d0.01-p3,100,Dykstra-APM,1e-7*n,9.999999999999999e-6,17,17,0.0225423,0.0211277,93.72468647830965,0.0,0.0,0.0,0.0,0.000929,0.0,0.00048560000000000194,0.49634502179881723,7.4518014387938925e-6,-1.6641598883757693e-15,1.073783161276154e-6,1.073783161276154e-6,5.212729499923859e-6,1.073783161276154e-6,NaN,diag_feasible,0,0,0,0,0,0,17,1.7706578043732106e-14,1.12.6,lbt,1,1,Intel(R) Core(TM) 7 150U,NT,6407b28
degen-r50-m1-d0.01-p3,100,Anderson-APM,1e-7*n,9.999999999999999e-6,8,8,0.0116081,0.0098627,84.96394758832194,0.0,0.0,0.0,0.0,0.0,0.001171,0.0005743999999999994,0.4963512197577828,2.516185927068464e-6,-1.6226050592032318e-15,9.036517015781342e-7,9.036517015781342e-7,1.944508225605186e-6,9.036517015781342e-7,NaN,diag_feasible,0,0,0,0,0,0,8,1.7706578043732106e-14,1.12.6,lbt,1,1,Intel(R) Core(TM) 7 150U,NT,6407b28
degen-r50-m1-d0.01-p4,100,SBB-Dual,1e-7*n,9.999999999999999e-6,6,7,0.010203,0.0099808,97.82220915417034,9.7e-6,7.6e-6,3.48e-5,0.0,0.0,0.0,0.00017010000000000053,0.49598057814933716,3.3685983536288327e-6,-1.6159067688367363e-15,1.2984509435431946e-6,0.0,3.6652613778152085e-6,1.2984509435431946e-6,20.0,diag_feasible,0,0,0,0,0,0,6,1.7261022656281432e-14,1.12.6,lbt,1,1,Intel(R) Core(TM) 7 150U,NT,6407b28
degen-r50-m1-d0.01-p4,100,Newton-SIN-BH,1e-7*n,9.999999999999999e-6,3,4,0.007692,0.006008,78.1071242849714,0.0,4.6e-6,0.0,0.0014281,0.0,0.0,0.00025129999999999966,0.49598057803537254,1.3055884390313737e-9,-1.6396798744789087e-15,5.296842964241932e-10,5.296842964241932e-10,1.120286559836185e-9,5.296842964241932e-10,NaN,converged,9,9,0,0,0,0,3,1.7261022656281432e-14,1.12.6,lbt,1,1,Intel(R) Core(TM) 7 150U,NT,6407b28
degen-r50-m1-d0.01-p4,100,Newton-SIN,1e-7*n,9.999999999999999e-6,3,7,0.0131752,0.0114145,86.6362559961139,0.0,5.3e-6,0.0,0.0015721,0.0,0.0,0.0001833000000000004,0.49598057803537254,1.3055884390313737e-9,-1.6396798744789087e-15,5.296842964241932e-10,5.296842964241932e-10,1.120286559836185e-9,5.296842964241932e-10,NaN,converged,9,9,0,0,0,0,3,1.7261022656281432e-14,1.12.6,lbt,1,1,Intel(R) Core(TM) 7 150U,NT,6407b28
degen-r50-m1-d0.01-p4,100,AGD-SDAJ-BH,1e-7*n,9.999999999999999e-6,2,13,0.0125298,0.012321400000000001,98.33676515187794,0.0,6.6e-6,0.0,0.0,0.0,0.0,0.0002017999999999992,0.49597862952532945,3.2174216573763384e-6,-1.9616297886899146e-15,5.602857580111475e-7,5.602857580111475e-7,2.393662614036282e-6,5.602857580111475e-7,NaN,diag_feasible,0,0,0,0,0,0,2,1.7261022656281432e-14,1.12.6,lbt,1,1,Intel(R) Core(TM) 7 150U,NT,6407b28
degen-r50-m1-d0.01-p4,100,AGD-SDAJ,1e-7*n,9.999999999999999e-6,2,13,0.0127,0.0125052,98.46614173228346,0.0,7.3e-6,0.0,0.0,0.0,0.0,0.0001875000000000002,0.49597862952532945,3.2174216573763384e-6,-1.9616297886899146e-15,5.602857580111475e-7,5.602857580111475e-7,2.393662614036282e-6,5.602857580111475e-7,NaN,diag_feasible,0,0,0,0,0,0,2,1.7261022656281432e-14,1.12.6,lbt,1,1,Intel(R) Core(TM) 7 150U,NT,6407b28
degen-r50-m1-d0.01-p4,100,Dykstra-APM,1e-7*n,9.999999999999999e-6,17,17,0.0287403,0.0270331,94.05990890839692,0.0,0.0,0.0,0.0,0.0010944,0.0,0.0006127999999999991,0.49597520360671465,7.849431245860228e-6,-1.5704055443206446e-15,9.977461774557383e-7,9.977461774557383e-7,5.484272895845533e-6,9.977461774557383e-7,NaN,diag_feasible,0,0,0,0,0,0,17,1.7261022656281432e-14,1.12.6,lbt,1,1,Intel(R) Core(TM) 7 150U,NT,6407b28
degen-r50-m1-d0.01-p4,100,Anderson-APM,1e-7*n,9.999999999999999e-6,8,8,0.009092,0.0076524,84.16630004399472,0.0,0.0,0.0,0.0,0.0,0.0009894,0.0004501999999999991,0.4959818718708412,2.494868437136668e-6,-1.5033698067601063e-15,7.142555803474337e-7,7.142555803474337e-7,1.9093885080796746e-6,7.142555803474337e-7,NaN,diag_feasible,0,0,0,0,0,0,8,1.7261022656281432e-14,1.12.6,lbt,1,1,Intel(R) Core(TM) 7 150U,NT,6407b28
degen-r50-m1-d0.0001-p0,100,SBB-Dual,1e-7*n,9.999999999999999e-6,6,7,0.0071488,0.0069792,97.62757385854968,6.3e-6,4.7e-6,3.04e-5,0.0,0.0,0.0,0.00012820000000000065,0.49749367573357467,2.184560625794689e-6,-1.419374847915658e-15,1.1709363693102048e-6,0.0,2.687570225876036e-6,1.1709363693102048e-6,20.0,diag_feasible,0,0,0,0,0,0,6,6.445253448036163e-14,1.12.6,lbt,1,1,Intel(R) Core(TM) 7 150U,NT,6407b28
degen-r50-m1-d0.0001-p0,100,Newton-SIN-BH,1e-7*n,9.999999999999999e-6,3,4,0.0065113,0.0052896,81.23723373212722,0.0,4.3e-6,0.0,0.001038,0.0,0.0,0.00017939999999999992,0.49749366771470643,6.68260150537376e-8,-1.5640692940840003e-15,2.0092017605222168e-8,2.0092017605222168e-8,5.608910418106398e-8,2.0092017605222168e-8,NaN,converged,7,7,0,0,0,0,3,6.445253448036163e-14,1.12.6,lbt,1,1,Intel(R) Core(TM) 7 150U,NT,6407b28
degen-r50-m1-d0.0001-p0,100,Newton-SIN,1e-7*n,9.999999999999999e-6,3,7,0.0113208,0.010089800000000001,89.12621016182604,0.0,4.5e-6,0.0,0.0010842,0.0,0.0,0.0001422999999999995,0.49749366771470643,6.68260150537376e-8,-1.5640692940840003e-15,2.0092017605222168e-8,2.0092017605222168e-8,5.608910418106398e-8,2.0092017605222168e-8,NaN,converged,7,7,0,0,0,0,3,6.445253448036163e-14,1.12.6,lbt,1,1,Intel(R) Core(TM) 7 150U,NT,6407b28
degen-r50-m1-d0.0001-p0,100,AGD-SDAJ-BH,1e-7*n,9.999999999999999e-6,2,9,0.0087083,0.0085591,98.28669200647657,0.0,4.5e-6,0.0,0.0,0.0,0.0,0.00014470000000000037,0.4974952678495518,1.0286143457830682e-5,-1.4097259991972288e-15,4.439590850169317e-6,4.439590850169317e-6,8.543816244419578e-6,4.439590850169317e-6,NaN,diag_feasible_at_xpre,0,0,0,0,0,0,2,6.445253448036163e-14,1.12.6,lbt,1,1,Intel(R) Core(TM) 7 150U,NT,6407b28
degen-r50-m1-d0.0001-p0,100,AGD-SDAJ,1e-7*n,9.999999999999999e-6,2,9,0.0129495,0.012724099999999999,98.2593922545272,0.0,7.7e-6,0.0,0.0,0.0,0.0,0.0002177000000000006,0.4974952678495518,1.0286143457830682e-5,-1.4097259991972288e-15,4.439590850169317e-6,4.439590850169317e-6,8.543816244419578e-6,4.439590850169317e-6,NaN,diag_feasible_at_xpre,0,0,0,0,0,0,2,6.445253448036163e-14,1.12.6,lbt,1,1,Intel(R) Core(TM) 7 150U,NT,6407b28
degen-r50-m1-d0.0001-p0,100,Dykstra-APM,1e-7*n,9.999999999999999e-6,16,16,0.0185832,0.0173932,93.59636661070215,0.0,0.0,0.0,0.0,0.0007522,0.0,0.0004378000000000001,0.4974848096915325,1.3139135424019474e-5,-1.5532704018395678e-15,2.332304247731898e-6,2.332304247731898e-6,9.18780168606411e-6,2.332304247731898e-6,NaN,diag_feasible,0,0,0,0,0,0,16,6.445253448036163e-14,1.12.6,lbt,1,1,Intel(R) Core(TM) 7 150U,NT,6407b28
degen-r50-m1-d0.0001-p0,100,Anderson-APM,1e-7*n,9.999999999999999e-6,8,8,0.012588,0.0106654,84.72672386399746,0.0,0.0,0.0,0.0,0.0,0.0013159,0.0006067,0.49749144601400835,3.3490764310797354e-6,-1.4336307317807208e-15,4.95640893882765e-7,4.95640893882765e-7,2.4075860810244473e-6,4.95640893882765e-7,NaN,diag_feasible,0,0,0,0,0,0,8,6.445253448036163e-14,1.12.6,lbt,1,1,Intel(R) Core(TM) 7 150U,NT,6407b28
degen-r50-m1-d0.0001-p1,100,SBB-Dual,1e-7*n,9.999999999999999e-6,6,7,0.0130775,0.012901,98.6503536608679,7.2e-6,5.0e-6,2.96e-5,0.0,0.0,0.0,0.00013470000000000127,0.49767793180975556,1.7037321823350864e-6,-1.4579553573809141e-15,1.4591308618028265e-6,0.0,2.1601473527173587e-6,1.4591308618028265e-6,20.0,diag_feasible,0,0,0,0,0,0,6,2.600032341951682e-14,1.12.6,lbt,1,1,Intel(R) Core(TM) 7 150U,NT,6407b28
degen-r50-m1-d0.0001-p1,100,Newton-SIN-BH,1e-7*n,9.999999999999999e-6,3,4,0.0049373,0.0039982,80.97948271322383,0.0,2.9e-6,0.0,0.0007785,0.0,0.0,0.00015769999999999998,0.4976779243035009,5.3659664841930484e-8,-1.495293570313042e-15,2.0153019142377104e-8,2.0153019142377104e-8,4.5746068215103666e-8,2.0153019142377104e-8,NaN,converged,7,7,0,0,0,0,3,2.600032341951682e-14,1.12.6,lbt,1,1,Intel(R) Core(TM) 7 150U,NT,6407b28
degen-r50-m1-d0.0001-p1,100,Newton-SIN,1e-7*n,9.999999999999999e-6,3,7,0.0096719,0.0086467,89.40022125952501,0.0,4.4e-6,0.0,0.0008674,0.0,0.0,0.00015340000000000026,0.4976779243035009,5.3659664841930484e-8,-1.495293570313042e-15,2.0153019142377104e-8,2.0153019142377104e-8,4.5746068215103666e-8,2.0153019142377104e-8,NaN,converged,7,7,0,0,0,0,3,2.600032341951682e-14,1.12.6,lbt,1,1,Intel(R) Core(TM) 7 150U,NT,6407b28
degen-r50-m1-d0.0001-p1,100,AGD-SDAJ-BH,1e-7*n,9.999999999999999e-6,2,11,0.0153527,0.015068400000000001,98.14820845844706,0.0,8.9e-6,0.0,0.0,0.0,0.0,0.0002753999999999995,0.49767865846857984,2.561622734727537e-6,-1.5779536092004422e-15,1.398130061724956e-6,1.398130061724956e-6,2.1079542885584875e-6,1.398130061724956e-6,NaN,diag_feasible_at_xpre,0,0,0,0,0,0,2,2.600032341951682e-14,1.12.6,lbt,1,1,Intel(R) Core(TM) 7 150U,NT,6407b28
degen-r50-m1-d0.0001-p1,100,AGD-SDAJ,1e-7*n,9.999999999999999e-6,2,11,0.0113892,0.0112175,98.49243142626348,0.0,5.6e-6,0.0,0.0,0.0,0.0,0.00016610000000000032,0.49767865846857984,2.561622734727537e-6,-1.5779536092004422e-15,1.398130061724956e-6,1.398130061724956e-6,2.1079542885584875e-6,1.398130061724956e-6,NaN,diag_feasible_at_xpre,0,0,0,0,0,0,2,2.600032341951682e-14,1.12.6,lbt,1,1,Intel(R) Core(TM) 7 150U,NT,6407b28
degen-r50-m1-d0.0001-p1,100,Dykstra-APM,1e-7*n,9.999999999999999e-6,16,16,0.0180651,0.0163101,90.28513542687281,0.0,0.0,0.0,0.0,0.0013975,0.0,0.00035749999999999953,0.4976695167000561,1.2330405322131876e-5,-1.7795578076523997e-15,2.0127058852903446e-6,2.0127058852903446e-6,8.639774483799479e-6,2.0127058852903446e-6,NaN,diag_feasible,0,0,0,0,0,0,16,2.600032341951682e-14,1.12.6,lbt,1,1,Intel(R) Core(TM) 7 150U,NT,6407b28
degen-r50-m1-d0.0001-p1,100,Anderson-APM,1e-7*n,9.999999999999999e-6,8,8,0.0136129,0.0113108,83.08883485517413,0.0,0.0,0.0,0.0,0.0,0.0016883,0.0006138000000000014,0.49767634013623796,2.5270401122074506e-6,-1.5752769905676572e-15,4.078989330746907e-7,4.078989330746907e-7,1.8582246852940402e-6,4.078989330746907e-7,NaN,diag_feasible,0,0,0,0,0,0,8,2.600032341951682e-14,1.12.6,lbt,1,1,Intel(R) Core(TM) 7 150U,NT,6407b28
degen-r50-m1-d0.0001-p2,100,SBB-Dual,1e-7*n,9.999999999999999e-6,6,7,0.0070001,0.0068416,97.73574663219097,5.2e-6,4.1e-6,3.46e-5,0.0,0.0,0.0,0.00011460000000000067,0.49704152283059067,1.8387745989430592e-6,-1.6213910419185227e-15,1.1454882022920998e-6,0.0,2.310163698641631e-6,1.1454882022920998e-6,20.0,diag_feasible,0,0,0,0,0,0,6,2.052291630421466e-14,1.12.6,lbt,1,1,Intel(R) Core(TM) 7 150U,NT,6407b28
degen-r50-m1-d0.0001-p2,100,Newton-SIN-BH,1e-7*n,9.999999999999999e-6,3,4,0.0049812,0.004009,80.48261463101262,0.0,3.6e-6,0.0,0.0008054,0.0,0.0,0.00016319999999999952,0.4970415161751598,6.772724069623566e-8,-1.6804180318080021e-15,2.9151680069894326e-8,2.9151680069894326e-8,5.7512657414282974e-8,2.9151680069894326e-8,NaN,converged,7,7,0,0,0,0,3,2.052291630421466e-14,1.12.6,lbt,1,1,Intel(R) Core(TM) 7 150U,NT,6407b28
degen-r50-m1-d0.0001-p2,100,Newton-SIN,1e-7*n,9.999999999999999e-6,3,7,0.0086562,0.006965000000000001,80.46255862849752,0.0,3.4e-6,0.0,0.0015652,0.0,0.0,0.00012259999999999853,0.4970415161751598,6.772724069623566e-8,-1.6804180318080021e-15,2.9151680069894326e-8,2.9151680069894326e-8,5.7512657414282974e-8,2.9151680069894326e-8,NaN,converged,7,7,0,0,0,0,3,2.052291630421466e-14,1.12.6,lbt,1,1,Intel(R) Core(TM) 7 150U,NT,6407b28
degen-r50-m1-d0.0001-p2,100,AGD-SDAJ-BH,1e-7*n,9.999999999999999e-6,2,11,0.0106135,0.010432799999999999,98.2974513591181,0.0,5.3e-6,0.0,0.0,0.0,0.0,0.00017540000000000066,0.49704146132800414,2.8242751459080678e-6,-1.81300214528823e-15,1.269095045497437e-6,1.269095045497437e-6,2.3765827967208717e-6,1.269095045497437e-6,NaN,diag_feasible_at_xpre,0,0,0,0,0,0,2,2.052291630421466e-14,1.12.6,lbt,1,1,Intel(R) Core(TM) 7 150U,NT,6407b28
degen-r50-m1-d0.0001-p2,100,AGD-SDAJ,1e-7*n,9.999999999999999e-6,2,11,0.0158934,0.015624800000000001,98.30999031044334,0.0,9.0e-6,0.0,0.0,0.0,0.0,0.0002595999999999973,0.49704146132800414,2.8242751459080678e-6,-1.81300214528823e-15,1.269095045497437e-6,1.269095045497437e-6,2.3765827967208717e-6,1.269095045497437e-6,NaN,diag_feasible_at_xpre,0,0,0,0,0,0,2,2.052291630421466e-14,1.12.6,lbt,1,1,Intel(R) Core(TM) 7 150U,NT,6407b28
degen-r50-m1-d0.0001-p2,100,Dykstra-APM,1e-7*n,9.999999999999999e-6,16,16,0.0187675,0.0177106,94.36845610763288,0.0,0.0,0.0,0.0,0.0006425,0.0,0.00041439999999999956,0.49703258718419246,1.306511607155851e-5,-2.018748015204485e-15,1.7593545895699947e-6,1.7593545895699947e-6,9.13587879581074e-6,1.7593545895699947e-6,NaN,diag_feasible,0,0,0,0,0,0,16,2.052291630421466e-14,1.12.6,lbt,1,1,Intel(R) Core(TM) 7 150U,NT,6407b28
degen-r50-m1-d0.0001-p2,100,Anderson-APM,1e-7*n,9.999999999999999e-6,8,8,0.0088304,0.0074527,84.39821525638702,0.0,0.0,0.0,0.0,0.0,0.0009501,0.00042760000000000085,0.49703971717607304,2.724522535401907e-6,-1.7018274065799645e-15,3.8634694377037704e-7,3.8634694377037704e-7,1.955977680061562e-6,3.8634694377037704e-7,NaN,diag_feasible,0,0,0,0,0,0,8,2.052291630421466e-14,1.12.6,lbt,1,1,Intel(R) Core(TM) 7 150U,NT,6407b28
degen-r50-m1-d0.0001-p3,100,SBB-Dual,1e-7*n,9.999999999999999e-6,6,7,0.0108897,0.010657400000000001,97.86679155532293,9.3e-6,7.4e-6,3.93e-5,0.0,0.0,0.0,0.00017629999999999951,0.49718200624709297,1.7941810588188278e-6,-1.5168064607820313e-15,1.0893734356809404e-6,0.0,2.4000367749070885e-6,1.0893734356809404e-6,20.0,diag_feasible,0,0,0,0,0,0,6,1.925300869454868e-14,1.12.6,lbt,1,1,Intel(R) Core(TM) 7 150U,NT,6407b28
degen-r50-m1-d0.0001-p3,100,Newton-SIN-BH,1e-7*n,9.999999999999999e-6,3,4,0.0054738,0.004375,79.92619386897586,0.0,3.8e-6,0.0,0.0009209,0.0,0.0,0.00017409999999999962,0.49718199692611387,7.927740661522817e-8,-1.637369943865162e-15,3.3462247639448606e-8,3.3462247639448606e-8,6.726748521988917e-8,3.3462247639448606e-8,NaN,converged,7,7,0,0,0,0,3,1.925300869454868e-14,1.12.6,lbt,1,1,Intel(R) Core(TM) 7 150U,NT,6407b28
degen-r50-m1-d0.0001-p3,100,Newton-SIN,1e-7*n,9.999999999999999e-6,3,7,0.0075949,0.0067174,88.44619415660509,0.0,3.0e-6,0.0,0.0007619,0.0,0.0,0.00011259999999999981,0.49718199692611387,7.927740661522817e-8,-1.637369943865162e-15,3.3462247639448606e-8,3.3462247639448606e-8,6.726748521988917e-8,3.3462247639448606e-8,NaN,converged,7,7,0,0,0,0,3,1.925300869454868e-14,1.12.6,lbt,1,1,Intel(R) Core(TM) 7 150U,NT,6407b28
degen-r50-m1-d0.0001-p3,100,AGD-SDAJ-BH,1e-7*n,9.999999999999999e-6,2,9,0.0086826,0.0085322,98.26779996775159,0.0,4.7e-6,0.0,0.0,0.0,0.0,0.00014570000000000018,0.4971829922547842,9.450839639118188e-6,-1.5310050121730555e-15,2.941187925431521e-6,2.941187925431521e-6,7.987983764821882e-6,2.941187925431521e-6,NaN,diag_feasible_at_xpre,0,0,0,0,0,0,2,1.925300869454868e-14,1.12.6,lbt,1,1,Intel(R) Core(TM) 7 150U,NT,6407b28
degen-r50-m1-d0.0001-p3,100,AGD-SDAJ,1e-7*n,9.999999999999999e-6,2,9,0.0089518,0.0087934,98.23052347014008,0.0,5.3e-6,0.0,0.0,0.0,0.0,0.00015309999999999952,0.4971829922547842,9.450839639118188e-6,-1.5310050121730555e-15,2.941187925431521e-6,2.941187925431521e-6,7.987983764821882e-6,2.941187925431521e-6,NaN,diag_feasible_at_xpre,0,0,0,0,0,0,2,1.925300869454868e-14,1.12.6,lbt,1,1,Intel(R) Core(TM) 7 150U,NT,6407b28
degen-r50-m1-d0.0001-p3,100,Dykstra-APM,1e-7*n,9.999999999999999e-6,16,16,0.0175653,0.0165608,94.281338775882,0.0,0.0,0.0,0.0,0.0006535,0.0,0.00035099999999999845,0.4971731938221977,1.2906838708811408e-5,-1.680402445334404e-15,1.8516697988246733e-6,1.8516697988246733e-6,9.028647335907824e-6,1.8516697988246733e-6,NaN,diag_feasible,0,0,0,0,0,0,16,1.925300869454868e-14,1.12.6,lbt,1,1,Intel(R) Core(TM) 7 150U,NT,6407b28
degen-r50-m1-d0.0001-p3,100,Anderson-APM,1e-7*n,9.999999999999999e-6,8,8,0.0113385,0.0095914,84.59143625700048,0.0,0.0,0.0,0.0,0.0,0.0012486,0.0004984999999999996,0.4971801335470443,2.808249732784096e-6,-1.6643411657390159e-15,4.148993693053882e-7,4.148993693053882e-7,2.0115890144001825e-6,4.148993693053882e-7,NaN,diag_feasible,0,0,0,0,0,0,8,1.925300869454868e-14,1.12.6,lbt,1,1,Intel(R) Core(TM) 7 150U,NT,6407b28
degen-r50-m1-d0.0001-p4,100,SBB-Dual,1e-7*n,9.999999999999999e-6,6,7,0.0080406,0.0078651,97.8173270651444,6.7e-6,5.0e-6,3.04e-5,0.0,0.0,0.0,0.0001334000000000003,0.4968003252404364,1.993861043468045e-6,-1.6231178924962429e-15,1.2293035306365496e-6,0.0,2.479383504303633e-6,1.2293035306365496e-6,20.0,diag_feasible,0,0,0,0,0,0,6,3.579862453204684e-14,1.12.6,lbt,1,1,Intel(R) Core(TM) 7 150U,NT,6407b28
degen-r50-m1-d0.0001-p4,100,Newton-SIN-BH,1e-7*n,9.999999999999999e-6,3,4,0.0052752,0.004328,82.04428268122537,0.0,3.6e-6,0.0,0.0007732,0.0,0.0,0.0001703999999999996,0.4968003224490744,6.36421370045958e-8,-1.5822766335270988e-15,1.8402880441747982e-8,1.8402880441747982e-8,5.4639752302560505e-8,1.8402880441747982e-8,NaN,converged,7,7,0,0,0,0,3,3.579862453204684e-14,1.12.6,lbt,1,1,Intel(R) Core(TM) 7 150U,NT,6407b28
degen-r50-m1-d0.0001-p4,100,Newton-SIN,1e-7*n,9.999999999999999e-6,3,7,0.0086015,0.0075677999999999995,87.98232866360519,0.0,2.9e-6,0.0,0.0009241,0.0,0.0,0.00010670000000000037,0.4968003224490744,6.36421370045958e-8,-1.5822766335270988e-15,1.8402880441747982e-8,1.8402880441747982e-8,5.4639752302560505e-8,1.8402880441747982e-8,NaN,converged,7,7,0,0,0,0,3,3.579862453204684e-14,1.12.6,lbt,1,1,Intel(R) Core(TM) 7 150U,NT,6407b28
degen-r50-m1-d0.0001-p4,100,AGD-SDAJ-BH,1e-7*n,9.999999999999999e-6,2,11,0.0106429,0.0104644,98.32282554566895,0.0,6.9e-6,0.0,0.0,0.0,0.0,0.00017159999999999983,0.4968009972392264,3.427602353397322e-6,-1.8462250648622346e-15,1.562571716240413e-6,1.562571716240413e-6,2.8785773162672636e-6,1.562571716240413e-6,NaN,diag_feasible_at_xpre,0,0,0,0,0,0,2,3.579862453204684e-14,1.12.6,lbt,1,1,Intel(R) Core(TM) 7 150U,NT,6407b28
degen-r50-m1-d0.0001-p4,100,AGD-SDAJ,1e-7*n,9.999999999999999e-6,2,11,0.0122676,0.0120549,98.2661645309596,0.0,6.7e-6,0.0,0.0,0.0,0.0,0.0002059999999999997,0.4968009972392264,3.427602353397322e-6,-1.8462250648622346e-15,1.562571716240413e-6,1.562571716240413e-6,2.8785773162672636e-6,1.562571716240413e-6,NaN,diag_feasible_at_xpre,0,0,0,0,0,0,2,3.579862453204684e-14,1.12.6,lbt,1,1,Intel(R) Core(TM) 7 150U,NT,6407b28
degen-r50-m1-d0.0001-p4,100,Dykstra-APM,1e-7*n,9.999999999999999e-6,16,16,0.0162458,0.0152676,93.97875143113912,0.0,0.0,0.0,0.0,0.0006179,0.0,0.000360300000000002,0.49679096103243736,1.373071350655731e-5,-1.742834851491554e-15,1.771826402041654e-6,1.771826402041654e-6,9.59376659429799e-6,1.771826402041654e-6,NaN,diag_feasible,0,0,0,0,0,0,16,3.579862453204684e-14,1.12.6,lbt,1,1,Intel(R) Core(TM) 7 150U,NT,6407b28
degen-r50-m1-d0.0001-p4,100,Anderson-APM,1e-7*n,9.999999999999999e-6,8,8,0.0144301,0.0121333,84.0832703862066,0.0,0.0,0.0,0.0,0.0,0.0017423,0.0005544999999999999,0.4967987449829797,2.4093685179864544e-6,-1.2541748889059625e-15,3.8551842385103896e-7,3.8551842385103896e-7,1.7449095896934366e-6,3.8551842385103896e-7,NaN,diag_feasible,0,0,0,0,0,0,8,3.579862453204684e-14,1.12.6,lbt,1,1,Intel(R) Core(TM) 7 150U,NT,6407b28
degen-r50-m1-d1e-06-p0,100,SBB-Dual,1e-7*n,9.999999999999999e-6,6,7,0.0075569,0.007379200000000001,97.64850666278501,6.3e-6,4.8e-6,3.28e-5,0.0,0.0,0.0,0.0001337999999999994,0.49750297288364953,1.8961688291299718e-6,-1.4879175995674616e-15,1.3202987677596312e-6,0.0,2.4646165028286727e-6,1.3202987677596312e-6,20.0,diag_feasible,0,0,0,0,0,0,6,6.522586253564168e-14,1.12.6,lbt,1,1,Intel(R) Core(TM) 7 150U,NT,6407b28
degen-r50-m1-d1e-06-p0,100,Newton-SIN-BH,1e-7*n,9.999999999999999e-6,3,4,0.0051711,0.0042189,81.58612287521032,0.0,3.2e-6,0.0,0.0007803,0.0,0.0,0.00016869999999999938,0.49750287758456185,2.637752183152538e-7,-1.6850226110317333e-15,1.503686428705464e-7,1.503686428705464e-7,2.1257855709849113e-7,1.503686428705464e-7,NaN,converged,7,7,0,0,0,0,3,6.522586253564168e-14,1.12.6,lbt,1,1,Intel(R) Core(TM) 7 150U,NT,6407b28
degen-r50-m1-d1e-06-p0,100,Newton-SIN,1e-7*n,9.999999999999999e-6,3,7,0.0119566,0.0106413,88.99938109496011,0.0,5.1e-6,0.0,0.0011371,0.0,0.0,0.00017310000000000003,0.49750287758456185,2.637752183152538e-7,-1.6850226110317333e-15,1.503686428705464e-7,1.503686428705464e-7,2.1257855709849113e-7,1.503686428705464e-7,NaN,converged,7,7,0,0,0,0,3,6.522586253564168e-14,1.12.6,lbt,1,1,Intel(R) Core(TM) 7 150U,NT,6407b28
degen-r50-m1-d1e-06-p0,100,AGD-SDAJ-BH,1e-7*n,9.999999999999999e-6,2,9,0.0144862,0.0142469,98.34808300313402,0.0,9.5e-6,0.0,0.0,0.0,0.0,0.00022979999999999957,0.49750480868330077,1.0390923975061556e-5,-1.6544282768142673e-15,4.457952451519809e-6,4.457952451519809e-6,8.612583011746222e-6,4.457952451519809e-6,NaN,diag_feasible_at_xpre,0,0,0,0,0,0,2,6.522586253564168e-14,1.12.6,lbt,1,1,Intel(R) Core(TM) 7 150U,NT,6407b28
degen-r50-m1-d1e-06-p0,100,AGD-SDAJ,1e-7*n,9.999999999999999e-6,2,9,0.0089663,0.0087995,98.13970087996164,0.0,5.4e-6,0.0,0.0,0.0,0.0,0.00016139999999999994,0.49750480868330077,1.0390923975061556e-5,-1.6544282768142673e-15,4.457952451519809e-6,4.457952451519809e-6,8.612583011746222e-6,4.457952451519809e-6,NaN,diag_feasible_at_xpre,0,0,0,0,0,0,2,6.522586253564168e-14,1.12.6,lbt,1,1,Intel(R) Core(TM) 7 150U,NT,6407b28
degen-r50-m1-d1e-06-p0,100,Dykstra-APM,1e-7*n,9.999999999999999e-6,16,16,0.0238521,0.0216083,90.59286184444976,0.0,0.0,0.0,0.0,0.0008411,0.0,0.0014027000000000006,0.49749496038675806,1.1858324678082111e-5,-1.392502982818496e-15,2.221856188810989e-6,2.221856188810989e-6,8.337085007803587e-6,2.221856188810989e-6,NaN,diag_feasible,0,0,0,0,0,0,16,6.522586253564168e-14,1.12.6,lbt,1,1,Intel(R) Core(TM) 7 150U,NT,6407b28
degen-r50-m1-d1e-06-p0,100,Anderson-APM,1e-7*n,9.999999999999999e-6,8,8,0.0090829,0.0076464,84.1845666031774,0.0,0.0,0.0,0.0,0.0,0.0009944,0.0004420999999999993,0.49750162395113007,2.1962270823903327e-6,-1.560874934609973e-15,3.9165561105392044e-7,3.9165561105392044e-7,1.635293684851711e-6,3.9165561105392044e-7,NaN,diag_feasible,0,0,0,0,0,0,8,6.522586253564168e-14,1.12.6,lbt,1,1,Intel(R) Core(TM) 7 150U,NT,6407b28
degen-r50-m1-d1e-06-p1,100,SBB-Dual,1e-7*n,9.999999999999999e-6,6,7,0.0083889,0.0082048,97.80543337028693,6.3e-6,4.6e-6,3.24e-5,0.0,0.0,0.0,0.00014079999999999955,0.49768725399530583,1.5040751736835399e-6,-1.572142802923205e-15,1.632574422205657e-6,0.0,2.08027250194486e-6,1.632574422205657e-6,20.0,diag_feasible,0,0,0,0,0,0,6,7.67147239581922e-14,1.12.6,lbt,1,1,Intel(R) Core(TM) 7 150U,NT,6407b28
degen-r50-m1-d1e-06-p1,100,Newton-SIN-BH,1e-7*n,9.999999999999999e-6,3,4,0.0068876,0.0055692,80.8583541436785,0.0,4.2e-6,0.0,0.0011253,0.0,0.0,0.00018889999999999988,0.497687156629231,2.453479277128717e-7,-1.6562692627336016e-15,8.752479430107485e-8,8.752479430107485e-8,1.9628166312397495e-7,8.752479430107485e-8,NaN,converged,7,7,0,0,0,0,3,7.67147239581922e-14,1.12.6,lbt,1,1,Intel(R) Core(TM) 7 150U,NT,6407b28
degen-r50-m1-d1e-06-p1,100,Newton-SIN,1e-7*n,9.999999999999999e-6,3,7,0.0121683,0.0108441,89.11762530509604,0.0,4.9e-6,0.0,0.0011269,0.0,0.0,0.00019239999999999947,0.497687156629231,2.453479277128717e-7,-1.6562692627336016e-15,8.752479430107485e-8,8.752479430107485e-8,1.9628166312397495e-7,8.752479430107485e-8,NaN,converged,7,7,0,0,0,0,3,7.67147239581922e-14,1.12.6,lbt,1,1,Intel(R) Core(TM) 7 150U,NT,6407b28
degen-r50-m1-d1e-06-p1,100,AGD-SDAJ-BH,1e-7*n,9.999999999999999e-6,2,11,0.0124772,0.0122629,98.28246722020967,0.0,6.4e-6,0.0,0.0,0.0,0.0,0.0002079000000000006,0.497688082668682,2.630871911059043e-6,-1.6303501058028939e-15,1.3512396841441898e-6,1.3512396841441898e-6,2.153195646331341e-6,1.3512396841441898e-6,NaN,diag_feasible_at_xpre,0,0,0,0,0,0,2,7.67147239581922e-14,1.12.6,lbt,1,1,Intel(R) Core(TM) 7 150U,NT,6407b28
degen-r50-m1-d1e-06-p1,100,AGD-SDAJ,1e-7*n,9.999999999999999e-6,2,11,0.0130658,0.0128383,98.25881308454132,0.0,8.3e-6,0.0,0.0,0.0,0.0,0.00021920000000000026,0.497688082668682,2.630871911059043e-6,-1.6303501058028939e-15,1.3512396841441898e-6,1.3512396841441898e-6,2.153195646331341e-6,1.3512396841441898e-6,NaN,diag_feasible_at_xpre,0,0,0,0,0,0,2,7.67147239581922e-14,1.12.6,lbt,1,1,Intel(R) Core(TM) 7 150U,NT,6407b28
degen-r50-m1-d1e-06-p1,100,Dykstra-APM,1e-7*n,9.999999999999999e-6,16,16,0.0202644,0.019027,93.89372495608062,0.0,0.0,0.0,0.0,0.000778,0.0,0.00045939999999999957,0.49767966734699215,1.108692746230532e-5,-1.2582995829820382e-15,1.8792361369257549e-6,1.8792361369257549e-6,7.808483018398101e-6,1.8792361369257549e-6,NaN,diag_feasible,0,0,0,0,0,0,16,7.67147239581922e-14,1.12.6,lbt,1,1,Intel(R) Core(TM) 7 150U,NT,6407b28
degen-r50-m1-d1e-06-p1,100,Anderson-APM,1e-7*n,9.999999999999999e-6,8,8,0.0091778,0.007741,84.34483209483754,0.0,0.0,0.0,0.0,0.0,0.000986,0.00045080000000000033,0.49768612908351967,1.949167224181488e-6,-1.6430104589711285e-15,3.3091826745490494e-7,3.3091826745490494e-7,1.475022721646717e-6,3.3091826745490494e-7,NaN,diag_feasible,0,0,0,0,0,0,8,7.67147239581922e-14,1.12.6,lbt,1,1,Intel(R) Core(TM) 7 150U,NT,6407b28
degen-r50-m1-d1e-06-p2,100,SBB-Dual,1e-7*n,9.999999999999999e-6,6,7,0.0095035,0.0092822,97.6713842268638,1.0e-5,6.9e-6,3.34e-5,0.0,0.0,0.0,0.00017099999999999893,0.49705085400966875,1.567420431704155e-6,-1.5222278913316945e-15,1.2739011382434384e-6,0.0,2.1226445500800627e-6,1.2739011382434384e-6,20.0,diag_feasible,0,0,0,0,0,0,6,3.142696061245355e-14,1.12.6,lbt,1,1,Intel(R) Core(TM) 7 150U,NT,6407b28
degen-r50-m1-d1e-06-p2,100,Newton-SIN-BH,1e-7*n,9.999999999999999e-6,3,4,0.0049311,0.0040314,81.75457808602543,0.0,3.1e-6,0.0,0.0007463,0.0,0.0,0.0001502999999999998,0.4970507593018294,2.6513905567466885e-7,-1.490667667856048e-15,1.0686317009067636e-7,1.0686317009067636e-7,2.1204922893564927e-7,1.0686317009067636e-7,NaN,converged,7,7,0,0,0,0,3,3.142696061245355e-14,1.12.6,lbt,1,1,Intel(R) Core(TM) 7 150U,NT,6407b28
degen-r50-m1-d1e-06-p2,100,Newton-SIN,1e-7*n,9.999999999999999e-6,3,7,0.0126337,0.0113808,90.082873584144,0.0,2.15e-5,0.0,0.0010586,0.0,0.0,0.00017279999999999943,0.4970507593018294,2.6513905567466885e-7,-1.490667667856048e-15,1.0686317009067636e-7,1.0686317009067636e-7,2.1204922893564927e-7,1.0686317009067636e-7,NaN,converged,7,7,0,0,0,0,3,3.142696061245355e-14,1.12.6,lbt,1,1,Intel(R) Core(TM) 7 150U,NT,6407b28
degen-r50-m1-d1e-06-p2,100,AGD-SDAJ-BH,1e-7*n,9.999999999999999e-6,2,15,0.0142952,0.014071199999999999,98.43304046113381,0.0,7.3e-6,0.0,0.0,0.0,0.0,0.00021670000000000025,0.4970508221370494,1.7791733855341652e-6,-1.2699734593904915e-15,8.034802780887418e-7,8.034802780887418e-7,1.5274606382768963e-6,8.034802780887418e-7,NaN,diag_feasible,0,0,2,2,0,0,2,3.142696061245355e-14,1.12.6,lbt,1,1,Intel(R) Core(TM) 7 150U,NT,6407b28
degen-r50-m1-d1e-06-p2,100,AGD-SDAJ,1e-7*n,9.999999999999999e-6,2,15,0.0141734,0.013953499999999999,98.4485021236965,0.0,7.6e-6,0.0,0.0,0.0,0.0,0.0002123000000000003,0.4970508221370494,1.7791733855341652e-6,-1.2699734593904915e-15,8.034802780887418e-7,8.034802780887418e-7,1.5274606382768963e-6,8.034802780887418e-7,NaN,diag_feasible,0,0,2,2,0,0,2,3.142696061245355e-14,1.12.6,lbt,1,1,Intel(R) Core(TM) 7 150U,NT,6407b28
degen-r50-m1-d1e-06-p2,100,Dykstra-APM,1e-7*n,9.999999999999999e-6,16,16,0.0217885,0.020453,93.87061982238338,0.0,0.0,0.0,0.0,0.0008707,0.0,0.0004647999999999999,0.49704280265446416,1.171113721674108e-5,-1.541917048957323e-15,1.6793404293835579e-6,1.6793404293835579e-6,8.238230529091359e-6,1.6793404293835579e-6,NaN,diag_feasible,0,0,0,0,0,0,16,3.142696061245355e-14,1.12.6,lbt,1,1,Intel(R) Core(TM) 7 150U,NT,6407b28
degen-r50-m1-d1e-06-p2,100,Anderson-APM,1e-7*n,9.999999999999999e-6,8,8,0.0102474,0.0086266,84.1833050334719,0.0,0.0,0.0,0.0,0.0,0.0011421,0.0004787000000000003,0.49704985522208783,1.681053401368514e-6,-1.5326488317665564e-15,2.7837625804494337e-7,2.7837625804494337e-7,1.2651004547433408e-6,2.7837625804494337e-7,NaN,diag_feasible,0,0,0,0,0,0,8,3.142696061245355e-14,1.12.6,lbt,1,1,Intel(R) Core(TM) 7 150U,NT,6407b28
degen-r50-m1-d1e-06-p3,100,SBB-Dual,1e-7*n,9.999999999999999e-6,6,7,0.0087101,0.0085221,97.84158620452118,7.6e-6,5.4e-6,3.12e-5,0.0,0.0,0.0,0.00014380000000000068,0.4971912674882102,1.6483912526311801e-6,-1.818091910988052e-15,1.2918376396386932e-6,0.0,2.3343327229274843e-6,1.2918376396386932e-6,20.0,diag_feasible,0,0,0,0,0,0,6,4.731334965880131e-14,1.12.6,lbt,1,1,Intel(R) Core(TM) 7 150U,NT,6407b28
degen-r50-m1-d1e-06-p3,100,Newton-SIN-BH,1e-7*n,9.999999999999999e-6,3,4,0.0053499,0.0043576,81.45198975681788,0.0,3.1e-6,0.0,0.0008289,0.0,0.0,0.0001603000000000006,0.49719117117649075,2.696130280393282e-7,-1.505307841270671e-15,1.213080758066809e-7,1.213080758066809e-7,2.1562660012299014e-7,1.213080758066809e-7,NaN,converged,7,7,0,0,0,0,3,4.731334965880131e-14,1.12.6,lbt,1,1,Intel(R) Core(TM) 7 150U,NT,6407b28
degen-r50-m1-d1e-06-p3,100,Newton-SIN,1e-7*n,9.999999999999999e-6,3,7,0.0083843,0.0066817000000000005,79.69299762651623,0.0,3.9e-6,0.0,0.0007481,0.0,0.0,0.0009506000000000002,0.49719117117649075,2.696130280393282e-7,-1.505307841270671e-15,1.213080758066809e-7,1.213080758066809e-7,2.1562660012299014e-7,1.213080758066809e-7,NaN,converged,7,7,0,0,0,0,3,4.731334965880131e-14,1.12.6,lbt,1,1,Intel(R) Core(TM) 7 150U,NT,6407b28
degen-r50-m1-d1e-06-p3,100,AGD-SDAJ-BH,1e-7*n,9.999999999999999e-6,2,9,0.0089196,0.0087531,98.13332436432128,0.0,5.0e-6,0.0,0.0,0.0,0.0,0.00016149999999999997,0.4971925386902296,9.549571042606287e-6,-1.7514047075857127e-15,2.9141868875814936e-6,2.9141868875814936e-6,8.055886709000677e-6,2.9141868875814936e-6,NaN,diag_feasible_at_xpre,0,0,0,0,0,0,2,4.731334965880131e-14,1.12.6,lbt,1,1,Intel(R) Core(TM) 7 150U,NT,6407b28
degen-r50-m1-d1e-06-p3,100,AGD-SDAJ,1e-7*n,9.999999999999999e-6,2,9,0.0136141,0.013369899999999999,98.20627143916967,0.0,8.2e-6,0.0,0.0,0.0,0.0,0.0002360000000000017,0.4971925386902296,9.549571042606287e-6,-1.7514047075857127e-15,2.9141868875814936e-6,2.9141868875814936e-6,8.055886709000677e-6,2.9141868875814936e-6,NaN,diag_feasible_at_xpre,0,0,0,0,0,0,2,4.731334965880131e-14,1.12.6,lbt,1,1,Intel(R) Core(TM) 7 150U,NT,6407b28
degen-r50-m1-d1e-06-p3,100,Dykstra-APM,1e-7*n,9.999999999999999e-6,16,16,0.0228036,0.0215109,94.33115823817292,0.0,0.0,0.0,0.0,0.0008099,0.0,0.0004828000000000008,0.497183325537046,1.1570512069675402e-5,-1.7524031320407682e-15,1.6539179983343644e-6,1.6539179983343644e-6,8.141043855475153e-6,1.6539179983343644e-6,NaN,diag_feasible,0,0,0,0,0,0,16,4.731334965880131e-14,1.12.6,lbt,1,1,Intel(R) Core(TM) 7 150U,NT,6407b28
degen-r50-m1-d1e-06-p3,100,Anderson-APM,1e-7*n,9.999999999999999e-6,8,8,0.0105245,0.0089459,85.00071262292747,0.0,0.0,0.0,0.0,0.0,0.0011135,0.00046509999999999954,0.49719015600962685,1.7865680334875106e-6,-1.3697164919384929e-15,2.9871056783647987e-7,2.9871056783647987e-7,1.324695401973032e-6,2.9871056783647987e-7,NaN,diag_feasible,0,0,0,0,0,0,8,4.731334965880131e-14,1.12.6,lbt,1,1,Intel(R) Core(TM) 7 150U,NT,6407b28
degen-r50-m1-d1e-06-p4,100,SBB-Dual,1e-7*n,9.999999999999999e-6,6,7,0.008486,0.0082979,97.78340796606174,7.8e-6,5.0e-6,3.25e-5,0.0,0.0,0.0,0.00014280000000000006,0.49680946365322964,1.705367370222212e-6,-1.6134301048353121e-15,1.2763544319227549e-6,0.0,2.228729793658781e-6,1.2763544319227549e-6,20.0,diag_feasible,0,0,0,0,0,0,6,4.394478150967053e-14,1.12.6,lbt,1,1,Intel(R) Core(TM) 7 150U,NT,6407b28
degen-r50-m1-d1e-06-p4,100,Newton-SIN-BH,1e-7*n,9.999999999999999e-6,3,4,0.0052324,0.0043114,82.39813469918201,0.0,3.4e-6,0.0,0.0007541,0.0,0.0,0.00016350000000000002,0.4968093752736103,2.6401634770612636e-7,-1.5703205474906762e-15,1.5497824623622591e-7,1.5497824623622591e-7,2.164962723855659e-7,1.5497824623622591e-7,NaN,converged,7,7,0,0,0,0,3,4.394478150967053e-14,1.12.6,lbt,1,1,Intel(R) Core(TM) 7 150U,NT,6407b28
degen-r50-m1-d1e-06-p4,100,Newton-SIN,1e-7*n,9.999999999999999e-6,3,7,0.0103913,0.009172399999999999,88.26999509204816,0.0,4.4e-6,0.0,0.0010408,0.0,0.0,0.00017370000000000016,0.4968093752736103,2.6401634770612636e-7,-1.5703205474906762e-15,1.5497824623622591e-7,1.5497824623622591e-7,2.164962723855659e-7,1.5497824623622591e-7,NaN,converged,7,7,0,0,0,0,3,4.394478150967053e-14,1.12.6,lbt,1,1,Intel(R) Core(TM) 7 150U,NT,6407b28
degen-r50-m1-d1e-06-p4,100,AGD-SDAJ-BH,1e-7*n,9.999999999999999e-6,2,11,0.0125125,0.0123063,98.35204795204795,0.0,6.9e-6,0.0,0.0,0.0,0.0,0.00019930000000000013,0.49681021268521197,3.3848031005390734e-6,-1.3295668831697656e-15,1.5162418216529971e-6,1.5162418216529971e-6,2.830203986208078e-6,1.5162418216529971e-6,NaN,diag_feasible_at_xpre,0,0,0,0,0,0,2,4.394478150967053e-14,1.12.6,lbt,1,1,Intel(R) Core(TM) 7 150U,NT,6407b28
degen-r50-m1-d1e-06-p4,100,AGD-SDAJ,1e-7*n,9.999999999999999e-6,2,11,0.0141162,0.013895300000000001,98.4351312676216,0.0,7.3e-6,0.0,0.0,0.0,0.0,0.00021359999999999958,0.49681021268521197,3.3848031005390734e-6,-1.3295668831697656e-15,1.5162418216529971e-6,1.5162418216529971e-6,2.830203986208078e-6,1.5162418216529971e-6,NaN,diag_feasible_at_xpre,0,0,0,0,0,0,2,4.394478150967053e-14,1.12.6,lbt,1,1,Intel(R) Core(TM) 7 150U,NT,6407b28
degen-r50-m1-d1e-06-p4,100,Dykstra-APM,1e-7*n,9.999999999999999e-6,16,16,0.0216927,0.0203613,93.86245142375085,0.0,0.0,0.0,0.0,0.0008695,0.0,0.0004618999999999999,0.49680094603535013,1.2466333946067575e-5,-1.5459434629133943e-15,1.7119300612655763e-6,1.7119300612655763e-6,8.75735188358877e-6,1.7119300612655763e-6,NaN,diag_feasible,0,0,0,0,0,0,16,4.394478150967053e-14,1.12.6,lbt,1,1,Intel(R) Core(TM) 7 150U,NT,6407b28
degen-r50-m1-d1e-06-p4,100,Anderson-APM,1e-7*n,9.999999999999999e-6,8,8,0.0136343,0.0114444,83.93830266313637,0.0,0.0,0.0,0.0,0.0,0.0015203,0.0006695999999999998,0.4968084437600684,1.6866726152711166e-6,-1.5640217957633714e-15,2.842340822706291e-7,2.842340822706291e-7,1.2638434765793684e-6,2.842340822706291e-7,NaN,diag_feasible,0,0,0,0,0,0,8,4.394478150967053e-14,1.12.6,lbt,1,1,Intel(R) Core(TM) 7 150U,NT,6407b28
degen-r50-m1-d1e-08-p0,100,SBB-Dual,1e-7*n,9.999999999999999e-6,6,7,0.0104703,0.0102425,97.82432213021593,8.2e-6,6.2e-6,3.92e-5,0.0,0.0,0.0,0.00017420000000000022,0.49750306594957655,1.8958842944725083e-6,-1.866659778865559e-15,1.3215883191142197e-6,0.0,2.4641746259856586e-6,1.3215883191142197e-6,20.0,diag_feasible,0,0,0,0,0,0,6,3.603764100252217e-14,1.12.6,lbt,1,1,Intel(R) Core(TM) 7 150U,NT,6407b28
degen-r50-m1-d1e-08-p0,100,Newton-SIN-BH,1e-7*n,9.999999999999999e-6,3,4,0.0077546,0.006261,80.73917416759085,0.0,4.6e-6,0.0,0.0012674,0.0,0.0,0.0002216000000000004,0.4975030578660633,6.414014371706501e-8,-1.513091944308126e-15,1.9617770297131187e-8,1.9617770297131187e-8,5.401732498290676e-8,1.9617770297131187e-8,NaN,converged,7,7,0,0,0,0,3,3.603764100252217e-14,1.12.6,lbt,1,1,Intel(R) Core(TM) 7 150U,NT,6407b28
degen-r50-m1-d1e-08-p0,100,Newton-SIN,1e-7*n,9.999999999999999e-6,3,7,0.0138346,0.012384699999999998,89.51975481763115,0.0,6.0e-6,0.0,0.0012707,0.0,0.0,0.00017320000000000226,0.4975030578660633,6.414014371706501e-8,-1.513091944308126e-15,1.9617770297131187e-8,1.9617770297131187e-8,5.401732498290676e-8,1.9617770297131187e-8,NaN,converged,7,7,0,0,0,0,3,3.603764100252217e-14,1.12.6,lbt,1,1,Intel(R) Core(TM) 7 150U,NT,6407b28
degen-r50-m1-d1e-08-p0,100,AGD-SDAJ-BH,1e-7*n,9.999999999999999e-6,2,9,0.0092017,0.0090363,98.20250605866308,0.0,5.3e-6,0.0,0.0,0.0,0.0,0.00016009999999999958,0.4975049041796388,1.0392026496755515e-5,-1.5605015373090479e-15,4.4581276931188185e-6,4.4581276931188185e-6,8.61330696288917e-6,4.4581276931188185e-6,NaN,diag_feasible_at_xpre,0,0,0,0,0,0,2,3.603764100252217e-14,1.12.6,lbt,1,1,Intel(R) Core(TM) 7 150U,NT,6407b28
degen-r50-m1-d1e-08-p0,100,AGD-SDAJ,1e-7*n,9.999999999999999e-6,2,9,0.0095986,0.0094196,98.13514470860333,0.0,5.8e-6,0.0,0.0,0.0,0.0,0.00017320000000000033,0.4975049041796388,1.0392026496755515e-5,-1.5605015373090479e-15,4.4581276931188185e-6,4.4581276931188185e-6,8.61330696288917e-6,4.4581276931188185e-6,NaN,diag_feasible_at_xpre,0,0,0,0,0,0,2,3.603764100252217e-14,1.12.6,lbt,1,1,Intel(R) Core(TM) 7 150U,NT,6407b28
degen-r50-m1-d1e-08-p0,100,Dykstra-APM,1e-7*n,9.999999999999999e-6,16,16,0.0219566,0.0206821,94.19536722443364,0.0,0.0,0.0,0.0,0.0007543,0.0,0.0005202000000000014,0.49749505345506323,1.1818483477101347e-5,-1.8563504625974742e-15,2.221854439765636e-6,2.221854439765636e-6,8.337082635075596e-6,2.221854439765636e-6,NaN,diag_feasible,0,0,0,0,0,0,16,3.603764100252217e-14,1.12.6,lbt,1,1,Intel(R) Core(TM) 7 150U,NT,6407b28
degen-r50-m1-d1e-08-p0,100,Anderson-APM,1e-7*n,9.999999999999999e-6,8,8,0.0097841,0.0081293,83.086844983187,0.0,0.0,0.0,0.0,0.0,0.0012139,0.0004408999999999997,0.4975017807665533,2.0850230094246437e-6,-1.5259704598448641e-15,3.91594086268654e-7,3.91594086268654e-7,1.5700129671554777e-6,3.91594086268654e-7,NaN,diag_feasible,0,0,0,0,0,0,8,3.603764100252217e-14,1.12.6,lbt,1,1,Intel(R) Core(TM) 7 150U,NT,6407b28
degen-r50-m1-d1e-08-p1,100,SBB-Dual,1e-7*n,9.999999999999999e-6,6,7,0.0076617,0.0074848,97.69111293838183,7.0e-6,4.4e-6,3.25e-5,0.0,0.0,0.0,0.0001329999999999998,0.497687347311943,1.5044829424756604e-6,-1.43573384654351e-15,1.6342794385559856e-6,0.0,2.081378222233222e-6,1.6342794385559856e-6,20.0,diag_feasible,0,0,0,0,0,0,6,4.340673874312386e-14,1.12.6,lbt,1,1,Intel(R) Core(TM) 7 150U,NT,6407b28
degen-r50-m1-d1e-08-p1,100,Newton-SIN-BH,1e-7*n,9.999999999999999e-6,3,4,0.0052071,0.0042879,82.34717981217952,0.0,2.7e-6,0.0,0.0007617,0.0,0.0,0.00015480000000000018,0.49768733786038405,5.129355839964944e-8,-1.28696744449346e-15,1.9085535707397128e-8,1.9085535707397128e-8,4.3391547451037315e-8,1.9085535707397128e-8,NaN,converged,7,7,0,0,0,0,3,4.340673874312386e-14,1.12.6,lbt,1,1,Intel(R) Core(TM) 7 150U,NT,6407b28
degen-r50-m1-d1e-08-p1,100,Newton-SIN,1e-7*n,9.999999999999999e-6,3,7,0.0105491,0.00943,89.3915120721199,0.0,4.8e-6,0.0,0.0009549,0.0,0.0,0.0001594000000000015,0.49768733786038405,5.129355839964944e-8,-1.28696744449346e-15,1.9085535707397128e-8,1.9085535707397128e-8,4.3391547451037315e-8,1.9085535707397128e-8,NaN,converged,7,7,0,0,0,0,3,4.340673874312386e-14,1.12.6,lbt,1,1,Intel(R) Core(TM) 7 150U,NT,6407b28
degen-r50-m1-d1e-08-p1,100,AGD-SDAJ-BH,1e-7*n,9.999999999999999e-6,2,11,0.0110337,0.010825699999999999,98.11486627332624,0.0,6.6e-6,0.0,0.0,0.0,0.0,0.0002014000000000016,0.4976881770014379,2.631732829402625e-6,-1.5918439197156519e-15,1.350819154088967e-6,1.350819154088967e-6,2.153788115320025e-6,1.350819154088967e-6,NaN,diag_feasible_at_xpre,0,0,0,0,0,0,2,4.340673874312386e-14,1.12.6,lbt,1,1,Intel(R) Core(TM) 7 150U,NT,6407b28
degen-r50-m1-d1e-08-p1,100,AGD-SDAJ,1e-7*n,9.999999999999999e-6,2,11,0.0145341,0.014305700000000001,98.42852326597452,0.0,8.1e-6,0.0,0.0,0.0,0.0,0.0002202999999999984,0.4976881770014379,2.631732829402625e-6,-1.5918439197156519e-15,1.350819154088967e-6,1.350819154088967e-6,2.153788115320025e-6,1.350819154088967e-6,NaN,diag_feasible_at_xpre,0,0,0,0,0,0,2,4.340673874312386e-14,1.12.6,lbt,1,1,Intel(R) Core(TM) 7 150U,NT,6407b28
degen-r50-m1-d1e-08-p1,100,Dykstra-APM,1e-7*n,9.999999999999999e-6,16,16,0.0179031,0.0162871,90.9736302651496,0.0,0.0,0.0,0.0,0.0012334,0.0,0.0003826000000000029,0.49767976066416336,1.1043920710841261e-5,-1.511100557048302e-15,1.8792355898078483e-6,1.8792355898078483e-6,7.80848330582038e-6,1.8792355898078483e-6,NaN,diag_feasible,0,0,0,0,0,0,16,4.340673874312386e-14,1.12.6,lbt,1,1,Intel(R) Core(TM) 7 150U,NT,6407b28
degen-r50-m1-d1e-08-p1,100,Anderson-APM,1e-7*n,9.999999999999999e-6,8,8,0.0089681,0.0075514,84.20289693469073,0.0,0.0,0.0,0.0,0.0,0.0009769,0.00043979999999999996,0.49768628919397423,1.833553366322755e-6,-1.5263191618987043e-15,2.866496868758617e-7,2.866496868758617e-7,1.4042369803433754e-6,2.866496868758617e-7,NaN,diag_feasible,0,0,0,0,0,0,8,4.340673874312386e-14,1.12.6,lbt,1,1,Intel(R) Core(TM) 7 150U,NT,6407b28
degen-r50-m1-d1e-08-p2,100,SBB-Dual,1e-7*n,9.999999999999999e-6,6,7,0.0070534,0.00689,97.68338673547511,6.5e-6,4.7e-6,3.3e-5,0.0,0.0,0.0,0.0001191999999999993,0.49705094741571043,1.5673230606955083e-6,-1.7756359669889804e-15,1.2751567045610201e-6,0.0,2.123131698166709e-6,1.2751567045610201e-6,20.0,diag_feasible,0,0,0,0,0,0,6,1.574795691760857e-14,1.12.6,lbt,1,1,Intel(R) Core(TM) 7 150U,NT,6407b28
degen-r50-m1-d1e-08-p2,100,Newton-SIN-BH,1e-7*n,9.999999999999999e-6,3,4,0.005091,0.0041421,81.36122569239835,0.0,1.6e-5,0.0,0.0007839,0.0,0.0,0.00014899999999999994,0.497050939787682,6.320730364748292e-8,-1.4105200047233008e-15,2.4862965575245255e-8,2.4862965575245255e-8,5.375019857871825e-8,2.4862965575245255e-8,NaN,converged,7,7,0,0,0,0,3,1.574795691760857e-14,1.12.6,lbt,1,1,Intel(R) Core(TM) 7 150U,NT,6407b28
degen-r50-m1-d1e-08-p2,100,Newton-SIN,1e-7*n,9.999999999999999e-6,3,7,0.0124838,0.0111079,88.97851615693939,0.0,5.5e-6,0.0,0.0011851,0.0,0.0,0.00018529999999999935,0.497050939787682,6.320730364748292e-8,-1.4105200047233008e-15,2.4862965575245255e-8,2.4862965575245255e-8,5.375019857871825e-8,2.4862965575245255e-8,NaN,converged,7,7,0,0,0,0,3,1.574795691760857e-14,1.12.6,lbt,1,1,Intel(R) Core(TM) 7 150U,NT,6407b28
degen-r50-m1-d1e-08-p2,100,AGD-SDAJ-BH,1e-7*n,9.999999999999999e-6,2,15,0.0162121,0.0159556,98.41784839718483,0.0,8.2e-6,0.0,0.0,0.0,0.0,0.0002482999999999998,0.4970509324637842,1.735587789183654e-6,-1.2193974296012976e-15,7.878797587679287e-7,7.878797587679287e-7,1.493935492531228e-6,7.878797587679287e-7,NaN,diag_feasible,0,0,2,2,0,0,2,1.574795691760857e-14,1.12.6,lbt,1,1,Intel(R) Core(TM) 7 150U,NT,6407b28
degen-r50-m1-d1e-08-p2,100,AGD-SDAJ,1e-7*n,9.999999999999999e-6,2,15,0.0149828,0.014754,98.47291560989936,0.0,7.6e-6,0.0,0.0,0.0,0.0,0.0002211999999999995,0.4970509324637842,1.735587789183654e-6,-1.2193974296012976e-15,7.878797587679287e-7,7.878797587679287e-7,1.493935492531228e-6,7.878797587679287e-7,NaN,diag_feasible,0,0,2,2,0,0,2,1.574795691760857e-14,1.12.6,lbt,1,1,Intel(R) Core(TM) 7 150U,NT,6407b28
degen-r50-m1-d1e-08-p2,100,Dykstra-APM,1e-7*n,9.999999999999999e-6,16,16,0.0253583,0.0238433,94.02562474613836,0.0,0.0,0.0,0.0,0.0008852,0.0,0.0006297999999999989,0.4970428960612689,1.1670953566346668e-5,-1.5991164051834858e-15,1.6793405128723293e-6,1.6793405128723293e-6,8.23823059461643e-6,1.6793405128723293e-6,NaN,diag_feasible,0,0,0,0,0,0,16,1.574795691760857e-14,1.12.6,lbt,1,1,Intel(R) Core(TM) 7 150U,NT,6407b28
degen-r50-m1-d1e-08-p2,100,Anderson-APM,1e-7*n,9.999999999999999e-6,8,8,0.0097771,0.0081924,83.79171738040932,0.0,0.0,0.0,0.0,0.0,0.0010937,0.0004909999999999997,0.4970500179500553,1.5605347609932033e-6,-1.5438315931757122e-15,2.6896879390392314e-7,2.6896879390392314e-7,1.1906584262371521e-6,2.6896879390392314e-7,NaN,diag_feasible,0,0,0,0,0,0,8,1.574795691760857e-14,1.12.6,lbt,1,1,Intel(R) Core(TM) 7 150U,NT,6407b28
degen-r50-m1-d1e-08-p3,100,SBB-Dual,1e-7*n,9.999999999999999e-6,6,7,0.0072545,0.0070863,97.68143910676132,6.5e-6,4.8e-6,3.17e-5,0.0,0.0,0.0,0.0001251999999999994,0.49719136019470606,1.649637347760847e-6,-1.5222266864020593e-15,1.2938366812376145e-6,0.0,2.3358825648865837e-6,1.2938366812376145e-6,20.0,diag_feasible,0,0,0,0,0,0,6,1.3431863393229333e-14,1.12.6,lbt,1,1,Intel(R) Core(TM) 7 150U,NT,6407b28
degen-r50-m1-d1e-08-p3,100,Newton-SIN-BH,1e-7*n,9.999999999999999e-6,3,4,0.00491,0.0039945,81.35437881873726,0.0,3.8e-6,0.0,0.0007529,0.0,0.0,0.0001588000000000005,0.4971913501663598,7.372611244490313e-8,-1.5755473512757019e-15,2.7522981671523894e-8,2.7522981671523894e-8,6.272128501505582e-8,2.7522981671523894e-8,NaN,converged,7,7,0,0,0,0,3,1.3431863393229333e-14,1.12.6,lbt,1,1,Intel(R) Core(TM) 7 150U,NT,6407b28
degen-r50-m1-d1e-08-p3,100,Newton-SIN,1e-7*n,9.999999999999999e-6,3,7,0.0076381,0.006775499999999999,88.70661551956638,0.0,3.9e-6,0.0,0.0007485,0.0,0.0,0.00011020000000000062,0.4971913501663598,7.372611244490313e-8,-1.5755473512757019e-15,2.7522981671523894e-8,2.7522981671523894e-8,6.272128501505582e-8,2.7522981671523894e-8,NaN,converged,7,7,0,0,0,0,3,1.3431863393229333e-14,1.12.6,lbt,1,1,Intel(R) Core(TM) 7 150U,NT,6407b28
degen-r50-m1-d1e-08-p3,100,AGD-SDAJ-BH,1e-7*n,9.999999999999999e-6,2,9,0.0131334,0.0129057,98.26625245557129,0.0,8.5e-6,0.0,0.0,0.0,0.0,0.0002191999999999991,0.49719263424102644,9.550645468427478e-6,-1.6028331151054714e-15,2.913910243096396e-6,2.913910243096396e-6,8.056620715369478e-6,2.913910243096396e-6,NaN,diag_feasible_at_xpre,0,0,0,0,0,0,2,1.3431863393229333e-14,1.12.6,lbt,1,1,Intel(R) Core(TM) 7 150U,NT,6407b28
degen-r50-m1-d1e-08-p3,100,AGD-SDAJ,1e-7*n,9.999999999999999e-6,2,9,0.0089485,0.0087902,98.23098843381572,0.0,4.3e-6,0.0,0.0,0.0,0.0,0.0001540000000000001,0.49719263424102644,9.550645468427478e-6,-1.6028331151054714e-15,2.913910243096396e-6,2.913910243096396e-6,8.056620715369478e-6,2.913910243096396e-6,NaN,diag_feasible_at_xpre,0,0,0,0,0,0,2,1.3431863393229333e-14,1.12.6,lbt,1,1,Intel(R) Core(TM) 7 150U,NT,6407b28
degen-r50-m1-d1e-08-p3,100,Dykstra-APM,1e-7*n,9.999999999999999e-6,16,16,0.0178903,0.0168246,94.043140696355,0.0,0.0,0.0,0.0,0.000674,0.0,0.00039170000000000274,0.49718341824498075,1.1529948699308732e-5,-1.6263382315343962e-15,1.653915073118739e-6,1.653915073118739e-6,8.14104290119314e-6,1.653915073118739e-6,NaN,diag_feasible,0,0,0,0,0,0,16,1.3431863393229333e-14,1.12.6,lbt,1,1,Intel(R) Core(TM) 7 150U,NT,6407b28
degen-r50-m1-d1e-08-p3,100,Anderson-APM,1e-7*n,9.999999999999999e-6,8,8,0.0144335,0.0121939,84.48332005404095,0.0,0.0,0.0,0.0,0.0,0.0015831,0.0006564999999999995,0.49719031718017537,1.6722710602415953e-6,-1.5499540992548433e-15,2.941936789735422e-7,2.941936789735422e-7,1.2546595384549914e-6,2.941936789735422e-7,NaN,diag_feasible,0,0,0,0,0,0,8,1.3431863393229333e-14,1.12.6,lbt,1,1,Intel(R) Core(TM) 7 150U,NT,6407b28
degen-r50-m1-d1e-08-p4,100,SBB-Dual,1e-7*n,9.999999999999999e-6,6,7,0.0070714,0.0069173,97.82079927595667,5.8e-6,4.1e-6,3.12e-5,0.0,0.0,0.0,0.0001129999999999999,0.49680955513129166,1.7035996950675142e-6,-1.9247124768358734e-15,1.2758170661042456e-6,0.0,2.2247675256211412e-6,1.2758170661042456e-6,20.0,diag_feasible,0,0,0,0,0,0,6,1.744675831925558e-14,1.12.6,lbt,1,1,Intel(R) Core(TM) 7 150U,NT,6407b28
degen-r50-m1-d1e-08-p4,100,Newton-SIN-BH,1e-7*n,9.999999999999999e-6,3,4,0.0077341,0.005684300000000001,73.49659301017573,0.0,3.9e-6,0.0,0.001332,0.0,0.0,0.0007138999999999993,0.4968095518336696,6.267250416127249e-8,-1.6078018247288027e-15,1.7283691811087465e-8,1.7283691811087465e-8,5.371902343284689e-8,1.7283691811087465e-8,NaN,converged,7,7,0,0,0,0,3,1.744675831925558e-14,1.12.6,lbt,1,1,Intel(R) Core(TM) 7 150U,NT,6407b28
degen-r50-m1-d1e-08-p4,100,Newton-SIN,1e-7*n,9.999999999999999e-6,3,7,0.0074973,0.0066462,88.64791324876956,0.0,3.7e-6,0.0,0.0007409,0.0,0.0,0.00010650000000000047,0.4968095518336696,6.267250416127249e-8,-1.6078018247288027e-15,1.7283691811087465e-8,1.7283691811087465e-8,5.371902343284689e-8,1.7283691811087465e-8,NaN,converged,7,7,0,0,0,0,3,1.744675831925558e-14,1.12.6,lbt,1,1,Intel(R) Core(TM) 7 150U,NT,6407b28
degen-r50-m1-d1e-08-p4,100,AGD-SDAJ-BH,1e-7*n,9.999999999999999e-6,2,11,0.0109898,0.010797399999999999,98.24928570128665,0.0,6.2e-6,0.0,0.0,0.0,0.0,0.00018620000000000057,0.4968105778129906,4.592805451918509e-6,-1.6384639168413091e-15,2.5203203674051267e-6,2.5203203674051267e-6,3.8269516609386696e-6,2.5203203674051267e-6,NaN,diag_feasible_at_xpre,0,0,0,0,0,0,2,1.744675831925558e-14,1.12.6,lbt,1,1,Intel(R) Core(TM) 7 150U,NT,6407b28
degen-r50-m1-d1e-08-p4,100,AGD-SDAJ,1e-7*n,9.999999999999999e-6,2,11,0.0106666,0.0104805,98.25530159563496,0.0,5.8e-6,0.0,0.0,0.0,0.0,0.0001802999999999998,0.4968105778129906,4.592805451918509e-6,-1.6384639168413091e-15,2.5203203674051267e-6,2.5203203674051267e-6,3.8269516609386696e-6,2.5203203674051267e-6,NaN,diag_feasible_at_xpre,0,0,0,0,0,0,2,1.744675831925558e-14,1.12.6,lbt,1,1,Intel(R) Core(TM) 7 150U,NT,6407b28
degen-r50-m1-d1e-08-p4,100,Dykstra-APM,1e-7*n,9.999999999999999e-6,16,16,0.0162322,0.0151999,93.6404184275699,0.0,0.0,0.0,0.0,0.0006655,0.0,0.0003667999999999982,0.49680103751472054,1.2428462032326578e-5,-1.7539487784638737e-15,1.711930014858254e-6,1.711930014858254e-6,8.757351466017464e-6,1.711930014858254e-6,NaN,diag_feasible,0,0,0,0,0,0,16,1.744675831925558e-14,1.12.6,lbt,1,1,Intel(R) Core(TM) 7 150U,NT,6407b28
degen-r50-m1-d1e-08-p4,100,Anderson-APM,1e-7*n,9.999999999999999e-6,8,8,0.0106032,0.0082833,78.12075599818922,0.0,0.0,0.0,0.0,0.0,0.000989,0.0013308999999999997,0.4968086020048036,1.5620031383708691e-6,-1.4357394955978836e-15,2.837023260759963e-7,2.837023260759963e-7,1.18521305760019e-6,2.837023260759963e-7,NaN,diag_feasible,0,0,0,0,0,0,8,1.744675831925558e-14,1.12.6,lbt,1,1,Intel(R) Core(TM) 7 150U,NT,6407b28
degen-r50-m1-d1e-10-p0,100,SBB-Dual,1e-7*n,9.999999999999999e-6,6,7,0.0069384,0.0067803,97.72137668626773,5.7e-6,4.5e-6,3.01e-5,0.0,0.0,0.0,0.00011779999999999956,0.49750306688024654,1.8962670739999387e-6,-1.3588958913509852e-15,1.3215532371768646e-6,0.0,2.4642661305650066e-6,1.3215532371768646e-6,20.0,diag_feasible,0,0,0,0,0,0,6,6.77243325133197e-14,1.12.6,lbt,1,1,Intel(R) Core(TM) 7 150U,NT,6407b28
degen-r50-m1-d1e-10-p0,100,Newton-SIN-BH,1e-7*n,9.999999999999999e-6,3,4,0.0079128,0.0064180999999999995,81.11035284602164,0.0,5.3e-6,0.0,0.0012566,0.0,0.0,0.0002327999999999998,0.49750305925102384,6.360209905724211e-8,-1.5028415450347534e-15,1.9523713534752574e-8,1.9523713534752574e-8,5.373674745422493e-8,1.9523713534752574e-8,NaN,converged,7,7,0,0,0,0,3,6.77243325133197e-14,1.12.6,lbt,1,1,Intel(R) Core(TM) 7 150U,NT,6407b28
degen-r50-m1-d1e-10-p0,100,Newton-SIN,1e-7*n,9.999999999999999e-6,3,7,0.0074862,0.0066521,88.8581656915391,0.0,2.9e-6,0.0,0.0007264,0.0,0.0,0.00010479999999999995,0.49750305925102384,6.360209905724211e-8,-1.5028415450347534e-15,1.9523713534752574e-8,1.9523713534752574e-8,5.373674745422493e-8,1.9523713534752574e-8,NaN,converged,7,7,0,0,0,0,3,6.77243325133197e-14,1.12.6,lbt,1,1,Intel(R) Core(TM) 7 150U,NT,6407b28
degen-r50-m1-d1e-10-p0,100,AGD-SDAJ-BH,1e-7*n,9.999999999999999e-6,2,9,0.0095346,0.0093544,98.11004132318084,0.0,6.0e-6,0.0,0.0,0.0,0.0,0.00017420000000000014,0.497504905134611,1.0392037497776294e-5,-1.4084757983192886e-15,4.458129437834302e-6,4.458129437834302e-6,8.613314198437322e-6,4.458129437834302e-6,NaN,diag_feasible_at_xpre,0,0,0,0,0,0,2,6.77243325133197e-14,1.12.6,lbt,1,1,Intel(R) Core(TM) 7 150U,NT,6407b28
degen-r50-m1-d1e-10-p0,100,AGD-SDAJ,1e-7*n,9.999999999999999e-6,2,9,0.0102745,0.010088199999999999,98.18677307898193,0.0,5.6e-6,0.0,0.0,0.0,0.0,0.0001807000000000021,0.497504905134611,1.0392037497776294e-5,-1.4084757983192886e-15,4.458129437834302e-6,4.458129437834302e-6,8.613314198437322e-6,4.458129437834302e-6,NaN,diag_feasible_at_xpre,0,0,0,0,0,0,2,6.77243325133197e-14,1.12.6,lbt,1,1,Intel(R) Core(TM) 7 150U,NT,6407b28
degen-r50-m1-d1e-10-p0,100,Dykstra-APM,1e-7*n,9.999999999999999e-6,16,16,0.0179498,0.0168017,93.60382845491316,0.0,0.0,0.0,0.0,0.0007199,0.0,0.00042819999999999913,0.4974950543857453,1.1818476102415065e-5,-1.7083505558365814e-15,2.221854424444558e-6,2.221854424444558e-6,8.337082612623465e-6,2.221854424444558e-6,NaN,diag_feasible,0,0,0,0,0,0,16,6.77243325133197e-14,1.12.6,lbt,1,1,Intel(R) Core(TM) 7 150U,NT,6407b28
degen-r50-m1-d1e-10-p0,100,Anderson-APM,1e-7*n,9.999999999999999e-6,8,8,0.0110421,0.0093191,84.39608407820977,0.0,0.0,0.0,0.0,0.0,0.001237,0.0004859999999999988,0.49750178169732867,2.0849992221148753e-6,-1.4648737515015938e-15,3.915940871568324e-7,3.915940871568324e-7,1.5700129399841242e-6,3.915940871568324e-7,NaN,diag_feasible,0,0,0,0,0,0,8,6.77243325133197e-14,1.12.6,lbt,1,1,Intel(R) Core(TM) 7 150U,NT,6407b28
degen-r50-m1-d1e-10-p1,100,SBB-Dual,1e-7*n,9.999999999999999e-6,6,7,0.0077998,0.0076199,97.69353060334879,5.7e-6,4.7e-6,3.19e-5,0.0,0.0,0.0,0.0001376000000000002,0.49768734824511907,1.5044872826970742e-6,-1.4279297945165809e-15,1.6342964908044877e-6,0.0,2.081389476509601e-6,1.6342964908044877e-6,20.0,diag_feasible,0,0,0,0,0,0,6,2.1549483246487613e-14,1.12.6,lbt,1,1,Intel(R) Core(TM) 7 150U,NT,6407b28
degen-r50-m1-d1e-10-p1,100,Newton-SIN-BH,1e-7*n,9.999999999999999e-6,3,4,0.0070863,0.0057875,81.67167633320632,0.0,4.3e-6,0.0,0.0010798,0.0,0.0,0.00021470000000000018,0.49768733944346144,5.084259372986492e-8,-1.368902312718596e-15,1.9157094022226318e-8,1.9157094022226318e-8,4.311761088173726e-8,1.9157094022226318e-8,NaN,converged,7,7,0,0,0,0,3,2.1549483246487613e-14,1.12.6,lbt,1,1,Intel(R) Core(TM) 7 150U,NT,6407b28
degen-r50-m1-d1e-10-p1,100,Newton-SIN,1e-7*n,9.999999999999999e-6,3,7,0.0118829,0.0105132,88.47335246446575,0.0,5.4e-6,0.0,0.0011908,0.0,0.0,0.0001734999999999996,0.49768733944346144,5.084259372986492e-8,-1.368902312718596e-15,1.9157094022226318e-8,1.9157094022226318e-8,4.311761088173726e-8,1.9157094022226318e-8,NaN,converged,7,7,0,0,0,0,3,2.1549483246487613e-14,1.12.6,lbt,1,1,Intel(R) Core(TM) 7 150U,NT,6407b28
degen-r50-m1-d1e-10-p1,100,AGD-SDAJ-BH,1e-7*n,9.999999999999999e-6,2,11,0.0137431,0.0135219,98.3904650333622,0.0,7.4e-6,0.0,0.0,0.0,0.0,0.00021379999999999953,0.49768817794477754,2.6317414577954928e-6,-1.5305033826030153e-15,1.3508149532270863e-6,1.3508149532270863e-6,2.153794055703597e-6,1.3508149532270863e-6,NaN,diag_feasible_at_xpre,0,0,0,0,0,0,2,2.1549483246487613e-14,1.12.6,lbt,1,1,Intel(R) Core(TM) 7 150U,NT,6407b28
degen-r50-m1-d1e-10-p1,100,AGD-SDAJ,1e-7*n,9.999999999999999e-6,2,11,0.017308,0.0170079,98.26611971342732,0.0,1.08e-5,0.0,0.0,0.0,0.0,0.00028930000000000107,0.49768817794477754,2.6317414577954928e-6,-1.5305033826030153e-15,1.3508149532270863e-6,1.3508149532270863e-6,2.153794055703597e-6,1.3508149532270863e-6,NaN,diag_feasible_at_xpre,0,0,0,0,0,0,2,2.1549483246487613e-14,1.12.6,lbt,1,1,Intel(R) Core(TM) 7 150U,NT,6407b28
degen-r50-m1-d1e-10-p1,100,Dykstra-APM,1e-7*n,9.999999999999999e-6,16,16,0.0168573,0.0158176,93.83234563067633,0.0,0.0,0.0,0.0,0.000657,0.0,0.00038269999999999754,0.4976797615973343,1.1043911299951468e-5,-1.439581671704673e-15,1.8792355891417145e-6,1.8792355891417145e-6,7.808483310217665e-6,1.8792355891417145e-6,NaN,diag_feasible,0,0,0,0,0,0,16,2.1549483246487613e-14,1.12.6,lbt,1,1,Intel(R) Core(TM) 7 150U,NT,6407b28
degen-r50-m1-d1e-10-p1,100,Anderson-APM,1e-7*n,9.999999999999999e-6,8,8,0.0154121,0.0130232,84.49984103399278,0.0,0.0,0.0,0.0,0.0,0.001693,0.0006958999999999993,0.49768629012717447,1.8335303751714588e-6,-1.4984533316994223e-15,2.8664969886627034e-7,2.8664969886627034e-7,1.404236991566047e-6,2.8664969886627034e-7,NaN,diag_feasible,0,0,0,0,0,0,8,2.1549483246487613e-14,1.12.6,lbt,1,1,Intel(R) Core(TM) 7 150U,NT,6407b28
degen-r50-m1-d1e-10-p2,100,SBB-Dual,1e-7*n,9.999999999999999e-6,6,7,0.011155,0.0109093,97.7974002689377,1.0e-5,7.3e-6,4.89e-5,0.0,0.0,0.0,0.00017949999999999976,0.4970509483497805,1.5673223735424125e-6,-1.3849373580002272e-15,1.275169257630715e-6,0.0,2.123136822610337e-6,1.275169257630715e-6,20.0,diag_feasible,0,0,0,0,0,0,6,2.2369272070029526e-14,1.12.6,lbt,1,1,Intel(R) Core(TM) 7 150U,NT,6407b28
degen-r50-m1-d1e-10-p2,100,Newton-SIN-BH,1e-7*n,9.999999999999999e-6,3,4,0.0079294,0.006481499999999999,81.74010643932705,0.0,5.2e-6,0.0,0.0012158,0.0,0.0,0.00022690000000000037,0.4970509413388766,6.281469295929114e-8,-1.6799069415774945e-15,2.486667316503599e-8,2.486667316503599e-8,5.3503409665948845e-8,2.486667316503599e-8,NaN,converged,7,7,0,0,0,0,3,2.2369272070029526e-14,1.12.6,lbt,1,1,Intel(R) Core(TM) 7 150U,NT,6407b28
degen-r50-m1-d1e-10-p2,100,Newton-SIN,1e-7*n,9.999999999999999e-6,3,7,0.0121892,0.0108434,88.95907852853344,0.0,5.3e-6,0.0,0.0011714,0.0,0.0,0.00016910000000000124,0.4970509413388766,6.281469295929114e-8,-1.6799069415774945e-15,2.486667316503599e-8,2.486667316503599e-8,5.3503409665948845e-8,2.486667316503599e-8,NaN,converged,7,7,0,0,0,0,3,2.2369272070029526e-14,1.12.6,lbt,1,1,Intel(R) Core(TM) 7 150U,NT,6407b28
degen-r50-m1-d1e-10-p2,100,AGD-SDAJ-BH,1e-7*n,9.999999999999999e-6,2,15,0.0142348,0.0140161,98.46362435720908,0.0,6.8e-6,0.0,0.0,0.0,0.0,0.0002119000000000005,0.4970509331755021,1.7349259224716367e-6,-1.8084889119367298e-15,7.876739624990137e-7,7.876739624990137e-7,1.4934067384237296e-6,7.876739624990137e-7,NaN,diag_feasible,0,0,2,2,0,0,2,2.2369272070029526e-14,1.12.6,lbt,1,1,Intel(R) Core(TM) 7 150U,NT,6407b28
degen-r50-m1-d1e-10-p2,100,AGD-SDAJ,1e-7*n,9.999999999999999e-6,2,15,0.0154838,0.0152561,98.52943075989097,0.0,8.0e-6,0.0,0.0,0.0,0.0,0.00021970000000000081,0.4970509331755021,1.7349259224716367e-6,-1.8084889119367298e-15,7.876739624990137e-7,7.876739624990137e-7,1.4934067384237296e-6,7.876739624990137e-7,NaN,diag_feasible,0,0,2,2,0,0,2,2.2369272070029526e-14,1.12.6,lbt,1,1,Intel(R) Core(TM) 7 150U,NT,6407b28
degen-r50-m1-d1e-10-p2,100,Dykstra-APM,1e-7*n,9.999999999999999e-6,16,16,0.0223108,0.0210186,94.20818616992668,0.0,0.0,0.0,0.0,0.0008036,0.0,0.0004886000000000003,0.4970428969953377,1.1670945596227232e-5,-1.3495184205071372e-15,1.679340511318017e-6,1.679340511318017e-6,8.238230593720747e-6,1.679340511318017e-6,NaN,diag_feasible,0,0,0,0,0,0,16,2.2369272070029526e-14,1.12.6,lbt,1,1,Intel(R) Core(TM) 7 150U,NT,6407b28
degen-r50-m1-d1e-10-p2,100,Anderson-APM,1e-7*n,9.999999999999999e-6,8,8,0.0089369,0.0075503,84.48455280913964,0.0,0.0,0.0,0.0,0.0,0.000959,0.0004275999999999991,0.497050018884159,1.5605044978159505e-6,-1.501166148140775e-15,2.6896879812277064e-7,2.6896879812277064e-7,1.1906584251055479e-6,2.6896879812277064e-7,NaN,diag_feasible,0,0,0,0,0,0,8,2.2369272070029526e-14,1.12.6,lbt,1,1,Intel(R) Core(TM) 7 150U,NT,6407b28
degen-r50-m1-d1e-10-p3,100,SBB-Dual,1e-7*n,9.999999999999999e-6,6,7,0.0071265,0.0069636,97.71416543885499,5.3e-6,3.8e-6,3.04e-5,0.0,0.0,0.0,0.00012339999999999967,0.4971913611217805,1.649650076470304e-6,-1.8134138650742284e-15,1.293856667916593e-6,0.0,2.3358982805003716e-6,1.293856667916593e-6,20.0,diag_feasible,0,0,0,0,0,0,6,1.928754900369478e-14,1.12.6,lbt,1,1,Intel(R) Core(TM) 7 150U,NT,6407b28
degen-r50-m1-d1e-10-p3,100,Newton-SIN-BH,1e-7*n,9.999999999999999e-6,3,4,0.0052581,0.0041719,79.34234799642456,0.0,3.4e-6,0.0,0.0009182,0.0,0.0,0.00016459999999999988,0.4971913517253059,7.340103374391339e-8,-1.7691040993260086e-15,2.769188578444215e-8,2.769188578444215e-8,6.254468239976546e-8,2.769188578444215e-8,NaN,converged,7,7,0,0,0,0,3,1.928754900369478e-14,1.12.6,lbt,1,1,Intel(R) Core(TM) 7 150U,NT,6407b28
degen-r50-m1-d1e-10-p3,100,Newton-SIN,1e-7*n,9.999999999999999e-6,3,7,0.0128576,0.0114322,88.91394972623195,0.0,5.9e-6,0.0,0.0012294,0.0,0.0,0.00019010000000000012,0.4971913517253059,7.340103374391339e-8,-1.7691040993260086e-15,2.769188578444215e-8,2.769188578444215e-8,6.254468239976546e-8,2.769188578444215e-8,NaN,converged,7,7,0,0,0,0,3,1.928754900369478e-14,1.12.6,lbt,1,1,Intel(R) Core(TM) 7 150U,NT,6407b28
degen-r50-m1-d1e-10-p3,100,AGD-SDAJ-BH,1e-7*n,9.999999999999999e-6,2,9,0.0093252,0.009154299999999999,98.16733153176337,0.0,4.6e-6,0.0,0.0,0.0,0.0,0.0001663000000000016,0.4971926351965414,9.550656217653274e-6,-1.8186793494994436e-15,2.913907473978128e-6,2.913907473978128e-6,8.056628060621943e-6,2.913907473978128e-6,NaN,diag_feasible_at_xpre,0,0,0,0,0,0,2,1.928754900369478e-14,1.12.6,lbt,1,1,Intel(R) Core(TM) 7 150U,NT,6407b28
degen-r50-m1-d1e-10-p3,100,AGD-SDAJ,1e-7*n,9.999999999999999e-6,2,9,0.0149017,0.014645499999999999,98.28073307072346,0.0,9.8e-6,0.0,0.0,0.0,0.0,0.00024640000000000154,0.4971926351965414,9.550656217653274e-6,-1.8186793494994436e-15,2.913907473978128e-6,2.913907473978128e-6,8.056628060621943e-6,2.913907473978128e-6,NaN,diag_feasible_at_xpre,0,0,0,0,0,0,2,1.928754900369478e-14,1.12.6,lbt,1,1,Intel(R) Core(TM) 7 150U,NT,6407b28
degen-r50-m1-d1e-10-p3,100,Dykstra-APM,1e-7*n,9.999999999999999e-6,16,16,0.0168557,0.0158698,94.150940038088,0.0,0.0,0.0,0.0,0.0006239,0.0,0.0003620000000000013,0.49718341917206205,1.1529941021760007e-5,-1.5260445020815328e-15,1.6539150451411189e-6,1.6539150451411189e-6,8.141042889201073e-6,1.6539150451411189e-6,NaN,diag_feasible,0,0,0,0,0,0,16,1.928754900369478e-14,1.12.6,lbt,1,1,Intel(R) Core(TM) 7 150U,NT,6407b28
degen-r50-m1-d1e-10-p3,100,Anderson-APM,1e-7*n,9.999999999999999e-6,8,8,0.0101806,0.0086032,84.50582480403905,0.0,0.0,0.0,0.0,0.0,0.0010744,0.0005029999999999995,0.49719031810734204,1.672240019509251e-6,-1.741148019330136e-15,2.941936749767393e-7,2.941936749767393e-7,1.2546594934478498e-6,2.941936749767393e-7,NaN,diag_feasible,0,0,0,0,0,0,8,1.928754900369478e-14,1.12.6,lbt,1,1,Intel(R) Core(TM) 7 150U,NT,6407b28
degen-r50-m1-d1e-10-p4,100,SBB-Dual,1e-7*n,9.999999999999999e-6,6,7,0.0160945,0.0153003,95.06539501071794,1.29e-5,1.09e-5,0.0002533,0.0,0.0,0.0,0.0005171000000000019,0.4968095560460818,1.7040258034386926e-6,-1.342006354098849e-15,1.2757706824295667e-6,0.0,2.224764342983869e-6,1.2757706824295667e-6,20.0,diag_feasible,0,0,0,0,0,0,6,1.981522620668547e-14,1.12.6,lbt,1,1,Intel(R) Core(TM) 7 150U,NT,6407b28
degen-r50-m1-d1e-10-p4,100,Newton-SIN-BH,1e-7*n,9.999999999999999e-6,3,4,0.0055133,0.0045065999999999995,81.74051838281973,0.0,3.3e-6,0.0,0.0008441,0.0,0.0,0.00015930000000000024,0.49680955347059325,6.242081188886943e-8,-1.9206143217622903e-15,1.728953591406679e-8,1.728953591406679e-8,5.353082418410109e-8,1.728953591406679e-8,NaN,converged,7,7,0,0,0,0,3,1.981522620668547e-14,1.12.6,lbt,1,1,Intel(R) Core(TM) 7 150U,NT,6407b28
degen-r50-m1-d1e-10-p4,100,Newton-SIN,1e-7*n,9.999999999999999e-6,3,7,0.0090192,0.0079069,87.66742061380167,0.0,3.8e-6,0.0,0.0009832,0.0,0.0,0.00012530000000000006,0.49680955347059325,6.242081188886943e-8,-1.9206143217622903e-15,1.728953591406679e-8,1.728953591406679e-8,5.353082418410109e-8,1.728953591406679e-8,NaN,converged,7,7,0,0,0,0,3,1.981522620668547e-14,1.12.6,lbt,1,1,Intel(R) Core(TM) 7 150U,NT,6407b28
degen-r50-m1-d1e-10-p4,100,AGD-SDAJ-BH,1e-7*n,9.999999999999999e-6,2,11,0.0108454,0.0106594,98.28498718350636,0.0,6.8e-6,0.0,0.0,0.0,0.0,0.0001792000000000004,0.496810558295922,4.462415001730361e-6,-1.4527232234005175e-15,2.3650472636971287e-6,2.3650472636971287e-6,3.718610733851975e-6,2.3650472636971287e-6,NaN,diag_feasible_at_xpre,0,0,0,0,0,0,2,1.981522620668547e-14,1.12.6,lbt,1,1,Intel(R) Core(TM) 7 150U,NT,6407b28
degen-r50-m1-d1e-10-p4,100,AGD-SDAJ,1e-7*n,9.999999999999999e-6,2,11,0.014324,0.0140882,98.35381178441776,0.0,8.2e-6,0.0,0.0,0.0,0.0,0.00022759999999999954,0.496810558295922,4.462415001730361e-6,-1.4527232234005175e-15,2.3650472636971287e-6,2.3650472636971287e-6,3.718610733851975e-6,2.3650472636971287e-6,NaN,diag_feasible_at_xpre,0,0,0,0,0,0,2,1.981522620668547e-14,1.12.6,lbt,1,1,Intel(R) Core(TM) 7 150U,NT,6407b28
degen-r50-m1-d1e-10-p4,100,Dykstra-APM,1e-7*n,9.999999999999999e-6,16,16,0.0195231,0.0182995,93.73255271959883,0.0,0.0,0.0,0.0,0.0007686,0.0,0.00045500000000000174,0.496801038429514,1.2428452330187241e-5,-1.6279099940432905e-15,1.7119300166346108e-6,1.7119300166346108e-6,8.757351461837909e-6,1.7119300166346108e-6,NaN,diag_feasible,0,0,0,0,0,0,16,1.981522620668547e-14,1.12.6,lbt,1,1,Intel(R) Core(TM) 7 150U,NT,6407b28
degen-r50-m1-d1e-10-p4,100,Anderson-APM,1e-7*n,9.999999999999999e-6,8,8,0.013857,0.0118487,85.50696398931949,0.0,0.0,0.0,0.0,0.0,0.0014996,0.0005086999999999993,0.49680860291965556,1.5619765662251904e-6,-1.4504153743845079e-15,2.8370233251528987e-7,2.8370233251528987e-7,1.1852130532669299e-6,2.8370233251528987e-7,NaN,diag_feasible,0,0,0,0,0,0,8,1.981522620668547e-14,1.12.6,lbt,1,1,Intel(R) Core(TM) 7 150U,NT,6407b28
degen-r50-m1-d0-p0,100,SBB-Dual,1e-7*n,9.999999999999999e-6,6,7,0.0116629,0.0114178,97.89846436135095,9.8e-6,7.4e-6,4.68e-5,0.0,0.0,0.0,0.00018109999999999985,0.49750306688964685,1.8962712455181272e-6,-1.6088303754871911e-15,1.3215528846810543e-6,0.0,2.4642670463430047e-6,1.3215528846810543e-6,20.0,diag_feasible,0,0,0,0,0,0,6,4.9048115276053e-14,1.12.6,lbt,1,1,Intel(R) Core(TM) 7 150U,NT,6407b28
degen-r50-m1-d0-p0,100,Newton-SIN-BH,1e-7*n,9.999999999999999e-6,3,4,0.0061287,0.0050146,81.82159348638373,0.0,3.8e-6,0.0,0.0009302,0.0,0.0,0.00018009999999999988,0.4975030592604265,6.360215361296606e-8,-1.7859086202339794e-15,1.9523713978841784e-8,1.9523713978841784e-8,5.373674945895171e-8,1.9523713978841784e-8,NaN,converged,7,7,0,0,0,0,3,4.9048115276053e-14,1.12.6,lbt,1,1,Intel(R) Core(TM) 7 150U,NT,6407b28
degen-r50-m1-d0-p0,100,Newton-SIN,1e-7*n,9.999999999999999e-6,3,7,0.0119415,0.0106385,89.08847297240715,0.0,5.2e-6,0.0,0.001122,0.0,0.0,0.00017580000000000048,0.4975030592604265,6.360215361296606e-8,-1.7859086202339794e-15,1.9523713978841784e-8,1.9523713978841784e-8,5.373674945895171e-8,1.9523713978841784e-8,NaN,converged,7,7,0,0,0,0,3,4.9048115276053e-14,1.12.6,lbt,1,1,Intel(R) Core(TM) 7 150U,NT,6407b28
degen-r50-m1-d0-p0,100,AGD-SDAJ-BH,1e-7*n,9.999999999999999e-6,2,9,0.0093297,0.0091636,98.21966408351823,0.0,4.9e-6,0.0,0.0,0.0,0.0,0.0001612000000000006,0.49750490514425955,1.0392037649789636e-5,-1.671077584611566e-15,4.4581294590395615e-6,4.4581294590395615e-6,8.613314275277755e-6,4.4581294590395615e-6,NaN,diag_feasible_at_xpre,0,0,0,0,0,0,2,4.9048115276053e-14,1.12.6,lbt,1,1,Intel(R) Core(TM) 7 150U,NT,6407b28
degen-r50-m1-d0-p0,100,AGD-SDAJ,1e-7*n,9.999999999999999e-6,2,9,0.0098988,0.009721599999999999,98.20988402634663,0.0,6.4e-6,0.0,0.0,0.0,0.0,0.00017080000000000063,0.49750490514425955,1.0392037649789636e-5,-1.671077584611566e-15,4.4581294590395615e-6,4.4581294590395615e-6,8.613314275277755e-6,4.4581294590395615e-6,NaN,diag_feasible_at_xpre,0,0,0,0,0,0,2,4.9048115276053e-14,1.12.6,lbt,1,1,Intel(R) Core(TM) 7 150U,NT,6407b28
degen-r50-m1-d0-p0,100,Dykstra-APM,1e-7*n,9.999999999999999e-6,16,16,0.0227632,0.0213863,93.95120193997329,0.0,0.0,0.0,0.0,0.0008778,0.0,0.0004991000000000004,0.4974950543951429,1.1818476070029296e-5,-1.4849387413075997e-15,2.2218544246666028e-6,2.2218544246666028e-6,8.33708261514108e-6,2.2218544246666028e-6,NaN,diag_feasible,0,0,0,0,0,0,16,4.9048115276053e-14,1.12.6,lbt,1,1,Intel(R) Core(TM) 7 150U,NT,6407b28
degen-r50-m1-d0-p0,100,Anderson-APM,1e-7*n,9.999999999999999e-6,8,8,0.0091777,0.0078093,85.08994628283774,0.0,0.0,0.0,0.0,0.0,0.0009448,0.00042360000000000054,0.4975017817067332,2.084999198129857e-6,-1.492365555023679e-15,3.9159408515843097e-7,3.9159408515843097e-7,1.5700129349848341e-6,3.9159408515843097e-7,NaN,diag_feasible,0,0,0,0,0,0,8,4.9048115276053e-14,1.12.6,lbt,1,1,Intel(R) Core(TM) 7 150U,NT,6407b28
degen-r50-m1-d0-p1,100,SBB-Dual,1e-7*n,9.999999999999999e-6,6,7,0.0069646,0.006803,97.67969445481435,6.5e-6,4.2e-6,2.97e-5,0.0,0.0,0.0,0.0001211999999999996,0.49768734825454525,1.5044873121143163e-6,-1.7131503127639487e-15,1.6342966604465659e-6,0.0,2.0813895844209834e-6,1.6342966604465659e-6,20.0,diag_feasible,0,0,0,0,0,0,6,4.4229117191921616e-14,1.12.6,lbt,1,1,Intel(R) Core(TM) 7 150U,NT,6407b28
degen-r50-m1-d0-p1,100,Newton-SIN-BH,1e-7*n,9.999999999999999e-6,3,4,0.0050045,0.0041012999999999996,81.9522429813168,0.0,3.1e-6,0.0,0.000744,0.0,0.0,0.0001561000000000007,0.4976873394528928,5.084252125681737e-8,-1.4391733004749476e-15,1.9157092134847176e-8,1.9157092134847176e-8,4.311759965558233e-8,1.9157092134847176e-8,NaN,converged,7,7,0,0,0,0,3,4.4229117191921616e-14,1.12.6,lbt,1,1,Intel(R) Core(TM) 7 150U,NT,6407b28
degen-r50-m1-d0-p1,100,Newton-SIN,1e-7*n,9.999999999999999e-6,3,7,0.0080492,0.0071075,88.30070069075188,0.0,3.3e-6,0.0,0.0008111,0.0,0.0,0.00012729999999999925,0.4976873394528928,5.084252125681737e-8,-1.4391733004749476e-15,1.9157092134847176e-8,1.9157092134847176e-8,4.311759965558233e-8,1.9157092134847176e-8,NaN,converged,7,7,0,0,0,0,3,4.4229117191921616e-14,1.12.6,lbt,1,1,Intel(R) Core(TM) 7 150U,NT,6407b28
degen-r50-m1-d0-p1,100,AGD-SDAJ-BH,1e-7*n,9.999999999999999e-6,2,11,0.0183969,0.0181054,98.41549391473563,0.0,1.13e-5,0.0,0.0,0.0,0.0,0.0002802000000000001,0.49768817795430403,2.6317415425358664e-6,-1.5066372305826064e-15,1.3508149161456373e-6,1.3508149161456373e-6,2.153794116272141e-6,1.3508149161456373e-6,NaN,diag_feasible_at_xpre,0,0,0,0,0,0,2,4.4229117191921616e-14,1.12.6,lbt,1,1,Intel(R) Core(TM) 7 150U,NT,6407b28
degen-r50-m1-d0-p1,100,AGD-SDAJ,1e-7*n,9.999999999999999e-6,2,11,0.0107322,0.0104888,97.73205866457948,0.0,5.4e-6,0.0,0.0,0.0,0.0,0.00023800000000000126,0.49768817795430403,2.6317415425358664e-6,-1.5066372305826064e-15,1.3508149161456373e-6,1.3508149161456373e-6,2.153794116272141e-6,1.3508149161456373e-6,NaN,diag_feasible_at_xpre,0,0,0,0,0,0,2,4.4229117191921616e-14,1.12.6,lbt,1,1,Intel(R) Core(TM) 7 150U,NT,6407b28
degen-r50-m1-d0-p1,100,Dykstra-APM,1e-7*n,9.999999999999999e-6,16,16,0.0160308,0.0150727,94.02337999351248,0.0,0.0,0.0,0.0,0.0005983,0.0,0.0003598000000000017,0.4976797616067607,1.1043911252544131e-5,-1.579907487783835e-15,1.8792355875874023e-6,1.8792355875874023e-6,7.80848331192337e-6,1.8792355875874023e-6,NaN,diag_feasible,0,0,0,0,0,0,16,4.4229117191921616e-14,1.12.6,lbt,1,1,Intel(R) Core(TM) 7 150U,NT,6407b28
degen-r50-m1-d0-p1,100,Anderson-APM,1e-7*n,9.999999999999999e-6,8,8,0.0137753,0.0115962,84.18110676355505,0.0,0.0,0.0,0.0,0.0,0.0015197,0.0006594000000000016,0.4976862901366022,1.833530394957531e-6,-1.4420737603449883e-15,2.866496964237797e-7,2.866496964237797e-7,1.4042369931991962e-6,2.866496964237797e-7,NaN,diag_feasible,0,0,0,0,0,0,8,4.4229117191921616e-14,1.12.6,lbt,1,1,Intel(R) Core(TM) 7 150U,NT,6407b28
degen-r50-m1-d0-p2,100,SBB-Dual,1e-7*n,9.999999999999999e-6,6,7,0.0069599,0.0068015,97.724105231397,5.6e-6,4.5e-6,2.96e-5,0.0,0.0,0.0,0.00011869999999999951,0.4970509483592156,1.5673223525651565e-6,-1.653718142798332e-15,1.2751693816426268e-6,0.0,2.123136872228883e-6,1.2751693816426268e-6,20.0,diag_feasible,0,0,0,0,0,0,6,2.3947127181370697e-14,1.12.6,lbt,1,1,Intel(R) Core(TM) 7 150U,NT,6407b28
degen-r50-m1-d0-p2,100,Newton-SIN-BH,1e-7*n,9.999999999999999e-6,3,4,0.0049761,0.0040761,81.91354675348165,0.0,2.6e-6,0.0,0.0007466,0.0,0.0,0.00015079999999999976,0.4970509413483113,6.281467622920505e-8,-1.5869654568961809e-15,2.4866666503697843e-8,2.4866666503697843e-8,5.3503408926829536e-8,2.4866666503697843e-8,NaN,converged,7,7,0,0,0,0,3,2.3947127181370697e-14,1.12.6,lbt,1,1,Intel(R) Core(TM) 7 150U,NT,6407b28
degen-r50-m1-d0-p2,100,Newton-SIN,1e-7*n,9.999999999999999e-6,3,7,0.0076697,0.0067977,88.6305852901678,0.0,4.1e-6,0.0,0.0007546,0.0,0.0,0.00011329999999999945,0.4970509413483113,6.281467622920505e-8,-1.5869654568961809e-15,2.4866666503697843e-8,2.4866666503697843e-8,5.3503408926829536e-8,2.4866666503697843e-8,NaN,converged,7,7,0,0,0,0,3,2.3947127181370697e-14,1.12.6,lbt,1,1,Intel(R) Core(TM) 7 150U,NT,6407b28
degen-r50-m1-d0-p2,100,AGD-SDAJ-BH,1e-7*n,9.999999999999999e-6,2,15,0.014207,0.0139847,98.43527838389527,0.0,6.7e-6,0.0,0.0,0.0,0.0,0.00021559999999999993,0.4970509331827278,1.7349196588778212e-6,-1.5252462669005041e-15,7.876719352317707e-7,7.876719352317707e-7,1.4934015219254418e-6,7.876719352317707e-7,NaN,diag_feasible,0,0,2,2,0,0,2,2.3947127181370697e-14,1.12.6,lbt,1,1,Intel(R) Core(TM) 7 150U,NT,6407b28
degen-r50-m1-d0-p2,100,AGD-SDAJ,1e-7*n,9.999999999999999e-6,2,15,0.0141781,0.0139404,98.3234707048194,0.0,8.1e-6,0.0,0.0,0.0,0.0,0.0002296000000000004,0.4970509331827278,1.7349196588778212e-6,-1.5252462669005041e-15,7.876719352317707e-7,7.876719352317707e-7,1.4934015219254418e-6,7.876719352317707e-7,NaN,diag_feasible,0,0,2,2,0,0,2,2.3947127181370697e-14,1.12.6,lbt,1,1,Intel(R) Core(TM) 7 150U,NT,6407b28
degen-r50-m1-d0-p2,100,Dykstra-APM,1e-7*n,9.999999999999999e-6,16,16,0.0162138,0.0152542,94.08158482280527,0.0,0.0,0.0,0.0,0.0006077,0.0,0.0003518999999999997,0.49704289700477283,1.1670945559478369e-5,-1.55263363355749e-15,1.6793405122061955e-6,1.6793405122061955e-6,8.238230594099589e-6,1.6793405122061955e-6,NaN,diag_feasible,0,0,0,0,0,0,16,2.3947127181370697e-14,1.12.6,lbt,1,1,Intel(R) Core(TM) 7 150U,NT,6407b28
degen-r50-m1-d0-p2,100,Anderson-APM,1e-7*n,9.999999999999999e-6,8,8,0.0102615,0.008692,84.70496516103883,0.0,0.0,0.0,0.0,0.0,0.0010538,0.0005156999999999998,0.4970500188935925,1.5605044958059074e-6,-1.2291347860386715e-15,2.689687963464138e-7,2.689687963464138e-7,1.1906584278445346e-6,2.689687963464138e-7,NaN,diag_feasible,0,0,0,0,0,0,8,2.3947127181370697e-14,1.12.6,lbt,1,1,Intel(R) Core(TM) 7 150U,NT,6407b28
degen-r50-m1-d0-p3,100,SBB-Dual,1e-7*n,9.999999999999999e-6,6,7,0.0070408,0.0068786,97.69628451312352,6.9e-6,4.1e-6,3.21e-5,0.0,0.0,0.0,0.00011909999999999951,0.4971913611311449,1.6496502135703104e-6,-1.387244402782021e-15,1.2938568689779828e-6,0.0,2.3358984372542176e-6,1.2938568689779828e-6,20.0,diag_feasible,0,0,0,0,0,0,6,1.795680636998374e-14,1.12.6,lbt,1,1,Intel(R) Core(TM) 7 150U,NT,6407b28
degen-r50-m1-d0-p3,100,Newton-SIN-BH,1e-7*n,9.999999999999999e-6,3,4,0.0072827,0.005942899999999999,81.60297691790132,0.0,5.2e-6,0.0,0.0011175,0.0,0.0,0.00021710000000000045,0.4971913517346705,7.340093283990706e-8,-1.6355977809783733e-15,2.7691887449776686e-8,2.7691887449776686e-8,6.254468359514476e-8,2.7691887449776686e-8,NaN,converged,7,7,0,0,0,0,3,1.795680636998374e-14,1.12.6,lbt,1,1,Intel(R) Core(TM) 7 150U,NT,6407b28
degen-r50-m1-d0-p3,100,Newton-SIN,1e-7*n,9.999999999999999e-6,3,7,0.0120242,0.0106453,88.53229320869579,0.0,6.4e-6,0.0,0.0011616,0.0,0.0,0.00021090000000000063,0.4971913517346705,7.340093283990706e-8,-1.6355977809783733e-15,2.7691887449776686e-8,2.7691887449776686e-8,6.254468359514476e-8,2.7691887449776686e-8,NaN,converged,7,7,0,0,0,0,3,1.795680636998374e-14,1.12.6,lbt,1,1,Intel(R) Core(TM) 7 150U,NT,6407b28
degen-r50-m1-d0-p3,100,AGD-SDAJ-BH,1e-7*n,9.999999999999999e-6,2,9,0.008699,0.008546400000000001,98.24577537648005,0.0,4.5e-6,0.0,0.0,0.0,0.0,0.00014809999999999926,0.4971926352061952,9.550656329056308e-6,-1.5337663905277076e-15,2.9139074473327753e-6,2.9139074473327753e-6,8.056628135050996e-6,2.9139074473327753e-6,NaN,diag_feasible_at_xpre,0,0,0,0,0,0,2,1.795680636998374e-14,1.12.6,lbt,1,1,Intel(R) Core(TM) 7 150U,NT,6407b28
degen-r50-m1-d0-p3,100,AGD-SDAJ,1e-7*n,9.999999999999999e-6,2,9,0.0089036,0.0087482,98.25463857316142,0.0,5.3e-6,0.0,0.0,0.0,0.0,0.0001501,0.4971926352061952,9.550656329056308e-6,-1.5337663905277076e-15,2.9139074473327753e-6,2.9139074473327753e-6,8.056628135050996e-6,2.9139074473327753e-6,NaN,diag_feasible_at_xpre,0,0,0,0,0,0,2,1.795680636998374e-14,1.12.6,lbt,1,1,Intel(R) Core(TM) 7 150U,NT,6407b28
degen-r50-m1-d0-p3,100,Dykstra-APM,1e-7*n,9.999999999999999e-6,16,16,0.0211645,0.0200157,94.57204280753149,0.0,0.0,0.0,0.0,0.0007233,0.0,0.00042549999999999847,0.49718341918142617,1.152994098124471e-5,-1.5078767489352245e-15,1.6539150413663606e-6,1.6539150413663606e-6,8.14104288913995e-6,1.6539150413663606e-6,NaN,diag_feasible,0,0,0,0,0,0,16,1.795680636998374e-14,1.12.6,lbt,1,1,Intel(R) Core(TM) 7 150U,NT,6407b28
degen-r50-m1-d0-p3,100,Anderson-APM,1e-7*n,9.999999999999999e-6,8,8,0.0091723,0.0077158,84.12066766241838,0.0,0.0,0.0,0.0,0.0,0.0009959,0.0004605999999999994,0.4971903181167069,1.672239977758529e-6,-1.572888851299138e-15,2.9419367142402564e-7,2.9419367142402564e-7,1.2546594898589479e-6,2.9419367142402564e-7,NaN,diag_feasible,0,0,0,0,0,0,8,1.795680636998374e-14,1.12.6,lbt,1,1,Intel(R) Core(TM) 7 150U,NT,6407b28
degen-r50-m1-d0-p4,100,SBB-Dual,1e-7*n,9.999999999999999e-6,6,7,0.0070508,0.0068977,97.82861519260226,5.5e-6,3.9e-6,3.05e-5,0.0,0.0,0.0,0.00011320000000000062,0.49680955605532223,1.7040303734741714e-6,-1.3626485075553986e-15,1.2757702159138518e-6,0.0,2.22476431112876e-6,1.2757702159138518e-6,20.0,diag_feasible,0,0,0,0,0,0,6,3.3572821182335826e-14,1.12.6,lbt,1,1,Intel(R) Core(TM) 7 150U,NT,6407b28
degen-r50-m1-d0-p4,100,Newton-SIN-BH,1e-7*n,9.999999999999999e-6,3,4,0.0084888,0.006938000000000001,81.73122231646406,0.0,5.4e-6,0.0,0.001278,0.0,0.0,0.0002673999999999988,0.49680955347983596,6.242074712502329e-8,-1.8495307143855702e-15,1.7289540354958888e-8,1.7289540354958888e-8,5.353082624575263e-8,1.7289540354958888e-8,NaN,converged,7,7,0,0,0,0,3,3.3572821182335826e-14,1.12.6,lbt,1,1,Intel(R) Core(TM) 7 150U,NT,6407b28
degen-r50-m1-d0-p4,100,Newton-SIN,1e-7*n,9.999999999999999e-6,3,7,0.0075756,0.0066473,87.74618512065051,0.0,4.7e-6,0.0,0.0008066,0.0,0.0,0.00011700000000000002,0.49680955347983596,6.242074712502329e-8,-1.8495307143855702e-15,1.7289540354958888e-8,1.7289540354958888e-8,5.353082624575263e-8,1.7289540354958888e-8,NaN,converged,7,7,0,0,0,0,3,3.3572821182335826e-14,1.12.6,lbt,1,1,Intel(R) Core(TM) 7 150U,NT,6407b28
degen-r50-m1-d0-p4,100,AGD-SDAJ-BH,1e-7*n,9.999999999999999e-6,2,11,0.0112889,0.0111015,98.33996226381667,0.0,6.4e-6,0.0,0.0,0.0,0.0,0.00018099999999999903,0.4968105581143541,4.461204824323504e-6,-1.587377504474706e-15,2.3635713113367984e-6,2.3635713113367984e-6,3.7176055224735263e-6,2.3635713113367984e-6,NaN,diag_feasible_at_xpre,0,0,0,0,0,0,2,3.3572821182335826e-14,1.12.6,lbt,1,1,Intel(R) Core(TM) 7 150U,NT,6407b28
degen-r50-m1-d0-p4,100,AGD-SDAJ,1e-7*n,9.999999999999999e-6,2,11,0.0165124,0.015784,95.58876965189796,0.0,0.0005629,0.0,0.0,0.0,0.0,0.0001655000000000006,0.4968105581143541,4.461204824323504e-6,-1.587377504474706e-15,2.3635713113367984e-6,2.3635713113367984e-6,3.7176055224735263e-6,2.3635713113367984e-6,NaN,diag_feasible_at_xpre,0,0,0,0,0,0,2,3.3572821182335826e-14,1.12.6,lbt,1,1,Intel(R) Core(TM) 7 150U,NT,6407b28
degen-r50-m1-d0-p4,100,Dykstra-APM,1e-7*n,9.999999999999999e-6,16,16,0.0174373,0.0164386,94.27262248169156,0.0,0.0,0.0,0.0,0.0006322,0.0,0.00036649999999999823,0.4968010384387509,1.24284522827953e-5,-1.6526124892937709e-15,1.711930018188923e-6,1.711930018188923e-6,8.757351465637458e-6,1.711930018188923e-6,NaN,diag_feasible,0,0,0,0,0,0,16,3.3572821182335826e-14,1.12.6,lbt,1,1,Intel(R) Core(TM) 7 150U,NT,6407b28
degen-r50-m1-d0-p4,100,Anderson-APM,1e-7*n,9.999999999999999e-6,8,8,0.0104927,0.0089658,85.4479781181202,0.0,0.0,0.0,0.0,0.0,0.0010819,0.00044500000000000117,0.4968086029288947,1.5619766030683638e-6,-1.45298837058174e-15,2.8370233251528987e-7,2.8370233251528987e-7,1.1852130555909583e-6,2.8370233251528987e-7,NaN,diag_feasible,0,0,0,0,0,0,8,3.3572821182335826e-14,1.12.6,lbt,1,1,Intel(R) Core(TM) 7 150U,NT,6407b28
degen-r50-m5-d0.01-p0,100,SBB-Dual,1e-7*n,9.999999999999999e-6,6,7,0.0077531,0.0075788,97.75186699513743,6.2e-6,4.1e-6,3.17e-5,0.0,0.0,0.0,0.00013229999999999964,0.4906613918174728,4.502777038619897e-6,-1.6313911482962283e-15,1.3346082019527472e-6,0.0,4.997373731628705e-6,1.3346082019527472e-6,0.0,diag_feasible,0,0,0,0,0,0,6,4.781994904706968e-14,1.12.6,lbt,1,1,Intel(R) Core(TM) 7 150U,NT,6407b28
degen-r50-m5-d0.01-p0,100,Newton-SIN-BH,1e-7*n,9.999999999999999e-6,3,4,0.0077084,0.0059884,77.68667946655596,0.0,4.9e-6,0.0,0.0015028,0.0,0.0,0.00021230000000000012,0.49066139175947016,1.069935240906641e-9,-1.7386692126770153e-15,2.828945966371066e-10,2.828945966371066e-10,9.134122797983686e-10,2.828945966371066e-10,NaN,converged,9,9,0,0,0,0,3,4.781994904706968e-14,1.12.6,lbt,1,1,Intel(R) Core(TM) 7 150U,NT,6407b28
degen-r50-m5-d0.01-p0,100,Newton-SIN,1e-7*n,9.999999999999999e-6,3,7,0.0080071,0.006921,86.43578823793884,0.0,3.8e-6,0.0,0.0009628,0.0,0.0,0.0001194999999999996,0.49066139175947016,1.069935240906641e-9,-1.7386692126770153e-15,2.828945966371066e-10,2.828945966371066e-10,9.134122797983686e-10,2.828945966371066e-10,NaN,converged,9,9,0,0,0,0,3,4.781994904706968e-14,1.12.6,lbt,1,1,Intel(R) Core(TM) 7 150U,NT,6407b28
degen-r50-m5-d0.01-p0,100,AGD-SDAJ-BH,1e-7*n,9.999999999999999e-6,2,14,0.0136898,0.01348,98.46747213253664,0.0,7.0e-6,0.0,0.0,0.0,0.0,0.00020279999999999956,0.49065443833124084,1.2811108794688437e-5,-1.762439071605082e-15,2.474817775599547e-6,2.474817775599547e-6,9.626760033547454e-6,2.474817775599547e-6,NaN,diag_feasible,0,0,1,1,0,0,2,4.781994904706968e-14,1.12.6,lbt,1,1,Intel(R) Core(TM) 7 150U,NT,6407b28
degen-r50-m5-d0.01-p0,100,AGD-SDAJ,1e-7*n,9.999999999999999e-6,2,14,0.0231151,0.0227684,98.50011464367448,0.0,1.47e-5,0.0,0.0,0.0,0.0,0.0003319999999999984,0.49065443833124084,1.2811108794688437e-5,-1.762439071605082e-15,2.474817775599547e-6,2.474817775599547e-6,9.626760033547454e-6,2.474817775599547e-6,NaN,diag_feasible,0,0,1,1,0,0,2,4.781994904706968e-14,1.12.6,lbt,1,1,Intel(R) Core(TM) 7 150U,NT,6407b28
degen-r50-m5-d0.01-p0,100,Dykstra-APM,1e-7*n,9.999999999999999e-6,16,16,0.0242948,0.0221552,91.19317714078734,0.0,0.0,0.0,0.0,0.0016723,0.0,0.0004672999999999984,0.4906537183897735,1.2098749201943526e-5,-1.5765570969212294e-15,2.0600086902966552e-6,2.0600086902966552e-6,8.459521009957174e-6,2.0600086902966552e-6,NaN,diag_feasible,0,0,0,0,0,0,16,4.781994904706968e-14,1.12.6,lbt,1,1,Intel(R) Core(TM) 7 150U,NT,6407b28
degen-r50-m5-d0.01-p0,100,Anderson-APM,1e-7*n,9.999999999999999e-6,9,9,0.0170747,0.0145429,85.17221386027279,0.0,0.0,0.0,0.0,0.0,0.0019578,0.0005740000000000025,0.4906612870987947,6.696994290243461e-7,-1.42488578128765e-15,1.9836671860673505e-7,1.9836671860673505e-7,5.436666780354233e-7,1.9836671860673505e-7,NaN,diag_feasible,0,0,0,0,0,0,9,4.781994904706968e-14,1.12.6,lbt,1,1,Intel(R) Core(TM) 7 150U,NT,6407b28
degen-r50-m5-d0.01-p1,100,SBB-Dual,1e-7*n,9.999999999999999e-6,6,7,0.0121223,0.0118822,98.01935276308951,9.9e-6,7.5e-6,4.37e-5,0.0,0.0,0.0,0.00017900000000000004,0.49097299661564503,4.146124819574107e-6,-1.3766162533202855e-15,1.2573965508799745e-6,0.0,4.4352100218091114e-6,1.2573965508799745e-6,0.0,diag_feasible,0,0,0,0,0,0,6,1.549864980054063e-14,1.12.6,lbt,1,1,Intel(R) Core(TM) 7 150U,NT,6407b28
degen-r50-m5-d0.01-p1,100,Newton-SIN-BH,1e-7*n,9.999999999999999e-6,3,4,0.0052077,0.0041028,78.78334005415059,0.0,3.0e-6,0.0,0.0009583,0.0,0.0,0.0001435999999999998,0.4909729965646418,7.950228539722075e-10,-1.3672746945253217e-15,2.8764257642421853e-10,2.8764257642421853e-10,6.728512211827608e-10,2.8764257642421853e-10,NaN,converged,9,9,0,0,0,0,3,1.549864980054063e-14,1.12.6,lbt,1,1,Intel(R) Core(TM) 7 150U,NT,6407b28
degen-r50-m5-d0.01-p1,100,Newton-SIN,1e-7*n,9.999999999999999e-6,3,7,0.0125371,0.0107467,85.71918545756195,0.0,6.3e-6,0.0,0.001626,0.0,0.0,0.00015810000000000086,0.4909729965646418,7.950228539722075e-10,-1.3672746945253217e-15,2.8764257642421853e-10,2.8764257642421853e-10,6.728512211827608e-10,2.8764257642421853e-10,NaN,converged,9,9,0,0,0,0,3,1.549864980054063e-14,1.12.6,lbt,1,1,Intel(R) Core(TM) 7 150U,NT,6407b28
degen-r50-m5-d0.01-p1,100,AGD-SDAJ-BH,1e-7*n,9.999999999999999e-6,2,13,0.0127008,0.0125021,98.43553162005543,0.0,6.2e-6,0.0,0.0,0.0,0.0,0.00019249999999999958,0.4909670156061572,1.1078638658045458e-5,-1.4644662338598652e-15,2.6906563501682967e-6,2.6906563501682967e-6,8.354216529029415e-6,2.6906563501682967e-6,NaN,diag_feasible,0,0,0,0,0,0,2,1.549864980054063e-14,1.12.6,lbt,1,1,Intel(R) Core(TM) 7 150U,NT,6407b28
degen-r50-m5-d0.01-p1,100,AGD-SDAJ,1e-7*n,9.999999999999999e-6,2,13,0.0127567,0.012558900000000001,98.44944225387445,0.0,6.2e-6,0.0,0.0,0.0,0.0,0.000191599999999998,0.4909670156061572,1.1078638658045458e-5,-1.4644662338598652e-15,2.6906563501682967e-6,2.6906563501682967e-6,8.354216529029415e-6,2.6906563501682967e-6,NaN,diag_feasible,0,0,0,0,0,0,2,1.549864980054063e-14,1.12.6,lbt,1,1,Intel(R) Core(TM) 7 150U,NT,6407b28
degen-r50-m5-d0.01-p1,100,Dykstra-APM,1e-7*n,9.999999999999999e-6,16,16,0.0165536,0.0155197,93.75422868741542,0.0,0.0,0.0,0.0,0.000669,0.0,0.0003649000000000008,0.49096563867893234,1.1479648730131232e-5,-1.78533199856431e-15,1.8216453809838384e-6,1.8216453809838384e-6,8.043226477988602e-6,1.8216453809838384e-6,NaN,diag_feasible,0,0,0,0,0,0,16,1.549864980054063e-14,1.12.6,lbt,1,1,Intel(R) Core(TM) 7 150U,NT,6407b28
degen-r50-m5-d0.01-p1,100,Anderson-APM,1e-7*n,9.999999999999999e-6,8,8,0.0116852,0.0094011,80.45305172354774,0.0,0.0,0.0,0.0,0.0,0.0010658,0.001218299999999999,0.4909664258274932,1.2915839528448424e-5,-1.492314708422043e-15,6.247204370479764e-6,6.247204370479764e-6,9.400687000686944e-6,6.247204370479764e-6,NaN,diag_feasible,0,0,0,0,0,0,8,1.549864980054063e-14,1.12.6,lbt,1,1,Intel(R) Core(TM) 7 150U,NT,6407b28
degen-r50-m5-d0.01-p2,100,SBB-Dual,1e-7*n,9.999999999999999e-6,6,7,0.008852,0.0086561,97.786940804338,6.5e-6,5.3e-6,4.33e-5,0.0,0.0,0.0,0.0001408000000000006,0.4897129090822945,4.981450096741957e-6,-1.3589932533136854e-15,1.4537159471750272e-6,0.0,5.616645917688132e-6,1.4537159471750272e-6,0.0,diag_feasible,0,0,0,0,0,0,6,2.0007746788300057e-14,1.12.6,lbt,1,1,Intel(R) Core(TM) 7 150U,NT,6407b28
degen-r50-m5-d0.01-p2,100,Newton-SIN-BH,1e-7*n,9.999999999999999e-6,3,4,0.0069743,0.0055162,79.09324233256385,0.0,4.7e-6,0.0,0.0012587,0.0,0.0,0.00019470000000000034,0.4897129088895623,1.4618307724919511e-9,-1.4860036688681595e-15,5.676910053153961e-10,5.676910053153961e-10,1.26938032322582e-9,5.676910053153961e-10,NaN,converged,9,9,0,0,0,0,3,2.0007746788300057e-14,1.12.6,lbt,1,1,Intel(R) Core(TM) 7 150U,NT,6407b28
degen-r50-m5-d0.01-p2,100,Newton-SIN,1e-7*n,9.999999999999999e-6,3,7,0.0108111,0.009634,89.11211625089028,0.0,3.7e-6,0.0,0.0010293,0.0,0.0,0.00014410000000000052,0.4897129088895623,1.4618307724919511e-9,-1.4860036688681595e-15,5.676910053153961e-10,5.676910053153961e-10,1.26938032322582e-9,5.676910053153961e-10,NaN,converged,9,9,0,0,0,0,3,2.0007746788300057e-14,1.12.6,lbt,1,1,Intel(R) Core(TM) 7 150U,NT,6407b28
degen-r50-m5-d0.01-p2,100,AGD-SDAJ-BH,1e-7*n,9.999999999999999e-6,2,14,0.0139794,0.0137547,98.39263487703334,0.0,7.8e-6,0.0,0.0,0.0,0.0,0.00021689999999999955,0.48970636651820254,1.2111861697134008e-5,-1.7044669839288397e-15,2.925311761714511e-6,2.925311761714511e-6,9.229770386492429e-6,2.925311761714511e-6,NaN,diag_feasible,0,0,1,1,0,0,2,2.0007746788300057e-14,1.12.6,lbt,1,1,Intel(R) Core(TM) 7 150U,NT,6407b28
degen-r50-m5-d0.01-p2,100,AGD-SDAJ,1e-7*n,9.999999999999999e-6,2,14,0.0170753,0.0168275,98.54878098774252,0.0,9.4e-6,0.0,0.0,0.0,0.0,0.00023840000000000287,0.48970636651820254,1.2111861697134008e-5,-1.7044669839288397e-15,2.925311761714511e-6,2.925311761714511e-6,9.229770386492429e-6,2.925311761714511e-6,NaN,diag_feasible,0,0,1,1,0,0,2,2.0007746788300057e-14,1.12.6,lbt,1,1,Intel(R) Core(TM) 7 150U,NT,6407b28
degen-r50-m5-d0.01-p2,100,Dykstra-APM,1e-7*n,9.999999999999999e-6,16,16,0.0269049,0.0254045,94.4233206590621,0.0,0.0,0.0,0.0,0.0009235,0.0,0.000576899999999999,0.48970496222281185,1.2353504553700278e-5,-1.5493228350350104e-15,1.6432418883383093e-6,1.6432418883383093e-6,8.637980851920324e-6,1.6432418883383093e-6,NaN,diag_feasible,0,0,0,0,0,0,16,2.0007746788300057e-14,1.12.6,lbt,1,1,Intel(R) Core(TM) 7 150U,NT,6407b28
degen-r50-m5-d0.01-p2,100,Anderson-APM,1e-7*n,9.999999999999999e-6,8,8,0.01531,0.0128786,84.11887655127367,0.0,0.0,0.0,0.0,0.0,0.0017097,0.0007217000000000002,0.4897077091886175,1.0231435095436231e-5,-1.6833708940044479e-15,3.810367825707317e-6,3.810367825707317e-6,7.500059596824453e-6,3.810367825707317e-6,NaN,diag_feasible,0,0,0,0,0,0,8,2.0007746788300057e-14,1.12.6,lbt,1,1,Intel(R) Core(TM) 7 150U,NT,6407b28
degen-r50-m5-d0.01-p3,100,SBB-Dual,1e-7*n,9.999999999999999e-6,6,7,0.0075223,0.0065875,87.57294976270555,6.0e-6,4.4e-6,2.91e-5,0.0,0.0,0.0,0.0008953000000000003,0.4889885448090085,4.8216229434840205e-6,-1.62072890269716e-15,2.23474157134973e-6,0.0,5.6394969536046115e-6,2.23474157134973e-6,0.0,diag_feasible,0,0,0,0,0,0,6,1.7794419681032807e-14,1.12.6,lbt,1,1,Intel(R) Core(TM) 7 150U,NT,6407b28
degen-r50-m5-d0.01-p3,100,Newton-SIN-BH,1e-7*n,9.999999999999999e-6,3,4,0.0053778,0.0042613,79.23872215404069,0.0,3.3e-6,0.0,0.0009645,0.0,0.0,0.00014870000000000042,0.48898854468779906,1.348730562521126e-9,-1.492317118077142e-15,4.734779235349151e-10,4.734779235349151e-10,1.1523938484462444e-9,4.734779235349151e-10,NaN,converged,9,9,0,0,0,0,3,1.7794419681032807e-14,1.12.6,lbt,1,1,Intel(R) Core(TM) 7 150U,NT,6407b28
degen-r50-m5-d0.01-p3,100,Newton-SIN,1e-7*n,9.999999999999999e-6,3,7,0.008564,0.0074802,87.34469873890706,0.0,4.2e-6,0.0,0.0009612,0.0,0.0,0.00011840000000000017,0.48898854468779906,1.348730562521126e-9,-1.492317118077142e-15,4.734779235349151e-10,4.734779235349151e-10,1.1523938484462444e-9,4.734779235349151e-10,NaN,converged,9,9,0,0,0,0,3,1.7794419681032807e-14,1.12.6,lbt,1,1,Intel(R) Core(TM) 7 150U,NT,6407b28
degen-r50-m5-d0.01-p3,100,AGD-SDAJ-BH,1e-7*n,9.999999999999999e-6,3,16,0.0160579,0.0158008,98.39891891218652,0.0,8.5e-6,0.0,0.0,0.0,0.0,0.0002485999999999997,0.48898655661679447,4.177546389670587e-6,-1.5861130793588824e-15,1.6304292720370483e-6,1.6304292720370483e-6,3.407855767789774e-6,1.6304292720370483e-6,NaN,diag_feasible_at_xpre,0,0,1,1,0,0,3,1.7794419681032807e-14,1.12.6,lbt,1,1,Intel(R) Core(TM) 7 150U,NT,6407b28
degen-r50-m5-d0.01-p3,100,AGD-SDAJ,1e-7*n,9.999999999999999e-6,3,16,0.0156489,0.0154015,98.41905820856418,0.0,8.1e-6,0.0,0.0,0.0,0.0,0.00023930000000000004,0.48898655661679447,4.177546389670587e-6,-1.5861130793588824e-15,1.6304292720370483e-6,1.6304292720370483e-6,3.407855767789774e-6,1.6304292720370483e-6,NaN,diag_feasible_at_xpre,0,0,1,1,0,0,3,1.7794419681032807e-14,1.12.6,lbt,1,1,Intel(R) Core(TM) 7 150U,NT,6407b28
degen-r50-m5-d0.01-p3,100,Dykstra-APM,1e-7*n,9.999999999999999e-6,16,16,0.0168606,0.0157491,93.4077079107505,0.0,0.0,0.0,0.0,0.0006666,0.0,0.00044490000000000133,0.4889805358471288,1.2396724239560083e-5,-1.5734175487134821e-15,1.7782482248929199e-6,1.7782482248929199e-6,8.671684414419946e-6,1.7782482248929199e-6,NaN,diag_feasible,0,0,0,0,0,0,16,1.7794419681032807e-14,1.12.6,lbt,1,1,Intel(R) Core(TM) 7 150U,NT,6407b28
degen-r50-m5-d0.01-p3,100,Anderson-APM,1e-7*n,9.999999999999999e-6,8,8,0.0116772,0.009867,84.49799609495427,0.0,0.0,0.0,0.0,0.0,0.0013531,0.00045709999999999956,0.4889848879489015,8.689085484180641e-6,-1.6959239161573333e-15,4.27779264233763e-6,4.27779264233763e-6,6.534595756596414e-6,4.27779264233763e-6,NaN,diag_feasible,0,0,0,0,0,0,8,1.7794419681032807e-14,1.12.6,lbt,1,1,Intel(R) Core(TM) 7 150U,NT,6407b28
degen-r50-m5-d0.01-p4,100,SBB-Dual,1e-7*n,9.999999999999999e-6,6,7,0.0069773,0.0068166,97.69681682026,6.1e-6,4.9e-6,2.96e-5,0.0,0.0,0.0,0.00012009999999999971,0.4894192519170348,5.324031794476119e-6,-1.5485146241294006e-15,2.0657885809738374e-6,0.0,5.864333306941329e-6,2.0657885809738374e-6,0.0,diag_feasible,0,0,0,0,0,0,6,2.754158790223576e-14,1.12.6,lbt,1,1,Intel(R) Core(TM) 7 150U,NT,6407b28
degen-r50-m5-d0.01-p4,100,Newton-SIN-BH,1e-7*n,9.999999999999999e-6,3,4,0.005137,0.004013,78.11952501459996,0.0,3.1e-6,0.0,0.0009602,0.0,0.0,0.00016069999999999995,0.48941925167893896,1.1593956943187588e-9,-1.6849734529782734e-15,4.5699999340342856e-10,4.5699999340342856e-10,9.94502241018113e-10,4.5699999340342856e-10,NaN,converged,9,9,0,0,0,0,3,2.754158790223576e-14,1.12.6,lbt,1,1,Intel(R) Core(TM) 7 150U,NT,6407b28
degen-r50-m5-d0.01-p4,100,Newton-SIN,1e-7*n,9.999999999999999e-6,3,7,0.0077619,0.006716,86.52520645718187,0.0,3.5e-6,0.0,0.0009317,0.0,0.0,0.00011070000000000058,0.48941925167893896,1.1593956943187588e-9,-1.6849734529782734e-15,4.5699999340342856e-10,4.5699999340342856e-10,9.94502241018113e-10,4.5699999340342856e-10,NaN,converged,9,9,0,0,0,0,3,2.754158790223576e-14,1.12.6,lbt,1,1,Intel(R) Core(TM) 7 150U,NT,6407b28
degen-r50-m5-d0.01-p4,100,AGD-SDAJ-BH,1e-7*n,9.999999999999999e-6,3,17,0.0212029,0.0208727,98.44266586174534,0.0,1.14e-5,0.0,0.0,0.0,0.0,0.00031879999999999924,0.48941675332257906,4.846106248079666e-6,-1.5965741076984059e-15,1.5980547212190999e-6,1.5980547212190999e-6,3.849624618060586e-6,1.5980547212190999e-6,NaN,diag_feasible_at_xpre,0,0,2,2,0,0,3,2.754158790223576e-14,1.12.6,lbt,1,1,Intel(R) Core(TM) 7 150U,NT,6407b28
degen-r50-m5-d0.01-p4,100,AGD-SDAJ,1e-7*n,9.999999999999999e-6,3,17,0.0174812,0.017207700000000003,98.43546209642362,0.0,1.05e-5,0.0,0.0,0.0,0.0,0.000262999999999996,0.48941675332257906,4.846106248079666e-6,-1.5965741076984059e-15,1.5980547212190999e-6,1.5980547212190999e-6,3.849624618060586e-6,1.5980547212190999e-6,NaN,diag_feasible_at_xpre,0,0,2,2,0,0,3,2.754158790223576e-14,1.12.6,lbt,1,1,Intel(R) Core(TM) 7 150U,NT,6407b28
degen-r50-m5-d0.01-p4,100,Dykstra-APM,1e-7*n,9.999999999999999e-6,16,16,0.0216495,0.0204195,94.3185754867318,0.0,0.0,0.0,0.0,0.0007526,0.0,0.0004773999999999985,0.4894109723863288,1.2854689479234139e-5,-1.7926215949844398e-15,1.646730659610185e-6,1.646730659610185e-6,8.981138730099595e-6,1.646730659610185e-6,NaN,diag_feasible,0,0,0,0,0,0,16,2.754158790223576e-14,1.12.6,lbt,1,1,Intel(R) Core(TM) 7 150U,NT,6407b28
degen-r50-m5-d0.01-p4,100,Anderson-APM,1e-7*n,9.999999999999999e-6,8,8,0.0096019,0.0081356,84.72906403940887,0.0,0.0,0.0,0.0,0.0,0.001002,0.00046430000000000017,0.4894158661427565,7.697875375487176e-6,-1.5094607919646365e-15,2.825260803529517e-6,2.825260803529517e-6,5.814836305764787e-6,2.825260803529517e-6,NaN,diag_feasible,0,0,0,0,0,0,8,2.754158790223576e-14,1.12.6,lbt,1,1,Intel(R) Core(TM) 7 150U,NT,6407b28
degen-r50-m5-d0.0001-p0,100,SBB-Dual,1e-7*n,9.999999999999999e-6,6,7,0.0119089,0.0116595,97.90576795505882,1.11e-5,7.7e-6,4.62e-5,0.0,0.0,0.0,0.0001844000000000003,0.4944801407354797,2.5940737857084126e-6,-1.3893984223023877e-15,1.3226714117298144e-6,0.0,2.812357837140178e-6,1.3226714117298144e-6,0.0,diag_feasible,0,0,0,0,0,0,6,4.8593917707029864e-14,1.12.6,lbt,1,1,Intel(R) Core(TM) 7 150U,NT,6407b28
degen-r50-m5-d0.0001-p0,100,Newton-SIN-BH,1e-7*n,9.999999999999999e-6,3,4,0.0060721,0.0048947,80.60967375372606,0.0,4.1e-6,0.0,0.000994,0.0,0.0,0.0001793000000000003,0.4944801394944518,6.904604914520948e-9,-1.5033743330093815e-15,2.0884918239261197e-9,2.0884918239261197e-9,5.790295221843662e-9,2.0884918239261197e-9,NaN,converged,8,8,0,0,0,0,3,4.8593917707029864e-14,1.12.6,lbt,1,1,Intel(R) Core(TM) 7 150U,NT,6407b28
degen-r50-m5-d0.0001-p0,100,Newton-SIN,1e-7*n,9.999999999999999e-6,3,7,0.0077449,0.0068046,87.85910728350268,0.0,3.2e-6,0.0,0.0008207,0.0,0.0,0.0001163999999999998,0.4944801394944518,6.904604914520948e-9,-1.5033743330093815e-15,2.0884918239261197e-9,2.0884918239261197e-9,5.790295221843662e-9,2.0884918239261197e-9,NaN,converged,8,8,0,0,0,0,3,4.8593917707029864e-14,1.12.6,lbt,1,1,Intel(R) Core(TM) 7 150U,NT,6407b28
degen-r50-m5-d0.0001-p0,100,AGD-SDAJ-BH,1e-7*n,9.999999999999999e-6,2,15,0.0145493,0.0143366,98.53807399668713,0.0,7.3e-6,0.0,0.0,0.0,0.0,0.0002053999999999997,0.49448312364312197,5.727345237324114e-6,-1.5096235967257439e-15,1.4515090391853391e-6,1.4515090391853391e-6,4.442275562516944e-6,1.4515090391853391e-6,NaN,diag_feasible,0,0,2,2,0,0,2,4.8593917707029864e-14,1.12.6,lbt,1,1,Intel(R) Core(TM) 7 150U,NT,6407b28
degen-r50-m5-d0.0001-p0,100,AGD-SDAJ,1e-7*n,9.999999999999999e-6,2,15,0.0176195,0.0173492,98.46590425380968,0.0,9.4e-6,0.0,0.0,0.0,0.0,0.0002609000000000011,0.49448312364312197,5.727345237324114e-6,-1.5096235967257439e-15,1.4515090391853391e-6,1.4515090391853391e-6,4.442275562516944e-6,1.4515090391853391e-6,NaN,diag_feasible,0,0,2,2,0,0,2,4.8593917707029864e-14,1.12.6,lbt,1,1,Intel(R) Core(TM) 7 150U,NT,6407b28
degen-r50-m5-d0.0001-p0,100,Dykstra-APM,1e-7*n,9.999999999999999e-6,15,15,0.0250598,0.02368,94.49397042274877,0.0,0.0,0.0,0.0,0.0008488,0.0,0.0005310000000000004,0.4944717435244681,1.3392180407867186e-5,-1.3248313215187456e-15,2.1908652416691154e-6,2.1908652416691154e-6,9.365795603034848e-6,2.1908652416691154e-6,NaN,diag_feasible,0,0,0,0,0,0,15,4.8593917707029864e-14,1.12.6,lbt,1,1,Intel(R) Core(TM) 7 150U,NT,6407b28
degen-r50-m5-d0.0001-p0,100,Anderson-APM,1e-7*n,9.999999999999999e-6,7,7,0.0134991,0.0114512,84.82935899430332,0.0,0.0,0.0,0.0,0.0,0.0013882,0.0006597,0.49447810163605044,9.385821225100127e-6,-1.4649743907383496e-15,5.720216360804997e-6,5.720216360804997e-6,7.223958738612398e-6,5.720216360804997e-6,NaN,diag_feasible,0,0,0,0,0,0,7,4.8593917707029864e-14,1.12.6,lbt,1,1,Intel(R) Core(TM) 7 150U,NT,6407b28
degen-r50-m5-d0.0001-p1,100,SBB-Dual,1e-7*n,9.999999999999999e-6,6,7,0.0082108,0.0080262,97.75174160861305,6.0e-6,4.5e-6,4.72e-5,0.0,0.0,0.0,0.00012690000000000002,0.4948184881954005,2.4913042007192336e-6,-1.2631102031387226e-15,4.691191031191977e-7,0.0,2.50846889030219e-6,4.691191031191977e-7,0.0,diag_feasible,0,0,0,0,0,0,6,1.5215727052320663e-14,1.12.6,lbt,1,1,Intel(R) Core(TM) 7 150U,NT,6407b28
degen-r50-m5-d0.0001-p1,100,Newton-SIN-BH,1e-7*n,9.999999999999999e-6,3,4,0.007067,0.0056961,80.60138672704116,0.0,4.8e-6,0.0,0.0011625,0.0,0.0,0.0002036000000000006,0.49481848317873856,4.6007561346979364e-8,-1.6102947161142214e-15,1.4763991917909891e-8,1.4763991917909891e-8,3.9750819665226723e-8,1.4763991917909891e-8,NaN,converged,7,7,0,0,0,0,3,1.5215727052320663e-14,1.12.6,lbt,1,1,Intel(R) Core(TM) 7 150U,NT,6407b28
degen-r50-m5-d0.0001-p1,100,Newton-SIN,1e-7*n,9.999999999999999e-6,3,7,0.0123803,0.0110251,89.05357705386783,0.0,5.6e-6,0.0,0.0011629,0.0,0.0,0.00018670000000000101,0.49481848317873856,4.6007561346979364e-8,-1.6102947161142214e-15,1.4763991917909891e-8,1.4763991917909891e-8,3.9750819665226723e-8,1.4763991917909891e-8,NaN,converged,7,7,0,0,0,0,3,1.5215727052320663e-14,1.12.6,lbt,1,1,Intel(R) Core(TM) 7 150U,NT,6407b28
degen-r50-m5-d0.0001-p1,100,AGD-SDAJ-BH,1e-7*n,9.999999999999999e-6,2,25,0.024023,0.0236794,98.56970403363444,0.0,1.21e-5,0.0,0.0,0.0,0.0,0.00033149999999999944,0.4948209446783419,4.764515917589476e-6,-1.5325604819852918e-15,1.6197376069282399e-6,1.6197376069282399e-6,3.7531874057855594e-6,1.6197376069282399e-6,NaN,diag_feasible,0,0,12,12,0,0,2,1.5215727052320663e-14,1.12.6,lbt,1,1,Intel(R) Core(TM) 7 150U,NT,6407b28
degen-r50-m5-d0.0001-p1,100,AGD-SDAJ,1e-7*n,9.999999999999999e-6,2,25,0.0241501,0.0238182,98.62567856861877,0.0,1.13e-5,0.0,0.0,0.0,0.0,0.00032059999999999955,0.4948209446783419,4.764515917589476e-6,-1.5325604819852918e-15,1.6197376069282399e-6,1.6197376069282399e-6,3.7531874057855594e-6,1.6197376069282399e-6,NaN,diag_feasible,0,0,12,12,0,0,2,1.5215727052320663e-14,1.12.6,lbt,1,1,Intel(R) Core(TM) 7 150U,NT,6407b28
degen-r50-m5-d0.0001-p1,100,Dykstra-APM,1e-7*n,9.999999999999999e-6,15,15,0.0156472,0.0146799,93.8180632956695,0.0,0.0,0.0,0.0,0.0006234,0.0,0.0003439000000000008,0.4948104122768465,1.2817873629377676e-5,-1.4746569977846314e-15,1.9813166374227364e-6,1.9813166374227364e-6,8.980936566794122e-6,1.9813166374227364e-6,NaN,diag_feasible,0,0,0,0,0,0,15,1.5215727052320663e-14,1.12.6,lbt,1,1,Intel(R) Core(TM) 7 150U,NT,6407b28
degen-r50-m5-d0.0001-p1,100,Anderson-APM,1e-7*n,9.999999999999999e-6,7,7,0.0080937,0.0067931,83.93071154107514,0.0,0.0,0.0,0.0,0.0,0.000868,0.00043260000000000076,0.494815228773068,9.499451316927632e-6,-1.424869321460562e-15,5.5722104099764636e-6,5.5722104099764636e-6,7.161954780176606e-6,5.5722104099764636e-6,NaN,diag_feasible,0,0,0,0,0,0,7,1.5215727052320663e-14,1.12.6,lbt,1,1,Intel(R) Core(TM) 7 150U,NT,6407b28
degen-r50-m5-d0.0001-p2,100,SBB-Dual,1e-7*n,9.999999999999999e-6,6,7,0.0073807,0.0072144,97.74682618179848,5.0e-6,4.3e-6,3.28e-5,0.0,0.0,0.0,0.00012419999999999944,0.49344138880233296,1.748808653683108e-6,-1.5804984721990965e-15,5.183761694338429e-7,0.0,2.0171381631120453e-6,5.183761694338429e-7,0.0,diag_feasible,0,0,0,0,0,0,6,2.143851871992074e-14,1.12.6,lbt,1,1,Intel(R) Core(TM) 7 150U,NT,6407b28
degen-r50-m5-d0.0001-p2,100,Newton-SIN-BH,1e-7*n,9.999999999999999e-6,3,4,0.0068944,0.0056686,82.22035275005803,0.0,4.5e-6,0.0,0.0010115,0.0,0.0,0.0002098,0.4934413837892946,8.568234388136192e-8,-1.5119127984945326e-15,2.8040366584214382e-8,2.8040366584214382e-8,7.428077736254976e-8,2.8040366584214382e-8,NaN,converged,7,7,0,0,0,0,3,2.143851871992074e-14,1.12.6,lbt,1,1,Intel(R) Core(TM) 7 150U,NT,6407b28
degen-r50-m5-d0.0001-p2,100,Newton-SIN,1e-7*n,9.999999999999999e-6,3,7,0.0081997,0.0072434,88.33737819676328,0.0,3.3e-6,0.0,0.0008475,0.0,0.0,0.0001055000000000011,0.4934413837892946,8.568234388136192e-8,-1.5119127984945326e-15,2.8040366584214382e-8,2.8040366584214382e-8,7.428077736254976e-8,2.8040366584214382e-8,NaN,converged,7,7,0,0,0,0,3,2.143851871992074e-14,1.12.6,lbt,1,1,Intel(R) Core(TM) 7 150U,NT,6407b28
degen-r50-m5-d0.0001-p2,100,AGD-SDAJ-BH,1e-7*n,9.999999999999999e-6,2,15,0.0203681,0.0200651,98.51237965249581,0.0,9.9e-6,0.0,0.0,0.0,0.0,0.00029310000000000116,0.49344583677312825,8.30329179725344e-6,-1.5203199644347157e-15,2.791658529566199e-6,2.791658529566199e-6,6.3663478076544505e-6,2.791658529566199e-6,NaN,diag_feasible,0,0,2,2,0,0,2,2.143851871992074e-14,1.12.6,lbt,1,1,Intel(R) Core(TM) 7 150U,NT,6407b28
degen-r50-m5-d0.0001-p2,100,AGD-SDAJ,1e-7*n,9.999999999999999e-6,2,15,0.0185547,0.0182681,98.45537788269279,0.0,9.5e-6,0.0,0.0,0.0,0.0,0.0002771000000000014,0.49344583677312825,8.30329179725344e-6,-1.5203199644347157e-15,2.791658529566199e-6,2.791658529566199e-6,6.3663478076544505e-6,2.791658529566199e-6,NaN,diag_feasible,0,0,2,2,0,0,2,2.143851871992074e-14,1.12.6,lbt,1,1,Intel(R) Core(TM) 7 150U,NT,6407b28
degen-r50-m5-d0.0001-p2,100,Dykstra-APM,1e-7*n,9.999999999999999e-6,16,16,0.0251605,0.0229982,91.40597364917231,0.0,0.0,0.0,0.0,0.0009212,0.0,0.0012410999999999989,0.4934367388533118,7.3509827783681e-6,-1.6296735388402426e-15,1.0247179194067257e-6,1.0247179194067257e-6,5.140548905545595e-6,1.0247179194067257e-6,NaN,diag_feasible,0,0,0,0,0,0,16,2.143851871992074e-14,1.12.6,lbt,1,1,Intel(R) Core(TM) 7 150U,NT,6407b28
degen-r50-m5-d0.0001-p2,100,Anderson-APM,1e-7*n,9.999999999999999e-6,7,7,0.0130877,0.0113275,86.55073083887926,0.0,0.0,0.0,0.0,0.0,0.0011935,0.0005667000000000001,0.4934406046516753,8.052633369910698e-6,-1.4877781619743731e-15,5.07890959822177e-6,5.07890959822177e-6,6.415693589265353e-6,5.07890959822177e-6,NaN,diag_feasible,0,0,0,0,0,0,7,2.143851871992074e-14,1.12.6,lbt,1,1,Intel(R) Core(TM) 7 150U,NT,6407b28
degen-r50-m5-d0.0001-p3,100,SBB-Dual,1e-7*n,9.999999999999999e-6,6,7,0.0079686,0.007789300000000001,97.74991842983714,7.4e-6,5.6e-6,3.79e-5,0.0,0.0,0.0,0.00012839999999999857,0.4925832178130084,1.13461324332408e-6,-1.6599631274853549e-15,1.0418081806129464e-6,0.0,1.6179714784388053e-6,1.0418081806129464e-6,0.0,diag_feasible,0,0,0,0,0,0,6,1.8051966916824947e-14,1.12.6,lbt,1,1,Intel(R) Core(TM) 7 150U,NT,6407b28
degen-r50-m5-d0.0001-p3,100,Newton-SIN-BH,1e-7*n,9.999999999999999e-6,3,4,0.0064279,0.005277100000000001,82.09679677655224,0.0,4.4e-6,0.0,0.0009425,0.0,0.0,0.00020389999999999948,0.4925832096898119,9.138258874828765e-8,-1.3952543012207368e-15,3.982865004470426e-8,3.982865004470426e-8,7.759678370244316e-8,3.982865004470426e-8,NaN,converged,7,7,0,0,0,0,3,1.8051966916824947e-14,1.12.6,lbt,1,1,Intel(R) Core(TM) 7 150U,NT,6407b28
degen-r50-m5-d0.0001-p3,100,Newton-SIN,1e-7*n,9.999999999999999e-6,3,7,0.0099686,0.008954799999999999,89.83006640852275,0.0,4.4e-6,0.0,0.0008723,0.0,0.0,0.00013710000000000035,0.4925832096898119,9.138258874828765e-8,-1.3952543012207368e-15,3.982865004470426e-8,3.982865004470426e-8,7.759678370244316e-8,3.982865004470426e-8,NaN,converged,7,7,0,0,0,0,3,1.8051966916824947e-14,1.12.6,lbt,1,1,Intel(R) Core(TM) 7 150U,NT,6407b28
degen-r50-m5-d0.0001-p3,100,AGD-SDAJ-BH,1e-7*n,9.999999999999999e-6,2,15,0.0161097,0.01587,98.51207657498277,0.0,9.3e-6,0.0,0.0,0.0,0.0,0.0002304000000000024,0.4925884130624254,9.532011620176177e-6,-1.4428962682633037e-15,3.0352862552263105e-6,3.0352862552263105e-6,7.362089269805857e-6,3.0352862552263105e-6,NaN,diag_feasible,0,0,2,2,0,0,2,1.8051966916824947e-14,1.12.6,lbt,1,1,Intel(R) Core(TM) 7 150U,NT,6407b28
degen-r50-m5-d0.0001-p3,100,AGD-SDAJ,1e-7*n,9.999999999999999e-6,2,15,0.0310403,0.0308231,99.30026449486635,0.0,8.5e-6,0.0,0.0,0.0,0.0,0.00020870000000000074,0.4925884130624254,9.532011620176177e-6,-1.4428962682633037e-15,3.0352862552263105e-6,3.0352862552263105e-6,7.362089269805857e-6,3.0352862552263105e-6,NaN,diag_feasible,0,0,2,2,0,0,2,1.8051966916824947e-14,1.12.6,lbt,1,1,Intel(R) Core(TM) 7 150U,NT,6407b28
degen-r50-m5-d0.0001-p3,100,Dykstra-APM,1e-7*n,9.999999999999999e-6,16,16,0.016975,0.0159341,93.8680412371134,0.0,0.0,0.0,0.0,0.0006727,0.0,0.0003682000000000008,0.4925783086245614,7.73370746340027e-6,-1.4977535288918097e-15,1.126519593386277e-6,1.126519593386277e-6,5.410102139798789e-6,1.126519593386277e-6,NaN,diag_feasible,0,0,0,0,0,0,16,1.8051966916824947e-14,1.12.6,lbt,1,1,Intel(R) Core(TM) 7 150U,NT,6407b28
degen-r50-m5-d0.0001-p3,100,Anderson-APM,1e-7*n,9.999999999999999e-6,7,7,0.0081874,0.0069474,84.85477685223637,0.0,0.0,0.0,0.0,0.0,0.0008119,0.00042809999999999897,0.49258438479510147,8.637807427288069e-6,-1.587108980599623e-15,4.612087627586803e-6,4.612087627586803e-6,6.846550876856881e-6,4.612087627586803e-6,NaN,diag_feasible,0,0,0,0,0,0,7,1.8051966916824947e-14,1.12.6,lbt,1,1,Intel(R) Core(TM) 7 150U,NT,6407b28
degen-r50-m5-d0.0001-p4,100,SBB-Dual,1e-7*n,9.999999999999999e-6,6,7,0.0094871,0.0092846,97.86552265708173,8.6e-6,6.4e-6,3.25e-5,0.0,0.0,0.0,0.00015499999999999957,0.49315457215619096,2.341299396048058e-6,-1.695820006464826e-15,1.05527873917044e-6,0.0,2.5819919713662204e-6,1.05527873917044e-6,0.0,diag_feasible,0,0,0,0,0,0,6,2.1245329445657076e-14,1.12.6,lbt,1,1,Intel(R) Core(TM) 7 150U,NT,6407b28
degen-r50-m5-d0.0001-p4,100,Newton-SIN-BH,1e-7*n,9.999999999999999e-6,3,4,0.0052402,0.0043496,83.00446547841685,0.0,3.4e-6,0.0,0.0007049,0.0,0.0,0.00018230000000000015,0.4931545663766147,8.805353428890116e-8,-1.5589824790944124e-15,3.1408759260109775e-8,3.1408759260109775e-8,7.512098779153598e-8,3.1408759260109775e-8,NaN,converged,7,7,0,0,0,0,3,2.1245329445657076e-14,1.12.6,lbt,1,1,Intel(R) Core(TM) 7 150U,NT,6407b28
degen-r50-m5-d0.0001-p4,100,Newton-SIN,1e-7*n,9.999999999999999e-6,3,7,0.0075976,0.0067601,88.97678214172896,0.0,3.5e-6,0.0,0.000722,0.0,0.0,0.00011200000000000055,0.4931545663766147,8.805353428890116e-8,-1.5589824790944124e-15,3.1408759260109775e-8,3.1408759260109775e-8,7.512098779153598e-8,3.1408759260109775e-8,NaN,converged,7,7,0,0,0,0,3,2.1245329445657076e-14,1.12.6,lbt,1,1,Intel(R) Core(TM) 7 150U,NT,6407b28
degen-r50-m5-d0.0001-p4,100,AGD-SDAJ-BH,1e-7*n,9.999999999999999e-6,2,18,0.027493,0.0271318,98.68621103553632,0.0,1.46e-5,0.0,0.0,0.0,0.0,0.00034659999999999905,0.49315989554597245,1.001306341192992e-5,-1.5904653540092706e-15,2.779014542819702e-6,2.779014542819702e-6,7.80298782389602e-6,2.779014542819702e-6,NaN,diag_feasible,0,0,5,5,0,0,2,2.1245329445657076e-14,1.12.6,lbt,1,1,Intel(R) Core(TM) 7 150U,NT,6407b28
degen-r50-m5-d0.0001-p4,100,AGD-SDAJ,1e-7*n,9.999999999999999e-6,2,18,0.018858,0.0185766,98.50779510022271,0.0,1.07e-5,0.0,0.0,0.0,0.0,0.0002707000000000011,0.49315989554597245,1.001306341192992e-5,-1.5904653540092706e-15,2.779014542819702e-6,2.779014542819702e-6,7.80298782389602e-6,2.779014542819702e-6,NaN,diag_feasible,0,0,5,5,0,0,2,2.1245329445657076e-14,1.12.6,lbt,1,1,Intel(R) Core(TM) 7 150U,NT,6407b28
degen-r50-m5-d0.0001-p4,100,Dykstra-APM,1e-7*n,9.999999999999999e-6,16,16,0.0245705,0.0232101,94.46327913554875,0.0,0.0,0.0,0.0,0.0006001,0.0,0.0007602999999999977,0.4931495846337059,7.890213032096962e-6,-1.838524630636649e-15,1.0872866207378706e-6,1.0872866207378706e-6,5.513670890959296e-6,1.0872866207378706e-6,NaN,diag_feasible,0,0,0,0,0,0,16,2.1245329445657076e-14,1.12.6,lbt,1,1,Intel(R) Core(TM) 7 150U,NT,6407b28
degen-r50-m5-d0.0001-p4,100,Anderson-APM,1e-7*n,9.999999999999999e-6,7,7,0.0090605,0.0077961,86.04492025826389,0.0,0.0,0.0,0.0,0.0,0.0008368,0.00042760000000000064,0.49314995359901764,1.0448015549385568e-5,-1.7181026000161487e-15,3.652655111041625e-6,3.652655111041625e-6,7.96010286680878e-6,3.652655111041625e-6,NaN,diag_feasible,0,0,0,0,0,0,7,2.1245329445657076e-14,1.12.6,lbt,1,1,Intel(R) Core(TM) 7 150U,NT,6407b28
degen-r50-m5-d1e-06-p0,100,SBB-Dual,1e-7*n,9.999999999999999e-6,6,7,0.0146167,0.014015199999999998,95.88484404824618,1.03e-5,9.0e-6,0.0001253,0.0,0.0,0.0,0.00045690000000000135,0.49452276402585876,2.0126734736396615e-6,-1.7038353519671546e-15,6.815833386575321e-7,0.0,2.1406315215021345e-6,6.815833386575321e-7,0.0,diag_feasible,0,0,0,0,0,0,6,9.298281877668311e-14,1.12.6,lbt,1,1,Intel(R) Core(TM) 7 150U,NT,6407b28
degen-r50-m5-d1e-06-p0,100,Newton-SIN-BH,1e-7*n,9.999999999999999e-6,3,4,0.0053274,0.0041709,78.29147426511994,0.0,2.9e-6,0.0,0.0009875,0.0,0.0,0.0001661000000000004,0.49452238268518517,7.61765200692186e-7,-1.5466802738147531e-15,2.0208324769122044e-7,2.0208324769122044e-7,5.657094577778919e-7,2.0208324769122044e-7,NaN,converged,7,7,0,0,0,0,3,9.298281877668311e-14,1.12.6,lbt,1,1,Intel(R) Core(TM) 7 150U,NT,6407b28
degen-r50-m5-d1e-06-p0,100,Newton-SIN,1e-7*n,9.999999999999999e-6,3,7,0.0100271,0.008947700000000001,89.23517268203169,0.0,4.3e-6,0.0,0.0009127,0.0,0.0,0.0001623999999999994,0.49452238268518517,7.61765200692186e-7,-1.5466802738147531e-15,2.0208324769122044e-7,2.0208324769122044e-7,5.657094577778919e-7,2.0208324769122044e-7,NaN,converged,7,7,0,0,0,0,3,9.298281877668311e-14,1.12.6,lbt,1,1,Intel(R) Core(TM) 7 150U,NT,6407b28
degen-r50-m5-d1e-06-p0,100,AGD-SDAJ-BH,1e-7*n,9.999999999999999e-6,2,14,0.0193035,0.0190157,98.50907866449089,0.0,1.15e-5,0.0,0.0,0.0,0.0,0.00027630000000000124,0.49452529403142115,4.715166357063653e-6,-1.6115932000959395e-15,1.036014860567036e-6,1.036014860567036e-6,3.6184569343483055e-6,1.036014860567036e-6,NaN,diag_feasible,0,0,1,1,0,0,2,9.298281877668311e-14,1.12.6,lbt,1,1,Intel(R) Core(TM) 7 150U,NT,6407b28
degen-r50-m5-d1e-06-p0,100,AGD-SDAJ,1e-7*n,9.999999999999999e-6,2,14,0.0186905,0.0184108,98.5035178299136,0.0,1.34e-5,0.0,0.0,0.0,0.0,0.0002662999999999973,0.49452529403142115,4.715166357063653e-6,-1.6115932000959395e-15,1.036014860567036e-6,1.036014860567036e-6,3.6184569343483055e-6,1.036014860567036e-6,NaN,diag_feasible,0,0,1,1,0,0,2,9.298281877668311e-14,1.12.6,lbt,1,1,Intel(R) Core(TM) 7 150U,NT,6407b28
degen-r50-m5-d1e-06-p0,100,Dykstra-APM,1e-7*n,9.999999999999999e-6,15,15,0.0266995,0.0251199,94.08378434053071,0.0,0.0,0.0,0.0,0.0009113,0.0,0.0006683000000000005,0.49451777448920325,7.91106040756927e-6,-1.550227456217937e-15,1.2944627367783568e-6,1.2944627367783568e-6,5.596004410059469e-6,1.2944627367783568e-6,NaN,diag_feasible,0,0,0,0,0,0,15,9.298281877668311e-14,1.12.6,lbt,1,1,Intel(R) Core(TM) 7 150U,NT,6407b28
degen-r50-m5-d1e-06-p0,100,Anderson-APM,1e-7*n,9.999999999999999e-6,7,7,0.0130141,0.0110807,85.14380556473364,0.0,0.0,0.0,0.0,0.0,0.0013217,0.0006117,0.494522775657834,7.286376617184617e-6,-1.5175490113292876e-15,4.222153900945713e-6,4.222153900945713e-6,5.737510740566894e-6,4.222153900945713e-6,NaN,diag_feasible,0,0,0,0,0,0,7,9.298281877668311e-14,1.12.6,lbt,1,1,Intel(R) Core(TM) 7 150U,NT,6407b28
degen-r50-m5-d1e-06-p1,100,SBB-Dual,1e-7*n,9.999999999999999e-6,6,7,0.007276,0.0071074,97.68279274326551,6.0e-6,4.4e-6,3.69e-5,0.0,0.0,0.0,0.00012130000000000051,0.4948613905980003,2.0677273926958727e-6,-1.5401742298062753e-15,8.919349985259117e-7,0.0,2.18834560570188e-6,8.919349985259117e-7,0.0,diag_feasible,0,0,0,0,0,0,6,4.937722362642134e-14,1.12.6,lbt,1,1,Intel(R) Core(TM) 7 150U,NT,6407b28
degen-r50-m5-d1e-06-p1,100,Newton-SIN-BH,1e-7*n,9.999999999999999e-6,3,4,0.0058655,0.0047589,81.13374818856022,0.0,3.3e-6,0.0,0.000937,0.0,0.0,0.0001663000000000002,0.49486100536164696,7.478606910213165e-7,-1.4285435130458838e-15,1.4747969379058645e-7,1.4747969379058645e-7,5.560464785001057e-7,1.4747969379058645e-7,NaN,converged,7,7,0,0,0,0,3,4.937722362642134e-14,1.12.6,lbt,1,1,Intel(R) Core(TM) 7 150U,NT,6407b28
degen-r50-m5-d1e-06-p1,100,Newton-SIN,1e-7*n,9.999999999999999e-6,3,7,0.0112966,0.010063,89.07990014694687,0.0,4.6e-6,0.0,0.0010665,0.0,0.0,0.00016249999999999967,0.49486100536164696,7.478606910213165e-7,-1.4285435130458838e-15,1.4747969379058645e-7,1.4747969379058645e-7,5.560464785001057e-7,1.4747969379058645e-7,NaN,converged,7,7,0,0,0,0,3,4.937722362642134e-14,1.12.6,lbt,1,1,Intel(R) Core(TM) 7 150U,NT,6407b28
degen-r50-m5-d1e-06-p1,100,AGD-SDAJ-BH,1e-7*n,9.999999999999999e-6,2,14,0.0206905,0.0203912,98.55344240110196,0.0,1.25e-5,0.0,0.0,0.0,0.0,0.0002867999999999989,0.49486334754080197,3.5711547592104696e-6,-1.5357095422128863e-15,1.0145756506041437e-6,1.0145756506041437e-6,2.72709247313084e-6,1.0145756506041437e-6,NaN,diag_feasible,0,0,1,1,0,0,2,4.937722362642134e-14,1.12.6,lbt,1,1,Intel(R) Core(TM) 7 150U,NT,6407b28
degen-r50-m5-d1e-06-p1,100,AGD-SDAJ,1e-7*n,9.999999999999999e-6,2,14,0.0231036,0.0227722,98.5655915095483,0.0,1.47e-5,0.0,0.0,0.0,0.0,0.0003166999999999991,0.49486334754080197,3.5711547592104696e-6,-1.5357095422128863e-15,1.0145756506041437e-6,1.0145756506041437e-6,2.72709247313084e-6,1.0145756506041437e-6,NaN,diag_feasible,0,0,1,1,0,0,2,4.937722362642134e-14,1.12.6,lbt,1,1,Intel(R) Core(TM) 7 150U,NT,6407b28
degen-r50-m5-d1e-06-p1,100,Dykstra-APM,1e-7*n,9.999999999999999e-6,15,15,0.0167539,0.0157068,93.75011191424088,0.0,0.0,0.0,0.0,0.0006574,0.0,0.0003896999999999987,0.4948566833629556,7.445275710524649e-6,-1.944663063093551e-15,1.17674036381743e-6,1.17674036381743e-6,5.255511214984045e-6,1.17674036381743e-6,NaN,diag_feasible,0,0,0,0,0,0,15,4.937722362642134e-14,1.12.6,lbt,1,1,Intel(R) Core(TM) 7 150U,NT,6407b28
degen-r50-m5-d1e-06-p1,100,Anderson-APM,1e-7*n,9.999999999999999e-6,7,7,0.0100501,0.0084925,84.50164674978359,0.0,0.0,0.0,0.0,0.0,0.0009866,0.0005709999999999992,0.49486073202074576,6.0198464482258345e-6,-1.5815347076421518e-15,3.816159923619722e-6,3.816159923619722e-6,4.725548609050684e-6,3.816159923619722e-6,NaN,diag_feasible,0,0,0,0,0,0,7,4.937722362642134e-14,1.12.6,lbt,1,1,Intel(R) Core(TM) 7 150U,NT,6407b28
degen-r50-m5-d1e-06-p2,100,SBB-Dual,1e-7*n,9.999999999999999e-6,6,7,0.0112879,0.0111117,98.43903649040122,6.9e-6,5.2e-6,2.87e-5,0.0,0.0,0.0,0.00013539999999999963,0.4934830759132203,3.406155388755728e-6,-1.570243420698183e-15,1.05537785755061e-6,0.0,3.612055150227224e-6,1.05537785755061e-6,0.0,diag_feasible,0,0,0,0,0,0,6,7.330743026017252e-14,1.12.6,lbt,1,1,Intel(R) Core(TM) 7 150U,NT,6407b28
degen-r50-m5-d1e-06-p2,100,Newton-SIN-BH,1e-7*n,9.999999999999999e-6,3,4,0.0055889,0.004499199999999999,80.50242444846033,0.0,3.2e-6,0.0,0.0009121,0.0,0.0,0.00017440000000000066,0.4934827052423315,7.887329443372528e-7,-1.6387024548292076e-15,1.9638989345871494e-7,1.9638989345871494e-7,5.919375565800692e-7,1.9638989345871494e-7,NaN,converged,7,7,0,0,0,0,3,7.330743026017252e-14,1.12.6,lbt,1,1,Intel(R) Core(TM) 7 150U,NT,6407b28
degen-r50-m5-d1e-06-p2,100,Newton-SIN,1e-7*n,9.999999999999999e-6,3,7,0.0078414,0.0069467,88.59004769556456,0.0,2.9e-6,0.0,0.0007722,0.0,0.0,0.00011959999999999998,0.4934827052423315,7.887329443372528e-7,-1.6387024548292076e-15,1.9638989345871494e-7,1.9638989345871494e-7,5.919375565800692e-7,1.9638989345871494e-7,NaN,converged,7,7,0,0,0,0,3,7.330743026017252e-14,1.12.6,lbt,1,1,Intel(R) Core(TM) 7 150U,NT,6407b28
degen-r50-m5-d1e-06-p2,100,AGD-SDAJ-BH,1e-7*n,9.999999999999999e-6,2,15,0.0243805,0.0240318,98.56975861856812,0.0,1.52e-5,0.0,0.0,0.0,0.0,0.0003335000000000004,0.4934875577486216,8.463926414344465e-6,-1.4263187018096387e-15,2.0643131635189604e-6,2.0643131635189604e-6,6.500082668019615e-6,2.0643131635189604e-6,NaN,diag_feasible,0,0,2,2,0,0,2,7.330743026017252e-14,1.12.6,lbt,1,1,Intel(R) Core(TM) 7 150U,NT,6407b28
degen-r50-m5-d1e-06-p2,100,AGD-SDAJ,1e-7*n,9.999999999999999e-6,2,15,0.0205463,0.0202427,98.52236169042601,0.0,1.15e-5,0.0,0.0,0.0,0.0,0.0002921000000000011,0.4934875577486216,8.463926414344465e-6,-1.4263187018096387e-15,2.0643131635189604e-6,2.0643131635189604e-6,6.500082668019615e-6,2.0643131635189604e-6,NaN,diag_feasible,0,0,2,2,0,0,2,7.330743026017252e-14,1.12.6,lbt,1,1,Intel(R) Core(TM) 7 150U,NT,6407b28
degen-r50-m5-d1e-06-p2,100,Dykstra-APM,1e-7*n,9.999999999999999e-6,15,15,0.0241319,0.0227681,94.34855937576401,0.0,0.0,0.0,0.0,0.0008555,0.0,0.0005083000000000018,0.4934774347813826,8.877156380791197e-6,-1.81154571338182e-15,1.6026081322007002e-6,1.6026081322007002e-6,6.296185702049468e-6,1.6026081322007002e-6,NaN,diag_feasible,0,0,0,0,0,0,15,7.330743026017252e-14,1.12.6,lbt,1,1,Intel(R) Core(TM) 7 150U,NT,6407b28
degen-r50-m5-d1e-06-p2,100,Anderson-APM,1e-7*n,9.999999999999999e-6,7,7,0.0082897,0.0068623,82.78104153346924,0.0,0.0,0.0,0.0,0.0,0.0008372,0.0005902000000000006,0.49348380347313603,6.567171674690059e-6,-1.7489583352556626e-15,3.903050674658459e-6,3.903050674658459e-6,5.2593166987383535e-6,3.903050674658459e-6,NaN,diag_feasible,0,0,0,0,0,0,7,7.330743026017252e-14,1.12.6,lbt,1,1,Intel(R) Core(TM) 7 150U,NT,6407b28
degen-r50-m5-d1e-06-p3,100,SBB-Dual,1e-7*n,9.999999999999999e-6,6,7,0.007118,0.0069638,97.83366114076988,5.0e-6,4.0e-6,3.01e-5,0.0,0.0,0.0,0.00011510000000000017,0.4926235458245598,4.385062952115112e-6,-1.4677046041961643e-15,1.3606746831484884e-6,0.0,4.73624944727326e-6,1.3606746831484884e-6,0.0,diag_feasible,0,0,0,0,0,0,6,9.6341326175058e-14,1.12.6,lbt,1,1,Intel(R) Core(TM) 7 150U,NT,6407b28
degen-r50-m5-d1e-06-p3,100,Newton-SIN-BH,1e-7*n,9.999999999999999e-6,3,4,0.0081783,0.0066571,81.3995573652226,0.0,4.7e-6,0.0,0.0012808,0.0,0.0,0.0002356999999999995,0.4926231871576865,8.0101488682774e-7,-1.3691791098970085e-15,2.734887132316288e-7,2.734887132316288e-7,6.115903589682917e-7,2.734887132316288e-7,NaN,converged,7,7,0,0,0,0,3,9.6341326175058e-14,1.12.6,lbt,1,1,Intel(R) Core(TM) 7 150U,NT,6407b28
degen-r50-m5-d1e-06-p3,100,Newton-SIN,1e-7*n,9.999999999999999e-6,3,7,0.0086045,0.0076623,89.04991574176304,0.0,3.7e-6,0.0,0.0008236,0.0,0.0,0.00011489999999999894,0.4926231871576865,8.0101488682774e-7,-1.3691791098970085e-15,2.734887132316288e-7,2.734887132316288e-7,6.115903589682917e-7,2.734887132316288e-7,NaN,converged,7,7,0,0,0,0,3,9.6341326175058e-14,1.12.6,lbt,1,1,Intel(R) Core(TM) 7 150U,NT,6407b28
degen-r50-m5-d1e-06-p3,100,AGD-SDAJ-BH,1e-7*n,9.999999999999999e-6,2,17,0.0221962,0.0218614,98.4916337030663,0.0,1.27e-5,0.0,0.0,0.0,0.0,0.0003220999999999997,0.49263031014173736,1.2442945120118104e-5,-1.776018272233196e-15,4.002975931727271e-6,4.002975931727271e-6,9.641740252774393e-6,4.002975931727271e-6,NaN,diag_feasible,0,0,4,4,0,0,2,9.6341326175058e-14,1.12.6,lbt,1,1,Intel(R) Core(TM) 7 150U,NT,6407b28
degen-r50-m5-d1e-06-p3,100,AGD-SDAJ,1e-7*n,9.999999999999999e-6,2,17,0.0229204,0.0226276,98.72253538332664,0.0,1.2e-5,0.0,0.0,0.0,0.0,0.0002807999999999993,0.49263031014173736,1.2442945120118104e-5,-1.776018272233196e-15,4.002975931727271e-6,4.002975931727271e-6,9.641740252774393e-6,4.002975931727271e-6,NaN,diag_feasible,0,0,4,4,0,0,2,9.6341326175058e-14,1.12.6,lbt,1,1,Intel(R) Core(TM) 7 150U,NT,6407b28
degen-r50-m5-d1e-06-p3,100,Dykstra-APM,1e-7*n,9.999999999999999e-6,15,15,0.0204201,0.0193003,94.51618748194181,0.0,0.0,0.0,0.0,0.0007023,0.0,0.00041750000000000066,0.49261732883674775,9.744800610826819e-6,-1.464547452199041e-15,1.6101989881445178e-6,1.6101989881445178e-6,6.923037280942074e-6,1.6101989881445178e-6,NaN,diag_feasible,0,0,0,0,0,0,15,9.6341326175058e-14,1.12.6,lbt,1,1,Intel(R) Core(TM) 7 150U,NT,6407b28
degen-r50-m5-d1e-06-p3,100,Anderson-APM,1e-7*n,9.999999999999999e-6,7,7,0.0126866,0.0109312,86.16335345955576,0.0,0.0,0.0,0.0,0.0,0.001152,0.000603399999999999,0.49262667761425555,8.056777048221892e-6,-1.5811017723026738e-15,3.1460944156513904e-6,3.1460944156513904e-6,6.180742852852821e-6,3.1460944156513904e-6,NaN,diag_feasible,0,0,0,0,0,0,7,9.6341326175058e-14,1.12.6,lbt,1,1,Intel(R) Core(TM) 7 150U,NT,6407b28
degen-r50-m5-d1e-06-p4,100,SBB-Dual,1e-7*n,9.999999999999999e-6,6,7,0.0072148,0.007059500000000001,97.84748017963076,5.5e-6,4.3e-6,3.05e-5,0.0,0.0,0.0,0.00011499999999999972,0.49319635731459205,3.2221800463863174e-6,-1.5999384998048719e-15,1.277750865891214e-6,0.0,3.4060203798204924e-6,1.277750865891214e-6,0.0,diag_feasible,0,0,0,0,0,0,6,7.684932981418088e-14,1.12.6,lbt,1,1,Intel(R) Core(TM) 7 150U,NT,6407b28
degen-r50-m5-d1e-06-p4,100,Newton-SIN-BH,1e-7*n,9.999999999999999e-6,3,4,0.0065891,0.005366,81.4375256104779,0.0,3.9e-6,0.0,0.0010193,0.0,0.0,0.0001998999999999996,0.4931959879225301,7.712127051540921e-7,-1.4121291889129448e-15,1.9284151742127165e-7,1.9284151742127165e-7,5.810127643908237e-7,1.9284151742127165e-7,NaN,converged,7,7,0,0,0,0,3,7.684932981418088e-14,1.12.6,lbt,1,1,Intel(R) Core(TM) 7 150U,NT,6407b28
degen-r50-m5-d1e-06-p4,100,Newton-SIN,1e-7*n,9.999999999999999e-6,3,7,0.0092894,0.0083378,89.75606605378172,0.0,3.8e-6,0.0,0.0008188,0.0,0.0,0.00012900000000000043,0.4931959879225301,7.712127051540921e-7,-1.4121291889129448e-15,1.9284151742127165e-7,1.9284151742127165e-7,5.810127643908237e-7,1.9284151742127165e-7,NaN,converged,7,7,0,0,0,0,3,7.684932981418088e-14,1.12.6,lbt,1,1,Intel(R) Core(TM) 7 150U,NT,6407b28
degen-r50-m5-d1e-06-p4,100,AGD-SDAJ-BH,1e-7*n,9.999999999999999e-6,2,14,0.0188659,0.0186003,98.59216893972723,0.0,9.3e-6,0.0,0.0,0.0,0.0,0.00025630000000000124,0.49319964448366826,6.000226382962714e-6,-1.921436442963411e-15,1.5782708902012388e-6,1.5782708902012388e-6,4.562579965369785e-6,1.5782708902012388e-6,NaN,diag_feasible,0,0,1,1,0,0,2,7.684932981418088e-14,1.12.6,lbt,1,1,Intel(R) Core(TM) 7 150U,NT,6407b28
degen-r50-m5-d1e-06-p4,100,AGD-SDAJ,1e-7*n,9.999999999999999e-6,2,14,0.0140702,0.0138459,98.40585066310358,0.0,8.3e-6,0.0,0.0,0.0,0.0,0.00021600000000000018,0.49319964448366826,6.000226382962714e-6,-1.921436442963411e-15,1.5782708902012388e-6,1.5782708902012388e-6,4.562579965369785e-6,1.5782708902012388e-6,NaN,diag_feasible,0,0,1,1,0,0,2,7.684932981418088e-14,1.12.6,lbt,1,1,Intel(R) Core(TM) 7 150U,NT,6407b28
degen-r50-m5-d1e-06-p4,100,Dykstra-APM,1e-7*n,9.999999999999999e-6,15,15,0.0204587,0.0192713,94.19611216743978,0.0,0.0,0.0,0.0,0.0007509,0.0,0.0004364999999999982,0.4931901696760937,9.878432595960155e-6,-1.5627797359178456e-15,1.8319257515386766e-6,1.8319257515386766e-6,7.015143096607358e-6,1.8319257515386766e-6,NaN,diag_feasible,0,0,0,0,0,0,15,7.684932981418088e-14,1.12.6,lbt,1,1,Intel(R) Core(TM) 7 150U,NT,6407b28
degen-r50-m5-d1e-06-p4,100,Anderson-APM,1e-7*n,9.999999999999999e-6,7,7,0.0081175,0.0068716,84.6516784724361,0.0,0.0,0.0,0.0,0.0,0.0008113,0.0004345999999999994,0.4931949826081631,7.541628773424286e-6,-1.8182464307970522e-15,3.1062955212490806e-6,3.1062955212490806e-6,6.068740676622257e-6,3.1062955212490806e-6,NaN,diag_feasible,0,0,0,0,0,0,7,7.684932981418088e-14,1.12.6,lbt,1,1,Intel(R) Core(TM) 7 150U,NT,6407b28
degen-r50-m5-d1e-08-p0,100,SBB-Dual,1e-7*n,9.999999999999999e-6,6,7,0.0119943,0.0117583,98.03239872272663,1.0e-5,8.1e-6,3.84e-5,0.0,0.0,0.0,0.00017950000000000008,0.4945231906988933,2.057639666933896e-6,-1.661655155230127e-15,6.929835157931663e-7,0.0,2.1853217261106796e-6,6.929835157931663e-7,0.0,diag_feasible,0,0,0,0,0,0,6,6.284970483165479e-14,1.12.6,lbt,1,1,Intel(R) Core(TM) 7 150U,NT,6407b28
degen-r50-m5-d1e-08-p0,100,Newton-SIN-BH,1e-7*n,9.999999999999999e-6,3,4,0.0052049,0.004246,81.57697554227747,0.0,2.8e-6,0.0,0.000807,0.0,0.0,0.00014910000000000043,0.49452317941242596,3.316634270452094e-8,-1.5334818170713045e-15,8.218204894383518e-9,8.218204894383518e-9,2.7118556101197253e-8,8.218204894383518e-9,NaN,converged,7,7,0,0,0,0,3,6.284970483165479e-14,1.12.6,lbt,1,1,Intel(R) Core(TM) 7 150U,NT,6407b28
degen-r50-m5-d1e-08-p0,100,Newton-SIN,1e-7*n,9.999999999999999e-6,3,7,0.0099927,0.008798,88.04427231879272,0.0,3.9e-6,0.0,0.0010575,0.0,0.0,0.00013329999999999982,0.49452317941242596,3.316634270452094e-8,-1.5334818170713045e-15,8.218204894383518e-9,8.218204894383518e-9,2.7118556101197253e-8,8.218204894383518e-9,NaN,converged,7,7,0,0,0,0,3,6.284970483165479e-14,1.12.6,lbt,1,1,Intel(R) Core(TM) 7 150U,NT,6407b28
degen-r50-m5-d1e-08-p0,100,AGD-SDAJ-BH,1e-7*n,9.999999999999999e-6,2,14,0.0194917,0.0191937,98.47114412801346,0.0,9.7e-6,0.0,0.0,0.0,0.0,0.00028829999999999964,0.49452571675700346,4.706461858053079e-6,-1.4300278679676991e-15,1.0324274543060952e-6,1.0324274543060952e-6,3.6113740398615793e-6,1.0324274543060952e-6,NaN,diag_feasible,0,0,1,1,0,0,2,6.284970483165479e-14,1.12.6,lbt,1,1,Intel(R) Core(TM) 7 150U,NT,6407b28
degen-r50-m5-d1e-08-p0,100,AGD-SDAJ,1e-7*n,9.999999999999999e-6,2,14,0.0198714,0.0195934,98.60100445866924,0.0,1.45e-5,0.0,0.0,0.0,0.0,0.0002635000000000005,0.49452571675700346,4.706461858053079e-6,-1.4300278679676991e-15,1.0324274543060952e-6,1.0324274543060952e-6,3.6113740398615793e-6,1.0324274543060952e-6,NaN,diag_feasible,0,0,1,1,0,0,2,6.284970483165479e-14,1.12.6,lbt,1,1,Intel(R) Core(TM) 7 150U,NT,6407b28
degen-r50-m5-d1e-08-p0,100,Dykstra-APM,1e-7*n,9.999999999999999e-6,15,15,0.0200699,0.0188811,94.07670192676595,0.0,0.0,0.0,0.0,0.000772,0.0,0.00041680000000000026,0.49451821708582405,7.63176125702402e-6,-1.3208532823213794e-15,1.294412437014003e-6,1.294412437014003e-6,5.581651971791624e-6,1.294412437014003e-6,NaN,diag_feasible,0,0,0,0,0,0,15,6.284970483165479e-14,1.12.6,lbt,1,1,Intel(R) Core(TM) 7 150U,NT,6407b28
degen-r50-m5-d1e-08-p0,100,Anderson-APM,1e-7*n,9.999999999999999e-6,7,7,0.0087316,0.007361,84.30299143341426,0.0,0.0,0.0,0.0,0.0,0.000919,0.00045160000000000046,0.4945233528964362,7.2602252491003115e-6,-1.9083909993790336e-15,4.16960412774614e-6,4.16960412774614e-6,5.723944179666634e-6,4.16960412774614e-6,NaN,diag_feasible,0,0,0,0,0,0,7,6.284970483165479e-14,1.12.6,lbt,1,1,Intel(R) Core(TM) 7 150U,NT,6407b28
degen-r50-m5-d1e-08-p1,100,SBB-Dual,1e-7*n,9.999999999999999e-6,6,7,0.0071139,0.0069596,97.83100690198063,6.2e-6,4.0e-6,3.04e-5,0.0,0.0,0.0,0.00011370000000000046,0.4948618200632922,2.1128698942901808e-6,-1.6075598160733997e-15,9.021482888504906e-7,0.0,2.2327022226704194e-6,9.021482888504906e-7,0.0,diag_feasible,0,0,0,0,0,0,6,6.345660320802441e-14,1.12.6,lbt,1,1,Intel(R) Core(TM) 7 150U,NT,6407b28
degen-r50-m5-d1e-08-p1,100,Newton-SIN-BH,1e-7*n,9.999999999999999e-6,3,4,0.0053868,0.0043799,81.3080121779164,0.0,3.1e-6,0.0,0.0008471,0.0,0.0,0.00015669999999999974,0.49486180942400076,3.257168013710406e-8,-1.6276818487352036e-15,8.960021835591192e-9,8.960021835591192e-9,2.6817549118796997e-8,8.960021835591192e-9,NaN,converged,7,7,0,0,0,0,3,6.345660320802441e-14,1.12.6,lbt,1,1,Intel(R) Core(TM) 7 150U,NT,6407b28
degen-r50-m5-d1e-08-p1,100,Newton-SIN,1e-7*n,9.999999999999999e-6,3,7,0.0085372,0.0067769,79.38082743756735,0.0,4.0e-6,0.0,0.0016429,0.0,0.0,0.00011340000000000005,0.49486180942400076,3.257168013710406e-8,-1.6276818487352036e-15,8.960021835591192e-9,8.960021835591192e-9,2.6817549118796997e-8,8.960021835591192e-9,NaN,converged,7,7,0,0,0,0,3,6.345660320802441e-14,1.12.6,lbt,1,1,Intel(R) Core(TM) 7 150U,NT,6407b28
degen-r50-m5-d1e-08-p1,100,AGD-SDAJ-BH,1e-7*n,9.999999999999999e-6,2,14,0.014558,0.014324400000000001,98.39538398131613,0.0,8.8e-6,0.0,0.0,0.0,0.0,0.00022479999999999874,0.49486375021398,3.5169205956241595e-6,-1.534279172916962e-15,9.927392912167932e-7,9.927392912167932e-7,2.683427985666611e-6,9.927392912167932e-7,NaN,diag_feasible,0,0,1,1,0,0,2,6.345660320802441e-14,1.12.6,lbt,1,1,Intel(R) Core(TM) 7 150U,NT,6407b28
degen-r50-m5-d1e-08-p1,100,AGD-SDAJ,1e-7*n,9.999999999999999e-6,2,14,0.0256362,0.0246308,96.0782019176009,0.0,8.2e-6,0.0,0.0,0.0,0.0,0.0009972,0.49486375021398,3.5169205956241595e-6,-1.534279172916962e-15,9.927392912167932e-7,9.927392912167932e-7,2.683427985666611e-6,9.927392912167932e-7,NaN,diag_feasible,0,0,1,1,0,0,2,6.345660320802441e-14,1.12.6,lbt,1,1,Intel(R) Core(TM) 7 150U,NT,6407b28
degen-r50-m5-d1e-08-p1,100,Dykstra-APM,1e-7*n,9.999999999999999e-6,15,15,0.0192812,0.0182305,94.55065037445803,0.0,0.0,0.0,0.0,0.0006514,0.0,0.00039929999999999816,0.49485713161496386,7.1466919665842295e-6,-1.5202950050146752e-15,1.175338989245489e-6,1.175338989245489e-6,5.23798803185144e-6,1.175338989245489e-6,NaN,diag_feasible,0,0,0,0,0,0,15,6.345660320802441e-14,1.12.6,lbt,1,1,Intel(R) Core(TM) 7 150U,NT,6407b28
degen-r50-m5-d1e-08-p1,100,Anderson-APM,1e-7*n,9.999999999999999e-6,7,7,0.0147266,0.0125283,85.07258973558051,0.0,0.0,0.0,0.0,0.0,0.0014675,0.0007308000000000002,0.49486129918031424,5.90407418419431e-6,-1.5372532814377707e-15,3.780293118982314e-6,3.780293118982314e-6,4.6731812392367176e-6,3.780293118982314e-6,NaN,diag_feasible,0,0,0,0,0,0,7,6.345660320802441e-14,1.12.6,lbt,1,1,Intel(R) Core(TM) 7 150U,NT,6407b28
degen-r50-m5-d1e-08-p2,100,SBB-Dual,1e-7*n,9.999999999999999e-6,6,7,0.011421,0.011173800000000001,97.83556606251642,1.13e-5,8.5e-6,4.5e-5,0.0,0.0,0.0,0.0001823999999999995,0.49348349322124724,3.4539985150033704e-6,-1.5464245117332497e-15,1.0623476671689502e-6,0.0,3.6603122321186446e-6,1.0623476671689502e-6,0.0,diag_feasible,0,0,0,0,0,0,6,2.4556266131714712e-14,1.12.6,lbt,1,1,Intel(R) Core(TM) 7 150U,NT,6407b28
degen-r50-m5-d1e-08-p2,100,Newton-SIN-BH,1e-7*n,9.999999999999999e-6,3,4,0.0067088,0.005482,81.7135702361078,0.0,4.0e-6,0.0,0.0010273,0.0,0.0,0.00019549999999999993,0.49348348064563274,5.281061643243612e-8,-1.4067223517332115e-15,2.1192268273573234e-8,2.1192268273573234e-8,4.4073807553567176e-8,2.1192268273573234e-8,NaN,converged,7,7,0,0,0,0,3,2.4556266131714712e-14,1.12.6,lbt,1,1,Intel(R) Core(TM) 7 150U,NT,6407b28
degen-r50-m5-d1e-08-p2,100,Newton-SIN,1e-7*n,9.999999999999999e-6,3,7,0.0080093,0.0071063,88.72560648246413,0.0,3.3e-6,0.0,0.0007856,0.0,0.0,0.00011410000000000012,0.49348348064563274,5.281061643243612e-8,-1.4067223517332115e-15,2.1192268273573234e-8,2.1192268273573234e-8,4.4073807553567176e-8,2.1192268273573234e-8,NaN,converged,7,7,0,0,0,0,3,2.4556266131714712e-14,1.12.6,lbt,1,1,Intel(R) Core(TM) 7 150U,NT,6407b28
degen-r50-m5-d1e-08-p2,100,AGD-SDAJ-BH,1e-7*n,9.999999999999999e-6,2,15,0.0198716,0.0195833,98.5491857726605,0.0,1.92e-5,0.0,0.0,0.0,0.0,0.0002690999999999983,0.4934880228028721,8.56343524867585e-6,-1.3567235233205891e-15,2.102902715517274e-6,2.102902715517274e-6,6.5814299649697494e-6,2.102902715517274e-6,NaN,diag_feasible,0,0,2,2,0,0,2,2.4556266131714712e-14,1.12.6,lbt,1,1,Intel(R) Core(TM) 7 150U,NT,6407b28
degen-r50-m5-d1e-08-p2,100,AGD-SDAJ,1e-7*n,9.999999999999999e-6,2,15,0.0145662,0.014347400000000001,98.49789238099162,0.0,6.8e-6,0.0,0.0,0.0,0.0,0.00021199999999999816,0.4934880228028721,8.56343524867585e-6,-1.3567235233205891e-15,2.102902715517274e-6,2.102902715517274e-6,6.5814299649697494e-6,2.102902715517274e-6,NaN,diag_feasible,0,0,2,2,0,0,2,2.4556266131714712e-14,1.12.6,lbt,1,1,Intel(R) Core(TM) 7 150U,NT,6407b28
degen-r50-m5-d1e-08-p2,100,Dykstra-APM,1e-7*n,9.999999999999999e-6,15,15,0.015577,0.0146785,94.2318803363934,0.0,0.0,0.0,0.0,0.0005591,0.0,0.0003394,0.4934778577930382,8.630388207285464e-6,-1.2797250511268978e-15,1.6025085998183641e-6,1.6025085998183641e-6,6.29157826918248e-6,1.6025085998183641e-6,NaN,diag_feasible,0,0,0,0,0,0,15,2.4556266131714712e-14,1.12.6,lbt,1,1,Intel(R) Core(TM) 7 150U,NT,6407b28
degen-r50-m5-d1e-08-p2,100,Anderson-APM,1e-7*n,9.999999999999999e-6,7,7,0.0081093,0.0068312,84.23908352138902,0.0,0.0,0.0,0.0,0.0,0.0008706,0.0004074999999999999,0.49348430885454464,6.575632789487688e-6,-1.4246548797347604e-15,3.878610965291074e-6,3.878610965291074e-6,5.2625528145129745e-6,3.878610965291074e-6,NaN,diag_feasible,0,0,0,0,0,0,7,2.4556266131714712e-14,1.12.6,lbt,1,1,Intel(R) Core(TM) 7 150U,NT,6407b28
degen-r50-m5-d1e-08-p3,100,SBB-Dual,1e-7*n,9.999999999999999e-6,6,7,0.011205,0.0109719,97.91967871485943,1.13e-5,7.9e-6,4.73e-5,0.0,0.0,0.0,0.00016659999999999998,0.49262394953956345,4.426620723675228e-6,-1.5807556642152793e-15,1.363922454422628e-6,0.0,4.778395969987875e-6,1.363922454422628e-6,0.0,diag_feasible,0,0,0,0,0,0,6,1.9008172467201246e-14,1.12.6,lbt,1,1,Intel(R) Core(TM) 7 150U,NT,6407b28
degen-r50-m5-d1e-08-p3,100,Newton-SIN-BH,1e-7*n,9.999999999999999e-6,3,4,0.0053451,0.0043182,80.78801144973902,0.0,3.4e-6,0.0,0.0008636,0.0,0.0,0.00015989999999999993,0.49262393595497816,6.049190892558732e-8,-1.4678545080122231e-15,2.0654252086416136e-8,2.0654252086416136e-8,5.0879000801048755e-8,2.0654252086416136e-8,NaN,converged,7,7,0,0,0,0,3,1.9008172467201246e-14,1.12.6,lbt,1,1,Intel(R) Core(TM) 7 150U,NT,6407b28
degen-r50-m5-d1e-08-p3,100,Newton-SIN,1e-7*n,9.999999999999999e-6,3,7,0.0075377,0.0066587,88.33861788078592,0.0,2.8e-6,0.0,0.0007649,0.0,0.0,0.00011129999999999962,0.49262393595497816,6.049190892558732e-8,-1.4678545080122231e-15,2.0654252086416136e-8,2.0654252086416136e-8,5.0879000801048755e-8,2.0654252086416136e-8,NaN,converged,7,7,0,0,0,0,3,1.9008172467201246e-14,1.12.6,lbt,1,1,Intel(R) Core(TM) 7 150U,NT,6407b28
degen-r50-m5-d1e-08-p3,100,AGD-SDAJ-BH,1e-7*n,9.999999999999999e-6,2,17,0.0167727,0.0165222,98.50650163658801,0.0,8.0e-6,0.0,0.0,0.0,0.0,0.00024250000000000072,0.4926306877139331,1.2385133542803007e-5,-1.4793572441261272e-15,3.977712616731743e-6,3.977712616731743e-6,9.59282888417138e-6,3.977712616731743e-6,NaN,diag_feasible,0,0,4,4,0,0,2,1.9008172467201246e-14,1.12.6,lbt,1,1,Intel(R) Core(TM) 7 150U,NT,6407b28
degen-r50-m5-d1e-08-p3,100,AGD-SDAJ,1e-7*n,9.999999999999999e-6,2,17,0.0189949,0.0187088,98.49380623219918,0.0,1.37e-5,0.0,0.0,0.0,0.0,0.00027239999999999746,0.4926306877139331,1.2385133542803007e-5,-1.4793572441261272e-15,3.977712616731743e-6,3.977712616731743e-6,9.59282888417138e-6,3.977712616731743e-6,NaN,diag_feasible,0,0,4,4,0,0,2,1.9008172467201246e-14,1.12.6,lbt,1,1,Intel(R) Core(TM) 7 150U,NT,6407b28
degen-r50-m5-d1e-08-p3,100,Dykstra-APM,1e-7*n,9.999999999999999e-6,15,15,0.0164771,0.0155303,94.25384321270127,0.0,0.0,0.0,0.0,0.000593,0.0,0.0003538000000000011,0.4926177375457739,9.52111143405863e-6,-1.531252419061282e-15,1.6101919053657099e-6,1.6101919053657099e-6,6.919155196962995e-6,1.6101919053657099e-6,NaN,diag_feasible,0,0,0,0,0,0,15,1.9008172467201246e-14,1.12.6,lbt,1,1,Intel(R) Core(TM) 7 150U,NT,6407b28
degen-r50-m5-d1e-08-p3,100,Anderson-APM,1e-7*n,9.999999999999999e-6,7,7,0.0085123,0.0072721,85.43049469591062,0.0,0.0,0.0,0.0,0.0,0.0008376,0.00040260000000000035,0.4926272828250785,8.234112969190368e-6,-1.483976246304028e-15,3.0982755321318223e-6,3.0982755321318223e-6,6.293177063306201e-6,3.0982755321318223e-6,NaN,diag_feasible,0,0,0,0,0,0,7,1.9008172467201246e-14,1.12.6,lbt,1,1,Intel(R) Core(TM) 7 150U,NT,6407b28
degen-r50-m5-d1e-08-p4,100,SBB-Dual,1e-7*n,9.999999999999999e-6,6,7,0.0094069,0.0091638,97.41572675376585,6.9e-6,6.4e-6,2.95e-5,0.0,0.0,0.0,0.00020029999999999956,0.4931967756060196,3.266390003530767e-6,-1.487687169584018e-15,1.2807771145872948e-6,0.0,3.447394425681072e-6,1.2807771145872948e-6,0.0,diag_feasible,0,0,0,0,0,0,6,1.8576257487115544e-14,1.12.6,lbt,1,1,Intel(R) Core(TM) 7 150U,NT,6407b28
degen-r50-m5-d1e-08-p4,100,Newton-SIN-BH,1e-7*n,9.999999999999999e-6,3,4,0.0049967,0.0040736,81.52580703264155,0.0,2.7e-6,0.0,0.0007796,0.0,0.0,0.00014079999999999963,0.49319676801020274,5.382184219622921e-8,-1.5123331548832293e-15,1.631985235839295e-8,1.631985235839295e-8,4.596275154140975e-8,1.631985235839295e-8,NaN,converged,7,7,0,0,0,0,3,1.8576257487115544e-14,1.12.6,lbt,1,1,Intel(R) Core(TM) 7 150U,NT,6407b28
degen-r50-m5-d1e-08-p4,100,Newton-SIN,1e-7*n,9.999999999999999e-6,3,7,0.0076938,0.0068055,88.45433985806754,0.0,3.6e-6,0.0,0.0007669,0.0,0.0,0.00011779999999999983,0.49319676801020274,5.382184219622921e-8,-1.5123331548832293e-15,1.631985235839295e-8,1.631985235839295e-8,4.596275154140975e-8,1.631985235839295e-8,NaN,converged,7,7,0,0,0,0,3,1.8576257487115544e-14,1.12.6,lbt,1,1,Intel(R) Core(TM) 7 150U,NT,6407b28
degen-r50-m5-d1e-08-p4,100,AGD-SDAJ-BH,1e-7*n,9.999999999999999e-6,2,14,0.0164197,0.0161609,98.42384452821915,0.0,9.8e-6,0.0,0.0,0.0,0.0,0.000249,0.49320004586091926,5.9701498419700015e-6,-1.6356791548042133e-15,1.5746450646725307e-6,1.5746450646725307e-6,4.539442232563019e-6,1.5746450646725307e-6,NaN,diag_feasible,0,0,1,1,0,0,2,1.8576257487115544e-14,1.12.6,lbt,1,1,Intel(R) Core(TM) 7 150U,NT,6407b28
degen-r50-m5-d1e-08-p4,100,AGD-SDAJ,1e-7*n,9.999999999999999e-6,2,14,0.0160996,0.0158726,98.59002708141819,0.0,8.9e-6,0.0,0.0,0.0,0.0,0.00021809999999999804,0.49320004586091926,5.9701498419700015e-6,-1.6356791548042133e-15,1.5746450646725307e-6,1.5746450646725307e-6,4.539442232563019e-6,1.5746450646725307e-6,NaN,diag_feasible,0,0,1,1,0,0,2,1.8576257487115544e-14,1.12.6,lbt,1,1,Intel(R) Core(TM) 7 150U,NT,6407b28
degen-r50-m5-d1e-08-p4,100,Dykstra-APM,1e-7*n,9.999999999999999e-6,15,15,0.0157031,0.0148048,94.27947347975876,0.0,0.0,0.0,0.0,0.0005597,0.0,0.0003386000000000012,0.4931905879749385,9.654586683608944e-6,-1.2999389434825562e-15,1.8319246886111529e-6,1.8319246886111529e-6,7.015138679280696e-6,1.8319246886111529e-6,NaN,diag_feasible,0,0,0,0,0,0,15,1.8576257487115544e-14,1.12.6,lbt,1,1,Intel(R) Core(TM) 7 150U,NT,6407b28
degen-r50-m5-d1e-08-p4,100,Anderson-APM,1e-7*n,9.999999999999999e-6,7,7,0.0082073,0.0069076,84.1640978153595,0.0,0.0,0.0,0.0,0.0,0.000884,0.00041570000000000083,0.49319551015576796,7.48881630738028e-6,-1.5320736563359781e-15,3.0960695804882477e-6,3.0960695804882477e-6,6.047139806379428e-6,3.0960695804882477e-6,NaN,diag_feasible,0,0,0,0,0,0,7,1.8576257487115544e-14,1.12.6,lbt,1,1,Intel(R) Core(TM) 7 150U,NT,6407b28
degen-r50-m5-d1e-10-p0,100,SBB-Dual,1e-7*n,9.999999999999999e-6,6,7,0.010627,0.0104157,98.01166839183215,9.5e-6,6.4e-6,3.35e-5,0.0,0.0,0.0,0.00016189999999999933,0.4945231949656675,2.058089887415699e-6,-1.4469557640324074e-15,6.93097487514116e-7,0.0,2.185769638575391e-6,6.93097487514116e-7,0.0,diag_feasible,0,0,0,0,0,0,6,3.001239024626847e-14,1.12.6,lbt,1,1,Intel(R) Core(TM) 7 150U,NT,6407b28
degen-r50-m5-d1e-10-p0,100,Newton-SIN-BH,1e-7*n,9.999999999999999e-6,3,4,0.0050167,0.0040606999999999996,80.94364821496201,0.0,3.0e-6,0.0,0.0007946,0.0,0.0,0.00015840000000000027,0.4945231867291453,3.036308382638898e-8,-1.3168868688156373e-15,9.04440899951453e-9,9.04440899951453e-9,2.5519443027863262e-8,9.04440899951453e-9,NaN,converged,7,7,0,0,0,0,3,3.001239024626847e-14,1.12.6,lbt,1,1,Intel(R) Core(TM) 7 150U,NT,6407b28
degen-r50-m5-d1e-10-p0,100,Newton-SIN,1e-7*n,9.999999999999999e-6,3,7,0.008332,0.0074608,89.54392702832452,0.0,3.2e-6,0.0,0.0007611,0.0,0.0,0.00010690000000000081,0.4945231867291453,3.036308382638898e-8,-1.3168868688156373e-15,9.04440899951453e-9,9.04440899951453e-9,2.5519443027863262e-8,9.04440899951453e-9,NaN,converged,7,7,0,0,0,0,3,3.001239024626847e-14,1.12.6,lbt,1,1,Intel(R) Core(TM) 7 150U,NT,6407b28
degen-r50-m5-d1e-10-p0,100,AGD-SDAJ-BH,1e-7*n,9.999999999999999e-6,2,14,0.0151445,0.014921499999999999,98.52751824094555,0.0,8.4e-6,0.0,0.0,0.0,0.0,0.000214600000000001,0.49452572098437814,4.706374990804644e-6,-1.5666386624091958e-15,1.0323916627141827e-6,1.0323916627141827e-6,3.6113033556571227e-6,1.0323916627141827e-6,NaN,diag_feasible,0,0,1,1,0,0,2,3.001239024626847e-14,1.12.6,lbt,1,1,Intel(R) Core(TM) 7 150U,NT,6407b28
degen-r50-m5-d1e-10-p0,100,AGD-SDAJ,1e-7*n,9.999999999999999e-6,2,14,0.0137694,0.0135453,98.37247810362108,0.0,7.1e-6,0.0,0.0,0.0,0.0,0.00021699999999999964,0.49452572098437814,4.706374990804644e-6,-1.5666386624091958e-15,1.0323916627141827e-6,1.0323916627141827e-6,3.6113033556571227e-6,1.0323916627141827e-6,NaN,diag_feasible,0,0,1,1,0,0,2,3.001239024626847e-14,1.12.6,lbt,1,1,Intel(R) Core(TM) 7 150U,NT,6407b28
degen-r50-m5-d1e-10-p0,100,Dykstra-APM,1e-7*n,9.999999999999999e-6,15,15,0.0236986,0.0223632,94.36506797869917,0.0,0.0,0.0,0.0,0.0008498,0.0,0.00048560000000000053,0.49451822135262236,7.631714054951303e-6,-1.2918557506523892e-15,1.2944123539693209e-6,1.2944123539693209e-6,5.581651923050857e-6,1.2944123539693209e-6,NaN,diag_feasible,0,0,0,0,0,0,15,3.001239024626847e-14,1.12.6,lbt,1,1,Intel(R) Core(TM) 7 150U,NT,6407b28
degen-r50-m5-d1e-10-p0,100,Anderson-APM,1e-7*n,9.999999999999999e-6,7,7,0.0079689,0.0067635,84.8736964951248,0.0,0.0,0.0,0.0,0.0,0.0007836,0.00042179999999999887,0.4945233575068655,7.260307294713257e-6,-1.330462648703417e-15,4.169511369278567e-6,4.169511369278567e-6,5.7240266924825034e-6,4.169511369278567e-6,NaN,diag_feasible,0,0,0,0,0,0,7,3.001239024626847e-14,1.12.6,lbt,1,1,Intel(R) Core(TM) 7 150U,NT,6407b28
degen-r50-m5-d1e-10-p1,100,SBB-Dual,1e-7*n,9.999999999999999e-6,6,7,0.0071512,0.0069885,97.72485736659581,7.4e-6,5.0e-6,3.0e-5,0.0,0.0,0.0,0.0001203,0.4948618243579891,2.1133215563440356e-6,-1.5105845507654453e-15,9.022503563160811e-7,0.0,2.2331462192466097e-6,9.022503563160811e-7,0.0,diag_feasible,0,0,0,0,0,0,6,1.727601207193698e-14,1.12.6,lbt,1,1,Intel(R) Core(TM) 7 150U,NT,6407b28
degen-r50-m5-d1e-10-p1,100,Newton-SIN-BH,1e-7*n,9.999999999999999e-6,3,4,0.0054011,0.0043786,81.0686711966081,0.0,2.9e-6,0.0,0.0008536,0.0,0.0,0.00016600000000000002,0.49486181699625237,3.0499442413049306e-8,-1.6543073913527595e-15,9.712279980256255e-9,9.712279980256255e-9,2.586171885594707e-8,9.712279980256255e-9,NaN,converged,7,7,0,0,0,0,3,1.727601207193698e-14,1.12.6,lbt,1,1,Intel(R) Core(TM) 7 150U,NT,6407b28
degen-r50-m5-d1e-10-p1,100,Newton-SIN,1e-7*n,9.999999999999999e-6,3,7,0.0075467,0.006656100000000001,88.19881537625717,0.0,3.3e-6,0.0,0.0007766,0.0,0.0,0.00011069999999999917,0.49486181699625237,3.0499442413049306e-8,-1.6543073913527595e-15,9.712279980256255e-9,9.712279980256255e-9,2.586171885594707e-8,9.712279980256255e-9,NaN,converged,7,7,0,0,0,0,3,1.727601207193698e-14,1.12.6,lbt,1,1,Intel(R) Core(TM) 7 150U,NT,6407b28
degen-r50-m5-d1e-10-p1,100,AGD-SDAJ-BH,1e-7*n,9.999999999999999e-6,2,14,0.0221239,0.0219002,98.98887628311465,0.0,9.6e-6,0.0,0.0,0.0,0.0,0.00021409999999999683,0.49486375424775897,3.5163942515848364e-6,-1.6447361673756383e-15,9.9252801544214e-7,9.9252801544214e-7,2.683004781019467e-6,9.9252801544214e-7,NaN,diag_feasible,0,0,1,1,0,0,2,1.727601207193698e-14,1.12.6,lbt,1,1,Intel(R) Core(TM) 7 150U,NT,6407b28
degen-r50-m5-d1e-10-p1,100,AGD-SDAJ,1e-7*n,9.999999999999999e-6,2,14,0.0186218,0.0183189,98.37341180766629,0.0,1.24e-5,0.0,0.0,0.0,0.0,0.0002905000000000018,0.49486375424775897,3.5163942515848364e-6,-1.6447361673756383e-15,9.9252801544214e-7,9.9252801544214e-7,2.683004781019467e-6,9.9252801544214e-7,NaN,diag_feasible,0,0,1,1,0,0,2,1.727601207193698e-14,1.12.6,lbt,1,1,Intel(R) Core(TM) 7 150U,NT,6407b28
degen-r50-m5-d1e-10-p1,100,Dykstra-APM,1e-7*n,9.999999999999999e-6,15,15,0.0190546,0.0181181,95.08517628289232,0.0,0.0,0.0,0.0,0.0005773,0.0,0.00035919999999999984,0.4948571359096714,7.146642553149569e-6,-1.3865564735510243e-15,1.1753389239643752e-6,1.1753389239643752e-6,5.2379880060189816e-6,1.1753389239643752e-6,NaN,diag_feasible,0,0,0,0,0,0,15,1.727601207193698e-14,1.12.6,lbt,1,1,Intel(R) Core(TM) 7 150U,NT,6407b28
degen-r50-m5-d1e-10-p1,100,Anderson-APM,1e-7*n,9.999999999999999e-6,7,7,0.0080257,0.0067881,84.57953823342513,0.0,0.0,0.0,0.0,0.0,0.0008211,0.0004165000000000002,0.4948613032713523,5.904178413846741e-6,-1.4037749476023593e-15,3.7803159838034617e-6,3.7803159838034617e-6,4.673263761758242e-6,3.7803159838034617e-6,NaN,diag_feasible,0,0,0,0,0,0,7,1.727601207193698e-14,1.12.6,lbt,1,1,Intel(R) Core(TM) 7 150U,NT,6407b28
degen-r50-m5-d1e-10-p2,100,SBB-Dual,1e-7*n,9.999999999999999e-6,6,7,0.0072097,0.0070536999999999996,97.83624838758892,5.7e-6,4.4e-6,3.1e-5,0.0,0.0,0.0,0.00011490000000000076,0.49348349739437125,3.4544771444011843e-6,-1.7378808994631139e-15,1.0624173381046376e-6,0.0,3.6607951920579676e-6,1.0624173381046376e-6,0.0,diag_feasible,0,0,0,0,0,0,6,2.5048757304308775e-14,1.12.6,lbt,1,1,Intel(R) Core(TM) 7 150U,NT,6407b28
degen-r50-m5-d1e-10-p2,100,Newton-SIN-BH,1e-7*n,9.999999999999999e-6,3,4,0.0051104,0.0041556,81.31653099561677,0.0,2.9e-6,0.0,0.0007952,0.0,0.0,0.0001567000000000004,0.49348348745649184,5.062109600472661e-8,-1.405035688195597e-15,2.1297568708611436e-8,2.1297568708611436e-8,4.29322858769657e-8,2.1297568708611436e-8,NaN,converged,7,7,0,0,0,0,3,2.5048757304308775e-14,1.12.6,lbt,1,1,Intel(R) Core(TM) 7 150U,NT,6407b28
degen-r50-m5-d1e-10-p2,100,Newton-SIN,1e-7*n,9.999999999999999e-6,3,7,0.0083829,0.0074975,89.43802264132937,0.0,3.1e-6,0.0,0.000774,0.0,0.0,0.00010830000000000063,0.49348348745649184,5.062109600472661e-8,-1.405035688195597e-15,2.1297568708611436e-8,2.1297568708611436e-8,4.29322858769657e-8,2.1297568708611436e-8,NaN,converged,7,7,0,0,0,0,3,2.5048757304308775e-14,1.12.6,lbt,1,1,Intel(R) Core(TM) 7 150U,NT,6407b28
degen-r50-m5-d1e-10-p2,100,AGD-SDAJ-BH,1e-7*n,9.999999999999999e-6,2,15,0.0150075,0.014764800000000002,98.38280859570216,0.0,8.7e-6,0.0,0.0,0.0,0.0,0.00023399999999999848,0.4934880274491401,8.564423419550128e-6,-1.348562250797025e-15,2.1032869745862826e-6,2.1032869745862826e-6,6.58223849180163e-6,2.1032869745862826e-6,NaN,diag_feasible,0,0,2,2,0,0,2,2.5048757304308775e-14,1.12.6,lbt,1,1,Intel(R) Core(TM) 7 150U,NT,6407b28
degen-r50-m5-d1e-10-p2,100,AGD-SDAJ,1e-7*n,9.999999999999999e-6,2,15,0.0161763,0.0159558,98.63689471634427,0.0,8.4e-6,0.0,0.0,0.0,0.0,0.00021210000000000196,0.4934880274491401,8.564423419550128e-6,-1.348562250797025e-15,2.1032869745862826e-6,2.1032869745862826e-6,6.58223849180163e-6,2.1032869745862826e-6,NaN,diag_feasible,0,0,2,2,0,0,2,2.5048757304308775e-14,1.12.6,lbt,1,1,Intel(R) Core(TM) 7 150U,NT,6407b28
degen-r50-m5-d1e-10-p2,100,Dykstra-APM,1e-7*n,9.999999999999999e-6,15,15,0.0165271,0.0153402,92.8184617991057,0.0,0.0,0.0,0.0,0.0006547,0.0,0.0005321999999999994,0.49347786196618043,8.630333877626837e-6,-1.9716334131091606e-15,1.6025085820547957e-6,1.6025085820547957e-6,6.291578241140876e-6,1.6025085820547957e-6,NaN,diag_feasible,0,0,0,0,0,0,15,2.5048757304308775e-14,1.12.6,lbt,1,1,Intel(R) Core(TM) 7 150U,NT,6407b28
degen-r50-m5-d1e-10-p2,100,Anderson-APM,1e-7*n,9.999999999999999e-6,7,7,0.0087286,0.0074807,85.70332012006507,0.0,0.0,0.0,0.0,0.0,0.0008222,0.00042569999999999967,0.49348431424915373,6.5758462141320354e-6,-1.613557080945482e-15,3.878375912869103e-6,3.878375912869103e-6,5.2626754589204726e-6,3.878375912869103e-6,NaN,diag_feasible,0,0,0,0,0,0,7,2.5048757304308775e-14,1.12.6,lbt,1,1,Intel(R) Core(TM) 7 150U,NT,6407b28
degen-r50-m5-d1e-10-p3,100,SBB-Dual,1e-7*n,9.999999999999999e-6,6,7,0.0099464,0.009721899999999999,97.74290195447598,8.2e-6,6.5e-6,3.49e-5,0.0,0.0,0.0,0.00017490000000000073,0.49262395357675726,4.427036319739956e-6,-1.6082070001811307e-15,1.3639549005795004e-6,0.0,4.77881754995552e-6,1.3639549005795004e-6,0.0,diag_feasible,0,0,0,0,0,0,6,3.468980626944125e-14,1.12.6,lbt,1,1,Intel(R) Core(TM) 7 150U,NT,6407b28
degen-r50-m5-d1e-10-p3,100,Newton-SIN-BH,1e-7*n,9.999999999999999e-6,3,4,0.0059487,0.0041204,69.26555381848134,0.0,3.1e-6,0.0,0.0016642,0.0,0.0,0.00016100000000000055,0.4926239423327364,5.8425425325660016e-8,-1.3436090298351674e-15,2.1003259242924344e-8,2.1003259242924344e-8,4.9975003553371244e-8,2.1003259242924344e-8,NaN,converged,7,7,0,0,0,0,3,3.468980626944125e-14,1.12.6,lbt,1,1,Intel(R) Core(TM) 7 150U,NT,6407b28
degen-r50-m5-d1e-10-p3,100,Newton-SIN,1e-7*n,9.999999999999999e-6,3,7,0.0080819,0.007169200000000001,88.70686348507158,0.0,4.2e-6,0.0,0.0007708,0.0,0.0,0.00013769999999999896,0.4926239423327364,5.8425425325660016e-8,-1.3436090298351674e-15,2.1003259242924344e-8,2.1003259242924344e-8,4.9975003553371244e-8,2.1003259242924344e-8,NaN,converged,7,7,0,0,0,0,3,3.468980626944125e-14,1.12.6,lbt,1,1,Intel(R) Core(TM) 7 150U,NT,6407b28
degen-r50-m5-d1e-10-p3,100,AGD-SDAJ-BH,1e-7*n,9.999999999999999e-6,2,17,0.0167525,0.0164885,98.4241158036114,0.0,8.8e-6,0.0,0.0,0.0,0.0,0.00025520000000000035,0.4926306914840658,1.2384545546768308e-5,-1.6032380908821093e-15,3.97745657831905e-6,3.97745657831905e-6,9.592332205357208e-6,3.97745657831905e-6,NaN,diag_feasible,0,0,4,4,0,0,2,3.468980626944125e-14,1.12.6,lbt,1,1,Intel(R) Core(TM) 7 150U,NT,6407b28
degen-r50-m5-d1e-10-p3,100,AGD-SDAJ,1e-7*n,9.999999999999999e-6,2,17,0.0169815,0.0167333,98.53840944557312,0.0,1.17e-5,0.0,0.0,0.0,0.0,0.0002365000000000005,0.4926306914840658,1.2384545546768308e-5,-1.6032380908821093e-15,3.97745657831905e-6,3.97745657831905e-6,9.592332205357208e-6,3.97745657831905e-6,NaN,diag_feasible,0,0,4,4,0,0,2,3.468980626944125e-14,1.12.6,lbt,1,1,Intel(R) Core(TM) 7 150U,NT,6407b28
degen-r50-m5-d1e-10-p3,100,Dykstra-APM,1e-7*n,9.999999999999999e-6,15,15,0.0187495,0.0176121,93.9337048987973,0.0,0.0,0.0,0.0,0.0007462,0.0,0.0003912000000000002,0.49261774158301147,9.521056609165627e-6,-1.6501033273793653e-15,1.610191842305042e-6,1.610191842305042e-6,6.9191551347135065e-6,1.610191842305042e-6,NaN,diag_feasible,0,0,0,0,0,0,15,3.468980626944125e-14,1.12.6,lbt,1,1,Intel(R) Core(TM) 7 150U,NT,6407b28
degen-r50-m5-d1e-10-p3,100,Anderson-APM,1e-7*n,9.999999999999999e-6,7,7,0.0088234,0.0075396,85.45005326744791,0.0,0.0,0.0,0.0,0.0,0.0008617,0.0004221000000000008,0.4926272888996565,8.23599371452287e-6,-1.4159635118977303e-15,3.0978188443331334e-6,3.0978188443331334e-6,6.2943808962578e-6,3.0978188443331334e-6,NaN,diag_feasible,0,0,0,0,0,0,7,3.468980626944125e-14,1.12.6,lbt,1,1,Intel(R) Core(TM) 7 150U,NT,6407b28
degen-r50-m5-d1e-10-p4,100,SBB-Dual,1e-7*n,9.999999999999999e-6,6,7,0.0070627,0.0069073,97.79970832684384,5.9e-6,4.4e-6,3.05e-5,0.0,0.0,0.0,0.00011459999999999998,0.49319677978897786,3.2668328164565497e-6,-1.5889998552324596e-15,1.2808074176806628e-6,0.0,3.4478091285352057e-6,1.2808074176806628e-6,0.0,diag_feasible,0,0,0,0,0,0,6,2.2820957667582593e-14,1.12.6,lbt,1,1,Intel(R) Core(TM) 7 150U,NT,6407b28
degen-r50-m5-d1e-10-p4,100,Newton-SIN-BH,1e-7*n,9.999999999999999e-6,3,4,0.0057124,0.0040862,71.53210559484629,0.0,3.5e-6,0.0,0.0014663,0.0,0.0,0.00015640000000000033,0.4931967748434972,5.211342418276322e-8,-1.3683520466031275e-15,1.664636084530713e-8,1.664636084530713e-8,4.5171986322244756e-8,1.664636084530713e-8,NaN,converged,7,7,0,0,0,0,3,2.2820957667582593e-14,1.12.6,lbt,1,1,Intel(R) Core(TM) 7 150U,NT,6407b28
degen-r50-m5-d1e-10-p4,100,Newton-SIN,1e-7*n,9.999999999999999e-6,3,7,0.0082771,0.0072403,87.47387369972573,0.0,3.7e-6,0.0,0.000917,0.0,0.0,0.00011610000000000103,0.4931967748434972,5.211342418276322e-8,-1.3683520466031275e-15,1.664636084530713e-8,1.664636084530713e-8,4.5171986322244756e-8,1.664636084530713e-8,NaN,converged,7,7,0,0,0,0,3,2.2820957667582593e-14,1.12.6,lbt,1,1,Intel(R) Core(TM) 7 150U,NT,6407b28
degen-r50-m5-d1e-10-p4,100,AGD-SDAJ-BH,1e-7*n,9.999999999999999e-6,2,14,0.015105,0.014814599999999999,98.07745779543197,0.0,3.28e-5,0.0,0.0,0.0,0.0,0.00025760000000000144,0.4932000498759582,5.969851445496065e-6,-1.5996284744537917e-15,1.5746087425050348e-6,1.5746087425050348e-6,4.539212754963379e-6,1.5746087425050348e-6,NaN,diag_feasible,0,0,1,1,0,0,2,2.2820957667582593e-14,1.12.6,lbt,1,1,Intel(R) Core(TM) 7 150U,NT,6407b28
degen-r50-m5-d1e-10-p4,100,AGD-SDAJ,1e-7*n,9.999999999999999e-6,2,14,0.021572,0.0212513,98.51335063971814,0.0,1.13e-5,0.0,0.0,0.0,0.0,0.00030940000000000015,0.4932000498759582,5.969851445496065e-6,-1.5996284744537917e-15,1.5746087425050348e-6,1.5746087425050348e-6,4.539212754963379e-6,1.5746087425050348e-6,NaN,diag_feasible,0,0,1,1,0,0,2,2.2820957667582593e-14,1.12.6,lbt,1,1,Intel(R) Core(TM) 7 150U,NT,6407b28
degen-r50-m5-d1e-10-p4,100,Dykstra-APM,1e-7*n,9.999999999999999e-6,15,15,0.0295258,0.027818,94.21590608891206,0.0,0.0,0.0,0.0,0.0011099,0.0,0.0005979000000000023,0.49319059215792904,9.654533597839944e-6,-1.3812305508715093e-15,1.8319246797293687e-6,1.8319246797293687e-6,7.015138633179524e-6,1.8319246797293687e-6,NaN,diag_feasible,0,0,0,0,0,0,15,2.2820957667582593e-14,1.12.6,lbt,1,1,Intel(R) Core(TM) 7 150U,NT,6407b28
degen-r50-m5-d1e-10-p4,100,Anderson-APM,1e-7*n,9.999999999999999e-6,7,7,0.0079328,0.0067402,84.96621621621621,0.0,0.0,0.0,0.0,0.0,0.000786,0.00040660000000000023,0.49319551340560536,7.488977547301665e-6,-1.2110484242943857e-15,3.096022548998434e-6,3.096022548998434e-6,6.047274878395099e-6,3.096022548998434e-6,NaN,diag_feasible,0,0,0,0,0,0,7,2.2820957667582593e-14,1.12.6,lbt,1,1,Intel(R) Core(TM) 7 150U,NT,6407b28
degen-r50-m5-d0-p0,100,SBB-Dual,1e-7*n,9.999999999999999e-6,6,7,0.008564,0.0083775,97.82227930873422,7.6e-6,5.1e-6,2.99e-5,0.0,0.0,0.0,0.00014390000000000092,0.49452319500876596,2.0580944342500333e-6,-1.6450391925965202e-15,6.930986415909501e-7,0.0,2.1857741633342103e-6,6.930986415909501e-7,0.0,diag_feasible,0,0,0,0,0,0,6,3.3742927128784275e-14,1.12.6,lbt,1,1,Intel(R) Core(TM) 7 150U,NT,6407b28
degen-r50-m5-d0-p0,100,Newton-SIN-BH,1e-7*n,9.999999999999999e-6,3,4,0.0055494,0.0045935,82.77471438353696,0.0,2.8e-6,0.0,0.0007866,0.0,0.0,0.00016649999999999998,0.49452318677973023,3.0362487990944464e-8,-1.4647782096283e-15,9.052546046106613e-9,9.052546046106613e-9,2.5519572644216396e-8,9.052546046106613e-9,NaN,converged,7,7,0,0,0,0,3,3.3742927128784275e-14,1.12.6,lbt,1,1,Intel(R) Core(TM) 7 150U,NT,6407b28
degen-r50-m5-d0-p0,100,Newton-SIN,1e-7*n,9.999999999999999e-6,3,7,0.0134851,0.0119936,88.93964449651838,0.0,5.9e-6,0.0,0.001295,0.0,0.0,0.00019059999999999975,0.49452318677973023,3.0362487990944464e-8,-1.4647782096283e-15,9.052546046106613e-9,9.052546046106613e-9,2.5519572644216396e-8,9.052546046106613e-9,NaN,converged,7,7,0,0,0,0,3,3.3742927128784275e-14,1.12.6,lbt,1,1,Intel(R) Core(TM) 7 150U,NT,6407b28
degen-r50-m5-d0-p0,100,AGD-SDAJ-BH,1e-7*n,9.999999999999999e-6,2,14,0.0138739,0.0136786,98.5923208326426,0.0,6.3e-6,0.0,0.0,0.0,0.0,0.00018899999999999896,0.49452572102709663,4.706374146367081e-6,-1.4359518876360967e-15,1.032391318545045e-6,1.032391318545045e-6,3.611302671267586e-6,1.032391318545045e-6,NaN,diag_feasible,0,0,1,1,0,0,2,3.3742927128784275e-14,1.12.6,lbt,1,1,Intel(R) Core(TM) 7 150U,NT,6407b28
degen-r50-m5-d0-p0,100,AGD-SDAJ,1e-7*n,9.999999999999999e-6,2,14,0.0139121,0.0136944,98.43517513531386,0.0,7.8e-6,0.0,0.0,0.0,0.0,0.0002098999999999995,0.49452572102709663,4.706374146367081e-6,-1.4359518876360967e-15,1.032391318545045e-6,1.032391318545045e-6,3.611302671267586e-6,1.032391318545045e-6,NaN,diag_feasible,0,0,1,1,0,0,2,3.3742927128784275e-14,1.12.6,lbt,1,1,Intel(R) Core(TM) 7 150U,NT,6407b28
degen-r50-m5-d0-p0,100,Dykstra-APM,1e-7*n,9.999999999999999e-6,15,15,0.0168678,0.0157912,93.61742491611236,0.0,0.0,0.0,0.0,0.000632,0.0,0.0004446000000000005,0.49451822139572177,7.631713862365904e-6,-1.389192919665951e-15,1.2944123422009568e-6,1.2944123422009568e-6,5.581651921801641e-6,1.2944123422009568e-6,NaN,diag_feasible,0,0,0,0,0,0,15,3.3742927128784275e-14,1.12.6,lbt,1,1,Intel(R) Core(TM) 7 150U,NT,6407b28
degen-r50-m5-d0-p0,100,Anderson-APM,1e-7*n,9.999999999999999e-6,7,7,0.0089358,0.0076907,86.06616083618702,0.0,0.0,0.0,0.0,0.0,0.0008381,0.0004070000000000007,0.4945233575534353,7.260308271944846e-6,-1.5115061892455783e-15,4.1695104364691815e-6,4.1695104364691815e-6,5.7240275385598425e-6,4.1695104364691815e-6,NaN,diag_feasible,0,0,0,0,0,0,7,3.3742927128784275e-14,1.12.6,lbt,1,1,Intel(R) Core(TM) 7 150U,NT,6407b28
degen-r50-m5-d0-p1,100,SBB-Dual,1e-7*n,9.999999999999999e-6,6,7,0.0079104,0.0076212,96.34405339805826,7.1e-6,5.9e-6,0.0001364,0.0,0.0,0.0,0.00013979999999999987,0.4948618244013697,2.113326119739398e-6,-1.363132362420074e-15,9.022513923762077e-7,0.0,2.233150708469823e-6,9.022513923762077e-7,0.0,diag_feasible,0,0,0,0,0,0,6,1.5765557868430762e-14,1.12.6,lbt,1,1,Intel(R) Core(TM) 7 150U,NT,6407b28
degen-r50-m5-d0-p1,100,Newton-SIN-BH,1e-7*n,9.999999999999999e-6,3,4,0.0060934,0.004363700000000001,71.61354908589624,0.0,4.0e-6,0.0,0.0015515,0.0,0.0,0.00017419999999999892,0.4948618170503472,3.050064759716052e-8,-1.5030509112608862e-15,9.717312288159974e-9,9.717312288159974e-9,2.5864425541920786e-8,9.717312288159974e-9,NaN,converged,7,7,0,0,0,0,3,1.5765557868430762e-14,1.12.6,lbt,1,1,Intel(R) Core(TM) 7 150U,NT,6407b28
degen-r50-m5-d0-p1,100,Newton-SIN,1e-7*n,9.999999999999999e-6,3,7,0.0107148,0.009793799999999998,91.40441258819575,0.0,5.8e-6,0.0,0.0007925,0.0,0.0,0.00012270000000000163,0.4948618170503472,3.050064759716052e-8,-1.5030509112608862e-15,9.717312288159974e-9,9.717312288159974e-9,2.5864425541920786e-8,9.717312288159974e-9,NaN,converged,7,7,0,0,0,0,3,1.5765557868430762e-14,1.12.6,lbt,1,1,Intel(R) Core(TM) 7 150U,NT,6407b28
degen-r50-m5-d0-p1,100,AGD-SDAJ-BH,1e-7*n,9.999999999999999e-6,2,14,0.0139057,0.0136861,98.42079147399986,0.0,8.6e-6,0.0,0.0,0.0,0.0,0.00021100000000000036,0.4948637542884904,3.5163889059989053e-6,-1.5596065545565994e-15,9.925258704912565e-7,9.925258704912565e-7,2.6830004868159056e-6,9.925258704912565e-7,NaN,diag_feasible,0,0,1,1,0,0,2,1.5765557868430762e-14,1.12.6,lbt,1,1,Intel(R) Core(TM) 7 150U,NT,6407b28
degen-r50-m5-d0-p1,100,AGD-SDAJ,1e-7*n,9.999999999999999e-6,2,14,0.014157,0.0139325,98.4142120505757,0.0,9.7e-6,0.0,0.0,0.0,0.0,0.00021479999999999901,0.4948637542884904,3.5163889059989053e-6,-1.5596065545565994e-15,9.925258704912565e-7,9.925258704912565e-7,2.6830004868159056e-6,9.925258704912565e-7,NaN,diag_feasible,0,0,1,1,0,0,2,1.5765557868430762e-14,1.12.6,lbt,1,1,Intel(R) Core(TM) 7 150U,NT,6407b28
degen-r50-m5-d0-p1,100,Dykstra-APM,1e-7*n,9.999999999999999e-6,15,15,0.0165765,0.0155288,93.67960667209604,0.0,0.0,0.0,0.0,0.0006479,0.0,0.0003998000000000004,0.4948571359530514,7.146642361101524e-6,-1.5938400014966652e-15,1.1753389255186875e-6,1.1753389255186875e-6,5.2379880066825e-6,1.1753389255186875e-6,NaN,diag_feasible,0,0,0,0,0,0,15,1.5765557868430762e-14,1.12.6,lbt,1,1,Intel(R) Core(TM) 7 150U,NT,6407b28
degen-r50-m5-d0-p1,100,Anderson-APM,1e-7*n,9.999999999999999e-6,7,7,0.0082547,0.0070033,84.84015167116915,0.0,0.0,0.0,0.0,0.0,0.0008404,0.00041100000000000056,0.49486130331267647,5.904179774277944e-6,-1.4058707698118346e-15,3.7803162209470997e-6,3.7803162209470997e-6,4.673264597063612e-6,3.7803162209470997e-6,NaN,diag_feasible,0,0,0,0,0,0,7,1.5765557868430762e-14,1.12.6,lbt,1,1,Intel(R) Core(TM) 7 150U,NT,6407b28
degen-r50-m5-d0-p2,100,SBB-Dual,1e-7*n,9.999999999999999e-6,6,7,0.0069855,0.0068296,97.76823419941307,6.8e-6,4.3e-6,2.94e-5,0.0,0.0,0.0,0.00011540000000000049,0.49348349743652403,3.4544819890522254e-6,-1.93448004530288e-15,1.0624180409868345e-6,0.0,3.6608000695247504e-6,1.0624180409868345e-6,0.0,diag_feasible,0,0,0,0,0,0,6,2.2132178345921397e-14,1.12.6,lbt,1,1,Intel(R) Core(TM) 7 150U,NT,6407b28
degen-r50-m5-d0-p2,100,Newton-SIN-BH,1e-7*n,9.999999999999999e-6,3,4,0.0049253,0.003985600000000001,80.92095912939315,0.0,3.5e-6,0.0,0.00078,0.0,0.0,0.00015619999999999903,0.49348348749864923,5.0620710555959856e-8,-1.329263062093568e-15,2.1297566044076177e-8,2.1297566044076177e-8,4.293228160216108e-8,2.1297566044076177e-8,NaN,converged,7,7,0,0,0,0,3,2.2132178345921397e-14,1.12.6,lbt,1,1,Intel(R) Core(TM) 7 150U,NT,6407b28
degen-r50-m5-d0-p2,100,Newton-SIN,1e-7*n,9.999999999999999e-6,3,7,0.0077367,0.0068504,88.54421135626302,0.0,3.4e-6,0.0,0.0007672,0.0,0.0,0.00011569999999999961,0.49348348749864923,5.0620710555959856e-8,-1.329263062093568e-15,2.1297566044076177e-8,2.1297566044076177e-8,4.293228160216108e-8,2.1297566044076177e-8,NaN,converged,7,7,0,0,0,0,3,2.2132178345921397e-14,1.12.6,lbt,1,1,Intel(R) Core(TM) 7 150U,NT,6407b28
degen-r50-m5-d0-p2,100,AGD-SDAJ-BH,1e-7*n,9.999999999999999e-6,2,15,0.0147579,0.0145338,98.481491269083,0.0,8.4e-6,0.0,0.0,0.0,0.0,0.00021569999999999966,0.4934880274960458,8.564433339959973e-6,-1.6598472442256222e-15,2.103290829280624e-6,2.103290829280624e-6,6.5822466084492815e-6,2.103290829280624e-6,NaN,diag_feasible,0,0,2,2,0,0,2,2.2132178345921397e-14,1.12.6,lbt,1,1,Intel(R) Core(TM) 7 150U,NT,6407b28
degen-r50-m5-d0-p2,100,AGD-SDAJ,1e-7*n,9.999999999999999e-6,2,15,0.0149024,0.0146849,98.54050354305348,0.0,8.1e-6,0.0,0.0,0.0,0.0,0.00020939999999999894,0.4934880274960458,8.564433339959973e-6,-1.6598472442256222e-15,2.103290829280624e-6,2.103290829280624e-6,6.5822466084492815e-6,2.103290829280624e-6,NaN,diag_feasible,0,0,2,2,0,0,2,2.2132178345921397e-14,1.12.6,lbt,1,1,Intel(R) Core(TM) 7 150U,NT,6407b28
degen-r50-m5-d0-p2,100,Dykstra-APM,1e-7*n,9.999999999999999e-6,15,15,0.0154945,0.0145847,94.12823905256705,0.0,0.0,0.0,0.0,0.0005779,0.0,0.0003318999999999988,0.4934778620083342,8.630333572745693e-6,-1.3190751555518402e-15,1.602508579612305e-6,1.602508579612305e-6,6.291578239666778e-6,1.602508579612305e-6,NaN,diag_feasible,0,0,0,0,0,0,15,2.2132178345921397e-14,1.12.6,lbt,1,1,Intel(R) Core(TM) 7 150U,NT,6407b28
degen-r50-m5-d0-p2,100,Anderson-APM,1e-7*n,9.999999999999999e-6,7,7,0.0082687,0.007035,85.07987954575688,0.0,0.0,0.0,0.0,0.0,0.0008332,0.0004005000000000008,0.49348431430364464,6.575848376538959e-6,-1.4056706381549594e-15,3.878373539656366e-6,3.878373539656366e-6,5.262676702908855e-6,3.878373539656366e-6,NaN,diag_feasible,0,0,0,0,0,0,7,2.2132178345921397e-14,1.12.6,lbt,1,1,Intel(R) Core(TM) 7 150U,NT,6407b28
degen-r50-m5-d0-p3,100,SBB-Dual,1e-7*n,9.999999999999999e-6,6,7,0.0070723,0.0069109,97.71785699136066,6.9e-6,5.4e-6,2.95e-5,0.0,0.0,0.0,0.00011959999999999991,0.49262395361753697,4.427040515215831e-6,-1.4621839113813697e-15,1.363955227873248e-6,0.0,4.778821808639165e-6,1.363955227873248e-6,0.0,diag_feasible,0,0,0,0,0,0,6,1.850379109180622e-14,1.12.6,lbt,1,1,Intel(R) Core(TM) 7 150U,NT,6407b28
degen-r50-m5-d0-p3,100,Newton-SIN-BH,1e-7*n,9.999999999999999e-6,3,4,0.0051783,0.0041961,81.0323851457042,0.0,2.6e-6,0.0,0.0008158,0.0,0.0,0.00016379999999999997,0.4926239423735186,5.842508510674017e-8,-1.5557710290411246e-15,2.1003259687013554e-8,2.1003259687013554e-8,4.9975009911781266e-8,2.1003259687013554e-8,NaN,converged,7,7,0,0,0,0,3,1.850379109180622e-14,1.12.6,lbt,1,1,Intel(R) Core(TM) 7 150U,NT,6407b28
degen-r50-m5-d0-p3,100,Newton-SIN,1e-7*n,9.999999999999999e-6,3,7,0.0091797,0.0075031,81.73578657254595,0.0,4.7e-6,0.0,0.0015398,0.0,0.0,0.00013210000000000023,0.4926239423735186,5.842508510674017e-8,-1.5557710290411246e-15,2.1003259687013554e-8,2.1003259687013554e-8,4.9975009911781266e-8,2.1003259687013554e-8,NaN,converged,7,7,0,0,0,0,3,1.850379109180622e-14,1.12.6,lbt,1,1,Intel(R) Core(TM) 7 150U,NT,6407b28
degen-r50-m5-d0-p3,100,AGD-SDAJ-BH,1e-7*n,9.999999999999999e-6,2,17,0.0185959,0.018339499999999998,98.62120144763092,0.0,1.08e-5,0.0,0.0,0.0,0.0,0.0002456000000000004,0.49263069152210615,1.2384539515337452e-5,-1.4851634662673025e-15,3.97745394897786e-6,3.97745394897786e-6,9.592327108584635e-6,3.97745394897786e-6,NaN,diag_feasible,0,0,4,4,0,0,2,1.850379109180622e-14,1.12.6,lbt,1,1,Intel(R) Core(TM) 7 150U,NT,6407b28
degen-r50-m5-d0-p3,100,AGD-SDAJ,1e-7*n,9.999999999999999e-6,2,17,0.016463,0.0162103,98.46504282330075,0.0,8.9e-6,0.0,0.0,0.0,0.0,0.00024379999999999807,0.49263069152210615,1.2384539515337452e-5,-1.4851634662673025e-15,3.97745394897786e-6,3.97745394897786e-6,9.592327108584635e-6,3.97745394897786e-6,NaN,diag_feasible,0,0,4,4,0,0,2,1.850379109180622e-14,1.12.6,lbt,1,1,Intel(R) Core(TM) 7 150U,NT,6407b28
degen-r50-m5-d0-p3,100,Dykstra-APM,1e-7*n,9.999999999999999e-6,15,15,0.0155993,0.0146704,94.04524561999577,0.0,0.0,0.0,0.0,0.0005802,0.0,0.00034869999999999986,0.492617741623793,9.521056274604806e-6,-1.3587711378852244e-15,1.6101918420829975e-6,1.6101918420829975e-6,6.919155132185641e-6,1.6101918420829975e-6,NaN,diag_feasible,0,0,0,0,0,0,15,1.850379109180622e-14,1.12.6,lbt,1,1,Intel(R) Core(TM) 7 150U,NT,6407b28
degen-r50-m5-d0-p3,100,Anderson-APM,1e-7*n,9.999999999999999e-6,7,7,0.0081677,0.0069152,84.66520562704311,0.0,0.0,0.0,0.0,0.0,0.0008473,0.0004052000000000001,0.49262728896102026,8.236012730509366e-6,-1.4637721618057217e-15,3.0978142322446445e-6,3.0978142322446445e-6,6.294393066600264e-6,3.0978142322446445e-6,NaN,diag_feasible,0,0,0,0,0,0,7,1.850379109180622e-14,1.12.6,lbt,1,1,Intel(R) Core(TM) 7 150U,NT,6407b28
degen-r50-m5-d0-p4,100,SBB-Dual,1e-7*n,9.999999999999999e-6,6,7,0.0079144,0.0077394,97.78884059435964,5.2e-6,4.7e-6,3.12e-5,0.0,0.0,0.0,0.00013390000000000068,0.49319677983123,3.266837283930535e-6,-1.4839300024937708e-15,1.2808077214376823e-6,0.0,3.447813317433182e-6,1.2808077214376823e-6,0.0,diag_feasible,0,0,0,0,0,0,6,2.5256048732552218e-14,1.12.6,lbt,1,1,Intel(R) Core(TM) 7 150U,NT,6407b28
degen-r50-m5-d0-p4,100,Newton-SIN-BH,1e-7*n,9.999999999999999e-6,3,4,0.0049922,0.0040362,80.85012619686712,0.0,2.6e-6,0.0,0.0008096,0.0,0.0,0.00014379999999999948,0.49319677489264,5.2116973544627287e-8,-1.421072447051155e-15,1.6647473732867013e-8,1.6647473732867013e-8,4.5175349311861426e-8,1.6647473732867013e-8,NaN,converged,7,7,0,0,0,0,3,2.5256048732552218e-14,1.12.6,lbt,1,1,Intel(R) Core(TM) 7 150U,NT,6407b28
degen-r50-m5-d0-p4,100,Newton-SIN,1e-7*n,9.999999999999999e-6,3,7,0.0080294,0.0070323,87.58188656686676,0.0,3.1e-6,0.0,0.0008778,0.0,0.0,0.00011620000000000076,0.49319677489264,5.2116973544627287e-8,-1.421072447051155e-15,1.6647473732867013e-8,1.6647473732867013e-8,4.5175349311861426e-8,1.6647473732867013e-8,NaN,converged,7,7,0,0,0,0,3,2.5256048732552218e-14,1.12.6,lbt,1,1,Intel(R) Core(TM) 7 150U,NT,6407b28
degen-r50-m5-d0-p4,100,AGD-SDAJ-BH,1e-7*n,9.999999999999999e-6,2,14,0.0176513,0.0173676,98.39275294170967,0.0,9.9e-6,0.0,0.0,0.0,0.0,0.0002738000000000013,0.4932000499164688,5.969848357686377e-6,-1.798327195540932e-15,1.5746083327217164e-6,1.5746083327217164e-6,4.539210382207646e-6,1.5746083327217164e-6,NaN,diag_feasible,0,0,1,1,0,0,2,2.5256048732552218e-14,1.12.6,lbt,1,1,Intel(R) Core(TM) 7 150U,NT,6407b28
degen-r50-m5-d0-p4,100,AGD-SDAJ,1e-7*n,9.999999999999999e-6,2,14,0.0149043,0.0146477,98.27834920123722,0.0,1.04e-5,0.0,0.0,0.0,0.0,0.00024620000000000094,0.4932000499164688,5.969848357686377e-6,-1.798327195540932e-15,1.5746083327217164e-6,1.5746083327217164e-6,4.539210382207646e-6,1.5746083327217164e-6,NaN,diag_feasible,0,0,1,1,0,0,2,2.5256048732552218e-14,1.12.6,lbt,1,1,Intel(R) Core(TM) 7 150U,NT,6407b28
degen-r50-m5-d0-p4,100,Dykstra-APM,1e-7*n,9.999999999999999e-6,15,15,0.0169491,0.0156118,92.10990554070717,0.0,0.0,0.0,0.0,0.0007747,0.0,0.0005626000000000013,0.49319059220018263,9.65453327996446e-6,-1.750093351738789e-15,1.8319246786191457e-6,1.8319246786191457e-6,7.015138631182034e-6,1.8319246786191457e-6,NaN,diag_feasible,0,0,0,0,0,0,15,2.5256048732552218e-14,1.12.6,lbt,1,1,Intel(R) Core(TM) 7 150U,NT,6407b28
degen-r50-m5-d0-p4,100,Anderson-APM,1e-7*n,9.999999999999999e-6,7,7,0.008299,0.0068469,82.50271117002048,0.0,0.0,0.0,0.0,0.0,0.000908,0.0005441000000000005,0.49319551343842544,7.48897941758722e-6,-1.4080211346705326e-15,3.0960220760434254e-6,3.0960220760434254e-6,6.047276249531207e-6,3.0960220760434254e-6,NaN,diag_feasible,0,0,0,0,0,0,7,2.5256048732552218e-14,1.12.6,lbt,1,1,Intel(R) Core(TM) 7 150U,NT,6407b28
degen-r50-m20-d0.01-p0,100,SBB-Dual,1e-7*n,9.999999999999999e-6,6,7,0.012727,0.0124692,97.9743851653964,1.16e-5,8.4e-6,3.67e-5,0.0,0.0,0.0,0.00020110000000000074,0.44141201671150443,5.668245066973786e-6,-1.5775911033374625e-15,3.064155506549149e-6,0.0,7.4677316270195226e-6,3.064155506549149e-6,20.0,diag_feasible,0,0,0,0,0,0,6,5.214763756508865e-14,1.12.6,lbt,1,1,Intel(R) Core(TM) 7 150U,NT,6407b28
degen-r50-m20-d0.01-p0,100,Newton-SIN-BH,1e-7*n,9.999999999999999e-6,3,4,0.0060707,0.0044415999999999995,73.16454445121649,0.0,3.5e-6,0.0,0.0014457,0.0,0.0,0.00017990000000000042,0.4414120165629217,1.2704047284487264e-9,-1.4810640671141203e-15,5.146849613169024e-10,5.146849613169024e-10,1.0839192786222964e-9,5.146849613169024e-10,NaN,converged,9,9,0,0,0,0,3,5.214763756508865e-14,1.12.6,lbt,1,1,Intel(R) Core(TM) 7 150U,NT,6407b28
degen-r50-m20-d0.01-p0,100,Newton-SIN,1e-7*n,9.999999999999999e-6,3,7,0.0144389,0.0126575,87.66249506541357,0.0,5.3e-6,0.0,0.0015761,0.0,0.0,0.000199999999999999,0.4414120165629217,1.2704047284487264e-9,-1.4810640671141203e-15,5.146849613169024e-10,5.146849613169024e-10,1.0839192786222964e-9,5.146849613169024e-10,NaN,converged,9,9,0,0,0,0,3,5.214763756508865e-14,1.12.6,lbt,1,1,Intel(R) Core(TM) 7 150U,NT,6407b28
degen-r50-m20-d0.01-p0,100,AGD-SDAJ-BH,1e-7*n,9.999999999999999e-6,3,16,0.0163662,0.0161171,98.47796067504979,0.0,8.1e-6,0.0,0.0,0.0,0.0,0.0002410000000000021,0.44141019175610635,5.859000636423405e-6,-1.3903078858167636e-15,1.8617226701378442e-6,1.8617226701378442e-6,4.877450791940595e-6,1.8617226701378442e-6,NaN,diag_feasible_at_xpre,0,0,1,1,0,0,3,5.214763756508865e-14,1.12.6,lbt,1,1,Intel(R) Core(TM) 7 150U,NT,6407b28
degen-r50-m20-d0.01-p0,100,AGD-SDAJ,1e-7*n,9.999999999999999e-6,3,16,0.0285848,0.0281063,98.32603341636114,0.0,1.92e-5,0.0,0.0,0.0,0.0,0.0004592999999999998,0.44141019175610635,5.859000636423405e-6,-1.3903078858167636e-15,1.8617226701378442e-6,1.8617226701378442e-6,4.877450791940595e-6,1.8617226701378442e-6,NaN,diag_feasible_at_xpre,0,0,1,1,0,0,3,5.214763756508865e-14,1.12.6,lbt,1,1,Intel(R) Core(TM) 7 150U,NT,6407b28
degen-r50-m20-d0.01-p0,100,Dykstra-APM,1e-7*n,9.999999999999999e-6,15,15,0.0197677,0.0186217,94.20266394168266,0.0,0.0,0.0,0.0,0.0006733,0.0,0.00047269999999999767,0.44140534382365976,1.3383333766744191e-5,-1.6395081830566021e-15,2.2968125406030993e-6,2.2968125406030993e-6,9.357554103594956e-6,2.2968125406030993e-6,NaN,diag_feasible,0,0,0,0,0,0,15,5.214763756508865e-14,1.12.6,lbt,1,1,Intel(R) Core(TM) 7 150U,NT,6407b28
degen-r50-m20-d0.01-p0,100,Anderson-APM,1e-7*n,9.999999999999999e-6,8,8,0.0104331,0.0084796,81.27593907850974,0.0,0.0,0.0,0.0,0.0,0.0011808,0.0007727000000000003,0.4414127700118863,8.388034170732604e-6,-1.662231918664448e-15,4.242189067138469e-6,4.242189067138469e-6,6.576695640709146e-6,4.242189067138469e-6,NaN,diag_feasible,0,0,0,0,0,0,8,5.214763756508865e-14,1.12.6,lbt,1,1,Intel(R) Core(TM) 7 150U,NT,6407b28
degen-r50-m20-d0.01-p1,100,SBB-Dual,1e-7*n,9.999999999999999e-6,6,7,0.0071175,0.0069632,97.83210396909028,5.9e-6,4.2e-6,2.97e-5,0.0,0.0,0.0,0.00011449999999999957,0.44213165833261286,4.849320928387023e-6,-1.4456712033559421e-15,1.9802306023830596e-6,0.0,6.244546045717549e-6,1.9802306023830596e-6,20.0,diag_feasible,0,0,0,0,0,0,6,4.21121511044817e-14,1.12.6,lbt,1,1,Intel(R) Core(TM) 7 150U,NT,6407b28
degen-r50-m20-d0.01-p1,100,Newton-SIN-BH,1e-7*n,9.999999999999999e-6,3,4,0.0059683,0.0049839,83.50619104267548,0.0,4.7e-6,0.0,0.0007952,0.0,0.0,0.00018449999999999977,0.44213165428430656,5.010978367133428e-8,-1.63119517330018e-15,1.9024664288380677e-8,1.9024664288380677e-8,4.188533243136106e-8,1.9024664288380677e-8,NaN,converged,7,7,0,0,0,0,3,4.21121511044817e-14,1.12.6,lbt,1,1,Intel(R) Core(TM) 7 150U,NT,6407b28
degen-r50-m20-d0.01-p1,100,Newton-SIN,1e-7*n,9.999999999999999e-6,3,7,0.0081988,0.0072885,88.89715568131922,0.0,3.7e-6,0.0,0.0007902,0.0,0.0,0.00011639999999999925,0.44213165428430656,5.010978367133428e-8,-1.63119517330018e-15,1.9024664288380677e-8,1.9024664288380677e-8,4.188533243136106e-8,1.9024664288380677e-8,NaN,converged,7,7,0,0,0,0,3,4.21121511044817e-14,1.12.6,lbt,1,1,Intel(R) Core(TM) 7 150U,NT,6407b28
degen-r50-m20-d0.01-p1,100,AGD-SDAJ-BH,1e-7*n,9.999999999999999e-6,3,15,0.0157365,0.0155133,98.58164140692023,0.0,7.8e-6,0.0,0.0,0.0,0.0,0.0002153999999999998,0.44213053965167404,3.7904787434336373e-6,-1.380275210169139e-15,1.5064839371525807e-6,1.5064839371525807e-6,3.190551792447005e-6,1.5064839371525807e-6,NaN,diag_feasible_at_xpre,0,0,0,0,0,0,3,4.21121511044817e-14,1.12.6,lbt,1,1,Intel(R) Core(TM) 7 150U,NT,6407b28
degen-r50-m20-d0.01-p1,100,AGD-SDAJ,1e-7*n,9.999999999999999e-6,3,15,0.0166661,0.0164244,98.54975069152351,0.0,8.6e-6,0.0,0.0,0.0,0.0,0.00023310000000000095,0.44213053965167404,3.7904787434336373e-6,-1.380275210169139e-15,1.5064839371525807e-6,1.5064839371525807e-6,3.190551792447005e-6,1.5064839371525807e-6,NaN,diag_feasible_at_xpre,0,0,0,0,0,0,3,4.21121511044817e-14,1.12.6,lbt,1,1,Intel(R) Core(TM) 7 150U,NT,6407b28
degen-r50-m20-d0.01-p1,100,Dykstra-APM,1e-7*n,9.999999999999999e-6,15,15,0.0160613,0.015142,94.27630391064234,0.0,0.0,0.0,0.0,0.0005735,0.0,0.00034580000000000136,0.4421253257420689,1.2628499084509216e-5,-1.4287020645591606e-15,1.9611646289163787e-6,1.9611646289163787e-6,8.847878847734145e-6,1.9611646289163787e-6,NaN,diag_feasible,0,0,0,0,0,0,15,4.21121511044817e-14,1.12.6,lbt,1,1,Intel(R) Core(TM) 7 150U,NT,6407b28
degen-r50-m20-d0.01-p1,100,Anderson-APM,1e-7*n,9.999999999999999e-6,8,8,0.0104407,0.0086981,83.30954821036903,0.0,0.0,0.0,0.0,0.0,0.0010252,0.0007174000000000004,0.4421331364974351,6.985237299009854e-6,-1.6239845390265448e-15,3.5068380510594466e-6,3.5068380510594466e-6,5.4327695298045405e-6,3.5068380510594466e-6,NaN,diag_feasible,0,0,0,0,0,0,8,4.21121511044817e-14,1.12.6,lbt,1,1,Intel(R) Core(TM) 7 150U,NT,6407b28
degen-r50-m20-d0.01-p2,100,SBB-Dual,1e-7*n,9.999999999999999e-6,6,7,0.0182216,0.0178904,98.18237695921323,1.65e-5,1.02e-5,4.01e-5,0.0,0.0,0.0,0.00026440000000000025,0.440878984711431,6.856431467022325e-6,-1.428748204556211e-15,3.633768453248365e-6,0.0,8.610282178451228e-6,3.633768453248365e-6,20.0,diag_feasible,0,0,0,0,0,0,6,2.190293048747523e-14,1.12.6,lbt,1,1,Intel(R) Core(TM) 7 150U,NT,6407b28
degen-r50-m20-d0.01-p2,100,Newton-SIN-BH,1e-7*n,9.999999999999999e-6,3,4,0.0057294,0.0045162,78.82500785422557,0.0,4.4e-6,0.0,0.0010402,0.0,0.0,0.0001686000000000001,0.4408789844777791,1.2964585973247737e-9,-1.5581934498996113e-15,4.960698518630124e-10,4.960698518630124e-10,1.0921068646597848e-9,4.960698518630124e-10,NaN,converged,9,9,0,0,0,0,3,2.190293048747523e-14,1.12.6,lbt,1,1,Intel(R) Core(TM) 7 150U,NT,6407b28
degen-r50-m20-d0.01-p2,100,Newton-SIN,1e-7*n,9.999999999999999e-6,3,7,0.0082558,0.007191400000000001,87.10724581506335,0.0,3.5e-6,0.0,0.0009534,0.0,0.0,0.00010750000000000007,0.4408789844777791,1.2964585973247737e-9,-1.5581934498996113e-15,4.960698518630124e-10,4.960698518630124e-10,1.0921068646597848e-9,4.960698518630124e-10,NaN,converged,9,9,0,0,0,0,3,2.190293048747523e-14,1.12.6,lbt,1,1,Intel(R) Core(TM) 7 150U,NT,6407b28
degen-r50-m20-d0.01-p2,100,AGD-SDAJ-BH,1e-7*n,9.999999999999999e-6,3,15,0.0155625,0.01533,98.50602409638553,0.0,9.1e-6,0.0,0.0,0.0,0.0,0.00022340000000000006,0.44087696425732315,5.723987644629478e-6,-1.624840193152925e-15,1.956798122204617e-6,1.956798122204617e-6,4.7116545210263154e-6,1.956798122204617e-6,NaN,diag_feasible_at_xpre,0,0,0,0,0,0,3,2.190293048747523e-14,1.12.6,lbt,1,1,Intel(R) Core(TM) 7 150U,NT,6407b28
degen-r50-m20-d0.01-p2,100,AGD-SDAJ,1e-7*n,9.999999999999999e-6,3,15,0.0198705,0.0195987,98.63214312674569,0.0,1.13e-5,0.0,0.0,0.0,0.0,0.0002604999999999991,0.44087696425732315,5.723987644629478e-6,-1.624840193152925e-15,1.956798122204617e-6,1.956798122204617e-6,4.7116545210263154e-6,1.956798122204617e-6,NaN,diag_feasible_at_xpre,0,0,0,0,0,0,3,2.190293048747523e-14,1.12.6,lbt,1,1,Intel(R) Core(TM) 7 150U,NT,6407b28
degen-r50-m20-d0.01-p2,100,Dykstra-APM,1e-7*n,9.999999999999999e-6,15,15,0.0217724,0.0205253,94.272105969025,0.0,0.0,0.0,0.0,0.0007133,0.0,0.0005338000000000009,0.4408722144560522,1.3492941258500782e-5,-1.418609554949815e-15,1.7299712133933554e-6,1.7299712133933554e-6,9.434383914438451e-6,1.7299712133933554e-6,NaN,diag_feasible,0,0,0,0,0,0,15,2.190293048747523e-14,1.12.6,lbt,1,1,Intel(R) Core(TM) 7 150U,NT,6407b28
degen-r50-m20-d0.01-p2,100,Anderson-APM,1e-7*n,9.999999999999999e-6,8,8,0.0097582,0.0083067,85.12533049127913,0.0,0.0,0.0,0.0,0.0,0.0010161,0.00043539999999999963,0.44087949363706214,6.623927351778756e-6,-1.4854581657561985e-15,3.2603186048696386e-6,3.2603186048696386e-6,5.3287066921594925e-6,3.2603186048696386e-6,NaN,diag_feasible,0,0,0,0,0,0,8,2.190293048747523e-14,1.12.6,lbt,1,1,Intel(R) Core(TM) 7 150U,NT,6407b28
degen-r50-m20-d0.01-p3,100,SBB-Dual,1e-7*n,9.999999999999999e-6,6,7,0.008473,0.0082957,97.90747078956686,6.9e-6,4.8e-6,2.99e-5,0.0,0.0,0.0,0.00013570000000000002,0.4408015143946406,5.869582183542457e-6,-1.6128426071451444e-15,4.964732090773083e-6,0.0,7.728578278130282e-6,4.964732090773083e-6,20.0,diag_feasible,0,0,0,0,0,0,6,1.4412388320677724e-14,1.12.6,lbt,1,1,Intel(R) Core(TM) 7 150U,NT,6407b28
degen-r50-m20-d0.01-p3,100,Newton-SIN-BH,1e-7*n,9.999999999999999e-6,3,4,0.009525,0.0073612,77.28293963254593,0.0,4.7e-6,0.0,0.0019022,0.0,0.0,0.00025690000000000066,0.4408015143071653,1.0796678172205915e-9,-1.5154646410476575e-15,3.534936787730203e-10,3.534936787730203e-10,9.150480827860928e-10,3.534936787730203e-10,NaN,converged,9,9,0,0,0,0,3,1.4412388320677724e-14,1.12.6,lbt,1,1,Intel(R) Core(TM) 7 150U,NT,6407b28
degen-r50-m20-d0.01-p3,100,Newton-SIN,1e-7*n,9.999999999999999e-6,3,7,0.0133762,0.011925,89.1508799210538,0.0,5.6e-6,0.0,0.00128,0.0,0.0,0.0001655999999999997,0.4408015143071653,1.0796678172205915e-9,-1.5154646410476575e-15,3.534936787730203e-10,3.534936787730203e-10,9.150480827860928e-10,3.534936787730203e-10,NaN,converged,9,9,0,0,0,0,3,1.4412388320677724e-14,1.12.6,lbt,1,1,Intel(R) Core(TM) 7 150U,NT,6407b28
degen-r50-m20-d0.01-p3,100,AGD-SDAJ-BH,1e-7*n,9.999999999999999e-6,3,17,0.0178975,0.0176093,98.38971923452996,0.0,8.6e-6,0.0,0.0,0.0,0.0,0.0002795999999999989,0.44079771194322465,1.0272515952590201e-5,-1.4691318520599461e-15,4.243809448079006e-6,4.243809448079006e-6,8.387381652983542e-6,4.243809448079006e-6,NaN,diag_feasible_at_xpre,0,0,2,2,0,0,3,1.4412388320677724e-14,1.12.6,lbt,1,1,Intel(R) Core(TM) 7 150U,NT,6407b28
degen-r50-m20-d0.01-p3,100,AGD-SDAJ,1e-7*n,9.999999999999999e-6,3,17,0.0245484,0.0241729,98.47036874093627,0.0,1.49e-5,0.0,0.0,0.0,0.0,0.00036060000000000085,0.44079771194322465,1.0272515952590201e-5,-1.4691318520599461e-15,4.243809448079006e-6,4.243809448079006e-6,8.387381652983542e-6,4.243809448079006e-6,NaN,diag_feasible_at_xpre,0,0,2,2,0,0,3,1.4412388320677724e-14,1.12.6,lbt,1,1,Intel(R) Core(TM) 7 150U,NT,6407b28
degen-r50-m20-d0.01-p3,100,Dykstra-APM,1e-7*n,9.999999999999999e-6,15,15,0.0271113,0.0255534,94.25368757676688,0.0,0.0,0.0,0.0,0.0010232,0.0,0.000534700000000001,0.4407948755071647,1.3275180768214922e-5,-1.5457489645332538e-15,1.7962133167515049e-6,1.7962133167515049e-6,9.28561335175914e-6,1.7962133167515049e-6,NaN,diag_feasible,0,0,0,0,0,0,15,1.4412388320677724e-14,1.12.6,lbt,1,1,Intel(R) Core(TM) 7 150U,NT,6407b28
degen-r50-m20-d0.01-p3,100,Anderson-APM,1e-7*n,9.999999999999999e-6,8,8,0.0144671,0.012335,85.26242301497882,0.0,0.0,0.0,0.0,0.0,0.0014858,0.0006462999999999996,0.4408025222369891,6.774643693562491e-6,-1.4592714038243339e-15,3.2186718426086003e-6,3.2186718426086003e-6,5.364012819045034e-6,3.2186718426086003e-6,NaN,diag_feasible,0,0,0,0,0,0,8,1.4412388320677724e-14,1.12.6,lbt,1,1,Intel(R) Core(TM) 7 150U,NT,6407b28
degen-r50-m20-d0.01-p4,100,SBB-Dual,1e-7*n,9.999999999999999e-6,6,7,0.0091625,0.0089616,97.80736698499318,7.0e-6,5.0e-6,3.66e-5,0.0,0.0,0.0,0.00015230000000000037,0.4407284586434266,4.762177820286204e-6,-1.6283242722546777e-15,2.4553552999684314e-6,0.0,5.82670964702552e-6,2.4553552999684314e-6,20.0,diag_feasible,0,0,0,0,0,0,6,2.4196240435043447e-14,1.12.6,lbt,1,1,Intel(R) Core(TM) 7 150U,NT,6407b28
degen-r50-m20-d0.01-p4,100,Newton-SIN-BH,1e-7*n,9.999999999999999e-6,3,4,0.0111333,0.008809099999999999,79.12388959248379,0.0,7.5e-6,0.0,0.0019481,0.0,0.0,0.0003686000000000019,0.44072845842441155,2.834479236559746e-9,-1.4738748065704753e-15,7.489335818178233e-10,7.489335818178233e-10,2.40926736333947e-9,7.489335818178233e-10,NaN,converged,9,9,0,0,0,0,3,2.4196240435043447e-14,1.12.6,lbt,1,1,Intel(R) Core(TM) 7 150U,NT,6407b28
degen-r50-m20-d0.01-p4,100,Newton-SIN,1e-7*n,9.999999999999999e-6,3,7,0.0125101,0.010668,85.2750977210414,0.0,4.7e-6,0.0,0.0016767,0.0,0.0,0.0001606999999999993,0.44072845842441155,2.834479236559746e-9,-1.4738748065704753e-15,7.489335818178233e-10,7.489335818178233e-10,2.40926736333947e-9,7.489335818178233e-10,NaN,converged,9,9,0,0,0,0,3,2.4196240435043447e-14,1.12.6,lbt,1,1,Intel(R) Core(TM) 7 150U,NT,6407b28
degen-r50-m20-d0.01-p4,100,AGD-SDAJ-BH,1e-7*n,9.999999999999999e-6,3,15,0.0157383,0.015518599999999999,98.60404236798128,0.0,8.2e-6,0.0,0.0,0.0,0.0,0.00021150000000000148,0.44072664308075216,5.791669918738605e-6,-1.5139053396391169e-15,2.1196801323064562e-6,2.1196801323064562e-6,4.849879117074335e-6,2.1196801323064562e-6,NaN,diag_feasible_at_xpre,0,0,0,0,0,0,3,2.4196240435043447e-14,1.12.6,lbt,1,1,Intel(R) Core(TM) 7 150U,NT,6407b28
degen-r50-m20-d0.01-p4,100,AGD-SDAJ,1e-7*n,9.999999999999999e-6,3,15,0.015639,0.0153975,98.45578361787838,0.0,8.2e-6,0.0,0.0,0.0,0.0,0.00023330000000000039,0.44072664308075216,5.791669918738605e-6,-1.5139053396391169e-15,2.1196801323064562e-6,2.1196801323064562e-6,4.849879117074335e-6,2.1196801323064562e-6,NaN,diag_feasible_at_xpre,0,0,0,0,0,0,3,2.4196240435043447e-14,1.12.6,lbt,1,1,Intel(R) Core(TM) 7 150U,NT,6407b28
degen-r50-m20-d0.01-p4,100,Dykstra-APM,1e-7*n,9.999999999999999e-6,15,15,0.0162087,0.0152937,94.35488348849692,0.0,0.0,0.0,0.0,0.0005697,0.0,0.0003452999999999991,0.4407213415871967,1.405180659841504e-5,-1.5857321083480719e-15,1.863678563474025e-6,1.863678563474025e-6,9.817256242264425e-6,1.863678563474025e-6,NaN,diag_feasible,0,0,0,0,0,0,15,2.4196240435043447e-14,1.12.6,lbt,1,1,Intel(R) Core(TM) 7 150U,NT,6407b28
degen-r50-m20-d0.01-p4,100,Anderson-APM,1e-7*n,9.999999999999999e-6,8,8,0.0143762,0.012273,85.37026474311708,0.0,0.0,0.0,0.0,0.0,0.0014992,0.0006040000000000012,0.440728058209434,6.123840762844064e-6,-1.7144982027080345e-15,2.8556238764743114e-6,2.8556238764743114e-6,4.890539996643604e-6,2.8556238764743114e-6,NaN,diag_feasible,0,0,0,0,0,0,8,2.4196240435043447e-14,1.12.6,lbt,1,1,Intel(R) Core(TM) 7 150U,NT,6407b28
degen-r50-m20-d0.0001-p0,100,SBB-Dual,1e-7*n,9.999999999999999e-6,6,7,0.0075164,0.007360200000000001,97.92187749454527,6.5e-6,4.7e-6,3.13e-5,0.0,0.0,0.0,0.00011369999999999957,0.4520068807176091,3.069386869831211e-6,-1.5640530458164632e-15,9.692654314719107e-7,0.0,3.5418917322119103e-6,9.692654314719107e-7,0.0,diag_feasible,0,0,0,0,0,0,6,3.634501219898307e-14,1.12.6,lbt,1,1,Intel(R) Core(TM) 7 150U,NT,6407b28
degen-r50-m20-d0.0001-p0,100,Newton-SIN-BH,1e-7*n,9.999999999999999e-6,3,4,0.0059004,0.0048201,81.69107179174293,0.0,3.2e-6,0.0,0.0009226,0.0,0.0,0.00015450000000000012,0.4520068796725425,9.582000263498954e-9,-1.6456270686783756e-15,6.762459925369058e-9,6.762459925369058e-9,7.486336032652455e-9,6.762459925369058e-9,NaN,converged,8,8,0,0,0,0,3,3.634501219898307e-14,1.12.6,lbt,1,1,Intel(R) Core(TM) 7 150U,NT,6407b28
degen-r50-m20-d0.0001-p0,100,Newton-SIN,1e-7*n,9.999999999999999e-6,3,7,0.0090126,0.007941199999999999,88.11219847768677,0.0,3.5e-6,0.0,0.0009551,0.0,0.0,0.00011280000000000187,0.4520068796725425,9.582000263498954e-9,-1.6456270686783756e-15,6.762459925369058e-9,6.762459925369058e-9,7.486336032652455e-9,6.762459925369058e-9,NaN,converged,8,8,0,0,0,0,3,3.634501219898307e-14,1.12.6,lbt,1,1,Intel(R) Core(TM) 7 150U,NT,6407b28
degen-r50-m20-d0.0001-p0,100,AGD-SDAJ-BH,1e-7*n,9.999999999999999e-6,2,13,0.0194821,0.0191839,98.46936418558575,0.0,1.09e-5,0.0,0.0,0.0,0.0,0.00028729999999999847,0.45200949439685095,6.331519044333772e-6,-1.3950718969055677e-15,1.5885870272569491e-6,1.5885870272569491e-6,4.712056488525927e-6,1.5885870272569491e-6,NaN,diag_feasible,0,0,0,0,0,0,2,3.634501219898307e-14,1.12.6,lbt,1,1,Intel(R) Core(TM) 7 150U,NT,6407b28
degen-r50-m20-d0.0001-p0,100,AGD-SDAJ,1e-7*n,9.999999999999999e-6,2,13,0.017413,0.017168700000000002,98.59702521104921,0.0,9.6e-6,0.0,0.0,0.0,0.0,0.0002346999999999994,0.45200949439685095,6.331519044333772e-6,-1.3950718969055677e-15,1.5885870272569491e-6,1.5885870272569491e-6,4.712056488525927e-6,1.5885870272569491e-6,NaN,diag_feasible,0,0,0,0,0,0,2,3.634501219898307e-14,1.12.6,lbt,1,1,Intel(R) Core(TM) 7 150U,NT,6407b28
degen-r50-m20-d0.0001-p0,100,Dykstra-APM,1e-7*n,9.999999999999999e-6,13,13,0.0166163,0.0157416,94.7358918652167,0.0,0.0,0.0,0.0,0.0005563,0.0,0.00031839999999999907,0.45200254042716587,9.501750940157406e-6,-1.4611996885081228e-15,2.0642280280647185e-6,2.0642280280647185e-6,6.650206683086202e-6,2.0642280280647185e-6,NaN,diag_feasible,0,0,0,0,0,0,13,3.634501219898307e-14,1.12.6,lbt,1,1,Intel(R) Core(TM) 7 150U,NT,6407b28
degen-r50-m20-d0.0001-p0,100,Anderson-APM,1e-7*n,9.999999999999999e-6,7,7,0.0124382,0.0105591,84.89250856233217,0.0,0.0,0.0,0.0,0.0,0.0011846,0.0006944999999999998,0.4520067142015286,1.044994355223252e-5,-1.6023737092418784e-15,5.515499983843597e-6,5.515499983843597e-6,8.248408335051906e-6,5.515499983843597e-6,NaN,diag_feasible,0,0,0,0,0,0,7,3.634501219898307e-14,1.12.6,lbt,1,1,Intel(R) Core(TM) 7 150U,NT,6407b28
degen-r50-m20-d0.0001-p1,100,SBB-Dual,1e-7*n,9.999999999999999e-6,6,7,0.0108454,0.0105974,97.71331624467516,9.3e-6,7.1e-6,5.45e-5,0.0,0.0,0.0,0.00017709999999999994,0.45282971535595967,2.353371698319166e-6,-1.5347078823690817e-15,6.919947639349999e-7,0.0,2.5125767310271795e-6,6.919947639349999e-7,0.0,diag_feasible,0,0,0,0,0,0,6,2.7667728979001572e-14,1.12.6,lbt,1,1,Intel(R) Core(TM) 7 150U,NT,6407b28
degen-r50-m20-d0.0001-p1,100,Newton-SIN-BH,1e-7*n,9.999999999999999e-6,3,4,0.0098696,0.0079648,80.70033233363054,0.0,6.6e-6,0.0,0.0015943,0.0,0.0,0.00030389999999999974,0.4528297149411664,3.990034104802318e-9,-1.31508114396429e-15,1.909853830639463e-9,1.909853830639463e-9,3.308217492146742e-9,1.909853830639463e-9,NaN,converged,8,8,0,0,0,0,3,2.7667728979001572e-14,1.12.6,lbt,1,1,Intel(R) Core(TM) 7 150U,NT,6407b28
degen-r50-m20-d0.0001-p1,100,Newton-SIN,1e-7*n,9.999999999999999e-6,3,7,0.0127334,0.0113234,88.92675954576154,0.0,4.6e-6,0.0,0.0012396,0.0,0.0,0.0001657999999999998,0.4528297149411664,3.990034104802318e-9,-1.31508114396429e-15,1.909853830639463e-9,1.909853830639463e-9,3.308217492146742e-9,1.909853830639463e-9,NaN,converged,8,8,0,0,0,0,3,2.7667728979001572e-14,1.12.6,lbt,1,1,Intel(R) Core(TM) 7 150U,NT,6407b28
degen-r50-m20-d0.0001-p1,100,AGD-SDAJ-BH,1e-7*n,9.999999999999999e-6,2,22,0.0282107,0.0278099,98.57926247842131,0.0,1.52e-5,0.0,0.0,0.0,0.0,0.0003855999999999998,0.452834509262175,1.2886132644144886e-5,-1.72474798673534e-15,3.5408735685749093e-6,3.5408735685749093e-6,9.965099718247098e-6,3.5408735685749093e-6,NaN,diag_feasible,0,0,9,9,0,0,2,2.7667728979001572e-14,1.12.6,lbt,1,1,Intel(R) Core(TM) 7 150U,NT,6407b28
degen-r50-m20-d0.0001-p1,100,AGD-SDAJ,1e-7*n,9.999999999999999e-6,2,22,0.0310311,0.0306388,98.73578442272431,0.0,1.66e-5,0.0,0.0,0.0,0.0,0.0003756999999999982,0.452834509262175,1.2886132644144886e-5,-1.72474798673534e-15,3.5408735685749093e-6,3.5408735685749093e-6,9.965099718247098e-6,3.5408735685749093e-6,NaN,diag_feasible,0,0,9,9,0,0,2,2.7667728979001572e-14,1.12.6,lbt,1,1,Intel(R) Core(TM) 7 150U,NT,6407b28
degen-r50-m20-d0.0001-p1,100,Dykstra-APM,1e-7*n,9.999999999999999e-6,13,13,0.014498,0.0136297,94.01089805490412,0.0,0.0,0.0,0.0,0.0005407,0.0,0.0003276000000000007,0.4528258394223259,8.423395015626832e-6,-1.5607884533604695e-15,1.388732409957072e-6,1.388732409957072e-6,5.9022792786740474e-6,1.388732409957072e-6,NaN,diag_feasible,0,0,0,0,0,0,13,2.7667728979001572e-14,1.12.6,lbt,1,1,Intel(R) Core(TM) 7 150U,NT,6407b28
degen-r50-m20-d0.0001-p1,100,Anderson-APM,1e-7*n,9.999999999999999e-6,7,7,0.0084497,0.0071617,84.75685527296828,0.0,0.0,0.0,0.0,0.0,0.0008605,0.00042749999999999917,0.45282782288651463,8.592773811278944e-6,-1.67367534822851e-15,4.587550964219034e-6,4.587550964219034e-6,6.531469462925474e-6,4.587550964219034e-6,NaN,diag_feasible,0,0,0,0,0,0,7,2.7667728979001572e-14,1.12.6,lbt,1,1,Intel(R) Core(TM) 7 150U,NT,6407b28
degen-r50-m20-d0.0001-p2,100,SBB-Dual,1e-7*n,9.999999999999999e-6,6,7,0.0074228,0.0072607999999999995,97.81753516193349,5.7e-6,4.3e-6,3.39e-5,0.0,0.0,0.0,0.00011810000000000069,0.45139123708209006,3.6173150776746605e-6,-1.5121157624639029e-15,1.4187631739437379e-6,0.0,4.114329245644758e-6,1.4187631739437379e-6,0.0,diag_feasible,0,0,0,0,0,0,6,2.218668981299174e-14,1.12.6,lbt,1,1,Intel(R) Core(TM) 7 150U,NT,6407b28
degen-r50-m20-d0.0001-p2,100,Newton-SIN-BH,1e-7*n,9.999999999999999e-6,3,4,0.0069367,0.0056335000000000005,81.21296870269725,0.0,4.2e-6,0.0,0.0011073,0.0,0.0,0.00019169999999999908,0.4513912366700229,5.569212625061972e-9,-1.7637017231443068e-15,3.1360563035320865e-9,3.1360563035320865e-9,4.599898397607737e-9,3.1360563035320865e-9,NaN,converged,8,8,0,0,0,0,3,2.218668981299174e-14,1.12.6,lbt,1,1,Intel(R) Core(TM) 7 150U,NT,6407b28
degen-r50-m20-d0.0001-p2,100,Newton-SIN,1e-7*n,9.999999999999999e-6,3,7,0.0084515,0.0074746,88.44110512926699,0.0,3.5e-6,0.0,0.0008574,0.0,0.0,0.00011600000000000098,0.4513912366700229,5.569212625061972e-9,-1.7637017231443068e-15,3.1360563035320865e-9,3.1360563035320865e-9,4.599898397607737e-9,3.1360563035320865e-9,NaN,converged,8,8,0,0,0,0,3,2.218668981299174e-14,1.12.6,lbt,1,1,Intel(R) Core(TM) 7 150U,NT,6407b28
degen-r50-m20-d0.0001-p2,100,AGD-SDAJ-BH,1e-7*n,9.999999999999999e-6,2,14,0.0231297,0.022821,98.66535233920027,0.0,1.27e-5,0.0,0.0,0.0,0.0,0.0002959999999999986,0.45139579942827657,1.1062367630769724e-5,-1.4946384480746836e-15,2.992338957508167e-6,2.992338957508167e-6,8.333142091808686e-6,2.992338957508167e-6,NaN,diag_feasible,0,0,1,1,0,0,2,2.218668981299174e-14,1.12.6,lbt,1,1,Intel(R) Core(TM) 7 150U,NT,6407b28
degen-r50-m20-d0.0001-p2,100,AGD-SDAJ,1e-7*n,9.999999999999999e-6,2,14,0.0209202,0.0205767,98.35804629018843,0.0,1.22e-5,0.0,0.0,0.0,0.0,0.00033130000000000003,0.45139579942827657,1.1062367630769724e-5,-1.4946384480746836e-15,2.992338957508167e-6,2.992338957508167e-6,8.333142091808686e-6,2.992338957508167e-6,NaN,diag_feasible,0,0,1,1,0,0,2,2.218668981299174e-14,1.12.6,lbt,1,1,Intel(R) Core(TM) 7 150U,NT,6407b28
degen-r50-m20-d0.0001-p2,100,Dykstra-APM,1e-7*n,9.999999999999999e-6,13,13,0.0208772,0.0196665,94.20085068878969,0.0,0.0,0.0,0.0,0.0007396,0.0,0.0004710999999999986,0.45138673730597256,9.704617122996645e-6,-1.6381769643223406e-15,1.1894782365740042e-6,1.1894782365740042e-6,6.78898328251495e-6,1.1894782365740042e-6,NaN,diag_feasible,0,0,0,0,0,0,13,2.218668981299174e-14,1.12.6,lbt,1,1,Intel(R) Core(TM) 7 150U,NT,6407b28
degen-r50-m20-d0.0001-p2,100,Anderson-APM,1e-7*n,9.999999999999999e-6,7,7,0.0140209,0.0118945,84.83406913964154,0.0,0.0,0.0,0.0,0.0,0.0014029,0.0007234999999999989,0.45138951121281035,7.201794177902331e-6,-1.663487934904618e-15,1.5286813654924458e-6,1.5286813654924458e-6,5.570594075693563e-6,1.5286813654924458e-6,NaN,diag_feasible,0,0,0,0,0,0,7,2.218668981299174e-14,1.12.6,lbt,1,1,Intel(R) Core(TM) 7 150U,NT,6407b28
degen-r50-m20-d0.0001-p3,100,SBB-Dual,1e-7*n,9.999999999999999e-6,6,7,0.0087452,0.0085553,97.82852307551572,7.3e-6,6.2e-6,3.02e-5,0.0,0.0,0.0,0.0001461999999999998,0.45122059217442756,2.927807460930318e-6,-1.5518556839040698e-15,7.314292224114283e-7,0.0,3.280813031240025e-6,7.314292224114283e-7,0.0,diag_feasible,0,0,0,0,0,0,6,1.3591052620682385e-14,1.12.6,lbt,1,1,Intel(R) Core(TM) 7 150U,NT,6407b28
degen-r50-m20-d0.0001-p3,100,Newton-SIN-BH,1e-7*n,9.999999999999999e-6,3,4,0.0084281,0.0062067,73.6429325708048,0.0,4.4e-6,0.0,0.0019869,0.0,0.0,0.00023009999999999914,0.4512205915563419,4.658564664598366e-9,-1.6500430020836484e-15,2.0637973552339872e-9,2.0637973552339872e-9,3.895117134309448e-9,2.0637973552339872e-9,NaN,converged,8,8,0,0,0,0,3,1.3591052620682385e-14,1.12.6,lbt,1,1,Intel(R) Core(TM) 7 150U,NT,6407b28
degen-r50-m20-d0.0001-p3,100,Newton-SIN,1e-7*n,9.999999999999999e-6,3,7,0.014686,0.0125528,85.47460166144627,0.0,6.7e-6,0.0,0.0018536,0.0,0.0,0.00027289999999999997,0.4512205915563419,4.658564664598366e-9,-1.6500430020836484e-15,2.0637973552339872e-9,2.0637973552339872e-9,3.895117134309448e-9,2.0637973552339872e-9,NaN,converged,8,8,0,0,0,0,3,1.3591052620682385e-14,1.12.6,lbt,1,1,Intel(R) Core(TM) 7 150U,NT,6407b28
degen-r50-m20-d0.0001-p3,100,AGD-SDAJ-BH,1e-7*n,9.999999999999999e-6,3,21,0.0299167,0.029504899999999997,98.62351128299578,0.0,1.5e-5,0.0,0.0,0.0,0.0,0.00039680000000000384,0.45122209378940775,4.6772101639093335e-6,-1.4529846252636162e-15,1.692010641374253e-6,1.692010641374253e-6,3.7964717801755824e-6,1.692010641374253e-6,NaN,diag_feasible_at_xpre,0,0,6,6,0,0,3,1.3591052620682385e-14,1.12.6,lbt,1,1,Intel(R) Core(TM) 7 150U,NT,6407b28
degen-r50-m20-d0.0001-p3,100,AGD-SDAJ,1e-7*n,9.999999999999999e-6,3,21,0.0254165,0.0250485,98.55212165325675,0.0,1.81e-5,0.0,0.0,0.0,0.0,0.00034990000000000027,0.45122209378940775,4.6772101639093335e-6,-1.4529846252636162e-15,1.692010641374253e-6,1.692010641374253e-6,3.7964717801755824e-6,1.692010641374253e-6,NaN,diag_feasible_at_xpre,0,0,6,6,0,0,3,1.3591052620682385e-14,1.12.6,lbt,1,1,Intel(R) Core(TM) 7 150U,NT,6407b28
degen-r50-m20-d0.0001-p3,100,Dykstra-APM,1e-7*n,9.999999999999999e-6,13,13,0.0146013,0.013791,94.45049413408395,0.0,0.0,0.0,0.0,0.0004977,0.0,0.0003125999999999999,0.4512162892726804,9.321294843931154e-6,-1.3967961265475503e-15,1.12399124496676e-6,1.12399124496676e-6,6.521357414347876e-6,1.12399124496676e-6,NaN,diag_feasible,0,0,0,0,0,0,13,1.3591052620682385e-14,1.12.6,lbt,1,1,Intel(R) Core(TM) 7 150U,NT,6407b28
degen-r50-m20-d0.0001-p3,100,Anderson-APM,1e-7*n,9.999999999999999e-6,7,7,0.0114878,0.0088803,77.30200734692458,0.0,0.0,0.0,0.0,0.0,0.0009378,0.0016696999999999988,0.45121846876150634,7.57129325844363e-6,-1.4363044255961653e-15,1.4759551012488714e-6,1.4759551012488714e-6,5.737917106393994e-6,1.4759551012488714e-6,NaN,diag_feasible,0,0,0,0,0,0,7,1.3591052620682385e-14,1.12.6,lbt,1,1,Intel(R) Core(TM) 7 150U,NT,6407b28
degen-r50-m20-d0.0001-p4,100,SBB-Dual,1e-7*n,9.999999999999999e-6,6,7,0.0160869,0.0157529,97.92377648894441,1.64e-5,9.8e-6,4.62e-5,0.0,0.0,0.0,0.00026160000000000094,0.45135237753243274,5.072151062867163e-6,-1.8021933363580323e-15,1.9653242062656062e-6,0.0,6.107841719519899e-6,1.9653242062656062e-6,0.0,diag_feasible,0,0,0,0,0,0,6,2.2738982948176048e-14,1.12.6,lbt,1,1,Intel(R) Core(TM) 7 150U,NT,6407b28
degen-r50-m20-d0.0001-p4,100,Newton-SIN-BH,1e-7*n,9.999999999999999e-6,3,4,0.0057971,0.0046773,80.68344517086129,0.0,3.4e-6,0.0,0.0009547,0.0,0.0,0.00016170000000000073,0.45135237586751653,1.3514497965792678e-8,-1.6638205784041417e-15,9.278613211094466e-9,9.278613211094466e-9,1.0835543742564604e-8,9.278613211094466e-9,NaN,converged,8,8,0,0,0,0,3,2.2738982948176048e-14,1.12.6,lbt,1,1,Intel(R) Core(TM) 7 150U,NT,6407b28
degen-r50-m20-d0.0001-p4,100,Newton-SIN,1e-7*n,9.999999999999999e-6,3,7,0.0092559,0.007768199999999999,83.92700871876318,0.0,4.3e-6,0.0,0.0013558,0.0,0.0,0.00012759999999999963,0.45135237586751653,1.3514497965792678e-8,-1.6638205784041417e-15,9.278613211094466e-9,9.278613211094466e-9,1.0835543742564604e-8,9.278613211094466e-9,NaN,converged,8,8,0,0,0,0,3,2.2738982948176048e-14,1.12.6,lbt,1,1,Intel(R) Core(TM) 7 150U,NT,6407b28
degen-r50-m20-d0.0001-p4,100,AGD-SDAJ-BH,1e-7*n,9.999999999999999e-6,2,14,0.0205617,0.0202414,98.44224942490165,0.0,1.76e-5,0.0,0.0,0.0,0.0,0.00030269999999999906,0.45135663766247613,1.0069460960760959e-5,-1.5159107411195895e-15,2.6666494916671724e-6,2.6666494916671724e-6,7.54093335512658e-6,2.6666494916671724e-6,NaN,diag_feasible,0,0,1,1,0,0,2,2.2738982948176048e-14,1.12.6,lbt,1,1,Intel(R) Core(TM) 7 150U,NT,6407b28
degen-r50-m20-d0.0001-p4,100,AGD-SDAJ,1e-7*n,9.999999999999999e-6,2,14,0.0241154,0.0237502,98.48561500120256,0.0,1.68e-5,0.0,0.0,0.0,0.0,0.0003483999999999996,0.45135663766247613,1.0069460960760959e-5,-1.5159107411195895e-15,2.6666494916671724e-6,2.6666494916671724e-6,7.54093335512658e-6,2.6666494916671724e-6,NaN,diag_feasible,0,0,1,1,0,0,2,2.2738982948176048e-14,1.12.6,lbt,1,1,Intel(R) Core(TM) 7 150U,NT,6407b28
degen-r50-m20-d0.0001-p4,100,Dykstra-APM,1e-7*n,9.999999999999999e-6,13,13,0.0308645,0.0294703,95.48283626820458,0.0,0.0,0.0,0.0,0.00078,0.0,0.0006141999999999982,0.4513473206374495,1.089249263274555e-5,-1.7457973493107168e-15,2.358173934124963e-6,2.358173934124963e-6,7.630675565407248e-6,2.358173934124963e-6,NaN,diag_feasible,0,0,0,0,0,0,13,2.2738982948176048e-14,1.12.6,lbt,1,1,Intel(R) Core(TM) 7 150U,NT,6407b28
degen-r50-m20-d0.0001-p4,100,Anderson-APM,1e-7*n,9.999999999999999e-6,7,7,0.0207721,0.0174904,84.20140476889674,0.0,0.0,0.0,0.0,0.0,0.0021853,0.0010964000000000021,0.45135181283359244,8.436768228893077e-6,-1.6494369357219166e-15,2.5836514023769297e-6,2.5836514023769297e-6,6.88054380609718e-6,2.5836514023769297e-6,NaN,diag_feasible,0,0,0,0,0,0,7,2.2738982948176048e-14,1.12.6,lbt,1,1,Intel(R) Core(TM) 7 150U,NT,6407b28
degen-r50-m20-d1e-06-p0,100,SBB-Dual,1e-7*n,9.999999999999999e-6,5,6,0.0133731,0.0130402,97.51067441356155,9.6e-6,8.8e-6,7.67e-5,0.0,0.0,0.0,0.00023780000000000055,0.45212849283469947,7.378924058835904e-6,-1.565472718834681e-15,5.196937953977354e-6,0.0,9.323701559288348e-6,5.196937953977354e-6,0.0,diag_feasible,0,0,0,0,0,0,5,2.9030368439972756e-14,1.12.6,lbt,1,1,Intel(R) Core(TM) 7 150U,NT,6407b28
degen-r50-m20-d1e-06-p0,100,Newton-SIN-BH,1e-7*n,9.999999999999999e-6,3,4,0.0115594,0.0093644,81.01112514490373,0.0,8.5e-6,0.0,0.0018857,0.0,0.0,0.0003007999999999993,0.45212806322917054,1.1943599835742055e-6,-1.6085969495281668e-15,3.281095488638641e-7,3.281095488638641e-7,8.837496512079261e-7,3.281095488638641e-7,NaN,converged,8,8,0,0,0,0,3,2.9030368439972756e-14,1.12.6,lbt,1,1,Intel(R) Core(TM) 7 150U,NT,6407b28
degen-r50-m20-d1e-06-p0,100,Newton-SIN,1e-7*n,9.999999999999999e-6,3,7,0.0150944,0.0119318,79.04785880856477,0.0,6.1e-6,0.0,0.0029747,0.0,0.0,0.00018179999999999976,0.45212806322917054,1.1943599835742055e-6,-1.6085969495281668e-15,3.281095488638641e-7,3.281095488638641e-7,8.837496512079261e-7,3.281095488638641e-7,NaN,converged,8,8,0,0,0,0,3,2.9030368439972756e-14,1.12.6,lbt,1,1,Intel(R) Core(TM) 7 150U,NT,6407b28
degen-r50-m20-d1e-06-p0,100,AGD-SDAJ-BH,1e-7*n,9.999999999999999e-6,2,13,0.0288439,0.0284283,98.5591407541976,0.0,2.18e-5,0.0,0.0,0.0,0.0,0.0003937999999999986,0.4521314924767121,7.263297700511995e-6,-1.6698233029406267e-15,1.8468631725054863e-6,1.8468631725054863e-6,5.419609272769223e-6,1.8468631725054863e-6,NaN,diag_feasible,0,0,0,0,0,0,2,2.9030368439972756e-14,1.12.6,lbt,1,1,Intel(R) Core(TM) 7 150U,NT,6407b28
degen-r50-m20-d1e-06-p0,100,AGD-SDAJ,1e-7*n,9.999999999999999e-6,2,13,0.0246334,0.0242495,98.44154684290434,0.0,1.85e-5,0.0,0.0,0.0,0.0,0.0003653999999999995,0.4521314924767121,7.263297700511995e-6,-1.6698233029406267e-15,1.8468631725054863e-6,1.8468631725054863e-6,5.419609272769223e-6,1.8468631725054863e-6,NaN,diag_feasible,0,0,0,0,0,0,2,2.9030368439972756e-14,1.12.6,lbt,1,1,Intel(R) Core(TM) 7 150U,NT,6407b28
degen-r50-m20-d1e-06-p0,100,Dykstra-APM,1e-7*n,9.999999999999999e-6,11,11,0.0135788,0.0127521,93.91183315167761,0.0,0.0,0.0,0.0,0.0004679,0.0,0.00035879999999999967,0.4521245435902885,1.0317802295883855e-5,-1.6677124858362982e-15,5.145629792702167e-6,5.145629792702167e-6,7.770462976476658e-6,5.145629792702167e-6,NaN,diag_feasible,0,0,0,0,0,0,11,2.9030368439972756e-14,1.12.6,lbt,1,1,Intel(R) Core(TM) 7 150U,NT,6407b28
degen-r50-m20-d1e-06-p0,100,Anderson-APM,1e-7*n,9.999999999999999e-6,7,7,0.0084324,0.0071589,84.89753806745411,0.0,0.0,0.0,0.0,0.0,0.0008558,0.0004176999999999995,0.4521333234007665,1.2288845340320032e-5,-1.6461787878032295e-15,3.146490902050658e-6,3.146490902050658e-6,9.077431906721914e-6,3.146490902050658e-6,NaN,diag_feasible,0,0,0,0,0,0,7,2.9030368439972756e-14,1.12.6,lbt,1,1,Intel(R) Core(TM) 7 150U,NT,6407b28
degen-r50-m20-d1e-06-p1,100,SBB-Dual,1e-7*n,9.999999999999999e-6,5,6,0.0068971,0.0067402,97.72513085209725,5.3e-6,4.0e-6,3.0e-5,0.0,0.0,0.0,0.00011759999999999977,0.45295237288399515,5.534386853782158e-6,-1.8073197520476585e-15,1.6277014056598205e-6,0.0,5.861654150151529e-6,1.6277014056598205e-6,0.0,diag_feasible,0,0,0,0,0,0,5,5.193969322717302e-14,1.12.6,lbt,1,1,Intel(R) Core(TM) 7 150U,NT,6407b28
degen-r50-m20-d1e-06-p1,100,Newton-SIN-BH,1e-7*n,9.999999999999999e-6,3,4,0.0053064,0.0043037,81.10394994723352,0.0,3.3e-6,0.0,0.0008534,0.0,0.0,0.0001460000000000005,0.4529522661823112,4.406539147836044e-7,-1.3529250564622328e-15,1.7638455629409577e-7,1.7638455629409577e-7,3.410597192473781e-7,1.7638455629409577e-7,NaN,converged,8,8,0,0,0,0,3,5.193969322717302e-14,1.12.6,lbt,1,1,Intel(R) Core(TM) 7 150U,NT,6407b28
degen-r50-m20-d1e-06-p1,100,Newton-SIN,1e-7*n,9.999999999999999e-6,3,7,0.0079353,0.0069896,88.08236613612593,0.0,3.5e-6,0.0,0.0008338,0.0,0.0,0.00010839999999999895,0.4529522661823112,4.406539147836044e-7,-1.3529250564622328e-15,1.7638455629409577e-7,1.7638455629409577e-7,3.410597192473781e-7,1.7638455629409577e-7,NaN,converged,8,8,0,0,0,0,3,5.193969322717302e-14,1.12.6,lbt,1,1,Intel(R) Core(TM) 7 150U,NT,6407b28
degen-r50-m20-d1e-06-p1,100,AGD-SDAJ-BH,1e-7*n,9.999999999999999e-6,2,14,0.015343,0.0151233,98.56807664733103,0.0,7.9e-6,0.0,0.0,0.0,0.0,0.0002118000000000015,0.45295630034944684,9.86081857736881e-6,-1.8443067463794286e-15,2.66308641660995e-6,2.66308641660995e-6,7.335138579678025e-6,2.66308641660995e-6,NaN,diag_feasible,0,0,1,1,0,0,2,5.193969322717302e-14,1.12.6,lbt,1,1,Intel(R) Core(TM) 7 150U,NT,6407b28
degen-r50-m20-d1e-06-p1,100,AGD-SDAJ,1e-7*n,9.999999999999999e-6,2,14,0.0140746,0.013872299999999999,98.56265897432255,0.0,7.0e-6,0.0,0.0,0.0,0.0,0.00019530000000000074,0.45295630034944684,9.86081857736881e-6,-1.8443067463794286e-15,2.66308641660995e-6,2.66308641660995e-6,7.335138579678025e-6,2.66308641660995e-6,NaN,diag_feasible,0,0,1,1,0,0,2,5.193969322717302e-14,1.12.6,lbt,1,1,Intel(R) Core(TM) 7 150U,NT,6407b28
degen-r50-m20-d1e-06-p1,100,Dykstra-APM,1e-7*n,9.999999999999999e-6,11,11,0.0121729,0.0114821,94.3250991957545,0.0,0.0,0.0,0.0,0.0004201,0.0,0.0002707000000000001,0.4529493710688428,6.6312527359010894e-6,-1.3910075992032816e-15,1.958752966491062e-6,1.958752966491062e-6,4.846826590913046e-6,1.958752966491062e-6,NaN,diag_feasible,0,0,0,0,0,0,11,5.193969322717302e-14,1.12.6,lbt,1,1,Intel(R) Core(TM) 7 150U,NT,6407b28
degen-r50-m20-d1e-06-p1,100,Anderson-APM,1e-7*n,9.999999999999999e-6,7,7,0.0171741,0.0144922,84.38404341421092,0.0,0.0,0.0,0.0,0.0,0.0018691,0.0008128000000000009,0.45295671769221246,9.976807153388976e-6,-1.5590968907151221e-15,2.0698913927308382e-6,2.0698913927308382e-6,7.2433716756913955e-6,2.0698913927308382e-6,NaN,diag_feasible,0,0,0,0,0,0,7,5.193969322717302e-14,1.12.6,lbt,1,1,Intel(R) Core(TM) 7 150U,NT,6407b28
degen-r50-m20-d1e-06-p2,100,SBB-Dual,1e-7*n,9.999999999999999e-6,5,6,0.0136395,0.0131307,96.2696579786649,1.17e-5,8.1e-6,0.0002264,0.0,0.0,0.0,0.0002626000000000002,0.4515119650647256,6.680894591958027e-6,-1.657308501577959e-15,1.908259435690063e-6,0.0,7.572047736644936e-6,1.908259435690063e-6,0.0,diag_feasible,0,0,0,0,0,0,5,2.6252021033126315e-14,1.12.6,lbt,1,1,Intel(R) Core(TM) 7 150U,NT,6407b28
degen-r50-m20-d1e-06-p2,100,Newton-SIN-BH,1e-7*n,9.999999999999999e-6,3,4,0.0053612,0.004319399999999999,80.56778333208982,0.0,3.0e-6,0.0,0.0008931,0.0,0.0,0.00014570000000000078,0.451511361594258,1.547166896835298e-6,-1.7875396733509674e-15,2.486031249748777e-7,2.486031249748777e-7,1.1236826264594144e-6,2.486031249748777e-7,NaN,converged,7,7,0,0,0,0,3,2.6252021033126315e-14,1.12.6,lbt,1,1,Intel(R) Core(TM) 7 150U,NT,6407b28
degen-r50-m20-d1e-06-p2,100,Newton-SIN,1e-7*n,9.999999999999999e-6,3,7,0.0080051,0.0070751,88.38240621603728,0.0,3.1e-6,0.0,0.0008206,0.0,0.0,0.00010629999999999939,0.451511361594258,1.547166896835298e-6,-1.7875396733509674e-15,2.486031249748777e-7,2.486031249748777e-7,1.1236826264594144e-6,2.486031249748777e-7,NaN,converged,7,7,0,0,0,0,3,2.6252021033126315e-14,1.12.6,lbt,1,1,Intel(R) Core(TM) 7 150U,NT,6407b28
degen-r50-m20-d1e-06-p2,100,AGD-SDAJ-BH,1e-7*n,9.999999999999999e-6,3,17,0.01675,0.0165053,98.53910447761194,0.0,8.3e-6,0.0,0.0,0.0,0.0,0.00023640000000000046,0.4515129883103957,3.4003189637071155e-6,-1.5117280282325303e-15,1.259201718450953e-6,1.259201718450953e-6,2.7784736482114015e-6,1.259201718450953e-6,NaN,diag_feasible_at_xpre,0,0,2,2,0,0,3,2.6252021033126315e-14,1.12.6,lbt,1,1,Intel(R) Core(TM) 7 150U,NT,6407b28
degen-r50-m20-d1e-06-p2,100,AGD-SDAJ,1e-7*n,9.999999999999999e-6,3,17,0.0181669,0.017928299999999998,98.68662237365757,0.0,7.9e-6,0.0,0.0,0.0,0.0,0.000230700000000002,0.4515129883103957,3.4003189637071155e-6,-1.5117280282325303e-15,1.259201718450953e-6,1.259201718450953e-6,2.7784736482114015e-6,1.259201718450953e-6,NaN,diag_feasible_at_xpre,0,0,2,2,0,0,3,2.6252021033126315e-14,1.12.6,lbt,1,1,Intel(R) Core(TM) 7 150U,NT,6407b28
degen-r50-m20-d1e-06-p2,100,Dykstra-APM,1e-7*n,9.999999999999999e-6,11,11,0.0125848,0.0118665,94.292320895048,0.0,0.0,0.0,0.0,0.000447,0.0,0.0002712999999999998,0.45150768416806725,9.825825717281933e-6,-1.236227688700215e-15,3.917282363596897e-6,3.917282363596897e-6,7.40367775038245e-6,3.917282363596897e-6,NaN,diag_feasible,0,0,0,0,0,0,11,2.6252021033126315e-14,1.12.6,lbt,1,1,Intel(R) Core(TM) 7 150U,NT,6407b28
degen-r50-m20-d1e-06-p2,100,Anderson-APM,1e-7*n,9.999999999999999e-6,7,7,0.0086042,0.0071866,83.52432532949025,0.0,0.0,0.0,0.0,0.0,0.0010093,0.0004082999999999997,0.45151659491078266,1.0229405564526894e-5,-1.85927500003377e-15,1.6837509370093429e-6,1.6837509370093429e-6,7.3873443142727175e-6,1.6837509370093429e-6,NaN,diag_feasible,0,0,0,0,0,0,7,2.6252021033126315e-14,1.12.6,lbt,1,1,Intel(R) Core(TM) 7 150U,NT,6407b28
degen-r50-m20-d1e-06-p3,100,SBB-Dual,1e-7*n,9.999999999999999e-6,5,6,0.0061458,0.006007500000000001,97.74968271014353,4.6e-6,3.8e-6,2.97e-5,0.0,0.0,0.0,0.00010019999999999917,0.4513403528399725,6.422852210246406e-6,-1.5072475174790891e-15,1.8053406115603465e-6,0.0,7.163164250694445e-6,1.8053406115603465e-6,0.0,diag_feasible,0,0,0,0,0,0,5,3.799250672540298e-14,1.12.6,lbt,1,1,Intel(R) Core(TM) 7 150U,NT,6407b28
degen-r50-m20-d1e-06-p3,100,Newton-SIN-BH,1e-7*n,9.999999999999999e-6,3,4,0.0055687,0.0044859,80.5556054375348,0.0,3.9e-6,0.0,0.0009171,0.0,0.0,0.00016180000000000003,0.45134030215568915,2.8161291677143524e-7,-1.6526974180653635e-15,1.8583766658863965e-7,1.8583766658863965e-7,2.311581982062873e-7,1.8583766658863965e-7,NaN,converged,8,8,0,0,0,0,3,3.799250672540298e-14,1.12.6,lbt,1,1,Intel(R) Core(TM) 7 150U,NT,6407b28
degen-r50-m20-d1e-06-p3,100,Newton-SIN,1e-7*n,9.999999999999999e-6,3,7,0.0078192,0.0068620999999999995,87.75961735215878,0.0,2.8e-6,0.0,0.0008513,0.0,0.0,0.00010300000000000066,0.45134030215568915,2.8161291677143524e-7,-1.6526974180653635e-15,1.8583766658863965e-7,1.8583766658863965e-7,2.311581982062873e-7,1.8583766658863965e-7,NaN,converged,8,8,0,0,0,0,3,3.799250672540298e-14,1.12.6,lbt,1,1,Intel(R) Core(TM) 7 150U,NT,6407b28
degen-r50-m20-d1e-06-p3,100,AGD-SDAJ-BH,1e-7*n,9.999999999999999e-6,3,20,0.0197108,0.0194468,98.66063274955862,0.0,8.0e-6,0.0,0.0,0.0,0.0,0.00025600000000000037,0.4513419691887072,4.987497690198965e-6,-1.5077474641675267e-15,1.7803454368525706e-6,1.7803454368525706e-6,4.0354143901258905e-6,1.7803454368525706e-6,NaN,diag_feasible_at_xpre,0,0,5,5,0,0,3,3.799250672540298e-14,1.12.6,lbt,1,1,Intel(R) Core(TM) 7 150U,NT,6407b28
degen-r50-m20-d1e-06-p3,100,AGD-SDAJ,1e-7*n,9.999999999999999e-6,3,20,0.0211275,0.0208109,98.50147911489765,0.0,1.43e-5,0.0,0.0,0.0,0.0,0.0003023000000000002,0.4513419691887072,4.987497690198965e-6,-1.5077474641675267e-15,1.7803454368525706e-6,1.7803454368525706e-6,4.0354143901258905e-6,1.7803454368525706e-6,NaN,diag_feasible_at_xpre,0,0,5,5,0,0,3,3.799250672540298e-14,1.12.6,lbt,1,1,Intel(R) Core(TM) 7 150U,NT,6407b28
degen-r50-m20-d1e-06-p3,100,Dykstra-APM,1e-7*n,9.999999999999999e-6,11,11,0.020677,0.0196436,95.00217633118925,0.0,0.0,0.0,0.0,0.0005746,0.0,0.0004588000000000003,0.451336470138865,8.307206553951501e-6,-1.3335951469757746e-15,2.052335699387342e-6,2.052335699387342e-6,6.179114484208538e-6,2.052335699387342e-6,NaN,diag_feasible,0,0,0,0,0,0,11,3.799250672540298e-14,1.12.6,lbt,1,1,Intel(R) Core(TM) 7 150U,NT,6407b28
degen-r50-m20-d1e-06-p3,100,Anderson-APM,1e-7*n,9.999999999999999e-6,7,7,0.0120077,0.010238,85.26195691098212,0.0,0.0,0.0,0.0,0.0,0.0012565,0.000513199999999999,0.4513448009286867,9.852338370446312e-6,-1.4187072389964747e-15,1.5409176867819951e-6,1.5409176867819951e-6,7.108649919774961e-6,1.5409176867819951e-6,NaN,diag_feasible,0,0,0,0,0,0,7,3.799250672540298e-14,1.12.6,lbt,1,1,Intel(R) Core(TM) 7 150U,NT,6407b28
degen-r50-m20-d1e-06-p4,100,SBB-Dual,1e-7*n,9.999999999999999e-6,6,7,0.0174727,0.0170314,97.47434569356767,4.83e-5,3.17e-5,6.91e-5,0.0,0.0,0.0,0.0002922000000000021,0.4514743114683227,1.4248920645378034e-6,-1.6138953794781686e-15,6.440970057308704e-7,0.0,1.7275878624361263e-6,6.440970057308704e-7,0.0,diag_feasible,0,0,0,0,0,0,6,2.358198380810828e-14,1.12.6,lbt,1,1,Intel(R) Core(TM) 7 150U,NT,6407b28
degen-r50-m20-d1e-06-p4,100,Newton-SIN-BH,1e-7*n,9.999999999999999e-6,3,4,0.0055667,0.0044047,79.1258734977635,0.0,3.4e-6,0.0,0.0009959,0.0,0.0,0.00016269999999999978,0.45147352137382263,1.922263624362814e-6,-1.7208989010636415e-15,2.986932206017201e-7,2.986932206017201e-7,1.3758086824398172e-6,2.986932206017201e-7,NaN,converged,8,8,0,0,0,0,3,2.358198380810828e-14,1.12.6,lbt,1,1,Intel(R) Core(TM) 7 150U,NT,6407b28
degen-r50-m20-d1e-06-p4,100,Newton-SIN,1e-7*n,9.999999999999999e-6,3,7,0.0089941,0.0079222,88.08218721161651,0.0,3.4e-6,0.0,0.0009543,0.0,0.0,0.00011419999999999887,0.45147352137382263,1.922263624362814e-6,-1.7208989010636415e-15,2.986932206017201e-7,2.986932206017201e-7,1.3758086824398172e-6,2.986932206017201e-7,NaN,converged,8,8,0,0,0,0,3,2.358198380810828e-14,1.12.6,lbt,1,1,Intel(R) Core(TM) 7 150U,NT,6407b28
degen-r50-m20-d1e-06-p4,100,AGD-SDAJ-BH,1e-7*n,9.999999999999999e-6,2,14,0.0144305,0.014209600000000001,98.4692145109317,0.0,7.8e-6,0.0,0.0,0.0,0.0,0.00021309999999999957,0.45147832148953204,9.224664221688344e-6,-1.3588265287083486e-15,2.2555567437132495e-6,2.2555567437132495e-6,6.804699229374046e-6,2.2555567437132495e-6,NaN,diag_feasible,0,0,1,1,0,0,2,2.358198380810828e-14,1.12.6,lbt,1,1,Intel(R) Core(TM) 7 150U,NT,6407b28
degen-r50-m20-d1e-06-p4,100,AGD-SDAJ,1e-7*n,9.999999999999999e-6,2,14,0.0141085,0.013899,98.51507956196619,0.0,6.8e-6,0.0,0.0,0.0,0.0,0.00020269999999999961,0.45147832148953204,9.224664221688344e-6,-1.3588265287083486e-15,2.2555567437132495e-6,2.2555567437132495e-6,6.804699229374046e-6,2.2555567437132495e-6,NaN,diag_feasible,0,0,1,1,0,0,2,2.358198380810828e-14,1.12.6,lbt,1,1,Intel(R) Core(TM) 7 150U,NT,6407b28
degen-r50-m20-d1e-06-p4,100,Dykstra-APM,1e-7*n,9.999999999999999e-6,12,12,0.012962,0.0121951,94.08347477241168,0.0,0.0,0.0,0.0,0.0004845,0.0,0.00028239999999999917,0.4514717571214857,7.03072897833467e-6,-1.9281641621226474e-15,3.945430606666633e-6,3.945430606666633e-6,5.223249103596033e-6,3.945430606666633e-6,NaN,diag_feasible,0,0,0,0,0,0,12,2.358198380810828e-14,1.12.6,lbt,1,1,Intel(R) Core(TM) 7 150U,NT,6407b28
degen-r50-m20-d1e-06-p4,100,Anderson-APM,1e-7*n,9.999999999999999e-6,7,7,0.0079882,0.0067357,84.32062291880523,0.0,0.0,0.0,0.0,0.0,0.000867,0.00038550000000000097,0.4514790277041892,1.188807227073415e-5,-1.6833502800228205e-15,2.4569718026778986e-6,2.4569718026778986e-6,8.702236352315998e-6,2.4569718026778986e-6,NaN,diag_feasible,0,0,0,0,0,0,7,2.358198380810828e-14,1.12.6,lbt,1,1,Intel(R) Core(TM) 7 150U,NT,6407b28
degen-r50-m20-d1e-08-p0,100,SBB-Dual,1e-7*n,9.999999999999999e-6,5,6,0.0068425,0.0066838999999999996,97.68213372305443,4.9e-6,4.1e-6,3.39e-5,0.0,0.0,0.0,0.00011570000000000006,0.4521297104882697,7.76147495816876e-6,-1.295269223666911e-15,5.608007157320571e-6,0.0,9.702303914462037e-6,5.608007157320571e-6,0.0,diag_feasible,0,0,0,0,0,0,5,6.405188288352567e-14,1.12.6,lbt,1,1,Intel(R) Core(TM) 7 150U,NT,6407b28
degen-r50-m20-d1e-08-p0,100,Newton-SIN-BH,1e-7*n,9.999999999999999e-6,3,4,0.007028,0.005779599999999999,82.23676721684689,0.0,4.0e-6,0.0,0.001074,0.0,0.0,0.0001704000000000009,0.4521297038199189,2.2302618586048946e-8,-1.5841547856975513e-15,1.2059177878498417e-8,1.2059177878498417e-8,1.6553696844381264e-8,1.2059177878498417e-8,NaN,converged,8,8,0,0,0,0,3,6.405188288352567e-14,1.12.6,lbt,1,1,Intel(R) Core(TM) 7 150U,NT,6407b28
degen-r50-m20-d1e-08-p0,100,Newton-SIN,1e-7*n,9.999999999999999e-6,3,7,0.0084435,0.0072778999999999995,86.19529815834666,0.0,3.8e-6,0.0,0.0010342,0.0,0.0,0.00012760000000000007,0.4521297038199189,2.2302618586048946e-8,-1.5841547856975513e-15,1.2059177878498417e-8,1.2059177878498417e-8,1.6553696844381264e-8,1.2059177878498417e-8,NaN,converged,8,8,0,0,0,0,3,6.405188288352567e-14,1.12.6,lbt,1,1,Intel(R) Core(TM) 7 150U,NT,6407b28
degen-r50-m20-d1e-08-p0,100,AGD-SDAJ-BH,1e-7*n,9.999999999999999e-6,2,13,0.0202381,0.0199409,98.53148269847468,0.0,1.12e-5,0.0,0.0,0.0,0.0,0.00028599999999999747,0.45213272767874274,7.308682462282728e-6,-1.7015304370825464e-15,1.85540873964829e-6,1.85540873964829e-6,5.45519779956029e-6,1.85540873964829e-6,NaN,diag_feasible,0,0,0,0,0,0,2,6.405188288352567e-14,1.12.6,lbt,1,1,Intel(R) Core(TM) 7 150U,NT,6407b28
degen-r50-m20-d1e-08-p0,100,AGD-SDAJ,1e-7*n,9.999999999999999e-6,2,13,0.0133925,0.013189300000000001,98.48273287287662,0.0,6.8e-6,0.0,0.0,0.0,0.0,0.00019639999999999886,0.45213272767874274,7.308682462282728e-6,-1.7015304370825464e-15,1.85540873964829e-6,1.85540873964829e-6,5.45519779956029e-6,1.85540873964829e-6,NaN,diag_feasible,0,0,0,0,0,0,2,6.405188288352567e-14,1.12.6,lbt,1,1,Intel(R) Core(TM) 7 150U,NT,6407b28
degen-r50-m20-d1e-08-p0,100,Dykstra-APM,1e-7*n,9.999999999999999e-6,11,11,0.0173596,0.0163582,94.231433904007,0.0,0.0,0.0,0.0,0.000626,0.0,0.0003753999999999995,0.4521259777916438,9.681809197377258e-6,-1.0576072610042033e-15,5.145165637987503e-6,5.145165637987503e-6,7.636327970056999e-6,5.145165637987503e-6,NaN,diag_feasible,0,0,0,0,0,0,11,6.405188288352567e-14,1.12.6,lbt,1,1,Intel(R) Core(TM) 7 150U,NT,6407b28
degen-r50-m20-d1e-08-p0,100,Anderson-APM,1e-7*n,9.999999999999999e-6,7,7,0.0121657,0.0101234,83.2126388123988,0.0,0.0,0.0,0.0,0.0,0.0012411,0.0008012000000000004,0.45213468134598866,1.2436243987743804e-5,-1.444315903984727e-15,2.9630884570419624e-6,2.9630884570419624e-6,9.158696001164104e-6,2.9630884570419624e-6,NaN,diag_feasible,0,0,0,0,0,0,7,6.405188288352567e-14,1.12.6,lbt,1,1,Intel(R) Core(TM) 7 150U,NT,6407b28
degen-r50-m20-d1e-08-p1,100,SBB-Dual,1e-7*n,9.999999999999999e-6,5,6,0.0063949,0.0062546,97.80606420741529,4.7e-6,3.2e-6,3.06e-5,0.0,0.0,0.0,0.00010180000000000032,0.4529536009923455,5.991311013379766e-6,-1.619554774129302e-15,1.7222904268310302e-6,0.0,6.291080031766429e-6,1.7222904268310302e-6,0.0,diag_feasible,0,0,0,0,0,0,5,1.8835547939242594e-14,1.12.6,lbt,1,1,Intel(R) Core(TM) 7 150U,NT,6407b28
degen-r50-m20-d1e-08-p1,100,Newton-SIN-BH,1e-7*n,9.999999999999999e-6,3,4,0.0120596,0.0097086,80.50515771667385,0.0,7.6e-6,0.0,0.0019473,0.0,0.0,0.0003961000000000008,0.45295359946089403,7.298532132841713e-9,-1.5724105954589156e-15,4.498191374935345e-9,4.498191374935345e-9,5.5980396999585485e-9,4.498191374935345e-9,NaN,converged,8,8,0,0,0,0,3,1.8835547939242594e-14,1.12.6,lbt,1,1,Intel(R) Core(TM) 7 150U,NT,6407b28
degen-r50-m20-d1e-08-p1,100,Newton-SIN,1e-7*n,9.999999999999999e-6,3,7,0.0125146,0.010979899999999999,87.73672350694387,0.0,5.0e-6,0.0,0.0013806,0.0,0.0,0.00014910000000000162,0.45295359946089403,7.298532132841713e-9,-1.5724105954589156e-15,4.498191374935345e-9,4.498191374935345e-9,5.5980396999585485e-9,4.498191374935345e-9,NaN,converged,8,8,0,0,0,0,3,1.8835547939242594e-14,1.12.6,lbt,1,1,Intel(R) Core(TM) 7 150U,NT,6407b28
degen-r50-m20-d1e-08-p1,100,AGD-SDAJ-BH,1e-7*n,9.999999999999999e-6,2,14,0.0142413,0.0140393,98.5815901638193,0.0,6.9e-6,0.0,0.0,0.0,0.0,0.00019510000000000078,0.4529577452425329,1.0414106465062492e-5,-1.5676897922711801e-15,2.923811604715887e-6,2.923811604715887e-6,7.743593950445537e-6,2.923811604715887e-6,NaN,diag_feasible,0,0,1,1,0,0,2,1.8835547939242594e-14,1.12.6,lbt,1,1,Intel(R) Core(TM) 7 150U,NT,6407b28
degen-r50-m20-d1e-08-p1,100,AGD-SDAJ,1e-7*n,9.999999999999999e-6,2,14,0.0166095,0.0163498,98.43643697883742,0.0,7.2e-6,0.0,0.0,0.0,0.0,0.0002524999999999981,0.4529577452425329,1.0414106465062492e-5,-1.5676897922711801e-15,2.923811604715887e-6,2.923811604715887e-6,7.743593950445537e-6,2.923811604715887e-6,NaN,diag_feasible,0,0,1,1,0,0,2,1.8835547939242594e-14,1.12.6,lbt,1,1,Intel(R) Core(TM) 7 150U,NT,6407b28
degen-r50-m20-d1e-08-p1,100,Dykstra-APM,1e-7*n,9.999999999999999e-6,11,11,0.0152627,0.0144218,94.4904898871104,0.0,0.0,0.0,0.0,0.0005039,0.0,0.0003370000000000003,0.4529508972432017,5.627411513996356e-6,-1.0766407355297995e-15,1.9573869027844637e-6,1.9573869027844637e-6,4.555108603091066e-6,1.9573869027844637e-6,NaN,diag_feasible,0,0,0,0,0,0,11,1.8835547939242594e-14,1.12.6,lbt,1,1,Intel(R) Core(TM) 7 150U,NT,6407b28
degen-r50-m20-d1e-08-p1,100,Anderson-APM,1e-7*n,9.999999999999999e-6,7,7,0.0087752,0.0073349,83.58669887865803,0.0,0.0,0.0,0.0,0.0,0.000923,0.0005173000000000003,0.4529581033639956,1.01926840278072e-5,-1.373443602079441e-15,1.8561629184787876e-6,1.8561629184787876e-6,7.372098837433522e-6,1.8561629184787876e-6,NaN,diag_feasible,0,0,0,0,0,0,7,1.8835547939242594e-14,1.12.6,lbt,1,1,Intel(R) Core(TM) 7 150U,NT,6407b28
degen-r50-m20-d1e-08-p2,100,SBB-Dual,1e-7*n,9.999999999999999e-6,5,6,0.0088479,0.0086453,97.71019111879654,6.4e-6,5.8e-6,5.59e-5,0.0,0.0,0.0,0.0001345000000000007,0.4515131738731812,7.192848769446815e-6,-1.3458918873490583e-15,1.995676115140732e-6,0.0,8.06661517949399e-6,1.995676115140732e-6,0.0,diag_feasible,0,0,0,0,0,0,5,2.1266495191369013e-14,1.12.6,lbt,1,1,Intel(R) Core(TM) 7 150U,NT,6407b28
degen-r50-m20-d1e-08-p2,100,Newton-SIN-BH,1e-7*n,9.999999999999999e-6,3,4,0.0063131,0.0051861,82.14823145522801,0.0,3.3e-6,0.0,0.0009514,0.0,0.0,0.00017230000000000045,0.45151316753625365,1.8532690945141007e-8,-1.6433702205564255e-15,3.665961756382785e-9,3.665961756382785e-9,1.4130133061531626e-8,3.665961756382785e-9,NaN,converged,7,7,0,0,0,0,3,2.1266495191369013e-14,1.12.6,lbt,1,1,Intel(R) Core(TM) 7 150U,NT,6407b28
degen-r50-m20-d1e-08-p2,100,Newton-SIN,1e-7*n,9.999999999999999e-6,3,7,0.0082429,0.0073143,88.7345473073797,0.0,3.5e-6,0.0,0.0008123,0.0,0.0,0.00011279999999999906,0.45151316753625365,1.8532690945141007e-8,-1.6433702205564255e-15,3.665961756382785e-9,3.665961756382785e-9,1.4130133061531626e-8,3.665961756382785e-9,NaN,converged,7,7,0,0,0,0,3,2.1266495191369013e-14,1.12.6,lbt,1,1,Intel(R) Core(TM) 7 150U,NT,6407b28
degen-r50-m20-d1e-08-p2,100,AGD-SDAJ-BH,1e-7*n,9.999999999999999e-6,3,17,0.0229892,0.0226461,98.50756007168582,0.0,1.42e-5,0.0,0.0,0.0,0.0,0.0003289000000000024,0.4515142185554668,3.4761776890180157e-6,-1.5295134398351443e-15,1.2880248783098125e-6,1.2880248783098125e-6,2.8415970461219644e-6,1.2880248783098125e-6,NaN,diag_feasible_at_xpre,0,0,2,2,0,0,3,2.1266495191369013e-14,1.12.6,lbt,1,1,Intel(R) Core(TM) 7 150U,NT,6407b28
degen-r50-m20-d1e-08-p2,100,AGD-SDAJ,1e-7*n,9.999999999999999e-6,3,17,0.0239118,0.0235848,98.6324743432113,0.0,1.65e-5,0.0,0.0,0.0,0.0,0.0003105000000000009,0.4515142185554668,3.4761776890180157e-6,-1.5295134398351443e-15,1.2880248783098125e-6,1.2880248783098125e-6,2.8415970461219644e-6,1.2880248783098125e-6,NaN,diag_feasible_at_xpre,0,0,2,2,0,0,3,2.1266495191369013e-14,1.12.6,lbt,1,1,Intel(R) Core(TM) 7 150U,NT,6407b28
degen-r50-m20-d1e-08-p2,100,Dykstra-APM,1e-7*n,9.999999999999999e-6,11,11,0.0123336,0.0116642,94.5725497827074,0.0,0.0,0.0,0.0,0.0004072,0.0,0.00026220000000000057,0.4515090255949909,9.122445161879722e-6,-9.655998183057818e-16,3.917285972487861e-6,3.917285972487861e-6,7.30658861686123e-6,3.917285972487861e-6,NaN,diag_feasible,0,0,0,0,0,0,11,2.1266495191369013e-14,1.12.6,lbt,1,1,Intel(R) Core(TM) 7 150U,NT,6407b28
degen-r50-m20-d1e-08-p2,100,Anderson-APM,1e-7*n,9.999999999999999e-6,7,7,0.009913,0.008553,86.28064158176132,0.0,0.0,0.0,0.0,0.0,0.0009163,0.0004437000000000001,0.45151796230674685,1.0524937454277225e-5,-1.478488801960342e-15,1.703019578691567e-6,1.703019578691567e-6,7.580015958629286e-6,1.703019578691567e-6,NaN,diag_feasible,0,0,0,0,0,0,7,2.1266495191369013e-14,1.12.6,lbt,1,1,Intel(R) Core(TM) 7 150U,NT,6407b28
degen-r50-m20-d1e-08-p3,100,SBB-Dual,1e-7*n,9.999999999999999e-6,5,6,0.0152028,0.0148649,97.77738311363696,1.36e-5,1.06e-5,7.87e-5,0.0,0.0,0.0,0.00023500000000000035,0.4513415519719418,6.943987632943815e-6,-1.751512724021496e-15,1.9004454688831274e-6,0.0,7.691195384444932e-6,1.9004454688831274e-6,0.0,diag_feasible,0,0,0,0,0,0,5,2.0314351110575542e-14,1.12.6,lbt,1,1,Intel(R) Core(TM) 7 150U,NT,6407b28
degen-r50-m20-d1e-08-p3,100,Newton-SIN-BH,1e-7*n,9.999999999999999e-6,3,4,0.0121688,0.0096102,78.9740976924594,0.0,8.3e-6,0.0,0.0021621,0.0,0.0,0.00038820000000000087,0.451341550744628,5.5985109551013285e-9,-1.4920703882495458e-15,2.697513767913051e-9,2.697513767913051e-9,4.571293816234968e-9,2.697513767913051e-9,NaN,converged,8,8,0,0,0,0,3,2.0314351110575542e-14,1.12.6,lbt,1,1,Intel(R) Core(TM) 7 150U,NT,6407b28
degen-r50-m20-d1e-08-p3,100,Newton-SIN,1e-7*n,9.999999999999999e-6,3,7,0.0090098,0.0080327,89.15514217851673,0.0,3.6e-6,0.0,0.0008585,0.0,0.0,0.00011499999999999987,0.451341550744628,5.5985109551013285e-9,-1.4920703882495458e-15,2.697513767913051e-9,2.697513767913051e-9,4.571293816234968e-9,2.697513767913051e-9,NaN,converged,8,8,0,0,0,0,3,2.0314351110575542e-14,1.12.6,lbt,1,1,Intel(R) Core(TM) 7 150U,NT,6407b28
degen-r50-m20-d1e-08-p3,100,AGD-SDAJ-BH,1e-7*n,9.999999999999999e-6,3,20,0.0404616,0.0399054,98.62536330743224,0.0,2.56e-5,0.0,0.0,0.0,0.0,0.0005305999999999998,0.4513431701256509,4.992097332526552e-6,-1.4054373647260255e-15,1.7813713011349819e-6,1.7813713011349819e-6,4.038928845464235e-6,1.7813713011349819e-6,NaN,diag_feasible_at_xpre,0,0,5,5,0,0,3,2.0314351110575542e-14,1.12.6,lbt,1,1,Intel(R) Core(TM) 7 150U,NT,6407b28
degen-r50-m20-d1e-08-p3,100,AGD-SDAJ,1e-7*n,9.999999999999999e-6,3,20,0.0424293,0.0418389,98.60850874277915,0.0,2.73e-5,0.0,0.0,0.0,0.0,0.0005631000000000049,0.4513431701256509,4.992097332526552e-6,-1.4054373647260255e-15,1.7813713011349819e-6,1.7813713011349819e-6,4.038928845464235e-6,1.7813713011349819e-6,NaN,diag_feasible_at_xpre,0,0,5,5,0,0,3,2.0314351110575542e-14,1.12.6,lbt,1,1,Intel(R) Core(TM) 7 150U,NT,6407b28
degen-r50-m20-d1e-08-p3,100,Dykstra-APM,1e-7*n,9.999999999999999e-6,11,11,0.0198281,0.0186454,94.03523282614067,0.0,0.0,0.0,0.0,0.0007168,0.0,0.00046590000000000184,0.45133784265538224,7.485959006498118e-6,-9.550709053789494e-16,2.0502123063703692e-6,2.0502123063703692e-6,6.030769743360346e-6,2.0502123063703692e-6,NaN,diag_feasible,0,0,0,0,0,0,11,2.0314351110575542e-14,1.12.6,lbt,1,1,Intel(R) Core(TM) 7 150U,NT,6407b28
degen-r50-m20-d1e-08-p3,100,Anderson-APM,1e-7*n,9.999999999999999e-6,7,7,0.0206659,0.0176394,85.35510188281177,0.0,0.0,0.0,0.0,0.0,0.0021975,0.0008290000000000016,0.45134614355827873,1.0116746914486023e-5,-1.4922750714424398e-15,1.5610961218159858e-6,1.5610961218159858e-6,7.281197965209639e-6,1.5610961218159858e-6,NaN,diag_feasible,0,0,0,0,0,0,7,2.0314351110575542e-14,1.12.6,lbt,1,1,Intel(R) Core(TM) 7 150U,NT,6407b28
degen-r50-m20-d1e-08-p4,100,SBB-Dual,1e-7*n,9.999999999999999e-6,6,7,0.0090249,0.0088474,98.03321920464492,7.0e-6,5.4e-6,3.06e-5,0.0,0.0,0.0,0.00013450000000000056,0.4514755323387506,1.8159549902125856e-6,-1.7220933036468106e-15,7.353490347750125e-7,0.0,2.111593439975311e-6,7.353490347750125e-7,0.0,diag_feasible,0,0,0,0,0,0,6,3.6705759716416005e-14,1.12.6,lbt,1,1,Intel(R) Core(TM) 7 150U,NT,6407b28
degen-r50-m20-d1e-08-p4,100,Newton-SIN-BH,1e-7*n,9.999999999999999e-6,3,4,0.0102485,0.008415,82.10957701126993,0.0,5.5e-6,0.0,0.0015335,0.0,0.0,0.00029450000000000006,0.4514755207663044,2.8526373147784766e-8,-1.497708278529125e-15,1.0714698461811167e-8,1.0714698461811167e-8,2.0687247718942906e-8,1.0714698461811167e-8,NaN,converged,8,8,0,0,0,0,3,3.6705759716416005e-14,1.12.6,lbt,1,1,Intel(R) Core(TM) 7 150U,NT,6407b28
degen-r50-m20-d1e-08-p4,100,Newton-SIN,1e-7*n,9.999999999999999e-6,3,7,0.0143961,0.0125402,87.1083140572794,0.0,7.2e-6,0.0,0.0016221,0.0,0.0,0.00022660000000000063,0.4514755207663044,2.8526373147784766e-8,-1.497708278529125e-15,1.0714698461811167e-8,1.0714698461811167e-8,2.0687247718942906e-8,1.0714698461811167e-8,NaN,converged,8,8,0,0,0,0,3,3.6705759716416005e-14,1.12.6,lbt,1,1,Intel(R) Core(TM) 7 150U,NT,6407b28
degen-r50-m20-d1e-08-p4,100,AGD-SDAJ-BH,1e-7*n,9.999999999999999e-6,2,14,0.0164574,0.0162122,98.51009272424562,0.0,7.6e-6,0.0,0.0,0.0,0.0,0.00023760000000000098,0.4514795778216138,9.292918234320441e-6,-1.6479755798792132e-15,2.3197244700678965e-6,2.3197244700678965e-6,6.843580597090907e-6,2.3197244700678965e-6,NaN,diag_feasible,0,0,1,1,0,0,2,3.6705759716416005e-14,1.12.6,lbt,1,1,Intel(R) Core(TM) 7 150U,NT,6407b28
degen-r50-m20-d1e-08-p4,100,AGD-SDAJ,1e-7*n,9.999999999999999e-6,2,14,0.0142834,0.0140731,98.52766148115995,0.0,8.1e-6,0.0,0.0,0.0,0.0,0.00020220000000000006,0.4514795778216138,9.292918234320441e-6,-1.6479755798792132e-15,2.3197244700678965e-6,2.3197244700678965e-6,6.843580597090907e-6,2.3197244700678965e-6,NaN,diag_feasible,0,0,1,1,0,0,2,3.6705759716416005e-14,1.12.6,lbt,1,1,Intel(R) Core(TM) 7 150U,NT,6407b28
degen-r50-m20-d1e-08-p4,100,Dykstra-APM,1e-7*n,9.999999999999999e-6,12,12,0.0315793,0.0298287,94.45649523580322,0.0,0.0,0.0,0.0,0.001072,0.0,0.000678599999999998,0.45147342381319716,6.302832536610716e-6,-1.0958278483336902e-15,3.937036465506694e-6,3.937036465506694e-6,4.922399136698197e-6,3.937036465506694e-6,NaN,diag_feasible,0,0,0,0,0,0,12,3.6705759716416005e-14,1.12.6,lbt,1,1,Intel(R) Core(TM) 7 150U,NT,6407b28
degen-r50-m20-d1e-08-p4,100,Anderson-APM,1e-7*n,9.999999999999999e-6,7,7,0.0141192,0.0120917,85.6401212533288,0.0,0.0,0.0,0.0,0.0,0.0013903,0.0006371999999999999,0.45148040239057163,1.2140759439245783e-5,-1.4079476565707638e-15,2.4866475764051543e-6,2.4866475764051543e-6,8.863543661327411e-6,2.4866475764051543e-6,NaN,diag_feasible,0,0,0,0,0,0,7,3.6705759716416005e-14,1.12.6,lbt,1,1,Intel(R) Core(TM) 7 150U,NT,6407b28
degen-r50-m20-d1e-10-p0,100,SBB-Dual,1e-7*n,9.999999999999999e-6,5,6,0.006182,0.006044000000000001,97.76771271433194,4.7e-6,3.7e-6,2.9e-5,0.0,0.0,0.0,0.00010059999999999922,0.4521297226649624,7.766281644088764e-6,-1.6715762421978836e-15,5.612108932795401e-6,0.0,9.706750435300511e-6,5.612108932795401e-6,0.0,diag_feasible,0,0,0,0,0,0,5,4.0039050897598325e-14,1.12.6,lbt,1,1,Intel(R) Core(TM) 7 150U,NT,6407b28
degen-r50-m20-d1e-10-p0,100,Newton-SIN-BH,1e-7*n,9.999999999999999e-6,3,4,0.0108927,0.0083659,76.80281289303846,0.0,6.8e-6,0.0,0.0021742,0.0,0.0,0.0003457999999999994,0.4521297206851705,1.516590553723204e-8,-1.173003821919619e-15,1.1422173651354228e-8,1.1422173651354228e-8,1.202888597922491e-8,1.1422173651354228e-8,NaN,converged,8,8,0,0,0,0,3,4.0039050897598325e-14,1.12.6,lbt,1,1,Intel(R) Core(TM) 7 150U,NT,6407b28
degen-r50-m20-d1e-10-p0,100,Newton-SIN,1e-7*n,9.999999999999999e-6,3,7,0.0119451,0.0104081,87.1327992231124,0.0,5.2e-6,0.0,0.0013867,0.0,0.0,0.00014510000000000022,0.4521297206851705,1.516590553723204e-8,-1.173003821919619e-15,1.1422173651354228e-8,1.1422173651354228e-8,1.202888597922491e-8,1.1422173651354228e-8,NaN,converged,8,8,0,0,0,0,3,4.0039050897598325e-14,1.12.6,lbt,1,1,Intel(R) Core(TM) 7 150U,NT,6407b28
degen-r50-m20-d1e-10-p0,100,AGD-SDAJ-BH,1e-7*n,9.999999999999999e-6,2,13,0.0216372,0.0213318,98.58854195552107,0.0,1.4e-5,0.0,0.0,0.0,0.0,0.0002913999999999973,0.45213274004975695,7.309186766205736e-6,-1.6890815277630888e-15,1.855500234904106e-6,1.855500234904106e-6,5.4555939769557616e-6,1.855500234904106e-6,NaN,diag_feasible,0,0,0,0,0,0,2,4.0039050897598325e-14,1.12.6,lbt,1,1,Intel(R) Core(TM) 7 150U,NT,6407b28
degen-r50-m20-d1e-10-p0,100,AGD-SDAJ,1e-7*n,9.999999999999999e-6,2,13,0.0172607,0.0170128,98.56378941757866,0.0,1.09e-5,0.0,0.0,0.0,0.0,0.00023699999999999882,0.45213274004975695,7.309186766205736e-6,-1.6890815277630888e-15,1.855500234904106e-6,1.855500234904106e-6,5.4555939769557616e-6,1.855500234904106e-6,NaN,diag_feasible,0,0,0,0,0,0,2,4.0039050897598325e-14,1.12.6,lbt,1,1,Intel(R) Core(TM) 7 150U,NT,6407b28
degen-r50-m20-d1e-10-p0,100,Dykstra-APM,1e-7*n,9.999999999999999e-6,11,11,0.0154108,0.0145432,94.37018195032054,0.0,0.0,0.0,0.0,0.0005452,0.0,0.00032240000000000133,0.4521259899684382,9.681701580521198e-6,-1.0835250545057623e-15,5.145165035802535e-6,5.145165035802535e-6,7.636327305233204e-6,5.145165035802535e-6,NaN,diag_feasible,0,0,0,0,0,0,11,4.0039050897598325e-14,1.12.6,lbt,1,1,Intel(R) Core(TM) 7 150U,NT,6407b28
degen-r50-m20-d1e-10-p0,100,Anderson-APM,1e-7*n,9.999999999999999e-6,7,7,0.0089217,0.0075625,84.7652353251062,0.0,0.0,0.0,0.0,0.0,0.0009005,0.0004586999999999996,0.45213469493316333,1.243782420169863e-5,-1.5754101546664904e-15,2.9613089340685406e-6,2.9613089340685406e-6,9.159591781921477e-6,2.9613089340685406e-6,NaN,diag_feasible,0,0,0,0,0,0,7,4.0039050897598325e-14,1.12.6,lbt,1,1,Intel(R) Core(TM) 7 150U,NT,6407b28
degen-r50-m20-d1e-10-p1,100,SBB-Dual,1e-7*n,9.999999999999999e-6,5,6,0.0101505,0.0099017,97.54888921727994,8.0e-6,5.2e-6,3.85e-5,0.0,0.0,0.0,0.0001971000000000004,0.4529536132735875,5.996167915139306e-6,-2.0789579670175707e-15,1.7232218719742676e-6,0.0,6.295603325688394e-6,1.7232218719742676e-6,0.0,diag_feasible,0,0,0,0,0,0,5,1.7600099169247087e-14,1.12.6,lbt,1,1,Intel(R) Core(TM) 7 150U,NT,6407b28
degen-r50-m20-d1e-10-p1,100,Newton-SIN-BH,1e-7*n,9.999999999999999e-6,3,4,0.0061266,0.0051297,83.72833219077465,0.0,3.7e-6,0.0,0.0008473,0.0,0.0,0.00014590000000000024,0.45295361270726286,4.056741541430676e-9,-1.2698388751071775e-15,2.9908016063728837e-9,2.9908016063728837e-9,3.2961431934402343e-9,2.9908016063728837e-9,NaN,converged,8,8,0,0,0,0,3,1.7600099169247087e-14,1.12.6,lbt,1,1,Intel(R) Core(TM) 7 150U,NT,6407b28
degen-r50-m20-d1e-10-p1,100,Newton-SIN,1e-7*n,9.999999999999999e-6,3,7,0.0084171,0.0074422,88.41762602321464,0.0,3.8e-6,0.0,0.0008614,0.0,0.0,0.0001096999999999999,0.45295361270726286,4.056741541430676e-9,-1.2698388751071775e-15,2.9908016063728837e-9,2.9908016063728837e-9,3.2961431934402343e-9,2.9908016063728837e-9,NaN,converged,8,8,0,0,0,0,3,1.7600099169247087e-14,1.12.6,lbt,1,1,Intel(R) Core(TM) 7 150U,NT,6407b28
degen-r50-m20-d1e-10-p1,100,AGD-SDAJ-BH,1e-7*n,9.999999999999999e-6,2,14,0.0146858,0.0144653,98.4985496193602,0.0,6.5e-6,0.0,0.0,0.0,0.0,0.00021400000000000021,0.4529577596857307,1.0419717190745148e-5,-1.6854242048339508e-15,2.92641064336685e-6,2.92641064336685e-6,7.747766847575732e-6,2.92641064336685e-6,NaN,diag_feasible,0,0,1,1,0,0,2,1.7600099169247087e-14,1.12.6,lbt,1,1,Intel(R) Core(TM) 7 150U,NT,6407b28
degen-r50-m20-d1e-10-p1,100,AGD-SDAJ,1e-7*n,9.999999999999999e-6,2,14,0.0183992,0.0181272,98.52167485542849,0.0,9.6e-6,0.0,0.0,0.0,0.0,0.0002624000000000014,0.4529577596857307,1.0419717190745148e-5,-1.6854242048339508e-15,2.92641064336685e-6,2.92641064336685e-6,7.747766847575732e-6,2.92641064336685e-6,NaN,diag_feasible,0,0,1,1,0,0,2,1.7600099169247087e-14,1.12.6,lbt,1,1,Intel(R) Core(TM) 7 150U,NT,6407b28
degen-r50-m20-d1e-10-p1,100,Dykstra-APM,1e-7*n,9.999999999999999e-6,11,11,0.0151477,0.0142528,94.09217240901258,0.0,0.0,0.0,0.0,0.0004883,0.0,0.00040660000000000056,0.4529509095244596,5.6272362683253495e-6,-9.879888008082258e-16,1.9573866814059926e-6,1.9573866814059926e-6,4.55510835737752e-6,1.9573866814059926e-6,NaN,diag_feasible,0,0,0,0,0,0,11,1.7600099169247087e-14,1.12.6,lbt,1,1,Intel(R) Core(TM) 7 150U,NT,6407b28
degen-r50-m20-d1e-10-p1,100,Anderson-APM,1e-7*n,9.999999999999999e-6,7,7,0.0086405,0.0073634,85.21960534691279,0.0,0.0,0.0,0.0,0.0,0.0008546,0.0004225000000000007,0.45295811729878366,1.019505785210465e-5,-1.3977095055144674e-15,1.8540003234868152e-6,1.8540003234868152e-6,7.373541696706534e-6,1.8540003234868152e-6,NaN,diag_feasible,0,0,0,0,0,0,7,1.7600099169247087e-14,1.12.6,lbt,1,1,Intel(R) Core(TM) 7 150U,NT,6407b28
degen-r50-m20-d1e-10-p2,100,SBB-Dual,1e-7*n,9.999999999999999e-6,5,6,0.0065897,0.0064364,97.67364219918964,4.9e-6,3.7e-6,3.17e-5,0.0,0.0,0.0,0.0001130000000000003,0.451513185961424,7.1981723077121035e-6,-1.7452689552551496e-15,1.9965595887683207e-6,0.0,8.071797309886153e-6,1.9965595887683207e-6,0.0,diag_feasible,0,0,0,0,0,0,5,2.5112891427895488e-14,1.12.6,lbt,1,1,Intel(R) Core(TM) 7 150U,NT,6407b28
degen-r50-m20-d1e-10-p2,100,Newton-SIN-BH,1e-7*n,9.999999999999999e-6,3,4,0.0105154,0.008513,80.95745287863514,0.0,7.1e-6,0.0,0.0016741,0.0,0.0,0.0003211999999999998,0.4515131857807511,8.545556408624301e-9,-1.2174504892909537e-15,2.8413645880576155e-9,2.8413645880576155e-9,7.4557126122458e-9,2.8413645880576155e-9,NaN,converged,7,7,0,0,0,0,3,2.5112891427895488e-14,1.12.6,lbt,1,1,Intel(R) Core(TM) 7 150U,NT,6407b28
degen-r50-m20-d1e-10-p2,100,Newton-SIN,1e-7*n,9.999999999999999e-6,3,7,0.0099656,0.0088556,88.86168419362608,0.0,3.9e-6,0.0,0.0009791,0.0,0.0,0.00012699999999999994,0.4515131857807511,8.545556408624301e-9,-1.2174504892909537e-15,2.8413645880576155e-9,2.8413645880576155e-9,7.4557126122458e-9,2.8413645880576155e-9,NaN,converged,7,7,0,0,0,0,3,2.5112891427895488e-14,1.12.6,lbt,1,1,Intel(R) Core(TM) 7 150U,NT,6407b28
degen-r50-m20-d1e-10-p2,100,AGD-SDAJ-BH,1e-7*n,9.999999999999999e-6,3,17,0.0265677,0.0261068,98.26518667404405,0.0,1.51e-5,0.0,0.0,0.0,0.0,0.0004458000000000002,0.451514230864206,3.476937070241184e-6,-1.7027603121902972e-15,1.2883047975087436e-6,1.2883047975087436e-6,2.842225052950911e-6,1.2883047975087436e-6,NaN,diag_feasible_at_xpre,0,0,2,2,0,0,3,2.5112891427895488e-14,1.12.6,lbt,1,1,Intel(R) Core(TM) 7 150U,NT,6407b28
degen-r50-m20-d1e-10-p2,100,AGD-SDAJ,1e-7*n,9.999999999999999e-6,3,17,0.0195182,0.0192393,98.57107725097602,0.0,1.04e-5,0.0,0.0,0.0,0.0,0.0002684999999999986,0.451514230864206,3.476937070241184e-6,-1.7027603121902972e-15,1.2883047975087436e-6,1.2883047975087436e-6,2.842225052950911e-6,1.2883047975087436e-6,NaN,diag_feasible_at_xpre,0,0,2,2,0,0,3,2.5112891427895488e-14,1.12.6,lbt,1,1,Intel(R) Core(TM) 7 150U,NT,6407b28
degen-r50-m20-d1e-10-p2,100,Dykstra-APM,1e-7*n,9.999999999999999e-6,11,11,0.0123604,0.0116343,94.12559464095013,0.0,0.0,0.0,0.0,0.0004487,0.0,0.00027740000000000035,0.4515090376832568,9.122293999270216e-6,-1.0470359590154612e-15,3.917286007792953e-6,3.917286007792953e-6,7.306588418112327e-6,3.917286007792953e-6,NaN,diag_feasible,0,0,0,0,0,0,11,2.5112891427895488e-14,1.12.6,lbt,1,1,Intel(R) Core(TM) 7 150U,NT,6407b28
degen-r50-m20-d1e-10-p2,100,Anderson-APM,1e-7*n,9.999999999999999e-6,7,7,0.0100416,0.008492,84.56819630337795,0.0,0.0,0.0,0.0,0.0,0.0010093,0.0005402999999999999,0.45151797600779264,1.0527976273682258e-5,-1.596759884766233e-15,1.703221177984382e-6,1.703221177984382e-6,7.582006255734321e-6,1.703221177984382e-6,NaN,diag_feasible,0,0,0,0,0,0,7,2.5112891427895488e-14,1.12.6,lbt,1,1,Intel(R) Core(TM) 7 150U,NT,6407b28
degen-r50-m20-d1e-10-p3,100,SBB-Dual,1e-7*n,9.999999999999999e-6,5,6,0.009517,0.009308,97.80392980981404,7.6e-6,6.0e-6,3.55e-5,0.0,0.0,0.0,0.00015989999999999912,0.451341563963417,6.949248296092588e-6,-1.5450645717770136e-15,1.9014013126206208e-6,0.0,7.696540398483624e-6,1.9014013126206208e-6,0.0,diag_feasible,0,0,0,0,0,0,5,3.013330183973069e-14,1.12.6,lbt,1,1,Intel(R) Core(TM) 7 150U,NT,6407b28
degen-r50-m20-d1e-10-p3,100,Newton-SIN-BH,1e-7*n,9.999999999999999e-6,3,4,0.0086557,0.0069489,80.28120198250863,0.0,5.5e-6,0.0,0.0014682,0.0,0.0,0.0002331000000000004,0.4513415636899201,3.572925952365153e-9,-1.7154211592702835e-15,2.085333461465666e-9,2.085333461465666e-9,3.071384377945197e-9,2.085333461465666e-9,NaN,converged,8,8,0,0,0,0,3,3.013330183973069e-14,1.12.6,lbt,1,1,Intel(R) Core(TM) 7 150U,NT,6407b28
degen-r50-m20-d1e-10-p3,100,Newton-SIN,1e-7*n,9.999999999999999e-6,3,7,0.0103349,0.0091807,88.83201579115425,0.0,4.1e-6,0.0,0.0010076,0.0,0.0,0.0001424999999999994,0.4513415636899201,3.572925952365153e-9,-1.7154211592702835e-15,2.085333461465666e-9,2.085333461465666e-9,3.071384377945197e-9,2.085333461465666e-9,NaN,converged,8,8,0,0,0,0,3,3.013330183973069e-14,1.12.6,lbt,1,1,Intel(R) Core(TM) 7 150U,NT,6407b28
degen-r50-m20-d1e-10-p3,100,AGD-SDAJ-BH,1e-7*n,9.999999999999999e-6,3,20,0.0197923,0.0195242,98.64543281983397,0.0,1.01e-5,0.0,0.0,0.0,0.0,0.0002580000000000003,0.45134318213523467,4.992143462218159e-6,-1.4790901898564673e-15,1.7813815629263985e-6,1.7813815629263985e-6,4.038964087624152e-6,1.7813815629263985e-6,NaN,diag_feasible_at_xpre,0,0,5,5,0,0,3,3.013330183973069e-14,1.12.6,lbt,1,1,Intel(R) Core(TM) 7 150U,NT,6407b28
degen-r50-m20-d1e-10-p3,100,AGD-SDAJ,1e-7*n,9.999999999999999e-6,3,20,0.0196865,0.0194217,98.65491580524726,0.0,8.4e-6,0.0,0.0,0.0,0.0,0.0002563999999999991,0.45134318213523467,4.992143462218159e-6,-1.4790901898564673e-15,1.7813815629263985e-6,1.7813815629263985e-6,4.038964087624152e-6,1.7813815629263985e-6,NaN,diag_feasible_at_xpre,0,0,5,5,0,0,3,3.013330183973069e-14,1.12.6,lbt,1,1,Intel(R) Core(TM) 7 150U,NT,6407b28
degen-r50-m20-d1e-10-p3,100,Dykstra-APM,1e-7*n,9.999999999999999e-6,11,11,0.0123186,0.0115956,94.13082655496565,0.0,0.0,0.0,0.0,0.0004431,0.0,0.00027990000000000144,0.45133785464689197,7.4857948417536e-6,-1.2271246399595256e-15,2.0502122080046092e-6,2.0502122080046092e-6,6.030769505204088e-6,2.0502122080046092e-6,NaN,diag_feasible,0,0,0,0,0,0,11,3.013330183973069e-14,1.12.6,lbt,1,1,Intel(R) Core(TM) 7 150U,NT,6407b28
degen-r50-m20-d1e-10-p3,100,Anderson-APM,1e-7*n,9.999999999999999e-6,7,7,0.013414,0.0115272,85.93409870284776,0.0,0.0,0.0,0.0,0.0,0.001246,0.000640800000000001,0.45134615706758136,1.0119550397383527e-5,-1.4878873533872477e-15,1.5613057947616582e-6,1.5613057947616582e-6,7.283029647604038e-6,1.5613057947616582e-6,NaN,diag_feasible,0,0,0,0,0,0,7,3.013330183973069e-14,1.12.6,lbt,1,1,Intel(R) Core(TM) 7 150U,NT,6407b28
degen-r50-m20-d1e-10-p4,100,SBB-Dual,1e-7*n,9.999999999999999e-6,6,7,0.0090532,0.0088535,97.79415013475898,1.06e-5,5.0e-6,3.31e-5,0.0,0.0,0.0,0.00015100000000000058,0.45147554454761823,1.8218531871770062e-6,-1.2867996122383717e-15,7.366611259884692e-7,0.0,2.1172897302507707e-6,7.366611259884692e-7,0.0,diag_feasible,0,0,0,0,0,0,6,2.7679086877809597e-14,1.12.6,lbt,1,1,Intel(R) Core(TM) 7 150U,NT,6407b28
degen-r50-m20-d1e-10-p4,100,Newton-SIN-BH,1e-7*n,9.999999999999999e-6,3,4,0.0057084,0.0044783,78.45105458622382,0.0,3.5e-6,0.0,0.0010655,0.0,0.0,0.00016109999999999952,0.4514755403619572,1.5842032120671567e-8,-1.323324713573526e-15,1.0601885147565326e-8,1.0601885147565326e-8,1.2785746870862384e-8,1.0601885147565326e-8,NaN,converged,8,8,0,0,0,0,3,2.7679086877809597e-14,1.12.6,lbt,1,1,Intel(R) Core(TM) 7 150U,NT,6407b28
degen-r50-m20-d1e-10-p4,100,Newton-SIN,1e-7*n,9.999999999999999e-6,3,7,0.010355,0.008407600000000001,81.19362626750365,0.0,3.7e-6,0.0,0.001816,0.0,0.0,0.0001276999999999986,0.4514755403619572,1.5842032120671567e-8,-1.323324713573526e-15,1.0601885147565326e-8,1.0601885147565326e-8,1.2785746870862384e-8,1.0601885147565326e-8,NaN,converged,8,8,0,0,0,0,3,2.7679086877809597e-14,1.12.6,lbt,1,1,Intel(R) Core(TM) 7 150U,NT,6407b28
degen-r50-m20-d1e-10-p4,100,AGD-SDAJ-BH,1e-7*n,9.999999999999999e-6,2,14,0.0141503,0.0139416,98.52511960877156,0.0,6.7e-6,0.0,0.0,0.0,0.0,0.00020199999999999916,0.45147959043876074,9.29375925430559e-6,-1.7584246192752181e-15,2.320391145005374e-6,2.320391145005374e-6,6.844102413118358e-6,2.320391145005374e-6,NaN,diag_feasible,0,0,1,1,0,0,2,2.7679086877809597e-14,1.12.6,lbt,1,1,Intel(R) Core(TM) 7 150U,NT,6407b28
degen-r50-m20-d1e-10-p4,100,AGD-SDAJ,1e-7*n,9.999999999999999e-6,2,14,0.0145089,0.0143121,98.64359117507185,0.0,8.1e-6,0.0,0.0,0.0,0.0,0.00018870000000000044,0.45147959043876074,9.29375925430559e-6,-1.7584246192752181e-15,2.320391145005374e-6,2.320391145005374e-6,6.844102413118358e-6,2.320391145005374e-6,NaN,diag_feasible,0,0,1,1,0,0,2,2.7679086877809597e-14,1.12.6,lbt,1,1,Intel(R) Core(TM) 7 150U,NT,6407b28
degen-r50-m20-d1e-10-p4,100,Dykstra-APM,1e-7*n,9.999999999999999e-6,12,12,0.0235344,0.0222849,94.69075056088109,0.0,0.0,0.0,0.0,0.0007797,0.0,0.0004698000000000006,0.4514734360221208,6.302666655845373e-6,-1.0632512552465938e-15,3.937036393120152e-6,3.937036393120152e-6,4.922398950082437e-6,3.937036393120152e-6,NaN,diag_feasible,0,0,0,0,0,0,12,2.7679086877809597e-14,1.12.6,lbt,1,1,Intel(R) Core(TM) 7 150U,NT,6407b28
degen-r50-m20-d1e-10-p4,100,Anderson-APM,1e-7*n,9.999999999999999e-6,7,7,0.0089543,0.0075494,84.3103313491842,0.0,0.0,0.0,0.0,0.0,0.0009822,0.0004226999999999998,0.4514804161426292,1.2143337545247025e-5,-2.2859531387961827e-15,2.4869466188626177e-6,2.4869466188626177e-6,8.865198449833012e-6,2.4869466188626177e-6,NaN,diag_feasible,0,0,0,0,0,0,7,2.7679086877809597e-14,1.12.6,lbt,1,1,Intel(R) Core(TM) 7 150U,NT,6407b28
degen-r50-m20-d0-p0,100,SBB-Dual,1e-7*n,9.999999999999999e-6,5,6,0.0073132,0.0071348,97.56057539791063,5.7e-6,4.9e-6,3.2e-5,0.0,0.0,0.0,0.00013579999999999956,0.45212972278795927,7.76633159788545e-6,-1.7978014844191722e-15,5.612150404843419e-6,0.0,9.706796713091836e-6,5.612150404843419e-6,0.0,diag_feasible,0,0,0,0,0,0,5,6.133517507343678e-14,1.12.6,lbt,1,1,Intel(R) Core(TM) 7 150U,NT,6407b28
degen-r50-m20-d0-p0,100,Newton-SIN-BH,1e-7*n,9.999999999999999e-6,3,4,0.005649,0.0045037,79.72561515312445,0.0,3.7e-6,0.0,0.0009861,0.0,0.0,0.00015550000000000026,0.45212972078125585,1.517339180398636e-8,-1.1108236589082614e-15,1.142292438416348e-8,1.142292438416348e-8,1.2039732181154498e-8,1.142292438416348e-8,NaN,converged,8,8,0,0,0,0,3,6.133517507343678e-14,1.12.6,lbt,1,1,Intel(R) Core(TM) 7 150U,NT,6407b28
degen-r50-m20-d0-p0,100,Newton-SIN,1e-7*n,9.999999999999999e-6,3,7,0.0115735,0.0102971,88.97135697930617,0.0,5.1e-6,0.0,0.0011091,0.0,0.0,0.00016220000000000036,0.45212972078125585,1.517339180398636e-8,-1.1108236589082614e-15,1.142292438416348e-8,1.142292438416348e-8,1.2039732181154498e-8,1.142292438416348e-8,NaN,converged,8,8,0,0,0,0,3,6.133517507343678e-14,1.12.6,lbt,1,1,Intel(R) Core(TM) 7 150U,NT,6407b28
degen-r50-m20-d0-p0,100,AGD-SDAJ-BH,1e-7*n,9.999999999999999e-6,2,13,0.0171393,0.01688,98.48710274048531,0.0,1.03e-5,0.0,0.0,0.0,0.0,0.0002490000000000005,0.4521327401747216,7.309191860902737e-6,-1.592115463568017e-15,1.8555011626064655e-6,1.8555011626064655e-6,5.455597986149707e-6,1.8555011626064655e-6,NaN,diag_feasible,0,0,0,0,0,0,2,6.133517507343678e-14,1.12.6,lbt,1,1,Intel(R) Core(TM) 7 150U,NT,6407b28
degen-r50-m20-d0-p0,100,AGD-SDAJ,1e-7*n,9.999999999999999e-6,2,13,0.0137735,0.0135748,98.55737466874797,0.0,6.2e-6,0.0,0.0,0.0,0.0,0.00019249999999999958,0.4521327401747216,7.309191860902737e-6,-1.592115463568017e-15,1.8555011626064655e-6,1.8555011626064655e-6,5.455597986149707e-6,1.8555011626064655e-6,NaN,diag_feasible,0,0,0,0,0,0,2,6.133517507343678e-14,1.12.6,lbt,1,1,Intel(R) Core(TM) 7 150U,NT,6407b28
degen-r50-m20-d0-p0,100,Dykstra-APM,1e-7*n,9.999999999999999e-6,11,11,0.0121426,0.011426,94.09846326157496,0.0,0.0,0.0,0.0,0.000446,0.0,0.00027059999999999953,0.4521259900914345,9.681701220051347e-6,-1.2024190763541086e-15,5.145165029585286e-6,5.145165029585286e-6,7.636327302146643e-6,5.145165029585286e-6,NaN,diag_feasible,0,0,0,0,0,0,11,6.133517507343678e-14,1.12.6,lbt,1,1,Intel(R) Core(TM) 7 150U,NT,6407b28
degen-r50-m20-d0-p0,100,Anderson-APM,1e-7*n,9.999999999999999e-6,7,7,0.0086818,0.007427,85.5467760141906,0.0,0.0,0.0,0.0,0.0,0.0008317,0.00042310000000000036,0.45213469507040793,1.2437840169111233e-5,-1.6426600257286994e-15,2.961290974212716e-6,2.961290974212716e-6,9.159600841413288e-6,2.961290974212716e-6,NaN,diag_feasible,0,0,0,0,0,0,7,6.133517507343678e-14,1.12.6,lbt,1,1,Intel(R) Core(TM) 7 150U,NT,6407b28
degen-r50-m20-d0-p1,100,SBB-Dual,1e-7*n,9.999999999999999e-6,5,6,0.0066357,0.006477699999999999,97.6189399761894,5.4e-6,4.0e-6,3.25e-5,0.0,0.0,0.0,0.00011610000000000017,0.4529536133976404,5.99621696796411e-6,-1.7592151699932411e-15,1.7232312766735092e-6,0.0,6.2956490265137256e-6,1.7232312766735092e-6,0.0,diag_feasible,0,0,0,0,0,0,5,2.138354105709279e-14,1.12.6,lbt,1,1,Intel(R) Core(TM) 7 150U,NT,6407b28
degen-r50-m20-d0-p1,100,Newton-SIN-BH,1e-7*n,9.999999999999999e-6,3,4,0.0089591,0.0072685,81.12980098447389,0.0,5.7e-6,0.0,0.0014437,0.0,0.0,0.00024119999999999957,0.45295361278096685,4.072966115518306e-9,-1.1126381033194094e-15,2.9922364586099093e-9,2.9922364586099093e-9,3.3177570440542673e-9,2.9922364586099093e-9,NaN,converged,8,8,0,0,0,0,3,2.138354105709279e-14,1.12.6,lbt,1,1,Intel(R) Core(TM) 7 150U,NT,6407b28
degen-r50-m20-d0-p1,100,Newton-SIN,1e-7*n,9.999999999999999e-6,3,7,0.008507,0.0075485000000000005,88.73280827553779,0.0,3.2e-6,0.0,0.0008377,0.0,0.0,0.00011760000000000015,0.45295361278096685,4.072966115518306e-9,-1.1126381033194094e-15,2.9922364586099093e-9,2.9922364586099093e-9,3.3177570440542673e-9,2.9922364586099093e-9,NaN,converged,8,8,0,0,0,0,3,2.138354105709279e-14,1.12.6,lbt,1,1,Intel(R) Core(TM) 7 150U,NT,6407b28
degen-r50-m20-d0-p1,100,AGD-SDAJ-BH,1e-7*n,9.999999999999999e-6,2,14,0.0149596,0.0147317,98.4765635444798,0.0,8.1e-6,0.0,0.0,0.0,0.0,0.00021979999999999962,0.45295775983171016,1.0419774132217217e-5,-1.7549499854719708e-15,2.9264369313386496e-6,2.9264369313386496e-6,7.747809217170983e-6,2.9264369313386496e-6,NaN,diag_feasible,0,0,1,1,0,0,2,2.138354105709279e-14,1.12.6,lbt,1,1,Intel(R) Core(TM) 7 150U,NT,6407b28
degen-r50-m20-d0-p1,100,AGD-SDAJ,1e-7*n,9.999999999999999e-6,2,14,0.0153238,0.015095800000000001,98.51211840405122,0.0,7.4e-6,0.0,0.0,0.0,0.0,0.00022059999999999905,0.45295775983171016,1.0419774132217217e-5,-1.7549499854719708e-15,2.9264369313386496e-6,2.9264369313386496e-6,7.747809217170983e-6,2.9264369313386496e-6,NaN,diag_feasible,0,0,1,1,0,0,2,2.138354105709279e-14,1.12.6,lbt,1,1,Intel(R) Core(TM) 7 150U,NT,6407b28
degen-r50-m20-d0-p1,100,Dykstra-APM,1e-7*n,9.999999999999999e-6,11,11,0.014135,0.0133031,94.11460912628229,0.0,0.0,0.0,0.0,0.0004325,0.0,0.0003994,0.4529509096485133,5.6272357313453415e-6,-1.0949006265798643e-15,1.957386677853279e-6,1.957386677853279e-6,4.555108354344249e-6,1.957386677853279e-6,NaN,diag_feasible,0,0,0,0,0,0,11,2.138354105709279e-14,1.12.6,lbt,1,1,Intel(R) Core(TM) 7 150U,NT,6407b28
degen-r50-m20-d0-p1,100,Anderson-APM,1e-7*n,9.999999999999999e-6,7,7,0.0093372,0.0078772,84.36362078567448,0.0,0.0,0.0,0.0,0.0,0.0008618,0.0005982000000000012,0.45295811743954,1.0195081834920096e-5,-1.5107699242800967e-15,1.8539784809590287e-6,1.8539784809590287e-6,7.373556279209928e-6,1.8539784809590287e-6,NaN,diag_feasible,0,0,0,0,0,0,7,2.138354105709279e-14,1.12.6,lbt,1,1,Intel(R) Core(TM) 7 150U,NT,6407b28
degen-r50-m20-d0-p2,100,SBB-Dual,1e-7*n,9.999999999999999e-6,5,6,0.0111615,0.010922399999999999,97.85781480983738,9.0e-6,7.9e-6,5.1e-5,0.0,0.0,0.0,0.00017120000000000077,0.4515131860835273,7.198226089433075e-6,-1.375565626233772e-15,1.996568513962238e-6,0.0,8.07184967155389e-6,1.996568513962238e-6,0.0,diag_feasible,0,0,0,0,0,0,5,2.2364312325967227e-14,1.12.6,lbt,1,1,Intel(R) Core(TM) 7 150U,NT,6407b28
degen-r50-m20-d0-p2,100,Newton-SIN-BH,1e-7*n,9.999999999999999e-6,3,4,0.0074151,0.006009499999999999,81.04408571698289,0.0,4.0e-6,0.0,0.0011915,0.0,0.0,0.0002101000000000006,0.4515131859244728,8.571280954191763e-9,-1.1220492083838478e-15,2.8412939778732493e-9,2.8412939778732493e-9,7.479580143707554e-9,2.8412939778732493e-9,NaN,converged,7,7,0,0,0,0,3,2.2364312325967227e-14,1.12.6,lbt,1,1,Intel(R) Core(TM) 7 150U,NT,6407b28
degen-r50-m20-d0-p2,100,Newton-SIN,1e-7*n,9.999999999999999e-6,3,7,0.0128754,0.0114389,88.84306506982308,0.0,5.3e-6,0.0,0.0012607,0.0,0.0,0.0001705000000000003,0.4515131859244728,8.571280954191763e-9,-1.1220492083838478e-15,2.8412939778732493e-9,2.8412939778732493e-9,7.479580143707554e-9,2.8412939778732493e-9,NaN,converged,7,7,0,0,0,0,3,2.2364312325967227e-14,1.12.6,lbt,1,1,Intel(R) Core(TM) 7 150U,NT,6407b28
degen-r50-m20-d0-p2,100,AGD-SDAJ-BH,1e-7*n,9.999999999999999e-6,3,17,0.0256967,0.025326,98.55740231235917,0.0,1.46e-5,0.0,0.0,0.0,0.0,0.00035609999999999814,0.4515142309885487,3.4769447684488405e-6,-1.5867372645021043e-15,1.2883076252467873e-6,1.2883076252467873e-6,2.842231413169549e-6,1.2883076252467873e-6,NaN,diag_feasible_at_xpre,0,0,2,2,0,0,3,2.2364312325967227e-14,1.12.6,lbt,1,1,Intel(R) Core(TM) 7 150U,NT,6407b28
degen-r50-m20-d0-p2,100,AGD-SDAJ,1e-7*n,9.999999999999999e-6,3,17,0.0172884,0.0170291,98.50015038985678,0.0,8.4e-6,0.0,0.0,0.0,0.0,0.0002509000000000005,0.4515142309885487,3.4769447684488405e-6,-1.5867372645021043e-15,1.2883076252467873e-6,1.2883076252467873e-6,2.842231413169549e-6,1.2883076252467873e-6,NaN,diag_feasible_at_xpre,0,0,2,2,0,0,3,2.2364312325967227e-14,1.12.6,lbt,1,1,Intel(R) Core(TM) 7 150U,NT,6407b28
degen-r50-m20-d0-p2,100,Dykstra-APM,1e-7*n,9.999999999999999e-6,11,11,0.0147563,0.0137306,93.04907056646992,0.0,0.0,0.0,0.0,0.0005834,0.0,0.0004422999999999992,0.4515090378053621,9.122293223439795e-6,-1.1568354222167375e-15,3.917286006904774e-6,3.917286006904774e-6,7.3065884125310434e-6,3.917286006904774e-6,NaN,diag_feasible,0,0,0,0,0,0,11,2.2364312325967227e-14,1.12.6,lbt,1,1,Intel(R) Core(TM) 7 150U,NT,6407b28
degen-r50-m20-d0-p2,100,Anderson-APM,1e-7*n,9.999999999999999e-6,7,7,0.0094893,0.0081387,85.76712718535614,0.0,0.0,0.0,0.0,0.0,0.000912,0.00043860000000000036,0.4515179761461853,1.0528006967193454e-5,-1.2370294211528299e-15,1.7032232130231861e-6,1.7032232130231861e-6,7.582026360273392e-6,1.7032232130231861e-6,NaN,diag_feasible,0,0,0,0,0,0,7,2.2364312325967227e-14,1.12.6,lbt,1,1,Intel(R) Core(TM) 7 150U,NT,6407b28
degen-r50-m20-d0-p3,100,SBB-Dual,1e-7*n,9.999999999999999e-6,5,6,0.0062442,0.006102499999999999,97.73069408411004,4.7e-6,3.7e-6,3.42e-5,0.0,0.0,0.0,9.910000000000067e-5,0.45134156408454307,6.949301440285081e-6,-1.3362329670223081e-15,1.9014109662318646e-6,0.0,7.696594393675481e-6,1.9014109662318646e-6,0.0,diag_feasible,0,0,0,0,0,0,5,1.6866622778295818e-14,1.12.6,lbt,1,1,Intel(R) Core(TM) 7 150U,NT,6407b28
degen-r50-m20-d0-p3,100,Newton-SIN-BH,1e-7*n,9.999999999999999e-6,3,4,0.0057345,0.0045292,78.98160258087017,0.0,3.4e-6,0.0,0.0010371,0.0,0.0,0.00016480000000000032,0.45134156379790974,3.601932232257506e-9,-1.4282417251424902e-15,2.1173367503735108e-9,2.1173367503735108e-9,3.0994619765805707e-9,2.1173367503735108e-9,NaN,converged,8,8,0,0,0,0,3,1.6866622778295818e-14,1.12.6,lbt,1,1,Intel(R) Core(TM) 7 150U,NT,6407b28
degen-r50-m20-d0-p3,100,Newton-SIN,1e-7*n,9.999999999999999e-6,3,7,0.010263,0.008973199999999999,87.4325246029426,0.0,4.7e-6,0.0,0.0011533,0.0,0.0,0.0001318000000000007,0.45134156379790974,3.601932232257506e-9,-1.4282417251424902e-15,2.1173367503735108e-9,2.1173367503735108e-9,3.0994619765805707e-9,2.1173367503735108e-9,NaN,converged,8,8,0,0,0,0,3,1.6866622778295818e-14,1.12.6,lbt,1,1,Intel(R) Core(TM) 7 150U,NT,6407b28
degen-r50-m20-d0-p3,100,AGD-SDAJ-BH,1e-7*n,9.999999999999999e-6,3,20,0.0533558,0.0525377,98.46670839908688,0.0,3.79e-5,0.0,0.0,0.0,0.0,0.0007802000000000022,0.45134318225655246,4.992143950505566e-6,-1.4654849572938314e-15,1.7813816659550952e-6,1.7813816659550952e-6,4.038964459338999e-6,1.7813816659550952e-6,NaN,diag_feasible_at_xpre,0,0,5,5,0,0,3,1.6866622778295818e-14,1.12.6,lbt,1,1,Intel(R) Core(TM) 7 150U,NT,6407b28
degen-r50-m20-d0-p3,100,AGD-SDAJ,1e-7*n,9.999999999999999e-6,3,20,0.0231531,0.0225198,97.2647291291447,0.0,1.03e-5,0.0,0.0,0.0,0.0,0.0006229999999999999,0.45134318225655246,4.992143950505566e-6,-1.4654849572938314e-15,1.7813816659550952e-6,1.7813816659550952e-6,4.038964459338999e-6,1.7813816659550952e-6,NaN,diag_feasible_at_xpre,0,0,5,5,0,0,3,1.6866622778295818e-14,1.12.6,lbt,1,1,Intel(R) Core(TM) 7 150U,NT,6407b28
degen-r50-m20-d0-p3,100,Dykstra-APM,1e-7*n,9.999999999999999e-6,11,11,0.0125192,0.0117741,94.04834174707648,0.0,0.0,0.0,0.0,0.0004619,0.0,0.00028320000000000027,0.45133785476801735,7.485794098344798e-6,-8.954802850488266e-16,2.0502122088927877e-6,2.0502122088927877e-6,6.030769504980796e-6,2.0502122088927877e-6,NaN,diag_feasible,0,0,0,0,0,0,11,1.6866622778295818e-14,1.12.6,lbt,1,1,Intel(R) Core(TM) 7 150U,NT,6407b28
degen-r50-m20-d0-p3,100,Anderson-APM,1e-7*n,9.999999999999999e-6,7,7,0.0100761,0.0086916,86.2595647125376,0.0,0.0,0.0,0.0,0.0,0.0009497,0.00043479999999999853,0.45134615720404053,1.0119578721864246e-5,-1.32705575614162e-15,1.5613079141774122e-6,1.5613079141774122e-6,7.283048157190408e-6,1.5613079141774122e-6,NaN,diag_feasible,0,0,0,0,0,0,7,1.6866622778295818e-14,1.12.6,lbt,1,1,Intel(R) Core(TM) 7 150U,NT,6407b28
degen-r50-m20-d0-p4,100,SBB-Dual,1e-7*n,9.999999999999999e-6,6,7,0.0114141,0.011185500000000001,97.9972139721923,1.16e-5,8.6e-6,3.88e-5,0.0,0.0,0.0,0.00016959999999999895,0.45147554467094,1.821912829666116e-6,-1.460514520254834e-15,7.366743802750264e-7,0.0,2.117347349272422e-6,7.366743802750264e-7,0.0,diag_feasible,0,0,0,0,0,0,6,2.3956647521128122e-14,1.12.6,lbt,1,1,Intel(R) Core(TM) 7 150U,NT,6407b28
degen-r50-m20-d0-p4,100,Newton-SIN-BH,1e-7*n,9.999999999999999e-6,3,4,0.0091526,0.0072377,79.07807617507594,0.0,5.2e-6,0.0,0.0016752,0.0,0.0,0.00023450000000000077,0.45147554048527677,1.584182220975289e-8,-1.0159253283567814e-15,1.060196552771231e-8,1.060196552771231e-8,1.279027914297579e-8,1.060196552771231e-8,NaN,converged,8,8,0,0,0,0,3,2.3956647521128122e-14,1.12.6,lbt,1,1,Intel(R) Core(TM) 7 150U,NT,6407b28
degen-r50-m20-d0-p4,100,Newton-SIN,1e-7*n,9.999999999999999e-6,3,7,0.0136849,0.0117154,85.60822512404182,0.0,6.7e-6,0.0,0.0017803,0.0,0.0,0.00018249999999999885,0.45147554048527677,1.584182220975289e-8,-1.0159253283567814e-15,1.060196552771231e-8,1.060196552771231e-8,1.279027914297579e-8,1.060196552771231e-8,NaN,converged,8,8,0,0,0,0,3,2.3956647521128122e-14,1.12.6,lbt,1,1,Intel(R) Core(TM) 7 150U,NT,6407b28
degen-r50-m20-d0-p4,100,AGD-SDAJ-BH,1e-7*n,9.999999999999999e-6,2,14,0.0145428,0.0143257,98.50716505762303,0.0,7.7e-6,0.0,0.0,0.0,0.0,0.0002093999999999996,0.4514795905662088,9.293767749561084e-6,-1.427835062018751e-15,2.3203978808394865e-6,2.3203978808394865e-6,6.8441076875062325e-6,2.3203978808394865e-6,NaN,diag_feasible,0,0,1,1,0,0,2,2.3956647521128122e-14,1.12.6,lbt,1,1,Intel(R) Core(TM) 7 150U,NT,6407b28
degen-r50-m20-d0-p4,100,AGD-SDAJ,1e-7*n,9.999999999999999e-6,2,14,0.0241607,0.023795900000000002,98.4901099719793,0.0,1.51e-5,0.0,0.0,0.0,0.0,0.00034969999999999847,0.4514795905662088,9.293767749561084e-6,-1.427835062018751e-15,2.3203978808394865e-6,2.3203978808394865e-6,6.8441076875062325e-6,2.3203978808394865e-6,NaN,diag_feasible,0,0,1,1,0,0,2,2.3956647521128122e-14,1.12.6,lbt,1,1,Intel(R) Core(TM) 7 150U,NT,6407b28
degen-r50-m20-d0-p4,100,Dykstra-APM,1e-7*n,9.999999999999999e-6,12,12,0.0129677,0.0122521,94.48167369695473,0.0,0.0,0.0,0.0,0.000433,0.0,0.00028260000000000026,0.45147343614544583,6.302666072093025e-6,-1.171415404576282e-15,3.937036389789483e-6,3.937036389789483e-6,4.922398943051084e-6,3.937036389789483e-6,NaN,diag_feasible,0,0,0,0,0,0,12,2.3956647521128122e-14,1.12.6,lbt,1,1,Intel(R) Core(TM) 7 150U,NT,6407b28
degen-r50-m20-d0-p4,100,Anderson-APM,1e-7*n,9.999999999999999e-6,7,7,0.0096261,0.0082523,85.72838428854884,0.0,0.0,0.0,0.0,0.0,0.0008791,0.0004946999999999997,0.45148041628154095,1.2143363592849356e-5,-1.7802594146000877e-15,2.4869496419999138e-6,2.4869496419999138e-6,8.86521517393405e-6,2.4869496419999138e-6,NaN,diag_feasible,0,0,0,0,0,0,7,2.3956647521128122e-14,1.12.6,lbt,1,1,Intel(R) Core(TM) 7 150U,NT,6407b28
