instance,n,solver,tol_rule,tol_value,updates,total_evds,elapsed_seconds,evd_seconds,evd_percent,bb_seconds,certificate_seconds,rescale_seconds,newton_cg_seconds,dykstra_update_seconds,anderson_update_seconds,other_seconds,dist_G_X_fro,err_vs_ref_fro,lambda_min_X,diag_error_pre,diag_error_post,certificate_2,certificate_inf,ceiling_clamp_pct,exit,cg_iters_total,jacobian_vector_products,linesearch_trials,nls_backtracks,mls_backtracks,negative_curvature_count,accepted_outer_iterations,ref_cert_2,julia_version,blas_vendor,blas_threads,julia_threads,cpu,os,git_commit
degen-r5-m1-d0.01-p0,100,SBB-Dual,1e-7*n,1.0e-11,217,218,1.3409021,1.3055708,97.36510965267335,0.0014723,0.0006984,0.000554,0.0,0.0,0.0,0.03260660000000017,0.22811316224784495,8.483698595268618e-12,-1.0501688379145204e-14,1.2967404927621828e-12,0.0,9.185134975641073e-12,1.2967404927621828e-12,100.0,diag_feasible,0,0,0,0,0,0,217,2.8503773480355575e-14,1.12.6,lbt,1,1,Intel(R) Core(TM) 7 150U,NT,2abc7cc
degen-r5-m1-d0.01-p0,100,Newton-SIN-BH,1e-7*n,9.999999999999999e-6,3,4,0.0319835,0.0248723,77.76603561211249,0.0,1.4e-5,0.0,0.004771,0.0,0.0,0.002326199999999998,0.22811316224689773,2.1020938752580073e-11,-7.54414408260745e-15,4.9038550997693164e-12,4.9038550997693164e-12,6.66303709875361e-12,4.9038550997693164e-12,NaN,converged,16,16,0,0,0,0,3,2.8503773480355575e-14,1.12.6,lbt,1,1,Intel(R) Core(TM) 7 150U,NT,2abc7cc
degen-r5-m1-d0.01-p0,100,Newton-SIN,1e-7*n,9.999999999999999e-6,3,7,0.048142,0.041201600000000005,85.58348219849613,0.0,1.37e-5,0.0,0.0062872,0.0,0.0,0.0006394999999999925,0.22811316224689773,2.1020938752580073e-11,-7.54414408260745e-15,4.9038550997693164e-12,4.9038550997693164e-12,6.66303709875361e-12,4.9038550997693164e-12,NaN,converged,16,16,0,0,0,0,3,2.8503773480355575e-14,1.12.6,lbt,1,1,Intel(R) Core(TM) 7 150U,NT,2abc7cc
degen-r5-m1-d0.01-p0,100,AGD-SDAJ-BH,1e-7*n,1.0e-11,9,78,0.5235281,0.5114827,97.69918749346976,0.0,0.0019848,0.0,0.0,0.0,0.0,0.010060600000000095,0.22811316222528477,2.7058817623155604e-11,-8.664336236563239e-15,2.6203483827202945e-12,2.6203483827202945e-12,6.675763917304729e-12,2.6203483827202945e-12,NaN,diag_feasible,0,0,23,23,0,0,9,2.8503773480355575e-14,1.12.6,lbt,1,1,Intel(R) Core(TM) 7 150U,NT,2abc7cc
degen-r5-m1-d0.01-p0,100,AGD-SDAJ,1e-7*n,1.0e-11,11,90,0.5699184,0.5560676,97.56968716925088,0.0,0.0003003,0.0,0.0,0.0,0.0,0.013550500000000052,0.228113162221569,3.1917469324012085e-11,-1.0294523610272507e-14,4.956701715741474e-12,4.956701715741474e-12,8.024135955786308e-12,4.956701715741474e-12,NaN,diag_feasible,0,0,25,19,6,0,11,2.8503773480355575e-14,1.12.6,lbt,1,1,Intel(R) Core(TM) 7 150U,NT,2abc7cc
degen-r5-m1-d0.01-p0,100,Dykstra-APM,1e-7*n,9.999999999999999e-6,442,442,2.6494218,2.3547959,88.87961516735463,0.0,0.0,0.0,0.0,0.1761898,0.0,0.11843609999999977,0.2281131622081747,4.400346503430053e-11,-1.0487612360582808e-14,1.3771206397450442e-12,1.3771206397450442e-12,9.756211345488395e-12,1.3771206397450442e-12,NaN,diag_feasible,0,0,0,0,0,0,442,2.8503773480355575e-14,1.12.6,lbt,1,1,Intel(R) Core(TM) 7 150U,NT,2abc7cc
degen-r5-m1-d0.01-p0,100,Anderson-APM,1e-7*n,9.999999999999999e-6,89,89,0.7070749,0.4817464,68.13230111831152,0.0,0.0,0.0,0.0,0.0,0.1920136,0.033314899999999925,0.2281131622333918,1.878454942027569e-11,-1.2349031616751613e-14,2.01993977100301e-12,2.01993977100301e-12,5.00143868595265e-12,2.01993977100301e-12,NaN,diag_feasible,0,0,0,0,0,0,89,2.8503773480355575e-14,1.12.6,lbt,1,1,Intel(R) Core(TM) 7 150U,NT,2abc7cc
degen-r5-m1-d0.01-p1,100,SBB-Dual,1e-7*n,1.0e-11,216,217,1.1366055,1.1133401,97.95308046635355,0.0017033,0.0008376,0.0006466,0.0,0.0,0.0,0.020077899999999878,0.22377148961885363,8.38205910325235e-12,-7.905074635092701e-15,1.3309353619206377e-12,0.0,9.519441904577029e-12,1.3309353619206377e-12,100.0,diag_feasible,0,0,0,0,0,0,216,1.2449358054640435e-14,1.12.6,lbt,1,1,Intel(R) Core(TM) 7 150U,NT,2abc7cc
degen-r5-m1-d0.01-p1,100,Newton-SIN-BH,1e-7*n,9.999999999999999e-6,4,5,0.0434752,0.0304906,70.13331738554395,0.0,1.7e-5,0.0,0.0121434,0.0,0.0,0.0008241999999999989,0.22377148961883778,0.0,-1.0622149349089256e-14,4.884981308350689e-15,4.884981308350689e-15,1.2449358054640435e-14,4.884981308350689e-15,NaN,converged,29,29,0,0,0,0,4,1.2449358054640435e-14,1.12.6,lbt,1,1,Intel(R) Core(TM) 7 150U,NT,2abc7cc
degen-r5-m1-d0.01-p1,100,Newton-SIN,1e-7*n,9.999999999999999e-6,100,2774,20.057179,19.104071400000002,95.2480475943302,0.0,0.0091004,0.0,0.576447,0.0,0.0,0.3675601999999991,0.22377148961636767,1.2691605805397374e-10,-7.648335034075114e-15,1.2944756377919475e-11,1.2944756377919475e-11,4.015094324914546e-11,1.2944756377919475e-11,NaN,max_iter,1277,1277,2573,0,0,0,100,1.2449358054640435e-14,1.12.6,lbt,1,1,Intel(R) Core(TM) 7 150U,NT,2abc7cc
degen-r5-m1-d0.01-p1,100,AGD-SDAJ-BH,1e-7*n,1.0e-11,10,74,0.4298259,0.4240683,98.66048090633906,0.0,0.0003381,0.0,0.0,0.0,0.0,0.005419499999999974,0.22377148960558157,1.618817974518505e-11,-8.993634717065944e-15,1.971089957919503e-12,1.971089957919503e-12,4.1470958798066314e-12,1.971089957919503e-12,NaN,diag_feasible_at_xpre,0,0,17,17,0,0,10,1.2449358054640435e-14,1.12.6,lbt,1,1,Intel(R) Core(TM) 7 150U,NT,2abc7cc
degen-r5-m1-d0.01-p1,100,AGD-SDAJ,1e-7*n,1.0e-11,9,86,0.5057561,0.5007036,99.00100067997202,0.0,0.0002987,0.0,0.0,0.0,0.0,0.0047538000000000155,0.2237714895908186,3.4339032360633206e-11,-9.504907009942739e-15,4.630074101896753e-12,4.630074101896753e-12,8.98442854509853e-12,4.630074101896753e-12,NaN,diag_feasible,0,0,31,24,7,0,9,1.2449358054640435e-14,1.12.6,lbt,1,1,Intel(R) Core(TM) 7 150U,NT,2abc7cc
degen-r5-m1-d0.01-p1,100,Dykstra-APM,1e-7*n,9.999999999999999e-6,441,441,2.9143012,2.5515867,87.55398035041813,0.0,0.0,0.0,0.0,0.1971458,0.0,0.16556870000000004,0.2237714895788428,4.317266515231485e-11,-8.451655199460365e-15,1.339817146117639e-12,1.339817146117639e-12,9.594375142387928e-12,1.339817146117639e-12,NaN,diag_feasible,0,0,0,0,0,0,441,1.2449358054640435e-14,1.12.6,lbt,1,1,Intel(R) Core(TM) 7 150U,NT,2abc7cc
degen-r5-m1-d0.01-p1,100,Anderson-APM,1e-7*n,9.999999999999999e-6,81,81,0.6224905,0.4351905,69.91118739964706,0.0,0.0,0.0,0.0,0.0,0.1688228,0.01847719999999997,0.2237714895981765,2.483857245005125e-11,-1.0131616539288933e-14,1.7224000004034679e-12,1.7224000004034679e-12,6.253254075242254e-12,1.7224000004034679e-12,NaN,diag_feasible,0,0,0,0,0,0,81,1.2449358054640435e-14,1.12.6,lbt,1,1,Intel(R) Core(TM) 7 150U,NT,2abc7cc
degen-r5-m1-d0.01-p2,100,SBB-Dual,1e-7*n,1.0e-11,214,215,1.1758896,1.1547132999999998,98.199125155967,0.002112,0.0011094,0.0006448,0.0,0.0,0.0,0.01731010000000026,0.23286753033699067,8.1287175024253e-12,-1.0196769537649694e-14,1.4135359549527493e-12,0.0,9.683654709461952e-12,1.4135359549527493e-12,100.0,diag_feasible,0,0,0,0,0,0,214,1.963055150016077e-14,1.12.6,lbt,1,1,Intel(R) Core(TM) 7 150U,NT,2abc7cc
degen-r5-m1-d0.01-p2,100,Newton-SIN-BH,1e-7*n,9.999999999999999e-6,3,4,0.0261463,0.0201501,77.06673602001048,0.0,1.22e-5,0.0,0.0053727,0.0,0.0,0.0006112999999999995,0.23286753033555663,2.0428397943323766e-11,-9.809402489280866e-15,3.171463092144222e-12,3.171463092144222e-12,6.172249796335279e-12,3.171463092144222e-12,NaN,converged,14,14,0,0,0,0,3,1.963055150016077e-14,1.12.6,lbt,1,1,Intel(R) Core(TM) 7 150U,NT,2abc7cc
degen-r5-m1-d0.01-p2,100,Newton-SIN,1e-7*n,9.999999999999999e-6,3,7,0.0408092,0.0372541,91.28848396930104,0.0,1.32e-5,0.0,0.0031214,0.0,0.0,0.00042049999999999857,0.23286753033555663,2.0428397943323766e-11,-9.809402489280866e-15,3.171463092144222e-12,3.171463092144222e-12,6.172249796335279e-12,3.171463092144222e-12,NaN,converged,14,14,0,0,0,0,3,1.963055150016077e-14,1.12.6,lbt,1,1,Intel(R) Core(TM) 7 150U,NT,2abc7cc
degen-r5-m1-d0.01-p2,100,AGD-SDAJ-BH,1e-7*n,1.0e-11,10,78,0.4748296,0.4698527,98.9518555709248,0.0,0.0002241,0.0,0.0,0.0,0.0,0.004752800000000007,0.23286753032109817,2.0915960599465246e-11,-8.030146680712776e-15,1.4824808047819715e-12,1.4824808047819715e-12,5.355901886303726e-12,1.4824808047819715e-12,NaN,diag_feasible_at_xpre,0,0,21,21,0,0,10,1.963055150016077e-14,1.12.6,lbt,1,1,Intel(R) Core(TM) 7 150U,NT,2abc7cc
degen-r5-m1-d0.01-p2,100,AGD-SDAJ,1e-7*n,1.0e-11,10,89,0.5120054,0.5063122,98.88805860250692,0.0,0.0002455,0.0,0.0,0.0,0.0,0.005447700000000065,0.23286753032275243,1.8773499579489376e-11,-9.467613589090619e-15,1.2930767567809198e-12,1.2930767567809198e-12,4.814533247253136e-12,1.2930767567809198e-12,NaN,diag_feasible_at_xpre,0,0,32,20,12,0,10,1.963055150016077e-14,1.12.6,lbt,1,1,Intel(R) Core(TM) 7 150U,NT,2abc7cc
degen-r5-m1-d0.01-p2,100,Dykstra-APM,1e-7*n,9.999999999999999e-6,437,437,2.6964341,2.3963373,88.87060507060046,0.0,0.0,0.0,0.0,0.1840293,0.0,0.11606749999999993,0.23286753029781215,4.399717022369236e-11,-7.879603189215529e-15,1.4286349880876514e-12,1.4286349880876514e-12,9.781559378944506e-12,1.4286349880876514e-12,NaN,diag_feasible,0,0,0,0,0,0,437,1.963055150016077e-14,1.12.6,lbt,1,1,Intel(R) Core(TM) 7 150U,NT,2abc7cc
degen-r5-m1-d0.01-p2,100,Anderson-APM,1e-7*n,9.999999999999999e-6,115,115,0.8870369,0.5924518,66.78998359594736,0.0,0.0,0.0,0.0,0.0,0.2579676,0.036617500000000025,0.23286753030941454,3.872932701921407e-11,-9.768384232718703e-15,3.0655478155949822e-12,3.0655478155949822e-12,9.458338627796111e-12,3.0655478155949822e-12,NaN,diag_feasible,0,0,0,0,0,0,115,1.963055150016077e-14,1.12.6,lbt,1,1,Intel(R) Core(TM) 7 150U,NT,2abc7cc
degen-r5-m1-d0.01-p3,100,SBB-Dual,1e-7*n,1.0e-11,217,218,1.1545379,1.1358740999999999,98.38343981605107,0.0014261,0.0007716,0.000539,0.0,0.0,0.0,0.015927100000000118,0.23275431175643665,1.1215767709043479e-11,-1.0203779648077994e-14,1.5167866962428889e-12,0.0,9.620446418891791e-12,1.5167866962428889e-12,100.0,diag_feasible,0,0,0,0,0,0,217,1.2581330256107803e-14,1.12.6,lbt,1,1,Intel(R) Core(TM) 7 150U,NT,2abc7cc
degen-r5-m1-d0.01-p3,100,Newton-SIN-BH,1e-7*n,9.999999999999999e-6,3,4,0.0246196,0.0196008,79.61461599701052,0.0,1.35e-5,0.0,0.0043956,0.0,0.0,0.0006096999999999969,0.23275431175631045,8.681382115245439e-13,-1.2198751611604527e-14,1.858513343222512e-13,1.858513343222512e-13,2.8366117891090327e-13,1.858513343222512e-13,NaN,converged,18,18,0,0,0,0,3,1.2581330256107803e-14,1.12.6,lbt,1,1,Intel(R) Core(TM) 7 150U,NT,2abc7cc
degen-r5-m1-d0.01-p3,100,Newton-SIN,1e-7*n,9.999999999999999e-6,3,7,0.046412,0.0419878,90.46755149530294,0.0,1.46e-5,0.0,0.0039585,0.0,0.0,0.0004511000000000029,0.23275431175631045,8.681382115245439e-13,-1.2198751611604527e-14,1.858513343222512e-13,1.858513343222512e-13,2.8366117891090327e-13,1.858513343222512e-13,NaN,converged,18,18,0,0,0,0,3,1.2581330256107803e-14,1.12.6,lbt,1,1,Intel(R) Core(TM) 7 150U,NT,2abc7cc
degen-r5-m1-d0.01-p3,100,AGD-SDAJ-BH,1e-7*n,1.0e-11,9,74,0.5032801,0.4983246,99.01535943900821,0.0,0.0002112,0.0,0.0,0.0,0.0,0.004744300000000002,0.23275431174415626,1.7408508074341997e-11,-8.741460045126952e-15,2.4603652448718094e-12,2.4603652448718094e-12,4.7587879776230275e-12,2.4603652448718094e-12,NaN,diag_feasible,0,0,19,19,0,0,9,1.2581330256107803e-14,1.12.6,lbt,1,1,Intel(R) Core(TM) 7 150U,NT,2abc7cc
degen-r5-m1-d0.01-p3,100,AGD-SDAJ,1e-7*n,1.0e-11,9,83,0.5329604,0.5211511,97.78420685664452,0.0,0.000271,0.0,0.0,0.0,0.0,0.011538300000000022,0.2327543117442295,1.7306649942068714e-11,-1.1019564514521635e-14,2.4371615836571436e-12,2.4371615836571436e-12,4.7300190409690965e-12,2.4371615836571436e-12,NaN,diag_feasible,0,0,28,19,9,0,9,1.2581330256107803e-14,1.12.6,lbt,1,1,Intel(R) Core(TM) 7 150U,NT,2abc7cc
degen-r5-m1-d0.01-p3,100,Dykstra-APM,1e-7*n,9.999999999999999e-6,443,443,2.9942489,2.674912,89.33499148985243,0.0,0.0,0.0,0.0,0.1836416,0.0,0.13569530000000016,0.2327543117180008,4.391759312105929e-11,-1.0064706160100555e-14,1.5292211941186906e-12,1.5292211941186906e-12,9.696811726702399e-12,1.5292211941186906e-12,NaN,diag_feasible,0,0,0,0,0,0,443,1.2581330256107803e-14,1.12.6,lbt,1,1,Intel(R) Core(TM) 7 150U,NT,2abc7cc
degen-r5-m1-d0.01-p3,100,Anderson-APM,1e-7*n,9.999999999999999e-6,70,70,0.5399586,0.3611682,66.88812808982021,0.0,0.0,0.0,0.0,0.0,0.1639878,0.014802599999999971,0.23275431172591474,3.5735666741264105e-11,-1.0482110876737388e-14,1.680433570072637e-12,1.680433570072637e-12,8.193003544586342e-12,1.680433570072637e-12,NaN,diag_feasible,0,0,0,0,0,0,70,1.2581330256107803e-14,1.12.6,lbt,1,1,Intel(R) Core(TM) 7 150U,NT,2abc7cc
degen-r5-m1-d0.01-p4,100,SBB-Dual,1e-7*n,1.0e-11,215,216,1.2048786,1.1877667,98.57978222868263,0.0015392,0.0007521,0.0004898,0.0,0.0,0.0,0.014330799999999958,0.2323229463344378,6.813655034981616e-12,-9.526216972880235e-15,1.1894929485833927e-12,0.0,9.022293848565731e-12,1.1894929485833927e-12,100.0,diag_feasible,0,0,0,0,0,0,215,2.651551021153896e-14,1.12.6,lbt,1,1,Intel(R) Core(TM) 7 150U,NT,2abc7cc
degen-r5-m1-d0.01-p4,100,Newton-SIN-BH,1e-7*n,9.999999999999999e-6,3,4,0.0147806,0.0124033,83.91607918487749,0.0,9.2e-6,0.0,0.0019495,0.0,0.0,0.0004185999999999988,0.23232294633366044,5.457714448881115e-12,-1.1950133390839531e-14,1.4062084829902233e-12,1.4062084829902233e-12,1.795928027132797e-12,1.4062084829902233e-12,NaN,converged,16,16,0,0,0,0,3,2.651551021153896e-14,1.12.6,lbt,1,1,Intel(R) Core(TM) 7 150U,NT,2abc7cc
degen-r5-m1-d0.01-p4,100,Newton-SIN,1e-7*n,9.999999999999999e-6,3,7,0.0433223,0.0387659,89.48255286538341,0.0,1.61e-5,0.0,0.0039629,0.0,0.0,0.0005774000000000022,0.23232294633366044,5.457714448881115e-12,-1.1950133390839531e-14,1.4062084829902233e-12,1.4062084829902233e-12,1.795928027132797e-12,1.4062084829902233e-12,NaN,converged,16,16,0,0,0,0,3,2.651551021153896e-14,1.12.6,lbt,1,1,Intel(R) Core(TM) 7 150U,NT,2abc7cc
degen-r5-m1-d0.01-p4,100,AGD-SDAJ-BH,1e-7*n,1.0e-11,11,97,0.6033225,0.5954482999999999,98.69486054307603,0.0,0.0004032,0.0,0.0,0.0,0.0,0.007471000000000053,0.23232294630942724,3.488419966177219e-11,-8.345383766785231e-15,7.196465645620265e-12,7.196465645620265e-12,9.64688138970161e-12,7.196465645620265e-12,NaN,diag_feasible,0,0,32,32,0,0,11,2.651551021153896e-14,1.12.6,lbt,1,1,Intel(R) Core(TM) 7 150U,NT,2abc7cc
degen-r5-m1-d0.01-p4,100,AGD-SDAJ,1e-7*n,1.0e-11,10,93,0.5831246,0.5768188999999999,98.91863591417682,0.0,0.0003019,0.0,0.0,0.0,0.0,0.006003800000000081,0.23232294631527167,2.7586529664420524e-11,-7.965399991636258e-15,5.952571768830239e-12,5.952571768830239e-12,7.769359587244833e-12,5.952571768830239e-12,NaN,diag_feasible_at_xpre,0,0,36,28,8,0,10,2.651551021153896e-14,1.12.6,lbt,1,1,Intel(R) Core(TM) 7 150U,NT,2abc7cc
degen-r5-m1-d0.01-p4,100,Dykstra-APM,1e-7*n,9.999999999999999e-6,438,438,3.1648631,2.7384464,86.52653569754723,0.0,0.0,0.0,0.0,0.2777628,0.0,0.1486538999999999,0.23232294629584327,4.321091851628581e-11,-8.075220956134463e-15,1.2663203818874536e-12,1.2663203818874536e-12,9.603572243377965e-12,1.2663203818874536e-12,NaN,diag_feasible,0,0,0,0,0,0,438,2.651551021153896e-14,1.12.6,lbt,1,1,Intel(R) Core(TM) 7 150U,NT,2abc7cc
degen-r5-m1-d0.01-p4,100,Anderson-APM,1e-7*n,9.999999999999999e-6,89,89,0.6626309,0.4441253,67.02453809503902,0.0,0.0,0.0,0.0,0.0,0.1955178,0.02298780000000003,0.23232294631124983,3.065522392411323e-11,-1.1590274961454e-14,2.6397772856512347e-12,2.6397772856512347e-12,7.857771803380865e-12,2.6397772856512347e-12,NaN,diag_feasible,0,0,0,0,0,0,89,2.651551021153896e-14,1.12.6,lbt,1,1,Intel(R) Core(TM) 7 150U,NT,2abc7cc
degen-r5-m1-d0.0001-p0,100,SBB-Dual,1e-7*n,1.0e-11,215,216,1.2297487,1.2055988,98.0361922724537,0.0017547,0.000956,0.0005383,0.0,0.0,0.0,0.02090090000000006,0.2306635842138956,9.076575135374635e-12,-1.093612390382352e-14,1.3851142455223453e-12,0.0,9.810758701819222e-12,1.3851142455223453e-12,100.0,diag_feasible,0,0,0,0,0,0,215,2.3142491760543995e-14,1.12.6,lbt,1,1,Intel(R) Core(TM) 7 150U,NT,2abc7cc
degen-r5-m1-d0.0001-p0,100,Newton-SIN-BH,1e-7*n,9.999999999999999e-6,4,5,0.0345599,0.025990899999999997,75.20536807108817,0.0,1.76e-5,0.0,0.0077881,0.0,0.0,0.0007633000000000006,0.23066358421388322,0.0,-9.273104402996555e-15,7.327471962526033e-15,7.327471962526033e-15,2.3142491760543995e-14,7.327471962526033e-15,NaN,converged,28,28,0,0,0,0,4,2.3142491760543995e-14,1.12.6,lbt,1,1,Intel(R) Core(TM) 7 150U,NT,2abc7cc
degen-r5-m1-d0.0001-p0,100,Newton-SIN,1e-7*n,9.999999999999999e-6,9,60,0.2001886,0.1784063,89.11911067863004,0.0,0.0001088,0.0,0.0193959,0.0,0.0,0.0022776000000000046,0.23066358421392097,3.762308561214796e-13,-1.0425482569436282e-14,8.326672684688674e-15,8.326672684688674e-15,2.944729230527916e-14,8.326672684688674e-15,NaN,converged,98,98,41,0,0,0,9,2.3142491760543995e-14,1.12.6,lbt,1,1,Intel(R) Core(TM) 7 150U,NT,2abc7cc
degen-r5-m1-d0.0001-p0,100,AGD-SDAJ-BH,1e-7*n,1.0e-11,12,100,0.5940294,0.5871593,98.84347475057632,0.0,0.0002843,0.0,0.0,0.0,0.0,0.00658579999999999,0.23066358419525435,2.713245080899123e-11,-9.019970433239684e-15,5.307754236127948e-12,5.307754236127948e-12,7.71989756133064e-12,5.307754236127948e-12,NaN,diag_feasible,0,0,29,29,0,0,12,2.3142491760543995e-14,1.12.6,lbt,1,1,Intel(R) Core(TM) 7 150U,NT,2abc7cc
degen-r5-m1-d0.0001-p0,100,AGD-SDAJ,1e-7*n,1.0e-11,12,99,0.5967891,0.5903147,98.91512763889287,0.0,0.0002762,0.0,0.0,0.0,0.0,0.006198199999999991,0.23066358419534028,2.7046699168657226e-11,-9.903409869816617e-15,5.304645611658998e-12,5.304645611658998e-12,7.701889975465447e-12,5.304645611658998e-12,NaN,diag_feasible_at_xpre,0,0,30,29,1,0,12,2.3142491760543995e-14,1.12.6,lbt,1,1,Intel(R) Core(TM) 7 150U,NT,2abc7cc
degen-r5-m1-d0.0001-p0,100,Dykstra-APM,1e-7*n,9.999999999999999e-6,439,439,2.9521444,2.6013197,88.1162757485711,0.0,0.0,0.0,0.0,0.2140082,0.0,0.13681649999999998,0.23066358417413368,4.4656545497323654e-11,-9.112116928263e-15,1.396882609583372e-12,1.396882609583372e-12,9.898125146687405e-12,1.396882609583372e-12,NaN,diag_feasible,0,0,0,0,0,0,439,2.3142491760543995e-14,1.12.6,lbt,1,1,Intel(R) Core(TM) 7 150U,NT,2abc7cc
degen-r5-m1-d0.0001-p0,100,Anderson-APM,1e-7*n,9.999999999999999e-6,62,62,0.3373355,0.2512486,74.48033189510146,0.0,0.0,0.0,0.0,0.0,0.0768927,0.009194200000000027,0.23066358419424987,2.2679138544627696e-11,-9.534851203914264e-15,1.2394529846915248e-12,1.2394529846915248e-12,5.3893582711719485e-12,1.2394529846915248e-12,NaN,diag_feasible,0,0,0,0,0,0,62,2.3142491760543995e-14,1.12.6,lbt,1,1,Intel(R) Core(TM) 7 150U,NT,2abc7cc
degen-r5-m1-d0.0001-p1,100,SBB-Dual,1e-7*n,1.0e-11,215,216,1.1776079,1.1587403,98.39780286800047,0.001394,0.0007488,0.0005363,0.0,0.0,0.0,0.016188499999999873,0.22536115986953328,8.647238228098938e-12,-1.0401872820282618e-14,1.3635759188446173e-12,0.0,9.76629639629493e-12,1.3635759188446173e-12,100.0,diag_feasible,0,0,0,0,0,0,215,2.099642794625088e-14,1.12.6,lbt,1,1,Intel(R) Core(TM) 7 150U,NT,2abc7cc
degen-r5-m1-d0.0001-p1,100,Newton-SIN-BH,1e-7*n,9.999999999999999e-6,4,5,0.0321265,0.025408700000000003,79.08953667533034,0.0,1.37e-5,0.0,0.0054247,0.0,0.0,0.0012793999999999991,0.2253611598694753,0.0,-7.951921748777926e-15,5.10702591327572e-15,5.10702591327572e-15,2.099642794625088e-14,5.10702591327572e-15,NaN,converged,29,29,0,0,0,0,4,2.099642794625088e-14,1.12.6,lbt,1,1,Intel(R) Core(TM) 7 150U,NT,2abc7cc
degen-r5-m1-d0.0001-p1,100,Newton-SIN,1e-7*n,9.999999999999999e-6,12,84,0.543186,0.49392400000000003,90.93091500885518,0.0,0.0002096,0.0,0.0444025,0.0,0.0,0.004649899999999922,0.22536115986992708,2.4285857325335053e-11,-1.1367724601470622e-14,4.586553359331447e-12,4.586553359331447e-12,7.730278415412255e-12,4.586553359331447e-12,NaN,converged,139,139,59,0,0,0,12,2.099642794625088e-14,1.12.6,lbt,1,1,Intel(R) Core(TM) 7 150U,NT,2abc7cc
degen-r5-m1-d0.0001-p1,100,AGD-SDAJ-BH,1e-7*n,1.0e-11,10,76,0.451576,0.44474009999999997,98.48621273052598,0.0,0.0005963,0.0,0.0,0.0,0.0,0.006239600000000006,0.22536115989001726,2.4384842108173172e-11,-7.700258367770164e-15,3.445688179226636e-12,3.445688179226636e-12,6.091607600449e-12,3.445688179226636e-12,NaN,diag_feasible,0,0,17,17,0,0,10,2.099642794625088e-14,1.12.6,lbt,1,1,Intel(R) Core(TM) 7 150U,NT,2abc7cc
degen-r5-m1-d0.0001-p1,100,AGD-SDAJ,1e-7*n,1.0e-11,9,85,0.4865844,0.4781437,98.26531635621694,0.0,0.0002675,0.0,0.0,0.0,0.0,0.008173199999999967,0.2253611598832869,1.978954498032075e-11,-1.1259655021827484e-14,4.293343458527943e-12,4.293343458527943e-12,5.740076925416875e-12,4.293343458527943e-12,NaN,diag_feasible,0,0,32,15,17,0,9,2.099642794625088e-14,1.12.6,lbt,1,1,Intel(R) Core(TM) 7 150U,NT,2abc7cc
degen-r5-m1-d0.0001-p1,100,Dykstra-APM,1e-7*n,9.999999999999999e-6,439,439,2.839369,2.5297333,89.09491158070685,0.0,0.0,0.0,0.0,0.1650079,0.0,0.14462779999999983,0.22536115982877028,4.429733004455815e-11,-1.0174897364404909e-14,1.3782308627696693e-12,1.3782308627696693e-12,9.854304118423826e-12,1.3782308627696693e-12,NaN,diag_feasible,0,0,0,0,0,0,439,2.099642794625088e-14,1.12.6,lbt,1,1,Intel(R) Core(TM) 7 150U,NT,2abc7cc
degen-r5-m1-d0.0001-p1,100,Anderson-APM,1e-7*n,9.999999999999999e-6,121,121,0.9919787,0.6626469,66.80051698690708,0.0,0.0,0.0,0.0,0.0,0.2993012,0.030030599999999963,0.22536115989113764,3.3131901777007176e-11,-8.965766022312354e-15,2.8177460364986473e-12,2.8177460364986473e-12,8.923607321939348e-12,2.8177460364986473e-12,NaN,diag_feasible,0,0,0,0,0,0,121,2.099642794625088e-14,1.12.6,lbt,1,1,Intel(R) Core(TM) 7 150U,NT,2abc7cc
degen-r5-m1-d0.0001-p2,100,SBB-Dual,1e-7*n,1.0e-11,210,211,1.2231763,1.2069769000000001,98.67562836199492,0.0015395,0.0007317,0.0002754,0.0,0.0,0.0,0.013652799999999864,0.2364397153531966,7.866101597786765e-12,-8.788662883641613e-15,1.3713474800169934e-12,0.0,9.38747725208026e-12,1.3713474800169934e-12,100.0,diag_feasible,0,0,0,0,0,0,210,1.5761648244596702e-14,1.12.6,lbt,1,1,Intel(R) Core(TM) 7 150U,NT,2abc7cc
degen-r5-m1-d0.0001-p2,100,Newton-SIN-BH,1e-7*n,9.999999999999999e-6,3,4,0.0264944,0.0212527,80.21581919198019,0.0,1.82e-5,0.0,0.0045181,0.0,0.0,0.0007054000000000019,0.23643971535315458,1.085953721471676e-12,-1.0340467634940946e-14,3.4150460237469815e-13,3.4150460237469815e-13,3.518210580685838e-13,3.4150460237469815e-13,NaN,converged,17,17,0,0,0,0,3,1.5761648244596702e-14,1.12.6,lbt,1,1,Intel(R) Core(TM) 7 150U,NT,2abc7cc
degen-r5-m1-d0.0001-p2,100,Newton-SIN,1e-7*n,9.999999999999999e-6,3,7,0.0430539,0.037865699999999995,87.94952373652559,0.0,1.86e-5,0.0,0.0046918,0.0,0.0,0.0004778000000000039,0.23643971535315458,1.085953721471676e-12,-1.0340467634940946e-14,3.4150460237469815e-13,3.4150460237469815e-13,3.518210580685838e-13,3.4150460237469815e-13,NaN,converged,17,17,0,0,0,0,3,1.5761648244596702e-14,1.12.6,lbt,1,1,Intel(R) Core(TM) 7 150U,NT,2abc7cc
degen-r5-m1-d0.0001-p2,100,AGD-SDAJ-BH,1e-7*n,1.0e-11,11,95,0.3636852,0.357953,98.42385667604842,0.0,0.0002169,0.0,0.0,0.0,0.0,0.005515299999999965,0.23643971533748387,2.6415444090246895e-11,-8.344308087495065e-15,3.9890313274781874e-12,3.9890313274781874e-12,7.713958295496976e-12,3.9890313274781874e-12,NaN,diag_feasible,0,0,30,30,0,0,11,1.5761648244596702e-14,1.12.6,lbt,1,1,Intel(R) Core(TM) 7 150U,NT,2abc7cc
degen-r5-m1-d0.0001-p2,100,AGD-SDAJ,1e-7*n,1.0e-11,13,129,0.7643503,0.7562274999999999,98.93729354197937,0.0,0.0003591,0.0,0.0,0.0,0.0,0.007763700000000096,0.236439715340321,1.9894362961771974e-11,-9.151697795669862e-15,3.644418100634539e-12,3.644418100634539e-12,5.632850761430781e-12,3.644418100634539e-12,NaN,diag_feasible_at_xpre,0,0,56,34,22,0,13,1.5761648244596702e-14,1.12.6,lbt,1,1,Intel(R) Core(TM) 7 150U,NT,2abc7cc
degen-r5-m1-d0.0001-p2,100,Dykstra-APM,1e-7*n,9.999999999999999e-6,429,429,2.9725417,2.582573,86.88096789357068,0.0,0.0,0.0,0.0,0.2573588,0.0,0.13260989999999984,0.23643971531570174,4.279072947652895e-11,-1.111974907890026e-14,1.3911094498553211e-12,1.3911094498553211e-12,9.515043518324387e-12,1.3911094498553211e-12,NaN,diag_feasible,0,0,0,0,0,0,429,1.5761648244596702e-14,1.12.6,lbt,1,1,Intel(R) Core(TM) 7 150U,NT,2abc7cc
degen-r5-m1-d0.0001-p2,100,Anderson-APM,1e-7*n,9.999999999999999e-6,76,76,0.4174127,0.3122782,74.81281714715436,0.0,0.0,0.0,0.0,0.0,0.0940946,0.01103990000000002,0.23643971538069988,3.747453906456413e-11,-9.866339027553401e-15,3.389732938785528e-12,3.389732938785528e-12,9.608551438343998e-12,3.389732938785528e-12,NaN,diag_feasible,0,0,0,0,0,0,76,1.5761648244596702e-14,1.12.6,lbt,1,1,Intel(R) Core(TM) 7 150U,NT,2abc7cc
degen-r5-m1-d0.0001-p3,100,SBB-Dual,1e-7*n,1.0e-11,213,214,1.1666824,1.1487352,98.46168931664693,0.0014171,0.0006198,0.0004228,0.0,0.0,0.0,0.015487500000000052,0.23630087067228894,1.111893740881868e-11,-1.4725515058942466e-14,1.5076828674409626e-12,0.0,9.569262489907025e-12,1.5076828674409626e-12,100.0,diag_feasible,0,0,0,0,0,0,213,2.1388151939021714e-14,1.12.6,lbt,1,1,Intel(R) Core(TM) 7 150U,NT,2abc7cc
degen-r5-m1-d0.0001-p3,100,Newton-SIN-BH,1e-7*n,9.999999999999999e-6,3,4,0.0263469,0.0218028,82.75280962845724,0.0,1.35e-5,0.0,0.0038867,0.0,0.0,0.0006438999999999993,0.23630087067222608,1.103029349906925e-12,-1.0790781978377279e-14,2.1471713296250527e-13,2.1471713296250527e-13,3.452330566126672e-13,2.1471713296250527e-13,NaN,converged,18,18,0,0,0,0,3,2.1388151939021714e-14,1.12.6,lbt,1,1,Intel(R) Core(TM) 7 150U,NT,2abc7cc
degen-r5-m1-d0.0001-p3,100,Newton-SIN,1e-7*n,9.999999999999999e-6,3,7,0.038595,0.0339132,87.86941313641664,0.0,1.46e-5,0.0,0.0042281,0.0,0.0,0.00043909999999999956,0.23630087067222608,1.103029349906925e-12,-1.0790781978377279e-14,2.1471713296250527e-13,2.1471713296250527e-13,3.452330566126672e-13,2.1471713296250527e-13,NaN,converged,18,18,0,0,0,0,3,2.1388151939021714e-14,1.12.6,lbt,1,1,Intel(R) Core(TM) 7 150U,NT,2abc7cc
degen-r5-m1-d0.0001-p3,100,AGD-SDAJ-BH,1e-7*n,1.0e-11,11,97,0.6682396,0.6580062,98.46860317766262,0.0,0.0003578,0.0,0.0,0.0,0.0,0.009875600000000059,0.23630087066113617,2.5061803665076557e-11,-9.712972690054163e-15,3.2169822361538536e-12,3.2169822361538536e-12,7.579252484744543e-12,3.2169822361538536e-12,NaN,diag_feasible_at_xpre,0,0,32,32,0,0,11,2.1388151939021714e-14,1.12.6,lbt,1,1,Intel(R) Core(TM) 7 150U,NT,2abc7cc
degen-r5-m1-d0.0001-p3,100,AGD-SDAJ,1e-7*n,1.0e-11,11,110,0.636753,0.6281222,98.64456076374982,0.0,0.0003171,0.0,0.0,0.0,0.0,0.008313700000000049,0.23630087066141517,1.389537573736032e-11,-1.1799837476586045e-14,1.574962382733247e-12,1.574962382733247e-12,3.444389387392648e-12,1.574962382733247e-12,NaN,diag_feasible,0,0,43,30,13,0,11,2.1388151939021714e-14,1.12.6,lbt,1,1,Intel(R) Core(TM) 7 150U,NT,2abc7cc
degen-r5-m1-d0.0001-p3,100,Dykstra-APM,1e-7*n,9.999999999999999e-6,435,435,2.7895346,2.5245423,90.50048348566817,0.0,0.0,0.0,0.0,0.1501401,0.0,0.11485220000000029,0.23630087063466798,4.367321669559532e-11,-9.638666869463899e-15,1.5203394099216894e-12,1.5203394099216894e-12,9.647112259566601e-12,1.5203394099216894e-12,NaN,diag_feasible,0,0,0,0,0,0,435,2.1388151939021714e-14,1.12.6,lbt,1,1,Intel(R) Core(TM) 7 150U,NT,2abc7cc
degen-r5-m1-d0.0001-p3,100,Anderson-APM,1e-7*n,9.999999999999999e-6,147,147,1.1742436,0.7864268,66.97305397278724,0.0,0.0,0.0,0.0,0.0,0.3523358,0.035481000000000096,0.23630087070277078,3.9729768005513246e-11,-9.405602716221769e-15,2.496003403962277e-12,2.496003403962277e-12,9.776719154181893e-12,2.496003403962277e-12,NaN,diag_feasible,0,0,0,0,0,0,147,2.1388151939021714e-14,1.12.6,lbt,1,1,Intel(R) Core(TM) 7 150U,NT,2abc7cc
degen-r5-m1-d0.0001-p4,100,SBB-Dual,1e-7*n,1.0e-11,211,212,1.1468362,1.1321396000000001,98.71850923436146,0.0016317,0.0005992,0.0002444,0.0,0.0,0.0,0.012221299999999949,0.23578131605874914,7.347566054416094e-12,-8.834355066679764e-15,1.283861905676531e-12,0.0,9.739355381219418e-12,1.283861905676531e-12,100.0,diag_feasible,0,0,0,0,0,0,211,3.28599758965911e-14,1.12.6,lbt,1,1,Intel(R) Core(TM) 7 150U,NT,2abc7cc
degen-r5-m1-d0.0001-p4,100,Newton-SIN-BH,1e-7*n,9.999999999999999e-6,3,4,0.0292979,0.025185700000000002,85.96418173316175,0.0,1.39e-5,0.0,0.0034777,0.0,0.0,0.0006206000000000002,0.23578131605782168,2.1749586685320533e-11,-7.216434566196297e-15,2.2870594307278225e-12,2.2870594307278225e-12,6.604791568025969e-12,2.2870594307278225e-12,NaN,converged,15,15,0,0,0,0,3,3.28599758965911e-14,1.12.6,lbt,1,1,Intel(R) Core(TM) 7 150U,NT,2abc7cc
degen-r5-m1-d0.0001-p4,100,Newton-SIN,1e-7*n,9.999999999999999e-6,3,7,0.043349,0.0393875,90.86138088537221,0.0,1.34e-5,0.0,0.0034928,0.0,0.0,0.00045529999999999963,0.23578131605782168,2.1749586685320533e-11,-7.216434566196297e-15,2.2870594307278225e-12,2.2870594307278225e-12,6.604791568025969e-12,2.2870594307278225e-12,NaN,converged,15,15,0,0,0,0,3,3.28599758965911e-14,1.12.6,lbt,1,1,Intel(R) Core(TM) 7 150U,NT,2abc7cc
degen-r5-m1-d0.0001-p4,100,AGD-SDAJ-BH,1e-7*n,1.0e-11,12,93,0.5558944,0.5482767000000001,98.62964980399155,0.0,0.0004722,0.0,0.0,0.0,0.0,0.00714549999999995,0.23578131604581123,2.7584358211471155e-11,-9.965600459658582e-15,4.481526261201907e-12,4.481526261201907e-12,8.391069780881604e-12,4.481526261201907e-12,NaN,diag_feasible_at_xpre,0,0,22,22,0,0,12,3.28599758965911e-14,1.12.6,lbt,1,1,Intel(R) Core(TM) 7 150U,NT,2abc7cc
degen-r5-m1-d0.0001-p4,100,AGD-SDAJ,1e-7*n,1.0e-11,11,92,0.5669493,0.5597559,98.73120929860924,0.0,0.0018084,0.0,0.0,0.0,0.0,0.0053850000000000165,0.23578131605307814,8.606677306097298e-12,-8.518311031664395e-15,7.329692408575283e-13,7.329692408575283e-13,2.362871132232935e-12,7.329692408575283e-13,NaN,diag_feasible,0,0,25,19,6,0,11,3.28599758965911e-14,1.12.6,lbt,1,1,Intel(R) Core(TM) 7 150U,NT,2abc7cc
degen-r5-m1-d0.0001-p4,100,Dykstra-APM,1e-7*n,9.999999999999999e-6,431,431,2.717346,2.4402088,89.80118100528972,0.0,0.0,0.0,0.0,0.1551426,0.0,0.12199459999999987,0.23578131601979152,4.4343991523523794e-11,-8.352726367228158e-15,1.2994050280212832e-12,1.2994050280212832e-12,9.848660552826745e-12,1.2994050280212832e-12,NaN,diag_feasible,0,0,0,0,0,0,431,3.28599758965911e-14,1.12.6,lbt,1,1,Intel(R) Core(TM) 7 150U,NT,2abc7cc
degen-r5-m1-d0.0001-p4,100,Anderson-APM,1e-7*n,9.999999999999999e-6,124,124,0.9788154,0.6463088,66.02969262641352,0.0,0.0,0.0,0.0,0.0,0.3067202,0.025786399999999987,0.23578131602969196,3.844458863421256e-11,-9.359450360246789e-15,2.036815160977312e-12,2.036815160977312e-12,9.760875980821456e-12,2.036815160977312e-12,NaN,diag_feasible,0,0,0,0,0,0,124,3.28599758965911e-14,1.12.6,lbt,1,1,Intel(R) Core(TM) 7 150U,NT,2abc7cc
degen-r5-m1-d1e-06-p0,100,SBB-Dual,1e-7*n,1.0e-11,214,215,1.3414448,1.31179,97.78933877860646,0.0039329,0.0056051,0.0002404,0.0,0.0,0.0,0.019876400000000093,0.23069039500003732,8.91609452168401e-12,-1.2616922573116454e-14,1.361133428190442e-12,0.0,9.641416788313897e-12,1.361133428190442e-12,100.0,diag_feasible,0,0,0,0,0,0,214,2.275415563824572e-14,1.12.6,lbt,1,1,Intel(R) Core(TM) 7 150U,NT,2abc7cc
degen-r5-m1-d1e-06-p0,100,Newton-SIN-BH,1e-7*n,9.999999999999999e-6,4,5,0.0352511,0.025402300000000003,72.0610136988633,0.0,1.67e-5,0.0,0.0087767,0.0,0.0,0.001055399999999998,0.23069039500000918,0.0,-1.0799166770126002e-14,1.4654943925052066e-14,1.4654943925052066e-14,2.275415563824572e-14,1.4654943925052066e-14,NaN,converged,23,23,0,0,0,0,4,2.275415563824572e-14,1.12.6,lbt,1,1,Intel(R) Core(TM) 7 150U,NT,2abc7cc
degen-r5-m1-d1e-06-p0,100,Newton-SIN,1e-7*n,9.999999999999999e-6,100,3799,20.730817,19.951924599999998,96.24282824936421,0.0,0.0124265,0.0,0.385114,0.0,0.0,0.38135190000000013,0.2306903671096656,2.1064011126424484e-7,-9.42693354207906e-15,6.509976824276009e-8,6.509976824276009e-8,6.566201992847272e-8,6.509976824276009e-8,NaN,max_iter,887,887,3598,0,0,0,100,2.275415563824572e-14,1.12.6,lbt,1,1,Intel(R) Core(TM) 7 150U,NT,2abc7cc
degen-r5-m1-d1e-06-p0,100,AGD-SDAJ-BH,1e-7*n,1.0e-11,12,112,0.7332436,0.7130815,97.25028626230082,0.0,0.0005204,0.0,0.0,0.0,0.0,0.01964169999999996,0.2306903949820847,2.1624173723833404e-11,-9.79593433702505e-15,2.2601920335318937e-12,2.2601920335318937e-12,5.230435438429902e-12,2.2601920335318937e-12,NaN,diag_feasible,0,0,39,39,0,0,12,2.275415563824572e-14,1.12.6,lbt,1,1,Intel(R) Core(TM) 7 150U,NT,2abc7cc
degen-r5-m1-d1e-06-p0,100,AGD-SDAJ,1e-7*n,1.0e-11,11,107,0.6146853,0.6086372,99.01606561926891,0.0,0.0003144,0.0,0.0,0.0,0.0,0.0057337,0.23069039499496663,2.064961146139757e-11,-8.685127048077428e-15,2.73003841755326e-12,2.73003841755326e-12,6.593710981835712e-12,2.73003841755326e-12,NaN,diag_feasible_at_xpre,0,0,42,33,9,0,11,2.275415563824572e-14,1.12.6,lbt,1,1,Intel(R) Core(TM) 7 150U,NT,2abc7cc
degen-r5-m1-d1e-06-p0,100,Dykstra-APM,1e-7*n,9.999999999999999e-6,437,437,2.8610659,2.5678282,89.75075338180783,0.0,0.0,0.0,0.0,0.1435634,0.0,0.1496742999999997,0.23069039496090976,4.39272446045491e-11,-8.866964135026052e-15,1.3746781490908688e-12,1.3746781490908688e-12,9.741563351099982e-12,1.3746781490908688e-12,NaN,diag_feasible,0,0,0,0,0,0,437,2.275415563824572e-14,1.12.6,lbt,1,1,Intel(R) Core(TM) 7 150U,NT,2abc7cc
degen-r5-m1-d1e-06-p0,100,Anderson-APM,1e-7*n,9.999999999999999e-6,50,50,0.3829616,0.2626377,68.58068798542725,0.0,0.0,0.0,0.0,0.0,0.1024985,0.017825400000000033,0.23069039497673646,2.7553625865637658e-11,-1.3554977652022166e-14,2.3846480345923737e-12,2.3846480345923737e-12,6.697329810809942e-12,2.3846480345923737e-12,NaN,diag_feasible,0,0,0,0,0,0,50,2.275415563824572e-14,1.12.6,lbt,1,1,Intel(R) Core(TM) 7 150U,NT,2abc7cc
degen-r5-m1-d1e-06-p1,100,SBB-Dual,1e-7*n,1.0e-11,215,216,1.1759466,1.1542555,98.15543494917202,0.0016828,0.000818,0.0002727,0.0,0.0,0.0,0.018917599999999965,0.22537795023764035,8.005052878505496e-12,-9.841509978925046e-15,1.2712053631958042e-12,0.0,9.095443669052565e-12,1.2712053631958042e-12,100.0,diag_feasible,0,0,0,0,0,0,215,1.6842123535503894e-14,1.12.6,lbt,1,1,Intel(R) Core(TM) 7 150U,NT,2abc7cc
degen-r5-m1-d1e-06-p1,100,Newton-SIN-BH,1e-7*n,9.999999999999999e-6,4,5,0.0281215,0.021620999999999998,76.88423448251336,0.0,1.64e-5,0.0,0.0057338,0.0,0.0,0.0007503000000000032,0.2253779502376934,0.0,-7.421143918472053e-15,6.217248937900877e-15,6.217248937900877e-15,1.6842123535503894e-14,6.217248937900877e-15,NaN,converged,24,24,0,0,0,0,4,1.6842123535503894e-14,1.12.6,lbt,1,1,Intel(R) Core(TM) 7 150U,NT,2abc7cc
degen-r5-m1-d1e-06-p1,100,Newton-SIN,1e-7*n,9.999999999999999e-6,4,9,0.0503222,0.0426193,84.69283934327196,0.0,1.82e-5,0.0,0.0071357,0.0,0.0,0.0005489999999999983,0.2253779502376934,0.0,-7.421143918472053e-15,6.217248937900877e-15,6.217248937900877e-15,1.6842123535503894e-14,6.217248937900877e-15,NaN,converged,24,24,0,0,0,0,4,1.6842123535503894e-14,1.12.6,lbt,1,1,Intel(R) Core(TM) 7 150U,NT,2abc7cc
degen-r5-m1-d1e-06-p1,100,AGD-SDAJ-BH,1e-7*n,1.0e-11,8,53,0.2672621,0.26265330000000003,98.27555048022148,0.0,0.0001491,0.0,0.0,0.0,0.0,0.004459699999999968,0.22537795025840748,2.939857103312118e-11,-1.16962552678794e-14,5.210387676868322e-12,5.210387676868322e-12,8.410877456638621e-12,5.210387676868322e-12,NaN,diag_feasible_at_xpre,0,0,8,8,0,0,8,1.6842123535503894e-14,1.12.6,lbt,1,1,Intel(R) Core(TM) 7 150U,NT,2abc7cc
degen-r5-m1-d1e-06-p1,100,AGD-SDAJ,1e-7*n,1.0e-11,8,66,0.391193,0.3863415,98.75981932192038,0.0,0.00018,0.0,0.0,0.0,0.0,0.004671500000000009,0.22537795025678295,2.4596769589990902e-11,-9.539759578855142e-15,1.7119639039719914e-12,1.7119639039719914e-12,6.2454841005926096e-12,1.7119639039719914e-12,NaN,diag_feasible,0,0,17,9,8,0,8,1.6842123535503894e-14,1.12.6,lbt,1,1,Intel(R) Core(TM) 7 150U,NT,2abc7cc
degen-r5-m1-d1e-06-p1,100,Dykstra-APM,1e-7*n,9.999999999999999e-6,438,438,2.8991333,2.5726926,88.74005896865798,0.0,0.0,0.0,0.0,0.2058645,0.0,0.12057620000000002,0.22537795019763082,4.359700260455634e-11,-8.590808182800222e-15,1.3513634655737405e-12,1.3513634655737405e-12,9.672972696739242e-12,1.3513634655737405e-12,NaN,diag_feasible,0,0,0,0,0,0,438,1.6842123535503894e-14,1.12.6,lbt,1,1,Intel(R) Core(TM) 7 150U,NT,2abc7cc
degen-r5-m1-d1e-06-p1,100,Anderson-APM,1e-7*n,9.999999999999999e-6,58,58,0.4451612,0.297382,66.80321645282653,0.0,0.0,0.0,0.0,0.0,0.134344,0.013435200000000008,0.22537795025529295,2.60754678305603e-11,-9.034285327236636e-15,2.5265345371394687e-12,2.5265345371394687e-12,6.461664025310097e-12,2.5265345371394687e-12,NaN,diag_feasible,0,0,0,0,0,0,58,1.6842123535503894e-14,1.12.6,lbt,1,1,Intel(R) Core(TM) 7 150U,NT,2abc7cc
degen-r5-m1-d1e-06-p2,100,SBB-Dual,1e-7*n,1.0e-11,206,207,1.1569203,1.1413178,98.65137641720004,0.0013919,0.0005967,0.0002403,0.0,0.0,0.0,0.013373599999999963,0.23647714232669975,7.735850748378018e-12,-9.250955331347004e-15,1.3522516439934407e-12,0.0,9.258432132059784e-12,1.3522516439934407e-12,100.0,diag_feasible,0,0,0,0,0,0,206,2.5224061883758496e-14,1.12.6,lbt,1,1,Intel(R) Core(TM) 7 150U,NT,2abc7cc
degen-r5-m1-d1e-06-p2,100,Newton-SIN-BH,1e-7*n,9.999999999999999e-6,4,5,0.0413894,0.034621,83.6470207347775,0.0,1.73e-5,0.0,0.0059244,0.0,0.0,0.0008267000000000014,0.23647714232670947,0.0,-9.427835256301245e-15,1.0658141036401503e-14,1.0658141036401503e-14,2.5224061883758496e-14,1.0658141036401503e-14,NaN,converged,25,25,0,0,0,0,4,2.5224061883758496e-14,1.12.6,lbt,1,1,Intel(R) Core(TM) 7 150U,NT,2abc7cc
degen-r5-m1-d1e-06-p2,100,Newton-SIN,1e-7*n,9.999999999999999e-6,5,12,0.0742381,0.0622428,83.84212419229479,0.0,2.41e-5,0.0,0.0113002,0.0,0.0,0.0006709999999999997,0.2364771423267132,1.1681494279040848e-13,-7.706131436235461e-15,5.551115123125783e-15,5.551115123125783e-15,1.833381306040878e-14,5.551115123125783e-15,NaN,converged,34,34,1,0,0,0,5,2.5224061883758496e-14,1.12.6,lbt,1,1,Intel(R) Core(TM) 7 150U,NT,2abc7cc
degen-r5-m1-d1e-06-p2,100,AGD-SDAJ-BH,1e-7*n,1.0e-11,12,101,0.6085541,0.601075,98.77100491147789,0.0,0.0003402,0.0,0.0,0.0,0.0,0.007138899999999961,0.2364771423131949,2.2402412671194064e-11,-8.76542372578953e-15,2.55351295663786e-12,2.55351295663786e-12,6.472922274020753e-12,2.55351295663786e-12,NaN,diag_feasible_at_xpre,0,0,32,32,0,0,12,2.5224061883758496e-14,1.12.6,lbt,1,1,Intel(R) Core(TM) 7 150U,NT,2abc7cc
degen-r5-m1-d1e-06-p2,100,AGD-SDAJ,1e-7*n,1.0e-11,118,4027,24.2370316,23.8055567,98.21977003157433,0.0,0.016449,0.0,0.0,0.0,0.0,0.41502590000000134,0.23647713870460144,4.648618701464987e-9,-1.0987513789798752e-14,3.583955354713453e-10,3.583955354713453e-10,1.147361318379201e-9,3.583955354713453e-10,NaN,evd_budget,0,0,3428,570,2858,0,118,2.5224061883758496e-14,1.12.6,lbt,1,1,Intel(R) Core(TM) 7 150U,NT,2abc7cc
degen-r5-m1-d1e-06-p2,100,Dykstra-APM,1e-7*n,9.999999999999999e-6,420,420,2.7632495,2.4505141,88.68233216001667,0.0,0.0,0.0,0.0,0.1901489,0.0,0.12258650000000021,0.2364771422876955,4.4524775694999886e-11,-9.276211047149407e-15,1.4459544672718039e-12,1.4459544672718039e-12,9.899288736526518e-12,1.4459544672718039e-12,NaN,diag_feasible,0,0,0,0,0,0,420,2.5224061883758496e-14,1.12.6,lbt,1,1,Intel(R) Core(TM) 7 150U,NT,2abc7cc
degen-r5-m1-d1e-06-p2,100,Anderson-APM,1e-7*n,9.999999999999999e-6,76,76,0.3998975,0.2872567,71.8325820991629,0.0,0.0,0.0,0.0,0.0,0.1010266,0.011614200000000047,0.2364771423509934,3.411565648549584e-11,-9.586002269432669e-15,3.4634517476206383e-12,3.4634517476206383e-12,8.874351914777272e-12,3.4634517476206383e-12,NaN,diag_feasible,0,0,0,0,0,0,76,2.5224061883758496e-14,1.12.6,lbt,1,1,Intel(R) Core(TM) 7 150U,NT,2abc7cc
degen-r5-m1-d1e-06-p3,100,SBB-Dual,1e-7*n,1.0e-11,209,210,1.2174606,1.2014481,98.68476236520509,0.0013918,0.0006156,0.000242,0.0,0.0,0.0,0.013763099999999986,0.2363380256158691,1.13121053528839e-11,-1.0274117099799248e-14,1.5227819005758647e-12,0.0,9.674832667661226e-12,1.5227819005758647e-12,100.0,diag_feasible,0,0,0,0,0,0,209,1.550938252588375e-14,1.12.6,lbt,1,1,Intel(R) Core(TM) 7 150U,NT,2abc7cc
degen-r5-m1-d1e-06-p3,100,Newton-SIN-BH,1e-7*n,9.999999999999999e-6,3,4,0.0243562,0.020062,82.36917088872649,0.0,1.26e-5,0.0,0.0036214,0.0,0.0,0.0006602000000000018,0.2363380256158008,1.083910398866489e-12,-1.1957143849775613e-14,2.1338486533295509e-13,2.1338486533295509e-13,3.4476506217561184e-13,2.1338486533295509e-13,NaN,converged,18,18,0,0,0,0,3,1.550938252588375e-14,1.12.6,lbt,1,1,Intel(R) Core(TM) 7 150U,NT,2abc7cc
degen-r5-m1-d1e-06-p3,100,Newton-SIN,1e-7*n,9.999999999999999e-6,3,7,0.0196831,0.0170305,86.52346429170203,0.0,9.7e-6,0.0,0.0023371,0.0,0.0,0.000305799999999998,0.2363380256158008,1.083910398866489e-12,-1.1957143849775613e-14,2.1338486533295509e-13,2.1338486533295509e-13,3.4476506217561184e-13,2.1338486533295509e-13,NaN,converged,18,18,0,0,0,0,3,1.550938252588375e-14,1.12.6,lbt,1,1,Intel(R) Core(TM) 7 150U,NT,2abc7cc
degen-r5-m1-d1e-06-p3,100,AGD-SDAJ-BH,1e-7*n,1.0e-11,11,94,0.561662,0.5559345,98.9802585896856,0.0,0.0002798,0.0,0.0,0.0,0.0,0.005447699999999996,0.2363380256050069,1.4528442661525875e-11,-9.253556110672111e-15,1.7952306308188781e-12,1.7952306308188781e-12,3.711284744550616e-12,1.7952306308188781e-12,NaN,diag_feasible,0,0,27,27,0,0,11,1.550938252588375e-14,1.12.6,lbt,1,1,Intel(R) Core(TM) 7 150U,NT,2abc7cc
degen-r5-m1-d1e-06-p3,100,AGD-SDAJ,1e-7*n,1.0e-11,11,98,0.6013386,0.5933988,98.67964571042006,0.0,0.0004059,0.0,0.0,0.0,0.0,0.0075338999999999415,0.2363380256045483,1.5098219646324623e-11,-1.1733434806913524e-14,1.8652857036727255e-12,1.8652857036727255e-12,3.8498491155487055e-12,1.8652857036727255e-12,NaN,diag_feasible,0,0,31,27,4,0,11,1.550938252588375e-14,1.12.6,lbt,1,1,Intel(R) Core(TM) 7 150U,NT,2abc7cc
degen-r5-m1-d1e-06-p3,100,Dykstra-APM,1e-7*n,9.999999999999999e-6,427,427,2.7059615,2.4604841,90.9282744784063,0.0,0.0,0.0,0.0,0.1415839,0.0,0.10389349999999994,0.23633802557767344,4.432601978092874e-11,-1.1273669934815457e-14,1.5418777365994174e-12,1.5418777365994174e-12,9.795338350013406e-12,1.5418777365994174e-12,NaN,diag_feasible,0,0,0,0,0,0,427,1.550938252588375e-14,1.12.6,lbt,1,1,Intel(R) Core(TM) 7 150U,NT,2abc7cc
degen-r5-m1-d1e-06-p3,100,Anderson-APM,1e-7*n,9.999999999999999e-6,147,147,1.1097378,0.7459898,67.22216725428295,0.0,0.0,0.0,0.0,0.0,0.3263818,0.03736619999999996,0.23633802564636672,3.9911254834554864e-11,-9.379524723586789e-15,2.353228722995482e-12,2.353228722995482e-12,9.832456617324737e-12,2.353228722995482e-12,NaN,diag_feasible,0,0,0,0,0,0,147,1.550938252588375e-14,1.12.6,lbt,1,1,Intel(R) Core(TM) 7 150U,NT,2abc7cc
degen-r5-m1-d1e-06-p4,100,SBB-Dual,1e-7*n,1.0e-11,208,209,1.1639766,1.1458326,98.44120577681717,0.0018286,0.0007713,0.0003681,0.0,0.0,0.0,0.015175999999999938,0.23581756351697644,7.264041389717937e-12,-7.924004651622882e-15,1.2656542480726785e-12,0.0,9.590523609432495e-12,1.2656542480726785e-12,100.0,diag_feasible,0,0,0,0,0,0,208,1.532751246406711e-14,1.12.6,lbt,1,1,Intel(R) Core(TM) 7 150U,NT,2abc7cc
degen-r5-m1-d1e-06-p4,100,Newton-SIN-BH,1e-7*n,9.999999999999999e-6,4,5,0.0345091,0.0251956,73.01146654070955,0.0,1.94e-5,0.0,0.0073672,0.0,0.0,0.001926900000000003,0.2358175635169765,0.0,-9.847056577352192e-15,5.329070518200751e-15,5.329070518200751e-15,1.532751246406711e-14,5.329070518200751e-15,NaN,converged,25,25,0,0,0,0,4,1.532751246406711e-14,1.12.6,lbt,1,1,Intel(R) Core(TM) 7 150U,NT,2abc7cc
degen-r5-m1-d1e-06-p4,100,Newton-SIN,1e-7*n,9.999999999999999e-6,4,9,0.0519367,0.0425779,81.9803722608483,0.0,1.72e-5,0.0,0.0088378,0.0,0.0,0.0005038000000000004,0.2358175635169765,0.0,-9.847056577352192e-15,5.329070518200751e-15,5.329070518200751e-15,1.532751246406711e-14,5.329070518200751e-15,NaN,converged,25,25,0,0,0,0,4,1.532751246406711e-14,1.12.6,lbt,1,1,Intel(R) Core(TM) 7 150U,NT,2abc7cc
degen-r5-m1-d1e-06-p4,100,AGD-SDAJ-BH,1e-7*n,1.0e-11,11,98,0.5496289,0.5436137999999999,98.90560703776674,0.0,0.0002805,0.0,0.0,0.0,0.0,0.005734600000000051,0.23581756351037889,8.000239491445858e-12,-8.01033219266253e-15,7.829292769656604e-13,7.829292769656604e-13,1.906671138229194e-12,7.829292769656604e-13,NaN,diag_feasible,0,0,31,31,0,0,11,1.532751246406711e-14,1.12.6,lbt,1,1,Intel(R) Core(TM) 7 150U,NT,2abc7cc
degen-r5-m1-d1e-06-p4,100,AGD-SDAJ,1e-7*n,1.0e-11,11,96,0.5765199,0.5685661000000001,98.62037719773421,0.0,0.0002905,0.0,0.0,0.0,0.0,0.0076632999999999,0.23581756350447958,1.6735529448985416e-11,-8.717567296233573e-15,3.1168401193326645e-12,3.1168401193326645e-12,4.448930732747667e-12,3.1168401193326645e-12,NaN,diag_feasible,0,0,31,30,1,0,11,1.532751246406711e-14,1.12.6,lbt,1,1,Intel(R) Core(TM) 7 150U,NT,2abc7cc
degen-r5-m1-d1e-06-p4,100,Dykstra-APM,1e-7*n,9.999999999999999e-6,425,425,2.6166937,2.3490991,89.7735604285668,0.0,0.0,0.0,0.0,0.1618127,0.0,0.10578189999999979,0.2358175634785301,4.3711169253023557e-11,-8.600153339862986e-15,1.2823075934420558e-12,1.2823075934420558e-12,9.721088545037e-12,1.2823075934420558e-12,NaN,diag_feasible,0,0,0,0,0,0,425,1.532751246406711e-14,1.12.6,lbt,1,1,Intel(R) Core(TM) 7 150U,NT,2abc7cc
degen-r5-m1-d1e-06-p4,100,Anderson-APM,1e-7*n,9.999999999999999e-6,55,55,0.4334154,0.2975437,68.65092933938203,0.0,0.0,0.0,0.0,0.0,0.1222505,0.013621199999999986,0.23581756353728697,3.3962245908189623e-11,-8.955843185585117e-15,4.633071704063241e-12,4.633071704063241e-12,9.216448032537324e-12,4.633071704063241e-12,NaN,diag_feasible,0,0,0,0,0,0,55,1.532751246406711e-14,1.12.6,lbt,1,1,Intel(R) Core(TM) 7 150U,NT,2abc7cc
degen-r5-m1-d1e-08-p0,100,SBB-Dual,1e-7*n,1.0e-11,213,214,1.2231763,1.2009282000000001,98.18112074277438,0.0093287,0.0006286,0.0002485,0.0,0.0,0.0,0.012042299999999881,0.23069066323705828,8.778181342572656e-12,-8.862428604208669e-15,1.3413714583521141e-12,0.0,9.488949066381304e-12,1.3413714583521141e-12,100.0,diag_feasible,0,0,0,0,0,0,213,8.076435652003053e-14,1.12.6,lbt,1,1,Intel(R) Core(TM) 7 150U,NT,2abc7cc
degen-r5-m1-d1e-08-p0,100,Newton-SIN-BH,1e-7*n,9.999999999999999e-6,5,6,0.0519581,0.031324000000000005,60.2870389794854,0.0,1.91e-5,0.0,0.019431,0.0,0.0,0.001183999999999994,0.2306906632370453,0.0,-1.1617447654849621e-14,2.0872192862952943e-14,2.0872192862952943e-14,8.076435652003053e-14,2.0872192862952943e-14,NaN,converged,35,35,0,0,0,0,5,8.076435652003053e-14,1.12.6,lbt,1,1,Intel(R) Core(TM) 7 150U,NT,2abc7cc
degen-r5-m1-d1e-08-p0,100,Newton-SIN,1e-7*n,9.999999999999999e-6,100,3060,17.3887345,16.5032894,94.90793824012896,0.0,0.0102184,0.0,0.5955243,0.0,0.0,0.2797024000000019,0.23069066293922574,2.013985992004881e-9,-9.762103412798979e-15,6.192326651444091e-10,6.192326651444091e-10,6.263851251323135e-10,6.192326651444091e-10,NaN,max_iter,1175,1175,2859,0,0,0,100,8.076435652003053e-14,1.12.6,lbt,1,1,Intel(R) Core(TM) 7 150U,NT,2abc7cc
degen-r5-m1-d1e-08-p0,100,AGD-SDAJ-BH,1e-7*n,1.0e-11,13,111,0.5249702,0.5165128999999999,98.38899427053191,0.0,0.0003086,0.0,0.0,0.0,0.0,0.008148700000000113,0.2306906632098822,3.5214008962980354e-11,-1.0090028208906614e-14,3.977485008022086e-12,3.977485008022086e-12,9.177859213716869e-12,3.977485008022086e-12,NaN,diag_feasible_at_xpre,0,0,36,36,0,0,13,8.076435652003053e-14,1.12.6,lbt,1,1,Intel(R) Core(TM) 7 150U,NT,2abc7cc
degen-r5-m1-d1e-08-p0,100,AGD-SDAJ,1e-7*n,1.0e-11,13,111,0.6561576,0.6469117999999999,98.59091779170124,0.0,0.0003123,0.0,0.0,0.0,0.0,0.008933500000000082,0.2306906632098822,3.5214008962980354e-11,-1.0090028208906614e-14,3.977485008022086e-12,3.977485008022086e-12,9.177859213716869e-12,3.977485008022086e-12,NaN,diag_feasible_at_xpre,0,0,36,36,0,0,13,8.076435652003053e-14,1.12.6,lbt,1,1,Intel(R) Core(TM) 7 150U,NT,2abc7cc
degen-r5-m1-d1e-08-p0,100,Dykstra-APM,1e-7*n,9.999999999999999e-6,435,435,2.9378621,2.5295798,86.10274117359015,0.0,0.0,0.0,0.0,0.2840554,0.0,0.12422689999999975,0.2306906631985321,4.327302995887187e-11,-1.3203852339002112e-14,1.3558043576722412e-12,1.3558043576722412e-12,9.592299313353891e-12,1.3558043576722412e-12,NaN,diag_feasible,0,0,0,0,0,0,435,8.076435652003053e-14,1.12.6,lbt,1,1,Intel(R) Core(TM) 7 150U,NT,2abc7cc
degen-r5-m1-d1e-08-p0,100,Anderson-APM,1e-7*n,9.999999999999999e-6,76,76,0.5839214,0.3947336,67.60046814519899,0.0,0.0,0.0,0.0,0.0,0.1703996,0.018788200000000005,0.23069066324366824,1.7180818378469652e-11,-8.734116166128862e-15,2.4698021405811232e-12,2.4698021405811232e-12,5.3604371386110034e-12,2.4698021405811232e-12,NaN,diag_feasible,0,0,0,0,0,0,76,8.076435652003053e-14,1.12.6,lbt,1,1,Intel(R) Core(TM) 7 150U,NT,2abc7cc
degen-r5-m1-d1e-08-p1,100,SBB-Dual,1e-7*n,1.0e-11,214,215,1.1251981,1.1106754,98.70932060763346,0.0013816,0.000593,0.0002399,0.0,0.0,0.0,0.012308199999999889,0.22537811823003526,8.298967528224932e-12,-1.0991319299450885e-14,1.31250565971186e-12,0.0,9.393512407805297e-12,1.31250565971186e-12,100.0,diag_feasible,0,0,0,0,0,0,214,1.1053830044276432e-14,1.12.6,lbt,1,1,Intel(R) Core(TM) 7 150U,NT,2abc7cc
degen-r5-m1-d1e-08-p1,100,Newton-SIN-BH,1e-7*n,9.999999999999999e-6,5,6,0.0499571,0.0295652,59.181177450252314,0.0,2.12e-5,0.0,0.019297,0.0,0.0,0.0010736999999999969,0.2253781182300516,0.0,-1.0476157640633265e-14,5.773159728050814e-15,5.773159728050814e-15,1.1053830044276432e-14,5.773159728050814e-15,NaN,converged,38,38,0,0,0,0,5,1.1053830044276432e-14,1.12.6,lbt,1,1,Intel(R) Core(TM) 7 150U,NT,2abc7cc
degen-r5-m1-d1e-08-p1,100,Newton-SIN,1e-7*n,9.999999999999999e-6,5,11,0.040762,0.0345209,84.68892596045336,0.0,1.69e-5,0.0,0.0057793,0.0,0.0,0.00044489999999999894,0.2253781182300516,0.0,-1.0476157640633265e-14,5.773159728050814e-15,5.773159728050814e-15,1.1053830044276432e-14,5.773159728050814e-15,NaN,converged,38,38,0,0,0,0,5,1.1053830044276432e-14,1.12.6,lbt,1,1,Intel(R) Core(TM) 7 150U,NT,2abc7cc
degen-r5-m1-d1e-08-p1,100,AGD-SDAJ-BH,1e-7*n,1.0e-11,9,66,0.3646549,0.3608691,98.96181293601157,0.0,0.0001719,0.0,0.0,0.0,0.0,0.003613900000000006,0.22537811824498152,1.8290429214017617e-11,-8.954270093993984e-15,2.411626454090765e-12,2.411626454090765e-12,4.689593853435643e-12,2.411626454090765e-12,NaN,diag_feasible_at_xpre,0,0,15,15,0,0,9,1.1053830044276432e-14,1.12.6,lbt,1,1,Intel(R) Core(TM) 7 150U,NT,2abc7cc
degen-r5-m1-d1e-08-p1,100,AGD-SDAJ,1e-7*n,1.0e-11,12,220,1.3019561,1.2866219,98.8222183528308,0.0,0.0008158,0.0,0.0,0.0,0.0,0.014518399999999853,0.22537811823479048,6.1194969450176676e-12,-1.0418296871211538e-14,2.992051051364797e-13,2.992051051364797e-13,1.5644585503587782e-12,2.992051051364797e-13,NaN,diag_feasible,0,0,151,35,116,0,12,1.1053830044276432e-14,1.12.6,lbt,1,1,Intel(R) Core(TM) 7 150U,NT,2abc7cc
degen-r5-m1-d1e-08-p1,100,Dykstra-APM,1e-7*n,9.999999999999999e-6,436,436,2.6371131,2.3638598,89.63816531039188,0.0,0.0,0.0,0.0,0.1678229,0.0,0.10543039999999992,0.22537811818875528,4.4941772979592425e-11,-9.321721305833927e-15,1.3953282973488967e-12,1.3953282973488967e-12,9.97995597850136e-12,1.3953282973488967e-12,NaN,diag_feasible,0,0,0,0,0,0,436,1.1053830044276432e-14,1.12.6,lbt,1,1,Intel(R) Core(TM) 7 150U,NT,2abc7cc
degen-r5-m1-d1e-08-p1,100,Anderson-APM,1e-7*n,9.999999999999999e-6,57,57,0.4087818,0.2829418,69.21585060783039,0.0,0.0,0.0,0.0,0.0,0.1124299,0.013410099999999953,0.2253781182082937,3.1673186599157714e-11,-9.794253454682814e-15,3.560041150763027e-12,3.560041150763027e-12,7.770910482278978e-12,3.560041150763027e-12,NaN,diag_feasible,0,0,0,0,0,0,57,1.1053830044276432e-14,1.12.6,lbt,1,1,Intel(R) Core(TM) 7 150U,NT,2abc7cc
degen-r5-m1-d1e-08-p2,100,SBB-Dual,1e-7*n,1.0e-11,202,203,1.0850322,1.0703063,98.64281447131246,0.0020686,0.0006559,0.000241,0.0,0.0,0.0,0.011760399999999959,0.23647751676428275,7.664828076410308e-12,-8.706647946929901e-15,1.3362644324388384e-12,0.0,9.140409672748009e-12,1.3362644324388384e-12,100.0,diag_feasible,0,0,0,0,0,0,202,1.9207820923013416e-14,1.12.6,lbt,1,1,Intel(R) Core(TM) 7 150U,NT,2abc7cc
degen-r5-m1-d1e-08-p2,100,Newton-SIN-BH,1e-7*n,9.999999999999999e-6,4,5,0.0366721,0.025758,70.23868281336493,0.0,1.83e-5,0.0,0.0101394,0.0,0.0,0.0007563999999999991,0.2364775167642181,0.0,-1.042845151291371e-14,6.217248937900877e-15,6.217248937900877e-15,1.9207820923013416e-14,6.217248937900877e-15,NaN,converged,27,27,0,0,0,0,4,1.9207820923013416e-14,1.12.6,lbt,1,1,Intel(R) Core(TM) 7 150U,NT,2abc7cc
degen-r5-m1-d1e-08-p2,100,Newton-SIN,1e-7*n,9.999999999999999e-6,5,13,0.0748272,0.06498999999999999,86.85344366754335,0.0,2.63e-5,0.0,0.0091049,0.0,0.0,0.0007060000000000035,0.23647751676430503,1.3223875331227663e-13,-8.060527100741481e-15,5.440092820663267e-15,5.440092820663267e-15,1.7739960467165854e-14,5.440092820663267e-15,NaN,converged,38,38,2,0,0,0,5,1.9207820923013416e-14,1.12.6,lbt,1,1,Intel(R) Core(TM) 7 150U,NT,2abc7cc
degen-r5-m1-d1e-08-p2,100,AGD-SDAJ-BH,1e-7*n,1.0e-11,10,86,0.4964084,0.4917246,99.05646238057213,0.0,0.0002333,0.0,0.0,0.0,0.0,0.004450500000000016,0.2364775167578184,8.421712983760235e-12,-9.00344054606009e-15,5.03375119365046e-13,5.03375119365046e-13,2.1638050309642644e-12,5.03375119365046e-13,NaN,diag_feasible,0,0,25,25,0,0,10,1.9207820923013416e-14,1.12.6,lbt,1,1,Intel(R) Core(TM) 7 150U,NT,2abc7cc
degen-r5-m1-d1e-08-p2,100,AGD-SDAJ,1e-7*n,1.0e-11,11,92,0.5295502,0.524054,98.96210028813132,0.0,0.0002819,0.0,0.0,0.0,0.0,0.005214299999999951,0.23647751674314366,2.6024598910598678e-11,-8.605538019340657e-15,1.3999912340523224e-12,1.3999912340523224e-12,6.3458301153696575e-12,1.3999912340523224e-12,NaN,diag_feasible,0,0,27,25,2,0,11,1.9207820923013416e-14,1.12.6,lbt,1,1,Intel(R) Core(TM) 7 150U,NT,2abc7cc
degen-r5-m1-d1e-08-p2,100,Dykstra-APM,1e-7*n,9.999999999999999e-6,412,412,2.5810618,2.2402723,86.79653854084393,0.0,0.0,0.0,0.0,0.2061215,0.0,0.13466800000000007,0.2364775167257029,4.3964524886067823e-11,-9.973543767423497e-15,1.432409746371377e-12,1.432409746371377e-12,9.792677799194217e-12,1.432409746371377e-12,NaN,diag_feasible,0,0,0,0,0,0,412,1.9207820923013416e-14,1.12.6,lbt,1,1,Intel(R) Core(TM) 7 150U,NT,2abc7cc
degen-r5-m1-d1e-08-p2,100,Anderson-APM,1e-7*n,9.999999999999999e-6,76,76,0.5720822,0.3805491,66.52000359388913,0.0,0.0,0.0,0.0,0.0,0.1727085,0.018824600000000025,0.23647751677814316,2.9560407624495825e-11,-9.438162505011171e-15,4.903411010559466e-12,4.903411010559466e-12,8.74200202257455e-12,4.903411010559466e-12,NaN,diag_feasible,0,0,0,0,0,0,76,1.9207820923013416e-14,1.12.6,lbt,1,1,Intel(R) Core(TM) 7 150U,NT,2abc7cc
degen-r5-m1-d1e-08-p3,100,SBB-Dual,1e-7*n,1.0e-11,205,206,1.1035648,1.0831071,98.14621669701681,0.0038564,0.0021756,0.00024,0.0,0.0,0.0,0.014185699999999912,0.2363383973316167,1.142763980558247e-11,-7.46556147897312e-15,1.52478030202019e-12,0.0,9.805517320469348e-12,1.52478030202019e-12,100.0,diag_feasible,0,0,0,0,0,0,205,2.7745803932893256e-14,1.12.6,lbt,1,1,Intel(R) Core(TM) 7 150U,NT,2abc7cc
degen-r5-m1-d1e-08-p3,100,Newton-SIN-BH,1e-7*n,9.999999999999999e-6,4,5,0.035117,0.023421099999999997,66.694478457727,0.0,1.57e-5,0.0,0.0108967,0.0,0.0,0.0007835000000000047,0.23633839733154474,0.0,-1.0904157118026755e-14,6.439293542825908e-15,6.439293542825908e-15,2.7745803932893256e-14,6.439293542825908e-15,NaN,converged,30,30,0,0,0,0,4,2.7745803932893256e-14,1.12.6,lbt,1,1,Intel(R) Core(TM) 7 150U,NT,2abc7cc
degen-r5-m1-d1e-08-p3,100,Newton-SIN,1e-7*n,9.999999999999999e-6,6,20,0.1251171,0.1107659,88.52978529713363,0.0,4.93e-5,0.0,0.0131468,0.0,0.0,0.0011551000000000079,0.23633839733160747,1.4563762737843392e-13,-1.0526058533833989e-14,2.886579864025407e-15,2.886579864025407e-15,8.300727057938825e-15,2.886579864025407e-15,NaN,converged,54,54,7,0,0,0,6,2.7745803932893256e-14,1.12.6,lbt,1,1,Intel(R) Core(TM) 7 150U,NT,2abc7cc
degen-r5-m1-d1e-08-p3,100,AGD-SDAJ-BH,1e-7*n,1.0e-11,10,86,0.3965661,0.3920886,98.87093223550879,0.0,0.0002112,0.0,0.0,0.0,0.0,0.004266299999999968,0.23633839731777345,1.9180970119968346e-11,-8.944474291295562e-15,3.8187231155006884e-12,3.8187231155006884e-12,5.283746775895699e-12,3.8187231155006884e-12,NaN,diag_feasible,0,0,27,27,0,0,10,2.7745803932893256e-14,1.12.6,lbt,1,1,Intel(R) Core(TM) 7 150U,NT,2abc7cc
degen-r5-m1-d1e-08-p3,100,AGD-SDAJ,1e-7*n,1.0e-11,11,97,0.5532023,0.5430618,98.1669454375009,0.0,0.0002741,0.0,0.0,0.0,0.0,0.009866399999999997,0.2363383973200893,1.4494274675407026e-11,-1.3270653752154427e-14,1.6076029396572267e-12,1.6076029396572267e-12,3.5600651652360726e-12,1.6076029396572267e-12,NaN,diag_feasible,0,0,30,28,2,0,11,2.7745803932893256e-14,1.12.6,lbt,1,1,Intel(R) Core(TM) 7 150U,NT,2abc7cc
degen-r5-m1-d1e-08-p3,100,Dykstra-APM,1e-7*n,9.999999999999999e-6,419,419,2.5690798,2.3377649,90.99619638128796,0.0,0.0,0.0,0.0,0.1244272,0.0,0.1068877000000001,0.23633839729283412,4.493162216954765e-11,-8.722489726592912e-15,1.5414336473895673e-12,1.5414336473895673e-12,9.94084660674211e-12,1.5414336473895673e-12,NaN,diag_feasible,0,0,0,0,0,0,419,2.7745803932893256e-14,1.12.6,lbt,1,1,Intel(R) Core(TM) 7 150U,NT,2abc7cc
degen-r5-m1-d1e-08-p3,100,Anderson-APM,1e-7*n,9.999999999999999e-6,147,147,1.3764238,0.9102871,66.13421680154035,0.0,0.0,0.0,0.0,0.0,0.3910996,0.07503709999999997,0.23633839735390363,3.167090217444159e-11,-1.242963787432761e-14,2.1574964037540667e-12,2.1574964037540667e-12,8.215312500655027e-12,2.1574964037540667e-12,NaN,diag_feasible,0,0,0,0,0,0,147,2.7745803932893256e-14,1.12.6,lbt,1,1,Intel(R) Core(TM) 7 150U,NT,2abc7cc
degen-r5-m1-d1e-08-p4,100,SBB-Dual,1e-7*n,1.0e-11,205,206,1.0917468,1.0766699,98.61901129456025,0.0024205,0.0005715,0.0002407,0.0,0.0,0.0,0.01184419999999995,0.23581792615541128,7.1572776584081324e-12,-1.2587393354496208e-14,1.248556813493451e-12,0.0,9.460516064695071e-12,1.248556813493451e-12,100.0,diag_feasible,0,0,0,0,0,0,205,1.9422240450457113e-14,1.12.6,lbt,1,1,Intel(R) Core(TM) 7 150U,NT,2abc7cc
degen-r5-m1-d1e-08-p4,100,Newton-SIN-BH,1e-7*n,9.999999999999999e-6,4,5,0.0317269,0.0235387,74.19161657773057,0.0,8.55e-5,0.0,0.0071172,0.0,0.0,0.0009855000000000029,0.2358179261554577,0.0,-7.811271803969917e-15,4.884981308350689e-15,4.884981308350689e-15,1.9422240450457113e-14,4.884981308350689e-15,NaN,converged,27,27,0,0,0,0,4,1.9422240450457113e-14,1.12.6,lbt,1,1,Intel(R) Core(TM) 7 150U,NT,2abc7cc
degen-r5-m1-d1e-08-p4,100,Newton-SIN,1e-7*n,9.999999999999999e-6,4,9,0.052604,0.044594999999999996,84.774922059159,0.0,1.99e-5,0.0,0.0070585,0.0,0.0,0.0009306000000000028,0.2358179261554577,0.0,-7.811271803969917e-15,4.884981308350689e-15,4.884981308350689e-15,1.9422240450457113e-14,4.884981308350689e-15,NaN,converged,27,27,0,0,0,0,4,1.9422240450457113e-14,1.12.6,lbt,1,1,Intel(R) Core(TM) 7 150U,NT,2abc7cc
degen-r5-m1-d1e-08-p4,100,AGD-SDAJ-BH,1e-7*n,1.0e-11,11,85,0.4517147,0.447075,98.97286937972132,0.0,0.0002455,0.0,0.0,0.0,0.0,0.004394200000000024,0.2358179261334503,2.7902340906718e-11,-9.583894634036647e-15,2.2760682227840334e-12,2.2760682227840334e-12,7.001536443224047e-12,2.2760682227840334e-12,NaN,diag_feasible_at_xpre,0,0,22,22,0,0,11,1.9422240450457113e-14,1.12.6,lbt,1,1,Intel(R) Core(TM) 7 150U,NT,2abc7cc
degen-r5-m1-d1e-08-p4,100,AGD-SDAJ,1e-7*n,1.0e-11,11,102,0.5130574,0.5056896,98.56394235810652,0.0,0.0003771,0.0,0.0,0.0,0.0,0.006990700000000035,0.23581792614049463,2.0892235751103276e-11,-1.0627370156043443e-14,2.4014124022642136e-12,2.4014124022642136e-12,5.5106364708738636e-12,2.4014124022642136e-12,NaN,diag_feasible,0,0,35,29,6,0,11,1.9422240450457113e-14,1.12.6,lbt,1,1,Intel(R) Core(TM) 7 150U,NT,2abc7cc
degen-r5-m1-d1e-08-p4,100,Dykstra-APM,1e-7*n,9.999999999999999e-6,419,419,2.6189203,2.4047943,91.82388253663159,0.0,0.0,0.0,0.0,0.1112992,0.0,0.10282680000000026,0.23581792611742805,4.3237235278120744e-11,-8.904681675460856e-15,1.2660983372825285e-12,1.2660983372825285e-12,9.603490824468085e-12,1.2660983372825285e-12,NaN,diag_feasible,0,0,0,0,0,0,419,1.9422240450457113e-14,1.12.6,lbt,1,1,Intel(R) Core(TM) 7 150U,NT,2abc7cc
degen-r5-m1-d1e-08-p4,100,Anderson-APM,1e-7*n,9.999999999999999e-6,53,53,0.4140167,0.2788105,67.34281491543699,0.0,0.0,0.0,0.0,0.0,0.1218212,0.013384999999999994,0.2358179261817349,3.266492328527007e-11,-7.72108335685518e-15,2.1673773886732306e-12,2.1673773886732306e-12,7.738257725494895e-12,2.1673773886732306e-12,NaN,diag_feasible,0,0,0,0,0,0,53,1.9422240450457113e-14,1.12.6,lbt,1,1,Intel(R) Core(TM) 7 150U,NT,2abc7cc
degen-r5-m1-d1e-10-p0,100,SBB-Dual,1e-7*n,1.0e-11,212,213,1.1846684,1.1648509,98.32716902046175,0.0026181,0.0007774,0.000682,0.0,0.0,0.0,0.015740000000000046,0.23069066591944312,8.638733838204806e-12,-1.062339375223701e-14,1.3382628338831637e-12,0.0,9.336516949267326e-12,1.3382628338831637e-12,100.0,diag_feasible,0,0,0,0,0,0,212,2.3017255561117053e-14,1.12.6,lbt,1,1,Intel(R) Core(TM) 7 150U,NT,2abc7cc
degen-r5-m1-d1e-10-p0,100,Newton-SIN-BH,1e-7*n,9.999999999999999e-6,5,6,0.081713,0.059800700000000005,73.18382631894559,0.0,2.03e-5,0.0,0.0209463,0.0,0.0,0.0009456999999999868,0.23069066591943396,6.962227197698016e-13,-1.0172503536868235e-14,2.9976021664879227e-14,2.9976021664879227e-14,1.131428932597352e-13,2.9976021664879227e-14,NaN,converged,37,37,0,0,0,0,5,2.3017255561117053e-14,1.12.6,lbt,1,1,Intel(R) Core(TM) 7 150U,NT,2abc7cc
degen-r5-m1-d1e-10-p0,100,Newton-SIN,1e-7*n,9.999999999999999e-6,10,62,0.4015156,0.3705485,92.28744786005825,0.0,0.0001663,0.0,0.0270085,0.0,0.0,0.0037922999999999672,0.23069066591944914,1.8328480845912926e-13,-9.891498363697616e-15,4.218847493575595e-15,4.218847493575595e-15,1.068470702113321e-14,4.218847493575595e-15,NaN,converged,102,102,41,0,0,0,10,2.3017255561117053e-14,1.12.6,lbt,1,1,Intel(R) Core(TM) 7 150U,NT,2abc7cc
degen-r5-m1-d1e-10-p0,100,AGD-SDAJ-BH,1e-7*n,1.0e-11,15,121,0.6922236,0.683113,98.68386457786183,0.0,0.0003655,0.0,0.0,0.0,0.0,0.00874510000000008,0.2306906658987079,3.144864300148921e-11,-1.0942966033907827e-14,3.273714632712199e-12,3.273714632712199e-12,8.85421904660082e-12,3.273714632712199e-12,NaN,diag_feasible_at_xpre,0,0,34,34,0,0,15,2.3017255561117053e-14,1.12.6,lbt,1,1,Intel(R) Core(TM) 7 150U,NT,2abc7cc
degen-r5-m1-d1e-10-p0,100,AGD-SDAJ,1e-7*n,1.0e-11,14,132,0.7529236,0.7419444,98.54179095993271,0.0,0.0006828,0.0,0.0,0.0,0.0,0.010296400000000077,0.23069066589761683,2.6693811882620374e-11,-9.11672567591631e-15,1.5800694086465228e-12,1.5800694086465228e-12,6.474075112028177e-12,1.5800694086465228e-12,NaN,diag_feasible,0,0,47,40,7,0,14,2.3017255561117053e-14,1.12.6,lbt,1,1,Intel(R) Core(TM) 7 150U,NT,2abc7cc
degen-r5-m1-d1e-10-p0,100,Dykstra-APM,1e-7*n,9.999999999999999e-6,432,432,2.7486576,2.4315676,88.46382321319324,0.0,0.0,0.0,0.0,0.2026194,0.0,0.11447059999999987,0.23069066587952294,4.484428171020129e-11,-1.055335965898262e-14,1.425526363618701e-12,1.425526363618701e-12,9.939419116937429e-12,1.425526363618701e-12,NaN,diag_feasible,0,0,0,0,0,0,432,2.3017255561117053e-14,1.12.6,lbt,1,1,Intel(R) Core(TM) 7 150U,NT,2abc7cc
degen-r5-m1-d1e-10-p0,100,Anderson-APM,1e-7*n,9.999999999999999e-6,69,69,0.5291305,0.3533361,66.77674033154392,0.0,0.0,0.0,0.0,0.0,0.160785,0.01500939999999995,0.2306906659282055,2.8566039169207984e-11,-1.1153040969642553e-14,3.460565167756613e-12,3.460565167756613e-12,8.407308134080106e-12,3.460565167756613e-12,NaN,diag_feasible,0,0,0,0,0,0,69,2.3017255561117053e-14,1.12.6,lbt,1,1,Intel(R) Core(TM) 7 150U,NT,2abc7cc
degen-r5-m1-d1e-10-p1,100,SBB-Dual,1e-7*n,1.0e-11,213,214,1.1855238,1.1677309,98.49915286390709,0.0020648,0.0007383,0.0002457,0.0,0.0,0.0,0.01474409999999989,0.22537811990996748,8.574282546800704e-12,-9.331457225641002e-15,1.3731238368563936e-12,0.0,9.712015300234625e-12,1.3731238368563936e-12,100.0,diag_feasible,0,0,0,0,0,0,213,1.2986287783438322e-14,1.12.6,lbt,1,1,Intel(R) Core(TM) 7 150U,NT,2abc7cc
degen-r5-m1-d1e-10-p1,100,Newton-SIN-BH,1e-7*n,9.999999999999999e-6,5,6,0.0428347,0.028658899999999998,66.90580300550721,0.0,1.87e-5,0.0,0.0125175,0.0,0.0,0.001639600000000005,0.22537811990995277,0.0,-8.926400833705306e-15,7.549516567451064e-15,7.549516567451064e-15,1.2986287783438322e-14,7.549516567451064e-15,NaN,converged,40,40,0,0,0,0,5,1.2986287783438322e-14,1.12.6,lbt,1,1,Intel(R) Core(TM) 7 150U,NT,2abc7cc
degen-r5-m1-d1e-10-p1,100,Newton-SIN,1e-7*n,9.999999999999999e-6,100,2943,19.0098104,18.260075,96.05606061173552,0.0,0.0096451,0.0,0.5031741,0.0,0.0,0.2369161999999988,0.22537812000919233,1.7086081572160124e-9,-9.40203311748761e-15,9.610738871401736e-10,9.610738871401736e-10,1.006206491392479e-9,9.610738871401736e-10,NaN,max_iter,1274,1274,2742,0,0,0,100,1.2986287783438322e-14,1.12.6,lbt,1,1,Intel(R) Core(TM) 7 150U,NT,2abc7cc
degen-r5-m1-d1e-10-p1,100,AGD-SDAJ-BH,1e-7*n,1.0e-11,7,55,0.2903105,0.2838414,97.77166172081272,0.0,0.000232,0.0,0.0,0.0,0.0,0.006237100000000006,0.22537811993229834,2.9438068581858204e-11,-8.14794209880136e-15,2.6083579740543428e-12,2.6083579740543428e-12,7.706668519631524e-12,2.6083579740543428e-12,NaN,diag_feasible,0,0,12,12,0,0,7,1.2986287783438322e-14,1.12.6,lbt,1,1,Intel(R) Core(TM) 7 150U,NT,2abc7cc
degen-r5-m1-d1e-10-p1,100,AGD-SDAJ,1e-7*n,1.0e-11,7,59,0.3431576,0.3321483,96.79176564936927,0.0,0.0002729,0.0,0.0,0.0,0.0,0.0107364,0.22537811993236112,2.945655719659155e-11,-9.020479816112965e-15,2.5937030301292907e-12,2.5937030301292907e-12,7.701692284372932e-12,2.5937030301292907e-12,NaN,diag_feasible,0,0,16,12,4,0,7,1.2986287783438322e-14,1.12.6,lbt,1,1,Intel(R) Core(TM) 7 150U,NT,2abc7cc
degen-r5-m1-d1e-10-p1,100,Dykstra-APM,1e-7*n,9.999999999999999e-6,435,435,2.763997,2.5009815,90.48423352123754,0.0,0.0,0.0,0.0,0.1577035,0.0,0.10531199999999985,0.2253781198693997,4.4117185499558285e-11,-8.47790097835552e-15,1.3875567361765206e-12,1.3875567361765206e-12,9.804020526217853e-12,1.3875567361765206e-12,NaN,diag_feasible,0,0,0,0,0,0,435,1.2986287783438322e-14,1.12.6,lbt,1,1,Intel(R) Core(TM) 7 150U,NT,2abc7cc
degen-r5-m1-d1e-10-p1,100,Anderson-APM,1e-7*n,9.999999999999999e-6,66,66,0.5233855,0.3594013,68.6685626560155,0.0,0.0,0.0,0.0,0.0,0.1443023,0.019681899999999974,0.22537811993362897,3.196307759082335e-11,-1.0805995982948025e-14,2.5975888107154788e-12,2.5975888107154788e-12,7.654980787513858e-12,2.5975888107154788e-12,NaN,diag_feasible,0,0,0,0,0,0,66,1.2986287783438322e-14,1.12.6,lbt,1,1,Intel(R) Core(TM) 7 150U,NT,2abc7cc
degen-r5-m1-d1e-10-p2,100,SBB-Dual,1e-7*n,1.0e-11,198,199,1.120088,1.1032401,98.49584139817586,0.0014952,0.0006495,0.0002459,0.0,0.0,0.0,0.014457299999999914,0.2364775205086743,7.61651506063527e-12,-9.161671830727017e-15,1.334043986389588e-12,0.0,9.021496587135819e-12,1.334043986389588e-12,100.0,diag_feasible,0,0,0,0,0,0,198,1.5157695690493977e-14,1.12.6,lbt,1,1,Intel(R) Core(TM) 7 150U,NT,2abc7cc
degen-r5-m1-d1e-10-p2,100,Newton-SIN-BH,1e-7*n,9.999999999999999e-6,4,5,0.0360724,0.027342699999999998,75.79950322129937,0.0,1.92e-5,0.0,0.0078351,0.0,0.0,0.0008754000000000001,0.23647752050866844,0.0,-1.1244076479996831e-14,4.440892098500626e-15,4.440892098500626e-15,1.5157695690493977e-14,4.440892098500626e-15,NaN,converged,29,29,0,0,0,0,4,1.5157695690493977e-14,1.12.6,lbt,1,1,Intel(R) Core(TM) 7 150U,NT,2abc7cc
degen-r5-m1-d1e-10-p2,100,Newton-SIN,1e-7*n,9.999999999999999e-6,6,21,0.1278744,0.110978,86.78672197093398,0.0,5.93e-5,0.0,0.0155033,0.0,0.0,0.0013338000000000048,0.23647752050868714,1.0809682789929065e-13,-8.27861146405336e-15,4.6629367034256575e-15,4.6629367034256575e-15,1.8190725599517086e-14,4.6629367034256575e-15,NaN,converged,53,53,8,0,0,0,6,1.5157695690493977e-14,1.12.6,lbt,1,1,Intel(R) Core(TM) 7 150U,NT,2abc7cc
degen-r5-m1-d1e-10-p2,100,AGD-SDAJ-BH,1e-7*n,1.0e-11,11,97,0.6056433,0.5989327,98.8919880728475,0.0,0.0002878,0.0,0.0,0.0,0.0,0.006422800000000011,0.23647752048508575,2.931129788725551e-11,-8.31275869901992e-15,1.893818435405592e-12,1.893818435405592e-12,7.105452389616667e-12,1.893818435405592e-12,NaN,diag_feasible,0,0,30,30,0,0,11,1.5157695690493977e-14,1.12.6,lbt,1,1,Intel(R) Core(TM) 7 150U,NT,2abc7cc
degen-r5-m1-d1e-10-p2,100,AGD-SDAJ,1e-7*n,1.0e-11,12,102,0.615547,0.6086391999999999,98.87777862616501,0.0,0.0002963,0.0,0.0,0.0,0.0,0.006611500000000019,0.23647752049833323,1.4490675058195588e-11,-9.120154284253942e-15,2.3714363805993344e-12,2.3714363805993344e-12,3.7698066021283835e-12,2.3714363805993344e-12,NaN,diag_feasible_at_xpre,0,0,33,25,8,0,12,1.5157695690493977e-14,1.12.6,lbt,1,1,Intel(R) Core(TM) 7 150U,NT,2abc7cc
degen-r5-m1-d1e-10-p2,100,Dykstra-APM,1e-7*n,9.999999999999999e-6,404,404,2.9973009,2.6882646,89.6895136554358,0.0,0.0,0.0,0.0,0.1808209,0.0,0.1282153999999998,0.23647752047052975,4.3588314514768917e-11,-7.423058857037448e-15,1.4361845046551025e-12,1.4361845046551025e-12,9.69806966401372e-12,1.4361845046551025e-12,NaN,diag_feasible,0,0,0,0,0,0,404,1.5157695690493977e-14,1.12.6,lbt,1,1,Intel(R) Core(TM) 7 150U,NT,2abc7cc
degen-r5-m1-d1e-10-p2,100,Anderson-APM,1e-7*n,9.999999999999999e-6,77,77,0.5684898,0.3811483,67.04575878054452,0.0,0.0,0.0,0.0,0.0,0.1675325,0.01980900000000005,0.23647752053771257,3.796472075197362e-11,-8.173774774927907e-15,3.204769782882977e-12,3.204769782882977e-12,9.500892275308635e-12,3.204769782882977e-12,NaN,diag_feasible,0,0,0,0,0,0,77,1.5157695690493977e-14,1.12.6,lbt,1,1,Intel(R) Core(TM) 7 150U,NT,2abc7cc
degen-r5-m1-d1e-10-p3,100,SBB-Dual,1e-7*n,1.0e-11,201,202,1.1260609,1.1124623,98.7923743733576,0.0015392,0.0005825,0.000245,0.0,0.0,0.0,0.011231899999999906,0.23633840104879192,1.1458850073546879e-11,-1.3967720209790584e-14,1.5714096690544466e-12,0.0,9.976776469094008e-12,1.5714096690544466e-12,100.0,diag_feasible,0,0,0,0,0,0,201,2.0691888659779323e-14,1.12.6,lbt,1,1,Intel(R) Core(TM) 7 150U,NT,2abc7cc
degen-r5-m1-d1e-10-p3,100,Newton-SIN-BH,1e-7*n,9.999999999999999e-6,4,5,0.040736,0.027267700000000002,66.93759819324431,0.0,1.73e-5,0.0,0.0126565,0.0,0.0,0.0007945000000000001,0.23633840104875223,0.0,-1.2117171089065445e-14,5.995204332975845e-15,5.995204332975845e-15,2.0691888659779323e-14,5.995204332975845e-15,NaN,converged,32,32,0,0,0,0,4,2.0691888659779323e-14,1.12.6,lbt,1,1,Intel(R) Core(TM) 7 150U,NT,2abc7cc
degen-r5-m1-d1e-10-p3,100,Newton-SIN,1e-7*n,9.999999999999999e-6,100,2557,16.3350887,15.5058726,94.92371229058585,0.0,0.0134988,0.0,0.6146953,0.0,0.0,0.20102200000000003,0.23633840103194428,5.7380930345715556e-11,-9.96218986143985e-15,1.3320455849452628e-11,1.3320455849452628e-11,1.591163425142315e-11,1.3320455849452628e-11,NaN,max_iter,1376,1376,2356,0,0,0,100,2.0691888659779323e-14,1.12.6,lbt,1,1,Intel(R) Core(TM) 7 150U,NT,2abc7cc
degen-r5-m1-d1e-10-p3,100,AGD-SDAJ-BH,1e-7*n,1.0e-11,12,111,0.6914798,0.6827781,98.74158290668795,0.0,0.0003198,0.0,0.0,0.0,0.0,0.008381899999999923,0.236338401042687,2.221904195875145e-11,-9.81881672608157e-15,3.710587392902198e-12,3.710587392902198e-12,6.532777489413432e-12,3.710587392902198e-12,NaN,diag_feasible,0,0,40,40,0,0,12,2.0691888659779323e-14,1.12.6,lbt,1,1,Intel(R) Core(TM) 7 150U,NT,2abc7cc
degen-r5-m1-d1e-10-p3,100,AGD-SDAJ,1e-7*n,1.0e-11,127,4026,22.6951793,22.2933504,98.22945263093824,0.0,0.0163831,0.0,0.0,0.0,0.0,0.3854457999999982,0.23633839699147305,6.517658773238e-9,-1.2802843669061772e-14,6.629874427233062e-10,6.629874427233062e-10,1.7521418478559459e-9,6.629874427233062e-10,NaN,evd_budget,0,0,3383,152,3231,0,127,2.0691888659779323e-14,1.12.6,lbt,1,1,Intel(R) Core(TM) 7 150U,NT,2abc7cc
degen-r5-m1-d1e-10-p3,100,Dykstra-APM,1e-7*n,9.999999999999999e-6,412,412,2.3676659,2.1248623,89.74502272470116,0.0,0.0,0.0,0.0,0.1575003,0.0,0.08530329999999978,0.2363384010111296,4.352206625506009e-11,-8.004493449977315e-15,1.5205614545266144e-12,1.5205614545266144e-12,9.635481158653575e-12,1.5205614545266144e-12,NaN,diag_feasible,0,0,0,0,0,0,412,2.0691888659779323e-14,1.12.6,lbt,1,1,Intel(R) Core(TM) 7 150U,NT,2abc7cc
degen-r5-m1-d1e-10-p3,100,Anderson-APM,1e-7*n,9.999999999999999e-6,146,146,1.1430905,0.7664585,67.05142768660924,0.0,0.0,0.0,0.0,0.0,0.3419437,0.03468829999999995,0.2363384010820241,4.0374193719818814e-11,-9.277389241312441e-15,2.0224932839596477e-12,2.0224932839596477e-12,9.291072865902452e-12,2.0224932839596477e-12,NaN,diag_feasible,0,0,0,0,0,0,146,2.0691888659779323e-14,1.12.6,lbt,1,1,Intel(R) Core(TM) 7 150U,NT,2abc7cc
degen-r5-m1-d1e-10-p4,100,SBB-Dual,1e-7*n,1.0e-11,202,203,1.116614,1.101082,98.60900902191803,0.0013187,0.00058,0.0002441,0.0,0.0,0.0,0.013389200000000101,0.23581792978181118,7.135165957325119e-12,-9.006887076416413e-15,1.2561063300609021e-12,0.0,9.334897385133099e-12,1.2561063300609021e-12,100.0,diag_feasible,0,0,0,0,0,0,202,2.0827263148536916e-14,1.12.6,lbt,1,1,Intel(R) Core(TM) 7 150U,NT,2abc7cc
degen-r5-m1-d1e-10-p4,100,Newton-SIN-BH,1e-7*n,9.999999999999999e-6,6,8,0.0620313,0.046383900000000006,74.7749926246911,0.0,5.81e-5,0.0,0.0143615,0.0,0.0,0.0012277999999999924,0.23581792978185576,0.0,-9.232793608829322e-15,4.773959005888173e-15,4.773959005888173e-15,2.0827263148536916e-14,4.773959005888173e-15,NaN,converged,54,54,1,0,0,0,6,2.0827263148536916e-14,1.12.6,lbt,1,1,Intel(R) Core(TM) 7 150U,NT,2abc7cc
degen-r5-m1-d1e-10-p4,100,Newton-SIN,1e-7*n,9.999999999999999e-6,5,12,0.0768081,0.06549880000000001,85.27590189055582,0.0,2.51e-5,0.0,0.0106201,0.0,0.0,0.0006640999999999939,0.23581792978188365,1.6614474664414974e-13,-1.0286606414675639e-14,5.329070518200751e-15,5.329070518200751e-15,2.338093841928756e-14,5.329070518200751e-15,NaN,converged,40,40,1,0,0,0,5,2.0827263148536916e-14,1.12.6,lbt,1,1,Intel(R) Core(TM) 7 150U,NT,2abc7cc
degen-r5-m1-d1e-10-p4,100,AGD-SDAJ-BH,1e-7*n,1.0e-11,13,112,0.6602673,0.6517841,98.71518701592521,0.0,0.0003284,0.0,0.0,0.0,0.0,0.008154800000000025,0.23581792976070423,3.0840113312299805e-11,-8.66259068483173e-15,4.785838392251662e-12,4.785838392251662e-12,8.451631134934263e-12,4.785838392251662e-12,NaN,diag_feasible_at_xpre,0,0,37,37,0,0,13,2.0827263148536916e-14,1.12.6,lbt,1,1,Intel(R) Core(TM) 7 150U,NT,2abc7cc
degen-r5-m1-d1e-10-p4,100,AGD-SDAJ,1e-7*n,1.0e-11,12,119,0.4601055,0.45466049999999997,98.81657576360203,0.0,0.0002824,0.0,0.0,0.0,0.0,0.005162600000000033,0.23581792975280536,3.552194249549623e-11,-9.694745212131337e-15,2.9387603461827894e-12,2.9387603461827894e-12,8.611503952621543e-12,2.9387603461827894e-12,NaN,diag_feasible,0,0,46,41,5,0,12,2.0827263148536916e-14,1.12.6,lbt,1,1,Intel(R) Core(TM) 7 150U,NT,2abc7cc
degen-r5-m1-d1e-10-p4,100,Dykstra-APM,1e-7*n,9.999999999999999e-6,412,412,2.5911793,2.3483891,90.63012737096194,0.0,0.0,0.0,0.0,0.1285543,0.0,0.11423589999999995,0.2358179297423301,4.497520732490007e-11,-7.978007143655351e-15,1.3482548411047901e-12,1.3482548411047901e-12,9.99367574998889e-12,1.3482548411047901e-12,NaN,diag_feasible,0,0,0,0,0,0,412,2.0827263148536916e-14,1.12.6,lbt,1,1,Intel(R) Core(TM) 7 150U,NT,2abc7cc
degen-r5-m1-d1e-10-p4,100,Anderson-APM,1e-7*n,9.999999999999999e-6,48,48,0.357628,0.2437564,68.15920453655754,0.0,0.0,0.0,0.0,0.0,0.0930366,0.020834999999999992,0.2358179297567959,3.630441909555585e-11,-9.986188926050396e-15,4.332312286692286e-12,4.332312286692286e-12,9.54546758422127e-12,4.332312286692286e-12,NaN,diag_feasible,0,0,0,0,0,0,48,2.0827263148536916e-14,1.12.6,lbt,1,1,Intel(R) Core(TM) 7 150U,NT,2abc7cc
degen-r5-m1-d0-p0,100,SBB-Dual,1e-7*n,1.0e-11,211,212,1.1214681,1.1065239999999998,98.66745206573418,0.0015077,0.0006086,8.71e-5,0.0,0.0,0.0,0.012740700000000126,0.23069066594653656,1.0610431000846703e-11,-9.681421173229545e-15,1.4452883334570288e-12,0.0,9.879122737509752e-12,1.4452883334570288e-12,100.0,diag_feasible,0,0,0,0,0,0,211,2.4767430942082896e-14,1.12.6,lbt,1,1,Intel(R) Core(TM) 7 150U,NT,2abc7cc
degen-r5-m1-d0-p0,100,Newton-SIN-BH,1e-7*n,9.999999999999999e-6,4,5,0.0394513,0.033410999999999996,84.6892244362036,0.0,1.75e-5,0.0,0.0052648,0.0,0.0,0.0007580000000000052,0.23069066594652157,0.0,-8.426877874406675e-15,6.439293542825908e-15,6.439293542825908e-15,2.4767430942082896e-14,6.439293542825908e-15,NaN,converged,24,24,0,0,0,0,4,2.4767430942082896e-14,1.12.6,lbt,1,1,Intel(R) Core(TM) 7 150U,NT,2abc7cc
degen-r5-m1-d0-p0,100,Newton-SIN,1e-7*n,9.999999999999999e-6,6,16,0.1013292,0.0883,87.14171235931992,0.0,3.11e-5,0.0,0.0120231,0.0,0.0,0.0009749999999999915,0.23069066594656637,3.330729003982691e-13,-8.519061202553065e-15,6.772360450213455e-15,6.772360450213455e-15,2.3721130211349942e-14,6.772360450213455e-15,NaN,converged,46,46,3,0,0,0,6,2.4767430942082896e-14,1.12.6,lbt,1,1,Intel(R) Core(TM) 7 150U,NT,2abc7cc
degen-r5-m1-d0-p0,100,AGD-SDAJ-BH,1e-7*n,1.0e-11,13,111,0.6223309,0.6138807000000001,98.64216930253664,0.0,0.0003825,0.0,0.0,0.0,0.0,0.008067699999999964,0.23069066593066073,2.7959747137589923e-11,-1.0370413293102438e-14,3.4195979381479447e-12,3.4195979381479447e-12,8.01218581650592e-12,3.4195979381479447e-12,NaN,diag_feasible,0,0,32,32,0,0,13,2.4767430942082896e-14,1.12.6,lbt,1,1,Intel(R) Core(TM) 7 150U,NT,2abc7cc
degen-r5-m1-d0-p0,100,AGD-SDAJ,1e-7*n,1.0e-11,13,120,0.5768774,0.5664176,98.18682444484737,0.0,0.0004471,0.0,0.0,0.0,0.0,0.010012700000000018,0.23069066592284135,3.168652093179885e-11,-8.754420663211247e-15,3.994582442601313e-12,3.994582442601313e-12,8.356905704945784e-12,3.994582442601313e-12,NaN,diag_feasible,0,0,43,33,10,0,13,2.4767430942082896e-14,1.12.6,lbt,1,1,Intel(R) Core(TM) 7 150U,NT,2abc7cc
degen-r5-m1-d0-p0,100,Dykstra-APM,1e-7*n,9.999999999999999e-6,431,431,2.8094102,2.5371406,90.30865624393334,0.0,0.0,0.0,0.0,0.1543183,0.0,0.11795130000000001,0.23069066590660114,4.451520774191431e-11,-8.225368124387806e-15,1.4623857680362562e-12,1.4623857680362562e-12,9.991601160406502e-12,1.4623857680362562e-12,NaN,diag_feasible,0,0,0,0,0,0,431,2.4767430942082896e-14,1.12.6,lbt,1,1,Intel(R) Core(TM) 7 150U,NT,2abc7cc
degen-r5-m1-d0-p0,100,Anderson-APM,1e-7*n,9.999999999999999e-6,75,75,0.5808458,0.3991826,68.72436712118775,0.0,0.0,0.0,0.0,0.0,0.1554268,0.026236399999999965,0.2306906659376701,1.1762034397976223e-11,-8.183771750391911e-15,8.999467837611519e-13,8.999467837611519e-13,3.3316155451535445e-12,8.999467837611519e-13,NaN,diag_feasible,0,0,0,0,0,0,75,2.4767430942082896e-14,1.12.6,lbt,1,1,Intel(R) Core(TM) 7 150U,NT,2abc7cc
degen-r5-m1-d0-p1,100,SBB-Dual,1e-7*n,1.0e-11,213,214,1.1624488,1.1450709,98.50506104010775,0.0016793,0.000758,0.0002486,0.0,0.0,0.0,0.014692000000000056,0.22537811992693513,9.259882969133409e-12,-8.580492620620831e-15,1.3558043576722412e-12,0.0,9.43307263622586e-12,1.3558043576722412e-12,100.0,diag_feasible,0,0,0,0,0,0,213,1.0434915276310958e-14,1.12.6,lbt,1,1,Intel(R) Core(TM) 7 150U,NT,2abc7cc
degen-r5-m1-d0-p1,100,Newton-SIN-BH,1e-7*n,9.999999999999999e-6,4,5,0.0312715,0.0228181,72.9677182098716,0.0,1.6e-5,0.0,0.0072038,0.0,0.0,0.0012335999999999996,0.22537811992693751,0.0,-9.609750687967527e-15,3.774758283725532e-15,3.774758283725532e-15,1.0434915276310958e-14,3.774758283725532e-15,NaN,converged,27,27,0,0,0,0,4,1.0434915276310958e-14,1.12.6,lbt,1,1,Intel(R) Core(TM) 7 150U,NT,2abc7cc
degen-r5-m1-d0-p1,100,Newton-SIN,1e-7*n,9.999999999999999e-6,4,9,0.0605685,0.0535934,88.48394792672758,0.0,1.76e-5,0.0,0.0064307,0.0,0.0,0.0005267999999999974,0.22537811992693751,0.0,-9.609750687967527e-15,3.774758283725532e-15,3.774758283725532e-15,1.0434915276310958e-14,3.774758283725532e-15,NaN,converged,27,27,0,0,0,0,4,1.0434915276310958e-14,1.12.6,lbt,1,1,Intel(R) Core(TM) 7 150U,NT,2abc7cc
degen-r5-m1-d0-p1,100,AGD-SDAJ-BH,1e-7*n,1.0e-11,9,75,0.3859645,0.3809877,98.71055498627466,0.0,0.0001993,0.0,0.0,0.0,0.0,0.004777500000000003,0.2253781199386251,1.4162559831811094e-11,-1.1421444127660365e-14,1.5665246877460959e-12,1.5665246877460959e-12,3.554669298015742e-12,1.5665246877460959e-12,NaN,diag_feasible,0,0,20,20,0,0,9,1.0434915276310958e-14,1.12.6,lbt,1,1,Intel(R) Core(TM) 7 150U,NT,2abc7cc
degen-r5-m1-d0-p1,100,AGD-SDAJ,1e-7*n,1.0e-11,15,265,1.4321644,1.4179758999999998,99.00929669806064,0.0,0.0006941,0.0,0.0,0.0,0.0,0.01349440000000016,0.2253781199590328,3.6441353430548896e-11,-1.0914362311278912e-14,3.8185010708957634e-12,3.8185010708957634e-12,8.612597404228757e-12,3.8185010708957634e-12,NaN,diag_feasible,0,0,182,31,151,0,15,1.0434915276310958e-14,1.12.6,lbt,1,1,Intel(R) Core(TM) 7 150U,NT,2abc7cc
degen-r5-m1-d0-p1,100,Dykstra-APM,1e-7*n,9.999999999999999e-6,435,435,2.4807986,2.2201269,89.49242796251174,0.0,0.0,0.0,0.0,0.1222028,0.0,0.13846890000000006,0.22537811988746706,4.260611780033391e-11,-8.905562174852948e-15,1.3702372569923682e-12,1.3702372569923682e-12,9.534475963781505e-12,1.3702372569923682e-12,NaN,diag_feasible,0,0,0,0,0,0,435,1.0434915276310958e-14,1.12.6,lbt,1,1,Intel(R) Core(TM) 7 150U,NT,2abc7cc
degen-r5-m1-d0-p1,100,Anderson-APM,1e-7*n,9.999999999999999e-6,71,71,0.4355877,0.3037003,69.72196414177901,0.0,0.0,0.0,0.0,0.0,0.1204044,0.011483000000000049,0.22537811996001444,3.944566925990433e-11,-1.0183192138109804e-14,3.029354544992202e-12,3.029354544992202e-12,9.297188494317155e-12,3.029354544992202e-12,NaN,diag_feasible,0,0,0,0,0,0,71,1.0434915276310958e-14,1.12.6,lbt,1,1,Intel(R) Core(TM) 7 150U,NT,2abc7cc
degen-r5-m1-d0-p2,100,SBB-Dual,1e-7*n,1.0e-11,196,197,1.135874,1.1206330999999998,98.65822265497756,0.0015958,0.0006963,0.0002439,0.0,0.0,0.0,0.012704900000000224,0.23647752054649757,1.338342218287698e-11,-1.117610654968885e-14,1.45461420686388e-12,0.0,9.485149951690921e-12,1.45461420686388e-12,100.0,diag_feasible,0,0,0,0,0,0,196,1.466377258521647e-14,1.12.6,lbt,1,1,Intel(R) Core(TM) 7 150U,NT,2abc7cc
degen-r5-m1-d0-p2,100,Newton-SIN-BH,1e-7*n,9.999999999999999e-6,4,5,0.0365196,0.0242856,66.50018072487103,0.0,2.33e-5,0.0,0.0112111,0.0,0.0,0.000999599999999998,0.23647752054647522,0.0,-8.253878391306232e-15,6.217248937900877e-15,6.217248937900877e-15,1.466377258521647e-14,6.217248937900877e-15,NaN,converged,29,29,0,0,0,0,4,1.466377258521647e-14,1.12.6,lbt,1,1,Intel(R) Core(TM) 7 150U,NT,2abc7cc
degen-r5-m1-d0-p2,100,Newton-SIN,1e-7*n,9.999999999999999e-6,5,15,0.1368521,0.1214969,88.77971182027896,0.0,4.59e-5,0.0,0.0135799,0.0,0.0,0.001729399999999999,0.2364775205465083,1.1081054922983551e-13,-1.0210190331272062e-14,2.9976021664879227e-15,2.9976021664879227e-15,1.3137274257637483e-14,2.9976021664879227e-15,NaN,converged,41,41,4,0,0,0,5,1.466377258521647e-14,1.12.6,lbt,1,1,Intel(R) Core(TM) 7 150U,NT,2abc7cc
degen-r5-m1-d0-p2,100,AGD-SDAJ-BH,1e-7*n,1.0e-11,12,109,0.6526459,0.6428351,98.4967652443691,0.0,0.0003217,0.0,0.0,0.0,0.0,0.009489100000000009,0.2364775205306052,3.06939176301799e-11,-8.464388645426001e-15,2.3565593920693573e-12,2.3565593920693573e-12,9.396482175170112e-12,2.3565593920693573e-12,NaN,diag_feasible_at_xpre,0,0,38,38,0,0,12,1.466377258521647e-14,1.12.6,lbt,1,1,Intel(R) Core(TM) 7 150U,NT,2abc7cc
degen-r5-m1-d0-p2,100,AGD-SDAJ,1e-7*n,1.0e-11,13,134,0.7830051,0.7702205000000001,98.36723924275846,0.0,0.0004887,0.0,0.0,0.0,0.0,0.012295899999999924,0.23647752053404772,2.1371083578727436e-11,-9.345831277880159e-15,2.8791413697604185e-12,2.8791413697604185e-12,6.712491878756405e-12,2.8791413697604185e-12,NaN,diag_feasible_at_xpre,0,0,57,28,29,0,13,1.466377258521647e-14,1.12.6,lbt,1,1,Intel(R) Core(TM) 7 150U,NT,2abc7cc
degen-r5-m1-d0-p2,100,Dykstra-APM,1e-7*n,9.999999999999999e-6,401,401,2.5094898,2.2310231,88.90345360240157,0.0,0.0,0.0,0.0,0.1791901,0.0,0.09927660000000008,0.2364775205092665,4.168526583987054e-11,-1.0030613754392303e-14,1.4908074774666602e-12,1.4908074774666602e-12,9.714277776820944e-12,1.4908074774666602e-12,NaN,diag_feasible,0,0,0,0,0,0,401,1.466377258521647e-14,1.12.6,lbt,1,1,Intel(R) Core(TM) 7 150U,NT,2abc7cc
degen-r5-m1-d0-p2,100,Anderson-APM,1e-7*n,9.999999999999999e-6,76,76,0.5953747,0.414513,69.6222059822159,0.0,0.0,0.0,0.0,0.0,0.1584213,0.022440400000000027,0.236477520563911,2.8384077332105983e-11,-7.663537137820273e-15,3.2729374765949615e-12,3.2729374765949615e-12,7.938443404675603e-12,3.2729374765949615e-12,NaN,diag_feasible,0,0,0,0,0,0,76,1.466377258521647e-14,1.12.6,lbt,1,1,Intel(R) Core(TM) 7 150U,NT,2abc7cc
degen-r5-m1-d0-p3,100,SBB-Dual,1e-7*n,1.0e-11,200,201,1.0460777,1.0281469,98.28590170691909,0.0015951,0.0007737,0.0002467,0.0,0.0,0.0,0.015315300000000025,0.23633840108633908,1.4222177382354281e-11,-1.0574751691274795e-14,1.6493473253831326e-12,0.0,9.673790383002055e-12,1.6493473253831326e-12,100.0,diag_feasible,0,0,0,0,0,0,200,1.6628161271769187e-14,1.12.6,lbt,1,1,Intel(R) Core(TM) 7 150U,NT,2abc7cc
degen-r5-m1-d0-p3,100,Newton-SIN-BH,1e-7*n,9.999999999999999e-6,4,5,0.0409059,0.0317063,77.5103346949951,0.0,2.09e-5,0.0,0.0078085,0.0,0.0,0.001370200000000001,0.23633840108630477,0.0,-9.1187311258514e-15,6.217248937900877e-15,6.217248937900877e-15,1.6628161271769187e-14,6.217248937900877e-15,NaN,converged,32,32,0,0,0,0,4,1.6628161271769187e-14,1.12.6,lbt,1,1,Intel(R) Core(TM) 7 150U,NT,2abc7cc
degen-r5-m1-d0-p3,100,Newton-SIN,1e-7*n,9.999999999999999e-6,100,2583,16.317576,15.443558300000001,94.64370381973403,0.0,0.0084038,0.0,0.6081054,0.0,0.0,0.2575084999999978,0.23633840107535012,4.081111659535793e-11,-9.167895071616012e-15,1.2571721441645423e-11,1.2571721441645423e-11,1.3784193119884611e-11,1.2571721441645423e-11,NaN,max_iter,1472,1472,2382,0,0,0,100,1.6628161271769187e-14,1.12.6,lbt,1,1,Intel(R) Core(TM) 7 150U,NT,2abc7cc
degen-r5-m1-d0-p3,100,AGD-SDAJ-BH,1e-7*n,1.0e-11,11,99,0.5874467,0.5802238000000001,98.77045866459035,0.0,0.0003106,0.0,0.0,0.0,0.0,0.006912299999999921,0.23633840106545467,2.5596756090835264e-11,-1.114701198493622e-14,5.154765503334602e-12,5.154765503334602e-12,7.893025970033696e-12,5.154765503334602e-12,NaN,diag_feasible_at_xpre,0,0,36,36,0,0,11,1.6628161271769187e-14,1.12.6,lbt,1,1,Intel(R) Core(TM) 7 150U,NT,2abc7cc
degen-r5-m1-d0-p3,100,AGD-SDAJ,1e-7*n,1.0e-11,13,135,0.8097415,0.7992024,98.69846117557269,0.0,0.0003732,0.0,0.0,0.0,0.0,0.010165900000000023,0.2363384010660553,2.6470432025931835e-11,-9.631557101364846e-15,1.9010348850656555e-12,1.9010348850656555e-12,6.462747183918036e-12,1.9010348850656555e-12,NaN,diag_feasible_at_xpre,0,0,60,43,17,0,13,1.6628161271769187e-14,1.12.6,lbt,1,1,Intel(R) Core(TM) 7 150U,NT,2abc7cc
degen-r5-m1-d0-p3,100,Dykstra-APM,1e-7*n,9.999999999999999e-6,409,409,2.4746866,2.2383401,90.44943711256204,0.0,0.0,0.0,0.0,0.1350373,0.0,0.10130920000000024,0.2363384010489078,4.276334695239258e-11,-1.0027808565236382e-14,1.6830981053317373e-12,1.6830981053317373e-12,9.863313513596667e-12,1.6830981053317373e-12,NaN,diag_feasible,0,0,0,0,0,0,409,1.6628161271769187e-14,1.12.6,lbt,1,1,Intel(R) Core(TM) 7 150U,NT,2abc7cc
degen-r5-m1-d0-p3,100,Anderson-APM,1e-7*n,9.999999999999999e-6,147,147,1.2722851,0.8432114,66.27534976240781,0.0,0.0,0.0,0.0,0.0,0.3884359,0.04063779999999989,0.236338401114825,3.788130344526083e-11,-1.1943079458786566e-14,2.592037695592353e-12,2.592037695592353e-12,9.437028136440111e-12,2.592037695592353e-12,NaN,diag_feasible,0,0,0,0,0,0,147,1.6628161271769187e-14,1.12.6,lbt,1,1,Intel(R) Core(TM) 7 150U,NT,2abc7cc
degen-r5-m1-d0-p4,100,SBB-Dual,1e-7*n,1.0e-11,201,202,1.1007652,1.0813464,98.23588173027271,0.0013042,0.0005644,0.0002473,0.0,0.0,0.0,0.017302900000000183,0.23581792981844163,1.1236372842429478e-11,-8.28090828647117e-15,1.3020695632803836e-12,0.0,9.125632106522052e-12,1.3020695632803836e-12,100.0,diag_feasible,0,0,0,0,0,0,201,2.045764801053716e-14,1.12.6,lbt,1,1,Intel(R) Core(TM) 7 150U,NT,2abc7cc
degen-r5-m1-d0-p4,100,Newton-SIN-BH,1e-7*n,9.999999999999999e-6,4,5,0.0345635,0.0255739,73.9910599331665,0.0,1.55e-5,0.0,0.0082448,0.0,0.0,0.000729299999999997,0.23581792981842323,0.0,-7.518416632688104e-15,4.884981308350689e-15,4.884981308350689e-15,2.045764801053716e-14,4.884981308350689e-15,NaN,converged,28,28,0,0,0,0,4,2.045764801053716e-14,1.12.6,lbt,1,1,Intel(R) Core(TM) 7 150U,NT,2abc7cc
degen-r5-m1-d0-p4,100,Newton-SIN,1e-7*n,9.999999999999999e-6,5,12,0.0869752,0.0769186,88.43739364784444,0.0,2.34e-5,0.0,0.0093126,0.0,0.0,0.0007205999999999983,0.23581792981847374,1.31116142334859e-13,-8.818011794791862e-15,4.440892098500626e-15,4.440892098500626e-15,1.7712842040405863e-14,4.440892098500626e-15,NaN,converged,41,41,1,0,0,0,5,2.045764801053716e-14,1.12.6,lbt,1,1,Intel(R) Core(TM) 7 150U,NT,2abc7cc
degen-r5-m1-d0-p4,100,AGD-SDAJ-BH,1e-7*n,1.0e-11,15,131,0.7647627,0.756586,98.93081867094197,0.0,0.0003873,0.0,0.0,0.0,0.0,0.007789400000000037,0.235817929803715,1.889284257682843e-11,-9.777299162386008e-15,1.5225598559709397e-12,1.5225598559709397e-12,4.682335159690916e-12,1.5225598559709397e-12,NaN,diag_feasible_at_xpre,0,0,44,44,0,0,15,2.045764801053716e-14,1.12.6,lbt,1,1,Intel(R) Core(TM) 7 150U,NT,2abc7cc
degen-r5-m1-d0-p4,100,AGD-SDAJ,1e-7*n,1.0e-11,13,121,0.7113259,0.7004366,98.46915457457686,0.0,0.0004784,0.0,0.0,0.0,0.0,0.01041089999999999,0.23581792979899485,2.485234962099655e-11,-8.657045929312447e-15,2.1472823519275153e-12,2.1472823519275153e-12,6.152549851157394e-12,2.1472823519275153e-12,NaN,diag_feasible_at_xpre,0,0,46,34,12,0,13,2.045764801053716e-14,1.12.6,lbt,1,1,Intel(R) Core(TM) 7 150U,NT,2abc7cc
degen-r5-m1-d0-p4,100,Dykstra-APM,1e-7*n,9.999999999999999e-6,410,410,2.4433435,2.1939844,89.7943494232391,0.0,0.0,0.0,0.0,0.1509875,0.0,0.09837159999999995,0.23581792978040514,4.2729808874337504e-11,-7.937407479439759e-15,1.404876215360673e-12,1.404876215360673e-12,9.843550557991543e-12,1.404876215360673e-12,NaN,diag_feasible,0,0,0,0,0,0,410,2.045764801053716e-14,1.12.6,lbt,1,1,Intel(R) Core(TM) 7 150U,NT,2abc7cc
degen-r5-m1-d0-p4,100,Anderson-APM,1e-7*n,9.999999999999999e-6,46,46,0.4203667,0.2780797,66.15169565048801,0.0,0.0,0.0,0.0,0.0,0.1195222,0.0227648,0.23581792979554106,3.007440660216395e-11,-1.0568088303877319e-14,1.7756907055854754e-12,1.7756907055854754e-12,7.537964782397865e-12,1.7756907055854754e-12,NaN,diag_feasible,0,0,0,0,0,0,46,2.045764801053716e-14,1.12.6,lbt,1,1,Intel(R) Core(TM) 7 150U,NT,2abc7cc
degen-r5-m5-d0.01-p0,100,SBB-Dual,1e-7*n,1.0e-11,212,213,1.182155,1.1628301,98.36528204846233,0.001461,0.0006986,0.0002446,0.0,0.0,0.0,0.016920699999999976,0.27435319695317345,8.742504897319039e-12,-1.1309386925774991e-14,1.3309353619206377e-12,0.0,9.435141129981328e-12,1.3309353619206377e-12,100.0,diag_feasible,0,0,0,0,0,0,212,2.410258133348075e-14,1.12.6,lbt,1,1,Intel(R) Core(TM) 7 150U,NT,2abc7cc
degen-r5-m5-d0.01-p0,100,Newton-SIN-BH,1e-7*n,9.999999999999999e-6,4,5,0.0394832,0.028142999999999998,71.27841714957246,0.0,1.61e-5,0.0,0.0097039,0.0,0.0,0.0016202000000000057,0.2743531969531454,0.0,-9.213652533533956e-15,5.440092820663267e-15,5.440092820663267e-15,2.410258133348075e-14,5.440092820663267e-15,NaN,converged,30,30,0,0,0,0,4,2.410258133348075e-14,1.12.6,lbt,1,1,Intel(R) Core(TM) 7 150U,NT,2abc7cc
degen-r5-m5-d0.01-p0,100,Newton-SIN,1e-7*n,9.999999999999999e-6,5,15,0.0993902,0.0848699,85.39061195168136,0.0,5.45e-5,0.0,0.0127087,0.0,0.0,0.0017570999999999993,0.2743531969510808,2.6325645666201773e-11,-9.732914881071905e-15,6.723288592525023e-12,6.723288592525023e-12,8.636101771096397e-12,6.723288592525023e-12,NaN,converged,44,44,4,0,0,0,5,2.410258133348075e-14,1.12.6,lbt,1,1,Intel(R) Core(TM) 7 150U,NT,2abc7cc
degen-r5-m5-d0.01-p0,100,AGD-SDAJ-BH,1e-7*n,1.0e-11,9,78,0.3942396,0.3894562,98.78667693453421,0.0,0.0002227,0.0,0.0,0.0,0.0,0.004560700000000049,0.27435319694573024,1.2264748656949596e-11,-7.649720838509083e-15,8.471001677889944e-13,8.471001677889944e-13,3.24619435342162e-12,8.471001677889944e-13,NaN,diag_feasible,0,0,23,23,0,0,9,2.410258133348075e-14,1.12.6,lbt,1,1,Intel(R) Core(TM) 7 150U,NT,2abc7cc
degen-r5-m5-d0.01-p0,100,AGD-SDAJ,1e-7*n,1.0e-11,10,98,0.6376354,0.6256811999999999,98.12522955908658,0.0,0.0002875,0.0,0.0,0.0,0.0,0.011666700000000026,0.274353196945645,1.2498749625911721e-11,-9.639669250516067e-15,8.953948693601887e-13,8.953948693601887e-13,3.325365547803674e-12,8.953948693601887e-13,NaN,diag_feasible,0,0,37,25,12,0,10,2.410258133348075e-14,1.12.6,lbt,1,1,Intel(R) Core(TM) 7 150U,NT,2abc7cc
degen-r5-m5-d0.01-p0,100,Dykstra-APM,1e-7*n,9.999999999999999e-6,433,433,2.8721192,2.6005527,90.54473435503651,0.0,0.0,0.0,0.0,0.1580496,0.0,0.11351690000000003,0.2743531969219908,4.3216933381692245e-11,-9.374892278034809e-15,1.3524736885983657e-12,1.3524736885983657e-12,9.584861388562776e-12,1.3524736885983657e-12,NaN,diag_feasible,0,0,0,0,0,0,433,2.410258133348075e-14,1.12.6,lbt,1,1,Intel(R) Core(TM) 7 150U,NT,2abc7cc
degen-r5-m5-d0.01-p0,100,Anderson-APM,1e-7*n,9.999999999999999e-6,90,90,0.7181214,0.4962406,69.10260577111335,0.0,0.0,0.0,0.0,0.0,0.2003922,0.021488600000000052,0.2743531969290829,3.708338874822475e-11,-9.195252751122763e-15,2.4069635173873394e-12,2.4069635173873394e-12,9.044472191155053e-12,2.4069635173873394e-12,NaN,diag_feasible,0,0,0,0,0,0,90,2.410258133348075e-14,1.12.6,lbt,1,1,Intel(R) Core(TM) 7 150U,NT,2abc7cc
degen-r5-m5-d0.01-p1,100,SBB-Dual,1e-7*n,1.0e-11,211,212,1.0554589,1.0379639,98.34242716604123,0.0016199,0.0006508,0.0002535,0.0,0.0,0.0,0.014970800000000038,0.2703201781781981,8.085370657406016e-12,-9.787614967681462e-15,1.2798651027878805e-12,0.0,9.167512119006837e-12,1.2798651027878805e-12,100.0,diag_feasible,0,0,0,0,0,0,211,1.3321288444433422e-14,1.12.6,lbt,1,1,Intel(R) Core(TM) 7 150U,NT,2abc7cc
degen-r5-m5-d0.01-p1,100,Newton-SIN-BH,1e-7*n,9.999999999999999e-6,3,4,0.0232928,0.0193488,83.06772908366534,0.0,1.25e-5,0.0,0.0033988,0.0,0.0,0.0005326999999999992,0.2703201781756033,2.7635682291602915e-11,-8.50371358341155e-15,5.702993632894504e-12,5.702993632894504e-12,9.330251725175277e-12,5.702993632894504e-12,NaN,converged,16,16,0,0,0,0,3,1.3321288444433422e-14,1.12.6,lbt,1,1,Intel(R) Core(TM) 7 150U,NT,2abc7cc
degen-r5-m5-d0.01-p1,100,Newton-SIN,1e-7*n,9.999999999999999e-6,3,7,0.0330571,0.0294741,89.16117868778568,0.0,1.57e-5,0.0,0.0031705,0.0,0.0,0.00039679999999999924,0.2703201781756033,2.7635682291602915e-11,-8.50371358341155e-15,5.702993632894504e-12,5.702993632894504e-12,9.330251725175277e-12,5.702993632894504e-12,NaN,converged,16,16,0,0,0,0,3,1.3321288444433422e-14,1.12.6,lbt,1,1,Intel(R) Core(TM) 7 150U,NT,2abc7cc
degen-r5-m5-d0.01-p1,100,AGD-SDAJ-BH,1e-7*n,1.0e-11,10,77,0.4332584,0.4280158,98.78995998692697,0.0,0.000221,0.0,0.0,0.0,0.0,0.005021599999999986,0.27032017816505116,2.055163150223831e-11,-1.1003553616422609e-14,2.3379076452556546e-12,2.3379076452556546e-12,5.3538074822558485e-12,2.3379076452556546e-12,NaN,diag_feasible_at_xpre,0,0,20,20,0,0,10,1.3321288444433422e-14,1.12.6,lbt,1,1,Intel(R) Core(TM) 7 150U,NT,2abc7cc
degen-r5-m5-d0.01-p1,100,AGD-SDAJ,1e-7*n,1.0e-11,10,79,0.372454,0.36851940000000005,98.94360108899356,0.0,0.000138,0.0,0.0,0.0,0.0,0.0037965999999999547,0.27032017816501086,2.0530086405626906e-11,-6.834372755717792e-15,2.300715173930712e-12,2.300715173930712e-12,5.329342584129328e-12,2.300715173930712e-12,NaN,diag_feasible_at_xpre,0,0,22,20,2,0,10,1.3321288444433422e-14,1.12.6,lbt,1,1,Intel(R) Core(TM) 7 150U,NT,2abc7cc
degen-r5-m5-d0.01-p1,100,Dykstra-APM,1e-7*n,9.999999999999999e-6,430,430,2.8561026,2.5045883,87.6925184690494,0.0,0.0,0.0,0.0,0.2038176,0.0,0.14769669999999985,0.2703201781456455,4.4154418742224015e-11,-9.964950117452256e-15,1.3720136138317685e-12,1.3720136138317685e-12,9.816291952741606e-12,1.3720136138317685e-12,NaN,diag_feasible,0,0,0,0,0,0,430,1.3321288444433422e-14,1.12.6,lbt,1,1,Intel(R) Core(TM) 7 150U,NT,2abc7cc
degen-r5-m5-d0.01-p1,100,Anderson-APM,1e-7*n,9.999999999999999e-6,59,59,0.4270518,0.2981924,69.82581504164132,0.0,0.0,0.0,0.0,0.0,0.1149958,0.013863599999999962,0.270320178205547,3.7751705450324364e-11,-9.03588688628946e-15,2.5366375666635577e-12,2.5366375666635577e-12,8.605662031198118e-12,2.5366375666635577e-12,NaN,diag_feasible,0,0,0,0,0,0,59,1.3321288444433422e-14,1.12.6,lbt,1,1,Intel(R) Core(TM) 7 150U,NT,2abc7cc
degen-r5-m5-d0.01-p2,100,SBB-Dual,1e-7*n,1.0e-11,210,211,0.9950039,0.9827653999999999,98.7700048210866,0.0012541,0.0005533,0.000246,0.0,0.0,0.0,0.010185100000000153,0.2804626431474382,7.697894584052594e-12,-1.1118091824392441e-14,1.3449241720309146e-12,0.0,9.207674805933517e-12,1.3449241720309146e-12,100.0,diag_feasible,0,0,0,0,0,0,210,9.444729326359476e-15,1.12.6,lbt,1,1,Intel(R) Core(TM) 7 150U,NT,2abc7cc
degen-r5-m5-d0.01-p2,100,Newton-SIN-BH,1e-7*n,9.999999999999999e-6,3,4,0.0274512,0.022160000000000003,80.72506848516642,0.0,1.53e-5,0.0,0.0045681,0.0,0.0,0.0007077999999999954,0.2804626431465084,2.0100982303112046e-11,-1.1829893913148931e-14,2.956968003786642e-12,2.956968003786642e-12,6.256827902877506e-12,2.956968003786642e-12,NaN,converged,15,15,0,0,0,0,3,9.444729326359476e-15,1.12.6,lbt,1,1,Intel(R) Core(TM) 7 150U,NT,2abc7cc
degen-r5-m5-d0.01-p2,100,Newton-SIN,1e-7*n,9.999999999999999e-6,3,7,0.0426166,0.036650300000000004,86.00005631608342,0.0,1.78e-5,0.0,0.0053753,0.0,0.0,0.0005731999999999933,0.2804626431465084,2.0100982303112046e-11,-1.1829893913148931e-14,2.956968003786642e-12,2.956968003786642e-12,6.256827902877506e-12,2.956968003786642e-12,NaN,converged,15,15,0,0,0,0,3,9.444729326359476e-15,1.12.6,lbt,1,1,Intel(R) Core(TM) 7 150U,NT,2abc7cc
degen-r5-m5-d0.01-p2,100,AGD-SDAJ-BH,1e-7*n,1.0e-11,9,64,0.3265326,0.32249659999999997,98.76398252425638,0.0,0.0001744,0.0,0.0,0.0,0.0,0.0038616000000000397,0.28046264313688446,1.9912000949960007e-11,-8.071211293482569e-15,1.630917623174355e-12,1.630917623174355e-12,5.524900760552006e-12,1.630917623174355e-12,NaN,diag_feasible_at_xpre,0,0,13,13,0,0,9,9.444729326359476e-15,1.12.6,lbt,1,1,Intel(R) Core(TM) 7 150U,NT,2abc7cc
degen-r5-m5-d0.01-p2,100,AGD-SDAJ,1e-7*n,1.0e-11,9,80,0.4133327,0.40848320000000005,98.82673207321851,0.0,0.0002186,0.0,0.0,0.0,0.0,0.004630899999999951,0.2804626431240911,3.441998739781983e-11,-1.1411920102958042e-14,2.6711965972481266e-12,2.6711965972481266e-12,8.155100118181442e-12,2.6711965972481266e-12,NaN,diag_feasible,0,0,25,14,11,0,9,9.444729326359476e-15,1.12.6,lbt,1,1,Intel(R) Core(TM) 7 150U,NT,2abc7cc
degen-r5-m5-d0.01-p2,100,Dykstra-APM,1e-7*n,9.999999999999999e-6,428,428,2.6418623,2.3830383,90.20297159318258,0.0,0.0,0.0,0.0,0.1446849,0.0,0.11413910000000016,0.28046264311585994,4.4440965557765255e-11,-9.236889209120048e-15,1.4430678874077785e-12,1.4430678874077785e-12,9.876772094393147e-12,1.4430678874077785e-12,NaN,diag_feasible,0,0,0,0,0,0,428,9.444729326359476e-15,1.12.6,lbt,1,1,Intel(R) Core(TM) 7 150U,NT,2abc7cc
degen-r5-m5-d0.01-p2,100,Anderson-APM,1e-7*n,9.999999999999999e-6,51,51,0.3692591,0.2582507,69.93753166814305,0.0,0.0,0.0,0.0,0.0,0.0986373,0.01237110000000001,0.28046264315872405,2.3876671204067105e-11,-9.513043736803493e-15,1.6949774916952265e-12,1.6949774916952265e-12,6.301922576937879e-12,1.6949774916952265e-12,NaN,diag_feasible,0,0,0,0,0,0,51,9.444729326359476e-15,1.12.6,lbt,1,1,Intel(R) Core(TM) 7 150U,NT,2abc7cc
degen-r5-m5-d0.01-p3,100,SBB-Dual,1e-7*n,1.0e-11,212,213,1.1523225,1.1377196,98.73274191903744,0.0013589,0.0006011,0.0002418,0.0,0.0,0.0,0.012401099999999863,0.28088559315905126,1.161547789721659e-11,-1.1827007110183949e-14,1.5647483309066956e-12,0.0,9.936143087632023e-12,1.5647483309066956e-12,100.0,diag_feasible,0,0,0,0,0,0,212,1.4655364458042813e-14,1.12.6,lbt,1,1,Intel(R) Core(TM) 7 150U,NT,2abc7cc
degen-r5-m5-d0.01-p3,100,Newton-SIN-BH,1e-7*n,9.999999999999999e-6,4,5,0.0376929,0.029714499999999998,78.8331489484757,0.0,1.79e-5,0.0,0.0069913,0.0,0.0,0.0009692000000000043,0.28088559315902745,0.0,-1.0759948749829878e-14,3.552713678800501e-15,3.552713678800501e-15,1.4655364458042813e-14,3.552713678800501e-15,NaN,converged,29,29,0,0,0,0,4,1.4655364458042813e-14,1.12.6,lbt,1,1,Intel(R) Core(TM) 7 150U,NT,2abc7cc
degen-r5-m5-d0.01-p3,100,Newton-SIN,1e-7*n,9.999999999999999e-6,6,16,0.1171132,0.09881440000000001,84.375117407773,0.0,4.73e-5,0.0,0.0160839,0.0,0.0,0.0021675999999999883,0.28088559315906425,1.5125923591705751e-13,-9.407520799630314e-15,6.217248937900877e-15,6.217248937900877e-15,1.4310684350035855e-14,6.217248937900877e-15,NaN,converged,59,59,3,0,0,0,6,1.4655364458042813e-14,1.12.6,lbt,1,1,Intel(R) Core(TM) 7 150U,NT,2abc7cc
degen-r5-m5-d0.01-p3,100,AGD-SDAJ-BH,1e-7*n,1.0e-11,12,100,0.5228821,0.517427,98.95672466125728,0.0,0.0002891,0.0,0.0,0.0,0.0,0.005166000000000046,0.28088559314648587,1.9913601392337006e-11,-1.0283149848156327e-14,2.8175239918937223e-12,2.8175239918937223e-12,5.040528886229976e-12,2.8175239918937223e-12,NaN,diag_feasible,0,0,27,27,0,0,12,1.4655364458042813e-14,1.12.6,lbt,1,1,Intel(R) Core(TM) 7 150U,NT,2abc7cc
degen-r5-m5-d0.01-p3,100,AGD-SDAJ,1e-7*n,1.0e-11,145,4000,26.6777192,25.7565216,96.54694018969958,0.0,0.0199799,0.0,0.0,0.0,0.0,0.9012176999999992,0.280885593075829,1.630571420799494e-10,-8.31307066181316e-15,2.94453350591084e-11,2.94453350591084e-11,4.742423777671688e-11,2.94453350591084e-11,NaN,evd_budget,0,0,3264,155,3109,0,145,1.4655364458042813e-14,1.12.6,lbt,1,1,Intel(R) Core(TM) 7 150U,NT,2abc7cc
degen-r5-m5-d0.01-p3,100,Dykstra-APM,1e-7*n,9.999999999999999e-6,434,434,2.5944546,2.2448084,86.52332555751794,0.0,0.0,0.0,0.0,0.2393892,0.0,0.11025700000000002,0.28088559312882133,4.338870955704738e-11,-8.994340513663581e-15,1.5094592242803628e-12,1.5094592242803628e-12,9.589830898612452e-12,1.5094592242803628e-12,NaN,diag_feasible,0,0,0,0,0,0,434,1.4655364458042813e-14,1.12.6,lbt,1,1,Intel(R) Core(TM) 7 150U,NT,2abc7cc
degen-r5-m5-d0.01-p3,100,Anderson-APM,1e-7*n,9.999999999999999e-6,62,62,0.4294092,0.2979351,69.38256096981621,0.0,0.0,0.0,0.0,0.0,0.1173822,0.014091899999999977,0.2808855931342228,3.825180195852169e-11,-1.0774349142898225e-14,2.000399845769607e-12,2.000399845769607e-12,8.961413784929166e-12,2.000399845769607e-12,NaN,diag_feasible,0,0,0,0,0,0,62,1.4655364458042813e-14,1.12.6,lbt,1,1,Intel(R) Core(TM) 7 150U,NT,2abc7cc
degen-r5-m5-d0.01-p4,100,SBB-Dual,1e-7*n,1.0e-11,210,211,1.3630971,1.3378619,98.14868654624824,0.0025679,0.0016245,0.0002456,0.0,0.0,0.0,0.020797200000000012,0.2810232691027027,6.94451606018757e-12,-1.0818773237737905e-14,1.20525811553307e-12,0.0,9.14522619728968e-12,1.20525811553307e-12,100.0,diag_feasible,0,0,0,0,0,0,210,1.6344428713849536e-14,1.12.6,lbt,1,1,Intel(R) Core(TM) 7 150U,NT,2abc7cc
degen-r5-m5-d0.01-p4,100,Newton-SIN-BH,1e-7*n,9.999999999999999e-6,4,5,0.0320667,0.0249113,77.68588598140751,0.0,1.62e-5,0.0,0.0063754,0.0,0.0,0.0007637999999999959,0.2810232691026785,0.0,-8.611774800597773e-15,5.995204332975845e-15,5.995204332975845e-15,1.6344428713849536e-14,5.995204332975845e-15,NaN,converged,27,27,0,0,0,0,4,1.6344428713849536e-14,1.12.6,lbt,1,1,Intel(R) Core(TM) 7 150U,NT,2abc7cc
degen-r5-m5-d0.01-p4,100,Newton-SIN,1e-7*n,9.999999999999999e-6,4,10,0.0932355,0.0772748,82.88130594033389,0.0,2.42e-5,0.0,0.0152652,0.0,0.0,0.0006712999999999962,0.2810232691019289,1.8689994333940014e-11,-1.0936993041770157e-14,2.1227464230832993e-12,2.1227464230832993e-12,5.893207305315287e-12,2.1227464230832993e-12,NaN,converged,27,27,1,0,0,0,4,1.6344428713849536e-14,1.12.6,lbt,1,1,Intel(R) Core(TM) 7 150U,NT,2abc7cc
degen-r5-m5-d0.01-p4,100,AGD-SDAJ-BH,1e-7*n,1.0e-11,11,98,0.6678428,0.6581199,98.54413343978553,0.0,0.0003439,0.0,0.0,0.0,0.0,0.00937899999999998,0.281023269085747,2.7087780127243037e-11,-7.790221232661029e-15,4.1024961205948784e-12,4.1024961205948784e-12,6.959820577854471e-12,4.1024961205948784e-12,NaN,diag_feasible,0,0,31,31,0,0,11,1.6344428713849536e-14,1.12.6,lbt,1,1,Intel(R) Core(TM) 7 150U,NT,2abc7cc
degen-r5-m5-d0.01-p4,100,AGD-SDAJ,1e-7*n,1.0e-11,11,94,0.6731776,0.6621693000000001,98.36472574250837,0.0,0.000391,0.0,0.0,0.0,0.0,0.01061729999999997,0.2810232690887538,2.129714257685607e-11,-7.574020560850947e-15,3.128830527998616e-12,3.128830527998616e-12,5.283710988210828e-12,3.128830527998616e-12,NaN,diag_feasible,0,0,29,23,6,0,11,1.6344428713849536e-14,1.12.6,lbt,1,1,Intel(R) Core(TM) 7 150U,NT,2abc7cc
degen-r5-m5-d0.01-p4,100,Dykstra-APM,1e-7*n,9.999999999999999e-6,428,428,2.7367795,2.4502823,89.53159361212695,0.0,0.0,0.0,0.0,0.1458296,0.0,0.1406675999999999,0.2810232690713836,4.4054426453889894e-11,-8.791691856391739e-15,1.2927436898735323e-12,1.2927436898735323e-12,9.804729658709285e-12,1.2927436898735323e-12,NaN,diag_feasible,0,0,0,0,0,0,428,1.6344428713849536e-14,1.12.6,lbt,1,1,Intel(R) Core(TM) 7 150U,NT,2abc7cc
degen-r5-m5-d0.01-p4,100,Anderson-APM,1e-7*n,9.999999999999999e-6,44,44,0.3422725,0.2315861,67.66132248427787,0.0,0.0,0.0,0.0,0.0,0.1000086,0.010677799999999987,0.281023269099703,1.5838408209973506e-11,-9.31326094508081e-15,2.3439028495886305e-12,2.3439028495886305e-12,4.62959179503178e-12,2.3439028495886305e-12,NaN,diag_feasible,0,0,0,0,0,0,44,1.6344428713849536e-14,1.12.6,lbt,1,1,Intel(R) Core(TM) 7 150U,NT,2abc7cc
degen-r5-m5-d0.0001-p0,100,SBB-Dual,1e-7*n,1.0e-11,200,201,1.0329871,1.0168506,98.43787981476245,0.0012543,0.0005789,0.0002422,0.0,0.0,0.0,0.014061099999999998,0.2868412187289493,9.130014282802699e-12,-9.998871298804525e-15,1.397548743398147e-12,0.0,9.901471528947642e-12,1.397548743398147e-12,100.0,diag_feasible,0,0,0,0,0,0,200,3.025841516210221e-14,1.12.6,lbt,1,1,Intel(R) Core(TM) 7 150U,NT,2abc7cc
degen-r5-m5-d0.0001-p0,100,Newton-SIN-BH,1e-7*n,9.999999999999999e-6,5,6,0.0479664,0.0320463,66.80989192434704,0.0,2.21e-5,0.0,0.0150194,0.0,0.0,0.0008785999999999985,0.2868412187289445,0.0,-7.73049331222982e-15,7.993605777301127e-15,7.993605777301127e-15,3.025841516210221e-14,7.993605777301127e-15,NaN,converged,34,34,0,0,0,0,5,3.025841516210221e-14,1.12.6,lbt,1,1,Intel(R) Core(TM) 7 150U,NT,2abc7cc
degen-r5-m5-d0.0001-p0,100,Newton-SIN,1e-7*n,9.999999999999999e-6,8,21,0.0681882,0.056859099999999996,83.38554177995606,0.0,3.43e-5,0.0,0.010492,0.0,0.0,0.0008028000000000098,0.2868412187289556,2.5494542642391935e-13,-9.600898419384755e-15,6.994405055138486e-15,6.994405055138486e-15,2.8320263902875826e-14,6.994405055138486e-15,NaN,converged,73,73,4,0,0,0,8,3.025841516210221e-14,1.12.6,lbt,1,1,Intel(R) Core(TM) 7 150U,NT,2abc7cc
degen-r5-m5-d0.0001-p0,100,AGD-SDAJ-BH,1e-7*n,1.0e-11,11,93,0.5570757,0.5499056999999999,98.71292178064847,0.0,0.0014164,0.0,0.0,0.0,0.0,0.00575360000000001,0.2868412187169475,1.878840867200833e-11,-9.0810883603116e-15,2.5146551507759796e-12,2.5146551507759796e-12,4.653393257930645e-12,2.5146551507759796e-12,NaN,diag_feasible,0,0,26,26,0,0,11,3.025841516210221e-14,1.12.6,lbt,1,1,Intel(R) Core(TM) 7 150U,NT,2abc7cc
degen-r5-m5-d0.0001-p0,100,AGD-SDAJ,1e-7*n,1.0e-11,132,4008,22.9323408,22.5009474,98.11884271316953,0.0,0.0135204,0.0,0.0,0.0,0.0,0.4178729999999975,0.286841218315385,6.427250954002588e-10,-1.1083899848258314e-14,6.015321574182053e-11,6.015321574182053e-11,1.5577757489588762e-10,6.015321574182053e-11,NaN,evd_budget,0,0,3338,390,2948,0,132,3.025841516210221e-14,1.12.6,lbt,1,1,Intel(R) Core(TM) 7 150U,NT,2abc7cc
degen-r5-m5-d0.0001-p0,100,Dykstra-APM,1e-7*n,9.999999999999999e-6,410,410,2.5461114,2.2819926,89.62658114644945,0.0,0.0,0.0,0.0,0.1564063,0.0,0.10771249999999988,0.2868412186992624,4.3283031794707844e-11,-8.691896153050656e-15,1.3538059562279159e-12,1.3538059562279159e-12,9.592183638392019e-12,1.3538059562279159e-12,NaN,diag_feasible,0,0,0,0,0,0,410,3.025841516210221e-14,1.12.6,lbt,1,1,Intel(R) Core(TM) 7 150U,NT,2abc7cc
degen-r5-m5-d0.0001-p0,100,Anderson-APM,1e-7*n,9.999999999999999e-6,129,129,0.7786124,0.5553315,71.32322834827701,0.0,0.0,0.0,0.0,0.0,0.192084,0.0311969,0.28684121874284313,3.363423724242729e-11,-1.084381592820383e-14,3.35187433364581e-12,3.35187433364581e-12,9.924429899946015e-12,3.35187433364581e-12,NaN,diag_feasible,0,0,0,0,0,0,129,3.025841516210221e-14,1.12.6,lbt,1,1,Intel(R) Core(TM) 7 150U,NT,2abc7cc
degen-r5-m5-d0.0001-p1,100,SBB-Dual,1e-7*n,1.0e-11,198,199,1.1039454,1.0898287,98.721250163278,0.0012957,0.0005503,0.000342,0.0,0.0,0.0,0.011928699999999981,0.2820511119453217,8.499222373839705e-12,-1.3705570963250844e-14,1.3524736885983657e-12,0.0,9.672233081242955e-12,1.3524736885983657e-12,100.0,diag_feasible,0,0,0,0,0,0,198,2.6835723406625714e-14,1.12.6,lbt,1,1,Intel(R) Core(TM) 7 150U,NT,2abc7cc
degen-r5-m5-d0.0001-p1,100,Newton-SIN-BH,1e-7*n,9.999999999999999e-6,5,6,0.0384215,0.0280322,72.95967101752926,0.0,2.2e-5,0.0,0.0093536,0.0,0.0,0.0010136999999999976,0.2820511119453064,0.0,-7.362599363783947e-15,7.993605777301127e-15,7.993605777301127e-15,2.6835723406625714e-14,7.993605777301127e-15,NaN,converged,35,35,0,0,0,0,5,2.6835723406625714e-14,1.12.6,lbt,1,1,Intel(R) Core(TM) 7 150U,NT,2abc7cc
degen-r5-m5-d0.0001-p1,100,Newton-SIN,1e-7*n,9.999999999999999e-6,6,14,0.0931626,0.0762946,81.89402184996985,0.0,3.94e-5,0.0,0.0157402,0.0,0.0,0.0010883999999999963,0.2820511119453157,1.6468750998874757e-13,-9.058273616260678e-15,2.6645352591003757e-15,2.6645352591003757e-15,9.300727317696266e-15,2.6645352591003757e-15,NaN,converged,48,48,1,0,0,0,6,2.6835723406625714e-14,1.12.6,lbt,1,1,Intel(R) Core(TM) 7 150U,NT,2abc7cc
degen-r5-m5-d0.0001-p1,100,AGD-SDAJ-BH,1e-7*n,1.0e-11,11,91,0.5545443,0.547917,98.8049106266172,0.0,0.0002671,0.0,0.0,0.0,0.0,0.0063602000000000025,0.28205111192823196,2.9445224345138954e-11,-1.217913797816292e-14,3.896549749526912e-12,3.896549749526912e-12,7.933928688072758e-12,3.896549749526912e-12,NaN,diag_feasible,0,0,26,26,0,0,11,2.6835723406625714e-14,1.12.6,lbt,1,1,Intel(R) Core(TM) 7 150U,NT,2abc7cc
degen-r5-m5-d0.0001-p1,100,AGD-SDAJ,1e-7*n,1.0e-11,10,107,0.6777195,0.6691870000000001,98.74099830387057,0.0,0.000336,0.0,0.0,0.0,0.0,0.008196499999999943,0.2820511119317151,2.859774456324289e-11,-1.0724057555070933e-14,3.798961145662361e-12,3.798961145662361e-12,8.158370195665438e-12,3.798961145662361e-12,NaN,diag_feasible_at_xpre,0,0,48,22,26,0,10,2.6835723406625714e-14,1.12.6,lbt,1,1,Intel(R) Core(TM) 7 150U,NT,2abc7cc
degen-r5-m5-d0.0001-p1,100,Dykstra-APM,1e-7*n,9.999999999999999e-6,405,405,2.6633538,2.3111807,86.77708158788367,0.0,0.0,0.0,0.0,0.2126385,0.0,0.1395345999999999,0.2820511119141403,4.4396543840132714e-11,-7.796192854611655e-15,1.3777867735598193e-12,1.3777867735598193e-12,9.865638466507197e-12,1.3777867735598193e-12,NaN,diag_feasible,0,0,0,0,0,0,405,2.6835723406625714e-14,1.12.6,lbt,1,1,Intel(R) Core(TM) 7 150U,NT,2abc7cc
degen-r5-m5-d0.0001-p1,100,Anderson-APM,1e-7*n,9.999999999999999e-6,58,58,0.4333742,0.3079302,71.05411443505405,0.0,0.0,0.0,0.0,0.0,0.1128044,0.0126396,0.28205111196201577,2.8908489890891973e-11,-9.669830338994752e-15,1.8561818748707992e-12,1.8561818748707992e-12,7.037257657514335e-12,1.8561818748707992e-12,NaN,diag_feasible,0,0,0,0,0,0,58,2.6835723406625714e-14,1.12.6,lbt,1,1,Intel(R) Core(TM) 7 150U,NT,2abc7cc
degen-r5-m5-d0.0001-p2,100,SBB-Dual,1e-7*n,1.0e-11,197,198,1.004621,0.988612,98.40646373109861,0.0014385,0.0010341,0.0002458,0.0,0.0,0.0,0.01329059999999994,0.2940120841609317,8.040515096624306e-12,-1.1887568679184663e-14,1.3999912340523224e-12,0.0,9.580971177224592e-12,1.3999912340523224e-12,100.0,diag_feasible,0,0,0,0,0,0,197,1.3887998103633849e-14,1.12.6,lbt,1,1,Intel(R) Core(TM) 7 150U,NT,2abc7cc
degen-r5-m5-d0.0001-p2,100,Newton-SIN-BH,1e-7*n,9.999999999999999e-6,4,5,0.0286324,0.0218473,76.30271999552954,0.0,1.74e-5,0.0,0.0060224,0.0,0.0,0.0007452999999999991,0.29401208416094554,0.0,-9.369685098603841e-15,5.329070518200751e-15,5.329070518200751e-15,1.3887998103633849e-14,5.329070518200751e-15,NaN,converged,25,25,0,0,0,0,4,1.3887998103633849e-14,1.12.6,lbt,1,1,Intel(R) Core(TM) 7 150U,NT,2abc7cc
degen-r5-m5-d0.0001-p2,100,Newton-SIN,1e-7*n,9.999999999999999e-6,4,9,0.0488813,0.0417653,85.44228570025756,0.0,7.47e-5,0.0,0.0064041,0.0,0.0,0.0006372000000000044,0.29401208416094554,0.0,-9.369685098603841e-15,5.329070518200751e-15,5.329070518200751e-15,1.3887998103633849e-14,5.329070518200751e-15,NaN,converged,25,25,0,0,0,0,4,1.3887998103633849e-14,1.12.6,lbt,1,1,Intel(R) Core(TM) 7 150U,NT,2abc7cc
degen-r5-m5-d0.0001-p2,100,AGD-SDAJ-BH,1e-7*n,1.0e-11,9,76,0.3990286,0.3940035,98.74066670910307,0.0,0.000211,0.0,0.0,0.0,0.0,0.004814100000000004,0.29401208414417196,2.666189058628845e-11,-8.570102541950644e-15,1.6943113578804514e-12,1.6943113578804514e-12,6.332185636355377e-12,1.6943113578804514e-12,NaN,diag_feasible,0,0,21,21,0,0,9,1.3887998103633849e-14,1.12.6,lbt,1,1,Intel(R) Core(TM) 7 150U,NT,2abc7cc
degen-r5-m5-d0.0001-p2,100,AGD-SDAJ,1e-7*n,1.0e-11,10,136,0.7152204,0.7052341,98.60374508333375,0.0,0.0004523,0.0,0.0,0.0,0.0,0.009534000000000004,0.2940120841457955,2.4313294112583785e-11,-9.084156677543765e-15,1.4158674233044621e-12,1.4158674233044621e-12,5.8840300610138016e-12,1.4158674233044621e-12,NaN,diag_feasible,0,0,76,26,50,0,10,1.3887998103633849e-14,1.12.6,lbt,1,1,Intel(R) Core(TM) 7 150U,NT,2abc7cc
degen-r5-m5-d0.0001-p2,100,Dykstra-APM,1e-7*n,9.999999999999999e-6,403,403,2.4978031,2.1596326,86.46128271680023,0.0,0.0,0.0,0.0,0.214707,0.0,0.12346349999999992,0.29401208413126356,4.4001486811847464e-11,-1.0393306123310964e-14,1.4279688542728763e-12,1.4279688542728763e-12,9.780988033326778e-12,1.4279688542728763e-12,NaN,diag_feasible,0,0,0,0,0,0,403,1.3887998103633849e-14,1.12.6,lbt,1,1,Intel(R) Core(TM) 7 150U,NT,2abc7cc
degen-r5-m5-d0.0001-p2,100,Anderson-APM,1e-7*n,9.999999999999999e-6,72,72,0.5113723,0.3505683,68.5544172024961,0.0,0.0,0.0,0.0,0.0,0.1449114,0.015892600000000007,0.2940120841833878,3.876647185406896e-11,-9.894562304315175e-15,2.3943069749066126e-12,2.3943069749066126e-12,9.566944987493134e-12,2.3943069749066126e-12,NaN,diag_feasible,0,0,0,0,0,0,72,1.3887998103633849e-14,1.12.6,lbt,1,1,Intel(R) Core(TM) 7 150U,NT,2abc7cc
degen-r5-m5-d0.0001-p3,100,SBB-Dual,1e-7*n,1.0e-11,200,201,1.1288356,1.1099104,98.32347597825583,0.0015543,0.0005796,0.0002891,0.0,0.0,0.0,0.016502199999999974,0.2944910645283118,1.06965268961595e-11,-1.0253620771768044e-14,1.4421797089880783e-12,0.0,9.165284217324576e-12,1.4421797089880783e-12,100.0,diag_feasible,0,0,0,0,0,0,200,1.1529226449755443e-14,1.12.6,lbt,1,1,Intel(R) Core(TM) 7 150U,NT,2abc7cc
degen-r5-m5-d0.0001-p3,100,Newton-SIN-BH,1e-7*n,9.999999999999999e-6,4,5,0.0323618,0.023813,73.58366963518716,0.0,2.04e-5,0.0,0.007408,0.0,0.0,0.0011204000000000023,0.29449106452833146,0.0,-9.593117871650618e-15,3.774758283725532e-15,3.774758283725532e-15,1.1529226449755443e-14,3.774758283725532e-15,NaN,converged,27,27,0,0,0,0,4,1.1529226449755443e-14,1.12.6,lbt,1,1,Intel(R) Core(TM) 7 150U,NT,2abc7cc
degen-r5-m5-d0.0001-p3,100,Newton-SIN,1e-7*n,9.999999999999999e-6,4,9,0.0497897,0.0427799,85.92118450201548,0.0,1.5e-5,0.0,0.00648,0.0,0.0,0.0005147999999999967,0.29449106452833146,0.0,-9.593117871650618e-15,3.774758283725532e-15,3.774758283725532e-15,1.1529226449755443e-14,3.774758283725532e-15,NaN,converged,27,27,0,0,0,0,4,1.1529226449755443e-14,1.12.6,lbt,1,1,Intel(R) Core(TM) 7 150U,NT,2abc7cc
degen-r5-m5-d0.0001-p3,100,AGD-SDAJ-BH,1e-7*n,1.0e-11,11,94,0.61457,0.6042573,98.32196495110404,0.0,0.0003342,0.0,0.0,0.0,0.0,0.009978499999999953,0.29449106452459006,7.470359132613887e-12,-1.155825116407647e-14,9.026113190202523e-13,9.026113190202523e-13,2.0829768282326217e-12,9.026113190202523e-13,NaN,diag_feasible,0,0,27,27,0,0,11,1.1529226449755443e-14,1.12.6,lbt,1,1,Intel(R) Core(TM) 7 150U,NT,2abc7cc
degen-r5-m5-d0.0001-p3,100,AGD-SDAJ,1e-7*n,1.0e-11,9,89,0.5489791,0.5427805,98.87088597726215,0.0,0.0002498,0.0,0.0,0.0,0.0,0.005948800000000054,0.2944910645119045,2.729833772370974e-11,-1.0669868927307399e-14,1.6371348721122558e-12,1.6371348721122558e-12,6.858541605896559e-12,1.6371348721122558e-12,NaN,diag_feasible,0,0,34,25,9,0,9,1.1529226449755443e-14,1.12.6,lbt,1,1,Intel(R) Core(TM) 7 150U,NT,2abc7cc
degen-r5-m5-d0.0001-p3,100,Dykstra-APM,1e-7*n,9.999999999999999e-6,408,408,2.6065603,2.3069053,88.50381477842657,0.0,0.0,0.0,0.0,0.2010055,0.0,0.0986495,0.2944910644989785,4.4460081999254636e-11,-1.0612611349337065e-14,1.5443202272535927e-12,1.5443202272535927e-12,9.812860309838741e-12,1.5443202272535927e-12,NaN,diag_feasible,0,0,0,0,0,0,408,1.1529226449755443e-14,1.12.6,lbt,1,1,Intel(R) Core(TM) 7 150U,NT,2abc7cc
degen-r5-m5-d0.0001-p3,100,Anderson-APM,1e-7*n,9.999999999999999e-6,77,77,0.5486666,0.3805813,69.36476541491682,0.0,0.0,0.0,0.0,0.0,0.1528152,0.015270099999999981,0.29449106455021046,3.346285637798084e-11,-7.816181245326953e-15,1.2650991365603659e-12,1.2650991365603659e-12,7.473270328342116e-12,1.2650991365603659e-12,NaN,diag_feasible,0,0,0,0,0,0,77,1.1529226449755443e-14,1.12.6,lbt,1,1,Intel(R) Core(TM) 7 150U,NT,2abc7cc
degen-r5-m5-d0.0001-p4,100,SBB-Dual,1e-7*n,1.0e-11,197,198,0.8334539,0.8183754,98.19084174901576,0.0011036,0.0005272,0.0002467,0.0,0.0,0.0,0.013200999999999994,0.29467431444449155,6.9118762157205e-12,-1.1860976396321763e-14,1.2028156248788946e-12,0.0,9.11317942957781e-12,1.2028156248788946e-12,100.0,diag_feasible,0,0,0,0,0,0,197,1.1395886385973188e-14,1.12.6,lbt,1,1,Intel(R) Core(TM) 7 150U,NT,2abc7cc
degen-r5-m5-d0.0001-p4,100,Newton-SIN-BH,1e-7*n,9.999999999999999e-6,4,5,0.0306803,0.0228705,74.54457746501826,0.0,1.66e-5,0.0,0.0070315,0.0,0.0,0.0007617000000000014,0.2946743144444944,0.0,-9.499950184370392e-15,5.10702591327572e-15,5.10702591327572e-15,1.1395886385973188e-14,5.10702591327572e-15,NaN,converged,25,25,0,0,0,0,4,1.1395886385973188e-14,1.12.6,lbt,1,1,Intel(R) Core(TM) 7 150U,NT,2abc7cc
degen-r5-m5-d0.0001-p4,100,Newton-SIN,1e-7*n,9.999999999999999e-6,4,9,0.0485194,0.0406126,83.7038380524079,0.0,2.17e-5,0.0,0.0072948,0.0,0.0,0.0005902999999999993,0.2946743144444944,0.0,-9.499950184370392e-15,5.10702591327572e-15,5.10702591327572e-15,1.1395886385973188e-14,5.10702591327572e-15,NaN,converged,25,25,0,0,0,0,4,1.1395886385973188e-14,1.12.6,lbt,1,1,Intel(R) Core(TM) 7 150U,NT,2abc7cc
degen-r5-m5-d0.0001-p4,100,AGD-SDAJ-BH,1e-7*n,1.0e-11,11,84,0.4967098,0.49152559999999995,98.95629198376999,0.0,0.000235,0.0,0.0,0.0,0.0,0.004949200000000028,0.2946743144401759,6.8343951283354286e-12,-8.480097818994392e-15,6.119549311733863e-13,6.119549311733863e-13,1.6540682686947478e-12,6.119549311733863e-13,NaN,diag_feasible,0,0,17,17,0,0,11,1.1395886385973188e-14,1.12.6,lbt,1,1,Intel(R) Core(TM) 7 150U,NT,2abc7cc
degen-r5-m5-d0.0001-p4,100,AGD-SDAJ,1e-7*n,1.0e-11,10,77,0.4663607,0.4604129,98.72463524477942,0.0,0.0003189,0.0,0.0,0.0,0.0,0.005628900000000003,0.2946743144317316,2.92493264427772e-11,-7.532422591615374e-15,6.390221685137476e-12,6.390221685137476e-12,8.769940024680603e-12,6.390221685137476e-12,NaN,diag_feasible_at_xpre,0,0,20,15,5,0,10,1.1395886385973188e-14,1.12.6,lbt,1,1,Intel(R) Core(TM) 7 150U,NT,2abc7cc
degen-r5-m5-d0.0001-p4,100,Dykstra-APM,1e-7*n,9.999999999999999e-6,402,402,2.6032788,2.2986995,88.30016592921204,0.0,0.0,0.0,0.0,0.1891275,0.0,0.11545179999999988,0.2946743144147719,4.411420667776618e-11,-6.872208465337976e-15,1.2929657344784573e-12,1.2929657344784573e-12,9.809864853721703e-12,1.2929657344784573e-12,NaN,diag_feasible,0,0,0,0,0,0,402,1.1395886385973188e-14,1.12.6,lbt,1,1,Intel(R) Core(TM) 7 150U,NT,2abc7cc
degen-r5-m5-d0.0001-p4,100,Anderson-APM,1e-7*n,9.999999999999999e-6,49,49,0.368218,0.2512625,68.2374300007061,0.0,0.0,0.0,0.0,0.0,0.1053627,0.011592799999999986,0.29467431447182685,4.053686464304073e-11,-8.101298031357869e-15,1.2426726314629377e-12,1.2426726314629377e-12,9.080127413482212e-12,1.2426726314629377e-12,NaN,diag_feasible,0,0,0,0,0,0,49,1.1395886385973188e-14,1.12.6,lbt,1,1,Intel(R) Core(TM) 7 150U,NT,2abc7cc
degen-r5-m5-d1e-06-p0,100,SBB-Dual,1e-7*n,1.0e-11,189,190,1.0791903,1.0666255,98.83571970578312,0.0013421,0.0005328,0.0002431,0.0,0.0,0.0,0.010446800000000043,0.2869702435911936,9.135234895319516e-12,-1.0764778395306217e-14,1.3942180743242716e-12,0.0,9.876252996082356e-12,1.3942180743242716e-12,100.0,diag_feasible,0,0,0,0,0,0,189,2.997005876296592e-14,1.12.6,lbt,1,1,Intel(R) Core(TM) 7 150U,NT,2abc7cc
degen-r5-m5-d1e-06-p0,100,Newton-SIN-BH,1e-7*n,9.999999999999999e-6,4,5,0.0389567,0.029114300000000003,74.7350263240983,0.0,2.6e-5,0.0,0.0084344,0.0,0.0,0.0013819999999999943,0.28697024359115175,0.0,-9.701820177267119e-15,9.325873406851315e-15,9.325873406851315e-15,2.997005876296592e-14,9.325873406851315e-15,NaN,converged,25,25,0,0,0,0,4,2.997005876296592e-14,1.12.6,lbt,1,1,Intel(R) Core(TM) 7 150U,NT,2abc7cc
degen-r5-m5-d1e-06-p0,100,Newton-SIN,1e-7*n,9.999999999999999e-6,100,3449,18.976727,18.199579,95.90473109509347,0.0,0.0154148,0.0,0.4345329,0.0,0.0,0.32720030000000044,0.28697014981014984,1.924181894900567e-7,-9.543271535693697e-15,2.1748259859677432e-8,2.1748259859677432e-8,5.09888435372448e-8,2.1748259859677432e-8,NaN,max_iter,978,978,3248,0,0,0,100,2.997005876296592e-14,1.12.6,lbt,1,1,Intel(R) Core(TM) 7 150U,NT,2abc7cc
degen-r5-m5-d1e-06-p0,100,AGD-SDAJ-BH,1e-7*n,1.0e-11,15,126,0.7461892,0.73702,98.77119636681957,0.0,0.0003631,0.0,0.0,0.0,0.0,0.008806099999999989,0.2869702435819536,1.727384528531933e-11,-9.253713134147202e-15,2.914557484245961e-12,2.914557484245961e-12,4.706765736750971e-12,2.914557484245961e-12,NaN,diag_feasible,0,0,37,37,0,0,15,2.997005876296592e-14,1.12.6,lbt,1,1,Intel(R) Core(TM) 7 150U,NT,2abc7cc
degen-r5-m5-d1e-06-p0,100,AGD-SDAJ,1e-7*n,1.0e-11,12,116,0.6703349,0.6622443,98.79305105552464,0.0,0.000322,0.0,0.0,0.0,0.0,0.007768599999999948,0.28697024357120954,3.165660019114168e-11,-7.930200787610495e-15,2.3738788712535097e-12,2.3738788712535097e-12,7.812132799384423e-12,2.3738788712535097e-12,NaN,diag_feasible,0,0,43,30,13,0,12,2.997005876296592e-14,1.12.6,lbt,1,1,Intel(R) Core(TM) 7 150U,NT,2abc7cc
degen-r5-m5-d1e-06-p0,100,Dykstra-APM,1e-7*n,9.999999999999999e-6,388,388,2.4725749,2.2250378,89.98869154580514,0.0,0.0,0.0,0.0,0.1282184,0.0,0.11931870000000017,0.2869702435613847,4.342572688335486e-11,-1.0100636866088988e-14,1.3586909375362666e-12,1.3586909375362666e-12,9.63584736064919e-12,1.3586909375362666e-12,NaN,diag_feasible,0,0,0,0,0,0,388,2.997005876296592e-14,1.12.6,lbt,1,1,Intel(R) Core(TM) 7 150U,NT,2abc7cc
degen-r5-m5-d1e-06-p0,100,Anderson-APM,1e-7*n,9.999999999999999e-6,94,94,0.7484019,0.5207439,69.58078273184502,0.0,0.0,0.0,0.0,0.0,0.2081332,0.019524799999999926,0.28697024361476836,3.8216485001260635e-11,-8.882581368312708e-15,4.3869352595038436e-12,4.3869352595038436e-12,9.340071888209283e-12,4.3869352595038436e-12,NaN,diag_feasible,0,0,0,0,0,0,94,2.997005876296592e-14,1.12.6,lbt,1,1,Intel(R) Core(TM) 7 150U,NT,2abc7cc
degen-r5-m5-d1e-06-p1,100,SBB-Dual,1e-7*n,1.0e-11,186,187,1.0179941,1.0017311,98.40244653677266,0.0013077,0.0005175,0.000244,0.0,0.0,0.0,0.014193799999999916,0.28217245658569196,8.493540366846017e-12,-8.343754624538347e-15,1.3467005288703149e-12,0.0,9.632037480135036e-12,1.3467005288703149e-12,100.0,diag_feasible,0,0,0,0,0,0,186,1.4060438770513956e-14,1.12.6,lbt,1,1,Intel(R) Core(TM) 7 150U,NT,2abc7cc
degen-r5-m5-d1e-06-p1,100,Newton-SIN-BH,1e-7*n,9.999999999999999e-6,5,6,0.039092,0.028956700000000002,74.07321191036529,0.0,2.02e-5,0.0,0.00908,0.0,0.0,0.0010351000000000006,0.28217245658568746,0.0,-9.712202259550963e-15,4.884981308350689e-15,4.884981308350689e-15,1.4060438770513956e-14,4.884981308350689e-15,NaN,converged,33,33,0,0,0,0,5,1.4060438770513956e-14,1.12.6,lbt,1,1,Intel(R) Core(TM) 7 150U,NT,2abc7cc
degen-r5-m5-d1e-06-p1,100,Newton-SIN,1e-7*n,9.999999999999999e-6,100,3142,16.8076273,16.1639878,96.1705510925983,0.0,0.0147554,0.0,0.3696519,0.0,0.0,0.2592321999999991,0.28217244714375733,3.153633042102619e-8,-9.472962112296383e-15,5.714605011419849e-9,5.714605011419849e-9,9.17928141683086e-9,5.714605011419849e-9,NaN,max_iter,981,981,2941,0,0,0,100,1.4060438770513956e-14,1.12.6,lbt,1,1,Intel(R) Core(TM) 7 150U,NT,2abc7cc
degen-r5-m5-d1e-06-p1,100,AGD-SDAJ-BH,1e-7*n,1.0e-11,9,70,0.3080392,0.3020644,98.06037673127317,0.0,0.0001897,0.0,0.0,0.0,0.0,0.005785100000000002,0.2821724565776299,1.2763633839880089e-11,-1.0186627156648935e-14,1.2656542480726785e-12,1.2656542480726785e-12,3.2122417145138926e-12,1.2656542480726785e-12,NaN,diag_feasible,0,0,15,15,0,0,9,1.4060438770513956e-14,1.12.6,lbt,1,1,Intel(R) Core(TM) 7 150U,NT,2abc7cc
degen-r5-m5-d1e-06-p1,100,AGD-SDAJ,1e-7*n,1.0e-11,9,80,0.6825107,0.6733577000000001,98.65892212385829,0.0,0.0008498,0.0,0.0,0.0,0.0,0.008303199999999967,0.28217245657733925,1.3158789438232004e-11,-9.482315600524584e-15,1.2794210135780304e-12,1.2794210135780304e-12,3.2980203190210007e-12,1.2794210135780304e-12,NaN,diag_feasible,0,0,25,15,10,0,9,1.4060438770513956e-14,1.12.6,lbt,1,1,Intel(R) Core(TM) 7 150U,NT,2abc7cc
degen-r5-m5-d1e-06-p1,100,Dykstra-APM,1e-7*n,9.999999999999999e-6,381,381,2.2653116,2.0175071,89.06090888335186,0.0,0.0,0.0,0.0,0.1526628,0.0,0.0951417,0.28217245655440626,4.4572877013839734e-11,-9.215179587654216e-15,1.3864465131518955e-12,1.3864465131518955e-12,9.904021733145212e-12,1.3864465131518955e-12,NaN,diag_feasible,0,0,0,0,0,0,381,1.4060438770513956e-14,1.12.6,lbt,1,1,Intel(R) Core(TM) 7 150U,NT,2abc7cc
degen-r5-m5-d1e-06-p1,100,Anderson-APM,1e-7*n,9.999999999999999e-6,55,55,0.3777889,0.2602152,68.87846625456703,0.0,0.0,0.0,0.0,0.0,0.1038047,0.013769000000000003,0.28217245658407375,2.3731424214437006e-11,-1.036825510039032e-14,2.9700686354772188e-12,2.9700686354772188e-12,7.354177335466348e-12,2.9700686354772188e-12,NaN,diag_feasible,0,0,0,0,0,0,55,1.4060438770513956e-14,1.12.6,lbt,1,1,Intel(R) Core(TM) 7 150U,NT,2abc7cc
degen-r5-m5-d1e-06-p2,100,SBB-Dual,1e-7*n,1.0e-11,185,186,1.0039068,0.9897559,98.59041695902448,0.0012239,0.000547,0.0001171,0.0,0.0,0.0,0.012262899999999965,0.2941518349250761,8.029467391374177e-12,-8.24548697271032e-15,1.4028778139163478e-12,0.0,9.61909817131293e-12,1.4028778139163478e-12,100.0,diag_feasible,0,0,0,0,0,0,185,3.8308969009235156e-14,1.12.6,lbt,1,1,Intel(R) Core(TM) 7 150U,NT,2abc7cc
degen-r5-m5-d1e-06-p2,100,Newton-SIN-BH,1e-7*n,9.999999999999999e-6,4,5,0.0349337,0.022903,65.5613347569825,0.0,1.8e-5,0.0,0.0083252,0.0,0.0,0.003687499999999998,0.2941518349250475,0.0,-7.302039634465607e-15,1.1213252548714081e-14,1.1213252548714081e-14,3.8308969009235156e-14,1.1213252548714081e-14,NaN,converged,24,24,0,0,0,0,4,3.8308969009235156e-14,1.12.6,lbt,1,1,Intel(R) Core(TM) 7 150U,NT,2abc7cc
degen-r5-m5-d1e-06-p2,100,Newton-SIN,1e-7*n,9.999999999999999e-6,100,3522,18.8730377,18.1766864,96.31033800139126,0.0,0.0121566,0.0,0.375152,0.0,0.0,0.30904269999999995,0.2941517687929611,1.296933712981868e-7,-1.0281308230322702e-14,1.2165355611770678e-8,1.2165355611770678e-8,3.335269685360477e-8,1.2165355611770678e-8,NaN,max_iter,886,886,3321,0,0,0,100,3.8308969009235156e-14,1.12.6,lbt,1,1,Intel(R) Core(TM) 7 150U,NT,2abc7cc
degen-r5-m5-d1e-06-p2,100,AGD-SDAJ-BH,1e-7*n,1.0e-11,10,81,0.462829,0.4567468,98.6858645417638,0.0,0.0002381,0.0,0.0,0.0,0.0,0.005844099999999982,0.29415183491765917,1.846783415037283e-11,-8.324935258708004e-15,2.816635813474022e-12,2.816635813474022e-12,5.462492421932151e-12,2.816635813474022e-12,NaN,diag_feasible_at_xpre,0,0,24,24,0,0,10,3.8308969009235156e-14,1.12.6,lbt,1,1,Intel(R) Core(TM) 7 150U,NT,2abc7cc
degen-r5-m5-d1e-06-p2,100,AGD-SDAJ,1e-7*n,1.0e-11,10,94,0.4437365,0.43797369999999997,98.70130133536456,0.0,0.0002955,0.0,0.0,0.0,0.0,0.005467300000000013,0.2941518349166872,1.6852952847162627e-11,-7.911189178133831e-15,2.8039792709932954e-12,2.8039792709932954e-12,4.802020410612568e-12,2.8039792709932954e-12,NaN,diag_feasible_at_xpre,0,0,37,29,8,0,10,3.8308969009235156e-14,1.12.6,lbt,1,1,Intel(R) Core(TM) 7 150U,NT,2abc7cc
degen-r5-m5-d1e-06-p2,100,Dykstra-APM,1e-7*n,9.999999999999999e-6,379,379,2.5305499,2.2705564,89.72581018852858,0.0,0.0,0.0,0.0,0.1474474,0.0,0.1125461000000002,0.29415183489511726,4.439924098691935e-11,-9.251993962862035e-15,1.4408474413585282e-12,1.4408474413585282e-12,9.881680300974259e-12,1.4408474413585282e-12,NaN,diag_feasible,0,0,0,0,0,0,379,3.8308969009235156e-14,1.12.6,lbt,1,1,Intel(R) Core(TM) 7 150U,NT,2abc7cc
degen-r5-m5-d1e-06-p2,100,Anderson-APM,1e-7*n,9.999999999999999e-6,57,57,0.4541888,0.3226667,71.04241672185663,0.0,0.0,0.0,0.0,0.0,0.1167214,0.014800700000000028,0.2941518349022727,4.043656862877169e-11,-1.067525947986145e-14,3.5211833449011465e-12,3.5211833449011465e-12,9.893500262703506e-12,3.5211833449011465e-12,NaN,diag_feasible,0,0,0,0,0,0,57,3.8308969009235156e-14,1.12.6,lbt,1,1,Intel(R) Core(TM) 7 150U,NT,2abc7cc
degen-r5-m5-d1e-06-p3,100,SBB-Dual,1e-7*n,1.0e-11,187,188,1.2581373,1.2141658999999998,96.50503963279682,0.0013275,0.0006622,0.0006676,0.0,0.0,0.0,0.041314100000000215,0.29463136926184474,1.1616398045363072e-11,-1.1518908101968939e-14,1.5616397064377452e-12,0.0,9.947148434542803e-12,1.5616397064377452e-12,100.0,diag_feasible,0,0,0,0,0,0,187,5.294541742873377e-14,1.12.6,lbt,1,1,Intel(R) Core(TM) 7 150U,NT,2abc7cc
degen-r5-m5-d1e-06-p3,100,Newton-SIN-BH,1e-7*n,9.999999999999999e-6,4,5,0.0341064,0.026208600000000002,76.84364224896208,0.0,1.96e-5,0.0,0.0070375,0.0,0.0,0.0008406999999999998,0.29463136926178923,0.0,-1.0640210281432165e-14,1.3988810110276972e-14,1.3988810110276972e-14,5.294541742873377e-14,1.3988810110276972e-14,NaN,converged,23,23,0,0,0,0,4,5.294541742873377e-14,1.12.6,lbt,1,1,Intel(R) Core(TM) 7 150U,NT,2abc7cc
degen-r5-m5-d1e-06-p3,100,Newton-SIN,1e-7*n,9.999999999999999e-6,5,13,0.0796415,0.069009,86.64954828826679,0.0,3.29e-5,0.0,0.0094858,0.0,0.0,0.0011138000000000016,0.2946313692618386,1.3532894681723533e-13,-9.803232896139332e-15,1.1435297153639112e-14,1.1435297153639112e-14,3.539574874064251e-14,1.1435297153639112e-14,NaN,converged,32,32,2,0,0,0,5,5.294541742873377e-14,1.12.6,lbt,1,1,Intel(R) Core(TM) 7 150U,NT,2abc7cc
degen-r5-m5-d1e-06-p3,100,AGD-SDAJ-BH,1e-7*n,1.0e-11,11,80,0.4724163,0.4673092,98.9189407732121,0.0,0.0002483,0.0,0.0,0.0,0.0,0.004858800000000031,0.2946313692421802,3.2298060845105325e-11,-8.870971131326332e-15,3.303801676679541e-12,3.303801676679541e-12,8.033921458346604e-12,3.303801676679541e-12,NaN,diag_feasible,0,0,15,15,0,0,11,5.294541742873377e-14,1.12.6,lbt,1,1,Intel(R) Core(TM) 7 150U,NT,2abc7cc
degen-r5-m5-d1e-06-p3,100,AGD-SDAJ,1e-7*n,1.0e-11,9,70,0.413583,0.4093144,98.96789761668154,0.0,0.0002049,0.0,0.0,0.0,0.0,0.004063699999999956,0.2946313692473443,3.181005474768913e-11,-1.118910986340479e-14,5.200284647344233e-12,5.200284647344233e-12,9.223765926615027e-12,5.200284647344233e-12,NaN,diag_feasible_at_xpre,0,0,17,15,2,0,9,5.294541742873377e-14,1.12.6,lbt,1,1,Intel(R) Core(TM) 7 150U,NT,2abc7cc
degen-r5-m5-d1e-06-p3,100,Dykstra-APM,1e-7*n,9.999999999999999e-6,384,384,2.3662505,2.1445261,90.6297156619724,0.0,0.0,0.0,0.0,0.126287,0.0,0.09543739999999981,0.29463136923289895,4.3788548976276907e-11,-9.00755904476856e-15,1.5185630530822891e-12,1.5185630530822891e-12,9.68783386714266e-12,1.5185630530822891e-12,NaN,diag_feasible,0,0,0,0,0,0,384,5.294541742873377e-14,1.12.6,lbt,1,1,Intel(R) Core(TM) 7 150U,NT,2abc7cc
degen-r5-m5-d1e-06-p3,100,Anderson-APM,1e-7*n,9.999999999999999e-6,66,66,0.5174738,0.3571706,69.02196787547506,0.0,0.0,0.0,0.0,0.0,0.1457054,0.014597799999999966,0.2946313692399132,3.839691917336153e-11,-1.0955349648098792e-14,3.1434854719236682e-12,3.1434854719236682e-12,9.552953535348438e-12,3.1434854719236682e-12,NaN,diag_feasible,0,0,0,0,0,0,66,5.294541742873377e-14,1.12.6,lbt,1,1,Intel(R) Core(TM) 7 150U,NT,2abc7cc
degen-r5-m5-d1e-06-p4,100,SBB-Dual,1e-7*n,1.0e-11,184,185,1.0168324,0.9995620000000001,98.30154900650295,0.0016984,0.0008007,0.000248,0.0,0.0,0.0,0.01452329999999991,0.29481509279974866,7.296452587735633e-12,-1.3055893169379871e-14,1.2714274078007293e-12,0.0,9.644169462578921e-12,1.2714274078007293e-12,100.0,diag_feasible,0,0,0,0,0,0,184,5.664727353647357e-14,1.12.6,lbt,1,1,Intel(R) Core(TM) 7 150U,NT,2abc7cc
degen-r5-m5-d1e-06-p4,100,Newton-SIN-BH,1e-7*n,9.999999999999999e-6,4,5,0.0353207,0.0280973,79.54910293397357,0.0,1.55e-5,0.0,0.005906,0.0,0.0,0.0013018999999999982,0.2948150927997275,0.0,-9.516586372303939e-15,1.63202784619898e-14,1.63202784619898e-14,5.664727353647357e-14,1.63202784619898e-14,NaN,converged,23,23,0,0,0,0,4,5.664727353647357e-14,1.12.6,lbt,1,1,Intel(R) Core(TM) 7 150U,NT,2abc7cc
degen-r5-m5-d1e-06-p4,100,Newton-SIN,1e-7*n,9.999999999999999e-6,12,99,0.5850636,0.5421081,92.65797769678372,0.0,0.0010921,0.0,0.0335375,0.0,0.0,0.008325900000000039,0.2948150927997511,2.0032420334688032e-13,-1.0858241787580387e-14,5.551115123125783e-15,5.551115123125783e-15,1.0564050652353244e-14,5.551115123125783e-15,NaN,converged,98,98,74,0,0,0,12,5.664727353647357e-14,1.12.6,lbt,1,1,Intel(R) Core(TM) 7 150U,NT,2abc7cc
degen-r5-m5-d1e-06-p4,100,AGD-SDAJ-BH,1e-7*n,1.0e-11,8,62,0.2110647,0.2058877,97.54719761286468,0.0,0.0001386,0.0,0.0,0.0,0.0,0.005038399999999987,0.29481509278762286,1.951196741132749e-11,-1.0865108347524584e-14,2.2455370896068416e-12,2.2455370896068416e-12,4.795054870517559e-12,2.2455370896068416e-12,NaN,diag_feasible,0,0,13,13,0,0,8,5.664727353647357e-14,1.12.6,lbt,1,1,Intel(R) Core(TM) 7 150U,NT,2abc7cc
degen-r5-m5-d1e-06-p4,100,AGD-SDAJ,1e-7*n,1.0e-11,8,66,0.3063811,0.3030385,98.90900581008422,0.0,0.0001714,0.0,0.0,0.0,0.0,0.003171200000000029,0.29481509278741064,1.9544821047030083e-11,-1.0092189443989741e-14,2.09321449062827e-12,2.09321449062827e-12,4.724664446164086e-12,2.09321449062827e-12,NaN,diag_feasible,0,0,17,13,4,0,8,5.664727353647357e-14,1.12.6,lbt,1,1,Intel(R) Core(TM) 7 150U,NT,2abc7cc
degen-r5-m5-d1e-06-p4,100,Dykstra-APM,1e-7*n,9.999999999999999e-6,377,377,2.6549666,2.2859406,86.10054077516456,0.0,0.0,0.0,0.0,0.1530229,0.0,0.21600309999999986,0.29481509276971907,4.457052560433137e-11,-1.364300742979742e-14,1.3076206784035094e-12,1.3076206784035094e-12,9.91747103991961e-12,1.3076206784035094e-12,NaN,diag_feasible,0,0,0,0,0,0,377,5.664727353647357e-14,1.12.6,lbt,1,1,Intel(R) Core(TM) 7 150U,NT,2abc7cc
degen-r5-m5-d1e-06-p4,100,Anderson-APM,1e-7*n,9.999999999999999e-6,54,54,0.4294556,0.2891251,67.32363019599698,0.0,0.0,0.0,0.0,0.0,0.1224074,0.01792309999999997,0.29481509282526347,3.911284823853475e-11,-8.063561429852606e-15,1.8884893648873913e-12,1.8884893648873913e-12,8.968954272698404e-12,1.8884893648873913e-12,NaN,diag_feasible,0,0,0,0,0,0,54,5.664727353647357e-14,1.12.6,lbt,1,1,Intel(R) Core(TM) 7 150U,NT,2abc7cc
degen-r5-m5-d1e-08-p0,100,SBB-Dual,1e-7*n,1.0e-11,178,179,1.1276052,1.1096087,98.4040070052887,0.0016611,0.0006698,0.00037,0.0,0.0,0.0,0.015295600000000192,0.28697153423575716,9.12004177458415e-12,-1.0533625689033911e-14,1.4015455462867976e-12,0.0,9.88717942655523e-12,1.4015455462867976e-12,100.0,diag_feasible,0,0,0,0,0,0,178,3.085081859693183e-14,1.12.6,lbt,1,1,Intel(R) Core(TM) 7 150U,NT,2abc7cc
degen-r5-m5-d1e-08-p0,100,Newton-SIN-BH,1e-7*n,9.999999999999999e-6,5,6,0.0423909,0.0317548,74.90947349549077,0.0,2.01e-5,0.0,0.0096236,0.0,0.0,0.0009924000000000027,0.2869715342357474,0.0,-8.418527804512648e-15,7.993605777301127e-15,7.993605777301127e-15,3.085081859693183e-14,7.993605777301127e-15,NaN,converged,39,39,0,0,0,0,5,3.085081859693183e-14,1.12.6,lbt,1,1,Intel(R) Core(TM) 7 150U,NT,2abc7cc
degen-r5-m5-d1e-08-p0,100,Newton-SIN,1e-7*n,9.999999999999999e-6,100,3139,16.7513778,16.0115723,95.5836140236775,0.0,0.0120538,0.0,0.4609716,0.0,0.0,0.26678009999999924,0.2869715317927606,5.096661486456069e-9,-8.791637417577358e-15,5.755633747384081e-10,5.755633747384081e-10,1.3604465391663675e-9,5.755633747384081e-10,NaN,max_iter,1088,1088,2938,0,0,0,100,3.085081859693183e-14,1.12.6,lbt,1,1,Intel(R) Core(TM) 7 150U,NT,2abc7cc
degen-r5-m5-d1e-08-p0,100,AGD-SDAJ-BH,1e-7*n,1.0e-11,11,94,0.5429566,0.5371632,98.9329902242647,0.0,0.0002727,0.0,0.0,0.0,0.0,0.00552070000000006,0.28697153422433586,1.8583971107636073e-11,-1.0140376833505294e-14,1.3293810496861624e-12,1.3293810496861624e-12,4.741229484185068e-12,1.3293810496861624e-12,NaN,diag_feasible,0,0,27,27,0,0,11,3.085081859693183e-14,1.12.6,lbt,1,1,Intel(R) Core(TM) 7 150U,NT,2abc7cc
degen-r5-m5-d1e-08-p0,100,AGD-SDAJ,1e-7*n,1.0e-11,13,144,0.9148016,0.8993564,98.31163391056596,0.0,0.0004161,0.0,0.0,0.0,0.0,0.015029100000000049,0.28697153422721977,1.3154399420287365e-11,-9.807374870089768e-15,7.240874566605271e-13,7.240874566605271e-13,3.1762021966539484e-12,7.240874566605271e-13,NaN,diag_feasible,0,0,66,33,33,0,13,3.085081859693183e-14,1.12.6,lbt,1,1,Intel(R) Core(TM) 7 150U,NT,2abc7cc
degen-r5-m5-d1e-08-p0,100,Dykstra-APM,1e-7*n,9.999999999999999e-6,366,366,2.4422032,2.196455,89.93743845720945,0.0,0.0,0.0,0.0,0.1427518,0.0,0.10299639999999996,0.286971534205731,4.3782691381173504e-11,-8.749072776530205e-15,1.3775647289548942e-12,1.3775647289548942e-12,9.704754266820189e-12,1.3775647289548942e-12,NaN,diag_feasible,0,0,0,0,0,0,366,3.085081859693183e-14,1.12.6,lbt,1,1,Intel(R) Core(TM) 7 150U,NT,2abc7cc
degen-r5-m5-d1e-08-p0,100,Anderson-APM,1e-7*n,9.999999999999999e-6,79,79,0.4747204,0.3368024,70.94753037788138,0.0,0.0,0.0,0.0,0.0,0.1244662,0.013451799999999986,0.2869715342238823,1.7816777837220288e-11,-9.45305961014017e-15,9.070522111187529e-13,9.070522111187529e-13,4.06016116352054e-12,9.070522111187529e-13,NaN,diag_feasible,0,0,0,0,0,0,79,3.085081859693183e-14,1.12.6,lbt,1,1,Intel(R) Core(TM) 7 150U,NT,2abc7cc
degen-r5-m5-d1e-08-p1,100,SBB-Dual,1e-7*n,1.0e-11,174,175,0.8000197,0.7866586999999999,98.3299161258154,0.000983,0.0018637,0.0002464,0.0,0.0,0.0,0.010267900000000068,0.2821736704183866,8.50040189607925e-12,-9.260999637298866e-15,1.3624656958199921e-12,0.0,9.641938080245127e-12,1.3624656958199921e-12,100.0,diag_feasible,0,0,0,0,0,0,174,1.653076973250841e-14,1.12.6,lbt,1,1,Intel(R) Core(TM) 7 150U,NT,2abc7cc
degen-r5-m5-d1e-08-p1,100,Newton-SIN-BH,1e-7*n,9.999999999999999e-6,5,6,0.0419648,0.0311027,74.11616402318134,0.0,2.11e-5,0.0,0.0099022,0.0,0.0,0.0009387999999999966,0.2821736704183536,0.0,-8.135541042692477e-15,4.6629367034256575e-15,4.6629367034256575e-15,1.653076973250841e-14,4.6629367034256575e-15,NaN,converged,36,36,0,0,0,0,5,1.653076973250841e-14,1.12.6,lbt,1,1,Intel(R) Core(TM) 7 150U,NT,2abc7cc
degen-r5-m5-d1e-08-p1,100,Newton-SIN,1e-7*n,9.999999999999999e-6,100,2688,15.1193172,14.352769799999999,94.93001310932216,0.0,0.0099713,0.0,0.5048596,0.0,0.0,0.25171650000000034,0.2821736701898886,4.4562495470082155e-10,-1.049085104424789e-14,4.177502788138554e-11,4.177502788138554e-11,1.1341155267519548e-10,4.177502788138554e-11,NaN,max_iter,1263,1263,2487,0,0,0,100,1.653076973250841e-14,1.12.6,lbt,1,1,Intel(R) Core(TM) 7 150U,NT,2abc7cc
degen-r5-m5-d1e-08-p1,100,AGD-SDAJ-BH,1e-7*n,1.0e-11,10,85,0.5059375,0.49699279999999996,98.23205435453983,0.0,0.0002819,0.0,0.0,0.0,0.0,0.008662800000000083,0.2821736704117499,1.0168718230492676e-11,-1.1349403481746286e-14,8.555378627761456e-13,8.555378627761456e-13,2.464522936567461e-12,8.555378627761456e-13,NaN,diag_feasible,0,0,24,24,0,0,10,1.653076973250841e-14,1.12.6,lbt,1,1,Intel(R) Core(TM) 7 150U,NT,2abc7cc
degen-r5-m5-d1e-08-p1,100,AGD-SDAJ,1e-7*n,1.0e-11,11,93,0.5331522,0.5222886,97.96238297431765,0.0,0.0002912,0.0,0.0,0.0,0.0,0.010572399999999973,0.2821736703977103,3.245775947507629e-11,-9.753282226473322e-15,5.076605802400991e-12,5.076605802400991e-12,8.283098874965396e-12,5.076605802400991e-12,NaN,diag_feasible,0,0,28,23,5,0,11,1.653076973250841e-14,1.12.6,lbt,1,1,Intel(R) Core(TM) 7 150U,NT,2abc7cc
degen-r5-m5-d1e-08-p1,100,Dykstra-APM,1e-7*n,9.999999999999999e-6,357,357,2.5106227,2.2698044,90.40802506884049,0.0,0.0,0.0,0.0,0.1373088,0.0,0.10350949999999992,0.28217367038685254,4.4884132159974635e-11,-9.658654281988247e-15,1.4137579995576743e-12,1.4137579995576743e-12,9.980837486134107e-12,1.4137579995576743e-12,NaN,diag_feasible,0,0,0,0,0,0,357,1.653076973250841e-14,1.12.6,lbt,1,1,Intel(R) Core(TM) 7 150U,NT,2abc7cc
degen-r5-m5-d1e-08-p1,100,Anderson-APM,1e-7*n,9.999999999999999e-6,56,56,0.5855589,0.4060749,69.34825856117975,0.0,0.0,0.0,0.0,0.0,0.1619431,0.01754089999999997,0.28217367043581715,2.8927615605242384e-11,-1.1531899947838538e-14,1.7429391263590333e-12,1.7429391263590333e-12,7.338070646524775e-12,1.7429391263590333e-12,NaN,diag_feasible,0,0,0,0,0,0,56,1.653076973250841e-14,1.12.6,lbt,1,1,Intel(R) Core(TM) 7 150U,NT,2abc7cc
degen-r5-m5-d1e-08-p2,100,SBB-Dual,1e-7*n,1.0e-11,173,174,0.9505609,0.9373043,98.6053918270781,0.0011618,0.000639,0.0002444,0.0,0.0,0.0,0.011211400000000062,0.29415323283823513,8.1076311346331e-12,-1.0039330593550404e-14,1.3888890038060708e-12,0.0,9.699715280042852e-12,1.3888890038060708e-12,100.0,diag_feasible,0,0,0,0,0,0,173,2.3078222863570406e-14,1.12.6,lbt,1,1,Intel(R) Core(TM) 7 150U,NT,2abc7cc
degen-r5-m5-d1e-08-p2,100,Newton-SIN-BH,1e-7*n,9.999999999999999e-6,6,8,0.0572223,0.040997399999999996,71.64584436487173,0.0,2.88e-5,0.0,0.0149837,0.0,0.0,0.0012124000000000006,0.2941532328381983,0.0,-9.046993282559488e-15,8.881784197001252e-15,8.881784197001252e-15,2.3078222863570406e-14,8.881784197001252e-15,NaN,converged,47,47,1,0,0,0,6,2.3078222863570406e-14,1.12.6,lbt,1,1,Intel(R) Core(TM) 7 150U,NT,2abc7cc
degen-r5-m5-d1e-08-p2,100,Newton-SIN,1e-7*n,9.999999999999999e-6,100,3283,17.8829505,17.103522599999998,95.64150278221706,0.0,0.0112826,0.0,0.4219166,0.0,0.0,0.3462287000000017,0.2941532255830659,2.4283758794541518e-8,-8.167299999571663e-15,5.414810821946503e-9,5.414810821946503e-9,8.154631947022708e-9,5.414810821946503e-9,NaN,max_iter,986,986,3082,0,0,0,100,2.3078222863570406e-14,1.12.6,lbt,1,1,Intel(R) Core(TM) 7 150U,NT,2abc7cc
degen-r5-m5-d1e-08-p2,100,AGD-SDAJ-BH,1e-7*n,1.0e-11,10,84,0.4870497,0.4801858,98.59071877058953,0.0,0.0002292,0.0,0.0,0.0,0.0,0.006634699999999979,0.2941532328279356,2.5341975734073812e-11,-7.793748577013801e-15,4.373390538603417e-12,4.373390538603417e-12,7.631395360259574e-12,4.373390538603417e-12,NaN,diag_feasible,0,0,25,25,0,0,10,2.3078222863570406e-14,1.12.6,lbt,1,1,Intel(R) Core(TM) 7 150U,NT,2abc7cc
degen-r5-m5-d1e-08-p2,100,AGD-SDAJ,1e-7*n,1.0e-11,10,84,0.5126271,0.5011312,97.75745371245492,0.0,0.0002796,0.0,0.0,0.0,0.0,0.011216300000000004,0.29415323282773764,2.5339691101814407e-11,-8.934773916551201e-15,4.333644554321836e-12,4.333644554321836e-12,7.593326106661746e-12,4.333644554321836e-12,NaN,diag_feasible_at_xpre,0,0,27,25,2,0,10,2.3078222863570406e-14,1.12.6,lbt,1,1,Intel(R) Core(TM) 7 150U,NT,2abc7cc
degen-r5-m5-d1e-08-p2,100,Dykstra-APM,1e-7*n,9.999999999999999e-6,356,356,2.0804545,1.8957204,91.12049314224367,0.0,0.0,0.0,0.0,0.1007629,0.0,0.08397120000000001,0.29415323280929834,4.2847117199116884e-11,-1.1975855413857845e-14,1.361577517400292e-12,1.361577517400292e-12,9.539759501672962e-12,1.361577517400292e-12,NaN,diag_feasible,0,0,0,0,0,0,356,2.3078222863570406e-14,1.12.6,lbt,1,1,Intel(R) Core(TM) 7 150U,NT,2abc7cc
degen-r5-m5-d1e-08-p2,100,Anderson-APM,1e-7*n,9.999999999999999e-6,77,77,0.5782311,0.3847735,66.54320391967849,0.0,0.0,0.0,0.0,0.0,0.1672158,0.02624180000000001,0.2941532328607504,3.6652789541679895e-11,-7.590470544398508e-15,1.96787031114809e-12,1.96787031114809e-12,8.649598546353969e-12,1.96787031114809e-12,NaN,diag_feasible,0,0,0,0,0,0,77,2.3078222863570406e-14,1.12.6,lbt,1,1,Intel(R) Core(TM) 7 150U,NT,2abc7cc
degen-r5-m5-d1e-08-p3,100,SBB-Dual,1e-7*n,1.0e-11,175,176,0.9681178,0.955589,98.7058599686939,0.0011434,0.0005095,0.0002439,0.0,0.0,0.0,0.010632000000000008,0.2946327727140451,1.1458904255583184e-11,-1.087045235845936e-14,1.4854784069484595e-12,0.0,9.811738441275954e-12,1.4854784069484595e-12,100.0,diag_feasible,0,0,0,0,0,0,175,1.9747306959778223e-14,1.12.6,lbt,1,1,Intel(R) Core(TM) 7 150U,NT,2abc7cc
degen-r5-m5-d1e-08-p3,100,Newton-SIN-BH,1e-7*n,9.999999999999999e-6,5,6,0.0194668,0.0134005,68.83771344031891,0.0,1.38e-5,0.0,0.0051691,0.0,0.0,0.0008834000000000003,0.2946327727140068,0.0,-6.5923901533175985e-15,4.884981308350689e-15,4.884981308350689e-15,1.9747306959778223e-14,4.884981308350689e-15,NaN,converged,37,37,0,0,0,0,5,1.9747306959778223e-14,1.12.6,lbt,1,1,Intel(R) Core(TM) 7 150U,NT,2abc7cc
degen-r5-m5-d1e-08-p3,100,Newton-SIN,1e-7*n,9.999999999999999e-6,6,14,0.0791989,0.06583030000000001,83.12022010406712,0.0,2.67e-5,0.0,0.0126268,0.0,0.0,0.0007150999999999946,0.2946327727140458,1.181569928426387e-13,-1.0421333100042625e-14,1.887379141862766e-15,1.887379141862766e-15,7.215595591812694e-15,1.887379141862766e-15,NaN,converged,49,49,1,0,0,0,6,1.9747306959778223e-14,1.12.6,lbt,1,1,Intel(R) Core(TM) 7 150U,NT,2abc7cc
degen-r5-m5-d1e-08-p3,100,AGD-SDAJ-BH,1e-7*n,1.0e-11,8,63,0.3760292,0.3712314,98.72408844845027,0.0,0.0002798,0.0,0.0,0.0,0.0,0.0045180000000000185,0.2946327726946912,3.150557098521516e-11,-1.1510135480626217e-14,1.999289622744982e-12,1.999289622744982e-12,7.725588023310717e-12,1.999289622744982e-12,NaN,diag_feasible,0,0,14,14,0,0,8,1.9747306959778223e-14,1.12.6,lbt,1,1,Intel(R) Core(TM) 7 150U,NT,2abc7cc
degen-r5-m5-d1e-08-p3,100,AGD-SDAJ,1e-7*n,1.0e-11,8,62,0.3598863,0.355067,98.66088261764897,0.0,0.0002508,0.0,0.0,0.0,0.0,0.004568499999999971,0.2946327726990744,3.136129116089775e-11,-1.0961540981800239e-14,5.156763904778927e-12,5.156763904778927e-12,9.21302583601067e-12,5.156763904778927e-12,NaN,diag_feasible,0,0,15,11,4,0,8,1.9747306959778223e-14,1.12.6,lbt,1,1,Intel(R) Core(TM) 7 150U,NT,2abc7cc
degen-r5-m5-d1e-08-p3,100,Dykstra-APM,1e-7*n,9.999999999999999e-6,360,360,2.5067454,2.2715549,90.61769496016628,0.0,0.0,0.0,0.0,0.1344613,0.0,0.10072919999999985,0.2946327726852758,4.352204596007101e-11,-8.421798353887508e-15,1.4479528687161292e-12,1.4479528687161292e-12,9.62447378161316e-12,1.4479528687161292e-12,NaN,diag_feasible,0,0,0,0,0,0,360,1.9747306959778223e-14,1.12.6,lbt,1,1,Intel(R) Core(TM) 7 150U,NT,2abc7cc
degen-r5-m5-d1e-08-p3,100,Anderson-APM,1e-7*n,9.999999999999999e-6,65,65,0.5118878,0.3546758,69.28780095950714,0.0,0.0,0.0,0.0,0.0,0.1403114,0.016900600000000016,0.2946327727292978,2.755361070787321e-11,-1.1012530824525472e-14,2.2721824421978454e-12,2.2721824421978454e-12,6.501494439898662e-12,2.2721824421978454e-12,NaN,diag_feasible,0,0,0,0,0,0,65,1.9747306959778223e-14,1.12.6,lbt,1,1,Intel(R) Core(TM) 7 150U,NT,2abc7cc
degen-r5-m5-d1e-08-p4,100,SBB-Dual,1e-7*n,1.0e-11,172,173,0.9734297,0.9600025,98.6206297177906,0.0037638,0.0005465,0.0002431,0.0,0.0,0.0,0.008873799999999973,0.2948165009898155,7.018655866763623e-12,-8.514401542957299e-15,1.2185807918285718e-12,0.0,9.25137785958658e-12,1.2185807918285718e-12,100.0,diag_feasible,0,0,0,0,0,0,172,1.7738918217345588e-14,1.12.6,lbt,1,1,Intel(R) Core(TM) 7 150U,NT,2abc7cc
degen-r5-m5-d1e-08-p4,100,Newton-SIN-BH,1e-7*n,9.999999999999999e-6,5,6,0.0380437,0.0268629,70.61063986941333,0.0,1.89e-5,0.0,0.0104172,0.0,0.0,0.0007447000000000009,0.2948165009898138,0.0,-8.8508215408238e-15,8.881784197001252e-15,8.881784197001252e-15,1.7738918217345588e-14,8.881784197001252e-15,NaN,converged,37,37,0,0,0,0,5,1.7738918217345588e-14,1.12.6,lbt,1,1,Intel(R) Core(TM) 7 150U,NT,2abc7cc
degen-r5-m5-d1e-08-p4,100,Newton-SIN,1e-7*n,9.999999999999999e-6,100,2851,15.6627845,14.9287213,95.3133288656305,0.0,0.0127389,0.0,0.4468652,0.0,0.0,0.27445910000000134,0.2948165002890898,1.6123320653054422e-9,-9.517960783209453e-15,1.9189450028989086e-10,1.9189450028989086e-10,4.4373376601298275e-10,1.9189450028989086e-10,NaN,max_iter,1082,1082,2650,0,0,0,100,1.7738918217345588e-14,1.12.6,lbt,1,1,Intel(R) Core(TM) 7 150U,NT,2abc7cc
degen-r5-m5-d1e-08-p4,100,AGD-SDAJ-BH,1e-7*n,1.0e-11,8,68,0.4139539,0.40343209999999996,97.45821938143354,0.0,0.0002042,0.0,0.0,0.0,0.0,0.010317600000000026,0.294816500999887,1.637212284224836e-11,-8.771101187511509e-15,1.0174083797664935e-12,1.0174083797664935e-12,3.993617851514527e-12,1.0174083797664935e-12,NaN,diag_feasible,0,0,19,19,0,0,8,1.7738918217345588e-14,1.12.6,lbt,1,1,Intel(R) Core(TM) 7 150U,NT,2abc7cc
degen-r5-m5-d1e-08-p4,100,AGD-SDAJ,1e-7*n,1.0e-11,9,112,0.6938582,0.6838845,98.56257373624756,0.0,0.0009383,0.0,0.0,0.0,0.0,0.009035399999999975,0.2948165010000834,1.664244005363497e-11,-7.90082883612227e-15,1.1083356454832938e-12,1.1083356454832938e-12,4.053690101060722e-12,1.1083356454832938e-12,NaN,diag_feasible,0,0,60,23,37,0,9,1.7738918217345588e-14,1.12.6,lbt,1,1,Intel(R) Core(TM) 7 150U,NT,2abc7cc
degen-r5-m5-d1e-08-p4,100,Dykstra-APM,1e-7*n,9.999999999999999e-6,353,353,2.1831452,1.9606864,89.81016929153407,0.0,0.0,0.0,0.0,0.1294734,0.0,0.09298539999999986,0.29481650096078293,4.311238102703024e-11,-9.545968195500824e-15,1.2645440250480533e-12,1.2645440250480533e-12,9.588336889113365e-12,1.2645440250480533e-12,NaN,diag_feasible,0,0,0,0,0,0,353,1.7738918217345588e-14,1.12.6,lbt,1,1,Intel(R) Core(TM) 7 150U,NT,2abc7cc
degen-r5-m5-d1e-08-p4,100,Anderson-APM,1e-7*n,9.999999999999999e-6,54,54,0.410182,0.2678552,65.3015490684623,0.0,0.0,0.0,0.0,0.0,0.1309783,0.011348499999999984,0.29481650099700746,2.254671556990951e-11,-8.76109846959217e-15,1.7101875471325911e-12,1.7101875471325911e-12,6.313300675031929e-12,1.7101875471325911e-12,NaN,diag_feasible,0,0,0,0,0,0,54,1.7738918217345588e-14,1.12.6,lbt,1,1,Intel(R) Core(TM) 7 150U,NT,2abc7cc
degen-r5-m5-d1e-10-p0,100,SBB-Dual,1e-7*n,1.0e-11,167,168,0.8537118,0.842637,98.70274722687445,0.0010191,0.0005535,0.0002407,0.0,0.0,0.0,0.009261500000000051,0.2869715471422429,9.264158995370279e-12,-8.492320260499772e-15,1.709299368712891e-12,0.0,9.973505174346583e-12,1.709299368712891e-12,100.0,diag_feasible,0,0,0,0,0,0,167,2.825773875253788e-14,1.12.6,lbt,1,1,Intel(R) Core(TM) 7 150U,NT,2abc7cc
degen-r5-m5-d1e-10-p0,100,Newton-SIN-BH,1e-7*n,9.999999999999999e-6,5,6,0.0627329,0.044440400000000005,70.84065936693506,0.0,2.21e-5,0.0,0.0171916,0.0,0.0,0.0010787999999999874,0.28697154714222955,0.0,-7.048000608424779e-15,7.105427357601002e-15,7.105427357601002e-15,2.825773875253788e-14,7.105427357601002e-15,NaN,converged,41,41,0,0,0,0,5,2.825773875253788e-14,1.12.6,lbt,1,1,Intel(R) Core(TM) 7 150U,NT,2abc7cc
degen-r5-m5-d1e-10-p0,100,Newton-SIN,1e-7*n,9.999999999999999e-6,7,21,0.1412555,0.1184006,83.82016983409494,0.0,4.9e-5,0.0,0.0216462,0.0,0.0,0.00115970000000001,0.28697154712621803,3.3439086635588624e-11,-9.718998630253012e-15,3.778755086614183e-12,3.778755086614183e-12,8.929574341197837e-12,3.778755086614183e-12,NaN,converged,68,68,6,0,0,0,7,2.825773875253788e-14,1.12.6,lbt,1,1,Intel(R) Core(TM) 7 150U,NT,2abc7cc
degen-r5-m5-d1e-10-p0,100,AGD-SDAJ-BH,1e-7*n,1.0e-11,13,103,0.6106625,0.5933187999999999,97.15985507543036,0.0,0.0004514,0.0,0.0,0.0,0.0,0.016892300000000072,0.286971547134329,2.4800218961783973e-11,-9.807184113798903e-15,5.644817946404146e-12,5.644817946404146e-12,7.171686173888668e-12,5.644817946404146e-12,NaN,diag_feasible,0,0,26,26,0,0,13,2.825773875253788e-14,1.12.6,lbt,1,1,Intel(R) Core(TM) 7 150U,NT,2abc7cc
degen-r5-m5-d1e-10-p0,100,AGD-SDAJ,1e-7*n,1.0e-11,11,90,0.5112968,0.5045303,98.67660036205976,0.0,0.0003735,0.0,0.0,0.0,0.0,0.006393000000000009,0.28697154712821815,2.4741065882882555e-11,-1.022800370816685e-14,4.050315638437496e-12,4.050315638437496e-12,6.586560721241625e-12,4.050315638437496e-12,NaN,diag_feasible_at_xpre,0,0,27,23,4,0,11,2.825773875253788e-14,1.12.6,lbt,1,1,Intel(R) Core(TM) 7 150U,NT,2abc7cc
degen-r5-m5-d1e-10-p0,100,Dykstra-APM,1e-7*n,9.999999999999999e-6,344,344,2.0395158,1.8272513,89.59240717821355,0.0,0.0,0.0,0.0,0.1035011,0.0,0.1087634000000003,0.2869715471118816,4.432499809164691e-11,-1.0451226744036256e-14,1.701971896750365e-12,1.701971896750365e-12,9.854017253901502e-12,1.701971896750365e-12,NaN,diag_feasible,0,0,0,0,0,0,344,2.825773875253788e-14,1.12.6,lbt,1,1,Intel(R) Core(TM) 7 150U,NT,2abc7cc
degen-r5-m5-d1e-10-p0,100,Anderson-APM,1e-7*n,9.999999999999999e-6,93,93,0.6736339,0.4628531,68.70988826423374,0.0,0.0,0.0,0.0,0.0,0.189208,0.021572800000000003,0.28697154715326834,3.675003838782813e-11,-8.850758188687093e-15,3.057332165212756e-12,3.057332165212756e-12,9.538088455511818e-12,3.057332165212756e-12,NaN,diag_feasible,0,0,0,0,0,0,93,2.825773875253788e-14,1.12.6,lbt,1,1,Intel(R) Core(TM) 7 150U,NT,2abc7cc
degen-r5-m5-d1e-10-p1,100,SBB-Dual,1e-7*n,1.0e-11,162,163,0.8893918,0.8767611,98.5798497355159,0.0011222,0.0004579,0.0002438,0.0,0.0,0.0,0.010806799999999993,0.28217368255675124,8.531821850832839e-12,-9.642375658312766e-15,1.6915358003188885e-12,0.0,9.728341464139771e-12,1.6915358003188885e-12,100.0,diag_feasible,0,0,0,0,0,0,162,2.316032736484957e-14,1.12.6,lbt,1,1,Intel(R) Core(TM) 7 150U,NT,2abc7cc
degen-r5-m5-d1e-10-p1,100,Newton-SIN-BH,1e-7*n,9.999999999999999e-6,6,7,0.0256716,0.0175514,68.3689368796647,0.0,1.61e-5,0.0,0.007373,0.0,0.0,0.0007310999999999976,0.28217368255670755,0.0,-1.0642306267379774e-14,6.661338147750939e-15,6.661338147750939e-15,2.316032736484957e-14,6.661338147750939e-15,NaN,converged,53,53,0,0,0,0,6,2.316032736484957e-14,1.12.6,lbt,1,1,Intel(R) Core(TM) 7 150U,NT,2abc7cc
degen-r5-m5-d1e-10-p1,100,Newton-SIN,1e-7*n,9.999999999999999e-6,7,20,0.1309682,0.1126278,85.99629528389333,0.0,4.13e-5,0.0,0.017166,0.0,0.0,0.001133100000000005,0.2821736825474955,3.152829939136606e-11,-1.2751065730770886e-14,5.6838977968709514e-12,5.6838977968709514e-12,9.196008414040303e-12,5.6838977968709514e-12,NaN,converged,67,67,5,0,0,0,7,2.316032736484957e-14,1.12.6,lbt,1,1,Intel(R) Core(TM) 7 150U,NT,2abc7cc
degen-r5-m5-d1e-10-p1,100,AGD-SDAJ-BH,1e-7*n,1.0e-11,11,80,0.3883512,0.3830792,98.64246589169804,0.0,0.0002433,0.0,0.0,0.0,0.0,0.005028699999999999,0.2821736825440691,2.1258793133027704e-11,-1.0255101960732808e-14,3.7416736375917026e-12,3.7416736375917026e-12,5.727439099443679e-12,3.7416736375917026e-12,NaN,diag_feasible,0,0,15,15,0,0,11,2.316032736484957e-14,1.12.6,lbt,1,1,Intel(R) Core(TM) 7 150U,NT,2abc7cc
degen-r5-m5-d1e-10-p1,100,AGD-SDAJ,1e-7*n,1.0e-11,10,88,0.4927105,0.4863027,98.6994797147615,0.0,0.0013653,0.0,0.0,0.0,0.0,0.005042500000000019,0.2821736825392532,3.1797267623394066e-11,-1.209866578045299e-14,5.21072074377571e-12,5.21072074377571e-12,8.791773342963028e-12,5.21072074377571e-12,NaN,diag_feasible,0,0,29,14,15,0,10,2.316032736484957e-14,1.12.6,lbt,1,1,Intel(R) Core(TM) 7 150U,NT,2abc7cc
degen-r5-m5-d1e-10-p1,100,Dykstra-APM,1e-7*n,9.999999999999999e-6,334,334,2.1795617,1.9646093,90.13781532314502,0.0,0.0,0.0,0.0,0.1189113,0.0,0.09604109999999982,0.2821736825263314,4.319043328697308e-11,-8.518093547976471e-15,1.6890933096647132e-12,1.6890933096647132e-12,9.641305811603749e-12,1.6890933096647132e-12,NaN,diag_feasible,0,0,0,0,0,0,334,2.316032736484957e-14,1.12.6,lbt,1,1,Intel(R) Core(TM) 7 150U,NT,2abc7cc
degen-r5-m5-d1e-10-p1,100,Anderson-APM,1e-7*n,9.999999999999999e-6,57,57,0.4377479,0.3040649,69.46118987663904,0.0,0.0,0.0,0.0,0.0,0.1187451,0.01493789999999999,0.2821736825634274,1.3811411823832118e-11,-1.0210639298391113e-14,1.6624479570737094e-12,1.6624479570737094e-12,3.889411853247217e-12,1.6624479570737094e-12,NaN,diag_feasible,0,0,0,0,0,0,57,2.316032736484957e-14,1.12.6,lbt,1,1,Intel(R) Core(TM) 7 150U,NT,2abc7cc
degen-r5-m5-d1e-10-p2,100,SBB-Dual,1e-7*n,1.0e-11,161,162,0.7437619,0.7340992000000001,98.70083423203045,0.0010742,0.0004189,0.0002436,0.0,0.0,0.0,0.007925999999999912,0.2941532468174061,8.102992337042767e-12,-7.890754311624091e-15,1.5827339439056232e-12,0.0,9.891367982845527e-12,1.5827339439056232e-12,100.0,diag_feasible,0,0,0,0,0,0,161,1.3513288778347785e-14,1.12.6,lbt,1,1,Intel(R) Core(TM) 7 150U,NT,2abc7cc
degen-r5-m5-d1e-10-p2,100,Newton-SIN-BH,1e-7*n,9.999999999999999e-6,5,6,0.0568375,0.0351156,61.78244996701121,0.0,2.01e-5,0.0,0.0201832,0.0,0.0,0.0015186000000000054,0.2941532468174047,0.0,-1.1914079012111505e-14,4.884981308350689e-15,4.884981308350689e-15,1.3513288778347785e-14,4.884981308350689e-15,NaN,converged,40,40,0,0,0,0,5,1.3513288778347785e-14,1.12.6,lbt,1,1,Intel(R) Core(TM) 7 150U,NT,2abc7cc
degen-r5-m5-d1e-10-p2,100,Newton-SIN,1e-7*n,9.999999999999999e-6,5,11,0.0815887,0.0671878,82.34939397244962,0.0,2.13e-5,0.0,0.013674,0.0,0.0,0.0007055999999999937,0.2941532468174047,0.0,-1.1914079012111505e-14,4.884981308350689e-15,4.884981308350689e-15,1.3513288778347785e-14,4.884981308350689e-15,NaN,converged,40,40,0,0,0,0,5,1.3513288778347785e-14,1.12.6,lbt,1,1,Intel(R) Core(TM) 7 150U,NT,2abc7cc
degen-r5-m5-d1e-10-p2,100,AGD-SDAJ-BH,1e-7*n,1.0e-11,10,85,0.5224728,0.5168834,98.93020268232145,0.0,0.0002641,0.0,0.0,0.0,0.0,0.005325299999999967,0.29415324680616717,3.278437440608332e-11,-9.39625024038723e-15,2.8459457013241263e-12,2.8459457013241263e-12,9.380366486138615e-12,2.8459457013241263e-12,NaN,diag_feasible_at_xpre,0,0,26,26,0,0,10,1.3513288778347785e-14,1.12.6,lbt,1,1,Intel(R) Core(TM) 7 150U,NT,2abc7cc
degen-r5-m5-d1e-10-p2,100,AGD-SDAJ,1e-7*n,1.0e-11,10,85,0.4851557,0.4775129,98.42467067788753,0.0,0.0002418,0.0,0.0,0.0,0.0,0.007401000000000005,0.29415324680863547,1.59195901898727e-11,-1.2482968135065981e-14,1.811550909280868e-12,1.811550909280868e-12,4.179488428085647e-12,1.811550909280868e-12,NaN,diag_feasible_at_xpre,0,0,28,25,3,0,10,1.3513288778347785e-14,1.12.6,lbt,1,1,Intel(R) Core(TM) 7 150U,NT,2abc7cc
degen-r5-m5-d1e-10-p2,100,Dykstra-APM,1e-7*n,9.999999999999999e-6,332,332,1.9524007,1.7347969,88.85455224432157,0.0,0.0,0.0,0.0,0.1428485,0.0,0.07475530000000002,0.2941532467877823,4.3893169312590517e-11,-9.508262498846691e-15,1.5829559885105482e-12,1.5829559885105482e-12,9.806826148696306e-12,1.5829559885105482e-12,NaN,diag_feasible,0,0,0,0,0,0,332,1.3513288778347785e-14,1.12.6,lbt,1,1,Intel(R) Core(TM) 7 150U,NT,2abc7cc
degen-r5-m5-d1e-10-p2,100,Anderson-APM,1e-7*n,9.999999999999999e-6,89,89,0.876342,0.6319311,72.11010085103761,0.0,0.0,0.0,0.0,0.0,0.2150117,0.029399199999999986,0.2941532468368145,3.166867713545208e-11,-1.0957407520016067e-14,1.4315215679516768e-12,1.4315215679516768e-12,7.502599587506157e-12,1.4315215679516768e-12,NaN,diag_feasible,0,0,0,0,0,0,89,1.3513288778347785e-14,1.12.6,lbt,1,1,Intel(R) Core(TM) 7 150U,NT,2abc7cc
degen-r5-m5-d1e-10-p3,100,SBB-Dual,1e-7*n,1.0e-11,163,164,0.9097905,0.8958157,98.46395406414995,0.0018777,0.0005791,0.0002452,0.0,0.0,0.0,0.011272799999999954,0.2946327867486072,1.1391608089164827e-11,-1.1533258753721127e-14,1.880717803715015e-12,0.0,9.80866933053869e-12,1.880717803715015e-12,100.0,diag_feasible,0,0,0,0,0,0,163,1.343782689223772e-14,1.12.6,lbt,1,1,Intel(R) Core(TM) 7 150U,NT,2abc7cc
degen-r5-m5-d1e-10-p3,100,Newton-SIN-BH,1e-7*n,9.999999999999999e-6,5,6,0.0399586,0.0271663,67.98611562967672,0.0,1.98e-5,0.0,0.0118926,0.0,0.0,0.000879899999999996,0.29463278674860494,0.0,-1.0445057920839861e-14,4.218847493575595e-15,4.218847493575595e-15,1.343782689223772e-14,4.218847493575595e-15,NaN,converged,39,39,0,0,0,0,5,1.343782689223772e-14,1.12.6,lbt,1,1,Intel(R) Core(TM) 7 150U,NT,2abc7cc
degen-r5-m5-d1e-10-p3,100,Newton-SIN,1e-7*n,9.999999999999999e-6,7,20,0.1194072,0.10078480000000001,84.40429052854435,0.0,4.28e-5,0.0,0.0175523,0.0,0.0,0.0010272999999999984,0.29463278673687054,3.361055244940068e-11,-1.0234994230532184e-14,5.432321259490891e-12,5.432321259490891e-12,9.006097577048521e-12,5.432321259490891e-12,NaN,converged,63,63,5,0,0,0,7,1.343782689223772e-14,1.12.6,lbt,1,1,Intel(R) Core(TM) 7 150U,NT,2abc7cc
degen-r5-m5-d1e-10-p3,100,AGD-SDAJ-BH,1e-7*n,1.0e-11,7,54,0.2889038,0.2850495,98.66588809146852,0.0,0.0001429,0.0,0.0,0.0,0.0,0.003711399999999977,0.29463278673284476,2.696044991112221e-11,-9.849174149418793e-15,2.7076119124558318e-12,2.7076119124558318e-12,6.766429504291587e-12,2.7076119124558318e-12,NaN,diag_feasible,0,0,11,11,0,0,7,1.343782689223772e-14,1.12.6,lbt,1,1,Intel(R) Core(TM) 7 150U,NT,2abc7cc
degen-r5-m5-d1e-10-p3,100,AGD-SDAJ,1e-7*n,1.0e-11,9,72,0.4230031,0.4186966,98.98192235470613,0.0,0.0002033,0.0,0.0,0.0,0.0,0.004103200000000046,0.29463278673012566,3.250538008195499e-11,-9.969170096495733e-15,3.735789455561189e-12,3.735789455561189e-12,8.522491273823157e-12,3.735789455561189e-12,NaN,diag_feasible,0,0,19,13,6,0,9,1.343782689223772e-14,1.12.6,lbt,1,1,Intel(R) Core(TM) 7 150U,NT,2abc7cc
degen-r5-m5-d1e-10-p3,100,Dykstra-APM,1e-7*n,9.999999999999999e-6,336,336,2.2542521,1.9888035,88.22453797425763,0.0,0.0,0.0,0.0,0.1746198,0.0,0.09082880000000004,0.29463278671980414,4.369120198981555e-11,-9.111910615275996e-15,1.8771650900362147e-12,1.8771650900362147e-12,9.703161834373121e-12,1.8771650900362147e-12,NaN,diag_feasible,0,0,0,0,0,0,336,1.343782689223772e-14,1.12.6,lbt,1,1,Intel(R) Core(TM) 7 150U,NT,2abc7cc
degen-r5-m5-d1e-10-p3,100,Anderson-APM,1e-7*n,9.999999999999999e-6,61,61,0.3093493,0.2289734,74.01775274746056,0.0,0.0,0.0,0.0,0.0,0.0702923,0.010083599999999998,0.2946327867734677,4.1189148528449997e-11,-9.070271432912217e-15,2.677302823883565e-12,2.677302823883565e-12,9.551725847381136e-12,2.677302823883565e-12,NaN,diag_feasible,0,0,0,0,0,0,61,1.343782689223772e-14,1.12.6,lbt,1,1,Intel(R) Core(TM) 7 150U,NT,2abc7cc
degen-r5-m5-d1e-10-p4,100,SBB-Dual,1e-7*n,1.0e-11,159,160,0.8150018,0.8033085,98.5652424325934,0.0010278,0.0004539,8.62e-5,0.0,0.0,0.0,0.010125400000000017,0.294816515071756,7.800931185754101e-12,-9.811093241499345e-15,1.5876189252139739e-12,0.0,9.947906075475646e-12,1.5876189252139739e-12,100.0,diag_feasible,0,0,0,0,0,0,159,2.786084716561633e-14,1.12.6,lbt,1,1,Intel(R) Core(TM) 7 150U,NT,2abc7cc
degen-r5-m5-d1e-10-p4,100,Newton-SIN-BH,1e-7*n,9.999999999999999e-6,5,6,0.0576837,0.028641700000000003,49.653021564150706,0.0,2.05e-5,0.0,0.0265918,0.0,0.0,0.0024296999999999964,0.29481651507177503,0.0,-6.933791554596391e-15,8.881784197001252e-15,8.881784197001252e-15,2.786084716561633e-14,8.881784197001252e-15,NaN,converged,40,40,0,0,0,0,5,2.786084716561633e-14,1.12.6,lbt,1,1,Intel(R) Core(TM) 7 150U,NT,2abc7cc
degen-r5-m5-d1e-10-p4,100,Newton-SIN,1e-7*n,9.999999999999999e-6,6,14,0.0923253,0.07633519999999999,82.6806953240336,0.0,3.66e-5,0.0,0.0148436,0.0,0.0,0.0011099000000000057,0.29481651507176587,1.549143521404752e-13,-9.682986036733619e-15,4.884981308350689e-15,4.884981308350689e-15,1.4148702437024952e-14,4.884981308350689e-15,NaN,converged,53,53,1,0,0,0,6,2.786084716561633e-14,1.12.6,lbt,1,1,Intel(R) Core(TM) 7 150U,NT,2abc7cc
degen-r5-m5-d1e-10-p4,100,AGD-SDAJ-BH,1e-7*n,1.0e-11,9,70,0.415997,0.4088403,98.27962701654097,0.0,0.0002746,0.0,0.0,0.0,0.0,0.006882100000000016,0.29481651508302,2.4238875853751895e-11,-8.601809269676408e-15,5.066280728271977e-12,5.066280728271977e-12,6.927159421725907e-12,5.066280728271977e-12,NaN,diag_feasible_at_xpre,0,0,19,19,0,0,9,2.786084716561633e-14,1.12.6,lbt,1,1,Intel(R) Core(TM) 7 150U,NT,2abc7cc
degen-r5-m5-d1e-10-p4,100,AGD-SDAJ,1e-7*n,1.0e-11,8,82,0.5146482,0.5090049,98.90346454140906,0.0,0.0002544,0.0,0.0,0.0,0.0,0.005388900000000018,0.2948165150789142,1.0880350786074701e-11,-8.486672074043236e-15,7.213118990989642e-13,7.213118990989642e-13,2.494435406615192e-12,7.213118990989642e-13,NaN,diag_feasible,0,0,33,22,11,0,8,2.786084716561633e-14,1.12.6,lbt,1,1,Intel(R) Core(TM) 7 150U,NT,2abc7cc
degen-r5-m5-d1e-10-p4,100,Dykstra-APM,1e-7*n,9.999999999999999e-6,328,328,2.1756769,1.9719145,90.63452850007278,0.0,0.0,0.0,0.0,0.1153917,0.0,0.08837070000000001,0.2948165150421214,4.424246011921273e-11,-9.999872491165404e-15,1.5893952820533741e-12,1.5893952820533741e-12,9.873244568529858e-12,1.5893952820533741e-12,NaN,diag_feasible,0,0,0,0,0,0,328,2.786084716561633e-14,1.12.6,lbt,1,1,Intel(R) Core(TM) 7 150U,NT,2abc7cc
degen-r5-m5-d1e-10-p4,100,Anderson-APM,1e-7*n,9.999999999999999e-6,66,66,0.5377708,0.3640809,67.7018722474333,0.0,0.0,0.0,0.0,0.0,0.1542612,0.01942870000000002,0.2948165150631908,1.8397581234281856e-11,-8.426913707395608e-15,1.3886669592011458e-12,1.3886669592011458e-12,4.648275883280634e-12,1.3886669592011458e-12,NaN,diag_feasible,0,0,0,0,0,0,66,2.786084716561633e-14,1.12.6,lbt,1,1,Intel(R) Core(TM) 7 150U,NT,2abc7cc
degen-r5-m5-d0-p0,100,SBB-Dual,1e-7*n,1.0e-11,164,165,0.8094303,0.7990386,98.71617111442455,0.0011073,0.0004394,0.0002456,0.0,0.0,0.0,0.008599400000000004,0.2869715472726116,1.6429906221752555e-11,-9.93235099983022e-15,2.05702122002549e-12,0.0,9.054786631404213e-12,2.05702122002549e-12,100.0,diag_feasible,0,0,0,0,0,0,164,2.853273173286652e-14,1.12.6,lbt,1,1,Intel(R) Core(TM) 7 150U,NT,2abc7cc
degen-r5-m5-d0-p0,100,Newton-SIN-BH,1e-7*n,9.999999999999999e-6,4,5,0.0449756,0.0330002,73.37356255391813,0.0,2.43e-5,0.0,0.0096373,0.0,0.0,0.002313799999999998,0.2869715472726086,0.0,-7.482980705355797e-15,1.021405182655144e-14,1.021405182655144e-14,2.853273173286652e-14,1.021405182655144e-14,NaN,converged,28,28,0,0,0,0,4,2.853273173286652e-14,1.12.6,lbt,1,1,Intel(R) Core(TM) 7 150U,NT,2abc7cc
degen-r5-m5-d0-p0,100,Newton-SIN,1e-7*n,9.999999999999999e-6,4,9,0.0519091,0.0413255,79.61128202954781,0.0,1.73e-5,0.0,0.0099724,0.0,0.0,0.0005938999999999996,0.2869715472726086,0.0,-7.482980705355797e-15,1.021405182655144e-14,1.021405182655144e-14,2.853273173286652e-14,1.021405182655144e-14,NaN,converged,28,28,0,0,0,0,4,2.853273173286652e-14,1.12.6,lbt,1,1,Intel(R) Core(TM) 7 150U,NT,2abc7cc
degen-r5-m5-d0-p0,100,AGD-SDAJ-BH,1e-7*n,1.0e-11,12,98,0.4888771,0.48377319999999996,98.95599527979526,0.0,0.000212,0.0,0.0,0.0,0.0,0.00489190000000005,0.2869715472634394,1.7129166981217184e-11,-8.72404127890977e-15,6.076694702983332e-12,6.076694702983332e-12,9.06341572029294e-12,6.076694702983332e-12,NaN,diag_feasible,0,0,27,27,0,0,12,2.853273173286652e-14,1.12.6,lbt,1,1,Intel(R) Core(TM) 7 150U,NT,2abc7cc
degen-r5-m5-d0-p0,100,AGD-SDAJ,1e-7*n,1.0e-11,12,104,0.7120086,0.7023121,98.63814847180217,0.0,0.0016539,0.0,0.0,0.0,0.0,0.008042599999999997,0.2869715472648223,1.7414078681039072e-11,-9.832212564744216e-15,4.759304061963121e-12,4.759304061963121e-12,7.524986912161211e-12,4.759304061963121e-12,NaN,diag_feasible,0,0,31,29,2,0,12,2.853273173286652e-14,1.12.6,lbt,1,1,Intel(R) Core(TM) 7 150U,NT,2abc7cc
degen-r5-m5-d0-p0,100,Dykstra-APM,1e-7*n,9.999999999999999e-6,337,337,1.9727758,1.7959915,91.03880430812261,0.0,0.0,0.0,0.0,0.098941,0.0,0.0778433,0.28697154724627744,3.795506549984624e-11,-7.841126987088914e-15,2.1813661987835076e-12,2.1813661987835076e-12,9.606524161162663e-12,2.1813661987835076e-12,NaN,diag_feasible,0,0,0,0,0,0,337,2.853273173286652e-14,1.12.6,lbt,1,1,Intel(R) Core(TM) 7 150U,NT,2abc7cc
degen-r5-m5-d0-p0,100,Anderson-APM,1e-7*n,9.999999999999999e-6,91,91,0.6422245,0.445063,69.30022134004541,0.0,0.0,0.0,0.0,0.0,0.1770269,0.020134600000000002,0.2869715472876721,2.5969808444452445e-11,-1.163351103743504e-14,1.6888712650597881e-12,1.6888712650597881e-12,6.251671028168154e-12,1.6888712650597881e-12,NaN,diag_feasible,0,0,0,0,0,0,91,2.853273173286652e-14,1.12.6,lbt,1,1,Intel(R) Core(TM) 7 150U,NT,2abc7cc
degen-r5-m5-d0-p1,100,SBB-Dual,1e-7*n,1.0e-11,158,159,0.9289993,0.8993787,96.81155841559838,0.0011683,0.0005001,0.0005323,0.0,0.0,0.0,0.027419899999999997,0.282173682679361,1.8018688232411513e-11,-9.841771905215133e-15,2.269517906938745e-12,0.0,9.778162815793238e-12,2.269517906938745e-12,100.0,diag_feasible,0,0,0,0,0,0,158,1.7897332353584515e-14,1.12.6,lbt,1,1,Intel(R) Core(TM) 7 150U,NT,2abc7cc
degen-r5-m5-d0-p1,100,Newton-SIN-BH,1e-7*n,9.999999999999999e-6,5,6,0.0498548,0.0339271,68.05182249251828,0.0,1.96e-5,0.0,0.014883,0.0,0.0,0.001025099999999994,0.28217368267932963,0.0,-1.088039293860711e-14,6.217248937900877e-15,6.217248937900877e-15,1.7897332353584515e-14,6.217248937900877e-15,NaN,converged,41,41,0,0,0,0,5,1.7897332353584515e-14,1.12.6,lbt,1,1,Intel(R) Core(TM) 7 150U,NT,2abc7cc
degen-r5-m5-d0-p1,100,Newton-SIN,1e-7*n,9.999999999999999e-6,100,2858,17.073185,15.993216199999999,93.67447374347552,0.0,0.0100173,0.0,0.7955941,0.0,0.0,0.27435739999999975,0.28217368259102865,4.682251094979519e-10,-7.641850557072472e-15,1.650797276653293e-10,1.650797276653293e-10,1.7216683291729575e-10,1.650797276653293e-10,NaN,max_iter,1561,1561,2657,0,0,0,100,1.7897332353584515e-14,1.12.6,lbt,1,1,Intel(R) Core(TM) 7 150U,NT,2abc7cc
degen-r5-m5-d0-p1,100,AGD-SDAJ-BH,1e-7*n,1.0e-11,10,70,0.4044314,0.39811969999999997,98.4393645003825,0.0,0.0002077,0.0,0.0,0.0,0.0,0.006104000000000031,0.2821736826750107,2.5438812835164396e-11,-8.299439990228314e-15,4.5884407384733095e-12,4.5884407384733095e-12,8.024458332615712e-12,4.5884407384733095e-12,NaN,diag_feasible_at_xpre,0,0,11,11,0,0,10,1.7897332353584515e-14,1.12.6,lbt,1,1,Intel(R) Core(TM) 7 150U,NT,2abc7cc
degen-r5-m5-d0-p1,100,AGD-SDAJ,1e-7*n,1.0e-11,11,112,0.652188,0.6448056000000001,98.8680564499807,0.0,0.0003248,0.0,0.0,0.0,0.0,0.0070575999999999,0.28217368267860937,1.0980805362902892e-11,-9.471064612773176e-15,2.560174294785611e-12,2.560174294785611e-12,3.4181009955495917e-12,2.560174294785611e-12,NaN,diag_feasible_at_xpre,0,0,47,13,34,0,11,1.7897332353584515e-14,1.12.6,lbt,1,1,Intel(R) Core(TM) 7 150U,NT,2abc7cc
degen-r5-m5-d0-p1,100,Dykstra-APM,1e-7*n,9.999999999999999e-6,326,326,2.2602971,1.9459107,86.09092583448434,0.0,0.0,0.0,0.0,0.1283811,0.0,0.18600529999999985,0.2821736826520819,3.7783761475026604e-11,-8.249674903882967e-15,2.2581936320875684e-12,2.2581936320875684e-12,9.739638037236068e-12,2.2581936320875684e-12,NaN,diag_feasible,0,0,0,0,0,0,326,1.7897332353584515e-14,1.12.6,lbt,1,1,Intel(R) Core(TM) 7 150U,NT,2abc7cc
degen-r5-m5-d0-p1,100,Anderson-APM,1e-7*n,9.999999999999999e-6,62,62,0.3981361,0.2893352,72.67243538076552,0.0,0.0,0.0,0.0,0.0,0.0977374,0.011063499999999976,0.282173682675895,2.852977150454199e-11,-1.1478480784202758e-14,3.721467578543525e-12,3.721467578543525e-12,8.933706359210684e-12,3.721467578543525e-12,NaN,diag_feasible,0,0,0,0,0,0,62,1.7897332353584515e-14,1.12.6,lbt,1,1,Intel(R) Core(TM) 7 150U,NT,2abc7cc
degen-r5-m5-d0-p2,100,SBB-Dual,1e-7*n,1.0e-11,158,159,1.1096976,1.0907224,98.29005667850411,0.0013,0.0007242,0.0002441,0.0,0.0,0.0,0.01670690000000008,0.2941532469586108,1.5162861408869195e-11,-8.512263282343525e-15,1.8745005547771143e-12,0.0,8.695495584607202e-12,1.8745005547771143e-12,100.0,diag_feasible,0,0,0,0,0,0,158,2.8531651728939705e-14,1.12.6,lbt,1,1,Intel(R) Core(TM) 7 150U,NT,2abc7cc
degen-r5-m5-d0-p2,100,Newton-SIN-BH,1e-7*n,9.999999999999999e-6,4,5,0.033795,0.023949900000000003,70.86817576564582,0.0,1.65e-5,0.0,0.0090955,0.0,0.0,0.000733099999999997,0.29415324695855827,0.0,-7.835110870827786e-15,7.327471962526033e-15,7.327471962526033e-15,2.8531651728939705e-14,7.327471962526033e-15,NaN,converged,28,28,0,0,0,0,4,2.8531651728939705e-14,1.12.6,lbt,1,1,Intel(R) Core(TM) 7 150U,NT,2abc7cc
degen-r5-m5-d0-p2,100,Newton-SIN,1e-7*n,9.999999999999999e-6,100,3048,17.0350139,16.1876701,95.02586962961033,0.0,0.0093386,0.0,0.5309198,0.0,0.0,0.30708540000000084,0.2941532445361904,9.844780543499578e-9,-7.614946590946708e-15,2.4799093889527057e-9,2.4799093889527057e-9,3.651383155929411e-9,2.4799093889527057e-9,NaN,max_iter,1180,1180,2847,0,0,0,100,2.8531651728939705e-14,1.12.6,lbt,1,1,Intel(R) Core(TM) 7 150U,NT,2abc7cc
degen-r5-m5-d0-p2,100,AGD-SDAJ-BH,1e-7*n,1.0e-11,12,103,0.5888651,0.5819761999999999,98.83013953450458,0.0,0.0003009,0.0,0.0,0.0,0.0,0.006588000000000087,0.2941532469515036,1.0392175376087484e-11,-8.081569163738859e-15,3.233413536918306e-12,3.233413536918306e-12,4.418032760134161e-12,3.233413536918306e-12,NaN,diag_feasible,0,0,30,30,0,0,12,2.8531651728939705e-14,1.12.6,lbt,1,1,Intel(R) Core(TM) 7 150U,NT,2abc7cc
degen-r5-m5-d0-p2,100,AGD-SDAJ,1e-7*n,1.0e-11,12,118,0.7318889,0.7225277999999999,98.7209670757406,0.0,0.0004156,0.0,0.0,0.0,0.0,0.00894550000000001,0.29415324695529255,7.418280415983013e-12,-9.250479693169405e-15,1.247668635073751e-12,1.247668635073751e-12,2.4716187951656326e-12,1.247668635073751e-12,NaN,diag_feasible,0,0,45,26,19,0,12,2.8531651728939705e-14,1.12.6,lbt,1,1,Intel(R) Core(TM) 7 150U,NT,2abc7cc
degen-r5-m5-d0-p2,100,Dykstra-APM,1e-7*n,9.999999999999999e-6,324,324,2.2212381,1.9304251,86.90761697271445,0.0,0.0,0.0,0.0,0.1842281,0.0,0.10658489999999998,0.2941532469327958,3.867862732732423e-11,-7.759928290981196e-15,2.147837463439828e-12,2.147837463439828e-12,9.977041851954793e-12,2.147837463439828e-12,NaN,diag_feasible,0,0,0,0,0,0,324,2.8531651728939705e-14,1.12.6,lbt,1,1,Intel(R) Core(TM) 7 150U,NT,2abc7cc
degen-r5-m5-d0-p2,100,Anderson-APM,1e-7*n,9.999999999999999e-6,93,93,0.8150293,0.5604831,68.76846022590844,0.0,0.0,0.0,0.0,0.0,0.2041544,0.05039179999999993,0.29415324698063966,3.6685101618999784e-11,-8.34686375855789e-15,2.1763701951726944e-12,2.1763701951726944e-12,8.85638378933679e-12,2.1763701951726944e-12,NaN,diag_feasible,0,0,0,0,0,0,93,2.8531651728939705e-14,1.12.6,lbt,1,1,Intel(R) Core(TM) 7 150U,NT,2abc7cc
degen-r5-m5-d0-p3,100,SBB-Dual,1e-7*n,1.0e-11,159,160,0.8561468,0.8444043999999999,98.62845951185007,0.0010306,0.0022033,0.0001241,0.0,0.0,0.0,0.008384400000000042,0.29463278689036987,1.8243635016222596e-11,-1.1285786932791345e-14,2.6563196087181495e-12,0.0,9.96148992585848e-12,2.6563196087181495e-12,100.0,diag_feasible,0,0,0,0,0,0,159,4.7389099588331995e-14,1.12.6,lbt,1,1,Intel(R) Core(TM) 7 150U,NT,2abc7cc
degen-r5-m5-d0-p3,100,Newton-SIN-BH,1e-7*n,9.999999999999999e-6,4,5,0.039374,0.0306821,77.92477269263982,0.0,1.51e-5,0.0,0.0078945,0.0,0.0,0.0007822999999999979,0.2946327868903472,0.0,-1.1258736662722499e-14,4.529709940470639e-14,4.529709940470639e-14,4.7389099588331995e-14,4.529709940470639e-14,NaN,converged,25,25,0,0,0,0,4,4.7389099588331995e-14,1.12.6,lbt,1,1,Intel(R) Core(TM) 7 150U,NT,2abc7cc
degen-r5-m5-d0-p3,100,Newton-SIN,1e-7*n,9.999999999999999e-6,5,13,0.0813731,0.0677916,83.30959493985111,0.0,2.9e-5,0.0,0.0113069,0.0,0.0,0.0022456000000000108,0.294632786890356,1.4603220607572583e-13,-8.313258618099252e-15,2.930988785010413e-14,2.930988785010413e-14,3.3678391741413157e-14,2.930988785010413e-14,NaN,converged,37,37,2,0,0,0,5,4.7389099588331995e-14,1.12.6,lbt,1,1,Intel(R) Core(TM) 7 150U,NT,2abc7cc
degen-r5-m5-d0-p3,100,AGD-SDAJ-BH,1e-7*n,1.0e-11,8,59,0.3465518,0.3421061,98.71716147485023,0.0,0.0001595,0.0,0.0,0.0,0.0,0.004286199999999997,0.29463278688609645,1.2227284359830237e-11,-1.057965086352564e-14,1.4818146709671964e-12,1.4818146709671964e-12,3.4990669057114376e-12,1.4818146709671964e-12,NaN,diag_feasible,0,0,12,12,0,0,8,4.7389099588331995e-14,1.12.6,lbt,1,1,Intel(R) Core(TM) 7 150U,NT,2abc7cc
degen-r5-m5-d0-p3,100,AGD-SDAJ,1e-7*n,1.0e-11,9,76,0.4406886,0.4349301,98.69329499333543,0.0,0.0002816,0.0,0.0,0.0,0.0,0.0054769,0.2946327868872207,1.0264162645838221e-11,-1.1019612430288368e-14,1.31206157050201e-12,1.31206157050201e-12,2.993180143179721e-12,1.31206157050201e-12,NaN,diag_feasible,0,0,21,15,6,0,9,4.7389099588331995e-14,1.12.6,lbt,1,1,Intel(R) Core(TM) 7 150U,NT,2abc7cc
degen-r5-m5-d0-p3,100,Dykstra-APM,1e-7*n,9.999999999999999e-6,328,328,2.1916974,1.9915235,90.86671818837766,0.0,0.0,0.0,0.0,0.1139992,0.0,0.0861746999999998,0.2946327868655321,3.8621595640420434e-11,-8.550254215755604e-15,2.631672657571471e-12,2.631672657571471e-12,9.890594307019873e-12,2.631672657571471e-12,NaN,diag_feasible,0,0,0,0,0,0,328,4.7389099588331995e-14,1.12.6,lbt,1,1,Intel(R) Core(TM) 7 150U,NT,2abc7cc
degen-r5-m5-d0-p3,100,Anderson-APM,1e-7*n,9.999999999999999e-6,61,61,0.4770966,0.3372577,70.68960457903074,0.0,0.0,0.0,0.0,0.0,0.1228227,0.01701619999999998,0.294632786908896,3.294474156635941e-11,-1.0284303191124852e-14,2.3955282202337003e-12,2.3955282202337003e-12,8.050861565963743e-12,2.3955282202337003e-12,NaN,diag_feasible,0,0,0,0,0,0,61,4.7389099588331995e-14,1.12.6,lbt,1,1,Intel(R) Core(TM) 7 150U,NT,2abc7cc
degen-r5-m5-d0-p4,100,SBB-Dual,1e-7*n,1.0e-11,155,156,0.6747108,0.6647392999999999,98.52210754592929,0.0008515,0.0004111,0.0002414,0.0,0.0,0.0,0.008467500000000135,0.2948165152139975,1.773917225912002e-11,-6.242919551555242e-15,2.198019544152885e-12,0.0,9.811080810553962e-12,2.198019544152885e-12,100.0,diag_feasible,0,0,0,0,0,0,155,2.366963202245213e-14,1.12.6,lbt,1,1,Intel(R) Core(TM) 7 150U,NT,2abc7cc
degen-r5-m5-d0-p4,100,Newton-SIN-BH,1e-7*n,9.999999999999999e-6,4,5,0.0351647,0.0279019,79.3463331124679,0.0,1.83e-5,0.0,0.0065192,0.0,0.0,0.0007252999999999999,0.29481651521396895,0.0,-9.165766953171578e-15,9.992007221626409e-15,9.992007221626409e-15,2.366963202245213e-14,9.992007221626409e-15,NaN,converged,27,27,0,0,0,0,4,2.366963202245213e-14,1.12.6,lbt,1,1,Intel(R) Core(TM) 7 150U,NT,2abc7cc
degen-r5-m5-d0-p4,100,Newton-SIN,1e-7*n,9.999999999999999e-6,5,13,0.0716766,0.0603929,84.25748431147684,0.0,2.51e-5,0.0,0.0105396,0.0,0.0,0.000718999999999994,0.29481651521399943,1.1333376228966683e-13,-8.072932929210026e-15,5.773159728050814e-15,5.773159728050814e-15,1.534639886303638e-14,5.773159728050814e-15,NaN,converged,40,40,2,0,0,0,5,2.366963202245213e-14,1.12.6,lbt,1,1,Intel(R) Core(TM) 7 150U,NT,2abc7cc
degen-r5-m5-d0-p4,100,AGD-SDAJ-BH,1e-7*n,1.0e-11,11,87,0.5179095,0.5094029999999999,98.35753157646266,0.0,0.0003487,0.0,0.0,0.0,0.0,0.008157800000000083,0.2948165152239562,1.6503044803013103e-11,-9.598485757632151e-15,1.5578649481540197e-12,1.5578649481540197e-12,4.158668094303064e-12,1.5578649481540197e-12,NaN,diag_feasible_at_xpre,0,0,24,24,0,0,11,2.366963202245213e-14,1.12.6,lbt,1,1,Intel(R) Core(TM) 7 150U,NT,2abc7cc
degen-r5-m5-d0-p4,100,AGD-SDAJ,1e-7*n,1.0e-11,8,72,0.407655,0.40247299999999997,98.72882707191128,0.0,0.0002601,0.0,0.0,0.0,0.0,0.00492190000000002,0.2948165152213124,1.768326614441131e-11,-8.548227276787152e-15,3.098410417123887e-12,3.098410417123887e-12,5.257512243447985e-12,3.098410417123887e-12,NaN,diag_feasible_at_xpre,0,0,27,12,15,0,8,2.366963202245213e-14,1.12.6,lbt,1,1,Intel(R) Core(TM) 7 150U,NT,2abc7cc
degen-r5-m5-d0-p4,100,Dykstra-APM,1e-7*n,9.999999999999999e-6,320,320,2.0348988,1.8355044,90.20126209716179,0.0,0.0,0.0,0.0,0.1064755,0.0,0.09291890000000008,0.2948165151889923,3.768989238293089e-11,-1.1824466481203773e-14,2.190470027585434e-12,2.190470027585434e-12,9.78738361497553e-12,2.190470027585434e-12,NaN,diag_feasible,0,0,0,0,0,0,320,2.366963202245213e-14,1.12.6,lbt,1,1,Intel(R) Core(TM) 7 150U,NT,2abc7cc
degen-r5-m5-d0-p4,100,Anderson-APM,1e-7*n,9.999999999999999e-6,65,65,0.510124,0.3510985,68.82610894606016,0.0,0.0,0.0,0.0,0.0,0.1404913,0.01853420000000003,0.2948165152101774,3.071638571018085e-11,-7.579687385167536e-15,4.001576847656452e-12,4.001576847656452e-12,9.482192177614546e-12,4.001576847656452e-12,NaN,diag_feasible,0,0,0,0,0,0,65,2.366963202245213e-14,1.12.6,lbt,1,1,Intel(R) Core(TM) 7 150U,NT,2abc7cc
degen-r5-m20-d0.01-p0,100,SBB-Dual,1e-7*n,1.0e-11,203,204,1.1405349,1.1238211999999999,98.5345735584242,0.0013085,0.0005647,0.0002401,0.0,0.0,0.0,0.014600400000000164,0.383984403861333,9.239072909510817e-12,-8.963041083631032e-15,1.4068746168049984e-12,0.0,9.97021994652426e-12,1.4068746168049984e-12,100.0,diag_feasible,0,0,0,0,0,0,203,2.900976860388739e-14,1.12.6,lbt,1,1,Intel(R) Core(TM) 7 150U,NT,2abc7cc
degen-r5-m20-d0.01-p0,100,Newton-SIN-BH,1e-7*n,9.999999999999999e-6,4,5,0.0327417,0.026940699999999998,82.28253267240247,0.0,1.66e-5,0.0,0.0050115,0.0,0.0,0.0007729,0.38398440386107535,7.117121254609819e-12,-7.46157144903276e-15,6.010747455320598e-13,6.010747455320598e-13,2.119808663262065e-12,6.010747455320598e-13,NaN,converged,18,18,0,0,0,0,4,2.900976860388739e-14,1.12.6,lbt,1,1,Intel(R) Core(TM) 7 150U,NT,2abc7cc
degen-r5-m20-d0.01-p0,100,Newton-SIN,1e-7*n,9.999999999999999e-6,4,9,0.0528409,0.0457318,86.54621704020938,0.0,7.43e-5,0.0,0.0056254,0.0,0.0,0.0014093999999999999,0.38398440386107535,7.117121254609819e-12,-7.46157144903276e-15,6.010747455320598e-13,6.010747455320598e-13,2.119808663262065e-12,6.010747455320598e-13,NaN,converged,18,18,0,0,0,0,4,2.900976860388739e-14,1.12.6,lbt,1,1,Intel(R) Core(TM) 7 150U,NT,2abc7cc
degen-r5-m20-d0.01-p0,100,AGD-SDAJ-BH,1e-7*n,1.0e-11,12,95,0.5767665,0.5699017000000001,98.80977830716591,0.0,0.0002651,0.0,0.0,0.0,0.0,0.006599699999999893,0.38398440384813726,3.327501251464461e-11,-1.3649235640004199e-14,4.081290860824538e-12,4.081290860824538e-12,8.326175648911223e-12,4.081290860824538e-12,NaN,diag_feasible_at_xpre,0,0,26,26,0,0,12,2.900976860388739e-14,1.12.6,lbt,1,1,Intel(R) Core(TM) 7 150U,NT,2abc7cc
degen-r5-m20-d0.01-p0,100,AGD-SDAJ,1e-7*n,1.0e-11,11,101,0.6100523,0.6029189,98.83069041785434,0.0,0.0002804,0.0,0.0,0.0,0.0,0.006852999999999956,0.38398440385024585,3.0011160872260217e-11,-1.3883920202696962e-14,4.505174011626423e-12,4.505174011626423e-12,7.960813403602766e-12,4.505174011626423e-12,NaN,diag_feasible_at_xpre,0,0,38,24,14,0,11,2.900976860388739e-14,1.12.6,lbt,1,1,Intel(R) Core(TM) 7 150U,NT,2abc7cc
degen-r5-m20-d0.01-p0,100,Dykstra-APM,1e-7*n,9.999999999999999e-6,416,416,2.7477735,2.5200316,91.71176590792508,0.0,0.0,0.0,0.0,0.1200303,0.0,0.10771160000000027,0.3839844038418632,4.445725428540253e-11,-9.658186333724226e-15,1.390443316040546e-12,1.390443316040546e-12,9.854613466143967e-12,1.390443316040546e-12,NaN,diag_feasible,0,0,0,0,0,0,416,2.900976860388739e-14,1.12.6,lbt,1,1,Intel(R) Core(TM) 7 150U,NT,2abc7cc
degen-r5-m20-d0.01-p0,100,Anderson-APM,1e-7*n,9.999999999999999e-6,62,62,0.4542423,0.3142504,69.18122772802093,0.0,0.0,0.0,0.0,0.0,0.1272524,0.012739500000000015,0.38398440385569466,1.6499643809710815e-11,-7.97098750020445e-15,2.603250948141067e-12,2.603250948141067e-12,4.6088363815010284e-12,2.603250948141067e-12,NaN,diag_feasible,0,0,0,0,0,0,62,2.900976860388739e-14,1.12.6,lbt,1,1,Intel(R) Core(TM) 7 150U,NT,2abc7cc
degen-r5-m20-d0.01-p1,100,SBB-Dual,1e-7*n,1.0e-11,202,203,1.1429249,1.124583,98.39517889583122,0.00181,0.00055,0.0002412,0.0,0.0,0.0,0.015740699999999802,0.38012140987958576,8.678155747008573e-12,-1.4165052974536285e-14,1.3651302310790925e-12,0.0,9.779049540432942e-12,1.3651302310790925e-12,100.0,diag_feasible,0,0,0,0,0,0,202,1.5797580287425462e-14,1.12.6,lbt,1,1,Intel(R) Core(TM) 7 150U,NT,2abc7cc
degen-r5-m20-d0.01-p1,100,Newton-SIN-BH,1e-7*n,9.999999999999999e-6,4,5,0.0316924,0.0251509,79.35940477843268,0.0,1.58e-5,0.0,0.0058509,0.0,0.0,0.0006748000000000023,0.38012140987922965,9.047687754263392e-12,-9.033747779689258e-15,1.2021494910641195e-12,1.2021494910641195e-12,2.861134897192668e-12,1.2021494910641195e-12,NaN,converged,18,18,0,0,0,0,4,1.5797580287425462e-14,1.12.6,lbt,1,1,Intel(R) Core(TM) 7 150U,NT,2abc7cc
degen-r5-m20-d0.01-p1,100,Newton-SIN,1e-7*n,9.999999999999999e-6,4,9,0.0478454,0.0431443,90.17439503066124,0.0,1.69e-5,0.0,0.0041965,0.0,0.0,0.0004877000000000067,0.38012140987922965,9.047687754263392e-12,-9.033747779689258e-15,1.2021494910641195e-12,1.2021494910641195e-12,2.861134897192668e-12,1.2021494910641195e-12,NaN,converged,18,18,0,0,0,0,4,1.5797580287425462e-14,1.12.6,lbt,1,1,Intel(R) Core(TM) 7 150U,NT,2abc7cc
degen-r5-m20-d0.01-p1,100,AGD-SDAJ-BH,1e-7*n,1.0e-11,9,69,0.4244629,0.41562140000000003,97.91701465546224,0.0,0.0005008,0.0,0.0,0.0,0.0,0.008340699999999947,0.3801214098664434,3.403821348900545e-11,-1.0487541675852604e-14,2.858380199199928e-12,2.858380199199928e-12,8.729503078792145e-12,2.858380199199928e-12,NaN,diag_feasible,0,0,14,14,0,0,9,1.5797580287425462e-14,1.12.6,lbt,1,1,Intel(R) Core(TM) 7 150U,NT,2abc7cc
degen-r5-m20-d0.01-p1,100,AGD-SDAJ,1e-7*n,1.0e-11,8,69,0.4180482,0.4098867,98.04771315843485,0.0,0.0001983,0.0,0.0,0.0,0.0,0.007963199999999988,0.380121409866326,3.4628155277163274e-11,-1.0867760068140263e-14,3.035127704720253e-12,3.035127704720253e-12,8.747625125305416e-12,3.035127704720253e-12,NaN,diag_feasible,0,0,20,12,8,0,8,1.5797580287425462e-14,1.12.6,lbt,1,1,Intel(R) Core(TM) 7 150U,NT,2abc7cc
degen-r5-m20-d0.01-p1,100,Dykstra-APM,1e-7*n,9.999999999999999e-6,414,414,2.9335867,2.6099425,88.96762792113829,0.0,0.0,0.0,0.0,0.171686,0.0,0.15195820000000038,0.38012140986020515,4.3626015428499515e-11,-1.0280449630549572e-14,1.354916179252541e-12,1.354916179252541e-12,9.700385142489268e-12,1.354916179252541e-12,NaN,diag_feasible,0,0,0,0,0,0,414,1.5797580287425462e-14,1.12.6,lbt,1,1,Intel(R) Core(TM) 7 150U,NT,2abc7cc
degen-r5-m20-d0.01-p1,100,Anderson-APM,1e-7*n,9.999999999999999e-6,116,116,0.9800184,0.6843637,69.83171948608312,0.0,0.0,0.0,0.0,0.0,0.2364075,0.059247199999999944,0.3801214098666971,2.999619800114241e-11,-1.1964204751575187e-14,1.5507595207964187e-12,1.5507595207964187e-12,6.9096671083548816e-12,1.5507595207964187e-12,NaN,diag_feasible,0,0,0,0,0,0,116,1.5797580287425462e-14,1.12.6,lbt,1,1,Intel(R) Core(TM) 7 150U,NT,2abc7cc
degen-r5-m20-d0.01-p2,100,SBB-Dual,1e-7*n,1.0e-11,202,203,1.1728521,1.1556926,98.53694255226213,0.0014307,0.0008508,0.0002631,0.0,0.0,0.0,0.014614899999999993,0.3849104795881419,7.899386642281642e-12,-1.246892219734681e-14,1.3768985951401191e-12,0.0,9.426801693343972e-12,1.3768985951401191e-12,100.0,diag_feasible,0,0,0,0,0,0,202,1.9986481453254593e-14,1.12.6,lbt,1,1,Intel(R) Core(TM) 7 150U,NT,2abc7cc
degen-r5-m20-d0.01-p2,100,Newton-SIN-BH,1e-7*n,9.999999999999999e-6,4,5,0.0293222,0.0241618,82.40104767036581,0.0,1.75e-5,0.0,0.0043005,0.0,0.0,0.0008423999999999992,0.38491047958800645,1.4713867308652612e-12,-1.1151664348424891e-14,1.8984813721090177e-13,1.8984813721090177e-13,4.4409252662896265e-13,1.8984813721090177e-13,NaN,converged,17,17,0,0,0,0,4,1.9986481453254593e-14,1.12.6,lbt,1,1,Intel(R) Core(TM) 7 150U,NT,2abc7cc
degen-r5-m20-d0.01-p2,100,Newton-SIN,1e-7*n,9.999999999999999e-6,4,9,0.0473055,0.0422267,89.26382767331494,0.0,2.09e-5,0.0,0.0044555,0.0,0.0,0.0006024000000000012,0.38491047958800645,1.4713867308652612e-12,-1.1151664348424891e-14,1.8984813721090177e-13,1.8984813721090177e-13,4.4409252662896265e-13,1.8984813721090177e-13,NaN,converged,17,17,0,0,0,0,4,1.9986481453254593e-14,1.12.6,lbt,1,1,Intel(R) Core(TM) 7 150U,NT,2abc7cc
degen-r5-m20-d0.01-p2,100,AGD-SDAJ-BH,1e-7*n,1.0e-11,10,79,0.4145833,0.40925100000000003,98.71381698201544,0.0,0.0003114,0.0,0.0,0.0,0.0,0.005020899999999957,0.3849104795828927,1.6064506265057058e-11,-7.92874676410618e-15,2.573496971081113e-12,2.573496971081113e-12,4.556522206246951e-12,2.573496971081113e-12,NaN,diag_feasible,0,0,20,20,0,0,10,1.9986481453254593e-14,1.12.6,lbt,1,1,Intel(R) Core(TM) 7 150U,NT,2abc7cc
degen-r5-m20-d0.01-p2,100,AGD-SDAJ,1e-7*n,1.0e-11,10,86,0.5022478,0.49618829999999997,98.79352383425073,0.0,0.0002704,0.0,0.0,0.0,0.0,0.005789100000000051,0.3849104795821327,1.618974127335607e-11,-8.175489753852725e-15,2.184696867857383e-12,2.184696867857383e-12,4.27566354450948e-12,2.184696867857383e-12,NaN,diag_feasible,0,0,27,20,7,0,10,1.9986481453254593e-14,1.12.6,lbt,1,1,Intel(R) Core(TM) 7 150U,NT,2abc7cc
degen-r5-m20-d0.01-p2,100,Dykstra-APM,1e-7*n,9.999999999999999e-6,413,413,2.8381529,2.5849004,91.07685495027418,0.0,0.0,0.0,0.0,0.1401521,0.0,0.11310039999999988,0.384910479568646,4.435799890625402e-11,-6.915055916479381e-15,1.4386269953092778e-12,1.4386269953092778e-12,9.851486635915517e-12,1.4386269953092778e-12,NaN,diag_feasible,0,0,0,0,0,0,413,1.9986481453254593e-14,1.12.6,lbt,1,1,Intel(R) Core(TM) 7 150U,NT,2abc7cc
degen-r5-m20-d0.01-p2,100,Anderson-APM,1e-7*n,9.999999999999999e-6,57,57,0.4624264,0.326006,70.49900265209772,0.0,0.0,0.0,0.0,0.0,0.1222949,0.0141255,0.38491047959056246,3.0383723178627094e-11,-8.876888066820245e-15,3.180455898643686e-12,3.180455898643686e-12,8.344337350916594e-12,3.180455898643686e-12,NaN,diag_feasible,0,0,0,0,0,0,57,1.9986481453254593e-14,1.12.6,lbt,1,1,Intel(R) Core(TM) 7 150U,NT,2abc7cc
degen-r5-m20-d0.01-p3,100,SBB-Dual,1e-7*n,1.0e-11,205,206,1.1848165,1.1692017000000001,98.68209127742567,0.0014889,0.0006179,0.0002458,0.0,0.0,0.0,0.013262199999999818,0.38607352228832925,1.0555967038514875e-11,-1.2893236780981307e-14,1.4226397837546756e-12,0.0,9.038452492484822e-12,1.4226397837546756e-12,100.0,diag_feasible,0,0,0,0,0,0,205,1.6466894370769455e-14,1.12.6,lbt,1,1,Intel(R) Core(TM) 7 150U,NT,2abc7cc
degen-r5-m20-d0.01-p3,100,Newton-SIN-BH,1e-7*n,9.999999999999999e-6,4,5,0.0354732,0.0304837,85.93445192426958,0.0,1.83e-5,0.0,0.0042128,0.0,0.0,0.0007584000000000046,0.3860735222880025,2.8568865647524433e-11,-1.0037904519158226e-14,4.05886435572711e-12,4.05886435572711e-12,8.9333485979607e-12,4.05886435572711e-12,NaN,converged,17,17,0,0,0,0,4,1.6466894370769455e-14,1.12.6,lbt,1,1,Intel(R) Core(TM) 7 150U,NT,2abc7cc
degen-r5-m20-d0.01-p3,100,Newton-SIN,1e-7*n,9.999999999999999e-6,4,9,0.0513928,0.045131500000000005,87.81677589078626,0.0,1.65e-5,0.0,0.0057573,0.0,0.0,0.0004874999999999975,0.3860735222880025,2.8568865647524433e-11,-1.0037904519158226e-14,4.05886435572711e-12,4.05886435572711e-12,8.9333485979607e-12,4.05886435572711e-12,NaN,converged,17,17,0,0,0,0,4,1.6466894370769455e-14,1.12.6,lbt,1,1,Intel(R) Core(TM) 7 150U,NT,2abc7cc
degen-r5-m20-d0.01-p3,100,AGD-SDAJ-BH,1e-7*n,1.0e-11,12,109,0.4518106,0.4456009,98.62559665488149,0.0,0.0002778,0.0,0.0,0.0,0.0,0.005931899999999985,0.38607352227796704,2.647338228563738e-11,-1.0004607525336149e-14,2.4489299477181703e-12,2.4489299477181703e-12,6.545460358567468e-12,2.4489299477181703e-12,NaN,diag_feasible,0,0,36,36,0,0,12,1.6466894370769455e-14,1.12.6,lbt,1,1,Intel(R) Core(TM) 7 150U,NT,2abc7cc
degen-r5-m20-d0.01-p3,100,AGD-SDAJ,1e-7*n,1.0e-11,10,94,0.5845748,0.5719071,97.83300614395284,0.0,0.0003083,0.0,0.0,0.0,0.0,0.01235939999999995,0.38607352227711983,3.3199195811642716e-11,-9.540906888471409e-15,5.35549382618683e-12,5.35549382618683e-12,9.130726780084702e-12,5.35549382618683e-12,NaN,diag_feasible,0,0,35,30,5,0,10,1.6466894370769455e-14,1.12.6,lbt,1,1,Intel(R) Core(TM) 7 150U,NT,2abc7cc
degen-r5-m20-d0.01-p3,100,Dykstra-APM,1e-7*n,9.999999999999999e-6,418,418,2.5997931,2.3411541,90.05155448716283,0.0,0.0,0.0,0.0,0.148462,0.0,0.11017700000000005,0.3860735222689728,4.487259581176299e-11,-1.2745677452044333e-14,1.5611956172278951e-12,1.5611956172278951e-12,9.917985144874857e-12,1.5611956172278951e-12,NaN,diag_feasible,0,0,0,0,0,0,418,1.6466894370769455e-14,1.12.6,lbt,1,1,Intel(R) Core(TM) 7 150U,NT,2abc7cc
degen-r5-m20-d0.01-p3,100,Anderson-APM,1e-7*n,9.999999999999999e-6,83,83,0.6528133,0.4575388,70.0872362741384,0.0,0.0,0.0,0.0,0.0,0.1745984,0.02067610000000003,0.3860735222727266,3.674385957941147e-11,-1.140582170975738e-14,1.5900614158681492e-12,1.5900614158681492e-12,8.288680228330324e-12,1.5900614158681492e-12,NaN,diag_feasible,0,0,0,0,0,0,83,1.6466894370769455e-14,1.12.6,lbt,1,1,Intel(R) Core(TM) 7 150U,NT,2abc7cc
degen-r5-m20-d0.01-p4,100,SBB-Dual,1e-7*n,1.0e-11,202,203,1.1705152,1.1536771,98.56147959462635,0.0013914,0.0005801,0.0002473,0.0,0.0,0.0,0.014619300000000187,0.3866145027483635,7.0012770081903496e-12,-8.25574084803689e-15,1.2190248810384219e-12,0.0,9.244424823780816e-12,1.2190248810384219e-12,100.0,diag_feasible,0,0,0,0,0,0,202,1.7687772743621388e-14,1.12.6,lbt,1,1,Intel(R) Core(TM) 7 150U,NT,2abc7cc
degen-r5-m20-d0.01-p4,100,Newton-SIN-BH,1e-7*n,9.999999999999999e-6,4,5,0.0164889,0.012788899999999999,77.56066202111722,0.0,1.27e-5,0.0,0.0030321,0.0,0.0,0.000655200000000002,0.38661450274823683,1.8888822130687096e-11,-8.592270401084811e-15,2.008393451546908e-12,2.008393451546908e-12,5.823928374781843e-12,2.008393451546908e-12,NaN,converged,16,16,0,0,0,0,4,1.7687772743621388e-14,1.12.6,lbt,1,1,Intel(R) Core(TM) 7 150U,NT,2abc7cc
degen-r5-m20-d0.01-p4,100,Newton-SIN,1e-7*n,9.999999999999999e-6,4,9,0.0512954,0.04722320000000001,92.06127644974015,0.0,1.48e-5,0.0,0.0036273,0.0,0.0,0.0004300999999999914,0.38661450274823683,1.8888822130687096e-11,-8.592270401084811e-15,2.008393451546908e-12,2.008393451546908e-12,5.823928374781843e-12,2.008393451546908e-12,NaN,converged,16,16,0,0,0,0,4,1.7687772743621388e-14,1.12.6,lbt,1,1,Intel(R) Core(TM) 7 150U,NT,2abc7cc
degen-r5-m20-d0.01-p4,100,AGD-SDAJ-BH,1e-7*n,1.0e-11,10,90,0.5321704,0.5268743,99.0048112409108,0.0,0.0002515,0.0,0.0,0.0,0.0,0.005044600000000026,0.3866145027423655,1.472679017296193e-11,-8.851822272509991e-15,1.3178347302300608e-12,1.3178347302300608e-12,3.690873621804031e-12,1.3178347302300608e-12,NaN,diag_feasible,0,0,29,29,0,0,10,1.7687772743621388e-14,1.12.6,lbt,1,1,Intel(R) Core(TM) 7 150U,NT,2abc7cc
degen-r5-m20-d0.01-p4,100,AGD-SDAJ,1e-7*n,1.0e-11,12,116,0.7339234,0.7270072000000001,99.05764007524492,0.0,0.0003383,0.0,0.0,0.0,0.0,0.006577899999999928,0.3866145027329144,3.775699552140161e-11,-1.0130998804537604e-14,5.405453862294962e-12,5.405453862294962e-12,9.373927795671822e-12,5.405453862294962e-12,NaN,diag_feasible,0,0,45,30,15,0,12,1.7687772743621388e-14,1.12.6,lbt,1,1,Intel(R) Core(TM) 7 150U,NT,2abc7cc
degen-r5-m20-d0.01-p4,100,Dykstra-APM,1e-7*n,9.999999999999999e-6,413,413,2.7674737,2.4883601,89.91449855512629,0.0,0.0,0.0,0.0,0.1831805,0.0,0.09593310000000008,0.38661450272925035,4.3451558767041374e-11,-8.580573962840001e-15,1.2743139876647547e-12,1.2743139876647547e-12,9.66996768125769e-12,1.2743139876647547e-12,NaN,diag_feasible,0,0,0,0,0,0,413,1.7687772743621388e-14,1.12.6,lbt,1,1,Intel(R) Core(TM) 7 150U,NT,2abc7cc
degen-r5-m20-d0.01-p4,100,Anderson-APM,1e-7*n,9.999999999999999e-6,76,76,0.5972125,0.4118542,68.96275613789061,0.0,0.0,0.0,0.0,0.0,0.1683273,0.01703100000000002,0.38661450273442916,3.5909050571572507e-11,-9.483794315817079e-15,2.100319917985871e-12,2.100319917985871e-12,8.932442970765565e-12,2.100319917985871e-12,NaN,diag_feasible,0,0,0,0,0,0,76,1.7687772743621388e-14,1.12.6,lbt,1,1,Intel(R) Core(TM) 7 150U,NT,2abc7cc
degen-r5-m20-d0.0001-p0,100,SBB-Dual,1e-7*n,1.0e-11,179,180,0.9284791,0.9167926,98.74132869549783,0.0021119,0.0005014,0.0002473,0.0,0.0,0.0,0.008825900000000043,0.4157433027821393,9.07480339652282e-12,-1.1739047718716937e-14,1.389777182225771e-12,0.0,9.85019705365532e-12,1.389777182225771e-12,100.0,diag_feasible,0,0,0,0,0,0,179,2.6820791634477424e-14,1.12.6,lbt,1,1,Intel(R) Core(TM) 7 150U,NT,2abc7cc
degen-r5-m20-d0.0001-p0,100,Newton-SIN-BH,1e-7*n,9.999999999999999e-6,5,6,0.0459573,0.0346441,75.38323617793037,0.0,1.93e-5,0.0,0.0094456,0.0,0.0,0.0018483000000000024,0.41574330278212074,0.0,-1.2473153537066119e-14,8.215650382226158e-15,8.215650382226158e-15,2.6820791634477424e-14,8.215650382226158e-15,NaN,converged,32,32,0,0,0,0,5,2.6820791634477424e-14,1.12.6,lbt,1,1,Intel(R) Core(TM) 7 150U,NT,2abc7cc
degen-r5-m20-d0.0001-p0,100,Newton-SIN,1e-7*n,9.999999999999999e-6,100,2985,18.4785491,17.6841009,95.70070033258186,0.0,0.0099793,0.0,0.4857255,0.0,0.0,0.29874339999999794,0.41574330281442434,3.0962857495080006e-9,-1.0968746612517996e-14,2.8479352209842546e-10,2.8479352209842546e-10,9.433763771694307e-10,2.8479352209842546e-10,NaN,max_iter,1172,1172,2784,0,0,0,100,2.6820791634477424e-14,1.12.6,lbt,1,1,Intel(R) Core(TM) 7 150U,NT,2abc7cc
degen-r5-m20-d0.0001-p0,100,AGD-SDAJ-BH,1e-7*n,1.0e-11,11,95,0.5535097,0.5423274,97.97974633506874,0.0,0.0015436,0.0,0.0,0.0,0.0,0.00963869999999998,0.41574330278618377,1.1028202627963186e-11,-7.409217628943044e-15,7.833733661755105e-13,7.833733661755105e-13,2.6518582002360463e-12,7.833733661755105e-13,NaN,diag_feasible,0,0,28,28,0,0,11,2.6820791634477424e-14,1.12.6,lbt,1,1,Intel(R) Core(TM) 7 150U,NT,2abc7cc
degen-r5-m20-d0.0001-p0,100,AGD-SDAJ,1e-7*n,1.0e-11,11,105,0.6284959,0.6225481,99.05364537779802,0.0,0.0002969,0.0,0.0,0.0,0.0,0.0056508999999999475,0.41574330278546795,2.213436395189547e-11,-8.69157041536748e-15,3.04956060404038e-12,3.04956060404038e-12,6.969315177638519e-12,3.04956060404038e-12,NaN,diag_feasible_at_xpre,0,0,40,25,15,0,11,2.6820791634477424e-14,1.12.6,lbt,1,1,Intel(R) Core(TM) 7 150U,NT,2abc7cc
degen-r5-m20-d0.0001-p0,100,Dykstra-APM,1e-7*n,9.999999999999999e-6,368,368,2.7516338,2.3128099,84.05224198074613,0.0,0.0,0.0,0.0,0.194444,0.0,0.24437990000000004,0.4157433027651715,4.302966840177865e-11,-9.954203065051775e-15,1.3460343950555398e-12,1.3460343950555398e-12,9.544039576494668e-12,1.3460343950555398e-12,NaN,diag_feasible,0,0,0,0,0,0,368,2.6820791634477424e-14,1.12.6,lbt,1,1,Intel(R) Core(TM) 7 150U,NT,2abc7cc
degen-r5-m20-d0.0001-p0,100,Anderson-APM,1e-7*n,9.999999999999999e-6,89,89,0.7309269,0.5085345,69.57392045634111,0.0,0.0,0.0,0.0,0.0,0.2020009,0.020391500000000035,0.41574330279697275,3.839884599894156e-11,-8.618792628771286e-15,1.7533752227905097e-12,1.7533752227905097e-12,8.830866787624205e-12,1.7533752227905097e-12,NaN,diag_feasible,0,0,0,0,0,0,89,2.6820791634477424e-14,1.12.6,lbt,1,1,Intel(R) Core(TM) 7 150U,NT,2abc7cc
degen-r5-m20-d0.0001-p1,100,SBB-Dual,1e-7*n,1.0e-11,178,179,0.9299781,0.9157506,98.47012526424008,0.0010785,0.0004797,0.0002463,0.0,0.0,0.0,0.01242300000000006,0.4112988008942551,8.021489442485249e-12,-8.898887085184511e-15,1.269873095566254e-12,0.0,9.08877870505124e-12,1.269873095566254e-12,100.0,diag_feasible,0,0,0,0,0,0,178,8.235131203916477e-15,1.12.6,lbt,1,1,Intel(R) Core(TM) 7 150U,NT,2abc7cc
degen-r5-m20-d0.0001-p1,100,Newton-SIN-BH,1e-7*n,9.999999999999999e-6,5,6,0.0458024,0.034162,74.58561123434579,0.0,2.23e-5,0.0,0.0106084,0.0,0.0,0.0010097000000000023,0.41129880089425724,0.0,-8.163942334684752e-15,2.7755575615628914e-15,2.7755575615628914e-15,8.235131203916477e-15,2.7755575615628914e-15,NaN,converged,31,31,0,0,0,0,5,8.235131203916477e-15,1.12.6,lbt,1,1,Intel(R) Core(TM) 7 150U,NT,2abc7cc
degen-r5-m20-d0.0001-p1,100,Newton-SIN,1e-7*n,9.999999999999999e-6,10,41,0.2614435,0.2286968,87.47465513581328,0.0,9.57e-5,0.0,0.0271265,0.0,0.0,0.005524499999999991,0.41129880089425813,7.00615511763822e-14,-8.989200252976582e-15,7.105427357601002e-15,7.105427357601002e-15,1.0228522745486597e-14,7.105427357601002e-15,NaN,converged,95,95,20,0,0,0,10,8.235131203916477e-15,1.12.6,lbt,1,1,Intel(R) Core(TM) 7 150U,NT,2abc7cc
degen-r5-m20-d0.0001-p1,100,AGD-SDAJ-BH,1e-7*n,1.0e-11,10,82,0.5047745,0.4990012,98.85626155837903,0.0,0.0002793,0.0,0.0,0.0,0.0,0.005494000000000037,0.41129880089762877,9.721056258206073e-12,-9.959834836572381e-15,1.3983258995153847e-12,1.3983258995153847e-12,2.56817365517088e-12,1.3983258995153847e-12,NaN,diag_feasible,0,0,21,21,0,0,10,8.235131203916477e-15,1.12.6,lbt,1,1,Intel(R) Core(TM) 7 150U,NT,2abc7cc
degen-r5-m20-d0.0001-p1,100,AGD-SDAJ,1e-7*n,1.0e-11,11,95,0.5878491,0.5823222,99.05980973688655,0.0,0.0002757,0.0,0.0,0.0,0.0,0.005251200000000001,0.41129880090104254,1.918515566844343e-11,-1.1850306426036658e-14,3.0643265702678946e-12,3.0643265702678946e-12,5.001930375073989e-12,3.0643265702678946e-12,NaN,diag_feasible_at_xpre,0,0,32,22,10,0,11,8.235131203916477e-15,1.12.6,lbt,1,1,Intel(R) Core(TM) 7 150U,NT,2abc7cc
degen-r5-m20-d0.0001-p1,100,Dykstra-APM,1e-7*n,9.999999999999999e-6,364,364,2.3559634,2.1370809,90.7094269800626,0.0,0.0,0.0,0.0,0.098547,0.0,0.12033549999999987,0.4112988008766381,4.411827558503464e-11,-1.050524190662964e-14,1.368682944757893e-12,1.368682944757893e-12,9.799668095907852e-12,1.368682944757893e-12,NaN,diag_feasible,0,0,0,0,0,0,364,8.235131203916477e-15,1.12.6,lbt,1,1,Intel(R) Core(TM) 7 150U,NT,2abc7cc
degen-r5-m20-d0.0001-p1,100,Anderson-APM,1e-7*n,9.999999999999999e-6,64,64,0.5109433,0.3627292,70.99206506866808,0.0,0.0,0.0,0.0,0.0,0.1302639,0.017950200000000027,0.41129880090284404,3.415894419813611e-11,-9.789838339525312e-15,2.060907000611678e-12,2.060907000611678e-12,8.939092899198259e-12,2.060907000611678e-12,NaN,diag_feasible,0,0,0,0,0,0,64,8.235131203916477e-15,1.12.6,lbt,1,1,Intel(R) Core(TM) 7 150U,NT,2abc7cc
degen-r5-m20-d0.0001-p2,100,SBB-Dual,1e-7*n,1.0e-11,177,178,0.8505093,0.8381622,98.54826984255199,0.0009975,0.0004732,0.000243,0.0,0.0,0.0,0.010633400000000055,0.41678238298132886,8.306236057597827e-12,-9.357102117283572e-15,1.4486190025309043e-12,0.0,9.922291670405098e-12,1.4486190025309043e-12,100.0,diag_feasible,0,0,0,0,0,0,177,1.7178705837825005e-14,1.12.6,lbt,1,1,Intel(R) Core(TM) 7 150U,NT,2abc7cc
degen-r5-m20-d0.0001-p2,100,Newton-SIN-BH,1e-7*n,9.999999999999999e-6,5,6,0.0413839,0.029584199999999998,71.48722087575119,0.0,1.98e-5,0.0,0.0108273,0.0,0.0,0.0009526000000000031,0.41678238298132064,0.0,-1.1890612123586525e-14,4.440892098500626e-15,4.440892098500626e-15,1.7178705837825005e-14,4.440892098500626e-15,NaN,converged,30,30,0,0,0,0,5,1.7178705837825005e-14,1.12.6,lbt,1,1,Intel(R) Core(TM) 7 150U,NT,2abc7cc
degen-r5-m20-d0.0001-p2,100,Newton-SIN,1e-7*n,9.999999999999999e-6,8,23,0.1350968,0.1128474,83.53077200940363,0.0,4.31e-5,0.0,0.0210141,0.0,0.0,0.001192199999999987,0.41678238298132775,9.657772558851522e-14,-8.894525338218856e-15,5.995204332975845e-15,5.995204332975845e-15,1.7672086373883875e-14,5.995204332975845e-15,NaN,converged,66,66,6,0,0,0,8,1.7178705837825005e-14,1.12.6,lbt,1,1,Intel(R) Core(TM) 7 150U,NT,2abc7cc
degen-r5-m20-d0.0001-p2,100,AGD-SDAJ-BH,1e-7*n,1.0e-11,10,81,0.5144157,0.505247,98.21764771176308,0.0,0.0016024,0.0,0.0,0.0,0.0,0.007566300000000029,0.41678238298815584,1.794689535193941e-11,-1.091999739431911e-14,1.4579448759377556e-12,1.4579448759377556e-12,4.2457150736700355e-12,1.4579448759377556e-12,NaN,diag_feasible,0,0,22,22,0,0,10,1.7178705837825005e-14,1.12.6,lbt,1,1,Intel(R) Core(TM) 7 150U,NT,2abc7cc
degen-r5-m20-d0.0001-p2,100,AGD-SDAJ,1e-7*n,1.0e-11,127,4011,29.3741446,28.981493399999998,98.66327613843093,0.0,0.0193157,0.0,0.0,0.0,0.0,0.3733355000000031,0.41678238309109206,4.989505839924565e-10,-1.0520079579839759e-14,1.2093936962997986e-10,1.2093936962997986e-10,1.525965179866158e-10,1.2093936962997986e-10,NaN,evd_budget,0,0,3368,259,3109,0,127,1.7178705837825005e-14,1.12.6,lbt,1,1,Intel(R) Core(TM) 7 150U,NT,2abc7cc
degen-r5-m20-d0.0001-p2,100,Dykstra-APM,1e-7*n,9.999999999999999e-6,364,364,2.5982202,2.2932264,88.26143373067455,0.0,0.0,0.0,0.0,0.1614279,0.0,0.14356590000000008,0.41678238296415254,4.336401672296194e-11,-9.02092476482177e-15,1.4075407506197735e-12,1.4075407506197735e-12,9.647929745307618e-12,1.4075407506197735e-12,NaN,diag_feasible,0,0,0,0,0,0,364,1.7178705837825005e-14,1.12.6,lbt,1,1,Intel(R) Core(TM) 7 150U,NT,2abc7cc
degen-r5-m20-d0.0001-p2,100,Anderson-APM,1e-7*n,9.999999999999999e-6,53,53,0.4070089,0.280046,68.80586640734393,0.0,0.0,0.0,0.0,0.0,0.1110136,0.015949299999999986,0.4167823829899259,3.042833060050741e-11,-9.586006803355473e-15,1.9899637493381306e-12,1.9899637493381306e-12,7.871475754545419e-12,1.9899637493381306e-12,NaN,diag_feasible,0,0,0,0,0,0,53,1.7178705837825005e-14,1.12.6,lbt,1,1,Intel(R) Core(TM) 7 150U,NT,2abc7cc
degen-r5-m20-d0.0001-p3,100,SBB-Dual,1e-7*n,1.0e-11,180,181,1.0533051,1.0134939,96.22035438734703,0.0012124,0.002073,0.0019441,0.0,0.0,0.0,0.03458169999999994,0.41810878688361414,1.1256529113130242e-11,-1.1327757138338022e-14,1.5158985178231887e-12,0.0,9.632036011059196e-12,1.5158985178231887e-12,100.0,diag_feasible,0,0,0,0,0,0,180,1.2969666999839922e-14,1.12.6,lbt,1,1,Intel(R) Core(TM) 7 150U,NT,2abc7cc
degen-r5-m20-d0.0001-p3,100,Newton-SIN-BH,1e-7*n,9.999999999999999e-6,5,6,0.0400455,0.0288536,72.05204080358592,0.0,1.96e-5,0.0,0.010175,0.0,0.0,0.0009972999999999978,0.4181087868836004,0.0,-1.048639590226572e-14,3.3306690738754696e-15,3.3306690738754696e-15,1.2969666999839922e-14,3.3306690738754696e-15,NaN,converged,33,33,0,0,0,0,5,1.2969666999839922e-14,1.12.6,lbt,1,1,Intel(R) Core(TM) 7 150U,NT,2abc7cc
degen-r5-m20-d0.0001-p3,100,Newton-SIN,1e-7*n,9.999999999999999e-6,100,2418,15.763268,14.9865274,95.07246466912825,0.0,0.0080813,0.0,0.5935638,0.0,0.0,0.17509550000000018,0.41810878688448433,6.138750388490821e-11,-1.0148862331404022e-14,7.30571159124338e-12,7.30571159124338e-12,1.890926481916301e-11,7.30571159124338e-12,NaN,max_iter,1449,1449,2217,0,0,0,100,1.2969666999839922e-14,1.12.6,lbt,1,1,Intel(R) Core(TM) 7 150U,NT,2abc7cc
degen-r5-m20-d0.0001-p3,100,AGD-SDAJ-BH,1e-7*n,1.0e-11,13,104,0.6705618,0.6600543,98.43303033366948,0.0,0.000351,0.0,0.0,0.0,0.0,0.010156500000000002,0.4181087868858693,6.92472348585446e-12,-1.1157748588049383e-14,5.00155472593633e-13,5.00155472593633e-13,1.8080578132887749e-12,5.00155472593633e-13,NaN,diag_feasible,0,0,25,25,0,0,13,1.2969666999839922e-14,1.12.6,lbt,1,1,Intel(R) Core(TM) 7 150U,NT,2abc7cc
degen-r5-m20-d0.0001-p3,100,AGD-SDAJ,1e-7*n,1.0e-11,12,105,0.6167165,0.6079358,98.57621775969997,0.0,0.000533,0.0,0.0,0.0,0.0,0.008247699999999974,0.4181087868913384,3.243040739443559e-11,-1.1765745232853639e-14,5.653033596786372e-12,5.653033596786372e-12,9.61274717814435e-12,5.653033596786372e-12,NaN,diag_feasible_at_xpre,0,0,34,24,10,0,12,1.2969666999839922e-14,1.12.6,lbt,1,1,Intel(R) Core(TM) 7 150U,NT,2abc7cc
degen-r5-m20-d0.0001-p3,100,Dykstra-APM,1e-7*n,9.999999999999999e-6,369,369,2.4405672,2.165096,88.71282052794942,0.0,0.0,0.0,0.0,0.1479503,0.0,0.1275208999999997,0.4181087868664381,4.427737985248958e-11,-1.0354139528490911e-14,1.5403234243649422e-12,1.5403234243649422e-12,9.786356548064332e-12,1.5403234243649422e-12,NaN,diag_feasible,0,0,0,0,0,0,369,1.2969666999839922e-14,1.12.6,lbt,1,1,Intel(R) Core(TM) 7 150U,NT,2abc7cc
degen-r5-m20-d0.0001-p3,100,Anderson-APM,1e-7*n,9.999999999999999e-6,85,85,0.6967829,0.4761596,68.33686647591381,0.0,0.0,0.0,0.0,0.0,0.191129,0.029494299999999973,0.4181087868960382,3.7097526786900665e-11,-9.582516750866543e-15,3.0707658638107205e-12,3.0707658638107205e-12,9.456665989724013e-12,3.0707658638107205e-12,NaN,diag_feasible,0,0,0,0,0,0,85,1.2969666999839922e-14,1.12.6,lbt,1,1,Intel(R) Core(TM) 7 150U,NT,2abc7cc
degen-r5-m20-d0.0001-p4,100,SBB-Dual,1e-7*n,1.0e-11,178,179,1.0061331,0.993972,98.79130305920758,0.0011718,0.0005092,0.0002412,0.0,0.0,0.0,0.010238900000000035,0.41874227247309315,6.924404805484232e-12,-9.342298777624236e-15,1.2048140263232199e-12,0.0,9.14456075258538e-12,1.2048140263232199e-12,100.0,diag_feasible,0,0,0,0,0,0,178,1.7537307245499294e-14,1.12.6,lbt,1,1,Intel(R) Core(TM) 7 150U,NT,2abc7cc
degen-r5-m20-d0.0001-p4,100,Newton-SIN-BH,1e-7*n,9.999999999999999e-6,5,6,0.060695,0.0405748,66.85031715956833,0.0,2.1e-5,0.0,0.018928,0.0,0.0,0.0011711999999999972,0.4187422724730749,0.0,-9.493909303308605e-15,4.6629367034256575e-15,4.6629367034256575e-15,1.7537307245499294e-14,4.6629367034256575e-15,NaN,converged,29,29,0,0,0,0,5,1.7537307245499294e-14,1.12.6,lbt,1,1,Intel(R) Core(TM) 7 150U,NT,2abc7cc
degen-r5-m20-d0.0001-p4,100,Newton-SIN,1e-7*n,9.999999999999999e-6,100,2593,16.0073582,15.2615898,95.3410900744384,0.0,0.008264,0.0,0.36894,0.0,0.0,0.3685643999999993,0.41874227246461304,4.233129632099841e-10,-8.712897485524512e-15,3.5083047578154947e-11,3.5083047578154947e-11,1.2982871270867824e-10,3.5083047578154947e-11,NaN,max_iter,1168,1168,2392,0,0,0,100,1.7537307245499294e-14,1.12.6,lbt,1,1,Intel(R) Core(TM) 7 150U,NT,2abc7cc
degen-r5-m20-d0.0001-p4,100,AGD-SDAJ-BH,1e-7*n,1.0e-11,9,70,0.4239066,0.4170988,98.3940330251994,0.0,0.0002034,0.0,0.0,0.0,0.0,0.00660440000000003,0.4187422724772606,1.6466848715477524e-11,-1.0319674870982315e-14,2.769451334927453e-12,2.769451334927453e-12,4.790965508803877e-12,2.769451334927453e-12,NaN,diag_feasible,0,0,17,17,0,0,9,1.7537307245499294e-14,1.12.6,lbt,1,1,Intel(R) Core(TM) 7 150U,NT,2abc7cc
degen-r5-m20-d0.0001-p4,100,AGD-SDAJ,1e-7*n,1.0e-11,9,75,0.439462,0.432207,98.34911778492793,0.0,0.000225,0.0,0.0,0.0,0.0,0.007030000000000011,0.4187422724772746,1.64472777979603e-11,-9.84490933361646e-15,2.761457729150152e-12,2.761457729150152e-12,4.77796861723934e-12,2.761457729150152e-12,NaN,diag_feasible,0,0,22,17,5,0,9,1.7537307245499294e-14,1.12.6,lbt,1,1,Intel(R) Core(TM) 7 150U,NT,2abc7cc
degen-r5-m20-d0.0001-p4,100,Dykstra-APM,1e-7*n,9.999999999999999e-6,364,364,2.4618696,2.2173784,90.06888098378565,0.0,0.0,0.0,0.0,0.1045814,0.0,0.13990980000000014,0.4187422724557186,4.389273415675292e-11,-8.58823213447645e-15,1.2865264409356314e-12,1.2865264409356314e-12,9.770769730641128e-12,1.2865264409356314e-12,NaN,diag_feasible,0,0,0,0,0,0,364,1.7537307245499294e-14,1.12.6,lbt,1,1,Intel(R) Core(TM) 7 150U,NT,2abc7cc
degen-r5-m20-d0.0001-p4,100,Anderson-APM,1e-7*n,9.999999999999999e-6,58,58,0.4779728,0.3304748,69.14092182651397,0.0,0.0,0.0,0.0,0.0,0.1339814,0.013516599999999962,0.4187422724849946,3.4470122084960617e-11,-1.1524286175710256e-14,2.093436535233195e-12,2.093436535233195e-12,8.608141221279634e-12,2.093436535233195e-12,NaN,diag_feasible,0,0,0,0,0,0,58,1.7537307245499294e-14,1.12.6,lbt,1,1,Intel(R) Core(TM) 7 150U,NT,2abc7cc
degen-r5-m20-d1e-06-p0,100,SBB-Dual,1e-7*n,1.0e-11,157,158,0.8117931,0.7999828,98.54515885882743,0.0010139,0.0004153,7.75e-5,0.0,0.0,0.0,0.010303600000000052,0.4160659717964436,8.816132781460117e-12,-9.798148110687493e-15,1.3413714583521141e-12,0.0,9.588958986241262e-12,1.3413714583521141e-12,100.0,diag_feasible,0,0,0,0,0,0,157,9.851695239914471e-14,1.12.6,lbt,1,1,Intel(R) Core(TM) 7 150U,NT,2abc7cc
degen-r5-m20-d1e-06-p0,100,Newton-SIN-BH,1e-7*n,9.999999999999999e-6,5,6,0.0277154,0.0212195,76.56212791444467,0.0,1.47e-5,0.0,0.0057549,0.0,0.0,0.0007263000000000018,0.4160659717964396,1.496438369800378e-13,-1.0555881244297192e-14,3.8746783559417963e-14,3.8746783559417963e-14,1.2065749371931884e-13,3.8746783559417963e-14,NaN,converged,33,33,0,0,0,0,5,9.851695239914471e-14,1.12.6,lbt,1,1,Intel(R) Core(TM) 7 150U,NT,2abc7cc
degen-r5-m20-d1e-06-p0,100,Newton-SIN,1e-7*n,9.999999999999999e-6,5,11,0.075984,0.0626405,82.439066119183,0.0,2.12e-5,0.0,0.0122119,0.0,0.0,0.001110399999999994,0.4160659717964396,1.496438369800378e-13,-1.0555881244297192e-14,3.8746783559417963e-14,3.8746783559417963e-14,1.2065749371931884e-13,3.8746783559417963e-14,NaN,converged,33,33,0,0,0,0,5,9.851695239914471e-14,1.12.6,lbt,1,1,Intel(R) Core(TM) 7 150U,NT,2abc7cc
degen-r5-m20-d1e-06-p0,100,AGD-SDAJ-BH,1e-7*n,1.0e-11,9,70,0.3852384,0.3803818,98.73932609002632,0.0,0.0001935,0.0,0.0,0.0,0.0,0.004663099999999989,0.4160659718039865,3.067287903975042e-11,-1.059044517016942e-14,3.087419209180098e-12,3.087419209180098e-12,9.064765481458857e-12,3.087419209180098e-12,NaN,diag_feasible_at_xpre,0,0,17,17,0,0,9,9.851695239914471e-14,1.12.6,lbt,1,1,Intel(R) Core(TM) 7 150U,NT,2abc7cc
degen-r5-m20-d1e-06-p0,100,AGD-SDAJ,1e-7*n,1.0e-11,10,75,0.454003,0.447838,98.64207945762473,0.0,0.0004256,0.0,0.0,0.0,0.0,0.005739399999999976,0.416065971802023,1.5813131947388505e-11,-8.77871248465821e-15,2.0023982472139323e-12,2.0023982472139323e-12,4.004821238302429e-12,2.0023982472139323e-12,NaN,diag_feasible_at_xpre,0,0,18,17,1,0,10,9.851695239914471e-14,1.12.6,lbt,1,1,Intel(R) Core(TM) 7 150U,NT,2abc7cc
degen-r5-m20-d1e-06-p0,100,Dykstra-APM,1e-7*n,9.999999999999999e-6,323,323,2.021187,1.7742417,87.78216463889784,0.0,0.0,0.0,0.0,0.1695069,0.0,0.07743839999999994,0.4160659717787676,4.4865215983900817e-11,-9.795891700744273e-15,1.3908874052503961e-12,1.3908874052503961e-12,9.947232453123728e-12,1.3908874052503961e-12,NaN,diag_feasible,0,0,0,0,0,0,323,9.851695239914471e-14,1.12.6,lbt,1,1,Intel(R) Core(TM) 7 150U,NT,2abc7cc
degen-r5-m20-d1e-06-p0,100,Anderson-APM,1e-7*n,9.999999999999999e-6,95,95,0.7571531,0.5254705,69.40082527562787,0.0,0.0,0.0,0.0,0.0,0.2107661,0.02091650000000006,0.4160659717829535,3.864830139071319e-11,-9.798284078666334e-15,2.9378721677630892e-12,2.9378721677630892e-12,9.530980370712997e-12,2.9378721677630892e-12,NaN,diag_feasible,0,0,0,0,0,0,95,9.851695239914471e-14,1.12.6,lbt,1,1,Intel(R) Core(TM) 7 150U,NT,2abc7cc
degen-r5-m20-d1e-06-p1,100,SBB-Dual,1e-7*n,1.0e-11,156,157,0.9434353,0.9271176,98.2703954367618,0.0011533,0.0017106,0.000348,0.0,0.0,0.0,0.013105799999999992,0.41161567361460766,8.074940727837187e-12,-8.53587353407985e-15,1.2709833185908792e-12,0.0,9.124876020605252e-12,1.2709833185908792e-12,100.0,diag_feasible,0,0,0,0,0,0,156,8.300170192632479e-14,1.12.6,lbt,1,1,Intel(R) Core(TM) 7 150U,NT,2abc7cc
degen-r5-m20-d1e-06-p1,100,Newton-SIN-BH,1e-7*n,9.999999999999999e-6,5,6,0.0417452,0.0273325,65.47459348619721,0.0,2.12e-5,0.0,0.0133941,0.0,0.0,0.0009974000000000025,0.4116156736145926,0.0,-9.114329639142183e-15,3.7636560534792807e-14,3.7636560534792807e-14,8.300170192632479e-14,3.7636560534792807e-14,NaN,converged,33,33,0,0,0,0,5,8.300170192632479e-14,1.12.6,lbt,1,1,Intel(R) Core(TM) 7 150U,NT,2abc7cc
degen-r5-m20-d1e-06-p1,100,Newton-SIN,1e-7*n,9.999999999999999e-6,10,39,0.2185591,0.1864857,85.32506768192218,0.0,9.82e-5,0.0,0.0297681,0.0,0.0,0.0022071000000000035,0.4116156736146161,2.830060649178033e-13,-1.214073092482912e-14,4.884981308350689e-15,4.884981308350689e-15,1.2906312816527975e-14,4.884981308350689e-15,NaN,converged,80,80,18,0,0,0,10,8.300170192632479e-14,1.12.6,lbt,1,1,Intel(R) Core(TM) 7 150U,NT,2abc7cc
degen-r5-m20-d1e-06-p1,100,AGD-SDAJ-BH,1e-7*n,1.0e-11,11,87,0.4609397,0.4541075,98.5177670745219,0.0,0.0003206,0.0,0.0,0.0,0.0,0.006511600000000011,0.41161567362329604,2.3766980171752455e-11,-8.89596598993122e-15,2.4197310821705287e-12,2.4197310821705287e-12,5.833803858444287e-12,2.4197310821705287e-12,NaN,diag_feasible_at_xpre,0,0,24,24,0,0,11,8.300170192632479e-14,1.12.6,lbt,1,1,Intel(R) Core(TM) 7 150U,NT,2abc7cc
degen-r5-m20-d1e-06-p1,100,AGD-SDAJ,1e-7*n,1.0e-11,93,4013,21.1248748,20.7561887,98.25473001146496,0.0,0.0140497,0.0,0.0,0.0,0.0,0.35463640000000146,0.4116157672070807,2.6054934625037e-7,-1.1513503079498793e-14,1.936963789361812e-8,1.936963789361812e-8,6.466217800130606e-8,1.936963789361812e-8,NaN,evd_budget,0,0,3542,362,3180,0,93,8.300170192632479e-14,1.12.6,lbt,1,1,Intel(R) Core(TM) 7 150U,NT,2abc7cc
degen-r5-m20-d1e-06-p1,100,Dykstra-APM,1e-7*n,9.999999999999999e-6,320,320,2.0836076,1.902448,91.30548381566663,0.0,0.0,0.0,0.0,0.098083,0.0,0.0830766000000002,0.41161567359678347,4.4629552466915446e-11,-1.1562890726425985e-14,1.3837819778927951e-12,1.3837819778927951e-12,9.92356081437557e-12,1.3837819778927951e-12,NaN,diag_feasible,0,0,0,0,0,0,320,8.300170192632479e-14,1.12.6,lbt,1,1,Intel(R) Core(TM) 7 150U,NT,2abc7cc
degen-r5-m20-d1e-06-p1,100,Anderson-APM,1e-7*n,9.999999999999999e-6,76,76,0.5352609,0.3724055,69.57457568822979,0.0,0.0,0.0,0.0,0.0,0.1455078,0.017347600000000046,0.4116156736061644,2.4115255484612558e-11,-9.861203892453198e-15,1.4208634269152753e-12,1.4208634269152753e-12,5.7879466846172686e-12,1.4208634269152753e-12,NaN,diag_feasible,0,0,0,0,0,0,76,8.300170192632479e-14,1.12.6,lbt,1,1,Intel(R) Core(TM) 7 150U,NT,2abc7cc
degen-r5-m20-d1e-06-p2,100,SBB-Dual,1e-7*n,1.0e-11,155,156,0.9313888,0.9180986,98.57307710807774,0.0016945,0.0004413,0.0002398,0.0,0.0,0.0,0.01091460000000003,0.4171061734388693,8.157884687938414e-12,-8.463118280594837e-15,1.4162004902118497e-12,0.0,9.720999531300007e-12,1.4162004902118497e-12,100.0,diag_feasible,0,0,0,0,0,0,155,3.592236355768092e-14,1.12.6,lbt,1,1,Intel(R) Core(TM) 7 150U,NT,2abc7cc
degen-r5-m20-d1e-06-p2,100,Newton-SIN-BH,1e-7*n,9.999999999999999e-6,5,6,0.0451717,0.0323619,71.64197938089555,0.0,2.36e-5,0.0,0.011779,0.0,0.0,0.0010072000000000032,0.4171061734388359,0.0,-8.52059350739612e-15,9.992007221626409e-15,9.992007221626409e-15,3.592236355768092e-14,9.992007221626409e-15,NaN,converged,31,31,0,0,0,0,5,3.592236355768092e-14,1.12.6,lbt,1,1,Intel(R) Core(TM) 7 150U,NT,2abc7cc
degen-r5-m20-d1e-06-p2,100,Newton-SIN,1e-7*n,9.999999999999999e-6,100,3140,18.5422211,17.8223947,96.11790628470071,0.0,0.0099851,0.0,0.4131629,0.0,0.0,0.2966783999999988,0.41710614776352606,6.983256677552631e-8,-8.579885010910887e-15,2.924299247197837e-9,2.924299247197837e-9,1.612077477877817e-8,2.924299247197837e-9,NaN,max_iter,884,884,2939,0,0,0,100,3.592236355768092e-14,1.12.6,lbt,1,1,Intel(R) Core(TM) 7 150U,NT,2abc7cc
degen-r5-m20-d1e-06-p2,100,AGD-SDAJ-BH,1e-7*n,1.0e-11,11,98,0.5609327,0.5544905,98.85151997735201,0.0,0.0003033,0.0,0.0,0.0,0.0,0.006138899999999953,0.4171061734479494,3.473037489146259e-11,-7.631143078112547e-15,5.686007220617739e-12,5.686007220617739e-12,9.932269940713499e-12,5.686007220617739e-12,NaN,diag_feasible,0,0,33,33,0,0,11,3.592236355768092e-14,1.12.6,lbt,1,1,Intel(R) Core(TM) 7 150U,NT,2abc7cc
degen-r5-m20-d1e-06-p2,100,AGD-SDAJ,1e-7*n,1.0e-11,11,109,0.6290141,0.6199428,98.55785426749576,0.0,0.0004258,0.0,0.0,0.0,0.0,0.008645500000000004,0.4171061734530153,3.891997070215531e-11,-8.943800283924326e-15,3.754552224677354e-12,3.754552224677354e-12,9.476329624064195e-12,3.754552224677354e-12,NaN,diag_feasible,0,0,44,28,16,0,11,3.592236355768092e-14,1.12.6,lbt,1,1,Intel(R) Core(TM) 7 150U,NT,2abc7cc
degen-r5-m20-d1e-06-p2,100,Dykstra-APM,1e-7*n,9.999999999999999e-6,320,320,2.2257025,1.9913845,89.4721778854092,0.0,0.0,0.0,0.0,0.1192248,0.0,0.11509320000000024,0.41710617342182593,4.300407342605735e-11,-9.921409945484217e-15,1.3953282973488967e-12,1.3953282973488967e-12,9.582406915469508e-12,1.3953282973488967e-12,NaN,diag_feasible,0,0,0,0,0,0,320,3.592236355768092e-14,1.12.6,lbt,1,1,Intel(R) Core(TM) 7 150U,NT,2abc7cc
degen-r5-m20-d1e-06-p2,100,Anderson-APM,1e-7*n,9.999999999999999e-6,60,60,0.4321611,0.3137638,72.60343422857818,0.0,0.0,0.0,0.0,0.0,0.1016762,0.016721100000000044,0.4171061734483744,2.736247592578705e-11,-8.230664082636863e-15,1.7151835507434043e-12,1.7151835507434043e-12,6.802757329784832e-12,1.7151835507434043e-12,NaN,diag_feasible,0,0,0,0,0,0,60,3.592236355768092e-14,1.12.6,lbt,1,1,Intel(R) Core(TM) 7 150U,NT,2abc7cc
degen-r5-m20-d1e-06-p3,100,SBB-Dual,1e-7*n,1.0e-11,160,161,0.9395876,0.9282090000000001,98.7889793351892,0.0010897,0.0013826,0.000242,0.0,0.0,0.0,0.008664299999999906,0.4184341997505995,1.1657537928941126e-11,-1.0301073702621327e-14,1.580957587066223e-12,0.0,9.970785732330251e-12,1.580957587066223e-12,100.0,diag_feasible,0,0,0,0,0,0,160,4.549639229096477e-14,1.12.6,lbt,1,1,Intel(R) Core(TM) 7 150U,NT,2abc7cc
degen-r5-m20-d1e-06-p3,100,Newton-SIN-BH,1e-7*n,9.999999999999999e-6,5,6,0.0406163,0.029498299999999998,72.62675329855254,0.0,2.13e-5,0.0,0.0101956,0.0,0.0,0.0009011000000000019,0.41843419975058144,0.0,-1.1674470842566842e-14,1.8207657603852567e-14,1.8207657603852567e-14,4.549639229096477e-14,1.8207657603852567e-14,NaN,converged,33,33,0,0,0,0,5,4.549639229096477e-14,1.12.6,lbt,1,1,Intel(R) Core(TM) 7 150U,NT,2abc7cc
degen-r5-m20-d1e-06-p3,100,Newton-SIN,1e-7*n,9.999999999999999e-6,100,3021,17.8449362,17.1757166,96.24980670987213,0.0,0.0091359,0.0,0.400094,0.0,0.0,0.25998969999999816,0.41843417592296867,6.603941133269729e-8,-1.0382053443237742e-14,3.497691247744683e-9,3.497691247744683e-9,1.5270498134094322e-8,3.497691247744683e-9,NaN,max_iter,1067,1067,2820,0,0,0,100,4.549639229096477e-14,1.12.6,lbt,1,1,Intel(R) Core(TM) 7 150U,NT,2abc7cc
degen-r5-m20-d1e-06-p3,100,AGD-SDAJ-BH,1e-7*n,1.0e-11,10,84,0.5097485,0.49845659999999997,97.7848095678555,0.0,0.0005284,0.0,0.0,0.0,0.0,0.010763500000000077,0.4184341997567537,1.768010306772425e-11,-1.0424236101949994e-14,1.7010837183306649e-12,1.7010837183306649e-12,4.4913372360723514e-12,1.7010837183306649e-12,NaN,diag_feasible,0,0,23,23,0,0,10,4.549639229096477e-14,1.12.6,lbt,1,1,Intel(R) Core(TM) 7 150U,NT,2abc7cc
degen-r5-m20-d1e-06-p3,100,AGD-SDAJ,1e-7*n,1.0e-11,12,137,0.8073703,0.7973832000000001,98.76300874580103,0.0,0.0004239,0.0,0.0,0.0,0.0,0.009563199999999916,0.4184341997587284,3.065295205602701e-11,-1.0450056619522078e-14,6.5113470171240806e-12,6.5113470171240806e-12,9.207709275041247e-12,6.5113470171240806e-12,NaN,diag_feasible_at_xpre,0,0,69,25,44,0,12,4.549639229096477e-14,1.12.6,lbt,1,1,Intel(R) Core(TM) 7 150U,NT,2abc7cc
degen-r5-m20-d1e-06-p3,100,Dykstra-APM,1e-7*n,9.999999999999999e-6,330,330,2.1720204,1.9158648,88.20657485537428,0.0,0.0,0.0,0.0,0.1396944,0.0,0.11646120000000004,0.4184341997338689,4.318194456562796e-11,-8.748151492966364e-15,1.5134560271690134e-12,1.5134560271690134e-12,9.545545258131228e-12,1.5134560271690134e-12,NaN,diag_feasible,0,0,0,0,0,0,330,4.549639229096477e-14,1.12.6,lbt,1,1,Intel(R) Core(TM) 7 150U,NT,2abc7cc
degen-r5-m20-d1e-06-p3,100,Anderson-APM,1e-7*n,9.999999999999999e-6,66,66,0.5349316,0.3809267,71.21035661381755,0.0,0.0,0.0,0.0,0.0,0.1398516,0.014153299999999952,0.4184341997585125,2.705433729081538e-11,-8.726132873081996e-15,1.956657058599376e-12,1.956657058599376e-12,7.2535463050926685e-12,1.956657058599376e-12,NaN,diag_feasible,0,0,0,0,0,0,66,4.549639229096477e-14,1.12.6,lbt,1,1,Intel(R) Core(TM) 7 150U,NT,2abc7cc
degen-r5-m20-d1e-06-p4,100,SBB-Dual,1e-7*n,1.0e-11,156,157,0.9140034,0.9015436,98.63678844083074,0.0010199,0.0004493,0.0002441,0.0,0.0,0.0,0.01074650000000002,0.4190686132219719,7.422464190086237e-12,-9.01899212106935e-15,1.2847500840962311e-12,0.0,9.789734304039594e-12,1.2847500840962311e-12,100.0,diag_feasible,0,0,0,0,0,0,156,4.227749103137266e-14,1.12.6,lbt,1,1,Intel(R) Core(TM) 7 150U,NT,2abc7cc
degen-r5-m20-d1e-06-p4,100,Newton-SIN-BH,1e-7*n,9.999999999999999e-6,5,6,0.0481072,0.033762099999999996,70.18097083180895,0.0,2.73e-5,0.0,0.0116557,0.0,0.0,0.0026621000000000075,0.4190686132219623,0.0,-1.1032811110348492e-14,1.1546319456101628e-14,1.1546319456101628e-14,4.227749103137266e-14,1.1546319456101628e-14,NaN,converged,31,31,0,0,0,0,5,4.227749103137266e-14,1.12.6,lbt,1,1,Intel(R) Core(TM) 7 150U,NT,2abc7cc
degen-r5-m20-d1e-06-p4,100,Newton-SIN,1e-7*n,9.999999999999999e-6,5,11,0.0741245,0.0610843,82.4077059541717,0.0,2.41e-5,0.0,0.0115715,0.0,0.0,0.0014445999999999938,0.4190686132219623,0.0,-1.1032811110348492e-14,1.1546319456101628e-14,1.1546319456101628e-14,4.227749103137266e-14,1.1546319456101628e-14,NaN,converged,31,31,0,0,0,0,5,4.227749103137266e-14,1.12.6,lbt,1,1,Intel(R) Core(TM) 7 150U,NT,2abc7cc
degen-r5-m20-d1e-06-p4,100,AGD-SDAJ-BH,1e-7*n,1.0e-11,11,89,0.5150225,0.5096056,98.94822070880397,0.0,0.0002395,0.0,0.0,0.0,0.0,0.005177400000000058,0.41906861323175154,2.918472772982304e-11,-9.747124350284176e-15,5.351830090205567e-12,5.351830090205567e-12,7.873226928400312e-12,5.351830090205567e-12,NaN,diag_feasible,0,0,24,24,0,0,11,4.227749103137266e-14,1.12.6,lbt,1,1,Intel(R) Core(TM) 7 150U,NT,2abc7cc
degen-r5-m20-d1e-06-p4,100,AGD-SDAJ,1e-7*n,1.0e-11,11,101,0.5832961,0.5768849,98.9008669867671,0.0,0.0003016,0.0,0.0,0.0,0.0,0.00610959999999995,0.4190686132284636,2.4332937355398522e-11,-1.08983865919536e-14,3.8551384307083936e-12,3.8551384307083936e-12,6.936067417176436e-12,3.8551384307083936e-12,NaN,diag_feasible,0,0,36,26,10,0,11,4.227749103137266e-14,1.12.6,lbt,1,1,Intel(R) Core(TM) 7 150U,NT,2abc7cc
degen-r5-m20-d1e-06-p4,100,Dykstra-APM,1e-7*n,9.999999999999999e-6,322,322,2.5007822,2.085927,83.41098237183549,0.0,0.0,0.0,0.0,0.2946972,0.0,0.12015800000000032,0.4190686132050321,4.285746303394132e-11,-7.647854910014541e-15,1.2503331703328513e-12,1.2503331703328513e-12,9.535212616565222e-12,1.2503331703328513e-12,NaN,diag_feasible,0,0,0,0,0,0,322,4.227749103137266e-14,1.12.6,lbt,1,1,Intel(R) Core(TM) 7 150U,NT,2abc7cc
degen-r5-m20-d1e-06-p4,100,Anderson-APM,1e-7*n,9.999999999999999e-6,93,93,0.6915827,0.4732022,68.42308230093089,0.0,0.0,0.0,0.0,0.0,0.1960565,0.022323999999999983,0.419068613206985,4.0286595210054015e-11,-8.85622902409875e-15,2.112754415861673e-12,2.112754415861673e-12,9.54585936276907e-12,2.112754415861673e-12,NaN,diag_feasible,0,0,0,0,0,0,93,4.227749103137266e-14,1.12.6,lbt,1,1,Intel(R) Core(TM) 7 150U,NT,2abc7cc
degen-r5-m20-d1e-08-p0,100,SBB-Dual,1e-7*n,1.0e-11,133,134,0.9054338,0.8793743,97.1218768285434,0.0009704,0.0004958,0.0006437,0.0,0.0,0.0,0.0239495999999999,0.4160691989551054,8.594801451051e-12,-9.735850020210748e-15,1.602273869139026e-12,0.0,9.596792883192722e-12,1.602273869139026e-12,100.0,diag_feasible,0,0,0,0,0,0,133,3.7176394472127236e-14,1.12.6,lbt,1,1,Intel(R) Core(TM) 7 150U,NT,2abc7cc
degen-r5-m20-d1e-08-p0,100,Newton-SIN-BH,1e-7*n,9.999999999999999e-6,5,6,0.0527132,0.036001000000000005,68.29598658400553,0.0,2.01e-5,0.0,0.0153272,0.0,0.0,0.0013648999999999988,0.4160691989550931,0.0,-8.924017199125591e-15,1.1879386363489175e-14,1.1879386363489175e-14,3.7176394472127236e-14,1.1879386363489175e-14,NaN,converged,36,36,0,0,0,0,5,3.7176394472127236e-14,1.12.6,lbt,1,1,Intel(R) Core(TM) 7 150U,NT,2abc7cc
degen-r5-m20-d1e-08-p0,100,Newton-SIN,1e-7*n,9.999999999999999e-6,100,2356,18.7125923,17.9673578,96.0174705457565,0.0,0.0076412,0.0,0.5346719,0.0,0.0,0.20292140000000225,0.4160691988954334,1.6318711765758462e-10,-1.2489987877655991e-14,7.0958794395892255e-12,7.0958794395892255e-12,3.758269288833582e-11,7.0958794395892255e-12,NaN,max_iter,1263,1263,2155,0,0,0,100,3.7176394472127236e-14,1.12.6,lbt,1,1,Intel(R) Core(TM) 7 150U,NT,2abc7cc
degen-r5-m20-d1e-08-p0,100,AGD-SDAJ-BH,1e-7*n,1.0e-11,10,76,0.4472711,0.43736990000000003,97.78630901929503,0.0,0.000213,0.0,0.0,0.0,0.0,0.009688199999999944,0.41606919895833144,2.090840480946012e-11,-8.802082116662486e-15,2.644329200052198e-12,2.644329200052198e-12,6.666864045695742e-12,2.644329200052198e-12,NaN,diag_feasible_at_xpre,0,0,17,17,0,0,10,3.7176394472127236e-14,1.12.6,lbt,1,1,Intel(R) Core(TM) 7 150U,NT,2abc7cc
degen-r5-m20-d1e-08-p0,100,AGD-SDAJ,1e-7*n,1.0e-11,10,86,0.5138953,0.5084602,98.94237211354141,0.0,0.0002524,0.0,0.0,0.0,0.0,0.005182700000000026,0.4160691989653263,3.468498359242446e-11,-7.466401743725261e-15,4.867439784561611e-12,4.867439784561611e-12,9.849982126677426e-12,4.867439784561611e-12,NaN,diag_feasible_at_xpre,0,0,30,16,14,0,10,3.7176394472127236e-14,1.12.6,lbt,1,1,Intel(R) Core(TM) 7 150U,NT,2abc7cc
degen-r5-m20-d1e-08-p0,100,Dykstra-APM,1e-7*n,9.999999999999999e-6,277,277,1.8867722,1.7063362,90.43678934849687,0.0,0.0,0.0,0.0,0.0822122,0.0,0.09822380000000004,0.4160691989376001,4.4197414908547965e-11,-8.362858230713689e-15,1.6071588504473766e-12,1.6071588504473766e-12,9.826899978605158e-12,1.6071588504473766e-12,NaN,diag_feasible,0,0,0,0,0,0,277,3.7176394472127236e-14,1.12.6,lbt,1,1,Intel(R) Core(TM) 7 150U,NT,2abc7cc
degen-r5-m20-d1e-08-p0,100,Anderson-APM,1e-7*n,9.999999999999999e-6,76,76,0.6000732,0.4225988,70.42454153926555,0.0,0.0,0.0,0.0,0.0,0.1599683,0.01750609999999997,0.41606919895824385,1.7198693747092576e-11,-9.213106263390097e-15,1.496136547984861e-12,1.496136547984861e-12,4.944504518790043e-12,1.496136547984861e-12,NaN,diag_feasible,0,0,0,0,0,0,76,3.7176394472127236e-14,1.12.6,lbt,1,1,Intel(R) Core(TM) 7 150U,NT,2abc7cc
degen-r5-m20-d1e-08-p1,100,SBB-Dual,1e-7*n,1.0e-11,133,134,0.7714232,0.7598877,98.50464699531983,0.0008912,0.0003875,0.0002405,0.0,0.0,0.0,0.01001629999999992,0.4116188428123608,8.392021799642258e-12,-7.908901792971126e-15,1.3467005288703149e-12,0.0,9.620243701415762e-12,1.3467005288703149e-12,100.0,diag_feasible,0,0,0,0,0,0,133,1.8602117257340748e-14,1.12.6,lbt,1,1,Intel(R) Core(TM) 7 150U,NT,2abc7cc
degen-r5-m20-d1e-08-p1,100,Newton-SIN-BH,1e-7*n,9.999999999999999e-6,5,6,0.0407222,0.0274466,67.39960021806287,0.0,1.79e-5,0.0,0.0123687,0.0,0.0,0.0008889999999999992,0.4116188428123352,0.0,-1.0109356490663097e-14,4.440892098500626e-15,4.440892098500626e-15,1.8602117257340748e-14,4.440892098500626e-15,NaN,converged,35,35,0,0,0,0,5,1.8602117257340748e-14,1.12.6,lbt,1,1,Intel(R) Core(TM) 7 150U,NT,2abc7cc
degen-r5-m20-d1e-08-p1,100,Newton-SIN,1e-7*n,9.999999999999999e-6,100,3239,19.6825105,18.931187700000002,96.18278979198311,0.0,0.0118234,0.0,0.3957479,0.0,0.0,0.34375149999999693,0.41161883732778615,1.5022846772004223e-8,-9.925724770142419e-15,6.396314589096619e-10,6.396314589096619e-10,3.4484118424633972e-9,6.396314589096619e-10,NaN,max_iter,985,985,3038,0,0,0,100,1.8602117257340748e-14,1.12.6,lbt,1,1,Intel(R) Core(TM) 7 150U,NT,2abc7cc
degen-r5-m20-d1e-08-p1,100,AGD-SDAJ-BH,1e-7*n,1.0e-11,10,77,0.5326443,0.5217361,97.95206669816989,0.0,0.0003448,0.0,0.0,0.0,0.0,0.010563399999999924,0.41161884282035033,2.568689561963165e-11,-8.452696815614776e-15,4.1884273827008656e-12,4.1884273827008656e-12,7.264369394003596e-12,4.1884273827008656e-12,NaN,diag_feasible,0,0,18,18,0,0,10,1.8602117257340748e-14,1.12.6,lbt,1,1,Intel(R) Core(TM) 7 150U,NT,2abc7cc
degen-r5-m20-d1e-08-p1,100,AGD-SDAJ,1e-7*n,1.0e-11,10,105,0.4727269,0.4666773,98.72027591406369,0.0,0.0003064,0.0,0.0,0.0,0.0,0.005743199999999988,0.411618842818,1.58468635703599e-11,-8.131157332173992e-15,1.475042310516983e-12,1.475042310516983e-12,3.949400446166584e-12,1.475042310516983e-12,NaN,diag_feasible,0,0,44,26,18,0,10,1.8602117257340748e-14,1.12.6,lbt,1,1,Intel(R) Core(TM) 7 150U,NT,2abc7cc
degen-r5-m20-d1e-08-p1,100,Dykstra-APM,1e-7*n,9.999999999999999e-6,276,276,1.7715899,1.5894305,89.71774449605972,0.0,0.0,0.0,0.0,0.0922003,0.0,0.08995909999999997,0.4116188427946842,4.400912449391662e-11,-9.786356717753171e-15,1.3749001936957939e-12,1.3749001936957939e-12,9.798467106937326e-12,1.3749001936957939e-12,NaN,diag_feasible,0,0,0,0,0,0,276,1.8602117257340748e-14,1.12.6,lbt,1,1,Intel(R) Core(TM) 7 150U,NT,2abc7cc
degen-r5-m20-d1e-08-p1,100,Anderson-APM,1e-7*n,9.999999999999999e-6,64,64,0.5727837,0.3987896,69.62307062858109,0.0,0.0,0.0,0.0,0.0,0.1561187,0.017875399999999986,0.41161884282421735,3.154148750987951e-11,-1.0397351843698628e-14,1.2124745651931335e-12,1.2124745651931335e-12,7.194230305776658e-12,1.2124745651931335e-12,NaN,diag_feasible,0,0,0,0,0,0,64,1.8602117257340748e-14,1.12.6,lbt,1,1,Intel(R) Core(TM) 7 150U,NT,2abc7cc
degen-r5-m20-d1e-08-p2,100,SBB-Dual,1e-7*n,1.0e-11,133,134,0.7675934,0.7578788,98.73440808636448,0.0010348,0.0003837,0.000241,0.0,0.0,0.0,0.008055100000000016,0.4171094118111299,7.74011586737383e-12,-9.522598234872706e-15,1.3504752871540404e-12,0.0,9.275319316626377e-12,1.3504752871540404e-12,100.0,diag_feasible,0,0,0,0,0,0,133,1.603148208153809e-14,1.12.6,lbt,1,1,Intel(R) Core(TM) 7 150U,NT,2abc7cc
degen-r5-m20-d1e-08-p2,100,Newton-SIN-BH,1e-7*n,9.999999999999999e-6,5,6,0.0487765,0.0337396,69.1718347974947,0.0,2.03e-5,0.0,0.0140486,0.0,0.0,0.0009680000000000001,0.4171094118111481,0.0,-7.797379778038458e-15,4.440892098500626e-15,4.440892098500626e-15,1.603148208153809e-14,4.440892098500626e-15,NaN,converged,34,34,0,0,0,0,5,1.603148208153809e-14,1.12.6,lbt,1,1,Intel(R) Core(TM) 7 150U,NT,2abc7cc
degen-r5-m20-d1e-08-p2,100,Newton-SIN,1e-7*n,9.999999999999999e-6,5,11,0.0832698,0.0593711,71.29967887517444,0.0,2.1e-5,0.0,0.0229711,0.0,0.0,0.0009066000000000005,0.4171094118111481,0.0,-7.797379778038458e-15,4.440892098500626e-15,4.440892098500626e-15,1.603148208153809e-14,4.440892098500626e-15,NaN,converged,34,34,0,0,0,0,5,1.603148208153809e-14,1.12.6,lbt,1,1,Intel(R) Core(TM) 7 150U,NT,2abc7cc
degen-r5-m20-d1e-08-p2,100,AGD-SDAJ-BH,1e-7*n,1.0e-11,11,91,0.5240567,0.5165146,98.56082366659945,0.0,0.000362,0.0,0.0,0.0,0.0,0.007180099999999996,0.41710941181729655,1.7031187361364392e-11,-9.192830234972348e-15,1.0837997166390778e-12,1.0837997166390778e-12,4.221949029520914e-12,1.0837997166390778e-12,NaN,diag_feasible,0,0,24,24,0,0,11,1.603148208153809e-14,1.12.6,lbt,1,1,Intel(R) Core(TM) 7 150U,NT,2abc7cc
degen-r5-m20-d1e-08-p2,100,AGD-SDAJ,1e-7*n,1.0e-11,11,121,0.6680223,0.6602627,98.83842201076222,0.0,0.0003635,0.0,0.0,0.0,0.0,0.0073960999999999775,0.41710941182285033,3.298260374469646e-11,-8.2625464355529e-15,3.0817570717545095e-12,3.0817570717545095e-12,8.066863181951411e-12,3.0817570717545095e-12,NaN,diag_feasible,0,0,54,26,28,0,11,1.603148208153809e-14,1.12.6,lbt,1,1,Intel(R) Core(TM) 7 150U,NT,2abc7cc
degen-r5-m20-d1e-08-p2,100,Dykstra-APM,1e-7*n,9.999999999999999e-6,275,275,1.6983783,1.5595316,91.82474834964626,0.0,0.0,0.0,0.0,0.072027,0.0,0.0668197,0.41710941179338934,4.478676201302161e-11,-1.1616074909262376e-14,1.4577228313328305e-12,1.4577228313328305e-12,9.9550765961743e-12,1.4577228313328305e-12,NaN,diag_feasible,0,0,0,0,0,0,275,1.603148208153809e-14,1.12.6,lbt,1,1,Intel(R) Core(TM) 7 150U,NT,2abc7cc
degen-r5-m20-d1e-08-p2,100,Anderson-APM,1e-7*n,9.999999999999999e-6,65,65,0.4258907,0.3161517,74.23306026640168,0.0,0.0,0.0,0.0,0.0,0.0993563,0.010382700000000036,0.4171094117996235,3.0983346340087313e-11,-8.705497742088742e-15,2.0545787293713147e-12,2.0545787293713147e-12,7.397183599907307e-12,2.0545787293713147e-12,NaN,diag_feasible,0,0,0,0,0,0,65,1.603148208153809e-14,1.12.6,lbt,1,1,Intel(R) Core(TM) 7 150U,NT,2abc7cc
degen-r5-m20-d1e-08-p3,100,SBB-Dual,1e-7*n,1.0e-11,142,143,0.842279,0.8317029,98.74434718187204,0.0009693,0.0004352,0.000238,0.0,0.0,0.0,0.008933599999999977,0.4184374543458476,1.1543510800566482e-11,-1.0253923411965839e-14,2.2231105845094135e-12,0.0,9.635577082167317e-12,2.2231105845094135e-12,100.0,diag_feasible,0,0,0,0,0,0,142,1.69925790630551e-14,1.12.6,lbt,1,1,Intel(R) Core(TM) 7 150U,NT,2abc7cc
degen-r5-m20-d1e-08-p3,100,Newton-SIN-BH,1e-7*n,9.999999999999999e-6,5,6,0.0464658,0.0297137,63.94746243473694,0.0,2.63e-5,0.0,0.0156701,0.0,0.0,0.0010557000000000032,0.41843745434582535,0.0,-1.0560746008158328e-14,3.552713678800501e-15,3.552713678800501e-15,1.69925790630551e-14,3.552713678800501e-15,NaN,converged,35,35,0,0,0,0,5,1.69925790630551e-14,1.12.6,lbt,1,1,Intel(R) Core(TM) 7 150U,NT,2abc7cc
degen-r5-m20-d1e-08-p3,100,Newton-SIN,1e-7*n,9.999999999999999e-6,100,3203,19.5649658,18.7599227,95.88528235505528,0.0,0.0118006,0.0,0.5155294,0.0,0.0,0.2777130999999988,0.4184374489001172,1.4894880211758204e-8,-1.0204967580496508e-14,7.026379478247691e-10,7.026379478247691e-10,3.423151542197913e-9,7.026379478247691e-10,NaN,max_iter,1080,1080,3002,0,0,0,100,1.69925790630551e-14,1.12.6,lbt,1,1,Intel(R) Core(TM) 7 150U,NT,2abc7cc
degen-r5-m20-d1e-08-p3,100,AGD-SDAJ-BH,1e-7*n,1.0e-11,10,84,0.4723094,0.464421,98.32982362832499,0.0,0.0002393,0.0,0.0,0.0,0.0,0.007649100000000018,0.41843745435526825,2.6865216441387595e-11,-9.664362676943952e-15,3.2992497622785777e-12,3.2992497622785777e-12,6.636522180649705e-12,3.2992497622785777e-12,NaN,diag_feasible,0,0,23,23,0,0,10,1.69925790630551e-14,1.12.6,lbt,1,1,Intel(R) Core(TM) 7 150U,NT,2abc7cc
degen-r5-m20-d1e-08-p3,100,AGD-SDAJ,1e-7*n,1.0e-11,10,91,0.5317763,0.5263536,98.9802667023709,0.0,0.0002471,0.0,0.0,0.0,0.0,0.005175600000000002,0.41843745435163415,1.888037022434075e-11,-1.0130047504676974e-14,3.3595348725157237e-12,3.3595348725157237e-12,5.233442389676567e-12,3.3595348725157237e-12,NaN,diag_feasible,0,0,32,19,13,0,10,1.69925790630551e-14,1.12.6,lbt,1,1,Intel(R) Core(TM) 7 150U,NT,2abc7cc
degen-r5-m20-d1e-08-p3,100,Dykstra-APM,1e-7*n,9.999999999999999e-6,293,293,1.9696408,1.7601482,89.36391853783694,0.0,0.0,0.0,0.0,0.1235688,0.0,0.08592380000000013,0.4184374543290057,4.3842447153992484e-11,-1.0798183486644359e-14,2.3281376826389533e-12,2.3281376826389533e-12,9.71585211068219e-12,2.3281376826389533e-12,NaN,diag_feasible,0,0,0,0,0,0,293,1.69925790630551e-14,1.12.6,lbt,1,1,Intel(R) Core(TM) 7 150U,NT,2abc7cc
degen-r5-m20-d1e-08-p3,100,Anderson-APM,1e-7*n,9.999999999999999e-6,61,61,0.4936169,0.3532985,71.57342060209041,0.0,0.0,0.0,0.0,0.0,0.1223151,0.018003300000000014,0.41843745435498425,2.672266320823106e-11,-9.611691062579977e-15,1.8602897000619123e-12,1.8602897000619123e-12,6.02025985698299e-12,1.8602897000619123e-12,NaN,diag_feasible,0,0,0,0,0,0,61,1.69925790630551e-14,1.12.6,lbt,1,1,Intel(R) Core(TM) 7 150U,NT,2abc7cc
degen-r5-m20-d1e-08-p4,100,SBB-Dual,1e-7*n,1.0e-11,134,135,0.8072784,0.7978308,98.82969741293711,0.0008752,0.0003871,0.0002392,0.0,0.0,0.0,0.007946100000000001,0.4190718770962461,7.586944266487173e-12,-9.401011707427757e-15,1.631805801594055e-12,0.0,9.85939055735586e-12,1.631805801594055e-12,100.0,diag_feasible,0,0,0,0,0,0,134,2.0587678334016217e-14,1.12.6,lbt,1,1,Intel(R) Core(TM) 7 150U,NT,2abc7cc
degen-r5-m20-d1e-08-p4,100,Newton-SIN-BH,1e-7*n,9.999999999999999e-6,5,6,0.0457739,0.0333456,72.84850100166253,0.0,1.88e-5,0.0,0.0107571,0.0,0.0,0.0016523999999999966,0.41907187709623517,0.0,-1.066513079589257e-14,6.217248937900877e-15,6.217248937900877e-15,2.0587678334016217e-14,6.217248937900877e-15,NaN,converged,34,34,0,0,0,0,5,2.0587678334016217e-14,1.12.6,lbt,1,1,Intel(R) Core(TM) 7 150U,NT,2abc7cc
degen-r5-m20-d1e-08-p4,100,Newton-SIN,1e-7*n,9.999999999999999e-6,9,40,0.228348,0.2050781,89.80945749470108,0.0,9.99e-5,0.0,0.0211072,0.0,0.0,0.0020627999999999827,0.41907187709625066,1.5497181362885145e-13,-7.620227494157392e-15,7.771561172376096e-15,7.771561172376096e-15,1.6513237969033948e-14,7.771561172376096e-15,NaN,converged,74,74,21,0,0,0,9,2.0587678334016217e-14,1.12.6,lbt,1,1,Intel(R) Core(TM) 7 150U,NT,2abc7cc
degen-r5-m20-d1e-08-p4,100,AGD-SDAJ-BH,1e-7*n,1.0e-11,10,81,0.4658526,0.46085750000000003,98.9277509667221,0.0,0.0002267,0.0,0.0,0.0,0.0,0.004768399999999975,0.419071877104978,2.6447976024760893e-11,-9.221792283991245e-15,4.167777234442838e-12,4.167777234442838e-12,6.989418389351497e-12,4.167777234442838e-12,NaN,diag_feasible_at_xpre,0,0,24,24,0,0,10,2.0587678334016217e-14,1.12.6,lbt,1,1,Intel(R) Core(TM) 7 150U,NT,2abc7cc
degen-r5-m20-d1e-08-p4,100,AGD-SDAJ,1e-7*n,1.0e-11,9,81,0.4824792,0.4772101,98.90791147058775,0.0,0.0002307,0.0,0.0,0.0,0.0,0.005038399999999971,0.41907187710114324,3.2565980498192785e-11,-9.435423882845472e-15,3.81084053202585e-12,3.81084053202585e-12,9.87174654803968e-12,3.81084053202585e-12,NaN,diag_feasible_at_xpre,0,0,28,24,4,0,9,2.0587678334016217e-14,1.12.6,lbt,1,1,Intel(R) Core(TM) 7 150U,NT,2abc7cc
degen-r5-m20-d1e-08-p4,100,Dykstra-APM,1e-7*n,9.999999999999999e-6,278,278,1.8569018,1.7008945,91.598516410507,0.0,0.0,0.0,0.0,0.0851559,0.0,0.07085139999999995,0.4190718770785483,4.4836993467522e-11,-8.607937424129586e-15,1.6722179196904108e-12,1.6722179196904108e-12,9.999481420541944e-12,1.6722179196904108e-12,NaN,diag_feasible,0,0,0,0,0,0,278,2.0587678334016217e-14,1.12.6,lbt,1,1,Intel(R) Core(TM) 7 150U,NT,2abc7cc
degen-r5-m20-d1e-08-p4,100,Anderson-APM,1e-7*n,9.999999999999999e-6,67,67,0.5582369,0.3927454,70.35461109790485,0.0,0.0,0.0,0.0,0.0,0.1508127,0.01467880000000002,0.41907187709030785,3.0763207682792083e-11,-7.925943103540418e-15,2.374545005068285e-12,2.374545005068285e-12,8.471058462769928e-12,2.374545005068285e-12,NaN,diag_feasible,0,0,0,0,0,0,67,2.0587678334016217e-14,1.12.6,lbt,1,1,Intel(R) Core(TM) 7 150U,NT,2abc7cc
degen-r5-m20-d1e-10-p0,100,SBB-Dual,1e-7*n,1.0e-11,120,121,0.521546,0.5124501,98.25597358622251,0.0005992,0.0002982,0.0002372,0.0,0.0,0.0,0.007961299999999935,0.41606923122673745,1.1749691300623763e-11,-1.4901696983798964e-14,3.2940317140628395e-12,0.0,8.690985538355966e-12,3.2940317140628395e-12,100.0,diag_feasible,0,0,0,0,0,0,120,1.5765557868430762e-14,1.12.6,lbt,1,1,Intel(R) Core(TM) 7 150U,NT,2abc7cc
degen-r5-m20-d1e-10-p0,100,Newton-SIN-BH,1e-7*n,9.999999999999999e-6,7,9,0.0872072,0.061386300000000005,70.39132090010918,0.0,3.28e-5,0.0,0.0242819,0.0,0.0,0.0015061999999999957,0.41606923122673095,0.0,-9.243626053371521e-15,4.440892098500626e-15,4.440892098500626e-15,1.5765557868430762e-14,4.440892098500626e-15,NaN,converged,69,69,1,0,0,0,7,1.5765557868430762e-14,1.12.6,lbt,1,1,Intel(R) Core(TM) 7 150U,NT,2abc7cc
degen-r5-m20-d1e-10-p0,100,Newton-SIN,1e-7*n,9.999999999999999e-6,45,885,6.1219592,5.8575606,95.6811440363732,0.0,0.0025791,0.0,0.2043494,0.0,0.0,0.05747009999999983,0.41606923122032075,2.9853114117280356e-11,-7.306931426616174e-15,4.0463188355488455e-12,4.0463188355488455e-12,8.014829937030984e-12,4.0463188355488455e-12,NaN,converged,591,591,794,0,0,0,45,1.5765557868430762e-14,1.12.6,lbt,1,1,Intel(R) Core(TM) 7 150U,NT,2abc7cc
degen-r5-m20-d1e-10-p0,100,AGD-SDAJ-BH,1e-7*n,1.0e-11,11,85,0.5023532,0.49591290000000005,98.71797372844445,0.0,0.0002653,0.0,0.0,0.0,0.0,0.00617500000000001,0.41606923123140527,1.2886881492336713e-11,-1.1549751475184297e-14,9.194867089945546e-13,9.194867089945546e-13,3.0956650985881807e-12,9.194867089945546e-13,NaN,diag_feasible,0,0,20,20,0,0,11,1.5765557868430762e-14,1.12.6,lbt,1,1,Intel(R) Core(TM) 7 150U,NT,2abc7cc
degen-r5-m20-d1e-10-p0,100,AGD-SDAJ,1e-7*n,1.0e-11,9,82,0.5119553,0.5058293,98.80341115718502,0.0,0.0002393,0.0,0.0,0.0,0.0,0.005886699999999965,0.4160692312355139,3.3578418206626964e-11,-7.90160160751731e-15,4.4571013546601534e-12,4.4571013546601534e-12,9.984156896406036e-12,4.4571013546601534e-12,NaN,diag_feasible,0,0,29,13,16,0,9,1.5765557868430762e-14,1.12.6,lbt,1,1,Intel(R) Core(TM) 7 150U,NT,2abc7cc
degen-r5-m20-d1e-10-p0,100,Dykstra-APM,1e-7*n,9.999999999999999e-6,247,247,1.660105,1.5182246,91.45352854186933,0.0,0.0,0.0,0.0,0.0705059,0.0,0.07137450000000002,0.41606923122392386,3.568939080173449e-11,-9.539183464363999e-15,3.907096868260851e-12,3.907096868260851e-12,9.748751081903825e-12,3.907096868260851e-12,NaN,diag_feasible,0,0,0,0,0,0,247,1.5765557868430762e-14,1.12.6,lbt,1,1,Intel(R) Core(TM) 7 150U,NT,2abc7cc
degen-r5-m20-d1e-10-p0,100,Anderson-APM,1e-7*n,9.999999999999999e-6,76,76,0.5322941,0.3677672,69.09097808899254,0.0,0.0,0.0,0.0,0.0,0.1485556,0.015971299999999966,0.4160692312275543,1.854550388841574e-11,-7.960324566262759e-15,1.6480150577535824e-12,1.6480150577535824e-12,5.485941172659121e-12,1.6480150577535824e-12,NaN,diag_feasible,0,0,0,0,0,0,76,1.5765557868430762e-14,1.12.6,lbt,1,1,Intel(R) Core(TM) 7 150U,NT,2abc7cc
degen-r5-m20-d1e-10-p1,100,SBB-Dual,1e-7*n,1.0e-11,117,118,0.6178236,0.6064234000000001,98.15478074971561,0.0012748,0.00045,0.0002429,0.0,0.0,0.0,0.00943249999999997,0.41161887450438445,9.691080872507311e-12,-7.122237680778296e-15,2.604139126560767e-12,0.0,9.262134592874023e-12,2.604139126560767e-12,100.0,diag_feasible,0,0,0,0,0,0,117,2.040878629308206e-14,1.12.6,lbt,1,1,Intel(R) Core(TM) 7 150U,NT,2abc7cc
degen-r5-m20-d1e-10-p1,100,Newton-SIN-BH,1e-7*n,9.999999999999999e-6,6,7,0.0545736,0.0370828,67.95007109664746,0.0,2.7e-5,0.0,0.0163005,0.0,0.0,0.0011633000000000025,0.41161887450435525,0.0,-8.78233971900406e-15,5.995204332975845e-15,5.995204332975845e-15,2.040878629308206e-14,5.995204332975845e-15,NaN,converged,54,54,0,0,0,0,6,2.040878629308206e-14,1.12.6,lbt,1,1,Intel(R) Core(TM) 7 150U,NT,2abc7cc
degen-r5-m20-d1e-10-p1,100,Newton-SIN,1e-7*n,9.999999999999999e-6,100,2839,22.3058913,21.5566456,96.64104119435031,0.0,0.0091013,0.0,0.5037209,0.0,0.0,0.23642349999999945,0.4116188744599175,1.2534701655913314e-10,-9.032712141221871e-15,6.594058632458655e-12,6.594058632458655e-12,2.975847631947335e-11,6.594058632458655e-12,NaN,max_iter,1276,1276,2638,0,0,0,100,2.040878629308206e-14,1.12.6,lbt,1,1,Intel(R) Core(TM) 7 150U,NT,2abc7cc
degen-r5-m20-d1e-10-p1,100,AGD-SDAJ-BH,1e-7*n,1.0e-11,11,93,0.6098256,0.5990276,98.22932982806888,0.0,0.0007738,0.0,0.0,0.0,0.0,0.010024199999999974,0.41161887450829976,2.2781998535103352e-11,-1.0055111994339853e-14,2.6842972289387035e-12,2.6842972289387035e-12,7.2395889488618625e-12,2.6842972289387035e-12,NaN,diag_feasible_at_xpre,0,0,28,28,0,0,11,2.040878629308206e-14,1.12.6,lbt,1,1,Intel(R) Core(TM) 7 150U,NT,2abc7cc
degen-r5-m20-d1e-10-p1,100,AGD-SDAJ,1e-7*n,1.0e-11,11,114,0.6965476,0.6888702999999999,98.89780684048009,0.0,0.000342,0.0,0.0,0.0,0.0,0.007335300000000109,0.4116188745101306,2.6893316160646894e-11,-8.064750254129429e-15,4.841238521180458e-12,4.841238521180458e-12,8.280763478395756e-12,4.841238521180458e-12,NaN,diag_feasible_at_xpre,0,0,49,28,21,0,11,2.040878629308206e-14,1.12.6,lbt,1,1,Intel(R) Core(TM) 7 150U,NT,2abc7cc
degen-r5-m20-d1e-10-p1,100,Dykstra-APM,1e-7*n,9.999999999999999e-6,244,244,1.6054448,1.4688212,91.48998458246588,0.0,0.0,0.0,0.0,0.0719598,0.0,0.06466379999999984,0.4116188744953871,3.488910901816638e-11,-9.752978974793477e-15,2.6836310951239284e-12,2.6836310951239284e-12,9.385053370857443e-12,2.6836310951239284e-12,NaN,diag_feasible,0,0,0,0,0,0,244,2.040878629308206e-14,1.12.6,lbt,1,1,Intel(R) Core(TM) 7 150U,NT,2abc7cc
degen-r5-m20-d1e-10-p1,100,Anderson-APM,1e-7*n,9.999999999999999e-6,95,95,0.7888872,0.5538042,70.20068268315165,0.0,0.0,0.0,0.0,0.0,0.2067157,0.02836730000000004,0.4116188745172888,3.510577706215146e-11,-9.221777436297568e-15,2.737143844910861e-12,2.737143844910861e-12,8.831141916100694e-12,2.737143844910861e-12,NaN,diag_feasible,0,0,0,0,0,0,95,2.040878629308206e-14,1.12.6,lbt,1,1,Intel(R) Core(TM) 7 150U,NT,2abc7cc
degen-r5-m20-d1e-10-p2,100,SBB-Dual,1e-7*n,1.0e-11,115,116,0.6800104,0.667645,98.18158663455735,0.0007817,0.0003746,0.0002388,0.0,0.0,0.0,0.010970299999999971,0.41710944419489826,9.305110005939213e-12,-9.067422598952893e-15,3.4430236439675355e-12,0.0,9.943387037722742e-12,3.4430236439675355e-12,100.0,diag_feasible,0,0,0,0,0,0,115,1.5006913822933576e-14,1.12.6,lbt,1,1,Intel(R) Core(TM) 7 150U,NT,2abc7cc
degen-r5-m20-d1e-10-p2,100,Newton-SIN-BH,1e-7*n,9.999999999999999e-6,6,8,0.0622105,0.0467622,75.16769677144534,0.0,2.63e-5,0.0,0.0142874,0.0,0.0,0.0011346000000000047,0.4171094441949032,0.0,-9.23150058028606e-15,3.885780586188048e-15,3.885780586188048e-15,1.5006913822933576e-14,3.885780586188048e-15,NaN,converged,48,48,1,0,0,0,6,1.5006913822933576e-14,1.12.6,lbt,1,1,Intel(R) Core(TM) 7 150U,NT,2abc7cc
degen-r5-m20-d1e-10-p2,100,Newton-SIN,1e-7*n,9.999999999999999e-6,100,2420,18.0255064,17.3048608,96.00207847697416,0.0,0.0080178,0.0,0.4829698,0.0,0.0,0.22965800000000103,0.4171094441579891,9.685921670146691e-11,-9.120108563128587e-15,6.17061957086662e-12,6.17061957086662e-12,2.2591636639106926e-11,6.17061957086662e-12,NaN,max_iter,1176,1176,2219,0,0,0,100,1.5006913822933576e-14,1.12.6,lbt,1,1,Intel(R) Core(TM) 7 150U,NT,2abc7cc
degen-r5-m20-d1e-10-p2,100,AGD-SDAJ-BH,1e-7*n,1.0e-11,11,96,0.6054069,0.5930728000000001,97.96267601178647,0.0,0.0003844,0.0,0.0,0.0,0.0,0.011949699999999903,0.4171094442051,3.0449834948672e-11,-1.0049071611167754e-14,4.283018384398929e-12,4.283018384398929e-12,8.183189898284055e-12,4.283018384398929e-12,NaN,diag_feasible,0,0,31,31,0,0,11,1.5006913822933576e-14,1.12.6,lbt,1,1,Intel(R) Core(TM) 7 150U,NT,2abc7cc
degen-r5-m20-d1e-10-p2,100,AGD-SDAJ,1e-7*n,1.0e-11,11,96,0.544122,0.5380233,98.8791668045034,0.0,0.0002649,0.0,0.0,0.0,0.0,0.005833800000000012,0.4171094442062733,3.085535320748228e-11,-9.038521251527395e-15,2.1355139878664886e-12,2.1355139878664886e-12,7.337702664655397e-12,2.1355139878664886e-12,NaN,diag_feasible_at_xpre,0,0,33,25,8,0,11,1.5006913822933576e-14,1.12.6,lbt,1,1,Intel(R) Core(TM) 7 150U,NT,2abc7cc
degen-r5-m20-d1e-10-p2,100,Dykstra-APM,1e-7*n,9.999999999999999e-6,241,241,1.6485742,1.5098502,91.58521345293404,0.0,0.0,0.0,0.0,0.0779344,0.0,0.06078960000000007,0.4171094441847882,3.597091292823426e-11,-7.851689426229248e-15,3.2600588895093097e-12,3.2600588895093097e-12,9.406461912937952e-12,3.2600588895093097e-12,NaN,diag_feasible,0,0,0,0,0,0,241,1.5006913822933576e-14,1.12.6,lbt,1,1,Intel(R) Core(TM) 7 150U,NT,2abc7cc
degen-r5-m20-d1e-10-p2,100,Anderson-APM,1e-7*n,9.999999999999999e-6,69,69,0.4048994,0.2892438,71.4359665635464,0.0,0.0,0.0,0.0,0.0,0.1036262,0.012029400000000023,0.4171094441970112,1.4592598190926448e-11,-8.467534152497887e-15,1.4205303600078878e-12,1.4205303600078878e-12,4.22843313206697e-12,1.4205303600078878e-12,NaN,diag_feasible,0,0,0,0,0,0,69,1.5006913822933576e-14,1.12.6,lbt,1,1,Intel(R) Core(TM) 7 150U,NT,2abc7cc
degen-r5-m20-d1e-10-p3,100,SBB-Dual,1e-7*n,1.0e-11,129,130,0.6094486,0.6020061,98.77881416086606,0.0006767,0.0003226,0.0003808,0.0,0.0,0.0,0.006062400000000019,0.4184374868918465,1.0394897647938809e-11,-9.002589839496278e-15,7.523981437884686e-12,0.0,9.187209730769066e-12,7.523981437884686e-12,100.0,diag_feasible,0,0,0,0,0,0,129,1.8412304962136865e-14,1.12.6,lbt,1,1,Intel(R) Core(TM) 7 150U,NT,2abc7cc
degen-r5-m20-d1e-10-p3,100,Newton-SIN-BH,1e-7*n,9.999999999999999e-6,6,7,0.0546394,0.0362272,66.30233860547517,0.0,2.43e-5,0.0,0.0170941,0.0,0.0,0.0012937999999999943,0.4184374868918367,0.0,-8.967635210060785e-15,3.9968028886505635e-15,3.9968028886505635e-15,1.8412304962136865e-14,3.9968028886505635e-15,NaN,converged,52,52,0,0,0,0,6,1.8412304962136865e-14,1.12.6,lbt,1,1,Intel(R) Core(TM) 7 150U,NT,2abc7cc
degen-r5-m20-d1e-10-p3,100,Newton-SIN,1e-7*n,9.999999999999999e-6,6,14,0.1113851,0.0872607,78.34144782381127,0.0,3.16e-5,0.0,0.0232298,0.0,0.0,0.0008630000000000061,0.4184374868850427,3.340404247987872e-11,-1.0721533933966644e-14,5.4010129701964615e-12,5.4010129701964615e-12,8.699223116117676e-12,5.4010129701964615e-12,NaN,converged,52,52,1,0,0,0,6,1.8412304962136865e-14,1.12.6,lbt,1,1,Intel(R) Core(TM) 7 150U,NT,2abc7cc
degen-r5-m20-d1e-10-p3,100,AGD-SDAJ-BH,1e-7*n,1.0e-11,11,91,0.5451131,0.5364796,98.41620023441006,0.0,0.0004171,0.0,0.0,0.0,0.0,0.008216400000000072,0.4184374868978736,1.694203958032856e-11,-7.627748742921683e-15,1.6187051699034782e-12,1.6187051699034782e-12,4.128205794121512e-12,1.6187051699034782e-12,NaN,diag_feasible,0,0,24,24,0,0,11,1.8412304962136865e-14,1.12.6,lbt,1,1,Intel(R) Core(TM) 7 150U,NT,2abc7cc
degen-r5-m20-d1e-10-p3,100,AGD-SDAJ,1e-7*n,1.0e-11,11,104,0.6039012,0.5969701,98.85227914764863,0.0,0.0002831,0.0,0.0,0.0,0.0,0.006648000000000079,0.4184374868999786,2.2935635133216056e-11,-1.0599329339322335e-14,2.5373037004783328e-12,2.5373037004783328e-12,5.662697522817146e-12,2.5373037004783328e-12,NaN,diag_feasible,0,0,37,26,11,0,11,1.8412304962136865e-14,1.12.6,lbt,1,1,Intel(R) Core(TM) 7 150U,NT,2abc7cc
degen-r5-m20-d1e-10-p3,100,Dykstra-APM,1e-7*n,9.999999999999999e-6,267,267,1.7713878,1.6262997,91.80935422497545,0.0,0.0,0.0,0.0,0.077816,0.0,0.06727210000000017,0.41843748688198884,3.8075866470044676e-11,-1.0506659500250726e-14,7.846834293445681e-12,7.846834293445681e-12,9.50101395722111e-12,7.846834293445681e-12,NaN,diag_feasible,0,0,0,0,0,0,267,1.8412304962136865e-14,1.12.6,lbt,1,1,Intel(R) Core(TM) 7 150U,NT,2abc7cc
degen-r5-m20-d1e-10-p3,100,Anderson-APM,1e-7*n,9.999999999999999e-6,62,62,0.4833894,0.3388548,70.09975808323476,0.0,0.0,0.0,0.0,0.0,0.1306085,0.013926100000000025,0.41843748688078874,3.3924824295736356e-11,-9.414918595986865e-15,2.6547652964836743e-12,2.6547652964836743e-12,8.079190313438916e-12,2.6547652964836743e-12,NaN,diag_feasible,0,0,0,0,0,0,62,1.8412304962136865e-14,1.12.6,lbt,1,1,Intel(R) Core(TM) 7 150U,NT,2abc7cc
degen-r5-m20-d1e-10-p4,100,SBB-Dual,1e-7*n,1.0e-11,120,121,0.6899309,0.6682357999999999,96.8554676997363,0.0008032,0.0003935,0.001286,0.0,0.0,0.0,0.019212400000000077,0.41907190973503544,1.1544951918614294e-11,-1.0902997167103362e-14,4.916955731459893e-12,0.0,9.355651054577166e-12,4.916955731459893e-12,100.0,diag_feasible,0,0,0,0,0,0,120,1.9695744467839558e-14,1.12.6,lbt,1,1,Intel(R) Core(TM) 7 150U,NT,2abc7cc
degen-r5-m20-d1e-10-p4,100,Newton-SIN-BH,1e-7*n,9.999999999999999e-6,7,10,0.0759741,0.0562447,74.0314133369135,0.0,3.49e-5,0.0,0.0182571,0.0,0.0,0.0014374000000000019,0.41907190973502256,0.0,-1.048540934856704e-14,7.771561172376096e-15,7.771561172376096e-15,1.9695744467839558e-14,7.771561172376096e-15,NaN,converged,63,63,2,0,0,0,7,1.9695744467839558e-14,1.12.6,lbt,1,1,Intel(R) Core(TM) 7 150U,NT,2abc7cc
degen-r5-m20-d1e-10-p4,100,Newton-SIN,1e-7*n,9.999999999999999e-6,100,2555,17.0090172,16.361619,96.19379419523429,0.0,0.0086008,0.0,0.4116985,0.0,0.0,0.22709889999999783,0.4190719096866836,1.3230128933829938e-10,-1.1404246075525167e-14,1.0013767592909062e-11,1.0013767592909062e-11,3.1017274435940006e-11,1.0013767592909062e-11,NaN,max_iter,1178,1178,2354,0,0,0,100,1.9695744467839558e-14,1.12.6,lbt,1,1,Intel(R) Core(TM) 7 150U,NT,2abc7cc
degen-r5-m20-d1e-10-p4,100,AGD-SDAJ-BH,1e-7*n,1.0e-11,13,111,0.714918,0.694245,97.10833969769958,0.0,0.0005477,0.0,0.0,0.0,0.0,0.02012530000000005,0.41907190974332903,2.4371429049901922e-11,-8.758887457103511e-15,4.708011758225439e-12,4.708011758225439e-12,6.4797530664578475e-12,4.708011758225439e-12,NaN,diag_feasible_at_xpre,0,0,36,36,0,0,13,1.9695744467839558e-14,1.12.6,lbt,1,1,Intel(R) Core(TM) 7 150U,NT,2abc7cc
degen-r5-m20-d1e-10-p4,100,AGD-SDAJ,1e-7*n,1.0e-11,14,219,1.1849729,1.168681,98.62512467584703,0.0,0.0006434,0.0,0.0,0.0,0.0,0.015648499999999916,0.4190719097475572,3.4879693057396425e-11,-1.2013210547360767e-14,3.4912073232362673e-12,3.4912073232362673e-12,8.649675038864374e-12,3.4912073232362673e-12,NaN,diag_feasible,0,0,137,39,98,0,14,1.9695744467839558e-14,1.12.6,lbt,1,1,Intel(R) Core(TM) 7 150U,NT,2abc7cc
degen-r5-m20-d1e-10-p4,100,Dykstra-APM,1e-7*n,9.999999999999999e-6,249,249,1.4453939,1.3197261,91.3056364773644,0.0,0.0,0.0,0.0,0.0654398,0.0,0.06022799999999999,0.4190719097287024,3.6829505388216724e-11,-9.40200036342666e-15,5.357048138421305e-12,5.357048138421305e-12,9.941016995810841e-12,5.357048138421305e-12,NaN,diag_feasible,0,0,0,0,0,0,249,1.9695744467839558e-14,1.12.6,lbt,1,1,Intel(R) Core(TM) 7 150U,NT,2abc7cc
degen-r5-m20-d1e-10-p4,100,Anderson-APM,1e-7*n,9.999999999999999e-6,75,75,0.5287802,0.3658479,69.18714051698606,0.0,0.0,0.0,0.0,0.0,0.1447555,0.01817680000000002,0.41907190973949177,2.096268379370597e-11,-1.1094944721194057e-14,2.2403190413911034e-12,2.2403190413911034e-12,6.059694578935298e-12,2.2403190413911034e-12,NaN,diag_feasible,0,0,0,0,0,0,75,1.9695744467839558e-14,1.12.6,lbt,1,1,Intel(R) Core(TM) 7 150U,NT,2abc7cc
degen-r5-m20-d0-p0,100,SBB-Dual,1e-7*n,1.0e-11,120,121,0.7211707,0.7106827,98.54569798800755,0.0008023,0.0003673,0.0002394,0.0,0.0,0.0,0.009079000000000052,0.4160692315527145,1.189097004346651e-11,-1.0360771612558321e-14,3.5053071556490067e-12,0.0,9.075350402954544e-12,3.5053071556490067e-12,100.0,diag_feasible,0,0,0,0,0,0,120,3.030380133479571e-14,1.12.6,lbt,1,1,Intel(R) Core(TM) 7 150U,NT,2abc7cc
degen-r5-m20-d0-p0,100,Newton-SIN-BH,1e-7*n,9.999999999999999e-6,5,6,0.0568769,0.037459400000000004,65.86048114436618,0.0,2.5e-5,0.0,0.0167133,0.0,0.0,0.002679199999999996,0.41606923155269665,0.0,-6.97878330856805e-15,7.993605777301127e-15,7.993605777301127e-15,3.030380133479571e-14,7.993605777301127e-15,NaN,converged,45,45,0,0,0,0,5,3.030380133479571e-14,1.12.6,lbt,1,1,Intel(R) Core(TM) 7 150U,NT,2abc7cc
degen-r5-m20-d0-p0,100,Newton-SIN,1e-7*n,9.999999999999999e-6,7,17,0.1423696,0.09423630000000001,66.19130769490116,0.0,3.95e-5,0.0,0.0469979,0.0,0.0,0.0010959000000000038,0.4160692315527244,2.679437777026503e-13,-8.901690460014443e-15,1.3655743202889425e-14,1.3655743202889425e-14,2.979082359178622e-14,1.3655743202889425e-14,NaN,converged,87,87,2,0,0,0,7,3.030380133479571e-14,1.12.6,lbt,1,1,Intel(R) Core(TM) 7 150U,NT,2abc7cc
degen-r5-m20-d0-p0,100,AGD-SDAJ-BH,1e-7*n,1.0e-11,11,84,0.4984582,0.49156099999999997,98.6162932017168,0.0,0.0002899,0.0,0.0,0.0,0.0,0.006607300000000048,0.41606923155978226,2.2758760874745368e-11,-1.2615882902123175e-14,2.6098012639863555e-12,2.6098012639863555e-12,5.832717765194949e-12,2.6098012639863555e-12,NaN,diag_feasible_at_xpre,0,0,21,21,0,0,11,3.030380133479571e-14,1.12.6,lbt,1,1,Intel(R) Core(TM) 7 150U,NT,2abc7cc
degen-r5-m20-d0-p0,100,AGD-SDAJ,1e-7*n,1.0e-11,11,98,0.6508768,0.6373692,97.9247071027881,0.0,0.0003084,0.0,0.0,0.0,0.0,0.013199200000000064,0.41606923155989955,2.437954885182695e-11,-7.477754000025997e-15,2.862710068995966e-12,2.862710068995966e-12,6.422432085321709e-12,2.862710068995966e-12,NaN,diag_feasible,0,0,33,21,12,0,11,3.030380133479571e-14,1.12.6,lbt,1,1,Intel(R) Core(TM) 7 150U,NT,2abc7cc
degen-r5-m20-d0-p0,100,Dykstra-APM,1e-7*n,9.999999999999999e-6,247,247,1.6403326,1.4952256,91.15380624636735,0.0,0.0,0.0,0.0,0.0736768,0.0,0.0714302000000001,0.4160692315561648,3.5304380670752576e-11,-9.065321385518872e-15,3.518740854246971e-12,3.518740854246971e-12,9.495977025446517e-12,3.518740854246971e-12,NaN,diag_feasible,0,0,0,0,0,0,247,3.030380133479571e-14,1.12.6,lbt,1,1,Intel(R) Core(TM) 7 150U,NT,2abc7cc
degen-r5-m20-d0-p0,100,Anderson-APM,1e-7*n,9.999999999999999e-6,83,83,0.6629406,0.4662201,70.32607446277993,0.0,0.0,0.0,0.0,0.0,0.1752527,0.021467799999999954,0.41606923155806863,2.4243935160363436e-11,-9.376834986123096e-15,2.5939250747342157e-12,2.5939250747342157e-12,6.723887168368419e-12,2.5939250747342157e-12,NaN,diag_feasible,0,0,0,0,0,0,83,3.030380133479571e-14,1.12.6,lbt,1,1,Intel(R) Core(TM) 7 150U,NT,2abc7cc
degen-r5-m20-d0-p1,100,SBB-Dual,1e-7*n,1.0e-11,116,117,0.6889985,0.6782918,98.44604886657953,0.0008131,0.0005393,0.000247,0.0,0.0,0.0,0.009107299999999957,0.4116188748245059,1.0817925352225146e-11,-8.623340458906494e-15,2.6403323971635473e-12,0.0,9.96519971838183e-12,2.6403323971635473e-12,100.0,diag_feasible,0,0,0,0,0,0,116,1.451168094464173e-14,1.12.6,lbt,1,1,Intel(R) Core(TM) 7 150U,NT,2abc7cc
degen-r5-m20-d0-p1,100,Newton-SIN-BH,1e-7*n,9.999999999999999e-6,5,6,0.055126,0.0293373,53.218626419475385,0.0,2.48e-5,0.0,0.0247872,0.0,0.0,0.000976700000000004,0.4116188748244935,0.0,-7.707102331526033e-15,4.884981308350689e-15,4.884981308350689e-15,1.451168094464173e-14,4.884981308350689e-15,NaN,converged,46,46,0,0,0,0,5,1.451168094464173e-14,1.12.6,lbt,1,1,Intel(R) Core(TM) 7 150U,NT,2abc7cc
degen-r5-m20-d0-p1,100,Newton-SIN,1e-7*n,9.999999999999999e-6,100,2400,19.1093382,17.6358332,92.28908408769489,0.0,0.0082865,0.0,1.2317854,0.0,0.0,0.2334330999999994,0.41161887478605336,7.744560907870438e-11,-7.688458200072496e-15,8.65441052155802e-12,8.65441052155802e-12,2.698407401571119e-11,8.65441052155802e-12,NaN,max_iter,2134,2134,2199,0,0,0,100,1.451168094464173e-14,1.12.6,lbt,1,1,Intel(R) Core(TM) 7 150U,NT,2abc7cc
degen-r5-m20-d0-p1,100,AGD-SDAJ-BH,1e-7*n,1.0e-11,12,102,0.6872259,0.6678681,97.18319696623774,0.0,0.000352,0.0,0.0,0.0,0.0,0.01900579999999998,0.41161887483465615,2.937535569300326e-11,-9.169108127795662e-15,4.172107104238876e-12,4.172107104238876e-12,7.71267594585632e-12,4.172107104238876e-12,NaN,diag_feasible,0,0,29,29,0,0,12,1.451168094464173e-14,1.12.6,lbt,1,1,Intel(R) Core(TM) 7 150U,NT,2abc7cc
degen-r5-m20-d0-p1,100,AGD-SDAJ,1e-7*n,1.0e-11,12,105,0.6251979,0.6140071,98.21003877332282,0.0,0.0003219,0.0,0.0,0.0,0.0,0.010868899999999945,0.411618874832013,2.0377117241772338e-11,-9.670874780503306e-15,1.9865220579617926e-12,1.9865220579617926e-12,5.033929188589292e-12,1.9865220579617926e-12,NaN,diag_feasible,0,0,34,24,10,0,12,1.451168094464173e-14,1.12.6,lbt,1,1,Intel(R) Core(TM) 7 150U,NT,2abc7cc
degen-r5-m20-d0-p1,100,Dykstra-APM,1e-7*n,9.999999999999999e-6,242,242,1.6438223,1.4924347,90.7905130621479,0.0,0.0,0.0,0.0,0.0785137,0.0,0.07287390000000006,0.41161887482299414,3.348584493863432e-11,-1.0914077345533688e-14,2.674527266322002e-12,2.674527266322002e-12,9.60424001321221e-12,2.674527266322002e-12,NaN,diag_feasible,0,0,0,0,0,0,242,1.451168094464173e-14,1.12.6,lbt,1,1,Intel(R) Core(TM) 7 150U,NT,2abc7cc
degen-r5-m20-d0-p1,100,Anderson-APM,1e-7*n,9.999999999999999e-6,101,101,0.8196215,0.580409,70.81427219759364,0.0,0.0,0.0,0.0,0.0,0.1988618,0.040350700000000045,0.41161887483982385,4.107733268310435e-11,-8.98731044242989e-15,1.8627321907160876e-12,1.8627321907160876e-12,9.56403872328971e-12,1.8627321907160876e-12,NaN,diag_feasible,0,0,0,0,0,0,101,1.451168094464173e-14,1.12.6,lbt,1,1,Intel(R) Core(TM) 7 150U,NT,2abc7cc
degen-r5-m20-d0-p2,100,SBB-Dual,1e-7*n,1.0e-11,115,116,0.7380992,0.7264514000000001,98.42191943847116,0.000783,0.000348,0.0002409,0.0,0.0,0.0,0.010275899999999874,0.4171094445220074,7.868539485330884e-12,-8.347403665396931e-15,2.90834023530806e-12,0.0,8.394676175699194e-12,2.90834023530806e-12,100.0,diag_feasible,0,0,0,0,0,0,115,4.7976666578315206e-14,1.12.6,lbt,1,1,Intel(R) Core(TM) 7 150U,NT,2abc7cc
degen-r5-m20-d0-p2,100,Newton-SIN-BH,1e-7*n,9.999999999999999e-6,5,6,0.0561143,0.0335973,59.8729735557603,0.0,2.1e-5,0.0,0.0211932,0.0,0.0,0.0013028000000000033,0.4171094445220163,0.0,-9.224603557848622e-15,2.4202861936828413e-14,2.4202861936828413e-14,4.7976666578315206e-14,2.4202861936828413e-14,NaN,converged,45,45,0,0,0,0,5,4.7976666578315206e-14,1.12.6,lbt,1,1,Intel(R) Core(TM) 7 150U,NT,2abc7cc
degen-r5-m20-d0-p2,100,Newton-SIN,1e-7*n,9.999999999999999e-6,100,2248,17.7381273,16.3542882,92.19850508119873,0.0,0.0085468,0.0,1.1407347,0.0,0.0,0.23455759999999937,0.41710944450525805,3.3463196813585146e-11,-6.969279874011884e-15,4.120925822803656e-12,4.120925822803656e-12,1.1669064632926333e-11,4.120925822803656e-12,NaN,max_iter,2126,2126,2047,0,0,0,100,4.7976666578315206e-14,1.12.6,lbt,1,1,Intel(R) Core(TM) 7 150U,NT,2abc7cc
degen-r5-m20-d0-p2,100,AGD-SDAJ-BH,1e-7*n,1.0e-11,12,99,0.5810929,0.5752126,98.98806197769754,0.0,0.0003098,0.0,0.0,0.0,0.0,0.005570500000000061,0.4171094445296813,1.972929367020094e-11,-9.026948959968214e-15,1.4611645227091685e-12,1.4611645227091685e-12,4.6197535955524074e-12,1.4611645227091685e-12,NaN,diag_feasible_at_xpre,0,0,30,30,0,0,12,4.7976666578315206e-14,1.12.6,lbt,1,1,Intel(R) Core(TM) 7 150U,NT,2abc7cc
degen-r5-m20-d0-p2,100,AGD-SDAJ,1e-7*n,1.0e-11,11,97,0.5636912,0.5545413,98.37678856792515,0.0,0.0010034,0.0,0.0,0.0,0.0,0.008146499999999933,0.4171094445239853,1.4907586773622063e-11,-8.577155615260837e-15,3.708366946852948e-12,3.708366946852948e-12,5.200962396231731e-12,3.708366946852948e-12,NaN,diag_feasible,0,0,32,27,5,0,11,4.7976666578315206e-14,1.12.6,lbt,1,1,Intel(R) Core(TM) 7 150U,NT,2abc7cc
degen-r5-m20-d0-p2,100,Dykstra-APM,1e-7*n,9.999999999999999e-6,238,238,1.6260047,1.4643276,90.05678765873186,0.0,0.0,0.0,0.0,0.0926664,0.0,0.06901069999999991,0.41710944452002374,3.36828062822827e-11,-8.899527872306584e-15,3.552713678800501e-12,3.552713678800501e-12,9.76785258346193e-12,3.552713678800501e-12,NaN,diag_feasible,0,0,0,0,0,0,238,4.7976666578315206e-14,1.12.6,lbt,1,1,Intel(R) Core(TM) 7 150U,NT,2abc7cc
degen-r5-m20-d0-p2,100,Anderson-APM,1e-7*n,9.999999999999999e-6,80,80,0.6279901,0.4382447,69.78528801648307,0.0,0.0,0.0,0.0,0.0,0.1708818,0.018863600000000008,0.4171094445378178,3.9940003070533124e-11,-1.0843474532458676e-14,1.308841923730597e-12,1.308841923730597e-12,8.964012968158266e-12,1.308841923730597e-12,NaN,diag_feasible,0,0,0,0,0,0,80,4.7976666578315206e-14,1.12.6,lbt,1,1,Intel(R) Core(TM) 7 150U,NT,2abc7cc
degen-r5-m20-d0-p3,100,SBB-Dual,1e-7*n,1.0e-11,128,129,0.7487439,0.7388849000000001,98.68326139284741,0.000874,0.000385,0.0002347,0.0,0.0,0.0,0.00836529999999995,0.4184374872205933,7.726627305401808e-12,-9.701491697118217e-15,8.321343614170473e-12,0.0,8.577659034587527e-12,8.321343614170473e-12,100.0,diag_feasible,0,0,0,0,0,0,128,6.980937243217542e-14,1.12.6,lbt,1,1,Intel(R) Core(TM) 7 150U,NT,2abc7cc
degen-r5-m20-d0-p3,100,Newton-SIN-BH,1e-7*n,9.999999999999999e-6,5,6,0.0541471,0.0356921,65.91691891163146,0.0,2.0e-5,0.0,0.0174869,0.0,0.0,0.0009481000000000003,0.41843748722058516,0.0,-9.242652289066687e-15,3.708144902248023e-14,3.708144902248023e-14,6.980937243217542e-14,3.708144902248023e-14,NaN,converged,45,45,0,0,0,0,5,6.980937243217542e-14,1.12.6,lbt,1,1,Intel(R) Core(TM) 7 150U,NT,2abc7cc
degen-r5-m20-d0-p3,100,Newton-SIN,1e-7*n,9.999999999999999e-6,6,15,0.1240543,0.0969498,78.15109996187154,0.0,3.42e-5,0.0,0.0252047,0.0,0.0,0.001865600000000002,0.4184374872101344,2.6172218447258563e-11,-8.125759242908162e-15,5.071942865697565e-12,5.071942865697565e-12,9.7629778970707e-12,5.071942865697565e-12,NaN,converged,67,67,2,0,0,0,6,6.980937243217542e-14,1.12.6,lbt,1,1,Intel(R) Core(TM) 7 150U,NT,2abc7cc
degen-r5-m20-d0-p3,100,AGD-SDAJ-BH,1e-7*n,1.0e-11,11,95,0.5402156,0.5316635000000001,98.41690984118193,0.0,0.0003355,0.0,0.0,0.0,0.0,0.00821659999999995,0.4184374872271659,1.82326019822172e-11,-1.1733324186988112e-14,9.983125437429408e-13,9.983125437429408e-13,4.357182811454335e-12,9.983125437429408e-13,NaN,diag_feasible,0,0,28,28,0,0,11,6.980937243217542e-14,1.12.6,lbt,1,1,Intel(R) Core(TM) 7 150U,NT,2abc7cc
degen-r5-m20-d0-p3,100,AGD-SDAJ,1e-7*n,1.0e-11,106,4016,23.7796175,23.3374601,98.14060339700588,0.0,0.014682,0.0,0.0,0.0,0.0,0.4274753999999993,0.4184375167520867,9.327188263463887e-8,-8.975808129952977e-15,7.044634098285485e-9,7.044634098285485e-9,2.293400726752022e-8,7.044634098285485e-9,NaN,evd_budget,0,0,3478,406,3072,0,106,6.980937243217542e-14,1.12.6,lbt,1,1,Intel(R) Core(TM) 7 150U,NT,2abc7cc
degen-r5-m20-d0-p3,100,Dykstra-APM,1e-7*n,9.999999999999999e-6,264,264,1.771779,1.5998343,90.2953641509466,0.0,0.0,0.0,0.0,0.0973104,0.0,0.07463430000000006,0.4184374872178974,3.5038523651445603e-11,-1.014113112990021e-14,9.36717370336737e-12,9.36717370336737e-12,9.642322632081659e-12,9.36717370336737e-12,NaN,diag_feasible,0,0,0,0,0,0,264,6.980937243217542e-14,1.12.6,lbt,1,1,Intel(R) Core(TM) 7 150U,NT,2abc7cc
degen-r5-m20-d0-p3,100,Anderson-APM,1e-7*n,9.999999999999999e-6,64,64,0.4928651,0.3317688,67.31432191080276,0.0,0.0,0.0,0.0,0.0,0.1446966,0.016399700000000017,0.41843748722595847,2.930240029649366e-11,-8.745351492040748e-15,3.0221380953321386e-12,3.0221380953321386e-12,8.863176654148303e-12,3.0221380953321386e-12,NaN,diag_feasible,0,0,0,0,0,0,64,6.980937243217542e-14,1.12.6,lbt,1,1,Intel(R) Core(TM) 7 150U,NT,2abc7cc
degen-r5-m20-d0-p4,100,SBB-Dual,1e-7*n,1.0e-11,120,121,0.6888865,0.6799302,98.69988742702898,0.000949,0.0003472,0.0002343,0.0,0.0,0.0,0.007425799999999917,0.4190719100647204,1.0300197833015113e-11,-8.831605582105337e-15,4.5352610555937645e-12,0.0,8.704167233893628e-12,4.5352610555937645e-12,100.0,diag_feasible,0,0,0,0,0,0,120,2.350921831471279e-14,1.12.6,lbt,1,1,Intel(R) Core(TM) 7 150U,NT,2abc7cc
degen-r5-m20-d0-p4,100,Newton-SIN-BH,1e-7*n,9.999999999999999e-6,5,6,0.0533899,0.0326527,61.15894579311818,0.0,2.13e-5,0.0,0.0198203,0.0,0.0,0.0008955999999999999,0.4190719100646954,0.0,-7.966307770773559e-15,9.992007221626409e-15,9.992007221626409e-15,2.350921831471279e-14,9.992007221626409e-15,NaN,converged,45,45,0,0,0,0,5,2.350921831471279e-14,1.12.6,lbt,1,1,Intel(R) Core(TM) 7 150U,NT,2abc7cc
degen-r5-m20-d0-p4,100,Newton-SIN,1e-7*n,9.999999999999999e-6,6,18,0.1372744,0.1108277,80.73442681228256,0.0,4.23e-5,0.0,0.0249377,0.0,0.0,0.001466699999999991,0.4190719100647159,1.470012503505253e-13,-6.6980237148833125e-15,5.551115123125783e-15,5.551115123125783e-15,1.2415649449821115e-14,5.551115123125783e-15,NaN,converged,66,66,5,0,0,0,6,2.350921831471279e-14,1.12.6,lbt,1,1,Intel(R) Core(TM) 7 150U,NT,2abc7cc
degen-r5-m20-d0-p4,100,AGD-SDAJ-BH,1e-7*n,1.0e-11,10,87,0.4629245,0.458027,98.94205210568894,0.0,0.0002297,0.0,0.0,0.0,0.0,0.004667799999999999,0.4190719100693515,1.3013107360594425e-11,-8.726701064210847e-15,1.1464162952279366e-12,1.1464162952279366e-12,3.1517102444400965e-12,1.1464162952279366e-12,NaN,diag_feasible,0,0,26,26,0,0,10,2.350921831471279e-14,1.12.6,lbt,1,1,Intel(R) Core(TM) 7 150U,NT,2abc7cc
degen-r5-m20-d0-p4,100,AGD-SDAJ,1e-7*n,1.0e-11,12,148,1.0186749,0.9914959,97.331926014865,0.0,0.0006298,0.0,0.0,0.0,0.0,0.026549199999999953,0.4190719100743076,2.5345768281096207e-11,-9.563325471982299e-15,1.6107115641261771e-12,1.6107115641261771e-12,5.810912228830357e-12,1.6107115641261771e-12,NaN,diag_feasible,0,0,75,31,44,0,12,2.350921831471279e-14,1.12.6,lbt,1,1,Intel(R) Core(TM) 7 150U,NT,2abc7cc
degen-r5-m20-d0-p4,100,Dykstra-APM,1e-7*n,9.999999999999999e-6,248,248,1.7119801,1.5517065,90.63811547809465,0.0,0.0,0.0,0.0,0.0830603,0.0,0.07721329999999979,0.41907191006536587,3.440908122182105e-11,-8.960565077838002e-15,5.389688695345285e-12,5.389688695345285e-12,9.640553363078019e-12,5.389688695345285e-12,NaN,diag_feasible,0,0,0,0,0,0,248,2.350921831471279e-14,1.12.6,lbt,1,1,Intel(R) Core(TM) 7 150U,NT,2abc7cc
degen-r5-m20-d0-p4,100,Anderson-APM,1e-7*n,9.999999999999999e-6,78,78,0.6269467,0.4367445,69.66214193327758,0.0,0.0,0.0,0.0,0.0,0.1696641,0.020538099999999976,0.41907191007595457,3.025913800856439e-11,-8.229458787587412e-15,1.3791190411893695e-12,1.3791190411893695e-12,7.023135227477092e-12,1.3791190411893695e-12,NaN,diag_feasible,0,0,0,0,0,0,78,2.350921831471279e-14,1.12.6,lbt,1,1,Intel(R) Core(TM) 7 150U,NT,2abc7cc
degen-r20-m1-d0.01-p0,100,SBB-Dual,1e-7*n,1.0e-11,49,50,0.2912107,0.2830955,97.21328920949678,0.0003234,0.0001659,0.0005098,0.0,0.0,0.0,0.007116099999999989,0.4040066424561287,6.1956557695037094e-12,-3.5926945014279065e-15,1.0385026172343714e-12,0.0,6.237239351241085e-12,1.0385026172343714e-12,100.0,diag_feasible,0,0,0,0,0,0,49,1.429732779457038e-14,1.12.6,lbt,1,1,Intel(R) Core(TM) 7 150U,NT,2abc7cc
degen-r20-m1-d0.01-p0,100,Newton-SIN-BH,1e-7*n,9.999999999999999e-6,4,5,0.0401922,0.0306132,76.16701748100378,0.0,2.14e-5,0.0,0.0087277,0.0,0.0,0.000829899999999998,0.40400664245612844,0.0,-3.694967784628872e-15,5.10702591327572e-15,5.10702591327572e-15,1.429732779457038e-14,5.10702591327572e-15,NaN,converged,26,26,0,0,0,0,4,1.429732779457038e-14,1.12.6,lbt,1,1,Intel(R) Core(TM) 7 150U,NT,2abc7cc
degen-r20-m1-d0.01-p0,100,Newton-SIN,1e-7*n,9.999999999999999e-6,100,2482,13.5088316,12.7226027,94.17988969527164,0.0,0.00831,0.0,0.538522,0.0,0.0,0.23939690000000113,0.40400664244712914,1.2758855534116968e-10,-4.0559504575270606e-15,2.7485125286830225e-11,2.7485125286830225e-11,7.456363335513448e-11,2.7485125286830225e-11,NaN,max_iter,1274,1274,2281,0,0,0,100,1.429732779457038e-14,1.12.6,lbt,1,1,Intel(R) Core(TM) 7 150U,NT,2abc7cc
degen-r20-m1-d0.01-p0,100,AGD-SDAJ-BH,1e-7*n,1.0e-11,8,52,0.2794599,0.27635129999999997,98.88764005139915,0.0,0.0001496,0.0,0.0,0.0,0.0,0.0029590000000000167,0.4040066424510537,7.962203849191718e-12,-3.2192185328153138e-15,9.71889235756862e-13,9.71889235756862e-13,4.230631763927516e-12,9.71889235756862e-13,NaN,diag_feasible,0,0,3,3,0,0,8,1.429732779457038e-14,1.12.6,lbt,1,1,Intel(R) Core(TM) 7 150U,NT,2abc7cc
degen-r20-m1-d0.01-p0,100,AGD-SDAJ,1e-7*n,1.0e-11,9,68,0.3963934,0.3881178,97.91227603688658,0.0,0.0001854,0.0,0.0,0.0,0.0,0.008090199999999994,0.4040066424459531,1.3251596679231778e-11,-3.726699262194517e-15,4.278577492300428e-12,4.278577492300428e-12,6.734609104403604e-12,4.278577492300428e-12,NaN,diag_feasible,0,0,15,9,6,0,9,1.429732779457038e-14,1.12.6,lbt,1,1,Intel(R) Core(TM) 7 150U,NT,2abc7cc
degen-r20-m1-d0.01-p0,100,Dykstra-APM,1e-7*n,9.999999999999999e-6,109,109,0.6774235,0.6143099,90.683287485598,0.0,0.0,0.0,0.0,0.0323693,0.0,0.030744299999999995,0.40400664243839757,2.0716687879006245e-11,-3.3273994533122712e-15,1.5281109710940655e-12,1.5281109710940655e-12,9.164270425198037e-12,1.5281109710940655e-12,NaN,diag_feasible,0,0,0,0,0,0,109,1.429732779457038e-14,1.12.6,lbt,1,1,Intel(R) Core(TM) 7 150U,NT,2abc7cc
degen-r20-m1-d0.01-p0,100,Anderson-APM,1e-7*n,9.999999999999999e-6,36,36,0.2901833,0.2088127,71.95889632518481,0.0,0.0,0.0,0.0,0.0,0.0731238,0.008246799999999985,0.40400664246928014,1.8079398451406427e-11,-3.6272571764298784e-15,3.2350788714552436e-12,3.2350788714552436e-12,8.914226345706525e-12,3.2350788714552436e-12,NaN,diag_feasible,0,0,0,0,0,0,36,1.429732779457038e-14,1.12.6,lbt,1,1,Intel(R) Core(TM) 7 150U,NT,2abc7cc
degen-r20-m1-d0.01-p1,100,SBB-Dual,1e-7*n,1.0e-11,48,49,0.2576577,0.2543696,98.72384951041634,0.0003315,0.0001413,0.0002612,0.0,0.0,0.0,0.0025541000000000157,0.3987031737160107,9.190435397638233e-12,-3.753566257240789e-15,1.5509815654013437e-12,0.0,9.231864411359588e-12,1.5509815654013437e-12,100.0,diag_feasible,0,0,0,0,0,0,48,4.351819350922159e-14,1.12.6,lbt,1,1,Intel(R) Core(TM) 7 150U,NT,2abc7cc
degen-r20-m1-d0.01-p1,100,Newton-SIN-BH,1e-7*n,9.999999999999999e-6,5,6,0.0487051,0.0321593,66.0286089136456,0.0,2.78e-5,0.0,0.0153082,0.0,0.0,0.0012097999999999987,0.39870317371601516,5.850501703477875e-13,-4.4991615071361786e-15,4.529709940470639e-14,4.529709940470639e-14,1.5114074878932869e-13,4.529709940470639e-14,NaN,converged,30,30,0,0,0,0,5,4.351819350922159e-14,1.12.6,lbt,1,1,Intel(R) Core(TM) 7 150U,NT,2abc7cc
degen-r20-m1-d0.01-p1,100,Newton-SIN,1e-7*n,9.999999999999999e-6,100,2641,15.9772707,15.114423,94.59953006867437,0.0,0.0087384,0.0,0.6220423,0.0,0.0,0.23206699999999958,0.3987031737168028,2.0068366364309227e-11,-3.4500382426069146e-15,1.0712541964608135e-11,1.0712541964608135e-11,1.184132353338474e-11,1.0712541964608135e-11,NaN,max_iter,1265,1265,2440,0,0,0,100,4.351819350922159e-14,1.12.6,lbt,1,1,Intel(R) Core(TM) 7 150U,NT,2abc7cc
degen-r20-m1-d0.01-p1,100,AGD-SDAJ-BH,1e-7*n,1.0e-11,9,67,0.3835436,0.379798,99.0234226304389,0.0,0.0001814,0.0,0.0,0.0,0.0,0.00356419999999996,0.3987031737123024,4.918753846320414e-12,-3.581991044340936e-15,8.244516180866412e-13,8.244516180866412e-13,2.4431414912221985e-12,8.244516180866412e-13,NaN,diag_feasible,0,0,12,12,0,0,9,4.351819350922159e-14,1.12.6,lbt,1,1,Intel(R) Core(TM) 7 150U,NT,2abc7cc
degen-r20-m1-d0.01-p1,100,AGD-SDAJ,1e-7*n,1.0e-11,11,111,0.6170017,0.6081591,98.56684349492068,0.0,0.0005008,0.0,0.0,0.0,0.0,0.008341800000000035,0.39870317370580977,1.3062582947452676e-11,-3.328055278348418e-15,2.9185542871346115e-12,2.9185542871346115e-12,6.4684850682408455e-12,2.9185542871346115e-12,NaN,diag_feasible_at_xpre,0,0,48,25,23,0,11,4.351819350922159e-14,1.12.6,lbt,1,1,Intel(R) Core(TM) 7 150U,NT,2abc7cc
degen-r20-m1-d0.01-p1,100,Dykstra-APM,1e-7*n,9.999999999999999e-6,109,109,0.5753495,0.518499,90.11896247411357,0.0,0.0,0.0,0.0,0.0279462,0.0,0.028904299999999914,0.3987031736995317,1.894618876766744e-11,-3.8275893820948995e-15,1.4099832412739488e-12,1.4099832412739488e-12,8.393177454518403e-12,1.4099832412739488e-12,NaN,diag_feasible,0,0,0,0,0,0,109,4.351819350922159e-14,1.12.6,lbt,1,1,Intel(R) Core(TM) 7 150U,NT,2abc7cc
degen-r20-m1-d0.01-p1,100,Anderson-APM,1e-7*n,9.999999999999999e-6,28,28,0.3235078,0.2423429,74.91099132694791,0.0,0.0,0.0,0.0,0.0,0.0741693,0.0069956000000000185,0.3987031737345897,2.184805715716845e-11,-3.456820490626211e-15,1.7655876760613864e-12,1.7655876760613864e-12,9.962239358726745e-12,1.7655876760613864e-12,NaN,diag_feasible,0,0,0,0,0,0,28,4.351819350922159e-14,1.12.6,lbt,1,1,Intel(R) Core(TM) 7 150U,NT,2abc7cc
degen-r20-m1-d0.01-p2,100,SBB-Dual,1e-7*n,1.0e-11,48,49,0.2569006,0.2532292,98.57088695004995,0.0003213,0.0001477,0.0002268,0.0,0.0,0.0,0.002975599999999991,0.40433247812588213,8.257267909613842e-12,-3.3676640453431206e-15,1.2683187833317788e-12,0.0,8.878944511421287e-12,1.2683187833317788e-12,100.0,diag_feasible,0,0,0,0,0,0,48,2.1834731132791743e-14,1.12.6,lbt,1,1,Intel(R) Core(TM) 7 150U,NT,2abc7cc
degen-r20-m1-d0.01-p2,100,Newton-SIN-BH,1e-7*n,9.999999999999999e-6,4,5,0.0394091,0.027156399999999997,68.90895757578832,0.0,1.72e-5,0.0,0.0106038,0.0,0.0,0.001631700000000005,0.404332478125891,0.0,-3.5228204487813454e-15,8.326672684688674e-15,8.326672684688674e-15,2.1834731132791743e-14,8.326672684688674e-15,NaN,converged,26,26,0,0,0,0,4,2.1834731132791743e-14,1.12.6,lbt,1,1,Intel(R) Core(TM) 7 150U,NT,2abc7cc
degen-r20-m1-d0.01-p2,100,Newton-SIN,1e-7*n,9.999999999999999e-6,4,9,0.0619057,0.0468811,75.72986009365857,0.0,1.72e-5,0.0,0.014468,0.0,0.0,0.0005393999999999989,0.404332478125891,0.0,-3.5228204487813454e-15,8.326672684688674e-15,8.326672684688674e-15,2.1834731132791743e-14,8.326672684688674e-15,NaN,converged,26,26,0,0,0,0,4,2.1834731132791743e-14,1.12.6,lbt,1,1,Intel(R) Core(TM) 7 150U,NT,2abc7cc
degen-r20-m1-d0.01-p2,100,AGD-SDAJ-BH,1e-7*n,1.0e-11,8,55,0.3134181,0.3097185,98.81959593271736,0.0,0.000153,0.0,0.0,0.0,0.0,0.0035465999999999697,0.404332478120594,1.3484992553066612e-11,-3.1151272692892484e-15,2.6506574712925612e-12,2.6506574712925612e-12,8.053634279341064e-12,2.6506574712925612e-12,NaN,diag_feasible_at_xpre,0,0,8,8,0,0,8,2.1834731132791743e-14,1.12.6,lbt,1,1,Intel(R) Core(TM) 7 150U,NT,2abc7cc
degen-r20-m1-d0.01-p2,100,AGD-SDAJ,1e-7*n,1.0e-11,112,4013,24.1771683,23.633726499999998,97.75225206998289,0.0,0.0183226,0.0,0.0,0.0,0.0,0.5251192000000037,0.4043324621598284,3.041985628101506e-8,-3.170873869346564e-15,9.056803640383748e-9,9.056803640383748e-9,1.7708111369647667e-8,9.056803640383748e-9,NaN,evd_budget,0,0,3448,111,3337,0,112,2.1834731132791743e-14,1.12.6,lbt,1,1,Intel(R) Core(TM) 7 150U,NT,2abc7cc
degen-r20-m1-d0.01-p2,100,Dykstra-APM,1e-7*n,9.999999999999999e-6,109,109,0.640008,0.5898075,92.15626992162598,0.0,0.0,0.0,0.0,0.024173,0.0,0.02602749999999998,0.4043324781101127,1.8350808663809018e-11,-3.3694073516753518e-15,1.1586287484988134e-12,1.1586287484988134e-12,8.131464450925028e-12,1.1586287484988134e-12,NaN,diag_feasible,0,0,0,0,0,0,109,2.1834731132791743e-14,1.12.6,lbt,1,1,Intel(R) Core(TM) 7 150U,NT,2abc7cc
degen-r20-m1-d0.01-p2,100,Anderson-APM,1e-7*n,9.999999999999999e-6,35,35,0.1490385,0.1160702,77.87933990210584,0.0,0.0,0.0,0.0,0.0,0.0282047,0.004763599999999993,0.4043324781430931,2.0684815775538526e-11,-3.6349586783451525e-15,1.6927570456459762e-12,1.6927570456459762e-12,9.372034524115682e-12,1.6927570456459762e-12,NaN,diag_feasible,0,0,0,0,0,0,35,2.1834731132791743e-14,1.12.6,lbt,1,1,Intel(R) Core(TM) 7 150U,NT,2abc7cc
degen-r20-m1-d0.01-p3,100,SBB-Dual,1e-7*n,1.0e-11,48,49,0.2663631,0.2611131,98.02900627001262,0.0005703,0.0001859,0.0010323,0.0,0.0,0.0,0.0034615000000000323,0.40462295483729915,9.171729267552371e-12,-3.877349019314203e-15,1.4084289290394736e-12,0.0,8.674273665616693e-12,1.4084289290394736e-12,100.0,diag_feasible,0,0,0,0,0,0,48,1.842936780121819e-14,1.12.6,lbt,1,1,Intel(R) Core(TM) 7 150U,NT,2abc7cc
degen-r20-m1-d0.01-p3,100,Newton-SIN-BH,1e-7*n,9.999999999999999e-6,4,5,0.035962,0.0259212,72.07941716256047,0.0,1.51e-5,0.0,0.0092273,0.0,0.0,0.0007984000000000012,0.40462295483731225,0.0,-2.947051043621957e-15,5.773159728050814e-15,5.773159728050814e-15,1.842936780121819e-14,5.773159728050814e-15,NaN,converged,26,26,0,0,0,0,4,1.842936780121819e-14,1.12.6,lbt,1,1,Intel(R) Core(TM) 7 150U,NT,2abc7cc
degen-r20-m1-d0.01-p3,100,Newton-SIN,1e-7*n,9.999999999999999e-6,4,9,0.0563196,0.044794099999999996,79.53554357630381,0.0,1.84e-5,0.0,0.0108522,0.0,0.0,0.0006549000000000017,0.40462295483731225,0.0,-2.947051043621957e-15,5.773159728050814e-15,5.773159728050814e-15,1.842936780121819e-14,5.773159728050814e-15,NaN,converged,26,26,0,0,0,0,4,1.842936780121819e-14,1.12.6,lbt,1,1,Intel(R) Core(TM) 7 150U,NT,2abc7cc
degen-r20-m1-d0.01-p3,100,AGD-SDAJ-BH,1e-7*n,1.0e-11,10,77,0.4590878,0.45371,98.8285900866893,0.0,0.0002354,0.0,0.0,0.0,0.0,0.005142399999999988,0.40462295483277916,5.985454815561941e-12,-3.7512517586967955e-15,8.852918398360998e-13,8.852918398360998e-13,2.935797505719255e-12,8.852918398360998e-13,NaN,diag_feasible,0,0,16,16,0,0,10,1.842936780121819e-14,1.12.6,lbt,1,1,Intel(R) Core(TM) 7 150U,NT,2abc7cc
degen-r20-m1-d0.01-p3,100,AGD-SDAJ,1e-7*n,1.0e-11,10,90,0.570351,0.5613354,98.41928917456093,0.0,0.0002907,0.0,0.0,0.0,0.0,0.008724900000000013,0.4046229548251611,1.665828640956444e-11,-3.560494507939808e-15,5.205835762467359e-12,5.205835762467359e-12,8.662097973913477e-12,5.205835762467359e-12,NaN,diag_feasible,0,0,31,18,13,0,10,1.842936780121819e-14,1.12.6,lbt,1,1,Intel(R) Core(TM) 7 150U,NT,2abc7cc
degen-r20-m1-d0.01-p3,100,Dykstra-APM,1e-7*n,9.999999999999999e-6,108,108,0.6399804,0.5854978,91.48683303426166,0.0,0.0,0.0,0.0,0.0223533,0.0,0.03212930000000005,0.4046229548180951,2.2405807760282367e-11,-3.3692497965849183e-15,1.6138201885951275e-12,1.6138201885951275e-12,9.927672625502782e-12,1.6138201885951275e-12,NaN,diag_feasible,0,0,0,0,0,0,108,1.842936780121819e-14,1.12.6,lbt,1,1,Intel(R) Core(TM) 7 150U,NT,2abc7cc
degen-r20-m1-d0.01-p3,100,Anderson-APM,1e-7*n,9.999999999999999e-6,36,36,0.2813946,0.1970717,70.03393099938663,0.0,0.0,0.0,0.0,0.0,0.0753449,0.008978,0.4046229548503597,1.6724931063465786e-11,-3.706333188010258e-15,2.269961996148595e-12,2.269961996148595e-12,7.78297851348909e-12,2.269961996148595e-12,NaN,diag_feasible,0,0,0,0,0,0,36,1.842936780121819e-14,1.12.6,lbt,1,1,Intel(R) Core(TM) 7 150U,NT,2abc7cc
degen-r20-m1-d0.01-p4,100,SBB-Dual,1e-7*n,1.0e-11,48,49,0.2356179,0.2326411,98.73659853517071,0.0002741,0.0001274,0.0002238,0.0,0.0,0.0,0.002351500000000001,0.40444204382012755,9.759721985584867e-12,-3.7330563833688674e-15,1.602940002953801e-12,0.0,9.594117776345539e-12,1.602940002953801e-12,100.0,diag_feasible,0,0,0,0,0,0,48,1.9146117149304423e-14,1.12.6,lbt,1,1,Intel(R) Core(TM) 7 150U,NT,2abc7cc
degen-r20-m1-d0.01-p4,100,Newton-SIN-BH,1e-7*n,9.999999999999999e-6,4,5,0.0150903,0.0106339,70.46844661802616,0.0,1.02e-5,0.0,0.0039244,0.0,0.0,0.0005217999999999993,0.4044420438201255,0.0,-3.4868058176871394e-15,6.439293542825908e-15,6.439293542825908e-15,1.9146117149304423e-14,6.439293542825908e-15,NaN,converged,26,26,0,0,0,0,4,1.9146117149304423e-14,1.12.6,lbt,1,1,Intel(R) Core(TM) 7 150U,NT,2abc7cc
degen-r20-m1-d0.01-p4,100,Newton-SIN,1e-7*n,9.999999999999999e-6,6,23,0.1518056,0.1268773,83.57880078205282,0.0,5.95e-5,0.0,0.0232638,0.0,0.0,0.0016050000000000127,0.40444204382012755,1.0814266627420654e-13,-3.387698201701985e-15,7.105427357601002e-15,7.105427357601002e-15,1.5984127304249524e-14,7.105427357601002e-15,NaN,converged,52,52,10,0,0,0,6,1.9146117149304423e-14,1.12.6,lbt,1,1,Intel(R) Core(TM) 7 150U,NT,2abc7cc
degen-r20-m1-d0.01-p4,100,AGD-SDAJ-BH,1e-7*n,1.0e-11,9,63,0.3540472,0.3495209,98.72155464017229,0.0,0.0002535,0.0,0.0,0.0,0.0,0.004272799999999983,0.40444204381507903,6.677269208062528e-12,-3.4317435928032908e-15,2.099875828776021e-12,2.099875828776021e-12,3.4314080623902696e-12,2.099875828776021e-12,NaN,diag_feasible,0,0,8,8,0,0,9,1.9146117149304423e-14,1.12.6,lbt,1,1,Intel(R) Core(TM) 7 150U,NT,2abc7cc
degen-r20-m1-d0.01-p4,100,AGD-SDAJ,1e-7*n,1.0e-11,10,79,0.4327739,0.4281465,98.9307580702071,0.0,0.0002129,0.0,0.0,0.0,0.0,0.0044145000000000035,0.40444204381476867,8.545271699045149e-12,-3.4737400864256297e-15,3.7698733024171815e-12,3.7698733024171815e-12,4.996763237971278e-12,3.7698733024171815e-12,NaN,diag_feasible_at_xpre,0,0,22,8,14,0,10,1.9146117149304423e-14,1.12.6,lbt,1,1,Intel(R) Core(TM) 7 150U,NT,2abc7cc
degen-r20-m1-d0.01-p4,100,Dykstra-APM,1e-7*n,9.999999999999999e-6,109,109,0.438344,0.4044637,92.27084207836768,0.0,0.0,0.0,0.0,0.0211453,0.0,0.012735000000000031,0.4044420438033124,1.9654670342882884e-11,-3.64576271265235e-15,1.45328193923433e-12,1.45328193923433e-12,8.70221528396581e-12,1.45328193923433e-12,NaN,diag_feasible,0,0,0,0,0,0,109,1.9146117149304423e-14,1.12.6,lbt,1,1,Intel(R) Core(TM) 7 150U,NT,2abc7cc
degen-r20-m1-d0.01-p4,100,Anderson-APM,1e-7*n,9.999999999999999e-6,37,37,0.2747999,0.180927,65.83954360973203,0.0,0.0,0.0,0.0,0.0,0.0827228,0.011150099999999982,0.4044420438313904,1.425239175159327e-11,-3.4666399745316346e-15,1.4249712521063884e-12,1.4249712521063884e-12,6.8039221084750065e-12,1.4249712521063884e-12,NaN,diag_feasible,0,0,0,0,0,0,37,1.9146117149304423e-14,1.12.6,lbt,1,1,Intel(R) Core(TM) 7 150U,NT,2abc7cc
degen-r20-m1-d0.0001-p0,100,SBB-Dual,1e-7*n,1.0e-11,48,49,0.2464033,0.24243220000000001,98.38837385700597,0.0002964,0.0001332,0.0002291,0.0,0.0,0.0,0.0033123999999999775,0.4056752134216426,8.37704202596128e-12,-3.395364522799755e-15,1.4070966614099234e-12,0.0,8.438838842519485e-12,1.4070966614099234e-12,100.0,diag_feasible,0,0,0,0,0,0,48,2.4919499269220182e-14,1.12.6,lbt,1,1,Intel(R) Core(TM) 7 150U,NT,2abc7cc
degen-r20-m1-d0.0001-p0,100,Newton-SIN-BH,1e-7*n,9.999999999999999e-6,4,5,0.0357118,0.0246399,68.99652215794218,0.0,1.49e-5,0.0,0.0103004,0.0,0.0,0.0007566000000000031,0.40567521342163065,0.0,-3.562394858864014e-15,7.438494264988549e-15,7.438494264988549e-15,2.4919499269220182e-14,7.438494264988549e-15,NaN,converged,23,23,0,0,0,0,4,2.4919499269220182e-14,1.12.6,lbt,1,1,Intel(R) Core(TM) 7 150U,NT,2abc7cc
degen-r20-m1-d0.0001-p0,100,Newton-SIN,1e-7*n,9.999999999999999e-6,7,64,0.3408377,0.3130148,91.8369065393881,0.0,0.0001642,0.0,0.0242398,0.0,0.0,0.0034189000000000407,0.40567521342165414,1.1895074681035896e-13,-3.5032078993166666e-15,7.993605777301127e-15,7.993605777301127e-15,2.414447934842836e-14,7.993605777301127e-15,NaN,converged,56,56,49,0,0,0,7,2.4919499269220182e-14,1.12.6,lbt,1,1,Intel(R) Core(TM) 7 150U,NT,2abc7cc
degen-r20-m1-d0.0001-p0,100,AGD-SDAJ-BH,1e-7*n,1.0e-11,9,70,0.3868143,0.3821765,98.80102674590883,0.0,0.0002074,0.0,0.0,0.0,0.0,0.004430400000000025,0.4056752134332675,1.638272469975245e-11,-3.3664167415427088e-15,4.339195669444962e-12,4.339195669444962e-12,8.667831244104491e-12,4.339195669444962e-12,NaN,diag_feasible,0,0,15,15,0,0,9,2.4919499269220182e-14,1.12.6,lbt,1,1,Intel(R) Core(TM) 7 150U,NT,2abc7cc
degen-r20-m1-d0.0001-p0,100,AGD-SDAJ,1e-7*n,1.0e-11,8,64,0.3980471,0.388058,97.49047286112625,0.0,0.0002169,0.0,0.0,0.0,0.0,0.009772199999999972,0.40567521342935514,1.0339916498922995e-11,-3.1498582794275057e-15,1.9411139362546237e-12,1.9411139362546237e-12,5.137012133769823e-12,1.9411139362546237e-12,NaN,diag_feasible,0,0,15,6,9,0,8,2.4919499269220182e-14,1.12.6,lbt,1,1,Intel(R) Core(TM) 7 150U,NT,2abc7cc
degen-r20-m1-d0.0001-p0,100,Dykstra-APM,1e-7*n,9.999999999999999e-6,108,108,0.6298504,0.5774877,91.68648618783128,0.0,0.0,0.0,0.0,0.0262683,0.0,0.026094399999999983,0.4056752134030473,2.1827300262194517e-11,-3.3462392753853584e-15,1.6122658763606523e-12,1.6122658763606523e-12,9.661746466194347e-12,1.6122658763606523e-12,NaN,diag_feasible,0,0,0,0,0,0,108,2.4919499269220182e-14,1.12.6,lbt,1,1,Intel(R) Core(TM) 7 150U,NT,2abc7cc
degen-r20-m1-d0.0001-p0,100,Anderson-APM,1e-7*n,9.999999999999999e-6,37,37,0.1611861,0.1212883,75.24736934512343,0.0,0.0,0.0,0.0,0.0,0.0351948,0.004702999999999999,0.4056752134367935,2.0367093326331995e-11,-3.030049853332069e-15,2.934985587899064e-12,2.934985587899064e-12,9.993625370185856e-12,2.934985587899064e-12,NaN,diag_feasible,0,0,0,0,0,0,37,2.4919499269220182e-14,1.12.6,lbt,1,1,Intel(R) Core(TM) 7 150U,NT,2abc7cc
degen-r20-m1-d0.0001-p1,100,SBB-Dual,1e-7*n,1.0e-11,48,49,0.2618039,0.2579537,98.52935727848211,0.000311,0.0001378,0.000228,0.0,0.0,0.0,0.0031733999999999703,0.39907222835082323,8.698744255480859e-12,-3.506852664935166e-15,1.4561685190983553e-12,0.0,8.716706207603553e-12,1.4561685190983553e-12,100.0,diag_feasible,0,0,0,0,0,0,48,4.6555955224363624e-14,1.12.6,lbt,1,1,Intel(R) Core(TM) 7 150U,NT,2abc7cc
degen-r20-m1-d0.0001-p1,100,Newton-SIN-BH,1e-7*n,9.999999999999999e-6,4,5,0.036195,0.0246264,68.03812681309573,0.0,1.73e-5,0.0,0.0099644,0.0,0.0,0.0015868999999999987,0.3990722283508151,0.0,-3.2293863056159316e-15,1.2101430968414206e-14,1.2101430968414206e-14,4.6555955224363624e-14,1.2101430968414206e-14,NaN,converged,23,23,0,0,0,0,4,4.6555955224363624e-14,1.12.6,lbt,1,1,Intel(R) Core(TM) 7 150U,NT,2abc7cc
degen-r20-m1-d0.0001-p1,100,Newton-SIN,1e-7*n,9.999999999999999e-6,100,3469,19.2952841,18.3666126,95.1870545404408,0.0,0.015297,0.0,0.6245958,0.0,0.0,0.28877870000000005,0.3990722283268512,2.193312747974479e-9,-3.0888291071497784e-15,6.972198374199934e-10,6.972198374199934e-10,1.3034259606239321e-9,6.972198374199934e-10,NaN,max_iter,1079,1079,3268,0,0,0,100,4.6555955224363624e-14,1.12.6,lbt,1,1,Intel(R) Core(TM) 7 150U,NT,2abc7cc
degen-r20-m1-d0.0001-p1,100,AGD-SDAJ-BH,1e-7*n,1.0e-11,8,55,0.3070101,0.3033693,98.81411067583771,0.0,0.0001651,0.0,0.0,0.0,0.0,0.0034756999999999995,0.39907222835534756,5.746093062230678e-12,-3.568140301706508e-15,1.4173107132364748e-12,1.4173107132364748e-12,2.794215157685994e-12,1.4173107132364748e-12,NaN,diag_feasible,0,0,6,6,0,0,8,4.6555955224363624e-14,1.12.6,lbt,1,1,Intel(R) Core(TM) 7 150U,NT,2abc7cc
degen-r20-m1-d0.0001-p1,100,AGD-SDAJ,1e-7*n,1.0e-11,154,4025,24.3677154,23.8196671,97.75092456964595,0.0,0.0192054,0.0,0.0,0.0,0.0,0.5288429000000013,0.3990722282965031,8.62024727684823e-11,-3.491686690601924e-15,2.6089241877969016e-11,2.6089241877969016e-11,4.716911588725304e-11,2.6089241877969016e-11,NaN,evd_budget,0,0,3246,8,3238,0,154,4.6555955224363624e-14,1.12.6,lbt,1,1,Intel(R) Core(TM) 7 150U,NT,2abc7cc
degen-r20-m1-d0.0001-p1,100,Dykstra-APM,1e-7*n,9.999999999999999e-6,108,108,0.5739706,0.5209363,90.76010164980576,0.0,0.0,0.0,0.0,0.0276692,0.0,0.025365099999999977,0.3990722283313107,2.246217526275454e-11,-3.188362936820573e-15,1.6560086635308835e-12,1.6560086635308835e-12,9.960598046778716e-12,1.6560086635308835e-12,NaN,diag_feasible,0,0,0,0,0,0,108,4.6555955224363624e-14,1.12.6,lbt,1,1,Intel(R) Core(TM) 7 150U,NT,2abc7cc
degen-r20-m1-d0.0001-p1,100,Anderson-APM,1e-7*n,9.999999999999999e-6,32,32,0.2683554,0.1757111,65.47701294626454,0.0,0.0,0.0,0.0,0.0,0.0817235,0.010920800000000008,0.39907222836403883,1.6376262980019992e-11,-3.3780918258675696e-15,1.5930590180346371e-12,1.5930590180346371e-12,7.596625178891453e-12,1.5930590180346371e-12,NaN,diag_feasible,0,0,0,0,0,0,32,4.6555955224363624e-14,1.12.6,lbt,1,1,Intel(R) Core(TM) 7 150U,NT,2abc7cc
degen-r20-m1-d0.0001-p2,100,SBB-Dual,1e-7*n,1.0e-11,48,49,0.2305001,0.2259713,98.03522861812206,0.0003978,0.0002096,0.0002354,0.0,0.0,0.0,0.003685999999999999,0.4060405604690833,6.702116389375973e-12,-3.285833964449683e-15,1.0267342531733448e-12,0.0,7.203780993169246e-12,1.0267342531733448e-12,100.0,diag_feasible,0,0,0,0,0,0,48,1.946534750624728e-14,1.12.6,lbt,1,1,Intel(R) Core(TM) 7 150U,NT,2abc7cc
degen-r20-m1-d0.0001-p2,100,Newton-SIN-BH,1e-7*n,9.999999999999999e-6,4,5,0.0315098,0.0214902,68.2016388552133,0.0,2.03e-5,0.0,0.0091624,0.0,0.0,0.0008368999999999981,0.40604056046907816,0.0,-3.4349497285995415e-15,9.992007221626409e-15,9.992007221626409e-15,1.946534750624728e-14,9.992007221626409e-15,NaN,converged,24,24,0,0,0,0,4,1.946534750624728e-14,1.12.6,lbt,1,1,Intel(R) Core(TM) 7 150U,NT,2abc7cc
degen-r20-m1-d0.0001-p2,100,Newton-SIN,1e-7*n,9.999999999999999e-6,6,15,0.0917868,0.0681166,74.21176029668754,0.0,4.54e-5,0.0,0.0225289,0.0,0.0,0.0010959000000000003,0.4060405604690885,1.5540928493059492e-13,-2.90864712317985e-15,1.4876988529977098e-14,1.4876988529977098e-14,3.498506356011565e-14,1.4876988529977098e-14,NaN,converged,48,48,2,0,0,0,6,1.946534750624728e-14,1.12.6,lbt,1,1,Intel(R) Core(TM) 7 150U,NT,2abc7cc
degen-r20-m1-d0.0001-p2,100,AGD-SDAJ-BH,1e-7*n,1.0e-11,7,45,0.3406496,0.3338544,98.00522296224626,0.0,0.0001798,0.0,0.0,0.0,0.0,0.006615400000000001,0.4060405604771856,1.2201548634676608e-11,-3.611248365563861e-15,1.5830670108130107e-12,1.5830670108130107e-12,6.359849301812527e-12,1.5830670108130107e-12,NaN,diag_feasible,0,0,2,2,0,0,7,1.946534750624728e-14,1.12.6,lbt,1,1,Intel(R) Core(TM) 7 150U,NT,2abc7cc
degen-r20-m1-d0.0001-p2,100,AGD-SDAJ,1e-7*n,1.0e-11,9,79,0.4416875,0.4356237,98.62712890901372,0.0,0.0002972,0.0,0.0,0.0,0.0,0.005766600000000008,0.4060405604823013,1.7705208694138488e-11,-3.1421682431889066e-15,4.00501853903279e-12,4.00501853903279e-12,9.046495985704576e-12,4.00501853903279e-12,NaN,diag_feasible,0,0,26,5,21,0,9,1.946534750624728e-14,1.12.6,lbt,1,1,Intel(R) Core(TM) 7 150U,NT,2abc7cc
degen-r20-m1-d0.0001-p2,100,Dykstra-APM,1e-7*n,9.999999999999999e-6,108,108,0.6375476,0.5860834,91.92778703895992,0.0,0.0,0.0,0.0,0.0241149,0.0,0.02734929999999996,0.40604056045280573,1.9028950172528236e-11,-3.63455676319625e-15,1.2019274464591945e-12,1.2019274464591945e-12,8.438771221303547e-12,1.2019274464591945e-12,NaN,diag_feasible,0,0,0,0,0,0,108,1.946534750624728e-14,1.12.6,lbt,1,1,Intel(R) Core(TM) 7 150U,NT,2abc7cc
degen-r20-m1-d0.0001-p2,100,Anderson-APM,1e-7*n,9.999999999999999e-6,34,34,0.2815362,0.1903427,67.60860592705306,0.0,0.0,0.0,0.0,0.0,0.0704377,0.020755800000000005,0.40604056048485765,1.953192742000997e-11,-3.580316000190876e-15,1.9005907958558055e-12,1.9005907958558055e-12,9.105515499584735e-12,1.9005907958558055e-12,NaN,diag_feasible,0,0,0,0,0,0,34,1.946534750624728e-14,1.12.6,lbt,1,1,Intel(R) Core(TM) 7 150U,NT,2abc7cc
degen-r20-m1-d0.0001-p3,100,SBB-Dual,1e-7*n,1.0e-11,48,49,0.2368079,0.2330855,98.4280929816953,0.0003245,0.000162,0.0002319,0.0,0.0,0.0,0.0030039999999999867,0.4063595041625818,7.202000813099984e-12,-3.7775748813724565e-15,1.106226221736506e-12,0.0,6.803283866283244e-12,1.106226221736506e-12,100.0,diag_feasible,0,0,0,0,0,0,48,2.3688111419972277e-14,1.12.6,lbt,1,1,Intel(R) Core(TM) 7 150U,NT,2abc7cc
degen-r20-m1-d0.0001-p3,100,Newton-SIN-BH,1e-7*n,9.999999999999999e-6,4,5,0.0244003,0.018307399999999998,75.0294053761634,0.0,1.53e-5,0.0,0.0054293,0.0,0.0,0.0006483000000000018,0.40635950416258476,0.0,-3.0288375232529837e-15,7.216449660063518e-15,7.216449660063518e-15,2.3688111419972277e-14,7.216449660063518e-15,NaN,converged,25,25,0,0,0,0,4,2.3688111419972277e-14,1.12.6,lbt,1,1,Intel(R) Core(TM) 7 150U,NT,2abc7cc
degen-r20-m1-d0.0001-p3,100,Newton-SIN,1e-7*n,9.999999999999999e-6,12,58,0.3863276,0.3201183,82.86187681128659,0.0,0.0001934,0.0,0.0594287,0.0,0.0,0.006587199999999974,0.4063595041615564,1.7227742874359e-11,-3.895266423424199e-15,5.526912261188954e-12,5.526912261188954e-12,9.735965388327925e-12,5.526912261188954e-12,NaN,converged,128,128,33,0,0,0,12,2.3688111419972277e-14,1.12.6,lbt,1,1,Intel(R) Core(TM) 7 150U,NT,2abc7cc
degen-r20-m1-d0.0001-p3,100,AGD-SDAJ-BH,1e-7*n,1.0e-11,9,70,0.3172404,0.3123806,98.46810179283598,0.0,0.0001884,0.0,0.0,0.0,0.0,0.00467139999999997,0.40635950417427463,1.685140137494016e-11,-3.835860994760657e-15,5.9396931817445875e-12,5.9396931817445875e-12,9.03853176675809e-12,5.9396931817445875e-12,NaN,diag_feasible_at_xpre,0,0,19,19,0,0,9,2.3688111419972277e-14,1.12.6,lbt,1,1,Intel(R) Core(TM) 7 150U,NT,2abc7cc
degen-r20-m1-d0.0001-p3,100,AGD-SDAJ,1e-7*n,1.0e-11,11,129,0.7451344,0.7308485,98.08277540266562,0.0,0.003581,0.0,0.0,0.0,0.0,0.010704899999999962,0.40635950417503647,1.6526399152623307e-11,-3.4711381521025756e-15,4.525047003767213e-12,4.525047003767213e-12,8.335419681722647e-12,4.525047003767213e-12,NaN,diag_feasible_at_xpre,0,0,68,19,49,0,11,2.3688111419972277e-14,1.12.6,lbt,1,1,Intel(R) Core(TM) 7 150U,NT,2abc7cc
degen-r20-m1-d0.0001-p3,100,Dykstra-APM,1e-7*n,9.999999999999999e-6,108,108,0.6350723,0.5869901,92.42886203665313,0.0,0.0,0.0,0.0,0.0236261,0.0,0.024456100000000074,0.4063595041471166,1.8132553665425088e-11,-2.9451993831986424e-15,1.305178187749334e-12,1.305178187749334e-12,8.039341357456809e-12,1.305178187749334e-12,NaN,diag_feasible,0,0,0,0,0,0,108,2.3688111419972277e-14,1.12.6,lbt,1,1,Intel(R) Core(TM) 7 150U,NT,2abc7cc
degen-r20-m1-d0.0001-p3,100,Anderson-APM,1e-7*n,9.999999999999999e-6,36,36,0.273375,0.1863445,68.16442615454962,0.0,0.0,0.0,0.0,0.0,0.0742865,0.012743999999999978,0.4063595041773147,1.8084558497086048e-11,-3.1634330692272347e-15,1.5849543899548735e-12,1.5849543899548735e-12,8.245245913146134e-12,1.5849543899548735e-12,NaN,diag_feasible,0,0,0,0,0,0,36,2.3688111419972277e-14,1.12.6,lbt,1,1,Intel(R) Core(TM) 7 150U,NT,2abc7cc
degen-r20-m1-d0.0001-p4,100,SBB-Dual,1e-7*n,1.0e-11,48,49,0.2710458,0.2671194,98.55138873208882,0.0003356,0.0001377,0.0003121,0.0,0.0,0.0,0.0031409999999999962,0.40616452329350317,7.775119200962138e-12,-3.566013055111774e-15,1.2749801214795298e-12,0.0,7.639072252534568e-12,1.2749801214795298e-12,100.0,diag_feasible,0,0,0,0,0,0,48,1.654083276753641e-14,1.12.6,lbt,1,1,Intel(R) Core(TM) 7 150U,NT,2abc7cc
degen-r20-m1-d0.0001-p4,100,Newton-SIN-BH,1e-7*n,9.999999999999999e-6,4,5,0.0156683,0.0110448,70.49137430353007,0.0,1.11e-5,0.0,0.004024,0.0,0.0,0.0005883999999999993,0.40616452329349967,0.0,-3.835200982807465e-15,7.327471962526033e-15,7.327471962526033e-15,1.654083276753641e-14,7.327471962526033e-15,NaN,converged,25,25,0,0,0,0,4,1.654083276753641e-14,1.12.6,lbt,1,1,Intel(R) Core(TM) 7 150U,NT,2abc7cc
degen-r20-m1-d0.0001-p4,100,Newton-SIN,1e-7*n,9.999999999999999e-6,100,2252,14.4861503,13.4543835,92.87756388942064,0.0,0.0084231,0.0,0.789211,0.0,0.0,0.23413269999999986,0.4061645232913737,3.929706644140685e-11,-3.4434625275653596e-15,7.90589815835574e-12,7.90589815835574e-12,2.3208538200331812e-11,7.90589815835574e-12,NaN,max_iter,1366,1366,2051,0,0,0,100,1.654083276753641e-14,1.12.6,lbt,1,1,Intel(R) Core(TM) 7 150U,NT,2abc7cc
degen-r20-m1-d0.0001-p4,100,AGD-SDAJ-BH,1e-7*n,1.0e-11,10,68,0.4333392,0.4277746,98.71587892348535,0.0,0.0002947,0.0,0.0,0.0,0.0,0.005269899999999975,0.406164523299462,8.249208746418398e-12,-3.3968822484172962e-15,2.6065816172149425e-12,2.6065816172149425e-12,4.324761048671736e-12,2.6065816172149425e-12,NaN,diag_feasible_at_xpre,0,0,11,11,0,0,10,1.654083276753641e-14,1.12.6,lbt,1,1,Intel(R) Core(TM) 7 150U,NT,2abc7cc
degen-r20-m1-d0.0001-p4,100,AGD-SDAJ,1e-7*n,1.0e-11,10,82,0.4418032,0.4350125,98.4629581677996,0.0,0.0002309,0.0,0.0,0.0,0.0,0.006559799999999983,0.4061645233004921,1.069314317174744e-11,-2.980583442937801e-15,3.644196056029614e-12,3.644196056029614e-12,6.0061020929839906e-12,3.644196056029614e-12,NaN,diag_feasible,0,0,23,9,14,0,10,1.654083276753641e-14,1.12.6,lbt,1,1,Intel(R) Core(TM) 7 150U,NT,2abc7cc
degen-r20-m1-d0.0001-p4,100,Dykstra-APM,1e-7*n,9.999999999999999e-6,108,108,0.6217333,0.5696038,91.61545633795069,0.0,0.0,0.0,0.0,0.0278952,0.0,0.024234300000000052,0.40616452327644376,2.0049405313407105e-11,-3.0447086802602894e-15,1.4834800055041342e-12,1.4834800055041342e-12,8.878017755042968e-12,1.4834800055041342e-12,NaN,diag_feasible,0,0,0,0,0,0,108,1.654083276753641e-14,1.12.6,lbt,1,1,Intel(R) Core(TM) 7 150U,NT,2abc7cc
degen-r20-m1-d0.0001-p4,100,Anderson-APM,1e-7*n,9.999999999999999e-6,35,35,0.2764535,0.1848178,66.85312358136179,0.0,0.0,0.0,0.0,0.0,0.083601,0.00803470000000002,0.4061645233059501,1.4813803499337454e-11,-3.5341125171777875e-15,9.715561688494745e-13,9.715561688494745e-13,6.689404781277337e-12,9.715561688494745e-13,NaN,diag_feasible,0,0,0,0,0,0,35,1.654083276753641e-14,1.12.6,lbt,1,1,Intel(R) Core(TM) 7 150U,NT,2abc7cc
degen-r20-m1-d1e-06-p0,100,SBB-Dual,1e-7*n,1.0e-11,48,49,0.2608988,0.2578118,98.81678259923005,0.0003091,0.0001357,0.0002251,0.0,0.0,0.0,0.0024171000000000062,0.4056930044189668,6.93775014534813e-12,-3.123888427542115e-15,1.1668443988810395e-12,0.0,6.9845308812756945e-12,1.1668443988810395e-12,100.0,diag_feasible,0,0,0,0,0,0,48,3.1840956338972816e-14,1.12.6,lbt,1,1,Intel(R) Core(TM) 7 150U,NT,2abc7cc
degen-r20-m1-d1e-06-p0,100,Newton-SIN-BH,1e-7*n,9.999999999999999e-6,4,5,0.0373425,0.0289204,77.44634130012719,0.0,1.7e-5,0.0,0.0076521,0.0,0.0,0.0007530000000000019,0.4056930044189683,0.0,-3.857602697392731e-15,1.4654943925052066e-14,1.4654943925052066e-14,3.1840956338972816e-14,1.4654943925052066e-14,NaN,converged,22,22,0,0,0,0,4,3.1840956338972816e-14,1.12.6,lbt,1,1,Intel(R) Core(TM) 7 150U,NT,2abc7cc
degen-r20-m1-d1e-06-p0,100,Newton-SIN,1e-7*n,9.999999999999999e-6,4,9,0.0522329,0.043578599999999995,83.43132393568038,0.0,1.83e-5,0.0,0.0081023,0.0,0.0,0.0005337000000000033,0.4056930044189683,0.0,-3.857602697392731e-15,1.4654943925052066e-14,1.4654943925052066e-14,3.1840956338972816e-14,1.4654943925052066e-14,NaN,converged,22,22,0,0,0,0,4,3.1840956338972816e-14,1.12.6,lbt,1,1,Intel(R) Core(TM) 7 150U,NT,2abc7cc
degen-r20-m1-d1e-06-p0,100,AGD-SDAJ-BH,1e-7*n,1.0e-11,10,73,0.4527289,0.44064220000000004,97.33025658401752,0.0,0.0002609,0.0,0.0,0.0,0.0,0.01182579999999995,0.4056930044256931,9.617014889442016e-12,-2.9376216664767266e-15,3.3754110617678634e-12,3.3754110617678634e-12,5.1438749647549065e-12,3.3754110617678634e-12,NaN,diag_feasible,0,0,12,12,0,0,10,3.1840956338972816e-14,1.12.6,lbt,1,1,Intel(R) Core(TM) 7 150U,NT,2abc7cc
degen-r20-m1-d1e-06-p0,100,AGD-SDAJ,1e-7*n,1.0e-11,10,121,0.6609217,0.6525696000000001,98.73629508608964,0.0,0.0003345,0.0,0.0,0.0,0.0,0.008017599999999863,0.4056930044271044,1.1235318392662536e-11,-3.347637481360377e-15,2.346123295637881e-12,2.346123295637881e-12,5.9697333025979515e-12,2.346123295637881e-12,NaN,diag_feasible_at_xpre,0,0,66,6,60,0,10,3.1840956338972816e-14,1.12.6,lbt,1,1,Intel(R) Core(TM) 7 150U,NT,2abc7cc
degen-r20-m1-d1e-06-p0,100,Dykstra-APM,1e-7*n,9.999999999999999e-6,108,108,0.7028538,0.595623,84.74351280451212,0.0,0.0,0.0,0.0,0.0639155,0.0,0.04331529999999996,0.40569300440317485,1.85508354331568e-11,-3.095555633786028e-15,1.3702372569923682e-12,1.3702372569923682e-12,8.20519046972917e-12,1.3702372569923682e-12,NaN,diag_feasible,0,0,0,0,0,0,108,3.1840956338972816e-14,1.12.6,lbt,1,1,Intel(R) Core(TM) 7 150U,NT,2abc7cc
degen-r20-m1-d1e-06-p0,100,Anderson-APM,1e-7*n,9.999999999999999e-6,37,37,0.2618321,0.1805988,68.97504163927952,0.0,0.0,0.0,0.0,0.0,0.073415,0.007818300000000014,0.4056930044318623,1.6925795683878188e-11,-3.862199639080042e-15,2.3460122733354183e-12,2.3460122733354183e-12,8.214580572180542e-12,2.3460122733354183e-12,NaN,diag_feasible,0,0,0,0,0,0,37,3.1840956338972816e-14,1.12.6,lbt,1,1,Intel(R) Core(TM) 7 150U,NT,2abc7cc
degen-r20-m1-d1e-06-p1,100,SBB-Dual,1e-7*n,1.0e-11,48,49,0.2383107,0.2351329,98.66653070969957,0.0002905,0.0001327,0.0002598,0.0,0.0,0.0,0.0024947999999999806,0.399076362769225,8.20487503508656e-12,-3.585055685933073e-15,1.3593570713510417e-12,0.0,8.216601152215745e-12,1.3593570713510417e-12,100.0,diag_feasible,0,0,0,0,0,0,48,3.26988482268959e-14,1.12.6,lbt,1,1,Intel(R) Core(TM) 7 150U,NT,2abc7cc
degen-r20-m1-d1e-06-p1,100,Newton-SIN-BH,1e-7*n,9.999999999999999e-6,4,5,0.0354015,0.026668499999999998,75.33155374772254,0.0,2.12e-5,0.0,0.0077869,0.0,0.0,0.0009249000000000037,0.3990763627692094,3.008618255970861e-13,-2.9476822951032274e-15,3.3084646133829665e-14,3.3084646133829665e-14,1.125420654739699e-13,3.3084646133829665e-14,NaN,converged,21,21,0,0,0,0,4,3.26988482268959e-14,1.12.6,lbt,1,1,Intel(R) Core(TM) 7 150U,NT,2abc7cc
degen-r20-m1-d1e-06-p1,100,Newton-SIN,1e-7*n,9.999999999999999e-6,7,22,0.123638,0.10289380000000001,83.2218250052573,0.0,6.48e-5,0.0,0.0188827,0.0,0.0,0.0017966999999999914,0.39907636276923314,4.856638423156264e-13,-3.5309371812214528e-15,2.90878432451791e-14,2.90878432451791e-14,9.235454142853985e-14,2.90878432451791e-14,NaN,converged,48,48,7,0,0,0,7,3.26988482268959e-14,1.12.6,lbt,1,1,Intel(R) Core(TM) 7 150U,NT,2abc7cc
degen-r20-m1-d1e-06-p1,100,AGD-SDAJ-BH,1e-7*n,1.0e-11,9,61,0.3126468,0.3067707,98.1205308994047,0.0,0.0016699,0.0,0.0,0.0,0.0,0.004206199999999995,0.39907636277386815,6.0375857194993595e-12,-3.3235629016719924e-15,1.31161748129216e-12,1.31161748129216e-12,3.0005840315190985e-12,1.31161748129216e-12,NaN,diag_feasible,0,0,6,6,0,0,9,3.26988482268959e-14,1.12.6,lbt,1,1,Intel(R) Core(TM) 7 150U,NT,2abc7cc
degen-r20-m1-d1e-06-p1,100,AGD-SDAJ,1e-7*n,1.0e-11,8,59,0.2889451,0.2848153,98.57073194873351,0.0,0.000159,0.0,0.0,0.0,0.0,0.0039708000000000165,0.3990763627722374,4.053949749458372e-12,-3.488175505686889e-15,8.57980353430321e-13,8.57980353430321e-13,1.9503939890410605e-12,8.57980353430321e-13,NaN,diag_feasible,0,0,10,6,4,0,8,3.26988482268959e-14,1.12.6,lbt,1,1,Intel(R) Core(TM) 7 150U,NT,2abc7cc
degen-r20-m1-d1e-06-p1,100,Dykstra-APM,1e-7*n,9.999999999999999e-6,108,108,0.5903591,0.5401375,91.49304211623061,0.0,0.0,0.0,0.0,0.0263397,0.0,0.023881899999999977,0.39907636275063063,2.1436856603649563e-11,-3.2778110468384937e-15,1.5685230891904212e-12,1.5685230891904212e-12,9.49404497987591e-12,1.5685230891904212e-12,NaN,diag_feasible,0,0,0,0,0,0,108,3.26988482268959e-14,1.12.6,lbt,1,1,Intel(R) Core(TM) 7 150U,NT,2abc7cc
degen-r20-m1-d1e-06-p1,100,Anderson-APM,1e-7*n,9.999999999999999e-6,30,30,0.2112335,0.1384053,65.52241950258838,0.0,0.0,0.0,0.0,0.0,0.0637978,0.00903039999999998,0.3990763627867873,2.0773704992955778e-11,-3.747689070783713e-15,1.9909629500602932e-12,1.9909629500602932e-12,9.46814397904427e-12,1.9909629500602932e-12,NaN,diag_feasible,0,0,0,0,0,0,30,3.26988482268959e-14,1.12.6,lbt,1,1,Intel(R) Core(TM) 7 150U,NT,2abc7cc
degen-r20-m1-d1e-06-p2,100,SBB-Dual,1e-7*n,1.0e-11,47,48,0.2426951,0.2396533,98.74665784352466,0.0003088,0.0001308,0.0002252,0.0,0.0,0.0,0.0023769999999999833,0.40605876455575407,8.923339874932279e-12,-3.651505852146639e-15,1.3657963648938676e-12,0.0,9.583067168819944e-12,1.3657963648938676e-12,100.0,diag_feasible,0,0,0,0,0,0,47,2.1399674797352445e-14,1.12.6,lbt,1,1,Intel(R) Core(TM) 7 150U,NT,2abc7cc
degen-r20-m1-d1e-06-p2,100,Newton-SIN-BH,1e-7*n,9.999999999999999e-6,4,5,0.0339685,0.0256025,75.37129988077189,0.0,1.66e-5,0.0,0.0076493,0.0,0.0,0.0007000999999999978,0.40605876455574696,0.0,-3.2917411049625598e-15,9.325873406851315e-15,9.325873406851315e-15,2.1399674797352445e-14,9.325873406851315e-15,NaN,converged,22,22,0,0,0,0,4,2.1399674797352445e-14,1.12.6,lbt,1,1,Intel(R) Core(TM) 7 150U,NT,2abc7cc
degen-r20-m1-d1e-06-p2,100,Newton-SIN,1e-7*n,9.999999999999999e-6,100,3478,18.6334453,17.7455119,95.2347331064964,0.0,0.0136553,0.0,0.5056298,0.0,0.0,0.36864830000000137,0.4060586996624035,1.4150158271586345e-7,-3.246350609840193e-15,4.940716968881986e-8,4.940716968881986e-8,7.784542369201596e-8,4.940716968881986e-8,NaN,max_iter,886,886,3277,0,0,0,100,2.1399674797352445e-14,1.12.6,lbt,1,1,Intel(R) Core(TM) 7 150U,NT,2abc7cc
degen-r20-m1-d1e-06-p2,100,AGD-SDAJ-BH,1e-7*n,1.0e-11,9,63,0.3913327,0.3801346,97.1384706670309,0.0,0.0002013,0.0,0.0,0.0,0.0,0.010996799999999989,0.40605876456710577,1.468507219247269e-11,-3.647338527382506e-15,2.0796697697278432e-12,2.0796697697278432e-12,7.105985847222566e-12,2.0796697697278432e-12,NaN,diag_feasible,0,0,8,8,0,0,9,2.1399674797352445e-14,1.12.6,lbt,1,1,Intel(R) Core(TM) 7 150U,NT,2abc7cc
degen-r20-m1-d1e-06-p2,100,AGD-SDAJ,1e-7*n,1.0e-11,10,76,0.3935691,0.3875364,98.46718149366909,0.0,0.0002706,0.0,0.0,0.0,0.0,0.005762100000000002,0.40605876456910517,1.841512439520932e-11,-4.002208114657913e-15,6.744160785387976e-12,6.744160785387976e-12,9.70843911059741e-12,6.744160785387976e-12,NaN,diag_feasible,0,0,15,12,3,0,10,2.1399674797352445e-14,1.12.6,lbt,1,1,Intel(R) Core(TM) 7 150U,NT,2abc7cc
degen-r20-m1-d1e-06-p2,100,Dykstra-APM,1e-7*n,9.999999999999999e-6,107,107,0.6403153,0.5775095,90.19142600528208,0.0,0.0,0.0,0.0,0.0322268,0.0,0.030579000000000023,0.4060587645388489,1.9761078139158876e-11,-3.7039911762107495e-15,1.2509993041476264e-12,1.2509993041476264e-12,8.764353513132728e-12,1.2509993041476264e-12,NaN,diag_feasible,0,0,0,0,0,0,107,2.1399674797352445e-14,1.12.6,lbt,1,1,Intel(R) Core(TM) 7 150U,NT,2abc7cc
degen-r20-m1-d1e-06-p2,100,Anderson-APM,1e-7*n,9.999999999999999e-6,33,33,0.253106,0.1694198,66.93630336696879,0.0,0.0,0.0,0.0,0.0,0.0755733,0.008112899999999992,0.40605876456982487,1.9066272664454145e-11,-3.394898282467514e-15,2.4715784974205235e-12,2.4715784974205235e-12,9.35845222392884e-12,2.4715784974205235e-12,NaN,diag_feasible,0,0,0,0,0,0,33,2.1399674797352445e-14,1.12.6,lbt,1,1,Intel(R) Core(TM) 7 150U,NT,2abc7cc
degen-r20-m1-d1e-06-p3,100,SBB-Dual,1e-7*n,1.0e-11,47,48,0.2731606,0.2687858,98.39845131398893,0.0003639,0.0001427,0.0002227,0.0,0.0,0.0,0.003645499999999956,0.40637799351786247,9.260937836987826e-12,-3.3780272692819578e-15,1.4213075161251254e-12,0.0,8.745558342853397e-12,1.4213075161251254e-12,100.0,diag_feasible,0,0,0,0,0,0,47,2.4256022959809176e-14,1.12.6,lbt,1,1,Intel(R) Core(TM) 7 150U,NT,2abc7cc
degen-r20-m1-d1e-06-p3,100,Newton-SIN-BH,1e-7*n,9.999999999999999e-6,4,5,0.0312477,0.0227767,72.89080476323058,0.0,1.59e-5,0.0,0.0072474,0.0,0.0,0.0012077,0.4063779935178557,0.0,-4.5069332946421374e-15,8.881784197001252e-15,8.881784197001252e-15,2.4256022959809176e-14,8.881784197001252e-15,NaN,converged,22,22,0,0,0,0,4,2.4256022959809176e-14,1.12.6,lbt,1,1,Intel(R) Core(TM) 7 150U,NT,2abc7cc
degen-r20-m1-d1e-06-p3,100,Newton-SIN,1e-7*n,9.999999999999999e-6,17,124,0.6621871,0.5926431,89.49783225919079,0.0,0.0003261,0.0,0.0610196,0.0,0.0,0.008198300000000054,0.40637799351786663,1.4495022539379104e-13,-3.8813814563038046e-15,5.662137425588298e-15,5.662137425588298e-15,2.1209037679701402e-14,5.662137425588298e-15,NaN,converged,148,148,89,0,0,0,17,2.4256022959809176e-14,1.12.6,lbt,1,1,Intel(R) Core(TM) 7 150U,NT,2abc7cc
degen-r20-m1-d1e-06-p3,100,AGD-SDAJ-BH,1e-7*n,1.0e-11,8,50,0.3431027,0.3392587,98.87963574754733,0.0,0.0002078,0.0,0.0,0.0,0.0,0.0036361999999999584,0.4063779935243263,9.29921598454054e-12,-3.4088923996722137e-15,3.7653213880162184e-12,3.7653213880162184e-12,5.086899415388713e-12,3.7653213880162184e-12,NaN,diag_feasible,0,0,3,3,0,0,8,2.4256022959809176e-14,1.12.6,lbt,1,1,Intel(R) Core(TM) 7 150U,NT,2abc7cc
degen-r20-m1-d1e-06-p3,100,AGD-SDAJ,1e-7*n,1.0e-11,9,67,0.3886788,0.3787274,97.43968541633863,0.0,0.0033428,0.0,0.0,0.0,0.0,0.006608599999999999,0.40637799352402665,7.998827544164803e-12,-3.3913500616474498e-15,1.624700374236454e-12,1.624700374236454e-12,3.915655927870718e-12,1.624700374236454e-12,NaN,diag_feasible,0,0,12,7,5,0,9,2.4256022959809176e-14,1.12.6,lbt,1,1,Intel(R) Core(TM) 7 150U,NT,2abc7cc
degen-r20-m1-d1e-06-p3,100,Dykstra-APM,1e-7*n,9.999999999999999e-6,107,107,0.6494867,0.5929294,91.29200028268478,0.0,0.0,0.0,0.0,0.0296324,0.0,0.026924899999999922,0.40637799350227877,1.826253069234505e-11,-4.0679849070130186e-15,1.3182788194399109e-12,1.3182788194399109e-12,8.101932472318432e-12,1.3182788194399109e-12,NaN,diag_feasible,0,0,0,0,0,0,107,2.4256022959809176e-14,1.12.6,lbt,1,1,Intel(R) Core(TM) 7 150U,NT,2abc7cc
degen-r20-m1-d1e-06-p3,100,Anderson-APM,1e-7*n,9.999999999999999e-6,35,35,0.2604191,0.176013,67.58836045435991,0.0,0.0,0.0,0.0,0.0,0.073264,0.011142100000000016,0.40637799353546494,2.086833355632265e-11,-3.635924582531888e-15,1.531885729377791e-12,1.531885729377791e-12,9.415239893139931e-12,1.531885729377791e-12,NaN,diag_feasible,0,0,0,0,0,0,35,2.4256022959809176e-14,1.12.6,lbt,1,1,Intel(R) Core(TM) 7 150U,NT,2abc7cc
degen-r20-m1-d1e-06-p4,100,SBB-Dual,1e-7*n,1.0e-11,47,48,0.2528492,0.2493223,98.60513697492419,0.0003372,0.0001634,0.0002235,0.0,0.0,0.0,0.002802799999999999,0.40618286336367315,1.0130525611168258e-11,-3.66395440104609e-15,1.6642243139131097e-12,0.0,9.958151134803565e-12,1.6642243139131097e-12,100.0,diag_feasible,0,0,0,0,0,0,47,2.898362610852667e-14,1.12.6,lbt,1,1,Intel(R) Core(TM) 7 150U,NT,2abc7cc
degen-r20-m1-d1e-06-p4,100,Newton-SIN-BH,1e-7*n,9.999999999999999e-6,4,5,0.0343897,0.0226165,65.76533089849576,0.0,1.69e-5,0.0,0.0109815,0.0,0.0,0.0007748000000000008,0.40618286336366854,0.0,-3.379359192842618e-15,1.3988810110276972e-14,1.3988810110276972e-14,2.898362610852667e-14,1.3988810110276972e-14,NaN,converged,22,22,0,0,0,0,4,2.898362610852667e-14,1.12.6,lbt,1,1,Intel(R) Core(TM) 7 150U,NT,2abc7cc
degen-r20-m1-d1e-06-p4,100,Newton-SIN,1e-7*n,9.999999999999999e-6,4,9,0.0487429,0.038326400000000004,78.62970812159311,0.0,1.53e-5,0.0,0.0099089,0.0,0.0,0.0004922999999999959,0.40618286336366854,0.0,-3.379359192842618e-15,1.3988810110276972e-14,1.3988810110276972e-14,2.898362610852667e-14,1.3988810110276972e-14,NaN,converged,22,22,0,0,0,0,4,2.898362610852667e-14,1.12.6,lbt,1,1,Intel(R) Core(TM) 7 150U,NT,2abc7cc
degen-r20-m1-d1e-06-p4,100,AGD-SDAJ-BH,1e-7*n,1.0e-11,11,82,0.4714248,0.4641399,98.45470581946473,0.0,0.0002482,0.0,0.0,0.0,0.0,0.007036699999999983,0.4061828633708938,9.620196215717005e-12,-3.625666030966998e-15,3.552935723405426e-12,3.552935723405426e-12,5.0326483794548166e-12,3.552935723405426e-12,NaN,diag_feasible_at_xpre,0,0,19,19,0,0,11,2.898362610852667e-14,1.12.6,lbt,1,1,Intel(R) Core(TM) 7 150U,NT,2abc7cc
degen-r20-m1-d1e-06-p4,100,AGD-SDAJ,1e-7*n,1.0e-11,11,87,0.4780454,0.4725071,98.84146986876141,0.0,0.0002466,0.0,0.0,0.0,0.0,0.005291699999999996,0.4061828633697288,8.445944352304244e-12,-3.612972683605368e-15,3.4696689965585392e-12,3.4696689965585392e-12,4.586189699306723e-12,3.4696689965585392e-12,NaN,diag_feasible_at_xpre,0,0,24,19,5,0,11,2.898362610852667e-14,1.12.6,lbt,1,1,Intel(R) Core(TM) 7 150U,NT,2abc7cc
degen-r20-m1-d1e-06-p4,100,Dykstra-APM,1e-7*n,9.999999999999999e-6,107,107,0.6370376,0.5866492,92.09020001331162,0.0,0.0,0.0,0.0,0.0226388,0.0,0.0277496,0.4061828633462664,2.045567767798689e-11,-3.879716881605649e-15,1.5132339825640884e-12,1.5132339825640884e-12,9.058540435495321e-12,1.5132339825640884e-12,NaN,diag_feasible,0,0,0,0,0,0,107,2.898362610852667e-14,1.12.6,lbt,1,1,Intel(R) Core(TM) 7 150U,NT,2abc7cc
degen-r20-m1-d1e-06-p4,100,Anderson-APM,1e-7*n,9.999999999999999e-6,34,34,0.2488333,0.1721196,69.1706455687402,0.0,0.0,0.0,0.0,0.0,0.0690757,0.007637999999999992,0.4061828633774776,1.7275180701566358e-11,-3.1235210693291737e-15,1.4588330543574557e-12,1.4588330543574557e-12,8.105462007499923e-12,1.4588330543574557e-12,NaN,diag_feasible,0,0,0,0,0,0,34,2.898362610852667e-14,1.12.6,lbt,1,1,Intel(R) Core(TM) 7 150U,NT,2abc7cc
degen-r20-m1-d1e-08-p0,100,SBB-Dual,1e-7*n,1.0e-11,47,48,0.2553429,0.2510366,98.31352271788252,0.0003006,0.0001513,0.00022,0.0,0.0,0.0,0.003634399999999985,0.4056931824389943,9.391006091881987e-12,-4.038829337766476e-15,1.582067810090848e-12,0.0,9.461958009875499e-12,1.582067810090848e-12,100.0,diag_feasible,0,0,0,0,0,0,47,2.2605242252817254e-14,1.12.6,lbt,1,1,Intel(R) Core(TM) 7 150U,NT,2abc7cc
degen-r20-m1-d1e-08-p0,100,Newton-SIN-BH,1e-7*n,9.999999999999999e-6,4,5,0.0320401,0.02304,71.90988792169813,0.0,1.53e-5,0.0,0.0082623,0.0,0.0,0.0007225000000000009,0.40569318243898644,0.0,-3.0012815379303807e-15,9.103828801926284e-15,9.103828801926284e-15,2.2605242252817254e-14,9.103828801926284e-15,NaN,converged,24,24,0,0,0,0,4,2.2605242252817254e-14,1.12.6,lbt,1,1,Intel(R) Core(TM) 7 150U,NT,2abc7cc
degen-r20-m1-d1e-08-p0,100,Newton-SIN,1e-7*n,9.999999999999999e-6,5,12,0.0706064,0.0528004,74.78132293956355,0.0,3.12e-5,0.0,0.0169443,0.0,0.0,0.0008305000000000048,0.4056931824389996,1.0803363346993758e-13,-3.4937784772049136e-15,5.440092820663267e-15,5.440092820663267e-15,2.2695576512932834e-14,5.440092820663267e-15,NaN,converged,35,35,1,0,0,0,5,2.2605242252817254e-14,1.12.6,lbt,1,1,Intel(R) Core(TM) 7 150U,NT,2abc7cc
degen-r20-m1-d1e-08-p0,100,AGD-SDAJ-BH,1e-7*n,1.0e-11,11,89,0.4270127,0.4207748,98.53917693782878,0.0,0.0002834,0.0,0.0,0.0,0.0,0.005954500000000019,0.4056931824459439,9.005399335335343e-12,-3.20516101100019e-15,2.061351089821528e-12,2.061351089821528e-12,4.463935837685551e-12,2.061351089821528e-12,NaN,diag_feasible,0,0,22,22,0,0,11,2.2605242252817254e-14,1.12.6,lbt,1,1,Intel(R) Core(TM) 7 150U,NT,2abc7cc
degen-r20-m1-d1e-08-p0,100,AGD-SDAJ,1e-7*n,1.0e-11,11,104,0.5628141,0.5533834000000001,98.32436678469855,0.0,0.000301,0.0,0.0,0.0,0.0,0.009129699999999904,0.4056931824531181,1.9529232078383372e-11,-3.0403128331286296e-15,3.853806163078843e-12,3.853806163078843e-12,9.945591658221145e-12,3.853806163078843e-12,NaN,diag_feasible_at_xpre,0,0,39,14,25,0,11,2.2605242252817254e-14,1.12.6,lbt,1,1,Intel(R) Core(TM) 7 150U,NT,2abc7cc
degen-r20-m1-d1e-08-p0,100,Dykstra-APM,1e-7*n,9.999999999999999e-6,107,107,0.6578686,0.603382,91.71770776109393,0.0,0.0,0.0,0.0,0.0290708,0.0,0.02541580000000005,0.4056931824223323,1.9562901482601047e-11,-3.2956467551925487e-15,1.4490630917407543e-12,1.4490630917407543e-12,8.658157653059517e-12,1.4490630917407543e-12,NaN,diag_feasible,0,0,0,0,0,0,107,2.2605242252817254e-14,1.12.6,lbt,1,1,Intel(R) Core(TM) 7 150U,NT,2abc7cc
degen-r20-m1-d1e-08-p0,100,Anderson-APM,1e-7*n,9.999999999999999e-6,37,37,0.2970309,0.1990302,67.00656396354722,0.0,0.0,0.0,0.0,0.0,0.0766217,0.021378999999999995,0.4056931824520189,1.7061673582842937e-11,-3.211321861430911e-15,2.3544499683225695e-12,2.3544499683225695e-12,8.26570276540908e-12,2.3544499683225695e-12,NaN,diag_feasible,0,0,0,0,0,0,37,2.2605242252817254e-14,1.12.6,lbt,1,1,Intel(R) Core(TM) 7 150U,NT,2abc7cc
degen-r20-m1-d1e-08-p1,100,SBB-Dual,1e-7*n,1.0e-11,48,49,0.2554923,0.25228280000000003,98.74379775828861,0.0003091,0.0001369,0.0002224,0.0,0.0,0.0,0.002541099999999976,0.3990764041577526,7.714411041998474e-12,-3.038060781324256e-15,1.297628671181883e-12,0.0,7.753214511492327e-12,1.297628671181883e-12,100.0,diag_feasible,0,0,0,0,0,0,48,7.844312973040942e-14,1.12.6,lbt,1,1,Intel(R) Core(TM) 7 150U,NT,2abc7cc
degen-r20-m1-d1e-08-p1,100,Newton-SIN-BH,1e-7*n,9.999999999999999e-6,4,5,0.0398625,0.026583,66.68673565380998,0.0,1.49e-5,0.0,0.0116657,0.0,0.0,0.0015989000000000038,0.3990764041577544,0.0,-3.694457821224304e-15,2.19824158875781e-14,2.19824158875781e-14,7.844312973040942e-14,2.19824158875781e-14,NaN,converged,24,24,0,0,0,0,4,7.844312973040942e-14,1.12.6,lbt,1,1,Intel(R) Core(TM) 7 150U,NT,2abc7cc
degen-r20-m1-d1e-08-p1,100,Newton-SIN,1e-7*n,9.999999999999999e-6,100,3460,21.9718382,21.0101931,95.62328335368862,0.0,0.0134351,0.0,0.5746519,0.0,0.0,0.3735581000000019,0.39907640407567585,1.7655861545775492e-9,-2.979690790916689e-15,1.006427163829926e-9,1.006427163829926e-9,1.0265644369235866e-9,1.006427163829926e-9,NaN,max_iter,1080,1080,3259,0,0,0,100,7.844312973040942e-14,1.12.6,lbt,1,1,Intel(R) Core(TM) 7 150U,NT,2abc7cc
degen-r20-m1-d1e-08-p1,100,AGD-SDAJ-BH,1e-7*n,1.0e-11,9,60,0.3020219,0.29719100000000004,98.40048023007604,0.0,0.0002181,0.0,0.0,0.0,0.0,0.004612799999999972,0.3990764041660179,1.642096492291479e-11,-4.0180729787526205e-15,4.119149465964256e-12,4.119149465964256e-12,9.226303636081207e-12,4.119149465964256e-12,NaN,diag_feasible_at_xpre,0,0,7,7,0,0,9,7.844312973040942e-14,1.12.6,lbt,1,1,Intel(R) Core(TM) 7 150U,NT,2abc7cc
degen-r20-m1-d1e-08-p1,100,AGD-SDAJ,1e-7*n,1.0e-11,9,63,0.3041597,0.2997647,98.55503539752308,0.0,0.0002112,0.0,0.0,0.0,0.0,0.004183799999999982,0.3990764041657286,1.6112150494352754e-11,-3.65553246845793e-15,3.9031000653722e-12,3.9031000653722e-12,9.095202210268322e-12,3.9031000653722e-12,NaN,diag_feasible_at_xpre,0,0,10,7,3,0,9,7.844312973040942e-14,1.12.6,lbt,1,1,Intel(R) Core(TM) 7 150U,NT,2abc7cc
degen-r20-m1-d1e-08-p1,100,Dykstra-APM,1e-7*n,9.999999999999999e-6,108,108,0.4475359,0.407492,91.05236026875163,0.0,0.0,0.0,0.0,0.0240601,0.0,0.015983799999999965,0.3990764041400046,2.0455483736870025e-11,-3.704225791099264e-15,1.5258905250448151e-12,1.5258905250448151e-12,9.058754803004406e-12,1.5258905250448151e-12,NaN,diag_feasible,0,0,0,0,0,0,108,7.844312973040942e-14,1.12.6,lbt,1,1,Intel(R) Core(TM) 7 150U,NT,2abc7cc
degen-r20-m1-d1e-08-p1,100,Anderson-APM,1e-7*n,9.999999999999999e-6,30,30,0.2261778,0.1592964,70.42972387210416,0.0,0.0,0.0,0.0,0.0,0.0586376,0.00824380000000001,0.39907640417102264,1.6507011650016542e-11,-3.386117736529565e-15,1.5759615834554097e-12,1.5759615834554097e-12,7.710282515801937e-12,1.5759615834554097e-12,NaN,diag_feasible,0,0,0,0,0,0,30,7.844312973040942e-14,1.12.6,lbt,1,1,Intel(R) Core(TM) 7 150U,NT,2abc7cc
degen-r20-m1-d1e-08-p2,100,SBB-Dual,1e-7*n,1.0e-11,47,48,0.1594848,0.1568642,98.3568340054977,0.0002358,0.0001111,7.42e-5,0.0,0.0,0.0,0.002199500000000001,0.4060589467084539,7.235232147105861e-12,-3.679150775094228e-15,1.106670310946356e-12,0.0,7.768934394381395e-12,1.106670310946356e-12,100.0,diag_feasible,0,0,0,0,0,0,47,2.6296587975174296e-14,1.12.6,lbt,1,1,Intel(R) Core(TM) 7 150U,NT,2abc7cc
degen-r20-m1-d1e-08-p2,100,Newton-SIN-BH,1e-7*n,9.999999999999999e-6,4,5,0.0398937,0.023400700000000003,58.657632658790746,0.0,1.57e-5,0.0,0.0156479,0.0,0.0,0.000829399999999994,0.4060589467084516,0.0,-3.480442335274681e-15,8.43769498715119e-15,8.43769498715119e-15,2.6296587975174296e-14,8.43769498715119e-15,NaN,converged,24,24,0,0,0,0,4,2.6296587975174296e-14,1.12.6,lbt,1,1,Intel(R) Core(TM) 7 150U,NT,2abc7cc
degen-r20-m1-d1e-08-p2,100,Newton-SIN,1e-7*n,9.999999999999999e-6,100,3104,16.3608045,15.4708099,94.56020270885824,0.0,0.0101659,0.0,0.5936293,0.0,0.0,0.28619939999999966,0.4060589451118963,3.508942414273468e-9,-3.438228432214684e-15,1.2216530009823146e-9,1.2216530009823146e-9,1.936909609527134e-9,1.2216530009823146e-9,NaN,max_iter,1080,1080,2903,0,0,0,100,2.6296587975174296e-14,1.12.6,lbt,1,1,Intel(R) Core(TM) 7 150U,NT,2abc7cc
degen-r20-m1-d1e-08-p2,100,AGD-SDAJ-BH,1e-7*n,1.0e-11,9,65,0.3548883,0.3497862,98.56233637457194,0.0,0.0001875,0.0,0.0,0.0,0.0,0.004914599999999998,0.40605894671873977,1.4083526902654549e-11,-3.3804401952242536e-15,4.790945418164938e-12,4.790945418164938e-12,7.354346634442916e-12,4.790945418164938e-12,NaN,diag_feasible,0,0,10,10,0,0,9,2.6296587975174296e-14,1.12.6,lbt,1,1,Intel(R) Core(TM) 7 150U,NT,2abc7cc
degen-r20-m1-d1e-08-p2,100,AGD-SDAJ,1e-7*n,1.0e-11,9,67,0.2665548,0.2633583,98.8008094395599,0.0,0.00016,0.0,0.0,0.0,0.0,0.003036499999999991,0.40605894671435494,8.129185086788604e-12,-3.2879540433243393e-15,1.9053647548616937e-12,1.9053647548616937e-12,4.1766457059762405e-12,1.9053647548616937e-12,NaN,diag_feasible_at_xpre,0,0,16,6,10,0,9,2.6296587975174296e-14,1.12.6,lbt,1,1,Intel(R) Core(TM) 7 150U,NT,2abc7cc
degen-r20-m1-d1e-08-p2,100,Dykstra-APM,1e-7*n,9.999999999999999e-6,106,106,0.6417579,0.5843215,91.05014523389585,0.0,0.0,0.0,0.0,0.0325734,0.0,0.02486299999999994,0.4060589466909047,2.0519650354052397e-11,-4.026732844423789e-15,1.2965184481572578e-12,1.2965184481572578e-12,9.098320800474693e-12,1.2965184481572578e-12,NaN,diag_feasible,0,0,0,0,0,0,106,2.6296587975174296e-14,1.12.6,lbt,1,1,Intel(R) Core(TM) 7 150U,NT,2abc7cc
degen-r20-m1-d1e-08-p2,100,Anderson-APM,1e-7*n,9.999999999999999e-6,33,33,0.2186392,0.1497502,68.49192642490459,0.0,0.0,0.0,0.0,0.0,0.0610366,0.007852400000000002,0.4060589467224158,1.8919561522696485e-11,-3.3582877034612164e-15,2.447375635483695e-12,2.447375635483695e-12,9.29173188175827e-12,2.447375635483695e-12,NaN,diag_feasible,0,0,0,0,0,0,33,2.6296587975174296e-14,1.12.6,lbt,1,1,Intel(R) Core(TM) 7 150U,NT,2abc7cc
degen-r20-m1-d1e-08-p3,100,SBB-Dual,1e-7*n,1.0e-11,47,48,0.243034,0.23841079999999998,98.09771472304286,0.0015732,0.0001214,0.0002213,0.0,0.0,0.0,0.002707300000000022,0.40637817852330105,7.2351363134416035e-12,-4.075878300735457e-15,1.113331649094107e-12,0.0,6.841052844459041e-12,1.113331649094107e-12,100.0,diag_feasible,0,0,0,0,0,0,47,3.741929254895137e-14,1.12.6,lbt,1,1,Intel(R) Core(TM) 7 150U,NT,2abc7cc
degen-r20-m1-d1e-08-p3,100,Newton-SIN-BH,1e-7*n,9.999999999999999e-6,4,5,0.0331325,0.0225647,68.10442918584472,0.0,1.78e-5,0.0,0.0097304,0.0,0.0,0.0008196000000000019,0.4063781785233089,0.0,-3.388639593258636e-15,1.2989609388114332e-14,1.2989609388114332e-14,3.741929254895137e-14,1.2989609388114332e-14,NaN,converged,24,24,0,0,0,0,4,3.741929254895137e-14,1.12.6,lbt,1,1,Intel(R) Core(TM) 7 150U,NT,2abc7cc
degen-r20-m1-d1e-08-p3,100,Newton-SIN,1e-7*n,9.999999999999999e-6,4,9,0.0642895,0.0511883,79.6215556195024,0.0,1.75e-5,0.0,0.0124827,0.0,0.0,0.0006010000000000008,0.4063781785233089,0.0,-3.388639593258636e-15,1.2989609388114332e-14,1.2989609388114332e-14,3.741929254895137e-14,1.2989609388114332e-14,NaN,converged,24,24,0,0,0,0,4,3.741929254895137e-14,1.12.6,lbt,1,1,Intel(R) Core(TM) 7 150U,NT,2abc7cc
degen-r20-m1-d1e-08-p3,100,AGD-SDAJ-BH,1e-7*n,1.0e-11,9,62,0.3459269,0.34009310000000004,98.31357434186242,0.0,0.0001797,0.0,0.0,0.0,0.0,0.005654099999999945,0.4063781785279761,6.386459450377849e-12,-3.4968026795563993e-15,1.7927881401647028e-12,1.7927881401647028e-12,3.2810800322857026e-12,1.7927881401647028e-12,NaN,diag_feasible,0,0,7,7,0,0,9,3.741929254895137e-14,1.12.6,lbt,1,1,Intel(R) Core(TM) 7 150U,NT,2abc7cc
degen-r20-m1-d1e-08-p3,100,AGD-SDAJ,1e-7*n,1.0e-11,9,74,0.383456,0.3756199,97.95645393474088,0.0,0.0002103,0.0,0.0,0.0,0.0,0.007625800000000012,0.4063781785292783,1.6682465905969245e-11,-4.0485447665226325e-15,2.772448937093941e-12,2.772448937093941e-12,9.807266116612874e-12,2.772448937093941e-12,NaN,diag_feasible_at_xpre,0,0,21,8,13,0,9,3.741929254895137e-14,1.12.6,lbt,1,1,Intel(R) Core(TM) 7 150U,NT,2abc7cc
degen-r20-m1-d1e-08-p3,100,Dykstra-APM,1e-7*n,9.999999999999999e-6,106,106,0.5933021,0.5415789,91.28214782991665,0.0,0.0,0.0,0.0,0.0293874,0.0,0.02233580000000008,0.4063781785075983,1.8420500289170313e-11,-3.3554827594955267e-15,1.3311574065255627e-12,1.3311574065255627e-12,8.163563298386466e-12,1.3311574065255627e-12,NaN,diag_feasible,0,0,0,0,0,0,106,3.741929254895137e-14,1.12.6,lbt,1,1,Intel(R) Core(TM) 7 150U,NT,2abc7cc
degen-r20-m1-d1e-08-p3,100,Anderson-APM,1e-7*n,9.999999999999999e-6,35,35,0.2814599,0.1911854,67.92633693112234,0.0,0.0,0.0,0.0,0.0,0.0743953,0.015879199999999982,0.40637817854081054,2.073691727843636e-11,-3.5229127511161307e-15,1.5334400416122662e-12,1.5334400416122662e-12,9.359414921300787e-12,1.5334400416122662e-12,NaN,diag_feasible,0,0,0,0,0,0,35,3.741929254895137e-14,1.12.6,lbt,1,1,Intel(R) Core(TM) 7 150U,NT,2abc7cc
degen-r20-m1-d1e-08-p4,100,SBB-Dual,1e-7*n,1.0e-11,47,48,0.2653515,0.261564,98.57264797824772,0.0005618,0.0001399,0.0002463,0.0,0.0,0.0,0.002839499999999999,0.4061830468754085,8.051171705911202e-12,-3.4223243989043345e-15,1.3249401575876618e-12,0.0,7.920197076558576e-12,1.3249401575876618e-12,100.0,diag_feasible,0,0,0,0,0,0,47,2.0777787570717024e-14,1.12.6,lbt,1,1,Intel(R) Core(TM) 7 150U,NT,2abc7cc
degen-r20-m1-d1e-08-p4,100,Newton-SIN-BH,1e-7*n,9.999999999999999e-6,4,5,0.036314,0.022046200000000002,60.70991903948891,0.0,0.0005482,0.0,0.0128573,0.0,0.0,0.0008622999999999964,0.40618304687541584,0.0,-3.216057327417658e-15,8.215650382226158e-15,8.215650382226158e-15,2.0777787570717024e-14,8.215650382226158e-15,NaN,converged,24,24,0,0,0,0,4,2.0777787570717024e-14,1.12.6,lbt,1,1,Intel(R) Core(TM) 7 150U,NT,2abc7cc
degen-r20-m1-d1e-08-p4,100,Newton-SIN,1e-7*n,9.999999999999999e-6,4,9,0.0515373,0.0400522,77.71497536735531,0.0,1.98e-5,0.0,0.0108721,0.0,0.0,0.0005931999999999969,0.40618304687541584,0.0,-3.216057327417658e-15,8.215650382226158e-15,8.215650382226158e-15,2.0777787570717024e-14,8.215650382226158e-15,NaN,converged,24,24,0,0,0,0,4,2.0777787570717024e-14,1.12.6,lbt,1,1,Intel(R) Core(TM) 7 150U,NT,2abc7cc
degen-r20-m1-d1e-08-p4,100,AGD-SDAJ-BH,1e-7*n,1.0e-11,13,94,0.5513948,0.5455993,98.94893821994695,0.0,0.0002771,0.0,0.0,0.0,0.0,0.005518399999999954,0.40618304688573703,1.457610845901678e-11,-3.1578370831437963e-15,5.049738405205062e-12,5.049738405205062e-12,7.788733822880627e-12,5.049738405205062e-12,NaN,diag_feasible_at_xpre,0,0,19,19,0,0,13,2.0777787570717024e-14,1.12.6,lbt,1,1,Intel(R) Core(TM) 7 150U,NT,2abc7cc
degen-r20-m1-d1e-08-p4,100,AGD-SDAJ,1e-7*n,1.0e-11,11,81,0.4180953,0.41351960000000004,98.90558444450346,0.0,0.0002096,0.0,0.0,0.0,0.0,0.0043660999999999605,0.4061830468866047,1.4946807211253624e-11,-3.365017216070193e-15,5.5566662382489085e-12,5.5566662382489085e-12,7.846451231390716e-12,5.5566662382489085e-12,NaN,diag_feasible_at_xpre,0,0,18,16,2,0,11,2.0777787570717024e-14,1.12.6,lbt,1,1,Intel(R) Core(TM) 7 150U,NT,2abc7cc
degen-r20-m1-d1e-08-p4,100,Dykstra-APM,1e-7*n,9.999999999999999e-6,106,106,0.6060578,0.555385,91.63894928833521,0.0,0.0,0.0,0.0,0.0241893,0.0,0.026483499999999962,0.4061830468576513,2.088320080958198e-11,-3.1247181583788786e-15,1.546318628697918e-12,1.546318628697918e-12,9.24128869995969e-12,1.546318628697918e-12,NaN,diag_feasible,0,0,0,0,0,0,106,2.0777787570717024e-14,1.12.6,lbt,1,1,Intel(R) Core(TM) 7 150U,NT,2abc7cc
degen-r20-m1-d1e-08-p4,100,Anderson-APM,1e-7*n,9.999999999999999e-6,34,34,0.261227,0.1782382,68.23115527874225,0.0,0.0,0.0,0.0,0.0,0.0753472,0.007641599999999971,0.4061830468891039,1.7128698062439536e-11,-3.6291096117757405e-15,1.446398556481654e-12,1.446398556481654e-12,8.039825949591281e-12,1.446398556481654e-12,NaN,diag_feasible,0,0,0,0,0,0,34,2.0777787570717024e-14,1.12.6,lbt,1,1,Intel(R) Core(TM) 7 150U,NT,2abc7cc
degen-r20-m1-d1e-10-p0,100,SBB-Dual,1e-7*n,1.0e-11,47,48,0.266615,0.2632954,98.75490876357296,0.0003055,0.0001316,0.0002197,0.0,0.0,0.0,0.0026627999999999778,0.4056931842192062,7.77010920592237e-12,-3.633462528466687e-15,1.326938559031987e-12,0.0,7.828240389494482e-12,1.326938559031987e-12,100.0,diag_feasible,0,0,0,0,0,0,47,2.2508522617589782e-14,1.12.6,lbt,1,1,Intel(R) Core(TM) 7 150U,NT,2abc7cc
degen-r20-m1-d1e-10-p0,100,Newton-SIN-BH,1e-7*n,9.999999999999999e-6,5,6,0.0483156,0.0327929,67.87228141635414,0.0,2.11e-5,0.0,0.0145704,0.0,0.0,0.0009312000000000001,0.4056931842192098,0.0,-3.4273809358816885e-15,8.43769498715119e-15,8.43769498715119e-15,2.2508522617589782e-14,8.43769498715119e-15,NaN,converged,38,38,0,0,0,0,5,2.2508522617589782e-14,1.12.6,lbt,1,1,Intel(R) Core(TM) 7 150U,NT,2abc7cc
degen-r20-m1-d1e-10-p0,100,Newton-SIN,1e-7*n,9.999999999999999e-6,6,16,0.048685,0.03927,80.66139468008627,0.0,2.12e-5,0.0,0.0088077,0.0,0.0,0.0005860999999999991,0.40569318421361295,1.3973435363815584e-11,-3.5148008866406647e-15,5.663913782427699e-12,5.663913782427699e-12,7.980013586262827e-12,5.663913782427699e-12,NaN,converged,52,52,3,0,0,0,6,2.2508522617589782e-14,1.12.6,lbt,1,1,Intel(R) Core(TM) 7 150U,NT,2abc7cc
degen-r20-m1-d1e-10-p0,100,AGD-SDAJ-BH,1e-7*n,1.0e-11,9,60,0.2450385,0.2420081,98.76329637995663,0.0,0.0001504,0.0,0.0,0.0,0.0,0.0028799999999999885,0.40569318422895184,1.4190015020024638e-11,-3.2123460281049322e-15,3.9113157157544265e-12,3.9113157157544265e-12,7.518864257925491e-12,3.9113157157544265e-12,NaN,diag_feasible,0,0,7,7,0,0,9,2.2508522617589782e-14,1.12.6,lbt,1,1,Intel(R) Core(TM) 7 150U,NT,2abc7cc
degen-r20-m1-d1e-10-p0,100,AGD-SDAJ,1e-7*n,1.0e-11,9,69,0.3797227,0.3740993,98.51907721081726,0.0,0.0002825,0.0,0.0,0.0,0.0,0.005340900000000001,0.4056931842289657,1.4203810879667863e-11,-4.072925403736229e-15,3.910649581939651e-12,3.910649581939651e-12,7.524262119047627e-12,3.910649581939651e-12,NaN,diag_feasible_at_xpre,0,0,18,7,11,0,9,2.2508522617589782e-14,1.12.6,lbt,1,1,Intel(R) Core(TM) 7 150U,NT,2abc7cc
degen-r20-m1-d1e-10-p0,100,Dykstra-APM,1e-7*n,9.999999999999999e-6,106,106,0.6027588,0.5522578,91.62169013542398,0.0,0.0,0.0,0.0,0.0277003,0.0,0.022800700000000017,0.4056931842016248,2.066416261529561e-11,-3.571156470438375e-15,1.5625278848574453e-12,1.5625278848574453e-12,9.138607203415252e-12,1.5625278848574453e-12,NaN,diag_feasible,0,0,0,0,0,0,106,2.2508522617589782e-14,1.12.6,lbt,1,1,Intel(R) Core(TM) 7 150U,NT,2abc7cc
degen-r20-m1-d1e-10-p0,100,Anderson-APM,1e-7*n,9.999999999999999e-6,37,37,0.2556377,0.1619699,63.35916024905559,0.0,0.0,0.0,0.0,0.0,0.0848203,0.008847500000000022,0.4056931842321074,1.69397870912844e-11,-3.3576883316578246e-15,2.3501200985265314e-12,2.3501200985265314e-12,8.226879483316515e-12,2.3501200985265314e-12,NaN,diag_feasible,0,0,0,0,0,0,37,2.2508522617589782e-14,1.12.6,lbt,1,1,Intel(R) Core(TM) 7 150U,NT,2abc7cc
degen-r20-m1-d1e-10-p1,100,SBB-Dual,1e-7*n,1.0e-11,48,49,0.2569243,0.2501684,97.37047060165193,0.0002911,0.0001301,0.0020139,0.0,0.0,0.0,0.004320799999999981,0.39907640457164245,7.2682907587461425e-12,-3.931665691400564e-15,1.2099210522364956e-12,0.0,7.295811450453729e-12,1.2099210522364956e-12,100.0,diag_feasible,0,0,0,0,0,0,48,8.628554495259357e-14,1.12.6,lbt,1,1,Intel(R) Core(TM) 7 150U,NT,2abc7cc
degen-r20-m1-d1e-10-p1,100,Newton-SIN-BH,1e-7*n,9.999999999999999e-6,5,6,0.0599701,0.0344304,57.41261061762445,0.0,2.25e-5,0.0,0.0206966,0.0,0.0,0.004820599999999998,0.39907640457163435,0.0,-3.645043527707324e-15,2.7977620220553945e-14,2.7977620220553945e-14,8.628554495259357e-14,2.7977620220553945e-14,NaN,converged,38,38,0,0,0,0,5,8.628554495259357e-14,1.12.6,lbt,1,1,Intel(R) Core(TM) 7 150U,NT,2abc7cc
degen-r20-m1-d1e-10-p1,100,Newton-SIN,1e-7*n,9.999999999999999e-6,9,32,0.2175831,0.1843865,84.74302461909957,0.0,7.37e-5,0.0,0.031486,0.0,0.0,0.0016368999999999898,0.3990764045716388,1.909475079258773e-13,-3.272774061725899e-15,1.1546319456101628e-14,1.1546319456101628e-14,3.2656602122653535e-14,1.1546319456101628e-14,NaN,converged,86,86,13,0,0,0,9,8.628554495259357e-14,1.12.6,lbt,1,1,Intel(R) Core(TM) 7 150U,NT,2abc7cc
degen-r20-m1-d1e-10-p1,100,AGD-SDAJ-BH,1e-7*n,1.0e-11,8,52,0.2983159,0.2947989,98.82104842551134,0.0,0.000153,0.0,0.0,0.0,0.0,0.003364000000000048,0.3990764045822038,1.4048114733115819e-11,-3.626219712918054e-15,3.573807916268379e-12,3.573807916268379e-12,7.1295367140391214e-12,3.573807916268379e-12,NaN,diag_feasible,0,0,5,5,0,0,8,8.628554495259357e-14,1.12.6,lbt,1,1,Intel(R) Core(TM) 7 150U,NT,2abc7cc
degen-r20-m1-d1e-10-p1,100,AGD-SDAJ,1e-7*n,1.0e-11,62,1611,9.9853603,9.7935957,98.0795425078452,0.0,0.0059222,0.0,0.0,0.0,0.0,0.18584240000000085,0.3990764045762497,7.472048067064793e-12,-3.0412896902015203e-15,3.087863298389948e-12,3.087863298389948e-12,4.2454648930743624e-12,3.087863298389948e-12,NaN,diag_feasible,0,0,1291,65,1226,0,62,8.628554495259357e-14,1.12.6,lbt,1,1,Intel(R) Core(TM) 7 150U,NT,2abc7cc
degen-r20-m1-d1e-10-p1,100,Dykstra-APM,1e-7*n,9.999999999999999e-6,108,108,0.6684507,0.5850376,87.52142828184638,0.0,0.0,0.0,0.0,0.0476895,0.0,0.035723599999999904,0.39907640455473103,1.9460774956603118e-11,-3.903290157381958e-15,1.447064690296429e-12,1.447064690296429e-12,8.631115228577918e-12,1.447064690296429e-12,NaN,diag_feasible,0,0,0,0,0,0,108,8.628554495259357e-14,1.12.6,lbt,1,1,Intel(R) Core(TM) 7 150U,NT,2abc7cc
degen-r20-m1-d1e-10-p1,100,Anderson-APM,1e-7*n,9.999999999999999e-6,30,30,0.2159305,0.1487971,68.90971863632048,0.0,0.0,0.0,0.0,0.0,0.0600988,0.007034600000000009,0.3990764045851849,1.6722174162691782e-11,-3.4038649621667342e-15,1.5581980150614072e-12,1.5581980150614072e-12,7.767876263947814e-12,1.5581980150614072e-12,NaN,diag_feasible,0,0,0,0,0,0,30,8.628554495259357e-14,1.12.6,lbt,1,1,Intel(R) Core(TM) 7 150U,NT,2abc7cc
degen-r20-m1-d1e-10-p2,100,SBB-Dual,1e-7*n,1.0e-11,47,48,0.2382236,0.23378580000000002,98.13712831138477,0.0003446,0.0001785,0.0005394,0.0,0.0,0.0,0.0033752999999999925,0.40605894852999164,5.869452869060227e-12,-3.334587933920554e-15,9.068301665138279e-13,0.0,6.294421821018032e-12,9.068301665138279e-13,100.0,diag_feasible,0,0,0,0,0,0,47,1.940350981055675e-14,1.12.6,lbt,1,1,Intel(R) Core(TM) 7 150U,NT,2abc7cc
degen-r20-m1-d1e-10-p2,100,Newton-SIN-BH,1e-7*n,9.999999999999999e-6,4,5,0.0316425,0.0219126,69.25053330173029,0.0,1.66e-5,0.0,0.0089486,0.0,0.0,0.0007646999999999966,0.4060589485299886,0.0,-2.969171658048965e-15,5.551115123125783e-15,5.551115123125783e-15,1.940350981055675e-14,5.551115123125783e-15,NaN,converged,25,25,0,0,0,0,4,1.940350981055675e-14,1.12.6,lbt,1,1,Intel(R) Core(TM) 7 150U,NT,2abc7cc
degen-r20-m1-d1e-10-p2,100,Newton-SIN,1e-7*n,9.999999999999999e-6,8,76,0.4346226,0.3997542,91.97731549164723,0.0,0.0002636,0.0,0.0297119,0.0,0.0,0.0048929000000000195,0.4060589485299974,1.0163718822571999e-13,-3.316902230709285e-15,3.9968028886505635e-15,3.9968028886505635e-15,1.650502521312145e-14,3.9968028886505635e-15,NaN,converged,73,73,59,0,0,0,8,1.940350981055675e-14,1.12.6,lbt,1,1,Intel(R) Core(TM) 7 150U,NT,2abc7cc
degen-r20-m1-d1e-10-p2,100,AGD-SDAJ-BH,1e-7*n,1.0e-11,10,67,0.3543994,0.3503059,98.84494725442539,0.0,0.0002002,0.0,0.0,0.0,0.0,0.003893299999999972,0.4060589485435502,1.8177502557212595e-11,-3.498811776300245e-15,6.1812777119030216e-12,6.1812777119030216e-12,9.39801017406633e-12,6.1812777119030216e-12,NaN,diag_feasible_at_xpre,0,0,10,10,0,0,10,1.940350981055675e-14,1.12.6,lbt,1,1,Intel(R) Core(TM) 7 150U,NT,2abc7cc
degen-r20-m1-d1e-10-p2,100,AGD-SDAJ,1e-7*n,1.0e-11,115,4001,6.9735529,6.8396395,98.07969621912525,0.0,0.003557,0.0,0.0,0.0,0.0,0.13035639999999996,0.4060589515383151,6.093473173934857e-9,-3.4477923462319423e-15,2.1108890191356977e-9,2.1108890191356977e-9,3.598594464114476e-9,2.1108890191356977e-9,NaN,evd_budget,0,0,3420,222,3198,0,115,1.940350981055675e-14,1.12.6,lbt,1,1,Intel(R) Core(TM) 7 150U,NT,2abc7cc
degen-r20-m1-d1e-10-p2,100,Dykstra-APM,1e-7*n,9.999999999999999e-6,105,105,0.2062304,0.172483,83.636069173119,0.0,0.0,0.0,0.0,0.0235398,0.0,0.010207600000000011,0.406058948511776,2.130182316782548e-11,-3.97178611435287e-15,1.3695711231775931e-12,1.3695711231775931e-12,9.446137045991424e-12,1.3695711231775931e-12,NaN,diag_feasible,0,0,0,0,0,0,105,1.940350981055675e-14,1.12.6,lbt,1,1,Intel(R) Core(TM) 7 150U,NT,2abc7cc
degen-r20-m1-d1e-10-p2,100,Anderson-APM,1e-7*n,9.999999999999999e-6,33,33,0.0676761,0.0559553,82.68103510692845,0.0,0.0,0.0,0.0,0.0,0.0101294,0.0015914000000000032,0.40605894854409524,1.9101264976657668e-11,-3.225203560123051e-15,2.474020988074699e-12,2.474020988074699e-12,9.376013219144132e-12,2.474020988074699e-12,NaN,diag_feasible,0,0,0,0,0,0,33,1.940350981055675e-14,1.12.6,lbt,1,1,Intel(R) Core(TM) 7 150U,NT,2abc7cc
degen-r20-m1-d1e-10-p3,100,SBB-Dual,1e-7*n,1.0e-11,46,47,0.0648043,0.063976,98.7218440751617,5.63e-5,3.41e-5,3.57e-5,0.0,0.0,0.0,0.0007021999999999901,0.40637818037336687,9.30046791956734e-12,-3.5080074201896276e-15,1.4648282586904315e-12,0.0,8.797045890415796e-12,1.4648282586904315e-12,100.0,diag_feasible,0,0,0,0,0,0,46,3.574969857382783e-14,1.12.6,lbt,1,1,Intel(R) Core(TM) 7 150U,NT,2abc7cc
degen-r20-m1-d1e-10-p3,100,Newton-SIN-BH,1e-7*n,9.999999999999999e-6,4,5,0.0128752,0.0097004,75.34174226419783,0.0,6.8e-6,0.0,0.0028607,0.0,0.0,0.00030730000000000037,0.40637818037337425,0.0,-4.225440850289802e-15,1.2878587085651816e-14,1.2878587085651816e-14,3.574969857382783e-14,1.2878587085651816e-14,NaN,converged,26,26,0,0,0,0,4,3.574969857382783e-14,1.12.6,lbt,1,1,Intel(R) Core(TM) 7 150U,NT,2abc7cc
degen-r20-m1-d1e-10-p3,100,Newton-SIN,1e-7*n,9.999999999999999e-6,4,9,0.0201126,0.0170708,84.87614729075307,0.0,9.8e-6,0.0,0.0028162,0.0,0.0,0.0002158000000000008,0.40637818037337425,0.0,-4.225440850289802e-15,1.2878587085651816e-14,1.2878587085651816e-14,3.574969857382783e-14,1.2878587085651816e-14,NaN,converged,26,26,0,0,0,0,4,3.574969857382783e-14,1.12.6,lbt,1,1,Intel(R) Core(TM) 7 150U,NT,2abc7cc
degen-r20-m1-d1e-10-p3,100,AGD-SDAJ-BH,1e-7*n,1.0e-11,9,63,0.0911554,0.0900928,98.83429835204498,0.0,4.43e-5,0.0,0.0,0.0,0.0,0.001018299999999997,0.40637818038555223,1.643897607851371e-11,-3.200960490664068e-15,4.815925436219004e-12,4.815925436219004e-12,8.41939042090756e-12,4.815925436219004e-12,NaN,diag_feasible,0,0,10,10,0,0,9,3.574969857382783e-14,1.12.6,lbt,1,1,Intel(R) Core(TM) 7 150U,NT,2abc7cc
degen-r20-m1-d1e-10-p3,100,AGD-SDAJ,1e-7*n,1.0e-11,9,69,0.1043162,0.1030359,98.77267385123308,0.0,5.64e-5,0.0,0.0,0.0,0.0,0.001223899999999998,0.40637818037882384,8.069655242750443e-12,-3.33913365803116e-15,2.7819968551057173e-12,2.7819968551057173e-12,4.392165240334754e-12,2.7819968551057173e-12,NaN,diag_feasible_at_xpre,0,0,18,12,6,0,9,3.574969857382783e-14,1.12.6,lbt,1,1,Intel(R) Core(TM) 7 150U,NT,2abc7cc
degen-r20-m1-d1e-10-p3,100,Dykstra-APM,1e-7*n,9.999999999999999e-6,105,105,0.1670873,0.1578451,94.46864004625127,0.0,0.0,0.0,0.0,0.0062159,0.0,0.003026300000000006,0.4063781803575199,1.857659912143478e-11,-4.151378842703909e-15,1.3813394872386198e-12,1.3813394872386198e-12,8.234182756147131e-12,1.3813394872386198e-12,NaN,diag_feasible,0,0,0,0,0,0,105,3.574969857382783e-14,1.12.6,lbt,1,1,Intel(R) Core(TM) 7 150U,NT,2abc7cc
degen-r20-m1-d1e-10-p3,100,Anderson-APM,1e-7*n,9.999999999999999e-6,35,35,0.0506827,0.0422189,83.30041611832044,0.0,0.0,0.0,0.0,0.0,0.0072738,0.00119,0.40637818039104934,2.095330090244154e-11,-3.4676869375973434e-15,1.5457635171856055e-12,1.5457635171856055e-12,9.459904350167768e-12,1.5457635171856055e-12,NaN,diag_feasible,0,0,0,0,0,0,35,3.574969857382783e-14,1.12.6,lbt,1,1,Intel(R) Core(TM) 7 150U,NT,2abc7cc
degen-r20-m1-d1e-10-p4,100,SBB-Dual,1e-7*n,1.0e-11,47,48,0.0678014,0.0668692,98.62510213653407,6.58e-5,3.98e-5,4.19e-5,0.0,0.0,0.0,0.0007846999999999942,0.4061830487105367,6.4098759565953774e-12,-3.5485787220749188e-15,1.0607070777268746e-12,0.0,6.297275186947134e-12,1.0607070777268746e-12,100.0,diag_feasible,0,0,0,0,0,0,47,2.2035340095291854e-14,1.12.6,lbt,1,1,Intel(R) Core(TM) 7 150U,NT,2abc7cc
degen-r20-m1-d1e-10-p4,100,Newton-SIN-BH,1e-7*n,9.999999999999999e-6,4,5,0.0083937,0.006101700000000001,72.69380606883735,0.0,4.2e-6,0.0,0.0020527,0.0,0.0,0.00023509999999999937,0.40618304871053956,0.0,-3.475552400072205e-15,6.8833827526759706e-15,6.8833827526759706e-15,2.2035340095291854e-14,6.8833827526759706e-15,NaN,converged,26,26,0,0,0,0,4,2.2035340095291854e-14,1.12.6,lbt,1,1,Intel(R) Core(TM) 7 150U,NT,2abc7cc
degen-r20-m1-d1e-10-p4,100,Newton-SIN,1e-7*n,9.999999999999999e-6,7,24,0.0462075,0.0385042,83.32889682410865,0.0,2.01e-5,0.0,0.0071837,0.0,0.0,0.0004994999999999956,0.40618304871054445,1.4263205963238183e-13,-3.6430384280754015e-15,5.773159728050814e-15,5.773159728050814e-15,2.2322110008058506e-14,5.773159728050814e-15,NaN,converged,65,65,9,0,0,0,7,2.2035340095291854e-14,1.12.6,lbt,1,1,Intel(R) Core(TM) 7 150U,NT,2abc7cc
degen-r20-m1-d1e-10-p4,100,AGD-SDAJ-BH,1e-7*n,1.0e-11,10,73,0.1044101,0.10287460000000001,98.52935683425262,0.0,6.05e-5,0.0,0.0,0.0,0.0,0.0014749999999999952,0.40618304871641525,1.4774809719266005e-11,-3.5347961089319956e-15,2.794209308376594e-12,2.794209308376594e-12,8.721874194446939e-12,2.794209308376594e-12,NaN,diag_feasible_at_xpre,0,0,14,14,0,0,10,2.2035340095291854e-14,1.12.6,lbt,1,1,Intel(R) Core(TM) 7 150U,NT,2abc7cc
degen-r20-m1-d1e-10-p4,100,AGD-SDAJ,1e-7*n,1.0e-11,135,4022,7.1679156,7.0746938,98.69945734294082,0.0,0.0033709,0.0,0.0,0.0,0.0,0.08985089999999936,0.40618304896294877,4.17648146479194e-10,-3.1848238569260627e-15,1.3604095627783863e-10,1.3604095627783863e-10,2.3882304469049324e-10,1.3604095627783863e-10,NaN,evd_budget,0,0,3339,140,3199,0,135,2.2035340095291854e-14,1.12.6,lbt,1,1,Intel(R) Core(TM) 7 150U,NT,2abc7cc
degen-r20-m1-d1e-10-p4,100,Dykstra-APM,1e-7*n,9.999999999999999e-6,105,105,0.1763713,0.1665442,94.42817510558692,0.0,0.0,0.0,0.0,0.0066093,0.0,0.003217800000000005,0.40618304869240585,2.131589588155053e-11,-3.1884226619957228e-15,1.6016077353242508e-12,1.6016077353242508e-12,9.435923033284802e-12,1.6016077353242508e-12,NaN,diag_feasible,0,0,0,0,0,0,105,2.2035340095291854e-14,1.12.6,lbt,1,1,Intel(R) Core(TM) 7 150U,NT,2abc7cc
degen-r20-m1-d1e-10-p4,100,Anderson-APM,1e-7*n,9.999999999999999e-6,34,34,0.0619563,0.0521646,84.19579606916487,0.0,0.0,0.0,0.0,0.0,0.0083629,0.001428800000000001,0.4061830487242174,1.7117977880269158e-11,-3.381953587352888e-15,1.4453993557594913e-12,1.4453993557594913e-12,8.033680323831904e-12,1.4453993557594913e-12,NaN,diag_feasible,0,0,0,0,0,0,34,2.2035340095291854e-14,1.12.6,lbt,1,1,Intel(R) Core(TM) 7 150U,NT,2abc7cc
degen-r20-m1-d0-p0,100,SBB-Dual,1e-7*n,1.0e-11,47,48,0.0769054,0.0754308,98.08257937674078,0.0002518,4.93e-5,3.55e-5,0.0,0.0,0.0,0.0011379999999999927,0.40569318423718764,7.224281452379743e-12,-2.8586334779367763e-15,1.2403411631112249e-12,0.0,6.794209412347276e-12,1.2403411631112249e-12,100.0,diag_feasible,0,0,0,0,0,0,47,1.532349107807003e-14,1.12.6,lbt,1,1,Intel(R) Core(TM) 7 150U,NT,2abc7cc
degen-r20-m1-d0-p0,100,Newton-SIN-BH,1e-7*n,9.999999999999999e-6,4,5,0.011776,0.0086175,73.17849864130434,0.0,7.6e-6,0.0,0.0028151,0.0,0.0,0.0003357999999999998,0.40569318423717654,0.0,-3.2543065041681533e-15,5.995204332975845e-15,5.995204332975845e-15,1.532349107807003e-14,5.995204332975845e-15,NaN,converged,25,25,0,0,0,0,4,1.532349107807003e-14,1.12.6,lbt,1,1,Intel(R) Core(TM) 7 150U,NT,2abc7cc
degen-r20-m1-d0-p0,100,Newton-SIN,1e-7*n,9.999999999999999e-6,100,2974,5.2546481,5.0059295,95.26669350132124,0.0,0.0036134,0.0,0.155912,0.0,0.0,0.08919320000000014,0.405693184147018,6.861158142171053e-10,-3.253929060010958e-15,4.2034375979937977e-10,4.2034375979937977e-10,4.366163057996991e-10,4.2034375979937977e-10,NaN,max_iter,1177,1177,2773,0,0,0,100,1.532349107807003e-14,1.12.6,lbt,1,1,Intel(R) Core(TM) 7 150U,NT,2abc7cc
degen-r20-m1-d0-p0,100,AGD-SDAJ-BH,1e-7*n,1.0e-11,9,63,0.072895,0.0718171,98.5212977570478,0.0,4.51e-5,0.0,0.0,0.0,0.0,0.0010328000000000067,0.40569318424257783,7.190075367513434e-12,-3.3483746516588005e-15,1.59539048638635e-12,1.59539048638635e-12,3.5703819103525094e-12,1.59539048638635e-12,NaN,diag_feasible,0,0,8,8,0,0,9,1.532349107807003e-14,1.12.6,lbt,1,1,Intel(R) Core(TM) 7 150U,NT,2abc7cc
degen-r20-m1-d0-p0,100,AGD-SDAJ,1e-7*n,1.0e-11,9,81,0.1070856,0.1057226,98.72718647511897,0.0,6.48e-5,0.0,0.0,0.0,0.0,0.001298200000000003,0.40569318424416145,9.353810167829653e-12,-2.886397109260023e-15,2.220890138460163e-12,2.220890138460163e-12,4.699635056916542e-12,2.220890138460163e-12,NaN,diag_feasible,0,0,26,16,10,0,9,1.532349107807003e-14,1.12.6,lbt,1,1,Intel(R) Core(TM) 7 150U,NT,2abc7cc
degen-r20-m1-d0-p0,100,Dykstra-APM,1e-7*n,9.999999999999999e-6,106,106,0.1876957,0.1733221,92.34207283384755,0.0,0.0,0.0,0.0,0.0095018,0.0,0.004871799999999987,0.40569318422163037,1.8093356816912268e-11,-3.419696684844464e-15,1.4857004515533845e-12,1.4857004515533845e-12,8.1423764770268e-12,1.4857004515533845e-12,NaN,diag_feasible,0,0,0,0,0,0,106,1.532349107807003e-14,1.12.6,lbt,1,1,Intel(R) Core(TM) 7 150U,NT,2abc7cc
degen-r20-m1-d0-p0,100,Anderson-APM,1e-7*n,9.999999999999999e-6,37,37,0.1334806,0.104717,78.45110075921146,0.0,0.0,0.0,0.0,0.0,0.0188879,0.009875700000000001,0.405693184250199,1.705484446957577e-11,-4.380862127697995e-15,2.3540058791127194e-12,2.3540058791127194e-12,8.263633778467634e-12,2.3540058791127194e-12,NaN,diag_feasible,0,0,0,0,0,0,37,1.532349107807003e-14,1.12.6,lbt,1,1,Intel(R) Core(TM) 7 150U,NT,2abc7cc
degen-r20-m1-d0-p1,100,SBB-Dual,1e-7*n,1.0e-11,48,49,0.0676579,0.0663854,98.11921445980438,9.26e-5,5.21e-5,3.06e-5,0.0,0.0,0.0,0.0010972000000000098,0.39907640457582216,6.956687880786215e-12,-4.259931312712156e-15,1.1692868895352149e-12,0.0,7.0676418184979745e-12,1.1692868895352149e-12,100.0,diag_feasible,0,0,0,0,0,0,48,6.617339027944133e-14,1.12.6,lbt,1,1,Intel(R) Core(TM) 7 150U,NT,2abc7cc
degen-r20-m1-d0-p1,100,Newton-SIN-BH,1e-7*n,9.999999999999999e-6,4,5,0.0093356,0.006774799999999999,72.56951883114101,0.0,6.4e-6,0.0,0.0022639,0.0,0.0,0.00029049999999999996,0.3990764045758248,0.0,-3.4634452895598507e-15,1.7541523789077473e-14,1.7541523789077473e-14,6.617339027944133e-14,1.7541523789077473e-14,NaN,converged,25,25,0,0,0,0,4,6.617339027944133e-14,1.12.6,lbt,1,1,Intel(R) Core(TM) 7 150U,NT,2abc7cc
degen-r20-m1-d0-p1,100,Newton-SIN,1e-7*n,9.999999999999999e-6,5,13,0.0312836,0.0255317,81.61368896162845,0.0,1.51e-5,0.0,0.0053485,0.0,0.0,0.00038830000000000114,0.3990764045758272,7.630601320783658e-13,-3.5457772943865675e-15,2.0539125955565396e-14,2.0539125955565396e-14,7.622859523606971e-14,2.0539125955565396e-14,NaN,converged,38,38,2,0,0,0,5,6.617339027944133e-14,1.12.6,lbt,1,1,Intel(R) Core(TM) 7 150U,NT,2abc7cc
degen-r20-m1-d0-p1,100,AGD-SDAJ-BH,1e-7*n,1.0e-11,10,65,0.1204845,0.1188496,98.64306197062693,0.0,8.76e-5,0.0,0.0,0.0,0.0,0.0015472999999999947,0.39907640458337323,1.1100669420072325e-11,-3.3910372439339697e-15,4.192424185589516e-12,4.192424185589516e-12,6.105897056839133e-12,4.192424185589516e-12,NaN,diag_feasible_at_xpre,0,0,8,8,0,0,10,6.617339027944133e-14,1.12.6,lbt,1,1,Intel(R) Core(TM) 7 150U,NT,2abc7cc
degen-r20-m1-d0-p1,100,AGD-SDAJ,1e-7*n,1.0e-11,9,76,0.1792309,0.1768124,98.65062330212035,0.0,0.0001311,0.0,0.0,0.0,0.0,0.0022873999999999902,0.3990764045834094,9.941744027150613e-12,-3.691646827688677e-15,2.132627408002463e-12,2.132627408002463e-12,4.963384566183121e-12,2.132627408002463e-12,NaN,diag_feasible,0,0,21,9,12,0,9,6.617339027944133e-14,1.12.6,lbt,1,1,Intel(R) Core(TM) 7 150U,NT,2abc7cc
degen-r20-m1-d0-p1,100,Dykstra-APM,1e-7*n,9.999999999999999e-6,108,108,0.1848467,0.1697569,91.83658674999337,0.0,0.0,0.0,0.0,0.0096425,0.0,0.005447300000000014,0.39907640455941823,1.874259574974003e-11,-3.8796167006035326e-15,1.396660564978447e-12,1.396660564978447e-12,8.341099445491376e-12,1.396660564978447e-12,NaN,diag_feasible,0,0,0,0,0,0,108,6.617339027944133e-14,1.12.6,lbt,1,1,Intel(R) Core(TM) 7 150U,NT,2abc7cc
degen-r20-m1-d0-p1,100,Anderson-APM,1e-7*n,9.999999999999999e-6,30,30,0.05159,0.0427178,82.80248110098856,0.0,0.0,0.0,0.0,0.0,0.0067544,0.002117799999999997,0.39907640459060095,1.778417727467969e-11,-3.329911813596439e-15,1.6716628081780982e-12,1.6716628081780982e-12,8.159026172361378e-12,1.6716628081780982e-12,NaN,diag_feasible,0,0,0,0,0,0,30,6.617339027944133e-14,1.12.6,lbt,1,1,Intel(R) Core(TM) 7 150U,NT,2abc7cc
degen-r20-m1-d0-p2,100,SBB-Dual,1e-7*n,1.0e-11,46,47,0.0544091,0.0536375,98.58185487354136,4.49e-5,3.02e-5,6.54e-5,0.0,0.0,0.0,0.0006311000000000043,0.40605894854839186,9.085351849863306e-12,-3.0347683347177938e-15,1.390665360645471e-12,0.0,8.978353776181511e-12,1.390665360645471e-12,100.0,diag_feasible,0,0,0,0,0,0,46,2.45587757400087e-14,1.12.6,lbt,1,1,Intel(R) Core(TM) 7 150U,NT,2abc7cc
degen-r20-m1-d0-p2,100,Newton-SIN-BH,1e-7*n,9.999999999999999e-6,4,5,0.0102847,0.007187600000000001,69.88633601369024,0.0,7.1e-6,0.0,0.0027117,0.0,0.0,0.00037830000000000025,0.40605894854839614,0.0,-3.901964107702311e-15,8.215650382226158e-15,8.215650382226158e-15,2.45587757400087e-14,8.215650382226158e-15,NaN,converged,25,25,0,0,0,0,4,2.45587757400087e-14,1.12.6,lbt,1,1,Intel(R) Core(TM) 7 150U,NT,2abc7cc
degen-r20-m1-d0-p2,100,Newton-SIN,1e-7*n,9.999999999999999e-6,6,18,0.0353803,0.0294474,83.23106361449732,0.0,1.6e-5,0.0,0.0054992,0.0,0.0,0.00041770000000000435,0.4060589485483971,1.5450337049549955e-13,-3.1871185885243874e-15,6.439293542825908e-15,6.439293542825908e-15,2.5453663710116234e-14,6.439293542825908e-15,NaN,converged,49,49,5,0,0,0,6,2.45587757400087e-14,1.12.6,lbt,1,1,Intel(R) Core(TM) 7 150U,NT,2abc7cc
degen-r20-m1-d0-p2,100,AGD-SDAJ-BH,1e-7*n,1.0e-11,11,79,0.1332265,0.1312365,98.50630317541932,0.0,0.0001018,0.0,0.0,0.0,0.0,0.0018881999999999918,0.40605894856148145,1.7459011070080588e-11,-3.128829212601602e-15,5.566658245470535e-12,5.566658245470535e-12,8.988617618699417e-12,5.566658245470535e-12,NaN,diag_feasible_at_xpre,0,0,16,16,0,0,11,2.45587757400087e-14,1.12.6,lbt,1,1,Intel(R) Core(TM) 7 150U,NT,2abc7cc
degen-r20-m1-d0-p2,100,AGD-SDAJ,1e-7*n,1.0e-11,11,111,0.1719746,0.1695712,98.60246803888481,0.0,0.0001135,0.0,0.0,0.0,0.0,0.0022899,0.40605894855175323,4.322373384702619e-12,-3.4911213719891187e-15,5.486722187697524e-13,5.486722187697524e-13,2.0921932149386387e-12,5.486722187697524e-13,NaN,diag_feasible,0,0,44,12,32,0,11,2.45587757400087e-14,1.12.6,lbt,1,1,Intel(R) Core(TM) 7 150U,NT,2abc7cc
degen-r20-m1-d0-p2,100,Dykstra-APM,1e-7*n,9.999999999999999e-6,105,105,0.1172538,0.1090557,93.00824365606914,0.0,0.0,0.0,0.0,0.0056209,0.0,0.0025772,0.40605894853240326,1.8488972918649783e-11,-3.0049335871921922e-15,1.2934098236883074e-12,1.2934098236883074e-12,8.344452232834114e-12,1.2934098236883074e-12,NaN,diag_feasible,0,0,0,0,0,0,105,2.45587757400087e-14,1.12.6,lbt,1,1,Intel(R) Core(TM) 7 150U,NT,2abc7cc
degen-r20-m1-d0-p2,100,Anderson-APM,1e-7*n,9.999999999999999e-6,33,33,0.0500913,0.0416879,83.22383328042993,0.0,0.0,0.0,0.0,0.0,0.0068751,0.001528299999999998,0.4060589485625321,1.9138357429900734e-11,-3.3339612162443496e-15,2.4829027722717e-12,2.4829027722717e-12,9.399464412757696e-12,2.4829027722717e-12,NaN,diag_feasible,0,0,0,0,0,0,33,2.45587757400087e-14,1.12.6,lbt,1,1,Intel(R) Core(TM) 7 150U,NT,2abc7cc
degen-r20-m1-d0-p3,100,SBB-Dual,1e-7*n,1.0e-11,46,47,0.047151,0.0464674,98.55018981569852,4.11e-5,2.49e-5,3.0e-5,0.0,0.0,0.0,0.0005875999999999995,0.4063781803920539,8.404785499823993e-12,-3.187095107172206e-15,1.3560264022771662e-12,0.0,7.429047894673206e-12,1.3560264022771662e-12,100.0,diag_feasible,0,0,0,0,0,0,46,2.0654027705266258e-14,1.12.6,lbt,1,1,Intel(R) Core(TM) 7 150U,NT,2abc7cc
degen-r20-m1-d0-p3,100,Newton-SIN-BH,1e-7*n,9.999999999999999e-6,4,5,0.0144701,0.0101301,70.00711812634329,0.0,1.06e-5,0.0,0.0038712,0.0,0.0,0.00045819999999999975,0.40637818039206147,0.0,-3.4888053743683512e-15,6.328271240363392e-15,6.328271240363392e-15,2.0654027705266258e-14,6.328271240363392e-15,NaN,converged,26,26,0,0,0,0,4,2.0654027705266258e-14,1.12.6,lbt,1,1,Intel(R) Core(TM) 7 150U,NT,2abc7cc
degen-r20-m1-d0-p3,100,Newton-SIN,1e-7*n,9.999999999999999e-6,5,13,0.0171218,0.0142163,83.03040568164562,0.0,6.3e-6,0.0,0.0027139,0.0,0.0,0.00018530000000000022,0.40637818039205853,1.5938024557023996e-13,-3.6582910075608866e-15,1.0880185641326534e-14,1.0880185641326534e-14,2.850550315697961e-14,1.0880185641326534e-14,NaN,converged,39,39,2,0,0,0,5,2.0654027705266258e-14,1.12.6,lbt,1,1,Intel(R) Core(TM) 7 150U,NT,2abc7cc
degen-r20-m1-d0-p3,100,AGD-SDAJ-BH,1e-7*n,1.0e-11,10,64,0.0670526,0.0662498,98.80273099029716,0.0,3.11e-5,0.0,0.0,0.0,0.0,0.0007717000000000062,0.4063781803980805,8.478722862133294e-12,-3.372314331759098e-15,2.7047253325918064e-12,2.7047253325918064e-12,4.464222310203358e-12,2.7047253325918064e-12,NaN,diag_feasible_at_xpre,0,0,7,7,0,0,10,2.0654027705266258e-14,1.12.6,lbt,1,1,Intel(R) Core(TM) 7 150U,NT,2abc7cc
degen-r20-m1-d0-p3,100,AGD-SDAJ,1e-7*n,1.0e-11,9,64,0.0797913,0.07871270000000001,98.64822355319441,0.0,4.29e-5,0.0,0.0,0.0,0.0,0.0010356999999999851,0.4063781803965875,6.19108039147387e-12,-3.78096328208553e-15,1.7184031975148173e-12,1.7184031975148173e-12,3.1723683702992158e-12,1.7184031975148173e-12,NaN,diag_feasible,0,0,9,7,2,0,9,2.0654027705266258e-14,1.12.6,lbt,1,1,Intel(R) Core(TM) 7 150U,NT,2abc7cc
degen-r20-m1-d0-p3,100,Dykstra-APM,1e-7*n,9.999999999999999e-6,104,104,0.1227381,0.1132773,92.29188002747313,0.0,0.0,0.0,0.0,0.0064452,0.0,0.0030156000000000054,0.40637818037494333,1.9722052568369053e-11,-3.77555821403233e-15,1.6271428648906294e-12,1.6271428648906294e-12,8.927964766979569e-12,1.6271428648906294e-12,NaN,diag_feasible,0,0,0,0,0,0,104,2.0654027705266258e-14,1.12.6,lbt,1,1,Intel(R) Core(TM) 7 150U,NT,2abc7cc
degen-r20-m1-d0-p3,100,Anderson-APM,1e-7*n,9.999999999999999e-6,35,35,0.0395877,0.0329845,83.32007163841293,0.0,0.0,0.0,0.0,0.0,0.0056109,0.0009923000000000032,0.4063781804097545,2.0969249813987982e-11,-3.5962867756152765e-15,1.5487611193520934e-12,1.5487611193520934e-12,9.46623988857122e-12,1.5487611193520934e-12,NaN,diag_feasible,0,0,0,0,0,0,35,2.0654027705266258e-14,1.12.6,lbt,1,1,Intel(R) Core(TM) 7 150U,NT,2abc7cc
degen-r20-m1-d0-p4,100,SBB-Dual,1e-7*n,1.0e-11,46,47,0.0507635,0.050062800000000005,98.61967752420539,4.09e-5,2.82e-5,4.26e-5,0.0,0.0,0.0,0.0005889999999999986,0.4061830487290731,9.642611644267416e-12,-2.987083556958536e-15,1.6000534230897756e-12,0.0,8.860343943237366e-12,1.6000534230897756e-12,100.0,diag_feasible,0,0,0,0,0,0,46,2.2291442631184124e-14,1.12.6,lbt,1,1,Intel(R) Core(TM) 7 150U,NT,2abc7cc
degen-r20-m1-d0-p4,100,Newton-SIN-BH,1e-7*n,9.999999999999999e-6,4,5,0.0100355,0.0073618,73.35758058890937,0.0,5.1e-6,0.0,0.0023807,0.0,0.0,0.00028789999999999935,0.4061830487290785,0.0,-3.3086370779946822e-15,7.993605777301127e-15,7.993605777301127e-15,2.2291442631184124e-14,7.993605777301127e-15,NaN,converged,26,26,0,0,0,0,4,2.2291442631184124e-14,1.12.6,lbt,1,1,Intel(R) Core(TM) 7 150U,NT,2abc7cc
degen-r20-m1-d0-p4,100,Newton-SIN,1e-7*n,9.999999999999999e-6,4,9,0.0236884,0.019579100000000002,82.65269076847741,0.0,1.13e-5,0.0,0.0038212,0.0,0.0,0.00027679999999999675,0.4061830487290785,0.0,-3.3086370779946822e-15,7.993605777301127e-15,7.993605777301127e-15,2.2291442631184124e-14,7.993605777301127e-15,NaN,converged,26,26,0,0,0,0,4,2.2291442631184124e-14,1.12.6,lbt,1,1,Intel(R) Core(TM) 7 150U,NT,2abc7cc
degen-r20-m1-d0-p4,100,AGD-SDAJ-BH,1e-7*n,1.0e-11,10,72,0.0963858,0.0951055,98.6716923032231,0.0,4.91e-5,0.0,0.0,0.0,0.0,0.001231199999999998,0.4061830487316443,7.250472068958397e-12,-3.58303103089592e-15,1.5171197631502764e-12,1.5171197631502764e-12,4.316018445022741e-12,1.5171197631502764e-12,NaN,diag_feasible_at_xpre,0,0,13,13,0,0,10,2.2291442631184124e-14,1.12.6,lbt,1,1,Intel(R) Core(TM) 7 150U,NT,2abc7cc
degen-r20-m1-d0-p4,100,AGD-SDAJ,1e-7*n,1.0e-11,11,99,0.1252469,0.1237541,98.80811421280687,0.0,6.27e-5,0.0,0.0,0.0,0.0,0.0014300999999999886,0.4061830487354317,8.527573779620181e-12,-3.2658976851660175e-15,2.576716617852526e-12,2.576716617852526e-12,4.37602386914963e-12,2.576716617852526e-12,NaN,diag_feasible,0,0,32,16,16,0,11,2.2291442631184124e-14,1.12.6,lbt,1,1,Intel(R) Core(TM) 7 150U,NT,2abc7cc
degen-r20-m1-d0-p4,100,Dykstra-APM,1e-7*n,9.999999999999999e-6,105,105,0.1577363,0.1329527,84.28795400931809,0.0,0.0,0.0,0.0,0.0175398,0.0,0.007243799999999988,0.4061830487133086,1.8271860120422284e-11,-3.113180544853752e-15,1.489697254442035e-12,1.489697254442035e-12,8.24830094839625e-12,1.489697254442035e-12,NaN,diag_feasible,0,0,0,0,0,0,105,2.2291442631184124e-14,1.12.6,lbt,1,1,Intel(R) Core(TM) 7 150U,NT,2abc7cc
degen-r20-m1-d0-p4,100,Anderson-APM,1e-7*n,9.999999999999999e-6,34,34,0.0580874,0.0481653,82.91867083050714,0.0,0.0,0.0,0.0,0.0,0.0083313,0.0015907999999999964,0.4061830487427711,1.713868031625921e-11,-3.319824180807352e-15,1.4453993557594913e-12,1.4453993557594913e-12,8.044800747864533e-12,1.4453993557594913e-12,NaN,diag_feasible,0,0,0,0,0,0,34,2.2291442631184124e-14,1.12.6,lbt,1,1,Intel(R) Core(TM) 7 150U,NT,2abc7cc
degen-r20-m5-d0.01-p0,100,SBB-Dual,1e-7*n,1.0e-11,48,49,0.0514865,0.050759700000000005,98.5883678245754,4.0e-5,2.32e-5,3.34e-5,0.0,0.0,0.0,0.0006301999999999927,0.4214867308028107,7.556741115657784e-12,-3.075832565342945e-15,1.2703171847761041e-12,0.0,7.617201183785273e-12,1.2703171847761041e-12,100.0,diag_feasible,0,0,0,0,0,0,48,1.4616624776151618e-14,1.12.6,lbt,1,1,Intel(R) Core(TM) 7 150U,NT,2abc7cc
degen-r20-m5-d0.01-p0,100,Newton-SIN-BH,1e-7*n,9.999999999999999e-6,4,5,0.0120458,0.0085495,70.97494562420096,0.0,6.4e-6,0.0,0.0031832,0.0,0.0,0.00030670000000000046,0.42148673080281823,0.0,-3.366099082728546e-15,5.551115123125783e-15,5.551115123125783e-15,1.4616624776151618e-14,5.551115123125783e-15,NaN,converged,26,26,0,0,0,0,4,1.4616624776151618e-14,1.12.6,lbt,1,1,Intel(R) Core(TM) 7 150U,NT,2abc7cc
degen-r20-m5-d0.01-p0,100,Newton-SIN,1e-7*n,9.999999999999999e-6,4,9,0.0192433,0.0157779,81.99165423809845,0.0,8.7e-6,0.0,0.0031617,0.0,0.0,0.00029500000000000056,0.42148673080281823,0.0,-3.366099082728546e-15,5.551115123125783e-15,5.551115123125783e-15,1.4616624776151618e-14,5.551115123125783e-15,NaN,converged,26,26,0,0,0,0,4,1.4616624776151618e-14,1.12.6,lbt,1,1,Intel(R) Core(TM) 7 150U,NT,2abc7cc
degen-r20-m5-d0.01-p0,100,AGD-SDAJ-BH,1e-7*n,1.0e-11,9,57,0.0635374,0.0627461,98.75459178373683,0.0,2.86e-5,0.0,0.0,0.0,0.0,0.0007626999999999947,0.42148673079738047,7.463650575652367e-12,-3.018053313714439e-15,8.553158181712206e-13,8.553158181712206e-13,3.5797698919168696e-12,8.553158181712206e-13,NaN,diag_feasible,0,0,2,2,0,0,9,1.4616624776151618e-14,1.12.6,lbt,1,1,Intel(R) Core(TM) 7 150U,NT,2abc7cc
degen-r20-m5-d0.01-p0,100,AGD-SDAJ,1e-7*n,1.0e-11,11,118,0.1368095,0.1350875,98.74131547882274,0.0,6.55e-5,0.0,0.0,0.0,0.0,0.0016565000000000013,0.42148673079552096,1.2308956228702302e-11,-3.1472049292972534e-15,3.68638453096537e-12,3.68638453096537e-12,6.747001460519636e-12,3.68638453096537e-12,NaN,diag_feasible_at_xpre,0,0,57,2,55,0,11,1.4616624776151618e-14,1.12.6,lbt,1,1,Intel(R) Core(TM) 7 150U,NT,2abc7cc
degen-r20-m5-d0.01-p0,100,Dykstra-APM,1e-7*n,9.999999999999999e-6,108,108,0.243964,0.2255899,92.46851994556575,0.0,0.0,0.0,0.0,0.0130078,0.0,0.005366299999999977,0.42148673078699983,2.0186495586885837e-11,-3.80655587066223e-15,1.4883649868124849e-12,1.4883649868124849e-12,8.925813952199776e-12,1.4883649868124849e-12,NaN,diag_feasible,0,0,0,0,0,0,108,1.4616624776151618e-14,1.12.6,lbt,1,1,Intel(R) Core(TM) 7 150U,NT,2abc7cc
degen-r20-m5-d0.01-p0,100,Anderson-APM,1e-7*n,9.999999999999999e-6,34,34,0.0681002,0.0559281,82.12619052513796,0.0,0.0,0.0,0.0,0.0,0.0107674,0.0014046999999999983,0.42148673079414184,1.3781156860670606e-11,-3.801180748449764e-15,1.6153745008296028e-12,1.6153745008296028e-12,6.663503657696348e-12,1.6153745008296028e-12,NaN,diag_feasible,0,0,0,0,0,0,34,1.4616624776151618e-14,1.12.6,lbt,1,1,Intel(R) Core(TM) 7 150U,NT,2abc7cc
degen-r20-m5-d0.01-p1,100,SBB-Dual,1e-7*n,1.0e-11,48,49,0.0969139,0.0953411,98.3771161825084,9.75e-5,7.88e-5,3.22e-5,0.0,0.0,0.0,0.0013642999999999993,0.4172996317629239,6.769389377672325e-12,-3.3918981469589042e-15,1.1295409052536343e-12,0.0,6.766689859830207e-12,1.1295409052536343e-12,100.0,diag_feasible,0,0,0,0,0,0,48,7.501526487047494e-14,1.12.6,lbt,1,1,Intel(R) Core(TM) 7 150U,NT,2abc7cc
degen-r20-m5-d0.01-p1,100,Newton-SIN-BH,1e-7*n,9.999999999999999e-6,4,5,0.0156608,0.0110618,70.63368410298324,0.0,1.08e-5,0.0,0.0040604,0.0,0.0,0.0005277999999999993,0.41729963176291995,0.0,-3.649100279438953e-15,1.8096635301390052e-14,1.8096635301390052e-14,7.501526487047494e-14,1.8096635301390052e-14,NaN,converged,26,26,0,0,0,0,4,7.501526487047494e-14,1.12.6,lbt,1,1,Intel(R) Core(TM) 7 150U,NT,2abc7cc
degen-r20-m5-d0.01-p1,100,Newton-SIN,1e-7*n,9.999999999999999e-6,6,28,0.0634668,0.055903,88.0822729364014,0.0,2.68e-5,0.0,0.0068383,0.0,0.0,0.0006987000000000018,0.4172996317629304,7.582165226197859e-13,-3.2746710140489637e-15,1.4210854715202004e-14,1.4210854715202004e-14,3.734411360461389e-14,1.4210854715202004e-14,NaN,converged,52,52,15,0,0,0,6,7.501526487047494e-14,1.12.6,lbt,1,1,Intel(R) Core(TM) 7 150U,NT,2abc7cc
degen-r20-m5-d0.01-p1,100,AGD-SDAJ-BH,1e-7*n,1.0e-11,11,78,0.1237906,0.1222891,98.78706460749038,0.0,6.25e-5,0.0,0.0,0.0,0.0,0.0014390000000000028,0.4172996317573839,9.130660448044033e-12,-3.3338651537904174e-15,3.225864020350855e-12,3.225864020350855e-12,5.0153999012207665e-12,3.225864020350855e-12,NaN,diag_feasible_at_xpre,0,0,15,15,0,0,11,7.501526487047494e-14,1.12.6,lbt,1,1,Intel(R) Core(TM) 7 150U,NT,2abc7cc
degen-r20-m5-d0.01-p1,100,AGD-SDAJ,1e-7*n,1.0e-11,9,77,0.0861498,0.0851866,98.88194749146255,0.0,3.86e-5,0.0,0.0,0.0,0.0,0.0009245999999999974,0.4172996317572041,8.669573918741249e-12,-3.91001623203516e-15,1.0174083797664935e-12,1.0174083797664935e-12,4.386040132700093e-12,1.0174083797664935e-12,NaN,diag_feasible,0,0,22,7,15,0,9,7.501526487047494e-14,1.12.6,lbt,1,1,Intel(R) Core(TM) 7 150U,NT,2abc7cc
degen-r20-m5-d0.01-p1,100,Dykstra-APM,1e-7*n,9.999999999999999e-6,108,108,0.136437,0.1254885,91.97541722553267,0.0,0.0,0.0,0.0,0.0077114,0.0,0.0032370999999999997,0.41729963174854723,1.8140488875721176e-11,-3.764082757486553e-15,1.3493650641294153e-12,1.3493650641294153e-12,8.04175303558075e-12,1.3493650641294153e-12,NaN,diag_feasible,0,0,0,0,0,0,108,7.501526487047494e-14,1.12.6,lbt,1,1,Intel(R) Core(TM) 7 150U,NT,2abc7cc
degen-r20-m5-d0.01-p1,100,Anderson-APM,1e-7*n,9.999999999999999e-6,39,39,0.0570957,0.0475585,83.29611511900195,0.0,0.0,0.0,0.0,0.0,0.0082557,0.0012815000000000031,0.4172996317690109,1.4128539889879375e-11,-3.5519653951305853e-15,3.3515412667384226e-12,3.3515412667384226e-12,7.2327658007720036e-12,3.3515412667384226e-12,NaN,diag_feasible,0,0,0,0,0,0,39,7.501526487047494e-14,1.12.6,lbt,1,1,Intel(R) Core(TM) 7 150U,NT,2abc7cc
degen-r20-m5-d0.01-p2,100,SBB-Dual,1e-7*n,1.0e-11,48,49,0.0724417,0.071478,98.66968886704758,6.28e-5,4.02e-5,3.5e-5,0.0,0.0,0.0,0.0008256999999999979,0.42153192860824007,6.2404977731116644e-12,-3.5205891814814386e-15,9.516831767086842e-13,0.0,6.693267994579586e-12,9.516831767086842e-13,100.0,diag_feasible,0,0,0,0,0,0,48,2.262132198735421e-14,1.12.6,lbt,1,1,Intel(R) Core(TM) 7 150U,NT,2abc7cc
degen-r20-m5-d0.01-p2,100,Newton-SIN-BH,1e-7*n,9.999999999999999e-6,4,5,0.0087153,0.0067481,77.42820097988594,0.0,4.4e-6,0.0,0.0017306,0.0,0.0,0.00023220000000000055,0.421531928608231,0.0,-3.186362338923517e-15,1.0658141036401503e-14,1.0658141036401503e-14,2.262132198735421e-14,1.0658141036401503e-14,NaN,converged,26,26,0,0,0,0,4,2.262132198735421e-14,1.12.6,lbt,1,1,Intel(R) Core(TM) 7 150U,NT,2abc7cc
degen-r20-m5-d0.01-p2,100,Newton-SIN,1e-7*n,9.999999999999999e-6,5,12,0.01904,0.0159171,83.59821428571428,0.0,5.5e-6,0.0,0.0029096,0.0,0.0,0.00020780000000000147,0.42153192860824323,2.0514631179867227e-13,-3.5432418909844633e-15,3.9968028886505635e-15,3.9968028886505635e-15,1.0698541347628244e-14,3.9968028886505635e-15,NaN,converged,39,39,1,0,0,0,5,2.262132198735421e-14,1.12.6,lbt,1,1,Intel(R) Core(TM) 7 150U,NT,2abc7cc
degen-r20-m5-d0.01-p2,100,AGD-SDAJ-BH,1e-7*n,1.0e-11,10,75,0.0953981,0.0941893,98.73288881015449,0.0,5.01e-5,0.0,0.0,0.0,0.0,0.001158699999999996,0.42153192859880656,1.3786845228104304e-11,-2.8234377322286815e-15,4.312106227644108e-12,4.312106227644108e-12,7.100095505969413e-12,4.312106227644108e-12,NaN,diag_feasible,0,0,14,14,0,0,10,2.262132198735421e-14,1.12.6,lbt,1,1,Intel(R) Core(TM) 7 150U,NT,2abc7cc
degen-r20-m5-d0.01-p2,100,AGD-SDAJ,1e-7*n,1.0e-11,11,100,0.1898584,0.18737730000000002,98.6931839728977,0.0,0.000106,0.0,0.0,0.0,0.0,0.002375099999999986,0.42153192860263927,7.656435277120412e-12,-3.837084647347596e-15,1.3993251002375473e-12,1.3993251002375473e-12,3.667221669891068e-12,1.3993251002375473e-12,NaN,diag_feasible,0,0,35,20,15,0,11,2.262132198735421e-14,1.12.6,lbt,1,1,Intel(R) Core(TM) 7 150U,NT,2abc7cc
degen-r20-m5-d0.01-p2,100,Dykstra-APM,1e-7*n,9.999999999999999e-6,107,107,0.200419,0.1858501,92.73077901795737,0.0,0.0,0.0,0.0,0.0098383,0.0,0.004730600000000024,0.4215319285905782,2.2409238334278755e-11,-3.57777246824754e-15,1.4128698211379742e-12,1.4128698211379742e-12,9.939494373837341e-12,1.4128698211379742e-12,NaN,diag_feasible,0,0,0,0,0,0,107,2.262132198735421e-14,1.12.6,lbt,1,1,Intel(R) Core(TM) 7 150U,NT,2abc7cc
degen-r20-m5-d0.01-p2,100,Anderson-APM,1e-7*n,9.999999999999999e-6,31,31,0.0642579,0.0534217,83.13639256807333,0.0,0.0,0.0,0.0,0.0,0.0093246,0.0015116000000000036,0.42153192859699484,1.512925473228481e-11,-3.356944386537813e-15,1.3311574065255627e-12,1.3311574065255627e-12,7.094739175468466e-12,1.3311574065255627e-12,NaN,diag_feasible,0,0,0,0,0,0,31,2.262132198735421e-14,1.12.6,lbt,1,1,Intel(R) Core(TM) 7 150U,NT,2abc7cc
degen-r20-m5-d0.01-p3,100,SBB-Dual,1e-7*n,1.0e-11,48,49,0.0614845,0.060621,98.59558100008945,5.6e-5,3.24e-5,3.29e-5,0.0,0.0,0.0,0.0007421999999999962,0.42165428465614674,6.941348816826183e-12,-3.4000228479335543e-15,1.063815702195825e-12,0.0,6.55878144425757e-12,1.063815702195825e-12,100.0,diag_feasible,0,0,0,0,0,0,48,1.783800554131211e-14,1.12.6,lbt,1,1,Intel(R) Core(TM) 7 150U,NT,2abc7cc
degen-r20-m5-d0.01-p3,100,Newton-SIN-BH,1e-7*n,9.999999999999999e-6,4,5,0.0087251,0.0065049,74.55387330804233,0.0,4.1e-6,0.0,0.0019936,0.0,0.0,0.0002224999999999996,0.4216542846561501,0.0,-2.7655346487102e-15,6.661338147750939e-15,6.661338147750939e-15,1.783800554131211e-14,6.661338147750939e-15,NaN,converged,25,25,0,0,0,0,4,1.783800554131211e-14,1.12.6,lbt,1,1,Intel(R) Core(TM) 7 150U,NT,2abc7cc
degen-r20-m5-d0.01-p3,100,Newton-SIN,1e-7*n,9.999999999999999e-6,4,9,0.0141181,0.0121588,86.12207025024614,0.0,5.1e-6,0.0,0.0017909,0.0,0.0,0.00016329999999999882,0.4216542846561501,0.0,-2.7655346487102e-15,6.661338147750939e-15,6.661338147750939e-15,1.783800554131211e-14,6.661338147750939e-15,NaN,converged,25,25,0,0,0,0,4,1.783800554131211e-14,1.12.6,lbt,1,1,Intel(R) Core(TM) 7 150U,NT,2abc7cc
degen-r20-m5-d0.01-p3,100,AGD-SDAJ-BH,1e-7*n,1.0e-11,10,73,0.1004174,0.0991366,98.72452383750226,0.0,5.19e-5,0.0,0.0,0.0,0.0,0.0012288999999999987,0.4216542846470014,1.344491551737856e-11,-2.9608858069089742e-15,4.852118706821784e-12,4.852118706821784e-12,7.02920403411725e-12,4.852118706821784e-12,NaN,diag_feasible,0,0,12,12,0,0,10,1.783800554131211e-14,1.12.6,lbt,1,1,Intel(R) Core(TM) 7 150U,NT,2abc7cc
degen-r20-m5-d0.01-p3,100,AGD-SDAJ,1e-7*n,1.0e-11,9,78,0.1150524,0.11365710000000001,98.78724824514744,0.0,5.64e-5,0.0,0.0,0.0,0.0,0.0013388999999999881,0.42165428464722715,1.316522588889431e-11,-3.3130493137980625e-15,2.9383162569729393e-12,2.9383162569729393e-12,6.648934263989517e-12,2.9383162569729393e-12,NaN,diag_feasible,0,0,23,9,14,0,9,1.783800554131211e-14,1.12.6,lbt,1,1,Intel(R) Core(TM) 7 150U,NT,2abc7cc
degen-r20-m5-d0.01-p3,100,Dykstra-APM,1e-7*n,9.999999999999999e-6,107,107,0.1223985,0.113503,92.73234557613044,0.0,0.0,0.0,0.0,0.0061816,0.0,0.002713899999999987,0.4216542846388397,2.2042077995544495e-11,-3.5286662204389195e-15,1.5865087021893487e-12,1.5865087021893487e-12,9.771850913492344e-12,1.5865087021893487e-12,NaN,diag_feasible,0,0,0,0,0,0,107,1.783800554131211e-14,1.12.6,lbt,1,1,Intel(R) Core(TM) 7 150U,NT,2abc7cc
degen-r20-m5-d0.01-p3,100,Anderson-APM,1e-7*n,9.999999999999999e-6,35,35,0.0531056,0.0434696,81.85502093941126,0.0,0.0,0.0,0.0,0.0,0.006644,0.002992000000000006,0.4216542846550176,1.568975099561687e-11,-3.493328727297913e-15,6.361133841892297e-12,6.361133841892297e-12,8.535907686139752e-12,6.361133841892297e-12,NaN,diag_feasible,0,0,0,0,0,0,35,1.783800554131211e-14,1.12.6,lbt,1,1,Intel(R) Core(TM) 7 150U,NT,2abc7cc
degen-r20-m5-d0.01-p4,100,SBB-Dual,1e-7*n,1.0e-11,48,49,0.0663691,0.0653912,98.52657336019321,5.91e-5,3.35e-5,3.4e-5,0.0,0.0,0.0,0.0008513000000000038,0.4220716628010783,7.318502736105019e-12,-3.487168470199482e-15,1.2028156248788946e-12,0.0,7.194575226354992e-12,1.2028156248788946e-12,100.0,diag_feasible,0,0,0,0,0,0,48,1.6161659608148648e-14,1.12.6,lbt,1,1,Intel(R) Core(TM) 7 150U,NT,2abc7cc
degen-r20-m5-d0.01-p4,100,Newton-SIN-BH,1e-7*n,9.999999999999999e-6,4,5,0.0138914,0.0097001,69.82809508040945,0.0,9.1e-6,0.0,0.0037716,0.0,0.0,0.00041060000000000055,0.4220716628010762,0.0,-3.311206831244583e-15,5.551115123125783e-15,5.551115123125783e-15,1.6161659608148648e-14,5.551115123125783e-15,NaN,converged,26,26,0,0,0,0,4,1.6161659608148648e-14,1.12.6,lbt,1,1,Intel(R) Core(TM) 7 150U,NT,2abc7cc
degen-r20-m5-d0.01-p4,100,Newton-SIN,1e-7*n,9.999999999999999e-6,8,24,0.0494474,0.039827299999999996,80.54478091871361,0.0,1.85e-5,0.0,0.0091231,0.0,0.0,0.0004785000000000067,0.4220716628010792,1.276041966629848e-13,-3.850744212455217e-15,6.8833827526759706e-15,6.8833827526759706e-15,1.681832150746052e-14,6.8833827526759706e-15,NaN,converged,79,79,7,0,0,0,8,1.6161659608148648e-14,1.12.6,lbt,1,1,Intel(R) Core(TM) 7 150U,NT,2abc7cc
degen-r20-m5-d0.01-p4,100,AGD-SDAJ-BH,1e-7*n,1.0e-11,11,75,0.1054618,0.1041774,98.78211826462284,0.0,5.11e-5,0.0,0.0,0.0,0.0,0.001233299999999991,0.4220716627895626,1.6484435640567883e-11,-3.82856164230214e-15,5.855760321082926e-12,5.855760321082926e-12,8.541220640233395e-12,5.855760321082926e-12,NaN,diag_feasible_at_xpre,0,0,12,12,0,0,11,1.6161659608148648e-14,1.12.6,lbt,1,1,Intel(R) Core(TM) 7 150U,NT,2abc7cc
degen-r20-m5-d0.01-p4,100,AGD-SDAJ,1e-7*n,1.0e-11,12,97,0.1233217,0.12181789999999999,98.78058768245977,0.0,5.53e-5,0.0,0.0,0.0,0.0,0.0014485000000000134,0.4220716627957062,7.310107133710926e-12,-4.5563837037173155e-15,9.908740494779522e-13,9.908740494779522e-13,3.4749789147900273e-12,9.908740494779522e-13,NaN,diag_feasible,0,0,24,15,9,0,12,1.6161659608148648e-14,1.12.6,lbt,1,1,Intel(R) Core(TM) 7 150U,NT,2abc7cc
degen-r20-m5-d0.01-p4,100,Dykstra-APM,1e-7*n,9.999999999999999e-6,108,108,0.1723832,0.1597369,92.66384427252773,0.0,0.0,0.0,0.0,0.0087009,0.0,0.0039454,0.422071662786064,1.9193250448105273e-11,-2.997641961522144e-15,1.419087070075875e-12,1.419087070075875e-12,8.497389313841309e-12,1.419087070075875e-12,NaN,diag_feasible,0,0,0,0,0,0,108,1.6161659608148648e-14,1.12.6,lbt,1,1,Intel(R) Core(TM) 7 150U,NT,2abc7cc
degen-r20-m5-d0.01-p4,100,Anderson-APM,1e-7*n,9.999999999999999e-6,35,35,0.042365,0.0356081,84.05074943939572,0.0,0.0,0.0,0.0,0.0,0.0057899,0.0009670000000000034,0.42207166281661845,2.0674026538973286e-11,-3.919922621138669e-15,1.7709167465795872e-12,1.7709167465795872e-12,9.409970448255018e-12,1.7709167465795872e-12,NaN,diag_feasible,0,0,0,0,0,0,35,1.6161659608148648e-14,1.12.6,lbt,1,1,Intel(R) Core(TM) 7 150U,NT,2abc7cc
degen-r20-m5-d0.0001-p0,100,SBB-Dual,1e-7*n,1.0e-11,46,47,0.0881026,0.0869042,98.63976772535656,8.09e-5,5.24e-5,3.98e-5,0.0,0.0,0.0,0.0010253000000000022,0.42908421115227735,8.326792149814451e-12,-3.657028520396288e-15,1.3995471448424723e-12,0.0,8.398303447175218e-12,1.3995471448424723e-12,100.0,diag_feasible,0,0,0,0,0,0,46,3.019418840363576e-14,1.12.6,lbt,1,1,Intel(R) Core(TM) 7 150U,NT,2abc7cc
degen-r20-m5-d0.0001-p0,100,Newton-SIN-BH,1e-7*n,9.999999999999999e-6,4,5,0.0177554,0.0124921,70.35662390033455,0.0,1.1e-5,0.0,0.0046771,0.0,0.0,0.0005752000000000005,0.4290842111522886,0.0,-3.113595572661867e-15,1.0325074129013956e-14,1.0325074129013956e-14,3.019418840363576e-14,1.0325074129013956e-14,NaN,converged,24,24,0,0,0,0,4,3.019418840363576e-14,1.12.6,lbt,1,1,Intel(R) Core(TM) 7 150U,NT,2abc7cc
degen-r20-m5-d0.0001-p0,100,Newton-SIN,1e-7*n,9.999999999999999e-6,4,9,0.0168984,0.014478099999999999,85.67734223358423,0.0,8.1e-6,0.0,0.0021195,0.0,0.0,0.0002927000000000021,0.4290842111522886,0.0,-3.113595572661867e-15,1.0325074129013956e-14,1.0325074129013956e-14,3.019418840363576e-14,1.0325074129013956e-14,NaN,converged,24,24,0,0,0,0,4,3.019418840363576e-14,1.12.6,lbt,1,1,Intel(R) Core(TM) 7 150U,NT,2abc7cc
degen-r20-m5-d0.0001-p0,100,AGD-SDAJ-BH,1e-7*n,1.0e-11,13,85,0.1498802,0.1479162,98.6896201099278,0.0,8.49e-5,0.0,0.0,0.0,0.0,0.0018790999999999936,0.42908421115826134,1.6810031727845433e-11,-3.2425028799779793e-15,3.1390445798251676e-12,3.1390445798251676e-12,9.583476514371342e-12,3.1390445798251676e-12,NaN,diag_feasible_at_xpre,0,0,8,8,0,0,13,3.019418840363576e-14,1.12.6,lbt,1,1,Intel(R) Core(TM) 7 150U,NT,2abc7cc
degen-r20-m5-d0.0001-p0,100,AGD-SDAJ,1e-7*n,1.0e-11,11,78,0.1357705,0.1340101,98.70340022317072,0.0,8.25e-5,0.0,0.0,0.0,0.0,0.0016778999999999952,0.42908421115983475,1.2425333402628182e-11,-3.0326037572533206e-15,3.4727776210274897e-12,3.4727776210274897e-12,6.797247689437798e-12,3.4727776210274897e-12,NaN,diag_feasible_at_xpre,0,0,15,8,7,0,11,3.019418840363576e-14,1.12.6,lbt,1,1,Intel(R) Core(TM) 7 150U,NT,2abc7cc
degen-r20-m5-d0.0001-p0,100,Dykstra-APM,1e-7*n,9.999999999999999e-6,104,104,0.1315682,0.123361,93.76201848166959,0.0,0.0,0.0,0.0,0.005657,0.0,0.002550199999999998,0.4290842111352123,2.232664408116555e-11,-3.3733047883798782e-15,1.6469048347289572e-12,1.6469048347289572e-12,9.871211952231685e-12,1.6469048347289572e-12,NaN,diag_feasible,0,0,0,0,0,0,104,3.019418840363576e-14,1.12.6,lbt,1,1,Intel(R) Core(TM) 7 150U,NT,2abc7cc
degen-r20-m5-d0.0001-p0,100,Anderson-APM,1e-7*n,9.999999999999999e-6,39,39,0.0641966,0.0530786,82.68132580230105,0.0,0.0,0.0,0.0,0.0,0.0095172,0.0016008000000000099,0.42908421116060286,1.2905656270981561e-11,-3.48832802927211e-15,1.6050494267005888e-12,1.6050494267005888e-12,6.253817685435952e-12,1.6050494267005888e-12,NaN,diag_feasible,0,0,0,0,0,0,39,3.019418840363576e-14,1.12.6,lbt,1,1,Intel(R) Core(TM) 7 150U,NT,2abc7cc
degen-r20-m5-d0.0001-p1,100,SBB-Dual,1e-7*n,1.0e-11,46,47,0.0529768,0.0522507,98.62940003926246,4.29e-5,2.54e-5,3.32e-5,0.0,0.0,0.0,0.0006246000000000003,0.42387095888691306,8.19325034231654e-12,-3.5261240024865896e-15,1.362243651215067e-12,0.0,8.231495532403328e-12,1.362243651215067e-12,100.0,diag_feasible,0,0,0,0,0,0,46,1.7701356353232222e-14,1.12.6,lbt,1,1,Intel(R) Core(TM) 7 150U,NT,2abc7cc
degen-r20-m5-d0.0001-p1,100,Newton-SIN-BH,1e-7*n,9.999999999999999e-6,4,5,0.0167263,0.0124449,74.4031854026294,0.0,1.15e-5,0.0,0.0037455,0.0,0.0,0.0005243999999999991,0.4238709588869073,6.0196445548959e-13,-3.1282202473026492e-15,3.4638958368304884e-14,3.4638958368304884e-14,1.3323120377310489e-13,3.4638958368304884e-14,NaN,converged,23,23,0,0,0,0,4,1.7701356353232222e-14,1.12.6,lbt,1,1,Intel(R) Core(TM) 7 150U,NT,2abc7cc
degen-r20-m5-d0.0001-p1,100,Newton-SIN,1e-7*n,9.999999999999999e-6,9,31,0.0507073,0.042352,83.52249084451351,0.0,1.87e-5,0.0,0.0078215,0.0,0.0,0.0005150999999999958,0.42387095888691306,3.505318148030057e-13,-3.012778385335509e-15,9.769962616701378e-15,9.769962616701378e-15,3.9044351363391366e-14,9.769962616701378e-15,NaN,converged,83,83,12,0,0,0,9,1.7701356353232222e-14,1.12.6,lbt,1,1,Intel(R) Core(TM) 7 150U,NT,2abc7cc
degen-r20-m5-d0.0001-p1,100,AGD-SDAJ-BH,1e-7*n,1.0e-11,9,72,0.095197,0.0940174,98.76088532201645,0.0,4.6e-5,0.0,0.0,0.0,0.0,0.0011336000000000028,0.4238709588944922,1.1294950594876636e-11,-3.0098042340273465e-15,2.8352875602877248e-12,2.8352875602877248e-12,5.70300576757084e-12,2.8352875602877248e-12,NaN,diag_feasible,0,0,17,17,0,0,9,1.7701356353232222e-14,1.12.6,lbt,1,1,Intel(R) Core(TM) 7 150U,NT,2abc7cc
degen-r20-m5-d0.0001-p1,100,AGD-SDAJ,1e-7*n,1.0e-11,10,96,0.1349431,0.1333799,98.84158582395098,0.0,6.84e-5,0.0,0.0,0.0,0.0,0.0014948000000000146,0.42387095889359666,9.800838885039727e-12,-3.4183682543389345e-15,1.3937739851144215e-12,1.3937739851144215e-12,4.816327477934691e-12,1.3937739851144215e-12,NaN,diag_feasible,0,0,35,17,18,0,10,1.7701356353232222e-14,1.12.6,lbt,1,1,Intel(R) Core(TM) 7 150U,NT,2abc7cc
degen-r20-m5-d0.0001-p1,100,Dykstra-APM,1e-7*n,9.999999999999999e-6,104,104,0.1543133,0.1446072,93.71013386402856,0.0,0.0,0.0,0.0,0.0066243,0.0,0.0030817999999999957,0.4238709588699975,2.1830210833264037e-11,-3.022667753718213e-15,1.603384092163651e-12,1.603384092163651e-12,9.67668433270148e-12,1.603384092163651e-12,NaN,diag_feasible,0,0,0,0,0,0,104,1.7701356353232222e-14,1.12.6,lbt,1,1,Intel(R) Core(TM) 7 150U,NT,2abc7cc
degen-r20-m5-d0.0001-p1,100,Anderson-APM,1e-7*n,9.999999999999999e-6,31,31,0.0369873,0.0311779,84.2935277784537,0.0,0.0,0.0,0.0,0.0,0.0049158,0.0008935999999999996,0.4238709588893262,1.4918437387974362e-11,-3.1292833121263963e-15,1.8964829706646924e-12,1.8964829706646924e-12,8.80070956884622e-12,1.8964829706646924e-12,NaN,diag_feasible,0,0,0,0,0,0,31,1.7701356353232222e-14,1.12.6,lbt,1,1,Intel(R) Core(TM) 7 150U,NT,2abc7cc
degen-r20-m5-d0.0001-p2,100,SBB-Dual,1e-7*n,1.0e-11,46,47,0.0871779,0.08586110000000001,98.48952544165438,8.24e-5,5.51e-5,5.08e-5,0.0,0.0,0.0,0.001128499999999993,0.4291127770732575,6.986215069318305e-12,-2.9713100950821636e-15,1.0682565942943256e-12,0.0,7.499669127328145e-12,1.0682565942943256e-12,100.0,diag_feasible,0,0,0,0,0,0,46,1.4273599921707572e-14,1.12.6,lbt,1,1,Intel(R) Core(TM) 7 150U,NT,2abc7cc
degen-r20-m5-d0.0001-p2,100,Newton-SIN-BH,1e-7*n,9.999999999999999e-6,4,5,0.0067192,0.004967200000000001,73.92546731753781,0.0,3.8e-6,0.0,0.0015598,0.0,0.0,0.00018839999999999916,0.4291127770732609,0.0,-3.565429794858145e-15,3.9968028886505635e-15,3.9968028886505635e-15,1.4273599921707572e-14,3.9968028886505635e-15,NaN,converged,23,23,0,0,0,0,4,1.4273599921707572e-14,1.12.6,lbt,1,1,Intel(R) Core(TM) 7 150U,NT,2abc7cc
degen-r20-m5-d0.0001-p2,100,Newton-SIN,1e-7*n,9.999999999999999e-6,12,81,0.1240212,0.11129270000000001,89.73683531525255,0.0,5.45e-5,0.0,0.0113572,0.0,0.0,0.0013167999999999895,0.42911277707326473,2.0165191151241276e-13,-3.585189686070403e-15,1.9761969838327786e-14,1.9761969838327786e-14,3.335458093640009e-14,1.9761969838327786e-14,NaN,converged,111,111,56,0,0,0,12,1.4273599921707572e-14,1.12.6,lbt,1,1,Intel(R) Core(TM) 7 150U,NT,2abc7cc
degen-r20-m5-d0.0001-p2,100,AGD-SDAJ-BH,1e-7*n,1.0e-11,12,85,0.1243237,0.1227988,98.77344384055495,0.0,6.82e-5,0.0,0.0,0.0,0.0,0.0014566999999999957,0.4291127770782483,8.82523901640781e-12,-3.2306366582734673e-15,3.1865621252791243e-12,3.1865621252791243e-12,4.967223505067447e-12,3.1865621252791243e-12,NaN,diag_feasible_at_xpre,0,0,16,16,0,0,12,1.4273599921707572e-14,1.12.6,lbt,1,1,Intel(R) Core(TM) 7 150U,NT,2abc7cc
degen-r20-m5-d0.0001-p2,100,AGD-SDAJ,1e-7*n,1.0e-11,14,177,0.2099587,0.20763109999999999,98.89140102315359,0.0,9.18e-5,0.0,0.0,0.0,0.0,0.002235800000000013,0.42911277707856493,8.107822281804783e-12,-3.4057114328485e-15,1.6585621764875214e-12,1.6585621764875214e-12,4.138694169758243e-12,1.6585621764875214e-12,NaN,diag_feasible_at_xpre,0,0,102,17,85,0,14,1.4273599921707572e-14,1.12.6,lbt,1,1,Intel(R) Core(TM) 7 150U,NT,2abc7cc
degen-r20-m5-d0.0001-p2,100,Dykstra-APM,1e-7*n,9.999999999999999e-6,104,104,0.1646119,0.1422385,86.40839453283753,0.0,0.0,0.0,0.0,0.0150338,0.0,0.0073396000000000156,0.4291127770577266,2.020387742457257e-11,-3.4046232214529066e-15,1.2725376308253544e-12,1.2725376308253544e-12,8.955613683366157e-12,1.2725376308253544e-12,NaN,diag_feasible,0,0,0,0,0,0,104,1.4273599921707572e-14,1.12.6,lbt,1,1,Intel(R) Core(TM) 7 150U,NT,2abc7cc
degen-r20-m5-d0.0001-p2,100,Anderson-APM,1e-7*n,9.999999999999999e-6,35,35,0.0484448,0.0406815,83.9749570645353,0.0,0.0,0.0,0.0,0.0,0.0066419,0.0011214000000000007,0.4291127770799197,1.1508567536996958e-11,-2.9549135345828696e-15,1.513789094076401e-12,1.513789094076401e-12,5.909099212426084e-12,1.513789094076401e-12,NaN,diag_feasible,0,0,0,0,0,0,35,1.4273599921707572e-14,1.12.6,lbt,1,1,Intel(R) Core(TM) 7 150U,NT,2abc7cc
degen-r20-m5-d0.0001-p3,100,SBB-Dual,1e-7*n,1.0e-11,46,47,0.0705695,0.0695644,98.57573030841937,6.69e-5,4.4e-5,7.83e-5,0.0,0.0,0.0,0.000815899999999995,0.42918999753822307,7.758349575327947e-12,-3.651106310228815e-15,1.190825216212943e-12,0.0,7.335121709023396e-12,1.190825216212943e-12,100.0,diag_feasible,0,0,0,0,0,0,46,2.3534371398587618e-14,1.12.6,lbt,1,1,Intel(R) Core(TM) 7 150U,NT,2abc7cc
degen-r20-m5-d0.0001-p3,100,Newton-SIN-BH,1e-7*n,9.999999999999999e-6,4,5,0.0080563,0.005822399999999999,72.27139009222596,0.0,4.7e-6,0.0,0.0020066,0.0,0.0,0.00022260000000000162,0.429189997538224,0.0,-3.815221376908383e-15,8.659739592076221e-15,8.659739592076221e-15,2.3534371398587618e-14,8.659739592076221e-15,NaN,converged,25,25,0,0,0,0,4,2.3534371398587618e-14,1.12.6,lbt,1,1,Intel(R) Core(TM) 7 150U,NT,2abc7cc
degen-r20-m5-d0.0001-p3,100,Newton-SIN,1e-7*n,9.999999999999999e-6,4,9,0.0153836,0.0129314,84.05964793676382,0.0,7.1e-6,0.0,0.002213,0.0,0.0,0.00023210000000000158,0.429189997538224,0.0,-3.815221376908383e-15,8.659739592076221e-15,8.659739592076221e-15,2.3534371398587618e-14,8.659739592076221e-15,NaN,converged,25,25,0,0,0,0,4,2.3534371398587618e-14,1.12.6,lbt,1,1,Intel(R) Core(TM) 7 150U,NT,2abc7cc
degen-r20-m5-d0.0001-p3,100,AGD-SDAJ-BH,1e-7*n,1.0e-11,11,74,0.1114427,0.1100485,98.74895349807568,0.0,5.88e-5,0.0,0.0,0.0,0.0,0.0013354000000000122,0.429189997544548,9.9397157505933e-12,-3.253585868990226e-15,4.121480934315969e-12,4.121480934315969e-12,5.4042839848092085e-12,4.121480934315969e-12,NaN,diag_feasible_at_xpre,0,0,11,11,0,0,11,2.3534371398587618e-14,1.12.6,lbt,1,1,Intel(R) Core(TM) 7 150U,NT,2abc7cc
degen-r20-m5-d0.0001-p3,100,AGD-SDAJ,1e-7*n,1.0e-11,10,83,0.0910684,0.08998289999999999,98.80803879281946,0.0,3.99e-5,0.0,0.0,0.0,0.0,0.001045600000000003,0.4291899975464153,1.1710716816751092e-11,-3.564823866437546e-15,3.606337450889896e-12,3.606337450889896e-12,5.860847749287257e-12,3.606337450889896e-12,NaN,diag_feasible,0,0,22,10,12,0,10,2.3534371398587618e-14,1.12.6,lbt,1,1,Intel(R) Core(TM) 7 150U,NT,2abc7cc
degen-r20-m5-d0.0001-p3,100,Dykstra-APM,1e-7*n,9.999999999999999e-6,104,104,0.1487314,0.1388601,93.36300202916128,0.0,0.0,0.0,0.0,0.0067152,0.0,0.003156100000000027,0.4291899975230563,1.9796856839502818e-11,-3.5287380202890266e-15,1.4221956945448255e-12,1.4221956945448255e-12,8.775798263993353e-12,1.4221956945448255e-12,NaN,diag_feasible,0,0,0,0,0,0,104,2.3534371398587618e-14,1.12.6,lbt,1,1,Intel(R) Core(TM) 7 150U,NT,2abc7cc
degen-r20-m5-d0.0001-p3,100,Anderson-APM,1e-7*n,9.999999999999999e-6,33,33,0.0554762,0.0459874,82.89572825824406,0.0,0.0,0.0,0.0,0.0,0.0080344,0.001454400000000005,0.42918999754236115,1.59083808911713e-11,-3.790209449696016e-15,2.858380199199928e-12,2.858380199199928e-12,9.028189779172326e-12,2.858380199199928e-12,NaN,diag_feasible,0,0,0,0,0,0,33,2.3534371398587618e-14,1.12.6,lbt,1,1,Intel(R) Core(TM) 7 150U,NT,2abc7cc
degen-r20-m5-d0.0001-p4,100,SBB-Dual,1e-7*n,1.0e-11,46,47,0.0563371,0.055355299999999996,98.25727628862684,5.64e-5,3.43e-5,3.23e-5,0.0,0.0,0.0,0.0008588000000000049,0.42973637909717416,7.92803771112311e-12,-3.354255066707732e-15,1.3031797863050087e-12,0.0,7.794893803502999e-12,1.3031797863050087e-12,100.0,diag_feasible,0,0,0,0,0,0,46,2.3371183563433114e-14,1.12.6,lbt,1,1,Intel(R) Core(TM) 7 150U,NT,2abc7cc
degen-r20-m5-d0.0001-p4,100,Newton-SIN-BH,1e-7*n,9.999999999999999e-6,4,5,0.0186751,0.0123777,66.27916316378493,0.0,1.15e-5,0.0,0.0057526,0.0,0.0,0.0005332999999999996,0.42973637909718193,0.0,-3.3299467322570263e-15,6.661338147750939e-15,6.661338147750939e-15,2.3371183563433114e-14,6.661338147750939e-15,NaN,converged,26,26,0,0,0,0,4,2.3371183563433114e-14,1.12.6,lbt,1,1,Intel(R) Core(TM) 7 150U,NT,2abc7cc
degen-r20-m5-d0.0001-p4,100,Newton-SIN,1e-7*n,9.999999999999999e-6,4,9,0.0137591,0.011566700000000001,84.06581825846168,0.0,6.0e-6,0.0,0.0020161,0.0,0.0,0.0001702999999999991,0.42973637909718193,0.0,-3.3299467322570263e-15,6.661338147750939e-15,6.661338147750939e-15,2.3371183563433114e-14,6.661338147750939e-15,NaN,converged,26,26,0,0,0,0,4,2.3371183563433114e-14,1.12.6,lbt,1,1,Intel(R) Core(TM) 7 150U,NT,2abc7cc
degen-r20-m5-d0.0001-p4,100,AGD-SDAJ-BH,1e-7*n,1.0e-11,10,77,0.0844466,0.0833853,98.743229449143,0.0,4.32e-5,0.0,0.0,0.0,0.0,0.0010181000000000012,0.4297363791067516,1.570142368708941e-11,-3.2470561603421083e-15,5.808020731024044e-12,5.808020731024044e-12,8.619481191507078e-12,5.808020731024044e-12,NaN,diag_feasible,0,0,18,18,0,0,10,2.3371183563433114e-14,1.12.6,lbt,1,1,Intel(R) Core(TM) 7 150U,NT,2abc7cc
degen-r20-m5-d0.0001-p4,100,AGD-SDAJ,1e-7*n,1.0e-11,12,113,0.1425458,0.14076940000000002,98.75380404052594,0.0,6.86e-5,0.0,0.0,0.0,0.0,0.0017077999999999835,0.4297363791077719,1.5625076526086472e-11,-3.4453406063067067e-15,5.6806781500995385e-12,5.6806781500995385e-12,8.156994442447884e-12,5.6806781500995385e-12,NaN,diag_feasible,0,0,40,29,11,0,12,2.3371183563433114e-14,1.12.6,lbt,1,1,Intel(R) Core(TM) 7 150U,NT,2abc7cc
degen-r20-m5-d0.0001-p4,100,Dykstra-APM,1e-7*n,9.999999999999999e-6,104,104,0.1231392,0.1146535,93.10885566903147,0.0,0.0,0.0,0.0,0.0058405,0.0,0.0026451999999999986,0.42973637908125006,2.0876056424065148e-11,-3.754333607978753e-15,1.5420997812043424e-12,1.5420997812043424e-12,9.237455556766392e-12,1.5420997812043424e-12,NaN,diag_feasible,0,0,0,0,0,0,104,2.3371183563433114e-14,1.12.6,lbt,1,1,Intel(R) Core(TM) 7 150U,NT,2abc7cc
degen-r20-m5-d0.0001-p4,100,Anderson-APM,1e-7*n,9.999999999999999e-6,31,31,0.0477776,0.0400333,83.79093968721743,0.0,0.0,0.0,0.0,0.0,0.0065484,0.0011959000000000023,0.42973637909961904,1.4587754067352975e-11,-3.538944713771913e-15,2.8068658508573208e-12,2.8068658508573208e-12,8.601504360362796e-12,2.8068658508573208e-12,NaN,diag_feasible,0,0,0,0,0,0,31,2.3371183563433114e-14,1.12.6,lbt,1,1,Intel(R) Core(TM) 7 150U,NT,2abc7cc
degen-r20-m5-d1e-06-p0,100,SBB-Dual,1e-7*n,1.0e-11,44,45,0.0670721,0.066061,98.49251775328341,6.88e-5,5.49e-5,3.09e-5,0.0,0.0,0.0,0.0008565000000000008,0.429164693615609,9.292800727309394e-12,-3.254797498394416e-15,1.5631940186722204e-12,0.0,9.365571151227318e-12,1.5631940186722204e-12,100.0,diag_feasible,0,0,0,0,0,0,44,5.811134696405247e-14,1.12.6,lbt,1,1,Intel(R) Core(TM) 7 150U,NT,2abc7cc
degen-r20-m5-d1e-06-p0,100,Newton-SIN-BH,1e-7*n,9.999999999999999e-6,4,5,0.0105018,0.0065732,62.59117484621684,0.0,7.3e-6,0.0,0.0036404,0.0,0.0,0.00028090000000000016,0.4291646936156021,0.0,-3.4087076071903896e-15,2.731148640577885e-14,2.731148640577885e-14,5.811134696405247e-14,2.731148640577885e-14,NaN,converged,22,22,0,0,0,0,4,5.811134696405247e-14,1.12.6,lbt,1,1,Intel(R) Core(TM) 7 150U,NT,2abc7cc
degen-r20-m5-d1e-06-p0,100,Newton-SIN,1e-7*n,9.999999999999999e-6,4,9,0.0169768,0.0143794,84.7002968757363,0.0,7.5e-6,0.0,0.0023503,0.0,0.0,0.00023959999999999954,0.4291646936156021,0.0,-3.4087076071903896e-15,2.731148640577885e-14,2.731148640577885e-14,5.811134696405247e-14,2.731148640577885e-14,NaN,converged,22,22,0,0,0,0,4,5.811134696405247e-14,1.12.6,lbt,1,1,Intel(R) Core(TM) 7 150U,NT,2abc7cc
degen-r20-m5-d1e-06-p0,100,AGD-SDAJ-BH,1e-7*n,1.0e-11,13,99,0.1182691,0.1168323,98.78514337219104,0.0,5.71e-5,0.0,0.0,0.0,0.0,0.001379700000000002,0.4291646936235237,1.377594961636437e-11,-3.060355989945857e-15,6.1483040880716544e-12,6.1483040880716544e-12,7.89031850260607e-12,6.1483040880716544e-12,NaN,diag_feasible_at_xpre,0,0,24,24,0,0,13,5.811134696405247e-14,1.12.6,lbt,1,1,Intel(R) Core(TM) 7 150U,NT,2abc7cc
degen-r20-m5-d1e-06-p0,100,AGD-SDAJ,1e-7*n,1.0e-11,11,96,0.1092545,0.1078002,98.66888778036602,0.0,6.32e-5,0.0,0.0,0.0,0.0,0.0013911000000000056,0.4291646936196121,5.950960725542475e-12,-3.1085815223124695e-15,1.3575807145116414e-12,1.3575807145116414e-12,2.955384398952404e-12,1.3575807145116414e-12,NaN,diag_feasible,0,0,29,18,11,0,11,5.811134696405247e-14,1.12.6,lbt,1,1,Intel(R) Core(TM) 7 150U,NT,2abc7cc
degen-r20-m5-d1e-06-p0,100,Dykstra-APM,1e-7*n,9.999999999999999e-6,101,101,0.1224592,0.1146896,93.6553562329331,0.0,0.0,0.0,0.0,0.0052944,0.0,0.002475200000000001,0.42916469360023857,2.0088849338366815e-11,-3.0326114472196798e-15,1.4850343177386094e-12,1.4850343177386094e-12,8.89310548083886e-12,1.4850343177386094e-12,NaN,diag_feasible,0,0,0,0,0,0,101,5.811134696405247e-14,1.12.6,lbt,1,1,Intel(R) Core(TM) 7 150U,NT,2abc7cc
degen-r20-m5-d1e-06-p0,100,Anderson-APM,1e-7*n,9.999999999999999e-6,40,40,0.0523757,0.0439306,83.8759195581157,0.0,0.0,0.0,0.0,0.0,0.0072035,0.0012415999999999972,0.4291646936241688,1.4521334692753557e-11,-3.76753795250796e-15,1.882605182856878e-12,1.882605182856878e-12,7.290630683658595e-12,1.882605182856878e-12,NaN,diag_feasible,0,0,0,0,0,0,40,5.811134696405247e-14,1.12.6,lbt,1,1,Intel(R) Core(TM) 7 150U,NT,2abc7cc
degen-r20-m5-d1e-06-p1,100,SBB-Dual,1e-7*n,1.0e-11,45,46,0.0471436,0.0465176,98.67214213594211,3.5e-5,2.04e-5,3.2e-5,0.0,0.0,0.0,0.0005386000000000016,0.4239407844067261,6.131217081664791e-12,-3.2881616185958263e-15,1.0160761121369433e-12,0.0,6.160862804788568e-12,1.0160761121369433e-12,100.0,diag_feasible,0,0,0,0,0,0,45,5.648340789863307e-14,1.12.6,lbt,1,1,Intel(R) Core(TM) 7 150U,NT,2abc7cc
degen-r20-m5-d1e-06-p1,100,Newton-SIN-BH,1e-7*n,9.999999999999999e-6,4,5,0.0112624,0.008584699999999999,76.22442818582184,0.0,6.8e-6,0.0,0.0023365,0.0,0.0,0.0003344000000000016,0.4239407844067199,5.503617877341489e-13,-3.5532190404109294e-15,5.4289905904170155e-14,5.4289905904170155e-14,1.4794137349814458e-13,5.4289905904170155e-14,NaN,converged,21,21,0,0,0,0,4,5.648340789863307e-14,1.12.6,lbt,1,1,Intel(R) Core(TM) 7 150U,NT,2abc7cc
degen-r20-m5-d1e-06-p1,100,Newton-SIN,1e-7*n,9.999999999999999e-6,5,12,0.0233366,0.0197069,84.44632037229073,0.0,9.7e-6,0.0,0.0033175,0.0,0.0,0.0003024999999999994,0.4239407844067342,3.6454500935355706e-13,-3.5216067164658012e-15,1.7985612998927536e-14,1.7985612998927536e-14,3.885637840605833e-14,1.7985612998927536e-14,NaN,converged,30,30,1,0,0,0,5,5.648340789863307e-14,1.12.6,lbt,1,1,Intel(R) Core(TM) 7 150U,NT,2abc7cc
degen-r20-m5-d1e-06-p1,100,AGD-SDAJ-BH,1e-7*n,1.0e-11,10,78,0.1002483,0.0989678,98.7226716064013,0.0,4.97e-5,0.0,0.0,0.0,0.0,0.001230800000000004,0.42394078441134314,6.584068897672091e-12,-4.140307016132469e-15,1.3884449145962208e-12,1.3884449145962208e-12,3.234712043471076e-12,1.3884449145962208e-12,NaN,diag_feasible,0,0,17,17,0,0,10,5.648340789863307e-14,1.12.6,lbt,1,1,Intel(R) Core(TM) 7 150U,NT,2abc7cc
degen-r20-m5-d1e-06-p1,100,AGD-SDAJ,1e-7*n,1.0e-11,10,79,0.1211489,0.1193893,98.54757245010066,0.0,0.0001422,0.0,0.0,0.0,0.0,0.0016174000000000002,0.42394078441478605,1.2915187136074283e-11,-3.485448512449941e-15,3.778533042009258e-12,3.778533042009258e-12,6.9055729150161494e-12,3.778533042009258e-12,NaN,diag_feasible,0,0,18,16,2,0,10,5.648340789863307e-14,1.12.6,lbt,1,1,Intel(R) Core(TM) 7 150U,NT,2abc7cc
degen-r20-m5-d1e-06-p1,100,Dykstra-APM,1e-7*n,9.999999999999999e-6,101,101,0.1186459,0.1112563,93.77171903959598,0.0,0.0,0.0,0.0,0.005093,0.0,0.002296599999999996,0.4239407843901149,2.1451227087192154e-11,-3.4803660203545982e-15,1.5898393712632242e-12,1.5898393712632242e-12,9.505514937980848e-12,1.5898393712632242e-12,NaN,diag_feasible,0,0,0,0,0,0,101,5.648340789863307e-14,1.12.6,lbt,1,1,Intel(R) Core(TM) 7 150U,NT,2abc7cc
degen-r20-m5-d1e-06-p1,100,Anderson-APM,1e-7*n,9.999999999999999e-6,31,31,0.0669513,0.054296,81.09775314295614,0.0,0.0,0.0,0.0,0.0,0.0085647,0.0040906000000000085,0.42394078441142324,1.481365728291629e-11,-4.030279962302882e-15,1.976308006135241e-12,1.976308006135241e-12,8.519568139232636e-12,1.976308006135241e-12,NaN,diag_feasible,0,0,0,0,0,0,31,5.648340789863307e-14,1.12.6,lbt,1,1,Intel(R) Core(TM) 7 150U,NT,2abc7cc
degen-r20-m5-d1e-06-p2,100,SBB-Dual,1e-7*n,1.0e-11,44,45,0.0658439,0.0648095,98.42901164724448,5.92e-5,3.83e-5,4.45e-5,0.0,0.0,0.0,0.0008923999999999909,0.4291930897806313,7.899528549469715e-12,-3.4409600272146037e-15,1.2023715356690445e-12,0.0,8.46995906628995e-12,1.2023715356690445e-12,100.0,diag_feasible,0,0,0,0,0,0,44,2.544446128541953e-14,1.12.6,lbt,1,1,Intel(R) Core(TM) 7 150U,NT,2abc7cc
degen-r20-m5-d1e-06-p2,100,Newton-SIN-BH,1e-7*n,9.999999999999999e-6,4,5,0.0106877,0.0082637,77.31972267185644,0.0,6.0e-6,0.0,0.0021149,0.0,0.0,0.0003030999999999993,0.429193089780618,2.5499930668575407e-13,-3.523402982875246e-15,3.219646771412954e-14,3.219646771412954e-14,1.0890857807272069e-13,3.219646771412954e-14,NaN,converged,21,21,0,0,0,0,4,2.544446128541953e-14,1.12.6,lbt,1,1,Intel(R) Core(TM) 7 150U,NT,2abc7cc
degen-r20-m5-d1e-06-p2,100,Newton-SIN,1e-7*n,9.999999999999999e-6,5,12,0.0164235,0.013977100000000001,85.10427131853746,0.0,6.2e-6,0.0,0.0022183,0.0,0.0,0.0002218999999999997,0.429193089780639,2.426461190085139e-13,-2.8287304812282955e-15,6.8833827526759706e-15,6.8833827526759706e-15,1.7784372892712562e-14,6.8833827526759706e-15,NaN,converged,30,30,1,0,0,0,5,2.544446128541953e-14,1.12.6,lbt,1,1,Intel(R) Core(TM) 7 150U,NT,2abc7cc
degen-r20-m5-d1e-06-p2,100,AGD-SDAJ-BH,1e-7*n,1.0e-11,11,86,0.1240976,0.122482,98.69812147857814,0.0,6.5e-5,0.0,0.0,0.0,0.0,0.0015506000000000087,0.42919308978622184,9.151928654517205e-12,-3.4730500562621363e-15,2.58837395961109e-12,2.58837395961109e-12,4.944753566562945e-12,2.58837395961109e-12,NaN,diag_feasible_at_xpre,0,0,23,23,0,0,11,2.544446128541953e-14,1.12.6,lbt,1,1,Intel(R) Core(TM) 7 150U,NT,2abc7cc
degen-r20-m5-d1e-06-p2,100,AGD-SDAJ,1e-7*n,1.0e-11,12,106,0.1379737,0.1361352,98.66749967566282,0.0,6.91e-5,0.0,0.0,0.0,0.0,0.001769399999999993,0.42919308978892445,1.208994777893437e-11,-3.762241486919315e-15,2.7124968937641825e-12,2.7124968937641825e-12,5.999622104286052e-12,2.7124968937641825e-12,NaN,diag_feasible,0,0,35,20,15,0,12,2.544446128541953e-14,1.12.6,lbt,1,1,Intel(R) Core(TM) 7 150U,NT,2abc7cc
degen-r20-m5-d1e-06-p2,100,Dykstra-APM,1e-7*n,9.999999999999999e-6,101,101,0.1378798,0.1284252,93.14286791828825,0.0,0.0,0.0,0.0,0.0063983,0.0,0.0030563000000000074,0.4291930897664843,1.8413824032360616e-11,-3.1668397274587225e-15,1.1584067038938883e-12,1.1584067038938883e-12,8.159270026592748e-12,1.1584067038938883e-12,NaN,diag_feasible,0,0,0,0,0,0,101,2.544446128541953e-14,1.12.6,lbt,1,1,Intel(R) Core(TM) 7 150U,NT,2abc7cc
degen-r20-m5-d1e-06-p2,100,Anderson-APM,1e-7*n,9.999999999999999e-6,36,36,0.0505525,0.0413976,81.89031205182731,0.0,0.0,0.0,0.0,0.0,0.0076196,0.0015353000000000007,0.4291930897889562,1.473127100870592e-11,-3.618278707880039e-15,1.8605117446668373e-12,1.8605117446668373e-12,7.499827318971696e-12,1.8605117446668373e-12,NaN,diag_feasible,0,0,0,0,0,0,36,2.544446128541953e-14,1.12.6,lbt,1,1,Intel(R) Core(TM) 7 150U,NT,2abc7cc
degen-r20-m5-d1e-06-p3,100,SBB-Dual,1e-7*n,1.0e-11,44,45,0.0607532,0.0599193,98.62739740458116,5.01e-5,3.14e-5,3.17e-5,0.0,0.0,0.0,0.0007206999999999986,0.42926981443506085,8.764052207944324e-12,-3.5739372802903075e-15,1.3449241720309146e-12,0.0,8.287798186052811e-12,1.3449241720309146e-12,100.0,diag_feasible,0,0,0,0,0,0,44,2.9753562794747665e-14,1.12.6,lbt,1,1,Intel(R) Core(TM) 7 150U,NT,2abc7cc
degen-r20-m5-d1e-06-p3,100,Newton-SIN-BH,1e-7*n,9.999999999999999e-6,4,5,0.0103823,0.007831000000000001,75.42644693372375,0.0,6.4e-6,0.0,0.0022374,0.0,0.0,0.0003074999999999992,0.429269814435059,4.072008323950783e-13,-3.0317801264751183e-15,5.706546346573305e-14,5.706546346573305e-14,2.0096008934073484e-13,5.706546346573305e-14,NaN,converged,21,21,0,0,0,0,4,2.9753562794747665e-14,1.12.6,lbt,1,1,Intel(R) Core(TM) 7 150U,NT,2abc7cc
degen-r20-m5-d1e-06-p3,100,Newton-SIN,1e-7*n,9.999999999999999e-6,4,9,0.0107586,0.0091961,85.47673489115684,0.0,4.7e-6,0.0,0.0013556,0.0,0.0,0.0002021999999999996,0.429269814435059,4.072008323950783e-13,-3.0317801264751183e-15,5.706546346573305e-14,5.706546346573305e-14,2.0096008934073484e-13,5.706546346573305e-14,NaN,converged,21,21,0,0,0,0,4,2.9753562794747665e-14,1.12.6,lbt,1,1,Intel(R) Core(TM) 7 150U,NT,2abc7cc
degen-r20-m5-d1e-06-p3,100,AGD-SDAJ-BH,1e-7*n,1.0e-11,10,79,0.1088979,0.107538,98.75121558817938,0.0,6.84e-5,0.0,0.0,0.0,0.0,0.0012915000000000112,0.4292698144400796,7.362214184938186e-12,-3.2796800371724212e-15,2.4199531267754537e-12,2.4199531267754537e-12,3.7595778779421615e-12,2.4199531267754537e-12,NaN,diag_feasible,0,0,18,18,0,0,10,2.9753562794747665e-14,1.12.6,lbt,1,1,Intel(R) Core(TM) 7 150U,NT,2abc7cc
degen-r20-m5-d1e-06-p3,100,AGD-SDAJ,1e-7*n,1.0e-11,110,4026,4.5033714,4.407318,97.86707798517352,0.0,0.0023431,0.0,0.0,0.0,0.0,0.09371029999999973,0.429269885329392,1.2045686405776607e-7,-3.2844166762541765e-15,4.007610532319461e-8,4.007610532319461e-8,6.587221844935073e-8,4.007610532319461e-8,NaN,evd_budget,0,0,3470,11,3459,0,110,2.9753562794747665e-14,1.12.6,lbt,1,1,Intel(R) Core(TM) 7 150U,NT,2abc7cc
degen-r20-m5-d1e-06-p3,100,Dykstra-APM,1e-7*n,9.999999999999999e-6,100,100,0.1710275,0.1487828,86.99349519814065,0.0,0.0,0.0,0.0,0.0158756,0.0,0.006369100000000006,0.4292698144178334,2.2490514854132248e-11,-3.78020628680557e-15,1.6220358389773537e-12,1.6220358389773537e-12,9.9705426293286e-12,1.6220358389773537e-12,NaN,diag_feasible,0,0,0,0,0,0,100,2.9753562794747665e-14,1.12.6,lbt,1,1,Intel(R) Core(TM) 7 150U,NT,2abc7cc
degen-r20-m5-d1e-06-p3,100,Anderson-APM,1e-7*n,9.999999999999999e-6,33,33,0.0564319,0.0474141,84.02003122347467,0.0,0.0,0.0,0.0,0.0,0.0076391,0.0013786999999999992,0.42926981443939505,1.5096891802254187e-11,-2.881387276213421e-15,2.7851054795746677e-12,2.7851054795746677e-12,8.565318137750203e-12,2.7851054795746677e-12,NaN,diag_feasible,0,0,0,0,0,0,33,2.9753562794747665e-14,1.12.6,lbt,1,1,Intel(R) Core(TM) 7 150U,NT,2abc7cc
degen-r20-m5-d1e-06-p4,100,SBB-Dual,1e-7*n,1.0e-11,44,45,0.0482074,0.0474769,98.48467247766942,4.16e-5,2.69e-5,5.03e-5,0.0,0.0,0.0,0.0006116999999999951,0.4298175347005996,8.642731216390849e-12,-3.2146324086221257e-15,1.41886502547095e-12,0.0,8.493745567735174e-12,1.41886502547095e-12,100.0,diag_feasible,0,0,0,0,0,0,44,5.1866311748733424e-14,1.12.6,lbt,1,1,Intel(R) Core(TM) 7 150U,NT,2abc7cc
degen-r20-m5-d1e-06-p4,100,Newton-SIN-BH,1e-7*n,9.999999999999999e-6,4,5,0.007122,0.0053552,75.19236169615277,0.0,4.0e-6,0.0,0.0015559,0.0,0.0,0.00020689999999999966,0.42981753470059914,0.0,-3.3776049519455765e-15,1.532107773982716e-14,1.532107773982716e-14,5.1866311748733424e-14,1.532107773982716e-14,NaN,converged,22,22,0,0,0,0,4,5.1866311748733424e-14,1.12.6,lbt,1,1,Intel(R) Core(TM) 7 150U,NT,2abc7cc
degen-r20-m5-d1e-06-p4,100,Newton-SIN,1e-7*n,9.999999999999999e-6,4,9,0.0183274,0.015648699999999998,85.38417887971015,0.0,7.5e-6,0.0,0.0024511,0.0,0.0,0.00022010000000000259,0.42981753470059914,0.0,-3.3776049519455765e-15,1.532107773982716e-14,1.532107773982716e-14,5.1866311748733424e-14,1.532107773982716e-14,NaN,converged,22,22,0,0,0,0,4,5.1866311748733424e-14,1.12.6,lbt,1,1,Intel(R) Core(TM) 7 150U,NT,2abc7cc
degen-r20-m5-d1e-06-p4,100,AGD-SDAJ-BH,1e-7*n,1.0e-11,10,76,0.1026194,0.1011953,98.6122507050324,0.0,5.85e-5,0.0,0.0,0.0,0.0,0.0013655999999999976,0.4298175347105069,1.5145043954012735e-11,-4.2596928897900264e-15,5.969780225711929e-12,5.969780225711929e-12,8.114625998856166e-12,5.969780225711929e-12,NaN,diag_feasible,0,0,17,17,0,0,10,5.1866311748733424e-14,1.12.6,lbt,1,1,Intel(R) Core(TM) 7 150U,NT,2abc7cc
degen-r20-m5-d1e-06-p4,100,AGD-SDAJ,1e-7*n,1.0e-11,9,77,0.0828378,0.0816995,98.62586886662852,0.0,3.87e-5,0.0,0.0,0.0,0.0,0.0010996000000000087,0.429817534704043,5.195633251864528e-12,-3.2861482892626394e-15,1.5760726057578722e-12,1.5760726057578722e-12,2.6699172387374267e-12,1.5760726057578722e-12,NaN,diag_feasible,0,0,22,14,8,0,9,5.1866311748733424e-14,1.12.6,lbt,1,1,Intel(R) Core(TM) 7 150U,NT,2abc7cc
degen-r20-m5-d1e-06-p4,100,Dykstra-APM,1e-7*n,9.999999999999999e-6,101,101,0.1202914,0.113136,94.05161133713631,0.0,0.0,0.0,0.0,0.0048086,0.0,0.0023468000000000065,0.42981753468650813,1.8464312850554234e-11,-4.08503004267533e-15,1.3655743202889425e-12,1.3655743202889425e-12,8.177431560496318e-12,1.3655743202889425e-12,NaN,diag_feasible,0,0,0,0,0,0,101,5.1866311748733424e-14,1.12.6,lbt,1,1,Intel(R) Core(TM) 7 150U,NT,2abc7cc
degen-r20-m5-d1e-06-p4,100,Anderson-APM,1e-7*n,9.999999999999999e-6,31,31,0.0493149,0.041101,83.34397920304005,0.0,0.0,0.0,0.0,0.0,0.0068992,0.0013147000000000028,0.4298175347061845,1.5575270378745607e-11,-3.4956831634295285e-15,2.9630742304220803e-12,2.9630742304220803e-12,8.939512211426435e-12,2.9630742304220803e-12,NaN,diag_feasible,0,0,0,0,0,0,31,5.1866311748733424e-14,1.12.6,lbt,1,1,Intel(R) Core(TM) 7 150U,NT,2abc7cc
degen-r20-m5-d1e-08-p0,100,SBB-Dual,1e-7*n,1.0e-11,43,44,0.0588193,0.058012100000000004,98.62766132884956,4.81e-5,3.21e-5,3.38e-5,0.0,0.0,0.0,0.0006931999999999941,0.42916549888270594,6.333689037064923e-12,-3.1268059093858745e-15,1.070921129553426e-12,0.0,6.383418065857342e-12,1.070921129553426e-12,100.0,diag_feasible,0,0,0,0,0,0,43,1.5471984581159744e-14,1.12.6,lbt,1,1,Intel(R) Core(TM) 7 150U,NT,2abc7cc
degen-r20-m5-d1e-08-p0,100,Newton-SIN-BH,1e-7*n,9.999999999999999e-6,4,5,0.0108443,0.0077104,71.10094704130282,0.0,6.7e-6,0.0,0.0027986,0.0,0.0,0.0003285999999999992,0.4291654988827058,0.0,-3.5290288800502677e-15,8.881784197001252e-15,8.881784197001252e-15,1.5471984581159744e-14,8.881784197001252e-15,NaN,converged,24,24,0,0,0,0,4,1.5471984581159744e-14,1.12.6,lbt,1,1,Intel(R) Core(TM) 7 150U,NT,2abc7cc
degen-r20-m5-d1e-08-p0,100,Newton-SIN,1e-7*n,9.999999999999999e-6,4,9,0.0136091,0.0115081,84.56180055991948,0.0,6.5e-6,0.0,0.0019203,0.0,0.0,0.00017420000000000044,0.4291654988827058,0.0,-3.5290288800502677e-15,8.881784197001252e-15,8.881784197001252e-15,1.5471984581159744e-14,8.881784197001252e-15,NaN,converged,24,24,0,0,0,0,4,1.5471984581159744e-14,1.12.6,lbt,1,1,Intel(R) Core(TM) 7 150U,NT,2abc7cc
degen-r20-m5-d1e-08-p0,100,AGD-SDAJ-BH,1e-7*n,1.0e-11,11,85,0.0937569,0.0925798,98.7445190700631,0.0,4.64e-5,0.0,0.0,0.0,0.0,0.0011307000000000003,0.42916549888768857,1.218077558456986e-11,-3.5471515490702467e-15,2.9234392684429622e-12,2.9234392684429622e-12,6.959269232624305e-12,2.9234392684429622e-12,NaN,diag_feasible_at_xpre,0,0,20,20,0,0,11,1.5471984581159744e-14,1.12.6,lbt,1,1,Intel(R) Core(TM) 7 150U,NT,2abc7cc
degen-r20-m5-d1e-08-p0,100,AGD-SDAJ,1e-7*n,1.0e-11,11,92,0.1053407,0.1040857,98.80862762446046,0.0,4.89e-5,0.0,0.0,0.0,0.0,0.0012060999999999923,0.42916549888627953,6.285523874842724e-12,-3.115667829823344e-15,9.514611321037592e-13,9.514611321037592e-13,3.312556455149112e-12,9.514611321037592e-13,NaN,diag_feasible,0,0,25,19,6,0,11,1.5471984581159744e-14,1.12.6,lbt,1,1,Intel(R) Core(TM) 7 150U,NT,2abc7cc
degen-r20-m5-d1e-08-p0,100,Dykstra-APM,1e-7*n,9.999999999999999e-6,97,97,0.1303479,0.122796,94.20635085030139,0.0,0.0,0.0,0.0,0.0051233,0.0,0.0024285999999999865,0.42916549886543764,2.2591306811544573e-11,-3.933569576874355e-15,1.695310558602614e-12,1.695310558602614e-12,9.993836171344459e-12,1.695310558602614e-12,NaN,diag_feasible,0,0,0,0,0,0,97,1.5471984581159744e-14,1.12.6,lbt,1,1,Intel(R) Core(TM) 7 150U,NT,2abc7cc
degen-r20-m5-d1e-08-p0,100,Anderson-APM,1e-7*n,9.999999999999999e-6,40,40,0.0606415,0.0510158,84.12687680878606,0.0,0.0,0.0,0.0,0.0,0.0083321,0.0012936000000000007,0.42916549889126915,1.458025642736375e-11,-2.891757468671331e-15,1.897482171386855e-12,1.897482171386855e-12,7.33652283285004e-12,1.897482171386855e-12,NaN,diag_feasible,0,0,0,0,0,0,40,1.5471984581159744e-14,1.12.6,lbt,1,1,Intel(R) Core(TM) 7 150U,NT,2abc7cc
degen-r20-m5-d1e-08-p1,100,SBB-Dual,1e-7*n,1.0e-11,43,44,0.053831,0.0531089,98.6585796288384,4.43e-5,2.81e-5,3.26e-5,0.0,0.0,0.0,0.0006170999999999963,0.4239414830665071,7.556790172428431e-12,-3.633657358675449e-15,1.2680967387268538e-12,0.0,7.575121948441451e-12,1.2680967387268538e-12,100.0,diag_feasible,0,0,0,0,0,0,43,5.574734827706832e-14,1.12.6,lbt,1,1,Intel(R) Core(TM) 7 150U,NT,2abc7cc
degen-r20-m5-d1e-08-p1,100,Newton-SIN-BH,1e-7*n,9.999999999999999e-6,4,5,0.0108437,0.007881899999999999,72.68644466372179,0.0,5.9e-6,0.0,0.0025638,0.0,0.0,0.00039210000000000026,0.4239414830665129,0.0,-3.176817620532558e-15,1.5987211554602254e-14,1.5987211554602254e-14,5.574734827706832e-14,1.5987211554602254e-14,NaN,converged,23,23,0,0,0,0,4,5.574734827706832e-14,1.12.6,lbt,1,1,Intel(R) Core(TM) 7 150U,NT,2abc7cc
degen-r20-m5-d1e-08-p1,100,Newton-SIN,1e-7*n,9.999999999999999e-6,100,3227,3.9024541,3.7238637,95.42363867905583,0.0,0.0017724,0.0,0.1069951,0.0,0.0,0.06982290000000003,0.4239414817758869,2.651883461589796e-9,-3.484076544794791e-15,6.294655907623792e-10,6.294655907623792e-10,1.3569940230944446e-9,6.294655907623792e-10,NaN,max_iter,1079,1079,3026,0,0,0,100,5.574734827706832e-14,1.12.6,lbt,1,1,Intel(R) Core(TM) 7 150U,NT,2abc7cc
degen-r20-m5-d1e-08-p1,100,AGD-SDAJ-BH,1e-7*n,1.0e-11,11,79,0.0950052,0.0932081,98.10841932862623,0.0,4.43e-5,0.0,0.0,0.0,0.0,0.001752799999999996,0.4239414830765931,1.5493270576281883e-11,-3.5915077507059124e-15,4.384714813454593e-12,4.384714813454593e-12,8.091201435928485e-12,4.384714813454593e-12,NaN,diag_feasible,0,0,12,12,0,0,11,5.574734827706832e-14,1.12.6,lbt,1,1,Intel(R) Core(TM) 7 150U,NT,2abc7cc
degen-r20-m5-d1e-08-p1,100,AGD-SDAJ,1e-7*n,1.0e-11,10,74,0.0910909,0.0899408,98.7374150436542,0.0,4.33e-5,0.0,0.0,0.0,0.0,0.001106800000000001,0.4239414830738393,1.101170919524606e-11,-3.5361208546793227e-15,2.470579296698361e-12,2.470579296698361e-12,5.526199099495352e-12,2.470579296698361e-12,NaN,diag_feasible,0,0,13,9,4,0,10,5.574734827706832e-14,1.12.6,lbt,1,1,Intel(R) Core(TM) 7 150U,NT,2abc7cc
degen-r20-m5-d1e-08-p1,100,Dykstra-APM,1e-7*n,9.999999999999999e-6,98,98,0.1189616,0.1112189,93.49142916705894,0.0,0.0,0.0,0.0,0.0048102,0.0,0.0029325000000000054,0.4239414830501576,2.112187505781073e-11,-3.684218223363429e-15,1.5849543899548735e-12,1.5849543899548735e-12,9.355688594326833e-12,1.5849543899548735e-12,NaN,diag_feasible,0,0,0,0,0,0,98,5.574734827706832e-14,1.12.6,lbt,1,1,Intel(R) Core(TM) 7 150U,NT,2abc7cc
degen-r20-m5-d1e-08-p1,100,Anderson-APM,1e-7*n,9.999999999999999e-6,31,31,0.0415963,0.0347403,83.51776480119625,0.0,0.0,0.0,0.0,0.0,0.0058373,0.0010187000000000009,0.4239414830703866,1.4656502124605048e-11,-3.1385727233527535e-15,1.9346746427117978e-12,1.9346746427117978e-12,8.540327954946702e-12,1.9346746427117978e-12,NaN,diag_feasible,0,0,0,0,0,0,31,5.574734827706832e-14,1.12.6,lbt,1,1,Intel(R) Core(TM) 7 150U,NT,2abc7cc
degen-r20-m5-d1e-08-p2,100,SBB-Dual,1e-7*n,1.0e-11,42,43,0.0501773,0.049501199999999995,98.65257795855894,4.02e-5,2.46e-5,3.35e-5,0.0,0.0,0.0,0.0005778000000000058,0.4291938933498495,8.937584967280968e-12,-3.2128827148914367e-15,1.3624656958199921e-12,0.0,9.594253508218963e-12,1.3624656958199921e-12,100.0,diag_feasible,0,0,0,0,0,0,42,2.3255661252418174e-14,1.12.6,lbt,1,1,Intel(R) Core(TM) 7 150U,NT,2abc7cc
degen-r20-m5-d1e-08-p2,100,Newton-SIN-BH,1e-7*n,9.999999999999999e-6,4,5,0.0067695,0.004972,73.44707880936554,0.0,3.7e-6,0.0,0.001599,0.0,0.0,0.00019480000000000062,0.42919389334985364,0.0,-3.212792151752025e-15,1.1213252548714081e-14,1.1213252548714081e-14,2.3255661252418174e-14,1.1213252548714081e-14,NaN,converged,23,23,0,0,0,0,4,2.3255661252418174e-14,1.12.6,lbt,1,1,Intel(R) Core(TM) 7 150U,NT,2abc7cc
degen-r20-m5-d1e-08-p2,100,Newton-SIN,1e-7*n,9.999999999999999e-6,4,9,0.012648,0.010651,84.21094244149275,0.0,5.0e-6,0.0,0.0017846,0.0,0.0,0.00020739999999999908,0.42919389334985364,0.0,-3.212792151752025e-15,1.1213252548714081e-14,1.1213252548714081e-14,2.3255661252418174e-14,1.1213252548714081e-14,NaN,converged,23,23,0,0,0,0,4,2.3255661252418174e-14,1.12.6,lbt,1,1,Intel(R) Core(TM) 7 150U,NT,2abc7cc
degen-r20-m5-d1e-08-p2,100,AGD-SDAJ-BH,1e-7*n,1.0e-11,10,79,0.0987985,0.0976101,98.79714772997566,0.0,4.34e-5,0.0,0.0,0.0,0.0,0.0011449999999999922,0.42919389335395464,1.1256902281481893e-11,-3.9073297813622985e-15,3.656852598510341e-12,3.656852598510341e-12,6.6728645842401145e-12,3.656852598510341e-12,NaN,diag_feasible_at_xpre,0,0,20,20,0,0,10,2.3255661252418174e-14,1.12.6,lbt,1,1,Intel(R) Core(TM) 7 150U,NT,2abc7cc
degen-r20-m5-d1e-08-p2,100,AGD-SDAJ,1e-7*n,1.0e-11,12,115,0.1429773,0.1412131,98.7660978351109,0.0,0.0001305,0.0,0.0,0.0,0.0,0.0016336999999999936,0.4291938933567846,1.1747486806879291e-11,-3.57778772145195e-15,4.0178971261184415e-12,4.0178971261184415e-12,6.47142536815297e-12,4.0178971261184415e-12,NaN,diag_feasible,0,0,44,20,24,0,12,2.3255661252418174e-14,1.12.6,lbt,1,1,Intel(R) Core(TM) 7 150U,NT,2abc7cc
degen-r20-m5-d1e-08-p2,100,Dykstra-APM,1e-7*n,9.999999999999999e-6,97,97,0.1408956,0.131798,93.54302050596327,0.0,0.0,0.0,0.0,0.005723,0.0,0.0033746000000000114,0.4291938933337633,2.0934429658290284e-11,-3.813520568288191e-15,1.3173906410202108e-12,1.3173906410202108e-12,9.278172180983196e-12,1.3173906410202108e-12,NaN,diag_feasible,0,0,0,0,0,0,97,2.3255661252418174e-14,1.12.6,lbt,1,1,Intel(R) Core(TM) 7 150U,NT,2abc7cc
degen-r20-m5-d1e-08-p2,100,Anderson-APM,1e-7*n,9.999999999999999e-6,36,36,0.0774121,0.0626772,80.96563715491507,0.0,0.0,0.0,0.0,0.0,0.0128209,0.0019139999999999956,0.42919389335824404,1.488430958193078e-11,-4.1281324423324746e-15,1.8872681195603036e-12,1.8872681195603036e-12,7.581464589226084e-12,1.8872681195603036e-12,NaN,diag_feasible,0,0,0,0,0,0,36,2.3255661252418174e-14,1.12.6,lbt,1,1,Intel(R) Core(TM) 7 150U,NT,2abc7cc
degen-r20-m5-d1e-08-p3,100,SBB-Dual,1e-7*n,1.0e-11,42,43,0.0626982,0.0617429,98.47635179319343,5.23e-5,3.69e-5,0.0001271,0.0,0.0,0.0,0.0007389999999999923,0.4292706130418614,9.959371160515336e-12,-3.4875424218697576e-15,1.538547067525542e-12,0.0,9.409630901046114e-12,1.538547067525542e-12,100.0,diag_feasible,0,0,0,0,0,0,42,3.828998099054815e-14,1.12.6,lbt,1,1,Intel(R) Core(TM) 7 150U,NT,2abc7cc
degen-r20-m5-d1e-08-p3,100,Newton-SIN-BH,1e-7*n,9.999999999999999e-6,4,5,0.0136395,0.0098652,72.3281645221599,0.0,9.0e-6,0.0,0.0033757,0.0,0.0,0.00038960000000000123,0.42927061304186387,0.0,-3.033801377496706e-15,1.4432899320127035e-14,1.4432899320127035e-14,3.828998099054815e-14,1.4432899320127035e-14,NaN,converged,24,24,0,0,0,0,4,3.828998099054815e-14,1.12.6,lbt,1,1,Intel(R) Core(TM) 7 150U,NT,2abc7cc
degen-r20-m5-d1e-08-p3,100,Newton-SIN,1e-7*n,9.999999999999999e-6,4,9,0.0212626,0.0177824,83.63229332254758,0.0,8.8e-6,0.0,0.0032084,0.0,0.0,0.0002629999999999989,0.42927061304186387,0.0,-3.033801377496706e-15,1.4432899320127035e-14,1.4432899320127035e-14,3.828998099054815e-14,1.4432899320127035e-14,NaN,converged,24,24,0,0,0,0,4,3.828998099054815e-14,1.12.6,lbt,1,1,Intel(R) Core(TM) 7 150U,NT,2abc7cc
degen-r20-m5-d1e-08-p3,100,AGD-SDAJ-BH,1e-7*n,1.0e-11,10,75,0.0878442,0.0867425,98.74584776228825,0.0,4.56e-5,0.0,0.0,0.0,0.0,0.001056099999999997,0.429270613046563,7.155750676206183e-12,-3.8418967275449846e-15,1.970645868709653e-12,1.970645868709653e-12,3.6528744185177265e-12,1.970645868709653e-12,NaN,diag_feasible,0,0,14,14,0,0,10,3.828998099054815e-14,1.12.6,lbt,1,1,Intel(R) Core(TM) 7 150U,NT,2abc7cc
degen-r20-m5-d1e-08-p3,100,AGD-SDAJ,1e-7*n,1.0e-11,10,80,0.108988,0.10766419999999999,98.7853708665174,0.0,5.86e-5,0.0,0.0,0.0,0.0,0.0012652000000000138,0.42927061304664527,7.241990334112553e-12,-3.3120079388055048e-15,1.9979573551154317e-12,1.9979573551154317e-12,3.701756699189942e-12,1.9979573551154317e-12,NaN,diag_feasible,0,0,19,14,5,0,10,3.828998099054815e-14,1.12.6,lbt,1,1,Intel(R) Core(TM) 7 150U,NT,2abc7cc
degen-r20-m5-d1e-08-p3,100,Dykstra-APM,1e-7*n,9.999999999999999e-6,97,97,0.1148667,0.1080377,94.05484792372376,0.0,0.0,0.0,0.0,0.0047292,0.0,0.0020998000000000015,0.4292706130260995,2.0577189008290596e-11,-3.488338822651014e-15,1.5079049120458876e-12,1.5079049120458876e-12,9.122889260770212e-12,1.5079049120458876e-12,NaN,diag_feasible,0,0,0,0,0,0,97,3.828998099054815e-14,1.12.6,lbt,1,1,Intel(R) Core(TM) 7 150U,NT,2abc7cc
degen-r20-m5-d1e-08-p3,100,Anderson-APM,1e-7*n,9.999999999999999e-6,33,33,0.0611165,0.0474172,77.58494023708819,0.0,0.0,0.0,0.0,0.0,0.0085578,0.005141499999999997,0.4292706130463301,1.5253291608697138e-11,-3.15544293904578e-15,2.812083899073059e-12,2.812083899073059e-12,8.644451903521424e-12,2.812083899073059e-12,NaN,diag_feasible,0,0,0,0,0,0,33,3.828998099054815e-14,1.12.6,lbt,1,1,Intel(R) Core(TM) 7 150U,NT,2abc7cc
degen-r20-m5-d1e-08-p4,100,SBB-Dual,1e-7*n,1.0e-11,42,43,0.0773918,0.0763527,98.6573512956153,6.59e-5,4.45e-5,3.62e-5,0.0,0.0,0.0,0.000892500000000001,0.4298183466991162,9.487344463425039e-12,-3.720423728678874e-15,1.5580869927589447e-12,0.0,9.31995881124385e-12,1.5580869927589447e-12,100.0,diag_feasible,0,0,0,0,0,0,42,1.4573130989168706e-14,1.12.6,lbt,1,1,Intel(R) Core(TM) 7 150U,NT,2abc7cc
degen-r20-m5-d1e-08-p4,100,Newton-SIN-BH,1e-7*n,9.999999999999999e-6,4,5,0.0133163,0.009689600000000001,72.764957232865,0.0,8.2e-6,0.0,0.0032113,0.0,0.0,0.0004071999999999986,0.42981834669910907,0.0,-2.936494146261967e-15,5.10702591327572e-15,5.10702591327572e-15,1.4573130989168706e-14,5.10702591327572e-15,NaN,converged,24,24,0,0,0,0,4,1.4573130989168706e-14,1.12.6,lbt,1,1,Intel(R) Core(TM) 7 150U,NT,2abc7cc
degen-r20-m5-d1e-08-p4,100,Newton-SIN,1e-7*n,9.999999999999999e-6,100,2549,3.6936653,3.4938764,94.59103942092425,0.0,0.0017897,0.0,0.1472131,0.0,0.0,0.05078610000000014,0.42981834651570067,3.088292473934423e-10,-3.6680566967494936e-15,4.3235193203372546e-11,4.3235193203372546e-11,1.529449152406675e-10,4.3235193203372546e-11,NaN,max_iter,1259,1259,2348,0,0,0,100,1.4573130989168706e-14,1.12.6,lbt,1,1,Intel(R) Core(TM) 7 150U,NT,2abc7cc
degen-r20-m5-d1e-08-p4,100,AGD-SDAJ-BH,1e-7*n,1.0e-11,10,80,0.0983024,0.0970366,98.71234069564933,0.0,5.82e-5,0.0,0.0,0.0,0.0,0.0012075999999999975,0.4298183467056272,9.57955494700129e-12,-4.351215802313854e-15,3.2587266218797595e-12,3.2587266218797595e-12,4.941277069232102e-12,3.2587266218797595e-12,NaN,diag_feasible,0,0,19,19,0,0,10,1.4573130989168706e-14,1.12.6,lbt,1,1,Intel(R) Core(TM) 7 150U,NT,2abc7cc
degen-r20-m5-d1e-08-p4,100,AGD-SDAJ,1e-7*n,1.0e-11,11,93,0.1083669,0.1071028,98.8334998971088,0.0,4.65e-5,0.0,0.0,0.0,0.0,0.001217600000000004,0.4298183467063349,1.0820388327086422e-11,-3.3895743012087278e-15,4.098721362311153e-12,4.098721362311153e-12,5.7123214299654695e-12,4.098721362311153e-12,NaN,diag_feasible_at_xpre,0,0,30,18,12,0,11,1.4573130989168706e-14,1.12.6,lbt,1,1,Intel(R) Core(TM) 7 150U,NT,2abc7cc
degen-r20-m5-d1e-08-p4,100,Dykstra-APM,1e-7*n,9.999999999999999e-6,97,97,0.2951889,0.2725928,92.3452067472727,0.0,0.0,0.0,0.0,0.0108027,0.0,0.011793399999999952,0.4298183466835536,2.0390013577382725e-11,-3.61459927814333e-15,1.5156764732182637e-12,1.5156764732182637e-12,9.030280871035735e-12,1.5156764732182637e-12,NaN,diag_feasible,0,0,0,0,0,0,97,1.4573130989168706e-14,1.12.6,lbt,1,1,Intel(R) Core(TM) 7 150U,NT,2abc7cc
degen-r20-m5-d1e-08-p4,100,Anderson-APM,1e-7*n,9.999999999999999e-6,31,31,0.1251731,0.0861017,68.78610500179352,0.0,0.0,0.0,0.0,0.0,0.0346346,0.004436800000000005,0.4298183467050997,1.5865192408950365e-11,-3.2669987396933767e-15,2.9749536167855695e-12,2.9749536167855695e-12,9.047162569044883e-12,2.9749536167855695e-12,NaN,diag_feasible,0,0,0,0,0,0,31,1.4573130989168706e-14,1.12.6,lbt,1,1,Intel(R) Core(TM) 7 150U,NT,2abc7cc
degen-r20-m5-d1e-10-p0,100,SBB-Dual,1e-7*n,1.0e-11,41,42,0.1062409,0.1047139,98.56270042893085,0.0001326,6.42e-5,0.0001321,0.0,0.0,0.0,0.0011981000000000006,0.429165506935421,7.105309060775406e-12,-3.750242432673409e-15,1.284305994886381e-12,0.0,7.14718760610193e-12,1.284305994886381e-12,100.0,diag_feasible,0,0,0,0,0,0,41,1.556966573128942e-14,1.12.6,lbt,1,1,Intel(R) Core(TM) 7 150U,NT,2abc7cc
degen-r20-m5-d1e-10-p0,100,Newton-SIN-BH,1e-7*n,9.999999999999999e-6,5,6,0.0253154,0.0159944,63.18051462745997,0.0,1.27e-5,0.0,0.0087066,0.0,0.0,0.0006017000000000002,0.4291655069354212,0.0,-3.1799095031229088e-15,7.771561172376096e-15,7.771561172376096e-15,1.556966573128942e-14,7.771561172376096e-15,NaN,converged,38,38,0,0,0,0,5,1.556966573128942e-14,1.12.6,lbt,1,1,Intel(R) Core(TM) 7 150U,NT,2abc7cc
degen-r20-m5-d1e-10-p0,100,Newton-SIN,1e-7*n,9.999999999999999e-6,100,2569,7.9178975,7.4592668,94.2076706600458,0.0,0.0043363,0.0,0.3463796,0.0,0.0,0.10791479999999959,0.4291655069235685,4.0663801560911615e-11,-3.2532203401189022e-15,2.2926549547719333e-11,2.2926549547719333e-11,2.4618309646714917e-11,2.2926549547719333e-11,NaN,max_iter,1273,1273,2368,0,0,0,100,1.556966573128942e-14,1.12.6,lbt,1,1,Intel(R) Core(TM) 7 150U,NT,2abc7cc
degen-r20-m5-d1e-10-p0,100,AGD-SDAJ-BH,1e-7*n,1.0e-11,12,94,0.239748,0.236791,98.76662161936702,0.0,0.0001369,0.0,0.0,0.0,0.0,0.0028200999999999873,0.4291655069433796,1.3762892947544025e-11,-3.4745392608991097e-15,5.792033519469442e-12,5.792033519469442e-12,7.807901898261978e-12,5.792033519469442e-12,NaN,diag_feasible,0,0,23,23,0,0,12,1.556966573128942e-14,1.12.6,lbt,1,1,Intel(R) Core(TM) 7 150U,NT,2abc7cc
degen-r20-m5-d1e-10-p0,100,AGD-SDAJ,1e-7*n,1.0e-11,135,4014,13.1037204,12.9325941,98.6940632524485,0.0,0.0066473,0.0,0.0,0.0,0.0,0.16447900000000096,0.429165507055126,1.9976723680383626e-10,-3.4461203078080486e-15,6.43727293692109e-11,6.43727293692109e-11,1.0705832897148886e-10,6.43727293692109e-11,NaN,evd_budget,0,0,3330,273,3057,0,135,1.556966573128942e-14,1.12.6,lbt,1,1,Intel(R) Core(TM) 7 150U,NT,2abc7cc
degen-r20-m5-d1e-10-p0,100,Dykstra-APM,1e-7*n,9.999999999999999e-6,94,94,0.3239103,0.2977489,91.92325776611611,0.0,0.0,0.0,0.0,0.013674,0.0,0.012487400000000001,0.4291655069198321,2.0438313885941117e-11,-3.6638657755835875e-15,1.6933121571582888e-12,1.6933121571582888e-12,9.043431058352826e-12,1.6933121571582888e-12,NaN,diag_feasible,0,0,0,0,0,0,94,1.556966573128942e-14,1.12.6,lbt,1,1,Intel(R) Core(TM) 7 150U,NT,2abc7cc
degen-r20-m5-d1e-10-p0,100,Anderson-APM,1e-7*n,9.999999999999999e-6,40,40,0.1429773,0.0984123,68.830716484365,0.0,0.0,0.0,0.0,0.0,0.0397135,0.004851500000000009,0.4291655069440531,1.4689475537202093e-11,-4.582602860669124e-15,1.908917468540494e-12,1.908917468540494e-12,7.390026305550224e-12,1.908917468540494e-12,NaN,diag_feasible,0,0,0,0,0,0,40,1.556966573128942e-14,1.12.6,lbt,1,1,Intel(R) Core(TM) 7 150U,NT,2abc7cc
degen-r20-m5-d1e-10-p1,100,SBB-Dual,1e-7*n,1.0e-11,41,42,0.1104822,0.1088528,98.52519229341921,0.0001483,6.79e-5,0.0001708,0.0,0.0,0.0,0.0012424000000000029,0.42394149005314535,9.28483565190172e-12,-3.396925080113211e-15,1.6937562463681388e-12,0.0,9.321251748698115e-12,1.6937562463681388e-12,100.0,diag_feasible,0,0,0,0,0,0,41,7.042481659746094e-14,1.12.6,lbt,1,1,Intel(R) Core(TM) 7 150U,NT,2abc7cc
degen-r20-m5-d1e-10-p1,100,Newton-SIN-BH,1e-7*n,9.999999999999999e-6,5,6,0.033495,0.017019,50.81056874160323,0.0,1.3e-5,0.0,0.015812,0.0,0.0,0.0006509999999999988,0.42394149005313814,0.0,-3.418520635735971e-15,1.9984014443252818e-14,1.9984014443252818e-14,7.042481659746094e-14,1.9984014443252818e-14,NaN,converged,38,38,0,0,0,0,5,7.042481659746094e-14,1.12.6,lbt,1,1,Intel(R) Core(TM) 7 150U,NT,2abc7cc
degen-r20-m5-d1e-10-p1,100,Newton-SIN,1e-7*n,9.999999999999999e-6,100,2967,10.1499054,9.682201200000002,95.39203390013864,0.0,0.0054418,0.0,0.3338091,0.0,0.0,0.12845329999999822,0.42394149002904136,4.849164486039225e-11,-3.753411165770846e-15,1.2369216761953794e-11,1.2369216761953794e-11,2.4768816244137783e-11,1.2369216761953794e-11,NaN,max_iter,1273,1273,2766,0,0,0,100,7.042481659746094e-14,1.12.6,lbt,1,1,Intel(R) Core(TM) 7 150U,NT,2abc7cc
degen-r20-m5-d1e-10-p1,100,AGD-SDAJ-BH,1e-7*n,1.0e-11,9,66,0.1781648,0.1759223,98.74133386617333,0.0,0.0001024,0.0,0.0,0.0,0.0,0.0021401000000000085,0.42394149006085097,1.1435510970645342e-11,-3.141531989799472e-15,3.3816283107057643e-12,3.3816283107057643e-12,5.866944217618518e-12,3.3816283107057643e-12,NaN,diag_feasible,0,0,11,11,0,0,9,7.042481659746094e-14,1.12.6,lbt,1,1,Intel(R) Core(TM) 7 150U,NT,2abc7cc
degen-r20-m5-d1e-10-p1,100,AGD-SDAJ,1e-7*n,1.0e-11,9,67,0.1967055,0.19402830000000001,98.63898060806638,0.0,0.0001306,0.0,0.0,0.0,0.0,0.002546599999999991,0.42394149006064474,1.1174037057731763e-11,-3.130650516278663e-15,3.268274539891536e-12,3.268274539891536e-12,5.6971491052572265e-12,3.268274539891536e-12,NaN,diag_feasible,0,0,12,9,3,0,9,7.042481659746094e-14,1.12.6,lbt,1,1,Intel(R) Core(TM) 7 150U,NT,2abc7cc
degen-r20-m5-d1e-10-p1,100,Dykstra-APM,1e-7*n,9.999999999999999e-6,95,95,0.3049652,0.2809436,92.12316684001979,0.0,0.0,0.0,0.0,0.0123225,0.0,0.011699099999999976,0.42394149003703896,2.0788824134828333e-11,-3.2022522367305284e-15,1.7279511155265936e-12,1.7279511155265936e-12,9.226391959831718e-12,1.7279511155265936e-12,NaN,diag_feasible,0,0,0,0,0,0,95,7.042481659746094e-14,1.12.6,lbt,1,1,Intel(R) Core(TM) 7 150U,NT,2abc7cc
degen-r20-m5-d1e-10-p1,100,Anderson-APM,1e-7*n,9.999999999999999e-6,33,33,0.1156045,0.0785459,67.94363541211631,0.0,0.0,0.0,0.0,0.0,0.0328146,0.004243999999999998,0.42394149006036635,1.2574603483518048e-11,-3.2540787560512227e-15,1.449840247857992e-12,1.449840247857992e-12,6.363241162965627e-12,1.449840247857992e-12,NaN,diag_feasible,0,0,0,0,0,0,33,7.042481659746094e-14,1.12.6,lbt,1,1,Intel(R) Core(TM) 7 150U,NT,2abc7cc
degen-r20-m5-d1e-10-p2,100,SBB-Dual,1e-7*n,1.0e-11,41,42,0.115623,0.1136688,98.30985184608599,0.0005649,5.75e-5,0.0001178,0.0,0.0,0.0,0.001214000000000003,0.4291939013855865,6.173709931980028e-12,-3.4750673823653998e-15,9.72111280361787e-13,0.0,6.624295576702188e-12,9.72111280361787e-13,100.0,diag_feasible,0,0,0,0,0,0,41,4.745161264418365e-14,1.12.6,lbt,1,1,Intel(R) Core(TM) 7 150U,NT,2abc7cc
degen-r20-m5-d1e-10-p2,100,Newton-SIN-BH,1e-7*n,9.999999999999999e-6,5,6,0.026399,0.0170542,64.60168945793401,0.0,1.44e-5,0.0,0.0087291,0.0,0.0,0.0006013000000000008,0.4291939013855951,0.0,-2.9776626584706325e-15,2.3314683517128287e-14,2.3314683517128287e-14,4.745161264418365e-14,2.3314683517128287e-14,NaN,converged,37,37,0,0,0,0,5,4.745161264418365e-14,1.12.6,lbt,1,1,Intel(R) Core(TM) 7 150U,NT,2abc7cc
degen-r20-m5-d1e-10-p2,100,Newton-SIN,1e-7*n,9.999999999999999e-6,5,11,0.0463836,0.0354128,76.34767460912909,0.0,2.1e-5,0.0,0.0104139,0.0,0.0,0.0005358999999999954,0.4291939013855951,0.0,-2.9776626584706325e-15,2.3314683517128287e-14,2.3314683517128287e-14,4.745161264418365e-14,2.3314683517128287e-14,NaN,converged,37,37,0,0,0,0,5,4.745161264418365e-14,1.12.6,lbt,1,1,Intel(R) Core(TM) 7 150U,NT,2abc7cc
degen-r20-m5-d1e-10-p2,100,AGD-SDAJ-BH,1e-7*n,1.0e-11,10,83,0.2204014,0.2174915,98.67972707977354,0.0,0.0001738,0.0,0.0,0.0,0.0,0.002736099999999993,0.4291939013918563,9.360198556529145e-12,-3.620087630946068e-15,2.2261081866759014e-12,2.2261081866759014e-12,4.739917323031094e-12,2.2261081866759014e-12,NaN,diag_feasible,0,0,22,22,0,0,10,4.745161264418365e-14,1.12.6,lbt,1,1,Intel(R) Core(TM) 7 150U,NT,2abc7cc
degen-r20-m5-d1e-10-p2,100,AGD-SDAJ,1e-7*n,1.0e-11,11,96,0.2505035,0.2475813,98.83346939264322,0.0,0.000145,0.0,0.0,0.0,0.0,0.0027771999999999858,0.4291939013898992,7.823622634341008e-12,-3.936368784205026e-15,2.879474436667806e-12,2.879474436667806e-12,4.4635901970567335e-12,2.879474436667806e-12,NaN,diag_feasible,0,0,31,23,8,0,11,4.745161264418365e-14,1.12.6,lbt,1,1,Intel(R) Core(TM) 7 150U,NT,2abc7cc
degen-r20-m5-d1e-10-p2,100,Dykstra-APM,1e-7*n,9.999999999999999e-6,94,94,0.3630659,0.3358543,92.50505211312878,0.0,0.0,0.0,0.0,0.0143824,0.0,0.012829200000000002,0.4291939013708793,1.9155060939122535e-11,-4.065878465757819e-15,1.2987388942065081e-12,1.2987388942065081e-12,8.489166627576096e-12,1.2987388942065081e-12,NaN,diag_feasible,0,0,0,0,0,0,94,4.745161264418365e-14,1.12.6,lbt,1,1,Intel(R) Core(TM) 7 150U,NT,2abc7cc
degen-r20-m5-d1e-10-p2,100,Anderson-APM,1e-7*n,9.999999999999999e-6,36,36,0.2189008,0.146134,66.75809316366134,0.0,0.0,0.0,0.0,0.0,0.0573622,0.015404600000000018,0.42919390139391383,1.4777367922371842e-11,-3.5222502332285635e-15,1.8705037518884637e-12,1.8705037518884637e-12,7.529342038978533e-12,1.8705037518884637e-12,NaN,diag_feasible,0,0,0,0,0,0,36,4.745161264418365e-14,1.12.6,lbt,1,1,Intel(R) Core(TM) 7 150U,NT,2abc7cc
degen-r20-m5-d1e-10-p3,100,SBB-Dual,1e-7*n,1.0e-11,41,42,0.1493463,0.14627500000000002,97.94350445909944,0.0002809,0.0001361,0.0002292,0.0,0.0,0.0,0.002425099999999971,0.42927062102797314,6.889615294486018e-12,-3.4233613697353417e-15,1.13509202037676e-12,0.0,6.500772033730959e-12,1.13509202037676e-12,100.0,diag_feasible,0,0,0,0,0,0,41,3.261770249662933e-14,1.12.6,lbt,1,1,Intel(R) Core(TM) 7 150U,NT,2abc7cc
degen-r20-m5-d1e-10-p3,100,Newton-SIN-BH,1e-7*n,9.999999999999999e-6,5,6,0.0355935,0.0201332,56.564260328430755,0.0,2.04e-5,0.0,0.0146152,0.0,0.0,0.0008246999999999994,0.4292706210279628,0.0,-3.778352582440714e-15,1.021405182655144e-14,1.021405182655144e-14,3.261770249662933e-14,1.021405182655144e-14,NaN,converged,38,38,0,0,0,0,5,3.261770249662933e-14,1.12.6,lbt,1,1,Intel(R) Core(TM) 7 150U,NT,2abc7cc
degen-r20-m5-d1e-10-p3,100,Newton-SIN,1e-7*n,9.999999999999999e-6,100,2591,8.3427336,7.8215558,93.75291331368892,0.0,0.0044292,0.0,0.3930905,0.0,0.0,0.1236581000000011,0.42927062101693386,4.5007985066405454e-11,-3.650445693138729e-15,2.2316815062595197e-11,2.2316815062595197e-11,2.4216154888731844e-11,2.2316815062595197e-11,NaN,max_iter,1273,1273,2390,0,0,0,100,3.261770249662933e-14,1.12.6,lbt,1,1,Intel(R) Core(TM) 7 150U,NT,2abc7cc
degen-r20-m5-d1e-10-p3,100,AGD-SDAJ-BH,1e-7*n,1.0e-11,11,83,0.2510283,0.245531,97.810087547898,0.0,0.0001395,0.0,0.0,0.0,0.0,0.005357799999999983,0.42927062104027525,1.764348754574895e-11,-3.3727129595040268e-15,3.218536548388329e-12,3.218536548388329e-12,8.593650126659178e-12,3.218536548388329e-12,NaN,diag_feasible,0,0,16,16,0,0,11,3.261770249662933e-14,1.12.6,lbt,1,1,Intel(R) Core(TM) 7 150U,NT,2abc7cc
degen-r20-m5-d1e-10-p3,100,AGD-SDAJ,1e-7*n,1.0e-11,140,4024,13.4615352,13.2731022,98.60021166085129,0.0,0.0069475,0.0,0.0,0.0,0.0,0.18148549999999986,0.42927062125301574,3.3243117809405757e-10,-3.6546601637857286e-15,1.1113421294339787e-10,1.1113421294339787e-10,1.7096231405304906e-10,1.1113421294339787e-10,NaN,evd_budget,0,0,3315,144,3171,0,140,3.261770249662933e-14,1.12.6,lbt,1,1,Intel(R) Core(TM) 7 150U,NT,2abc7cc
degen-r20-m5-d1e-10-p3,100,Dykstra-APM,1e-7*n,9.999999999999999e-6,94,94,0.273778,0.2536429,92.64546457348654,0.0,0.0,0.0,0.0,0.0092646,0.0,0.010870500000000017,0.42927062101353447,1.8829075172415918e-11,-3.2460816924625557e-15,1.5256684804398901e-12,1.5256684804398901e-12,8.357553438256194e-12,1.5256684804398901e-12,NaN,diag_feasible,0,0,0,0,0,0,94,3.261770249662933e-14,1.12.6,lbt,1,1,Intel(R) Core(TM) 7 150U,NT,2abc7cc
degen-r20-m5-d1e-10-p3,100,Anderson-APM,1e-7*n,9.999999999999999e-6,32,32,0.1111858,0.0761601,68.49804561373844,0.0,0.0,0.0,0.0,0.0,0.0312658,0.0037599000000000035,0.4292706210315271,5.2885288732878816e-12,-3.329026507747366e-15,5.510036871214652e-13,5.510036871214652e-13,2.537335279019776e-12,5.510036871214652e-13,NaN,diag_feasible,0,0,0,0,0,0,32,3.261770249662933e-14,1.12.6,lbt,1,1,Intel(R) Core(TM) 7 150U,NT,2abc7cc
degen-r20-m5-d1e-10-p4,100,SBB-Dual,1e-7*n,1.0e-11,41,42,0.1165922,0.1149165,98.56276834985532,0.0001448,6.62e-5,0.0001254,0.0,0.0,0.0,0.0013392999999999882,0.42981835481914593,6.3151199423695765e-12,-3.714342245554578e-15,1.070254995738651e-12,0.0,6.216117037828087e-12,1.070254995738651e-12,100.0,diag_feasible,0,0,0,0,0,0,41,1.86873984807952e-14,1.12.6,lbt,1,1,Intel(R) Core(TM) 7 150U,NT,2abc7cc
degen-r20-m5-d1e-10-p4,100,Newton-SIN-BH,1e-7*n,9.999999999999999e-6,5,7,0.0289562,0.0190265,65.70786221949011,0.0,1.68e-5,0.0,0.0092181,0.0,0.0,0.0006948000000000024,0.42981835481914793,0.0,-2.9421223075758996e-15,5.551115123125783e-15,5.551115123125783e-15,1.86873984807952e-14,5.551115123125783e-15,NaN,converged,39,39,1,0,0,0,5,1.86873984807952e-14,1.12.6,lbt,1,1,Intel(R) Core(TM) 7 150U,NT,2abc7cc
degen-r20-m5-d1e-10-p4,100,Newton-SIN,1e-7*n,9.999999999999999e-6,8,28,0.1132689,0.09031600000000001,79.73592045124478,0.0,5.34e-5,0.0,0.0217175,0.0,0.0,0.001181999999999999,0.42981835481914765,1.7534215758957724e-13,-3.760395128857735e-15,8.659739592076221e-15,8.659739592076221e-15,2.7850669848501023e-14,8.659739592076221e-15,NaN,converged,78,78,11,0,0,0,8,1.86873984807952e-14,1.12.6,lbt,1,1,Intel(R) Core(TM) 7 150U,NT,2abc7cc
degen-r20-m5-d1e-10-p4,100,AGD-SDAJ-BH,1e-7*n,1.0e-11,11,84,0.2316743,0.2285823,98.66536771666084,0.0,0.0001652,0.0,0.0,0.0,0.0,0.0029268000000000115,0.42981835483020336,1.6940877613260252e-11,-3.7156583230004195e-15,6.827094445327475e-12,6.827094445327475e-12,9.14622606864337e-12,6.827094445327475e-12,NaN,diag_feasible,0,0,19,19,0,0,11,1.86873984807952e-14,1.12.6,lbt,1,1,Intel(R) Core(TM) 7 150U,NT,2abc7cc
degen-r20-m5-d1e-10-p4,100,AGD-SDAJ,1e-7*n,1.0e-11,9,83,0.2218482,0.21904420000000002,98.73607268393434,0.0,0.0001457,0.0,0.0,0.0,0.0,0.0026582999999999733,0.42981835482557423,1.0057040090485427e-11,-3.713802791756817e-15,2.4005242238445135e-12,2.4005242238445135e-12,5.1969354559414506e-12,2.4005242238445135e-12,NaN,diag_feasible,0,0,28,16,12,0,9,1.86873984807952e-14,1.12.6,lbt,1,1,Intel(R) Core(TM) 7 150U,NT,2abc7cc
degen-r20-m5-d1e-10-p4,100,Dykstra-APM,1e-7*n,9.999999999999999e-6,93,93,0.2640253,0.2441625,92.47693308179178,0.0,0.0,0.0,0.0,0.0094887,0.0,0.010374100000000015,0.4298183548019471,2.2543298231976083e-11,-3.0020372050103635e-15,1.7834622667578515e-12,1.7834622667578515e-12,9.982071356389086e-12,1.7834622667578515e-12,NaN,diag_feasible,0,0,0,0,0,0,93,1.86873984807952e-14,1.12.6,lbt,1,1,Intel(R) Core(TM) 7 150U,NT,2abc7cc
degen-r20-m5-d1e-10-p4,100,Anderson-APM,1e-7*n,9.999999999999999e-6,33,33,0.1175839,0.0824337,70.10628155725401,0.0,0.0,0.0,0.0,0.0,0.0312215,0.003928700000000007,0.4298183548240405,1.1555276421359164e-11,-3.183694812529293e-15,1.5721868251716842e-12,1.5721868251716842e-12,6.388089027106354e-12,1.5721868251716842e-12,NaN,diag_feasible,0,0,0,0,0,0,33,1.86873984807952e-14,1.12.6,lbt,1,1,Intel(R) Core(TM) 7 150U,NT,2abc7cc
degen-r20-m5-d0-p0,100,SBB-Dual,1e-7*n,1.0e-11,40,41,0.1065297,0.1050271,98.58950133155355,0.0001284,6.13e-5,0.0001256,0.0,0.0,0.0,0.0011873000000000066,0.42916550701676204,7.590165194621869e-12,-2.6352519137297892e-15,1.4923617897011354e-12,0.0,6.058379173546893e-12,1.4923617897011354e-12,100.0,diag_feasible,0,0,0,0,0,0,40,2.668880090240094e-14,1.12.6,lbt,1,1,Intel(R) Core(TM) 7 150U,NT,2abc7cc
degen-r20-m5-d0-p0,100,Newton-SIN-BH,1e-7*n,9.999999999999999e-6,4,5,0.0186699,0.012858999999999999,68.87556976737957,0.0,9.7e-6,0.0,0.005405,0.0,0.0,0.00039620000000000107,0.4291655070167743,0.0,-3.4146198417258698e-15,6.661338147750939e-15,6.661338147750939e-15,2.668880090240094e-14,6.661338147750939e-15,NaN,converged,25,25,0,0,0,0,4,2.668880090240094e-14,1.12.6,lbt,1,1,Intel(R) Core(TM) 7 150U,NT,2abc7cc
degen-r20-m5-d0-p0,100,Newton-SIN,1e-7*n,9.999999999999999e-6,4,9,0.035443,0.0274125,77.34249358124312,0.0,1.7e-5,0.0,0.0075697,0.0,0.0,0.00044380000000000287,0.4291655070167743,0.0,-3.4146198417258698e-15,6.661338147750939e-15,6.661338147750939e-15,2.668880090240094e-14,6.661338147750939e-15,NaN,converged,25,25,0,0,0,0,4,2.668880090240094e-14,1.12.6,lbt,1,1,Intel(R) Core(TM) 7 150U,NT,2abc7cc
degen-r20-m5-d0-p0,100,AGD-SDAJ-BH,1e-7*n,1.0e-11,11,87,0.2721056,0.2680722,98.51770783107733,0.0,0.0002601,0.0,0.0,0.0,0.0,0.00377330000000002,0.42916550702178113,7.377219259775534e-12,-3.3465653939258755e-15,2.578937063901776e-12,2.578937063901776e-12,3.791578718042053e-12,2.578937063901776e-12,NaN,diag_feasible,0,0,20,20,0,0,11,2.668880090240094e-14,1.12.6,lbt,1,1,Intel(R) Core(TM) 7 150U,NT,2abc7cc
degen-r20-m5-d0-p0,100,AGD-SDAJ,1e-7*n,1.0e-11,12,112,0.3112458,0.30725410000000003,98.71750879851231,0.0,0.000194,0.0,0.0,0.0,0.0,0.0037976999999999868,0.42916550702201084,8.309204113433887e-12,-3.7459881689290135e-15,2.427946732552755e-12,2.427946732552755e-12,4.383708446958869e-12,2.427946732552755e-12,NaN,diag_feasible,0,0,39,23,16,0,12,2.668880090240094e-14,1.12.6,lbt,1,1,Intel(R) Core(TM) 7 150U,NT,2abc7cc
degen-r20-m5-d0-p0,100,Dykstra-APM,1e-7*n,9.999999999999999e-6,92,92,0.272781,0.251994,92.37960121855994,0.0,0.0,0.0,0.0,0.0101547,0.0,0.0106323,0.42916550700290707,1.7510396071619245e-11,-2.40736491587878e-15,2.062572335148616e-12,2.062572335148616e-12,8.387914841247272e-12,2.062572335148616e-12,NaN,diag_feasible,0,0,0,0,0,0,92,2.668880090240094e-14,1.12.6,lbt,1,1,Intel(R) Core(TM) 7 150U,NT,2abc7cc
degen-r20-m5-d0-p0,100,Anderson-APM,1e-7*n,9.999999999999999e-6,40,40,0.1477949,0.100547,68.03144086839262,0.0,0.0,0.0,0.0,0.0,0.0423282,0.004919700000000006,0.42916550702525963,1.4496635621933466e-11,-2.7207036304274253e-15,1.8893775433070914e-12,1.8893775433070914e-12,7.306462143526953e-12,1.8893775433070914e-12,NaN,diag_feasible,0,0,0,0,0,0,40,2.668880090240094e-14,1.12.6,lbt,1,1,Intel(R) Core(TM) 7 150U,NT,2abc7cc
degen-r20-m5-d0-p1,100,SBB-Dual,1e-7*n,1.0e-11,40,41,0.1286788,0.1262984,98.15012263092288,0.0002213,0.000112,0.0001431,0.0,0.0,0.0,0.0019040000000000049,0.4239414901237171,1.1015584666844536e-11,-3.3532258925466e-15,2.2168933355715126e-12,0.0,9.298638784322031e-12,2.2168933355715126e-12,100.0,diag_feasible,0,0,0,0,0,0,40,7.357378542570962e-14,1.12.6,lbt,1,1,Intel(R) Core(TM) 7 150U,NT,2abc7cc
degen-r20-m5-d0-p1,100,Newton-SIN-BH,1e-7*n,9.999999999999999e-6,4,5,0.0293441,0.0193077,65.79755385239281,0.0,2.45e-5,0.0,0.0092623,0.0,0.0,0.0007496000000000013,0.4239414901237005,0.0,-2.764318741913062e-15,2.1316282072803006e-14,2.1316282072803006e-14,7.357378542570962e-14,2.1316282072803006e-14,NaN,converged,25,25,0,0,0,0,4,7.357378542570962e-14,1.12.6,lbt,1,1,Intel(R) Core(TM) 7 150U,NT,2abc7cc
degen-r20-m5-d0-p1,100,Newton-SIN,1e-7*n,9.999999999999999e-6,100,2961,8.7765297,8.2900669,94.45723062955054,0.0,0.0047067,0.0,0.3458839,0.0,0.0,0.13587219999999994,0.4239414896936084,1.5495224649516637e-9,-3.0367132539212136e-15,5.505678135619974e-10,5.505678135619974e-10,9.401557012582772e-10,5.505678135619974e-10,NaN,max_iter,1177,1177,2760,0,0,0,100,7.357378542570962e-14,1.12.6,lbt,1,1,Intel(R) Core(TM) 7 150U,NT,2abc7cc
degen-r20-m5-d0-p1,100,AGD-SDAJ-BH,1e-7*n,1.0e-11,10,72,0.1742243,0.1713475,98.3487952025062,0.0,0.0001244,0.0,0.0,0.0,0.0,0.0027523999999999847,0.4239414901307418,1.1454440953269794e-11,-3.7318423210360275e-15,4.106270878878604e-12,4.106270878878604e-12,6.2683488599360424e-12,4.106270878878604e-12,NaN,diag_feasible,0,0,13,13,0,0,10,7.357378542570962e-14,1.12.6,lbt,1,1,Intel(R) Core(TM) 7 150U,NT,2abc7cc
degen-r20-m5-d0-p1,100,AGD-SDAJ,1e-7*n,1.0e-11,9,71,0.19715,0.1948526,98.83469439513061,0.0,0.0001065,0.0,0.0,0.0,0.0,0.002190900000000005,0.4239414901313282,1.1329680206607225e-11,-3.571754392571181e-15,3.3634206531019117e-12,3.3634206531019117e-12,5.82072898330796e-12,3.3634206531019117e-12,NaN,diag_feasible,0,0,16,11,5,0,9,7.357378542570962e-14,1.12.6,lbt,1,1,Intel(R) Core(TM) 7 150U,NT,2abc7cc
degen-r20-m5-d0-p1,100,Dykstra-APM,1e-7*n,9.999999999999999e-6,93,93,0.2414259,0.2228645,92.31176108280015,0.0,0.0,0.0,0.0,0.0095291,0.0,0.009032300000000005,0.4239414901080534,1.9491826878865406e-11,-3.433678168536484e-15,2.2013502132267604e-12,2.2013502132267604e-12,9.284396746517367e-12,2.2013502132267604e-12,NaN,diag_feasible,0,0,0,0,0,0,93,7.357378542570962e-14,1.12.6,lbt,1,1,Intel(R) Core(TM) 7 150U,NT,2abc7cc
degen-r20-m5-d0-p1,100,Anderson-APM,1e-7*n,9.999999999999999e-6,33,33,0.1336986,0.091669,68.56391914350637,0.0,0.0,0.0,0.0,0.0,0.0377279,0.004301699999999999,0.42394149013030547,1.1457372644528333e-11,-3.256855827289115e-15,1.3210543770014738e-12,1.3210543770014738e-12,5.821473846582565e-12,1.3210543770014738e-12,NaN,diag_feasible,0,0,0,0,0,0,33,7.357378542570962e-14,1.12.6,lbt,1,1,Intel(R) Core(TM) 7 150U,NT,2abc7cc
degen-r20-m5-d0-p2,100,SBB-Dual,1e-7*n,1.0e-11,40,41,0.1173433,0.1156766,98.57963769554802,0.0001539,7.19e-5,0.0002589,0.0,0.0,0.0,0.0011819999999999932,0.4291939014667558,6.671561259693973e-12,-3.177213178047321e-15,1.1592948823135885e-12,0.0,5.5875486420083314e-12,1.1592948823135885e-12,100.0,diag_feasible,0,0,0,0,0,0,40,2.8382651314674287e-14,1.12.6,lbt,1,1,Intel(R) Core(TM) 7 150U,NT,2abc7cc
degen-r20-m5-d0-p2,100,Newton-SIN-BH,1e-7*n,9.999999999999999e-6,4,5,0.0271034,0.0155576,57.40091649018205,0.0,1.86e-5,0.0,0.0111098,0.0,0.0,0.00041740000000000006,0.42919390146675623,0.0,-3.597375881650272e-15,9.103828801926284e-15,9.103828801926284e-15,2.8382651314674287e-14,9.103828801926284e-15,NaN,converged,24,24,0,0,0,0,4,2.8382651314674287e-14,1.12.6,lbt,1,1,Intel(R) Core(TM) 7 150U,NT,2abc7cc
degen-r20-m5-d0-p2,100,Newton-SIN,1e-7*n,9.999999999999999e-6,4,9,0.0288771,0.022815600000000002,79.00931880278839,0.0,1.17e-5,0.0,0.0057355,0.0,0.0,0.0003142999999999974,0.42919390146675623,0.0,-3.597375881650272e-15,9.103828801926284e-15,9.103828801926284e-15,2.8382651314674287e-14,9.103828801926284e-15,NaN,converged,24,24,0,0,0,0,4,2.8382651314674287e-14,1.12.6,lbt,1,1,Intel(R) Core(TM) 7 150U,NT,2abc7cc
degen-r20-m5-d0-p2,100,AGD-SDAJ-BH,1e-7*n,1.0e-11,11,96,0.2527794,0.2498585,98.84448653648202,0.0,0.0001239,0.0,0.0,0.0,0.0,0.002796999999999976,0.4291939014732937,1.047503891692075e-11,-4.143101111846985e-15,3.2012170692041764e-12,3.2012170692041764e-12,5.583114113795113e-12,3.2012170692041764e-12,NaN,diag_feasible,0,0,29,29,0,0,11,2.8382651314674287e-14,1.12.6,lbt,1,1,Intel(R) Core(TM) 7 150U,NT,2abc7cc
degen-r20-m5-d0-p2,100,AGD-SDAJ,1e-7*n,1.0e-11,10,100,0.2396414,0.23714079999999998,98.95652420658533,0.0,0.0001136,0.0,0.0,0.0,0.0,0.0023870000000000193,0.42919390147877434,1.6618720777603737e-11,-3.185831203380389e-15,2.0269341760581483e-12,2.0269341760581483e-12,7.733271359025596e-12,2.0269341760581483e-12,NaN,diag_feasible,0,0,39,25,14,0,10,2.8382651314674287e-14,1.12.6,lbt,1,1,Intel(R) Core(TM) 7 150U,NT,2abc7cc
degen-r20-m5-d0-p2,100,Dykstra-APM,1e-7*n,9.999999999999999e-6,92,92,0.2143814,0.1993182,92.97364416875719,0.0,0.0,0.0,0.0,0.0082935,0.0,0.006769699999999998,0.4291939014536806,1.6373014515283925e-11,-2.6038037668777465e-15,1.6324719354088302e-12,1.6324719354088302e-12,7.8587115694676e-12,1.6324719354088302e-12,NaN,diag_feasible,0,0,0,0,0,0,92,2.8382651314674287e-14,1.12.6,lbt,1,1,Intel(R) Core(TM) 7 150U,NT,2abc7cc
degen-r20-m5-d0-p2,100,Anderson-APM,1e-7*n,9.999999999999999e-6,36,36,0.1369056,0.094977,69.37407965780801,0.0,0.0,0.0,0.0,0.0,0.0367549,0.0051736999999999825,0.42919390147505965,1.475526985218011e-11,-3.8346519569991855e-15,1.8678392166293634e-12,1.8678392166293634e-12,7.518611103980567e-12,1.8678392166293634e-12,NaN,diag_feasible,0,0,0,0,0,0,36,2.8382651314674287e-14,1.12.6,lbt,1,1,Intel(R) Core(TM) 7 150U,NT,2abc7cc
degen-r20-m5-d0-p3,100,SBB-Dual,1e-7*n,1.0e-11,40,41,0.1173263,0.1156948,98.60943369048543,0.0001281,6.22e-5,0.0001217,0.0,0.0,0.0,0.001319499999999994,0.429270621108641,7.004749375293898e-12,-2.8141867038815387e-15,1.3649081864741675e-12,0.0,5.509323671743074e-12,1.3649081864741675e-12,100.0,diag_feasible,0,0,0,0,0,0,40,1.422819137495494e-14,1.12.6,lbt,1,1,Intel(R) Core(TM) 7 150U,NT,2abc7cc
degen-r20-m5-d0-p3,100,Newton-SIN-BH,1e-7*n,9.999999999999999e-6,4,5,0.0222566,0.0167393,75.21049935749394,0.0,1.03e-5,0.0,0.0050539,0.0,0.0,0.0004531000000000023,0.42927062110863573,0.0,-3.7579950064294176e-15,3.9968028886505635e-15,3.9968028886505635e-15,1.422819137495494e-14,3.9968028886505635e-15,NaN,converged,25,25,0,0,0,0,4,1.422819137495494e-14,1.12.6,lbt,1,1,Intel(R) Core(TM) 7 150U,NT,2abc7cc
degen-r20-m5-d0-p3,100,Newton-SIN,1e-7*n,9.999999999999999e-6,100,2532,6.7593154,6.3660936,94.1825203185518,0.0,0.0030317,0.0,0.304738,0.0,0.0,0.08545210000000003,0.4292706210947171,6.235579799822706e-11,-2.948566943016677e-15,3.5250691254873345e-11,3.5250691254873345e-11,3.9021087131358626e-11,3.5250691254873345e-11,NaN,max_iter,1271,1271,2331,0,0,0,100,1.422819137495494e-14,1.12.6,lbt,1,1,Intel(R) Core(TM) 7 150U,NT,2abc7cc
degen-r20-m5-d0-p3,100,AGD-SDAJ-BH,1e-7*n,1.0e-11,10,79,0.1522059,0.1502911,98.74196729561733,0.0,8.39e-5,0.0,0.0,0.0,0.0,0.0018308999999999943,0.42927062111580205,1.0627004233371704e-11,-3.804750077665123e-15,2.5723867480564877e-12,2.5723867480564877e-12,5.308809666305781e-12,2.5723867480564877e-12,NaN,diag_feasible,0,0,18,18,0,0,10,1.422819137495494e-14,1.12.6,lbt,1,1,Intel(R) Core(TM) 7 150U,NT,2abc7cc
degen-r20-m5-d0-p3,100,AGD-SDAJ,1e-7*n,1.0e-11,11,89,0.2452541,0.2417323,98.56401992871882,0.0,0.0001112,0.0,0.0,0.0,0.0,0.0034105999999999915,0.4292706211171932,1.4814857556930235e-11,-4.142577921180082e-15,5.501821220832426e-12,5.501821220832426e-12,8.27725366171523e-12,5.501821220832426e-12,NaN,diag_feasible,0,0,24,18,6,0,11,1.422819137495494e-14,1.12.6,lbt,1,1,Intel(R) Core(TM) 7 150U,NT,2abc7cc
degen-r20-m5-d0-p3,100,Dykstra-APM,1e-7*n,9.999999999999999e-6,92,92,0.2521077,0.2331464,92.47888898276412,0.0,0.0,0.0,0.0,0.0087173,0.0,0.010243999999999986,0.4292706210957056,1.619483332367973e-11,-2.9658275328804613e-15,1.921796055626146e-12,1.921796055626146e-12,7.775826834624353e-12,1.921796055626146e-12,NaN,diag_feasible,0,0,0,0,0,0,92,1.422819137495494e-14,1.12.6,lbt,1,1,Intel(R) Core(TM) 7 150U,NT,2abc7cc
degen-r20-m5-d0-p3,100,Anderson-APM,1e-7*n,9.999999999999999e-6,32,32,0.179321,0.1406605,78.44061766329654,0.0,0.0,0.0,0.0,0.0,0.0343323,0.004328200000000011,0.4292706211118803,4.992616418459516e-12,-3.340763906232139e-15,5.880851361439454e-13,5.880851361439454e-13,2.463621667819121e-12,5.880851361439454e-13,NaN,diag_feasible,0,0,0,0,0,0,32,1.422819137495494e-14,1.12.6,lbt,1,1,Intel(R) Core(TM) 7 150U,NT,2abc7cc
degen-r20-m5-d0-p4,100,SBB-Dual,1e-7*n,1.0e-11,39,40,0.1197163,0.1179356,98.51256679332722,0.0001598,5.45e-5,0.0004985,0.0,0.0,0.0,0.001067899999999996,0.4298183549011663,1.1590274571473527e-11,-3.56852281536823e-15,2.297051437949449e-12,0.0,9.343837161509144e-12,2.297051437949449e-12,100.0,diag_feasible,0,0,0,0,0,0,39,1.619251812945824e-14,1.12.6,lbt,1,1,Intel(R) Core(TM) 7 150U,NT,2abc7cc
degen-r20-m5-d0-p4,100,Newton-SIN-BH,1e-7*n,9.999999999999999e-6,4,5,0.0198983,0.013919299999999999,69.95220697245493,0.0,1.08e-5,0.0,0.0055065,0.0,0.0,0.0004617000000000015,0.4298183549011711,0.0,-3.4555970853091034e-15,7.105427357601002e-15,7.105427357601002e-15,1.619251812945824e-14,7.105427357601002e-15,NaN,converged,25,25,0,0,0,0,4,1.619251812945824e-14,1.12.6,lbt,1,1,Intel(R) Core(TM) 7 150U,NT,2abc7cc
degen-r20-m5-d0-p4,100,Newton-SIN,1e-7*n,9.999999999999999e-6,4,9,0.0299033,0.0239104,79.95906806272217,0.0,1.06e-5,0.0,0.0056651,0.0,0.0,0.00031720000000000186,0.4298183549011711,0.0,-3.4555970853091034e-15,7.105427357601002e-15,7.105427357601002e-15,1.619251812945824e-14,7.105427357601002e-15,NaN,converged,25,25,0,0,0,0,4,1.619251812945824e-14,1.12.6,lbt,1,1,Intel(R) Core(TM) 7 150U,NT,2abc7cc
degen-r20-m5-d0-p4,100,AGD-SDAJ-BH,1e-7*n,1.0e-11,9,66,0.1497434,0.14795360000000002,98.80475533479273,0.0,7.42e-5,0.0,0.0,0.0,0.0,0.0017155999999999803,0.4298183549115533,1.7130579693605382e-11,-3.3128494445412224e-15,4.8470116809085084e-12,4.8470116809085084e-12,9.43286937042708e-12,4.8470116809085084e-12,NaN,diag_feasible_at_xpre,0,0,15,15,0,0,9,1.619251812945824e-14,1.12.6,lbt,1,1,Intel(R) Core(TM) 7 150U,NT,2abc7cc
degen-r20-m5-d0-p4,100,AGD-SDAJ,1e-7*n,1.0e-11,9,72,0.1614311,0.15899459999999999,98.49068735825995,0.0,8.76e-5,0.0,0.0,0.0,0.0,0.002348900000000008,0.42981835491153747,1.713360987548176e-11,-3.0252221155828127e-15,4.865219338512361e-12,4.865219338512361e-12,9.443693457984422e-12,4.865219338512361e-12,NaN,diag_feasible_at_xpre,0,0,21,15,6,0,9,1.619251812945824e-14,1.12.6,lbt,1,1,Intel(R) Core(TM) 7 150U,NT,2abc7cc
degen-r20-m5-d0-p4,100,Dykstra-APM,1e-7*n,9.999999999999999e-6,91,91,0.2475022,0.2264073,91.4768838418406,0.0,0.0,0.0,0.0,0.0112667,0.0,0.0098282,0.42981835488563747,1.958719091148676e-11,-2.6949723944056884e-15,2.3090418466154006e-12,2.3090418466154006e-12,9.412972092178674e-12,2.3090418466154006e-12,NaN,diag_feasible,0,0,0,0,0,0,91,1.619251812945824e-14,1.12.6,lbt,1,1,Intel(R) Core(TM) 7 150U,NT,2abc7cc
degen-r20-m5-d0-p4,100,Anderson-APM,1e-7*n,9.999999999999999e-6,33,33,0.0872375,0.0658409,75.47316234417538,0.0,0.0,0.0,0.0,0.0,0.0180404,0.0033562,0.4298183549055286,1.156161335166082e-11,-3.6796680113001466e-15,1.7367218774211324e-12,1.7367218774211324e-12,6.507137724084149e-12,1.7367218774211324e-12,NaN,diag_feasible,0,0,0,0,0,0,33,1.619251812945824e-14,1.12.6,lbt,1,1,Intel(R) Core(TM) 7 150U,NT,2abc7cc
degen-r20-m20-d0.01-p0,100,SBB-Dual,1e-7*n,1.0e-11,46,47,0.096264,0.0933958,97.02048533200364,8.34e-5,5.34e-5,0.0001692,0.0,0.0,0.0,0.0025622000000000015,0.4594864638046061,9.163890616830662e-12,-3.762590999021222e-15,1.538325022920617e-12,0.0,9.244179328821211e-12,1.538325022920617e-12,100.0,diag_feasible,0,0,0,0,0,0,46,1.5333140632601973e-14,1.12.6,lbt,1,1,Intel(R) Core(TM) 7 150U,NT,2abc7cc
degen-r20-m20-d0.01-p0,100,Newton-SIN-BH,1e-7*n,9.999999999999999e-6,4,5,0.0198727,0.0143813,72.36711669778137,0.0,8.3e-6,0.0,0.0051018,0.0,0.0,0.0003813000000000002,0.45948646380461144,0.0,-3.33843712683296e-15,4.6629367034256575e-15,4.6629367034256575e-15,1.5333140632601973e-14,4.6629367034256575e-15,NaN,converged,24,24,0,0,0,0,4,1.5333140632601973e-14,1.12.6,lbt,1,1,Intel(R) Core(TM) 7 150U,NT,2abc7cc
degen-r20-m20-d0.01-p0,100,Newton-SIN,1e-7*n,9.999999999999999e-6,4,9,0.0258456,0.0223995,86.66658928405609,0.0,8.0e-6,0.0,0.0031771,0.0,0.0,0.0002610000000000004,0.45948646380461144,0.0,-3.33843712683296e-15,4.6629367034256575e-15,4.6629367034256575e-15,1.5333140632601973e-14,4.6629367034256575e-15,NaN,converged,24,24,0,0,0,0,4,1.5333140632601973e-14,1.12.6,lbt,1,1,Intel(R) Core(TM) 7 150U,NT,2abc7cc
degen-r20-m20-d0.01-p0,100,AGD-SDAJ-BH,1e-7*n,1.0e-11,10,63,0.1697654,0.1678312,98.86066300907017,0.0,8.18e-5,0.0,0.0,0.0,0.0,0.001852399999999997,0.45948646380066993,7.86661739074755e-12,-3.098388982759449e-15,1.8691714842589136e-12,1.8691714842589136e-12,4.04965678212263e-12,1.8691714842589136e-12,NaN,diag_feasible_at_xpre,0,0,6,6,0,0,10,1.5333140632601973e-14,1.12.6,lbt,1,1,Intel(R) Core(TM) 7 150U,NT,2abc7cc
degen-r20-m20-d0.01-p0,100,AGD-SDAJ,1e-7*n,1.0e-11,10,75,0.1691501,0.1672701,98.8885611063783,0.0,7.68e-5,0.0,0.0,0.0,0.0,0.0018031999999999929,0.4594864637973928,1.5014314398791497e-11,-4.196008541255166e-15,4.0030201375884644e-12,4.0030201375884644e-12,7.915984305857321e-12,4.0030201375884644e-12,NaN,diag_feasible,0,0,16,7,9,0,10,1.5333140632601973e-14,1.12.6,lbt,1,1,Intel(R) Core(TM) 7 150U,NT,2abc7cc
degen-r20-m20-d0.01-p0,100,Dykstra-APM,1e-7*n,9.999999999999999e-6,105,105,0.2886832,0.2539024,87.95191407051051,0.0,0.0,0.0,0.0,0.0173516,0.0,0.017429200000000002,0.4594864637925533,2.0422182282045462e-11,-3.3741061358779255e-15,1.503241975342462e-12,1.503241975342462e-12,9.02993752304194e-12,1.503241975342462e-12,NaN,diag_feasible,0,0,0,0,0,0,105,1.5333140632601973e-14,1.12.6,lbt,1,1,Intel(R) Core(TM) 7 150U,NT,2abc7cc
degen-r20-m20-d0.01-p0,100,Anderson-APM,1e-7*n,9.999999999999999e-6,35,35,0.1128138,0.0803315,71.20715728040362,0.0,0.0,0.0,0.0,0.0,0.0292497,0.0032326000000000056,0.45948646379857283,1.073689965755783e-11,-3.708655816365605e-15,1.0165202013467933e-12,1.0165202013467933e-12,4.9776079687158296e-12,1.0165202013467933e-12,NaN,diag_feasible,0,0,0,0,0,0,35,1.5333140632601973e-14,1.12.6,lbt,1,1,Intel(R) Core(TM) 7 150U,NT,2abc7cc
degen-r20-m20-d0.01-p1,100,SBB-Dual,1e-7*n,1.0e-11,46,47,0.1170648,0.1156404,98.78323800151712,0.0001371,5.93e-5,0.0001172,0.0,0.0,0.0,0.0011107999999999923,0.455714372087348,8.141266639726774e-12,-3.3916857942142914e-15,1.362021606610142e-12,0.0,8.17582221853443e-12,1.362021606610142e-12,100.0,diag_feasible,0,0,0,0,0,0,46,7.972066185878801e-14,1.12.6,lbt,1,1,Intel(R) Core(TM) 7 150U,NT,2abc7cc
degen-r20-m20-d0.01-p1,100,Newton-SIN-BH,1e-7*n,9.999999999999999e-6,4,5,0.0204771,0.016042999999999998,78.34605486128406,0.0,9.2e-6,0.0,0.0040367,0.0,0.0,0.00038820000000000347,0.4557143720873468,0.0,-3.698721969735351e-15,2.4202861936828413e-14,2.4202861936828413e-14,7.972066185878801e-14,2.4202861936828413e-14,NaN,converged,22,22,0,0,0,0,4,7.972066185878801e-14,1.12.6,lbt,1,1,Intel(R) Core(TM) 7 150U,NT,2abc7cc
degen-r20-m20-d0.01-p1,100,Newton-SIN,1e-7*n,9.999999999999999e-6,100,2859,8.4729339,8.0453447,94.95346942338357,0.0,0.0040528,0.0,0.2838485,0.0,0.0,0.13968789999999986,0.455714371991502,1.8104128244624919e-9,-3.9767802929385825e-15,4.3230574675590105e-10,4.3230574675590105e-10,1.0860315228263963e-9,4.3230574675590105e-10,NaN,max_iter,1078,1078,2658,0,0,0,100,7.972066185878801e-14,1.12.6,lbt,1,1,Intel(R) Core(TM) 7 150U,NT,2abc7cc
degen-r20-m20-d0.01-p1,100,AGD-SDAJ-BH,1e-7*n,1.0e-11,13,92,0.255961,0.25294900000000003,98.8232582307461,0.0,0.000112,0.0,0.0,0.0,0.0,0.002899999999999959,0.45571437208274945,9.285632400953184e-12,-3.078234192985909e-15,2.502886786714953e-12,2.502886786714953e-12,4.823515342135413e-12,2.502886786714953e-12,NaN,diag_feasible_at_xpre,0,0,17,17,0,0,13,7.972066185878801e-14,1.12.6,lbt,1,1,Intel(R) Core(TM) 7 150U,NT,2abc7cc
degen-r20-m20-d0.01-p1,100,AGD-SDAJ,1e-7*n,1.0e-11,10,88,0.1881362,0.1862625,99.0040725814596,0.0,9.28e-5,0.0,0.0,0.0,0.0,0.0017809000000000058,0.4557143720837929,6.828898290953777e-12,-2.974308677948718e-15,1.5429879596240426e-12,1.5429879596240426e-12,3.4067381598563653e-12,1.5429879596240426e-12,NaN,diag_feasible,0,0,27,16,11,0,10,7.972066185878801e-14,1.12.6,lbt,1,1,Intel(R) Core(TM) 7 150U,NT,2abc7cc
degen-r20-m20-d0.01-p1,100,Dykstra-APM,1e-7*n,9.999999999999999e-6,105,105,0.2941941,0.2679282,91.0719147664756,0.0,0.0,0.0,0.0,0.0127312,0.0,0.013534700000000009,0.45571437207651216,1.8265804332907087e-11,-3.2905206136290307e-15,1.354694134647616e-12,1.354694134647616e-12,8.097457204147188e-12,1.354694134647616e-12,NaN,diag_feasible,0,0,0,0,0,0,105,7.972066185878801e-14,1.12.6,lbt,1,1,Intel(R) Core(TM) 7 150U,NT,2abc7cc
degen-r20-m20-d0.01-p1,100,Anderson-APM,1e-7*n,9.999999999999999e-6,37,37,0.0980541,0.0762826,77.79644094433584,0.0,0.0,0.0,0.0,0.0,0.0192985,0.0024729999999999995,0.45571437207976995,1.343955025927561e-11,-3.1609258756968874e-15,1.5079049120458876e-12,1.5079049120458876e-12,6.281015034033389e-12,1.5079049120458876e-12,NaN,diag_feasible,0,0,0,0,0,0,37,7.972066185878801e-14,1.12.6,lbt,1,1,Intel(R) Core(TM) 7 150U,NT,2abc7cc
degen-r20-m20-d0.01-p2,100,SBB-Dual,1e-7*n,1.0e-11,46,47,0.1108528,0.1091555,98.46887042997561,0.0001159,6.95e-5,7.19e-5,0.0,0.0,0.0,0.001439999999999999,0.45682247878930915,7.972803962599364e-12,-4.055616641448365e-15,1.2116974090758958e-12,0.0,8.56108701271666e-12,1.2116974090758958e-12,100.0,diag_feasible,0,0,0,0,0,0,46,5.5420149373879147e-14,1.12.6,lbt,1,1,Intel(R) Core(TM) 7 150U,NT,2abc7cc
degen-r20-m20-d0.01-p2,100,Newton-SIN-BH,1e-7*n,9.999999999999999e-6,4,5,0.0125541,0.0092259,73.48913900638038,0.0,8.9e-6,0.0,0.0029787,0.0,0.0,0.00034059999999999993,0.45682247878930676,0.0,-3.858205628829293e-15,2.708944180085382e-14,2.708944180085382e-14,5.5420149373879147e-14,2.708944180085382e-14,NaN,converged,22,22,0,0,0,0,4,5.5420149373879147e-14,1.12.6,lbt,1,1,Intel(R) Core(TM) 7 150U,NT,2abc7cc
degen-r20-m20-d0.01-p2,100,Newton-SIN,1e-7*n,9.999999999999999e-6,4,9,0.0260801,0.0204177,78.28842680817942,0.0,8.7e-6,0.0,0.005383,0.0,0.0,0.00027069999999999785,0.45682247878930676,0.0,-3.858205628829293e-15,2.708944180085382e-14,2.708944180085382e-14,5.5420149373879147e-14,2.708944180085382e-14,NaN,converged,22,22,0,0,0,0,4,5.5420149373879147e-14,1.12.6,lbt,1,1,Intel(R) Core(TM) 7 150U,NT,2abc7cc
degen-r20-m20-d0.01-p2,100,AGD-SDAJ-BH,1e-7*n,1.0e-11,9,64,0.1819964,0.17959940000000002,98.6829409812502,0.0,0.0001112,0.0,0.0,0.0,0.0,0.0022857999999999824,0.45682247877947535,1.8994132280932952e-11,-3.2181096717233773e-15,2.2116752873557743e-12,2.2116752873557743e-12,9.54972531802011e-12,2.2116752873557743e-12,NaN,diag_feasible,0,0,9,9,0,0,9,5.5420149373879147e-14,1.12.6,lbt,1,1,Intel(R) Core(TM) 7 150U,NT,2abc7cc
degen-r20-m20-d0.01-p2,100,AGD-SDAJ,1e-7*n,1.0e-11,10,87,0.2493049,0.2462638,98.78016838016421,0.0,0.0001298,0.0,0.0,0.0,0.0,0.002911299999999991,0.456822478785261,9.193935873004077e-12,-3.6228193316918535e-15,3.1258329258321282e-12,3.1258329258321282e-12,5.131167317185203e-12,3.1258329258321282e-12,NaN,diag_feasible,0,0,28,11,17,0,10,5.5420149373879147e-14,1.12.6,lbt,1,1,Intel(R) Core(TM) 7 150U,NT,2abc7cc
degen-r20-m20-d0.01-p2,100,Dykstra-APM,1e-7*n,9.999999999999999e-6,105,105,0.3575389,0.3008855,84.15461925961063,0.0,0.0,0.0,0.0,0.0367933,0.0,0.01986010000000002,0.4568224787779762,1.896701339982771e-11,-3.051401114777559e-15,1.192157483842493e-12,1.192157483842493e-12,8.408340295050886e-12,1.192157483842493e-12,NaN,diag_feasible,0,0,0,0,0,0,105,5.5420149373879147e-14,1.12.6,lbt,1,1,Intel(R) Core(TM) 7 150U,NT,2abc7cc
degen-r20-m20-d0.01-p2,100,Anderson-APM,1e-7*n,9.999999999999999e-6,38,38,0.1444097,0.099776,69.0923116660446,0.0,0.0,0.0,0.0,0.0,0.0376156,0.007018099999999999,0.45682247877712256,2.16771928941654e-11,-3.2712802076690014e-15,2.538858012712808e-12,2.538858012712808e-12,9.976689107174211e-12,2.538858012712808e-12,NaN,diag_feasible,0,0,0,0,0,0,38,5.5420149373879147e-14,1.12.6,lbt,1,1,Intel(R) Core(TM) 7 150U,NT,2abc7cc
degen-r20-m20-d0.01-p3,100,SBB-Dual,1e-7*n,1.0e-11,46,47,0.1310352,0.1291754,98.58068671624113,0.000405,6.12e-5,0.000122,0.0,0.0,0.0,0.001271599999999995,0.46037642504610826,8.168605739777423e-12,-3.272294463519286e-15,1.2423395645555502e-12,0.0,7.715258124719192e-12,1.2423395645555502e-12,100.0,diag_feasible,0,0,0,0,0,0,46,3.2548474892948313e-14,1.12.6,lbt,1,1,Intel(R) Core(TM) 7 150U,NT,2abc7cc
degen-r20-m20-d0.01-p3,100,Newton-SIN-BH,1e-7*n,9.999999999999999e-6,4,5,0.0177366,0.0132236,74.55543903566635,0.0,9.1e-6,0.0,0.0041229,0.0,0.0,0.000381000000000002,0.46037642504611276,0.0,-3.818675441895937e-15,1.2434497875801753e-14,1.2434497875801753e-14,3.2548474892948313e-14,1.2434497875801753e-14,NaN,converged,22,22,0,0,0,0,4,3.2548474892948313e-14,1.12.6,lbt,1,1,Intel(R) Core(TM) 7 150U,NT,2abc7cc
degen-r20-m20-d0.01-p3,100,Newton-SIN,1e-7*n,9.999999999999999e-6,4,9,0.0259783,0.021228,81.71435390306526,0.0,8.9e-6,0.0,0.0044784,0.0,0.0,0.00026299999999999935,0.46037642504611276,0.0,-3.818675441895937e-15,1.2434497875801753e-14,1.2434497875801753e-14,3.2548474892948313e-14,1.2434497875801753e-14,NaN,converged,22,22,0,0,0,0,4,3.2548474892948313e-14,1.12.6,lbt,1,1,Intel(R) Core(TM) 7 150U,NT,2abc7cc
degen-r20-m20-d0.01-p3,100,AGD-SDAJ-BH,1e-7*n,1.0e-11,9,65,0.1992471,0.1969503,98.84726051219816,0.0,0.0001092,0.0,0.0,0.0,0.0,0.0021876000000000157,0.4603764250432659,5.728300509954737e-12,-3.1019508227122526e-15,1.2788659020657178e-12,1.2788659020657178e-12,2.905465693087544e-12,1.2788659020657178e-12,NaN,diag_feasible,0,0,10,10,0,0,9,3.2548474892948313e-14,1.12.6,lbt,1,1,Intel(R) Core(TM) 7 150U,NT,2abc7cc
degen-r20-m20-d0.01-p3,100,AGD-SDAJ,1e-7*n,1.0e-11,98,4035,11.3281011,11.1443572,98.3779814606351,0.0,0.0057573,0.0,0.0,0.0,0.0,0.17798659999999963,0.4603763915483243,8.023180864869675e-8,-3.1007731791675485e-15,3.147774152445493e-8,3.147774152445493e-8,4.575829988480401e-8,3.147774152445493e-8,NaN,evd_budget,0,0,3539,377,3162,0,98,3.2548474892948313e-14,1.12.6,lbt,1,1,Intel(R) Core(TM) 7 150U,NT,2abc7cc
degen-r20-m20-d0.01-p3,100,Dykstra-APM,1e-7*n,9.999999999999999e-6,104,104,0.3316915,0.3036269,91.5389450739618,0.0,0.0,0.0,0.0,0.0145164,0.0,0.013548199999999995,0.46037642503321846,2.191785047322336e-11,-3.5143902114911844e-15,1.567412866165796e-12,1.567412866165796e-12,9.714989602944707e-12,1.567412866165796e-12,NaN,diag_feasible,0,0,0,0,0,0,104,3.2548474892948313e-14,1.12.6,lbt,1,1,Intel(R) Core(TM) 7 150U,NT,2abc7cc
degen-r20-m20-d0.01-p3,100,Anderson-APM,1e-7*n,9.999999999999999e-6,30,30,0.1042209,0.0770841,73.96222830545506,0.0,0.0,0.0,0.0,0.0,0.0216867,0.005450100000000003,0.46037642504371695,6.458096948106712e-12,-3.1965588800098137e-15,9.210410212290299e-13,9.210410212290299e-13,3.5747842118221185e-12,9.210410212290299e-13,NaN,diag_feasible,0,0,0,0,0,0,30,3.2548474892948313e-14,1.12.6,lbt,1,1,Intel(R) Core(TM) 7 150U,NT,2abc7cc
degen-r20-m20-d0.01-p4,100,SBB-Dual,1e-7*n,1.0e-11,46,47,0.1245939,0.1229979,98.71903841199288,0.0001324,6.32e-5,0.0001162,0.0,0.0,0.0,0.0012842,0.45907961623065885,8.947059160368821e-12,-3.624194883659028e-15,1.4566126083082054e-12,0.0,8.796488989842673e-12,1.4566126083082054e-12,100.0,diag_feasible,0,0,0,0,0,0,46,4.4431952140609876e-14,1.12.6,lbt,1,1,Intel(R) Core(TM) 7 150U,NT,2abc7cc
degen-r20-m20-d0.01-p4,100,Newton-SIN-BH,1e-7*n,9.999999999999999e-6,4,5,0.0175437,0.0132146,75.32390544753959,0.0,8.3e-6,0.0,0.003954,0.0,0.0,0.0003667999999999987,0.4590796162306617,0.0,-4.031711138200224e-15,1.1657341758564144e-14,1.1657341758564144e-14,4.4431952140609876e-14,1.1657341758564144e-14,NaN,converged,22,22,0,0,0,0,4,4.4431952140609876e-14,1.12.6,lbt,1,1,Intel(R) Core(TM) 7 150U,NT,2abc7cc
degen-r20-m20-d0.01-p4,100,Newton-SIN,1e-7*n,9.999999999999999e-6,4,9,0.0332313,0.0271117,81.58483116820588,0.0,1.29e-5,0.0,0.0055983,0.0,0.0,0.0005084,0.4590796162306617,0.0,-4.031711138200224e-15,1.1657341758564144e-14,1.1657341758564144e-14,4.4431952140609876e-14,1.1657341758564144e-14,NaN,converged,22,22,0,0,0,0,4,4.4431952140609876e-14,1.12.6,lbt,1,1,Intel(R) Core(TM) 7 150U,NT,2abc7cc
degen-r20-m20-d0.01-p4,100,AGD-SDAJ-BH,1e-7*n,1.0e-11,12,94,0.2679338,0.2648763,98.85885991241119,0.0,0.0001393,0.0,0.0,0.0,0.0,0.0029181999999999906,0.45907961622722826,6.428730302124066e-12,-3.742793004251882e-15,1.0880185641326534e-12,1.0880185641326534e-12,3.117004671127296e-12,1.0880185641326534e-12,NaN,diag_feasible,0,0,21,21,0,0,12,4.4431952140609876e-14,1.12.6,lbt,1,1,Intel(R) Core(TM) 7 150U,NT,2abc7cc
degen-r20-m20-d0.01-p4,100,AGD-SDAJ,1e-7*n,1.0e-11,118,4018,11.8153484,11.5160707,97.46704295236864,0.0,0.0057738,0.0,0.0,0.0,0.0,0.2935038999999993,0.4590796156164967,1.1825807707841848e-9,-3.39917883981747e-15,4.2046699455511316e-10,4.2046699455511316e-10,6.169720588429417e-10,4.2046699455511316e-10,NaN,evd_budget,0,0,3419,451,2968,0,118,4.4431952140609876e-14,1.12.6,lbt,1,1,Intel(R) Core(TM) 7 150U,NT,2abc7cc
degen-r20-m20-d0.01-p4,100,Dykstra-APM,1e-7*n,9.999999999999999e-6,105,105,0.332944,0.2907648,87.33144312557066,0.0,0.0,0.0,0.0,0.0253497,0.0,0.01682950000000003,0.45907961621913657,1.9594641549961904e-11,-3.686624675968541e-15,1.4357404154452524e-12,1.4357404154452524e-12,8.671541501847822e-12,1.4357404154452524e-12,NaN,diag_feasible,0,0,0,0,0,0,105,4.4431952140609876e-14,1.12.6,lbt,1,1,Intel(R) Core(TM) 7 150U,NT,2abc7cc
degen-r20-m20-d0.01-p4,100,Anderson-APM,1e-7*n,9.999999999999999e-6,35,35,0.1207394,0.0902442,74.74295880218055,0.0,0.0,0.0,0.0,0.0,0.0269921,0.0035030999999999986,0.45907961622111076,1.7030444560780346e-11,-3.1749532414957314e-15,1.453503983839255e-12,1.453503983839255e-12,7.805563507652272e-12,1.453503983839255e-12,NaN,diag_feasible,0,0,0,0,0,0,35,4.4431952140609876e-14,1.12.6,lbt,1,1,Intel(R) Core(TM) 7 150U,NT,2abc7cc
degen-r20-m20-d0.0001-p0,100,SBB-Dual,1e-7*n,1.0e-11,42,43,0.1159921,0.1144705,98.68818652304769,0.0001316,6.5e-5,0.0001787,0.0,0.0,0.0,0.001146299999999998,0.48158532372426976,6.1538627441060665e-12,-3.626449140069477e-15,1.0329515021112456e-12,0.0,6.207210651025753e-12,1.0329515021112456e-12,100.0,diag_feasible,0,0,0,0,0,0,42,1.464442667554174e-14,1.12.6,lbt,1,1,Intel(R) Core(TM) 7 150U,NT,2abc7cc
degen-r20-m20-d0.0001-p0,100,Newton-SIN-BH,1e-7*n,9.999999999999999e-6,4,5,0.022058,0.0140637,63.75782029195757,0.0,9.7e-6,0.0,0.0075805,0.0,0.0,0.000404100000000001,0.4815853237242708,0.0,-3.1639759330706842e-15,3.9968028886505635e-15,3.9968028886505635e-15,1.464442667554174e-14,3.9968028886505635e-15,NaN,converged,23,23,0,0,0,0,4,1.464442667554174e-14,1.12.6,lbt,1,1,Intel(R) Core(TM) 7 150U,NT,2abc7cc
degen-r20-m20-d0.0001-p0,100,Newton-SIN,1e-7*n,9.999999999999999e-6,4,9,0.0297399,0.0250171,84.11965070494522,0.0,1.0e-5,0.0,0.0044384,0.0,0.0,0.0002743999999999993,0.4815853237242708,0.0,-3.1639759330706842e-15,3.9968028886505635e-15,3.9968028886505635e-15,1.464442667554174e-14,3.9968028886505635e-15,NaN,converged,23,23,0,0,0,0,4,1.464442667554174e-14,1.12.6,lbt,1,1,Intel(R) Core(TM) 7 150U,NT,2abc7cc
degen-r20-m20-d0.0001-p0,100,AGD-SDAJ-BH,1e-7*n,1.0e-11,10,67,0.1513231,0.1495746,98.84452538971249,0.0,7.57e-5,0.0,0.0,0.0,0.0,0.0016727999999999862,0.4815853237318218,1.680101644776006e-11,-3.2203455452624713e-15,5.9153792975052966e-12,5.9153792975052966e-12,9.131493337450253e-12,5.9153792975052966e-12,NaN,diag_feasible_at_xpre,0,0,10,10,0,0,10,1.464442667554174e-14,1.12.6,lbt,1,1,Intel(R) Core(TM) 7 150U,NT,2abc7cc
degen-r20-m20-d0.0001-p0,100,AGD-SDAJ,1e-7*n,1.0e-11,11,84,0.2578886,0.2504436,97.11309456874012,0.0,0.0001259,0.0,0.0,0.0,0.0,0.007319100000000035,0.4815853237300367,1.217618968840388e-11,-3.4007353046607545e-15,2.880806704297356e-12,2.880806704297356e-12,6.167491465702063e-12,2.880806704297356e-12,NaN,diag_feasible,0,0,17,13,4,0,11,1.464442667554174e-14,1.12.6,lbt,1,1,Intel(R) Core(TM) 7 150U,NT,2abc7cc
degen-r20-m20-d0.0001-p0,100,Dykstra-APM,1e-7*n,9.999999999999999e-6,95,95,0.2336137,0.2111827,90.39825147240936,0.0,0.0,0.0,0.0,0.0148939,0.0,0.007537100000000007,0.48158532371214074,2.2236902053250767e-11,-3.1514864932965954e-15,1.6358026044827056e-12,1.6358026044827056e-12,9.835650958461056e-12,1.6358026044827056e-12,NaN,diag_feasible,0,0,0,0,0,0,95,1.464442667554174e-14,1.12.6,lbt,1,1,Intel(R) Core(TM) 7 150U,NT,2abc7cc
degen-r20-m20-d0.0001-p0,100,Anderson-APM,1e-7*n,9.999999999999999e-6,34,34,0.1298198,0.0891928,68.70508196746567,0.0,0.0,0.0,0.0,0.0,0.0361666,0.00446040000000001,0.48158532372729396,8.331540248314556e-12,-3.288229622432188e-15,1.2523315717771766e-12,1.2523315717771766e-12,4.507451100598223e-12,1.2523315717771766e-12,NaN,diag_feasible,0,0,0,0,0,0,34,1.464442667554174e-14,1.12.6,lbt,1,1,Intel(R) Core(TM) 7 150U,NT,2abc7cc
degen-r20-m20-d0.0001-p1,100,SBB-Dual,1e-7*n,1.0e-11,42,43,0.1110164,0.1096307,98.75180603946804,0.0001207,5.56e-5,0.0001398,0.0,0.0,0.0,0.0010696000000000034,0.4769417013071254,6.23968420874079e-12,-3.167550473107656e-15,1.0293987884324451e-12,0.0,6.1923982587319665e-12,1.0293987884324451e-12,100.0,diag_feasible,0,0,0,0,0,0,42,9.883541843614818e-14,1.12.6,lbt,1,1,Intel(R) Core(TM) 7 150U,NT,2abc7cc
degen-r20-m20-d0.0001-p1,100,Newton-SIN-BH,1e-7*n,9.999999999999999e-6,4,5,0.019944,0.012259,61.46710790212595,0.0,8.6e-6,0.0,0.0072876,0.0,0.0,0.00038879999999999904,0.4769417013071234,0.0,-3.5905278827648604e-15,2.653433028854124e-14,2.653433028854124e-14,9.883541843614818e-14,2.653433028854124e-14,NaN,converged,23,23,0,0,0,0,4,9.883541843614818e-14,1.12.6,lbt,1,1,Intel(R) Core(TM) 7 150U,NT,2abc7cc
degen-r20-m20-d0.0001-p1,100,Newton-SIN,1e-7*n,9.999999999999999e-6,10,68,0.1967924,0.1761203,89.4954784839252,0.0,0.0004784,0.0,0.0183635,0.0,0.0,0.001830199999999997,0.4769417013071289,4.4086781261063275e-13,-3.4877129904898683e-15,6.994405055138486e-15,6.994405055138486e-15,2.5020446799589595e-14,6.994405055138486e-15,NaN,converged,94,94,47,0,0,0,10,9.883541843614818e-14,1.12.6,lbt,1,1,Intel(R) Core(TM) 7 150U,NT,2abc7cc
degen-r20-m20-d0.0001-p1,100,AGD-SDAJ-BH,1e-7*n,1.0e-11,11,80,0.2317193,0.22928199999999999,98.94816702795148,0.0,0.0001087,0.0,0.0,0.0,0.0,0.002328600000000003,0.4769417013104573,1.2962911967250098e-11,-3.0942987782750874e-15,3.54605234065275e-12,3.54605234065275e-12,7.632688051909481e-12,3.54605234065275e-12,NaN,diag_feasible_at_xpre,0,0,15,15,0,0,11,9.883541843614818e-14,1.12.6,lbt,1,1,Intel(R) Core(TM) 7 150U,NT,2abc7cc
degen-r20-m20-d0.0001-p1,100,AGD-SDAJ,1e-7*n,1.0e-11,10,99,0.2867437,0.2835073,98.8713265539923,0.0,0.0001369,0.0,0.0,0.0,0.0,0.0030994999999999725,0.4769417013171327,1.9722961646334814e-11,-3.89024852583026e-15,3.255617997410809e-12,3.255617997410809e-12,9.422393485225802e-12,3.255617997410809e-12,NaN,diag_feasible,0,0,38,20,18,0,10,9.883541843614818e-14,1.12.6,lbt,1,1,Intel(R) Core(TM) 7 150U,NT,2abc7cc
degen-r20-m20-d0.0001-p1,100,Dykstra-APM,1e-7*n,9.999999999999999e-6,95,95,0.274156,0.2546458,92.8835407578167,0.0,0.0,0.0,0.0,0.0093541,0.0,0.010156100000000032,0.476941701295067,2.199346982308425e-11,-3.802859016455141e-15,1.6302514893595799e-12,1.6302514893595799e-12,9.750840507841793e-12,1.6302514893595799e-12,NaN,diag_feasible,0,0,0,0,0,0,95,9.883541843614818e-14,1.12.6,lbt,1,1,Intel(R) Core(TM) 7 150U,NT,2abc7cc
degen-r20-m20-d0.0001-p1,100,Anderson-APM,1e-7*n,9.999999999999999e-6,31,31,0.111714,0.0799385,71.55638505469324,0.0,0.0,0.0,0.0,0.0,0.0284986,0.0032768999999999993,0.47694170131347097,1.4898487038524584e-11,-3.431636718162441e-15,2.1914692283075965e-12,2.1914692283075965e-12,7.618611803360426e-12,2.1914692283075965e-12,NaN,diag_feasible,0,0,0,0,0,0,31,9.883541843614818e-14,1.12.6,lbt,1,1,Intel(R) Core(TM) 7 150U,NT,2abc7cc
degen-r20-m20-d0.0001-p2,100,SBB-Dual,1e-7*n,1.0e-11,42,43,0.1165236,0.1148439,98.55848943904925,0.000137,6.74e-5,0.0001315,0.0,0.0,0.0,0.001343800000000006,0.47846273012547247,6.830029603458241e-12,-2.961569466425759e-15,1.0385026172343714e-12,0.0,7.336105377160393e-12,1.0385026172343714e-12,100.0,diag_feasible,0,0,0,0,0,0,42,1.520640828213254e-14,1.12.6,lbt,1,1,Intel(R) Core(TM) 7 150U,NT,2abc7cc
degen-r20-m20-d0.0001-p2,100,Newton-SIN-BH,1e-7*n,9.999999999999999e-6,4,5,0.0187566,0.0138086,73.61995244340659,0.0,1.11e-5,0.0,0.0045068,0.0,0.0,0.0004300999999999975,0.4784627301254745,0.0,-3.9517119911973845e-15,4.6629367034256575e-15,4.6629367034256575e-15,1.520640828213254e-14,4.6629367034256575e-15,NaN,converged,20,20,0,0,0,0,4,1.520640828213254e-14,1.12.6,lbt,1,1,Intel(R) Core(TM) 7 150U,NT,2abc7cc
degen-r20-m20-d0.0001-p2,100,Newton-SIN,1e-7*n,9.999999999999999e-6,4,9,0.027347,0.0236351,86.42666471642227,0.0,1.19e-5,0.0,0.0033881,0.0,0.0,0.0003119000000000008,0.4784627301254745,0.0,-3.9517119911973845e-15,4.6629367034256575e-15,4.6629367034256575e-15,1.520640828213254e-14,4.6629367034256575e-15,NaN,converged,20,20,0,0,0,0,4,1.520640828213254e-14,1.12.6,lbt,1,1,Intel(R) Core(TM) 7 150U,NT,2abc7cc
degen-r20-m20-d0.0001-p2,100,AGD-SDAJ-BH,1e-7*n,1.0e-11,10,73,0.2149717,0.2120408,98.63661123766525,0.0,0.0001363,0.0,0.0,0.0,0.0,0.0027945999999999865,0.47846273012995666,1.0311025046111551e-11,-3.4553396044499793e-15,3.5961233990633446e-12,3.5961233990633446e-12,5.623710939625484e-12,3.5961233990633446e-12,NaN,diag_feasible,0,0,12,12,0,0,10,1.520640828213254e-14,1.12.6,lbt,1,1,Intel(R) Core(TM) 7 150U,NT,2abc7cc
degen-r20-m20-d0.0001-p2,100,AGD-SDAJ,1e-7*n,1.0e-11,9,66,0.1984085,0.1959109,98.74118296343151,0.0,0.0001157,0.0,0.0,0.0,0.0,0.002381899999999989,0.47846273013428825,1.7984230608374527e-11,-4.249092275380123e-15,3.2935876248529894e-12,3.2935876248529894e-12,8.985190903861286e-12,3.2935876248529894e-12,NaN,diag_feasible,0,0,11,8,3,0,9,1.520640828213254e-14,1.12.6,lbt,1,1,Intel(R) Core(TM) 7 150U,NT,2abc7cc
degen-r20-m20-d0.0001-p2,100,Dykstra-APM,1e-7*n,9.999999999999999e-6,96,96,0.2878739,0.2671579,92.80379360546407,0.0,0.0,0.0,0.0,0.0091545,0.0,0.011561500000000013,0.4784627301144249,2.0003378323280934e-11,-3.7270376895899126e-15,1.2567724638756772e-12,1.2567724638756772e-12,8.866762355336554e-12,1.2567724638756772e-12,NaN,diag_feasible,0,0,0,0,0,0,96,1.520640828213254e-14,1.12.6,lbt,1,1,Intel(R) Core(TM) 7 150U,NT,2abc7cc
degen-r20-m20-d0.0001-p2,100,Anderson-APM,1e-7*n,9.999999999999999e-6,37,37,0.1442317,0.0944681,65.49745998972486,0.0,0.0,0.0,0.0,0.0,0.0450739,0.004689699999999991,0.47846273013307483,1.5643212562938477e-11,-3.0196629341582275e-15,1.7587042933087105e-12,1.7587042933087105e-12,7.549766598597288e-12,1.7587042933087105e-12,NaN,diag_feasible,0,0,0,0,0,0,37,1.520640828213254e-14,1.12.6,lbt,1,1,Intel(R) Core(TM) 7 150U,NT,2abc7cc
degen-r20-m20-d0.0001-p3,100,SBB-Dual,1e-7*n,1.0e-11,41,42,0.1067654,0.10516339999999999,98.49951388745792,0.0001187,5.2e-5,0.0001136,0.0,0.0,0.0,0.0013177000000000063,0.4824777853296519,7.599380128091709e-12,-3.4936147390560486e-15,1.1568523916594131e-12,0.0,7.173127932799839e-12,1.1568523916594131e-12,100.0,diag_feasible,0,0,0,0,0,0,41,2.9576349711020686e-14,1.12.6,lbt,1,1,Intel(R) Core(TM) 7 150U,NT,2abc7cc
degen-r20-m20-d0.0001-p3,100,Newton-SIN-BH,1e-7*n,9.999999999999999e-6,4,5,0.0185482,0.013638500000000001,73.53004604220357,0.0,1.16e-5,0.0,0.0044416,0.0,0.0,0.00045649999999999944,0.4824777853296471,0.0,-3.639807035833733e-15,1.021405182655144e-14,1.021405182655144e-14,2.9576349711020686e-14,1.021405182655144e-14,NaN,converged,21,21,0,0,0,0,4,2.9576349711020686e-14,1.12.6,lbt,1,1,Intel(R) Core(TM) 7 150U,NT,2abc7cc
degen-r20-m20-d0.0001-p3,100,Newton-SIN,1e-7*n,9.999999999999999e-6,5,12,0.0453959,0.0368142,81.09586989133379,0.0,1.91e-5,0.0,0.0080024,0.0,0.0,0.0005602000000000055,0.48247778532965363,9.580225613246322e-14,-3.872834202793017e-15,6.106226635438361e-15,6.106226635438361e-15,1.6786410591167913e-14,6.106226635438361e-15,NaN,converged,32,32,1,0,0,0,5,2.9576349711020686e-14,1.12.6,lbt,1,1,Intel(R) Core(TM) 7 150U,NT,2abc7cc
degen-r20-m20-d0.0001-p3,100,AGD-SDAJ-BH,1e-7*n,1.0e-11,9,64,0.2016032,0.19867939999999998,98.54972540118409,0.0,0.0001438,0.0,0.0,0.0,0.0,0.002780000000000032,0.48247778533382063,8.886720081352846e-12,-3.43025880973429e-15,2.9979352333953102e-12,2.9979352333953102e-12,4.6659043777910094e-12,2.9979352333953102e-12,NaN,diag_feasible,0,0,9,9,0,0,9,2.9576349711020686e-14,1.12.6,lbt,1,1,Intel(R) Core(TM) 7 150U,NT,2abc7cc
degen-r20-m20-d0.0001-p3,100,AGD-SDAJ,1e-7*n,1.0e-11,9,65,0.187069,0.1847492,98.75992280923082,0.0,0.000104,0.0,0.0,0.0,0.0,0.002215800000000011,0.48247778533381436,8.891381344600501e-12,-3.896173195828684e-15,3.0118130212031247e-12,3.0118130212031247e-12,4.675249972086001e-12,3.0118130212031247e-12,NaN,diag_feasible,0,0,10,9,1,0,9,2.9576349711020686e-14,1.12.6,lbt,1,1,Intel(R) Core(TM) 7 150U,NT,2abc7cc
degen-r20-m20-d0.0001-p3,100,Dykstra-APM,1e-7*n,9.999999999999999e-6,94,94,0.276883,0.2558945,92.41972240982655,0.0,0.0,0.0,0.0,0.0102198,0.0,0.010768699999999966,0.4824777853181681,2.1136307363430334e-11,-2.938874655812989e-15,1.5090151350705128e-12,1.5090151350705128e-12,9.376092985715071e-12,1.5090151350705128e-12,NaN,diag_feasible,0,0,0,0,0,0,94,2.9576349711020686e-14,1.12.6,lbt,1,1,Intel(R) Core(TM) 7 150U,NT,2abc7cc
degen-r20-m20-d0.0001-p3,100,Anderson-APM,1e-7*n,9.999999999999999e-6,32,32,0.1333566,0.0905284,67.8844541627486,0.0,0.0,0.0,0.0,0.0,0.0378913,0.004936899999999994,0.4824777853337054,7.944207929792945e-12,-4.083791744572557e-15,7.175371408152387e-13,7.175371408152387e-13,3.728430433533855e-12,7.175371408152387e-13,NaN,diag_feasible,0,0,0,0,0,0,32,2.9576349711020686e-14,1.12.6,lbt,1,1,Intel(R) Core(TM) 7 150U,NT,2abc7cc
degen-r20-m20-d0.0001-p4,100,SBB-Dual,1e-7*n,1.0e-11,42,43,0.1161415,0.11460119999999999,98.67377294076621,0.0001342,6.28e-5,0.0001207,0.0,0.0,0.0,0.0012226000000000081,0.4809860962837004,6.57166984250034e-12,-3.3552012847251253e-15,1.0682565942943256e-12,0.0,6.454427981696363e-12,1.0682565942943256e-12,100.0,diag_feasible,0,0,0,0,0,0,42,2.7724916526980052e-14,1.12.6,lbt,1,1,Intel(R) Core(TM) 7 150U,NT,2abc7cc
degen-r20-m20-d0.0001-p4,100,Newton-SIN-BH,1e-7*n,9.999999999999999e-6,4,5,0.0248853,0.01654,66.46494114999618,0.0,9.9e-6,0.0,0.0078916,0.0,0.0,0.0004437999999999994,0.48098609628370115,0.0,-3.641107570074016e-15,1.1102230246251565e-14,1.1102230246251565e-14,2.7724916526980052e-14,1.1102230246251565e-14,NaN,converged,23,23,0,0,0,0,4,2.7724916526980052e-14,1.12.6,lbt,1,1,Intel(R) Core(TM) 7 150U,NT,2abc7cc
degen-r20-m20-d0.0001-p4,100,Newton-SIN,1e-7*n,9.999999999999999e-6,4,9,0.0278872,0.0216404,77.59975902923205,0.0,9.5e-6,0.0,0.0059518,0.0,0.0,0.00028550000000000016,0.48098609628370115,0.0,-3.641107570074016e-15,1.1102230246251565e-14,1.1102230246251565e-14,2.7724916526980052e-14,1.1102230246251565e-14,NaN,converged,23,23,0,0,0,0,4,2.7724916526980052e-14,1.12.6,lbt,1,1,Intel(R) Core(TM) 7 150U,NT,2abc7cc
degen-r20-m20-d0.0001-p4,100,AGD-SDAJ-BH,1e-7*n,1.0e-11,13,98,0.2571764,0.2544614,98.94430437629579,0.0,0.0001166,0.0,0.0,0.0,0.0,0.002598400000000023,0.48098609628880656,1.2804877596870464e-11,-3.1672207772031616e-15,6.4295235802092066e-12,6.4295235802092066e-12,7.595087896307682e-12,6.4295235802092066e-12,NaN,diag_feasible_at_xpre,0,0,23,23,0,0,13,2.7724916526980052e-14,1.12.6,lbt,1,1,Intel(R) Core(TM) 7 150U,NT,2abc7cc
degen-r20-m20-d0.0001-p4,100,AGD-SDAJ,1e-7*n,1.0e-11,12,90,0.2404537,0.2377337,98.86880509636575,0.0,0.0001407,0.0,0.0,0.0,0.0,0.0025793,0.48098609628818617,1.0726802183940127e-11,-3.3910578388958372e-15,5.123457214040172e-12,5.123457214040172e-12,6.2065632110259036e-12,5.123457214040172e-12,NaN,diag_feasible_at_xpre,0,0,21,17,4,0,12,2.7724916526980052e-14,1.12.6,lbt,1,1,Intel(R) Core(TM) 7 150U,NT,2abc7cc
degen-r20-m20-d0.0001-p4,100,Dykstra-APM,1e-7*n,9.999999999999999e-6,95,95,0.370659,0.3118606,84.13679419628282,0.0,0.0,0.0,0.0,0.0395549,0.0,0.01924350000000003,0.4809860962714985,2.246770186513623e-11,-3.790064214186858e-15,1.6440182548649318e-12,1.6440182548649318e-12,9.945067485527022e-12,1.6440182548649318e-12,NaN,diag_feasible,0,0,0,0,0,0,95,2.7724916526980052e-14,1.12.6,lbt,1,1,Intel(R) Core(TM) 7 150U,NT,2abc7cc
degen-r20-m20-d0.0001-p4,100,Anderson-APM,1e-7*n,9.999999999999999e-6,36,36,0.1551304,0.1076843,69.41534347877656,0.0,0.0,0.0,0.0,0.0,0.0419806,0.005465500000000005,0.48098609629060124,1.633871209631978e-11,-4.3573839858944514e-15,2.9057867223514222e-12,2.9057867223514222e-12,8.291437942605089e-12,2.9057867223514222e-12,NaN,diag_feasible,0,0,0,0,0,0,36,2.7724916526980052e-14,1.12.6,lbt,1,1,Intel(R) Core(TM) 7 150U,NT,2abc7cc
degen-r20-m20-d1e-06-p0,100,SBB-Dual,1e-7*n,1.0e-11,37,38,0.1018152,0.100565,98.77208903975045,0.0001012,5.32e-5,0.000116,0.0,0.0,0.0,0.000979799999999993,0.48181687782849275,7.76447183215688e-12,-3.156661511098991e-15,1.304512053934559e-12,0.0,7.822860131587737e-12,1.304512053934559e-12,100.0,diag_feasible,0,0,0,0,0,0,37,2.852149769304263e-14,1.12.6,lbt,1,1,Intel(R) Core(TM) 7 150U,NT,2abc7cc
degen-r20-m20-d1e-06-p0,100,Newton-SIN-BH,1e-7*n,9.999999999999999e-6,4,5,0.0190344,0.014452,75.9256924305468,0.0,9.6e-6,0.0,0.0041795,0.0,0.0,0.0003933000000000001,0.48181687782849236,5.429061183474247e-13,-3.2250245239365686e-15,1.318944953254686e-13,1.318944953254686e-13,3.0687446059297643e-13,1.318944953254686e-13,NaN,converged,19,19,0,0,0,0,4,2.852149769304263e-14,1.12.6,lbt,1,1,Intel(R) Core(TM) 7 150U,NT,2abc7cc
degen-r20-m20-d1e-06-p0,100,Newton-SIN,1e-7*n,9.999999999999999e-6,4,9,0.0189968,0.0164672,86.68407310704961,0.0,8.0e-6,0.0,0.0022853,0.0,0.0,0.00023629999999999962,0.48181687782849236,5.429061183474247e-13,-3.2250245239365686e-15,1.318944953254686e-13,1.318944953254686e-13,3.0687446059297643e-13,1.318944953254686e-13,NaN,converged,19,19,0,0,0,0,4,2.852149769304263e-14,1.12.6,lbt,1,1,Intel(R) Core(TM) 7 150U,NT,2abc7cc
degen-r20-m20-d1e-06-p0,100,AGD-SDAJ-BH,1e-7*n,1.0e-11,11,82,0.1695059,0.1673102,98.7046468588999,0.0,9.07e-5,0.0,0.0,0.0,0.0,0.002104999999999995,0.48181687783272964,8.901094903491507e-12,-3.0746269812660466e-15,2.0616841567289157e-12,2.0616841567289157e-12,4.4781064755856546e-12,2.0616841567289157e-12,NaN,diag_feasible_at_xpre,0,0,19,19,0,0,11,2.852149769304263e-14,1.12.6,lbt,1,1,Intel(R) Core(TM) 7 150U,NT,2abc7cc
degen-r20-m20-d1e-06-p0,100,AGD-SDAJ,1e-7*n,1.0e-11,11,83,0.2288667,0.22639600000000001,98.92046330899166,0.0,0.0001087,0.0,0.0,0.0,0.0,0.002361999999999992,0.48181687783272775,8.899102010776835e-12,-3.309702154998202e-15,2.065014825802791e-12,2.065014825802791e-12,4.478353839326291e-12,2.065014825802791e-12,NaN,diag_feasible_at_xpre,0,0,20,19,1,0,11,2.852149769304263e-14,1.12.6,lbt,1,1,Intel(R) Core(TM) 7 150U,NT,2abc7cc
degen-r20-m20-d1e-06-p0,100,Dykstra-APM,1e-7*n,9.999999999999999e-6,87,87,0.2799724,0.2603292,92.98387983958418,0.0,0.0,0.0,0.0,0.0096494,0.0,0.009993800000000027,0.48181687781854726,1.825353044760426e-11,-3.1913648462323504e-15,1.3518075547835906e-12,1.3518075547835906e-12,8.073300532005098e-12,1.3518075547835906e-12,NaN,diag_feasible,0,0,0,0,0,0,87,2.852149769304263e-14,1.12.6,lbt,1,1,Intel(R) Core(TM) 7 150U,NT,2abc7cc
degen-r20-m20-d1e-06-p0,100,Anderson-APM,1e-7*n,9.999999999999999e-6,39,39,0.1570064,0.1109297,70.65297975114392,0.0,0.0,0.0,0.0,0.0,0.041225,0.004851699999999987,0.48181687783544547,1.4963863738864816e-11,-3.0310849385915885e-15,2.2852830738884222e-12,2.2852830738884222e-12,7.231364477792144e-12,2.2852830738884222e-12,NaN,diag_feasible,0,0,0,0,0,0,39,2.852149769304263e-14,1.12.6,lbt,1,1,Intel(R) Core(TM) 7 150U,NT,2abc7cc
degen-r20-m20-d1e-06-p1,100,SBB-Dual,1e-7*n,1.0e-11,37,38,0.1069622,0.1057166,98.83547645803844,0.0001119,4.91e-5,0.0001221,0.0,0.0,0.0,0.0009624999999999994,0.477164413951535,8.669089684994382e-12,-3.3059946323735336e-15,1.4437340212225536e-12,0.0,8.713337742127597e-12,1.4437340212225536e-12,100.0,diag_feasible,0,0,0,0,0,0,37,2.0549925286427855e-14,1.12.6,lbt,1,1,Intel(R) Core(TM) 7 150U,NT,2abc7cc
degen-r20-m20-d1e-06-p1,100,Newton-SIN-BH,1e-7*n,9.999999999999999e-6,4,5,0.0202884,0.015013799999999999,74.00189270716271,0.0,9.5e-6,0.0,0.0048681,0.0,0.0,0.0003970000000000024,0.4771644139515413,4.5149642705968346e-13,-3.4033710670465092e-15,9.192646643896296e-14,9.192646643896296e-14,2.544765829436797e-13,9.192646643896296e-14,NaN,converged,21,21,0,0,0,0,4,2.0549925286427855e-14,1.12.6,lbt,1,1,Intel(R) Core(TM) 7 150U,NT,2abc7cc
degen-r20-m20-d1e-06-p1,100,Newton-SIN,1e-7*n,9.999999999999999e-6,4,9,0.0276558,0.022553100000000003,81.54925910658885,0.0,1.84e-5,0.0,0.0048104,0.0,0.0,0.00027389999999999793,0.4771644139515413,4.5149642705968346e-13,-3.4033710670465092e-15,9.192646643896296e-14,9.192646643896296e-14,2.544765829436797e-13,9.192646643896296e-14,NaN,converged,21,21,0,0,0,0,4,2.0549925286427855e-14,1.12.6,lbt,1,1,Intel(R) Core(TM) 7 150U,NT,2abc7cc
degen-r20-m20-d1e-06-p1,100,AGD-SDAJ-BH,1e-7*n,1.0e-11,10,79,0.165227,0.163375,98.87911781972679,0.0,8.76e-5,0.0,0.0,0.0,0.0,0.0017644000000000203,0.47716441395559545,8.699057209273714e-12,-3.461827443255534e-15,1.495914503379936e-12,1.495914503379936e-12,4.413144520673048e-12,1.495914503379936e-12,NaN,diag_feasible,0,0,18,18,0,0,10,2.0549925286427855e-14,1.12.6,lbt,1,1,Intel(R) Core(TM) 7 150U,NT,2abc7cc
degen-r20-m20-d1e-06-p1,100,AGD-SDAJ,1e-7*n,1.0e-11,10,83,0.2393679,0.2352568,98.28251824910524,0.0,0.0001088,0.0,0.0,0.0,0.0,0.004002300000000006,0.4771644139570722,1.1964308718384041e-11,-3.890313633045081e-15,2.971622947711694e-12,2.971622947711694e-12,6.110457255262563e-12,2.971622947711694e-12,NaN,diag_feasible_at_xpre,0,0,26,14,12,0,10,2.0549925286427855e-14,1.12.6,lbt,1,1,Intel(R) Core(TM) 7 150U,NT,2abc7cc
degen-r20-m20-d1e-06-p1,100,Dykstra-APM,1e-7*n,9.999999999999999e-6,87,87,0.1747067,0.1640303,93.88895789342938,0.0,0.0,0.0,0.0,0.0062638,0.0,0.004412600000000003,0.47716441394063325,1.9913754365815903e-11,-3.1410632926726817e-15,1.4559464744934303e-12,1.4559464744934303e-12,8.823016704186993e-12,1.4559464744934303e-12,NaN,diag_feasible,0,0,0,0,0,0,87,2.0549925286427855e-14,1.12.6,lbt,1,1,Intel(R) Core(TM) 7 150U,NT,2abc7cc
degen-r20-m20-d1e-06-p1,100,Anderson-APM,1e-7*n,9.999999999999999e-6,31,31,0.0956518,0.0691482,72.29158259436834,0.0,0.0,0.0,0.0,0.0,0.0237703,0.002733299999999987,0.47716441395772813,1.4280294768438893e-11,-4.496254723577062e-15,1.9328982858723975e-12,1.9328982858723975e-12,7.251159377125687e-12,1.9328982858723975e-12,NaN,diag_feasible,0,0,0,0,0,0,31,2.0549925286427855e-14,1.12.6,lbt,1,1,Intel(R) Core(TM) 7 150U,NT,2abc7cc
degen-r20-m20-d1e-06-p2,100,SBB-Dual,1e-7*n,1.0e-11,38,39,0.0989659,0.09667869999999999,97.68890092445983,0.0001039,5.51e-5,5.39e-5,0.0,0.0,0.0,0.002074300000000003,0.47868969049350174,6.911227550664871e-12,-3.857361183298329e-15,1.0480505352461478e-12,0.0,7.4182809648462e-12,1.0480505352461478e-12,100.0,diag_feasible,0,0,0,0,0,0,38,3.4521331213556456e-14,1.12.6,lbt,1,1,Intel(R) Core(TM) 7 150U,NT,2abc7cc
degen-r20-m20-d1e-06-p2,100,Newton-SIN-BH,1e-7*n,9.999999999999999e-6,4,5,0.020823,0.015641699999999998,75.11741823944675,0.0,8.9e-6,0.0,0.0047611,0.0,0.0,0.00041130000000000333,0.4786896904935065,4.175410987050094e-13,-3.3166423762651753e-15,5.484501741648273e-14,5.484501741648273e-14,2.030622192332185e-13,5.484501741648273e-14,NaN,converged,19,19,0,0,0,0,4,3.4521331213556456e-14,1.12.6,lbt,1,1,Intel(R) Core(TM) 7 150U,NT,2abc7cc
degen-r20-m20-d1e-06-p2,100,Newton-SIN,1e-7*n,9.999999999999999e-6,4,9,0.0305207,0.0264202,86.56485598298859,0.0,1.05e-5,0.0,0.0038158,0.0,0.0,0.00027420000000000005,0.4786896904935065,4.175410987050094e-13,-3.3166423762651753e-15,5.484501741648273e-14,5.484501741648273e-14,2.030622192332185e-13,5.484501741648273e-14,NaN,converged,19,19,0,0,0,0,4,3.4521331213556456e-14,1.12.6,lbt,1,1,Intel(R) Core(TM) 7 150U,NT,2abc7cc
degen-r20-m20-d1e-06-p2,100,AGD-SDAJ-BH,1e-7*n,1.0e-11,9,59,0.1502148,0.1484465,98.8228190564445,0.0,7.88e-5,0.0,0.0,0.0,0.0,0.0016895000000000005,0.47868969049700566,9.3989418603606e-12,-3.617151024237304e-15,2.885247596395857e-12,2.885247596395857e-12,5.3642490055982325e-12,2.885247596395857e-12,NaN,diag_feasible,0,0,6,6,0,0,9,3.4521331213556456e-14,1.12.6,lbt,1,1,Intel(R) Core(TM) 7 150U,NT,2abc7cc
degen-r20-m20-d1e-06-p2,100,AGD-SDAJ,1e-7*n,1.0e-11,11,85,0.2089624,0.20664449999999998,98.8907573802751,0.0,0.0001044,0.0,0.0,0.0,0.0,0.0022135000000000115,0.4786896905017851,1.848353683526485e-11,-3.679131628815644e-15,3.926414748889329e-12,3.926414748889329e-12,9.684043653133858e-12,3.926414748889329e-12,NaN,diag_feasible_at_xpre,0,0,20,17,3,0,11,3.4521331213556456e-14,1.12.6,lbt,1,1,Intel(R) Core(TM) 7 150U,NT,2abc7cc
degen-r20-m20-d1e-06-p2,100,Dykstra-APM,1e-7*n,9.999999999999999e-6,88,88,0.2673205,0.2488,93.07179958140134,0.0,0.0,0.0,0.0,0.0087222,0.0,0.009798300000000024,0.4786896904822074,2.0469144947254808e-11,-3.382300412887614e-15,1.2856382625159313e-12,1.2856382625159313e-12,9.070154844149873e-12,1.2856382625159313e-12,NaN,diag_feasible,0,0,0,0,0,0,88,3.4521331213556456e-14,1.12.6,lbt,1,1,Intel(R) Core(TM) 7 150U,NT,2abc7cc
degen-r20-m20-d1e-06-p2,100,Anderson-APM,1e-7*n,9.999999999999999e-6,41,41,0.1549175,0.1076877,69.51293430374231,0.0,0.0,0.0,0.0,0.0,0.0422606,0.004969200000000014,0.4786896905008652,1.7063420005795774e-11,-3.1291994730936117e-15,2.265854170957482e-12,2.265854170957482e-12,8.368474349602033e-12,2.265854170957482e-12,NaN,diag_feasible,0,0,0,0,0,0,41,3.4521331213556456e-14,1.12.6,lbt,1,1,Intel(R) Core(TM) 7 150U,NT,2abc7cc
degen-r20-m20-d1e-06-p3,100,SBB-Dual,1e-7*n,1.0e-11,36,37,0.0994627,0.0982205,98.75108960444469,0.0001082,5.07e-5,0.0001103,0.0,0.0,0.0,0.0009729999999999988,0.4827093107249,7.758196828621183e-12,-3.70535608099169e-15,1.1797229859666913e-12,0.0,7.331640740703425e-12,1.1797229859666913e-12,100.0,diag_feasible,0,0,0,0,0,0,36,1.253569134552835e-14,1.12.6,lbt,1,1,Intel(R) Core(TM) 7 150U,NT,2abc7cc
degen-r20-m20-d1e-06-p3,100,Newton-SIN-BH,1e-7*n,9.999999999999999e-6,4,5,0.0200513,0.0150284,74.94975388129448,0.0,8.1e-6,0.0,0.0045866,0.0,0.0,0.000428200000000001,0.48270931072490914,4.3401717248498495e-13,-3.333922981685719e-15,7.127631818093505e-14,7.127631818093505e-14,2.1697161030317147e-13,7.127631818093505e-14,NaN,converged,19,19,0,0,0,0,4,1.253569134552835e-14,1.12.6,lbt,1,1,Intel(R) Core(TM) 7 150U,NT,2abc7cc
degen-r20-m20-d1e-06-p3,100,Newton-SIN,1e-7*n,9.999999999999999e-6,4,9,0.0280928,0.0231619,82.44781581045676,0.0,1.06e-5,0.0,0.0045864,0.0,0.0,0.00033390000000000156,0.48270931072490914,4.3401717248498495e-13,-3.333922981685719e-15,7.127631818093505e-14,7.127631818093505e-14,2.1697161030317147e-13,7.127631818093505e-14,NaN,converged,19,19,0,0,0,0,4,1.253569134552835e-14,1.12.6,lbt,1,1,Intel(R) Core(TM) 7 150U,NT,2abc7cc
degen-r20-m20-d1e-06-p3,100,AGD-SDAJ-BH,1e-7*n,1.0e-11,10,67,0.2034558,0.2008334,98.71107139732561,0.0,0.0001169,0.0,0.0,0.0,0.0,0.002505499999999997,0.48270931073174767,1.5486431156475056e-11,-3.0633529441740932e-15,6.5601968302075875e-12,6.5601968302075875e-12,8.527417976411632e-12,6.5601968302075875e-12,NaN,diag_feasible_at_xpre,0,0,10,10,0,0,10,1.253569134552835e-14,1.12.6,lbt,1,1,Intel(R) Core(TM) 7 150U,NT,2abc7cc
degen-r20-m20-d1e-06-p3,100,AGD-SDAJ,1e-7*n,1.0e-11,12,135,0.4109829,0.4059818,98.78313671931363,0.0,0.0002531,0.0,0.0,0.0,0.0,0.0047479999999999805,0.4827093107316573,1.5257080362849072e-11,-3.584055822162255e-15,6.448841460837684e-12,6.448841460837684e-12,8.393286969323754e-12,6.448841460837684e-12,NaN,diag_feasible_at_xpre,0,0,68,15,53,0,12,1.253569134552835e-14,1.12.6,lbt,1,1,Intel(R) Core(TM) 7 150U,NT,2abc7cc
degen-r20-m20-d1e-06-p3,100,Dykstra-APM,1e-7*n,9.999999999999999e-6,85,85,0.250043,0.2304259,92.154509424379,0.0,0.0,0.0,0.0,0.0108551,0.0,0.008762000000000027,0.4827093107149843,1.82847550308414e-11,-3.504020126363314e-15,1.3069545445887343e-12,1.3069545445887343e-12,8.102979583756542e-12,1.3069545445887343e-12,NaN,diag_feasible,0,0,0,0,0,0,85,1.253569134552835e-14,1.12.6,lbt,1,1,Intel(R) Core(TM) 7 150U,NT,2abc7cc
degen-r20-m20-d1e-06-p3,100,Anderson-APM,1e-7*n,9.999999999999999e-6,34,34,0.0677748,0.0575459,84.90751724829877,0.0,0.0,0.0,0.0,0.0,0.0087418,0.0014870999999999999,0.48270931073419493,1.9300209738530052e-11,-3.923677880662065e-15,2.176703262080082e-12,2.176703262080082e-12,9.238075543985273e-12,2.176703262080082e-12,NaN,diag_feasible,0,0,0,0,0,0,34,1.253569134552835e-14,1.12.6,lbt,1,1,Intel(R) Core(TM) 7 150U,NT,2abc7cc
degen-r20-m20-d1e-06-p4,100,SBB-Dual,1e-7*n,1.0e-11,37,38,0.1102979,0.10887279999999999,98.70795364190975,0.0001092,5.13e-5,0.000123,0.0,0.0,0.0,0.0011416000000000124,0.4812156648731048,9.772058232222035e-12,-3.4137462735259556e-15,1.5862866575844237e-12,0.0,9.606726639524834e-12,1.5862866575844237e-12,100.0,diag_feasible,0,0,0,0,0,0,37,3.141636917194485e-14,1.12.6,lbt,1,1,Intel(R) Core(TM) 7 150U,NT,2abc7cc
degen-r20-m20-d1e-06-p4,100,Newton-SIN-BH,1e-7*n,9.999999999999999e-6,4,5,0.0183943,0.0125544,68.25157793446884,0.0,9.2e-6,0.0,0.0054214,0.0,0.0,0.00040929999999999873,0.4812156648730835,7.317071931342482e-13,-3.085851676285238e-15,2.2537527399890678e-13,2.2537527399890678e-13,4.160161966743708e-13,2.2537527399890678e-13,NaN,converged,20,20,0,0,0,0,4,3.141636917194485e-14,1.12.6,lbt,1,1,Intel(R) Core(TM) 7 150U,NT,2abc7cc
degen-r20-m20-d1e-06-p4,100,Newton-SIN,1e-7*n,9.999999999999999e-6,4,9,0.0334227,0.0246776,73.83484877044644,0.0,8.9e-6,0.0,0.0083048,0.0,0.0,0.0004314000000000002,0.4812156648730835,7.317071931342482e-13,-3.085851676285238e-15,2.2537527399890678e-13,2.2537527399890678e-13,4.160161966743708e-13,2.2537527399890678e-13,NaN,converged,20,20,0,0,0,0,4,3.141636917194485e-14,1.12.6,lbt,1,1,Intel(R) Core(TM) 7 150U,NT,2abc7cc
degen-r20-m20-d1e-06-p4,100,AGD-SDAJ-BH,1e-7*n,1.0e-11,12,88,0.2172937,0.2148396,98.87060692509722,0.0,0.0001115,0.0,0.0,0.0,0.0,0.0023426000000000145,0.48121566487634904,7.638868334641623e-12,-3.2569636899123367e-15,2.1398438576625267e-12,2.1398438576625267e-12,4.229118931698302e-12,2.1398438576625267e-12,NaN,diag_feasible,0,0,17,17,0,0,12,3.141636917194485e-14,1.12.6,lbt,1,1,Intel(R) Core(TM) 7 150U,NT,2abc7cc
degen-r20-m20-d1e-06-p4,100,AGD-SDAJ,1e-7*n,1.0e-11,11,90,0.2091098,0.2067744,98.88317046833768,0.0,0.0001071,0.0,0.0,0.0,0.0,0.002228300000000015,0.48121566487479145,1.0299543105870117e-11,-3.524379928712318e-15,3.046785046478817e-12,3.046785046478817e-12,6.3308770108619094e-12,3.046785046478817e-12,NaN,diag_feasible_at_xpre,0,0,25,17,8,0,11,3.141636917194485e-14,1.12.6,lbt,1,1,Intel(R) Core(TM) 7 150U,NT,2abc7cc
degen-r20-m20-d1e-06-p4,100,Dykstra-APM,1e-7*n,9.999999999999999e-6,87,87,0.2427988,0.2218776,91.38331820420859,0.0,0.0,0.0,0.0,0.0138696,0.0,0.007051600000000002,0.48121566486189077,2.067584875856478e-11,-3.256726680715717e-15,1.4999113062685865e-12,1.4999113062685865e-12,9.146247296870566e-12,1.4999113062685865e-12,NaN,diag_feasible,0,0,0,0,0,0,87,3.141636917194485e-14,1.12.6,lbt,1,1,Intel(R) Core(TM) 7 150U,NT,2abc7cc
degen-r20-m20-d1e-06-p4,100,Anderson-APM,1e-7*n,9.999999999999999e-6,37,37,0.1400243,0.093032,66.4398965036783,0.0,0.0,0.0,0.0,0.0,0.0419778,0.005014499999999984,0.48121566488139966,1.5631246075675007e-11,-3.54474829757632e-15,1.8586243655249746e-12,1.8586243655249746e-12,7.042642349885786e-12,1.8586243655249746e-12,NaN,diag_feasible,0,0,0,0,0,0,37,3.141636917194485e-14,1.12.6,lbt,1,1,Intel(R) Core(TM) 7 150U,NT,2abc7cc
degen-r20-m20-d1e-08-p0,100,SBB-Dual,1e-7*n,1.0e-11,33,34,0.0931991,0.0920696,98.78807842565003,9.52e-5,5.59e-5,0.0001258,0.0,0.0,0.0,0.0008526000000000055,0.481819194375956,6.259711929496566e-12,-4.058934337472466e-15,1.0962342145148796e-12,0.0,6.30335814527891e-12,1.0962342145148796e-12,100.0,diag_feasible,0,0,0,0,0,0,33,3.28635392038926e-14,1.12.6,lbt,1,1,Intel(R) Core(TM) 7 150U,NT,2abc7cc
degen-r20-m20-d1e-08-p0,100,Newton-SIN-BH,1e-7*n,9.999999999999999e-6,4,5,0.0178545,0.013102,73.38206054496067,0.0,4.95e-5,0.0,0.0042052,0.0,0.0,0.0004977999999999979,0.4818191943759549,0.0,-3.608223109925558e-15,9.325873406851315e-15,9.325873406851315e-15,3.28635392038926e-14,9.325873406851315e-15,NaN,converged,21,21,0,0,0,0,4,3.28635392038926e-14,1.12.6,lbt,1,1,Intel(R) Core(TM) 7 150U,NT,2abc7cc
degen-r20-m20-d1e-08-p0,100,Newton-SIN,1e-7*n,9.999999999999999e-6,4,9,0.0273968,0.022951299999999997,83.77365239736028,0.0,9.2e-6,0.0,0.004191,0.0,0.0,0.00024530000000000125,0.4818191943759549,0.0,-3.608223109925558e-15,9.325873406851315e-15,9.325873406851315e-15,3.28635392038926e-14,9.325873406851315e-15,NaN,converged,21,21,0,0,0,0,4,3.28635392038926e-14,1.12.6,lbt,1,1,Intel(R) Core(TM) 7 150U,NT,2abc7cc
degen-r20-m20-d1e-08-p0,100,AGD-SDAJ-BH,1e-7*n,1.0e-11,10,74,0.1644201,0.1625073,98.83663858615826,0.0,9.37e-5,0.0,0.0,0.0,0.0,0.00181910000000002,0.4818191943809929,1.092988470202712e-11,-3.37842945009529e-15,2.659206188582175e-12,2.659206188582175e-12,5.62297391649367e-12,2.659206188582175e-12,NaN,diag_feasible_at_xpre,0,0,17,17,0,0,10,3.28635392038926e-14,1.12.6,lbt,1,1,Intel(R) Core(TM) 7 150U,NT,2abc7cc
degen-r20-m20-d1e-08-p0,100,AGD-SDAJ,1e-7*n,1.0e-11,9,74,0.1861085,0.18403909999999998,98.88806798184929,0.0,9.15e-5,0.0,0.0,0.0,0.0,0.0019779000000000268,0.48181919437893334,1.2257997081813378e-11,-3.3009723038845563e-15,4.222400207254395e-12,4.222400207254395e-12,7.263504942627695e-12,4.222400207254395e-12,NaN,diag_feasible_at_xpre,0,0,21,17,4,0,9,3.28635392038926e-14,1.12.6,lbt,1,1,Intel(R) Core(TM) 7 150U,NT,2abc7cc
degen-r20-m20-d1e-08-p0,100,Dykstra-APM,1e-7*n,9.999999999999999e-6,78,78,0.2339945,0.217799,93.07868347332949,0.0,0.0,0.0,0.0,0.00766,0.0,0.008535500000000001,0.48181919436522935,1.9686564776431146e-11,-3.443913045897319e-15,1.5805134978563729e-12,1.5805134978563729e-12,8.70897480424221e-12,1.5805134978563729e-12,NaN,diag_feasible,0,0,0,0,0,0,78,3.28635392038926e-14,1.12.6,lbt,1,1,Intel(R) Core(TM) 7 150U,NT,2abc7cc
degen-r20-m20-d1e-08-p0,100,Anderson-APM,1e-7*n,9.999999999999999e-6,39,39,0.1953115,0.1130993,57.90713808454699,0.0,0.0,0.0,0.0,0.0,0.0770971,0.005115099999999997,0.48181919438492093,1.9848836903687796e-11,-3.4368497925779934e-15,2.8459457013241263e-12,2.8459457013241263e-12,9.689496188407218e-12,2.8459457013241263e-12,NaN,diag_feasible,0,0,0,0,0,0,39,3.28635392038926e-14,1.12.6,lbt,1,1,Intel(R) Core(TM) 7 150U,NT,2abc7cc
degen-r20-m20-d1e-08-p1,100,SBB-Dual,1e-7*n,1.0e-11,33,34,0.0807977,0.0797813,98.74204339975024,8.33e-5,4.35e-5,4.9e-5,0.0,0.0,0.0,0.0008406000000000006,0.477166642073839,7.696918038629882e-12,-3.0443260145306335e-15,1.2874146193553315e-12,0.0,7.726890400215977e-12,1.2874146193553315e-12,100.0,diag_feasible,0,0,0,0,0,0,33,4.5181575973904156e-14,1.12.6,lbt,1,1,Intel(R) Core(TM) 7 150U,NT,2abc7cc
degen-r20-m20-d1e-08-p1,100,Newton-SIN-BH,1e-7*n,9.999999999999999e-6,4,5,0.0203337,0.0141885,69.77824990041162,0.0,1.28e-5,0.0,0.0054561,0.0,0.0,0.0006762999999999995,0.47716664207383785,0.0,-3.967366910026894e-15,1.1657341758564144e-14,1.1657341758564144e-14,4.5181575973904156e-14,1.1657341758564144e-14,NaN,converged,23,23,0,0,0,0,4,4.5181575973904156e-14,1.12.6,lbt,1,1,Intel(R) Core(TM) 7 150U,NT,2abc7cc
degen-r20-m20-d1e-08-p1,100,Newton-SIN,1e-7*n,9.999999999999999e-6,4,9,0.0308438,0.0248612,80.6035572789345,0.0,1.14e-5,0.0,0.0056041,0.0,0.0,0.0003671000000000013,0.47716664207383785,0.0,-3.967366910026894e-15,1.1657341758564144e-14,1.1657341758564144e-14,4.5181575973904156e-14,1.1657341758564144e-14,NaN,converged,23,23,0,0,0,0,4,4.5181575973904156e-14,1.12.6,lbt,1,1,Intel(R) Core(TM) 7 150U,NT,2abc7cc
degen-r20-m20-d1e-08-p1,100,AGD-SDAJ-BH,1e-7*n,1.0e-11,10,83,0.2430213,0.2397408,98.65011832296182,0.0,0.0001297,0.0,0.0,0.0,0.0,0.003150799999999992,0.47716664208303095,1.9600504878787702e-11,-3.2777071881083225e-15,4.8043791167629024e-12,4.8043791167629024e-12,9.905996577123799e-12,4.8043791167629024e-12,NaN,diag_feasible,0,0,22,22,0,0,10,4.5181575973904156e-14,1.12.6,lbt,1,1,Intel(R) Core(TM) 7 150U,NT,2abc7cc
degen-r20-m20-d1e-08-p1,100,AGD-SDAJ,1e-7*n,1.0e-11,96,2855,7.8754496,7.7749908,98.72440552473348,0.0,0.0038668,0.0,0.0,0.0,0.0,0.09659199999999929,0.4771666420774533,7.90231582166883e-12,-2.9373929571488134e-15,2.1509460879087783e-12,2.1509460879087783e-12,4.0997866761956665e-12,2.1509460879087783e-12,NaN,diag_feasible_at_xpre,0,0,2365,111,2254,0,96,4.5181575973904156e-14,1.12.6,lbt,1,1,Intel(R) Core(TM) 7 150U,NT,2abc7cc
degen-r20-m20-d1e-08-p1,100,Dykstra-APM,1e-7*n,9.999999999999999e-6,79,79,0.2270304,0.2105251,92.72991634600476,0.0,0.0,0.0,0.0,0.007448,0.0,0.0090573,0.47716664206355347,1.8774878064717673e-11,-3.4303233718426508e-15,1.3959944311636718e-12,1.3959944311636718e-12,8.324406793109837e-12,1.3959944311636718e-12,NaN,diag_feasible,0,0,0,0,0,0,79,4.5181575973904156e-14,1.12.6,lbt,1,1,Intel(R) Core(TM) 7 150U,NT,2abc7cc
degen-r20-m20-d1e-08-p1,100,Anderson-APM,1e-7*n,9.999999999999999e-6,31,31,0.1063155,0.0749203,70.46978098207693,0.0,0.0,0.0,0.0,0.0,0.0278286,0.0035665999999999996,0.47716664207963677,1.4072631750496386e-11,-3.535209698149592e-15,2.0271562206630733e-12,2.0271562206630733e-12,7.297264512358987e-12,2.0271562206630733e-12,NaN,diag_feasible,0,0,0,0,0,0,31,4.5181575973904156e-14,1.12.6,lbt,1,1,Intel(R) Core(TM) 7 150U,NT,2abc7cc
degen-r20-m20-d1e-08-p2,100,SBB-Dual,1e-7*n,1.0e-11,34,35,0.101086,0.0997217,98.65035712165879,0.000114,5.36e-5,0.0001282,0.0,0.0,0.0,0.001068499999999999,0.4786919611035686,7.481469616295246e-12,-3.9857582102839685e-15,1.170175067954915e-12,0.0,8.023730027041466e-12,1.170175067954915e-12,100.0,diag_feasible,0,0,0,0,0,0,34,1.9041214972016976e-14,1.12.6,lbt,1,1,Intel(R) Core(TM) 7 150U,NT,2abc7cc
degen-r20-m20-d1e-08-p2,100,Newton-SIN-BH,1e-7*n,9.999999999999999e-6,5,7,0.0258366,0.0191493,74.11695037272706,0.0,1.13e-5,0.0,0.0061517,0.0,0.0,0.0005243000000000001,0.478691961103573,0.0,-2.726494145305454e-15,5.773159728050814e-15,5.773159728050814e-15,1.9041214972016976e-14,5.773159728050814e-15,NaN,converged,31,31,1,0,0,0,5,1.9041214972016976e-14,1.12.6,lbt,1,1,Intel(R) Core(TM) 7 150U,NT,2abc7cc
degen-r20-m20-d1e-08-p2,100,Newton-SIN,1e-7*n,9.999999999999999e-6,10,110,0.2987098,0.2796368,93.61487303061367,0.0,0.0001437,0.0,0.0161006,0.0,0.0,0.002828700000000007,0.4786919611035704,1.1512643931970998e-13,-3.1583524701418586e-15,7.993605777301127e-15,7.993605777301127e-15,1.901498002963435e-14,7.993605777301127e-15,NaN,converged,81,81,89,0,0,0,10,1.9041214972016976e-14,1.12.6,lbt,1,1,Intel(R) Core(TM) 7 150U,NT,2abc7cc
degen-r20-m20-d1e-08-p2,100,AGD-SDAJ-BH,1e-7*n,1.0e-11,11,91,0.2437502,0.24108390000000002,98.90613423086423,0.0,0.0001189,0.0,0.0,0.0,0.0,0.0025473999999999827,0.4786919611069058,6.831151781071722e-12,-3.2387207447268997e-15,1.1148859613285822e-12,1.1148859613285822e-12,3.3897166464816627e-12,1.1148859613285822e-12,NaN,diag_feasible,0,0,24,24,0,0,11,1.9041214972016976e-14,1.12.6,lbt,1,1,Intel(R) Core(TM) 7 150U,NT,2abc7cc
degen-r20-m20-d1e-08-p2,100,AGD-SDAJ,1e-7*n,1.0e-11,13,135,0.381618,0.3773865,98.89116865556656,0.0,0.0002102,0.0,0.0,0.0,0.0,0.004021299999999999,0.4786919611076716,9.727785892912125e-12,-3.2803479325025458e-15,2.2537527399890678e-12,2.2537527399890678e-12,5.245227797173443e-12,2.2537527399890678e-12,NaN,diag_feasible_at_xpre,0,0,60,29,31,0,13,1.9041214972016976e-14,1.12.6,lbt,1,1,Intel(R) Core(TM) 7 150U,NT,2abc7cc
degen-r20-m20-d1e-08-p2,100,Dykstra-APM,1e-7*n,9.999999999999999e-6,80,80,0.3241579,0.2716156,83.7911400585949,0.0,0.0,0.0,0.0,0.0326284,0.0,0.019913899999999984,0.4786919610912204,2.2371289796428164e-11,-3.872036246429689e-15,1.5498713423767185e-12,1.5498713423767185e-12,9.91522703994215e-12,1.5498713423767185e-12,NaN,diag_feasible,0,0,0,0,0,0,80,1.9041214972016976e-14,1.12.6,lbt,1,1,Intel(R) Core(TM) 7 150U,NT,2abc7cc
degen-r20-m20-d1e-08-p2,100,Anderson-APM,1e-7*n,9.999999999999999e-6,41,41,0.155943,0.1108908,71.10982859121602,0.0,0.0,0.0,0.0,0.0,0.038598,0.0064542,0.47869196111117407,1.7915080526304112e-11,-3.263647890017174e-15,2.418953926053291e-12,2.418953926053291e-12,8.830935629343714e-12,2.418953926053291e-12,NaN,diag_feasible,0,0,0,0,0,0,41,1.9041214972016976e-14,1.12.6,lbt,1,1,Intel(R) Core(TM) 7 150U,NT,2abc7cc
degen-r20-m20-d1e-08-p3,100,SBB-Dual,1e-7*n,1.0e-11,31,32,0.0848894,0.0838191,98.73918298397679,8.69e-5,0.0001371,5.11e-5,0.0,0.0,0.0,0.0007952000000000101,0.4827116269802494,8.103838462545078e-12,-3.1705430341170906e-15,1.2443379659998755e-12,0.0,7.660311917657259e-12,1.2443379659998755e-12,100.0,diag_feasible,0,0,0,0,0,0,31,2.8319611043826136e-14,1.12.6,lbt,1,1,Intel(R) Core(TM) 7 150U,NT,2abc7cc
degen-r20-m20-d1e-08-p3,100,Newton-SIN-BH,1e-7*n,9.999999999999999e-6,4,5,0.0132989,0.0099302,74.66933355390294,0.0,7.1e-6,0.0,0.003039,0.0,0.0,0.0003226000000000006,0.4827116269802522,0.0,-2.7983097583480795e-15,1.0436096431476471e-14,1.0436096431476471e-14,2.8319611043826136e-14,1.0436096431476471e-14,NaN,converged,21,21,0,0,0,0,4,2.8319611043826136e-14,1.12.6,lbt,1,1,Intel(R) Core(TM) 7 150U,NT,2abc7cc
degen-r20-m20-d1e-08-p3,100,Newton-SIN,1e-7*n,9.999999999999999e-6,4,9,0.0286614,0.0227429,79.35027598093603,0.0,1.13e-5,0.0,0.0052176,0.0,0.0,0.0006896000000000003,0.4827116269802522,0.0,-2.7983097583480795e-15,1.0436096431476471e-14,1.0436096431476471e-14,2.8319611043826136e-14,1.0436096431476471e-14,NaN,converged,21,21,0,0,0,0,4,2.8319611043826136e-14,1.12.6,lbt,1,1,Intel(R) Core(TM) 7 150U,NT,2abc7cc
degen-r20-m20-d1e-08-p3,100,AGD-SDAJ-BH,1e-7*n,1.0e-11,9,58,0.1518149,0.15019839999999998,98.9352165037819,0.0,7.36e-5,0.0,0.0,0.0,0.0,0.0015429000000000206,0.4827116269839979,8.329536745447367e-12,-3.500546236953221e-15,1.9113599591946695e-12,1.9113599591946695e-12,4.323081518816936e-12,1.9113599591946695e-12,NaN,diag_feasible,0,0,5,5,0,0,9,2.8319611043826136e-14,1.12.6,lbt,1,1,Intel(R) Core(TM) 7 150U,NT,2abc7cc
degen-r20-m20-d1e-08-p3,100,AGD-SDAJ,1e-7*n,1.0e-11,8,53,0.1433383,0.1417692,98.90531700180622,0.0,6.5e-5,0.0,0.0,0.0,0.0,0.00150409999999999,0.48271162698357134,1.161983635656724e-11,-3.1924161962253434e-15,1.7752466163756253e-12,1.7752466163756253e-12,6.645798870196805e-12,1.7752466163756253e-12,NaN,diag_feasible_at_xpre,0,0,6,5,1,0,8,2.8319611043826136e-14,1.12.6,lbt,1,1,Intel(R) Core(TM) 7 150U,NT,2abc7cc
degen-r20-m20-d1e-08-p3,100,Dykstra-APM,1e-7*n,9.999999999999999e-6,75,75,0.2504721,0.2296402,91.68294592491539,0.0,0.0,0.0,0.0,0.0081838,0.0,0.012648099999999987,0.48271162696916936,2.0409077206947336e-11,-3.4616445346772328e-15,1.4703793738135573e-12,1.4703793738135573e-12,9.047455501689987e-12,1.4703793738135573e-12,NaN,diag_feasible,0,0,0,0,0,0,75,2.8319611043826136e-14,1.12.6,lbt,1,1,Intel(R) Core(TM) 7 150U,NT,2abc7cc
degen-r20-m20-d1e-08-p3,100,Anderson-APM,1e-7*n,9.999999999999999e-6,34,34,0.0657346,0.0550445,83.73748376045492,0.0,0.0,0.0,0.0,0.0,0.0091565,0.0015336000000000013,0.48271162699022757,2.0544213762315733e-11,-3.4421490765634978e-15,2.273625732129858e-12,2.273625732129858e-12,9.78466073832048e-12,2.273625732129858e-12,NaN,diag_feasible,0,0,0,0,0,0,34,2.8319611043826136e-14,1.12.6,lbt,1,1,Intel(R) Core(TM) 7 150U,NT,2abc7cc
degen-r20-m20-d1e-08-p4,100,SBB-Dual,1e-7*n,1.0e-11,33,34,0.0928228,0.0917307,98.82345716785099,9.29e-5,4.03e-5,0.0001214,0.0,0.0,0.0,0.0008374999999999987,0.48121796155990865,9.752082791460093e-12,-3.949342329003538e-15,1.6726620089002608e-12,0.0,9.587351177473232e-12,1.6726620089002608e-12,100.0,diag_feasible,0,0,0,0,0,0,33,2.4515574685600547e-14,1.12.6,lbt,1,1,Intel(R) Core(TM) 7 150U,NT,2abc7cc
degen-r20-m20-d1e-08-p4,100,Newton-SIN-BH,1e-7*n,9.999999999999999e-6,4,5,0.0204054,0.0127893,62.67605633802816,0.0,9.2e-6,0.0,0.0072082,0.0,0.0,0.00039870000000000096,0.4812179615599102,0.0,-3.116851241144299e-15,7.327471962526033e-15,7.327471962526033e-15,2.4515574685600547e-14,7.327471962526033e-15,NaN,converged,22,22,0,0,0,0,4,2.4515574685600547e-14,1.12.6,lbt,1,1,Intel(R) Core(TM) 7 150U,NT,2abc7cc
degen-r20-m20-d1e-08-p4,100,Newton-SIN,1e-7*n,9.999999999999999e-6,4,9,0.0187348,0.0158464,84.5827017101864,0.0,7.7e-6,0.0,0.0026469,0.0,0.0,0.00023379999999999929,0.4812179615599102,0.0,-3.116851241144299e-15,7.327471962526033e-15,7.327471962526033e-15,2.4515574685600547e-14,7.327471962526033e-15,NaN,converged,22,22,0,0,0,0,4,2.4515574685600547e-14,1.12.6,lbt,1,1,Intel(R) Core(TM) 7 150U,NT,2abc7cc
degen-r20-m20-d1e-08-p4,100,AGD-SDAJ-BH,1e-7*n,1.0e-11,13,92,0.2365581,0.23315049999999998,98.55950821383837,0.0,0.0001146,0.0,0.0,0.0,0.0,0.0032930000000000108,0.48121796156460744,1.1015122926466476e-11,-3.680037183099639e-15,4.29323243622548e-12,4.29323243622548e-12,6.1077148402682754e-12,4.29323243622548e-12,NaN,diag_feasible,0,0,15,15,0,0,13,2.4515574685600547e-14,1.12.6,lbt,1,1,Intel(R) Core(TM) 7 150U,NT,2abc7cc
degen-r20-m20-d1e-08-p4,100,AGD-SDAJ,1e-7*n,1.0e-11,12,107,0.3077625,0.3038981,98.74435644368629,0.0,0.0001531,0.0,0.0,0.0,0.0,0.00371129999999999,0.48121796156465174,1.0304031904609681e-11,-3.2083838492205265e-15,3.1521452115157444e-12,3.1521452115157444e-12,5.385133292684477e-12,3.1521452115157444e-12,NaN,diag_feasible,0,0,36,18,18,0,12,2.4515574685600547e-14,1.12.6,lbt,1,1,Intel(R) Core(TM) 7 150U,NT,2abc7cc
degen-r20-m20-d1e-08-p4,100,Dykstra-APM,1e-7*n,9.999999999999999e-6,79,79,0.2408057,0.225988,93.84661575701904,0.0,0.0,0.0,0.0,0.0069745,0.0,0.007843200000000017,0.4812179615486095,2.081998533623035e-11,-3.728360866533884e-15,1.7570389587717727e-12,1.7570389587717727e-12,9.217593872703635e-12,1.7570389587717727e-12,NaN,diag_feasible,0,0,0,0,0,0,79,2.4515574685600547e-14,1.12.6,lbt,1,1,Intel(R) Core(TM) 7 150U,NT,2abc7cc
degen-r20-m20-d1e-08-p4,100,Anderson-APM,1e-7*n,9.999999999999999e-6,37,37,0.1408929,0.0983274,69.78875443688078,0.0,0.0,0.0,0.0,0.0,0.0379859,0.004579599999999989,0.481217961568355,1.5919062788914862e-11,-3.1747789506395233e-15,1.8707257964933888e-12,1.8707257964933888e-12,7.1625603016372714e-12,1.8707257964933888e-12,NaN,diag_feasible,0,0,0,0,0,0,37,2.4515574685600547e-14,1.12.6,lbt,1,1,Intel(R) Core(TM) 7 150U,NT,2abc7cc
degen-r20-m20-d1e-10-p0,100,SBB-Dual,1e-7*n,1.0e-11,28,29,0.1000522,0.09879510000000001,98.74355586383909,9.42e-5,4.7e-5,0.0001199,0.0,0.0,0.0,0.0009959999999999832,0.48181921754153095,8.647791029678908e-12,-3.066622601613821e-15,2.800870646524345e-12,0.0,8.677838632815519e-12,2.800870646524345e-12,100.0,diag_feasible,0,0,0,0,0,0,28,1.8398241330346728e-14,1.12.6,lbt,1,1,Intel(R) Core(TM) 7 150U,NT,2abc7cc
degen-r20-m20-d1e-10-p0,100,Newton-SIN-BH,1e-7*n,9.999999999999999e-6,5,6,0.0268889,0.0171913,63.93456035761969,0.0,1.25e-5,0.0,0.0091256,0.0,0.0,0.000559500000000001,0.48181921754153884,0.0,-3.4851490768376077e-15,6.772360450213455e-15,6.772360450213455e-15,1.8398241330346728e-14,6.772360450213455e-15,NaN,converged,35,35,0,0,0,0,5,1.8398241330346728e-14,1.12.6,lbt,1,1,Intel(R) Core(TM) 7 150U,NT,2abc7cc
degen-r20-m20-d1e-10-p0,100,Newton-SIN,1e-7*n,9.999999999999999e-6,5,11,0.0593368,0.044830100000000005,75.55193404430302,0.0,2.75e-5,0.0,0.0137671,0.0,0.0,0.0007120999999999968,0.48181921754153884,0.0,-3.4851490768376077e-15,6.772360450213455e-15,6.772360450213455e-15,1.8398241330346728e-14,6.772360450213455e-15,NaN,converged,35,35,0,0,0,0,5,1.8398241330346728e-14,1.12.6,lbt,1,1,Intel(R) Core(TM) 7 150U,NT,2abc7cc
degen-r20-m20-d1e-10-p0,100,AGD-SDAJ-BH,1e-7*n,1.0e-11,11,81,0.2129238,0.2106554,98.93464234622903,0.0,9.93e-5,0.0,0.0,0.0,0.0,0.0021691000000000037,0.4818192175458324,9.486335268244207e-12,-3.1213605940333872e-15,1.936228954946273e-12,1.936228954946273e-12,4.945322363113228e-12,1.936228954946273e-12,NaN,diag_feasible,0,0,16,16,0,0,11,1.8398241330346728e-14,1.12.6,lbt,1,1,Intel(R) Core(TM) 7 150U,NT,2abc7cc
degen-r20-m20-d1e-10-p0,100,AGD-SDAJ,1e-7*n,1.0e-11,16,281,0.7486623,0.7368507,98.42230602502623,0.0,0.000378,0.0,0.0,0.0,0.0,0.011433600000000033,0.4818192175475764,1.2397277562015584e-11,-3.773423802158983e-15,2.868261184119092e-12,2.868261184119092e-12,6.157532737377937e-12,2.868261184119092e-12,NaN,diag_feasible,0,0,190,15,175,0,16,1.8398241330346728e-14,1.12.6,lbt,1,1,Intel(R) Core(TM) 7 150U,NT,2abc7cc
degen-r20-m20-d1e-10-p0,100,Dykstra-APM,1e-7*n,9.999999999999999e-6,70,70,0.1866615,0.1733116,92.84806990193478,0.0,0.0,0.0,0.0,0.0061282,0.0,0.0072216999999999976,0.48181921753198653,1.7920012837561925e-11,-3.6155427734546734e-15,2.460698311779197e-12,2.460698311779197e-12,7.999765440993296e-12,2.460698311779197e-12,NaN,diag_feasible,0,0,0,0,0,0,70,1.8398241330346728e-14,1.12.6,lbt,1,1,Intel(R) Core(TM) 7 150U,NT,2abc7cc
degen-r20-m20-d1e-10-p0,100,Anderson-APM,1e-7*n,9.999999999999999e-6,34,34,0.1184637,0.0865073,73.02431040056996,0.0,0.0,0.0,0.0,0.0,0.0279325,0.004023900000000011,0.4818192175432819,4.907908968239919e-12,-3.5378884321773885e-15,5.541123115904156e-13,5.541123115904156e-13,2.6036537658131365e-12,5.541123115904156e-13,NaN,diag_feasible,0,0,0,0,0,0,34,1.8398241330346728e-14,1.12.6,lbt,1,1,Intel(R) Core(TM) 7 150U,NT,2abc7cc
degen-r20-m20-d1e-10-p1,100,SBB-Dual,1e-7*n,1.0e-11,29,30,0.0495477,0.0488965,98.68571094117387,4.27e-5,3.32e-5,3.39e-5,0.0,0.0,0.0,0.0005413999999999975,0.4771666643551619,7.059336430636726e-12,-4.166892127277945e-15,1.6648904477278847e-12,0.0,7.029915643762816e-12,1.6648904477278847e-12,100.0,diag_feasible,0,0,0,0,0,0,29,3.131006087679294e-14,1.12.6,lbt,1,1,Intel(R) Core(TM) 7 150U,NT,2abc7cc
degen-r20-m20-d1e-10-p1,100,Newton-SIN-BH,1e-7*n,9.999999999999999e-6,5,6,0.022952,0.0146223,63.70817357964447,0.0,1.1e-5,0.0,0.0077982,0.0,0.0,0.0005205000000000001,0.47716666435516636,0.0,-3.2006803350291103e-15,7.549516567451064e-15,7.549516567451064e-15,3.131006087679294e-14,7.549516567451064e-15,NaN,converged,37,37,0,0,0,0,5,3.131006087679294e-14,1.12.6,lbt,1,1,Intel(R) Core(TM) 7 150U,NT,2abc7cc
degen-r20-m20-d1e-10-p1,100,Newton-SIN,1e-7*n,9.999999999999999e-6,5,11,0.037304,0.028844,77.32146686682395,0.0,1.06e-5,0.0,0.0081338,0.0,0.0,0.00031559999999999575,0.47716666435516636,0.0,-3.2006803350291103e-15,7.549516567451064e-15,7.549516567451064e-15,3.131006087679294e-14,7.549516567451064e-15,NaN,converged,37,37,0,0,0,0,5,3.131006087679294e-14,1.12.6,lbt,1,1,Intel(R) Core(TM) 7 150U,NT,2abc7cc
degen-r20-m20-d1e-10-p1,100,AGD-SDAJ-BH,1e-7*n,1.0e-11,10,74,0.200173,0.19824070000000002,99.0346849974772,0.0,9.05e-5,0.0,0.0,0.0,0.0,0.00184179999999997,0.4771666643641814,1.8003835483668308e-11,-4.176590844432861e-15,3.3162361745553426e-12,3.3162361745553426e-12,8.669622361990536e-12,3.3162361745553426e-12,NaN,diag_feasible_at_xpre,0,0,17,17,0,0,10,3.131006087679294e-14,1.12.6,lbt,1,1,Intel(R) Core(TM) 7 150U,NT,2abc7cc
degen-r20-m20-d1e-10-p1,100,AGD-SDAJ,1e-7*n,1.0e-11,9,77,0.2093302,0.2072885,99.02465100592269,0.0,9.19e-5,0.0,0.0,0.0,0.0,0.0019498000000000074,0.47716666436069244,1.115517673043838e-11,-2.9965993066318735e-15,1.9308998844280723e-12,1.9308998844280723e-12,5.368681713084743e-12,1.9308998844280723e-12,NaN,diag_feasible,0,0,22,16,6,0,9,3.131006087679294e-14,1.12.6,lbt,1,1,Intel(R) Core(TM) 7 150U,NT,2abc7cc
degen-r20-m20-d1e-10-p1,100,Dykstra-APM,1e-7*n,9.999999999999999e-6,71,71,0.2408055,0.2027867,84.2118224043886,0.0,0.0,0.0,0.0,0.0253406,0.0,0.012678200000000018,0.4771666643451851,1.82272408209538e-11,-3.6452489587773816e-15,2.219113781620763e-12,2.219113781620763e-12,8.118336257882283e-12,2.219113781620763e-12,NaN,diag_feasible,0,0,0,0,0,0,71,3.131006087679294e-14,1.12.6,lbt,1,1,Intel(R) Core(TM) 7 150U,NT,2abc7cc
degen-r20-m20-d1e-10-p1,100,Anderson-APM,1e-7*n,9.999999999999999e-6,31,31,0.1202245,0.0852911,70.9431937749793,0.0,0.0,0.0,0.0,0.0,0.0313781,0.0035553000000000043,0.47716666436088667,1.614921867536247e-11,-4.2990368958340014e-15,2.0993207172637085e-12,2.0993207172637085e-12,8.6170369420994e-12,2.0993207172637085e-12,NaN,diag_feasible,0,0,0,0,0,0,31,3.131006087679294e-14,1.12.6,lbt,1,1,Intel(R) Core(TM) 7 150U,NT,2abc7cc
degen-r20-m20-d1e-10-p2,100,SBB-Dual,1e-7*n,1.0e-11,30,31,0.0874204,0.08629550000000001,98.7132294064086,9.13e-5,4.13e-5,0.0001198,0.0,0.0,0.0,0.0008724999999999844,0.4786919838097698,8.553296431715519e-12,-2.8062523595277383e-15,2.5368596112684827e-12,0.0,9.055865267165006e-12,2.5368596112684827e-12,100.0,diag_feasible,0,0,0,0,0,0,30,1.3959261067163763e-14,1.12.6,lbt,1,1,Intel(R) Core(TM) 7 150U,NT,2abc7cc
degen-r20-m20-d1e-10-p2,100,Newton-SIN-BH,1e-7*n,9.999999999999999e-6,5,6,0.0255669,0.015427,60.33973614321642,0.0,1.04e-5,0.0,0.0096944,0.0,0.0,0.00043509999999999903,0.4786919838097753,0.0,-3.4221195555557274e-15,4.884981308350689e-15,4.884981308350689e-15,1.3959261067163763e-14,4.884981308350689e-15,NaN,converged,34,34,0,0,0,0,5,1.3959261067163763e-14,1.12.6,lbt,1,1,Intel(R) Core(TM) 7 150U,NT,2abc7cc
degen-r20-m20-d1e-10-p2,100,Newton-SIN,1e-7*n,9.999999999999999e-6,7,18,0.0290655,0.0237215,81.61394092652802,0.0,9.1e-6,0.0,0.0050851,0.0,0.0,0.0002498000000000014,0.47869198380977207,1.6076980333606113e-13,-2.8559850889842688e-15,6.439293542825908e-15,6.439293542825908e-15,1.710500260670798e-14,6.439293542825908e-15,NaN,converged,58,58,3,0,0,0,7,1.3959261067163763e-14,1.12.6,lbt,1,1,Intel(R) Core(TM) 7 150U,NT,2abc7cc
degen-r20-m20-d1e-10-p2,100,AGD-SDAJ-BH,1e-7*n,1.0e-11,9,63,0.1711002,0.1692701,98.93039283414045,0.0,8.13e-5,0.0,0.0,0.0,0.0,0.001748800000000001,0.4786919838164172,1.6513102017646254e-11,-3.4073554373100485e-15,6.742051361641188e-12,6.742051361641188e-12,9.192737629440931e-12,6.742051361641188e-12,NaN,diag_feasible,0,0,10,10,0,0,9,1.3959261067163763e-14,1.12.6,lbt,1,1,Intel(R) Core(TM) 7 150U,NT,2abc7cc
degen-r20-m20-d1e-10-p2,100,AGD-SDAJ,1e-7*n,1.0e-11,11,83,0.2436485,0.2404071,98.66964089661953,0.0,0.0001466,0.0,0.0,0.0,0.0,0.0030947999999999774,0.478691983817359,1.4841663125803942e-11,-3.9133850688696826e-15,2.8526070394718772e-12,2.8526070394718772e-12,7.268319673345981e-12,2.8526070394718772e-12,NaN,diag_feasible,0,0,18,12,6,0,11,1.3959261067163763e-14,1.12.6,lbt,1,1,Intel(R) Core(TM) 7 150U,NT,2abc7cc
degen-r20-m20-d1e-10-p2,100,Dykstra-APM,1e-7*n,9.999999999999999e-6,73,73,0.2334418,0.2181469,93.44808855997512,0.0,0.0,0.0,0.0,0.0071171,0.0,0.008177799999999999,0.47869198379846983,2.079521074998355e-11,-3.5499339547260536e-15,3.1312730186527915e-12,3.1312730186527915e-12,9.308885892256373e-12,3.1312730186527915e-12,NaN,diag_feasible,0,0,0,0,0,0,73,1.3959261067163763e-14,1.12.6,lbt,1,1,Intel(R) Core(TM) 7 150U,NT,2abc7cc
degen-r20-m20-d1e-10-p2,100,Anderson-APM,1e-7*n,9.999999999999999e-6,41,41,0.1407504,0.1009576,71.72810876558788,0.0,0.0,0.0,0.0,0.0,0.035577,0.004215800000000006,0.4786919838173061,1.7833358050560334e-11,-2.908695729010021e-15,2.421951528219779e-12,2.421951528219779e-12,8.803997695921945e-12,2.421951528219779e-12,NaN,diag_feasible,0,0,0,0,0,0,41,1.3959261067163763e-14,1.12.6,lbt,1,1,Intel(R) Core(TM) 7 150U,NT,2abc7cc
degen-r20-m20-d1e-10-p3,100,SBB-Dual,1e-7*n,1.0e-11,26,27,0.07587,0.0746511,98.3934361407671,8.83e-5,4.5e-5,0.0001202,0.0,0.0,0.0,0.000965400000000009,0.4827116501429026,8.561974240997213e-12,-3.1726562489867926e-15,1.5272227926743653e-12,0.0,8.131132919107467e-12,1.5272227926743653e-12,100.0,diag_feasible,0,0,0,0,0,0,26,1.9145473355119763e-14,1.12.6,lbt,1,1,Intel(R) Core(TM) 7 150U,NT,2abc7cc
degen-r20-m20-d1e-10-p3,100,Newton-SIN-BH,1e-7*n,9.999999999999999e-6,5,6,0.0306167,0.020305800000000002,66.32262784689402,0.0,1.47e-5,0.0,0.0096509,0.0,0.0,0.000645299999999998,0.48271165014290507,0.0,-3.60478081946936e-15,7.105427357601002e-15,7.105427357601002e-15,1.9145473355119763e-14,7.105427357601002e-15,NaN,converged,35,35,0,0,0,0,5,1.9145473355119763e-14,1.12.6,lbt,1,1,Intel(R) Core(TM) 7 150U,NT,2abc7cc
degen-r20-m20-d1e-10-p3,100,Newton-SIN,1e-7*n,9.999999999999999e-6,6,14,0.0488716,0.0378395,77.42635804843712,0.0,1.42e-5,0.0,0.0105934,0.0,0.0,0.000424500000000003,0.48271165014290746,1.4429853509356564e-13,-3.1723399171770125e-15,7.549516567451064e-15,7.549516567451064e-15,2.35550501444285e-14,7.549516567451064e-15,NaN,converged,47,47,1,0,0,0,6,1.9145473355119763e-14,1.12.6,lbt,1,1,Intel(R) Core(TM) 7 150U,NT,2abc7cc
degen-r20-m20-d1e-10-p3,100,AGD-SDAJ-BH,1e-7*n,1.0e-11,10,75,0.1110084,0.1097626,98.87774258524581,0.0,5.64e-5,0.0,0.0,0.0,0.0,0.0011893999999999913,0.48271165015101497,1.7394372381446437e-11,-3.736495490171661e-15,6.381895012452787e-12,6.381895012452787e-12,9.185807167837967e-12,6.381895012452787e-12,NaN,diag_feasible,0,0,14,14,0,0,10,1.9145473355119763e-14,1.12.6,lbt,1,1,Intel(R) Core(TM) 7 150U,NT,2abc7cc
degen-r20-m20-d1e-10-p3,100,AGD-SDAJ,1e-7*n,1.0e-11,10,78,0.1413998,0.13957540000000002,98.70975772242961,0.0,7.68e-5,0.0,0.0,0.0,0.0,0.0017475999999999761,0.4827116501500175,1.4806421548099335e-11,-3.069407804057566e-15,5.3079762807328734e-12,5.3079762807328734e-12,7.674965309926773e-12,5.3079762807328734e-12,NaN,diag_feasible_at_xpre,0,0,21,10,11,0,10,1.9145473355119763e-14,1.12.6,lbt,1,1,Intel(R) Core(TM) 7 150U,NT,2abc7cc
degen-r20-m20-d1e-10-p3,100,Dykstra-APM,1e-7*n,9.999999999999999e-6,66,66,0.1744585,0.1611383,92.36483175081753,0.0,0.0,0.0,0.0,0.0071757,0.0,0.006144499999999976,0.4827116501326659,1.871073102609624e-11,-4.303707361531871e-15,1.4857004515533845e-12,1.4857004515533845e-12,8.321463443095086e-12,1.4857004515533845e-12,NaN,diag_feasible,0,0,0,0,0,0,66,1.9145473355119763e-14,1.12.6,lbt,1,1,Intel(R) Core(TM) 7 150U,NT,2abc7cc
degen-r20-m20-d1e-10-p3,100,Anderson-APM,1e-7*n,9.999999999999999e-6,34,34,0.1122829,0.0820213,73.04879015415527,0.0,0.0,0.0,0.0,0.0,0.0269313,0.0033303000000000013,0.4827116501530134,2.0570608410513574e-11,-3.978518574195681e-15,2.255973186038318e-12,2.255973186038318e-12,9.731263265544774e-12,2.255973186038318e-12,NaN,diag_feasible,0,0,0,0,0,0,34,1.9145473355119763e-14,1.12.6,lbt,1,1,Intel(R) Core(TM) 7 150U,NT,2abc7cc
degen-r20-m20-d1e-10-p4,100,SBB-Dual,1e-7*n,1.0e-11,30,31,0.0839977,0.0829305,98.72948902172323,8.69e-5,4.29e-5,0.0001198,0.0,0.0,0.0,0.0008175999999999904,0.4812179845268769,6.53937139816333e-12,-3.425159687651371e-15,2.680744515259903e-12,0.0,6.491811146549287e-12,2.680744515259903e-12,100.0,diag_feasible,0,0,0,0,0,0,30,2.354484391947464e-14,1.12.6,lbt,1,1,Intel(R) Core(TM) 7 150U,NT,2abc7cc
degen-r20-m20-d1e-10-p4,100,Newton-SIN-BH,1e-7*n,9.999999999999999e-6,5,6,0.0330726,0.0226861,68.59484890815963,0.0,1.11e-5,0.0,0.0098697,0.0,0.0,0.0005056999999999996,0.4812179845268778,0.0,-3.431633892100386e-15,7.549516567451064e-15,7.549516567451064e-15,2.354484391947464e-14,7.549516567451064e-15,NaN,converged,35,35,0,0,0,0,5,2.354484391947464e-14,1.12.6,lbt,1,1,Intel(R) Core(TM) 7 150U,NT,2abc7cc
degen-r20-m20-d1e-10-p4,100,Newton-SIN,1e-7*n,9.999999999999999e-6,5,11,0.0185134,0.0150949,81.53499627296985,0.0,8.0e-6,0.0,0.003199,0.0,0.0,0.00021149999999999945,0.4812179845268778,0.0,-3.431633892100386e-15,7.549516567451064e-15,7.549516567451064e-15,2.354484391947464e-14,7.549516567451064e-15,NaN,converged,35,35,0,0,0,0,5,2.354484391947464e-14,1.12.6,lbt,1,1,Intel(R) Core(TM) 7 150U,NT,2abc7cc
degen-r20-m20-d1e-10-p4,100,AGD-SDAJ-BH,1e-7*n,1.0e-11,11,80,0.1344353,0.13292459999999998,98.8762624102449,0.0,6.85e-5,0.0,0.0,0.0,0.0,0.0014422000000000315,0.48121798452882597,4.182273317657544e-12,-3.3784986041018793e-15,9.9298347322474e-13,9.9298347322474e-13,2.142594623608955e-12,9.9298347322474e-13,NaN,diag_feasible,0,0,13,13,0,0,11,2.354484391947464e-14,1.12.6,lbt,1,1,Intel(R) Core(TM) 7 150U,NT,2abc7cc
degen-r20-m20-d1e-10-p4,100,AGD-SDAJ,1e-7*n,1.0e-11,10,87,0.2219451,0.219702,98.98934466226108,0.0,0.0001056,0.0,0.0,0.0,0.0,0.002137499999999998,0.4812179845289432,9.232691376900616e-12,-3.198182189780889e-15,2.2526425169644426e-12,2.2526425169644426e-12,5.504587156497483e-12,2.2526425169644426e-12,NaN,diag_feasible_at_xpre,0,0,28,10,18,0,10,2.354484391947464e-14,1.12.6,lbt,1,1,Intel(R) Core(TM) 7 150U,NT,2abc7cc
degen-r20-m20-d1e-10-p4,100,Dykstra-APM,1e-7*n,9.999999999999999e-6,72,72,0.2090698,0.1931296,92.37565635974205,0.0,0.0,0.0,0.0,0.0085401,0.0,0.007400099999999988,0.4812179845171893,1.879938136963038e-11,-3.1982287589647993e-15,4.18554080283684e-12,4.18554080283684e-12,8.50094332998479e-12,4.18554080283684e-12,NaN,diag_feasible,0,0,0,0,0,0,72,2.354484391947464e-14,1.12.6,lbt,1,1,Intel(R) Core(TM) 7 150U,NT,2abc7cc
degen-r20-m20-d1e-10-p4,100,Anderson-APM,1e-7*n,9.999999999999999e-6,34,34,0.0888661,0.0749748,84.36827991776391,0.0,0.0,0.0,0.0,0.0,0.0120207,0.0018706000000000087,0.48121798453312736,1.6895063167631603e-11,-3.8651418812177275e-15,2.5693891458899998e-12,2.5693891458899998e-12,8.755132793544151e-12,2.5693891458899998e-12,NaN,diag_feasible,0,0,0,0,0,0,34,2.354484391947464e-14,1.12.6,lbt,1,1,Intel(R) Core(TM) 7 150U,NT,2abc7cc
degen-r20-m20-d0-p0,100,SBB-Dual,1e-7*n,1.0e-11,26,27,0.0755855,0.07426400000000001,98.25164879507314,8.16e-5,3.8e-5,0.0001085,0.0,0.0,0.0,0.0010933999999999892,0.4818192177755268,1.0331061087834396e-11,-2.8380446321514736e-15,5.795364188543317e-12,0.0,9.967135857672452e-12,5.795364188543317e-12,100.0,diag_feasible,0,0,0,0,0,0,26,1.6412160774195557e-14,1.12.6,lbt,1,1,Intel(R) Core(TM) 7 150U,NT,2abc7cc
degen-r20-m20-d0-p0,100,Newton-SIN-BH,1e-7*n,9.999999999999999e-6,4,5,0.0211413,0.014393200000000002,68.08096001664988,0.0,8.6e-6,0.0,0.006327,0.0,0.0,0.0004124999999999962,0.4818192177755313,0.0,-3.585090111864675e-15,5.773159728050814e-15,5.773159728050814e-15,1.6412160774195557e-14,5.773159728050814e-15,NaN,converged,22,22,0,0,0,0,4,1.6412160774195557e-14,1.12.6,lbt,1,1,Intel(R) Core(TM) 7 150U,NT,2abc7cc
degen-r20-m20-d0-p0,100,Newton-SIN,1e-7*n,9.999999999999999e-6,4,9,0.0197698,0.0157516,79.67505993990835,0.0,9.2e-6,0.0,0.003772,0.0,0.0,0.00023699999999999936,0.4818192177755313,0.0,-3.585090111864675e-15,5.773159728050814e-15,5.773159728050814e-15,1.6412160774195557e-14,5.773159728050814e-15,NaN,converged,22,22,0,0,0,0,4,1.6412160774195557e-14,1.12.6,lbt,1,1,Intel(R) Core(TM) 7 150U,NT,2abc7cc
degen-r20-m20-d0-p0,100,AGD-SDAJ-BH,1e-7*n,1.0e-11,11,79,0.2039311,0.2017772,98.94380994365254,0.0,9.37e-5,0.0,0.0,0.0,0.0,0.002060200000000014,0.48181921778364994,1.7128636260414827e-11,-3.785583671993602e-15,4.747313653297169e-12,4.747313653297169e-12,8.668209348327067e-12,4.747313653297169e-12,NaN,diag_feasible,0,0,14,14,0,0,11,1.6412160774195557e-14,1.12.6,lbt,1,1,Intel(R) Core(TM) 7 150U,NT,2abc7cc
degen-r20-m20-d0-p0,100,AGD-SDAJ,1e-7*n,1.0e-11,11,91,0.2651556,0.2612564,98.52946722603635,0.0,0.0001656,0.0,0.0,0.0,0.0,0.0037335999999999914,0.4818192177837292,1.846608494266088e-11,-3.0799690253067415e-15,4.199862679854505e-12,4.199862679854505e-12,9.984019432518284e-12,4.199862679854505e-12,NaN,diag_feasible_at_xpre,0,0,26,20,6,0,11,1.6412160774195557e-14,1.12.6,lbt,1,1,Intel(R) Core(TM) 7 150U,NT,2abc7cc
degen-r20-m20-d0-p0,100,Dykstra-APM,1e-7*n,9.999999999999999e-6,66,66,0.2070751,0.1933059,93.35062496649766,0.0,0.0,0.0,0.0,0.0066536,0.0,0.007115600000000009,0.48181921777077835,1.485924868795614e-11,-2.3620572507693524e-15,4.120703778198731e-12,4.120703778198731e-12,8.120985528231975e-12,4.120703778198731e-12,NaN,diag_feasible,0,0,0,0,0,0,66,1.6412160774195557e-14,1.12.6,lbt,1,1,Intel(R) Core(TM) 7 150U,NT,2abc7cc
degen-r20-m20-d0-p0,100,Anderson-APM,1e-7*n,9.999999999999999e-6,34,34,0.1316907,0.0922727,70.0677420653091,0.0,0.0,0.0,0.0,0.0,0.0353612,0.004056799999999992,0.4818192177773144,4.879978614745464e-12,-3.1965979985219834e-15,5.493383525845275e-13,5.493383525845275e-13,2.5691755115429577e-12,5.493383525845275e-13,NaN,diag_feasible,0,0,0,0,0,0,34,1.6412160774195557e-14,1.12.6,lbt,1,1,Intel(R) Core(TM) 7 150U,NT,2abc7cc
degen-r20-m20-d0-p1,100,SBB-Dual,1e-7*n,1.0e-11,27,28,0.0719226,0.0700257,97.3625814417165,7.61e-5,4.8e-5,0.0002489,0.0,0.0,0.0,0.0015239000000000068,0.47716666458022544,5.493337488223139e-12,-3.464447369573457e-15,3.8327119256109654e-12,0.0,5.098827611458537e-12,3.8327119256109654e-12,100.0,diag_feasible,0,0,0,0,0,0,27,3.0372463630638606e-14,1.12.6,lbt,1,1,Intel(R) Core(TM) 7 150U,NT,2abc7cc
degen-r20-m20-d0-p1,100,Newton-SIN-BH,1e-7*n,9.999999999999999e-6,4,5,0.0203466,0.012838800000000001,63.100468874406545,0.0,1.26e-5,0.0,0.0070884,0.0,0.0,0.00040679999999999883,0.47716666458022566,0.0,-3.0751175971597728e-15,7.549516567451064e-15,7.549516567451064e-15,3.0372463630638606e-14,7.549516567451064e-15,NaN,converged,25,25,0,0,0,0,4,3.0372463630638606e-14,1.12.6,lbt,1,1,Intel(R) Core(TM) 7 150U,NT,2abc7cc
degen-r20-m20-d0-p1,100,Newton-SIN,1e-7*n,9.999999999999999e-6,4,9,0.0243814,0.0180574,74.06219495188955,0.0,8.2e-6,0.0,0.0060388,0.0,0.0,0.00027699999999999947,0.47716666458022566,0.0,-3.0751175971597728e-15,7.549516567451064e-15,7.549516567451064e-15,3.0372463630638606e-14,7.549516567451064e-15,NaN,converged,25,25,0,0,0,0,4,3.0372463630638606e-14,1.12.6,lbt,1,1,Intel(R) Core(TM) 7 150U,NT,2abc7cc
degen-r20-m20-d0-p1,100,AGD-SDAJ-BH,1e-7*n,1.0e-11,10,77,0.2032396,0.2009926,98.89440837317137,0.0,9.69e-5,0.0,0.0,0.0,0.0,0.002150099999999999,0.47716666458465395,1.121183122968786e-11,-3.4096359262796766e-15,3.5149660959632456e-12,3.5149660959632456e-12,6.274877753262741e-12,3.5149660959632456e-12,NaN,diag_feasible,0,0,18,18,0,0,10,3.0372463630638606e-14,1.12.6,lbt,1,1,Intel(R) Core(TM) 7 150U,NT,2abc7cc
degen-r20-m20-d0-p1,100,AGD-SDAJ,1e-7*n,1.0e-11,11,96,0.1894741,0.1872132,98.8067498407434,0.0,9.24e-5,0.0,0.0,0.0,0.0,0.0021685000000000103,0.47716666458465656,9.69365880592206e-12,-3.264681875952979e-15,1.2927436898735323e-12,1.2927436898735323e-12,4.839237000830627e-12,1.2927436898735323e-12,NaN,diag_feasible,0,0,29,24,5,0,11,3.0372463630638606e-14,1.12.6,lbt,1,1,Intel(R) Core(TM) 7 150U,NT,2abc7cc
degen-r20-m20-d0-p1,100,Dykstra-APM,1e-7*n,9.999999999999999e-6,67,67,0.1402072,0.1316404,93.88990009072288,0.0,0.0,0.0,0.0,0.0049445,0.0,0.003622300000000013,0.4771666645746201,1.3299495693285854e-11,-2.1042987522071142e-15,4.78617145915905e-12,4.78617145915905e-12,7.272759226303667e-12,4.78617145915905e-12,NaN,diag_feasible,0,0,0,0,0,0,67,3.0372463630638606e-14,1.12.6,lbt,1,1,Intel(R) Core(TM) 7 150U,NT,2abc7cc
degen-r20-m20-d0-p1,100,Anderson-APM,1e-7*n,9.999999999999999e-6,31,31,0.111633,0.0788175,70.60412243691383,0.0,0.0,0.0,0.0,0.0,0.0285191,0.004296399999999999,0.47716666458890217,1.6216336217729206e-11,-3.818357529580912e-15,1.319611087069461e-12,1.319611087069461e-12,7.347725253123427e-12,1.319611087069461e-12,NaN,diag_feasible,0,0,0,0,0,0,31,3.0372463630638606e-14,1.12.6,lbt,1,1,Intel(R) Core(TM) 7 150U,NT,2abc7cc
degen-r20-m20-d0-p2,100,SBB-Dual,1e-7*n,1.0e-11,29,30,0.0758602,0.0746941,98.46283031154677,7.62e-5,3.32e-5,0.0003401,0.0,0.0,0.0,0.0007166000000000032,0.478691984039125,4.742118334679525e-12,-2.3457450519721132e-15,3.704592188569222e-12,0.0,4.612759777278447e-12,3.704592188569222e-12,100.0,diag_feasible,0,0,0,0,0,0,29,2.7073284147201584e-14,1.12.6,lbt,1,1,Intel(R) Core(TM) 7 150U,NT,2abc7cc
degen-r20-m20-d0-p2,100,Newton-SIN-BH,1e-7*n,9.999999999999999e-6,4,5,0.0180401,0.0126164,69.93531077987372,0.0,8.5e-6,0.0,0.0050503,0.0,0.0,0.00036490000000000047,0.47869198403912827,0.0,-3.0300745638110777e-15,9.992007221626409e-15,9.992007221626409e-15,2.7073284147201584e-14,9.992007221626409e-15,NaN,converged,22,22,0,0,0,0,4,2.7073284147201584e-14,1.12.6,lbt,1,1,Intel(R) Core(TM) 7 150U,NT,2abc7cc
degen-r20-m20-d0-p2,100,Newton-SIN,1e-7*n,9.999999999999999e-6,4,9,0.026695,0.0213722,80.06068552163327,0.0,8.3e-6,0.0,0.0050461,0.0,0.0,0.0002683999999999985,0.47869198403912827,0.0,-3.0300745638110777e-15,9.992007221626409e-15,9.992007221626409e-15,2.7073284147201584e-14,9.992007221626409e-15,NaN,converged,22,22,0,0,0,0,4,2.7073284147201584e-14,1.12.6,lbt,1,1,Intel(R) Core(TM) 7 150U,NT,2abc7cc
degen-r20-m20-d0-p2,100,AGD-SDAJ-BH,1e-7*n,1.0e-11,10,79,0.2305694,0.2273727,98.61356277112228,0.0,0.0001181,0.0,0.0,0.0,0.0,0.003078599999999997,0.4786919840435257,9.962897844576204e-12,-3.429497754705481e-15,2.177591440499782e-12,2.177591440499782e-12,5.466993675282048e-12,2.177591440499782e-12,NaN,diag_feasible,0,0,20,20,0,0,10,2.7073284147201584e-14,1.12.6,lbt,1,1,Intel(R) Core(TM) 7 150U,NT,2abc7cc
degen-r20-m20-d0-p2,100,AGD-SDAJ,1e-7*n,1.0e-11,11,86,0.2684323,0.2652458,98.81292228990324,0.0,0.0001492,0.0,0.0,0.0,0.0,0.0030373000000000366,0.478691984043387,8.218799925711002e-12,-2.8360653116094825e-15,1.4701573292086323e-12,1.4701573292086323e-12,3.969410698016622e-12,1.4701573292086323e-12,NaN,diag_feasible_at_xpre,0,0,23,16,7,0,11,2.7073284147201584e-14,1.12.6,lbt,1,1,Intel(R) Core(TM) 7 150U,NT,2abc7cc
degen-r20-m20-d0-p2,100,Dykstra-APM,1e-7*n,9.999999999999999e-6,70,70,0.2078228,0.1939204,93.31045486828201,0.0,0.0,0.0,0.0,0.0065047,0.0,0.007397700000000009,0.47869198403372926,1.557335497984753e-11,-2.6123154554076934e-15,6.298295218698513e-12,6.298295218698513e-12,8.326197184794826e-12,6.298295218698513e-12,NaN,diag_feasible,0,0,0,0,0,0,70,2.7073284147201584e-14,1.12.6,lbt,1,1,Intel(R) Core(TM) 7 150U,NT,2abc7cc
degen-r20-m20-d0-p2,100,Anderson-APM,1e-7*n,9.999999999999999e-6,41,41,0.1235737,0.0921709,74.58779659425915,0.0,0.0,0.0,0.0,0.0,0.0276772,0.0037255999999999956,0.47869198404660673,1.7728378140472077e-11,-2.949505555021249e-15,2.4130697440227777e-12,2.4130697440227777e-12,8.756989218004472e-12,2.4130697440227777e-12,NaN,diag_feasible,0,0,0,0,0,0,41,2.7073284147201584e-14,1.12.6,lbt,1,1,Intel(R) Core(TM) 7 150U,NT,2abc7cc
degen-r20-m20-d0-p3,100,SBB-Dual,1e-7*n,1.0e-11,24,25,0.0733242,0.07234890000000001,98.66987979411982,0.0001265,3.73e-5,0.0001189,0.0,0.0,0.0,0.0006925999999999984,0.4827116503768684,4.872965063660309e-12,-2.87624206836912e-15,2.0474733020137137e-12,0.0,4.2355100088243006e-12,2.0474733020137137e-12,100.0,diag_feasible,0,0,0,0,0,0,24,2.3909265679837677e-14,1.12.6,lbt,1,1,Intel(R) Core(TM) 7 150U,NT,2abc7cc
degen-r20-m20-d0-p3,100,Newton-SIN-BH,1e-7*n,9.999999999999999e-6,4,5,0.0225246,0.0156256,69.37126519449846,0.0,1.47e-5,0.0,0.0063884,0.0,0.0,0.0004958999999999988,0.48271165037687225,0.0,-2.8935140366819367e-15,5.995204332975845e-15,5.995204332975845e-15,2.3909265679837677e-14,5.995204332975845e-15,NaN,converged,23,23,0,0,0,0,4,2.3909265679837677e-14,1.12.6,lbt,1,1,Intel(R) Core(TM) 7 150U,NT,2abc7cc
degen-r20-m20-d0-p3,100,Newton-SIN,1e-7*n,9.999999999999999e-6,4,9,0.0216145,0.017051300000000002,78.88824631613039,0.0,8.3e-6,0.0,0.0043047,0.0,0.0,0.00025019999999999643,0.48271165037687225,0.0,-2.8935140366819367e-15,5.995204332975845e-15,5.995204332975845e-15,2.3909265679837677e-14,5.995204332975845e-15,NaN,converged,23,23,0,0,0,0,4,2.3909265679837677e-14,1.12.6,lbt,1,1,Intel(R) Core(TM) 7 150U,NT,2abc7cc
degen-r20-m20-d0-p3,100,AGD-SDAJ-BH,1e-7*n,1.0e-11,9,72,0.2195951,0.21682869999999999,98.74022689941624,0.0,0.0001254,0.0,0.0,0.0,0.0,0.0026410000000000023,0.48271165038309055,1.347919521008555e-11,-3.734870498258666e-15,5.134781488891349e-12,5.134781488891349e-12,7.199341776580678e-12,5.134781488891349e-12,NaN,diag_feasible,0,0,17,17,0,0,9,2.3909265679837677e-14,1.12.6,lbt,1,1,Intel(R) Core(TM) 7 150U,NT,2abc7cc
degen-r20-m20-d0-p3,100,AGD-SDAJ,1e-7*n,1.0e-11,10,81,0.2448256,0.2404621,98.21771089297852,0.0,0.0001185,0.0,0.0,0.0,0.0,0.004244999999999993,0.4827116503841983,1.6606144835535423e-11,-2.7679583713465158e-15,7.203015961465553e-12,7.203015961465553e-12,9.19049716641389e-12,7.203015961465553e-12,NaN,diag_feasible,0,0,22,17,5,0,10,2.3909265679837677e-14,1.12.6,lbt,1,1,Intel(R) Core(TM) 7 150U,NT,2abc7cc
degen-r20-m20-d0-p3,100,Dykstra-APM,1e-7*n,9.999999999999999e-6,61,61,0.175322,0.1641924,93.65190905876044,0.0,0.0,0.0,0.0,0.0053295,0.0,0.005800100000000017,0.48271165037048375,1.3987874837747866e-11,-3.3362086257583013e-15,3.5362823780360486e-12,3.5362823780360486e-12,7.972987326006681e-12,3.5362823780360486e-12,NaN,diag_feasible,0,0,0,0,0,0,61,2.3909265679837677e-14,1.12.6,lbt,1,1,Intel(R) Core(TM) 7 150U,NT,2abc7cc
degen-r20-m20-d0-p3,100,Anderson-APM,1e-7*n,9.999999999999999e-6,34,34,0.0953172,0.0723157,75.86846864993936,0.0,0.0,0.0,0.0,0.0,0.0203539,0.002647600000000007,0.48271165038732405,2.114283933410301e-11,-4.138984161223607e-15,2.2778445796234337e-12,2.2778445796234337e-12,9.970994183643606e-12,2.2778445796234337e-12,NaN,diag_feasible,0,0,0,0,0,0,34,2.3909265679837677e-14,1.12.6,lbt,1,1,Intel(R) Core(TM) 7 150U,NT,2abc7cc
degen-r20-m20-d0-p4,100,SBB-Dual,1e-7*n,1.0e-11,28,29,0.1013353,0.0989002,97.59698742688875,0.0002317,4.91e-5,0.0001284,0.0,0.0,0.0,0.0020259000000000097,0.4812179847588661,8.306697638869168e-12,-2.4944445761301682e-15,8.831602116288195e-12,0.0,9.198758665852558e-12,8.831602116288195e-12,100.0,diag_feasible,0,0,0,0,0,0,28,2.202834683593108e-14,1.12.6,lbt,1,1,Intel(R) Core(TM) 7 150U,NT,2abc7cc
degen-r20-m20-d0-p4,100,Newton-SIN-BH,1e-7*n,9.999999999999999e-6,4,5,0.0203466,0.0138648,68.14308041638407,0.0,1.31e-5,0.0,0.0059606,0.0,0.0,0.0005080999999999992,0.4812179847588685,0.0,-3.885292907572332e-15,7.771561172376096e-15,7.771561172376096e-15,2.202834683593108e-14,7.771561172376096e-15,NaN,converged,23,23,0,0,0,0,4,2.202834683593108e-14,1.12.6,lbt,1,1,Intel(R) Core(TM) 7 150U,NT,2abc7cc
degen-r20-m20-d0-p4,100,Newton-SIN,1e-7*n,9.999999999999999e-6,4,9,0.0300078,0.0245219,81.7184198774985,0.0,8.9e-6,0.0,0.0052225,0.0,0.0,0.0002545000000000021,0.4812179847588685,0.0,-3.885292907572332e-15,7.771561172376096e-15,7.771561172376096e-15,2.202834683593108e-14,7.771561172376096e-15,NaN,converged,23,23,0,0,0,0,4,2.202834683593108e-14,1.12.6,lbt,1,1,Intel(R) Core(TM) 7 150U,NT,2abc7cc
degen-r20-m20-d0-p4,100,AGD-SDAJ-BH,1e-7*n,1.0e-11,11,79,0.21991,0.2170651,98.70633440953118,0.0,0.0001203,0.0,0.0,0.0,0.0,0.0027245999999999837,0.481217984764418,1.1342845518098934e-11,-3.845332049407719e-15,3.879563337250147e-12,3.879563337250147e-12,5.819573229796324e-12,3.879563337250147e-12,NaN,diag_feasible_at_xpre,0,0,16,16,0,0,11,2.202834683593108e-14,1.12.6,lbt,1,1,Intel(R) Core(TM) 7 150U,NT,2abc7cc
degen-r20-m20-d0-p4,100,AGD-SDAJ,1e-7*n,1.0e-11,12,153,0.4470855,0.4429268,99.06981997850524,0.0,0.0001893,0.0,0.0,0.0,0.0,0.003969400000000015,0.4812179847642983,1.1581880442032787e-11,-3.707390593213364e-15,1.908695423935569e-12,1.908695423935569e-12,5.828073610020064e-12,1.908695423935569e-12,NaN,diag_feasible,0,0,82,16,66,0,12,2.202834683593108e-14,1.12.6,lbt,1,1,Intel(R) Core(TM) 7 150U,NT,2abc7cc
degen-r20-m20-d0-p4,100,Dykstra-APM,1e-7*n,9.999999999999999e-6,69,69,0.2245569,0.2061249,91.79183538782375,0.0,0.0,0.0,0.0,0.0112706,0.0,0.0071614000000000035,0.4812179847547434,1.7232363891706887e-11,-1.968176489878617e-15,8.495870673641548e-12,8.495870673641548e-12,9.159316968820644e-12,8.495870673641548e-12,NaN,diag_feasible,0,0,0,0,0,0,69,2.202834683593108e-14,1.12.6,lbt,1,1,Intel(R) Core(TM) 7 150U,NT,2abc7cc
degen-r20-m20-d0-p4,100,Anderson-APM,1e-7*n,9.999999999999999e-6,35,35,0.1346135,0.0958315,71.19011094726754,0.0,0.0,0.0,0.0,0.0,0.034714,0.004067999999999995,0.4812179847653058,1.4557023068372452e-11,-3.601148633126946e-15,2.399747067727276e-12,2.399747067727276e-12,7.136418001222919e-12,2.399747067727276e-12,NaN,diag_feasible,0,0,0,0,0,0,35,2.202834683593108e-14,1.12.6,lbt,1,1,Intel(R) Core(TM) 7 150U,NT,2abc7cc
degen-r50-m1-d0.01-p0,100,SBB-Dual,1e-7*n,1.0e-11,14,15,0.0374487,0.0368626,98.43492564494896,4.08e-5,2.13e-5,0.0001198,0.0,0.0,0.0,0.0004041999999999991,0.49665854538145826,1.6470073773606256e-12,-1.5730183607940046e-15,5.404565683875262e-13,0.0,1.7036036710382096e-12,5.404565683875262e-13,7.6923076923076925,diag_feasible,0,0,0,0,0,0,14,7.572380295906598e-14,1.12.6,lbt,1,1,Intel(R) Core(TM) 7 150U,NT,2abc7cc
degen-r50-m1-d0.01-p0,100,Newton-SIN-BH,1e-7*n,9.999999999999999e-6,4,5,0.0159074,0.0105437,66.28173051535764,0.0,9.2e-6,0.0,0.0049455,0.0,0.0,0.0004089999999999988,0.4966585453814602,0.0,-1.472768964610645e-15,2.020605904817785e-14,2.020605904817785e-14,7.572380295906598e-14,2.020605904817785e-14,NaN,converged,19,19,0,0,0,0,4,7.572380295906598e-14,1.12.6,lbt,1,1,Intel(R) Core(TM) 7 150U,NT,2abc7cc
degen-r50-m1-d0.01-p0,100,Newton-SIN,1e-7*n,9.999999999999999e-6,4,9,0.0161402,0.013274600000000001,82.24557316514046,0.0,8.3e-6,0.0,0.0026238,0.0,0.0,0.00023349999999999933,0.4966585453814602,0.0,-1.472768964610645e-15,2.020605904817785e-14,2.020605904817785e-14,7.572380295906598e-14,2.020605904817785e-14,NaN,converged,19,19,0,0,0,0,4,7.572380295906598e-14,1.12.6,lbt,1,1,Intel(R) Core(TM) 7 150U,NT,2abc7cc
degen-r50-m1-d0.01-p0,100,AGD-SDAJ-BH,1e-7*n,1.0e-11,8,61,0.1639231,0.161461,98.4980152278721,0.0,9.44e-5,0.0,0.0,0.0,0.0,0.0023676999999999947,0.4966585453799018,3.575760597751242e-12,-1.9312789369041567e-15,2.1229684676882243e-12,2.1229684676882243e-12,2.985288358745305e-12,2.1229684676882243e-12,NaN,diag_feasible,0,0,14,14,0,0,8,7.572380295906598e-14,1.12.6,lbt,1,1,Intel(R) Core(TM) 7 150U,NT,2abc7cc
degen-r50-m1-d0.01-p0,100,AGD-SDAJ,1e-7*n,1.0e-11,7,58,0.1366573,0.13497309999999998,98.7675740703204,0.0,7.1e-5,0.0,0.0,0.0,0.0,0.0016132000000000245,0.4966585453759228,1.2053557930557021e-11,-1.5526776627450177e-15,3.886224675397898e-12,3.886224675397898e-12,9.714170443022203e-12,3.886224675397898e-12,NaN,diag_feasible_at_xpre,0,0,17,12,5,0,7,7.572380295906598e-14,1.12.6,lbt,1,1,Intel(R) Core(TM) 7 150U,NT,2abc7cc
degen-r50-m1-d0.01-p0,100,Dykstra-APM,1e-7*n,9.999999999999999e-6,37,37,0.1325006,0.1128939,85.2025575733242,0.0,0.0,0.0,0.0,0.0115222,0.0,0.008084499999999991,0.49665854537317744,1.226960504939099e-11,-1.421834937977361e-15,2.242206420532966e-12,2.242206420532966e-12,8.572710561287784e-12,2.242206420532966e-12,NaN,diag_feasible,0,0,0,0,0,0,37,7.572380295906598e-14,1.12.6,lbt,1,1,Intel(R) Core(TM) 7 150U,NT,2abc7cc
degen-r50-m1-d0.01-p0,100,Anderson-APM,1e-7*n,9.999999999999999e-6,18,18,0.048626,0.0366331,75.33644552297125,0.0,0.0,0.0,0.0,0.0,0.0102848,0.0017081000000000006,0.49665854538357795,3.180322554397529e-12,-1.414068943175259e-15,4.2721381987576024e-13,4.2721381987576024e-13,2.2530315812430857e-12,4.2721381987576024e-13,NaN,diag_feasible,0,0,0,0,0,0,18,7.572380295906598e-14,1.12.6,lbt,1,1,Intel(R) Core(TM) 7 150U,NT,2abc7cc
degen-r50-m1-d0.01-p1,100,SBB-Dual,1e-7*n,1.0e-11,13,14,0.0358398,0.0348562,97.25556504221562,3.54e-5,2.26e-5,0.000542,0.0,0.0,0.0,0.0003836000000000012,0.4968406577164225,5.373888327331948e-12,-1.5980956232709132e-15,3.161915174132446e-12,0.0,6.380156985983429e-12,3.161915174132446e-12,16.666666666666668,diag_feasible,0,0,0,0,0,0,13,2.6997145157701295e-14,1.12.6,lbt,1,1,Intel(R) Core(TM) 7 150U,NT,2abc7cc
degen-r50-m1-d0.01-p1,100,Newton-SIN-BH,1e-7*n,9.999999999999999e-6,4,5,0.0205144,0.0133975,65.30778380064736,0.0,9.5e-6,0.0,0.0066131,0.0,0.0,0.0004942999999999987,0.49684065771642566,0.0,-1.6650702836431658e-15,7.327471962526033e-15,7.327471962526033e-15,2.6997145157701295e-14,7.327471962526033e-15,NaN,converged,19,19,0,0,0,0,4,2.6997145157701295e-14,1.12.6,lbt,1,1,Intel(R) Core(TM) 7 150U,NT,2abc7cc
degen-r50-m1-d0.01-p1,100,Newton-SIN,1e-7*n,9.999999999999999e-6,4,9,0.0348232,0.0254774,73.1621447770452,0.0,1.14e-5,0.0,0.0089805,0.0,0.0,0.00035389999999999727,0.49684065771642566,0.0,-1.6650702836431658e-15,7.327471962526033e-15,7.327471962526033e-15,2.6997145157701295e-14,7.327471962526033e-15,NaN,converged,19,19,0,0,0,0,4,2.6997145157701295e-14,1.12.6,lbt,1,1,Intel(R) Core(TM) 7 150U,NT,2abc7cc
degen-r50-m1-d0.01-p1,100,AGD-SDAJ-BH,1e-7*n,1.0e-11,7,51,0.1435477,0.14191289999999998,98.86114511064962,0.0,7.88e-5,0.0,0.0,0.0,0.0,0.0015560000000000196,0.49684065771402913,4.4307349123772065e-12,-1.6331203763159885e-15,8.824052599720744e-13,8.824052599720744e-13,3.471098616853742e-12,8.824052599720744e-13,NaN,diag_feasible,0,0,8,8,0,0,7,2.6997145157701295e-14,1.12.6,lbt,1,1,Intel(R) Core(TM) 7 150U,NT,2abc7cc
degen-r50-m1-d0.01-p1,100,AGD-SDAJ,1e-7*n,1.0e-11,8,55,0.1532956,0.1511853,98.62337862273934,0.0,0.0001038,0.0,0.0,0.0,0.0,0.0020065000000000096,0.4968406577134259,5.519005710166747e-12,-1.8665925980801584e-15,1.1541878564003127e-12,1.1541878564003127e-12,4.322005342165792e-12,1.1541878564003127e-12,NaN,diag_feasible_at_xpre,0,0,10,6,4,0,8,2.6997145157701295e-14,1.12.6,lbt,1,1,Intel(R) Core(TM) 7 150U,NT,2abc7cc
degen-r50-m1-d0.01-p1,100,Dykstra-APM,1e-7*n,9.999999999999999e-6,37,37,0.0963984,0.0899718,93.3332918388687,0.0,0.0,0.0,0.0,0.0029081,0.0,0.003518499999999991,0.4968406577093414,1.0356970737661232e-11,-1.5392727917555951e-15,1.7346124536743446e-12,1.7346124536743446e-12,7.2530635578160395e-12,1.7346124536743446e-12,NaN,diag_feasible,0,0,0,0,0,0,37,2.6997145157701295e-14,1.12.6,lbt,1,1,Intel(R) Core(TM) 7 150U,NT,2abc7cc
degen-r50-m1-d0.01-p1,100,Anderson-APM,1e-7*n,9.999999999999999e-6,18,18,0.0329782,0.0273765,83.01393041463756,0.0,0.0,0.0,0.0,0.0,0.0045625,0.001039199999999998,0.4968406577188958,3.8647221601141794e-12,-1.4193722677622866e-15,5.724309914967307e-13,5.724309914967307e-13,2.7693849388335667e-12,5.724309914967307e-13,NaN,diag_feasible,0,0,0,0,0,0,18,2.6997145157701295e-14,1.12.6,lbt,1,1,Intel(R) Core(TM) 7 150U,NT,2abc7cc
degen-r50-m1-d0.01-p2,100,SBB-Dual,1e-7*n,1.0e-11,14,15,0.0372503,0.0366559,98.40430815322293,6.53e-5,2.16e-5,0.0001134,0.0,0.0,0.0,0.0003941000000000019,0.4962028172821058,2.2761823657080635e-12,-1.5195119859896267e-15,5.666578317686799e-13,0.0,2.408574982860633e-12,5.666578317686799e-13,15.384615384615385,diag_feasible,0,0,0,0,0,0,14,2.3420180361420892e-14,1.12.6,lbt,1,1,Intel(R) Core(TM) 7 150U,NT,2abc7cc
degen-r50-m1-d0.01-p2,100,Newton-SIN-BH,1e-7*n,9.999999999999999e-6,4,5,0.009705,0.0061683,63.557959814528594,0.0,7.0e-6,0.0,0.0032169,0.0,0.0,0.00031280000000000023,0.49620281728210486,0.0,-1.4412104288695218e-15,7.993605777301127e-15,7.993605777301127e-15,2.3420180361420892e-14,7.993605777301127e-15,NaN,converged,18,18,0,0,0,0,4,2.3420180361420892e-14,1.12.6,lbt,1,1,Intel(R) Core(TM) 7 150U,NT,2abc7cc
degen-r50-m1-d0.01-p2,100,Newton-SIN,1e-7*n,9.999999999999999e-6,4,9,0.0177197,0.0136419,76.98719504280545,0.0,8.4e-6,0.0,0.0038362,0.0,0.0,0.00023320000000000068,0.49620281728210486,0.0,-1.4412104288695218e-15,7.993605777301127e-15,7.993605777301127e-15,2.3420180361420892e-14,7.993605777301127e-15,NaN,converged,18,18,0,0,0,0,4,2.3420180361420892e-14,1.12.6,lbt,1,1,Intel(R) Core(TM) 7 150U,NT,2abc7cc
degen-r50-m1-d0.01-p2,100,AGD-SDAJ-BH,1e-7*n,1.0e-11,7,44,0.0943075,0.0931452,98.76754234816954,0.0,5.07e-5,0.0,0.0,0.0,0.0,0.001111600000000005,0.496202817279404,5.476422743320883e-12,-1.4802411192888486e-15,3.0162539133016253e-12,3.0162539133016253e-12,4.4987020477462044e-12,3.0162539133016253e-12,NaN,diag_feasible,0,0,3,3,0,0,7,2.3420180361420892e-14,1.12.6,lbt,1,1,Intel(R) Core(TM) 7 150U,NT,2abc7cc
degen-r50-m1-d0.01-p2,100,AGD-SDAJ,1e-7*n,1.0e-11,7,44,0.0903199,0.0885933,98.08835040782817,0.0,0.0005174,0.0,0.0,0.0,0.0,0.001209199999999995,0.496202817279404,5.476422743320883e-12,-1.4802411192888486e-15,3.0162539133016253e-12,3.0162539133016253e-12,4.4987020477462044e-12,3.0162539133016253e-12,NaN,diag_feasible,0,0,3,3,0,0,7,2.3420180361420892e-14,1.12.6,lbt,1,1,Intel(R) Core(TM) 7 150U,NT,2abc7cc
degen-r50-m1-d0.01-p2,100,Dykstra-APM,1e-7*n,9.999999999999999e-6,37,37,0.0511831,0.0480562,93.89075690999569,0.0,0.0,0.0,0.0,0.0020497,0.0,0.0010772000000000021,0.49620281727383675,1.2060725611544968e-11,-1.4152099428671041e-15,1.6198153929281034e-12,1.6198153929281034e-12,8.433595474415273e-12,1.6198153929281034e-12,NaN,diag_feasible,0,0,0,0,0,0,37,2.3420180361420892e-14,1.12.6,lbt,1,1,Intel(R) Core(TM) 7 150U,NT,2abc7cc
degen-r50-m1-d0.01-p2,100,Anderson-APM,1e-7*n,9.999999999999999e-6,17,17,0.051574,0.0385473,74.74173032923566,0.0,0.0,0.0,0.0,0.0,0.01114,0.0018867000000000016,0.49620281728436033,1.0351805592441122e-11,-1.3211526397176954e-15,6.255662654552907e-12,6.255662654552907e-12,8.127798694605442e-12,6.255662654552907e-12,NaN,diag_feasible,0,0,0,0,0,0,17,2.3420180361420892e-14,1.12.6,lbt,1,1,Intel(R) Core(TM) 7 150U,NT,2abc7cc
degen-r50-m1-d0.01-p3,100,SBB-Dual,1e-7*n,1.0e-11,14,15,0.0366233,0.0360254,98.3674327545579,4.1e-5,1.89e-5,0.0001128,0.0,0.0,0.0,0.0004251999999999984,0.496350125854308,1.8880028916882397e-12,-1.6144732088035467e-15,4.4075854077618715e-13,0.0,2.0202033539715584e-12,4.4075854077618715e-13,23.076923076923077,diag_feasible,0,0,0,0,0,0,14,1.7706578043732106e-14,1.12.6,lbt,1,1,Intel(R) Core(TM) 7 150U,NT,2abc7cc
degen-r50-m1-d0.01-p3,100,Newton-SIN-BH,1e-7*n,9.999999999999999e-6,4,5,0.0126824,0.0084002,66.2350974578944,0.0,8.2e-6,0.0,0.0038961,0.0,0.0,0.0003779,0.4963501258543122,0.0,-1.4335287244501147e-15,5.995204332975845e-15,5.995204332975845e-15,1.7706578043732106e-14,5.995204332975845e-15,NaN,converged,19,19,0,0,0,0,4,1.7706578043732106e-14,1.12.6,lbt,1,1,Intel(R) Core(TM) 7 150U,NT,2abc7cc
degen-r50-m1-d0.01-p3,100,Newton-SIN,1e-7*n,9.999999999999999e-6,4,9,0.0252245,0.0189687,75.19950841443834,0.0,8.8e-6,0.0,0.0059761,0.0,0.0,0.00027089999999999927,0.4963501258543122,0.0,-1.4335287244501147e-15,5.995204332975845e-15,5.995204332975845e-15,1.7706578043732106e-14,5.995204332975845e-15,NaN,converged,19,19,0,0,0,0,4,1.7706578043732106e-14,1.12.6,lbt,1,1,Intel(R) Core(TM) 7 150U,NT,2abc7cc
degen-r50-m1-d0.01-p3,100,AGD-SDAJ-BH,1e-7*n,1.0e-11,7,43,0.1088497,0.107326,98.60017988106536,0.0,6.24e-5,0.0,0.0,0.0,0.0,0.001461299999999989,0.49635012584891436,1.1147482048733655e-11,-1.4435369945463578e-15,5.363376409661669e-12,5.363376409661669e-12,9.116968297018227e-12,5.363376409661669e-12,NaN,diag_feasible_at_xpre,0,0,4,4,0,0,7,1.7706578043732106e-14,1.12.6,lbt,1,1,Intel(R) Core(TM) 7 150U,NT,2abc7cc
degen-r50-m1-d0.01-p3,100,AGD-SDAJ,1e-7*n,1.0e-11,7,43,0.1102654,0.10884519999999999,98.71201664348017,0.0,5.45e-5,0.0,0.0,0.0,0.0,0.0013657000000000103,0.49635012584891436,1.1147482048733655e-11,-1.4435369945463578e-15,5.363376409661669e-12,5.363376409661669e-12,9.116968297018227e-12,5.363376409661669e-12,NaN,diag_feasible_at_xpre,0,0,4,4,0,0,7,1.7706578043732106e-14,1.12.6,lbt,1,1,Intel(R) Core(TM) 7 150U,NT,2abc7cc
degen-r50-m1-d0.01-p3,100,Dykstra-APM,1e-7*n,9.999999999999999e-6,37,37,0.1011254,0.0933729,92.33377568840271,0.0,0.0,0.0,0.0,0.0038041,0.0,0.00394840000000001,0.49635012584628535,1.1723719510264217e-11,-1.5852281878758639e-15,1.716404796070492e-12,1.716404796070492e-12,8.198528423657732e-12,1.716404796070492e-12,NaN,diag_feasible,0,0,0,0,0,0,37,1.7706578043732106e-14,1.12.6,lbt,1,1,Intel(R) Core(TM) 7 150U,NT,2abc7cc
degen-r50-m1-d0.01-p3,100,Anderson-APM,1e-7*n,9.999999999999999e-6,18,18,0.0727883,0.0539858,74.16823857680424,0.0,0.0,0.0,0.0,0.0,0.0162077,0.0025948000000000013,0.49635012585669,3.641443082964119e-12,-1.511034825706642e-15,5.023759186428833e-13,5.023759186428833e-13,2.5962924227204447e-12,5.023759186428833e-13,NaN,diag_feasible,0,0,0,0,0,0,18,1.7706578043732106e-14,1.12.6,lbt,1,1,Intel(R) Core(TM) 7 150U,NT,2abc7cc
degen-r50-m1-d0.01-p4,100,SBB-Dual,1e-7*n,1.0e-11,14,15,0.037562,0.0369094,98.26260582503595,5.04e-5,2.66e-5,0.0001186,0.0,0.0,0.0,0.0004569999999999962,0.49598057813765195,2.603374092342577e-12,-1.5926339769481512e-15,5.282441151166495e-13,0.0,2.639451225925799e-12,5.282441151166495e-13,23.076923076923077,diag_feasible,0,0,0,0,0,0,14,1.7261022656281432e-14,1.12.6,lbt,1,1,Intel(R) Core(TM) 7 150U,NT,2abc7cc
degen-r50-m1-d0.01-p4,100,Newton-SIN-BH,1e-7*n,9.999999999999999e-6,4,5,0.0182697,0.0113014,61.85870594481573,0.0,9.1e-6,0.0,0.006581,0.0,0.0,0.0003782000000000004,0.49598057813765445,0.0,-1.6895804724412575e-15,5.10702591327572e-15,5.10702591327572e-15,1.7261022656281432e-14,5.10702591327572e-15,NaN,converged,18,18,0,0,0,0,4,1.7261022656281432e-14,1.12.6,lbt,1,1,Intel(R) Core(TM) 7 150U,NT,2abc7cc
degen-r50-m1-d0.01-p4,100,Newton-SIN,1e-7*n,9.999999999999999e-6,4,9,0.0281378,0.0209635,74.5029817540817,0.0,9.7e-6,0.0,0.0068975,0.0,0.0,0.0002671000000000019,0.49598057813765445,0.0,-1.6895804724412575e-15,5.10702591327572e-15,5.10702591327572e-15,1.7261022656281432e-14,5.10702591327572e-15,NaN,converged,18,18,0,0,0,0,4,1.7261022656281432e-14,1.12.6,lbt,1,1,Intel(R) Core(TM) 7 150U,NT,2abc7cc
degen-r50-m1-d0.01-p4,100,AGD-SDAJ-BH,1e-7*n,1.0e-11,7,46,0.123408,0.1219642,98.83005963956955,0.0,6.17e-5,0.0,0.0,0.0,0.0,0.001382100000000009,0.49598057813556456,3.629556185961683e-12,-1.3786488747793055e-15,9.134915046615788e-13,9.134915046615788e-13,2.7796684730454776e-12,9.134915046615788e-13,NaN,diag_feasible,0,0,5,5,0,0,7,1.7261022656281432e-14,1.12.6,lbt,1,1,Intel(R) Core(TM) 7 150U,NT,2abc7cc
degen-r50-m1-d0.01-p4,100,AGD-SDAJ,1e-7*n,1.0e-11,7,51,0.1093553,0.107678,98.46619231075219,0.0,6.93e-5,0.0,0.0,0.0,0.0,0.0016080000000000066,0.49598057813556656,3.6333039710719795e-12,-1.9105456763839257e-15,9.147127499886665e-13,9.147127499886665e-13,2.782605605691684e-12,9.147127499886665e-13,NaN,diag_feasible_at_xpre,0,0,12,5,7,0,7,1.7261022656281432e-14,1.12.6,lbt,1,1,Intel(R) Core(TM) 7 150U,NT,2abc7cc
degen-r50-m1-d0.01-p4,100,Dykstra-APM,1e-7*n,9.999999999999999e-6,37,37,0.0960389,0.0868215,90.40243068173417,0.0,0.0,0.0,0.0,0.0044083,0.0,0.0048091,0.49598057812864155,1.3166670800240363e-11,-1.7401752681746041e-15,1.6846524175662125e-12,1.6846524175662125e-12,9.197059825944292e-12,1.6846524175662125e-12,NaN,diag_feasible,0,0,0,0,0,0,37,1.7261022656281432e-14,1.12.6,lbt,1,1,Intel(R) Core(TM) 7 150U,NT,2abc7cc
degen-r50-m1-d0.01-p4,100,Anderson-APM,1e-7*n,9.999999999999999e-6,17,17,0.0637763,0.0429541,67.35119472280456,0.0,0.0,0.0,0.0,0.0,0.0177153,0.0031068999999999923,0.49598057814054464,8.696838563948661e-12,-1.6304019051500726e-15,3.757660849146305e-12,3.757660849146305e-12,6.7794674238906136e-12,3.757660849146305e-12,NaN,diag_feasible,0,0,0,0,0,0,17,1.7261022656281432e-14,1.12.6,lbt,1,1,Intel(R) Core(TM) 7 150U,NT,2abc7cc
degen-r50-m1-d0.0001-p0,100,SBB-Dual,1e-7*n,1.0e-11,14,15,0.0419524,0.041138799999999996,98.06065922331022,5.27e-5,2.7e-5,0.0001592,0.0,0.0,0.0,0.0005747000000000046,0.49749367572859665,1.3875714535123126e-12,-1.9085744309037192e-15,4.862776847858186e-13,0.0,1.3449233701112877e-12,4.862776847858186e-13,15.384615384615385,diag_feasible,0,0,0,0,0,0,14,6.445253448036163e-14,1.12.6,lbt,1,1,Intel(R) Core(TM) 7 150U,NT,2abc7cc
degen-r50-m1-d0.0001-p0,100,Newton-SIN-BH,1e-7*n,9.999999999999999e-6,4,5,0.019411,0.0133451,68.75019318942867,0.0,1.38e-5,0.0,0.0055502,0.0,0.0,0.0005019000000000013,0.49749367572860026,0.0,-1.5052418076131598e-15,1.709743457922741e-14,1.709743457922741e-14,6.445253448036163e-14,1.709743457922741e-14,NaN,converged,15,15,0,0,0,0,4,6.445253448036163e-14,1.12.6,lbt,1,1,Intel(R) Core(TM) 7 150U,NT,2abc7cc
degen-r50-m1-d0.0001-p0,100,Newton-SIN,1e-7*n,9.999999999999999e-6,4,9,0.0281961,0.0229228,81.29776813105357,0.0,1.12e-5,0.0,0.0049486,0.0,0.0,0.0003135000000000013,0.49749367572860026,0.0,-1.5052418076131598e-15,1.709743457922741e-14,1.709743457922741e-14,6.445253448036163e-14,1.709743457922741e-14,NaN,converged,15,15,0,0,0,0,4,6.445253448036163e-14,1.12.6,lbt,1,1,Intel(R) Core(TM) 7 150U,NT,2abc7cc
degen-r50-m1-d0.0001-p0,100,AGD-SDAJ-BH,1e-7*n,1.0e-11,6,39,0.0996931,0.0984013,98.70422326118859,0.0,5.11e-5,0.0,0.0,0.0,0.0,0.0012407000000000095,0.4974936757313031,5.721017174397747e-12,-1.784310013370425e-15,2.5128787939365793e-12,2.5128787939365793e-12,4.627926394806409e-12,2.5128787939365793e-12,NaN,diag_feasible_at_xpre,0,0,6,6,0,0,6,6.445253448036163e-14,1.12.6,lbt,1,1,Intel(R) Core(TM) 7 150U,NT,2abc7cc
degen-r50-m1-d0.0001-p0,100,AGD-SDAJ,1e-7*n,1.0e-11,6,40,0.0929274,0.0916994,98.67853829979103,0.0,5.18e-5,0.0,0.0,0.0,0.0,0.001176199999999993,0.49749367573131653,5.727253600442842e-12,-1.7679137378983561e-15,2.5357493882438575e-12,2.5357493882438575e-12,4.655552392219315e-12,2.5357493882438575e-12,NaN,diag_feasible_at_xpre,0,0,7,6,1,0,6,6.445253448036163e-14,1.12.6,lbt,1,1,Intel(R) Core(TM) 7 150U,NT,2abc7cc
degen-r50-m1-d0.0001-p0,100,Dykstra-APM,1e-7*n,9.999999999999999e-6,37,37,0.1067107,0.0976206,91.48154777355973,0.0,0.0,0.0,0.0,0.0043773,0.0,0.004712800000000004,0.4974936757212268,1.0972136757232704e-11,-1.4568751540497064e-15,2.0015100687942322e-12,2.0015100687942322e-12,7.658806658571394e-12,2.0015100687942322e-12,NaN,diag_feasible,0,0,0,0,0,0,37,6.445253448036163e-14,1.12.6,lbt,1,1,Intel(R) Core(TM) 7 150U,NT,2abc7cc
degen-r50-m1-d0.0001-p0,100,Anderson-APM,1e-7*n,9.999999999999999e-6,17,17,0.0489121,0.0397207,81.2083308629153,0.0,0.0,0.0,0.0,0.0,0.0077824,0.0014090000000000023,0.4974936757228671,1.3094066629945202e-11,-1.4933959788373925e-15,5.304423567054073e-12,5.304423567054073e-12,9.651278738338264e-12,5.304423567054073e-12,NaN,diag_feasible,0,0,0,0,0,0,17,6.445253448036163e-14,1.12.6,lbt,1,1,Intel(R) Core(TM) 7 150U,NT,2abc7cc
degen-r50-m1-d0.0001-p1,100,SBB-Dual,1e-7*n,1.0e-11,14,15,0.0435737,0.042726,98.05456043439047,5.37e-5,2.67e-5,0.0001259,0.0,0.0,0.0,0.0006413999999999999,0.4976779318067299,4.4846904046291017e-13,-1.4957502803346175e-15,1.247890679678676e-13,0.0,4.3454092308750845e-13,1.247890679678676e-13,7.6923076923076925,diag_feasible,0,0,0,0,0,0,14,2.600032341951682e-14,1.12.6,lbt,1,1,Intel(R) Core(TM) 7 150U,NT,2abc7cc
degen-r50-m1-d0.0001-p1,100,Newton-SIN-BH,1e-7*n,9.999999999999999e-6,4,5,0.0161996,0.011167700000000001,68.93812192893651,0.0,9.3e-6,0.0,0.0046378,0.0,0.0,0.00038480000000000025,0.49767793180673386,0.0,-1.4355504154108795e-15,8.881784197001252e-15,8.881784197001252e-15,2.600032341951682e-14,8.881784197001252e-15,NaN,converged,15,15,0,0,0,0,4,2.600032341951682e-14,1.12.6,lbt,1,1,Intel(R) Core(TM) 7 150U,NT,2abc7cc
degen-r50-m1-d0.0001-p1,100,Newton-SIN,1e-7*n,9.999999999999999e-6,4,9,0.017252,0.0143022,82.90169255738464,0.0,7.8e-6,0.0,0.0026922,0.0,0.0,0.00024980000000000054,0.49767793180673386,0.0,-1.4355504154108795e-15,8.881784197001252e-15,8.881784197001252e-15,2.600032341951682e-14,8.881784197001252e-15,NaN,converged,15,15,0,0,0,0,4,2.600032341951682e-14,1.12.6,lbt,1,1,Intel(R) Core(TM) 7 150U,NT,2abc7cc
degen-r50-m1-d0.0001-p1,100,AGD-SDAJ-BH,1e-7*n,1.0e-11,6,39,0.0906508,0.0895678,98.80530563436837,0.0,4.65e-5,0.0,0.0,0.0,0.0,0.0010365000000000005,0.49767793181326203,1.0806159666312653e-11,-1.5540733498310868e-15,1.6580070649752088e-12,1.6580070649752088e-12,8.105582506633392e-12,1.6580070649752088e-12,NaN,diag_feasible,0,0,4,4,0,0,6,2.600032341951682e-14,1.12.6,lbt,1,1,Intel(R) Core(TM) 7 150U,NT,2abc7cc
degen-r50-m1-d0.0001-p1,100,AGD-SDAJ,1e-7*n,1.0e-11,5,36,0.0915627,0.09043570000000001,98.76914944622648,0.0,4.75e-5,0.0,0.0,0.0,0.0,0.001079499999999989,0.4976779318078857,1.996483211468195e-12,-1.3656685524104442e-15,3.3495428652940973e-13,3.3495428652940973e-13,1.5105573217865686e-12,3.3495428652940973e-13,NaN,diag_feasible,0,0,5,4,1,0,5,2.600032341951682e-14,1.12.6,lbt,1,1,Intel(R) Core(TM) 7 150U,NT,2abc7cc
degen-r50-m1-d0.0001-p1,100,Dykstra-APM,1e-7*n,9.999999999999999e-6,37,37,0.075554,0.0709751,93.93956640283771,0.0,0.0,0.0,0.0,0.0025659,0.0,0.002012999999999997,0.49767793180043846,9.235694820941239e-12,-1.7285382665356943e-15,1.546096584092993e-12,1.546096584092993e-12,6.467642390601263e-12,1.546096584092993e-12,NaN,diag_feasible,0,0,0,0,0,0,37,2.600032341951682e-14,1.12.6,lbt,1,1,Intel(R) Core(TM) 7 150U,NT,2abc7cc
degen-r50-m1-d0.0001-p1,100,Anderson-APM,1e-7*n,9.999999999999999e-6,17,17,0.0562976,0.0405861,72.09206076280338,0.0,0.0,0.0,0.0,0.0,0.013525,0.0021865000000000027,0.497677931800861,1.147802268431731e-11,-1.5338960683544157e-15,4.817923837663329e-12,4.817923837663329e-12,8.384473323679263e-12,4.817923837663329e-12,NaN,diag_feasible,0,0,0,0,0,0,17,2.600032341951682e-14,1.12.6,lbt,1,1,Intel(R) Core(TM) 7 150U,NT,2abc7cc
degen-r50-m1-d0.0001-p2,100,SBB-Dual,1e-7*n,1.0e-11,14,15,0.0302456,0.029204800000000003,96.55883831036581,3.51e-5,2.0e-5,4.9e-5,0.0,0.0,0.0,0.000936699999999998,0.4970415228270588,1.1458258172121143e-12,-1.6967248992972977e-15,4.0545344859310717e-13,0.0,1.20279305949185e-12,4.0545344859310717e-13,7.6923076923076925,diag_feasible,0,0,0,0,0,0,14,2.052291630421466e-14,1.12.6,lbt,1,1,Intel(R) Core(TM) 7 150U,NT,2abc7cc
degen-r50-m1-d0.0001-p2,100,Newton-SIN-BH,1e-7*n,9.999999999999999e-6,4,5,0.0140823,0.0101811,72.2971389616753,0.0,8.9e-6,0.0,0.0035277,0.0,0.0,0.0003646000000000005,0.4970415228270602,0.0,-1.8519415455739945e-15,6.8833827526759706e-15,6.8833827526759706e-15,2.052291630421466e-14,6.8833827526759706e-15,NaN,converged,15,15,0,0,0,0,4,2.052291630421466e-14,1.12.6,lbt,1,1,Intel(R) Core(TM) 7 150U,NT,2abc7cc
degen-r50-m1-d0.0001-p2,100,Newton-SIN,1e-7*n,9.999999999999999e-6,4,9,0.0246894,0.0199446,80.78203601545601,0.0,7.7e-6,0.0,0.0044643,0.0,0.0,0.0002728000000000001,0.4970415228270602,0.0,-1.8519415455739945e-15,6.8833827526759706e-15,6.8833827526759706e-15,2.052291630421466e-14,6.8833827526759706e-15,NaN,converged,15,15,0,0,0,0,4,2.052291630421466e-14,1.12.6,lbt,1,1,Intel(R) Core(TM) 7 150U,NT,2abc7cc
degen-r50-m1-d0.0001-p2,100,AGD-SDAJ-BH,1e-7*n,1.0e-11,5,27,0.0317162,0.0312324,98.47459657840473,0.0,2.39e-5,0.0,0.0,0.0,0.0,0.0004598999999999995,0.49704152282381747,6.6454421889200474e-12,-1.476214500142419e-15,2.653433028854124e-12,2.653433028854124e-12,5.4799644689279036e-12,2.653433028854124e-12,NaN,diag_feasible_at_xpre,0,0,0,0,0,0,5,2.052291630421466e-14,1.12.6,lbt,1,1,Intel(R) Core(TM) 7 150U,NT,2abc7cc
degen-r50-m1-d0.0001-p2,100,AGD-SDAJ,1e-7*n,1.0e-11,5,44,0.0966647,0.0952866,98.5743503057476,0.0,5.36e-5,0.0,0.0,0.0,0.0,0.001324500000000007,0.49704152282153186,1.0656016672742394e-11,-1.5564821233269929e-15,3.5924596630820815e-12,3.5924596630820815e-12,8.2970768295605e-12,3.5924596630820815e-12,NaN,diag_feasible_at_xpre,0,0,17,0,17,0,5,2.052291630421466e-14,1.12.6,lbt,1,1,Intel(R) Core(TM) 7 150U,NT,2abc7cc
degen-r50-m1-d0.0001-p2,100,Dykstra-APM,1e-7*n,9.999999999999999e-6,37,37,0.0962051,0.0892542,92.77491525917026,0.0,0.0,0.0,0.0,0.0028886,0.0,0.004062299999999996,0.4970415228197461,1.0708805311912462e-11,-1.3751794481999552e-15,1.439071084519128e-12,1.439071084519128e-12,7.48690158251511e-12,1.439071084519128e-12,NaN,diag_feasible,0,0,0,0,0,0,37,2.052291630421466e-14,1.12.6,lbt,1,1,Intel(R) Core(TM) 7 150U,NT,2abc7cc
degen-r50-m1-d0.0001-p2,100,Anderson-APM,1e-7*n,9.999999999999999e-6,17,17,0.0649676,0.0448079,68.96960946687271,0.0,0.0,0.0,0.0,0.0,0.0144839,0.005675800000000003,0.497041522824267,5.897252268022991e-12,-1.3427813584930446e-15,2.3421264927492302e-12,2.3421264927492302e-12,4.391973458627663e-12,2.3421264927492302e-12,NaN,diag_feasible,0,0,0,0,0,0,17,2.052291630421466e-14,1.12.6,lbt,1,1,Intel(R) Core(TM) 7 150U,NT,2abc7cc
degen-r50-m1-d0.0001-p3,100,SBB-Dual,1e-7*n,1.0e-11,14,15,0.0371107,0.0365152,98.39534150528013,3.7e-5,2.18e-5,0.0001257,0.0,0.0,0.0,0.00041100000000000576,0.49718200624372244,3.141930588375963e-12,-1.7297882499749142e-15,6.792344464656708e-13,0.0,3.2827734857029705e-12,6.792344464656708e-13,7.6923076923076925,diag_feasible,0,0,0,0,0,0,14,1.925300869454868e-14,1.12.6,lbt,1,1,Intel(R) Core(TM) 7 150U,NT,2abc7cc
degen-r50-m1-d0.0001-p3,100,Newton-SIN-BH,1e-7*n,9.999999999999999e-6,4,5,0.0208586,0.0150872,72.33083716069152,0.0,9.0e-6,0.0,0.0053264,0.0,0.0,0.0004360000000000006,0.49718200624372555,0.0,-1.6226972660033431e-15,5.995204332975845e-15,5.995204332975845e-15,1.925300869454868e-14,5.995204332975845e-15,NaN,converged,15,15,0,0,0,0,4,1.925300869454868e-14,1.12.6,lbt,1,1,Intel(R) Core(TM) 7 150U,NT,2abc7cc
degen-r50-m1-d0.0001-p3,100,Newton-SIN,1e-7*n,9.999999999999999e-6,4,9,0.0245904,0.0197956,80.50133385386168,0.0,8.6e-6,0.0,0.0045273,0.0,0.0,0.00025889999999999854,0.49718200624372555,0.0,-1.6226972660033431e-15,5.995204332975845e-15,5.995204332975845e-15,1.925300869454868e-14,5.995204332975845e-15,NaN,converged,15,15,0,0,0,0,4,1.925300869454868e-14,1.12.6,lbt,1,1,Intel(R) Core(TM) 7 150U,NT,2abc7cc
degen-r50-m1-d0.0001-p3,100,AGD-SDAJ-BH,1e-7*n,1.0e-11,6,37,0.0959319,0.0947742,98.79320643081186,0.0,4.97e-5,0.0,0.0,0.0,0.0,0.0011079999999999977,0.4971820062458256,3.6028972327622588e-12,-1.5943187748049883e-15,1.244671032907263e-12,1.244671032907263e-12,2.7663030768567545e-12,1.244671032907263e-12,NaN,diag_feasible,0,0,2,2,0,0,6,1.925300869454868e-14,1.12.6,lbt,1,1,Intel(R) Core(TM) 7 150U,NT,2abc7cc
degen-r50-m1-d0.0001-p3,100,AGD-SDAJ,1e-7*n,1.0e-11,6,37,0.0987948,0.0973241,98.51135889743185,0.0,0.0001281,0.0,0.0,0.0,0.0,0.0013426000000000054,0.4971820062458256,3.6028972327622588e-12,-1.5943187748049883e-15,1.244671032907263e-12,1.244671032907263e-12,2.7663030768567545e-12,1.244671032907263e-12,NaN,diag_feasible,0,0,2,2,0,0,6,1.925300869454868e-14,1.12.6,lbt,1,1,Intel(R) Core(TM) 7 150U,NT,2abc7cc
degen-r50-m1-d0.0001-p3,100,Dykstra-APM,1e-7*n,9.999999999999999e-6,37,37,0.1047864,0.09663,92.21616545658597,0.0,0.0,0.0,0.0,0.0038717,0.0,0.004284700000000008,0.49718200623662734,1.0408536077353069e-11,-1.5605935885307209e-15,1.524558257415265e-12,1.524558257415265e-12,7.27852180193026e-12,1.524558257415265e-12,NaN,diag_feasible,0,0,0,0,0,0,37,1.925300869454868e-14,1.12.6,lbt,1,1,Intel(R) Core(TM) 7 150U,NT,2abc7cc
degen-r50-m1-d0.0001-p3,100,Anderson-APM,1e-7*n,9.999999999999999e-6,17,17,0.0624346,0.0423373,67.81063705060977,0.0,0.0,0.0,0.0,0.0,0.0175918,0.0025054999999999973,0.4971820062387513,9.969223751804839e-12,-1.702440549879198e-15,3.029798634202052e-12,3.029798634202052e-12,7.387712684063681e-12,3.029798634202052e-12,NaN,diag_feasible,0,0,0,0,0,0,17,1.925300869454868e-14,1.12.6,lbt,1,1,Intel(R) Core(TM) 7 150U,NT,2abc7cc
degen-r50-m1-d0.0001-p4,100,SBB-Dual,1e-7*n,1.0e-11,14,15,0.0371851,0.0365776,98.36628111797468,4.66e-5,2.1e-5,0.000119,0.0,0.0,0.0,0.0004208999999999969,0.49680032523625484,3.3347030981456405e-12,-1.5864041985903984e-15,1.0120793092482927e-12,0.0,3.3675371603635104e-12,1.0120793092482927e-12,7.6923076923076925,diag_feasible,0,0,0,0,0,0,14,3.579862453204684e-14,1.12.6,lbt,1,1,Intel(R) Core(TM) 7 150U,NT,2abc7cc
degen-r50-m1-d0.0001-p4,100,Newton-SIN-BH,1e-7*n,9.999999999999999e-6,4,5,0.0188966,0.013760399999999999,72.81944900140766,0.0,9.2e-6,0.0,0.0047377,0.0,0.0,0.0003893000000000004,0.49680032523625917,0.0,-1.4133554588433451e-15,1.2434497875801753e-14,1.2434497875801753e-14,3.579862453204684e-14,1.2434497875801753e-14,NaN,converged,15,15,0,0,0,0,4,3.579862453204684e-14,1.12.6,lbt,1,1,Intel(R) Core(TM) 7 150U,NT,2abc7cc
degen-r50-m1-d0.0001-p4,100,Newton-SIN,1e-7*n,9.999999999999999e-6,4,9,0.0284056,0.0227889,80.22678626749655,0.0,1.07e-5,0.0,0.0052614,0.0,0.0,0.0003445999999999987,0.49680032523625917,0.0,-1.4133554588433451e-15,1.2434497875801753e-14,1.2434497875801753e-14,3.579862453204684e-14,1.2434497875801753e-14,NaN,converged,15,15,0,0,0,0,4,3.579862453204684e-14,1.12.6,lbt,1,1,Intel(R) Core(TM) 7 150U,NT,2abc7cc
degen-r50-m1-d0.0001-p4,100,AGD-SDAJ-BH,1e-7*n,1.0e-11,6,41,0.1012463,0.0999926,98.76173252750965,0.0,5.37e-5,0.0,0.0,0.0,0.0,0.0011999999999999964,0.4968003252379703,2.9622604621186825e-12,-1.7933505559290578e-15,1.0212941603526815e-12,1.0212941603526815e-12,2.2488391150073515e-12,1.0212941603526815e-12,NaN,diag_feasible,0,0,4,4,0,0,6,3.579862453204684e-14,1.12.6,lbt,1,1,Intel(R) Core(TM) 7 150U,NT,2abc7cc
degen-r50-m1-d0.0001-p4,100,AGD-SDAJ,1e-7*n,1.0e-11,6,45,0.1014553,0.09992440000000001,98.49105960950291,0.0,5.79e-5,0.0,0.0,0.0,0.0,0.0014729999999999878,0.49680032523791967,2.9615795464674078e-12,-1.6995624649876962e-15,1.067923527386938e-12,1.067923527386938e-12,2.2756586690100557e-12,1.067923527386938e-12,NaN,diag_feasible,0,0,8,4,4,0,6,3.579862453204684e-14,1.12.6,lbt,1,1,Intel(R) Core(TM) 7 150U,NT,2abc7cc
degen-r50-m1-d0.0001-p4,100,Dykstra-APM,1e-7*n,9.999999999999999e-6,37,37,0.0502384,0.0469427,93.43987865855598,0.0,0.0,0.0,0.0,0.0022722,0.0,0.0010235000000000057,0.4968003252281789,1.184822414614786e-11,-1.8025031934084737e-15,1.5152323840084136e-12,1.5152323840084136e-12,8.27448993828974e-12,1.5152323840084136e-12,NaN,diag_feasible,0,0,0,0,0,0,37,3.579862453204684e-14,1.12.6,lbt,1,1,Intel(R) Core(TM) 7 150U,NT,2abc7cc
degen-r50-m1-d0.0001-p4,100,Anderson-APM,1e-7*n,9.999999999999999e-6,17,17,0.053562,0.0379526,70.85732422239649,0.0,0.0,0.0,0.0,0.0,0.0134934,0.0021159999999999964,0.49680032523280776,6.636642624386687e-12,-1.7019631553626137e-15,1.921796055626146e-12,1.921796055626146e-12,4.882289250964937e-12,1.921796055626146e-12,NaN,diag_feasible,0,0,0,0,0,0,17,3.579862453204684e-14,1.12.6,lbt,1,1,Intel(R) Core(TM) 7 150U,NT,2abc7cc
degen-r50-m1-d1e-06-p0,100,SBB-Dual,1e-7*n,1.0e-11,13,14,0.0397212,0.0390287,98.25659849148566,4.61e-5,2.19e-5,0.0001459,0.0,0.0,0.0,0.0004785999999999986,0.4975029728798488,4.49714806495286e-12,-1.6553145255916548e-15,1.290523243824282e-12,0.0,4.657659486427795e-12,1.290523243824282e-12,8.333333333333334,diag_feasible,0,0,0,0,0,0,13,6.522586253564168e-14,1.12.6,lbt,1,1,Intel(R) Core(TM) 7 150U,NT,2abc7cc
degen-r50-m1-d1e-06-p0,100,Newton-SIN-BH,1e-7*n,9.999999999999999e-6,4,5,0.0189439,0.0135824,71.69801360860224,0.0,8.6e-6,0.0,0.0049594,0.0,0.0,0.00039349999999999975,0.49750297287985074,5.488439828874517e-13,-1.5246874476589904e-15,4.241051954068098e-14,4.241051954068098e-14,1.4084569512589326e-13,4.241051954068098e-14,NaN,converged,14,14,0,0,0,0,4,6.522586253564168e-14,1.12.6,lbt,1,1,Intel(R) Core(TM) 7 150U,NT,2abc7cc
degen-r50-m1-d1e-06-p0,100,Newton-SIN,1e-7*n,9.999999999999999e-6,5,12,0.0354345,0.0284329,80.24072584627976,0.0,1.17e-5,0.0,0.0066782,0.0,0.0,0.0003117000000000007,0.4975029728798524,2.9746374687404586e-13,-1.4648383319315002e-15,9.658940314238862e-15,9.658940314238862e-15,3.2852285337661686e-14,9.658940314238862e-15,NaN,converged,22,22,1,0,0,0,5,6.522586253564168e-14,1.12.6,lbt,1,1,Intel(R) Core(TM) 7 150U,NT,2abc7cc
degen-r50-m1-d1e-06-p0,100,AGD-SDAJ-BH,1e-7*n,1.0e-11,6,43,0.0814546,0.080374,98.67337142408164,0.0,4.77e-5,0.0,0.0,0.0,0.0,0.001032900000000001,0.49750297288200307,5.165414137793244e-12,-1.495367646476791e-15,2.3634427748220332e-12,2.3634427748220332e-12,4.3053078142784184e-12,2.3634427748220332e-12,NaN,diag_feasible,0,0,8,8,0,0,6,6.522586253564168e-14,1.12.6,lbt,1,1,Intel(R) Core(TM) 7 150U,NT,2abc7cc
degen-r50-m1-d1e-06-p0,100,AGD-SDAJ,1e-7*n,1.0e-11,6,43,0.1342212,0.1320935,98.41478097349747,0.0,9.64e-5,0.0,0.0,0.0,0.0,0.00203130000000001,0.49750297288199724,5.150201986420076e-12,-1.4909656390191925e-15,2.3563373474644322e-12,2.3563373474644322e-12,4.3076626787353075e-12,2.3563373474644322e-12,NaN,diag_feasible_at_xpre,0,0,10,8,2,0,6,6.522586253564168e-14,1.12.6,lbt,1,1,Intel(R) Core(TM) 7 150U,NT,2abc7cc
degen-r50-m1-d1e-06-p0,100,Dykstra-APM,1e-7*n,9.999999999999999e-6,37,37,0.0945181,0.0877277,92.81576756198021,0.0,0.0,0.0,0.0,0.0028747,0.0,0.003915699999999988,0.4975029728732541,9.817645816505602e-12,-1.4839929083206383e-15,1.8030021919912542e-12,1.8030021919912542e-12,6.856864405834132e-12,1.8030021919912542e-12,NaN,diag_feasible,0,0,0,0,0,0,37,6.522586253564168e-14,1.12.6,lbt,1,1,Intel(R) Core(TM) 7 150U,NT,2abc7cc
degen-r50-m1-d1e-06-p0,100,Anderson-APM,1e-7*n,9.999999999999999e-6,17,17,0.0739729,0.0544416,73.59668202814815,0.0,0.0,0.0,0.0,0.0,0.0175738,0.001957499999999994,0.49750297287629947,6.17343636469952e-12,-1.5438603940563237e-15,1.8565149417781868e-12,1.8565149417781868e-12,4.407981082436633e-12,1.8565149417781868e-12,NaN,diag_feasible,0,0,0,0,0,0,17,6.522586253564168e-14,1.12.6,lbt,1,1,Intel(R) Core(TM) 7 150U,NT,2abc7cc
degen-r50-m1-d1e-06-p1,100,SBB-Dual,1e-7*n,1.0e-11,14,15,0.0376447,0.0370567,98.43802713263752,4.59e-5,2.29e-5,0.0001207,0.0,0.0,0.0,0.00039850000000000524,0.4976872539929174,5.654690803845498e-13,-1.6538094268734502e-15,1.9018120411828932e-13,0.0,5.425726143572867e-13,1.9018120411828932e-13,15.384615384615385,diag_feasible,0,0,0,0,0,0,14,7.67147239581922e-14,1.12.6,lbt,1,1,Intel(R) Core(TM) 7 150U,NT,2abc7cc
degen-r50-m1-d1e-06-p1,100,Newton-SIN-BH,1e-7*n,9.999999999999999e-6,4,5,0.0189187,0.0141119,74.59233456844287,0.0,8.8e-6,0.0,0.0044093,0.0,0.0,0.0003887000000000005,0.49768725399291824,0.0,-1.5488526354284322e-15,2.375877272697835e-14,2.375877272697835e-14,7.67147239581922e-14,2.375877272697835e-14,NaN,converged,14,14,0,0,0,0,4,7.67147239581922e-14,1.12.6,lbt,1,1,Intel(R) Core(TM) 7 150U,NT,2abc7cc
degen-r50-m1-d1e-06-p1,100,Newton-SIN,1e-7*n,9.999999999999999e-6,4,9,0.0263872,0.021501600000000003,81.48496240601504,0.0,8.6e-6,0.0,0.00459,0.0,0.0,0.00028699999999999646,0.49768725399291824,0.0,-1.5488526354284322e-15,2.375877272697835e-14,2.375877272697835e-14,7.67147239581922e-14,2.375877272697835e-14,NaN,converged,14,14,0,0,0,0,4,7.67147239581922e-14,1.12.6,lbt,1,1,Intel(R) Core(TM) 7 150U,NT,2abc7cc
degen-r50-m1-d1e-06-p1,100,AGD-SDAJ-BH,1e-7*n,1.0e-11,6,45,0.1106615,0.1091792,98.66050975271436,0.0,6.07e-5,0.0,0.0,0.0,0.0,0.001421599999999992,0.49768725399407393,1.967492159886082e-12,-1.49223311455353e-15,3.703704010149522e-13,3.703704010149522e-13,1.4655450876077727e-12,3.703704010149522e-13,NaN,diag_feasible,0,0,8,8,0,0,6,7.67147239581922e-14,1.12.6,lbt,1,1,Intel(R) Core(TM) 7 150U,NT,2abc7cc
degen-r50-m1-d1e-06-p1,100,AGD-SDAJ,1e-7*n,1.0e-11,133,4015,9.2064038,9.0621862,98.43350777205751,0.0,0.0048378,0.0,0.0,0.0,0.0,0.13937980000000105,0.4976872543812441,6.572793752412795e-10,-1.610848625014597e-15,1.169200292139294e-10,1.169200292139294e-10,4.982415737026428e-10,1.169200292139294e-10,NaN,evd_budget,0,0,3345,8,3337,0,133,7.67147239581922e-14,1.12.6,lbt,1,1,Intel(R) Core(TM) 7 150U,NT,2abc7cc
degen-r50-m1-d1e-06-p1,100,Dykstra-APM,1e-7*n,9.999999999999999e-6,37,37,0.0775191,0.0729394,94.09216567271808,0.0,0.0,0.0,0.0,0.0025545,0.0,0.002025199999999992,0.4976872539873118,8.227537098630007e-12,-1.5934127431570867e-15,1.3795631303992195e-12,1.3795631303992195e-12,5.763210850618707e-12,1.3795631303992195e-12,NaN,diag_feasible,0,0,0,0,0,0,37,7.67147239581922e-14,1.12.6,lbt,1,1,Intel(R) Core(TM) 7 150U,NT,2abc7cc
degen-r50-m1-d1e-06-p1,100,Anderson-APM,1e-7*n,9.999999999999999e-6,16,16,0.0535087,0.0368886,68.93944349236666,0.0,0.0,0.0,0.0,0.0,0.0140043,0.002615799999999998,0.49768725398844654,8.724877891891405e-12,-1.4583228396642703e-15,2.3292479056635784e-12,2.3292479056635784e-12,6.4768674659186314e-12,2.3292479056635784e-12,NaN,diag_feasible,0,0,0,0,0,0,16,7.67147239581922e-14,1.12.6,lbt,1,1,Intel(R) Core(TM) 7 150U,NT,2abc7cc
degen-r50-m1-d1e-06-p2,100,SBB-Dual,1e-7*n,1.0e-11,12,13,0.035657,0.035052599999999996,98.30496115769694,3.78e-5,1.85e-5,0.000117,0.0,0.0,0.0,0.000431100000000005,0.49705085400706417,3.8305986455553755e-12,-1.778453490510211e-15,1.619926415230566e-12,0.0,4.182612513518212e-12,1.619926415230566e-12,9.090909090909092,diag_feasible,0,0,0,0,0,0,12,3.142696061245355e-14,1.12.6,lbt,1,1,Intel(R) Core(TM) 7 150U,NT,2abc7cc
degen-r50-m1-d1e-06-p2,100,Newton-SIN-BH,1e-7*n,9.999999999999999e-6,4,5,0.0192005,0.0138877,72.32988724251972,0.0,9.5e-6,0.0,0.0047536,0.0,0.0,0.0005496999999999993,0.4970508540070636,0.0,-1.2121792152834823e-15,9.992007221626409e-15,9.992007221626409e-15,3.142696061245355e-14,9.992007221626409e-15,NaN,converged,14,14,0,0,0,0,4,3.142696061245355e-14,1.12.6,lbt,1,1,Intel(R) Core(TM) 7 150U,NT,2abc7cc
degen-r50-m1-d1e-06-p2,100,Newton-SIN,1e-7*n,9.999999999999999e-6,4,9,0.0178947,0.015066399999999999,84.19476157745031,0.0,8.6e-6,0.0,0.0025827,0.0,0.0,0.00023700000000000066,0.4970508540070636,0.0,-1.2121792152834823e-15,9.992007221626409e-15,9.992007221626409e-15,3.142696061245355e-14,9.992007221626409e-15,NaN,converged,14,14,0,0,0,0,4,3.142696061245355e-14,1.12.6,lbt,1,1,Intel(R) Core(TM) 7 150U,NT,2abc7cc
degen-r50-m1-d1e-06-p2,100,AGD-SDAJ-BH,1e-7*n,1.0e-11,5,40,0.1456057,0.14435389999999998,99.14028090933252,0.0,5.7e-5,0.0,0.0,0.0,0.0,0.0011948000000000251,0.49705085400387805,5.286642389806461e-12,-1.486510743446055e-15,1.1757261830780408e-12,1.1757261830780408e-12,3.986223242305546e-12,1.1757261830780408e-12,NaN,diag_feasible,0,0,9,9,0,0,5,3.142696061245355e-14,1.12.6,lbt,1,1,Intel(R) Core(TM) 7 150U,NT,2abc7cc
degen-r50-m1-d1e-06-p2,100,AGD-SDAJ,1e-7*n,1.0e-11,5,41,0.0977274,0.0963937,98.63528549823283,0.0,5.83e-5,0.0,0.0,0.0,0.0,0.001275400000000007,0.4970508540038873,5.274028994149812e-12,-1.6055557752441877e-15,1.1737277816337155e-12,1.1737277816337155e-12,3.977505981531883e-12,1.1737277816337155e-12,NaN,diag_feasible,0,0,10,9,1,0,5,3.142696061245355e-14,1.12.6,lbt,1,1,Intel(R) Core(TM) 7 150U,NT,2abc7cc
degen-r50-m1-d1e-06-p2,100,Dykstra-APM,1e-7*n,9.999999999999999e-6,37,37,0.0951207,0.0888702,93.42887510289557,0.0,0.0,0.0,0.0,0.0029074,0.0,0.003343100000000006,0.49705085400058613,9.48354125712295e-12,-1.7279225292000876e-15,1.2776446567386301e-12,1.2776446567386301e-12,6.631704697155918e-12,1.2776446567386301e-12,NaN,diag_feasible,0,0,0,0,0,0,37,3.142696061245355e-14,1.12.6,lbt,1,1,Intel(R) Core(TM) 7 150U,NT,2abc7cc
degen-r50-m1-d1e-06-p2,100,Anderson-APM,1e-7*n,9.999999999999999e-6,16,16,0.0564731,0.0396137,70.14614037479791,0.0,0.0,0.0,0.0,0.0,0.0146763,0.002183099999999997,0.49705085400414756,5.777147033670957e-12,-1.471346597941906e-15,2.2786217357406713e-12,2.2786217357406713e-12,4.3059716907294155e-12,2.2786217357406713e-12,NaN,diag_feasible,0,0,0,0,0,0,16,3.142696061245355e-14,1.12.6,lbt,1,1,Intel(R) Core(TM) 7 150U,NT,2abc7cc
degen-r50-m1-d1e-06-p3,100,SBB-Dual,1e-7*n,1.0e-11,14,15,0.0214557,0.021105099999999998,98.36593539245979,1.76e-5,1.33e-5,3.72e-5,0.0,0.0,0.0,0.000282500000000003,0.4971912674853344,1.278385822404493e-12,-1.8141044638609046e-15,8.578693311278585e-13,0.0,1.4630880396780894e-12,8.578693311278585e-13,7.6923076923076925,diag_feasible,0,0,0,0,0,0,14,4.731334965880131e-14,1.12.6,lbt,1,1,Intel(R) Core(TM) 7 150U,NT,2abc7cc
degen-r50-m1-d1e-06-p3,100,Newton-SIN-BH,1e-7*n,9.999999999999999e-6,4,5,0.0203419,0.012485,61.37578102340489,0.0,9.5e-6,0.0,0.0074492,0.0,0.0,0.0003981999999999996,0.4971912674853358,0.0,-1.5272091514863656e-15,1.5765166949677223e-14,1.5765166949677223e-14,4.731334965880131e-14,1.5765166949677223e-14,NaN,converged,14,14,0,0,0,0,4,4.731334965880131e-14,1.12.6,lbt,1,1,Intel(R) Core(TM) 7 150U,NT,2abc7cc
degen-r50-m1-d1e-06-p3,100,Newton-SIN,1e-7*n,9.999999999999999e-6,4,9,0.0288555,0.0216493,75.02659804889883,0.0,9.0e-6,0.0,0.0067195,0.0,0.0,0.0004776999999999993,0.4971912674853358,0.0,-1.5272091514863656e-15,1.5765166949677223e-14,1.5765166949677223e-14,4.731334965880131e-14,1.5765166949677223e-14,NaN,converged,14,14,0,0,0,0,4,4.731334965880131e-14,1.12.6,lbt,1,1,Intel(R) Core(TM) 7 150U,NT,2abc7cc
degen-r50-m1-d1e-06-p3,100,AGD-SDAJ-BH,1e-7*n,1.0e-11,7,48,0.1273938,0.1259112,98.83620709956057,0.0,6.96e-5,0.0,0.0,0.0,0.0,0.0014130000000000006,0.49719126748876213,6.043460255005495e-12,-1.5006888546869926e-15,2.1151969065158482e-12,2.1151969065158482e-12,4.6809213052636166e-12,2.1151969065158482e-12,NaN,diag_feasible,0,0,5,5,0,0,7,4.731334965880131e-14,1.12.6,lbt,1,1,Intel(R) Core(TM) 7 150U,NT,2abc7cc
degen-r50-m1-d1e-06-p3,100,AGD-SDAJ,1e-7*n,1.0e-11,7,52,0.1455925,0.1438942,98.8335250785583,0.0,8.76e-5,0.0,0.0,0.0,0.0,0.0016107000000000137,0.497191267489262,6.789757239558729e-12,-1.4570114127736633e-15,2.475353255704249e-12,2.475353255704249e-12,5.219643638698283e-12,2.475353255704249e-12,NaN,diag_feasible,0,0,9,7,2,0,7,4.731334965880131e-14,1.12.6,lbt,1,1,Intel(R) Core(TM) 7 150U,NT,2abc7cc
degen-r50-m1-d1e-06-p3,100,Dykstra-APM,1e-7*n,9.999999999999999e-6,37,37,0.1152186,0.1054981,91.56342812705586,0.0,0.0,0.0,0.0,0.0033424,0.0,0.006378100000000006,0.49719126747904585,9.226450995490773e-12,-1.5047151017934506e-15,1.3535839116229909e-12,1.3535839116229909e-12,6.452975232184599e-12,1.3535839116229909e-12,NaN,diag_feasible,0,0,0,0,0,0,37,4.731334965880131e-14,1.12.6,lbt,1,1,Intel(R) Core(TM) 7 150U,NT,2abc7cc
degen-r50-m1-d1e-06-p3,100,Anderson-APM,1e-7*n,9.999999999999999e-6,16,16,0.0647305,0.0451781,69.79414649971807,0.0,0.0,0.0,0.0,0.0,0.0145854,0.0049669999999999975,0.4971912674797735,9.64570989817579e-12,-1.3276152700042395e-15,2.694067191555405e-12,2.694067191555405e-12,7.049564837377855e-12,2.694067191555405e-12,NaN,diag_feasible,0,0,0,0,0,0,16,4.731334965880131e-14,1.12.6,lbt,1,1,Intel(R) Core(TM) 7 150U,NT,2abc7cc
degen-r50-m1-d1e-06-p4,100,SBB-Dual,1e-7*n,1.0e-11,14,15,0.0262762,0.0258397,98.33880089206201,2.43e-5,1.85e-5,4.78e-5,0.0,0.0,0.0,0.00034589999999999935,0.4968094636501343,4.627497162666722e-12,-1.7867918103322075e-15,8.373302051722931e-13,0.0,4.5785756746199844e-12,8.373302051722931e-13,7.6923076923076925,diag_feasible,0,0,0,0,0,0,14,4.394478150967053e-14,1.12.6,lbt,1,1,Intel(R) Core(TM) 7 150U,NT,2abc7cc
degen-r50-m1-d1e-06-p4,100,Newton-SIN-BH,1e-7*n,9.999999999999999e-6,4,5,0.0134231,0.010287000000000001,76.63654446439348,0.0,9.2e-6,0.0,0.0027736,0.0,0.0,0.0003532999999999991,0.4968094636501383,0.0,-1.6255302504029937e-15,1.199040866595169e-14,1.199040866595169e-14,4.394478150967053e-14,1.199040866595169e-14,NaN,converged,14,14,0,0,0,0,4,4.394478150967053e-14,1.12.6,lbt,1,1,Intel(R) Core(TM) 7 150U,NT,2abc7cc
degen-r50-m1-d1e-06-p4,100,Newton-SIN,1e-7*n,9.999999999999999e-6,4,9,0.0254035,0.0201266,79.22766547916628,0.0,8.6e-6,0.0,0.0050189,0.0,0.0,0.0002493999999999977,0.4968094636501383,0.0,-1.6255302504029937e-15,1.199040866595169e-14,1.199040866595169e-14,4.394478150967053e-14,1.199040866595169e-14,NaN,converged,14,14,0,0,0,0,4,4.394478150967053e-14,1.12.6,lbt,1,1,Intel(R) Core(TM) 7 150U,NT,2abc7cc
degen-r50-m1-d1e-06-p4,100,AGD-SDAJ-BH,1e-7*n,1.0e-11,7,50,0.1231357,0.12147899999999999,98.6545737751115,0.0,7.02e-5,0.0,0.0,0.0,0.0,0.0015865000000000109,0.4968094636522296,3.694838359300083e-12,-1.816506737225544e-15,1.3995471448424723e-12,1.3995471448424723e-12,2.8707832574724595e-12,1.3995471448424723e-12,NaN,diag_feasible_at_xpre,0,0,11,11,0,0,7,4.394478150967053e-14,1.12.6,lbt,1,1,Intel(R) Core(TM) 7 150U,NT,2abc7cc
degen-r50-m1-d1e-06-p4,100,AGD-SDAJ,1e-7*n,1.0e-11,6,42,0.0650522,0.06424049999999999,98.75223282225657,0.0,3.56e-5,0.0,0.0,0.0,0.0,0.0007761000000000124,0.49680946365237594,4.9814147895413935e-12,-1.4647931222703793e-15,2.935207632503989e-12,2.935207632503989e-12,4.184869052221702e-12,2.935207632503989e-12,NaN,diag_feasible_at_xpre,0,0,9,7,2,0,6,4.394478150967053e-14,1.12.6,lbt,1,1,Intel(R) Core(TM) 7 150U,NT,2abc7cc
degen-r50-m1-d1e-06-p4,100,Dykstra-APM,1e-7*n,9.999999999999999e-6,37,37,0.0971027,0.0903778,93.07444592168909,0.0,0.0,0.0,0.0,0.0029199,0.0,0.003805000000000006,0.4968094636428665,1.0665958115092413e-11,-1.720094269784738e-15,1.3671286325234178e-12,1.3671286325234178e-12,7.446957651507786e-12,1.3671286325234178e-12,NaN,diag_feasible,0,0,0,0,0,0,37,4.394478150967053e-14,1.12.6,lbt,1,1,Intel(R) Core(TM) 7 150U,NT,2abc7cc
degen-r50-m1-d1e-06-p4,100,Anderson-APM,1e-7*n,9.999999999999999e-6,16,16,0.0575123,0.0402738,70.02641174148835,0.0,0.0,0.0,0.0,0.0,0.0151854,0.002053100000000004,0.4968094636445918,1.0569498759166124e-11,-1.6051372145942675e-15,2.3139268279237513e-12,2.3139268279237513e-12,7.892428702933455e-12,2.3139268279237513e-12,NaN,diag_feasible,0,0,0,0,0,0,16,4.394478150967053e-14,1.12.6,lbt,1,1,Intel(R) Core(TM) 7 150U,NT,2abc7cc
degen-r50-m1-d1e-08-p0,100,SBB-Dual,1e-7*n,1.0e-11,13,14,0.039568,0.0387461,97.9228164173069,5.79e-5,4.39e-5,0.0001478,0.0,0.0,0.0,0.0005723000000000003,0.49750306594577687,3.714206743724922e-12,-1.8828284110141704e-15,1.077582467701177e-12,0.0,3.858130318980749e-12,1.077582467701177e-12,8.333333333333334,diag_feasible,0,0,0,0,0,0,13,3.603764100252217e-14,1.12.6,lbt,1,1,Intel(R) Core(TM) 7 150U,NT,2abc7cc
degen-r50-m1-d1e-08-p0,100,Newton-SIN-BH,1e-7*n,9.999999999999999e-6,4,5,0.0113041,0.0082821,73.26633699277255,0.0,8.1e-6,0.0,0.002692,0.0,0.0,0.00032189999999999866,0.4975030659457749,3.2201455433991013e-13,-1.4844706018905096e-15,4.363176486776865e-14,4.363176486776865e-14,1.2722555203806538e-13,4.363176486776865e-14,NaN,converged,15,15,0,0,0,0,4,3.603764100252217e-14,1.12.6,lbt,1,1,Intel(R) Core(TM) 7 150U,NT,2abc7cc
degen-r50-m1-d1e-08-p0,100,Newton-SIN,1e-7*n,9.999999999999999e-6,5,12,0.0399518,0.0285296,71.41004910917655,0.0,1.15e-5,0.0,0.0110281,0.0,0.0,0.00038260000000000377,0.49750306594578075,2.2771023992470617e-13,-1.6862707030211094e-15,1.0658141036401503e-14,1.0658141036401503e-14,3.373836069561388e-14,1.0658141036401503e-14,NaN,converged,23,23,1,0,0,0,5,3.603764100252217e-14,1.12.6,lbt,1,1,Intel(R) Core(TM) 7 150U,NT,2abc7cc
degen-r50-m1-d1e-08-p0,100,AGD-SDAJ-BH,1e-7*n,1.0e-11,6,50,0.1307343,0.12816349999999999,98.03356884918493,0.0,6.79e-5,0.0,0.0,0.0,0.0,0.002502900000000012,0.49750306594899985,5.700555954293299e-12,-1.6956405569867773e-15,1.018407580488656e-12,1.018407580488656e-12,4.2637123463449336e-12,1.018407580488656e-12,NaN,diag_feasible,0,0,13,13,0,0,6,3.603764100252217e-14,1.12.6,lbt,1,1,Intel(R) Core(TM) 7 150U,NT,2abc7cc
degen-r50-m1-d1e-08-p0,100,AGD-SDAJ,1e-7*n,1.0e-11,8,78,0.2061949,0.2039658,98.91893543438756,0.0,0.0001071,0.0,0.0,0.0,0.0,0.0021219999999999837,0.4975030659481942,4.10759585777049e-12,-1.4976620395182888e-15,1.425082274408851e-12,1.425082274408851e-12,3.110156851289984e-12,1.425082274408851e-12,NaN,diag_feasible,0,0,31,16,15,0,8,3.603764100252217e-14,1.12.6,lbt,1,1,Intel(R) Core(TM) 7 150U,NT,2abc7cc
degen-r50-m1-d1e-08-p0,100,Dykstra-APM,1e-7*n,9.999999999999999e-6,37,37,0.0685027,0.0644341,94.06067206110123,0.0,0.0,0.0,0.0,0.0026103,0.0,0.0014583000000000057,0.49750306593987226,8.786832479501542e-12,-1.5342979634622786e-15,1.6231460620019789e-12,1.6231460620019789e-12,6.139255418817699e-12,1.6231460620019789e-12,NaN,diag_feasible,0,0,0,0,0,0,37,3.603764100252217e-14,1.12.6,lbt,1,1,Intel(R) Core(TM) 7 150U,NT,2abc7cc
degen-r50-m1-d1e-08-p0,100,Anderson-APM,1e-7*n,9.999999999999999e-6,17,17,0.0594631,0.0429785,72.27759736710667,0.0,0.0,0.0,0.0,0.0,0.0141424,0.0023421999999999957,0.4975030659399403,1.1294471727984688e-11,-1.6322961177580207e-15,4.29012381175653e-12,4.29012381175653e-12,8.143028836285466e-12,4.29012381175653e-12,NaN,diag_feasible,0,0,0,0,0,0,17,3.603764100252217e-14,1.12.6,lbt,1,1,Intel(R) Core(TM) 7 150U,NT,2abc7cc
degen-r50-m1-d1e-08-p1,100,SBB-Dual,1e-7*n,1.0e-11,14,15,0.0396809,0.0390611,98.43803945979049,3.76e-5,2.07e-5,0.0001195,0.0,0.0,0.0,0.00044199999999999665,0.4976873473095533,5.257301586047751e-13,-1.9135347296066236e-15,1.9451107391432743e-13,0.0,5.423714580900169e-13,1.9451107391432743e-13,15.384615384615385,diag_feasible,0,0,0,0,0,0,14,4.340673874312386e-14,1.12.6,lbt,1,1,Intel(R) Core(TM) 7 150U,NT,2abc7cc
degen-r50-m1-d1e-08-p1,100,Newton-SIN-BH,1e-7*n,9.999999999999999e-6,4,5,0.0148071,0.0102821,69.44033605500064,0.0,7.5e-6,0.0,0.0041555,0.0,0.0,0.0003619999999999995,0.49768734730955483,0.0,-1.3894074617755895e-15,1.5987211554602254e-14,1.5987211554602254e-14,4.340673874312386e-14,1.5987211554602254e-14,NaN,converged,15,15,0,0,0,0,4,4.340673874312386e-14,1.12.6,lbt,1,1,Intel(R) Core(TM) 7 150U,NT,2abc7cc
degen-r50-m1-d1e-08-p1,100,Newton-SIN,1e-7*n,9.999999999999999e-6,4,9,0.0312838,0.025939399999999998,82.91639762432952,0.0,9.0e-6,0.0,0.0050098,0.0,0.0,0.0003256000000000023,0.49768734730955483,0.0,-1.3894074617755895e-15,1.5987211554602254e-14,1.5987211554602254e-14,4.340673874312386e-14,1.5987211554602254e-14,NaN,converged,15,15,0,0,0,0,4,4.340673874312386e-14,1.12.6,lbt,1,1,Intel(R) Core(TM) 7 150U,NT,2abc7cc
degen-r50-m1-d1e-08-p1,100,AGD-SDAJ-BH,1e-7*n,1.0e-11,7,48,0.0637867,0.06290090000000001,98.61130925412353,0.0,3.74e-5,0.0,0.0,0.0,0.0,0.0008483999999999921,0.49768734731109493,2.5483198008146433e-12,-1.7735367530578608e-15,4.175548795615214e-13,4.175548795615214e-13,1.8996560531605825e-12,4.175548795615214e-13,NaN,diag_feasible,0,0,5,5,0,0,7,4.340673874312386e-14,1.12.6,lbt,1,1,Intel(R) Core(TM) 7 150U,NT,2abc7cc
degen-r50-m1-d1e-08-p1,100,AGD-SDAJ,1e-7*n,1.0e-11,5,39,0.1038699,0.10268920000000001,98.86328955741752,0.0,5.85e-5,0.0,0.0,0.0,0.0,0.001122199999999993,0.497687347316188,1.0936952569530301e-11,-1.6476336927681078e-15,1.7832402221529264e-12,1.7832402221529264e-12,8.160744687163644e-12,1.7832402221529264e-12,NaN,diag_feasible,0,0,8,5,3,0,5,4.340673874312386e-14,1.12.6,lbt,1,1,Intel(R) Core(TM) 7 150U,NT,2abc7cc
degen-r50-m1-d1e-08-p1,100,Dykstra-APM,1e-7*n,9.999999999999999e-6,37,37,0.0662191,0.0622393,93.9899515396615,0.0,0.0,0.0,0.0,0.0027378,0.0,0.0012420000000000057,0.4976873473045489,7.347611470179207e-12,-1.2312738535050972e-15,1.2356782264077992e-12,1.2356782264077992e-12,5.145924041513378e-12,1.2356782264077992e-12,NaN,diag_feasible,0,0,0,0,0,0,37,4.340673874312386e-14,1.12.6,lbt,1,1,Intel(R) Core(TM) 7 150U,NT,2abc7cc
degen-r50-m1-d1e-08-p1,100,Anderson-APM,1e-7*n,9.999999999999999e-6,17,17,0.0509984,0.0366279,71.82166499341156,0.0,0.0,0.0,0.0,0.0,0.0126966,0.0016739000000000007,0.4976873473067148,5.665338535013029e-12,-1.6684163820578013e-15,2.807754029277021e-12,2.807754029277021e-12,4.129318253731506e-12,2.807754029277021e-12,NaN,diag_feasible,0,0,0,0,0,0,17,4.340673874312386e-14,1.12.6,lbt,1,1,Intel(R) Core(TM) 7 150U,NT,2abc7cc
degen-r50-m1-d1e-08-p2,100,SBB-Dual,1e-7*n,1.0e-11,12,13,0.0349674,0.0344323,98.46971750830772,3.62e-5,1.77e-5,0.000118,0.0,0.0,0.0,0.0003632000000000036,0.4970509474131062,3.854122951085944e-12,-1.824013450545949e-15,2.9362068332261515e-12,0.0,4.51833991895068e-12,2.9362068332261515e-12,9.090909090909092,diag_feasible,0,0,0,0,0,0,12,1.574795691760857e-14,1.12.6,lbt,1,1,Intel(R) Core(TM) 7 150U,NT,2abc7cc
degen-r50-m1-d1e-08-p2,100,Newton-SIN-BH,1e-7*n,9.999999999999999e-6,4,5,0.0094519,0.0069299999999999995,73.31859202911583,0.0,7.4e-6,0.0,0.0022394,0.0,0.0,0.0002750999999999999,0.4970509474131105,0.0,-1.4802946931808272e-15,4.3298697960381105e-15,4.3298697960381105e-15,1.574795691760857e-14,4.3298697960381105e-15,NaN,converged,15,15,0,0,0,0,4,1.574795691760857e-14,1.12.6,lbt,1,1,Intel(R) Core(TM) 7 150U,NT,2abc7cc
degen-r50-m1-d1e-08-p2,100,Newton-SIN,1e-7*n,9.999999999999999e-6,4,9,0.0272238,0.0218169,80.13906949066626,0.0,9.7e-6,0.0,0.0050996,0.0,0.0,0.00029759999999999943,0.4970509474131105,0.0,-1.4802946931808272e-15,4.3298697960381105e-15,4.3298697960381105e-15,1.574795691760857e-14,4.3298697960381105e-15,NaN,converged,15,15,0,0,0,0,4,1.574795691760857e-14,1.12.6,lbt,1,1,Intel(R) Core(TM) 7 150U,NT,2abc7cc
degen-r50-m1-d1e-08-p2,100,AGD-SDAJ-BH,1e-7*n,1.0e-11,6,39,0.1093293,0.10781149999999999,98.61171707858733,0.0,6.82e-5,0.0,0.0,0.0,0.0,0.0014496000000000136,0.4970509474112025,3.28856887961347e-12,-1.5461320129774622e-15,8.413270080609436e-13,8.413270080609436e-13,2.5132455836972644e-12,8.413270080609436e-13,NaN,diag_feasible,0,0,4,4,0,0,6,1.574795691760857e-14,1.12.6,lbt,1,1,Intel(R) Core(TM) 7 150U,NT,2abc7cc
degen-r50-m1-d1e-08-p2,100,AGD-SDAJ,1e-7*n,1.0e-11,5,34,0.0906086,0.0892211,98.46868840264611,0.0,6.39e-5,0.0,0.0,0.0,0.0,0.0013235999999999999,0.4970509474088309,1.0947980635613532e-11,-1.6547668353933218e-15,3.40394379350073e-12,3.40394379350073e-12,9.030918605222433e-12,3.40394379350073e-12,NaN,diag_feasible_at_xpre,0,0,5,4,1,0,5,1.574795691760857e-14,1.12.6,lbt,1,1,Intel(R) Core(TM) 7 150U,NT,2abc7cc
degen-r50-m1-d1e-08-p2,100,Dykstra-APM,1e-7*n,9.999999999999999e-6,37,37,0.0949323,0.0874831,92.15314492538367,0.0,0.0,0.0,0.0,0.003171,0.0,0.004278200000000003,0.49705094740736144,8.417831175589553e-12,-1.542244281517935e-15,1.1366463326112353e-12,1.1366463326112353e-12,5.881868147285127e-12,1.1366463326112353e-12,NaN,diag_feasible,0,0,0,0,0,0,37,1.574795691760857e-14,1.12.6,lbt,1,1,Intel(R) Core(TM) 7 150U,NT,2abc7cc
degen-r50-m1-d1e-08-p2,100,Anderson-APM,1e-7*n,9.999999999999999e-6,16,16,0.058516,0.0406445,69.4587805044774,0.0,0.0,0.0,0.0,0.0,0.0155223,0.002349199999999999,0.49705094741126843,7.928911487467823e-12,-1.6027244477037515e-15,2.141620214501927e-12,2.141620214501927e-12,6.4921667238996086e-12,2.141620214501927e-12,NaN,diag_feasible,0,0,0,0,0,0,16,1.574795691760857e-14,1.12.6,lbt,1,1,Intel(R) Core(TM) 7 150U,NT,2abc7cc
degen-r50-m1-d1e-08-p3,100,SBB-Dual,1e-7*n,1.0e-11,14,15,0.03627,0.035681,98.37606837606837,3.88e-5,2.05e-5,0.0001207,0.0,0.0,0.0,0.00040899999999999926,0.49719136019182547,1.4597268788008197e-12,-1.615524197937278e-15,8.675282714420973e-13,0.0,1.6356067062801413e-12,8.675282714420973e-13,7.6923076923076925,diag_feasible,0,0,0,0,0,0,14,1.3431863393229333e-14,1.12.6,lbt,1,1,Intel(R) Core(TM) 7 150U,NT,2abc7cc
degen-r50-m1-d1e-08-p3,100,Newton-SIN-BH,1e-7*n,9.999999999999999e-6,4,5,0.0192265,0.0113501,59.0336254648532,0.0,9.1e-6,0.0,0.0074672,0.0,0.0,0.00040010000000000046,0.497191360191829,0.0,-1.410736780085692e-15,6.8833827526759706e-15,6.8833827526759706e-15,1.3431863393229333e-14,6.8833827526759706e-15,NaN,converged,15,15,0,0,0,0,4,1.3431863393229333e-14,1.12.6,lbt,1,1,Intel(R) Core(TM) 7 150U,NT,2abc7cc
degen-r50-m1-d1e-08-p3,100,Newton-SIN,1e-7*n,9.999999999999999e-6,4,9,0.0282004,0.0224871,79.74035829279018,0.0,9.7e-6,0.0,0.0050058,0.0,0.0,0.000697800000000001,0.497191360191829,0.0,-1.410736780085692e-15,6.8833827526759706e-15,6.8833827526759706e-15,1.3431863393229333e-14,6.8833827526759706e-15,NaN,converged,15,15,0,0,0,0,4,1.3431863393229333e-14,1.12.6,lbt,1,1,Intel(R) Core(TM) 7 150U,NT,2abc7cc
degen-r50-m1-d1e-08-p3,100,AGD-SDAJ-BH,1e-7*n,1.0e-11,5,33,0.0504148,0.0497383,98.65813213580138,0.0,2.9e-5,0.0,0.0,0.0,0.0,0.0006475000000000035,0.4971913601937515,3.3623434522462477e-12,-1.798261290909394e-15,1.390665360645471e-12,1.390665360645471e-12,2.6057913820880036e-12,1.390665360645471e-12,NaN,diag_feasible,0,0,2,2,0,0,5,1.3431863393229333e-14,1.12.6,lbt,1,1,Intel(R) Core(TM) 7 150U,NT,2abc7cc
degen-r50-m1-d1e-08-p3,100,AGD-SDAJ,1e-7*n,1.0e-11,5,39,0.1173168,0.1158971,98.78985788906618,0.0,7.5e-5,0.0,0.0,0.0,0.0,0.001344699999999996,0.49719136019373944,3.340210208584992e-12,-1.5668213698045252e-15,1.379452108096757e-12,1.379452108096757e-12,2.5879727453256495e-12,1.379452108096757e-12,NaN,diag_feasible,0,0,8,2,6,0,5,1.3431863393229333e-14,1.12.6,lbt,1,1,Intel(R) Core(TM) 7 150U,NT,2abc7cc
degen-r50-m1-d1e-08-p3,100,Dykstra-APM,1e-7*n,9.999999999999999e-6,37,37,0.095821,0.0890562,92.94016969140377,0.0,0.0,0.0,0.0,0.0031543,0.0,0.0036105000000000013,0.4971913601862424,8.190519761165143e-12,-1.4677214492507155e-15,1.2012613126444194e-12,1.2012613126444194e-12,5.728471101492727e-12,1.2012613126444194e-12,NaN,diag_feasible,0,0,0,0,0,0,37,1.3431863393229333e-14,1.12.6,lbt,1,1,Intel(R) Core(TM) 7 150U,NT,2abc7cc
degen-r50-m1-d1e-08-p3,100,Anderson-APM,1e-7*n,9.999999999999999e-6,17,17,0.0635478,0.0453562,71.37335989601527,0.0,0.0,0.0,0.0,0.0,0.0158977,0.0022939000000000015,0.4971913601885572,5.744727069788757e-12,-1.4648671961808402e-15,1.9544366125501256e-12,1.9544366125501256e-12,4.158741161652176e-12,1.9544366125501256e-12,NaN,diag_feasible,0,0,0,0,0,0,17,1.3431863393229333e-14,1.12.6,lbt,1,1,Intel(R) Core(TM) 7 150U,NT,2abc7cc
degen-r50-m1-d1e-08-p4,100,SBB-Dual,1e-7*n,1.0e-11,14,15,0.0310403,0.0305205,98.32540278283393,3.57e-5,2.42e-5,4.05e-5,0.0,0.0,0.0,0.0004194000000000008,0.4968095551282017,2.8315111843636084e-12,-1.6341065498392947e-15,5.243583345304614e-13,0.0,2.8456722794201814e-12,5.243583345304614e-13,7.6923076923076925,diag_feasible,0,0,0,0,0,0,14,1.744675831925558e-14,1.12.6,lbt,1,1,Intel(R) Core(TM) 7 150U,NT,2abc7cc
degen-r50-m1-d1e-08-p4,100,Newton-SIN-BH,1e-7*n,9.999999999999999e-6,4,5,0.0107211,0.0076933999999999995,71.7594276706681,0.0,7.8e-6,0.0,0.0027073,0.0,0.0,0.000312600000000001,0.4968095551282031,0.0,-1.9236564062076853e-15,4.6629367034256575e-15,4.6629367034256575e-15,1.744675831925558e-14,4.6629367034256575e-15,NaN,converged,15,15,0,0,0,0,4,1.744675831925558e-14,1.12.6,lbt,1,1,Intel(R) Core(TM) 7 150U,NT,2abc7cc
degen-r50-m1-d1e-08-p4,100,Newton-SIN,1e-7*n,9.999999999999999e-6,4,9,0.0308651,0.0242506,78.56964662353273,0.0,0.0002319,0.0,0.0060255,0.0,0.0,0.0003570999999999991,0.4968095551282031,0.0,-1.9236564062076853e-15,4.6629367034256575e-15,4.6629367034256575e-15,1.744675831925558e-14,4.6629367034256575e-15,NaN,converged,15,15,0,0,0,0,4,1.744675831925558e-14,1.12.6,lbt,1,1,Intel(R) Core(TM) 7 150U,NT,2abc7cc
degen-r50-m1-d1e-08-p4,100,AGD-SDAJ-BH,1e-7*n,1.0e-11,7,47,0.1114532,0.1088808,97.69194603654269,0.0,6.55e-5,0.0,0.0,0.0,0.0,0.0025069000000000024,0.49680955513000963,3.693531912796661e-12,-1.4341270018539932e-15,1.4833689832016717e-12,1.4833689832016717e-12,3.016631472974688e-12,1.4833689832016717e-12,NaN,diag_feasible_at_xpre,0,0,8,8,0,0,7,1.744675831925558e-14,1.12.6,lbt,1,1,Intel(R) Core(TM) 7 150U,NT,2abc7cc
degen-r50-m1-d1e-08-p4,100,AGD-SDAJ,1e-7*n,1.0e-11,7,51,0.118726,0.1172078,98.72125734885365,0.0,7.28e-5,0.0,0.0,0.0,0.0,0.0014453999999999973,0.49680955513001457,3.702120177166178e-12,-1.7325553780649596e-15,1.4882539645100223e-12,1.4882539645100223e-12,3.0223599013592084e-12,1.4882539645100223e-12,NaN,diag_feasible,0,0,10,8,2,0,7,1.744675831925558e-14,1.12.6,lbt,1,1,Intel(R) Core(TM) 7 150U,NT,2abc7cc
degen-r50-m1-d1e-08-p4,100,Dykstra-APM,1e-7*n,9.999999999999999e-6,37,37,0.1078336,0.0993356,92.1193394266722,0.0,0.0,0.0,0.0,0.0031407,0.0,0.005357300000000006,0.4968095551216569,9.600551818278562e-12,-1.591289518086647e-15,1.2325696019388488e-12,1.2325696019388488e-12,6.706167958721812e-12,1.2325696019388488e-12,NaN,diag_feasible,0,0,0,0,0,0,37,1.744675831925558e-14,1.12.6,lbt,1,1,Intel(R) Core(TM) 7 150U,NT,2abc7cc
degen-r50-m1-d1e-08-p4,100,Anderson-APM,1e-7*n,9.999999999999999e-6,16,16,0.0510532,0.0349697,68.49658787304224,0.0,0.0,0.0,0.0,0.0,0.0140532,0.0020303000000000005,0.4968095551247412,9.716249317346156e-12,-1.7042694254782655e-15,2.2108981312385367e-12,2.2108981312385367e-12,7.673883677554403e-12,2.2108981312385367e-12,NaN,diag_feasible,0,0,0,0,0,0,16,1.744675831925558e-14,1.12.6,lbt,1,1,Intel(R) Core(TM) 7 150U,NT,2abc7cc
degen-r50-m1-d1e-10-p0,100,SBB-Dual,1e-7*n,1.0e-11,13,14,0.0344034,0.033811,98.27807716679165,3.79e-5,1.91e-5,0.0001256,0.0,0.0,0.0,0.0004097999999999999,0.4975030668764453,2.9272575435361332e-12,-1.7976132701447357e-15,7.314149286230531e-13,0.0,3.0141474972848723e-12,7.314149286230531e-13,8.333333333333334,diag_feasible,0,0,0,0,0,0,13,6.77243325133197e-14,1.12.6,lbt,1,1,Intel(R) Core(TM) 7 150U,NT,2abc7cc
degen-r50-m1-d1e-10-p0,100,Newton-SIN-BH,1e-7*n,9.999999999999999e-6,5,6,0.0266553,0.01536,57.62456246975273,0.0,1.42e-5,0.0,0.0107056,0.0,0.0,0.0005754999999999996,0.4975030668764481,0.0,-1.6301541785201087e-15,2.1538326677728037e-14,2.1538326677728037e-14,6.77243325133197e-14,2.1538326677728037e-14,NaN,converged,26,26,0,0,0,0,5,6.77243325133197e-14,1.12.6,lbt,1,1,Intel(R) Core(TM) 7 150U,NT,2abc7cc
degen-r50-m1-d1e-10-p0,100,Newton-SIN,1e-7*n,9.999999999999999e-6,5,11,0.0331829,0.0232532,70.07585232152705,0.0,1.13e-5,0.0,0.0096078,0.0,0.0,0.0003105999999999994,0.4975030668764481,0.0,-1.6301541785201087e-15,2.1538326677728037e-14,2.1538326677728037e-14,6.77243325133197e-14,2.1538326677728037e-14,NaN,converged,26,26,0,0,0,0,5,6.77243325133197e-14,1.12.6,lbt,1,1,Intel(R) Core(TM) 7 150U,NT,2abc7cc
degen-r50-m1-d1e-10-p0,100,AGD-SDAJ-BH,1e-7*n,1.0e-11,6,50,0.0951281,0.0939554,98.7672412252531,0.0,5.49e-5,0.0,0.0,0.0,0.0,0.0011177999999999987,0.4975030668797237,5.778308408555396e-12,-1.631944892976897e-15,1.0503820035978606e-12,1.0503820035978606e-12,4.335895507659646e-12,1.0503820035978606e-12,NaN,diag_feasible,0,0,13,13,0,0,6,6.77243325133197e-14,1.12.6,lbt,1,1,Intel(R) Core(TM) 7 150U,NT,2abc7cc
degen-r50-m1-d1e-10-p0,100,AGD-SDAJ,1e-7*n,1.0e-11,6,56,0.0641729,0.06305809999999999,98.26281810546195,0.0,3.99e-5,0.0,0.0,0.0,0.0,0.001074900000000013,0.4975030668798576,7.282429836525092e-12,-1.4668455849859289e-15,2.447375635483695e-12,2.447375635483695e-12,5.941100309909905e-12,2.447375635483695e-12,NaN,diag_feasible_at_xpre,0,0,23,12,11,0,6,6.77243325133197e-14,1.12.6,lbt,1,1,Intel(R) Core(TM) 7 150U,NT,2abc7cc
degen-r50-m1-d1e-10-p0,100,Dykstra-APM,1e-7*n,9.999999999999999e-6,37,37,0.0827181,0.0772342,93.3703748030963,0.0,0.0,0.0,0.0,0.0030402,0.0,0.0024437,0.49750306687115764,7.88307813869773e-12,-1.5414703583538174e-15,1.4774848011711583e-12,1.4774848011711583e-12,5.504495899910944e-12,1.4774848011711583e-12,NaN,diag_feasible,0,0,0,0,0,0,37,6.77243325133197e-14,1.12.6,lbt,1,1,Intel(R) Core(TM) 7 150U,NT,2abc7cc
degen-r50-m1-d1e-10-p0,100,Anderson-APM,1e-7*n,9.999999999999999e-6,17,17,0.0642874,0.0440589,68.53426954582079,0.0,0.0,0.0,0.0,0.0,0.0151806,0.005047899999999996,0.49750306687093854,1.2469803938173324e-11,-1.4993177154166182e-15,4.314770762903208e-12,4.314770762903208e-12,9.226004202348672e-12,4.314770762903208e-12,NaN,diag_feasible,0,0,0,0,0,0,17,6.77243325133197e-14,1.12.6,lbt,1,1,Intel(R) Core(TM) 7 150U,NT,2abc7cc
degen-r50-m1-d1e-10-p1,100,SBB-Dual,1e-7*n,1.0e-11,14,15,0.0426558,0.041829599999999995,98.0631004458948,6.23e-5,3.53e-5,0.0001151,0.0,0.0,0.0,0.0006135000000000061,0.4976873482427288,6.397430740915485e-13,-1.9143196225235e-15,1.8596235662471372e-13,0.0,5.406255499350153e-13,1.8596235662471372e-13,15.384615384615385,diag_feasible,0,0,0,0,0,0,14,2.1549483246487613e-14,1.12.6,lbt,1,1,Intel(R) Core(TM) 7 150U,NT,2abc7cc
degen-r50-m1-d1e-10-p1,100,Newton-SIN-BH,1e-7*n,9.999999999999999e-6,5,6,0.0272266,0.0164232,60.320421940308364,0.0,1.18e-5,0.0,0.0102458,0.0,0.0,0.0005458000000000025,0.49768734824273164,0.0,-1.772069506653988e-15,5.329070518200751e-15,5.329070518200751e-15,2.1549483246487613e-14,5.329070518200751e-15,NaN,converged,26,26,0,0,0,0,5,2.1549483246487613e-14,1.12.6,lbt,1,1,Intel(R) Core(TM) 7 150U,NT,2abc7cc
degen-r50-m1-d1e-10-p1,100,Newton-SIN,1e-7*n,9.999999999999999e-6,5,11,0.0386365,0.0297534,77.00852820519458,0.0,1.22e-5,0.0,0.0084394,0.0,0.0,0.00043149999999999786,0.49768734824273164,0.0,-1.772069506653988e-15,5.329070518200751e-15,5.329070518200751e-15,2.1549483246487613e-14,5.329070518200751e-15,NaN,converged,26,26,0,0,0,0,5,2.1549483246487613e-14,1.12.6,lbt,1,1,Intel(R) Core(TM) 7 150U,NT,2abc7cc
degen-r50-m1-d1e-10-p1,100,AGD-SDAJ-BH,1e-7*n,1.0e-11,5,36,0.0600233,0.059176999999999993,98.5900475315419,0.0,4.12e-5,0.0,0.0,0.0,0.0,0.0008051000000000081,0.4976873482488095,1.002740501505673e-11,-1.5404351446453955e-15,1.6409096303959814e-12,1.6409096303959814e-12,7.481472663587194e-12,1.6409096303959814e-12,NaN,diag_feasible,0,0,5,5,0,0,5,2.1549483246487613e-14,1.12.6,lbt,1,1,Intel(R) Core(TM) 7 150U,NT,2abc7cc
degen-r50-m1-d1e-10-p1,100,AGD-SDAJ,1e-7*n,1.0e-11,5,37,0.092322,0.0889508,96.34843265960443,0.0,4.7e-5,0.0,0.0,0.0,0.0,0.0033242000000000046,0.4976873482489137,1.020429128866657e-11,-1.6251501563457525e-15,1.6661116930549724e-12,1.6661116930549724e-12,7.611120641415611e-12,1.6661116930549724e-12,NaN,diag_feasible,0,0,6,5,1,0,5,2.1549483246487613e-14,1.12.6,lbt,1,1,Intel(R) Core(TM) 7 150U,NT,2abc7cc
degen-r50-m1-d1e-10-p1,100,Dykstra-APM,1e-7*n,9.999999999999999e-6,36,36,0.0566671,0.0528925,93.33899211358973,0.0,0.0,0.0,0.0,0.0025483,0.0,0.0012262999999999961,0.4976873482339819,1.2841266569207044e-11,-1.8795444945739533e-15,2.1898038937706588e-12,2.1898038937706588e-12,8.995777587749331e-12,2.1898038937706588e-12,NaN,diag_feasible,0,0,0,0,0,0,36,2.1549483246487613e-14,1.12.6,lbt,1,1,Intel(R) Core(TM) 7 150U,NT,2abc7cc
degen-r50-m1-d1e-10-p1,100,Anderson-APM,1e-7*n,9.999999999999999e-6,17,17,0.0644249,0.0456448,70.84962491210696,0.0,0.0,0.0,0.0,0.0,0.0156161,0.003163999999999993,0.4976873482389469,8.084243206822193e-12,-1.6461193484594786e-15,4.113376306236205e-12,4.113376306236205e-12,5.95607696859015e-12,4.113376306236205e-12,NaN,diag_feasible,0,0,0,0,0,0,17,2.1549483246487613e-14,1.12.6,lbt,1,1,Intel(R) Core(TM) 7 150U,NT,2abc7cc
degen-r50-m1-d1e-10-p2,100,SBB-Dual,1e-7*n,1.0e-11,12,13,0.0316012,0.0310932,98.39246610888195,3.44e-5,1.76e-5,0.0001168,0.0,0.0,0.0,0.00033920000000000147,0.49705094834717595,3.913468733818974e-12,-1.5545960510420257e-15,2.9508617771512036e-12,0.0,4.574134566233994e-12,2.9508617771512036e-12,9.090909090909092,diag_feasible,0,0,0,0,0,0,12,2.2369272070029526e-14,1.12.6,lbt,1,1,Intel(R) Core(TM) 7 150U,NT,2abc7cc
degen-r50-m1-d1e-10-p2,100,Newton-SIN-BH,1e-7*n,9.999999999999999e-6,5,6,0.0272597,0.0144328,52.94555699439099,0.0,1.05e-5,0.0,0.0122231,0.0,0.0,0.0005932999999999997,0.49705094834717456,0.0,-1.5304261618809937e-15,6.439293542825908e-15,6.439293542825908e-15,2.2369272070029526e-14,6.439293542825908e-15,NaN,converged,26,26,0,0,0,0,5,2.2369272070029526e-14,1.12.6,lbt,1,1,Intel(R) Core(TM) 7 150U,NT,2abc7cc
degen-r50-m1-d1e-10-p2,100,Newton-SIN,1e-7*n,9.999999999999999e-6,5,11,0.036235,0.027174,74.99379053401407,0.0,1.11e-5,0.0,0.0087096,0.0,0.0,0.00034030000000000345,0.49705094834717456,0.0,-1.5304261618809937e-15,6.439293542825908e-15,6.439293542825908e-15,2.2369272070029526e-14,6.439293542825908e-15,NaN,converged,26,26,0,0,0,0,5,2.2369272070029526e-14,1.12.6,lbt,1,1,Intel(R) Core(TM) 7 150U,NT,2abc7cc
degen-r50-m1-d1e-10-p2,100,AGD-SDAJ-BH,1e-7*n,1.0e-11,5,33,0.0900796,0.08901529999999999,98.81848942490863,0.0,4.17e-5,0.0,0.0,0.0,0.0,0.0010226000000000041,0.49705094834491126,8.095326830848342e-12,-1.562617911642018e-15,2.8028690479686702e-12,2.8028690479686702e-12,6.779283783022681e-12,2.8028690479686702e-12,NaN,diag_feasible_at_xpre,0,0,4,4,0,0,5,2.2369272070029526e-14,1.12.6,lbt,1,1,Intel(R) Core(TM) 7 150U,NT,2abc7cc
degen-r50-m1-d1e-10-p2,100,AGD-SDAJ,1e-7*n,1.0e-11,5,37,0.0990668,0.09796270000000001,98.88549948115819,0.0,4.91e-5,0.0,0.0,0.0,0.0,0.0010549999999999828,0.49705094833985386,1.1961864670654043e-11,-1.5731607167258286e-15,3.818279026290838e-12,3.818279026290838e-12,8.925846616040331e-12,3.818279026290838e-12,NaN,diag_feasible,0,0,6,4,2,0,5,2.2369272070029526e-14,1.12.6,lbt,1,1,Intel(R) Core(TM) 7 150U,NT,2abc7cc
degen-r50-m1-d1e-10-p2,100,Dykstra-APM,1e-7*n,9.999999999999999e-6,37,37,0.0969172,0.0884753,91.28957501867575,0.0,0.0,0.0,0.0,0.0046722,0.0,0.0037696999999999887,0.49705094834207303,7.466231688892154e-12,-1.5662257102157095e-15,1.0231815394945443e-12,1.0231815394945443e-12,5.222426157056589e-12,1.0231815394945443e-12,NaN,diag_feasible,0,0,0,0,0,0,37,2.2369272070029526e-14,1.12.6,lbt,1,1,Intel(R) Core(TM) 7 150U,NT,2abc7cc
degen-r50-m1-d1e-10-p2,100,Anderson-APM,1e-7*n,9.999999999999999e-6,16,16,0.0661254,0.0474047,71.6890937521739,0.0,0.0,0.0,0.0,0.0,0.0162791,0.0024415999999999986,0.49705094834473107,8.69506806046303e-12,-1.3389906312716887e-15,2.3658852654762086e-12,2.3658852654762086e-12,7.00869385436459e-12,2.3658852654762086e-12,NaN,diag_feasible,0,0,0,0,0,0,16,2.2369272070029526e-14,1.12.6,lbt,1,1,Intel(R) Core(TM) 7 150U,NT,2abc7cc
degen-r50-m1-d1e-10-p3,100,SBB-Dual,1e-7*n,1.0e-11,14,15,0.039171,0.0385577,98.43430088585944,5.04e-5,2.39e-5,0.0001135,0.0,0.0,0.0,0.00042549999999999717,0.4971913611189001,1.4651969207171382e-12,-1.583489167835597e-15,8.637535131583718e-13,0.0,1.6414969519518507e-12,8.637535131583718e-13,7.6923076923076925,diag_feasible,0,0,0,0,0,0,14,1.928754900369478e-14,1.12.6,lbt,1,1,Intel(R) Core(TM) 7 150U,NT,2abc7cc
degen-r50-m1-d1e-10-p3,100,Newton-SIN-BH,1e-7*n,9.999999999999999e-6,5,6,0.0147471,0.0094369,63.99156444317866,0.0,8.5e-6,0.0,0.0049235,0.0,0.0,0.0003782000000000013,0.49719136111890455,0.0,-1.293000754474783e-15,6.8833827526759706e-15,6.8833827526759706e-15,1.928754900369478e-14,6.8833827526759706e-15,NaN,converged,26,26,0,0,0,0,5,1.928754900369478e-14,1.12.6,lbt,1,1,Intel(R) Core(TM) 7 150U,NT,2abc7cc
degen-r50-m1-d1e-10-p3,100,Newton-SIN,1e-7*n,9.999999999999999e-6,6,15,0.0487721,0.0371708,76.21324486745496,0.0,3.02e-5,0.0,0.0111463,0.0,0.0,0.00042480000000000295,0.49719136111890333,1.153485282315594e-13,-1.6448921045348066e-15,5.773159728050814e-15,5.773159728050814e-15,2.2062452955749333e-14,5.773159728050814e-15,NaN,converged,34,34,2,0,0,0,6,1.928754900369478e-14,1.12.6,lbt,1,1,Intel(R) Core(TM) 7 150U,NT,2abc7cc
degen-r50-m1-d1e-10-p3,100,AGD-SDAJ-BH,1e-7*n,1.0e-11,6,38,0.0880753,0.0870673,98.85552476119867,0.0,4.5e-5,0.0,0.0,0.0,0.0,0.000962999999999995,0.49719136112284956,6.8996726953831966e-12,-1.9889787218097562e-15,3.1474822748123188e-12,3.1474822748123188e-12,5.373581085565053e-12,3.1474822748123188e-12,NaN,diag_feasible,0,0,3,3,0,0,6,1.928754900369478e-14,1.12.6,lbt,1,1,Intel(R) Core(TM) 7 150U,NT,2abc7cc
degen-r50-m1-d1e-10-p3,100,AGD-SDAJ,1e-7*n,1.0e-11,6,46,0.1668777,0.1631476,97.7647702479121,0.0,8.38e-5,0.0,0.0,0.0,0.0,0.003646299999999986,0.4971913611228711,6.931192043111411e-12,-1.3728281908822715e-15,3.1599167726881205e-12,3.1599167726881205e-12,5.396733333024941e-12,3.1599167726881205e-12,NaN,diag_feasible_at_xpre,0,0,13,3,10,0,6,1.928754900369478e-14,1.12.6,lbt,1,1,Intel(R) Core(TM) 7 150U,NT,2abc7cc
degen-r50-m1-d1e-10-p3,100,Dykstra-APM,1e-7*n,9.999999999999999e-6,36,36,0.1005272,0.0891723,88.70464908999753,0.0,0.0,0.0,0.0,0.0030517,0.0,0.0083032,0.49719136110921913,1.4196532951236168e-11,-1.6483468967269721e-15,2.0901058661593197e-12,2.0901058661593197e-12,9.927717530691303e-12,2.0901058661593197e-12,NaN,diag_feasible,0,0,0,0,0,0,36,1.928754900369478e-14,1.12.6,lbt,1,1,Intel(R) Core(TM) 7 150U,NT,2abc7cc
degen-r50-m1-d1e-10-p3,100,Anderson-APM,1e-7*n,9.999999999999999e-6,17,17,0.066768,0.046055,68.97765396597173,0.0,0.0,0.0,0.0,0.0,0.0182939,0.002419099999999997,0.4971913611155391,5.949666422207744e-12,-2.169199132298718e-15,2.085442929455894e-12,2.085442929455894e-12,4.305848637608676e-12,2.085442929455894e-12,NaN,diag_feasible,0,0,0,0,0,0,17,1.928754900369478e-14,1.12.6,lbt,1,1,Intel(R) Core(TM) 7 150U,NT,2abc7cc
degen-r50-m1-d1e-10-p4,100,SBB-Dual,1e-7*n,1.0e-11,14,15,0.0387336,0.0381353,98.45534626267633,4.99e-5,2.48e-5,0.0001186,0.0,0.0,0.0,0.00040500000000000307,0.4968095560429916,1.1213484610811473e-12,-1.6735814742160008e-15,5.893063814710331e-13,0.0,1.2097460862445266e-12,5.893063814710331e-13,7.6923076923076925,diag_feasible,0,0,0,0,0,0,14,1.981522620668547e-14,1.12.6,lbt,1,1,Intel(R) Core(TM) 7 150U,NT,2abc7cc
degen-r50-m1-d1e-10-p4,100,Newton-SIN-BH,1e-7*n,9.999999999999999e-6,5,6,0.0150554,0.0099366,66.00023911686172,0.0,8.8e-6,0.0,0.0047176,0.0,0.0,0.0003924000000000002,0.49680955604299193,0.0,-1.5976085378473932e-15,6.106226635438361e-15,6.106226635438361e-15,1.981522620668547e-14,6.106226635438361e-15,NaN,converged,26,26,0,0,0,0,5,1.981522620668547e-14,1.12.6,lbt,1,1,Intel(R) Core(TM) 7 150U,NT,2abc7cc
degen-r50-m1-d1e-10-p4,100,Newton-SIN,1e-7*n,9.999999999999999e-6,5,11,0.049486,0.037267400000000006,75.3089762761185,0.0,1.88e-5,0.0,0.0116651,0.0,0.0,0.0005346999999999973,0.49680955604299193,0.0,-1.5976085378473932e-15,6.106226635438361e-15,6.106226635438361e-15,1.981522620668547e-14,6.106226635438361e-15,NaN,converged,26,26,0,0,0,0,5,1.981522620668547e-14,1.12.6,lbt,1,1,Intel(R) Core(TM) 7 150U,NT,2abc7cc
degen-r50-m1-d1e-10-p4,100,AGD-SDAJ-BH,1e-7*n,1.0e-11,5,32,0.0868544,0.08580679999999999,98.79384348979441,0.0,4.49e-5,0.0,0.0,0.0,0.0,0.0010027000000000096,0.4968095560453482,4.096134544439986e-12,-1.8202119346797218e-15,9.325873406851315e-13,9.325873406851315e-13,3.1037457285697205e-12,9.325873406851315e-13,NaN,diag_feasible,0,0,1,1,0,0,5,1.981522620668547e-14,1.12.6,lbt,1,1,Intel(R) Core(TM) 7 150U,NT,2abc7cc
degen-r50-m1-d1e-10-p4,100,AGD-SDAJ,1e-7*n,1.0e-11,6,42,0.1135489,0.1119444,98.5869524055275,0.0,7.49e-5,0.0,0.0,0.0,0.0,0.001529599999999995,0.49680955604466864,2.860268037285479e-12,-1.7577806769680397e-15,6.303846333821639e-13,6.303846333821639e-13,2.1549678034632328e-12,6.303846333821639e-13,NaN,diag_feasible,0,0,5,2,3,0,6,1.981522620668547e-14,1.12.6,lbt,1,1,Intel(R) Core(TM) 7 150U,NT,2abc7cc
degen-r50-m1-d1e-10-p4,100,Dykstra-APM,1e-7*n,9.999999999999999e-6,37,37,0.1045376,0.0968899,92.68425906085467,0.0,0.0,0.0,0.0,0.0035465,0.0,0.004101199999999993,0.4968095560370956,8.651093393436999e-12,-1.507664331755378e-15,1.1286527268339341e-12,1.1286527268339341e-12,6.044603787510849e-12,1.1286527268339341e-12,NaN,diag_feasible,0,0,0,0,0,0,37,1.981522620668547e-14,1.12.6,lbt,1,1,Intel(R) Core(TM) 7 150U,NT,2abc7cc
degen-r50-m1-d1e-10-p4,100,Anderson-APM,1e-7*n,9.999999999999999e-6,16,16,0.0641985,0.0464327,72.32676775937132,0.0,0.0,0.0,0.0,0.0,0.0152526,0.0025132000000000054,0.49680955603849336,1.1375396648531316e-11,-1.5042911597222025e-15,2.6278978992877455e-12,2.6278978992877455e-12,8.858234330645915e-12,2.6278978992877455e-12,NaN,diag_feasible,0,0,0,0,0,0,16,1.981522620668547e-14,1.12.6,lbt,1,1,Intel(R) Core(TM) 7 150U,NT,2abc7cc
degen-r50-m1-d0-p0,100,SBB-Dual,1e-7*n,1.0e-11,13,14,0.0390112,0.0384306,98.51170945779674,5.08e-5,2.22e-5,0.0001123,0.0,0.0,0.0,0.0003953000000000005,0.49750306688584617,2.7870962640210805e-12,-1.5288881458432645e-15,6.654676809603188e-13,0.0,2.8061365799746453e-12,6.654676809603188e-13,8.333333333333334,diag_feasible,0,0,0,0,0,0,13,4.9048115276053e-14,1.12.6,lbt,1,1,Intel(R) Core(TM) 7 150U,NT,2abc7cc
degen-r50-m1-d0-p0,100,Newton-SIN-BH,1e-7*n,9.999999999999999e-6,4,5,0.0173995,0.011083599999999999,63.70068105405327,0.0,7.9e-6,0.0,0.0059627,0.0,0.0,0.0003452999999999998,0.4975030668858475,0.0,-1.778926262694132e-15,1.2656542480726785e-14,1.2656542480726785e-14,4.9048115276053e-14,1.2656542480726785e-14,NaN,converged,15,15,0,0,0,0,4,4.9048115276053e-14,1.12.6,lbt,1,1,Intel(R) Core(TM) 7 150U,NT,2abc7cc
degen-r50-m1-d0-p0,100,Newton-SIN,1e-7*n,9.999999999999999e-6,4,9,0.0245552,0.0197817,80.56012575747704,0.0,8.3e-6,0.0,0.0045118,0.0,0.0,0.0002534,0.4975030668858475,0.0,-1.778926262694132e-15,1.2656542480726785e-14,1.2656542480726785e-14,4.9048115276053e-14,1.2656542480726785e-14,NaN,converged,15,15,0,0,0,0,4,4.9048115276053e-14,1.12.6,lbt,1,1,Intel(R) Core(TM) 7 150U,NT,2abc7cc
degen-r50-m1-d0-p0,100,AGD-SDAJ-BH,1e-7*n,1.0e-11,6,50,0.1236963,0.12215670000000001,98.75533868030007,0.0,7.04e-5,0.0,0.0,0.0,0.0,0.0014691999999999882,0.49750306688911716,5.803957581684561e-12,-1.5210119180313947e-15,1.042943509332872e-12,1.042943509332872e-12,4.3371260987276e-12,1.042943509332872e-12,NaN,diag_feasible,0,0,13,13,0,0,6,4.9048115276053e-14,1.12.6,lbt,1,1,Intel(R) Core(TM) 7 150U,NT,2abc7cc
degen-r50-m1-d0-p0,100,AGD-SDAJ,1e-7*n,1.0e-11,6,50,0.130631,0.1290162,98.76384625395197,0.0,6.89e-5,0.0,0.0,0.0,0.0,0.0015458999999999996,0.49750306688911716,5.803957581684561e-12,-1.5210119180313947e-15,1.042943509332872e-12,1.042943509332872e-12,4.3371260987276e-12,1.042943509332872e-12,NaN,diag_feasible,0,0,13,13,0,0,6,4.9048115276053e-14,1.12.6,lbt,1,1,Intel(R) Core(TM) 7 150U,NT,2abc7cc
degen-r50-m1-d0-p0,100,Dykstra-APM,1e-7*n,9.999999999999999e-6,36,36,0.0921504,0.0850386,92.28239920825088,0.0,0.0,0.0,0.0,0.0030603,0.0,0.004051499999999987,0.4975030668765044,1.3864090042660365e-11,-1.5904617697887715e-15,2.7713387140693158e-12,2.7713387140693158e-12,9.772224146718297e-12,2.7713387140693158e-12,NaN,diag_feasible,0,0,0,0,0,0,36,4.9048115276053e-14,1.12.6,lbt,1,1,Intel(R) Core(TM) 7 150U,NT,2abc7cc
degen-r50-m1-d0-p0,100,Anderson-APM,1e-7*n,9.999999999999999e-6,17,17,0.0662932,0.0497708,75.07678012224481,0.0,0.0,0.0,0.0,0.0,0.0140291,0.0024933000000000004,0.49750306687969126,1.2094618448431078e-11,-1.5004079754367809e-15,4.759970195777896e-12,4.759970195777896e-12,8.784162671281042e-12,4.759970195777896e-12,NaN,diag_feasible,0,0,0,0,0,0,17,4.9048115276053e-14,1.12.6,lbt,1,1,Intel(R) Core(TM) 7 150U,NT,2abc7cc
degen-r50-m1-d0-p1,100,SBB-Dual,1e-7*n,1.0e-11,14,15,0.0436536,0.043054499999999996,98.6276045961845,4.59e-5,2.32e-5,0.000119,0.0,0.0,0.0,0.00041100000000000517,0.4976873482521553,5.143328363949795e-13,-1.7640668371449213e-15,2.128297538206425e-13,0.0,5.538921919028038e-13,2.128297538206425e-13,15.384615384615385,diag_feasible,0,0,0,0,0,0,14,4.4229117191921616e-14,1.12.6,lbt,1,1,Intel(R) Core(TM) 7 150U,NT,2abc7cc
degen-r50-m1-d0-p1,100,Newton-SIN-BH,1e-7*n,9.999999999999999e-6,4,5,0.0171906,0.012166,70.77123544262561,0.0,9.1e-6,0.0,0.0046492,0.0,0.0,0.0003663000000000008,0.4976873482521585,0.0,-1.818550585576704e-15,1.6209256159527285e-14,1.6209256159527285e-14,4.4229117191921616e-14,1.6209256159527285e-14,NaN,converged,15,15,0,0,0,0,4,4.4229117191921616e-14,1.12.6,lbt,1,1,Intel(R) Core(TM) 7 150U,NT,2abc7cc
degen-r50-m1-d0-p1,100,Newton-SIN,1e-7*n,9.999999999999999e-6,4,9,0.0275665,0.0213309,77.37979068797273,0.0,9.3e-6,0.0,0.0058821,0.0,0.0,0.00034420000000000023,0.4976873482521585,0.0,-1.818550585576704e-15,1.6209256159527285e-14,1.6209256159527285e-14,4.4229117191921616e-14,1.6209256159527285e-14,NaN,converged,15,15,0,0,0,0,4,4.4229117191921616e-14,1.12.6,lbt,1,1,Intel(R) Core(TM) 7 150U,NT,2abc7cc
degen-r50-m1-d0-p1,100,AGD-SDAJ-BH,1e-7*n,1.0e-11,6,42,0.0668305,0.0659269,98.64792272989128,0.0,4.07e-5,0.0,0.0,0.0,0.0,0.0008629000000000044,0.4976873482597326,1.2816752728011913e-11,-1.6002528200222102e-15,2.193911718961772e-12,2.193911718961772e-12,9.66489703997158e-12,2.193911718961772e-12,NaN,diag_feasible,0,0,5,5,0,0,6,4.4229117191921616e-14,1.12.6,lbt,1,1,Intel(R) Core(TM) 7 150U,NT,2abc7cc
degen-r50-m1-d0-p1,100,AGD-SDAJ,1e-7*n,1.0e-11,5,41,0.0937563,0.0922065,98.34699108219927,0.0,5.43e-5,0.0,0.0,0.0,0.0,0.001495500000000004,0.49768734825823024,1.0017227846790705e-11,-1.5236070691723793e-15,1.638911228951656e-12,1.638911228951656e-12,7.478077817351493e-12,1.638911228951656e-12,NaN,diag_feasible,0,0,10,5,5,0,5,4.4229117191921616e-14,1.12.6,lbt,1,1,Intel(R) Core(TM) 7 150U,NT,2abc7cc
degen-r50-m1-d0-p1,100,Dykstra-APM,1e-7*n,9.999999999999999e-6,36,36,0.0715002,0.065629,91.78855443760997,0.0,0.0,0.0,0.0,0.0026688,0.0,0.0032023999999999933,0.49768734824425914,1.1533140474947872e-11,-1.6578478442796543e-15,2.0523582833220644e-12,2.0523582833220644e-12,8.143944640772367e-12,2.0523582833220644e-12,NaN,diag_feasible,0,0,0,0,0,0,36,4.4229117191921616e-14,1.12.6,lbt,1,1,Intel(R) Core(TM) 7 150U,NT,2abc7cc
degen-r50-m1-d0-p1,100,Anderson-APM,1e-7*n,9.999999999999999e-6,17,17,0.0662973,0.0479807,72.37202721679465,0.0,0.0,0.0,0.0,0.0,0.015402,0.0029146000000000016,0.4976873482483739,7.583692129454171e-12,-1.5455631778323373e-15,3.93529653308633e-12,3.93529653308633e-12,5.552784807320152e-12,3.93529653308633e-12,NaN,diag_feasible,0,0,0,0,0,0,17,4.4229117191921616e-14,1.12.6,lbt,1,1,Intel(R) Core(TM) 7 150U,NT,2abc7cc
degen-r50-m1-d0-p2,100,SBB-Dual,1e-7*n,1.0e-11,12,13,0.0388408,0.0375316,96.6293176247657,3.78e-5,2.28e-5,0.0008779,0.0,0.0,0.0,0.00037070000000000354,0.4970509483566108,3.907908156680702e-12,-1.652350651052116e-15,2.9486413311019533e-12,0.0,4.573037937012273e-12,2.9486413311019533e-12,9.090909090909092,diag_feasible,0,0,0,0,0,0,12,2.3947127181370697e-14,1.12.6,lbt,1,1,Intel(R) Core(TM) 7 150U,NT,2abc7cc
degen-r50-m1-d0-p2,100,Newton-SIN-BH,1e-7*n,9.999999999999999e-6,4,5,0.0169209,0.011353,67.09453988854021,0.0,8.4e-6,0.0,0.005192,0.0,0.0,0.0003674999999999989,0.4970509483566118,0.0,-1.3647730563364133e-15,7.327471962526033e-15,7.327471962526033e-15,2.3947127181370697e-14,7.327471962526033e-15,NaN,converged,15,15,0,0,0,0,4,2.3947127181370697e-14,1.12.6,lbt,1,1,Intel(R) Core(TM) 7 150U,NT,2abc7cc
degen-r50-m1-d0-p2,100,Newton-SIN,1e-7*n,9.999999999999999e-6,4,9,0.0268117,0.021901999999999998,81.68821820324709,0.0,9.3e-6,0.0,0.0046177,0.0,0.0,0.0002827000000000029,0.4970509483566118,0.0,-1.3647730563364133e-15,7.327471962526033e-15,7.327471962526033e-15,2.3947127181370697e-14,7.327471962526033e-15,NaN,converged,15,15,0,0,0,0,4,2.3947127181370697e-14,1.12.6,lbt,1,1,Intel(R) Core(TM) 7 150U,NT,2abc7cc
degen-r50-m1-d0-p2,100,AGD-SDAJ-BH,1e-7*n,1.0e-11,5,35,0.0832876,0.0822716,98.78013053563795,0.0,5.93e-5,0.0,0.0,0.0,0.0,0.000956700000000003,0.4970509483508985,9.300161416405403e-12,-1.5837058574006601e-15,3.028022277362652e-12,3.028022277362652e-12,6.999395499267214e-12,3.028022277362652e-12,NaN,diag_feasible,0,0,4,4,0,0,5,2.3947127181370697e-14,1.12.6,lbt,1,1,Intel(R) Core(TM) 7 150U,NT,2abc7cc
degen-r50-m1-d0-p2,100,AGD-SDAJ,1e-7*n,1.0e-11,5,39,0.0938758,0.0927579,98.80917126671625,0.0,4.92e-5,0.0,0.0,0.0,0.0,0.001068699999999991,0.4970509483509043,9.290946037434737e-12,-1.796154263802072e-15,3.0253577421035516e-12,3.0253577421035516e-12,6.992418149539805e-12,3.0253577421035516e-12,NaN,diag_feasible,0,0,8,4,4,0,5,2.3947127181370697e-14,1.12.6,lbt,1,1,Intel(R) Core(TM) 7 150U,NT,2abc7cc
degen-r50-m1-d0-p2,100,Dykstra-APM,1e-7*n,9.999999999999999e-6,36,36,0.0945727,0.0880344,93.08648267417553,0.0,0.0,0.0,0.0,0.0029138,0.0,0.003624499999999997,0.49705094834762126,1.3039541833229454e-11,-1.4296282694867508e-15,1.9106938253798944e-12,1.9106938253798944e-12,9.205013686156488e-12,1.9106938253798944e-12,NaN,diag_feasible,0,0,0,0,0,0,36,2.3947127181370697e-14,1.12.6,lbt,1,1,Intel(R) Core(TM) 7 150U,NT,2abc7cc
degen-r50-m1-d0-p2,100,Anderson-APM,1e-7*n,9.999999999999999e-6,16,16,0.062316,0.0417774,67.04120932023878,0.0,0.0,0.0,0.0,0.0,0.0163778,0.004160800000000003,0.4970509483536535,9.018353948662754e-12,-1.6879842626109845e-15,2.5137669723562794e-12,2.5137669723562794e-12,7.164606189680017e-12,2.5137669723562794e-12,NaN,diag_feasible,0,0,0,0,0,0,16,2.3947127181370697e-14,1.12.6,lbt,1,1,Intel(R) Core(TM) 7 150U,NT,2abc7cc
degen-r50-m1-d0-p3,100,SBB-Dual,1e-7*n,1.0e-11,14,15,0.043594,0.042770300000000004,98.11051979630226,5.68e-5,3.21e-5,0.0001463,0.0,0.0,0.0,0.0005884999999999967,0.49719136112826423,1.47039279502437e-12,-1.767021561392224e-15,8.669731599297847e-13,0.0,1.6451832239056345e-12,8.669731599297847e-13,7.6923076923076925,diag_feasible,0,0,0,0,0,0,14,1.795680636998374e-14,1.12.6,lbt,1,1,Intel(R) Core(TM) 7 150U,NT,2abc7cc
degen-r50-m1-d0-p3,100,Newton-SIN-BH,1e-7*n,9.999999999999999e-6,4,5,0.0207211,0.0144925,69.94078499693549,0.0,1.19e-5,0.0,0.0056697,0.0,0.0,0.0005469999999999997,0.497191361128267,0.0,-1.793442562526745e-15,4.440892098500626e-15,4.440892098500626e-15,1.795680636998374e-14,4.440892098500626e-15,NaN,converged,15,15,0,0,0,0,4,1.795680636998374e-14,1.12.6,lbt,1,1,Intel(R) Core(TM) 7 150U,NT,2abc7cc
degen-r50-m1-d0-p3,100,Newton-SIN,1e-7*n,9.999999999999999e-6,4,9,0.0283499,0.0218563,77.09480456721187,0.0,1.08e-5,0.0,0.0061158,0.0,0.0,0.0003670000000000019,0.497191361128267,0.0,-1.793442562526745e-15,4.440892098500626e-15,4.440892098500626e-15,1.795680636998374e-14,4.440892098500626e-15,NaN,converged,15,15,0,0,0,0,4,1.795680636998374e-14,1.12.6,lbt,1,1,Intel(R) Core(TM) 7 150U,NT,2abc7cc
degen-r50-m1-d0-p3,100,AGD-SDAJ-BH,1e-7*n,1.0e-11,5,33,0.0898576,0.0884493,98.43274247253433,0.0,6.75e-5,0.0,0.0,0.0,0.0,0.0013408000000000011,0.49719136113017603,3.3414021900721338e-12,-1.5020436301083272e-15,1.3806733534238447e-12,1.3806733534238447e-12,2.588597739831716e-12,1.3806733534238447e-12,NaN,diag_feasible,0,0,2,2,0,0,5,1.795680636998374e-14,1.12.6,lbt,1,1,Intel(R) Core(TM) 7 150U,NT,2abc7cc
degen-r50-m1-d0-p3,100,AGD-SDAJ,1e-7*n,1.0e-11,5,36,0.093456,0.0921619,98.61528419791134,0.0,5.66e-5,0.0,0.0,0.0,0.0,0.0012374999999999925,0.4971913611302084,3.3970795709920923e-12,-1.4638746122637131e-15,1.4104273304837989e-12,1.4104273304837989e-12,2.633232277975442e-12,1.4104273304837989e-12,NaN,diag_feasible,0,0,5,2,3,0,5,1.795680636998374e-14,1.12.6,lbt,1,1,Intel(R) Core(TM) 7 150U,NT,2abc7cc
degen-r50-m1-d0-p3,100,Dykstra-APM,1e-7*n,9.999999999999999e-6,36,36,0.1188013,0.1087661,91.55295438686278,0.0,0.0,0.0,0.0,0.0047411,0.0,0.005294099999999994,0.49719136111952034,1.2709684218175301e-11,-1.6344926270344097e-15,1.88005166990024e-12,1.88005166990024e-12,8.972819490357564e-12,1.88005166990024e-12,NaN,diag_feasible,0,0,0,0,0,0,36,1.795680636998374e-14,1.12.6,lbt,1,1,Intel(R) Core(TM) 7 150U,NT,2abc7cc
degen-r50-m1-d0-p3,100,Anderson-APM,1e-7*n,9.999999999999999e-6,17,17,0.0560756,0.0378423,67.48443173144827,0.0,0.0,0.0,0.0,0.0,0.0155748,0.002658500000000001,0.49719136112463835,6.498374581856098e-12,-1.6403223064977735e-15,2.3445689834034056e-12,2.3445689834034056e-12,4.749749540790086e-12,2.3445689834034056e-12,NaN,diag_feasible,0,0,0,0,0,0,17,1.795680636998374e-14,1.12.6,lbt,1,1,Intel(R) Core(TM) 7 150U,NT,2abc7cc
degen-r50-m1-d0-p4,100,SBB-Dual,1e-7*n,1.0e-11,14,15,0.0257548,0.0253087,98.26789569323,2.33e-5,1.82e-5,5.15e-5,0.0,0.0,0.0,0.0003531000000000013,0.496809556052232,1.0337999523393414e-12,-1.684932727481047e-15,4.750644322371045e-13,0.0,1.0802792993559205e-12,4.750644322371045e-13,7.6923076923076925,diag_feasible,0,0,0,0,0,0,14,3.3572821182335826e-14,1.12.6,lbt,1,1,Intel(R) Core(TM) 7 150U,NT,2abc7cc
degen-r50-m1-d0-p4,100,Newton-SIN-BH,1e-7*n,9.999999999999999e-6,4,5,0.0179438,0.012763499999999999,71.13041830604442,0.0,9.8e-6,0.0,0.004768,0.0,0.0,0.00040250000000000095,0.49680955605223776,0.0,-1.5203957608010466e-15,1.176836406102666e-14,1.176836406102666e-14,3.3572821182335826e-14,1.176836406102666e-14,NaN,converged,15,15,0,0,0,0,4,3.3572821182335826e-14,1.12.6,lbt,1,1,Intel(R) Core(TM) 7 150U,NT,2abc7cc
degen-r50-m1-d0-p4,100,Newton-SIN,1e-7*n,9.999999999999999e-6,4,9,0.0264823,0.021527499999999998,81.2901447381836,0.0,8.7e-6,0.0,0.0046767,0.0,0.0,0.0002694000000000021,0.49680955605223776,0.0,-1.5203957608010466e-15,1.176836406102666e-14,1.176836406102666e-14,3.3572821182335826e-14,1.176836406102666e-14,NaN,converged,15,15,0,0,0,0,4,3.3572821182335826e-14,1.12.6,lbt,1,1,Intel(R) Core(TM) 7 150U,NT,2abc7cc
degen-r50-m1-d0-p4,100,AGD-SDAJ-BH,1e-7*n,1.0e-11,6,34,0.0874503,0.08633260000000001,98.72190261211227,0.0,5.04e-5,0.0,0.0,0.0,0.0,0.0010672999999999854,0.4968095560586346,1.089278322570091e-11,-1.9557418442738474e-15,2.858602243804853e-12,2.858602243804853e-12,8.298006177155169e-12,2.858602243804853e-12,NaN,diag_feasible_at_xpre,0,0,1,1,0,0,6,3.3572821182335826e-14,1.12.6,lbt,1,1,Intel(R) Core(TM) 7 150U,NT,2abc7cc
degen-r50-m1-d0-p4,100,AGD-SDAJ,1e-7*n,1.0e-11,6,40,0.1035543,0.1021787,98.67161479532959,0.0,5.8e-5,0.0,0.0,0.0,0.0,0.0013176000000000047,0.49680955605863364,1.0869880486454518e-11,-1.3948750462139205e-15,2.8377300509419e-12,2.8377300509419e-12,8.272060001564571e-12,2.8377300509419e-12,NaN,diag_feasible_at_xpre,0,0,7,1,6,0,6,3.3572821182335826e-14,1.12.6,lbt,1,1,Intel(R) Core(TM) 7 150U,NT,2abc7cc
degen-r50-m1-d0-p4,100,Dykstra-APM,1e-7*n,9.999999999999999e-6,37,37,0.1006436,0.0938415,93.24139836015405,0.0,0.0,0.0,0.0,0.0031218,0.0,0.0036803000000000053,0.49680955604692423,7.760635772979875e-12,-1.440699960986777e-15,1.0842438058489279e-12,1.0842438058489279e-12,5.4625009716912395e-12,1.0842438058489279e-12,NaN,diag_feasible,0,0,0,0,0,0,37,3.3572821182335826e-14,1.12.6,lbt,1,1,Intel(R) Core(TM) 7 150U,NT,2abc7cc
degen-r50-m1-d0-p4,100,Anderson-APM,1e-7*n,9.999999999999999e-6,16,16,0.0271084,0.0225899,83.33173481282553,0.0,0.0,0.0,0.0,0.0,0.0036265,0.0008920000000000017,0.4968095560483344,1.0537780138701181e-11,-1.4936780505772726e-15,2.460698311779197e-12,2.460698311779197e-12,8.285500628591277e-12,2.460698311779197e-12,NaN,diag_feasible,0,0,0,0,0,0,16,3.3572821182335826e-14,1.12.6,lbt,1,1,Intel(R) Core(TM) 7 150U,NT,2abc7cc
degen-r50-m5-d0.01-p0,100,SBB-Dual,1e-7*n,1.0e-11,14,15,0.0312448,0.0307891,98.54151730848014,3.11e-5,2.14e-5,4.95e-5,0.0,0.0,0.0,0.00035369999999999987,0.4906613917964541,3.0708753326637036e-12,-1.6139053243350004e-15,8.275602425555917e-13,0.0,3.22071133757938e-12,8.275602425555917e-13,7.6923076923076925,diag_feasible,0,0,0,0,0,0,14,4.781994904706968e-14,1.12.6,lbt,1,1,Intel(R) Core(TM) 7 150U,NT,2abc7cc
degen-r50-m5-d0.01-p0,100,Newton-SIN-BH,1e-7*n,9.999999999999999e-6,4,5,0.017247,0.0108192,62.730909723430166,0.0,9.5e-6,0.0,0.0060094,0.0,0.0,0.00040889999999999937,0.49066139179645385,6.468942856706084e-13,-1.830356283988548e-15,2.2426505097428162e-14,2.2426505097428162e-14,7.272520138789034e-14,2.2426505097428162e-14,NaN,converged,19,19,0,0,0,0,4,4.781994904706968e-14,1.12.6,lbt,1,1,Intel(R) Core(TM) 7 150U,NT,2abc7cc
degen-r50-m5-d0.01-p0,100,Newton-SIN,1e-7*n,9.999999999999999e-6,5,13,0.0646722,0.0459792,71.09577221742882,0.0,1.57e-5,0.0,0.0182586,0.0,0.0,0.000418700000000001,0.49066139179645396,3.5036034058214744e-13,-1.4789741859753834e-15,1.0103029524088925e-14,1.0103029524088925e-14,2.4120729041713984e-14,1.0103029524088925e-14,NaN,converged,29,29,2,0,0,0,5,4.781994904706968e-14,1.12.6,lbt,1,1,Intel(R) Core(TM) 7 150U,NT,2abc7cc
degen-r50-m5-d0.01-p0,100,AGD-SDAJ-BH,1e-7*n,1.0e-11,7,50,0.1327604,0.1309237,98.61653023040003,0.0,6.74e-5,0.0,0.0,0.0,0.0,0.0017692999999999967,0.4906613917939116,4.690268131322771e-12,-1.412215711996793e-15,8.417710972707937e-13,8.417710972707937e-13,3.535846348461678e-12,8.417710972707937e-13,NaN,diag_feasible,0,0,7,7,0,0,7,4.781994904706968e-14,1.12.6,lbt,1,1,Intel(R) Core(TM) 7 150U,NT,2abc7cc
degen-r50-m5-d0.01-p0,100,AGD-SDAJ,1e-7*n,1.0e-11,7,54,0.1393618,0.1378483,98.91397786193922,0.0,7.02e-5,0.0,0.0,0.0,0.0,0.0014433000000000009,0.490661391795005,2.7085819769973585e-12,-1.6920645621023456e-15,7.30304705598428e-13,7.30304705598428e-13,2.0125608538032833e-12,7.30304705598428e-13,NaN,diag_feasible,0,0,11,8,3,0,7,4.781994904706968e-14,1.12.6,lbt,1,1,Intel(R) Core(TM) 7 150U,NT,2abc7cc
degen-r50-m5-d0.01-p0,100,Dykstra-APM,1e-7*n,9.999999999999999e-6,37,37,0.1040659,0.0972856,93.48460927162499,0.0,0.0,0.0,0.0,0.0031003,0.0,0.003680000000000003,0.49066139179018214,9.952977380119352e-12,-1.2836329632334012e-15,1.780131597683976e-12,1.780131597683976e-12,6.944684045667687e-12,1.780131597683976e-12,NaN,diag_feasible,0,0,0,0,0,0,37,4.781994904706968e-14,1.12.6,lbt,1,1,Intel(R) Core(TM) 7 150U,NT,2abc7cc
degen-r50-m5-d0.01-p0,100,Anderson-APM,1e-7*n,9.999999999999999e-6,17,17,0.0663657,0.047112,70.98847748159064,0.0,0.0,0.0,0.0,0.0,0.0161563,0.0030974,0.4906613917978206,6.826651626218667e-12,-1.5517019131346676e-15,3.877564935805822e-12,3.877564935805822e-12,5.2902676698405915e-12,3.877564935805822e-12,NaN,diag_feasible,0,0,0,0,0,0,17,4.781994904706968e-14,1.12.6,lbt,1,1,Intel(R) Core(TM) 7 150U,NT,2abc7cc
degen-r50-m5-d0.01-p1,100,SBB-Dual,1e-7*n,1.0e-11,14,15,0.0393532,0.0387585,98.48881412439142,4.17e-5,2.03e-5,0.0001188,0.0,0.0,0.0,0.0004138999999999966,0.4909729965978508,2.3459372909625494e-12,-1.661481213703545e-15,5.03375119365046e-13,0.0,2.353319179605846e-12,5.03375119365046e-13,7.6923076923076925,diag_feasible,0,0,0,0,0,0,14,1.549864980054063e-14,1.12.6,lbt,1,1,Intel(R) Core(TM) 7 150U,NT,2abc7cc
degen-r50-m5-d0.01-p1,100,Newton-SIN-BH,1e-7*n,9.999999999999999e-6,4,5,0.0178706,0.0109014,61.00186899152799,0.0,8.0e-6,0.0,0.0066008,0.0,0.0,0.00036039999999999944,0.49097299659785204,0.0,-1.5002803895321977e-15,6.8833827526759706e-15,6.8833827526759706e-15,1.549864980054063e-14,6.8833827526759706e-15,NaN,converged,19,19,0,0,0,0,4,1.549864980054063e-14,1.12.6,lbt,1,1,Intel(R) Core(TM) 7 150U,NT,2abc7cc
degen-r50-m5-d0.01-p1,100,Newton-SIN,1e-7*n,9.999999999999999e-6,4,9,0.0273866,0.021253599999999997,77.60583643095528,0.0,8.1e-6,0.0,0.0058614,0.0,0.0,0.0002635000000000033,0.49097299659785204,0.0,-1.5002803895321977e-15,6.8833827526759706e-15,6.8833827526759706e-15,1.549864980054063e-14,6.8833827526759706e-15,NaN,converged,19,19,0,0,0,0,4,1.549864980054063e-14,1.12.6,lbt,1,1,Intel(R) Core(TM) 7 150U,NT,2abc7cc
degen-r50-m5-d0.01-p1,100,AGD-SDAJ-BH,1e-7*n,1.0e-11,6,42,0.1162198,0.1149738,98.92789352588801,0.0,5.83e-5,0.0,0.0,0.0,0.0,0.001187699999999997,0.4909729965949325,5.426371318900448e-12,-1.7844825426550053e-15,1.1579626146840383e-12,1.1579626146840383e-12,4.130629987934286e-12,1.1579626146840383e-12,NaN,diag_feasible,0,0,5,5,0,0,6,1.549864980054063e-14,1.12.6,lbt,1,1,Intel(R) Core(TM) 7 150U,NT,2abc7cc
degen-r50-m5-d0.01-p1,100,AGD-SDAJ,1e-7*n,1.0e-11,6,44,0.1259162,0.1244942,98.87067748232555,0.0,6.38e-5,0.0,0.0,0.0,0.0,0.0013582000000000067,0.49097299659493515,5.420349379130825e-12,-1.7080734493323775e-15,1.156408302449563e-12,1.156408302449563e-12,4.130313914129951e-12,1.156408302449563e-12,NaN,diag_feasible,0,0,7,5,2,0,6,1.549864980054063e-14,1.12.6,lbt,1,1,Intel(R) Core(TM) 7 150U,NT,2abc7cc
degen-r50-m5-d0.01-p1,100,Dykstra-APM,1e-7*n,9.999999999999999e-6,37,37,0.0854546,0.0796426,93.19872774549292,0.0,0.0,0.0,0.0,0.0032335,0.0,0.0025785000000000118,0.4909729965923915,8.531647004430246e-12,-1.5847009711037143e-15,1.4050982599655981e-12,1.4050982599655981e-12,5.976830263335568e-12,1.4050982599655981e-12,NaN,diag_feasible,0,0,0,0,0,0,37,1.549864980054063e-14,1.12.6,lbt,1,1,Intel(R) Core(TM) 7 150U,NT,2abc7cc
degen-r50-m5-d0.01-p1,100,Anderson-APM,1e-7*n,9.999999999999999e-6,17,17,0.0614568,0.0440822,71.72875906327697,0.0,0.0,0.0,0.0,0.0,0.0147074,0.0026671999999999963,0.49097299660204524,9.459922233911149e-12,-1.3416555418449857e-15,4.539257858482415e-12,4.539257858482415e-12,7.088694556506419e-12,4.539257858482415e-12,NaN,diag_feasible,0,0,0,0,0,0,17,1.549864980054063e-14,1.12.6,lbt,1,1,Intel(R) Core(TM) 7 150U,NT,2abc7cc
degen-r50-m5-d0.01-p2,100,SBB-Dual,1e-7*n,1.0e-11,14,15,0.0377271,0.037094300000000004,98.32269111593524,4.41e-5,2.48e-5,0.0001147,0.0,0.0,0.0,0.00044919999999999585,0.48971290905637793,4.770452946571659e-12,-2.07703681104951e-15,9.887646257311644e-13,0.0,5.003048412097397e-12,9.887646257311644e-13,7.6923076923076925,diag_feasible,0,0,0,0,0,0,14,2.0007746788300057e-14,1.12.6,lbt,1,1,Intel(R) Core(TM) 7 150U,NT,2abc7cc
degen-r50-m5-d0.01-p2,100,Newton-SIN-BH,1e-7*n,9.999999999999999e-6,4,5,0.0131245,0.009353199999999999,71.26519105489731,0.0,7.4e-6,0.0,0.0034333,0.0,0.0,0.00033060000000000207,0.48971290905638093,1.7934622808783815e-13,-1.4299095339535242e-15,7.105427357601002e-15,7.105427357601002e-15,2.7888263172698605e-14,7.105427357601002e-15,NaN,converged,19,19,0,0,0,0,4,2.0007746788300057e-14,1.12.6,lbt,1,1,Intel(R) Core(TM) 7 150U,NT,2abc7cc
degen-r50-m5-d0.01-p2,100,Newton-SIN,1e-7*n,9.999999999999999e-6,4,9,0.0399571,0.0308177,77.12696867390277,0.0,1.24e-5,0.0,0.0087562,0.0,0.0,0.0003708000000000027,0.48971290905638093,1.7934622808783815e-13,-1.4299095339535242e-15,7.105427357601002e-15,7.105427357601002e-15,2.7888263172698605e-14,7.105427357601002e-15,NaN,converged,19,19,0,0,0,0,4,2.0007746788300057e-14,1.12.6,lbt,1,1,Intel(R) Core(TM) 7 150U,NT,2abc7cc
degen-r50-m5-d0.01-p2,100,AGD-SDAJ-BH,1e-7*n,1.0e-11,7,46,0.0973777,0.0961574,98.74683834183803,0.0,5.83e-5,0.0,0.0,0.0,0.0,0.0011619999999999936,0.48971290905345954,8.69586997524348e-12,-1.5085066841523468e-15,2.738476112540411e-12,2.738476112540411e-12,7.1023708312653756e-12,2.738476112540411e-12,NaN,diag_feasible_at_xpre,0,0,5,5,0,0,7,2.0007746788300057e-14,1.12.6,lbt,1,1,Intel(R) Core(TM) 7 150U,NT,2abc7cc
degen-r50-m5-d0.01-p2,100,AGD-SDAJ,1e-7*n,1.0e-11,6,52,0.1384664,0.13620690000000002,98.36819618333402,0.0,7.07e-5,0.0,0.0,0.0,0.0,0.00218879999999997,0.48971290905518466,2.90716839612099e-12,-1.7115141453928718e-15,8.080203173221889e-13,8.080203173221889e-13,2.3520970641737454e-12,8.080203173221889e-13,NaN,diag_feasible,0,0,15,2,13,0,6,2.0007746788300057e-14,1.12.6,lbt,1,1,Intel(R) Core(TM) 7 150U,NT,2abc7cc
degen-r50-m5-d0.01-p2,100,Dykstra-APM,1e-7*n,9.999999999999999e-6,37,37,0.1095888,0.1004981,91.70471800037961,0.0,0.0,0.0,0.0,0.0045612,0.0,0.004529499999999994,0.48971290904992004,1.005298918348858e-11,-1.5785465824291354e-15,1.3502532425491154e-12,1.3502532425491154e-12,7.025862926980635e-12,1.3502532425491154e-12,NaN,diag_feasible,0,0,0,0,0,0,37,2.0007746788300057e-14,1.12.6,lbt,1,1,Intel(R) Core(TM) 7 150U,NT,2abc7cc
degen-r50-m5-d0.01-p2,100,Anderson-APM,1e-7*n,9.999999999999999e-6,16,16,0.062485,0.0434778,69.58117948307593,0.0,0.0,0.0,0.0,0.0,0.0168349,0.002172300000000002,0.48971290905353937,7.810545967101576e-12,-1.5880030908055684e-15,2.2178925362936752e-12,2.2178925362936752e-12,6.118728223357895e-12,2.2178925362936752e-12,NaN,diag_feasible,0,0,0,0,0,0,16,2.0007746788300057e-14,1.12.6,lbt,1,1,Intel(R) Core(TM) 7 150U,NT,2abc7cc
degen-r50-m5-d0.01-p3,100,SBB-Dual,1e-7*n,1.0e-11,14,15,0.0390635,0.038485899999999997,98.52138185262456,4.32e-5,2.05e-5,0.0001199,0.0,0.0,0.0,0.00039400000000000454,0.4889885447846151,3.726442922992686e-12,-1.630530717538773e-15,1.007416372544867e-12,0.0,3.969013133546202e-12,1.007416372544867e-12,7.6923076923076925,diag_feasible,0,0,0,0,0,0,14,1.7794419681032807e-14,1.12.6,lbt,1,1,Intel(R) Core(TM) 7 150U,NT,2abc7cc
degen-r50-m5-d0.01-p3,100,Newton-SIN-BH,1e-7*n,9.999999999999999e-6,4,5,0.0146929,0.010675100000000002,72.65481967480893,0.0,9.0e-6,0.0,0.0036441,0.0,0.0,0.0003646999999999982,0.4889885447846161,9.381884190968167e-14,-1.3667217664815243e-15,3.774758283725532e-15,3.774758283725532e-15,1.5407319777083364e-14,3.774758283725532e-15,NaN,converged,19,19,0,0,0,0,4,1.7794419681032807e-14,1.12.6,lbt,1,1,Intel(R) Core(TM) 7 150U,NT,2abc7cc
degen-r50-m5-d0.01-p3,100,Newton-SIN,1e-7*n,9.999999999999999e-6,4,9,0.0327813,0.0251998,76.87248522785858,0.0,9.0e-6,0.0,0.0072765,0.0,0.0,0.00029599999999999765,0.4889885447846161,9.381884190968167e-14,-1.3667217664815243e-15,3.774758283725532e-15,3.774758283725532e-15,1.5407319777083364e-14,3.774758283725532e-15,NaN,converged,19,19,0,0,0,0,4,1.7794419681032807e-14,1.12.6,lbt,1,1,Intel(R) Core(TM) 7 150U,NT,2abc7cc
degen-r50-m5-d0.01-p3,100,AGD-SDAJ-BH,1e-7*n,1.0e-11,7,45,0.0558974,0.0551421,98.64877436159821,0.0,3.12e-5,0.0,0.0,0.0,0.0,0.0007241000000000004,0.4889885447818373,5.940425998398227e-12,-1.974974475774421e-15,2.1813661987835076e-12,2.1813661987835076e-12,4.824618794583817e-12,2.1813661987835076e-12,NaN,diag_feasible,0,0,4,4,0,0,7,1.7794419681032807e-14,1.12.6,lbt,1,1,Intel(R) Core(TM) 7 150U,NT,2abc7cc
degen-r50-m5-d0.01-p3,100,AGD-SDAJ,1e-7*n,1.0e-11,7,44,0.1315811,0.1300935,98.86944249592077,0.0,6.65e-5,0.0,0.0,0.0,0.0,0.0014211000000000056,0.4889885447818376,5.944998494764113e-12,-1.6356240866269002e-15,2.1845858455549205e-12,2.1845858455549205e-12,4.829613533276151e-12,2.1845858455549205e-12,NaN,diag_feasible_at_xpre,0,0,5,4,1,0,7,1.7794419681032807e-14,1.12.6,lbt,1,1,Intel(R) Core(TM) 7 150U,NT,2abc7cc
degen-r50-m5-d0.01-p3,100,Dykstra-APM,1e-7*n,9.999999999999999e-6,37,37,0.1096354,0.1029371,93.89038576955984,0.0,0.0,0.0,0.0,0.0030031,0.0,0.0036951999999999905,0.48898854477819703,9.944765814371237e-12,-1.4393458022449252e-15,1.4552803406786552e-12,1.4552803406786552e-12,6.955010773784046e-12,1.4552803406786552e-12,NaN,diag_feasible,0,0,0,0,0,0,37,1.7794419681032807e-14,1.12.6,lbt,1,1,Intel(R) Core(TM) 7 150U,NT,2abc7cc
degen-r50-m5-d0.01-p3,100,Anderson-APM,1e-7*n,9.999999999999999e-6,16,16,0.0583777,0.0404382,69.26994383129176,0.0,0.0,0.0,0.0,0.0,0.0157908,0.0021486999999999964,0.4889885447792035,8.924994615825157e-12,-1.7407955538264298e-15,1.3200551762793111e-12,1.3200551762793111e-12,6.486349695043677e-12,1.3200551762793111e-12,NaN,diag_feasible,0,0,0,0,0,0,16,1.7794419681032807e-14,1.12.6,lbt,1,1,Intel(R) Core(TM) 7 150U,NT,2abc7cc
degen-r50-m5-d0.01-p4,100,SBB-Dual,1e-7*n,1.0e-11,14,15,0.0422532,0.0416666,98.61170278227449,4.14e-5,1.99e-5,0.0001197,0.0,0.0,0.0,0.0004055999999999996,0.4894192518872895,3.736739552573344e-12,-1.4797630798816879e-15,9.130474154517287e-13,0.0,3.833901694717794e-12,9.130474154517287e-13,7.6923076923076925,diag_feasible,0,0,0,0,0,0,14,2.754158790223576e-14,1.12.6,lbt,1,1,Intel(R) Core(TM) 7 150U,NT,2abc7cc
degen-r50-m5-d0.01-p4,100,Newton-SIN-BH,1e-7*n,9.999999999999999e-6,4,5,0.0129594,0.0085116,65.67896661882494,0.0,7.9e-6,0.0,0.0040858,0.0,0.0,0.0003541000000000004,0.48941925188729224,1.5792048660362033e-13,-1.4006144424409166e-15,1.1102230246251565e-14,1.1102230246251565e-14,2.933069714477386e-14,1.1102230246251565e-14,NaN,converged,19,19,0,0,0,0,4,2.754158790223576e-14,1.12.6,lbt,1,1,Intel(R) Core(TM) 7 150U,NT,2abc7cc
degen-r50-m5-d0.01-p4,100,Newton-SIN,1e-7*n,9.999999999999999e-6,4,9,0.0382057,0.0268659,70.31908851297058,0.0,1.15e-5,0.0,0.0110214,0.0,0.0,0.0003069000000000006,0.48941925188729224,1.5792048660362033e-13,-1.4006144424409166e-15,1.1102230246251565e-14,1.1102230246251565e-14,2.933069714477386e-14,1.1102230246251565e-14,NaN,converged,19,19,0,0,0,0,4,2.754158790223576e-14,1.12.6,lbt,1,1,Intel(R) Core(TM) 7 150U,NT,2abc7cc
degen-r50-m5-d0.01-p4,100,AGD-SDAJ-BH,1e-7*n,1.0e-11,7,46,0.1495732,0.14771700000000001,98.75900228115734,0.0,7.2e-5,0.0,0.0,0.0,0.0,0.0017841999999999745,0.48941925188329094,7.627064724057252e-12,-1.9169697717652736e-15,1.1755041384731157e-12,1.1755041384731157e-12,5.897039464881985e-12,1.1755041384731157e-12,NaN,diag_feasible_at_xpre,0,0,7,7,0,0,7,2.754158790223576e-14,1.12.6,lbt,1,1,Intel(R) Core(TM) 7 150U,NT,2abc7cc
degen-r50-m5-d0.01-p4,100,AGD-SDAJ,1e-7*n,1.0e-11,7,46,0.1118474,0.10971149999999999,98.090344522984,0.0,5.89e-5,0.0,0.0,0.0,0.0,0.00207700000000001,0.48941925188329094,7.627064724057252e-12,-1.9169697717652736e-15,1.1755041384731157e-12,1.1755041384731157e-12,5.897039464881985e-12,1.1755041384731157e-12,NaN,diag_feasible_at_xpre,0,0,7,7,0,0,7,2.754158790223576e-14,1.12.6,lbt,1,1,Intel(R) Core(TM) 7 150U,NT,2abc7cc
degen-r50-m5-d0.01-p4,100,Dykstra-APM,1e-7*n,9.999999999999999e-6,37,37,0.1098364,0.1007776,91.75246093280552,0.0,0.0,0.0,0.0,0.0040701,0.0,0.004988700000000006,0.48941925188022356,1.0980661403349168e-11,-1.4966313494251673e-15,1.411093464298574e-12,1.411093464298574e-12,7.667959343749359e-12,1.411093464298574e-12,NaN,diag_feasible,0,0,0,0,0,0,37,2.754158790223576e-14,1.12.6,lbt,1,1,Intel(R) Core(TM) 7 150U,NT,2abc7cc
degen-r50-m5-d0.01-p4,100,Anderson-APM,1e-7*n,9.999999999999999e-6,16,16,0.0596698,0.0415859,69.69337923036444,0.0,0.0,0.0,0.0,0.0,0.0153047,0.0027792000000000008,0.489419251886426,4.876795861456565e-12,-1.5667612425905025e-15,1.9271251261443467e-12,1.9271251261443467e-12,3.916741157782953e-12,1.9271251261443467e-12,NaN,diag_feasible,0,0,0,0,0,0,16,2.754158790223576e-14,1.12.6,lbt,1,1,Intel(R) Core(TM) 7 150U,NT,2abc7cc
degen-r50-m5-d0.0001-p0,100,SBB-Dual,1e-7*n,1.0e-11,13,14,0.047654,0.0449663,94.35996978217987,4.91e-5,2.94e-5,0.0005119,0.0,0.0,0.0,0.002097300000000001,0.49448014072860913,7.102159233974007e-12,-1.5879211720374165e-15,2.3387958236753548e-12,0.0,7.471646779956205e-12,2.3387958236753548e-12,8.333333333333334,diag_feasible,0,0,0,0,0,0,13,4.8593917707029864e-14,1.12.6,lbt,1,1,Intel(R) Core(TM) 7 150U,NT,2abc7cc
degen-r50-m5-d0.0001-p0,100,Newton-SIN-BH,1e-7*n,9.999999999999999e-6,4,5,0.0188095,0.0125799,66.88056567160211,0.0,9.7e-6,0.0,0.0057974,0.0,0.0,0.00042250000000000013,0.49448014072861374,3.3327420631507066e-13,-1.541819281675748e-15,1.554312234475219e-14,1.554312234475219e-14,6.083262394595508e-14,1.554312234475219e-14,NaN,converged,17,17,0,0,0,0,4,4.8593917707029864e-14,1.12.6,lbt,1,1,Intel(R) Core(TM) 7 150U,NT,2abc7cc
degen-r50-m5-d0.0001-p0,100,Newton-SIN,1e-7*n,9.999999999999999e-6,4,9,0.0291837,0.022544599999999998,77.25065704485723,0.0,9.2e-6,0.0,0.0063157,0.0,0.0,0.0003142000000000023,0.49448014072861374,3.3327420631507066e-13,-1.541819281675748e-15,1.554312234475219e-14,1.554312234475219e-14,6.083262394595508e-14,1.554312234475219e-14,NaN,converged,17,17,0,0,0,0,4,4.8593917707029864e-14,1.12.6,lbt,1,1,Intel(R) Core(TM) 7 150U,NT,2abc7cc
degen-r50-m5-d0.0001-p0,100,AGD-SDAJ-BH,1e-7*n,1.0e-11,8,57,0.0925463,0.0906405,97.94070643558953,0.0,5.47e-5,0.0,0.0,0.0,0.0,0.0018510999999999992,0.49448014073064256,4.996366115072161e-12,-1.7074903829912939e-15,2.4449331448295197e-12,2.4449331448295197e-12,4.136158164593245e-12,2.4449331448295197e-12,NaN,diag_feasible_at_xpre,0,0,12,12,0,0,8,4.8593917707029864e-14,1.12.6,lbt,1,1,Intel(R) Core(TM) 7 150U,NT,2abc7cc
degen-r50-m5-d0.0001-p0,100,AGD-SDAJ,1e-7*n,1.0e-11,7,59,0.0897478,0.0886048,98.72643117714304,0.0,5.6e-5,0.0,0.0,0.0,0.0,0.001087000000000005,0.4944801407296886,2.076994237759883e-12,-1.7259067929734592e-15,4.694022948115162e-13,4.694022948115162e-13,1.5690413656580283e-12,4.694022948115162e-13,NaN,diag_feasible,0,0,16,12,4,0,7,4.8593917707029864e-14,1.12.6,lbt,1,1,Intel(R) Core(TM) 7 150U,NT,2abc7cc
degen-r50-m5-d0.0001-p0,100,Dykstra-APM,1e-7*n,9.999999999999999e-6,36,36,0.0763419,0.0720347,94.35801309634681,0.0,0.0,0.0,0.0,0.0024877,0.0,0.0018195000000000112,0.4944801407218259,1.0952116872279438e-11,-1.6379402837789568e-15,1.956435013994451e-12,1.956435013994451e-12,7.653439494860257e-12,1.956435013994451e-12,NaN,diag_feasible,0,0,0,0,0,0,36,4.8593917707029864e-14,1.12.6,lbt,1,1,Intel(R) Core(TM) 7 150U,NT,2abc7cc
degen-r50-m5-d0.0001-p0,100,Anderson-APM,1e-7*n,9.999999999999999e-6,18,18,0.0510983,0.0392744,76.86048263836567,0.0,0.0,0.0,0.0,0.0,0.0100781,0.0017457999999999987,0.49448014072657565,4.422868519456991e-12,-1.5079542779373634e-15,1.453503983839255e-12,1.453503983839255e-12,3.289710643683919e-12,1.453503983839255e-12,NaN,diag_feasible,0,0,0,0,0,0,18,4.8593917707029864e-14,1.12.6,lbt,1,1,Intel(R) Core(TM) 7 150U,NT,2abc7cc
degen-r50-m5-d0.0001-p1,100,SBB-Dual,1e-7*n,1.0e-11,13,14,0.0233762,0.0229825,98.31580838630744,2.22e-5,1.35e-5,4.85e-5,0.0,0.0,0.0,0.0003095000000000003,0.4948184881890997,4.984942714807727e-12,-1.720114221383423e-15,1.2367884494324244e-12,0.0,5.059482782831671e-12,1.2367884494324244e-12,8.333333333333334,diag_feasible,0,0,0,0,0,0,13,1.5215727052320663e-14,1.12.6,lbt,1,1,Intel(R) Core(TM) 7 150U,NT,2abc7cc
degen-r50-m5-d0.0001-p1,100,Newton-SIN-BH,1e-7*n,9.999999999999999e-6,4,5,0.0186213,0.0127046,68.2261711051323,0.0,9.6e-6,0.0,0.0054815,0.0,0.0,0.00042559999999999994,0.49481848818910545,1.3790494304498052e-13,-1.5733957852493051e-15,6.328271240363392e-15,6.328271240363392e-15,2.2693132434496382e-14,6.328271240363392e-15,NaN,converged,15,15,0,0,0,0,4,1.5215727052320663e-14,1.12.6,lbt,1,1,Intel(R) Core(TM) 7 150U,NT,2abc7cc
degen-r50-m5-d0.0001-p1,100,Newton-SIN,1e-7*n,9.999999999999999e-6,4,9,0.0266757,0.0213618,80.07962302769937,0.0,7.9e-6,0.0,0.0050448,0.0,0.0,0.0002611999999999996,0.49481848818910545,1.3790494304498052e-13,-1.5733957852493051e-15,6.328271240363392e-15,6.328271240363392e-15,2.2693132434496382e-14,6.328271240363392e-15,NaN,converged,15,15,0,0,0,0,4,1.5215727052320663e-14,1.12.6,lbt,1,1,Intel(R) Core(TM) 7 150U,NT,2abc7cc
degen-r50-m5-d0.0001-p1,100,AGD-SDAJ-BH,1e-7*n,1.0e-11,8,62,0.1483138,0.1462921,98.63687667634436,0.0,7.49e-5,0.0,0.0,0.0,0.0,0.0019467999999999875,0.4948184881911767,3.944302846551888e-12,-1.3440061641847125e-15,7.487344078072056e-13,7.487344078072056e-13,3.0187255211393484e-12,7.487344078072056e-13,NaN,diag_feasible_at_xpre,0,0,17,17,0,0,8,1.5215727052320663e-14,1.12.6,lbt,1,1,Intel(R) Core(TM) 7 150U,NT,2abc7cc
degen-r50-m5-d0.0001-p1,100,AGD-SDAJ,1e-7*n,1.0e-11,8,71,0.1824402,0.1805483,98.96300267156032,0.0,8.51e-5,0.0,0.0,0.0,0.0,0.0018068000000000019,0.4948184881914639,5.674465968473362e-12,-1.3788314052679564e-15,1.5571988143392446e-12,1.5571988143392446e-12,4.678457075891135e-12,1.5571988143392446e-12,NaN,diag_feasible_at_xpre,0,0,26,19,7,0,8,1.5215727052320663e-14,1.12.6,lbt,1,1,Intel(R) Core(TM) 7 150U,NT,2abc7cc
degen-r50-m5-d0.0001-p1,100,Dykstra-APM,1e-7*n,9.999999999999999e-6,36,36,0.1035802,0.0967152,93.37228543679198,0.0,0.0,0.0,0.0,0.0031263,0.0,0.0037386999999999963,0.4948184881831279,9.517801414143401e-12,-1.260507144921603e-15,1.5631940186722204e-12,1.5631940186722204e-12,6.664043974063647e-12,1.5631940186722204e-12,NaN,diag_feasible,0,0,0,0,0,0,36,1.5215727052320663e-14,1.12.6,lbt,1,1,Intel(R) Core(TM) 7 150U,NT,2abc7cc
degen-r50-m5-d0.0001-p1,100,Anderson-APM,1e-7*n,9.999999999999999e-6,18,18,0.0632507,0.0450651,71.24838144083779,0.0,0.0,0.0,0.0,0.0,0.0159434,0.00224220000000001,0.49481848818696655,5.32252525732382e-12,-1.726501481862946e-15,2.567501766748137e-12,2.567501766748137e-12,3.966419349458727e-12,2.567501766748137e-12,NaN,diag_feasible,0,0,0,0,0,0,18,1.5215727052320663e-14,1.12.6,lbt,1,1,Intel(R) Core(TM) 7 150U,NT,2abc7cc
degen-r50-m5-d0.0001-p2,100,SBB-Dual,1e-7*n,1.0e-11,13,14,0.0355419,0.03493980000000001,98.30594312628195,4.17e-5,2.06e-5,0.0001177,0.0,0.0,0.0,0.0004220999999999944,0.49344138879917215,7.86667928983771e-12,-1.5535818531551564e-15,2.596589609993316e-12,0.0,8.638855976230423e-12,2.596589609993316e-12,8.333333333333334,diag_feasible,0,0,0,0,0,0,13,2.143851871992074e-14,1.12.6,lbt,1,1,Intel(R) Core(TM) 7 150U,NT,2abc7cc
degen-r50-m5-d0.0001-p2,100,Newton-SIN-BH,1e-7*n,9.999999999999999e-6,4,5,0.0112654,0.008146,72.30990466383794,0.0,6.8e-6,0.0,0.0027975,0.0,0.0,0.0003150999999999996,0.4934413887991776,1.2850804997344905e-13,-1.6822874245015176e-15,5.995204332975845e-15,5.995204332975845e-15,2.453065346182003e-14,5.995204332975845e-15,NaN,converged,15,15,0,0,0,0,4,2.143851871992074e-14,1.12.6,lbt,1,1,Intel(R) Core(TM) 7 150U,NT,2abc7cc
degen-r50-m5-d0.0001-p2,100,Newton-SIN,1e-7*n,9.999999999999999e-6,4,9,0.0276941,0.0228814,82.62193030284429,0.0,9.4e-6,0.0,0.0045293,0.0,0.0,0.00027399999999999994,0.4934413887991776,1.2850804997344905e-13,-1.6822874245015176e-15,5.995204332975845e-15,5.995204332975845e-15,2.453065346182003e-14,5.995204332975845e-15,NaN,converged,15,15,0,0,0,0,4,2.143851871992074e-14,1.12.6,lbt,1,1,Intel(R) Core(TM) 7 150U,NT,2abc7cc
degen-r50-m5-d0.0001-p2,100,AGD-SDAJ-BH,1e-7*n,1.0e-11,6,37,0.0957362,0.09463250000000001,98.84714454929275,0.0,4.65e-5,0.0,0.0,0.0,0.0,0.0010571999999999851,0.49344138880401683,9.74925154031195e-12,-1.6295714581382748e-15,3.1177282977523646e-12,3.1177282977523646e-12,7.723707587727121e-12,3.1177282977523646e-12,NaN,diag_feasible_at_xpre,0,0,4,4,0,0,6,2.143851871992074e-14,1.12.6,lbt,1,1,Intel(R) Core(TM) 7 150U,NT,2abc7cc
degen-r50-m5-d0.0001-p2,100,AGD-SDAJ,1e-7*n,1.0e-11,108,4013,9.3471136,9.2020049,98.44755604553688,0.0,0.0058603,0.0,0.0,0.0,0.0,0.13924839999999974,0.4934414018153497,3.4717628566155254e-8,-1.811541207297988e-15,1.5659434415837836e-8,1.5659434415837836e-8,2.9150725300208245e-8,1.5659434415837836e-8,NaN,evd_budget,0,0,3469,4,3465,0,108,2.143851871992074e-14,1.12.6,lbt,1,1,Intel(R) Core(TM) 7 150U,NT,2abc7cc
degen-r50-m5-d0.0001-p2,100,Dykstra-APM,1e-7*n,9.999999999999999e-6,36,36,0.1287784,0.1085912,84.32407919340513,0.0,0.0,0.0,0.0,0.0118738,0.0,0.008313399999999988,0.4934413887918281,1.1643676886584615e-11,-1.4141764471377283e-15,1.5611956172278951e-12,1.5611956172278951e-12,8.140572072516282e-12,1.5611956172278951e-12,NaN,diag_feasible,0,0,0,0,0,0,36,2.143851871992074e-14,1.12.6,lbt,1,1,Intel(R) Core(TM) 7 150U,NT,2abc7cc
degen-r50-m5-d0.0001-p2,100,Anderson-APM,1e-7*n,9.999999999999999e-6,17,17,0.0654838,0.0455347,69.53582412749414,0.0,0.0,0.0,0.0,0.0,0.0172112,0.002737899999999998,0.49344138879514154,6.693948240745408e-12,-1.6692426798376863e-15,1.496358592589786e-12,1.496358592589786e-12,4.7407380173521214e-12,1.496358592589786e-12,NaN,diag_feasible,0,0,0,0,0,0,17,2.143851871992074e-14,1.12.6,lbt,1,1,Intel(R) Core(TM) 7 150U,NT,2abc7cc
degen-r50-m5-d0.0001-p3,100,SBB-Dual,1e-7*n,1.0e-11,13,14,0.0383934,0.0378466,98.57579688175572,3.7e-5,2.13e-5,0.0001186,0.0,0.0,0.0,0.0003699,0.4925832178116379,3.662386449303245e-12,-1.6301703704040805e-15,1.5638601524869955e-12,0.0,4.067709108080053e-12,1.5638601524869955e-12,0.0,diag_feasible,0,0,0,0,0,0,13,1.8051966916824947e-14,1.12.6,lbt,1,1,Intel(R) Core(TM) 7 150U,NT,2abc7cc
degen-r50-m5-d0.0001-p3,100,Newton-SIN-BH,1e-7*n,9.999999999999999e-6,4,5,0.01789,0.0128124,71.61766349916154,0.0,8.8e-6,0.0,0.0046861,0.0,0.0,0.0003826999999999997,0.49258321781163755,1.7830569790617544e-13,-1.639882545480255e-15,1.2656542480726785e-14,1.2656542480726785e-14,2.8422793611897766e-14,1.2656542480726785e-14,NaN,converged,15,15,0,0,0,0,4,1.8051966916824947e-14,1.12.6,lbt,1,1,Intel(R) Core(TM) 7 150U,NT,2abc7cc
degen-r50-m5-d0.0001-p3,100,Newton-SIN,1e-7*n,9.999999999999999e-6,5,12,0.0248363,0.0198788,80.0392973188438,0.0,1.15e-5,0.0,0.0045772,0.0,0.0,0.00036879999999999986,0.4925832178116378,1.274927915620486e-13,-1.3438477129224953e-15,5.995204332975845e-15,5.995204332975845e-15,1.8161904964710603e-14,5.995204332975845e-15,NaN,converged,23,23,1,0,0,0,5,1.8051966916824947e-14,1.12.6,lbt,1,1,Intel(R) Core(TM) 7 150U,NT,2abc7cc
degen-r50-m5-d0.0001-p3,100,AGD-SDAJ-BH,1e-7*n,1.0e-11,7,57,0.1341107,0.1317581,98.24577755540757,0.0,7.94e-5,0.0,0.0,0.0,0.0,0.0022732000000000104,0.4925832178161957,8.47959631170495e-12,-1.3297525285348134e-15,3.140820936664568e-12,3.140820936664568e-12,6.513752717853078e-12,3.140820936664568e-12,NaN,diag_feasible,0,0,14,14,0,0,7,1.8051966916824947e-14,1.12.6,lbt,1,1,Intel(R) Core(TM) 7 150U,NT,2abc7cc
degen-r50-m5-d0.0001-p3,100,AGD-SDAJ,1e-7*n,1.0e-11,7,58,0.1519088,0.1501973,98.87333716019086,0.0,8.04e-5,0.0,0.0,0.0,0.0,0.0016311000000000047,0.4925832178161973,8.481424709019698e-12,-1.6752737217414335e-15,3.1399327582448677e-12,3.1399327582448677e-12,6.514842385140779e-12,3.1399327582448677e-12,NaN,diag_feasible,0,0,15,14,1,0,7,1.8051966916824947e-14,1.12.6,lbt,1,1,Intel(R) Core(TM) 7 150U,NT,2abc7cc
degen-r50-m5-d0.0001-p3,100,Dykstra-APM,1e-7*n,9.999999999999999e-6,36,36,0.0553057,0.0522688,94.50888425605316,0.0,0.0,0.0,0.0,0.0019535,0.0,0.0010834000000000022,0.4925832178039707,1.2090812860782134e-11,-1.5528040333549402e-15,1.765476653758924e-12,1.765476653758924e-12,8.458160210854209e-12,1.765476653758924e-12,NaN,diag_feasible,0,0,0,0,0,0,36,1.8051966916824947e-14,1.12.6,lbt,1,1,Intel(R) Core(TM) 7 150U,NT,2abc7cc
degen-r50-m5-d0.0001-p3,100,Anderson-APM,1e-7*n,9.999999999999999e-6,17,17,0.0570392,0.0393412,68.97221559909677,0.0,0.0,0.0,0.0,0.0,0.0154816,0.0022163999999999986,0.49258321781462,5.2590197395861695e-12,-1.4685181814727863e-15,8.305578447220796e-13,8.305578447220796e-13,3.861960699007567e-12,8.305578447220796e-13,NaN,diag_feasible,0,0,0,0,0,0,17,1.8051966916824947e-14,1.12.6,lbt,1,1,Intel(R) Core(TM) 7 150U,NT,2abc7cc
degen-r50-m5-d0.0001-p4,100,SBB-Dual,1e-7*n,1.0e-11,14,15,0.0387898,0.0382022,98.4851687814838,4.06e-5,2.0e-5,0.0001198,0.0,0.0,0.0,0.0004072000000000006,0.49315457215049063,1.574823066835491e-12,-1.7264569090198965e-15,5.979661210631093e-13,0.0,1.6376658085674493e-12,5.979661210631093e-13,15.384615384615385,diag_feasible,0,0,0,0,0,0,14,2.1245329445657076e-14,1.12.6,lbt,1,1,Intel(R) Core(TM) 7 150U,NT,2abc7cc
degen-r50-m5-d0.0001-p4,100,Newton-SIN-BH,1e-7*n,9.999999999999999e-6,4,5,0.0123548,0.0083802,67.82950755981481,0.0,7.9e-6,0.0,0.0036063,0.0,0.0,0.0003604000000000003,0.4931545721504901,2.5831114270334484e-13,-1.5424865409247662e-15,1.2101430968414206e-14,1.2101430968414206e-14,3.572486544527215e-14,1.2101430968414206e-14,NaN,converged,15,15,0,0,0,0,4,2.1245329445657076e-14,1.12.6,lbt,1,1,Intel(R) Core(TM) 7 150U,NT,2abc7cc
degen-r50-m5-d0.0001-p4,100,Newton-SIN,1e-7*n,9.999999999999999e-6,4,9,0.02707,0.021166599999999997,78.19209456963426,0.0,9.5e-6,0.0,0.0056193,0.0,0.0,0.0002746000000000033,0.4931545721504901,2.5831114270334484e-13,-1.5424865409247662e-15,1.2101430968414206e-14,1.2101430968414206e-14,3.572486544527215e-14,1.2101430968414206e-14,NaN,converged,15,15,0,0,0,0,4,2.1245329445657076e-14,1.12.6,lbt,1,1,Intel(R) Core(TM) 7 150U,NT,2abc7cc
degen-r50-m5-d0.0001-p4,100,AGD-SDAJ-BH,1e-7*n,1.0e-11,7,47,0.1291387,0.1267683,98.16445418762927,0.0,0.0001001,0.0,0.0,0.0,0.0,0.0022702999999999946,0.4931545721542566,8.15907202062169e-12,-1.526532872711248e-15,4.459432823011866e-12,4.459432823011866e-12,6.682007569840993e-12,4.459432823011866e-12,NaN,diag_feasible,0,0,6,6,0,0,7,2.1245329445657076e-14,1.12.6,lbt,1,1,Intel(R) Core(TM) 7 150U,NT,2abc7cc
degen-r50-m5-d0.0001-p4,100,AGD-SDAJ,1e-7*n,1.0e-11,7,48,0.1327786,0.1309962,98.65761500723762,0.0,9.88e-5,0.0,0.0,0.0,0.0,0.0016835999999999895,0.49315457215425546,8.160550826373307e-12,-1.3955214110267346e-15,4.458211577684779e-12,4.458211577684779e-12,6.680049406778107e-12,4.458211577684779e-12,NaN,diag_feasible,0,0,7,6,1,0,7,2.1245329445657076e-14,1.12.6,lbt,1,1,Intel(R) Core(TM) 7 150U,NT,2abc7cc
degen-r50-m5-d0.0001-p4,100,Dykstra-APM,1e-7*n,9.999999999999999e-6,36,36,0.0982155,0.0907834,92.43286446640298,0.0,0.0,0.0,0.0,0.0034646,0.0,0.003967499999999997,0.49315457214222025,1.3086751212494559e-11,-1.726360403351305e-15,1.6786572132332367e-12,1.6786572132332367e-12,9.139883233585162e-12,1.6786572132332367e-12,NaN,diag_feasible,0,0,0,0,0,0,36,2.1245329445657076e-14,1.12.6,lbt,1,1,Intel(R) Core(TM) 7 150U,NT,2abc7cc
degen-r50-m5-d0.0001-p4,100,Anderson-APM,1e-7*n,9.999999999999999e-6,18,18,0.0475304,0.0389455,81.93808594078737,0.0,0.0,0.0,0.0,0.0,0.0072217,0.0013631999999999993,0.49315457214827874,6.243590299376172e-12,-1.6172666762569364e-15,2.4000801346346634e-12,2.4000801346346634e-12,4.797589460510791e-12,2.4000801346346634e-12,NaN,diag_feasible,0,0,0,0,0,0,18,2.1245329445657076e-14,1.12.6,lbt,1,1,Intel(R) Core(TM) 7 150U,NT,2abc7cc
degen-r50-m5-d1e-06-p0,100,SBB-Dual,1e-7*n,1.0e-11,13,14,0.0351385,0.0346124,98.50278184896908,3.61e-5,1.83e-5,0.0001121,0.0,0.0,0.0,0.0003596000000000016,0.49452276402173134,6.1931427308841145e-12,-1.8401772456515442e-15,1.960986928395414e-12,0.0,6.436916845063595e-12,1.960986928395414e-12,8.333333333333334,diag_feasible,0,0,0,0,0,0,13,9.298281877668311e-14,1.12.6,lbt,1,1,Intel(R) Core(TM) 7 150U,NT,2abc7cc
degen-r50-m5-d1e-06-p0,100,Newton-SIN-BH,1e-7*n,9.999999999999999e-6,4,5,0.0146963,0.011648400000000001,79.26076631533107,0.0,6.6e-6,0.0,0.002715,0.0,0.0,0.0003262999999999994,0.49452276402173145,1.9243442725305023e-13,-1.6462135516038096e-15,4.0190073491430667e-14,4.0190073491430667e-14,8.536034036239394e-14,4.0190073491430667e-14,NaN,converged,14,14,0,0,0,0,4,9.298281877668311e-14,1.12.6,lbt,1,1,Intel(R) Core(TM) 7 150U,NT,2abc7cc
degen-r50-m5-d1e-06-p0,100,Newton-SIN,1e-7*n,9.999999999999999e-6,4,9,0.0287788,0.0241711,83.98925598009646,0.0,9.2e-6,0.0,0.0043249,0.0,0.0,0.0002735999999999997,0.49452276402173145,1.9243442725305023e-13,-1.6462135516038096e-15,4.0190073491430667e-14,4.0190073491430667e-14,8.536034036239394e-14,4.0190073491430667e-14,NaN,converged,14,14,0,0,0,0,4,9.298281877668311e-14,1.12.6,lbt,1,1,Intel(R) Core(TM) 7 150U,NT,2abc7cc
degen-r50-m5-d1e-06-p0,100,AGD-SDAJ-BH,1e-7*n,1.0e-11,6,47,0.1241423,0.1216879,98.02291402688688,0.0,8.24e-5,0.0,0.0,0.0,0.0,0.0023719999999999956,0.494522764025412,6.6833503738708645e-12,-1.624741957697975e-15,1.748712286087084e-12,1.748712286087084e-12,4.994464879830968e-12,1.748712286087084e-12,NaN,diag_feasible,0,0,10,10,0,0,6,9.298281877668311e-14,1.12.6,lbt,1,1,Intel(R) Core(TM) 7 150U,NT,2abc7cc
degen-r50-m5-d1e-06-p0,100,AGD-SDAJ,1e-7*n,1.0e-11,6,51,0.1414031,0.1395124,98.66290060118908,0.0,9.43e-5,0.0,0.0,0.0,0.0,0.001796399999999995,0.49452276402539447,6.660396592867833e-12,-1.684738611920076e-15,1.7473800184575339e-12,1.7473800184575339e-12,4.972602904717135e-12,1.7473800184575339e-12,NaN,diag_feasible,0,0,14,10,4,0,6,9.298281877668311e-14,1.12.6,lbt,1,1,Intel(R) Core(TM) 7 150U,NT,2abc7cc
degen-r50-m5-d1e-06-p0,100,Dykstra-APM,1e-7*n,9.999999999999999e-6,35,35,0.1211681,0.1030643,85.05893878009145,0.0,0.0,0.0,0.0,0.0109814,0.0,0.007122400000000003,0.4945227640141798,1.2179809242090851e-11,-1.4855348647398114e-15,2.1653789872289053e-12,2.1653789872289053e-12,8.517679667691608e-12,2.1653789872289053e-12,NaN,diag_feasible,0,0,0,0,0,0,35,9.298281877668311e-14,1.12.6,lbt,1,1,Intel(R) Core(TM) 7 150U,NT,2abc7cc
degen-r50-m5-d1e-06-p0,100,Anderson-APM,1e-7*n,9.999999999999999e-6,17,17,0.0635596,0.0466747,73.43454017961095,0.0,0.0,0.0,0.0,0.0,0.0146843,0.0022005999999999935,0.4945227640152952,1.0746169497988895e-11,-1.5804472675980585e-15,2.1240786907128495e-12,2.1240786907128495e-12,7.580164537793941e-12,2.1240786907128495e-12,NaN,diag_feasible,0,0,0,0,0,0,17,9.298281877668311e-14,1.12.6,lbt,1,1,Intel(R) Core(TM) 7 150U,NT,2abc7cc
degen-r50-m5-d1e-06-p1,100,SBB-Dual,1e-7*n,1.0e-11,13,14,0.038113,0.037479700000000005,98.33836223860627,5.93e-5,2.23e-5,0.0001271,0.0,0.0,0.0,0.00042459999999999633,0.4948613905936464,4.5117976856205125e-12,-1.746594020553417e-15,7.125411372044255e-13,0.0,4.498561533000039e-12,7.125411372044255e-13,8.333333333333334,diag_feasible,0,0,0,0,0,0,13,4.937722362642134e-14,1.12.6,lbt,1,1,Intel(R) Core(TM) 7 150U,NT,2abc7cc
degen-r50-m5-d1e-06-p1,100,Newton-SIN-BH,1e-7*n,9.999999999999999e-6,4,5,0.0261979,0.0187844,71.70193030739105,0.0,1.58e-5,0.0,0.0067363,0.0,0.0,0.0006614000000000004,0.4948613905936476,2.7713857464300296e-13,-1.5665554224842961e-15,3.68594044175552e-14,3.68594044175552e-14,7.52817993038873e-14,3.68594044175552e-14,NaN,converged,14,14,0,0,0,0,4,4.937722362642134e-14,1.12.6,lbt,1,1,Intel(R) Core(TM) 7 150U,NT,2abc7cc
degen-r50-m5-d1e-06-p1,100,Newton-SIN,1e-7*n,9.999999999999999e-6,4,9,0.0299905,0.0246603,82.22703856221136,0.0,9.2e-6,0.0,0.0050253,0.0,0.0,0.0002957000000000003,0.4948613905936476,2.7713857464300296e-13,-1.5665554224842961e-15,3.68594044175552e-14,3.68594044175552e-14,7.52817993038873e-14,3.68594044175552e-14,NaN,converged,14,14,0,0,0,0,4,4.937722362642134e-14,1.12.6,lbt,1,1,Intel(R) Core(TM) 7 150U,NT,2abc7cc
degen-r50-m5-d1e-06-p1,100,AGD-SDAJ-BH,1e-7*n,1.0e-11,7,46,0.1094725,0.1080967,98.74324602069014,0.0,7.83e-5,0.0,0.0,0.0,0.0,0.0012974999999999966,0.49486139059565803,3.6147230025691954e-12,-1.8579994556814164e-15,8.004708007547379e-13,8.004708007547379e-13,2.716795313637652e-12,8.004708007547379e-13,NaN,diag_feasible_at_xpre,0,0,7,7,0,0,7,4.937722362642134e-14,1.12.6,lbt,1,1,Intel(R) Core(TM) 7 150U,NT,2abc7cc
degen-r50-m5-d1e-06-p1,100,AGD-SDAJ,1e-7*n,1.0e-11,7,68,0.1374665,0.1358426,98.81869400908586,0.0,9.81e-5,0.0,0.0,0.0,0.0,0.0015257999999999836,0.49486139058831224,9.666196016380364e-12,-1.3122647460434512e-15,1.8387513733841843e-12,1.8387513733841843e-12,7.223585864033263e-12,1.8387513733841843e-12,NaN,diag_feasible_at_xpre,0,0,29,7,22,0,7,4.937722362642134e-14,1.12.6,lbt,1,1,Intel(R) Core(TM) 7 150U,NT,2abc7cc
degen-r50-m5-d1e-06-p1,100,Dykstra-APM,1e-7*n,9.999999999999999e-6,35,35,0.0928229,0.0847866,91.3423303947625,0.0,0.0,0.0,0.0,0.0040429,0.0,0.003993399999999996,0.49486139058695866,1.0640774684203483e-11,-1.5442340781925125e-15,1.7470469515501463e-12,1.7470469515501463e-12,7.463044010292079e-12,1.7470469515501463e-12,NaN,diag_feasible,0,0,0,0,0,0,35,4.937722362642134e-14,1.12.6,lbt,1,1,Intel(R) Core(TM) 7 150U,NT,2abc7cc
degen-r50-m5-d1e-06-p1,100,Anderson-APM,1e-7*n,9.999999999999999e-6,16,16,0.0606289,0.0419568,69.2026409847449,0.0,0.0,0.0,0.0,0.0,0.0141956,0.004476499999999998,0.4948613905865135,1.1512704706522132e-11,-1.6219293495876691e-15,1.6566747973456586e-12,1.6566747973456586e-12,8.16428646276548e-12,1.6566747973456586e-12,NaN,diag_feasible,0,0,0,0,0,0,16,4.937722362642134e-14,1.12.6,lbt,1,1,Intel(R) Core(TM) 7 150U,NT,2abc7cc
degen-r50-m5-d1e-06-p2,100,SBB-Dual,1e-7*n,1.0e-11,14,15,0.0460566,0.045393499999999996,98.56024977961899,4.81e-5,2.42e-5,0.0001343,0.0,0.0,0.0,0.00045650000000000665,0.49348307590137674,9.43296544838811e-13,-1.8518411660983456e-15,3.8535841184739184e-13,0.0,1.103521465290601e-12,3.8535841184739184e-13,15.384615384615385,diag_feasible,0,0,0,0,0,0,14,7.330743026017252e-14,1.12.6,lbt,1,1,Intel(R) Core(TM) 7 150U,NT,2abc7cc
degen-r50-m5-d1e-06-p2,100,Newton-SIN-BH,1e-7*n,9.999999999999999e-6,4,5,0.0193646,0.014388600000000001,74.30362620451753,0.0,9.2e-6,0.0,0.00458,0.0,0.0,0.0003867999999999979,0.493483075901377,1.0670380146164976e-13,-1.4573758533256287e-15,3.597122599785507e-14,3.597122599785507e-14,7.11368851253081e-14,3.597122599785507e-14,NaN,converged,14,14,0,0,0,0,4,7.330743026017252e-14,1.12.6,lbt,1,1,Intel(R) Core(TM) 7 150U,NT,2abc7cc
degen-r50-m5-d1e-06-p2,100,Newton-SIN,1e-7*n,9.999999999999999e-6,4,9,0.0300097,0.023054,76.82182760907307,0.0,1.11e-5,0.0,0.0066559,0.0,0.0,0.0002886999999999985,0.493483075901377,1.0670380146164976e-13,-1.4573758533256287e-15,3.597122599785507e-14,3.597122599785507e-14,7.11368851253081e-14,3.597122599785507e-14,NaN,converged,14,14,0,0,0,0,4,7.330743026017252e-14,1.12.6,lbt,1,1,Intel(R) Core(TM) 7 150U,NT,2abc7cc
degen-r50-m5-d1e-06-p2,100,AGD-SDAJ-BH,1e-7*n,1.0e-11,7,52,0.1344686,0.132072,98.21772517896372,0.0,6.84e-5,0.0,0.0,0.0,0.0,0.0023281999999999986,0.4934830759036752,4.383988719803244e-12,-1.4118006241050468e-15,1.2434497875801753e-12,1.2434497875801753e-12,3.3565040769660443e-12,1.2434497875801753e-12,NaN,diag_feasible,0,0,9,9,0,0,7,7.330743026017252e-14,1.12.6,lbt,1,1,Intel(R) Core(TM) 7 150U,NT,2abc7cc
degen-r50-m5-d1e-06-p2,100,AGD-SDAJ,1e-7*n,1.0e-11,7,77,0.2336114,0.2303558,98.60640362585045,0.0,0.0003265,0.0,0.0,0.0,0.0,0.0029290999999999974,0.4934830759034616,3.961323026887016e-12,-1.553274649713575e-15,6.304956556846264e-13,6.304956556846264e-13,2.983463162234627e-12,6.304956556846264e-13,NaN,diag_feasible,0,0,35,8,27,0,7,7.330743026017252e-14,1.12.6,lbt,1,1,Intel(R) Core(TM) 7 150U,NT,2abc7cc
degen-r50-m5-d1e-06-p2,100,Dykstra-APM,1e-7*n,9.999999999999999e-6,35,35,0.1054419,0.0967587,91.76494353762592,0.0,0.0,0.0,0.0,0.0043598,0.0,0.004323400000000002,0.49348307589278917,1.3604583216396623e-11,-1.7285650700855562e-15,1.8349766151004587e-12,1.8349766151004587e-12,9.521908077548287e-12,1.8349766151004587e-12,NaN,diag_feasible,0,0,0,0,0,0,35,7.330743026017252e-14,1.12.6,lbt,1,1,Intel(R) Core(TM) 7 150U,NT,2abc7cc
degen-r50-m5-d1e-06-p2,100,Anderson-APM,1e-7*n,9.999999999999999e-6,17,17,0.065061,0.0460278,70.74560796790705,0.0,0.0,0.0,0.0,0.0,0.015023,0.004010199999999993,0.49348307589792395,5.739993037630957e-12,-1.271820023334051e-15,1.0622613899613498e-12,1.0622613899613498e-12,4.084621274907115e-12,1.0622613899613498e-12,NaN,diag_feasible,0,0,0,0,0,0,17,7.330743026017252e-14,1.12.6,lbt,1,1,Intel(R) Core(TM) 7 150U,NT,2abc7cc
degen-r50-m5-d1e-06-p3,100,SBB-Dual,1e-7*n,1.0e-11,13,14,0.0349335,0.0344757,98.68951006913134,3.82e-5,1.87e-5,3.7e-5,0.0,0.0,0.0,0.00036390000000000126,0.49262354580493656,7.906494259298821e-12,-1.780036481448297e-15,2.336464355323642e-12,0.0,8.694723911806838e-12,2.336464355323642e-12,8.333333333333334,diag_feasible,0,0,0,0,0,0,13,9.6341326175058e-14,1.12.6,lbt,1,1,Intel(R) Core(TM) 7 150U,NT,2abc7cc
degen-r50-m5-d1e-06-p3,100,Newton-SIN-BH,1e-7*n,9.999999999999999e-6,4,5,0.0188308,0.0137178,72.84767508549822,0.0,1.07e-5,0.0,0.0046589,0.0,0.0,0.0004434000000000018,0.49262354580493395,1.2820225570396042e-13,-1.6160860163158316e-15,2.9753977059954195e-14,2.9753977059954195e-14,9.076125851408491e-14,2.9753977059954195e-14,NaN,converged,14,14,0,0,0,0,4,9.6341326175058e-14,1.12.6,lbt,1,1,Intel(R) Core(TM) 7 150U,NT,2abc7cc
degen-r50-m5-d1e-06-p3,100,Newton-SIN,1e-7*n,9.999999999999999e-6,4,9,0.0182428,0.0153785,84.29901111671454,0.0,7.7e-6,0.0,0.0026215,0.0,0.0,0.00023510000000000024,0.49262354580493395,1.2820225570396042e-13,-1.6160860163158316e-15,2.9753977059954195e-14,2.9753977059954195e-14,9.076125851408491e-14,2.9753977059954195e-14,NaN,converged,14,14,0,0,0,0,4,9.6341326175058e-14,1.12.6,lbt,1,1,Intel(R) Core(TM) 7 150U,NT,2abc7cc
degen-r50-m5-d1e-06-p3,100,AGD-SDAJ-BH,1e-7*n,1.0e-11,8,55,0.1325541,0.1310707,98.88090975684646,0.0,6.74e-5,0.0,0.0,0.0,0.0,0.0014159999999999958,0.4926235458077558,6.497319153786416e-12,-1.6006260989268662e-15,3.775202372935382e-12,3.775202372935382e-12,5.3899350697600894e-12,3.775202372935382e-12,NaN,diag_feasible_at_xpre,0,0,10,10,0,0,8,9.6341326175058e-14,1.12.6,lbt,1,1,Intel(R) Core(TM) 7 150U,NT,2abc7cc
degen-r50-m5-d1e-06-p3,100,AGD-SDAJ,1e-7*n,1.0e-11,7,65,0.1675629,0.16579190000000002,98.94308346298615,0.0,9.03e-5,0.0,0.0,0.0,0.0,0.001680699999999967,0.49262354580591283,1.7625343362775e-12,-1.4744057043232743e-15,4.0034642267983145e-13,4.0034642267983145e-13,1.3036864434297034e-12,4.0034642267983145e-13,NaN,diag_feasible,0,0,22,9,13,0,7,9.6341326175058e-14,1.12.6,lbt,1,1,Intel(R) Core(TM) 7 150U,NT,2abc7cc
degen-r50-m5-d1e-06-p3,100,Dykstra-APM,1e-7*n,9.999999999999999e-6,36,36,0.0665893,0.0629959,94.6036375213435,0.0,0.0,0.0,0.0,0.0023293,0.0,0.0012641000000000106,0.49262354580012485,7.57618503201224e-12,-1.5340863384838793e-15,1.1097789354153065e-12,1.1097789354153065e-12,5.309925777170936e-12,1.1097789354153065e-12,NaN,diag_feasible,0,0,0,0,0,0,36,9.6341326175058e-14,1.12.6,lbt,1,1,Intel(R) Core(TM) 7 150U,NT,2abc7cc
degen-r50-m5-d1e-06-p3,100,Anderson-APM,1e-7*n,9.999999999999999e-6,16,16,0.0565143,0.0398643,70.53843009645345,0.0,0.0,0.0,0.0,0.0,0.0147037,0.001946300000000005,0.4926235458064644,5.862869625001609e-12,-1.5539731191656172e-15,2.511324481702104e-12,2.511324481702104e-12,4.613754429880392e-12,2.511324481702104e-12,NaN,diag_feasible,0,0,0,0,0,0,16,9.6341326175058e-14,1.12.6,lbt,1,1,Intel(R) Core(TM) 7 150U,NT,2abc7cc
degen-r50-m5-d1e-06-p4,100,SBB-Dual,1e-7*n,1.0e-11,14,15,0.0458304,0.045149,98.51321393660103,4.23e-5,2.41e-5,0.0001284,0.0,0.0,0.0,0.0004865999999999987,0.4931963573039679,3.646667310430252e-12,-1.8189943554495166e-15,8.180123245438153e-13,0.0,3.678200947223088e-12,8.180123245438153e-13,7.6923076923076925,diag_feasible,0,0,0,0,0,0,14,7.684932981418088e-14,1.12.6,lbt,1,1,Intel(R) Core(TM) 7 150U,NT,2abc7cc
degen-r50-m5-d1e-06-p4,100,Newton-SIN-BH,1e-7*n,9.999999999999999e-6,4,5,0.0175533,0.012802899999999999,72.93728244831455,0.0,8.5e-6,0.0,0.004376,0.0,0.0,0.00036590000000000233,0.4931963573039642,2.1155868827307635e-13,-1.6260619173296732e-15,3.8191672047105385e-14,3.8191672047105385e-14,8.210547772943843e-14,3.8191672047105385e-14,NaN,converged,14,14,0,0,0,0,4,7.684932981418088e-14,1.12.6,lbt,1,1,Intel(R) Core(TM) 7 150U,NT,2abc7cc
degen-r50-m5-d1e-06-p4,100,Newton-SIN,1e-7*n,9.999999999999999e-6,4,9,0.0265228,0.0218042,82.20926900628892,0.0,8.7e-6,0.0,0.0044496,0.0,0.0,0.00026029999999999977,0.4931963573039642,2.1155868827307635e-13,-1.6260619173296732e-15,3.8191672047105385e-14,3.8191672047105385e-14,8.210547772943843e-14,3.8191672047105385e-14,NaN,converged,14,14,0,0,0,0,4,7.684932981418088e-14,1.12.6,lbt,1,1,Intel(R) Core(TM) 7 150U,NT,2abc7cc
degen-r50-m5-d1e-06-p4,100,AGD-SDAJ-BH,1e-7*n,1.0e-11,6,34,0.071791,0.0708809,98.73229234862309,0.0,4.22e-5,0.0,0.0,0.0,0.0,0.000867899999999997,0.4931963573077628,9.413641022335653e-12,-1.4532512998557298e-15,3.2822633500018128e-12,3.2822633500018128e-12,7.820915352310243e-12,3.2822633500018128e-12,NaN,diag_feasible_at_xpre,0,0,1,1,0,0,6,7.684932981418088e-14,1.12.6,lbt,1,1,Intel(R) Core(TM) 7 150U,NT,2abc7cc
degen-r50-m5-d1e-06-p4,100,AGD-SDAJ,1e-7*n,1.0e-11,6,34,0.0935505,0.09246370000000001,98.83827451483424,0.0,5.24e-5,0.0,0.0,0.0,0.0,0.001034399999999985,0.4931963573077628,9.413641022335653e-12,-1.4532512998557298e-15,3.2822633500018128e-12,3.2822633500018128e-12,7.820915352310243e-12,3.2822633500018128e-12,NaN,diag_feasible_at_xpre,0,0,1,1,0,0,6,7.684932981418088e-14,1.12.6,lbt,1,1,Intel(R) Core(TM) 7 150U,NT,2abc7cc
degen-r50-m5-d1e-06-p4,100,Dykstra-APM,1e-7*n,9.999999999999999e-6,36,36,0.0850137,0.0781956,91.97999851788595,0.0,0.0,0.0,0.0,0.0026597,0.0,0.0041583999999999935,0.49319635729882894,8.122547436990466e-12,-1.809014745279468e-15,1.049604847480623e-12,1.049604847480623e-12,5.682458345203555e-12,1.049604847480623e-12,NaN,diag_feasible,0,0,0,0,0,0,36,7.684932981418088e-14,1.12.6,lbt,1,1,Intel(R) Core(TM) 7 150U,NT,2abc7cc
degen-r50-m5-d1e-06-p4,100,Anderson-APM,1e-7*n,9.999999999999999e-6,17,17,0.062435,0.0439428,70.38167694402178,0.0,0.0,0.0,0.0,0.0,0.0135077,0.004984500000000001,0.49319635729758454,1.2706521247432458e-11,-1.4633659987968231e-15,3.4012792582416296e-12,3.4012792582416296e-12,9.365254471148232e-12,3.4012792582416296e-12,NaN,diag_feasible,0,0,0,0,0,0,17,7.684932981418088e-14,1.12.6,lbt,1,1,Intel(R) Core(TM) 7 150U,NT,2abc7cc
degen-r50-m5-d1e-08-p0,100,SBB-Dual,1e-7*n,1.0e-11,13,14,0.0377908,0.0372243,98.5009579050986,3.76e-5,1.88e-5,0.0001189,0.0,0.0,0.0,0.0003911999999999975,0.4945231906945803,6.000646433514077e-12,-1.7350893487557968e-15,2.0562440639082524e-12,0.0,6.2493090324882645e-12,2.0562440639082524e-12,8.333333333333334,diag_feasible,0,0,0,0,0,0,13,6.284970483165479e-14,1.12.6,lbt,1,1,Intel(R) Core(TM) 7 150U,NT,2abc7cc
degen-r50-m5-d1e-08-p0,100,Newton-SIN-BH,1e-7*n,9.999999999999999e-6,4,5,0.0177482,0.0126106,71.05283916115438,0.0,8.2e-6,0.0,0.0047472,0.0,0.0,0.0003821999999999992,0.49452319069458306,3.9143164071794727e-13,-1.6532587108940936e-15,1.1213252548714081e-14,1.1213252548714081e-14,4.2701463728582376e-14,1.1213252548714081e-14,NaN,converged,15,15,0,0,0,0,4,6.284970483165479e-14,1.12.6,lbt,1,1,Intel(R) Core(TM) 7 150U,NT,2abc7cc
degen-r50-m5-d1e-08-p0,100,Newton-SIN,1e-7*n,9.999999999999999e-6,4,9,0.0310034,0.025998900000000002,83.85822200145792,0.0,1.01e-5,0.0,0.0047059,0.0,0.0,0.0002884999999999988,0.49452319069458306,3.9143164071794727e-13,-1.6532587108940936e-15,1.1213252548714081e-14,1.1213252548714081e-14,4.2701463728582376e-14,1.1213252548714081e-14,NaN,converged,15,15,0,0,0,0,4,6.284970483165479e-14,1.12.6,lbt,1,1,Intel(R) Core(TM) 7 150U,NT,2abc7cc
degen-r50-m5-d1e-08-p0,100,AGD-SDAJ-BH,1e-7*n,1.0e-11,7,47,0.1227807,0.1213093,98.80160318356222,0.0,6.63e-5,0.0,0.0,0.0,0.0,0.0014051000000000115,0.4945231906966025,4.909762455193621e-12,-1.5986216363705524e-15,1.9408918916496987e-12,1.9408918916496987e-12,4.044549614545072e-12,1.9408918916496987e-12,NaN,diag_feasible_at_xpre,0,0,8,8,0,0,7,6.284970483165479e-14,1.12.6,lbt,1,1,Intel(R) Core(TM) 7 150U,NT,2abc7cc
degen-r50-m5-d1e-08-p0,100,AGD-SDAJ,1e-7*n,1.0e-11,6,47,0.1317419,0.1279652,97.13325828760631,0.0,6.67e-5,0.0,0.0,0.0,0.0,0.003709999999999994,0.49452319069773076,5.676635269080519e-12,-1.5620397412097049e-15,1.3248291352851993e-12,1.3248291352851993e-12,4.226538458553691e-12,1.3248291352851993e-12,NaN,diag_feasible,0,0,10,8,2,0,6,6.284970483165479e-14,1.12.6,lbt,1,1,Intel(R) Core(TM) 7 150U,NT,2abc7cc
degen-r50-m5-d1e-08-p0,100,Dykstra-APM,1e-7*n,9.999999999999999e-6,34,34,0.0991405,0.0926498,93.4530287823846,0.0,0.0,0.0,0.0,0.0029181,0.0,0.003572600000000002,0.4945231906861349,1.3615718119434696e-11,-1.5249184226489328e-15,2.4362734052374435e-12,2.4362734052374435e-12,9.508155073769186e-12,2.4362734052374435e-12,NaN,diag_feasible,0,0,0,0,0,0,34,6.284970483165479e-14,1.12.6,lbt,1,1,Intel(R) Core(TM) 7 150U,NT,2abc7cc
degen-r50-m5-d1e-08-p0,100,Anderson-APM,1e-7*n,9.999999999999999e-6,16,16,0.0429766,0.0317223,73.81295867983974,0.0,0.0,0.0,0.0,0.0,0.0092363,0.0020179999999999955,0.4945231906912732,6.415326020913111e-12,-1.6038648919071465e-15,1.956435013994451e-12,1.956435013994451e-12,4.677802667180847e-12,1.956435013994451e-12,NaN,diag_feasible,0,0,0,0,0,0,16,6.284970483165479e-14,1.12.6,lbt,1,1,Intel(R) Core(TM) 7 150U,NT,2abc7cc
degen-r50-m5-d1e-08-p1,100,SBB-Dual,1e-7*n,1.0e-11,13,14,0.0254353,0.025013200000000003,98.34049529590766,2.2e-5,1.68e-5,4.93e-5,0.0,0.0,0.0,0.0003339999999999982,0.49486182005874585,4.517652997236658e-12,-1.983719804363103e-15,7.398526236102043e-13,0.0,4.484782206169009e-12,7.398526236102043e-13,8.333333333333334,diag_feasible,0,0,0,0,0,0,13,6.345660320802441e-14,1.12.6,lbt,1,1,Intel(R) Core(TM) 7 150U,NT,2abc7cc
degen-r50-m5-d1e-08-p1,100,Newton-SIN-BH,1e-7*n,9.999999999999999e-6,4,5,0.0213741,0.0122297,57.21737991307236,0.0,9.2e-6,0.0,0.0087277,0.0,0.0,0.0004075000000000016,0.49486182005874974,1.2646449195132064e-13,-1.4595185542291373e-15,1.2545520178264269e-14,1.2545520178264269e-14,3.0658040423666867e-14,1.2545520178264269e-14,NaN,converged,15,15,0,0,0,0,4,6.345660320802441e-14,1.12.6,lbt,1,1,Intel(R) Core(TM) 7 150U,NT,2abc7cc
degen-r50-m5-d1e-08-p1,100,Newton-SIN,1e-7*n,9.999999999999999e-6,4,9,0.0293619,0.0245035,83.45338687210297,0.0,8.2e-6,0.0,0.0045699,0.0,0.0,0.00028029999999999895,0.49486182005874974,1.2646449195132064e-13,-1.4595185542291373e-15,1.2545520178264269e-14,1.2545520178264269e-14,3.0658040423666867e-14,1.2545520178264269e-14,NaN,converged,15,15,0,0,0,0,4,6.345660320802441e-14,1.12.6,lbt,1,1,Intel(R) Core(TM) 7 150U,NT,2abc7cc
degen-r50-m5-d1e-08-p1,100,AGD-SDAJ-BH,1e-7*n,1.0e-11,6,44,0.1281514,0.1266414,98.82170620063455,0.0,7.76e-5,0.0,0.0,0.0,0.0,0.0014324000000000114,0.49486182006568435,1.3008122271749928e-11,-1.6915213606383185e-15,1.881717004437178e-12,1.881717004437178e-12,9.847111030814407e-12,1.881717004437178e-12,NaN,diag_feasible,0,0,7,7,0,0,6,6.345660320802441e-14,1.12.6,lbt,1,1,Intel(R) Core(TM) 7 150U,NT,2abc7cc
degen-r50-m5-d1e-08-p1,100,AGD-SDAJ,1e-7*n,1.0e-11,6,44,0.1133057,0.1118662,98.72954317390916,0.0,6.59e-5,0.0,0.0,0.0,0.0,0.0013735999999999963,0.49486182006568435,1.3008122271749928e-11,-1.6915213606383185e-15,1.881717004437178e-12,1.881717004437178e-12,9.847111030814407e-12,1.881717004437178e-12,NaN,diag_feasible,0,0,7,7,0,0,6,6.345660320802441e-14,1.12.6,lbt,1,1,Intel(R) Core(TM) 7 150U,NT,2abc7cc
degen-r50-m5-d1e-08-p1,100,Dykstra-APM,1e-7*n,9.999999999999999e-6,34,34,0.0809888,0.0753087,92.98656110474535,0.0,0.0,0.0,0.0,0.0026818,0.0,0.0029982999999999937,0.4948618200512452,1.1949395996587697e-11,-1.6751626071991643e-15,1.9630963521422018e-12,1.9630963521422018e-12,8.36865529305277e-12,1.9630963521422018e-12,NaN,diag_feasible,0,0,0,0,0,0,34,6.345660320802441e-14,1.12.6,lbt,1,1,Intel(R) Core(TM) 7 150U,NT,2abc7cc
degen-r50-m5-d1e-08-p1,100,Anderson-APM,1e-7*n,9.999999999999999e-6,16,16,0.0340508,0.0283497,83.25707472364819,0.0,0.0,0.0,0.0,0.0,0.0046644,0.0010367000000000006,0.49486182005224577,1.1211287433662893e-11,-1.6082010162718998e-15,2.9265478929119126e-12,2.9265478929119126e-12,8.065312250728348e-12,2.9265478929119126e-12,NaN,diag_feasible,0,0,0,0,0,0,16,6.345660320802441e-14,1.12.6,lbt,1,1,Intel(R) Core(TM) 7 150U,NT,2abc7cc
degen-r50-m5-d1e-08-p2,100,SBB-Dual,1e-7*n,1.0e-11,14,15,0.0415971,0.040525799999999994,97.42458007889971,0.000501,2.21e-5,0.000119,0.0,0.0,0.0,0.0004292000000000041,0.4934834932090695,9.186132624215674e-13,-1.5437926717923163e-15,3.9812597663058114e-13,0.0,1.0930053092674516e-12,3.9812597663058114e-13,15.384615384615385,diag_feasible,0,0,0,0,0,0,14,2.4556266131714712e-14,1.12.6,lbt,1,1,Intel(R) Core(TM) 7 150U,NT,2abc7cc
degen-r50-m5-d1e-08-p2,100,Newton-SIN-BH,1e-7*n,9.999999999999999e-6,4,5,0.0189806,0.0139614,73.5561573395994,0.0,9.6e-6,0.0,0.0046349,0.0,0.0,0.0003746999999999995,0.49348349320907253,0.0,-1.4587769634442318e-15,7.66053886991358e-15,7.66053886991358e-15,2.4556266131714712e-14,7.66053886991358e-15,NaN,converged,15,15,0,0,0,0,4,2.4556266131714712e-14,1.12.6,lbt,1,1,Intel(R) Core(TM) 7 150U,NT,2abc7cc
degen-r50-m5-d1e-08-p2,100,Newton-SIN,1e-7*n,9.999999999999999e-6,4,9,0.0284869,0.0232634,81.66350146909633,0.0,9.1e-6,0.0,0.0049183,0.0,0.0,0.00029609999999999966,0.49348349320907253,0.0,-1.4587769634442318e-15,7.66053886991358e-15,7.66053886991358e-15,2.4556266131714712e-14,7.66053886991358e-15,NaN,converged,15,15,0,0,0,0,4,2.4556266131714712e-14,1.12.6,lbt,1,1,Intel(R) Core(TM) 7 150U,NT,2abc7cc
degen-r50-m5-d1e-08-p2,100,AGD-SDAJ-BH,1e-7*n,1.0e-11,6,41,0.0992698,0.0979956,98.71642735252816,0.0,5.39e-5,0.0,0.0,0.0,0.0,0.0012203000000000032,0.4934834932101208,1.8807610687639762e-12,-1.5207577691355576e-15,3.9901415505028126e-13,3.9901415505028126e-13,1.4017761993584079e-12,3.9901415505028126e-13,NaN,diag_feasible,0,0,4,4,0,0,6,2.4556266131714712e-14,1.12.6,lbt,1,1,Intel(R) Core(TM) 7 150U,NT,2abc7cc
degen-r50-m5-d1e-08-p2,100,AGD-SDAJ,1e-7*n,1.0e-11,6,60,0.1598174,0.1574408,98.51292787894184,0.0,7.95e-5,0.0,0.0,0.0,0.0,0.0022971000000000063,0.4934834932081441,3.080332859212448e-12,-1.6780534447318109e-15,1.6227019727921288e-12,1.6227019727921288e-12,2.619262461005872e-12,1.6227019727921288e-12,NaN,diag_feasible,0,0,23,4,19,0,6,2.4556266131714712e-14,1.12.6,lbt,1,1,Intel(R) Core(TM) 7 150U,NT,2abc7cc
degen-r50-m5-d1e-08-p2,100,Dykstra-APM,1e-7*n,9.999999999999999e-6,35,35,0.1004853,0.0837012,83.29695985382936,0.0,0.0,0.0,0.0,0.0114962,0.0,0.005287899999999996,0.49348349320391055,8.181731586703216e-12,-1.5026910869239422e-15,1.113331649094107e-12,1.113331649094107e-12,5.718331122753266e-12,1.113331649094107e-12,NaN,diag_feasible,0,0,0,0,0,0,35,2.4556266131714712e-14,1.12.6,lbt,1,1,Intel(R) Core(TM) 7 150U,NT,2abc7cc
degen-r50-m5-d1e-08-p2,100,Anderson-APM,1e-7*n,9.999999999999999e-6,16,16,0.0591778,0.0431578,72.92903757828104,0.0,0.0,0.0,0.0,0.0,0.0128441,0.003175899999999999,0.4934834932026873,1.098414854928539e-11,-1.7007024228772281e-15,3.105737889086413e-12,3.105737889086413e-12,7.877388868593608e-12,3.105737889086413e-12,NaN,diag_feasible,0,0,0,0,0,0,16,2.4556266131714712e-14,1.12.6,lbt,1,1,Intel(R) Core(TM) 7 150U,NT,2abc7cc
degen-r50-m5-d1e-08-p3,100,SBB-Dual,1e-7*n,1.0e-11,13,14,0.0351566,0.0346133,98.45462871836297,4.1e-5,2.04e-5,0.0001121,0.0,0.0,0.0,0.00036980000000000346,0.4926239495195683,8.00985712750475e-12,-1.417416954937826e-15,2.3632207302171082e-12,0.0,8.788086307983721e-12,2.3632207302171082e-12,8.333333333333334,diag_feasible,0,0,0,0,0,0,13,1.9008172467201246e-14,1.12.6,lbt,1,1,Intel(R) Core(TM) 7 150U,NT,2abc7cc
degen-r50-m5-d1e-08-p3,100,Newton-SIN-BH,1e-7*n,9.999999999999999e-6,4,5,0.0187844,0.0119086,63.39622239730841,0.0,8.7e-6,0.0,0.0064931,0.0,0.0,0.00037399999999999933,0.49262394951957017,1.1761145226995492e-13,-1.4859680501680951e-15,5.329070518200751e-15,5.329070518200751e-15,1.4911332660346915e-14,5.329070518200751e-15,NaN,converged,15,15,0,0,0,0,4,1.9008172467201246e-14,1.12.6,lbt,1,1,Intel(R) Core(TM) 7 150U,NT,2abc7cc
degen-r50-m5-d1e-08-p3,100,Newton-SIN,1e-7*n,9.999999999999999e-6,4,9,0.0321708,0.0261579,81.30944831959417,0.0,1.49e-5,0.0,0.0055801,0.0,0.0,0.00041789999999999796,0.49262394951957017,1.1761145226995492e-13,-1.4859680501680951e-15,5.329070518200751e-15,5.329070518200751e-15,1.4911332660346915e-14,5.329070518200751e-15,NaN,converged,15,15,0,0,0,0,4,1.9008172467201246e-14,1.12.6,lbt,1,1,Intel(R) Core(TM) 7 150U,NT,2abc7cc
degen-r50-m5-d1e-08-p3,100,AGD-SDAJ-BH,1e-7*n,1.0e-11,7,48,0.123162,0.121751,98.854354427502,0.0,6.22e-5,0.0,0.0,0.0,0.0,0.0013487999999999955,0.4926239495224581,5.978413728610085e-12,-1.3987890570972875e-15,2.3608892618653954e-12,2.3608892618653954e-12,4.72097770256942e-12,2.3608892618653954e-12,NaN,diag_feasible,0,0,5,5,0,0,7,1.9008172467201246e-14,1.12.6,lbt,1,1,Intel(R) Core(TM) 7 150U,NT,2abc7cc
degen-r50-m5-d1e-08-p3,100,AGD-SDAJ,1e-7*n,1.0e-11,7,47,0.0906535,0.08954469999999999,98.776881201498,0.0,5.07e-5,0.0,0.0,0.0,0.0,0.001058100000000007,0.4926239495225257,7.43557194009098e-12,-1.4043003288036491e-15,3.543942916905962e-12,3.543942916905962e-12,6.261657340191239e-12,3.543942916905962e-12,NaN,diag_feasible_at_xpre,0,0,8,5,3,0,7,1.9008172467201246e-14,1.12.6,lbt,1,1,Intel(R) Core(TM) 7 150U,NT,2abc7cc
degen-r50-m5-d1e-08-p3,100,Dykstra-APM,1e-7*n,9.999999999999999e-6,35,35,0.0979077,0.0914626,93.41716739337151,0.0,0.0,0.0,0.0,0.0028551,0.0,0.003589999999999995,0.49262394951367094,9.307155994309145e-12,-1.6925688924556035e-15,1.3715695246219184e-12,1.3715695246219184e-12,6.508457989477565e-12,1.3715695246219184e-12,NaN,diag_feasible,0,0,0,0,0,0,35,1.9008172467201246e-14,1.12.6,lbt,1,1,Intel(R) Core(TM) 7 150U,NT,2abc7cc
degen-r50-m5-d1e-08-p3,100,Anderson-APM,1e-7*n,9.999999999999999e-6,16,16,0.0398724,0.0303486,76.11430463177537,0.0,0.0,0.0,0.0,0.0,0.0080765,0.001447300000000002,0.4926239495225249,7.865940662604145e-12,-1.3130197158271799e-15,2.075783989141655e-12,2.075783989141655e-12,6.099657751857158e-12,2.075783989141655e-12,NaN,diag_feasible,0,0,0,0,0,0,16,1.9008172467201246e-14,1.12.6,lbt,1,1,Intel(R) Core(TM) 7 150U,NT,2abc7cc
degen-r50-m5-d1e-08-p4,100,SBB-Dual,1e-7*n,1.0e-11,14,15,0.0482569,0.047396600000000004,98.21724976117406,6.24e-5,3.76e-5,0.0001361,0.0,0.0,0.0,0.0006241999999999944,0.49319677559510444,3.678307304075948e-12,-1.9641839710040318e-15,8.427702979929563e-13,0.0,3.705135313924977e-12,8.427702979929563e-13,7.6923076923076925,diag_feasible,0,0,0,0,0,0,14,1.8576257487115544e-14,1.12.6,lbt,1,1,Intel(R) Core(TM) 7 150U,NT,2abc7cc
degen-r50-m5-d1e-08-p4,100,Newton-SIN-BH,1e-7*n,9.999999999999999e-6,4,5,0.0188599,0.0132549,70.28086044994937,0.0,1.1e-5,0.0,0.0050556,0.0,0.0,0.0005383999999999988,0.49319677559510483,3.179363913054252e-13,-1.7061348856457496e-15,1.84297022087776e-14,1.84297022087776e-14,5.0217070015188435e-14,1.84297022087776e-14,NaN,converged,15,15,0,0,0,0,4,1.8576257487115544e-14,1.12.6,lbt,1,1,Intel(R) Core(TM) 7 150U,NT,2abc7cc
degen-r50-m5-d1e-08-p4,100,Newton-SIN,1e-7*n,9.999999999999999e-6,4,9,0.026879,0.0218331,81.22735220804346,0.0,9.3e-6,0.0,0.0047381,0.0,0.0,0.0002984999999999984,0.49319677559510483,3.179363913054252e-13,-1.7061348856457496e-15,1.84297022087776e-14,1.84297022087776e-14,5.0217070015188435e-14,1.84297022087776e-14,NaN,converged,15,15,0,0,0,0,4,1.8576257487115544e-14,1.12.6,lbt,1,1,Intel(R) Core(TM) 7 150U,NT,2abc7cc
degen-r50-m5-d1e-08-p4,100,AGD-SDAJ-BH,1e-7*n,1.0e-11,6,37,0.1042466,0.10291840000000001,98.72590568901049,0.0,6.14e-5,0.0,0.0,0.0,0.0,0.0012667999999999876,0.4931967755992035,1.0064011753754401e-11,-1.400785907097965e-15,3.4368063950296346e-12,3.4368063950296346e-12,8.35144230526554e-12,3.4368063950296346e-12,NaN,diag_feasible,0,0,2,2,0,0,6,1.8576257487115544e-14,1.12.6,lbt,1,1,Intel(R) Core(TM) 7 150U,NT,2abc7cc
degen-r50-m5-d1e-08-p4,100,AGD-SDAJ,1e-7*n,1.0e-11,6,39,0.0754258,0.0744374,98.68957306385879,0.0,4.97e-5,0.0,0.0,0.0,0.0,0.0009387000000000004,0.4931967755992081,1.0061588313551826e-11,-1.4964509613087588e-15,3.4279246108326333e-12,3.4279246108326333e-12,8.347482976939856e-12,3.4279246108326333e-12,NaN,diag_feasible_at_xpre,0,0,6,2,4,0,6,1.8576257487115544e-14,1.12.6,lbt,1,1,Intel(R) Core(TM) 7 150U,NT,2abc7cc
degen-r50-m5-d1e-08-p4,100,Dykstra-APM,1e-7*n,9.999999999999999e-6,35,35,0.0940019,0.0881521,93.77693429600892,0.0,0.0,0.0,0.0,0.0027929,0.0,0.003056900000000002,0.4931967755888617,9.883532428237446e-12,-1.797016074630272e-15,1.2991829834163582e-12,1.2991829834163582e-12,6.902431509596968e-12,1.2991829834163582e-12,NaN,diag_feasible,0,0,0,0,0,0,35,1.8576257487115544e-14,1.12.6,lbt,1,1,Intel(R) Core(TM) 7 150U,NT,2abc7cc
degen-r50-m5-d1e-08-p4,100,Anderson-APM,1e-7*n,9.999999999999999e-6,16,16,0.0467293,0.0347721,74.41177162936316,0.0,0.0,0.0,0.0,0.0,0.0102266,0.0017306000000000005,0.4931967755964775,7.096443712385977e-12,-1.468200717818179e-15,2.4273916210404423e-12,2.4273916210404423e-12,5.6860109047403964e-12,2.4273916210404423e-12,NaN,diag_feasible,0,0,0,0,0,0,16,1.8576257487115544e-14,1.12.6,lbt,1,1,Intel(R) Core(TM) 7 150U,NT,2abc7cc
degen-r50-m5-d1e-10-p0,100,SBB-Dual,1e-7*n,1.0e-11,13,14,0.0350074,0.034421400000000005,98.32606820272287,3.96e-5,1.81e-5,0.0001178,0.0,0.0,0.0,0.0004104999999999963,0.4945231949613524,5.813289281938167e-12,-1.7729789232614703e-15,2.5671686998407495e-12,0.0,6.1827837454950865e-12,2.5671686998407495e-12,8.333333333333334,diag_feasible,0,0,0,0,0,0,13,3.001239024626847e-14,1.12.6,lbt,1,1,Intel(R) Core(TM) 7 150U,NT,2abc7cc
degen-r50-m5-d1e-10-p0,100,Newton-SIN-BH,1e-7*n,9.999999999999999e-6,5,6,0.0278045,0.0178116,64.0601341509468,0.0,1.22e-5,0.0,0.00943,0.0,0.0,0.0005506999999999995,0.49452319496135144,2.745533900170703e-13,-1.8023940291808647e-15,2.3314683517128287e-14,2.3314683517128287e-14,7.328910064867524e-14,2.3314683517128287e-14,NaN,converged,26,26,0,0,0,0,5,3.001239024626847e-14,1.12.6,lbt,1,1,Intel(R) Core(TM) 7 150U,NT,2abc7cc
degen-r50-m5-d1e-10-p0,100,Newton-SIN,1e-7*n,9.999999999999999e-6,5,11,0.035881,0.027257,75.96499540146594,0.0,1.25e-5,0.0,0.0082698,0.0,0.0,0.00034170000000000207,0.49452319496135144,2.745533900170703e-13,-1.8023940291808647e-15,2.3314683517128287e-14,2.3314683517128287e-14,7.328910064867524e-14,2.3314683517128287e-14,NaN,converged,26,26,0,0,0,0,5,3.001239024626847e-14,1.12.6,lbt,1,1,Intel(R) Core(TM) 7 150U,NT,2abc7cc
degen-r50-m5-d1e-10-p0,100,AGD-SDAJ-BH,1e-7*n,1.0e-11,7,46,0.1516625,0.1492004,98.37659276353746,0.0,0.0001591,0.0,0.0,0.0,0.0,0.0023029999999999947,0.49452319496339725,4.908532808060668e-12,-1.7201046669897605e-15,1.991518061572606e-12,1.991518061572606e-12,4.062438167259905e-12,1.991518061572606e-12,NaN,diag_feasible_at_xpre,0,0,7,7,0,0,7,3.001239024626847e-14,1.12.6,lbt,1,1,Intel(R) Core(TM) 7 150U,NT,2abc7cc
degen-r50-m5-d1e-10-p0,100,AGD-SDAJ,1e-7*n,1.0e-11,6,47,0.1445464,0.142256,98.41545690518754,0.0,6.01e-5,0.0,0.0,0.0,0.0,0.002230299999999998,0.49452319496361424,4.191682646125045e-12,-1.5300747254142387e-15,9.431344594190705e-13,9.431344594190705e-13,3.1524187570825548e-12,9.431344594190705e-13,NaN,diag_feasible,0,0,10,7,3,0,6,3.001239024626847e-14,1.12.6,lbt,1,1,Intel(R) Core(TM) 7 150U,NT,2abc7cc
degen-r50-m5-d1e-10-p0,100,Dykstra-APM,1e-7*n,9.999999999999999e-6,34,34,0.0902129,0.0833879,92.43456312788969,0.0,0.0,0.0,0.0,0.0033487,0.0,0.0034762999999999977,0.49452319495648567,7.80645487816383e-12,-1.6261110267546177e-15,1.4062084829902233e-12,1.4062084829902233e-12,5.4544735869331615e-12,1.4062084829902233e-12,NaN,diag_feasible,0,0,0,0,0,0,34,3.001239024626847e-14,1.12.6,lbt,1,1,Intel(R) Core(TM) 7 150U,NT,2abc7cc
degen-r50-m5-d1e-10-p0,100,Anderson-APM,1e-7*n,9.999999999999999e-6,16,16,0.0596215,0.0397448,66.66185855773504,0.0,0.0,0.0,0.0,0.0,0.0169424,0.0029343000000000043,0.49452319495784774,7.619327851510723e-12,-1.4050323347360423e-15,2.273403687524933e-12,2.273403687524933e-12,5.665920855239328e-12,2.273403687524933e-12,NaN,diag_feasible,0,0,0,0,0,0,16,3.001239024626847e-14,1.12.6,lbt,1,1,Intel(R) Core(TM) 7 150U,NT,2abc7cc
degen-r50-m5-d1e-10-p1,100,SBB-Dual,1e-7*n,1.0e-11,13,14,0.0230323,0.022607,98.15346274579612,2.31e-5,1.67e-5,4.07e-5,0.0,0.0,0.0,0.0003448,0.49486182435344117,4.960814786494492e-12,-2.1061218100789745e-15,9.72111280361787e-13,0.0,5.050060006685891e-12,9.72111280361787e-13,8.333333333333334,diag_feasible,0,0,0,0,0,0,13,1.727601207193698e-14,1.12.6,lbt,1,1,Intel(R) Core(TM) 7 150U,NT,2abc7cc
degen-r50-m5-d1e-10-p1,100,Newton-SIN-BH,1e-7*n,9.999999999999999e-6,5,6,0.0248106,0.0164846,66.44176279493442,0.0,1.1e-5,0.0,0.0078673,0.0,0.0,0.0004476999999999988,0.49486182435344306,3.1314883180361523e-13,-1.7722868611813902e-15,1.3766765505351941e-14,1.3766765505351941e-14,4.037214249582317e-14,1.3766765505351941e-14,NaN,converged,25,25,0,0,0,0,5,1.727601207193698e-14,1.12.6,lbt,1,1,Intel(R) Core(TM) 7 150U,NT,2abc7cc
degen-r50-m5-d1e-10-p1,100,Newton-SIN,1e-7*n,9.999999999999999e-6,5,11,0.0363212,0.0259702,71.50149224144576,0.0,1.43e-5,0.0,0.0100006,0.0,0.0,0.0003360999999999989,0.49486182435344306,3.1314883180361523e-13,-1.7722868611813902e-15,1.3766765505351941e-14,1.3766765505351941e-14,4.037214249582317e-14,1.3766765505351941e-14,NaN,converged,25,25,0,0,0,0,5,1.727601207193698e-14,1.12.6,lbt,1,1,Intel(R) Core(TM) 7 150U,NT,2abc7cc
degen-r50-m5-d1e-10-p1,100,AGD-SDAJ-BH,1e-7*n,1.0e-11,6,46,0.1032664,0.10138180000000001,98.17501142675644,0.0,5.84e-5,0.0,0.0,0.0,0.0,0.0018261999999999864,0.49486182435562276,3.869412614982273e-12,-1.8369448697110546e-15,6.251665851664256e-13,6.251665851664256e-13,2.8726928168353767e-12,6.251665851664256e-13,NaN,diag_feasible,0,0,9,9,0,0,6,1.727601207193698e-14,1.12.6,lbt,1,1,Intel(R) Core(TM) 7 150U,NT,2abc7cc
degen-r50-m5-d1e-10-p1,100,AGD-SDAJ,1e-7*n,1.0e-11,6,46,0.1204394,0.1174124,97.48670285637424,0.0,6.44e-5,0.0,0.0,0.0,0.0,0.002962600000000002,0.49486182435562276,3.869412614982273e-12,-1.8369448697110546e-15,6.251665851664256e-13,6.251665851664256e-13,2.8726928168353767e-12,6.251665851664256e-13,NaN,diag_feasible,0,0,9,9,0,0,6,1.727601207193698e-14,1.12.6,lbt,1,1,Intel(R) Core(TM) 7 150U,NT,2abc7cc
degen-r50-m5-d1e-10-p1,100,Dykstra-APM,1e-7*n,9.999999999999999e-6,33,33,0.0940155,0.0877536,93.33950252883834,0.0,0.0,0.0,0.0,0.0028552,0.0,0.003406700000000001,0.4948618243450264,1.339448943276765e-11,-1.6129038244518203e-15,2.2324364579162648e-12,2.2324364579162648e-12,9.381986857731924e-12,2.2324364579162648e-12,NaN,diag_feasible,0,0,0,0,0,0,33,1.727601207193698e-14,1.12.6,lbt,1,1,Intel(R) Core(TM) 7 150U,NT,2abc7cc
degen-r50-m5-d1e-10-p1,100,Anderson-APM,1e-7*n,9.999999999999999e-6,17,17,0.0394437,0.0325868,82.61598176641644,0.0,0.0,0.0,0.0,0.0,0.0056099,0.001246999999999999,0.4948618243510409,4.042763935907199e-12,-1.4112216237339258e-15,8.131273432354647e-13,8.131273432354647e-13,2.8910836510237054e-12,8.131273432354647e-13,NaN,diag_feasible,0,0,0,0,0,0,17,1.727601207193698e-14,1.12.6,lbt,1,1,Intel(R) Core(TM) 7 150U,NT,2abc7cc
degen-r50-m5-d1e-10-p2,100,SBB-Dual,1e-7*n,1.0e-11,14,15,0.0502173,0.0495159,98.60327018776398,5.92e-5,2.87e-5,0.0001259,0.0,0.0,0.0,0.00048759999999999787,0.49348349738219,1.0195766120776636e-12,-1.736153156678602e-15,4.64406291200703e-13,0.0,1.2349611913514655e-12,4.64406291200703e-13,15.384615384615385,diag_feasible,0,0,0,0,0,0,14,2.5048757304308775e-14,1.12.6,lbt,1,1,Intel(R) Core(TM) 7 150U,NT,2abc7cc
degen-r50-m5-d1e-10-p2,100,Newton-SIN-BH,1e-7*n,9.999999999999999e-6,5,6,0.0251052,0.0145893,58.11266191864634,0.0,0.0002341,0.0,0.0098347,0.0,0.0,0.00044710000000000236,0.49348349738219355,1.6870841010445055e-13,-1.4267762227005886e-15,1.1546319456101628e-14,1.1546319456101628e-14,2.489698339616778e-14,1.1546319456101628e-14,NaN,converged,26,26,0,0,0,0,5,2.5048757304308775e-14,1.12.6,lbt,1,1,Intel(R) Core(TM) 7 150U,NT,2abc7cc
degen-r50-m5-d1e-10-p2,100,Newton-SIN,1e-7*n,9.999999999999999e-6,5,11,0.0238882,0.018445,77.21385453906113,0.0,9.3e-6,0.0,0.0051186,0.0,0.0,0.0003152999999999984,0.49348349738219355,1.6870841010445055e-13,-1.4267762227005886e-15,1.1546319456101628e-14,1.1546319456101628e-14,2.489698339616778e-14,1.1546319456101628e-14,NaN,converged,26,26,0,0,0,0,5,2.5048757304308775e-14,1.12.6,lbt,1,1,Intel(R) Core(TM) 7 150U,NT,2abc7cc
degen-r50-m5-d1e-10-p2,100,AGD-SDAJ-BH,1e-7*n,1.0e-11,6,41,0.1088363,0.1075048,98.77660302674751,0.0,7.14e-5,0.0,0.0,0.0,0.0,0.0012600999999999992,0.4934834973832029,1.790487017265789e-12,-1.5901880732126201e-15,3.5638159090467525e-13,3.5638159090467525e-13,1.315206572406999e-12,3.5638159090467525e-13,NaN,diag_feasible,0,0,4,4,0,0,6,2.5048757304308775e-14,1.12.6,lbt,1,1,Intel(R) Core(TM) 7 150U,NT,2abc7cc
degen-r50-m5-d1e-10-p2,100,AGD-SDAJ,1e-7*n,1.0e-11,7,54,0.1387909,0.1372446,98.8858779646216,0.0,7.42e-5,0.0,0.0,0.0,0.0,0.0014721000000000005,0.49348349738750885,1.0985829400084261e-11,-1.5795201883949937e-15,4.427125332995274e-12,4.427125332995274e-12,8.7955326801846e-12,4.427125332995274e-12,NaN,diag_feasible,0,0,13,5,8,0,7,2.5048757304308775e-14,1.12.6,lbt,1,1,Intel(R) Core(TM) 7 150U,NT,2abc7cc
degen-r50-m5-d1e-10-p2,100,Dykstra-APM,1e-7*n,9.999999999999999e-6,34,34,0.0907851,0.0845518,93.13400547006063,0.0,0.0,0.0,0.0,0.0030782,0.0,0.003155099999999997,0.4934834973761318,9.587452052757656e-12,-1.4185126089996413e-15,1.4062084829902233e-12,1.4062084829902233e-12,6.7039011828629996e-12,1.4062084829902233e-12,NaN,diag_feasible,0,0,0,0,0,0,34,2.5048757304308775e-14,1.12.6,lbt,1,1,Intel(R) Core(TM) 7 150U,NT,2abc7cc
degen-r50-m5-d1e-10-p2,100,Anderson-APM,1e-7*n,9.999999999999999e-6,16,16,0.0496694,0.0345918,69.64408670126879,0.0,0.0,0.0,0.0,0.0,0.0131843,0.001893300000000004,0.4934834973795955,5.101023733061773e-12,-1.7239983418863405e-15,1.2072565169773952e-12,1.2072565169773952e-12,3.7757352727399745e-12,1.2072565169773952e-12,NaN,diag_feasible,0,0,0,0,0,0,16,2.5048757304308775e-14,1.12.6,lbt,1,1,Intel(R) Core(TM) 7 150U,NT,2abc7cc
degen-r50-m5-d1e-10-p3,100,SBB-Dual,1e-7*n,1.0e-11,13,14,0.0386656,0.037925,98.08460233385748,4.77e-5,2.9e-5,0.0001248,0.0,0.0,0.0,0.0005391000000000009,0.49262395355675725,8.954666573038568e-12,-1.5789020625801488e-15,2.703393064962256e-12,0.0,9.846335011658068e-12,2.703393064962256e-12,8.333333333333334,diag_feasible,0,0,0,0,0,0,13,3.468980626944125e-14,1.12.6,lbt,1,1,Intel(R) Core(TM) 7 150U,NT,2abc7cc
degen-r50-m5-d1e-10-p3,100,Newton-SIN-BH,1e-7*n,9.999999999999999e-6,5,6,0.0275959,0.0165946,60.13429531198476,0.0,1.31e-5,0.0,0.0100879,0.0,0.0,0.000900299999999998,0.492623953556759,1.2574644180764907e-13,-1.5461968110721968e-15,3.9968028886505635e-15,3.9968028886505635e-15,1.4604392053390346e-14,3.9968028886505635e-15,NaN,converged,26,26,0,0,0,0,5,3.468980626944125e-14,1.12.6,lbt,1,1,Intel(R) Core(TM) 7 150U,NT,2abc7cc
degen-r50-m5-d1e-10-p3,100,Newton-SIN,1e-7*n,9.999999999999999e-6,5,11,0.040622,0.0293373,72.22022549357492,0.0,2.75e-5,0.0,0.0108288,0.0,0.0,0.0004283999999999989,0.492623953556759,1.2574644180764907e-13,-1.5461968110721968e-15,3.9968028886505635e-15,3.9968028886505635e-15,1.4604392053390346e-14,3.9968028886505635e-15,NaN,converged,26,26,0,0,0,0,5,3.468980626944125e-14,1.12.6,lbt,1,1,Intel(R) Core(TM) 7 150U,NT,2abc7cc
degen-r50-m5-d1e-10-p3,100,AGD-SDAJ-BH,1e-7*n,1.0e-11,7,44,0.1060381,0.1047822,98.81561438765878,0.0,5.77e-5,0.0,0.0,0.0,0.0,0.0011981999999999904,0.4926239535614392,8.165097514634374e-12,-1.6675032768009594e-15,3.2680524952866108e-12,3.2680524952866108e-12,6.147613981549105e-12,3.2680524952866108e-12,NaN,diag_feasible_at_xpre,0,0,5,5,0,0,7,3.468980626944125e-14,1.12.6,lbt,1,1,Intel(R) Core(TM) 7 150U,NT,2abc7cc
degen-r50-m5-d1e-10-p3,100,AGD-SDAJ,1e-7*n,1.0e-11,7,53,0.1311933,0.129653,98.82593089738575,0.0,6.92e-5,0.0,0.0,0.0,0.0,0.0014711000000000223,0.49262395356149713,8.370179256896905e-12,-1.64657874998593e-15,3.479549981477703e-12,3.479549981477703e-12,6.346998662034872e-12,3.479549981477703e-12,NaN,diag_feasible_at_xpre,0,0,14,5,9,0,7,3.468980626944125e-14,1.12.6,lbt,1,1,Intel(R) Core(TM) 7 150U,NT,2abc7cc
degen-r50-m5-d1e-10-p3,100,Dykstra-APM,1e-7*n,9.999999999999999e-6,34,34,0.0885258,0.0821248,92.76933955976675,0.0,0.0,0.0,0.0,0.0031647,0.0,0.003236300000000004,0.492623953549515,1.1428497113099838e-11,-1.6283988096226792e-15,1.7505996652289468e-12,1.7505996652289468e-12,7.993734000864163e-12,1.7505996652289468e-12,NaN,diag_feasible,0,0,0,0,0,0,34,3.468980626944125e-14,1.12.6,lbt,1,1,Intel(R) Core(TM) 7 150U,NT,2abc7cc
degen-r50-m5-d1e-10-p3,100,Anderson-APM,1e-7*n,9.999999999999999e-6,16,16,0.0555518,0.0395425,71.18131185668152,0.0,0.0,0.0,0.0,0.0,0.0134568,0.0025524999999999975,0.49262395355973276,7.899695298417439e-12,-1.5529834455900433e-15,2.0667911826421914e-12,2.0667911826421914e-12,6.1215991487181354e-12,2.0667911826421914e-12,NaN,diag_feasible,0,0,0,0,0,0,16,3.468980626944125e-14,1.12.6,lbt,1,1,Intel(R) Core(TM) 7 150U,NT,2abc7cc
degen-r50-m5-d1e-10-p4,100,SBB-Dual,1e-7*n,1.0e-11,14,15,0.0411241,0.040221900000000005,97.80615259665258,4.9e-5,2.28e-5,0.0001185,0.0,0.0,0.0,0.0007118999999999919,0.4931967797780598,3.4186830924648264e-12,-1.9042564600294168e-15,9.517941990111467e-13,0.0,3.472867864518078e-12,9.517941990111467e-13,7.6923076923076925,diag_feasible,0,0,0,0,0,0,14,2.2820957667582593e-14,1.12.6,lbt,1,1,Intel(R) Core(TM) 7 150U,NT,2abc7cc
degen-r50-m5-d1e-10-p4,100,Newton-SIN-BH,1e-7*n,9.999999999999999e-6,5,6,0.0258174,0.0152646,59.12524111645634,0.0,1.13e-5,0.0,0.0100037,0.0,0.0,0.0005377999999999997,0.49319677977806115,2.5965632468812057e-13,-1.6946203620015522e-15,6.5503158452884236e-15,6.5503158452884236e-15,1.82967988088946e-14,6.5503158452884236e-15,NaN,converged,26,26,0,0,0,0,5,2.2820957667582593e-14,1.12.6,lbt,1,1,Intel(R) Core(TM) 7 150U,NT,2abc7cc
degen-r50-m5-d1e-10-p4,100,Newton-SIN,1e-7*n,9.999999999999999e-6,6,14,0.0394943,0.0283852,71.87163717295913,0.0,1.25e-5,0.0,0.0107168,0.0,0.0,0.00037980000000000305,0.49319677977806303,2.8351332119789746e-13,-1.7964964820483323e-15,8.881784197001252e-15,8.881784197001252e-15,2.5500834434156923e-14,8.881784197001252e-15,NaN,converged,37,37,1,0,0,0,6,2.2820957667582593e-14,1.12.6,lbt,1,1,Intel(R) Core(TM) 7 150U,NT,2abc7cc
degen-r50-m5-d1e-10-p4,100,AGD-SDAJ-BH,1e-7*n,1.0e-11,8,54,0.1281837,0.1263234,98.54872343363469,0.0,7.28e-5,0.0,0.0,0.0,0.0,0.0017875000000000091,0.49319677978501186,1.2585329483850285e-11,-1.874277664279787e-15,5.6029625383757775e-12,5.6029625383757775e-12,9.618049565545045e-12,5.6029625383757775e-12,NaN,diag_feasible,0,0,7,7,0,0,8,2.2820957667582593e-14,1.12.6,lbt,1,1,Intel(R) Core(TM) 7 150U,NT,2abc7cc
degen-r50-m5-d1e-10-p4,100,AGD-SDAJ,1e-7*n,1.0e-11,10,169,0.3920796,0.3878448,98.91991320129893,0.0,0.000196,0.0,0.0,0.0,0.0,0.004038799999999983,0.4931967797791106,1.942686342579165e-12,-1.4513986116752902e-15,6.291633880550762e-13,6.291633880550762e-13,1.4719242820320465e-12,6.291633880550762e-13,NaN,diag_feasible,0,0,110,18,92,0,10,2.2820957667582593e-14,1.12.6,lbt,1,1,Intel(R) Core(TM) 7 150U,NT,2abc7cc
degen-r50-m5-d1e-10-p4,100,Dykstra-APM,1e-7*n,9.999999999999999e-6,34,34,0.098242,0.0909136,92.54046130982675,0.0,0.0,0.0,0.0,0.0038096,0.0,0.003518799999999999,0.4931967797704587,1.2046342246288844e-11,-1.7375087721998372e-15,1.7537082896978973e-12,1.7537082896978973e-12,8.417804384966782e-12,1.7537082896978973e-12,NaN,diag_feasible,0,0,0,0,0,0,34,2.2820957667582593e-14,1.12.6,lbt,1,1,Intel(R) Core(TM) 7 150U,NT,2abc7cc
degen-r50-m5-d1e-10-p4,100,Anderson-APM,1e-7*n,9.999999999999999e-6,17,17,0.0379877,0.0314565,82.80706649784008,0.0,0.0,0.0,0.0,0.0,0.0055462,0.0009850000000000006,0.49319677977473536,6.2476175675894995e-12,-1.735600335958797e-15,1.4725998198628076e-12,1.4725998198628076e-12,4.555112561111144e-12,1.4725998198628076e-12,NaN,diag_feasible,0,0,0,0,0,0,17,2.2820957667582593e-14,1.12.6,lbt,1,1,Intel(R) Core(TM) 7 150U,NT,2abc7cc
degen-r50-m5-d0-p0,100,SBB-Dual,1e-7*n,1.0e-11,13,14,0.037413,0.0366683,98.0095154090824,4.31e-5,2.37e-5,0.0001244,0.0,0.0,0.0,0.0005535000000000009,0.4945231950044511,5.719425710491829e-12,-1.6910172051858587e-15,2.5655033653038117e-12,0.0,6.122932068465875e-12,2.5655033653038117e-12,8.333333333333334,diag_feasible,0,0,0,0,0,0,13,3.3742927128784275e-14,1.12.6,lbt,1,1,Intel(R) Core(TM) 7 150U,NT,2abc7cc
degen-r50-m5-d0-p0,100,Newton-SIN-BH,1e-7*n,9.999999999999999e-6,4,5,0.0179036,0.0115653,64.59762282445989,0.0,8.4e-6,0.0,0.0059543,0.0,0.0,0.00037559999999999764,0.49452319500445413,5.091599237588642e-13,-1.2154009965713445e-15,2.2648549702353193e-14,2.2648549702353193e-14,7.232214687259597e-14,2.2648549702353193e-14,NaN,converged,15,15,0,0,0,0,4,3.3742927128784275e-14,1.12.6,lbt,1,1,Intel(R) Core(TM) 7 150U,NT,2abc7cc
degen-r50-m5-d0-p0,100,Newton-SIN,1e-7*n,9.999999999999999e-6,4,9,0.0237073,0.0189334,79.86316451050942,0.0,9.7e-6,0.0,0.0044967,0.0,0.0,0.00026750000000000124,0.49452319500445413,5.091599237588642e-13,-1.2154009965713445e-15,2.2648549702353193e-14,2.2648549702353193e-14,7.232214687259597e-14,2.2648549702353193e-14,NaN,converged,15,15,0,0,0,0,4,3.3742927128784275e-14,1.12.6,lbt,1,1,Intel(R) Core(TM) 7 150U,NT,2abc7cc
degen-r50-m5-d0-p0,100,AGD-SDAJ-BH,1e-7*n,1.0e-11,9,65,0.1521094,0.15032879999999998,98.82939515901055,0.0,0.0001143,0.0,0.0,0.0,0.0,0.0016663000000000211,0.49452319500633796,4.406956605198829e-12,-1.6317239785765649e-15,1.984412634215005e-12,1.984412634215005e-12,3.6007350911796413e-12,1.984412634215005e-12,NaN,diag_feasible_at_xpre,0,0,14,14,0,0,9,3.3742927128784275e-14,1.12.6,lbt,1,1,Intel(R) Core(TM) 7 150U,NT,2abc7cc
degen-r50-m5-d0-p0,100,AGD-SDAJ,1e-7*n,1.0e-11,8,61,0.1531717,0.15127659999999998,98.76276100611274,0.0,8.2e-5,0.0,0.0,0.0,0.0,0.0018131000000000106,0.494523195008851,1.0094808132576976e-11,-1.8782395865732328e-15,4.493405647565396e-12,4.493405647565396e-12,8.278497912093977e-12,4.493405647565396e-12,NaN,diag_feasible_at_xpre,0,0,16,12,4,0,8,3.3742927128784275e-14,1.12.6,lbt,1,1,Intel(R) Core(TM) 7 150U,NT,2abc7cc
degen-r50-m5-d0-p0,100,Dykstra-APM,1e-7*n,9.999999999999999e-6,33,33,0.0966714,0.0901798,93.28488053343594,0.0,0.0,0.0,0.0,0.0029578,0.0,0.0035338,0.49452319499870445,8.921051119744017e-12,-1.3257115261361758e-15,1.7716939026968248e-12,1.7716939026968248e-12,6.50536325227505e-12,1.7716939026968248e-12,NaN,diag_feasible,0,0,0,0,0,0,33,3.3742927128784275e-14,1.12.6,lbt,1,1,Intel(R) Core(TM) 7 150U,NT,2abc7cc
degen-r50-m5-d0-p0,100,Anderson-APM,1e-7*n,9.999999999999999e-6,16,16,0.0701683,0.0523131,74.55375148036934,0.0,0.0,0.0,0.0,0.0,0.0139447,0.003910500000000001,0.49452319500131176,6.026114030977877e-12,-1.4819732512042957e-15,2.5841551121175144e-12,2.5841551121175144e-12,4.52309895313668e-12,2.5841551121175144e-12,NaN,diag_feasible,0,0,0,0,0,0,16,3.3742927128784275e-14,1.12.6,lbt,1,1,Intel(R) Core(TM) 7 150U,NT,2abc7cc
degen-r50-m5-d0-p1,100,SBB-Dual,1e-7*n,1.0e-11,13,14,0.0396062,0.0390284,98.54113749867444,3.94e-5,1.85e-5,0.0001186,0.0,0.0,0.0,0.00040130000000000336,0.4948618243968222,5.020906354742124e-12,-2.054491740353889e-15,1.0079714840571796e-12,0.0,5.135884188025503e-12,1.0079714840571796e-12,8.333333333333334,diag_feasible,0,0,0,0,0,0,13,1.5765557868430762e-14,1.12.6,lbt,1,1,Intel(R) Core(TM) 7 150U,NT,2abc7cc
degen-r50-m5-d0-p1,100,Newton-SIN-BH,1e-7*n,9.999999999999999e-6,4,5,0.0183473,0.0119179,64.95724166498613,0.0,9.1e-6,0.0,0.0060285,0.0,0.0,0.0003918000000000003,0.4948618243968233,3.530514983366824e-13,-1.4292922933499497e-15,8.215650382226158e-15,8.215650382226158e-15,2.24045096967875e-14,8.215650382226158e-15,NaN,converged,15,15,0,0,0,0,4,1.5765557868430762e-14,1.12.6,lbt,1,1,Intel(R) Core(TM) 7 150U,NT,2abc7cc
degen-r50-m5-d0-p1,100,Newton-SIN,1e-7*n,9.999999999999999e-6,4,9,0.0291211,0.0228049,78.31057205943456,0.0,1.4e-5,0.0,0.0052553,0.0,0.0,0.0010469000000000008,0.4948618243968233,3.530514983366824e-13,-1.4292922933499497e-15,8.215650382226158e-15,8.215650382226158e-15,2.24045096967875e-14,8.215650382226158e-15,NaN,converged,15,15,0,0,0,0,4,1.5765557868430762e-14,1.12.6,lbt,1,1,Intel(R) Core(TM) 7 150U,NT,2abc7cc
degen-r50-m5-d0-p1,100,AGD-SDAJ-BH,1e-7*n,1.0e-11,8,60,0.1723431,0.170321,98.82670092391282,0.0,0.0001642,0.0,0.0,0.0,0.0,0.001857899999999999,0.4948618243983507,3.8574391935235475e-12,-1.5627898722258962e-15,1.1655121312514893e-12,1.1655121312514893e-12,3.1896875885370063e-12,1.1655121312514893e-12,NaN,diag_feasible_at_xpre,0,0,15,15,0,0,8,1.5765557868430762e-14,1.12.6,lbt,1,1,Intel(R) Core(TM) 7 150U,NT,2abc7cc
degen-r50-m5-d0-p1,100,AGD-SDAJ,1e-7*n,1.0e-11,7,66,0.1793048,0.1749314,97.5609130374647,0.0,0.0001015,0.0,0.0,0.0,0.0,0.0042718999999999995,0.49486182439818915,2.569486247852657e-12,-1.354310904367072e-15,6.358247262028272e-13,6.358247262028272e-13,1.9502203310946433e-12,6.358247262028272e-13,NaN,diag_feasible,0,0,23,11,12,0,7,1.5765557868430762e-14,1.12.6,lbt,1,1,Intel(R) Core(TM) 7 150U,NT,2abc7cc
degen-r50-m5-d0-p1,100,Dykstra-APM,1e-7*n,9.999999999999999e-6,33,33,0.0737256,0.0693434,94.05606736330392,0.0,0.0,0.0,0.0,0.002282,0.0,0.0021002000000000026,0.49486182439190796,7.532068735838258e-12,-1.4546890050469524e-15,1.3944401189291966e-12,1.3944401189291966e-12,5.515572803435984e-12,1.3944401189291966e-12,NaN,diag_feasible,0,0,0,0,0,0,33,1.5765557868430762e-14,1.12.6,lbt,1,1,Intel(R) Core(TM) 7 150U,NT,2abc7cc
degen-r50-m5-d0-p1,100,Anderson-APM,1e-7*n,9.999999999999999e-6,17,17,0.0464954,0.0355438,76.44584195425784,0.0,0.0,0.0,0.0,0.0,0.0093374,0.0016141999999999997,0.49486182439493237,3.454328449751537e-12,-1.4268693982450471e-15,8.180123245438153e-13,8.180123245438153e-13,2.6041740243247222e-12,8.180123245438153e-13,NaN,diag_feasible,0,0,0,0,0,0,17,1.5765557868430762e-14,1.12.6,lbt,1,1,Intel(R) Core(TM) 7 150U,NT,2abc7cc
degen-r50-m5-d0-p2,100,SBB-Dual,1e-7*n,1.0e-11,14,15,0.0397536,0.039151700000000005,98.4859232874507,4.8e-5,2.38e-5,0.0001197,0.0,0.0,0.0,0.0004103999999999955,0.49348349742434305,1.030075158293325e-12,-1.5999386059265625e-15,4.785061236134425e-13,0.0,1.244039310080767e-12,4.785061236134425e-13,15.384615384615385,diag_feasible,0,0,0,0,0,0,14,2.2132178345921397e-14,1.12.6,lbt,1,1,Intel(R) Core(TM) 7 150U,NT,2abc7cc
degen-r50-m5-d0-p2,100,Newton-SIN-BH,1e-7*n,9.999999999999999e-6,4,5,0.01221,0.0085609,70.11384111384112,0.0,7.1e-6,0.0,0.0032929,0.0,0.0,0.0003491000000000006,0.4934834974243461,1.294877263369307e-13,-1.6239995204749125e-15,6.439293542825908e-15,6.439293542825908e-15,1.826038454895204e-14,6.439293542825908e-15,NaN,converged,15,15,0,0,0,0,4,2.2132178345921397e-14,1.12.6,lbt,1,1,Intel(R) Core(TM) 7 150U,NT,2abc7cc
degen-r50-m5-d0-p2,100,Newton-SIN,1e-7*n,9.999999999999999e-6,4,9,0.0258322,0.0205819,79.67536640317124,0.0,9.9e-6,0.0,0.004969,0.0,0.0,0.0002713999999999989,0.4934834974243461,1.294877263369307e-13,-1.6239995204749125e-15,6.439293542825908e-15,6.439293542825908e-15,1.826038454895204e-14,6.439293542825908e-15,NaN,converged,15,15,0,0,0,0,4,2.2132178345921397e-14,1.12.6,lbt,1,1,Intel(R) Core(TM) 7 150U,NT,2abc7cc
degen-r50-m5-d0-p2,100,AGD-SDAJ-BH,1e-7*n,1.0e-11,6,41,0.1016196,0.1003914,98.79137489224519,0.0,5.23e-5,0.0,0.0,0.0,0.0,0.0011758999999999988,0.4934834974254932,2.0177585866769505e-12,-1.56357996032823e-15,3.758104938356155e-13,3.758104938356155e-13,1.4847277172894286e-12,3.758104938356155e-13,NaN,diag_feasible,0,0,4,4,0,0,6,2.2132178345921397e-14,1.12.6,lbt,1,1,Intel(R) Core(TM) 7 150U,NT,2abc7cc
degen-r50-m5-d0-p2,100,AGD-SDAJ,1e-7*n,1.0e-11,6,42,0.1073996,0.1057402,98.45492906863714,0.0,0.0001685,0.0,0.0,0.0,0.0,0.0014908999999999914,0.4934834974255028,2.0330880538691852e-12,-1.4152335758372706e-15,3.774758283725532e-13,3.774758283725532e-13,1.4979658229843238e-12,3.774758283725532e-13,NaN,diag_feasible,0,0,5,4,1,0,6,2.2132178345921397e-14,1.12.6,lbt,1,1,Intel(R) Core(TM) 7 150U,NT,2abc7cc
degen-r50-m5-d0-p2,100,Dykstra-APM,1e-7*n,9.999999999999999e-6,33,33,0.0624831,0.0589166,94.2920565720971,0.0,0.0,0.0,0.0,0.0023816,0.0,0.0011849,0.4934834974167171,1.1707859317887879e-11,-1.1493665471245566e-15,2.3068214005661503e-12,2.3068214005661503e-12,8.535637374397964e-12,2.3068214005661503e-12,NaN,diag_feasible,0,0,0,0,0,0,33,2.2132178345921397e-14,1.12.6,lbt,1,1,Intel(R) Core(TM) 7 150U,NT,2abc7cc
degen-r50-m5-d0-p2,100,Anderson-APM,1e-7*n,9.999999999999999e-6,16,16,0.0275064,0.0231391,84.12260419393304,0.0,0.0,0.0,0.0,0.0,0.003454,0.000913300000000001,0.49348349742153724,4.811946731903669e-12,-1.7857058834481397e-15,1.7958967646336532e-12,1.7958967646336532e-12,3.5791390530860476e-12,1.7958967646336532e-12,NaN,diag_feasible,0,0,0,0,0,0,16,2.2132178345921397e-14,1.12.6,lbt,1,1,Intel(R) Core(TM) 7 150U,NT,2abc7cc
degen-r50-m5-d0-p3,100,SBB-Dual,1e-7*n,1.0e-11,13,14,0.0364263,0.0358078,98.30205099063039,3.69e-5,1.73e-5,0.0001249,0.0,0.0,0.0,0.000439400000000001,0.49262395359753697,9.042761305114275e-12,-1.8359387961047834e-15,2.7308155736704975e-12,0.0,9.961876781502913e-12,2.7308155736704975e-12,8.333333333333334,diag_feasible,0,0,0,0,0,0,13,1.850379109180622e-14,1.12.6,lbt,1,1,Intel(R) Core(TM) 7 150U,NT,2abc7cc
degen-r50-m5-d0-p3,100,Newton-SIN-BH,1e-7*n,9.999999999999999e-6,4,5,0.0172292,0.0109624,63.62686601815523,0.0,8.9e-6,0.0,0.0051248,0.0,0.0,0.0011330999999999997,0.49262395359753913,1.484567690316313e-13,-1.4518060152105726e-15,9.547918011776346e-15,9.547918011776346e-15,2.893808612792208e-14,9.547918011776346e-15,NaN,converged,15,15,0,0,0,0,4,1.850379109180622e-14,1.12.6,lbt,1,1,Intel(R) Core(TM) 7 150U,NT,2abc7cc
degen-r50-m5-d0-p3,100,Newton-SIN,1e-7*n,9.999999999999999e-6,5,12,0.0348584,0.026103,74.88295504096574,0.0,1.12e-5,0.0,0.0084141,0.0,0.0,0.00033009999999999637,0.4926239535975387,1.212518822512881e-13,-1.7836748402931856e-15,5.329070518200751e-15,5.329070518200751e-15,1.8561322000429627e-14,5.329070518200751e-15,NaN,converged,23,23,1,0,0,0,5,1.850379109180622e-14,1.12.6,lbt,1,1,Intel(R) Core(TM) 7 150U,NT,2abc7cc
degen-r50-m5-d0-p3,100,AGD-SDAJ-BH,1e-7*n,1.0e-11,6,43,0.1053174,0.1040082,98.75690056913672,0.0,5.94e-5,0.0,0.0,0.0,0.0,0.0012498000000000103,0.4926239536000384,4.4203769692205065e-12,-1.4657044425212102e-15,1.663447157795872e-12,1.663447157795872e-12,3.31845707932836e-12,1.663447157795872e-12,NaN,diag_feasible,0,0,6,6,0,0,6,1.850379109180622e-14,1.12.6,lbt,1,1,Intel(R) Core(TM) 7 150U,NT,2abc7cc
degen-r50-m5-d0-p3,100,AGD-SDAJ,1e-7*n,1.0e-11,6,43,0.094752,0.0935693,98.75179415737927,0.0,5.28e-5,0.0,0.0,0.0,0.0,0.0011299000000000088,0.4926239536000384,4.4203769692205065e-12,-1.4657044425212102e-15,1.663447157795872e-12,1.663447157795872e-12,3.31845707932836e-12,1.663447157795872e-12,NaN,diag_feasible,0,0,6,6,0,0,6,1.850379109180622e-14,1.12.6,lbt,1,1,Intel(R) Core(TM) 7 150U,NT,2abc7cc
degen-r50-m5-d0-p3,100,Dykstra-APM,1e-7*n,9.999999999999999e-6,34,34,0.0951133,0.0870928,91.56742537584124,0.0,0.0,0.0,0.0,0.0040701,0.0,0.0039504,0.4926239535929689,7.0258661843945605e-12,-1.3315027678747805e-15,1.276534433714005e-12,1.276534433714005e-12,5.1053168009736304e-12,1.276534433714005e-12,NaN,diag_feasible,0,0,0,0,0,0,34,1.850379109180622e-14,1.12.6,lbt,1,1,Intel(R) Core(TM) 7 150U,NT,2abc7cc
degen-r50-m5-d0-p3,100,Anderson-APM,1e-7*n,9.999999999999999e-6,16,16,0.0571944,0.0404983,70.80815604324899,0.0,0.0,0.0,0.0,0.0,0.014596,0.002100099999999999,0.4926239536005121,7.894528740415426e-12,-1.4186538894232932e-15,2.067124249549579e-12,2.067124249549579e-12,6.122854616738886e-12,2.067124249549579e-12,NaN,diag_feasible,0,0,0,0,0,0,16,1.850379109180622e-14,1.12.6,lbt,1,1,Intel(R) Core(TM) 7 150U,NT,2abc7cc
degen-r50-m5-d0-p4,100,SBB-Dual,1e-7*n,1.0e-11,14,15,0.0374445,0.0368376,98.37920121780235,4.17e-5,2.12e-5,0.0001133,0.0,0.0,0.0,0.00043070000000000055,0.49319677982031196,3.2314563134624007e-12,-1.5743058140605916e-15,9.382494781107198e-13,0.0,3.31342153110964e-12,9.382494781107198e-13,7.6923076923076925,diag_feasible,0,0,0,0,0,0,14,2.5256048732552218e-14,1.12.6,lbt,1,1,Intel(R) Core(TM) 7 150U,NT,2abc7cc
degen-r50-m5-d0-p4,100,Newton-SIN-BH,1e-7*n,9.999999999999999e-6,4,5,0.0121502,0.0089544,73.69755230366577,0.0,8.2e-6,0.0,0.0028463,0.0,0.0,0.00034130000000000054,0.49319677982031135,1.5288641498442033e-13,-1.3135512835831857e-15,4.6629367034256575e-15,4.6629367034256575e-15,1.642117060740498e-14,4.6629367034256575e-15,NaN,converged,15,15,0,0,0,0,4,2.5256048732552218e-14,1.12.6,lbt,1,1,Intel(R) Core(TM) 7 150U,NT,2abc7cc
degen-r50-m5-d0-p4,100,Newton-SIN,1e-7*n,9.999999999999999e-6,4,9,0.0308509,0.0218727,70.89809373470466,0.0,9.7e-6,0.0,0.0086472,0.0,0.0,0.0003213000000000018,0.49319677982031135,1.5288641498442033e-13,-1.3135512835831857e-15,4.6629367034256575e-15,4.6629367034256575e-15,1.642117060740498e-14,4.6629367034256575e-15,NaN,converged,15,15,0,0,0,0,4,2.5256048732552218e-14,1.12.6,lbt,1,1,Intel(R) Core(TM) 7 150U,NT,2abc7cc
degen-r50-m5-d0-p4,100,AGD-SDAJ-BH,1e-7*n,1.0e-11,7,46,0.1380434,0.1357623,98.34754866947641,0.0,0.0001749,0.0,0.0,0.0,0.0,0.002106200000000008,0.49319677982565013,1.1598515906777784e-11,-1.7127123786311932e-15,6.490363801958665e-12,6.490363801958665e-12,9.492218536934109e-12,6.490363801958665e-12,NaN,diag_feasible_at_xpre,0,0,7,7,0,0,7,2.5256048732552218e-14,1.12.6,lbt,1,1,Intel(R) Core(TM) 7 150U,NT,2abc7cc
degen-r50-m5-d0-p4,100,AGD-SDAJ,1e-7*n,1.0e-11,7,49,0.1293219,0.1276445,98.7029265731481,0.0,8.39e-5,0.0,0.0,0.0,0.0,0.0015934999999999955,0.49319677982563975,1.1583520783466345e-11,-1.6805200138938525e-15,6.483369396903527e-12,6.483369396903527e-12,9.4817381117796e-12,6.483369396903527e-12,NaN,diag_feasible_at_xpre,0,0,10,7,3,0,7,2.5256048732552218e-14,1.12.6,lbt,1,1,Intel(R) Core(TM) 7 150U,NT,2abc7cc
degen-r50-m5-d0-p4,100,Dykstra-APM,1e-7*n,9.999999999999999e-6,34,34,0.0999705,0.0914187,91.44567647456,0.0,0.0,0.0,0.0,0.0048624,0.0,0.003689399999999998,0.49319677981555643,7.45502517900974e-12,-1.3558642286513393e-15,1.4861445407632345e-12,1.4861445407632345e-12,5.417962016597635e-12,1.4861445407632345e-12,NaN,diag_feasible,0,0,0,0,0,0,34,2.5256048732552218e-14,1.12.6,lbt,1,1,Intel(R) Core(TM) 7 150U,NT,2abc7cc
degen-r50-m5-d0-p4,100,Anderson-APM,1e-7*n,9.999999999999999e-6,17,17,0.0591934,0.0421246,71.16435278257373,0.0,0.0,0.0,0.0,0.0,0.0147903,0.0022785000000000027,0.49319677981783283,5.6705349793488335e-12,-1.7539560781518343e-15,1.850075648235361e-12,1.850075648235361e-12,4.336024750828821e-12,1.850075648235361e-12,NaN,diag_feasible,0,0,0,0,0,0,17,2.5256048732552218e-14,1.12.6,lbt,1,1,Intel(R) Core(TM) 7 150U,NT,2abc7cc
degen-r50-m20-d0.01-p0,100,SBB-Dual,1e-7*n,1.0e-11,14,15,0.0461665,0.0453869,98.31132964378932,6.06e-5,6.98e-5,0.0001385,0.0,0.0,0.0,0.0005106999999999985,0.4414120166739457,3.97548203163951e-12,-1.5405131776791145e-15,1.255662240851052e-12,0.0,4.437510406649711e-12,1.255662240851052e-12,15.384615384615385,diag_feasible,0,0,0,0,0,0,14,5.214763756508865e-14,1.12.6,lbt,1,1,Intel(R) Core(TM) 7 150U,NT,2abc7cc
degen-r50-m20-d0.01-p0,100,Newton-SIN-BH,1e-7*n,9.999999999999999e-6,4,5,0.0230582,0.014858,64.43694650926786,0.0,1.18e-5,0.0,0.0075685,0.0,0.0,0.0006199000000000022,0.4414120166739455,2.6665004449166007e-13,-1.744043798577907e-15,7.993605777301127e-15,7.993605777301127e-15,2.4717863400659728e-14,7.993605777301127e-15,NaN,converged,18,18,0,0,0,0,4,5.214763756508865e-14,1.12.6,lbt,1,1,Intel(R) Core(TM) 7 150U,NT,2abc7cc
degen-r50-m20-d0.01-p0,100,Newton-SIN,1e-7*n,9.999999999999999e-6,4,9,0.0335556,0.0261457,77.9175458045751,0.0,1.04e-5,0.0,0.007103,0.0,0.0,0.0002964999999999973,0.4414120166739455,2.6665004449166007e-13,-1.744043798577907e-15,7.993605777301127e-15,7.993605777301127e-15,2.4717863400659728e-14,7.993605777301127e-15,NaN,converged,18,18,0,0,0,0,4,5.214763756508865e-14,1.12.6,lbt,1,1,Intel(R) Core(TM) 7 150U,NT,2abc7cc
degen-r50-m20-d0.01-p0,100,AGD-SDAJ-BH,1e-7*n,1.0e-11,8,58,0.1545557,0.1530002,98.99356672060624,0.0,7.41e-5,0.0,0.0,0.0,0.0,0.0014813999999999875,0.44141201667050106,8.800516757829288e-12,-1.5267430768092673e-15,3.5302871737030728e-12,3.5302871737030728e-12,6.919362125779297e-12,3.5302871737030728e-12,NaN,diag_feasible,0,0,9,9,0,0,8,5.214763756508865e-14,1.12.6,lbt,1,1,Intel(R) Core(TM) 7 150U,NT,2abc7cc
degen-r50-m20-d0.01-p0,100,AGD-SDAJ,1e-7*n,1.0e-11,7,60,0.1566097,0.1550513,99.00491476581593,0.0,7.98e-5,0.0,0.0,0.0,0.0,0.0014785999999999875,0.4414120166720921,7.743949809422133e-12,-1.4346639634991065e-15,2.295608148017436e-12,2.295608148017436e-12,6.397166163583785e-12,2.295608148017436e-12,NaN,diag_feasible_at_xpre,0,0,19,4,15,0,7,5.214763756508865e-14,1.12.6,lbt,1,1,Intel(R) Core(TM) 7 150U,NT,2abc7cc
degen-r50-m20-d0.01-p0,100,Dykstra-APM,1e-7*n,9.999999999999999e-6,36,36,0.1109,0.1034392,93.27249774571685,0.0,0.0,0.0,0.0,0.0038171,0.0,0.0036437000000000036,0.44141201666861485,1.0739288199514215e-11,-1.4676801839407016e-15,1.9102497361700443e-12,1.9102497361700443e-12,7.497208729974808e-12,1.9102497361700443e-12,NaN,diag_feasible,0,0,0,0,0,0,36,5.214763756508865e-14,1.12.6,lbt,1,1,Intel(R) Core(TM) 7 150U,NT,2abc7cc
degen-r50-m20-d0.01-p0,100,Anderson-APM,1e-7*n,9.999999999999999e-6,18,18,0.0727482,0.0516652,71.01921422110787,0.0,0.0,0.0,0.0,0.0,0.0158195,0.005263499999999997,0.4414120166727077,8.755653876967514e-12,-1.6511166291145637e-15,3.6266545322405364e-12,3.6266545322405364e-12,6.841759046609644e-12,3.6266545322405364e-12,NaN,diag_feasible,0,0,0,0,0,0,18,5.214763756508865e-14,1.12.6,lbt,1,1,Intel(R) Core(TM) 7 150U,NT,2abc7cc
degen-r50-m20-d0.01-p1,100,SBB-Dual,1e-7*n,1.0e-11,14,15,0.0440282,0.0433654,98.49460118742077,4.68e-5,2.39e-5,0.0001318,0.0,0.0,0.0,0.000460300000000005,0.4421316583052655,2.777301508461266e-12,-1.558865828121712e-15,7.340794638821535e-13,0.0,2.931146545979691e-12,7.340794638821535e-13,15.384615384615385,diag_feasible,0,0,0,0,0,0,14,4.21121511044817e-14,1.12.6,lbt,1,1,Intel(R) Core(TM) 7 150U,NT,2abc7cc
degen-r50-m20-d0.01-p1,100,Newton-SIN-BH,1e-7*n,9.999999999999999e-6,4,5,0.0184193,0.0126962,68.92878665313015,0.0,8.9e-6,0.0,0.0052992,0.0,0.0,0.00041500000000000044,0.4421316583052656,3.2049909901164143e-13,-1.4674898759393152e-15,5.329070518200751e-15,5.329070518200751e-15,1.648260598895484e-14,5.329070518200751e-15,NaN,converged,15,15,0,0,0,0,4,4.21121511044817e-14,1.12.6,lbt,1,1,Intel(R) Core(TM) 7 150U,NT,2abc7cc
degen-r50-m20-d0.01-p1,100,Newton-SIN,1e-7*n,9.999999999999999e-6,100,3077,8.0757819,7.6725104,95.00640922459779,0.0,0.004042,0.0,0.2854105,0.0,0.0,0.11381900000000067,0.44213165625518847,2.554836771834036e-8,-1.405640801523854e-15,9.699685832309513e-9,9.699685832309513e-9,2.1355150313597617e-8,9.699685832309513e-9,NaN,max_iter,783,783,2876,0,0,0,100,4.21121511044817e-14,1.12.6,lbt,1,1,Intel(R) Core(TM) 7 150U,NT,2abc7cc
degen-r50-m20-d0.01-p1,100,AGD-SDAJ-BH,1e-7*n,1.0e-11,6,40,0.13078,0.1288856,98.55146046796145,0.0,9.98e-5,0.0,0.0,0.0,0.0,0.0017946000000000184,0.44213165830311396,4.934597766512342e-12,-1.5347924003478139e-15,8.217870828275409e-13,8.217870828275409e-13,3.715720079448174e-12,8.217870828275409e-13,NaN,diag_feasible,0,0,3,3,0,0,6,4.21121511044817e-14,1.12.6,lbt,1,1,Intel(R) Core(TM) 7 150U,NT,2abc7cc
degen-r50-m20-d0.01-p1,100,AGD-SDAJ,1e-7*n,1.0e-11,6,44,0.1256756,0.1242997,98.90519719022626,0.0,5.79e-5,0.0,0.0,0.0,0.0,0.0013179999999999993,0.44213165830311285,4.9370016613178065e-12,-1.712047417915372e-15,8.184564137536654e-13,8.184564137536654e-13,3.713487276299804e-12,8.184564137536654e-13,NaN,diag_feasible,0,0,7,3,4,0,6,4.21121511044817e-14,1.12.6,lbt,1,1,Intel(R) Core(TM) 7 150U,NT,2abc7cc
degen-r50-m20-d0.01-p1,100,Dykstra-APM,1e-7*n,9.999999999999999e-6,36,36,0.1122671,0.1045918,93.16335774238401,0.0,0.0,0.0,0.0,0.0035461,0.0,0.004129199999999996,0.4421316583006562,9.225108306784432e-12,-1.4701707110507797e-15,1.4783729795908584e-12,1.4783729795908584e-12,6.451752269470227e-12,1.4783729795908584e-12,NaN,diag_feasible,0,0,0,0,0,0,36,4.21121511044817e-14,1.12.6,lbt,1,1,Intel(R) Core(TM) 7 150U,NT,2abc7cc
degen-r50-m20-d0.01-p1,100,Anderson-APM,1e-7*n,9.999999999999999e-6,18,18,0.0799958,0.0585959,73.24872055782927,0.0,0.0,0.0,0.0,0.0,0.0187503,0.0026496000000000054,0.44213165830515205,4.053267952014746e-12,-1.7039683894660838e-15,1.6826540161218873e-12,1.6826540161218873e-12,3.2477357061698235e-12,1.6826540161218873e-12,NaN,diag_feasible,0,0,0,0,0,0,18,4.21121511044817e-14,1.12.6,lbt,1,1,Intel(R) Core(TM) 7 150U,NT,2abc7cc
degen-r50-m20-d0.01-p2,100,SBB-Dual,1e-7*n,1.0e-11,14,15,0.0547587,0.0535354,97.76601708952184,7.27e-5,3.83e-5,0.0001363,0.0,0.0,0.0,0.0009760000000000036,0.440878984656538,5.109021342350416e-12,-1.6849856883237047e-15,2.6196822489055194e-12,0.0,5.952211577364586e-12,2.6196822489055194e-12,15.384615384615385,diag_feasible,0,0,0,0,0,0,14,2.190293048747523e-14,1.12.6,lbt,1,1,Intel(R) Core(TM) 7 150U,NT,2abc7cc
degen-r50-m20-d0.01-p2,100,Newton-SIN-BH,1e-7*n,9.999999999999999e-6,4,5,0.0218202,0.0139681,64.01453698866189,0.0,8.7e-6,0.0,0.0072067,0.0,0.0,0.0006367000000000005,0.4408789846565381,0.0,-1.589123978742208e-15,6.439293542825908e-15,6.439293542825908e-15,2.190293048747523e-14,6.439293542825908e-15,NaN,converged,19,19,0,0,0,0,4,2.190293048747523e-14,1.12.6,lbt,1,1,Intel(R) Core(TM) 7 150U,NT,2abc7cc
degen-r50-m20-d0.01-p2,100,Newton-SIN,1e-7*n,9.999999999999999e-6,14,47,0.1409835,0.110988,78.7241060124057,0.0,4.81e-5,0.0,0.0288158,0.0,0.0,0.0011316000000000104,0.4408789846553777,8.41419687107786e-12,-1.4009354792683903e-15,3.219424726808029e-12,3.219424726808029e-12,7.0883316149787865e-12,3.219424726808029e-12,NaN,converged,125,125,18,0,0,0,14,2.190293048747523e-14,1.12.6,lbt,1,1,Intel(R) Core(TM) 7 150U,NT,2abc7cc
degen-r50-m20-d0.01-p2,100,AGD-SDAJ-BH,1e-7*n,1.0e-11,6,39,0.0951403,0.09409000000000001,98.89605141039077,0.0,4.45e-5,0.0,0.0,0.0,0.0,0.00100579999999999,0.44087898465378866,6.05595631599319e-12,-1.6497727010636648e-15,1.060374010819487e-12,1.060374010819487e-12,4.502415587559901e-12,1.060374010819487e-12,NaN,diag_feasible,0,0,2,2,0,0,6,2.190293048747523e-14,1.12.6,lbt,1,1,Intel(R) Core(TM) 7 150U,NT,2abc7cc
degen-r50-m20-d0.01-p2,100,AGD-SDAJ,1e-7*n,1.0e-11,6,51,0.1390327,0.1375652,98.94449291425686,0.0,7.0e-5,0.0,0.0,0.0,0.0,0.0013975000000000105,0.44087898465386705,5.878862120341052e-12,-1.5030939536347804e-15,1.0125233984581428e-12,1.0125233984581428e-12,4.36956577514623e-12,1.0125233984581428e-12,NaN,diag_feasible,0,0,14,2,12,0,6,2.190293048747523e-14,1.12.6,lbt,1,1,Intel(R) Core(TM) 7 150U,NT,2abc7cc
degen-r50-m20-d0.01-p2,100,Dykstra-APM,1e-7*n,9.999999999999999e-6,36,36,0.1173929,0.1085063,92.43003622876682,0.0,0.0,0.0,0.0,0.0041361,0.0,0.004750499999999994,0.4408789846511694,1.0710745517617651e-11,-1.4304468849461438e-15,1.3913314944602462e-12,1.3913314944602462e-12,7.489776016481932e-12,1.3913314944602462e-12,NaN,diag_feasible,0,0,0,0,0,0,36,2.190293048747523e-14,1.12.6,lbt,1,1,Intel(R) Core(TM) 7 150U,NT,2abc7cc
degen-r50-m20-d0.01-p2,100,Anderson-APM,1e-7*n,9.999999999999999e-6,18,18,0.0754948,0.0539216,71.42425703492161,0.0,0.0,0.0,0.0,0.0,0.0185396,0.003033600000000001,0.440878984656422,4.169895680030543e-12,-1.5368824961616018e-15,1.5643042416968456e-12,1.5643042416968456e-12,3.363205381316066e-12,1.5643042416968456e-12,NaN,diag_feasible,0,0,0,0,0,0,18,2.190293048747523e-14,1.12.6,lbt,1,1,Intel(R) Core(TM) 7 150U,NT,2abc7cc
degen-r50-m20-d0.01-p3,100,SBB-Dual,1e-7*n,1.0e-11,14,15,0.0425213,0.0418939,98.52450418966494,4.46e-5,2.26e-5,0.0001266,0.0,0.0,0.0,0.0004336000000000002,0.44080151435458614,3.2691232572614074e-12,-1.5960057640229522e-15,1.4857004515533845e-12,0.0,3.816507048848569e-12,1.4857004515533845e-12,15.384615384615385,diag_feasible,0,0,0,0,0,0,14,1.4412388320677724e-14,1.12.6,lbt,1,1,Intel(R) Core(TM) 7 150U,NT,2abc7cc
degen-r50-m20-d0.01-p3,100,Newton-SIN-BH,1e-7*n,9.999999999999999e-6,4,5,0.0222083,0.0156415,70.43087494315188,0.0,9.0e-6,0.0,0.0061601,0.0,0.0,0.00039770000000000083,0.44080151435458653,0.0,-1.517160498210065e-15,4.6629367034256575e-15,4.6629367034256575e-15,1.4412388320677724e-14,4.6629367034256575e-15,NaN,converged,19,19,0,0,0,0,4,1.4412388320677724e-14,1.12.6,lbt,1,1,Intel(R) Core(TM) 7 150U,NT,2abc7cc
degen-r50-m20-d0.01-p3,100,Newton-SIN,1e-7*n,9.999999999999999e-6,100,2189,6.7423251,6.2834471,93.19406891251802,0.0,0.0027632,0.0,0.385032,0.0,0.0,0.07108280000000033,0.44080151435279746,4.075443343378762e-11,-1.4049758227962168e-15,1.3348211425068257e-11,1.3348211425068257e-11,3.454461497237919e-11,1.3348211425068257e-11,NaN,max_iter,1070,1070,1988,0,0,0,100,1.4412388320677724e-14,1.12.6,lbt,1,1,Intel(R) Core(TM) 7 150U,NT,2abc7cc
degen-r50-m20-d0.01-p3,100,AGD-SDAJ-BH,1e-7*n,1.0e-11,8,58,0.1881556,0.1857114,98.70096877265412,0.0,8.0e-5,0.0,0.0,0.0,0.0,0.0023642000000000073,0.440801514352896,5.792066896047116e-12,-1.5490957679820116e-15,2.2997159732085493e-12,2.2997159732085493e-12,4.9418585835102786e-12,2.2997159732085493e-12,NaN,diag_feasible_at_xpre,0,0,13,13,0,0,8,1.4412388320677724e-14,1.12.6,lbt,1,1,Intel(R) Core(TM) 7 150U,NT,2abc7cc
degen-r50-m20-d0.01-p3,100,AGD-SDAJ,1e-7*n,1.0e-11,8,61,0.1385199,0.1369591,98.87323048890448,0.0,8.57e-5,0.0,0.0,0.0,0.0,0.001475100000000001,0.4408015143528991,5.786289105280065e-12,-1.7657333178844496e-15,2.298161660974074e-12,2.298161660974074e-12,4.936716821179364e-12,2.298161660974074e-12,NaN,diag_feasible_at_xpre,0,0,16,13,3,0,8,1.4412388320677724e-14,1.12.6,lbt,1,1,Intel(R) Core(TM) 7 150U,NT,2abc7cc
degen-r50-m20-d0.01-p3,100,Dykstra-APM,1e-7*n,9.999999999999999e-6,36,36,0.1109505,0.104131,93.85356532868262,0.0,0.0,0.0,0.0,0.0028953,0.0,0.003924199999999992,0.4408015143494027,1.0375986487140286e-11,-1.2576805517717187e-15,1.4419576643831533e-12,1.4419576643831533e-12,7.258152323999067e-12,1.4419576643831533e-12,NaN,diag_feasible,0,0,0,0,0,0,36,1.4412388320677724e-14,1.12.6,lbt,1,1,Intel(R) Core(TM) 7 150U,NT,2abc7cc
degen-r50-m20-d0.01-p3,100,Anderson-APM,1e-7*n,9.999999999999999e-6,18,18,0.0386322,0.0329402,85.2661769197716,0.0,0.0,0.0,0.0,0.0,0.0046973,0.000994699999999996,0.44080151435481557,3.3204658561000777e-12,-1.7382371148353012e-15,1.057376408652999e-12,1.057376408652999e-12,2.698386016197081e-12,1.057376408652999e-12,NaN,diag_feasible,0,0,0,0,0,0,18,1.4412388320677724e-14,1.12.6,lbt,1,1,Intel(R) Core(TM) 7 150U,NT,2abc7cc
degen-r50-m20-d0.01-p4,100,SBB-Dual,1e-7*n,1.0e-11,14,15,0.0325447,0.0319252,98.09646424763478,2.94e-5,2.03e-5,5.63e-5,0.0,0.0,0.0,0.000513500000000002,0.44072845861702015,3.4058302825558134e-12,-1.810070997345686e-15,6.930012119710227e-13,0.0,3.3870148206854733e-12,6.930012119710227e-13,15.384615384615385,diag_feasible,0,0,0,0,0,0,14,2.4196240435043447e-14,1.12.6,lbt,1,1,Intel(R) Core(TM) 7 150U,NT,2abc7cc
degen-r50-m20-d0.01-p4,100,Newton-SIN-BH,1e-7*n,9.999999999999999e-6,4,5,0.0202172,0.0140646,69.56749698276715,0.0,9.4e-6,0.0,0.0057495,0.0,0.0,0.00039370000000000117,0.44072845861702287,2.0352186601847374e-13,-1.7408025933741901e-15,5.773159728050814e-15,5.773159728050814e-15,1.862132303707798e-14,5.773159728050814e-15,NaN,converged,18,18,0,0,0,0,4,2.4196240435043447e-14,1.12.6,lbt,1,1,Intel(R) Core(TM) 7 150U,NT,2abc7cc
degen-r50-m20-d0.01-p4,100,Newton-SIN,1e-7*n,9.999999999999999e-6,4,9,0.0280274,0.0221032,78.86282709063273,0.0,9.8e-6,0.0,0.0056169,0.0,0.0,0.0002975000000000009,0.44072845861702287,2.0352186601847374e-13,-1.7408025933741901e-15,5.773159728050814e-15,5.773159728050814e-15,1.862132303707798e-14,5.773159728050814e-15,NaN,converged,18,18,0,0,0,0,4,2.4196240435043447e-14,1.12.6,lbt,1,1,Intel(R) Core(TM) 7 150U,NT,2abc7cc
degen-r50-m20-d0.01-p4,100,AGD-SDAJ-BH,1e-7*n,1.0e-11,7,47,0.1458679,0.1437237,98.53003985112558,0.0,9.71e-5,0.0,0.0,0.0,0.0,0.002047099999999985,0.44072845861185117,1.12249304403433e-11,-1.569457494620116e-15,3.894440325780124e-12,3.894440325780124e-12,8.412861558283644e-12,3.894440325780124e-12,NaN,diag_feasible,0,0,4,4,0,0,7,2.4196240435043447e-14,1.12.6,lbt,1,1,Intel(R) Core(TM) 7 150U,NT,2abc7cc
degen-r50-m20-d0.01-p4,100,AGD-SDAJ,1e-7*n,1.0e-11,7,59,0.1752932,0.1731277,98.76464118402767,0.0,0.0001097,0.0,0.0,0.0,0.0,0.0020558000000000147,0.44072845861423404,6.853251629090946e-12,-1.3730678654198642e-15,2.667199794359476e-12,2.667199794359476e-12,5.427105204239016e-12,2.667199794359476e-12,NaN,diag_feasible,0,0,16,8,8,0,7,2.4196240435043447e-14,1.12.6,lbt,1,1,Intel(R) Core(TM) 7 150U,NT,2abc7cc
degen-r50-m20-d0.01-p4,100,Dykstra-APM,1e-7*n,9.999999999999999e-6,36,36,0.0852692,0.0802472,94.11041736054753,0.0,0.0,0.0,0.0,0.0024135,0.0,0.002608499999999999,0.44072845861110416,1.1689552389398928e-11,-1.4190694297302677e-15,1.5076828674409626e-12,1.5076828674409626e-12,8.165153113335738e-12,1.5076828674409626e-12,NaN,diag_feasible,0,0,0,0,0,0,36,2.4196240435043447e-14,1.12.6,lbt,1,1,Intel(R) Core(TM) 7 150U,NT,2abc7cc
degen-r50-m20-d0.01-p4,100,Anderson-APM,1e-7*n,9.999999999999999e-6,18,18,0.0826114,0.0580424,70.25955255570055,0.0,0.0,0.0,0.0,0.0,0.0201905,0.0043785000000000004,0.4407284586155127,5.002410018116892e-12,-1.7067685584091675e-15,1.4741541320972829e-12,1.4741541320972829e-12,3.8046414239120336e-12,1.4741541320972829e-12,NaN,diag_feasible,0,0,0,0,0,0,18,2.4196240435043447e-14,1.12.6,lbt,1,1,Intel(R) Core(TM) 7 150U,NT,2abc7cc
degen-r50-m20-d0.0001-p0,100,SBB-Dual,1e-7*n,1.0e-11,14,15,0.0296323,0.029193,98.51749611066303,2.67e-5,1.81e-5,5.04e-5,0.0,0.0,0.0,0.0003441000000000001,0.452006880707046,3.1986037446309163e-12,-1.5644459371774645e-15,1.7988943668001411e-12,0.0,3.84860509404782e-12,1.7988943668001411e-12,7.6923076923076925,diag_feasible,0,0,0,0,0,0,14,3.634501219898307e-14,1.12.6,lbt,1,1,Intel(R) Core(TM) 7 150U,NT,2abc7cc
degen-r50-m20-d0.0001-p0,100,Newton-SIN-BH,1e-7*n,9.999999999999999e-6,4,5,0.0201137,0.013920100000000001,69.20705787597508,0.0,8.6e-6,0.0,0.0058115,0.0,0.0,0.00037350000000000057,0.4520068807070463,0.0,-1.5357573633742579e-15,1.0658141036401503e-14,1.0658141036401503e-14,3.634501219898307e-14,1.0658141036401503e-14,NaN,converged,17,17,0,0,0,0,4,3.634501219898307e-14,1.12.6,lbt,1,1,Intel(R) Core(TM) 7 150U,NT,2abc7cc
degen-r50-m20-d0.0001-p0,100,Newton-SIN,1e-7*n,9.999999999999999e-6,100,3023,8.7653039,8.2377866,93.9817568675514,0.0,0.0061433,0.0,0.3439512,0.0,0.0,0.17742279999999955,0.4520068799250258,7.243390289179175e-9,-1.422045093420607e-15,5.111995937667757e-9,5.111995937667757e-9,5.659199123052501e-9,5.111995937667757e-9,NaN,max_iter,881,881,2822,0,0,0,100,3.634501219898307e-14,1.12.6,lbt,1,1,Intel(R) Core(TM) 7 150U,NT,2abc7cc
degen-r50-m20-d0.0001-p0,100,AGD-SDAJ-BH,1e-7*n,1.0e-11,7,46,0.1162918,0.1149965,98.88616394277155,0.0,5.92e-5,0.0,0.0,0.0,0.0,0.0012360999999999993,0.4520068807100337,7.874407068695114e-12,-1.6614218577127758e-15,1.9769741399500163e-12,1.9769741399500163e-12,5.9822590268505034e-12,1.9769741399500163e-12,NaN,diag_feasible,0,0,3,3,0,0,7,3.634501219898307e-14,1.12.6,lbt,1,1,Intel(R) Core(TM) 7 150U,NT,2abc7cc
degen-r50-m20-d0.0001-p0,100,AGD-SDAJ,1e-7*n,1.0e-11,7,56,0.1349466,0.1325186,98.20076978597459,0.0,7.59e-5,0.0,0.0,0.0,0.0,0.0023521000000000136,0.45200688071026107,8.525431693742273e-12,-1.374920952306965e-15,2.278954802648059e-12,2.278954802648059e-12,6.514471261742649e-12,2.278954802648059e-12,NaN,diag_feasible,0,0,13,3,10,0,7,3.634501219898307e-14,1.12.6,lbt,1,1,Intel(R) Core(TM) 7 150U,NT,2abc7cc
degen-r50-m20-d0.0001-p0,100,Dykstra-APM,1e-7*n,9.999999999999999e-6,34,34,0.0909288,0.0854502,93.97484625333229,0.0,0.0,0.0,0.0,0.0027565,0.0,0.0027221000000000003,0.45200688070360345,7.564333775041197e-12,-1.5975297243744875e-15,1.3418155475619642e-12,1.3418155475619642e-12,5.282992444499473e-12,1.3418155475619642e-12,NaN,diag_feasible,0,0,0,0,0,0,34,3.634501219898307e-14,1.12.6,lbt,1,1,Intel(R) Core(TM) 7 150U,NT,2abc7cc
degen-r50-m20-d0.0001-p0,100,Anderson-APM,1e-7*n,9.999999999999999e-6,17,17,0.0652264,0.0491304,75.32287540014471,0.0,0.0,0.0,0.0,0.0,0.0138734,0.002222600000000007,0.4520068807016724,1.3039558110567867e-11,-1.4314036526534164e-15,4.402478381848596e-12,4.402478381848596e-12,9.276678666199836e-12,4.402478381848596e-12,NaN,diag_feasible,0,0,0,0,0,0,17,3.634501219898307e-14,1.12.6,lbt,1,1,Intel(R) Core(TM) 7 150U,NT,2abc7cc
degen-r50-m20-d0.0001-p1,100,SBB-Dual,1e-7*n,1.0e-11,14,15,0.0379698,0.0374001,98.49959704818039,3.73e-5,2.16e-5,0.0001197,0.0,0.0,0.0,0.0003910999999999994,0.45282971534979843,2.3479273478592697e-12,-1.9053479359447833e-15,1.920685832601521e-12,0.0,2.972062041535825e-12,1.920685832601521e-12,15.384615384615385,diag_feasible,0,0,0,0,0,0,14,2.7667728979001572e-14,1.12.6,lbt,1,1,Intel(R) Core(TM) 7 150U,NT,2abc7cc
degen-r50-m20-d0.0001-p1,100,Newton-SIN-BH,1e-7*n,9.999999999999999e-6,4,5,0.0205564,0.0131237,63.84240431203908,0.0,8.0e-6,0.0,0.0070541,0.0,0.0,0.0003705999999999987,0.45282971534979827,1.8765940325629828e-13,-1.594981850710774e-15,4.6629367034256575e-15,4.6629367034256575e-15,1.868245092875572e-14,4.6629367034256575e-15,NaN,converged,17,17,0,0,0,0,4,2.7667728979001572e-14,1.12.6,lbt,1,1,Intel(R) Core(TM) 7 150U,NT,2abc7cc
degen-r50-m20-d0.0001-p1,100,Newton-SIN,1e-7*n,9.999999999999999e-6,100,2308,7.2781793,6.7602674,92.88404587669338,0.0,0.0031818,0.0,0.3899452,0.0,0.0,0.12478489999999964,0.4528297153391793,1.0371390035100373e-10,-1.3802580207416048e-15,4.9644954813743425e-11,4.9644954813743425e-11,8.599228147698544e-11,4.9644954813743425e-11,NaN,max_iter,974,974,2107,0,0,0,100,2.7667728979001572e-14,1.12.6,lbt,1,1,Intel(R) Core(TM) 7 150U,NT,2abc7cc
degen-r50-m20-d0.0001-p1,100,AGD-SDAJ-BH,1e-7*n,1.0e-11,6,48,0.1062084,0.1048799,98.7491573171237,0.0,5.32e-5,0.0,0.0,0.0,0.0,0.0012752999999999964,0.45282971535072497,2.240161874690213e-12,-1.2969812974380618e-15,3.709255125272648e-13,3.709255125272648e-13,1.6650912211884016e-12,3.709255125272648e-13,NaN,diag_feasible,0,0,11,11,0,0,6,2.7667728979001572e-14,1.12.6,lbt,1,1,Intel(R) Core(TM) 7 150U,NT,2abc7cc
degen-r50-m20-d0.0001-p1,100,AGD-SDAJ,1e-7*n,1.0e-11,6,58,0.1494269,0.1475566,98.74835120048667,0.0,9.03e-5,0.0,0.0,0.0,0.0,0.0017799999999999914,0.4528297153507164,2.2214643958881823e-12,-1.6033305790131495e-15,3.723688024592775e-13,3.723688024592775e-13,1.6519393028404788e-12,3.723688024592775e-13,NaN,diag_feasible,0,0,21,11,10,0,6,2.7667728979001572e-14,1.12.6,lbt,1,1,Intel(R) Core(TM) 7 150U,NT,2abc7cc
degen-r50-m20-d0.0001-p1,100,Dykstra-APM,1e-7*n,9.999999999999999e-6,33,33,0.0988366,0.0913612,92.43660749155677,0.0,0.0,0.0,0.0,0.002851,0.0,0.004624399999999994,0.45282971534430144,1.1984861952829428e-11,-1.6524392326398761e-15,1.9173551635276453e-12,1.9173551635276453e-12,8.399446204225153e-12,1.9173551635276453e-12,NaN,diag_feasible,0,0,0,0,0,0,33,2.7667728979001572e-14,1.12.6,lbt,1,1,Intel(R) Core(TM) 7 150U,NT,2abc7cc
degen-r50-m20-d0.0001-p1,100,Anderson-APM,1e-7*n,9.999999999999999e-6,18,18,0.0971838,0.0693329,71.34203437198381,0.0,0.0,0.0,0.0,0.0,0.0241732,0.003677699999999999,0.45282971534858724,4.129570011892624e-12,-1.649928427763368e-15,1.616706768459153e-12,1.616706768459153e-12,3.1103717108314644e-12,1.616706768459153e-12,NaN,diag_feasible,0,0,0,0,0,0,18,2.7667728979001572e-14,1.12.6,lbt,1,1,Intel(R) Core(TM) 7 150U,NT,2abc7cc
degen-r50-m20-d0.0001-p2,100,SBB-Dual,1e-7*n,1.0e-11,14,15,0.0446837,0.0438033,98.02970658204224,6.14e-5,3.28e-5,0.0001361,0.0,0.0,0.0,0.0006500999999999964,0.4513912370673767,3.974712816556133e-12,-1.6643223665037227e-15,4.3014480866077065e-12,0.0,5.3091354106905896e-12,4.3014480866077065e-12,15.384615384615385,diag_feasible,0,0,0,0,0,0,14,2.218668981299174e-14,1.12.6,lbt,1,1,Intel(R) Core(TM) 7 150U,NT,2abc7cc
degen-r50-m20-d0.0001-p2,100,Newton-SIN-BH,1e-7*n,9.999999999999999e-6,4,5,0.0272624,0.0194855,71.47389811608663,0.0,1.02e-5,0.0,0.0070667,0.0,0.0,0.0006999999999999992,0.45139123706737816,1.5213256040065435e-13,-1.5838417463671926e-15,6.328271240363392e-15,6.328271240363392e-15,1.8252620277313407e-14,6.328271240363392e-15,NaN,converged,17,17,0,0,0,0,4,2.218668981299174e-14,1.12.6,lbt,1,1,Intel(R) Core(TM) 7 150U,NT,2abc7cc
degen-r50-m20-d0.0001-p2,100,Newton-SIN,1e-7*n,9.999999999999999e-6,18,79,0.2688946,0.2143743,79.72428602136301,0.0,8.23e-5,0.0,0.052555,0.0,0.0,0.0018829999999999958,0.4513912370667616,8.648937498426414e-12,-1.625664078443212e-15,4.8685500075862365e-12,4.8685500075862365e-12,7.140663558937582e-12,4.8685500075862365e-12,NaN,converged,162,162,42,0,0,0,18,2.218668981299174e-14,1.12.6,lbt,1,1,Intel(R) Core(TM) 7 150U,NT,2abc7cc
degen-r50-m20-d0.0001-p2,100,AGD-SDAJ-BH,1e-7*n,1.0e-11,7,43,0.1522748,0.1462383,96.03578530393735,0.0,8.95e-5,0.0,0.0,0.0,0.0,0.005947,0.4513912370703131,9.030621944955391e-12,-1.7258669472933314e-15,2.614020111479931e-12,2.614020111479931e-12,7.371116074900237e-12,2.614020111479931e-12,NaN,diag_feasible,0,0,2,2,0,0,7,2.218668981299174e-14,1.12.6,lbt,1,1,Intel(R) Core(TM) 7 150U,NT,2abc7cc
degen-r50-m20-d0.0001-p2,100,AGD-SDAJ,1e-7*n,1.0e-11,10,191,0.508625,0.503313,98.95561563037602,0.0,0.0002395,0.0,0.0,0.0,0.0,0.005072499999999983,0.4513912370693495,1.0149483982202994e-11,-1.620313137423561e-15,4.565015032653719e-12,4.565015032653719e-12,8.617572090060332e-12,4.565015032653719e-12,NaN,diag_feasible_at_xpre,0,0,136,2,134,0,10,2.218668981299174e-14,1.12.6,lbt,1,1,Intel(R) Core(TM) 7 150U,NT,2abc7cc
degen-r50-m20-d0.0001-p2,100,Dykstra-APM,1e-7*n,9.999999999999999e-6,34,34,0.0608754,0.0575455,94.52997434103102,0.0,0.0,0.0,0.0,0.0023325,0.0,0.0009974000000000038,0.4513912370638612,7.663337009481701e-12,-1.671307823458208e-15,9.938716516444401e-13,9.938716516444401e-13,5.35808090614067e-12,9.938716516444401e-13,NaN,diag_feasible,0,0,0,0,0,0,34,2.218668981299174e-14,1.12.6,lbt,1,1,Intel(R) Core(TM) 7 150U,NT,2abc7cc
degen-r50-m20-d0.0001-p2,100,Anderson-APM,1e-7*n,9.999999999999999e-6,18,18,0.0653046,0.04717,72.23074637927496,0.0,0.0,0.0,0.0,0.0,0.0140257,0.004108900000000007,0.451391237066314,3.4217932097416854e-12,-1.4457430013434522e-15,8.01358979174438e-13,8.01358979174438e-13,2.609851985576987e-12,8.01358979174438e-13,NaN,diag_feasible,0,0,0,0,0,0,18,2.218668981299174e-14,1.12.6,lbt,1,1,Intel(R) Core(TM) 7 150U,NT,2abc7cc
degen-r50-m20-d0.0001-p3,100,SBB-Dual,1e-7*n,1.0e-11,14,15,0.0366773,0.036153899999999996,98.5729592963495,4.58e-5,1.91e-5,5.07e-5,0.0,0.0,0.0,0.0004078000000000072,0.4512205921648265,5.327175528993823e-12,-1.5992972964414822e-15,4.861555602531098e-12,0.0,7.53546012199019e-12,4.861555602531098e-12,15.384615384615385,diag_feasible,0,0,0,0,0,0,14,1.3591052620682385e-14,1.12.6,lbt,1,1,Intel(R) Core(TM) 7 150U,NT,2abc7cc
degen-r50-m20-d0.0001-p3,100,Newton-SIN-BH,1e-7*n,9.999999999999999e-6,4,5,0.0209941,0.0144943,69.0398731072063,0.0,8.3e-6,0.0,0.0061032,0.0,0.0,0.000388300000000002,0.4512205921648278,1.021826430687974e-13,-1.782988704588897e-15,9.325873406851315e-15,9.325873406851315e-15,2.2348874972162274e-14,9.325873406851315e-15,NaN,converged,17,17,0,0,0,0,4,1.3591052620682385e-14,1.12.6,lbt,1,1,Intel(R) Core(TM) 7 150U,NT,2abc7cc
degen-r50-m20-d0.0001-p3,100,Newton-SIN,1e-7*n,9.999999999999999e-6,6,15,0.0476617,0.037625399999999996,78.94263108533686,0.0,1.55e-5,0.0,0.0096313,0.0,0.0,0.0003895000000000044,0.451220592164827,1.5837225669325e-13,-1.6080338890920421e-15,9.325873406851315e-15,9.325873406851315e-15,2.860047427851449e-14,9.325873406851315e-15,NaN,converged,36,36,2,0,0,0,6,1.3591052620682385e-14,1.12.6,lbt,1,1,Intel(R) Core(TM) 7 150U,NT,2abc7cc
degen-r50-m20-d0.0001-p3,100,AGD-SDAJ-BH,1e-7*n,1.0e-11,9,67,0.1854159,0.18354009999999998,98.98832840117811,0.0,8.85e-5,0.0,0.0,0.0,0.0,0.0017873000000000108,0.45122059216573207,2.403841075072438e-12,-1.5335187930941234e-15,6.628031457012185e-13,6.628031457012185e-13,1.845896942887472e-12,6.628031457012185e-13,NaN,diag_feasible,0,0,12,12,0,0,9,1.3591052620682385e-14,1.12.6,lbt,1,1,Intel(R) Core(TM) 7 150U,NT,2abc7cc
degen-r50-m20-d0.0001-p3,100,AGD-SDAJ,1e-7*n,1.0e-11,7,60,0.163674,0.1613928,98.6062538949375,0.0,0.0001065,0.0,0.0,0.0,0.0,0.0021746999999999834,0.45122059216691185,1.1046361825561485e-11,-1.5567120280327655e-15,4.696465438769337e-12,4.696465438769337e-12,9.348659398448237e-12,4.696465438769337e-12,NaN,diag_feasible_at_xpre,0,0,19,10,9,0,7,1.3591052620682385e-14,1.12.6,lbt,1,1,Intel(R) Core(TM) 7 150U,NT,2abc7cc
degen-r50-m20-d0.0001-p3,100,Dykstra-APM,1e-7*n,9.999999999999999e-6,33,33,0.1067945,0.0987164,92.43584641531164,0.0,0.0,0.0,0.0,0.003677,0.0,0.004401100000000005,0.4512205921583477,1.4172718169491647e-11,-1.5917436073744183e-15,1.958211370833851e-12,1.958211370833851e-12,9.912106972460554e-12,1.958211370833851e-12,NaN,diag_feasible,0,0,0,0,0,0,33,1.3591052620682385e-14,1.12.6,lbt,1,1,Intel(R) Core(TM) 7 150U,NT,2abc7cc
degen-r50-m20-d0.0001-p3,100,Anderson-APM,1e-7*n,9.999999999999999e-6,18,18,0.0439785,0.0374161,85.07816319337859,0.0,0.0,0.0,0.0,0.0,0.0052991,0.0012632999999999958,0.45122059216373317,3.52304978089186e-12,-1.5187841967485077e-15,7.753797603982093e-13,7.753797603982093e-13,2.6640820784087544e-12,7.753797603982093e-13,NaN,diag_feasible,0,0,0,0,0,0,18,1.3591052620682385e-14,1.12.6,lbt,1,1,Intel(R) Core(TM) 7 150U,NT,2abc7cc
degen-r50-m20-d0.0001-p4,100,SBB-Dual,1e-7*n,1.0e-11,15,16,0.0385326,0.0379663,98.5303353524029,3.26e-5,1.99e-5,0.0001206,0.0,0.0,0.0,0.0003931999999999987,0.45135237750322427,1.0649623486456728e-12,-1.7278195952872986e-15,3.2596148002994596e-13,0.0,1.0507945099190022e-12,3.2596148002994596e-13,7.142857142857143,diag_feasible,0,0,0,0,0,0,15,2.2738982948176048e-14,1.12.6,lbt,1,1,Intel(R) Core(TM) 7 150U,NT,2abc7cc
degen-r50-m20-d0.0001-p4,100,Newton-SIN-BH,1e-7*n,9.999999999999999e-6,4,5,0.0208135,0.014327000000000001,68.83513104475462,0.0,8.5e-6,0.0,0.0060889,0.0,0.0,0.00038909999999999726,0.4513523775032254,1.3557436250109046e-13,-1.533265441677184e-15,7.771561172376096e-15,7.771561172376096e-15,2.3797391627806144e-14,7.771561172376096e-15,NaN,converged,17,17,0,0,0,0,4,2.2738982948176048e-14,1.12.6,lbt,1,1,Intel(R) Core(TM) 7 150U,NT,2abc7cc
degen-r50-m20-d0.0001-p4,100,Newton-SIN,1e-7*n,9.999999999999999e-6,5,12,0.0284654,0.0234975,82.54758408453773,0.0,1.04e-5,0.0,0.0046369,0.0,0.0,0.0003205999999999973,0.45135237750322654,9.279641277590223e-14,-1.5857380736956297e-15,4.884981308350689e-15,4.884981308350689e-15,1.7237441525126394e-14,4.884981308350689e-15,NaN,converged,26,26,1,0,0,0,5,2.2738982948176048e-14,1.12.6,lbt,1,1,Intel(R) Core(TM) 7 150U,NT,2abc7cc
degen-r50-m20-d0.0001-p4,100,AGD-SDAJ-BH,1e-7*n,1.0e-11,7,47,0.1205789,0.1191652,98.82757265159991,0.0,6.59e-5,0.0,0.0,0.0,0.0,0.0013478000000000038,0.45135237750647594,1.0941661594144042e-11,-1.6547592132788635e-15,5.138445224872612e-12,5.138445224872612e-12,9.110235496189908e-12,5.138445224872612e-12,NaN,diag_feasible_at_xpre,0,0,6,6,0,0,7,2.2738982948176048e-14,1.12.6,lbt,1,1,Intel(R) Core(TM) 7 150U,NT,2abc7cc
degen-r50-m20-d0.0001-p4,100,AGD-SDAJ,1e-7*n,1.0e-11,7,79,0.2100923,0.20802939999999998,99.0180982358706,0.0,9.46e-5,0.0,0.0,0.0,0.0,0.0019683000000000343,0.45135237750660473,8.378729288605595e-12,-1.6425841971588117e-15,2.860711667551641e-12,2.860711667551641e-12,6.448399272589639e-12,2.860711667551641e-12,NaN,diag_feasible,0,0,36,6,30,0,7,2.2738982948176048e-14,1.12.6,lbt,1,1,Intel(R) Core(TM) 7 150U,NT,2abc7cc
degen-r50-m20-d0.0001-p4,100,Dykstra-APM,1e-7*n,9.999999999999999e-6,34,34,0.101879,0.0948446,93.09533858793274,0.0,0.0,0.0,0.0,0.003418,0.0,0.003616399999999996,0.4513523774990699,8.94803499242422e-12,-1.325747270063684e-15,1.1666223542761145e-12,1.1666223542761145e-12,6.2495906382188775e-12,1.1666223542761145e-12,NaN,diag_feasible,0,0,0,0,0,0,34,2.2738982948176048e-14,1.12.6,lbt,1,1,Intel(R) Core(TM) 7 150U,NT,2abc7cc
degen-r50-m20-d0.0001-p4,100,Anderson-APM,1e-7*n,9.999999999999999e-6,17,17,0.0446824,0.0368173,82.39776735358889,0.0,0.0,0.0,0.0,0.0,0.0065504,0.0013147000000000002,0.4513523774981651,1.1689050407461227e-11,-1.4191090808411583e-15,2.6687541065939513e-12,2.6687541065939513e-12,8.343956110647963e-12,2.6687541065939513e-12,NaN,diag_feasible,0,0,0,0,0,0,17,2.2738982948176048e-14,1.12.6,lbt,1,1,Intel(R) Core(TM) 7 150U,NT,2abc7cc
degen-r50-m20-d1e-06-p0,100,SBB-Dual,1e-7*n,1.0e-11,13,14,0.0365711,0.0360221,98.49881463778776,4.19e-5,1.85e-5,0.0001126,0.0,0.0,0.0,0.0003760000000000009,0.45212849277340134,6.582353030490315e-12,-1.829895366296033e-15,1.723066134218243e-12,0.0,6.8134904429884614e-12,1.723066134218243e-12,0.0,diag_feasible,0,0,0,0,0,0,13,2.9030368439972756e-14,1.12.6,lbt,1,1,Intel(R) Core(TM) 7 150U,NT,2abc7cc
degen-r50-m20-d1e-06-p0,100,Newton-SIN-BH,1e-7*n,9.999999999999999e-6,4,5,0.0191068,0.0130587,68.34582452320639,0.0,8.3e-6,0.0,0.0055555,0.0,0.0,0.0004843000000000009,0.4521284927734054,3.2039680199766213e-13,-1.5213222531334794e-15,8.304468224196171e-14,8.304468224196171e-14,1.6524467899646003e-13,8.304468224196171e-14,NaN,converged,15,15,0,0,0,0,4,2.9030368439972756e-14,1.12.6,lbt,1,1,Intel(R) Core(TM) 7 150U,NT,2abc7cc
degen-r50-m20-d1e-06-p0,100,Newton-SIN,1e-7*n,9.999999999999999e-6,4,9,0.0355335,0.0273483,76.96483599983114,0.0,9.1e-6,0.0,0.0078576,0.0,0.0,0.00031850000000000454,0.4521284927734054,3.2039680199766213e-13,-1.5213222531334794e-15,8.304468224196171e-14,8.304468224196171e-14,1.6524467899646003e-13,8.304468224196171e-14,NaN,converged,15,15,0,0,0,0,4,2.9030368439972756e-14,1.12.6,lbt,1,1,Intel(R) Core(TM) 7 150U,NT,2abc7cc
degen-r50-m20-d1e-06-p0,100,AGD-SDAJ-BH,1e-7*n,1.0e-11,7,44,0.1355009,0.1341944,99.03579976221559,0.0,5.78e-5,0.0,0.0,0.0,0.0,0.001248700000000016,0.45212849277498557,4.031133439623529e-12,-1.5299966655121216e-15,7.764899834228345e-13,7.764899834228345e-13,2.968457798409447e-12,7.764899834228345e-13,NaN,diag_feasible,0,0,1,1,0,0,7,2.9030368439972756e-14,1.12.6,lbt,1,1,Intel(R) Core(TM) 7 150U,NT,2abc7cc
degen-r50-m20-d1e-06-p0,100,AGD-SDAJ,1e-7*n,1.0e-11,7,45,0.1358268,0.13414900000000002,98.76475040271876,0.0,8.98e-5,0.0,0.0,0.0,0.0,0.0015879999999999794,0.45212849277556333,6.680089002031152e-12,-1.5471162070639144e-15,2.3168134077877767e-12,2.3168134077877767e-12,5.489893294411925e-12,2.3168134077877767e-12,NaN,diag_feasible_at_xpre,0,0,6,1,5,0,7,2.9030368439972756e-14,1.12.6,lbt,1,1,Intel(R) Core(TM) 7 150U,NT,2abc7cc
degen-r50-m20-d1e-06-p0,100,Dykstra-APM,1e-7*n,9.999999999999999e-6,31,31,0.1009344,0.0946738,93.79735749159852,0.0,0.0,0.0,0.0,0.0028934,0.0,0.003367199999999991,0.45212849276794626,1.2009412605246564e-11,-1.6458938475220358e-15,2.2517543385447425e-12,2.2517543385447425e-12,8.394919782449141e-12,2.2517543385447425e-12,NaN,diag_feasible,0,0,0,0,0,0,31,2.9030368439972756e-14,1.12.6,lbt,1,1,Intel(R) Core(TM) 7 150U,NT,2abc7cc
degen-r50-m20-d1e-06-p0,100,Anderson-APM,1e-7*n,9.999999999999999e-6,17,17,0.0727796,0.0540175,74.22066073460147,0.0,0.0,0.0,0.0,0.0,0.0162778,0.0024842999999999983,0.4521284927759977,1.2546627883265918e-11,-1.5003579930530674e-15,7.498002219108457e-12,7.498002219108457e-12,9.62254870101846e-12,7.498002219108457e-12,NaN,diag_feasible,0,0,0,0,0,0,17,2.9030368439972756e-14,1.12.6,lbt,1,1,Intel(R) Core(TM) 7 150U,NT,2abc7cc
degen-r50-m20-d1e-06-p1,100,SBB-Dual,1e-7*n,1.0e-11,13,14,0.0363571,0.035761100000000004,98.36070533678429,4.1e-5,2.21e-5,0.0001196,0.0,0.0,0.0,0.00041329999999999926,0.45295237284996953,2.608744800172041e-12,-1.5351278296624485e-15,1.2221335055073723e-12,0.0,2.752847936827634e-12,1.2221335055073723e-12,0.0,diag_feasible,0,0,0,0,0,0,13,5.193969322717302e-14,1.12.6,lbt,1,1,Intel(R) Core(TM) 7 150U,NT,2abc7cc
degen-r50-m20-d1e-06-p1,100,Newton-SIN-BH,1e-7*n,9.999999999999999e-6,4,5,0.0197093,0.0131793,66.86843266884162,0.0,8.2e-6,0.0,0.0061411,0.0,0.0,0.00038069999999999944,0.45295237284996775,0.0,-1.4640076722110954e-15,2.55351295663786e-14,2.55351295663786e-14,5.193969322717302e-14,2.55351295663786e-14,NaN,converged,15,15,0,0,0,0,4,5.193969322717302e-14,1.12.6,lbt,1,1,Intel(R) Core(TM) 7 150U,NT,2abc7cc
degen-r50-m20-d1e-06-p1,100,Newton-SIN,1e-7*n,9.999999999999999e-6,4,9,0.021832,0.018683500000000002,85.57850861121291,0.0,8.5e-6,0.0,0.0028815,0.0,0.0,0.00025849999999999875,0.45295237284996775,0.0,-1.4640076722110954e-15,2.55351295663786e-14,2.55351295663786e-14,5.193969322717302e-14,2.55351295663786e-14,NaN,converged,15,15,0,0,0,0,4,5.193969322717302e-14,1.12.6,lbt,1,1,Intel(R) Core(TM) 7 150U,NT,2abc7cc
degen-r50-m20-d1e-06-p1,100,AGD-SDAJ-BH,1e-7*n,1.0e-11,7,42,0.1254948,0.12418380000000001,98.95533520113982,0.0,6.22e-5,0.0,0.0,0.0,0.0,0.0012487999999999787,0.4529523728527995,7.101326000209674e-12,-1.6279616540535139e-15,2.004285626355795e-12,2.004285626355795e-12,5.341808454264658e-12,2.004285626355795e-12,NaN,diag_feasible_at_xpre,0,0,3,3,0,0,7,5.193969322717302e-14,1.12.6,lbt,1,1,Intel(R) Core(TM) 7 150U,NT,2abc7cc
degen-r50-m20-d1e-06-p1,100,AGD-SDAJ,1e-7*n,1.0e-11,7,62,0.2390901,0.2369061,99.08653683276722,0.0,0.000398,0.0,0.0,0.0,0.0,0.0017859999999999916,0.4529523728540048,1.0484180782820664e-11,-1.7045410625916275e-15,2.7161606297454455e-12,2.7161606297454455e-12,8.154162336871328e-12,2.7161606297454455e-12,NaN,diag_feasible,0,0,21,3,18,0,7,5.193969322717302e-14,1.12.6,lbt,1,1,Intel(R) Core(TM) 7 150U,NT,2abc7cc
degen-r50-m20-d1e-06-p1,100,Dykstra-APM,1e-7*n,9.999999999999999e-6,31,31,0.1081889,0.1021603,94.4277093121383,0.0,0.0,0.0,0.0,0.0028604,0.0,0.003168200000000009,0.45295237284606654,8.508977856751874e-12,-1.5919359875249632e-15,1.375344282905644e-12,1.375344282905644e-12,5.967262410487153e-12,1.375344282905644e-12,NaN,diag_feasible,0,0,0,0,0,0,31,5.193969322717302e-14,1.12.6,lbt,1,1,Intel(R) Core(TM) 7 150U,NT,2abc7cc
degen-r50-m20-d1e-06-p1,100,Anderson-APM,1e-7*n,9.999999999999999e-6,17,17,0.0523684,0.0394143,75.26351769387645,0.0,0.0,0.0,0.0,0.0,0.011197,0.0017571000000000028,0.45295237285320605,1.156626048445848e-11,-1.5931769767593422e-15,2.6890711879445917e-12,2.6890711879445917e-12,9.002291923912799e-12,2.6890711879445917e-12,NaN,diag_feasible,0,0,0,0,0,0,17,5.193969322717302e-14,1.12.6,lbt,1,1,Intel(R) Core(TM) 7 150U,NT,2abc7cc
degen-r50-m20-d1e-06-p2,100,SBB-Dual,1e-7*n,1.0e-11,13,14,0.0386818,0.0380613,98.39588643754944,3.97e-5,2.08e-5,0.0001188,0.0,0.0,0.0,0.00044120000000000297,0.4515119650147838,8.563816266626145e-12,-1.6106678039294663e-15,1.5976109324356003e-12,0.0,8.798214123276083e-12,1.5976109324356003e-12,0.0,diag_feasible,0,0,0,0,0,0,13,2.6252021033126315e-14,1.12.6,lbt,1,1,Intel(R) Core(TM) 7 150U,NT,2abc7cc
degen-r50-m20-d1e-06-p2,100,Newton-SIN-BH,1e-7*n,9.999999999999999e-6,4,5,0.0198652,0.0138092,69.51452791816847,0.0,9.6e-6,0.0,0.0055905,0.0,0.0,0.00045589999999999867,0.45151196501480134,1.1912176378580526e-12,-1.6636933605569825e-15,2.858824288409778e-13,2.858824288409778e-13,1.0196459613548731e-12,2.858824288409778e-13,NaN,converged,13,13,0,0,0,0,4,2.6252021033126315e-14,1.12.6,lbt,1,1,Intel(R) Core(TM) 7 150U,NT,2abc7cc
degen-r50-m20-d1e-06-p2,100,Newton-SIN,1e-7*n,9.999999999999999e-6,4,9,0.0245485,0.0201673,82.15288103142757,0.0,8.9e-6,0.0,0.0041115,0.0,0.0,0.000260800000000002,0.45151196501480134,1.1912176378580526e-12,-1.6636933605569825e-15,2.858824288409778e-13,2.858824288409778e-13,1.0196459613548731e-12,2.858824288409778e-13,NaN,converged,13,13,0,0,0,0,4,2.6252021033126315e-14,1.12.6,lbt,1,1,Intel(R) Core(TM) 7 150U,NT,2abc7cc
degen-r50-m20-d1e-06-p2,100,AGD-SDAJ-BH,1e-7*n,1.0e-11,6,41,0.1137296,0.1123772,98.81086366258212,0.0,5.2e-5,0.0,0.0,0.0,0.0,0.0013004000000000036,0.4515119650166373,4.57538691273713e-12,-1.3366681878907167e-15,1.3498091533392653e-12,1.3498091533392653e-12,3.4484944741126603e-12,1.3498091533392653e-12,NaN,diag_feasible,0,0,4,4,0,0,6,2.6252021033126315e-14,1.12.6,lbt,1,1,Intel(R) Core(TM) 7 150U,NT,2abc7cc
degen-r50-m20-d1e-06-p2,100,AGD-SDAJ,1e-7*n,1.0e-11,6,44,0.1268094,0.1254304,98.91254118385547,0.0,5.86e-5,0.0,0.0,0.0,0.0,0.0013203999999999913,0.45151196501665136,4.611425878825271e-12,-1.486400611867427e-15,1.3629097850298422e-12,1.3629097850298422e-12,3.474685587319034e-12,1.3629097850298422e-12,NaN,diag_feasible,0,0,7,4,3,0,6,2.6252021033126315e-14,1.12.6,lbt,1,1,Intel(R) Core(TM) 7 150U,NT,2abc7cc
degen-r50-m20-d1e-06-p2,100,Dykstra-APM,1e-7*n,9.999999999999999e-6,31,31,0.1011747,0.0908864,89.83115344053404,0.0,0.0,0.0,0.0,0.0052215,0.0,0.005066800000000001,0.45151196500928975,1.1982682814097558e-11,-1.4639303528071127e-15,1.5514256546111937e-12,1.5514256546111937e-12,8.37834980747027e-12,1.5514256546111937e-12,NaN,diag_feasible,0,0,0,0,0,0,31,2.6252021033126315e-14,1.12.6,lbt,1,1,Intel(R) Core(TM) 7 150U,NT,2abc7cc
degen-r50-m20-d1e-06-p2,100,Anderson-APM,1e-7*n,9.999999999999999e-6,17,17,0.0652061,0.0458143,70.26075781253594,0.0,0.0,0.0,0.0,0.0,0.0138014,0.005590400000000001,0.4515119650160523,1.0997464764245035e-11,-1.5836650604215638e-15,4.575451129085195e-12,4.575451129085195e-12,8.797632902249477e-12,4.575451129085195e-12,NaN,diag_feasible,0,0,0,0,0,0,17,2.6252021033126315e-14,1.12.6,lbt,1,1,Intel(R) Core(TM) 7 150U,NT,2abc7cc
degen-r50-m20-d1e-06-p3,100,SBB-Dual,1e-7*n,1.0e-11,13,14,0.04339,0.0427849,98.60543904125375,4.54e-5,2.04e-5,0.0001331,0.0,0.0,0.0,0.0004061999999999973,0.45134035279396645,6.914403925782546e-12,-1.721079210281752e-15,1.5210055437364645e-12,0.0,7.1981516579992284e-12,1.5210055437364645e-12,8.333333333333334,diag_feasible,0,0,0,0,0,0,13,3.799250672540298e-14,1.12.6,lbt,1,1,Intel(R) Core(TM) 7 150U,NT,2abc7cc
degen-r50-m20-d1e-06-p3,100,Newton-SIN-BH,1e-7*n,9.999999999999999e-6,4,5,0.0193553,0.013955200000000001,72.10014827979934,0.0,9.6e-6,0.0,0.0049487,0.0,0.0,0.0004417999999999974,0.4513403527939665,1.1419916733140066e-13,-1.5970063822765017e-15,2.042810365310288e-14,2.042810365310288e-14,3.5091654264249834e-14,2.042810365310288e-14,NaN,converged,15,15,0,0,0,0,4,3.799250672540298e-14,1.12.6,lbt,1,1,Intel(R) Core(TM) 7 150U,NT,2abc7cc
degen-r50-m20-d1e-06-p3,100,Newton-SIN,1e-7*n,9.999999999999999e-6,4,9,0.0198773,0.016929999999999997,85.17253349297941,0.0,9.0e-6,0.0,0.0026931,0.0,0.0,0.0002452000000000036,0.4513403527939665,1.1419916733140066e-13,-1.5970063822765017e-15,2.042810365310288e-14,2.042810365310288e-14,3.5091654264249834e-14,2.042810365310288e-14,NaN,converged,15,15,0,0,0,0,4,3.799250672540298e-14,1.12.6,lbt,1,1,Intel(R) Core(TM) 7 150U,NT,2abc7cc
degen-r50-m20-d1e-06-p3,100,AGD-SDAJ-BH,1e-7*n,1.0e-11,7,50,0.1234672,0.120303,97.43721409410757,0.0,6.39e-5,0.0,0.0,0.0,0.0,0.003100300000000006,0.4513403527955817,5.534713717939415e-12,-1.844235134118961e-15,2.617239758251344e-12,2.617239758251344e-12,4.640655889239749e-12,2.617239758251344e-12,NaN,diag_feasible,0,0,9,9,0,0,7,3.799250672540298e-14,1.12.6,lbt,1,1,Intel(R) Core(TM) 7 150U,NT,2abc7cc
degen-r50-m20-d1e-06-p3,100,AGD-SDAJ,1e-7*n,1.0e-11,8,66,0.213677,0.210338,98.4373610636615,0.0,0.0001318,0.0,0.0,0.0,0.0,0.0032072000000000086,0.45134035279660467,6.931812237609419e-12,-1.8701350536945955e-15,2.319255898441952e-12,2.319255898441952e-12,5.336503672342751e-12,2.319255898441952e-12,NaN,diag_feasible,0,0,19,8,11,0,8,3.799250672540298e-14,1.12.6,lbt,1,1,Intel(R) Core(TM) 7 150U,NT,2abc7cc
degen-r50-m20-d1e-06-p3,100,Dykstra-APM,1e-7*n,9.999999999999999e-6,31,31,0.0997151,0.0937381,94.00592287426879,0.0,0.0,0.0,0.0,0.0027543,0.0,0.0032226999999999963,0.45134035278906753,1.0721276157710242e-11,-1.5223881990777833e-15,1.4723777752578826e-12,1.4723777752578826e-12,7.500679526194084e-12,1.4723777752578826e-12,NaN,diag_feasible,0,0,0,0,0,0,31,3.799250672540298e-14,1.12.6,lbt,1,1,Intel(R) Core(TM) 7 150U,NT,2abc7cc
degen-r50-m20-d1e-06-p3,100,Anderson-APM,1e-7*n,9.999999999999999e-6,17,17,0.0763827,0.0528982,69.2541635736888,0.0,0.0,0.0,0.0,0.0,0.0209548,0.0025296999999999993,0.4513403527953458,8.868456249674703e-12,-1.8383839460243483e-15,2.744249272268462e-12,2.744249272268462e-12,7.079260384225641e-12,2.744249272268462e-12,NaN,diag_feasible,0,0,0,0,0,0,17,3.799250672540298e-14,1.12.6,lbt,1,1,Intel(R) Core(TM) 7 150U,NT,2abc7cc
degen-r50-m20-d1e-06-p4,100,SBB-Dual,1e-7*n,1.0e-11,14,15,0.049277,0.048432300000000005,98.28581285386691,6.24e-5,4.3e-5,0.0001389,0.0,0.0,0.0,0.0006003999999999969,0.45147431146602257,2.7183173435512117e-12,-1.89785858676489e-15,4.823919041996305e-13,0.0,2.670208982962062e-12,4.823919041996305e-13,0.0,diag_feasible,0,0,0,0,0,0,14,2.358198380810828e-14,1.12.6,lbt,1,1,Intel(R) Core(TM) 7 150U,NT,2abc7cc
degen-r50-m20-d1e-06-p4,100,Newton-SIN-BH,1e-7*n,9.999999999999999e-6,4,5,0.02379,0.0151778,63.79907524169819,0.0,1.08e-5,0.0,0.0080453,0.0,0.0,0.0005560999999999986,0.45147431146600336,1.4553215462174622e-12,-1.6312841453233014e-15,5.635492072997295e-13,5.635492072997295e-13,1.23978225374949e-12,5.635492072997295e-13,NaN,converged,14,14,0,0,0,0,4,2.358198380810828e-14,1.12.6,lbt,1,1,Intel(R) Core(TM) 7 150U,NT,2abc7cc
degen-r50-m20-d1e-06-p4,100,Newton-SIN,1e-7*n,9.999999999999999e-6,4,9,0.0183574,0.0155546,84.73204266399382,0.0,7.4e-6,0.0,0.0025864,0.0,0.0,0.00020899999999999955,0.45147431146600336,1.4553215462174622e-12,-1.6312841453233014e-15,5.635492072997295e-13,5.635492072997295e-13,1.23978225374949e-12,5.635492072997295e-13,NaN,converged,14,14,0,0,0,0,4,2.358198380810828e-14,1.12.6,lbt,1,1,Intel(R) Core(TM) 7 150U,NT,2abc7cc
degen-r50-m20-d1e-06-p4,100,AGD-SDAJ-BH,1e-7*n,1.0e-11,6,41,0.1153191,0.1139275,98.79326148053532,0.0,6.38e-5,0.0,0.0,0.0,0.0,0.001327799999999993,0.45147431146735684,3.2821496241609516e-12,-1.6512333907272075e-15,7.636113963371827e-13,7.636113963371827e-13,2.489082227782077e-12,7.636113963371827e-13,NaN,diag_feasible,0,0,4,4,0,0,6,2.358198380810828e-14,1.12.6,lbt,1,1,Intel(R) Core(TM) 7 150U,NT,2abc7cc
degen-r50-m20-d1e-06-p4,100,AGD-SDAJ,1e-7*n,1.0e-11,6,50,0.0883223,0.0872662,98.80426574036228,0.0,4.99e-5,0.0,0.0,0.0,0.0,0.0010062000000000042,0.45147431146728123,3.105876040547528e-12,-1.4745425203546965e-15,7.150946501610633e-13,7.150946501610633e-13,2.3577271174208593e-12,7.150946501610633e-13,NaN,diag_feasible,0,0,13,4,9,0,6,2.358198380810828e-14,1.12.6,lbt,1,1,Intel(R) Core(TM) 7 150U,NT,2abc7cc
degen-r50-m20-d1e-06-p4,100,Dykstra-APM,1e-7*n,9.999999999999999e-6,32,32,0.0845067,0.0792893,93.82605166217589,0.0,0.0,0.0,0.0,0.0026439,0.0,0.002573500000000011,0.4514743114621124,8.42655607086787e-12,-1.6380480685580755e-15,1.1477485628574868e-12,1.1477485628574868e-12,5.886697605894406e-12,1.1477485628574868e-12,NaN,diag_feasible,0,0,0,0,0,0,32,2.358198380810828e-14,1.12.6,lbt,1,1,Intel(R) Core(TM) 7 150U,NT,2abc7cc
degen-r50-m20-d1e-06-p4,100,Anderson-APM,1e-7*n,9.999999999999999e-6,18,18,0.063133,0.0453947,71.90328354426372,0.0,0.0,0.0,0.0,0.0,0.0151382,0.0026000999999999923,0.4514743114677322,7.593140694454559e-12,-1.7758586662457635e-15,3.575140183897929e-12,3.575140183897929e-12,5.834524849258882e-12,3.575140183897929e-12,NaN,diag_feasible,0,0,0,0,0,0,18,2.358198380810828e-14,1.12.6,lbt,1,1,Intel(R) Core(TM) 7 150U,NT,2abc7cc
degen-r50-m20-d1e-08-p0,100,SBB-Dual,1e-7*n,1.0e-11,13,14,0.0361825,0.035647,98.52000276376701,3.88e-5,1.85e-5,0.0001128,0.0,0.0,0.0,0.0003654000000000013,0.4521297104205647,5.3849791503357055e-12,-1.6592073447781546e-15,1.6405765634885938e-12,0.0,5.572053102088246e-12,1.6405765634885938e-12,0.0,diag_feasible,0,0,0,0,0,0,13,6.405188288352567e-14,1.12.6,lbt,1,1,Intel(R) Core(TM) 7 150U,NT,2abc7cc
degen-r50-m20-d1e-08-p0,100,Newton-SIN-BH,1e-7*n,9.999999999999999e-6,4,5,0.0211932,0.015472,73.00454862880547,0.0,9.2e-6,0.0,0.0053441,0.0,0.0,0.00036789999999999913,0.4521297104205672,4.80248556798696e-13,-1.6018041154748432e-15,1.2545520178264269e-14,1.2545520178264269e-14,3.115001709991718e-14,1.2545520178264269e-14,NaN,converged,16,16,0,0,0,0,4,6.405188288352567e-14,1.12.6,lbt,1,1,Intel(R) Core(TM) 7 150U,NT,2abc7cc
degen-r50-m20-d1e-08-p0,100,Newton-SIN,1e-7*n,9.999999999999999e-6,7,20,0.0723348,0.0556095,76.87793427230046,0.0,2.44e-5,0.0,0.0152461,0.0,0.0,0.0014548000000000044,0.4521297104205631,3.602053821800688e-13,-1.3942642407392772e-15,2.7200464103316335e-14,2.7200464103316335e-14,8.070168324015807e-14,2.7200464103316335e-14,NaN,converged,43,43,5,0,0,0,7,6.405188288352567e-14,1.12.6,lbt,1,1,Intel(R) Core(TM) 7 150U,NT,2abc7cc
degen-r50-m20-d1e-08-p0,100,AGD-SDAJ-BH,1e-7*n,1.0e-11,9,63,0.2620749,0.2593609,98.96441818731974,0.0,0.0001336,0.0,0.0,0.0,0.0,0.002580399999999994,0.452129710421645,3.922109377174745e-12,-1.5207030049666457e-15,1.7084111902931909e-12,1.7084111902931909e-12,3.248132429227038e-12,1.7084111902931909e-12,NaN,diag_feasible_at_xpre,0,0,12,12,0,0,9,6.405188288352567e-14,1.12.6,lbt,1,1,Intel(R) Core(TM) 7 150U,NT,2abc7cc
degen-r50-m20-d1e-08-p0,100,AGD-SDAJ,1e-7*n,1.0e-11,7,53,0.1168613,0.1155012,98.83614164826166,0.0,5.7e-5,0.0,0.0,0.0,0.0,0.001303100000000003,0.4521297104221338,4.0578230213049716e-12,-1.7037173280757033e-15,7.827072323607354e-13,7.827072323607354e-13,3.055289441262135e-12,7.827072323607354e-13,NaN,diag_feasible,0,0,10,9,1,0,7,6.405188288352567e-14,1.12.6,lbt,1,1,Intel(R) Core(TM) 7 150U,NT,2abc7cc
degen-r50-m20-d1e-08-p0,100,Dykstra-APM,1e-7*n,9.999999999999999e-6,29,29,0.0931774,0.0863905,92.716152199997,0.0,0.0,0.0,0.0,0.00349,0.0,0.0032968999999999984,0.4521297104156836,1.0865823702174947e-11,-1.6382473712618921e-15,2.5981439222277913e-12,2.5981439222277913e-12,7.60174544071475e-12,2.5981439222277913e-12,NaN,diag_feasible,0,0,0,0,0,0,29,6.405188288352567e-14,1.12.6,lbt,1,1,Intel(R) Core(TM) 7 150U,NT,2abc7cc
degen-r50-m20-d1e-08-p0,100,Anderson-APM,1e-7*n,9.999999999999999e-6,17,17,0.0615648,0.0468108,76.03500701699672,0.0,0.0,0.0,0.0,0.0,0.0123844,0.002369600000000003,0.452129710423684,1.2428047787149446e-11,-1.5046669434364572e-15,5.1596504846429525e-12,5.1596504846429525e-12,9.563315892801784e-12,5.1596504846429525e-12,NaN,diag_feasible,0,0,0,0,0,0,17,6.405188288352567e-14,1.12.6,lbt,1,1,Intel(R) Core(TM) 7 150U,NT,2abc7cc
degen-r50-m20-d1e-08-p1,100,SBB-Dual,1e-7*n,1.0e-11,13,14,0.0640143,0.05444,85.04349809339476,4.23e-5,2.04e-5,0.0001198,0.0,0.0,0.0,0.009391799999999994,0.45295360095249604,2.429044396263454e-12,-1.8331211953338876e-15,1.5542012121727566e-12,0.0,2.6822506683811744e-12,1.5542012121727566e-12,8.333333333333334,diag_feasible,0,0,0,0,0,0,13,1.8835547939242594e-14,1.12.6,lbt,1,1,Intel(R) Core(TM) 7 150U,NT,2abc7cc
degen-r50-m20-d1e-08-p1,100,Newton-SIN-BH,1e-7*n,9.999999999999999e-6,4,5,0.0135858,0.010226599999999999,75.27418333848577,0.0,7.5e-6,0.0,0.0030333,0.0,0.0,0.00031840000000000123,0.45295360095249704,1.0367121007124113e-13,-1.6932838684444076e-15,9.103828801926284e-15,9.103828801926284e-15,2.628158439346571e-14,9.103828801926284e-15,NaN,converged,17,17,0,0,0,0,4,1.8835547939242594e-14,1.12.6,lbt,1,1,Intel(R) Core(TM) 7 150U,NT,2abc7cc
degen-r50-m20-d1e-08-p1,100,Newton-SIN,1e-7*n,9.999999999999999e-6,6,15,0.0520274,0.0399713,76.8274024840757,0.0,1.59e-5,0.0,0.0116143,0.0,0.0,0.0004259000000000016,0.4529536009524977,1.0916812296756345e-13,-1.7006646305246811e-15,1.176836406102666e-14,1.176836406102666e-14,2.9524418711792076e-14,1.176836406102666e-14,NaN,converged,35,35,2,0,0,0,6,1.8835547939242594e-14,1.12.6,lbt,1,1,Intel(R) Core(TM) 7 150U,NT,2abc7cc
degen-r50-m20-d1e-08-p1,100,AGD-SDAJ-BH,1e-7*n,1.0e-11,7,53,0.1109986,0.10972889999999999,98.8561116987061,0.0,6.13e-5,0.0,0.0,0.0,0.0,0.0012084000000000125,0.45295360095353326,2.542740323539519e-12,-1.6787660774732365e-15,4.991562718714704e-13,4.991562718714704e-13,1.9026983636155955e-12,4.991562718714704e-13,NaN,diag_feasible,0,0,10,10,0,0,7,1.8835547939242594e-14,1.12.6,lbt,1,1,Intel(R) Core(TM) 7 150U,NT,2abc7cc
degen-r50-m20-d1e-08-p1,100,AGD-SDAJ,1e-7*n,1.0e-11,8,74,0.2390764,0.2368332,99.06172252886525,0.0,0.0001265,0.0,0.0,0.0,0.0,0.002116700000000001,0.45295360095025633,5.161221361921671e-12,-1.4996833524761957e-15,9.50572953684059e-13,9.50572953684059e-13,3.763048090132144e-12,9.50572953684059e-13,NaN,diag_feasible,0,0,27,10,17,0,8,1.8835547939242594e-14,1.12.6,lbt,1,1,Intel(R) Core(TM) 7 150U,NT,2abc7cc
degen-r50-m20-d1e-08-p1,100,Dykstra-APM,1e-7*n,9.999999999999999e-6,28,28,0.0998337,0.0907501,90.90126881003108,0.0,0.0,0.0,0.0,0.002701,0.0,0.006382599999999997,0.45295360094687753,1.2304355995195625e-11,-1.5597153959993472e-15,2.197575454943035e-12,2.197575454943035e-12,8.619558699176798e-12,2.197575454943035e-12,NaN,diag_feasible,0,0,0,0,0,0,28,1.8835547939242594e-14,1.12.6,lbt,1,1,Intel(R) Core(TM) 7 150U,NT,2abc7cc
degen-r50-m20-d1e-08-p1,100,Anderson-APM,1e-7*n,9.999999999999999e-6,17,17,0.0640036,0.0471904,73.73085263953902,0.0,0.0,0.0,0.0,0.0,0.0142581,0.002555099999999994,0.45295360095480297,7.90962937913601e-12,-1.3068018980516543e-15,1.885158695813516e-12,1.885158695813516e-12,6.1596646155070256e-12,1.885158695813516e-12,NaN,diag_feasible,0,0,0,0,0,0,17,1.8835547939242594e-14,1.12.6,lbt,1,1,Intel(R) Core(TM) 7 150U,NT,2abc7cc
degen-r50-m20-d1e-08-p2,100,SBB-Dual,1e-7*n,1.0e-11,13,14,0.0459233,0.045252099999999996,98.53843256037784,4.82e-5,2.36e-5,0.0001538,0.0,0.0,0.0,0.00044560000000000373,0.45151317381534906,8.62480578895532e-12,-1.9021857472292162e-15,1.7033041643799152e-12,0.0,8.856244883742758e-12,1.7033041643799152e-12,8.333333333333334,diag_feasible,0,0,0,0,0,0,13,2.1266495191369013e-14,1.12.6,lbt,1,1,Intel(R) Core(TM) 7 150U,NT,2abc7cc
degen-r50-m20-d1e-08-p2,100,Newton-SIN-BH,1e-7*n,9.999999999999999e-6,4,5,0.0199405,0.013238900000000001,66.39201624833882,0.0,9.2e-6,0.0,0.0063101,0.0,0.0,0.0003822999999999986,0.45151317381535044,2.1297372132441934e-13,-1.4958487382373322e-15,7.216449660063518e-15,7.216449660063518e-15,1.768393958262442e-14,7.216449660063518e-15,NaN,converged,15,15,0,0,0,0,4,2.1266495191369013e-14,1.12.6,lbt,1,1,Intel(R) Core(TM) 7 150U,NT,2abc7cc
degen-r50-m20-d1e-08-p2,100,Newton-SIN,1e-7*n,9.999999999999999e-6,10,29,0.1138916,0.08814060000000001,77.3899040842345,0.0,3.57e-5,0.0,0.0249125,0.0,0.0,0.000802799999999982,0.45151317381535067,1.975421146048947e-13,-1.5349103615782459e-15,6.439293542825908e-15,6.439293542825908e-15,2.0445895676367808e-14,6.439293542825908e-15,NaN,converged,71,71,8,0,0,0,10,2.1266495191369013e-14,1.12.6,lbt,1,1,Intel(R) Core(TM) 7 150U,NT,2abc7cc
degen-r50-m20-d1e-08-p2,100,AGD-SDAJ-BH,1e-7*n,1.0e-11,7,51,0.154161,0.15214439999999999,98.69188705314573,0.0,0.0001101,0.0,0.0,0.0,0.0,0.0019065000000000074,0.4515131738187089,8.907958376003082e-12,-1.4047404156285547e-15,1.8103296639537803e-12,1.8103296639537803e-12,6.816628970840411e-12,1.8103296639537803e-12,NaN,diag_feasible,0,0,8,8,0,0,7,2.1266495191369013e-14,1.12.6,lbt,1,1,Intel(R) Core(TM) 7 150U,NT,2abc7cc
degen-r50-m20-d1e-08-p2,100,AGD-SDAJ,1e-7*n,1.0e-11,7,53,0.1294726,0.1278657,98.75888798093187,0.0,6.37e-5,0.0,0.0,0.0,0.0,0.0015431999999999944,0.4515131738168488,3.731685758235622e-12,-1.2595550194414465e-15,7.742695373735842e-13,7.742695373735842e-13,2.798507635716178e-12,7.742695373735842e-13,NaN,diag_feasible,0,0,10,8,2,0,7,2.1266495191369013e-14,1.12.6,lbt,1,1,Intel(R) Core(TM) 7 150U,NT,2abc7cc
degen-r50-m20-d1e-08-p2,100,Dykstra-APM,1e-7*n,9.999999999999999e-6,29,29,0.0908374,0.0854326,94.05002785196406,0.0,0.0,0.0,0.0,0.0025153,0.0,0.0028895000000000014,0.4515131738107872,9.94173206193219e-12,-1.842074007050944e-15,1.2716494524056543e-12,1.2716494524056543e-12,6.948103077319206e-12,1.2716494524056543e-12,NaN,diag_feasible,0,0,0,0,0,0,29,2.1266495191369013e-14,1.12.6,lbt,1,1,Intel(R) Core(TM) 7 150U,NT,2abc7cc
degen-r50-m20-d1e-08-p2,100,Anderson-APM,1e-7*n,9.999999999999999e-6,17,17,0.0545287,0.039319,72.10698219469748,0.0,0.0,0.0,0.0,0.0,0.0130031,0.0022065999999999995,0.45151317381616035,9.045334331013674e-12,-1.7657262343456195e-15,3.646749568986252e-12,3.646749568986252e-12,7.246191945139473e-12,3.646749568986252e-12,NaN,diag_feasible,0,0,0,0,0,0,17,2.1266495191369013e-14,1.12.6,lbt,1,1,Intel(R) Core(TM) 7 150U,NT,2abc7cc
degen-r50-m20-d1e-08-p3,100,SBB-Dual,1e-7*n,1.0e-11,13,14,0.0411474,0.0405633,98.58046923985476,3.98e-5,2.11e-5,0.0001194,0.0,0.0,0.0,0.00040380000000000407,0.45134155191819764,7.309948814689454e-12,-1.633395499982638e-15,1.6298074001497298e-12,0.0,7.62874688041542e-12,1.6298074001497298e-12,8.333333333333334,diag_feasible,0,0,0,0,0,0,13,2.0314351110575542e-14,1.12.6,lbt,1,1,Intel(R) Core(TM) 7 150U,NT,2abc7cc
degen-r50-m20-d1e-08-p3,100,Newton-SIN-BH,1e-7*n,9.999999999999999e-6,4,5,0.0233986,0.0160198,68.46477994409923,0.0,1.4e-5,0.0,0.0067634,0.0,0.0,0.0006013999999999976,0.4513415519181966,1.0227802187215555e-13,-1.6828009299141627e-15,6.661338147750939e-15,6.661338147750939e-15,2.1008165664042826e-14,6.661338147750939e-15,NaN,converged,17,17,0,0,0,0,4,2.0314351110575542e-14,1.12.6,lbt,1,1,Intel(R) Core(TM) 7 150U,NT,2abc7cc
degen-r50-m20-d1e-08-p3,100,Newton-SIN,1e-7*n,9.999999999999999e-6,100,3203,8.0774348,7.6640746,94.8825312709426,0.0,0.0038128,0.0,0.2880281,0.0,0.0,0.1215193000000005,0.4513415507446291,5.598506265891961e-9,-1.3978287880344843e-15,2.6975124356454216e-9,2.6975124356454216e-9,4.5712902369931944e-9,2.6975124356454216e-9,NaN,max_iter,881,881,3002,0,0,0,100,2.0314351110575542e-14,1.12.6,lbt,1,1,Intel(R) Core(TM) 7 150U,NT,2abc7cc
degen-r50-m20-d1e-08-p3,100,AGD-SDAJ-BH,1e-7*n,1.0e-11,7,55,0.0911036,0.090018,98.8083895696767,0.0,5.2e-5,0.0,0.0,0.0,0.0,0.001033600000000006,0.4513415519195069,9.985419121508025e-12,-2.1014765926162503e-15,2.890465644611595e-12,2.890465644611595e-12,8.646345250644507e-12,2.890465644611595e-12,NaN,diag_feasible_at_xpre,0,0,14,14,0,0,7,2.0314351110575542e-14,1.12.6,lbt,1,1,Intel(R) Core(TM) 7 150U,NT,2abc7cc
degen-r50-m20-d1e-08-p3,100,AGD-SDAJ,1e-7*n,1.0e-11,7,57,0.1505212,0.1487693,98.83611079369551,0.0,7.47e-5,0.0,0.0,0.0,0.0,0.0016772000000000007,0.45134155191951,9.989202457868998e-12,-1.7731392699433621e-15,2.89024360000667e-12,2.89024360000667e-12,8.648194970108427e-12,2.89024360000667e-12,NaN,diag_feasible_at_xpre,0,0,16,14,2,0,7,2.0314351110575542e-14,1.12.6,lbt,1,1,Intel(R) Core(TM) 7 150U,NT,2abc7cc
degen-r50-m20-d1e-08-p3,100,Dykstra-APM,1e-7*n,9.999999999999999e-6,29,29,0.1000851,0.0934355,93.35605399804767,0.0,0.0,0.0,0.0,0.002945,0.0,0.0037045999999999915,0.45134155191443653,8.226885730147002e-12,-1.4455252361839285e-15,1.1026735080577055e-12,1.1026735080577055e-12,5.754689968228748e-12,1.1026735080577055e-12,NaN,diag_feasible,0,0,0,0,0,0,29,2.0314351110575542e-14,1.12.6,lbt,1,1,Intel(R) Core(TM) 7 150U,NT,2abc7cc
degen-r50-m20-d1e-08-p3,100,Anderson-APM,1e-7*n,9.999999999999999e-6,17,17,0.0704743,0.0502112,71.24753278854844,0.0,0.0,0.0,0.0,0.0,0.01762,0.002643100000000006,0.4513415519191993,7.437548418483846e-12,-1.606498596231803e-15,2.1895818491657337e-12,2.1895818491657337e-12,5.955791475619301e-12,2.1895818491657337e-12,NaN,diag_feasible,0,0,0,0,0,0,17,2.0314351110575542e-14,1.12.6,lbt,1,1,Intel(R) Core(TM) 7 150U,NT,2abc7cc
degen-r50-m20-d1e-08-p4,100,SBB-Dual,1e-7*n,1.0e-11,14,15,0.0496918,0.0488138,98.23310888315577,7.11e-5,3.86e-5,0.0001373,0.0,0.0,0.0,0.0006310000000000038,0.4514755323350398,2.4888164625955796e-12,-2.0931947235434653e-15,4.488631688559508e-13,0.0,2.4524073068042287e-12,4.488631688559508e-13,7.6923076923076925,diag_feasible,0,0,0,0,0,0,14,3.6705759716416005e-14,1.12.6,lbt,1,1,Intel(R) Core(TM) 7 150U,NT,2abc7cc
degen-r50-m20-d1e-08-p4,100,Newton-SIN-BH,1e-7*n,9.999999999999999e-6,4,5,0.0223789,0.015711,70.20452301051436,0.0,1.08e-5,0.0,0.0060872,0.0,0.0,0.0005699000000000008,0.45147553233504045,2.830843816271931e-13,-1.7629617848601754e-15,5.440092820663267e-15,5.440092820663267e-15,2.2002312397136253e-14,5.440092820663267e-15,NaN,converged,16,16,0,0,0,0,4,3.6705759716416005e-14,1.12.6,lbt,1,1,Intel(R) Core(TM) 7 150U,NT,2abc7cc
degen-r50-m20-d1e-08-p4,100,Newton-SIN,1e-7*n,9.999999999999999e-6,5,12,0.0388722,0.0296831,76.36074109517855,0.0,1.11e-5,0.0,0.0086566,0.0,0.0,0.0005214000000000017,0.45147553233503984,2.3977042660630406e-13,-1.4226976829921197e-15,7.105427357601002e-15,7.105427357601002e-15,2.1673532641353703e-14,7.105427357601002e-15,NaN,converged,24,24,1,0,0,0,5,3.6705759716416005e-14,1.12.6,lbt,1,1,Intel(R) Core(TM) 7 150U,NT,2abc7cc
degen-r50-m20-d1e-08-p4,100,AGD-SDAJ-BH,1e-7*n,1.0e-11,6,38,0.0989191,0.0977595,98.827728921917,0.0,5.48e-5,0.0,0.0,0.0,0.0,0.0011047999999999967,0.45147553233831583,1.1044815148214502e-11,-1.5010226243254738e-15,3.765654454923606e-12,3.765654454923606e-12,9.057522969033544e-12,3.765654454923606e-12,NaN,diag_feasible,0,0,3,3,0,0,6,3.6705759716416005e-14,1.12.6,lbt,1,1,Intel(R) Core(TM) 7 150U,NT,2abc7cc
degen-r50-m20-d1e-08-p4,100,AGD-SDAJ,1e-7*n,1.0e-11,6,45,0.1248741,0.1235536,98.9425349211726,0.0,5.48e-5,0.0,0.0,0.0,0.0,0.0012657000000000022,0.4514755323384048,1.1192162011610586e-11,-1.431959088872794e-15,3.79185571830476e-12,3.79185571830476e-12,9.155155450860826e-12,3.79185571830476e-12,NaN,diag_feasible_at_xpre,0,0,12,3,9,0,6,3.6705759716416005e-14,1.12.6,lbt,1,1,Intel(R) Core(TM) 7 150U,NT,2abc7cc
degen-r50-m20-d1e-08-p4,100,Dykstra-APM,1e-7*n,9.999999999999999e-6,30,30,0.097682,0.0906156,92.76591388382711,0.0,0.0,0.0,0.0,0.0039806,0.0,0.0030858000000000005,0.4514755323308565,9.009196842535884e-12,-1.6138898643622445e-15,1.5485390747471683e-12,1.5485390747471683e-12,6.297787642558517e-12,1.5485390747471683e-12,NaN,diag_feasible,0,0,0,0,0,0,30,3.6705759716416005e-14,1.12.6,lbt,1,1,Intel(R) Core(TM) 7 150U,NT,2abc7cc
degen-r50-m20-d1e-08-p4,100,Anderson-APM,1e-7*n,9.999999999999999e-6,18,18,0.0427445,0.0356908,83.49799389395127,0.0,0.0,0.0,0.0,0.0,0.0054789,0.001574799999999996,0.4514755323366543,7.144129122581998e-12,-1.5641527872012531e-15,3.3351099659739702e-12,3.3351099659739702e-12,5.487209941896847e-12,3.3351099659739702e-12,NaN,diag_feasible,0,0,0,0,0,0,18,3.6705759716416005e-14,1.12.6,lbt,1,1,Intel(R) Core(TM) 7 150U,NT,2abc7cc
degen-r50-m20-d1e-10-p0,100,SBB-Dual,1e-7*n,1.0e-11,14,15,0.0400562,0.039286299999999996,98.07795047957619,4.23e-5,1.95e-5,0.0001201,0.0,0.0,0.0,0.0005880000000000039,0.4521297225971889,2.1902630465030687e-12,-1.829089782652662e-15,2.241318242113266e-12,0.0,2.7686177254996355e-12,2.241318242113266e-12,7.6923076923076925,diag_feasible,0,0,0,0,0,0,14,4.0039050897598325e-14,1.12.6,lbt,1,1,Intel(R) Core(TM) 7 150U,NT,2abc7cc
degen-r50-m20-d1e-10-p0,100,Newton-SIN-BH,1e-7*n,9.999999999999999e-6,5,6,0.0176343,0.0118535,67.21843225985721,0.0,8.7e-6,0.0,0.0052762,0.0,0.0,0.0004958999999999988,0.4521297225971893,5.141567301727105e-13,-1.7401857772846066e-15,1.3100631690576847e-14,1.3100631690576847e-14,4.36749659035853e-14,1.3100631690576847e-14,NaN,converged,26,26,0,0,0,0,5,4.0039050897598325e-14,1.12.6,lbt,1,1,Intel(R) Core(TM) 7 150U,NT,2abc7cc
degen-r50-m20-d1e-10-p0,100,Newton-SIN,1e-7*n,9.999999999999999e-6,100,3121,7.5969482,7.1749408,94.44504044400355,0.0,0.003857,0.0,0.3115707,0.0,0.0,0.10657970000000005,0.45212972168539584,7.2220796118397494e-9,-1.2820994009641523e-15,5.435359273775475e-9,5.435359273775475e-9,5.7242697483928415e-9,5.435359273775475e-9,NaN,max_iter,880,880,2920,0,0,0,100,4.0039050897598325e-14,1.12.6,lbt,1,1,Intel(R) Core(TM) 7 150U,NT,2abc7cc
degen-r50-m20-d1e-10-p0,100,AGD-SDAJ-BH,1e-7*n,1.0e-11,6,41,0.1246014,0.1218645,97.80347572338674,0.0,6.44e-5,0.0,0.0,0.0,0.0,0.0026725000000000004,0.4521297225985544,3.340189508067571e-12,-1.4764961537544355e-15,7.737144258612716e-13,7.737144258612716e-13,2.461928841907713e-12,7.737144258612716e-13,NaN,diag_feasible,0,0,4,4,0,0,6,4.0039050897598325e-14,1.12.6,lbt,1,1,Intel(R) Core(TM) 7 150U,NT,2abc7cc
degen-r50-m20-d1e-10-p0,100,AGD-SDAJ,1e-7*n,1.0e-11,7,53,0.1400406,0.13837719999999998,98.81220160439186,0.0,7.02e-5,0.0,0.0,0.0,0.0,0.0015932000000000092,0.4521297225992185,5.110852148011008e-12,-1.4861333277985305e-15,1.4638290579682689e-12,1.4638290579682689e-12,3.8825699555435085e-12,1.4638290579682689e-12,NaN,diag_feasible_at_xpre,0,0,14,3,11,0,7,4.0039050897598325e-14,1.12.6,lbt,1,1,Intel(R) Core(TM) 7 150U,NT,2abc7cc
degen-r50-m20-d1e-10-p0,100,Dykstra-APM,1e-7*n,9.999999999999999e-6,27,27,0.089907,0.0839106,93.33044145617137,0.0,0.0,0.0,0.0,0.0022223,0.0,0.003774099999999999,0.4521297225925778,1.1715467071478384e-11,-1.6095424304254566e-15,5.370370814716807e-12,5.370370814716807e-12,8.360685317717946e-12,5.370370814716807e-12,NaN,diag_feasible,0,0,0,0,0,0,27,4.0039050897598325e-14,1.12.6,lbt,1,1,Intel(R) Core(TM) 7 150U,NT,2abc7cc
degen-r50-m20-d1e-10-p0,100,Anderson-APM,1e-7*n,9.999999999999999e-6,17,17,0.0719567,0.0525232,72.99278593932185,0.0,0.0,0.0,0.0,0.0,0.0167405,0.002693000000000001,0.4521297225999367,1.1065365635746758e-11,-1.3203170987647042e-15,5.2160498142939105e-12,5.2160498142939105e-12,8.472942097848254e-12,5.2160498142939105e-12,NaN,diag_feasible,0,0,0,0,0,0,17,4.0039050897598325e-14,1.12.6,lbt,1,1,Intel(R) Core(TM) 7 150U,NT,2abc7cc
degen-r50-m20-d1e-10-p1,100,SBB-Dual,1e-7*n,1.0e-11,13,14,0.0492583,0.0486207,98.70559885339121,4.9e-5,2.47e-5,0.000124,0.0,0.0,0.0,0.00043989999999999513,0.45295361323367345,3.15143920070504e-12,-1.722356712755929e-15,8.305578447220796e-13,0.0,3.456616941687135e-12,8.305578447220796e-13,8.333333333333334,diag_feasible,0,0,0,0,0,0,13,1.7600099169247087e-14,1.12.6,lbt,1,1,Intel(R) Core(TM) 7 150U,NT,2abc7cc
degen-r50-m20-d1e-10-p1,100,Newton-SIN-BH,1e-7*n,9.999999999999999e-6,5,6,0.031855,0.019038700000000002,59.766755611364,0.0,1.6e-5,0.0,0.0121195,0.0,0.0,0.0006807999999999988,0.45295361323367545,1.7098115852737124e-13,-1.5262418290816284e-15,7.327471962526033e-15,7.327471962526033e-15,2.3822499146744733e-14,7.327471962526033e-15,NaN,converged,27,27,0,0,0,0,5,1.7600099169247087e-14,1.12.6,lbt,1,1,Intel(R) Core(TM) 7 150U,NT,2abc7cc
degen-r50-m20-d1e-10-p1,100,Newton-SIN,1e-7*n,9.999999999999999e-6,100,3107,9.0116151,8.5226843,94.57443760552977,0.0,0.0042101,0.0,0.3673183,0.0,0.0,0.11740240000000035,0.4529536127098645,4.036766995966487e-9,-1.3914145404525465e-15,2.9760265363165672e-9,2.9760265363165672e-9,3.279860053063935e-9,2.9760265363165672e-9,NaN,max_iter,881,881,2906,0,0,0,100,1.7600099169247087e-14,1.12.6,lbt,1,1,Intel(R) Core(TM) 7 150U,NT,2abc7cc
degen-r50-m20-d1e-10-p1,100,AGD-SDAJ-BH,1e-7*n,1.0e-11,7,45,0.0713753,0.0705496,98.84315722665964,0.0,4.18e-5,0.0,0.0,0.0,0.0,0.0007838999999999986,0.45295361323627875,8.736629399401087e-12,-1.769957329545103e-15,2.9409807922320397e-12,2.9409807922320397e-12,7.263019945071504e-12,2.9409807922320397e-12,NaN,diag_feasible_at_xpre,0,0,6,6,0,0,7,1.7600099169247087e-14,1.12.6,lbt,1,1,Intel(R) Core(TM) 7 150U,NT,2abc7cc
degen-r50-m20-d1e-10-p1,100,AGD-SDAJ,1e-7*n,1.0e-11,7,45,0.1272133,0.1259082,98.97408525680883,0.0,6.29e-5,0.0,0.0,0.0,0.0,0.0012422000000000034,0.45295361323627875,8.736629399401087e-12,-1.769957329545103e-15,2.9409807922320397e-12,2.9409807922320397e-12,7.263019945071504e-12,2.9409807922320397e-12,NaN,diag_feasible_at_xpre,0,0,6,6,0,0,7,1.7600099169247087e-14,1.12.6,lbt,1,1,Intel(R) Core(TM) 7 150U,NT,2abc7cc
degen-r50-m20-d1e-10-p1,100,Dykstra-APM,1e-7*n,9.999999999999999e-6,26,26,0.0549174,0.0520763,94.82659412135317,0.0,0.0,0.0,0.0,0.0017079,0.0,0.0011331999999999991,0.45295361322951194,9.321980287182595e-12,-1.5236305714626207e-15,2.5264235148370062e-12,2.5264235148370062e-12,6.554142862870881e-12,2.5264235148370062e-12,NaN,diag_feasible,0,0,0,0,0,0,26,1.7600099169247087e-14,1.12.6,lbt,1,1,Intel(R) Core(TM) 7 150U,NT,2abc7cc
degen-r50-m20-d1e-10-p1,100,Anderson-APM,1e-7*n,9.999999999999999e-6,17,17,0.0625695,0.0504962,80.70417695522579,0.0,0.0,0.0,0.0,0.0,0.010099,0.0019743000000000017,0.45295361323594946,7.73223050451107e-12,-1.810620931771544e-15,1.8366419496373965e-12,1.8366419496373965e-12,6.002449713255326e-12,1.8366419496373965e-12,NaN,diag_feasible,0,0,0,0,0,0,17,1.7600099169247087e-14,1.12.6,lbt,1,1,Intel(R) Core(TM) 7 150U,NT,2abc7cc
degen-r50-m20-d1e-10-p2,100,SBB-Dual,1e-7*n,1.0e-11,14,15,0.0403876,0.0397953,98.53346076518535,3.84e-5,1.95e-5,0.0001215,0.0,0.0,0.0,0.000412900000000004,0.4515131859035068,1.3811641246355976e-12,-1.6820842829980972e-15,5.800915303666443e-13,0.0,1.7854054461445337e-12,5.800915303666443e-13,15.384615384615385,diag_feasible,0,0,0,0,0,0,14,2.5112891427895488e-14,1.12.6,lbt,1,1,Intel(R) Core(TM) 7 150U,NT,2abc7cc
degen-r50-m20-d1e-10-p2,100,Newton-SIN-BH,1e-7*n,9.999999999999999e-6,5,6,0.0239755,0.0152666,63.67583574899376,0.0,9.9e-6,0.0,0.0082845,0.0,0.0,0.00041449999999999994,0.4515131859035065,1.8139591569515296e-13,-1.4384325606201623e-15,5.440092820663267e-15,5.440092820663267e-15,2.0497976476797445e-14,5.440092820663267e-15,NaN,converged,26,26,0,0,0,0,5,2.5112891427895488e-14,1.12.6,lbt,1,1,Intel(R) Core(TM) 7 150U,NT,2abc7cc
degen-r50-m20-d1e-10-p2,100,Newton-SIN,1e-7*n,9.999999999999999e-6,100,2385,7.5772149,7.1090057,93.82082722769286,0.0,0.0032605,0.0,0.3697952,0.0,0.0,0.09515350000000045,0.451513185891148,3.27643869422807e-11,-1.4807504017943481e-15,6.672884467207041e-12,6.672884467207041e-12,2.4408261141913394e-11,6.672884467207041e-12,NaN,max_iter,1071,1071,2184,0,0,0,100,2.5112891427895488e-14,1.12.6,lbt,1,1,Intel(R) Core(TM) 7 150U,NT,2abc7cc
degen-r50-m20-d1e-10-p2,100,AGD-SDAJ-BH,1e-7*n,1.0e-11,7,46,0.1616193,0.15941829999999999,98.63815769527524,0.0,0.0001093,0.0,0.0,0.0,0.0,0.0020917000000000084,0.4515131859051195,8.65740625754258e-12,-1.5750726907286707e-15,2.8828051057416815e-12,2.8828051057416815e-12,7.332179539500138e-12,2.8828051057416815e-12,NaN,diag_feasible_at_xpre,0,0,5,5,0,0,7,2.5112891427895488e-14,1.12.6,lbt,1,1,Intel(R) Core(TM) 7 150U,NT,2abc7cc
degen-r50-m20-d1e-10-p2,100,AGD-SDAJ,1e-7*n,1.0e-11,7,51,0.1291653,0.1272298,98.5015325323442,0.0,5.92e-5,0.0,0.0,0.0,0.0,0.0018763000000000067,0.45151318590511996,8.64590507691466e-12,-2.0341580997729274e-15,2.8914648453337577e-12,2.8914648453337577e-12,7.32212127737192e-12,2.8914648453337577e-12,NaN,diag_feasible_at_xpre,0,0,10,5,5,0,7,2.5112891427895488e-14,1.12.6,lbt,1,1,Intel(R) Core(TM) 7 150U,NT,2abc7cc
degen-r50-m20-d1e-10-p2,100,Dykstra-APM,1e-7*n,9.999999999999999e-6,27,27,0.07886,0.0731782,92.79507988840984,0.0,0.0,0.0,0.0,0.0032938,0.0,0.002388000000000001,0.4515131858995874,8.465495135189205e-12,-1.899464517004689e-15,1.2141398997300712e-12,1.2141398997300712e-12,5.925321287170226e-12,1.2141398997300712e-12,NaN,diag_feasible,0,0,0,0,0,0,27,2.5112891427895488e-14,1.12.6,lbt,1,1,Intel(R) Core(TM) 7 150U,NT,2abc7cc
degen-r50-m20-d1e-10-p2,100,Anderson-APM,1e-7*n,9.999999999999999e-6,17,17,0.0400312,0.0329963,82.42645736325666,0.0,0.0,0.0,0.0,0.0,0.0057717,0.0012632000000000034,0.4515131859040911,7.79650325874198e-12,-1.5476934048657247e-15,3.24595905709657e-12,3.24595905709657e-12,6.251281279952481e-12,3.24595905709657e-12,NaN,diag_feasible,0,0,0,0,0,0,17,2.5112891427895488e-14,1.12.6,lbt,1,1,Intel(R) Core(TM) 7 150U,NT,2abc7cc
degen-r50-m20-d1e-10-p3,100,SBB-Dual,1e-7*n,1.0e-11,13,14,0.0387641,0.0381762,98.4833905598221,4.11e-5,2.23e-5,0.0001172,0.0,0.0,0.0,0.00040730000000000237,0.45134156390959157,6.845428616815179e-12,-1.681877583905897e-15,1.7137402608113916e-12,0.0,7.658576084460811e-12,1.7137402608113916e-12,8.333333333333334,diag_feasible,0,0,0,0,0,0,13,3.013330183973069e-14,1.12.6,lbt,1,1,Intel(R) Core(TM) 7 150U,NT,2abc7cc
degen-r50-m20-d1e-10-p3,100,Newton-SIN-BH,1e-7*n,9.999999999999999e-6,5,6,0.0311813,0.018514,59.37533072707039,0.0,1.17e-5,0.0,0.0121244,0.0,0.0,0.000531199999999999,0.4513415639095932,9.345339477988944e-14,-1.359181887750019e-15,6.217248937900877e-15,6.217248937900877e-15,1.9664428671538482e-14,6.217248937900877e-15,NaN,converged,28,28,0,0,0,0,5,3.013330183973069e-14,1.12.6,lbt,1,1,Intel(R) Core(TM) 7 150U,NT,2abc7cc
degen-r50-m20-d1e-10-p3,100,Newton-SIN,1e-7*n,9.999999999999999e-6,8,26,0.0702244,0.0583987,83.16012667961562,0.0,2.47e-5,0.0,0.0112437,0.0,0.0,0.0005573000000000071,0.4513415639063624,1.2315680809711623e-11,-1.55115828060585e-15,5.359934718285331e-12,5.359934718285331e-12,9.507089783003419e-12,5.359934718285331e-12,NaN,converged,61,61,9,0,0,0,8,3.013330183973069e-14,1.12.6,lbt,1,1,Intel(R) Core(TM) 7 150U,NT,2abc7cc
degen-r50-m20-d1e-10-p3,100,AGD-SDAJ-BH,1e-7*n,1.0e-11,8,57,0.1517652,0.1488612,98.08651785784885,0.0,7.26e-5,0.0,0.0,0.0,0.0,0.00283139999999999,0.4513415639111209,3.671303094097935e-12,-1.3136040292319176e-15,1.2040368702059823e-12,1.2040368702059823e-12,2.7416759127951966e-12,1.2040368702059823e-12,NaN,diag_feasible_at_xpre,0,0,12,12,0,0,8,3.013330183973069e-14,1.12.6,lbt,1,1,Intel(R) Core(TM) 7 150U,NT,2abc7cc
degen-r50-m20-d1e-10-p3,100,AGD-SDAJ,1e-7*n,1.0e-11,8,88,0.1882653,0.1860056,98.79972570622414,0.0,0.0001019,0.0,0.0,0.0,0.0,0.0021578000000000036,0.451341563910816,7.411054658109365e-12,-1.818882939873048e-15,3.2678304506816858e-12,3.2678304506816858e-12,6.400303337888068e-12,3.2678304506816858e-12,NaN,diag_feasible_at_xpre,0,0,41,17,24,0,8,3.013330183973069e-14,1.12.6,lbt,1,1,Intel(R) Core(TM) 7 150U,NT,2abc7cc
degen-r50-m20-d1e-10-p3,100,Dykstra-APM,1e-7*n,9.999999999999999e-6,26,26,0.0808003,0.0754457,93.37304440701334,0.0,0.0,0.0,0.0,0.0023654,0.0,0.002989200000000001,0.4513415639038055,1.2524559809546687e-11,-1.4721834986564458e-15,1.4619416788264061e-12,1.4619416788264061e-12,8.769196182923887e-12,1.4619416788264061e-12,NaN,diag_feasible,0,0,0,0,0,0,26,3.013330183973069e-14,1.12.6,lbt,1,1,Intel(R) Core(TM) 7 150U,NT,2abc7cc
degen-r50-m20-d1e-10-p3,100,Anderson-APM,1e-7*n,9.999999999999999e-6,17,17,0.0596374,0.043685,73.25101362567784,0.0,0.0,0.0,0.0,0.0,0.0138651,0.0020872999999999985,0.4513415639103853,6.466610546081563e-12,-1.8545325703986557e-15,1.8474111129762605e-12,1.8474111129762605e-12,5.192825317218253e-12,1.8474111129762605e-12,NaN,diag_feasible,0,0,0,0,0,0,17,3.013330183973069e-14,1.12.6,lbt,1,1,Intel(R) Core(TM) 7 150U,NT,2abc7cc
degen-r50-m20-d1e-10-p4,100,SBB-Dual,1e-7*n,1.0e-11,14,15,0.0439726,0.043168399999999996,98.17113384243822,4.52e-5,2.17e-5,0.0001186,0.0,0.0,0.0,0.0006187000000000049,0.451475544543883,2.506602619025527e-12,-1.7228104711007505e-15,4.3931525084417444e-13,0.0,2.4641962139640097e-12,4.3931525084417444e-13,7.6923076923076925,diag_feasible,0,0,0,0,0,0,14,2.7679086877809597e-14,1.12.6,lbt,1,1,Intel(R) Core(TM) 7 150U,NT,2abc7cc
degen-r50-m20-d1e-10-p4,100,Newton-SIN-BH,1e-7*n,9.999999999999999e-6,5,6,0.0296051,0.018157000000000003,61.33064911113289,0.0,1.22e-5,0.0,0.0108949,0.0,0.0,0.0005409999999999946,0.4514755445438825,1.5884612696411404e-13,-2.0413871192296595e-15,5.329070518200751e-15,5.329070518200751e-15,1.5093725989214836e-14,5.329070518200751e-15,NaN,converged,26,26,0,0,0,0,5,2.7679086877809597e-14,1.12.6,lbt,1,1,Intel(R) Core(TM) 7 150U,NT,2abc7cc
degen-r50-m20-d1e-10-p4,100,Newton-SIN,1e-7*n,9.999999999999999e-6,7,18,0.0797611,0.0588196,73.74472017060948,0.0,2.73e-5,0.0,0.0202142,0.0,0.0,0.0006999999999999992,0.45147554454388317,1.9099519203346098e-13,-1.5627538851374861e-15,6.106226635438361e-15,6.106226635438361e-15,1.897864481313817e-14,6.106226635438361e-15,NaN,converged,47,47,3,0,0,0,7,2.7679086877809597e-14,1.12.6,lbt,1,1,Intel(R) Core(TM) 7 150U,NT,2abc7cc
degen-r50-m20-d1e-10-p4,100,AGD-SDAJ-BH,1e-7*n,1.0e-11,7,43,0.1229459,0.121343,98.69625583285007,0.0,7.14e-5,0.0,0.0,0.0,0.0,0.0015314999999999903,0.45147554454595423,6.320211896965053e-12,-1.4253996947039664e-15,1.5346612869393539e-12,1.5346612869393539e-12,5.156445623692776e-12,1.5346612869393539e-12,NaN,diag_feasible_at_xpre,0,0,4,4,0,0,7,2.7679086877809597e-14,1.12.6,lbt,1,1,Intel(R) Core(TM) 7 150U,NT,2abc7cc
degen-r50-m20-d1e-10-p4,100,AGD-SDAJ,1e-7*n,1.0e-11,7,58,0.1670367,0.1654653,99.05924865613365,0.0,7.54e-5,0.0,0.0,0.0,0.0,0.0014960000000000006,0.45147554454562705,5.1605156542827965e-12,-1.6369642402875993e-15,1.279754080485418e-12,1.279754080485418e-12,4.171326634176102e-12,1.279754080485418e-12,NaN,diag_feasible_at_xpre,0,0,19,4,15,0,7,2.7679086877809597e-14,1.12.6,lbt,1,1,Intel(R) Core(TM) 7 150U,NT,2abc7cc
degen-r50-m20-d1e-10-p4,100,Dykstra-APM,1e-7*n,9.999999999999999e-6,28,28,0.0558383,0.0529652,94.85460696332088,0.0,0.0,0.0,0.0,0.0018906,0.0,0.0009825000000000033,0.45147554453904687,1.0856224300901717e-11,-1.360034874010896e-15,3.907763002075626e-12,3.907763002075626e-12,7.698247855832286e-12,3.907763002075626e-12,NaN,diag_feasible,0,0,0,0,0,0,28,2.7679086877809597e-14,1.12.6,lbt,1,1,Intel(R) Core(TM) 7 150U,NT,2abc7cc
degen-r50-m20-d1e-10-p4,100,Anderson-APM,1e-7*n,9.999999999999999e-6,18,18,0.0443745,0.0365143,82.28667365266088,0.0,0.0,0.0,0.0,0.0,0.006785,0.0010751999999999975,0.4514755445448741,4.642129957441632e-12,-1.618057367553804e-15,2.1682655670929307e-12,2.1682655670929307e-12,3.5709544713890525e-12,2.1682655670929307e-12,NaN,diag_feasible,0,0,0,0,0,0,18,2.7679086877809597e-14,1.12.6,lbt,1,1,Intel(R) Core(TM) 7 150U,NT,2abc7cc
degen-r50-m20-d0-p0,100,SBB-Dual,1e-7*n,1.0e-11,14,15,0.0410396,0.0404396,98.53799744636888,4.96e-5,2.55e-5,0.0001127,0.0,0.0,0.0,0.0004122000000000033,0.45212972272018553,2.9491540246395093e-12,-1.4859089607392975e-15,3.248068480843358e-12,0.0,3.722501767235679e-12,3.248068480843358e-12,7.6923076923076925,diag_feasible,0,0,0,0,0,0,14,6.133517507343678e-14,1.12.6,lbt,1,1,Intel(R) Core(TM) 7 150U,NT,2abc7cc
degen-r50-m20-d0-p0,100,Newton-SIN-BH,1e-7*n,9.999999999999999e-6,4,5,0.0206123,0.012640700000000001,61.32600437602791,0.0,8.3e-6,0.0,0.0075824,0.0,0.0,0.0003808999999999991,0.4521297227201804,2.3633793144234817e-13,-1.2796552072272001e-15,1.9872992140790302e-14,1.9872992140790302e-14,6.37616074646508e-14,1.9872992140790302e-14,NaN,converged,16,16,0,0,0,0,4,6.133517507343678e-14,1.12.6,lbt,1,1,Intel(R) Core(TM) 7 150U,NT,2abc7cc
degen-r50-m20-d0-p0,100,Newton-SIN,1e-7*n,9.999999999999999e-6,4,9,0.0282476,0.021950900000000002,77.70890270323852,0.0,1.12e-5,0.0,0.0060088,0.0,0.0,0.00027669999999999865,0.4521297227201804,2.3633793144234817e-13,-1.2796552072272001e-15,1.9872992140790302e-14,1.9872992140790302e-14,6.37616074646508e-14,1.9872992140790302e-14,NaN,converged,16,16,0,0,0,0,4,6.133517507343678e-14,1.12.6,lbt,1,1,Intel(R) Core(TM) 7 150U,NT,2abc7cc
degen-r50-m20-d0-p0,100,AGD-SDAJ-BH,1e-7*n,1.0e-11,6,40,0.0882768,0.0872395,98.82494607869792,0.0,4.82e-5,0.0,0.0,0.0,0.0,0.000989100000000005,0.4521297227209832,1.9109154051016993e-12,-1.4926524732645832e-15,3.056443986793056e-13,3.056443986793056e-13,1.3977091203233365e-12,3.056443986793056e-13,NaN,diag_feasible,0,0,3,3,0,0,6,6.133517507343678e-14,1.12.6,lbt,1,1,Intel(R) Core(TM) 7 150U,NT,2abc7cc
degen-r50-m20-d0-p0,100,AGD-SDAJ,1e-7*n,1.0e-11,6,40,0.0953974,0.0943574,98.9098235381677,0.0,4.73e-5,0.0,0.0,0.0,0.0,0.0009926999999999994,0.4521297227209832,1.9109154051016993e-12,-1.4926524732645832e-15,3.056443986793056e-13,3.056443986793056e-13,1.3977091203233365e-12,3.056443986793056e-13,NaN,diag_feasible,0,0,3,3,0,0,6,6.133517507343678e-14,1.12.6,lbt,1,1,Intel(R) Core(TM) 7 150U,NT,2abc7cc
degen-r50-m20-d0-p0,100,Dykstra-APM,1e-7*n,9.999999999999999e-6,26,26,0.0800743,0.0750804,93.76341722625112,0.0,0.0,0.0,0.0,0.0022299,0.0,0.0027639999999999956,0.4521297227180984,1.2272233881008961e-11,-1.1193274320598985e-15,8.89932572079033e-12,8.89932572079033e-12,9.533513425234609e-12,8.89932572079033e-12,NaN,diag_feasible,0,0,0,0,0,0,26,6.133517507343678e-14,1.12.6,lbt,1,1,Intel(R) Core(TM) 7 150U,NT,2abc7cc
degen-r50-m20-d0-p0,100,Anderson-APM,1e-7*n,9.999999999999999e-6,17,17,0.0567988,0.0412668,72.65435185250392,0.0,0.0,0.0,0.0,0.0,0.0136852,0.0018468000000000043,0.4521297227228144,1.0673648727217888e-11,-1.2808763432805734e-15,5.226263866120462e-12,5.226263866120462e-12,8.150552473080817e-12,5.226263866120462e-12,NaN,diag_feasible,0,0,0,0,0,0,17,6.133517507343678e-14,1.12.6,lbt,1,1,Intel(R) Core(TM) 7 150U,NT,2abc7cc
degen-r50-m20-d0-p1,100,SBB-Dual,1e-7*n,1.0e-11,13,14,0.0387624,0.0381716,98.47584256908756,4.6e-5,2.36e-5,0.0001181,0.0,0.0,0.0,0.00040310000000000237,0.4529536133577263,3.1852006586364536e-12,-1.5176773904765437e-15,8.240075288767912e-13,0.0,3.4516357586271073e-12,8.240075288767912e-13,16.666666666666668,diag_feasible,0,0,0,0,0,0,13,2.138354105709279e-14,1.12.6,lbt,1,1,Intel(R) Core(TM) 7 150U,NT,2abc7cc
degen-r50-m20-d0-p1,100,Newton-SIN-BH,1e-7*n,9.999999999999999e-6,4,5,0.0204312,0.0139987,68.51628881318767,0.0,9.1e-6,0.0,0.0059865,0.0,0.0,0.00043690000000000135,0.45295361335772527,1.9461183420730755e-13,-1.7050545509434963e-15,5.329070518200751e-15,5.329070518200751e-15,1.673051212262716e-14,5.329070518200751e-15,NaN,converged,17,17,0,0,0,0,4,2.138354105709279e-14,1.12.6,lbt,1,1,Intel(R) Core(TM) 7 150U,NT,2abc7cc
degen-r50-m20-d0-p1,100,Newton-SIN,1e-7*n,9.999999999999999e-6,100,3030,8.452704,7.9282262,93.79514768291898,0.0,0.0041396,0.0,0.3728041,0.0,0.0,0.1475341000000005,0.45295361295239095,2.862405675137662e-9,-1.0992661467356574e-15,2.102888752020249e-9,2.102888752020249e-9,2.331658313795242e-9,2.102888752020249e-9,NaN,max_iter,881,881,2829,0,0,0,100,2.138354105709279e-14,1.12.6,lbt,1,1,Intel(R) Core(TM) 7 150U,NT,2abc7cc
degen-r50-m20-d0-p1,100,AGD-SDAJ-BH,1e-7*n,1.0e-11,6,46,0.1074594,0.10610220000000001,98.73701137359785,0.0,6.65e-5,0.0,0.0,0.0,0.0,0.001290699999999989,0.4529536133604665,6.954713116212379e-12,-2.1335872251517703e-15,2.561062473205311e-12,2.561062473205311e-12,5.242909443872546e-12,2.561062473205311e-12,NaN,diag_feasible,0,0,9,9,0,0,6,2.138354105709279e-14,1.12.6,lbt,1,1,Intel(R) Core(TM) 7 150U,NT,2abc7cc
degen-r50-m20-d0-p1,100,AGD-SDAJ,1e-7*n,1.0e-11,7,49,0.1178186,0.1165082,98.88778172546611,0.0,6.3e-5,0.0,0.0,0.0,0.0,0.0012473999999999894,0.4529536133605483,9.997442958787676e-12,-1.7511362847165348e-15,3.320455022048918e-12,3.320455022048918e-12,8.395109106244623e-12,3.320455022048918e-12,NaN,diag_feasible,0,0,8,6,2,0,7,2.138354105709279e-14,1.12.6,lbt,1,1,Intel(R) Core(TM) 7 150U,NT,2abc7cc
degen-r50-m20-d0-p1,100,Dykstra-APM,1e-7*n,9.999999999999999e-6,24,24,0.0685233,0.0641659,93.6409951067739,0.0,0.0,0.0,0.0,0.0019274,0.0,0.0024299999999999973,0.4529536133544503,1.0218232214589967e-11,-9.814015941124688e-16,6.778133609941506e-12,6.778133609941506e-12,8.187571529628173e-12,6.778133609941506e-12,NaN,diag_feasible,0,0,0,0,0,0,24,2.138354105709279e-14,1.12.6,lbt,1,1,Intel(R) Core(TM) 7 150U,NT,2abc7cc
degen-r50-m20-d0-p1,100,Anderson-APM,1e-7*n,9.999999999999999e-6,17,17,0.0662907,0.047298,71.34937479917998,0.0,0.0,0.0,0.0,0.0,0.016796,0.002196699999999996,0.45295361335995277,7.607366828866524e-12,-1.4943596348816998e-15,1.8057777495528171e-12,1.8057777495528171e-12,5.895766401912903e-12,1.8057777495528171e-12,NaN,diag_feasible,0,0,0,0,0,0,17,2.138354105709279e-14,1.12.6,lbt,1,1,Intel(R) Core(TM) 7 150U,NT,2abc7cc
degen-r50-m20-d0-p2,100,SBB-Dual,1e-7*n,1.0e-11,13,14,0.0409206,0.040338599999999995,98.5777334643187,4.35e-5,2.69e-5,0.0001184,0.0,0.0,0.0,0.00039320000000000614,0.45151318602560964,8.998278681805047e-12,-1.6625445163123184e-15,2.2928325904558733e-12,0.0,9.537173251134968e-12,2.2928325904558733e-12,8.333333333333334,diag_feasible,0,0,0,0,0,0,13,2.2364312325967227e-14,1.12.6,lbt,1,1,Intel(R) Core(TM) 7 150U,NT,2abc7cc
degen-r50-m20-d0-p2,100,Newton-SIN-BH,1e-7*n,9.999999999999999e-6,4,5,0.0211185,0.0139621,66.11312356464711,0.0,8.8e-6,0.0,0.0066424,0.0,0.0,0.000505199999999999,0.45151318602560825,1.7212244992891538e-13,-1.387867927477942e-15,9.103828801926284e-15,9.103828801926284e-15,2.5239938287811708e-14,9.103828801926284e-15,NaN,converged,16,16,0,0,0,0,4,2.2364312325967227e-14,1.12.6,lbt,1,1,Intel(R) Core(TM) 7 150U,NT,2abc7cc
degen-r50-m20-d0-p2,100,Newton-SIN,1e-7*n,9.999999999999999e-6,100,2612,7.3323135,6.8625377,93.59307536427623,0.0,0.0030538,0.0,0.3587902,0.0,0.0,0.10793179999999986,0.4515131860228087,2.375214022805414e-10,-1.2589701563512669e-15,7.873779406253334e-11,7.873779406253334e-11,2.0727123273811395e-10,7.873779406253334e-11,NaN,max_iter,973,973,2411,0,0,0,100,2.2364312325967227e-14,1.12.6,lbt,1,1,Intel(R) Core(TM) 7 150U,NT,2abc7cc
degen-r50-m20-d0-p2,100,AGD-SDAJ-BH,1e-7*n,1.0e-11,8,53,0.0917531,0.0905234,98.65977280331673,0.0,6.3e-5,0.0,0.0,0.0,0.0,0.0011667000000000003,0.4515131860276278,5.103579023963058e-12,-1.3339945780827489e-15,1.4703793738135573e-12,1.4703793738135573e-12,3.889338779354909e-12,1.4703793738135573e-12,NaN,diag_feasible,0,0,6,6,0,0,8,2.2364312325967227e-14,1.12.6,lbt,1,1,Intel(R) Core(TM) 7 150U,NT,2abc7cc
degen-r50-m20-d0-p2,100,AGD-SDAJ,1e-7*n,1.0e-11,7,51,0.1340966,0.1324213,98.75067675093923,0.0,6.32e-5,0.0,0.0,0.0,0.0,0.0016121000000000184,0.4515131860268035,2.8851260434986827e-12,-1.589969410959687e-15,6.503686478254167e-13,6.503686478254167e-13,2.1425471077021367e-12,6.503686478254167e-13,NaN,diag_feasible,0,0,8,6,2,0,7,2.2364312325967227e-14,1.12.6,lbt,1,1,Intel(R) Core(TM) 7 150U,NT,2abc7cc
degen-r50-m20-d0-p2,100,Dykstra-APM,1e-7*n,9.999999999999999e-6,25,25,0.0772743,0.0719605,93.12345760492168,0.0,0.0,0.0,0.0,0.0023634,0.0,0.0029504000000000075,0.451513186021874,9.253461902773411e-12,-1.1613766731646589e-15,4.9968917892329046e-12,4.9968917892329046e-12,7.418626167590356e-12,4.9968917892329046e-12,NaN,diag_feasible,0,0,0,0,0,0,25,2.2364312325967227e-14,1.12.6,lbt,1,1,Intel(R) Core(TM) 7 150U,NT,2abc7cc
degen-r50-m20-d0-p2,100,Anderson-APM,1e-7*n,9.999999999999999e-6,17,17,0.0579473,0.0415115,71.63664225943228,0.0,0.0,0.0,0.0,0.0,0.0122626,0.0041732,0.4515131860260634,7.081161457033884e-12,-1.35740027965192e-15,3.005817816870149e-12,3.005817816870149e-12,5.688828620195307e-12,3.005817816870149e-12,NaN,diag_feasible,0,0,0,0,0,0,17,2.2364312325967227e-14,1.12.6,lbt,1,1,Intel(R) Core(TM) 7 150U,NT,2abc7cc
degen-r50-m20-d0-p3,100,SBB-Dual,1e-7*n,1.0e-11,13,14,0.0431015,0.0425257,98.66408361657948,4.35e-5,2.23e-5,0.0001169,0.0,0.0,0.0,0.00039310000000000137,0.451341564030717,6.32467049687001e-12,-1.9021262818663706e-15,1.8907098109366416e-12,0.0,7.126833829158064e-12,1.8907098109366416e-12,8.333333333333334,diag_feasible,0,0,0,0,0,0,13,1.6866622778295818e-14,1.12.6,lbt,1,1,Intel(R) Core(TM) 7 150U,NT,2abc7cc
degen-r50-m20-d0-p3,100,Newton-SIN-BH,1e-7*n,9.999999999999999e-6,4,5,0.0202561,0.014145600000000001,69.83377846673348,0.0,8.4e-6,0.0,0.0057335,0.0,0.0,0.0003685999999999976,0.4513415640307149,1.002750343390454e-13,-1.5182855972766e-15,8.43769498715119e-15,8.43769498715119e-15,1.8228969536775993e-14,8.43769498715119e-15,NaN,converged,17,17,0,0,0,0,4,1.6866622778295818e-14,1.12.6,lbt,1,1,Intel(R) Core(TM) 7 150U,NT,2abc7cc
degen-r50-m20-d0-p3,100,Newton-SIN,1e-7*n,9.999999999999999e-6,100,2752,8.5713362,8.0087359,93.43625909808554,0.0,0.004027,0.0,0.4327116,0.0,0.0,0.12586169999999974,0.45134156400346204,4.2169167730428927e-10,-1.370627499153093e-15,2.4788238128792273e-10,2.4788238128792273e-10,3.628649276754983e-10,2.4788238128792273e-10,NaN,max_iter,974,974,2551,0,0,0,100,1.6866622778295818e-14,1.12.6,lbt,1,1,Intel(R) Core(TM) 7 150U,NT,2abc7cc
degen-r50-m20-d0-p3,100,AGD-SDAJ-BH,1e-7*n,1.0e-11,7,53,0.1423572,0.1408285,98.92615196140413,0.0,7.03e-5,0.0,0.0,0.0,0.0,0.001458399999999994,0.4513415640335797,6.786458232643461e-12,-1.593092208454846e-15,1.4515055823949297e-12,1.4515055823949297e-12,4.93463750115666e-12,1.4515055823949297e-12,NaN,diag_feasible,0,0,10,10,0,0,7,1.6866622778295818e-14,1.12.6,lbt,1,1,Intel(R) Core(TM) 7 150U,NT,2abc7cc
degen-r50-m20-d0-p3,100,AGD-SDAJ,1e-7*n,1.0e-11,7,64,0.1755632,0.1735709,98.86519498391462,0.0,8.94e-5,0.0,0.0,0.0,0.0,0.0019029000000000025,0.4513415640337715,7.232240327492477e-12,-1.422107534498424e-15,1.5578649481540197e-12,1.5578649481540197e-12,5.2597358280698764e-12,1.5578649481540197e-12,NaN,diag_feasible,0,0,21,10,11,0,7,1.6866622778295818e-14,1.12.6,lbt,1,1,Intel(R) Core(TM) 7 150U,NT,2abc7cc
degen-r50-m20-d0-p3,100,Dykstra-APM,1e-7*n,9.999999999999999e-6,25,25,0.0769868,0.0717299,93.1716865748414,0.0,0.0,0.0,0.0,0.002336,0.0,0.002920899999999995,0.4513415640285324,4.669614398017323e-12,-1.1559527402794132e-15,1.6511236822225328e-12,1.6511236822225328e-12,3.763986318876032e-12,1.6511236822225328e-12,NaN,diag_feasible,0,0,0,0,0,0,25,1.6866622778295818e-14,1.12.6,lbt,1,1,Intel(R) Core(TM) 7 150U,NT,2abc7cc
degen-r50-m20-d0-p3,100,Anderson-APM,1e-7*n,9.999999999999999e-6,17,17,0.0627006,0.0459172,73.23247305448433,0.0,0.0,0.0,0.0,0.0,0.0145373,0.0022460999999999974,0.4513415640314517,5.925072501988194e-12,-1.3286877160313969e-15,1.6366907829024058e-12,1.6366907829024058e-12,4.75976211698746e-12,1.6366907829024058e-12,NaN,diag_feasible,0,0,0,0,0,0,17,1.6866622778295818e-14,1.12.6,lbt,1,1,Intel(R) Core(TM) 7 150U,NT,2abc7cc
degen-r50-m20-d0-p4,100,SBB-Dual,1e-7*n,1.0e-11,14,15,0.0389341,0.0383644,98.53675826589031,4.06e-5,2.0e-5,0.0001131,0.0,0.0,0.0,0.0003959999999999993,0.4514755446672047,3.2986698000278414e-12,-1.531651447508652e-15,9.102718578901658e-13,0.0,3.2872563989159574e-12,9.102718578901658e-13,7.6923076923076925,diag_feasible,0,0,0,0,0,0,14,2.3956647521128122e-14,1.12.6,lbt,1,1,Intel(R) Core(TM) 7 150U,NT,2abc7cc
degen-r50-m20-d0-p4,100,Newton-SIN-BH,1e-7*n,9.999999999999999e-6,4,5,0.0271218,0.0183295,67.58216637538806,0.0,1.29e-5,0.0,0.0081893,0.0,0.0,0.0005901000000000031,0.4514755446672036,1.5306959530193582e-13,-1.6120679733787947e-15,5.551115123125783e-15,5.551115123125783e-15,1.6728670184062865e-14,5.551115123125783e-15,NaN,converged,17,17,0,0,0,0,4,2.3956647521128122e-14,1.12.6,lbt,1,1,Intel(R) Core(TM) 7 150U,NT,2abc7cc
degen-r50-m20-d0-p4,100,Newton-SIN,1e-7*n,9.999999999999999e-6,100,2915,8.4800762,7.9475486,93.72024982511361,0.0,0.0038498,0.0,0.3943831,0.0,0.0,0.134294699999999,0.4514755438998684,2.90679674434248e-9,-1.2407282364717465e-15,1.9453416655323963e-9,1.9453416655323963e-9,2.346872411198046e-9,1.9453416655323963e-9,NaN,max_iter,881,881,2714,0,0,0,100,2.3956647521128122e-14,1.12.6,lbt,1,1,Intel(R) Core(TM) 7 150U,NT,2abc7cc
degen-r50-m20-d0-p4,100,AGD-SDAJ-BH,1e-7*n,1.0e-11,7,41,0.1145886,0.11327620000000001,98.85468537009791,0.0,6.15e-5,0.0,0.0,0.0,0.0,0.0012508999999999914,0.4514755446683419,3.3515337030300766e-12,-1.6353370968732571e-15,1.155742168634788e-12,1.155742168634788e-12,2.717851032621709e-12,1.155742168634788e-12,NaN,diag_feasible_at_xpre,0,0,2,2,0,0,7,2.3956647521128122e-14,1.12.6,lbt,1,1,Intel(R) Core(TM) 7 150U,NT,2abc7cc
degen-r50-m20-d0-p4,100,AGD-SDAJ,1e-7*n,1.0e-11,7,41,0.13266,0.1309302,98.69606512890094,0.0,7.93e-5,0.0,0.0,0.0,0.0,0.0016505000000000035,0.4514755446683419,3.3515337030300766e-12,-1.6353370968732571e-15,1.155742168634788e-12,1.155742168634788e-12,2.717851032621709e-12,1.155742168634788e-12,NaN,diag_feasible_at_xpre,0,0,2,2,0,0,7,2.3956647521128122e-14,1.12.6,lbt,1,1,Intel(R) Core(TM) 7 150U,NT,2abc7cc
degen-r50-m20-d0-p4,100,Dykstra-APM,1e-7*n,9.999999999999999e-6,27,27,0.0776853,0.0725488,93.38806698307144,0.0,0.0,0.0,0.0,0.0023199,0.0,0.002816600000000002,0.4514755446645069,1.091656216002971e-11,-9.911109637699987e-16,7.865708084864309e-12,7.865708084864309e-12,8.515488584086021e-12,7.865708084864309e-12,NaN,diag_feasible,0,0,0,0,0,0,27,2.3956647521128122e-14,1.12.6,lbt,1,1,Intel(R) Core(TM) 7 150U,NT,2abc7cc
degen-r50-m20-d0-p4,100,Anderson-APM,1e-7*n,9.999999999999999e-6,18,18,0.0610249,0.0443397,72.65837387689288,0.0,0.0,0.0,0.0,0.0,0.0141812,0.0025039999999999975,0.45147554466823436,4.4149851402514644e-12,-1.6356289666511426e-15,1.9950707752514063e-12,1.9950707752514063e-12,3.3837469923695976e-12,1.9950707752514063e-12,NaN,diag_feasible,0,0,0,0,0,0,18,2.3956647521128122e-14,1.12.6,lbt,1,1,Intel(R) Core(TM) 7 150U,NT,2abc7cc
