instance,n,solver,tol_rule,tol_value,updates,total_evds,elapsed_seconds,evd_seconds,evd_percent,bb_seconds,certificate_seconds,rescale_seconds,newton_cg_seconds,dykstra_update_seconds,anderson_update_seconds,other_seconds,dist_G_X_fro,err_vs_ref_fro,lambda_min_X,diag_error_pre,diag_error_post,certificate_2,certificate_inf,ceiling_clamp_pct,exit,cg_iters_total,jacobian_vector_products,linesearch_trials,nls_backtracks,mls_backtracks,negative_curvature_count,accepted_outer_iterations,ref_cert_2,julia_version,blas_vendor,blas_threads,julia_threads,cpu,os,git_commit
degen-r5-m1-d0.01-p0,100,SBB-Dual,1e-7*n,1.0e-11,217,218,0.3925401,0.3817108,97.24122452712476,0.0003286,0.0002089,0.0003791,0.0,0.0,0.0,0.009912699999999986,0.22811316224784495,8.483698595268618e-12,-1.0501688379145204e-14,1.2967404927621828e-12,0.0,9.185134975641073e-12,1.2967404927621828e-12,100.0,diag_feasible,0,0,0,0,0,0,217,2.8503773480355575e-14,1.12.6,lbt,1,1,Intel(R) Core(TM) 7 150U,NT,2abc7cc
degen-r5-m1-d0.01-p0,100,Newton-SIN-BH,1e-7*n,9.999999999999999e-6,3,4,0.0237465,0.0180909,76.18343755921926,0.0,1.03e-5,0.0,0.0051516,0.0,0.0,0.0004936999999999997,0.22811316224689773,2.1020938752580073e-11,-7.54414408260745e-15,4.9038550997693164e-12,4.9038550997693164e-12,6.66303709875361e-12,4.9038550997693164e-12,NaN,converged,16,16,0,0,0,0,3,2.8503773480355575e-14,1.12.6,lbt,1,1,Intel(R) Core(TM) 7 150U,NT,2abc7cc
degen-r5-m1-d0.01-p0,100,Newton-SIN,1e-7*n,9.999999999999999e-6,3,7,0.0170062,0.0137237,80.6982159447731,0.0,6.0e-6,0.0,0.0029985,0.0,0.0,0.00027799999999999917,0.22811316224689773,2.1020938752580073e-11,-7.54414408260745e-15,4.9038550997693164e-12,4.9038550997693164e-12,6.66303709875361e-12,4.9038550997693164e-12,NaN,converged,16,16,0,0,0,0,3,2.8503773480355575e-14,1.12.6,lbt,1,1,Intel(R) Core(TM) 7 150U,NT,2abc7cc
degen-r5-m1-d0.01-p0,100,AGD-SDAJ-BH,1e-7*n,1.0e-11,9,78,0.1290686,0.1260234,97.64063451528878,0.0,5.98e-5,0.0,0.0,0.0,0.0,0.002985399999999998,0.22811316222528477,2.7058817623155604e-11,-8.664336236563239e-15,2.6203483827202945e-12,2.6203483827202945e-12,6.675763917304729e-12,2.6203483827202945e-12,NaN,diag_feasible,0,0,23,23,0,0,9,2.8503773480355575e-14,1.12.6,lbt,1,1,Intel(R) Core(TM) 7 150U,NT,2abc7cc
degen-r5-m1-d0.01-p0,100,AGD-SDAJ,1e-7*n,1.0e-11,11,90,0.133714,0.1322221,98.88426043645393,0.0,5.6e-5,0.0,0.0,0.0,0.0,0.0014358999999999904,0.228113162221569,3.1917469324012085e-11,-1.0294523610272507e-14,4.956701715741474e-12,4.956701715741474e-12,8.024135955786308e-12,4.956701715741474e-12,NaN,diag_feasible,0,0,25,19,6,0,11,2.8503773480355575e-14,1.12.6,lbt,1,1,Intel(R) Core(TM) 7 150U,NT,2abc7cc
degen-r5-m1-d0.01-p0,100,Dykstra-APM,1e-7*n,9.999999999999999e-6,442,442,0.7289841,0.6371207,87.39843571348126,0.0,0.0,0.0,0.0,0.0744274,0.0,0.017436000000000035,0.2281131622081747,4.400346503430053e-11,-1.0487612360582808e-14,1.3771206397450442e-12,1.3771206397450442e-12,9.756211345488395e-12,1.3771206397450442e-12,NaN,diag_feasible,0,0,0,0,0,0,442,2.8503773480355575e-14,1.12.6,lbt,1,1,Intel(R) Core(TM) 7 150U,NT,2abc7cc
degen-r5-m1-d0.01-p0,100,Anderson-APM,1e-7*n,9.999999999999999e-6,89,89,0.1530944,0.1277405,83.43904153254464,0.0,0.0,0.0,0.0,0.0,0.0203273,0.005026599999999985,0.2281131622333918,1.878454942027569e-11,-1.2349031616751613e-14,2.01993977100301e-12,2.01993977100301e-12,5.00143868595265e-12,2.01993977100301e-12,NaN,diag_feasible,0,0,0,0,0,0,89,2.8503773480355575e-14,1.12.6,lbt,1,1,Intel(R) Core(TM) 7 150U,NT,2abc7cc
degen-r5-m1-d0.01-p1,100,SBB-Dual,1e-7*n,1.0e-11,216,217,0.2909384,0.28531409999999996,98.0668416407047,0.0002249,0.000134,0.0001904,0.0,0.0,0.0,0.005075000000000026,0.22377148961885363,8.38205910325235e-12,-7.905074635092701e-15,1.3309353619206377e-12,0.0,9.519441904577029e-12,1.3309353619206377e-12,100.0,diag_feasible,0,0,0,0,0,0,216,1.2449358054640435e-14,1.12.6,lbt,1,1,Intel(R) Core(TM) 7 150U,NT,2abc7cc
degen-r5-m1-d0.01-p1,100,Newton-SIN-BH,1e-7*n,9.999999999999999e-6,4,5,0.0088901,0.0067874,76.34784760576372,0.0,4.0e-6,0.0,0.0018813,0.0,0.0,0.00021739999999999975,0.22377148961883778,0.0,-1.0622149349089256e-14,4.884981308350689e-15,4.884981308350689e-15,1.2449358054640435e-14,4.884981308350689e-15,NaN,converged,29,29,0,0,0,0,4,1.2449358054640435e-14,1.12.6,lbt,1,1,Intel(R) Core(TM) 7 150U,NT,2abc7cc
degen-r5-m1-d0.01-p1,100,Newton-SIN,1e-7*n,9.999999999999999e-6,100,2774,5.442014,5.1899116,95.36747976025053,0.0,0.0020145,0.0,0.1591337,0.0,0.0,0.0909542000000001,0.22377148961636767,1.2691605805397374e-10,-7.648335034075114e-15,1.2944756377919475e-11,1.2944756377919475e-11,4.015094324914546e-11,1.2944756377919475e-11,NaN,max_iter,1277,1277,2573,0,0,0,100,1.2449358054640435e-14,1.12.6,lbt,1,1,Intel(R) Core(TM) 7 150U,NT,2abc7cc
degen-r5-m1-d0.01-p1,100,AGD-SDAJ-BH,1e-7*n,1.0e-11,10,74,0.1330381,0.1313948,98.76478993611606,0.0,6.07e-5,0.0,0.0,0.0,0.0,0.0015825999999999865,0.22377148960558157,1.618817974518505e-11,-8.993634717065944e-15,1.971089957919503e-12,1.971089957919503e-12,4.1470958798066314e-12,1.971089957919503e-12,NaN,diag_feasible_at_xpre,0,0,17,17,0,0,10,1.2449358054640435e-14,1.12.6,lbt,1,1,Intel(R) Core(TM) 7 150U,NT,2abc7cc
degen-r5-m1-d0.01-p1,100,AGD-SDAJ,1e-7*n,1.0e-11,9,86,0.150872,0.1490855,98.8158836629726,0.0,7.16e-5,0.0,0.0,0.0,0.0,0.0017148999999999964,0.2237714895908186,3.4339032360633206e-11,-9.504907009942739e-15,4.630074101896753e-12,4.630074101896753e-12,8.98442854509853e-12,4.630074101896753e-12,NaN,diag_feasible,0,0,31,24,7,0,9,1.2449358054640435e-14,1.12.6,lbt,1,1,Intel(R) Core(TM) 7 150U,NT,2abc7cc
degen-r5-m1-d0.01-p1,100,Dykstra-APM,1e-7*n,9.999999999999999e-6,441,441,0.7649382,0.6507176,85.06799634271108,0.0,0.0,0.0,0.0,0.0909538,0.0,0.023266800000000004,0.2237714895788428,4.317266515231485e-11,-8.451655199460365e-15,1.339817146117639e-12,1.339817146117639e-12,9.594375142387928e-12,1.339817146117639e-12,NaN,diag_feasible,0,0,0,0,0,0,441,1.2449358054640435e-14,1.12.6,lbt,1,1,Intel(R) Core(TM) 7 150U,NT,2abc7cc
degen-r5-m1-d0.01-p1,100,Anderson-APM,1e-7*n,9.999999999999999e-6,81,81,0.1219037,0.1032075,84.66313983906967,0.0,0.0,0.0,0.0,0.0,0.0163824,0.0023138000000000117,0.2237714895981765,2.483857245005125e-11,-1.0131616539288933e-14,1.7224000004034679e-12,1.7224000004034679e-12,6.253254075242254e-12,1.7224000004034679e-12,NaN,diag_feasible,0,0,0,0,0,0,81,1.2449358054640435e-14,1.12.6,lbt,1,1,Intel(R) Core(TM) 7 150U,NT,2abc7cc
degen-r5-m1-d0.01-p2,100,SBB-Dual,1e-7*n,1.0e-11,214,215,0.3230534,0.3139049,97.1681152403906,0.0002287,0.0001448,0.0001991,0.0,0.0,0.0,0.008575900000000003,0.23286753033699067,8.1287175024253e-12,-1.0196769537649694e-14,1.4135359549527493e-12,0.0,9.683654709461952e-12,1.4135359549527493e-12,100.0,diag_feasible,0,0,0,0,0,0,214,1.963055150016077e-14,1.12.6,lbt,1,1,Intel(R) Core(TM) 7 150U,NT,2abc7cc
degen-r5-m1-d0.01-p2,100,Newton-SIN-BH,1e-7*n,9.999999999999999e-6,3,4,0.0071184,0.0057986,81.4593167003821,0.0,3.7e-6,0.0,0.0011128,0.0,0.0,0.00020330000000000044,0.23286753033555663,2.0428397943323766e-11,-9.809402489280866e-15,3.171463092144222e-12,3.171463092144222e-12,6.172249796335279e-12,3.171463092144222e-12,NaN,converged,14,14,0,0,0,0,3,1.963055150016077e-14,1.12.6,lbt,1,1,Intel(R) Core(TM) 7 150U,NT,2abc7cc
degen-r5-m1-d0.01-p2,100,Newton-SIN,1e-7*n,9.999999999999999e-6,3,7,0.0110327,0.0100817,91.3801698586928,0.0,3.8e-6,0.0,0.0008098,0.0,0.0,0.00013739999999999879,0.23286753033555663,2.0428397943323766e-11,-9.809402489280866e-15,3.171463092144222e-12,3.171463092144222e-12,6.172249796335279e-12,3.171463092144222e-12,NaN,converged,14,14,0,0,0,0,3,1.963055150016077e-14,1.12.6,lbt,1,1,Intel(R) Core(TM) 7 150U,NT,2abc7cc
degen-r5-m1-d0.01-p2,100,AGD-SDAJ-BH,1e-7*n,1.0e-11,10,78,0.1102997,0.1091661,98.97225468428292,0.0,4.15e-5,0.0,0.0,0.0,0.0,0.0010920999999999984,0.23286753032109817,2.0915960599465246e-11,-8.030146680712776e-15,1.4824808047819715e-12,1.4824808047819715e-12,5.355901886303726e-12,1.4824808047819715e-12,NaN,diag_feasible_at_xpre,0,0,21,21,0,0,10,1.963055150016077e-14,1.12.6,lbt,1,1,Intel(R) Core(TM) 7 150U,NT,2abc7cc
degen-r5-m1-d0.01-p2,100,AGD-SDAJ,1e-7*n,1.0e-11,10,89,0.1288967,0.12752,98.93193541805181,0.0,5.61e-5,0.0,0.0,0.0,0.0,0.0013206000000000086,0.23286753032275243,1.8773499579489376e-11,-9.467613589090619e-15,1.2930767567809198e-12,1.2930767567809198e-12,4.814533247253136e-12,1.2930767567809198e-12,NaN,diag_feasible_at_xpre,0,0,32,20,12,0,10,1.963055150016077e-14,1.12.6,lbt,1,1,Intel(R) Core(TM) 7 150U,NT,2abc7cc
degen-r5-m1-d0.01-p2,100,Dykstra-APM,1e-7*n,9.999999999999999e-6,437,437,0.7525287,0.6467009,85.93704133809115,0.0,0.0,0.0,0.0,0.0824562,0.0,0.023371600000000034,0.23286753029781215,4.399717022369236e-11,-7.879603189215529e-15,1.4286349880876514e-12,1.4286349880876514e-12,9.781559378944506e-12,1.4286349880876514e-12,NaN,diag_feasible,0,0,0,0,0,0,437,1.963055150016077e-14,1.12.6,lbt,1,1,Intel(R) Core(TM) 7 150U,NT,2abc7cc
degen-r5-m1-d0.01-p2,100,Anderson-APM,1e-7*n,9.999999999999999e-6,115,115,0.1944468,0.1588619,81.69941598421778,0.0,0.0,0.0,0.0,0.0,0.0283762,0.007208700000000002,0.23286753030941454,3.872932701921407e-11,-9.768384232718703e-15,3.0655478155949822e-12,3.0655478155949822e-12,9.458338627796111e-12,3.0655478155949822e-12,NaN,diag_feasible,0,0,0,0,0,0,115,1.963055150016077e-14,1.12.6,lbt,1,1,Intel(R) Core(TM) 7 150U,NT,2abc7cc
degen-r5-m1-d0.01-p3,100,SBB-Dual,1e-7*n,1.0e-11,217,218,0.3575175,0.3519009,98.42899997902202,0.0002869,0.0001747,0.0002715,0.0,0.0,0.0,0.004883499999999972,0.23275431175643665,1.1215767709043479e-11,-1.0203779648077994e-14,1.5167866962428889e-12,0.0,9.620446418891791e-12,1.5167866962428889e-12,100.0,diag_feasible,0,0,0,0,0,0,217,1.2581330256107803e-14,1.12.6,lbt,1,1,Intel(R) Core(TM) 7 150U,NT,2abc7cc
degen-r5-m1-d0.01-p3,100,Newton-SIN-BH,1e-7*n,9.999999999999999e-6,3,4,0.0096081,0.0077342,80.49666427285311,0.0,5.8e-6,0.0,0.001589,0.0,0.0,0.0002790999999999996,0.23275431175631045,8.681382115245439e-13,-1.2198751611604527e-14,1.858513343222512e-13,1.858513343222512e-13,2.8366117891090327e-13,1.858513343222512e-13,NaN,converged,18,18,0,0,0,0,3,1.2581330256107803e-14,1.12.6,lbt,1,1,Intel(R) Core(TM) 7 150U,NT,2abc7cc
degen-r5-m1-d0.01-p3,100,Newton-SIN,1e-7*n,9.999999999999999e-6,3,7,0.0198099,0.017082299999999998,86.23112686081203,0.0,9.4e-6,0.0,0.0024128,0.0,0.0,0.00030539999999999994,0.23275431175631045,8.681382115245439e-13,-1.2198751611604527e-14,1.858513343222512e-13,1.858513343222512e-13,2.8366117891090327e-13,1.858513343222512e-13,NaN,converged,18,18,0,0,0,0,3,1.2581330256107803e-14,1.12.6,lbt,1,1,Intel(R) Core(TM) 7 150U,NT,2abc7cc
degen-r5-m1-d0.01-p3,100,AGD-SDAJ-BH,1e-7*n,1.0e-11,9,74,0.1149782,0.1136139,98.81342724099002,0.0,5.13e-5,0.0,0.0,0.0,0.0,0.0013129999999999988,0.23275431174415626,1.7408508074341997e-11,-8.741460045126952e-15,2.4603652448718094e-12,2.4603652448718094e-12,4.7587879776230275e-12,2.4603652448718094e-12,NaN,diag_feasible,0,0,19,19,0,0,9,1.2581330256107803e-14,1.12.6,lbt,1,1,Intel(R) Core(TM) 7 150U,NT,2abc7cc
degen-r5-m1-d0.01-p3,100,AGD-SDAJ,1e-7*n,1.0e-11,9,83,0.136797,0.13518100000000002,98.81868754431751,0.0,6.26e-5,0.0,0.0,0.0,0.0,0.0015533999999999787,0.2327543117442295,1.7306649942068714e-11,-1.1019564514521635e-14,2.4371615836571436e-12,2.4371615836571436e-12,4.7300190409690965e-12,2.4371615836571436e-12,NaN,diag_feasible,0,0,28,19,9,0,9,1.2581330256107803e-14,1.12.6,lbt,1,1,Intel(R) Core(TM) 7 150U,NT,2abc7cc
degen-r5-m1-d0.01-p3,100,Dykstra-APM,1e-7*n,9.999999999999999e-6,443,443,0.7419103,0.6388838,86.11334820395403,0.0,0.0,0.0,0.0,0.082993,0.0,0.020033500000000024,0.2327543117180008,4.391759312105929e-11,-1.0064706160100555e-14,1.5292211941186906e-12,1.5292211941186906e-12,9.696811726702399e-12,1.5292211941186906e-12,NaN,diag_feasible,0,0,0,0,0,0,443,1.2581330256107803e-14,1.12.6,lbt,1,1,Intel(R) Core(TM) 7 150U,NT,2abc7cc
degen-r5-m1-d0.01-p3,100,Anderson-APM,1e-7*n,9.999999999999999e-6,70,70,0.1093036,0.0921946,84.3472676105819,0.0,0.0,0.0,0.0,0.0,0.0150896,0.0020193999999999993,0.23275431172591474,3.5735666741264105e-11,-1.0482110876737388e-14,1.680433570072637e-12,1.680433570072637e-12,8.193003544586342e-12,1.680433570072637e-12,NaN,diag_feasible,0,0,0,0,0,0,70,1.2581330256107803e-14,1.12.6,lbt,1,1,Intel(R) Core(TM) 7 150U,NT,2abc7cc
degen-r5-m1-d0.01-p4,100,SBB-Dual,1e-7*n,1.0e-11,215,216,0.3073981,0.30300580000000005,98.5711362562098,0.0002629,0.0001521,0.0001443,0.0,0.0,0.0,0.0038329999999999606,0.2323229463344378,6.813655034981616e-12,-9.526216972880235e-15,1.1894929485833927e-12,0.0,9.022293848565731e-12,1.1894929485833927e-12,100.0,diag_feasible,0,0,0,0,0,0,215,2.651551021153896e-14,1.12.6,lbt,1,1,Intel(R) Core(TM) 7 150U,NT,2abc7cc
degen-r5-m1-d0.01-p4,100,Newton-SIN-BH,1e-7*n,9.999999999999999e-6,3,4,0.0071277,0.0059427,83.37472115829792,0.0,3.8e-6,0.0,0.0009815,0.0,0.0,0.0001996999999999995,0.23232294633366044,5.457714448881115e-12,-1.1950133390839531e-14,1.4062084829902233e-12,1.4062084829902233e-12,1.795928027132797e-12,1.4062084829902233e-12,NaN,converged,16,16,0,0,0,0,3,2.651551021153896e-14,1.12.6,lbt,1,1,Intel(R) Core(TM) 7 150U,NT,2abc7cc
degen-r5-m1-d0.01-p4,100,Newton-SIN,1e-7*n,9.999999999999999e-6,3,7,0.0124109,0.0111798,90.08049375951784,0.0,4.5e-6,0.0,0.0010576,0.0,0.0,0.00016900000000000075,0.23232294633366044,5.457714448881115e-12,-1.1950133390839531e-14,1.4062084829902233e-12,1.4062084829902233e-12,1.795928027132797e-12,1.4062084829902233e-12,NaN,converged,16,16,0,0,0,0,3,2.651551021153896e-14,1.12.6,lbt,1,1,Intel(R) Core(TM) 7 150U,NT,2abc7cc
degen-r5-m1-d0.01-p4,100,AGD-SDAJ-BH,1e-7*n,1.0e-11,11,97,0.1465311,0.14492860000000002,98.90637550663308,0.0,5.97e-5,0.0,0.0,0.0,0.0,0.001542799999999979,0.23232294630942724,3.488419966177219e-11,-8.345383766785231e-15,7.196465645620265e-12,7.196465645620265e-12,9.64688138970161e-12,7.196465645620265e-12,NaN,diag_feasible,0,0,32,32,0,0,11,2.651551021153896e-14,1.12.6,lbt,1,1,Intel(R) Core(TM) 7 150U,NT,2abc7cc
degen-r5-m1-d0.01-p4,100,AGD-SDAJ,1e-7*n,1.0e-11,10,93,0.1387826,0.1372273,98.87932637088511,0.0,6.09e-5,0.0,0.0,0.0,0.0,0.0014944000000000094,0.23232294631527167,2.7586529664420524e-11,-7.965399991636258e-15,5.952571768830239e-12,5.952571768830239e-12,7.769359587244833e-12,5.952571768830239e-12,NaN,diag_feasible_at_xpre,0,0,36,28,8,0,10,2.651551021153896e-14,1.12.6,lbt,1,1,Intel(R) Core(TM) 7 150U,NT,2abc7cc
degen-r5-m1-d0.01-p4,100,Dykstra-APM,1e-7*n,9.999999999999999e-6,438,438,0.7378477,0.628696,85.2067438849508,0.0,0.0,0.0,0.0,0.0690505,0.0,0.04010119999999996,0.23232294629584327,4.321091851628581e-11,-8.075220956134463e-15,1.2663203818874536e-12,1.2663203818874536e-12,9.603572243377965e-12,1.2663203818874536e-12,NaN,diag_feasible,0,0,0,0,0,0,438,2.651551021153896e-14,1.12.6,lbt,1,1,Intel(R) Core(TM) 7 150U,NT,2abc7cc
degen-r5-m1-d0.01-p4,100,Anderson-APM,1e-7*n,9.999999999999999e-6,89,89,0.1303712,0.1100801,84.43590302152623,0.0,0.0,0.0,0.0,0.0,0.0178768,0.0024142999999999908,0.23232294631124983,3.065522392411323e-11,-1.1590274961454e-14,2.6397772856512347e-12,2.6397772856512347e-12,7.857771803380865e-12,2.6397772856512347e-12,NaN,diag_feasible,0,0,0,0,0,0,89,2.651551021153896e-14,1.12.6,lbt,1,1,Intel(R) Core(TM) 7 150U,NT,2abc7cc
degen-r5-m1-d0.0001-p0,100,SBB-Dual,1e-7*n,1.0e-11,215,216,0.2907584,0.2866729,98.59488152362925,0.0002355,0.0001353,0.0001318,0.0,0.0,0.0,0.003582899999999964,0.2306635842138956,9.076575135374635e-12,-1.093612390382352e-14,1.3851142455223453e-12,0.0,9.810758701819222e-12,1.3851142455223453e-12,100.0,diag_feasible,0,0,0,0,0,0,215,2.3142491760543995e-14,1.12.6,lbt,1,1,Intel(R) Core(TM) 7 150U,NT,2abc7cc
degen-r5-m1-d0.0001-p0,100,Newton-SIN-BH,1e-7*n,9.999999999999999e-6,4,5,0.0092827,0.007006,75.47373070335139,0.0,5.3e-6,0.0,0.0020367,0.0,0.0,0.00023469999999999958,0.23066358421388322,0.0,-9.273104402996555e-15,7.327471962526033e-15,7.327471962526033e-15,2.3142491760543995e-14,7.327471962526033e-15,NaN,converged,28,28,0,0,0,0,4,2.3142491760543995e-14,1.12.6,lbt,1,1,Intel(R) Core(TM) 7 150U,NT,2abc7cc
degen-r5-m1-d0.0001-p0,100,Newton-SIN,1e-7*n,9.999999999999999e-6,9,60,0.087361,0.0804194,92.05412025961242,0.0,3.12e-5,0.0,0.0060398,0.0,0.0,0.0008705999999999922,0.23066358421392097,3.762308561214796e-13,-1.0425482569436282e-14,8.326672684688674e-15,8.326672684688674e-15,2.944729230527916e-14,8.326672684688674e-15,NaN,converged,98,98,41,0,0,0,9,2.3142491760543995e-14,1.12.6,lbt,1,1,Intel(R) Core(TM) 7 150U,NT,2abc7cc
degen-r5-m1-d0.0001-p0,100,AGD-SDAJ-BH,1e-7*n,1.0e-11,12,100,0.149189,0.14752359999999998,98.88369785976177,0.0,6.47e-5,0.0,0.0,0.0,0.0,0.0016007000000000113,0.23066358419525435,2.713245080899123e-11,-9.019970433239684e-15,5.307754236127948e-12,5.307754236127948e-12,7.71989756133064e-12,5.307754236127948e-12,NaN,diag_feasible,0,0,29,29,0,0,12,2.3142491760543995e-14,1.12.6,lbt,1,1,Intel(R) Core(TM) 7 150U,NT,2abc7cc
degen-r5-m1-d0.0001-p0,100,AGD-SDAJ,1e-7*n,1.0e-11,12,99,0.1443698,0.1427704,98.89215057442762,0.0,6.13e-5,0.0,0.0,0.0,0.0,0.0015381000000000008,0.23066358419534028,2.7046699168657226e-11,-9.903409869816617e-15,5.304645611658998e-12,5.304645611658998e-12,7.701889975465447e-12,5.304645611658998e-12,NaN,diag_feasible_at_xpre,0,0,30,29,1,0,12,2.3142491760543995e-14,1.12.6,lbt,1,1,Intel(R) Core(TM) 7 150U,NT,2abc7cc
degen-r5-m1-d0.0001-p0,100,Dykstra-APM,1e-7*n,9.999999999999999e-6,439,439,0.8470341,0.7542741,89.04884702988934,0.0,0.0,0.0,0.0,0.0516975,0.0,0.041062500000000064,0.23066358417413368,4.4656545497323654e-11,-9.112116928263e-15,1.396882609583372e-12,1.396882609583372e-12,9.898125146687405e-12,1.396882609583372e-12,NaN,diag_feasible,0,0,0,0,0,0,439,2.3142491760543995e-14,1.12.6,lbt,1,1,Intel(R) Core(TM) 7 150U,NT,2abc7cc
degen-r5-m1-d0.0001-p0,100,Anderson-APM,1e-7*n,9.999999999999999e-6,62,62,0.140051,0.1161715,82.9494255664008,0.0,0.0,0.0,0.0,0.0,0.0201836,0.0036959000000000124,0.23066358419424987,2.2679138544627696e-11,-9.534851203914264e-15,1.2394529846915248e-12,1.2394529846915248e-12,5.3893582711719485e-12,1.2394529846915248e-12,NaN,diag_feasible,0,0,0,0,0,0,62,2.3142491760543995e-14,1.12.6,lbt,1,1,Intel(R) Core(TM) 7 150U,NT,2abc7cc
degen-r5-m1-d0.0001-p1,100,SBB-Dual,1e-7*n,1.0e-11,215,216,0.3592448,0.34782179999999996,96.8202740860828,0.0004252,0.0002079,0.0001592,0.0,0.0,0.0,0.010630700000000015,0.22536115986953328,8.647238228098938e-12,-1.0401872820282618e-14,1.3635759188446173e-12,0.0,9.76629639629493e-12,1.3635759188446173e-12,100.0,diag_feasible,0,0,0,0,0,0,215,2.099642794625088e-14,1.12.6,lbt,1,1,Intel(R) Core(TM) 7 150U,NT,2abc7cc
degen-r5-m1-d0.0001-p1,100,Newton-SIN-BH,1e-7*n,9.999999999999999e-6,4,5,0.0088836,0.0067278,75.73281102255842,0.0,4.3e-6,0.0,0.001913,0.0,0.0,0.00023850000000000021,0.2253611598694753,0.0,-7.951921748777926e-15,5.10702591327572e-15,5.10702591327572e-15,2.099642794625088e-14,5.10702591327572e-15,NaN,converged,29,29,0,0,0,0,4,2.099642794625088e-14,1.12.6,lbt,1,1,Intel(R) Core(TM) 7 150U,NT,2abc7cc
degen-r5-m1-d0.0001-p1,100,Newton-SIN,1e-7*n,9.999999999999999e-6,12,84,0.1389543,0.1284977,92.4747920719258,0.0,5.45e-5,0.0,0.0090783,0.0,0.0,0.0013238000000000104,0.22536115986992708,2.4285857325335053e-11,-1.1367724601470622e-14,4.586553359331447e-12,4.586553359331447e-12,7.730278415412255e-12,4.586553359331447e-12,NaN,converged,139,139,59,0,0,0,12,2.099642794625088e-14,1.12.6,lbt,1,1,Intel(R) Core(TM) 7 150U,NT,2abc7cc
degen-r5-m1-d0.0001-p1,100,AGD-SDAJ-BH,1e-7*n,1.0e-11,10,76,0.109819,0.1085243,98.82106010799589,0.0,4.88e-5,0.0,0.0,0.0,0.0,0.0012458999999999958,0.22536115989001726,2.4384842108173172e-11,-7.700258367770164e-15,3.445688179226636e-12,3.445688179226636e-12,6.091607600449e-12,3.445688179226636e-12,NaN,diag_feasible,0,0,17,17,0,0,10,2.099642794625088e-14,1.12.6,lbt,1,1,Intel(R) Core(TM) 7 150U,NT,2abc7cc
degen-r5-m1-d0.0001-p1,100,AGD-SDAJ,1e-7*n,1.0e-11,9,85,0.1330858,0.1315379,98.83691573406028,0.0,5.61e-5,0.0,0.0,0.0,0.0,0.001491799999999991,0.2253611598832869,1.978954498032075e-11,-1.1259655021827484e-14,4.293343458527943e-12,4.293343458527943e-12,5.740076925416875e-12,4.293343458527943e-12,NaN,diag_feasible,0,0,32,15,17,0,9,2.099642794625088e-14,1.12.6,lbt,1,1,Intel(R) Core(TM) 7 150U,NT,2abc7cc
degen-r5-m1-d0.0001-p1,100,Dykstra-APM,1e-7*n,9.999999999999999e-6,439,439,0.7423594,0.6424785,86.54547918434118,0.0,0.0,0.0,0.0,0.0512547,0.0,0.04862620000000005,0.22536115982877028,4.429733004455815e-11,-1.0174897364404909e-14,1.3782308627696693e-12,1.3782308627696693e-12,9.854304118423826e-12,1.3782308627696693e-12,NaN,diag_feasible,0,0,0,0,0,0,439,2.099642794625088e-14,1.12.6,lbt,1,1,Intel(R) Core(TM) 7 150U,NT,2abc7cc
degen-r5-m1-d0.0001-p1,100,Anderson-APM,1e-7*n,9.999999999999999e-6,121,121,0.1927795,0.1611987,83.61817516904027,0.0,0.0,0.0,0.0,0.0,0.0272952,0.004285599999999994,0.22536115989113764,3.3131901777007176e-11,-8.965766022312354e-15,2.8177460364986473e-12,2.8177460364986473e-12,8.923607321939348e-12,2.8177460364986473e-12,NaN,diag_feasible,0,0,0,0,0,0,121,2.099642794625088e-14,1.12.6,lbt,1,1,Intel(R) Core(TM) 7 150U,NT,2abc7cc
degen-r5-m1-d0.0001-p2,100,SBB-Dual,1e-7*n,1.0e-11,210,211,0.2770287,0.27324400000000004,98.63382386012714,0.000227,0.0001328,0.0001746,0.0,0.0,0.0,0.003250299999999974,0.2364397153531966,7.866101597786765e-12,-8.788662883641613e-15,1.3713474800169934e-12,0.0,9.38747725208026e-12,1.3713474800169934e-12,100.0,diag_feasible,0,0,0,0,0,0,210,1.5761648244596702e-14,1.12.6,lbt,1,1,Intel(R) Core(TM) 7 150U,NT,2abc7cc
degen-r5-m1-d0.0001-p2,100,Newton-SIN-BH,1e-7*n,9.999999999999999e-6,3,4,0.0122719,0.0100892,82.21383811797683,0.0,8.3e-6,0.0,0.0017795,0.0,0.0,0.00039490000000000076,0.23643971535315458,1.085953721471676e-12,-1.0340467634940946e-14,3.4150460237469815e-13,3.4150460237469815e-13,3.518210580685838e-13,3.4150460237469815e-13,NaN,converged,17,17,0,0,0,0,3,1.5761648244596702e-14,1.12.6,lbt,1,1,Intel(R) Core(TM) 7 150U,NT,2abc7cc
degen-r5-m1-d0.0001-p2,100,Newton-SIN,1e-7*n,9.999999999999999e-6,3,7,0.0153345,0.0137173,89.45384590302912,0.0,6.2e-6,0.0,0.0014023,0.0,0.0,0.00020869999999999916,0.23643971535315458,1.085953721471676e-12,-1.0340467634940946e-14,3.4150460237469815e-13,3.4150460237469815e-13,3.518210580685838e-13,3.4150460237469815e-13,NaN,converged,17,17,0,0,0,0,3,1.5761648244596702e-14,1.12.6,lbt,1,1,Intel(R) Core(TM) 7 150U,NT,2abc7cc
degen-r5-m1-d0.0001-p2,100,AGD-SDAJ-BH,1e-7*n,1.0e-11,11,95,0.1468591,0.1452578,98.90963515369494,0.0,6.47e-5,0.0,0.0,0.0,0.0,0.0015366,0.23643971533748387,2.6415444090246895e-11,-8.344308087495065e-15,3.9890313274781874e-12,3.9890313274781874e-12,7.713958295496976e-12,3.9890313274781874e-12,NaN,diag_feasible,0,0,30,30,0,0,11,1.5761648244596702e-14,1.12.6,lbt,1,1,Intel(R) Core(TM) 7 150U,NT,2abc7cc
degen-r5-m1-d0.0001-p2,100,AGD-SDAJ,1e-7*n,1.0e-11,13,129,0.1885053,0.1865086,98.940772487564,0.0,7.48e-5,0.0,0.0,0.0,0.0,0.00192189999999999,0.236439715340321,1.9894362961771974e-11,-9.151697795669862e-15,3.644418100634539e-12,3.644418100634539e-12,5.632850761430781e-12,3.644418100634539e-12,NaN,diag_feasible_at_xpre,0,0,56,34,22,0,13,1.5761648244596702e-14,1.12.6,lbt,1,1,Intel(R) Core(TM) 7 150U,NT,2abc7cc
degen-r5-m1-d0.0001-p2,100,Dykstra-APM,1e-7*n,9.999999999999999e-6,429,429,0.8827382,0.7564914,85.69827384835051,0.0,0.0,0.0,0.0,0.0771367,0.0,0.04911009999999999,0.23643971531570174,4.279072947652895e-11,-1.111974907890026e-14,1.3911094498553211e-12,1.3911094498553211e-12,9.515043518324387e-12,1.3911094498553211e-12,NaN,diag_feasible,0,0,0,0,0,0,429,1.5761648244596702e-14,1.12.6,lbt,1,1,Intel(R) Core(TM) 7 150U,NT,2abc7cc
degen-r5-m1-d0.0001-p2,100,Anderson-APM,1e-7*n,9.999999999999999e-6,76,76,0.1285726,0.1061566,82.56549218107124,0.0,0.0,0.0,0.0,0.0,0.0192709,0.003145100000000005,0.23643971538069988,3.747453906456413e-11,-9.866339027553401e-15,3.389732938785528e-12,3.389732938785528e-12,9.608551438343998e-12,3.389732938785528e-12,NaN,diag_feasible,0,0,0,0,0,0,76,1.5761648244596702e-14,1.12.6,lbt,1,1,Intel(R) Core(TM) 7 150U,NT,2abc7cc
degen-r5-m1-d0.0001-p3,100,SBB-Dual,1e-7*n,1.0e-11,213,214,0.3274602,0.3231376,98.67996171748507,0.0002567,0.0001499,0.0001417,0.0,0.0,0.0,0.0037742999999999544,0.23630087067228894,1.111893740881868e-11,-1.4725515058942466e-14,1.5076828674409626e-12,0.0,9.569262489907025e-12,1.5076828674409626e-12,100.0,diag_feasible,0,0,0,0,0,0,213,2.1388151939021714e-14,1.12.6,lbt,1,1,Intel(R) Core(TM) 7 150U,NT,2abc7cc
degen-r5-m1-d0.0001-p3,100,Newton-SIN-BH,1e-7*n,9.999999999999999e-6,3,4,0.0083075,0.0067079999999999996,80.74631357207342,0.0,5.5e-6,0.0,0.0013425,0.0,0.0,0.00025150000000000107,0.23630087067222608,1.103029349906925e-12,-1.0790781978377279e-14,2.1471713296250527e-13,2.1471713296250527e-13,3.452330566126672e-13,2.1471713296250527e-13,NaN,converged,18,18,0,0,0,0,3,2.1388151939021714e-14,1.12.6,lbt,1,1,Intel(R) Core(TM) 7 150U,NT,2abc7cc
degen-r5-m1-d0.0001-p3,100,Newton-SIN,1e-7*n,9.999999999999999e-6,3,7,0.0120772,0.0106067,87.82416454145,0.0,4.9e-6,0.0,0.0012959,0.0,0.0,0.00016969999999999963,0.23630087067222608,1.103029349906925e-12,-1.0790781978377279e-14,2.1471713296250527e-13,2.1471713296250527e-13,3.452330566126672e-13,2.1471713296250527e-13,NaN,converged,18,18,0,0,0,0,3,2.1388151939021714e-14,1.12.6,lbt,1,1,Intel(R) Core(TM) 7 150U,NT,2abc7cc
degen-r5-m1-d0.0001-p3,100,AGD-SDAJ-BH,1e-7*n,1.0e-11,11,97,0.1381159,0.1365573,98.87152746352879,0.0,5.57e-5,0.0,0.0,0.0,0.0,0.001502900000000021,0.23630087066113617,2.5061803665076557e-11,-9.712972690054163e-15,3.2169822361538536e-12,3.2169822361538536e-12,7.579252484744543e-12,3.2169822361538536e-12,NaN,diag_feasible_at_xpre,0,0,32,32,0,0,11,2.1388151939021714e-14,1.12.6,lbt,1,1,Intel(R) Core(TM) 7 150U,NT,2abc7cc
degen-r5-m1-d0.0001-p3,100,AGD-SDAJ,1e-7*n,1.0e-11,11,110,0.1632489,0.16152729999999998,98.94541402729206,0.0,6.84e-5,0.0,0.0,0.0,0.0,0.0016532000000000176,0.23630087066141517,1.389537573736032e-11,-1.1799837476586045e-14,1.574962382733247e-12,1.574962382733247e-12,3.444389387392648e-12,1.574962382733247e-12,NaN,diag_feasible,0,0,43,30,13,0,11,2.1388151939021714e-14,1.12.6,lbt,1,1,Intel(R) Core(TM) 7 150U,NT,2abc7cc
degen-r5-m1-d0.0001-p3,100,Dykstra-APM,1e-7*n,9.999999999999999e-6,435,435,0.7474657,0.6278382,83.99558668712156,0.0,0.0,0.0,0.0,0.0728449,0.0,0.046782599999999994,0.23630087063466798,4.367321669559532e-11,-9.638666869463899e-15,1.5203394099216894e-12,1.5203394099216894e-12,9.647112259566601e-12,1.5203394099216894e-12,NaN,diag_feasible,0,0,0,0,0,0,435,2.1388151939021714e-14,1.12.6,lbt,1,1,Intel(R) Core(TM) 7 150U,NT,2abc7cc
degen-r5-m1-d0.0001-p3,100,Anderson-APM,1e-7*n,9.999999999999999e-6,147,147,0.2304934,0.1939721,84.15516452965683,0.0,0.0,0.0,0.0,0.0,0.032604,0.003917299999999978,0.23630087070277078,3.9729768005513246e-11,-9.405602716221769e-15,2.496003403962277e-12,2.496003403962277e-12,9.776719154181893e-12,2.496003403962277e-12,NaN,diag_feasible,0,0,0,0,0,0,147,2.1388151939021714e-14,1.12.6,lbt,1,1,Intel(R) Core(TM) 7 150U,NT,2abc7cc
degen-r5-m1-d0.0001-p4,100,SBB-Dual,1e-7*n,1.0e-11,211,212,0.2808365,0.2767178,98.53341713060803,0.0002243,0.0001352,0.0001492,0.0,0.0,0.0,0.003609999999999975,0.23578131605874914,7.347566054416094e-12,-8.834355066679764e-15,1.283861905676531e-12,0.0,9.739355381219418e-12,1.283861905676531e-12,100.0,diag_feasible,0,0,0,0,0,0,211,3.28599758965911e-14,1.12.6,lbt,1,1,Intel(R) Core(TM) 7 150U,NT,2abc7cc
degen-r5-m1-d0.0001-p4,100,Newton-SIN-BH,1e-7*n,9.999999999999999e-6,3,4,0.010853,0.008028,73.97033078411499,0.0,6.1e-6,0.0,0.0025196,0.0,0.0,0.0002992999999999993,0.23578131605782168,2.1749586685320533e-11,-7.216434566196297e-15,2.2870594307278225e-12,2.2870594307278225e-12,6.604791568025969e-12,2.2870594307278225e-12,NaN,converged,15,15,0,0,0,0,3,3.28599758965911e-14,1.12.6,lbt,1,1,Intel(R) Core(TM) 7 150U,NT,2abc7cc
degen-r5-m1-d0.0001-p4,100,Newton-SIN,1e-7*n,9.999999999999999e-6,3,7,0.0159753,0.0133982,83.86822156704412,0.0,5.5e-6,0.0,0.002313,0.0,0.0,0.00025860000000000076,0.23578131605782168,2.1749586685320533e-11,-7.216434566196297e-15,2.2870594307278225e-12,2.2870594307278225e-12,6.604791568025969e-12,2.2870594307278225e-12,NaN,converged,15,15,0,0,0,0,3,3.28599758965911e-14,1.12.6,lbt,1,1,Intel(R) Core(TM) 7 150U,NT,2abc7cc
degen-r5-m1-d0.0001-p4,100,AGD-SDAJ-BH,1e-7*n,1.0e-11,12,93,0.1374845,0.1359042,98.85056133600514,0.0,6.0e-5,0.0,0.0,0.0,0.0,0.0015203000000000068,0.23578131604581123,2.7584358211471155e-11,-9.965600459658582e-15,4.481526261201907e-12,4.481526261201907e-12,8.391069780881604e-12,4.481526261201907e-12,NaN,diag_feasible_at_xpre,0,0,22,22,0,0,12,3.28599758965911e-14,1.12.6,lbt,1,1,Intel(R) Core(TM) 7 150U,NT,2abc7cc
degen-r5-m1-d0.0001-p4,100,AGD-SDAJ,1e-7*n,1.0e-11,11,92,0.1460971,0.1441672,98.679029220977,0.0,6.28e-5,0.0,0.0,0.0,0.0,0.0018671000000000122,0.23578131605307814,8.606677306097298e-12,-8.518311031664395e-15,7.329692408575283e-13,7.329692408575283e-13,2.362871132232935e-12,7.329692408575283e-13,NaN,diag_feasible,0,0,25,19,6,0,11,3.28599758965911e-14,1.12.6,lbt,1,1,Intel(R) Core(TM) 7 150U,NT,2abc7cc
degen-r5-m1-d0.0001-p4,100,Dykstra-APM,1e-7*n,9.999999999999999e-6,431,431,0.699468,0.6049987,86.49412124643301,0.0,0.0,0.0,0.0,0.0613341,0.0,0.033135199999999976,0.23578131601979152,4.4343991523523794e-11,-8.352726367228158e-15,1.2994050280212832e-12,1.2994050280212832e-12,9.848660552826745e-12,1.2994050280212832e-12,NaN,diag_feasible,0,0,0,0,0,0,431,3.28599758965911e-14,1.12.6,lbt,1,1,Intel(R) Core(TM) 7 150U,NT,2abc7cc
degen-r5-m1-d0.0001-p4,100,Anderson-APM,1e-7*n,9.999999999999999e-6,124,124,0.1907378,0.158645,83.17438913524221,0.0,0.0,0.0,0.0,0.0,0.0286477,0.003445100000000003,0.23578131602969196,3.844458863421256e-11,-9.359450360246789e-15,2.036815160977312e-12,2.036815160977312e-12,9.760875980821456e-12,2.036815160977312e-12,NaN,diag_feasible,0,0,0,0,0,0,124,3.28599758965911e-14,1.12.6,lbt,1,1,Intel(R) Core(TM) 7 150U,NT,2abc7cc
degen-r5-m1-d1e-06-p0,100,SBB-Dual,1e-7*n,1.0e-11,214,215,0.3186426,0.3143556,98.65460550472537,0.0002659,0.0001501,0.0001501,0.0,0.0,0.0,0.0037208999999999853,0.23069039500003732,8.91609452168401e-12,-1.2616922573116454e-14,1.361133428190442e-12,0.0,9.641416788313897e-12,1.361133428190442e-12,100.0,diag_feasible,0,0,0,0,0,0,214,2.275415563824572e-14,1.12.6,lbt,1,1,Intel(R) Core(TM) 7 150U,NT,2abc7cc
degen-r5-m1-d1e-06-p0,100,Newton-SIN-BH,1e-7*n,9.999999999999999e-6,4,5,0.0142294,0.0114152,80.2226376375673,0.0,9.2e-6,0.0,0.0024559,0.0,0.0,0.0003490999999999993,0.23069039500000918,0.0,-1.0799166770126002e-14,1.4654943925052066e-14,1.4654943925052066e-14,2.275415563824572e-14,1.4654943925052066e-14,NaN,converged,23,23,0,0,0,0,4,2.275415563824572e-14,1.12.6,lbt,1,1,Intel(R) Core(TM) 7 150U,NT,2abc7cc
degen-r5-m1-d1e-06-p0,100,Newton-SIN,1e-7*n,9.999999999999999e-6,100,3799,5.0877573,4.9178083,96.65964805357362,0.0,0.0022643,0.0,0.0720336,0.0,0.0,0.0956510999999999,0.2306903671096656,2.1064011126424484e-7,-9.42693354207906e-15,6.509976824276009e-8,6.509976824276009e-8,6.566201992847272e-8,6.509976824276009e-8,NaN,max_iter,887,887,3598,0,0,0,100,2.275415563824572e-14,1.12.6,lbt,1,1,Intel(R) Core(TM) 7 150U,NT,2abc7cc
degen-r5-m1-d1e-06-p0,100,AGD-SDAJ-BH,1e-7*n,1.0e-11,12,112,0.173538,0.1703424,98.15855893233758,0.0,7.49e-5,0.0,0.0,0.0,0.0,0.0031206999999999928,0.2306903949820847,2.1624173723833404e-11,-9.79593433702505e-15,2.2601920335318937e-12,2.2601920335318937e-12,5.230435438429902e-12,2.2601920335318937e-12,NaN,diag_feasible,0,0,39,39,0,0,12,2.275415563824572e-14,1.12.6,lbt,1,1,Intel(R) Core(TM) 7 150U,NT,2abc7cc
degen-r5-m1-d1e-06-p0,100,AGD-SDAJ,1e-7*n,1.0e-11,11,107,0.1531694,0.15132110000000001,98.79329683344062,0.0,7.38e-5,0.0,0.0,0.0,0.0,0.0017744999999999972,0.23069039499496663,2.064961146139757e-11,-8.685127048077428e-15,2.73003841755326e-12,2.73003841755326e-12,6.593710981835712e-12,2.73003841755326e-12,NaN,diag_feasible_at_xpre,0,0,42,33,9,0,11,2.275415563824572e-14,1.12.6,lbt,1,1,Intel(R) Core(TM) 7 150U,NT,2abc7cc
degen-r5-m1-d1e-06-p0,100,Dykstra-APM,1e-7*n,9.999999999999999e-6,437,437,0.7169265,0.6294381,87.79674067006869,0.0,0.0,0.0,0.0,0.0502317,0.0,0.037256700000000025,0.23069039496090976,4.39272446045491e-11,-8.866964135026052e-15,1.3746781490908688e-12,1.3746781490908688e-12,9.741563351099982e-12,1.3746781490908688e-12,NaN,diag_feasible,0,0,0,0,0,0,437,2.275415563824572e-14,1.12.6,lbt,1,1,Intel(R) Core(TM) 7 150U,NT,2abc7cc
degen-r5-m1-d1e-06-p0,100,Anderson-APM,1e-7*n,9.999999999999999e-6,50,50,0.0756301,0.0638991,84.48897991672628,0.0,0.0,0.0,0.0,0.0,0.0101906,0.001540400000000006,0.23069039497673646,2.7553625865637658e-11,-1.3554977652022166e-14,2.3846480345923737e-12,2.3846480345923737e-12,6.697329810809942e-12,2.3846480345923737e-12,NaN,diag_feasible,0,0,0,0,0,0,50,2.275415563824572e-14,1.12.6,lbt,1,1,Intel(R) Core(TM) 7 150U,NT,2abc7cc
degen-r5-m1-d1e-06-p1,100,SBB-Dual,1e-7*n,1.0e-11,215,216,0.3300302,0.3204784,97.10578001649546,0.0002515,0.0001745,0.0001453,0.0,0.0,0.0,0.0089805,0.22537795023764035,8.005052878505496e-12,-9.841509978925046e-15,1.2712053631958042e-12,0.0,9.095443669052565e-12,1.2712053631958042e-12,100.0,diag_feasible,0,0,0,0,0,0,215,1.6842123535503894e-14,1.12.6,lbt,1,1,Intel(R) Core(TM) 7 150U,NT,2abc7cc
degen-r5-m1-d1e-06-p1,100,Newton-SIN-BH,1e-7*n,9.999999999999999e-6,4,5,0.0110577,0.008005,72.39299311791783,0.0,7.0e-6,0.0,0.0020984,0.0,0.0,0.0009473000000000003,0.2253779502376934,0.0,-7.421143918472053e-15,6.217248937900877e-15,6.217248937900877e-15,1.6842123535503894e-14,6.217248937900877e-15,NaN,converged,24,24,0,0,0,0,4,1.6842123535503894e-14,1.12.6,lbt,1,1,Intel(R) Core(TM) 7 150U,NT,2abc7cc
degen-r5-m1-d1e-06-p1,100,Newton-SIN,1e-7*n,9.999999999999999e-6,4,9,0.0176032,0.014897899999999999,84.63177149609162,0.0,6.8e-6,0.0,0.002483,0.0,0.0,0.00021550000000000085,0.2253779502376934,0.0,-7.421143918472053e-15,6.217248937900877e-15,6.217248937900877e-15,1.6842123535503894e-14,6.217248937900877e-15,NaN,converged,24,24,0,0,0,0,4,1.6842123535503894e-14,1.12.6,lbt,1,1,Intel(R) Core(TM) 7 150U,NT,2abc7cc
degen-r5-m1-d1e-06-p1,100,AGD-SDAJ-BH,1e-7*n,1.0e-11,8,53,0.0762576,0.07528510000000001,98.72471727408156,0.0,3.36e-5,0.0,0.0,0.0,0.0,0.0009388999999999873,0.22537795025840748,2.939857103312118e-11,-1.16962552678794e-14,5.210387676868322e-12,5.210387676868322e-12,8.410877456638621e-12,5.210387676868322e-12,NaN,diag_feasible_at_xpre,0,0,8,8,0,0,8,1.6842123535503894e-14,1.12.6,lbt,1,1,Intel(R) Core(TM) 7 150U,NT,2abc7cc
degen-r5-m1-d1e-06-p1,100,AGD-SDAJ,1e-7*n,1.0e-11,8,66,0.1107264,0.109364,98.76957979307555,0.0,5.18e-5,0.0,0.0,0.0,0.0,0.0013105999999999997,0.22537795025678295,2.4596769589990902e-11,-9.539759578855142e-15,1.7119639039719914e-12,1.7119639039719914e-12,6.2454841005926096e-12,1.7119639039719914e-12,NaN,diag_feasible,0,0,17,9,8,0,8,1.6842123535503894e-14,1.12.6,lbt,1,1,Intel(R) Core(TM) 7 150U,NT,2abc7cc
degen-r5-m1-d1e-06-p1,100,Dykstra-APM,1e-7*n,9.999999999999999e-6,438,438,0.7671792,0.6581605,85.7896694800902,0.0,0.0,0.0,0.0,0.0559675,0.0,0.05305119999999991,0.22537795019763082,4.359700260455634e-11,-8.590808182800222e-15,1.3513634655737405e-12,1.3513634655737405e-12,9.672972696739242e-12,1.3513634655737405e-12,NaN,diag_feasible,0,0,0,0,0,0,438,1.6842123535503894e-14,1.12.6,lbt,1,1,Intel(R) Core(TM) 7 150U,NT,2abc7cc
degen-r5-m1-d1e-06-p1,100,Anderson-APM,1e-7*n,9.999999999999999e-6,58,58,0.0909301,0.076241,83.84572325335616,0.0,0.0,0.0,0.0,0.0,0.0129189,0.001770199999999996,0.22537795025529295,2.60754678305603e-11,-9.034285327236636e-15,2.5265345371394687e-12,2.5265345371394687e-12,6.461664025310097e-12,2.5265345371394687e-12,NaN,diag_feasible,0,0,0,0,0,0,58,1.6842123535503894e-14,1.12.6,lbt,1,1,Intel(R) Core(TM) 7 150U,NT,2abc7cc
degen-r5-m1-d1e-06-p2,100,SBB-Dual,1e-7*n,1.0e-11,206,207,0.2774072,0.2741638,98.8308162152965,0.0002077,0.0001276,4.8e-5,0.0,0.0,0.0,0.0028601000000000078,0.23647714232669975,7.735850748378018e-12,-9.250955331347004e-15,1.3522516439934407e-12,0.0,9.258432132059784e-12,1.3522516439934407e-12,100.0,diag_feasible,0,0,0,0,0,0,206,2.5224061883758496e-14,1.12.6,lbt,1,1,Intel(R) Core(TM) 7 150U,NT,2abc7cc
degen-r5-m1-d1e-06-p2,100,Newton-SIN-BH,1e-7*n,9.999999999999999e-6,4,5,0.0136324,0.0105082,77.08253865790324,0.0,1.02e-5,0.0,0.0026847,0.0,0.0,0.0004292999999999988,0.23647714232670947,0.0,-9.427835256301245e-15,1.0658141036401503e-14,1.0658141036401503e-14,2.5224061883758496e-14,1.0658141036401503e-14,NaN,converged,25,25,0,0,0,0,4,2.5224061883758496e-14,1.12.6,lbt,1,1,Intel(R) Core(TM) 7 150U,NT,2abc7cc
degen-r5-m1-d1e-06-p2,100,Newton-SIN,1e-7*n,9.999999999999999e-6,5,12,0.0279607,0.024212,86.59296798721063,0.0,8.4e-6,0.0,0.0029183,0.0,0.0,0.0008220000000000007,0.2364771423267132,1.1681494279040848e-13,-7.706131436235461e-15,5.551115123125783e-15,5.551115123125783e-15,1.833381306040878e-14,5.551115123125783e-15,NaN,converged,34,34,1,0,0,0,5,2.5224061883758496e-14,1.12.6,lbt,1,1,Intel(R) Core(TM) 7 150U,NT,2abc7cc
degen-r5-m1-d1e-06-p2,100,AGD-SDAJ-BH,1e-7*n,1.0e-11,12,101,0.1578706,0.1561918,98.93659744119552,0.0,7.04e-5,0.0,0.0,0.0,0.0,0.001608400000000008,0.2364771423131949,2.2402412671194064e-11,-8.76542372578953e-15,2.55351295663786e-12,2.55351295663786e-12,6.472922274020753e-12,2.55351295663786e-12,NaN,diag_feasible_at_xpre,0,0,32,32,0,0,12,2.5224061883758496e-14,1.12.6,lbt,1,1,Intel(R) Core(TM) 7 150U,NT,2abc7cc
degen-r5-m1-d1e-06-p2,100,AGD-SDAJ,1e-7*n,1.0e-11,118,4027,11.5767124,11.338959500000001,97.94628309156234,0.0,0.0067817,0.0,0.0,0.0,0.0,0.2309711999999985,0.23647713870460144,4.648618701464987e-9,-1.0987513789798752e-14,3.583955354713453e-10,3.583955354713453e-10,1.147361318379201e-9,3.583955354713453e-10,NaN,evd_budget,0,0,3428,570,2858,0,118,2.5224061883758496e-14,1.12.6,lbt,1,1,Intel(R) Core(TM) 7 150U,NT,2abc7cc
degen-r5-m1-d1e-06-p2,100,Dykstra-APM,1e-7*n,9.999999999999999e-6,420,420,1.3375345,1.1636212,86.99747184091325,0.0,0.0,0.0,0.0,0.114509,0.0,0.05940430000000016,0.2364771422876955,4.4524775694999886e-11,-9.276211047149407e-15,1.4459544672718039e-12,1.4459544672718039e-12,9.899288736526518e-12,1.4459544672718039e-12,NaN,diag_feasible,0,0,0,0,0,0,420,2.5224061883758496e-14,1.12.6,lbt,1,1,Intel(R) Core(TM) 7 150U,NT,2abc7cc
degen-r5-m1-d1e-06-p2,100,Anderson-APM,1e-7*n,9.999999999999999e-6,76,76,0.215873,0.1782136,82.55483548197319,0.0,0.0,0.0,0.0,0.0,0.0333945,0.004264900000000009,0.2364771423509934,3.411565648549584e-11,-9.586002269432669e-15,3.4634517476206383e-12,3.4634517476206383e-12,8.874351914777272e-12,3.4634517476206383e-12,NaN,diag_feasible,0,0,0,0,0,0,76,2.5224061883758496e-14,1.12.6,lbt,1,1,Intel(R) Core(TM) 7 150U,NT,2abc7cc
degen-r5-m1-d1e-06-p3,100,SBB-Dual,1e-7*n,1.0e-11,209,210,0.5207597,0.5132983,98.56720863768835,0.0005645,0.0003309,8.38e-5,0.0,0.0,0.0,0.006482200000000062,0.2363380256158691,1.13121053528839e-11,-1.0274117099799248e-14,1.5227819005758647e-12,0.0,9.674832667661226e-12,1.5227819005758647e-12,100.0,diag_feasible,0,0,0,0,0,0,209,1.550938252588375e-14,1.12.6,lbt,1,1,Intel(R) Core(TM) 7 150U,NT,2abc7cc
degen-r5-m1-d1e-06-p3,100,Newton-SIN-BH,1e-7*n,9.999999999999999e-6,3,4,0.0124969,0.009801800000000001,78.43385159519562,0.0,9.4e-6,0.0,0.0022592,0.0,0.0,0.00042649999999999893,0.2363380256158008,1.083910398866489e-12,-1.1957143849775613e-14,2.1338486533295509e-13,2.1338486533295509e-13,3.4476506217561184e-13,2.1338486533295509e-13,NaN,converged,18,18,0,0,0,0,3,1.550938252588375e-14,1.12.6,lbt,1,1,Intel(R) Core(TM) 7 150U,NT,2abc7cc
degen-r5-m1-d1e-06-p3,100,Newton-SIN,1e-7*n,9.999999999999999e-6,3,7,0.0203481,0.0177905,87.43076749180513,0.0,1.0e-5,0.0,0.0022472,0.0,0.0,0.00030040000000000015,0.2363380256158008,1.083910398866489e-12,-1.1957143849775613e-14,2.1338486533295509e-13,2.1338486533295509e-13,3.4476506217561184e-13,2.1338486533295509e-13,NaN,converged,18,18,0,0,0,0,3,1.550938252588375e-14,1.12.6,lbt,1,1,Intel(R) Core(TM) 7 150U,NT,2abc7cc
degen-r5-m1-d1e-06-p3,100,AGD-SDAJ-BH,1e-7*n,1.0e-11,11,94,0.2969097,0.28943430000000003,97.48226480980583,0.0,0.00018,0.0,0.0,0.0,0.0,0.007295399999999966,0.2363380256050069,1.4528442661525875e-11,-9.253556110672111e-15,1.7952306308188781e-12,1.7952306308188781e-12,3.711284744550616e-12,1.7952306308188781e-12,NaN,diag_feasible,0,0,27,27,0,0,11,1.550938252588375e-14,1.12.6,lbt,1,1,Intel(R) Core(TM) 7 150U,NT,2abc7cc
degen-r5-m1-d1e-06-p3,100,AGD-SDAJ,1e-7*n,1.0e-11,11,98,0.2692106,0.2658744,98.76074716225884,0.0,0.000167,0.0,0.0,0.0,0.0,0.0031692000000000113,0.2363380256045483,1.5098219646324623e-11,-1.1733434806913524e-14,1.8652857036727255e-12,1.8652857036727255e-12,3.8498491155487055e-12,1.8652857036727255e-12,NaN,diag_feasible,0,0,31,27,4,0,11,1.550938252588375e-14,1.12.6,lbt,1,1,Intel(R) Core(TM) 7 150U,NT,2abc7cc
degen-r5-m1-d1e-06-p3,100,Dykstra-APM,1e-7*n,9.999999999999999e-6,427,427,1.3057509,1.1714743,89.71652250057802,0.0,0.0,0.0,0.0,0.080249,0.0,0.05402759999999997,0.23633802557767344,4.432601978092874e-11,-1.1273669934815457e-14,1.5418777365994174e-12,1.5418777365994174e-12,9.795338350013406e-12,1.5418777365994174e-12,NaN,diag_feasible,0,0,0,0,0,0,427,1.550938252588375e-14,1.12.6,lbt,1,1,Intel(R) Core(TM) 7 150U,NT,2abc7cc
degen-r5-m1-d1e-06-p3,100,Anderson-APM,1e-7*n,9.999999999999999e-6,147,147,0.435485,0.3542967,81.35680907493943,0.0,0.0,0.0,0.0,0.0,0.0730942,0.008094099999999993,0.23633802564636672,3.9911254834554864e-11,-9.379524723586789e-15,2.353228722995482e-12,2.353228722995482e-12,9.832456617324737e-12,2.353228722995482e-12,NaN,diag_feasible,0,0,0,0,0,0,147,1.550938252588375e-14,1.12.6,lbt,1,1,Intel(R) Core(TM) 7 150U,NT,2abc7cc
degen-r5-m1-d1e-06-p4,100,SBB-Dual,1e-7*n,1.0e-11,208,209,0.5067647,0.49951460000000003,98.56933602518093,0.0005396,0.0003366,8.69e-5,0.0,0.0,0.0,0.0062869999999999255,0.23581756351697644,7.264041389717937e-12,-7.924004651622882e-15,1.2656542480726785e-12,0.0,9.590523609432495e-12,1.2656542480726785e-12,100.0,diag_feasible,0,0,0,0,0,0,208,1.532751246406711e-14,1.12.6,lbt,1,1,Intel(R) Core(TM) 7 150U,NT,2abc7cc
degen-r5-m1-d1e-06-p4,100,Newton-SIN-BH,1e-7*n,9.999999999999999e-6,4,5,0.0170771,0.0126882,74.29950050067049,0.0,1.16e-5,0.0,0.0038428,0.0,0.0,0.0005345000000000016,0.2358175635169765,0.0,-9.847056577352192e-15,5.329070518200751e-15,5.329070518200751e-15,1.532751246406711e-14,5.329070518200751e-15,NaN,converged,25,25,0,0,0,0,4,1.532751246406711e-14,1.12.6,lbt,1,1,Intel(R) Core(TM) 7 150U,NT,2abc7cc
degen-r5-m1-d1e-06-p4,100,Newton-SIN,1e-7*n,9.999999999999999e-6,4,9,0.0266312,0.023125,86.83423953858632,0.0,1.01e-5,0.0,0.0031528,0.0,0.0,0.00034330000000000124,0.2358175635169765,0.0,-9.847056577352192e-15,5.329070518200751e-15,5.329070518200751e-15,1.532751246406711e-14,5.329070518200751e-15,NaN,converged,25,25,0,0,0,0,4,1.532751246406711e-14,1.12.6,lbt,1,1,Intel(R) Core(TM) 7 150U,NT,2abc7cc
degen-r5-m1-d1e-06-p4,100,AGD-SDAJ-BH,1e-7*n,1.0e-11,11,98,0.2653366,0.2620245,98.75173647359618,0.0,0.0001583,0.0,0.0,0.0,0.0,0.0031537999999999844,0.23581756351037889,8.000239491445858e-12,-8.01033219266253e-15,7.829292769656604e-13,7.829292769656604e-13,1.906671138229194e-12,7.829292769656604e-13,NaN,diag_feasible,0,0,31,31,0,0,11,1.532751246406711e-14,1.12.6,lbt,1,1,Intel(R) Core(TM) 7 150U,NT,2abc7cc
degen-r5-m1-d1e-06-p4,100,AGD-SDAJ,1e-7*n,1.0e-11,11,96,0.2575144,0.2543071,98.75451625229503,0.0,0.0001431,0.0,0.0,0.0,0.0,0.0030641999999999683,0.23581756350447958,1.6735529448985416e-11,-8.717567296233573e-15,3.1168401193326645e-12,3.1168401193326645e-12,4.448930732747667e-12,3.1168401193326645e-12,NaN,diag_feasible,0,0,31,30,1,0,11,1.532751246406711e-14,1.12.6,lbt,1,1,Intel(R) Core(TM) 7 150U,NT,2abc7cc
degen-r5-m1-d1e-06-p4,100,Dykstra-APM,1e-7*n,9.999999999999999e-6,425,425,1.4115521,1.1744148,83.20024461017061,0.0,0.0,0.0,0.0,0.163857,0.0,0.07328029999999988,0.2358175634785301,4.3711169253023557e-11,-8.600153339862986e-15,1.2823075934420558e-12,1.2823075934420558e-12,9.721088545037e-12,1.2823075934420558e-12,NaN,diag_feasible,0,0,0,0,0,0,425,1.532751246406711e-14,1.12.6,lbt,1,1,Intel(R) Core(TM) 7 150U,NT,2abc7cc
degen-r5-m1-d1e-06-p4,100,Anderson-APM,1e-7*n,9.999999999999999e-6,55,55,0.2017974,0.162163,80.35931087318271,0.0,0.0,0.0,0.0,0.0,0.0343074,0.0053269999999999845,0.23581756353728697,3.3962245908189623e-11,-8.955843185585117e-15,4.633071704063241e-12,4.633071704063241e-12,9.216448032537324e-12,4.633071704063241e-12,NaN,diag_feasible,0,0,0,0,0,0,55,1.532751246406711e-14,1.12.6,lbt,1,1,Intel(R) Core(TM) 7 150U,NT,2abc7cc
degen-r5-m1-d1e-08-p0,100,SBB-Dual,1e-7*n,1.0e-11,213,214,0.527075,0.519298,98.52449841104207,0.0005918,0.0003561,8.6e-5,0.0,0.0,0.0,0.006743099999999923,0.23069066323705828,8.778181342572656e-12,-8.862428604208669e-15,1.3413714583521141e-12,0.0,9.488949066381304e-12,1.3413714583521141e-12,100.0,diag_feasible,0,0,0,0,0,0,213,8.076435652003053e-14,1.12.6,lbt,1,1,Intel(R) Core(TM) 7 150U,NT,2abc7cc
degen-r5-m1-d1e-08-p0,100,Newton-SIN-BH,1e-7*n,9.999999999999999e-6,5,6,0.0207399,0.015628299999999998,75.35378666242363,0.0,1.2e-5,0.0,0.0045068,0.0,0.0,0.000592800000000001,0.2306906632370453,0.0,-1.1617447654849621e-14,2.0872192862952943e-14,2.0872192862952943e-14,8.076435652003053e-14,2.0872192862952943e-14,NaN,converged,35,35,0,0,0,0,5,8.076435652003053e-14,1.12.6,lbt,1,1,Intel(R) Core(TM) 7 150U,NT,2abc7cc
degen-r5-m1-d1e-08-p0,100,Newton-SIN,1e-7*n,9.999999999999999e-6,100,3060,7.8224584,7.4483046,95.21692822297399,0.0,0.0056209,0.0,0.2125086,0.0,0.0,0.15602430000000023,0.23069066293922574,2.013985992004881e-9,-9.762103412798979e-15,6.192326651444091e-10,6.192326651444091e-10,6.263851251323135e-10,6.192326651444091e-10,NaN,max_iter,1175,1175,2859,0,0,0,100,8.076435652003053e-14,1.12.6,lbt,1,1,Intel(R) Core(TM) 7 150U,NT,2abc7cc
degen-r5-m1-d1e-08-p0,100,AGD-SDAJ-BH,1e-7*n,1.0e-11,13,111,0.3086126,0.3047408,98.74541739384587,0.0,0.0001831,0.0,0.0,0.0,0.0,0.0036887000000000365,0.2306906632098822,3.5214008962980354e-11,-1.0090028208906614e-14,3.977485008022086e-12,3.977485008022086e-12,9.177859213716869e-12,3.977485008022086e-12,NaN,diag_feasible_at_xpre,0,0,36,36,0,0,13,8.076435652003053e-14,1.12.6,lbt,1,1,Intel(R) Core(TM) 7 150U,NT,2abc7cc
degen-r5-m1-d1e-08-p0,100,AGD-SDAJ,1e-7*n,1.0e-11,13,111,0.2908805,0.2865223,98.50172149731591,0.0,0.0001644,0.0,0.0,0.0,0.0,0.0041937999999999784,0.2306906632098822,3.5214008962980354e-11,-1.0090028208906614e-14,3.977485008022086e-12,3.977485008022086e-12,9.177859213716869e-12,3.977485008022086e-12,NaN,diag_feasible_at_xpre,0,0,36,36,0,0,13,8.076435652003053e-14,1.12.6,lbt,1,1,Intel(R) Core(TM) 7 150U,NT,2abc7cc
degen-r5-m1-d1e-08-p0,100,Dykstra-APM,1e-7*n,9.999999999999999e-6,435,435,1.3640988,1.1683012,85.64637693398747,0.0,0.0,0.0,0.0,0.1299976,0.0,0.06580000000000014,0.2306906631985321,4.327302995887187e-11,-1.3203852339002112e-14,1.3558043576722412e-12,1.3558043576722412e-12,9.592299313353891e-12,1.3558043576722412e-12,NaN,diag_feasible,0,0,0,0,0,0,435,8.076435652003053e-14,1.12.6,lbt,1,1,Intel(R) Core(TM) 7 150U,NT,2abc7cc
degen-r5-m1-d1e-08-p0,100,Anderson-APM,1e-7*n,9.999999999999999e-6,76,76,0.2186285,0.1797595,82.22143956528997,0.0,0.0,0.0,0.0,0.0,0.03444,0.004429000000000016,0.23069066324366824,1.7180818378469652e-11,-8.734116166128862e-15,2.4698021405811232e-12,2.4698021405811232e-12,5.3604371386110034e-12,2.4698021405811232e-12,NaN,diag_feasible,0,0,0,0,0,0,76,8.076435652003053e-14,1.12.6,lbt,1,1,Intel(R) Core(TM) 7 150U,NT,2abc7cc
degen-r5-m1-d1e-08-p1,100,SBB-Dual,1e-7*n,1.0e-11,214,215,0.5191329,0.5118433,98.5958123632696,0.0005411,0.0003497,0.0001011,0.0,0.0,0.0,0.006297700000000008,0.22537811823003526,8.298967528224932e-12,-1.0991319299450885e-14,1.31250565971186e-12,0.0,9.393512407805297e-12,1.31250565971186e-12,100.0,diag_feasible,0,0,0,0,0,0,214,1.1053830044276432e-14,1.12.6,lbt,1,1,Intel(R) Core(TM) 7 150U,NT,2abc7cc
degen-r5-m1-d1e-08-p1,100,Newton-SIN-BH,1e-7*n,9.999999999999999e-6,5,6,0.0211637,0.015230800000000001,71.96662209349027,0.0,1.44e-5,0.0,0.0052854,0.0,0.0,0.0006330999999999993,0.2253781182300516,0.0,-1.0476157640633265e-14,5.773159728050814e-15,5.773159728050814e-15,1.1053830044276432e-14,5.773159728050814e-15,NaN,converged,38,38,0,0,0,0,5,1.1053830044276432e-14,1.12.6,lbt,1,1,Intel(R) Core(TM) 7 150U,NT,2abc7cc
degen-r5-m1-d1e-08-p1,100,Newton-SIN,1e-7*n,9.999999999999999e-6,5,11,0.0334381,0.0282909,84.60678088767006,0.0,1.51e-5,0.0,0.0047171,0.0,0.0,0.00041499999999999784,0.2253781182300516,0.0,-1.0476157640633265e-14,5.773159728050814e-15,5.773159728050814e-15,1.1053830044276432e-14,5.773159728050814e-15,NaN,converged,38,38,0,0,0,0,5,1.1053830044276432e-14,1.12.6,lbt,1,1,Intel(R) Core(TM) 7 150U,NT,2abc7cc
degen-r5-m1-d1e-08-p1,100,AGD-SDAJ-BH,1e-7*n,1.0e-11,9,66,0.1735508,0.1712373,98.66696091288546,0.0,0.0001087,0.0,0.0,0.0,0.0,0.002204799999999996,0.22537811824498152,1.8290429214017617e-11,-8.954270093993984e-15,2.411626454090765e-12,2.411626454090765e-12,4.689593853435643e-12,2.411626454090765e-12,NaN,diag_feasible_at_xpre,0,0,15,15,0,0,9,1.1053830044276432e-14,1.12.6,lbt,1,1,Intel(R) Core(TM) 7 150U,NT,2abc7cc
degen-r5-m1-d1e-08-p1,100,AGD-SDAJ,1e-7*n,1.0e-11,12,220,0.6194999,0.6120671,98.80019351092713,0.0,0.000363,0.0,0.0,0.0,0.0,0.0070698000000000176,0.22537811823479048,6.1194969450176676e-12,-1.0418296871211538e-14,2.992051051364797e-13,2.992051051364797e-13,1.5644585503587782e-12,2.992051051364797e-13,NaN,diag_feasible,0,0,151,35,116,0,12,1.1053830044276432e-14,1.12.6,lbt,1,1,Intel(R) Core(TM) 7 150U,NT,2abc7cc
degen-r5-m1-d1e-08-p1,100,Dykstra-APM,1e-7*n,9.999999999999999e-6,436,436,1.2832512,1.1267627,87.80531044895964,0.0,0.0,0.0,0.0,0.1006792,0.0,0.055809300000000034,0.22537811818875528,4.4941772979592425e-11,-9.321721305833927e-15,1.3953282973488967e-12,1.3953282973488967e-12,9.97995597850136e-12,1.3953282973488967e-12,NaN,diag_feasible,0,0,0,0,0,0,436,1.1053830044276432e-14,1.12.6,lbt,1,1,Intel(R) Core(TM) 7 150U,NT,2abc7cc
degen-r5-m1-d1e-08-p1,100,Anderson-APM,1e-7*n,9.999999999999999e-6,57,57,0.185635,0.1506398,81.1483825787163,0.0,0.0,0.0,0.0,0.0,0.0311449,0.0038503000000000044,0.2253781182082937,3.1673186599157714e-11,-9.794253454682814e-15,3.560041150763027e-12,3.560041150763027e-12,7.770910482278978e-12,3.560041150763027e-12,NaN,diag_feasible,0,0,0,0,0,0,57,1.1053830044276432e-14,1.12.6,lbt,1,1,Intel(R) Core(TM) 7 150U,NT,2abc7cc
degen-r5-m1-d1e-08-p2,100,SBB-Dual,1e-7*n,1.0e-11,202,203,0.5646508,0.5473504,96.93608864097952,0.000568,0.0003556,0.0002737,0.0,0.0,0.0,0.016103099999999995,0.23647751676428275,7.664828076410308e-12,-8.706647946929901e-15,1.3362644324388384e-12,0.0,9.140409672748009e-12,1.3362644324388384e-12,100.0,diag_feasible,0,0,0,0,0,0,202,1.9207820923013416e-14,1.12.6,lbt,1,1,Intel(R) Core(TM) 7 150U,NT,2abc7cc
degen-r5-m1-d1e-08-p2,100,Newton-SIN-BH,1e-7*n,9.999999999999999e-6,4,5,0.0152914,0.0109626,71.69127745006998,0.0,9.0e-6,0.0,0.0038179,0.0,0.0,0.0005019000000000004,0.2364775167642181,0.0,-1.042845151291371e-14,6.217248937900877e-15,6.217248937900877e-15,1.9207820923013416e-14,6.217248937900877e-15,NaN,converged,27,27,0,0,0,0,4,1.9207820923013416e-14,1.12.6,lbt,1,1,Intel(R) Core(TM) 7 150U,NT,2abc7cc
degen-r5-m1-d1e-08-p2,100,Newton-SIN,1e-7*n,9.999999999999999e-6,5,13,0.0342299,0.0285219,83.3245203754612,0.0,1.71e-5,0.0,0.0052446,0.0,0.0,0.00044630000000000104,0.23647751676430503,1.3223875331227663e-13,-8.060527100741481e-15,5.440092820663267e-15,5.440092820663267e-15,1.7739960467165854e-14,5.440092820663267e-15,NaN,converged,38,38,2,0,0,0,5,1.9207820923013416e-14,1.12.6,lbt,1,1,Intel(R) Core(TM) 7 150U,NT,2abc7cc
degen-r5-m1-d1e-08-p2,100,AGD-SDAJ-BH,1e-7*n,1.0e-11,10,86,0.2372167,0.2339716,98.63201030956083,0.0,0.0001609,0.0,0.0,0.0,0.0,0.003084200000000001,0.2364775167578184,8.421712983760235e-12,-9.00344054606009e-15,5.03375119365046e-13,5.03375119365046e-13,2.1638050309642644e-12,5.03375119365046e-13,NaN,diag_feasible,0,0,25,25,0,0,10,1.9207820923013416e-14,1.12.6,lbt,1,1,Intel(R) Core(TM) 7 150U,NT,2abc7cc
degen-r5-m1-d1e-08-p2,100,AGD-SDAJ,1e-7*n,1.0e-11,11,92,0.2520624,0.2487691,98.69345844521038,0.0,0.0001539,0.0,0.0,0.0,0.0,0.0031394000000000265,0.23647751674314366,2.6024598910598678e-11,-8.605538019340657e-15,1.3999912340523224e-12,1.3999912340523224e-12,6.3458301153696575e-12,1.3999912340523224e-12,NaN,diag_feasible,0,0,27,25,2,0,11,1.9207820923013416e-14,1.12.6,lbt,1,1,Intel(R) Core(TM) 7 150U,NT,2abc7cc
degen-r5-m1-d1e-08-p2,100,Dykstra-APM,1e-7*n,9.999999999999999e-6,412,412,1.3502789,1.1907937,88.18872160410713,0.0,0.0,0.0,0.0,0.0936486,0.0,0.0658366,0.2364775167257029,4.3964524886067823e-11,-9.973543767423497e-15,1.432409746371377e-12,1.432409746371377e-12,9.792677799194217e-12,1.432409746371377e-12,NaN,diag_feasible,0,0,0,0,0,0,412,1.9207820923013416e-14,1.12.6,lbt,1,1,Intel(R) Core(TM) 7 150U,NT,2abc7cc
degen-r5-m1-d1e-08-p2,100,Anderson-APM,1e-7*n,9.999999999999999e-6,76,76,0.2344128,0.1856663,79.20484717558085,0.0,0.0,0.0,0.0,0.0,0.043645,0.005101499999999995,0.23647751677814316,2.9560407624495825e-11,-9.438162505011171e-15,4.903411010559466e-12,4.903411010559466e-12,8.74200202257455e-12,4.903411010559466e-12,NaN,diag_feasible,0,0,0,0,0,0,76,1.9207820923013416e-14,1.12.6,lbt,1,1,Intel(R) Core(TM) 7 150U,NT,2abc7cc
degen-r5-m1-d1e-08-p3,100,SBB-Dual,1e-7*n,1.0e-11,205,206,0.5216645,0.5131684,98.37134786821798,0.0005738,0.0003336,8.75e-5,0.0,0.0,0.0,0.007501200000000007,0.2363383973316167,1.142763980558247e-11,-7.46556147897312e-15,1.52478030202019e-12,0.0,9.805517320469348e-12,1.52478030202019e-12,100.0,diag_feasible,0,0,0,0,0,0,205,2.7745803932893256e-14,1.12.6,lbt,1,1,Intel(R) Core(TM) 7 150U,NT,2abc7cc
degen-r5-m1-d1e-08-p3,100,Newton-SIN-BH,1e-7*n,9.999999999999999e-6,4,5,0.0169554,0.011728500000000001,69.17265296011891,0.0,1.12e-5,0.0,0.004712,0.0,0.0,0.0005036999999999976,0.23633839733154474,0.0,-1.0904157118026755e-14,6.439293542825908e-15,6.439293542825908e-15,2.7745803932893256e-14,6.439293542825908e-15,NaN,converged,30,30,0,0,0,0,4,2.7745803932893256e-14,1.12.6,lbt,1,1,Intel(R) Core(TM) 7 150U,NT,2abc7cc
degen-r5-m1-d1e-08-p3,100,Newton-SIN,1e-7*n,9.999999999999999e-6,6,20,0.0503527,0.042478,84.36091808383661,0.0,2.65e-5,0.0,0.0070441,0.0,0.0,0.0008040999999999977,0.23633839733160747,1.4563762737843392e-13,-1.0526058533833989e-14,2.886579864025407e-15,2.886579864025407e-15,8.300727057938825e-15,2.886579864025407e-15,NaN,converged,54,54,7,0,0,0,6,2.7745803932893256e-14,1.12.6,lbt,1,1,Intel(R) Core(TM) 7 150U,NT,2abc7cc
degen-r5-m1-d1e-08-p3,100,AGD-SDAJ-BH,1e-7*n,1.0e-11,10,86,0.2402782,0.2367002,98.51089279010748,0.0,0.0001523,0.0,0.0,0.0,0.0,0.0034256999999999977,0.23633839731777345,1.9180970119968346e-11,-8.944474291295562e-15,3.8187231155006884e-12,3.8187231155006884e-12,5.283746775895699e-12,3.8187231155006884e-12,NaN,diag_feasible,0,0,27,27,0,0,10,2.7745803932893256e-14,1.12.6,lbt,1,1,Intel(R) Core(TM) 7 150U,NT,2abc7cc
degen-r5-m1-d1e-08-p3,100,AGD-SDAJ,1e-7*n,1.0e-11,11,97,0.2666156,0.2633822,98.78724275698796,0.0,0.0001602,0.0,0.0,0.0,0.0,0.0030731999999999973,0.2363383973200893,1.4494274675407026e-11,-1.3270653752154427e-14,1.6076029396572267e-12,1.6076029396572267e-12,3.5600651652360726e-12,1.6076029396572267e-12,NaN,diag_feasible,0,0,30,28,2,0,11,2.7745803932893256e-14,1.12.6,lbt,1,1,Intel(R) Core(TM) 7 150U,NT,2abc7cc
degen-r5-m1-d1e-08-p3,100,Dykstra-APM,1e-7*n,9.999999999999999e-6,419,419,1.3698414,1.1577805,84.5193100456739,0.0,0.0,0.0,0.0,0.1182722,0.0,0.0937887,0.23633839729283412,4.493162216954765e-11,-8.722489726592912e-15,1.5414336473895673e-12,1.5414336473895673e-12,9.94084660674211e-12,1.5414336473895673e-12,NaN,diag_feasible,0,0,0,0,0,0,419,2.7745803932893256e-14,1.12.6,lbt,1,1,Intel(R) Core(TM) 7 150U,NT,2abc7cc
degen-r5-m1-d1e-08-p3,100,Anderson-APM,1e-7*n,9.999999999999999e-6,147,147,0.4935265,0.3882744,78.67346535596367,0.0,0.0,0.0,0.0,0.0,0.0785322,0.026719899999999963,0.23633839735390363,3.167090217444159e-11,-1.242963787432761e-14,2.1574964037540667e-12,2.1574964037540667e-12,8.215312500655027e-12,2.1574964037540667e-12,NaN,diag_feasible,0,0,0,0,0,0,147,2.7745803932893256e-14,1.12.6,lbt,1,1,Intel(R) Core(TM) 7 150U,NT,2abc7cc
degen-r5-m1-d1e-08-p4,100,SBB-Dual,1e-7*n,1.0e-11,205,206,0.503159,0.4959157,98.5604351705922,0.0005197,0.0003256,6.02e-5,0.0,0.0,0.0,0.006337800000000009,0.23581792615541128,7.1572776584081324e-12,-1.2587393354496208e-14,1.248556813493451e-12,0.0,9.460516064695071e-12,1.248556813493451e-12,100.0,diag_feasible,0,0,0,0,0,0,205,1.9422240450457113e-14,1.12.6,lbt,1,1,Intel(R) Core(TM) 7 150U,NT,2abc7cc
degen-r5-m1-d1e-08-p4,100,Newton-SIN-BH,1e-7*n,9.999999999999999e-6,4,5,0.0158869,0.0113644,71.53314995373547,0.0,1.06e-5,0.0,0.0039987,0.0,0.0,0.0005131999999999984,0.2358179261554577,0.0,-7.811271803969917e-15,4.884981308350689e-15,4.884981308350689e-15,1.9422240450457113e-14,4.884981308350689e-15,NaN,converged,27,27,0,0,0,0,4,1.9422240450457113e-14,1.12.6,lbt,1,1,Intel(R) Core(TM) 7 150U,NT,2abc7cc
degen-r5-m1-d1e-08-p4,100,Newton-SIN,1e-7*n,9.999999999999999e-6,4,9,0.024443,0.0206723,84.57349752485374,0.0,1.1e-5,0.0,0.0033827,0.0,0.0,0.000376999999999998,0.2358179261554577,0.0,-7.811271803969917e-15,4.884981308350689e-15,4.884981308350689e-15,1.9422240450457113e-14,4.884981308350689e-15,NaN,converged,27,27,0,0,0,0,4,1.9422240450457113e-14,1.12.6,lbt,1,1,Intel(R) Core(TM) 7 150U,NT,2abc7cc
degen-r5-m1-d1e-08-p4,100,AGD-SDAJ-BH,1e-7*n,1.0e-11,11,85,0.231896,0.22862849999999998,98.59096319039568,0.0,0.0001378,0.0,0.0,0.0,0.0,0.0031297000000000065,0.2358179261334503,2.7902340906718e-11,-9.583894634036647e-15,2.2760682227840334e-12,2.2760682227840334e-12,7.001536443224047e-12,2.2760682227840334e-12,NaN,diag_feasible_at_xpre,0,0,22,22,0,0,11,1.9422240450457113e-14,1.12.6,lbt,1,1,Intel(R) Core(TM) 7 150U,NT,2abc7cc
degen-r5-m1-d1e-08-p4,100,AGD-SDAJ,1e-7*n,1.0e-11,11,102,0.2663744,0.26287720000000003,98.68711107373683,0.0,0.0001606,0.0,0.0,0.0,0.0,0.003336599999999978,0.23581792614049463,2.0892235751103276e-11,-1.0627370156043443e-14,2.4014124022642136e-12,2.4014124022642136e-12,5.5106364708738636e-12,2.4014124022642136e-12,NaN,diag_feasible,0,0,35,29,6,0,11,1.9422240450457113e-14,1.12.6,lbt,1,1,Intel(R) Core(TM) 7 150U,NT,2abc7cc
degen-r5-m1-d1e-08-p4,100,Dykstra-APM,1e-7*n,9.999999999999999e-6,419,419,1.2616525,1.1264875,89.28666966537934,0.0,0.0,0.0,0.0,0.0807386,0.0,0.054426399999999986,0.23581792611742805,4.3237235278120744e-11,-8.904681675460856e-15,1.2660983372825285e-12,1.2660983372825285e-12,9.603490824468085e-12,1.2660983372825285e-12,NaN,diag_feasible,0,0,0,0,0,0,419,1.9422240450457113e-14,1.12.6,lbt,1,1,Intel(R) Core(TM) 7 150U,NT,2abc7cc
degen-r5-m1-d1e-08-p4,100,Anderson-APM,1e-7*n,9.999999999999999e-6,53,53,0.1622502,0.1305121,80.43879144679019,0.0,0.0,0.0,0.0,0.0,0.0282899,0.0034482000000000193,0.2358179261817349,3.266492328527007e-11,-7.72108335685518e-15,2.1673773886732306e-12,2.1673773886732306e-12,7.738257725494895e-12,2.1673773886732306e-12,NaN,diag_feasible,0,0,0,0,0,0,53,1.9422240450457113e-14,1.12.6,lbt,1,1,Intel(R) Core(TM) 7 150U,NT,2abc7cc
degen-r5-m1-d1e-10-p0,100,SBB-Dual,1e-7*n,1.0e-11,212,213,0.5239336,0.5161642,98.51710216714484,0.0005599,0.0003342,9.85e-5,0.0,0.0,0.0,0.006776800000000038,0.23069066591944312,8.638733838204806e-12,-1.062339375223701e-14,1.3382628338831637e-12,0.0,9.336516949267326e-12,1.3382628338831637e-12,100.0,diag_feasible,0,0,0,0,0,0,212,2.3017255561117053e-14,1.12.6,lbt,1,1,Intel(R) Core(TM) 7 150U,NT,2abc7cc
degen-r5-m1-d1e-10-p0,100,Newton-SIN-BH,1e-7*n,9.999999999999999e-6,5,6,0.0209624,0.0156202,74.51532267297638,0.0,1.11e-5,0.0,0.0047932,0.0,0.0,0.0005378999999999983,0.23069066591943396,6.962227197698016e-13,-1.0172503536868235e-14,2.9976021664879227e-14,2.9976021664879227e-14,1.131428932597352e-13,2.9976021664879227e-14,NaN,converged,37,37,0,0,0,0,5,2.3017255561117053e-14,1.12.6,lbt,1,1,Intel(R) Core(TM) 7 150U,NT,2abc7cc
degen-r5-m1-d1e-10-p0,100,Newton-SIN,1e-7*n,9.999999999999999e-6,10,62,0.1859816,0.16977669999999997,91.28682622366942,0.0,9.39e-5,0.0,0.0140318,0.0,0.0,0.0020792000000000206,0.23069066591944914,1.8328480845912926e-13,-9.891498363697616e-15,4.218847493575595e-15,4.218847493575595e-15,1.068470702113321e-14,4.218847493575595e-15,NaN,converged,102,102,41,0,0,0,10,2.3017255561117053e-14,1.12.6,lbt,1,1,Intel(R) Core(TM) 7 150U,NT,2abc7cc
degen-r5-m1-d1e-10-p0,100,AGD-SDAJ-BH,1e-7*n,1.0e-11,15,121,0.3664137,0.3560558,97.17316792467092,0.0,0.0002151,0.0,0.0,0.0,0.0,0.010142800000000032,0.2306906658987079,3.144864300148921e-11,-1.0942966033907827e-14,3.273714632712199e-12,3.273714632712199e-12,8.85421904660082e-12,3.273714632712199e-12,NaN,diag_feasible_at_xpre,0,0,34,34,0,0,15,2.3017255561117053e-14,1.12.6,lbt,1,1,Intel(R) Core(TM) 7 150U,NT,2abc7cc
degen-r5-m1-d1e-10-p0,100,AGD-SDAJ,1e-7*n,1.0e-11,14,132,0.365258,0.3604219,98.67597698065478,0.0,0.0002315,0.0,0.0,0.0,0.0,0.00460460000000001,0.23069066589761683,2.6693811882620374e-11,-9.11672567591631e-15,1.5800694086465228e-12,1.5800694086465228e-12,6.474075112028177e-12,1.5800694086465228e-12,NaN,diag_feasible,0,0,47,40,7,0,14,2.3017255561117053e-14,1.12.6,lbt,1,1,Intel(R) Core(TM) 7 150U,NT,2abc7cc
degen-r5-m1-d1e-10-p0,100,Dykstra-APM,1e-7*n,9.999999999999999e-6,432,432,1.2792335,1.1483168,89.76600440810844,0.0,0.0,0.0,0.0,0.0773596,0.0,0.053557099999999996,0.23069066587952294,4.484428171020129e-11,-1.055335965898262e-14,1.425526363618701e-12,1.425526363618701e-12,9.939419116937429e-12,1.425526363618701e-12,NaN,diag_feasible,0,0,0,0,0,0,432,2.3017255561117053e-14,1.12.6,lbt,1,1,Intel(R) Core(TM) 7 150U,NT,2abc7cc
degen-r5-m1-d1e-10-p0,100,Anderson-APM,1e-7*n,9.999999999999999e-6,69,69,0.1997649,0.16011,80.14921540270588,0.0,0.0,0.0,0.0,0.0,0.0355654,0.004089499999999996,0.2306906659282055,2.8566039169207984e-11,-1.1153040969642553e-14,3.460565167756613e-12,3.460565167756613e-12,8.407308134080106e-12,3.460565167756613e-12,NaN,diag_feasible,0,0,0,0,0,0,69,2.3017255561117053e-14,1.12.6,lbt,1,1,Intel(R) Core(TM) 7 150U,NT,2abc7cc
degen-r5-m1-d1e-10-p1,100,SBB-Dual,1e-7*n,1.0e-11,213,214,0.523684,0.5159302,98.51937427914544,0.0005782,0.0003381,0.0001097,0.0,0.0,0.0,0.006727800000000033,0.22537811990996748,8.574282546800704e-12,-9.331457225641002e-15,1.3731238368563936e-12,0.0,9.712015300234625e-12,1.3731238368563936e-12,100.0,diag_feasible,0,0,0,0,0,0,213,1.2986287783438322e-14,1.12.6,lbt,1,1,Intel(R) Core(TM) 7 150U,NT,2abc7cc
degen-r5-m1-d1e-10-p1,100,Newton-SIN-BH,1e-7*n,9.999999999999999e-6,5,6,0.0217912,0.0156618,71.87213186974559,0.0,1.31e-5,0.0,0.0055205,0.0,0.0,0.0005957999999999996,0.22537811990995277,0.0,-8.926400833705306e-15,7.549516567451064e-15,7.549516567451064e-15,1.2986287783438322e-14,7.549516567451064e-15,NaN,converged,40,40,0,0,0,0,5,1.2986287783438322e-14,1.12.6,lbt,1,1,Intel(R) Core(TM) 7 150U,NT,2abc7cc
degen-r5-m1-d1e-10-p1,100,Newton-SIN,1e-7*n,9.999999999999999e-6,100,2943,9.3404828,8.9136367,95.43014949933851,0.0,0.0052281,0.0,0.2854013,0.0,0.0,0.13621670000000052,0.22537812000919233,1.7086081572160124e-9,-9.40203311748761e-15,9.610738871401736e-10,9.610738871401736e-10,1.006206491392479e-9,9.610738871401736e-10,NaN,max_iter,1274,1274,2742,0,0,0,100,1.2986287783438322e-14,1.12.6,lbt,1,1,Intel(R) Core(TM) 7 150U,NT,2abc7cc
degen-r5-m1-d1e-10-p1,100,AGD-SDAJ-BH,1e-7*n,1.0e-11,7,55,0.141821,0.1396565,98.47378032872422,0.0,0.0001346,0.0,0.0,0.0,0.0,0.0020299000000000137,0.22537811993229834,2.9438068581858204e-11,-8.14794209880136e-15,2.6083579740543428e-12,2.6083579740543428e-12,7.706668519631524e-12,2.6083579740543428e-12,NaN,diag_feasible,0,0,12,12,0,0,7,1.2986287783438322e-14,1.12.6,lbt,1,1,Intel(R) Core(TM) 7 150U,NT,2abc7cc
degen-r5-m1-d1e-10-p1,100,AGD-SDAJ,1e-7*n,1.0e-11,7,59,0.1476572,0.1450814,98.25555408066792,0.0,9.47e-5,0.0,0.0,0.0,0.0,0.002481099999999989,0.22537811993236112,2.945655719659155e-11,-9.020479816112965e-15,2.5937030301292907e-12,2.5937030301292907e-12,7.701692284372932e-12,2.5937030301292907e-12,NaN,diag_feasible,0,0,16,12,4,0,7,1.2986287783438322e-14,1.12.6,lbt,1,1,Intel(R) Core(TM) 7 150U,NT,2abc7cc
degen-r5-m1-d1e-10-p1,100,Dykstra-APM,1e-7*n,9.999999999999999e-6,435,435,1.3010739,1.1489557,88.3082582780271,0.0,0.0,0.0,0.0,0.090694,0.0,0.061424200000000095,0.2253781198693997,4.4117185499558285e-11,-8.47790097835552e-15,1.3875567361765206e-12,1.3875567361765206e-12,9.804020526217853e-12,1.3875567361765206e-12,NaN,diag_feasible,0,0,0,0,0,0,435,1.2986287783438322e-14,1.12.6,lbt,1,1,Intel(R) Core(TM) 7 150U,NT,2abc7cc
degen-r5-m1-d1e-10-p1,100,Anderson-APM,1e-7*n,9.999999999999999e-6,66,66,0.19359,0.1592888,82.28152280593007,0.0,0.0,0.0,0.0,0.0,0.0301299,0.004171300000000003,0.22537811993362897,3.196307759082335e-11,-1.0805995982948025e-14,2.5975888107154788e-12,2.5975888107154788e-12,7.654980787513858e-12,2.5975888107154788e-12,NaN,diag_feasible,0,0,0,0,0,0,66,1.2986287783438322e-14,1.12.6,lbt,1,1,Intel(R) Core(TM) 7 150U,NT,2abc7cc
degen-r5-m1-d1e-10-p2,100,SBB-Dual,1e-7*n,1.0e-11,198,199,0.4900922,0.48252439999999996,98.45584157429968,0.0005318,0.0003198,8.82e-5,0.0,0.0,0.0,0.006628000000000013,0.2364775205086743,7.61651506063527e-12,-9.161671830727017e-15,1.334043986389588e-12,0.0,9.021496587135819e-12,1.334043986389588e-12,100.0,diag_feasible,0,0,0,0,0,0,198,1.5157695690493977e-14,1.12.6,lbt,1,1,Intel(R) Core(TM) 7 150U,NT,2abc7cc
degen-r5-m1-d1e-10-p2,100,Newton-SIN-BH,1e-7*n,9.999999999999999e-6,4,5,0.0228837,0.015528,67.85615962453625,0.0,1.25e-5,0.0,0.006338,0.0,0.0,0.0010051999999999995,0.23647752050866844,0.0,-1.1244076479996831e-14,4.440892098500626e-15,4.440892098500626e-15,1.5157695690493977e-14,4.440892098500626e-15,NaN,converged,29,29,0,0,0,0,4,1.5157695690493977e-14,1.12.6,lbt,1,1,Intel(R) Core(TM) 7 150U,NT,2abc7cc
degen-r5-m1-d1e-10-p2,100,Newton-SIN,1e-7*n,9.999999999999999e-6,6,21,0.0634991,0.0562452,88.57637352340427,0.0,2.57e-5,0.0,0.0064836,0.0,0.0,0.0007446000000000006,0.23647752050868714,1.0809682789929065e-13,-8.27861146405336e-15,4.6629367034256575e-15,4.6629367034256575e-15,1.8190725599517086e-14,4.6629367034256575e-15,NaN,converged,53,53,8,0,0,0,6,1.5157695690493977e-14,1.12.6,lbt,1,1,Intel(R) Core(TM) 7 150U,NT,2abc7cc
degen-r5-m1-d1e-10-p2,100,AGD-SDAJ-BH,1e-7*n,1.0e-11,11,97,0.2590215,0.25562070000000003,98.68705879627753,0.0,0.0001494,0.0,0.0,0.0,0.0,0.0032513999999999816,0.23647752048508575,2.931129788725551e-11,-8.31275869901992e-15,1.893818435405592e-12,1.893818435405592e-12,7.105452389616667e-12,1.893818435405592e-12,NaN,diag_feasible,0,0,30,30,0,0,11,1.5157695690493977e-14,1.12.6,lbt,1,1,Intel(R) Core(TM) 7 150U,NT,2abc7cc
degen-r5-m1-d1e-10-p2,100,AGD-SDAJ,1e-7*n,1.0e-11,12,102,0.2821408,0.2784646,98.69703353786477,0.0,0.0001696,0.0,0.0,0.0,0.0,0.0035066000000000186,0.23647752049833323,1.4490675058195588e-11,-9.120154284253942e-15,2.3714363805993344e-12,2.3714363805993344e-12,3.7698066021283835e-12,2.3714363805993344e-12,NaN,diag_feasible_at_xpre,0,0,33,25,8,0,12,1.5157695690493977e-14,1.12.6,lbt,1,1,Intel(R) Core(TM) 7 150U,NT,2abc7cc
degen-r5-m1-d1e-10-p2,100,Dykstra-APM,1e-7*n,9.999999999999999e-6,404,404,1.2308496,1.0703402,86.95946279707935,0.0,0.0,0.0,0.0,0.0856301,0.0,0.07487930000000002,0.23647752047052975,4.3588314514768917e-11,-7.423058857037448e-15,1.4361845046551025e-12,1.4361845046551025e-12,9.69806966401372e-12,1.4361845046551025e-12,NaN,diag_feasible,0,0,0,0,0,0,404,1.5157695690493977e-14,1.12.6,lbt,1,1,Intel(R) Core(TM) 7 150U,NT,2abc7cc
degen-r5-m1-d1e-10-p2,100,Anderson-APM,1e-7*n,9.999999999999999e-6,77,77,0.2233362,0.1817445,81.3770897866087,0.0,0.0,0.0,0.0,0.0,0.0371968,0.004394900000000007,0.23647752053771257,3.796472075197362e-11,-8.173774774927907e-15,3.204769782882977e-12,3.204769782882977e-12,9.500892275308635e-12,3.204769782882977e-12,NaN,diag_feasible,0,0,0,0,0,0,77,1.5157695690493977e-14,1.12.6,lbt,1,1,Intel(R) Core(TM) 7 150U,NT,2abc7cc
degen-r5-m1-d1e-10-p3,100,SBB-Dual,1e-7*n,1.0e-11,201,202,0.5055583,0.498009,98.50673997440057,0.0005386,0.000327,8.66e-5,0.0,0.0,0.0,0.006597100000000036,0.23633840104879192,1.1458850073546879e-11,-1.3967720209790584e-14,1.5714096690544466e-12,0.0,9.976776469094008e-12,1.5714096690544466e-12,100.0,diag_feasible,0,0,0,0,0,0,201,2.0691888659779323e-14,1.12.6,lbt,1,1,Intel(R) Core(TM) 7 150U,NT,2abc7cc
degen-r5-m1-d1e-10-p3,100,Newton-SIN-BH,1e-7*n,9.999999999999999e-6,4,5,0.0162787,0.0120588,74.07716832425194,0.0,9.7e-6,0.0,0.0037982,0.0,0.0,0.0004120000000000009,0.23633840104875223,0.0,-1.2117171089065445e-14,5.995204332975845e-15,5.995204332975845e-15,2.0691888659779323e-14,5.995204332975845e-15,NaN,converged,32,32,0,0,0,0,4,2.0691888659779323e-14,1.12.6,lbt,1,1,Intel(R) Core(TM) 7 150U,NT,2abc7cc
degen-r5-m1-d1e-10-p3,100,Newton-SIN,1e-7*n,9.999999999999999e-6,100,2557,7.8867762,7.4226057,94.11457244089164,0.0,0.00422,0.0,0.3073329,0.0,0.0,0.1526175999999998,0.23633840103194428,5.7380930345715556e-11,-9.96218986143985e-15,1.3320455849452628e-11,1.3320455849452628e-11,1.591163425142315e-11,1.3320455849452628e-11,NaN,max_iter,1376,1376,2356,0,0,0,100,2.0691888659779323e-14,1.12.6,lbt,1,1,Intel(R) Core(TM) 7 150U,NT,2abc7cc
degen-r5-m1-d1e-10-p3,100,AGD-SDAJ-BH,1e-7*n,1.0e-11,12,111,0.2995478,0.2953608,98.60222642262771,0.0,0.0001871,0.0,0.0,0.0,0.0,0.003999899999999996,0.236338401042687,2.221904195875145e-11,-9.81881672608157e-15,3.710587392902198e-12,3.710587392902198e-12,6.532777489413432e-12,3.710587392902198e-12,NaN,diag_feasible,0,0,40,40,0,0,12,2.0691888659779323e-14,1.12.6,lbt,1,1,Intel(R) Core(TM) 7 150U,NT,2abc7cc
degen-r5-m1-d1e-10-p3,100,AGD-SDAJ,1e-7*n,1.0e-11,127,4026,11.592589,11.4401486,98.68501850621979,0.0,0.0074583,0.0,0.0,0.0,0.0,0.1449820999999997,0.23633839699147305,6.517658773238e-9,-1.2802843669061772e-14,6.629874427233062e-10,6.629874427233062e-10,1.7521418478559459e-9,6.629874427233062e-10,NaN,evd_budget,0,0,3383,152,3231,0,127,2.0691888659779323e-14,1.12.6,lbt,1,1,Intel(R) Core(TM) 7 150U,NT,2abc7cc
degen-r5-m1-d1e-10-p3,100,Dykstra-APM,1e-7*n,9.999999999999999e-6,412,412,1.216169,1.0521533,86.51374110012671,0.0,0.0,0.0,0.0,0.1060384,0.0,0.05797729999999998,0.2363384010111296,4.352206625506009e-11,-8.004493449977315e-15,1.5205614545266144e-12,1.5205614545266144e-12,9.635481158653575e-12,1.5205614545266144e-12,NaN,diag_feasible,0,0,0,0,0,0,412,2.0691888659779323e-14,1.12.6,lbt,1,1,Intel(R) Core(TM) 7 150U,NT,2abc7cc
degen-r5-m1-d1e-10-p3,100,Anderson-APM,1e-7*n,9.999999999999999e-6,146,146,0.4348912,0.3574577,82.19474204122778,0.0,0.0,0.0,0.0,0.0,0.0694454,0.007988099999999984,0.2363384010820241,4.0374193719818814e-11,-9.277389241312441e-15,2.0224932839596477e-12,2.0224932839596477e-12,9.291072865902452e-12,2.0224932839596477e-12,NaN,diag_feasible,0,0,0,0,0,0,146,2.0691888659779323e-14,1.12.6,lbt,1,1,Intel(R) Core(TM) 7 150U,NT,2abc7cc
degen-r5-m1-d1e-10-p4,100,SBB-Dual,1e-7*n,1.0e-11,202,203,0.5526032,0.5373436,97.23859724301272,0.0005628,0.0004282,0.0002648,0.0,0.0,0.0,0.014003799999999927,0.23581792978181118,7.135165957325119e-12,-9.006887076416413e-15,1.2561063300609021e-12,0.0,9.334897385133099e-12,1.2561063300609021e-12,100.0,diag_feasible,0,0,0,0,0,0,202,2.0827263148536916e-14,1.12.6,lbt,1,1,Intel(R) Core(TM) 7 150U,NT,2abc7cc
degen-r5-m1-d1e-10-p4,100,Newton-SIN-BH,1e-7*n,9.999999999999999e-6,6,8,0.0308076,0.0222486,72.21789428582558,0.0,1.66e-5,0.0,0.0078162,0.0,0.0,0.0007261999999999998,0.23581792978185576,0.0,-9.232793608829322e-15,4.773959005888173e-15,4.773959005888173e-15,2.0827263148536916e-14,4.773959005888173e-15,NaN,converged,54,54,1,0,0,0,6,2.0827263148536916e-14,1.12.6,lbt,1,1,Intel(R) Core(TM) 7 150U,NT,2abc7cc
degen-r5-m1-d1e-10-p4,100,Newton-SIN,1e-7*n,9.999999999999999e-6,5,12,0.0384593,0.0310843,80.82388395004588,0.0,1.45e-5,0.0,0.0069151,0.0,0.0,0.0004454000000000029,0.23581792978188365,1.6614474664414974e-13,-1.0286606414675639e-14,5.329070518200751e-15,5.329070518200751e-15,2.338093841928756e-14,5.329070518200751e-15,NaN,converged,40,40,1,0,0,0,5,2.0827263148536916e-14,1.12.6,lbt,1,1,Intel(R) Core(TM) 7 150U,NT,2abc7cc
degen-r5-m1-d1e-10-p4,100,AGD-SDAJ-BH,1e-7*n,1.0e-11,13,112,0.2992994,0.29458439999999997,98.42465437618651,0.0,0.0001938,0.0,0.0,0.0,0.0,0.004521200000000025,0.23581792976070423,3.0840113312299805e-11,-8.66259068483173e-15,4.785838392251662e-12,4.785838392251662e-12,8.451631134934263e-12,4.785838392251662e-12,NaN,diag_feasible_at_xpre,0,0,37,37,0,0,13,2.0827263148536916e-14,1.12.6,lbt,1,1,Intel(R) Core(TM) 7 150U,NT,2abc7cc
degen-r5-m1-d1e-10-p4,100,AGD-SDAJ,1e-7*n,1.0e-11,12,119,0.3253892,0.32113600000000003,98.69288839334558,0.0,0.0002001,0.0,0.0,0.0,0.0,0.004053099999999957,0.23581792975280536,3.552194249549623e-11,-9.694745212131337e-15,2.9387603461827894e-12,2.9387603461827894e-12,8.611503952621543e-12,2.9387603461827894e-12,NaN,diag_feasible,0,0,46,41,5,0,12,2.0827263148536916e-14,1.12.6,lbt,1,1,Intel(R) Core(TM) 7 150U,NT,2abc7cc
degen-r5-m1-d1e-10-p4,100,Dykstra-APM,1e-7*n,9.999999999999999e-6,412,412,1.2103743,1.0688165,88.30462609789386,0.0,0.0,0.0,0.0,0.0769572,0.0,0.06460059999999995,0.2358179297423301,4.497520732490007e-11,-7.978007143655351e-15,1.3482548411047901e-12,1.3482548411047901e-12,9.99367574998889e-12,1.3482548411047901e-12,NaN,diag_feasible,0,0,0,0,0,0,412,2.0827263148536916e-14,1.12.6,lbt,1,1,Intel(R) Core(TM) 7 150U,NT,2abc7cc
degen-r5-m1-d1e-10-p4,100,Anderson-APM,1e-7*n,9.999999999999999e-6,48,48,0.144488,0.1180552,81.70588560987763,0.0,0.0,0.0,0.0,0.0,0.0233148,0.003118000000000006,0.2358179297567959,3.630441909555585e-11,-9.986188926050396e-15,4.332312286692286e-12,4.332312286692286e-12,9.54546758422127e-12,4.332312286692286e-12,NaN,diag_feasible,0,0,0,0,0,0,48,2.0827263148536916e-14,1.12.6,lbt,1,1,Intel(R) Core(TM) 7 150U,NT,2abc7cc
degen-r5-m1-d0-p0,100,SBB-Dual,1e-7*n,1.0e-11,211,212,0.5137844,0.5056893,98.4244169344184,0.0005241,0.0003202,8.72e-5,0.0,0.0,0.0,0.0071636000000000226,0.23069066594653656,1.0610431000846703e-11,-9.681421173229545e-15,1.4452883334570288e-12,0.0,9.879122737509752e-12,1.4452883334570288e-12,100.0,diag_feasible,0,0,0,0,0,0,211,2.4767430942082896e-14,1.12.6,lbt,1,1,Intel(R) Core(TM) 7 150U,NT,2abc7cc
degen-r5-m1-d0-p0,100,Newton-SIN-BH,1e-7*n,9.999999999999999e-6,4,5,0.017654,0.0134802,76.35776594539482,0.0,1.11e-5,0.0,0.0035829,0.0,0.0,0.0005798000000000001,0.23069066594652157,0.0,-8.426877874406675e-15,6.439293542825908e-15,6.439293542825908e-15,2.4767430942082896e-14,6.439293542825908e-15,NaN,converged,24,24,0,0,0,0,4,2.4767430942082896e-14,1.12.6,lbt,1,1,Intel(R) Core(TM) 7 150U,NT,2abc7cc
degen-r5-m1-d0-p0,100,Newton-SIN,1e-7*n,9.999999999999999e-6,6,16,0.0503537,0.043459700000000004,86.30885118670525,0.0,1.89e-5,0.0,0.0063087,0.0,0.0,0.0005663999999999973,0.23069066594656637,3.330729003982691e-13,-8.519061202553065e-15,6.772360450213455e-15,6.772360450213455e-15,2.3721130211349942e-14,6.772360450213455e-15,NaN,converged,46,46,3,0,0,0,6,2.4767430942082896e-14,1.12.6,lbt,1,1,Intel(R) Core(TM) 7 150U,NT,2abc7cc
degen-r5-m1-d0-p0,100,AGD-SDAJ-BH,1e-7*n,1.0e-11,13,111,0.2911176,0.2872486,98.67098382234535,0.0,0.0001792,0.0,0.0,0.0,0.0,0.003689799999999956,0.23069066593066073,2.7959747137589923e-11,-1.0370413293102438e-14,3.4195979381479447e-12,3.4195979381479447e-12,8.01218581650592e-12,3.4195979381479447e-12,NaN,diag_feasible,0,0,32,32,0,0,13,2.4767430942082896e-14,1.12.6,lbt,1,1,Intel(R) Core(TM) 7 150U,NT,2abc7cc
degen-r5-m1-d0-p0,100,AGD-SDAJ,1e-7*n,1.0e-11,13,120,0.3208858,0.3168261,98.73484585481813,0.0,0.0001936,0.0,0.0,0.0,0.0,0.0038660999999999995,0.23069066592284135,3.168652093179885e-11,-8.754420663211247e-15,3.994582442601313e-12,3.994582442601313e-12,8.356905704945784e-12,3.994582442601313e-12,NaN,diag_feasible,0,0,43,33,10,0,13,2.4767430942082896e-14,1.12.6,lbt,1,1,Intel(R) Core(TM) 7 150U,NT,2abc7cc
degen-r5-m1-d0-p0,100,Dykstra-APM,1e-7*n,9.999999999999999e-6,431,431,1.3506941,1.1867599,87.8629661593991,0.0,0.0,0.0,0.0,0.0978041,0.0,0.06613009999999991,0.23069066590660114,4.451520774191431e-11,-8.225368124387806e-15,1.4623857680362562e-12,1.4623857680362562e-12,9.991601160406502e-12,1.4623857680362562e-12,NaN,diag_feasible,0,0,0,0,0,0,431,2.4767430942082896e-14,1.12.6,lbt,1,1,Intel(R) Core(TM) 7 150U,NT,2abc7cc
degen-r5-m1-d0-p0,100,Anderson-APM,1e-7*n,9.999999999999999e-6,75,75,0.2176025,0.1745912,80.23400466446846,0.0,0.0,0.0,0.0,0.0,0.0386424,0.004368900000000002,0.2306906659376701,1.1762034397976223e-11,-8.183771750391911e-15,8.999467837611519e-13,8.999467837611519e-13,3.3316155451535445e-12,8.999467837611519e-13,NaN,diag_feasible,0,0,0,0,0,0,75,2.4767430942082896e-14,1.12.6,lbt,1,1,Intel(R) Core(TM) 7 150U,NT,2abc7cc
degen-r5-m1-d0-p1,100,SBB-Dual,1e-7*n,1.0e-11,213,214,0.5378258,0.5295991,98.47037832696014,0.0007459,0.0003903,8.69e-5,0.0,0.0,0.0,0.007003600000000032,0.22537811992693513,9.259882969133409e-12,-8.580492620620831e-15,1.3558043576722412e-12,0.0,9.43307263622586e-12,1.3558043576722412e-12,100.0,diag_feasible,0,0,0,0,0,0,213,1.0434915276310958e-14,1.12.6,lbt,1,1,Intel(R) Core(TM) 7 150U,NT,2abc7cc
degen-r5-m1-d0-p1,100,Newton-SIN-BH,1e-7*n,9.999999999999999e-6,4,5,0.0159312,0.0117909,74.01137390780356,0.0,8.7e-6,0.0,0.0036295,0.0,0.0,0.0005020999999999992,0.22537811992693751,0.0,-9.609750687967527e-15,3.774758283725532e-15,3.774758283725532e-15,1.0434915276310958e-14,3.774758283725532e-15,NaN,converged,27,27,0,0,0,0,4,1.0434915276310958e-14,1.12.6,lbt,1,1,Intel(R) Core(TM) 7 150U,NT,2abc7cc
degen-r5-m1-d0-p1,100,Newton-SIN,1e-7*n,9.999999999999999e-6,4,9,0.0257629,0.0216263,83.94357778045175,0.0,1.1e-5,0.0,0.0037368,0.0,0.0,0.0003887999999999973,0.22537811992693751,0.0,-9.609750687967527e-15,3.774758283725532e-15,3.774758283725532e-15,1.0434915276310958e-14,3.774758283725532e-15,NaN,converged,27,27,0,0,0,0,4,1.0434915276310958e-14,1.12.6,lbt,1,1,Intel(R) Core(TM) 7 150U,NT,2abc7cc
degen-r5-m1-d0-p1,100,AGD-SDAJ-BH,1e-7*n,1.0e-11,9,75,0.1887023,0.1861121,98.62736172267111,0.0,0.000119,0.0,0.0,0.0,0.0,0.0024711999999999868,0.2253781199386251,1.4162559831811094e-11,-1.1421444127660365e-14,1.5665246877460959e-12,1.5665246877460959e-12,3.554669298015742e-12,1.5665246877460959e-12,NaN,diag_feasible,0,0,20,20,0,0,9,1.0434915276310958e-14,1.12.6,lbt,1,1,Intel(R) Core(TM) 7 150U,NT,2abc7cc
degen-r5-m1-d0-p1,100,AGD-SDAJ,1e-7*n,1.0e-11,15,265,0.7605819,0.750148,98.62816877446072,0.0,0.0004303,0.0,0.0,0.0,0.0,0.010003599999999996,0.2253781199590328,3.6441353430548896e-11,-1.0914362311278912e-14,3.8185010708957634e-12,3.8185010708957634e-12,8.612597404228757e-12,3.8185010708957634e-12,NaN,diag_feasible,0,0,182,31,151,0,15,1.0434915276310958e-14,1.12.6,lbt,1,1,Intel(R) Core(TM) 7 150U,NT,2abc7cc
degen-r5-m1-d0-p1,100,Dykstra-APM,1e-7*n,9.999999999999999e-6,435,435,1.3134066,1.1687456,88.9858174917044,0.0,0.0,0.0,0.0,0.0856291,0.0,0.05903189999999993,0.22537811988746706,4.260611780033391e-11,-8.905562174852948e-15,1.3702372569923682e-12,1.3702372569923682e-12,9.534475963781505e-12,1.3702372569923682e-12,NaN,diag_feasible,0,0,0,0,0,0,435,1.0434915276310958e-14,1.12.6,lbt,1,1,Intel(R) Core(TM) 7 150U,NT,2abc7cc
degen-r5-m1-d0-p1,100,Anderson-APM,1e-7*n,9.999999999999999e-6,71,71,0.2169637,0.1788185,82.41862578855357,0.0,0.0,0.0,0.0,0.0,0.0340338,0.004111400000000015,0.22537811996001444,3.944566925990433e-11,-1.0183192138109804e-14,3.029354544992202e-12,3.029354544992202e-12,9.297188494317155e-12,3.029354544992202e-12,NaN,diag_feasible,0,0,0,0,0,0,71,1.0434915276310958e-14,1.12.6,lbt,1,1,Intel(R) Core(TM) 7 150U,NT,2abc7cc
degen-r5-m1-d0-p2,100,SBB-Dual,1e-7*n,1.0e-11,196,197,0.5138174,0.503597,98.01088869314273,0.0005436,0.0003286,8.89e-5,0.0,0.0,0.0,0.009259300000000019,0.23647752054649757,1.338342218287698e-11,-1.117610654968885e-14,1.45461420686388e-12,0.0,9.485149951690921e-12,1.45461420686388e-12,100.0,diag_feasible,0,0,0,0,0,0,196,1.466377258521647e-14,1.12.6,lbt,1,1,Intel(R) Core(TM) 7 150U,NT,2abc7cc
degen-r5-m1-d0-p2,100,Newton-SIN-BH,1e-7*n,9.999999999999999e-6,4,5,0.0216988,0.012699,58.523973675963646,0.0,1.15e-5,0.0,0.0083585,0.0,0.0,0.0006298000000000015,0.23647752054647522,0.0,-8.253878391306232e-15,6.217248937900877e-15,6.217248937900877e-15,1.466377258521647e-14,6.217248937900877e-15,NaN,converged,29,29,0,0,0,0,4,1.466377258521647e-14,1.12.6,lbt,1,1,Intel(R) Core(TM) 7 150U,NT,2abc7cc
degen-r5-m1-d0-p2,100,Newton-SIN,1e-7*n,9.999999999999999e-6,5,15,0.0466808,0.040448899999999996,86.64997172284964,0.0,2.29e-5,0.0,0.0055854,0.0,0.0,0.0006236000000000054,0.2364775205465083,1.1081054922983551e-13,-1.0210190331272062e-14,2.9976021664879227e-15,2.9976021664879227e-15,1.3137274257637483e-14,2.9976021664879227e-15,NaN,converged,41,41,4,0,0,0,5,1.466377258521647e-14,1.12.6,lbt,1,1,Intel(R) Core(TM) 7 150U,NT,2abc7cc
degen-r5-m1-d0-p2,100,AGD-SDAJ-BH,1e-7*n,1.0e-11,12,109,0.3150896,0.3111906,98.76257420111611,0.0,0.0001857,0.0,0.0,0.0,0.0,0.0037133000000000413,0.2364775205306052,3.06939176301799e-11,-8.464388645426001e-15,2.3565593920693573e-12,2.3565593920693573e-12,9.396482175170112e-12,2.3565593920693573e-12,NaN,diag_feasible_at_xpre,0,0,38,38,0,0,12,1.466377258521647e-14,1.12.6,lbt,1,1,Intel(R) Core(TM) 7 150U,NT,2abc7cc
degen-r5-m1-d0-p2,100,AGD-SDAJ,1e-7*n,1.0e-11,13,134,0.3475022,0.34307269999999995,98.72533181084896,0.0,0.0002218,0.0,0.0,0.0,0.0,0.00420770000000003,0.23647752053404772,2.1371083578727436e-11,-9.345831277880159e-15,2.8791413697604185e-12,2.8791413697604185e-12,6.712491878756405e-12,2.8791413697604185e-12,NaN,diag_feasible_at_xpre,0,0,57,28,29,0,13,1.466377258521647e-14,1.12.6,lbt,1,1,Intel(R) Core(TM) 7 150U,NT,2abc7cc
degen-r5-m1-d0-p2,100,Dykstra-APM,1e-7*n,9.999999999999999e-6,401,401,1.2196092,1.0849833,88.96155424212935,0.0,0.0,0.0,0.0,0.0795581,0.0,0.05506780000000007,0.2364775205092665,4.168526583987054e-11,-1.0030613754392303e-14,1.4908074774666602e-12,1.4908074774666602e-12,9.714277776820944e-12,1.4908074774666602e-12,NaN,diag_feasible,0,0,0,0,0,0,401,1.466377258521647e-14,1.12.6,lbt,1,1,Intel(R) Core(TM) 7 150U,NT,2abc7cc
degen-r5-m1-d0-p2,100,Anderson-APM,1e-7*n,9.999999999999999e-6,76,76,0.2332319,0.1909328,81.86393027711904,0.0,0.0,0.0,0.0,0.0,0.0376929,0.004606199999999977,0.236477520563911,2.8384077332105983e-11,-7.663537137820273e-15,3.2729374765949615e-12,3.2729374765949615e-12,7.938443404675603e-12,3.2729374765949615e-12,NaN,diag_feasible,0,0,0,0,0,0,76,1.466377258521647e-14,1.12.6,lbt,1,1,Intel(R) Core(TM) 7 150U,NT,2abc7cc
degen-r5-m1-d0-p3,100,SBB-Dual,1e-7*n,1.0e-11,200,201,0.5076575,0.5001135,98.51395872216997,0.0005442,0.0003282,7.28e-5,0.0,0.0,0.0,0.006598799999999996,0.23633840108633908,1.4222177382354281e-11,-1.0574751691274795e-14,1.6493473253831326e-12,0.0,9.673790383002055e-12,1.6493473253831326e-12,100.0,diag_feasible,0,0,0,0,0,0,200,1.6628161271769187e-14,1.12.6,lbt,1,1,Intel(R) Core(TM) 7 150U,NT,2abc7cc
degen-r5-m1-d0-p3,100,Newton-SIN-BH,1e-7*n,9.999999999999999e-6,4,5,0.0172689,0.011801500000000001,68.33961630445484,0.0,9.6e-6,0.0,0.0048915,0.0,0.0,0.0005662999999999987,0.23633840108630477,0.0,-9.1187311258514e-15,6.217248937900877e-15,6.217248937900877e-15,1.6628161271769187e-14,6.217248937900877e-15,NaN,converged,32,32,0,0,0,0,4,1.6628161271769187e-14,1.12.6,lbt,1,1,Intel(R) Core(TM) 7 150U,NT,2abc7cc
degen-r5-m1-d0-p3,100,Newton-SIN,1e-7*n,9.999999999999999e-6,100,2583,7.8394328,7.3217824,93.39683860801766,0.0,0.0042824,0.0,0.3486793,0.0,0.0,0.1646886999999999,0.23633840107535012,4.081111659535793e-11,-9.167895071616012e-15,1.2571721441645423e-11,1.2571721441645423e-11,1.3784193119884611e-11,1.2571721441645423e-11,NaN,max_iter,1472,1472,2382,0,0,0,100,1.6628161271769187e-14,1.12.6,lbt,1,1,Intel(R) Core(TM) 7 150U,NT,2abc7cc
degen-r5-m1-d0-p3,100,AGD-SDAJ-BH,1e-7*n,1.0e-11,11,99,0.2931177,0.286223,97.64780496025999,0.0,0.0001942,0.0,0.0,0.0,0.0,0.006700499999999976,0.23633840106545467,2.5596756090835264e-11,-1.114701198493622e-14,5.154765503334602e-12,5.154765503334602e-12,7.893025970033696e-12,5.154765503334602e-12,NaN,diag_feasible_at_xpre,0,0,36,36,0,0,11,1.6628161271769187e-14,1.12.6,lbt,1,1,Intel(R) Core(TM) 7 150U,NT,2abc7cc
degen-r5-m1-d0-p3,100,AGD-SDAJ,1e-7*n,1.0e-11,13,135,0.3743058,0.3695657,98.73362902738883,0.0,0.0002213,0.0,0.0,0.0,0.0,0.004518800000000025,0.2363384010660553,2.6470432025931835e-11,-9.631557101364846e-15,1.9010348850656555e-12,1.9010348850656555e-12,6.462747183918036e-12,1.9010348850656555e-12,NaN,diag_feasible_at_xpre,0,0,60,43,17,0,13,1.6628161271769187e-14,1.12.6,lbt,1,1,Intel(R) Core(TM) 7 150U,NT,2abc7cc
degen-r5-m1-d0-p3,100,Dykstra-APM,1e-7*n,9.999999999999999e-6,409,409,1.4401273,1.2869829,89.36591230511357,0.0,0.0,0.0,0.0,0.0829758,0.0,0.07016860000000018,0.2363384010489078,4.276334695239258e-11,-1.0027808565236382e-14,1.6830981053317373e-12,1.6830981053317373e-12,9.863313513596667e-12,1.6830981053317373e-12,NaN,diag_feasible,0,0,0,0,0,0,409,1.6628161271769187e-14,1.12.6,lbt,1,1,Intel(R) Core(TM) 7 150U,NT,2abc7cc
degen-r5-m1-d0-p3,100,Anderson-APM,1e-7*n,9.999999999999999e-6,147,147,0.4603805,0.3723488,80.87849072669236,0.0,0.0,0.0,0.0,0.0,0.0793963,0.008635400000000043,0.236338401114825,3.788130344526083e-11,-1.1943079458786566e-14,2.592037695592353e-12,2.592037695592353e-12,9.437028136440111e-12,2.592037695592353e-12,NaN,diag_feasible,0,0,0,0,0,0,147,1.6628161271769187e-14,1.12.6,lbt,1,1,Intel(R) Core(TM) 7 150U,NT,2abc7cc
degen-r5-m1-d0-p4,100,SBB-Dual,1e-7*n,1.0e-11,201,202,0.5081233,0.5011267,98.623050743786,0.000517,0.0003179,7.58e-5,0.0,0.0,0.0,0.006085900000000019,0.23581792981844163,1.1236372842429478e-11,-8.28090828647117e-15,1.3020695632803836e-12,0.0,9.125632106522052e-12,1.3020695632803836e-12,100.0,diag_feasible,0,0,0,0,0,0,201,2.045764801053716e-14,1.12.6,lbt,1,1,Intel(R) Core(TM) 7 150U,NT,2abc7cc
degen-r5-m1-d0-p4,100,Newton-SIN-BH,1e-7*n,9.999999999999999e-6,4,5,0.0163169,0.0120333,73.74746428549541,0.0,1.11e-5,0.0,0.003827,0.0,0.0,0.0004454999999999984,0.23581792981842323,0.0,-7.518416632688104e-15,4.884981308350689e-15,4.884981308350689e-15,2.045764801053716e-14,4.884981308350689e-15,NaN,converged,28,28,0,0,0,0,4,2.045764801053716e-14,1.12.6,lbt,1,1,Intel(R) Core(TM) 7 150U,NT,2abc7cc
degen-r5-m1-d0-p4,100,Newton-SIN,1e-7*n,9.999999999999999e-6,5,12,0.0355052,0.0295166,83.13317485889391,0.0,1.44e-5,0.0,0.0055151,0.0,0.0,0.0004590999999999996,0.23581792981847374,1.31116142334859e-13,-8.818011794791862e-15,4.440892098500626e-15,4.440892098500626e-15,1.7712842040405863e-14,4.440892098500626e-15,NaN,converged,41,41,1,0,0,0,5,2.045764801053716e-14,1.12.6,lbt,1,1,Intel(R) Core(TM) 7 150U,NT,2abc7cc
degen-r5-m1-d0-p4,100,AGD-SDAJ-BH,1e-7*n,1.0e-11,15,131,0.3584208,0.35386140000000005,98.72791980822544,0.0,0.000221,0.0,0.0,0.0,0.0,0.004338399999999936,0.235817929803715,1.889284257682843e-11,-9.777299162386008e-15,1.5225598559709397e-12,1.5225598559709397e-12,4.682335159690916e-12,1.5225598559709397e-12,NaN,diag_feasible_at_xpre,0,0,44,44,0,0,15,2.045764801053716e-14,1.12.6,lbt,1,1,Intel(R) Core(TM) 7 150U,NT,2abc7cc
degen-r5-m1-d0-p4,100,AGD-SDAJ,1e-7*n,1.0e-11,13,121,0.3249672,0.320945,98.76227508499318,0.0,0.0001953,0.0,0.0,0.0,0.0,0.0038269000000000315,0.23581792979899485,2.485234962099655e-11,-8.657045929312447e-15,2.1472823519275153e-12,2.1472823519275153e-12,6.152549851157394e-12,2.1472823519275153e-12,NaN,diag_feasible_at_xpre,0,0,46,34,12,0,13,2.045764801053716e-14,1.12.6,lbt,1,1,Intel(R) Core(TM) 7 150U,NT,2abc7cc
degen-r5-m1-d0-p4,100,Dykstra-APM,1e-7*n,9.999999999999999e-6,410,410,1.3264502,1.1204229,84.46776969086363,0.0,0.0,0.0,0.0,0.137849,0.0,0.06817829999999991,0.23581792978040514,4.2729808874337504e-11,-7.937407479439759e-15,1.404876215360673e-12,1.404876215360673e-12,9.843550557991543e-12,1.404876215360673e-12,NaN,diag_feasible,0,0,0,0,0,0,410,2.045764801053716e-14,1.12.6,lbt,1,1,Intel(R) Core(TM) 7 150U,NT,2abc7cc
degen-r5-m1-d0-p4,100,Anderson-APM,1e-7*n,9.999999999999999e-6,46,46,0.1344375,0.1089977,81.07685727568574,0.0,0.0,0.0,0.0,0.0,0.0227159,0.002723899999999984,0.23581792979554106,3.007440660216395e-11,-1.0568088303877319e-14,1.7756907055854754e-12,1.7756907055854754e-12,7.537964782397865e-12,1.7756907055854754e-12,NaN,diag_feasible,0,0,0,0,0,0,46,2.045764801053716e-14,1.12.6,lbt,1,1,Intel(R) Core(TM) 7 150U,NT,2abc7cc
degen-r5-m5-d0.01-p0,100,SBB-Dual,1e-7*n,1.0e-11,212,213,0.5278164,0.5205007,98.61396879672554,0.0006502,0.0003307,8.51e-5,0.0,0.0,0.0,0.006249699999999925,0.27435319695317345,8.742504897319039e-12,-1.1309386925774991e-14,1.3309353619206377e-12,0.0,9.435141129981328e-12,1.3309353619206377e-12,100.0,diag_feasible,0,0,0,0,0,0,212,2.410258133348075e-14,1.12.6,lbt,1,1,Intel(R) Core(TM) 7 150U,NT,2abc7cc
degen-r5-m5-d0.01-p0,100,Newton-SIN-BH,1e-7*n,9.999999999999999e-6,4,5,0.0173295,0.0130044,75.04198043798148,0.0,9.3e-6,0.0,0.0038352,0.0,0.0,0.0004806000000000016,0.2743531969531454,0.0,-9.213652533533956e-15,5.440092820663267e-15,5.440092820663267e-15,2.410258133348075e-14,5.440092820663267e-15,NaN,converged,30,30,0,0,0,0,4,2.410258133348075e-14,1.12.6,lbt,1,1,Intel(R) Core(TM) 7 150U,NT,2abc7cc
degen-r5-m5-d0.01-p0,100,Newton-SIN,1e-7*n,9.999999999999999e-6,5,15,0.0455647,0.039517699999999996,86.72876151933404,0.0,2.06e-5,0.0,0.0054556,0.0,0.0,0.0005708000000000041,0.2743531969510808,2.6325645666201773e-11,-9.732914881071905e-15,6.723288592525023e-12,6.723288592525023e-12,8.636101771096397e-12,6.723288592525023e-12,NaN,converged,44,44,4,0,0,0,5,2.410258133348075e-14,1.12.6,lbt,1,1,Intel(R) Core(TM) 7 150U,NT,2abc7cc
degen-r5-m5-d0.01-p0,100,AGD-SDAJ-BH,1e-7*n,1.0e-11,9,78,0.207977,0.2053739,98.74837121412463,0.0,0.0001206,0.0,0.0,0.0,0.0,0.002482499999999997,0.27435319694573024,1.2264748656949596e-11,-7.649720838509083e-15,8.471001677889944e-13,8.471001677889944e-13,3.24619435342162e-12,8.471001677889944e-13,NaN,diag_feasible,0,0,23,23,0,0,9,2.410258133348075e-14,1.12.6,lbt,1,1,Intel(R) Core(TM) 7 150U,NT,2abc7cc
degen-r5-m5-d0.01-p0,100,AGD-SDAJ,1e-7*n,1.0e-11,10,98,0.2653072,0.26209330000000003,98.78861184317651,0.0,0.0001589,0.0,0.0,0.0,0.0,0.0030549999999999917,0.274353196945645,1.2498749625911721e-11,-9.639669250516067e-15,8.953948693601887e-13,8.953948693601887e-13,3.325365547803674e-12,8.953948693601887e-13,NaN,diag_feasible,0,0,37,25,12,0,10,2.410258133348075e-14,1.12.6,lbt,1,1,Intel(R) Core(TM) 7 150U,NT,2abc7cc
degen-r5-m5-d0.01-p0,100,Dykstra-APM,1e-7*n,9.999999999999999e-6,433,433,1.332661,1.1677277,87.6237617818785,0.0,0.0,0.0,0.0,0.1073111,0.0,0.057622200000000165,0.2743531969219908,4.3216933381692245e-11,-9.374892278034809e-15,1.3524736885983657e-12,1.3524736885983657e-12,9.584861388562776e-12,1.3524736885983657e-12,NaN,diag_feasible,0,0,0,0,0,0,433,2.410258133348075e-14,1.12.6,lbt,1,1,Intel(R) Core(TM) 7 150U,NT,2abc7cc
degen-r5-m5-d0.01-p0,100,Anderson-APM,1e-7*n,9.999999999999999e-6,90,90,0.273305,0.2252408,82.41371361665537,0.0,0.0,0.0,0.0,0.0,0.0430528,0.005011400000000027,0.2743531969290829,3.708338874822475e-11,-9.195252751122763e-15,2.4069635173873394e-12,2.4069635173873394e-12,9.044472191155053e-12,2.4069635173873394e-12,NaN,diag_feasible,0,0,0,0,0,0,90,2.410258133348075e-14,1.12.6,lbt,1,1,Intel(R) Core(TM) 7 150U,NT,2abc7cc
degen-r5-m5-d0.01-p1,100,SBB-Dual,1e-7*n,1.0e-11,211,212,0.5306649,0.5224388,98.44985036696416,0.0007547,0.0003321,0.0001085,0.0,0.0,0.0,0.007030800000000014,0.2703201781781981,8.085370657406016e-12,-9.787614967681462e-15,1.2798651027878805e-12,0.0,9.167512119006837e-12,1.2798651027878805e-12,100.0,diag_feasible,0,0,0,0,0,0,211,1.3321288444433422e-14,1.12.6,lbt,1,1,Intel(R) Core(TM) 7 150U,NT,2abc7cc
degen-r5-m5-d0.01-p1,100,Newton-SIN-BH,1e-7*n,9.999999999999999e-6,3,4,0.0133347,0.010562199999999999,79.20838114093306,0.0,9.7e-6,0.0,0.0020311,0.0,0.0,0.0007317000000000005,0.2703201781756033,2.7635682291602915e-11,-8.50371358341155e-15,5.702993632894504e-12,5.702993632894504e-12,9.330251725175277e-12,5.702993632894504e-12,NaN,converged,16,16,0,0,0,0,3,1.3321288444433422e-14,1.12.6,lbt,1,1,Intel(R) Core(TM) 7 150U,NT,2abc7cc
degen-r5-m5-d0.01-p1,100,Newton-SIN,1e-7*n,9.999999999999999e-6,3,7,0.0194877,0.0171324,87.91391493095644,0.0,9.2e-6,0.0,0.0020344,0.0,0.0,0.0003117000000000011,0.2703201781756033,2.7635682291602915e-11,-8.50371358341155e-15,5.702993632894504e-12,5.702993632894504e-12,9.330251725175277e-12,5.702993632894504e-12,NaN,converged,16,16,0,0,0,0,3,1.3321288444433422e-14,1.12.6,lbt,1,1,Intel(R) Core(TM) 7 150U,NT,2abc7cc
degen-r5-m5-d0.01-p1,100,AGD-SDAJ-BH,1e-7*n,1.0e-11,10,77,0.2107986,0.2079063,98.62793206406494,0.0,0.0001322,0.0,0.0,0.0,0.0,0.0027601000000000145,0.27032017816505116,2.055163150223831e-11,-1.1003553616422609e-14,2.3379076452556546e-12,2.3379076452556546e-12,5.3538074822558485e-12,2.3379076452556546e-12,NaN,diag_feasible_at_xpre,0,0,20,20,0,0,10,1.3321288444433422e-14,1.12.6,lbt,1,1,Intel(R) Core(TM) 7 150U,NT,2abc7cc
degen-r5-m5-d0.01-p1,100,AGD-SDAJ,1e-7*n,1.0e-11,10,79,0.2667769,0.26027669999999997,97.56343221620762,0.0,0.0001658,0.0,0.0,0.0,0.0,0.006334400000000012,0.27032017816501086,2.0530086405626906e-11,-6.834372755717792e-15,2.300715173930712e-12,2.300715173930712e-12,5.329342584129328e-12,2.300715173930712e-12,NaN,diag_feasible_at_xpre,0,0,22,20,2,0,10,1.3321288444433422e-14,1.12.6,lbt,1,1,Intel(R) Core(TM) 7 150U,NT,2abc7cc
degen-r5-m5-d0.01-p1,100,Dykstra-APM,1e-7*n,9.999999999999999e-6,430,430,1.2888573,1.1213161,87.00079520052375,0.0,0.0,0.0,0.0,0.109978,0.0,0.05756320000000005,0.2703201781456455,4.4154418742224015e-11,-9.964950117452256e-15,1.3720136138317685e-12,1.3720136138317685e-12,9.816291952741606e-12,1.3720136138317685e-12,NaN,diag_feasible,0,0,0,0,0,0,430,1.3321288444433422e-14,1.12.6,lbt,1,1,Intel(R) Core(TM) 7 150U,NT,2abc7cc
degen-r5-m5-d0.01-p1,100,Anderson-APM,1e-7*n,9.999999999999999e-6,59,59,0.1760024,0.1453598,82.5896692317832,0.0,0.0,0.0,0.0,0.0,0.0270366,0.003605999999999991,0.270320178205547,3.7751705450324364e-11,-9.03588688628946e-15,2.5366375666635577e-12,2.5366375666635577e-12,8.605662031198118e-12,2.5366375666635577e-12,NaN,diag_feasible,0,0,0,0,0,0,59,1.3321288444433422e-14,1.12.6,lbt,1,1,Intel(R) Core(TM) 7 150U,NT,2abc7cc
degen-r5-m5-d0.01-p2,100,SBB-Dual,1e-7*n,1.0e-11,210,211,0.5264467,0.5185976,98.50904184602163,0.000693,0.0003489,0.0001027,0.0,0.0,0.0,0.006704500000000053,0.2804626431474382,7.697894584052594e-12,-1.1118091824392441e-14,1.3449241720309146e-12,0.0,9.207674805933517e-12,1.3449241720309146e-12,100.0,diag_feasible,0,0,0,0,0,0,210,9.444729326359476e-15,1.12.6,lbt,1,1,Intel(R) Core(TM) 7 150U,NT,2abc7cc
degen-r5-m5-d0.01-p2,100,Newton-SIN-BH,1e-7*n,9.999999999999999e-6,3,4,0.0142099,0.011767999999999999,82.81550186841568,0.0,9.4e-6,0.0,0.0019746,0.0,0.0,0.00045790000000000023,0.2804626431465084,2.0100982303112046e-11,-1.1829893913148931e-14,2.956968003786642e-12,2.956968003786642e-12,6.256827902877506e-12,2.956968003786642e-12,NaN,converged,15,15,0,0,0,0,3,9.444729326359476e-15,1.12.6,lbt,1,1,Intel(R) Core(TM) 7 150U,NT,2abc7cc
degen-r5-m5-d0.01-p2,100,Newton-SIN,1e-7*n,9.999999999999999e-6,3,7,0.0196688,0.017322999999999998,88.07349711217765,0.0,9.5e-6,0.0,0.0020061,0.0,0.0,0.0003302000000000023,0.2804626431465084,2.0100982303112046e-11,-1.1829893913148931e-14,2.956968003786642e-12,2.956968003786642e-12,6.256827902877506e-12,2.956968003786642e-12,NaN,converged,15,15,0,0,0,0,3,9.444729326359476e-15,1.12.6,lbt,1,1,Intel(R) Core(TM) 7 150U,NT,2abc7cc
degen-r5-m5-d0.01-p2,100,AGD-SDAJ-BH,1e-7*n,1.0e-11,9,64,0.1624779,0.160274,98.64356937158838,0.0,9.76e-5,0.0,0.0,0.0,0.0,0.0021063000000000084,0.28046264313688446,1.9912000949960007e-11,-8.071211293482569e-15,1.630917623174355e-12,1.630917623174355e-12,5.524900760552006e-12,1.630917623174355e-12,NaN,diag_feasible_at_xpre,0,0,13,13,0,0,9,9.444729326359476e-15,1.12.6,lbt,1,1,Intel(R) Core(TM) 7 150U,NT,2abc7cc
degen-r5-m5-d0.01-p2,100,AGD-SDAJ,1e-7*n,1.0e-11,9,80,0.2132479,0.21044449999999998,98.68537978568604,0.0,0.0001402,0.0,0.0,0.0,0.0,0.0026632000000000114,0.2804626431240911,3.441998739781983e-11,-1.1411920102958042e-14,2.6711965972481266e-12,2.6711965972481266e-12,8.155100118181442e-12,2.6711965972481266e-12,NaN,diag_feasible,0,0,25,14,11,0,9,9.444729326359476e-15,1.12.6,lbt,1,1,Intel(R) Core(TM) 7 150U,NT,2abc7cc
degen-r5-m5-d0.01-p2,100,Dykstra-APM,1e-7*n,9.999999999999999e-6,428,428,1.3474349,1.1239071,83.41086459909862,0.0,0.0,0.0,0.0,0.1635683,0.0,0.059959500000000054,0.28046264311585994,4.4440965557765255e-11,-9.236889209120048e-15,1.4430678874077785e-12,1.4430678874077785e-12,9.876772094393147e-12,1.4430678874077785e-12,NaN,diag_feasible,0,0,0,0,0,0,428,9.444729326359476e-15,1.12.6,lbt,1,1,Intel(R) Core(TM) 7 150U,NT,2abc7cc
degen-r5-m5-d0.01-p2,100,Anderson-APM,1e-7*n,9.999999999999999e-6,51,51,0.1550697,0.1272606,82.06670935714715,0.0,0.0,0.0,0.0,0.0,0.0243089,0.003500200000000002,0.28046264315872405,2.3876671204067105e-11,-9.513043736803493e-15,1.6949774916952265e-12,1.6949774916952265e-12,6.301922576937879e-12,1.6949774916952265e-12,NaN,diag_feasible,0,0,0,0,0,0,51,9.444729326359476e-15,1.12.6,lbt,1,1,Intel(R) Core(TM) 7 150U,NT,2abc7cc
degen-r5-m5-d0.01-p3,100,SBB-Dual,1e-7*n,1.0e-11,212,213,0.5456615,0.537918,98.58089676475251,0.0006173,0.0003636,8.76e-5,0.0,0.0,0.0,0.006675000000000013,0.28088559315905126,1.161547789721659e-11,-1.1827007110183949e-14,1.5647483309066956e-12,0.0,9.936143087632023e-12,1.5647483309066956e-12,100.0,diag_feasible,0,0,0,0,0,0,212,1.4655364458042813e-14,1.12.6,lbt,1,1,Intel(R) Core(TM) 7 150U,NT,2abc7cc
degen-r5-m5-d0.01-p3,100,Newton-SIN-BH,1e-7*n,9.999999999999999e-6,4,5,0.0162707,0.0120098,73.8124358509468,0.0,1.22e-5,0.0,0.0037205,0.0,0.0,0.0005281999999999995,0.28088559315902745,0.0,-1.0759948749829878e-14,3.552713678800501e-15,3.552713678800501e-15,1.4655364458042813e-14,3.552713678800501e-15,NaN,converged,29,29,0,0,0,0,4,1.4655364458042813e-14,1.12.6,lbt,1,1,Intel(R) Core(TM) 7 150U,NT,2abc7cc
degen-r5-m5-d0.01-p3,100,Newton-SIN,1e-7*n,9.999999999999999e-6,6,16,0.0531967,0.04493370000000001,84.46708160468602,0.0,2.03e-5,0.0,0.0076407,0.0,0.0,0.0006019999999999932,0.28088559315906425,1.5125923591705751e-13,-9.407520799630314e-15,6.217248937900877e-15,6.217248937900877e-15,1.4310684350035855e-14,6.217248937900877e-15,NaN,converged,59,59,3,0,0,0,6,1.4655364458042813e-14,1.12.6,lbt,1,1,Intel(R) Core(TM) 7 150U,NT,2abc7cc
degen-r5-m5-d0.01-p3,100,AGD-SDAJ-BH,1e-7*n,1.0e-11,12,100,0.2694608,0.26521659999999997,98.42492859814858,0.0,0.0001639,0.0,0.0,0.0,0.0,0.0040803000000000315,0.28088559314648587,1.9913601392337006e-11,-1.0283149848156327e-14,2.8175239918937223e-12,2.8175239918937223e-12,5.040528886229976e-12,2.8175239918937223e-12,NaN,diag_feasible,0,0,27,27,0,0,12,1.4655364458042813e-14,1.12.6,lbt,1,1,Intel(R) Core(TM) 7 150U,NT,2abc7cc
degen-r5-m5-d0.01-p3,100,AGD-SDAJ,1e-7*n,1.0e-11,145,4000,10.4096615,10.1957959,97.94550860275332,0.0,0.0051049,0.0,0.0,0.0,0.0,0.2087607000000001,0.280885593075829,1.630571420799494e-10,-8.31307066181316e-15,2.94453350591084e-11,2.94453350591084e-11,4.742423777671688e-11,2.94453350591084e-11,NaN,evd_budget,0,0,3264,155,3109,0,145,1.4655364458042813e-14,1.12.6,lbt,1,1,Intel(R) Core(TM) 7 150U,NT,2abc7cc
degen-r5-m5-d0.01-p3,100,Dykstra-APM,1e-7*n,9.999999999999999e-6,434,434,0.7234967,0.6339379,87.62139481769579,0.0,0.0,0.0,0.0,0.0562633,0.0,0.033295499999999936,0.28088559312882133,4.338870955704738e-11,-8.994340513663581e-15,1.5094592242803628e-12,1.5094592242803628e-12,9.589830898612452e-12,1.5094592242803628e-12,NaN,diag_feasible,0,0,0,0,0,0,434,1.4655364458042813e-14,1.12.6,lbt,1,1,Intel(R) Core(TM) 7 150U,NT,2abc7cc
degen-r5-m5-d0.01-p3,100,Anderson-APM,1e-7*n,9.999999999999999e-6,62,62,0.1202264,0.1016093,84.51496509917955,0.0,0.0,0.0,0.0,0.0,0.0163146,0.002302499999999999,0.2808855931342228,3.825180195852169e-11,-1.0774349142898225e-14,2.000399845769607e-12,2.000399845769607e-12,8.961413784929166e-12,2.000399845769607e-12,NaN,diag_feasible,0,0,0,0,0,0,62,1.4655364458042813e-14,1.12.6,lbt,1,1,Intel(R) Core(TM) 7 150U,NT,2abc7cc
degen-r5-m5-d0.01-p4,100,SBB-Dual,1e-7*n,1.0e-11,210,211,0.2753731,0.2719001,98.73880201079916,0.0002083,0.0001244,4.5e-5,0.0,0.0,0.0,0.003095300000000004,0.2810232691027027,6.94451606018757e-12,-1.0818773237737905e-14,1.20525811553307e-12,0.0,9.14522619728968e-12,1.20525811553307e-12,100.0,diag_feasible,0,0,0,0,0,0,210,1.6344428713849536e-14,1.12.6,lbt,1,1,Intel(R) Core(TM) 7 150U,NT,2abc7cc
degen-r5-m5-d0.01-p4,100,Newton-SIN-BH,1e-7*n,9.999999999999999e-6,4,5,0.0107743,0.008341099999999999,77.41663031473041,0.0,5.2e-6,0.0,0.0021474,0.0,0.0,0.00028060000000000194,0.2810232691026785,0.0,-8.611774800597773e-15,5.995204332975845e-15,5.995204332975845e-15,1.6344428713849536e-14,5.995204332975845e-15,NaN,converged,27,27,0,0,0,0,4,1.6344428713849536e-14,1.12.6,lbt,1,1,Intel(R) Core(TM) 7 150U,NT,2abc7cc
degen-r5-m5-d0.01-p4,100,Newton-SIN,1e-7*n,9.999999999999999e-6,4,10,0.0151613,0.013408,88.43568823253942,0.0,4.9e-6,0.0,0.001584,0.0,0.0,0.00016440000000000118,0.2810232691019289,1.8689994333940014e-11,-1.0936993041770157e-14,2.1227464230832993e-12,2.1227464230832993e-12,5.893207305315287e-12,2.1227464230832993e-12,NaN,converged,27,27,1,0,0,0,4,1.6344428713849536e-14,1.12.6,lbt,1,1,Intel(R) Core(TM) 7 150U,NT,2abc7cc
degen-r5-m5-d0.01-p4,100,AGD-SDAJ-BH,1e-7*n,1.0e-11,11,98,0.1438817,0.1423306,98.92196158371773,0.0,5.97e-5,0.0,0.0,0.0,0.0,0.0014913999999999997,0.281023269085747,2.7087780127243037e-11,-7.790221232661029e-15,4.1024961205948784e-12,4.1024961205948784e-12,6.959820577854471e-12,4.1024961205948784e-12,NaN,diag_feasible,0,0,31,31,0,0,11,1.6344428713849536e-14,1.12.6,lbt,1,1,Intel(R) Core(TM) 7 150U,NT,2abc7cc
degen-r5-m5-d0.01-p4,100,AGD-SDAJ,1e-7*n,1.0e-11,11,94,0.1491761,0.14761829999999998,98.95573084428402,0.0,6.48e-5,0.0,0.0,0.0,0.0,0.0014930000000000258,0.2810232690887538,2.129714257685607e-11,-7.574020560850947e-15,3.128830527998616e-12,3.128830527998616e-12,5.283710988210828e-12,3.128830527998616e-12,NaN,diag_feasible,0,0,29,23,6,0,11,1.6344428713849536e-14,1.12.6,lbt,1,1,Intel(R) Core(TM) 7 150U,NT,2abc7cc
degen-r5-m5-d0.01-p4,100,Dykstra-APM,1e-7*n,9.999999999999999e-6,428,428,0.6683753,0.5896183,88.21665013653258,0.0,0.0,0.0,0.0,0.0389818,0.0,0.03977519999999997,0.2810232690713836,4.4054426453889894e-11,-8.791691856391739e-15,1.2927436898735323e-12,1.2927436898735323e-12,9.804729658709285e-12,1.2927436898735323e-12,NaN,diag_feasible,0,0,0,0,0,0,428,1.6344428713849536e-14,1.12.6,lbt,1,1,Intel(R) Core(TM) 7 150U,NT,2abc7cc
degen-r5-m5-d0.01-p4,100,Anderson-APM,1e-7*n,9.999999999999999e-6,44,44,0.0782994,0.0657922,84.02644209278742,0.0,0.0,0.0,0.0,0.0,0.0108782,0.0016290000000000106,0.281023269099703,1.5838408209973506e-11,-9.31326094508081e-15,2.3439028495886305e-12,2.3439028495886305e-12,4.62959179503178e-12,2.3439028495886305e-12,NaN,diag_feasible,0,0,0,0,0,0,44,1.6344428713849536e-14,1.12.6,lbt,1,1,Intel(R) Core(TM) 7 150U,NT,2abc7cc
degen-r5-m5-d0.0001-p0,100,SBB-Dual,1e-7*n,1.0e-11,200,201,0.2684379,0.2650116,98.72361540602128,0.0002074,0.000114,4.34e-5,0.0,0.0,0.0,0.0030614999999999935,0.2868412187289493,9.130014282802699e-12,-9.998871298804525e-15,1.397548743398147e-12,0.0,9.901471528947642e-12,1.397548743398147e-12,100.0,diag_feasible,0,0,0,0,0,0,200,3.025841516210221e-14,1.12.6,lbt,1,1,Intel(R) Core(TM) 7 150U,NT,2abc7cc
degen-r5-m5-d0.0001-p0,100,Newton-SIN-BH,1e-7*n,9.999999999999999e-6,5,6,0.0166119,0.0125914,75.79747048802366,0.0,8.6e-6,0.0,0.0036018,0.0,0.0,0.0004100999999999979,0.2868412187289445,0.0,-7.73049331222982e-15,7.993605777301127e-15,7.993605777301127e-15,3.025841516210221e-14,7.993605777301127e-15,NaN,converged,34,34,0,0,0,0,5,3.025841516210221e-14,1.12.6,lbt,1,1,Intel(R) Core(TM) 7 150U,NT,2abc7cc
degen-r5-m5-d0.0001-p0,100,Newton-SIN,1e-7*n,9.999999999999999e-6,8,21,0.0328937,0.0280813,85.36984285744687,0.0,9.5e-6,0.0,0.0045049,0.0,0.0,0.0002979999999999979,0.2868412187289556,2.5494542642391935e-13,-9.600898419384755e-15,6.994405055138486e-15,6.994405055138486e-15,2.8320263902875826e-14,6.994405055138486e-15,NaN,converged,73,73,4,0,0,0,8,3.025841516210221e-14,1.12.6,lbt,1,1,Intel(R) Core(TM) 7 150U,NT,2abc7cc
degen-r5-m5-d0.0001-p0,100,AGD-SDAJ-BH,1e-7*n,1.0e-11,11,93,0.1324043,0.13090469999999998,98.86740838477299,0.0,5.65e-5,0.0,0.0,0.0,0.0,0.0014431000000000177,0.2868412187169475,1.878840867200833e-11,-9.0810883603116e-15,2.5146551507759796e-12,2.5146551507759796e-12,4.653393257930645e-12,2.5146551507759796e-12,NaN,diag_feasible,0,0,26,26,0,0,11,3.025841516210221e-14,1.12.6,lbt,1,1,Intel(R) Core(TM) 7 150U,NT,2abc7cc
degen-r5-m5-d0.0001-p0,100,AGD-SDAJ,1e-7*n,1.0e-11,132,4008,6.2392928,5.972295,95.72070411569722,0.0,0.0026662,0.0,0.0,0.0,0.0,0.2643316000000004,0.286841218315385,6.427250954002588e-10,-1.1083899848258314e-14,6.015321574182053e-11,6.015321574182053e-11,1.5577757489588762e-10,6.015321574182053e-11,NaN,evd_budget,0,0,3338,390,2948,0,132,3.025841516210221e-14,1.12.6,lbt,1,1,Intel(R) Core(TM) 7 150U,NT,2abc7cc
degen-r5-m5-d0.0001-p0,100,Dykstra-APM,1e-7*n,9.999999999999999e-6,410,410,0.7266693,0.6471432,89.05608094355989,0.0,0.0,0.0,0.0,0.0558906,0.0,0.023635499999999934,0.2868412186992624,4.3283031794707844e-11,-8.691896153050656e-15,1.3538059562279159e-12,1.3538059562279159e-12,9.592183638392019e-12,1.3538059562279159e-12,NaN,diag_feasible,0,0,0,0,0,0,410,3.025841516210221e-14,1.12.6,lbt,1,1,Intel(R) Core(TM) 7 150U,NT,2abc7cc
degen-r5-m5-d0.0001-p0,100,Anderson-APM,1e-7*n,9.999999999999999e-6,129,129,0.2226654,0.1862944,83.6656256427806,0.0,0.0,0.0,0.0,0.0,0.0323967,0.003974300000000014,0.28684121874284313,3.363423724242729e-11,-1.084381592820383e-14,3.35187433364581e-12,3.35187433364581e-12,9.924429899946015e-12,3.35187433364581e-12,NaN,diag_feasible,0,0,0,0,0,0,129,3.025841516210221e-14,1.12.6,lbt,1,1,Intel(R) Core(TM) 7 150U,NT,2abc7cc
degen-r5-m5-d0.0001-p1,100,SBB-Dual,1e-7*n,1.0e-11,198,199,0.2655446,0.262087,98.69792117783604,0.0002355,0.0001375,4.73e-5,0.0,0.0,0.0,0.003037300000000005,0.2820511119453217,8.499222373839705e-12,-1.3705570963250844e-14,1.3524736885983657e-12,0.0,9.672233081242955e-12,1.3524736885983657e-12,100.0,diag_feasible,0,0,0,0,0,0,198,2.6835723406625714e-14,1.12.6,lbt,1,1,Intel(R) Core(TM) 7 150U,NT,2abc7cc
degen-r5-m5-d0.0001-p1,100,Newton-SIN-BH,1e-7*n,9.999999999999999e-6,5,6,0.0138929,0.0104565,75.26506344967574,0.0,7.2e-6,0.0,0.0030531,0.0,0.0,0.000376099999999999,0.2820511119453064,0.0,-7.362599363783947e-15,7.993605777301127e-15,7.993605777301127e-15,2.6835723406625714e-14,7.993605777301127e-15,NaN,converged,35,35,0,0,0,0,5,2.6835723406625714e-14,1.12.6,lbt,1,1,Intel(R) Core(TM) 7 150U,NT,2abc7cc
degen-r5-m5-d0.0001-p1,100,Newton-SIN,1e-7*n,9.999999999999999e-6,6,14,0.0251714,0.0215371,85.56178837887443,0.0,9.4e-6,0.0,0.0033281,0.0,0.0,0.00029679999999999984,0.2820511119453157,1.6468750998874757e-13,-9.058273616260678e-15,2.6645352591003757e-15,2.6645352591003757e-15,9.300727317696266e-15,2.6645352591003757e-15,NaN,converged,48,48,1,0,0,0,6,2.6835723406625714e-14,1.12.6,lbt,1,1,Intel(R) Core(TM) 7 150U,NT,2abc7cc
degen-r5-m5-d0.0001-p1,100,AGD-SDAJ-BH,1e-7*n,1.0e-11,11,91,0.1342844,0.13279960000000002,98.89428705046903,0.0,5.8e-5,0.0,0.0,0.0,0.0,0.0014267999999999807,0.28205111192823196,2.9445224345138954e-11,-1.217913797816292e-14,3.896549749526912e-12,3.896549749526912e-12,7.933928688072758e-12,3.896549749526912e-12,NaN,diag_feasible,0,0,26,26,0,0,11,2.6835723406625714e-14,1.12.6,lbt,1,1,Intel(R) Core(TM) 7 150U,NT,2abc7cc
degen-r5-m5-d0.0001-p1,100,AGD-SDAJ,1e-7*n,1.0e-11,10,107,0.168896,0.16707470000000002,98.92164408866996,0.0,7.26e-5,0.0,0.0,0.0,0.0,0.0017486999999999702,0.2820511119317151,2.859774456324289e-11,-1.0724057555070933e-14,3.798961145662361e-12,3.798961145662361e-12,8.158370195665438e-12,3.798961145662361e-12,NaN,diag_feasible_at_xpre,0,0,48,22,26,0,10,2.6835723406625714e-14,1.12.6,lbt,1,1,Intel(R) Core(TM) 7 150U,NT,2abc7cc
degen-r5-m5-d0.0001-p1,100,Dykstra-APM,1e-7*n,9.999999999999999e-6,405,405,0.6679971,0.5899933,88.32273373641893,0.0,0.0,0.0,0.0,0.0602499,0.0,0.017753899999999954,0.2820511119141403,4.4396543840132714e-11,-7.796192854611655e-15,1.3777867735598193e-12,1.3777867735598193e-12,9.865638466507197e-12,1.3777867735598193e-12,NaN,diag_feasible,0,0,0,0,0,0,405,2.6835723406625714e-14,1.12.6,lbt,1,1,Intel(R) Core(TM) 7 150U,NT,2abc7cc
degen-r5-m5-d0.0001-p1,100,Anderson-APM,1e-7*n,9.999999999999999e-6,58,58,0.1053072,0.0883495,83.89692252761444,0.0,0.0,0.0,0.0,0.0,0.0146897,0.002268000000000006,0.28205111196201577,2.8908489890891973e-11,-9.669830338994752e-15,1.8561818748707992e-12,1.8561818748707992e-12,7.037257657514335e-12,1.8561818748707992e-12,NaN,diag_feasible,0,0,0,0,0,0,58,2.6835723406625714e-14,1.12.6,lbt,1,1,Intel(R) Core(TM) 7 150U,NT,2abc7cc
degen-r5-m5-d0.0001-p2,100,SBB-Dual,1e-7*n,1.0e-11,197,198,0.2668385,0.2636223,98.79470166411518,0.0002042,0.0001193,6.35e-5,0.0,0.0,0.0,0.002829200000000002,0.2940120841609317,8.040515096624306e-12,-1.1887568679184663e-14,1.3999912340523224e-12,0.0,9.580971177224592e-12,1.3999912340523224e-12,100.0,diag_feasible,0,0,0,0,0,0,197,1.3887998103633849e-14,1.12.6,lbt,1,1,Intel(R) Core(TM) 7 150U,NT,2abc7cc
degen-r5-m5-d0.0001-p2,100,Newton-SIN-BH,1e-7*n,9.999999999999999e-6,4,5,0.0090249,0.0072309,80.12166339793238,0.0,4.4e-6,0.0,0.0015681,0.0,0.0,0.00022150000000000034,0.29401208416094554,0.0,-9.369685098603841e-15,5.329070518200751e-15,5.329070518200751e-15,1.3887998103633849e-14,5.329070518200751e-15,NaN,converged,25,25,0,0,0,0,4,1.3887998103633849e-14,1.12.6,lbt,1,1,Intel(R) Core(TM) 7 150U,NT,2abc7cc
degen-r5-m5-d0.0001-p2,100,Newton-SIN,1e-7*n,9.999999999999999e-6,4,9,0.0154685,0.0134741,87.10670071435499,0.0,5.2e-6,0.0,0.00178,0.0,0.0,0.00020920000000000053,0.29401208416094554,0.0,-9.369685098603841e-15,5.329070518200751e-15,5.329070518200751e-15,1.3887998103633849e-14,5.329070518200751e-15,NaN,converged,25,25,0,0,0,0,4,1.3887998103633849e-14,1.12.6,lbt,1,1,Intel(R) Core(TM) 7 150U,NT,2abc7cc
degen-r5-m5-d0.0001-p2,100,AGD-SDAJ-BH,1e-7*n,1.0e-11,9,76,0.1162679,0.1149377,98.85591809949264,0.0,4.91e-5,0.0,0.0,0.0,0.0,0.0012810999999999897,0.29401208414417196,2.666189058628845e-11,-8.570102541950644e-15,1.6943113578804514e-12,1.6943113578804514e-12,6.332185636355377e-12,1.6943113578804514e-12,NaN,diag_feasible,0,0,21,21,0,0,9,1.3887998103633849e-14,1.12.6,lbt,1,1,Intel(R) Core(TM) 7 150U,NT,2abc7cc
degen-r5-m5-d0.0001-p2,100,AGD-SDAJ,1e-7*n,1.0e-11,10,136,0.2362773,0.2288993,96.87739787106082,0.0,9.56e-5,0.0,0.0,0.0,0.0,0.007282399999999995,0.2940120841457955,2.4313294112583785e-11,-9.084156677543765e-15,1.4158674233044621e-12,1.4158674233044621e-12,5.8840300610138016e-12,1.4158674233044621e-12,NaN,diag_feasible,0,0,76,26,50,0,10,1.3887998103633849e-14,1.12.6,lbt,1,1,Intel(R) Core(TM) 7 150U,NT,2abc7cc
degen-r5-m5-d0.0001-p2,100,Dykstra-APM,1e-7*n,9.999999999999999e-6,403,403,0.7398848,0.665512,89.94805677856877,0.0,0.0,0.0,0.0,0.0557947,0.0,0.018578100000000014,0.29401208413126356,4.4001486811847464e-11,-1.0393306123310964e-14,1.4279688542728763e-12,1.4279688542728763e-12,9.780988033326778e-12,1.4279688542728763e-12,NaN,diag_feasible,0,0,0,0,0,0,403,1.3887998103633849e-14,1.12.6,lbt,1,1,Intel(R) Core(TM) 7 150U,NT,2abc7cc
degen-r5-m5-d0.0001-p2,100,Anderson-APM,1e-7*n,9.999999999999999e-6,72,72,0.1333584,0.1122747,84.19019724291834,0.0,0.0,0.0,0.0,0.0,0.0184644,0.002619299999999984,0.2940120841833878,3.876647185406896e-11,-9.894562304315175e-15,2.3943069749066126e-12,2.3943069749066126e-12,9.566944987493134e-12,2.3943069749066126e-12,NaN,diag_feasible,0,0,0,0,0,0,72,1.3887998103633849e-14,1.12.6,lbt,1,1,Intel(R) Core(TM) 7 150U,NT,2abc7cc
degen-r5-m5-d0.0001-p3,100,SBB-Dual,1e-7*n,1.0e-11,200,201,0.2823072,0.2787443,98.7379351288242,0.0002278,0.0001259,4.38e-5,0.0,0.0,0.0,0.0031653999999999797,0.2944910645283118,1.06965268961595e-11,-1.0253620771768044e-14,1.4421797089880783e-12,0.0,9.165284217324576e-12,1.4421797089880783e-12,100.0,diag_feasible,0,0,0,0,0,0,200,1.1529226449755443e-14,1.12.6,lbt,1,1,Intel(R) Core(TM) 7 150U,NT,2abc7cc
degen-r5-m5-d0.0001-p3,100,Newton-SIN-BH,1e-7*n,9.999999999999999e-6,4,5,0.00792,0.0059693,75.36994949494951,0.0,3.9e-6,0.0,0.0017349,0.0,0.0,0.00021189999999999968,0.29449106452833146,0.0,-9.593117871650618e-15,3.774758283725532e-15,3.774758283725532e-15,1.1529226449755443e-14,3.774758283725532e-15,NaN,converged,27,27,0,0,0,0,4,1.1529226449755443e-14,1.12.6,lbt,1,1,Intel(R) Core(TM) 7 150U,NT,2abc7cc
degen-r5-m5-d0.0001-p3,100,Newton-SIN,1e-7*n,9.999999999999999e-6,4,9,0.0273136,0.0208694,76.4066252709273,0.0,6.8e-6,0.0,0.0062205,0.0,0.0,0.0002168999999999999,0.29449106452833146,0.0,-9.593117871650618e-15,3.774758283725532e-15,3.774758283725532e-15,1.1529226449755443e-14,3.774758283725532e-15,NaN,converged,27,27,0,0,0,0,4,1.1529226449755443e-14,1.12.6,lbt,1,1,Intel(R) Core(TM) 7 150U,NT,2abc7cc
degen-r5-m5-d0.0001-p3,100,AGD-SDAJ-BH,1e-7*n,1.0e-11,11,94,0.1351512,0.13366409999999998,98.89967680642124,0.0,5.28e-5,0.0,0.0,0.0,0.0,0.001434300000000019,0.29449106452459006,7.470359132613887e-12,-1.155825116407647e-14,9.026113190202523e-13,9.026113190202523e-13,2.0829768282326217e-12,9.026113190202523e-13,NaN,diag_feasible,0,0,27,27,0,0,11,1.1529226449755443e-14,1.12.6,lbt,1,1,Intel(R) Core(TM) 7 150U,NT,2abc7cc
degen-r5-m5-d0.0001-p3,100,AGD-SDAJ,1e-7*n,1.0e-11,9,89,0.1473812,0.1457724,98.90840894225316,0.0,6.88e-5,0.0,0.0,0.0,0.0,0.0015399999999999936,0.2944910645119045,2.729833772370974e-11,-1.0669868927307399e-14,1.6371348721122558e-12,1.6371348721122558e-12,6.858541605896559e-12,1.6371348721122558e-12,NaN,diag_feasible,0,0,34,25,9,0,9,1.1529226449755443e-14,1.12.6,lbt,1,1,Intel(R) Core(TM) 7 150U,NT,2abc7cc
degen-r5-m5-d0.0001-p3,100,Dykstra-APM,1e-7*n,9.999999999999999e-6,408,408,0.6745983,0.6154254,91.22842438233242,0.0,0.0,0.0,0.0,0.0406536,0.0,0.018519299999999975,0.2944910644989785,4.4460081999254636e-11,-1.0612611349337065e-14,1.5443202272535927e-12,1.5443202272535927e-12,9.812860309838741e-12,1.5443202272535927e-12,NaN,diag_feasible,0,0,0,0,0,0,408,1.1529226449755443e-14,1.12.6,lbt,1,1,Intel(R) Core(TM) 7 150U,NT,2abc7cc
degen-r5-m5-d0.0001-p3,100,Anderson-APM,1e-7*n,9.999999999999999e-6,77,77,0.1266262,0.1056694,83.44987056391173,0.0,0.0,0.0,0.0,0.0,0.0162209,0.004735899999999998,0.29449106455021046,3.346285637798084e-11,-7.816181245326953e-15,1.2650991365603659e-12,1.2650991365603659e-12,7.473270328342116e-12,1.2650991365603659e-12,NaN,diag_feasible,0,0,0,0,0,0,77,1.1529226449755443e-14,1.12.6,lbt,1,1,Intel(R) Core(TM) 7 150U,NT,2abc7cc
degen-r5-m5-d0.0001-p4,100,SBB-Dual,1e-7*n,1.0e-11,197,198,0.2565075,0.2532725,98.73882829936747,0.0001963,0.000111,4.33e-5,0.0,0.0,0.0,0.002884399999999988,0.29467431444449155,6.9118762157205e-12,-1.1860976396321763e-14,1.2028156248788946e-12,0.0,9.11317942957781e-12,1.2028156248788946e-12,100.0,diag_feasible,0,0,0,0,0,0,197,1.1395886385973188e-14,1.12.6,lbt,1,1,Intel(R) Core(TM) 7 150U,NT,2abc7cc
degen-r5-m5-d0.0001-p4,100,Newton-SIN-BH,1e-7*n,9.999999999999999e-6,4,5,0.0103507,0.007846,75.80163660428765,0.0,6.4e-6,0.0,0.0021036,0.0,0.0,0.00039469999999999826,0.2946743144444944,0.0,-9.499950184370392e-15,5.10702591327572e-15,5.10702591327572e-15,1.1395886385973188e-14,5.10702591327572e-15,NaN,converged,25,25,0,0,0,0,4,1.1395886385973188e-14,1.12.6,lbt,1,1,Intel(R) Core(TM) 7 150U,NT,2abc7cc
degen-r5-m5-d0.0001-p4,100,Newton-SIN,1e-7*n,9.999999999999999e-6,4,9,0.0145935,0.0128208,87.85281118306095,0.0,4.8e-6,0.0,0.001577,0.0,0.0,0.00019090000000000036,0.2946743144444944,0.0,-9.499950184370392e-15,5.10702591327572e-15,5.10702591327572e-15,1.1395886385973188e-14,5.10702591327572e-15,NaN,converged,25,25,0,0,0,0,4,1.1395886385973188e-14,1.12.6,lbt,1,1,Intel(R) Core(TM) 7 150U,NT,2abc7cc
degen-r5-m5-d0.0001-p4,100,AGD-SDAJ-BH,1e-7*n,1.0e-11,11,84,0.1409383,0.1394719,98.95954470857107,0.0,6.08e-5,0.0,0.0,0.0,0.0,0.0014055999999999789,0.2946743144401759,6.8343951283354286e-12,-8.480097818994392e-15,6.119549311733863e-13,6.119549311733863e-13,1.6540682686947478e-12,6.119549311733863e-13,NaN,diag_feasible,0,0,17,17,0,0,11,1.1395886385973188e-14,1.12.6,lbt,1,1,Intel(R) Core(TM) 7 150U,NT,2abc7cc
degen-r5-m5-d0.0001-p4,100,AGD-SDAJ,1e-7*n,1.0e-11,10,77,0.1188576,0.1175682,98.91517244164446,0.0,5.28e-5,0.0,0.0,0.0,0.0,0.0012365999999999961,0.2946743144317316,2.92493264427772e-11,-7.532422591615374e-15,6.390221685137476e-12,6.390221685137476e-12,8.769940024680603e-12,6.390221685137476e-12,NaN,diag_feasible_at_xpre,0,0,20,15,5,0,10,1.1395886385973188e-14,1.12.6,lbt,1,1,Intel(R) Core(TM) 7 150U,NT,2abc7cc
degen-r5-m5-d0.0001-p4,100,Dykstra-APM,1e-7*n,9.999999999999999e-6,402,402,0.7136779,0.6294366,88.19617365200745,0.0,0.0,0.0,0.0,0.0462392,0.0,0.03800209999999996,0.2946743144147719,4.411420667776618e-11,-6.872208465337976e-15,1.2929657344784573e-12,1.2929657344784573e-12,9.809864853721703e-12,1.2929657344784573e-12,NaN,diag_feasible,0,0,0,0,0,0,402,1.1395886385973188e-14,1.12.6,lbt,1,1,Intel(R) Core(TM) 7 150U,NT,2abc7cc
degen-r5-m5-d0.0001-p4,100,Anderson-APM,1e-7*n,9.999999999999999e-6,49,49,0.0879415,0.0737379,83.84880858297845,0.0,0.0,0.0,0.0,0.0,0.0121641,0.00203950000000001,0.29467431447182685,4.053686464304073e-11,-8.101298031357869e-15,1.2426726314629377e-12,1.2426726314629377e-12,9.080127413482212e-12,1.2426726314629377e-12,NaN,diag_feasible,0,0,0,0,0,0,49,1.1395886385973188e-14,1.12.6,lbt,1,1,Intel(R) Core(TM) 7 150U,NT,2abc7cc
degen-r5-m5-d1e-06-p0,100,SBB-Dual,1e-7*n,1.0e-11,189,190,0.2523993,0.24927739999999998,98.76311067423721,0.0001904,0.0001206,4.35e-5,0.0,0.0,0.0,0.002767400000000011,0.2869702435911936,9.135234895319516e-12,-1.0764778395306217e-14,1.3942180743242716e-12,0.0,9.876252996082356e-12,1.3942180743242716e-12,100.0,diag_feasible,0,0,0,0,0,0,189,2.997005876296592e-14,1.12.6,lbt,1,1,Intel(R) Core(TM) 7 150U,NT,2abc7cc
degen-r5-m5-d1e-06-p0,100,Newton-SIN-BH,1e-7*n,9.999999999999999e-6,4,5,0.0113581,0.0089743,79.0123348095192,0.0,6.4e-6,0.0,0.0020831,0.0,0.0,0.00029429999999999994,0.28697024359115175,0.0,-9.701820177267119e-15,9.325873406851315e-15,9.325873406851315e-15,2.997005876296592e-14,9.325873406851315e-15,NaN,converged,25,25,0,0,0,0,4,2.997005876296592e-14,1.12.6,lbt,1,1,Intel(R) Core(TM) 7 150U,NT,2abc7cc
degen-r5-m5-d1e-06-p0,100,Newton-SIN,1e-7*n,9.999999999999999e-6,100,3449,5.0635141,4.8473171,95.73029726529249,0.0,0.0024051,0.0,0.121248,0.0,0.0,0.0925439000000002,0.28697014981014984,1.924181894900567e-7,-9.543271535693697e-15,2.1748259859677432e-8,2.1748259859677432e-8,5.09888435372448e-8,2.1748259859677432e-8,NaN,max_iter,978,978,3248,0,0,0,100,2.997005876296592e-14,1.12.6,lbt,1,1,Intel(R) Core(TM) 7 150U,NT,2abc7cc
degen-r5-m5-d1e-06-p0,100,AGD-SDAJ-BH,1e-7*n,1.0e-11,15,126,0.2333042,0.2276679,97.58414121991804,0.0,9.95e-5,0.0,0.0,0.0,0.0,0.005536799999999983,0.2869702435819536,1.727384528531933e-11,-9.253713134147202e-15,2.914557484245961e-12,2.914557484245961e-12,4.706765736750971e-12,2.914557484245961e-12,NaN,diag_feasible,0,0,37,37,0,0,15,2.997005876296592e-14,1.12.6,lbt,1,1,Intel(R) Core(TM) 7 150U,NT,2abc7cc
degen-r5-m5-d1e-06-p0,100,AGD-SDAJ,1e-7*n,1.0e-11,12,116,0.1796172,0.1774761,98.80796493876977,0.0,7.83e-5,0.0,0.0,0.0,0.0,0.002062800000000007,0.28697024357120954,3.165660019114168e-11,-7.930200787610495e-15,2.3738788712535097e-12,2.3738788712535097e-12,7.812132799384423e-12,2.3738788712535097e-12,NaN,diag_feasible,0,0,43,30,13,0,12,2.997005876296592e-14,1.12.6,lbt,1,1,Intel(R) Core(TM) 7 150U,NT,2abc7cc
degen-r5-m5-d1e-06-p0,100,Dykstra-APM,1e-7*n,9.999999999999999e-6,388,388,0.6954533,0.6086969,87.52520118892238,0.0,0.0,0.0,0.0,0.0571472,0.0,0.029609200000000065,0.2869702435613847,4.342572688335486e-11,-1.0100636866088988e-14,1.3586909375362666e-12,1.3586909375362666e-12,9.63584736064919e-12,1.3586909375362666e-12,NaN,diag_feasible,0,0,0,0,0,0,388,2.997005876296592e-14,1.12.6,lbt,1,1,Intel(R) Core(TM) 7 150U,NT,2abc7cc
degen-r5-m5-d1e-06-p0,100,Anderson-APM,1e-7*n,9.999999999999999e-6,94,94,0.1534953,0.129301,84.23775841996465,0.0,0.0,0.0,0.0,0.0,0.0212999,0.002894400000000002,0.28697024361476836,3.8216485001260635e-11,-8.882581368312708e-15,4.3869352595038436e-12,4.3869352595038436e-12,9.340071888209283e-12,4.3869352595038436e-12,NaN,diag_feasible,0,0,0,0,0,0,94,2.997005876296592e-14,1.12.6,lbt,1,1,Intel(R) Core(TM) 7 150U,NT,2abc7cc
degen-r5-m5-d1e-06-p1,100,SBB-Dual,1e-7*n,1.0e-11,186,187,0.2423038,0.2392335,98.7328717089868,0.0001879,0.0001207,4.44e-5,0.0,0.0,0.0,0.0027173000000000258,0.28217245658569196,8.493540366846017e-12,-8.343754624538347e-15,1.3467005288703149e-12,0.0,9.632037480135036e-12,1.3467005288703149e-12,100.0,diag_feasible,0,0,0,0,0,0,186,1.4060438770513956e-14,1.12.6,lbt,1,1,Intel(R) Core(TM) 7 150U,NT,2abc7cc
degen-r5-m5-d1e-06-p1,100,Newton-SIN-BH,1e-7*n,9.999999999999999e-6,5,6,0.0096773,0.007300399999999999,75.4383970735639,0.0,5.5e-6,0.0,0.0021235,0.0,0.0,0.00024790000000000055,0.28217245658568746,0.0,-9.712202259550963e-15,4.884981308350689e-15,4.884981308350689e-15,1.4060438770513956e-14,4.884981308350689e-15,NaN,converged,33,33,0,0,0,0,5,1.4060438770513956e-14,1.12.6,lbt,1,1,Intel(R) Core(TM) 7 150U,NT,2abc7cc
degen-r5-m5-d1e-06-p1,100,Newton-SIN,1e-7*n,9.999999999999999e-6,100,3142,4.3454044,4.1826191,96.25385154026172,0.0,0.0018615,0.0,0.0927136,0.0,0.0,0.06821019999999949,0.28217244714375733,3.153633042102619e-8,-9.472962112296383e-15,5.714605011419849e-9,5.714605011419849e-9,9.17928141683086e-9,5.714605011419849e-9,NaN,max_iter,981,981,2941,0,0,0,100,1.4060438770513956e-14,1.12.6,lbt,1,1,Intel(R) Core(TM) 7 150U,NT,2abc7cc
degen-r5-m5-d1e-06-p1,100,AGD-SDAJ-BH,1e-7*n,1.0e-11,9,70,0.1142679,0.11291699999999999,98.8177782211802,0.0,4.85e-5,0.0,0.0,0.0,0.0,0.001302400000000016,0.2821724565776299,1.2763633839880089e-11,-1.0186627156648935e-14,1.2656542480726785e-12,1.2656542480726785e-12,3.2122417145138926e-12,1.2656542480726785e-12,NaN,diag_feasible,0,0,15,15,0,0,9,1.4060438770513956e-14,1.12.6,lbt,1,1,Intel(R) Core(TM) 7 150U,NT,2abc7cc
degen-r5-m5-d1e-06-p1,100,AGD-SDAJ,1e-7*n,1.0e-11,9,80,0.1247428,0.12328,98.8273471494948,0.0,5.71e-5,0.0,0.0,0.0,0.0,0.0014057000000000002,0.28217245657733925,1.3158789438232004e-11,-9.482315600524584e-15,1.2794210135780304e-12,1.2794210135780304e-12,3.2980203190210007e-12,1.2794210135780304e-12,NaN,diag_feasible,0,0,25,15,10,0,9,1.4060438770513956e-14,1.12.6,lbt,1,1,Intel(R) Core(TM) 7 150U,NT,2abc7cc
degen-r5-m5-d1e-06-p1,100,Dykstra-APM,1e-7*n,9.999999999999999e-6,381,381,0.6156402,0.534702,86.8530027766218,0.0,0.0,0.0,0.0,0.064919,0.0,0.016019199999999956,0.28217245655440626,4.4572877013839734e-11,-9.215179587654216e-15,1.3864465131518955e-12,1.3864465131518955e-12,9.904021733145212e-12,1.3864465131518955e-12,NaN,diag_feasible,0,0,0,0,0,0,381,1.4060438770513956e-14,1.12.6,lbt,1,1,Intel(R) Core(TM) 7 150U,NT,2abc7cc
degen-r5-m5-d1e-06-p1,100,Anderson-APM,1e-7*n,9.999999999999999e-6,55,55,0.0824391,0.0689975,83.69511554589994,0.0,0.0,0.0,0.0,0.0,0.0117855,0.0016560999999999972,0.28217245658407375,2.3731424214437006e-11,-1.036825510039032e-14,2.9700686354772188e-12,2.9700686354772188e-12,7.354177335466348e-12,2.9700686354772188e-12,NaN,diag_feasible,0,0,0,0,0,0,55,1.4060438770513956e-14,1.12.6,lbt,1,1,Intel(R) Core(TM) 7 150U,NT,2abc7cc
degen-r5-m5-d1e-06-p2,100,SBB-Dual,1e-7*n,1.0e-11,185,186,0.314632,0.3063839,97.37849296956443,0.0002331,0.0001386,0.000198,0.0,0.0,0.0,0.007678400000000037,0.2941518349250761,8.029467391374177e-12,-8.24548697271032e-15,1.4028778139163478e-12,0.0,9.61909817131293e-12,1.4028778139163478e-12,100.0,diag_feasible,0,0,0,0,0,0,185,3.8308969009235156e-14,1.12.6,lbt,1,1,Intel(R) Core(TM) 7 150U,NT,2abc7cc
degen-r5-m5-d1e-06-p2,100,Newton-SIN-BH,1e-7*n,9.999999999999999e-6,4,5,0.0162465,0.0098646,60.718308558766495,0.0,5.4e-6,0.0,0.0054679,0.0,0.0,0.0009086000000000007,0.2941518349250475,0.0,-7.302039634465607e-15,1.1213252548714081e-14,1.1213252548714081e-14,3.8308969009235156e-14,1.1213252548714081e-14,NaN,converged,24,24,0,0,0,0,4,3.8308969009235156e-14,1.12.6,lbt,1,1,Intel(R) Core(TM) 7 150U,NT,2abc7cc
degen-r5-m5-d1e-06-p2,100,Newton-SIN,1e-7*n,9.999999999999999e-6,100,3522,4.9795523,4.812140100000001,96.63800699512686,0.0,0.0021385,0.0,0.0804889,0.0,0.0,0.08478479999999936,0.2941517687929611,1.296933712981868e-7,-1.0281308230322702e-14,1.2165355611770678e-8,1.2165355611770678e-8,3.335269685360477e-8,1.2165355611770678e-8,NaN,max_iter,886,886,3321,0,0,0,100,3.8308969009235156e-14,1.12.6,lbt,1,1,Intel(R) Core(TM) 7 150U,NT,2abc7cc
degen-r5-m5-d1e-06-p2,100,AGD-SDAJ-BH,1e-7*n,1.0e-11,10,81,0.1119422,0.11068,98.87245381991777,0.0,5.13e-5,0.0,0.0,0.0,0.0,0.001210900000000005,0.29415183491765917,1.846783415037283e-11,-8.324935258708004e-15,2.816635813474022e-12,2.816635813474022e-12,5.462492421932151e-12,2.816635813474022e-12,NaN,diag_feasible_at_xpre,0,0,24,24,0,0,10,3.8308969009235156e-14,1.12.6,lbt,1,1,Intel(R) Core(TM) 7 150U,NT,2abc7cc
degen-r5-m5-d1e-06-p2,100,AGD-SDAJ,1e-7*n,1.0e-11,10,94,0.1368579,0.1350595,98.68593628866145,0.0,6.17e-5,0.0,0.0,0.0,0.0,0.0017367000000000055,0.2941518349166872,1.6852952847162627e-11,-7.911189178133831e-15,2.8039792709932954e-12,2.8039792709932954e-12,4.802020410612568e-12,2.8039792709932954e-12,NaN,diag_feasible_at_xpre,0,0,37,29,8,0,10,3.8308969009235156e-14,1.12.6,lbt,1,1,Intel(R) Core(TM) 7 150U,NT,2abc7cc
degen-r5-m5-d1e-06-p2,100,Dykstra-APM,1e-7*n,9.999999999999999e-6,379,379,0.6606763,0.5696833,86.22729466760046,0.0,0.0,0.0,0.0,0.0647823,0.0,0.02621069999999999,0.29415183489511726,4.439924098691935e-11,-9.251993962862035e-15,1.4408474413585282e-12,1.4408474413585282e-12,9.881680300974259e-12,1.4408474413585282e-12,NaN,diag_feasible,0,0,0,0,0,0,379,3.8308969009235156e-14,1.12.6,lbt,1,1,Intel(R) Core(TM) 7 150U,NT,2abc7cc
degen-r5-m5-d1e-06-p2,100,Anderson-APM,1e-7*n,9.999999999999999e-6,57,57,0.092684,0.0768997,82.96976824478874,0.0,0.0,0.0,0.0,0.0,0.0129303,0.0028540000000000006,0.2941518349022727,4.043656862877169e-11,-1.067525947986145e-14,3.5211833449011465e-12,3.5211833449011465e-12,9.893500262703506e-12,3.5211833449011465e-12,NaN,diag_feasible,0,0,0,0,0,0,57,3.8308969009235156e-14,1.12.6,lbt,1,1,Intel(R) Core(TM) 7 150U,NT,2abc7cc
degen-r5-m5-d1e-06-p3,100,SBB-Dual,1e-7*n,1.0e-11,187,188,0.2741904,0.2698624,98.42153481668213,0.000224,0.0001329,4.27e-5,0.0,0.0,0.0,0.0039283999999999986,0.29463136926184474,1.1616398045363072e-11,-1.1518908101968939e-14,1.5616397064377452e-12,0.0,9.947148434542803e-12,1.5616397064377452e-12,100.0,diag_feasible,0,0,0,0,0,0,187,5.294541742873377e-14,1.12.6,lbt,1,1,Intel(R) Core(TM) 7 150U,NT,2abc7cc
degen-r5-m5-d1e-06-p3,100,Newton-SIN-BH,1e-7*n,9.999999999999999e-6,4,5,0.0105921,0.008357499999999999,78.90314479659368,0.0,5.9e-6,0.0,0.0019073,0.0,0.0,0.0003214000000000014,0.29463136926178923,0.0,-1.0640210281432165e-14,1.3988810110276972e-14,1.3988810110276972e-14,5.294541742873377e-14,1.3988810110276972e-14,NaN,converged,23,23,0,0,0,0,4,5.294541742873377e-14,1.12.6,lbt,1,1,Intel(R) Core(TM) 7 150U,NT,2abc7cc
degen-r5-m5-d1e-06-p3,100,Newton-SIN,1e-7*n,9.999999999999999e-6,5,13,0.0244781,0.02156,88.07873160090041,0.0,9.1e-6,0.0,0.0026089,0.0,0.0,0.00030009999999999976,0.2946313692618386,1.3532894681723533e-13,-9.803232896139332e-15,1.1435297153639112e-14,1.1435297153639112e-14,3.539574874064251e-14,1.1435297153639112e-14,NaN,converged,32,32,2,0,0,0,5,5.294541742873377e-14,1.12.6,lbt,1,1,Intel(R) Core(TM) 7 150U,NT,2abc7cc
degen-r5-m5-d1e-06-p3,100,AGD-SDAJ-BH,1e-7*n,1.0e-11,11,80,0.1155231,0.11417840000000001,98.83599037768205,0.0,4.99e-5,0.0,0.0,0.0,0.0,0.0012947999999999903,0.2946313692421802,3.2298060845105325e-11,-8.870971131326332e-15,3.303801676679541e-12,3.303801676679541e-12,8.033921458346604e-12,3.303801676679541e-12,NaN,diag_feasible,0,0,15,15,0,0,11,5.294541742873377e-14,1.12.6,lbt,1,1,Intel(R) Core(TM) 7 150U,NT,2abc7cc
degen-r5-m5-d1e-06-p3,100,AGD-SDAJ,1e-7*n,1.0e-11,9,70,0.1130034,0.1115696,98.73118861910349,0.0,5.02e-5,0.0,0.0,0.0,0.0,0.001383599999999999,0.2946313692473443,3.181005474768913e-11,-1.118910986340479e-14,5.200284647344233e-12,5.200284647344233e-12,9.223765926615027e-12,5.200284647344233e-12,NaN,diag_feasible_at_xpre,0,0,17,15,2,0,9,5.294541742873377e-14,1.12.6,lbt,1,1,Intel(R) Core(TM) 7 150U,NT,2abc7cc
degen-r5-m5-d1e-06-p3,100,Dykstra-APM,1e-7*n,9.999999999999999e-6,384,384,0.6359797,0.5605174,88.13447976405536,0.0,0.0,0.0,0.0,0.0551164,0.0,0.02034589999999998,0.29463136923289895,4.3788548976276907e-11,-9.00755904476856e-15,1.5185630530822891e-12,1.5185630530822891e-12,9.68783386714266e-12,1.5185630530822891e-12,NaN,diag_feasible,0,0,0,0,0,0,384,5.294541742873377e-14,1.12.6,lbt,1,1,Intel(R) Core(TM) 7 150U,NT,2abc7cc
degen-r5-m5-d1e-06-p3,100,Anderson-APM,1e-7*n,9.999999999999999e-6,66,66,0.0987671,0.0838752,84.92220587624827,0.0,0.0,0.0,0.0,0.0,0.0129576,0.0019343,0.2946313692399132,3.839691917336153e-11,-1.0955349648098792e-14,3.1434854719236682e-12,3.1434854719236682e-12,9.552953535348438e-12,3.1434854719236682e-12,NaN,diag_feasible,0,0,0,0,0,0,66,5.294541742873377e-14,1.12.6,lbt,1,1,Intel(R) Core(TM) 7 150U,NT,2abc7cc
degen-r5-m5-d1e-06-p4,100,SBB-Dual,1e-7*n,1.0e-11,184,185,0.2396109,0.23653069999999998,98.71449921518595,0.0001986,0.0001344,4.38e-5,0.0,0.0,0.0,0.002703400000000005,0.29481509279974866,7.296452587735633e-12,-1.3055893169379871e-14,1.2714274078007293e-12,0.0,9.644169462578921e-12,1.2714274078007293e-12,100.0,diag_feasible,0,0,0,0,0,0,184,5.664727353647357e-14,1.12.6,lbt,1,1,Intel(R) Core(TM) 7 150U,NT,2abc7cc
degen-r5-m5-d1e-06-p4,100,Newton-SIN-BH,1e-7*n,9.999999999999999e-6,4,5,0.0089368,0.0071948,80.50756422880673,0.0,5.0e-6,0.0,0.0015044,0.0,0.0,0.0002325999999999997,0.2948150927997275,0.0,-9.516586372303939e-15,1.63202784619898e-14,1.63202784619898e-14,5.664727353647357e-14,1.63202784619898e-14,NaN,converged,23,23,0,0,0,0,4,5.664727353647357e-14,1.12.6,lbt,1,1,Intel(R) Core(TM) 7 150U,NT,2abc7cc
degen-r5-m5-d1e-06-p4,100,Newton-SIN,1e-7*n,9.999999999999999e-6,12,99,0.1289469,0.12068469999999999,93.59255631581682,0.0,5.33e-5,0.0,0.0067281,0.0,0.0,0.0014808000000000121,0.2948150927997511,2.0032420334688032e-13,-1.0858241787580387e-14,5.551115123125783e-15,5.551115123125783e-15,1.0564050652353244e-14,5.551115123125783e-15,NaN,converged,98,98,74,0,0,0,12,5.664727353647357e-14,1.12.6,lbt,1,1,Intel(R) Core(TM) 7 150U,NT,2abc7cc
degen-r5-m5-d1e-06-p4,100,AGD-SDAJ-BH,1e-7*n,1.0e-11,8,62,0.0848233,0.0837938,98.78630046225506,0.0,3.64e-5,0.0,0.0,0.0,0.0,0.0009931000000000026,0.29481509278762286,1.951196741132749e-11,-1.0865108347524584e-14,2.2455370896068416e-12,2.2455370896068416e-12,4.795054870517559e-12,2.2455370896068416e-12,NaN,diag_feasible,0,0,13,13,0,0,8,5.664727353647357e-14,1.12.6,lbt,1,1,Intel(R) Core(TM) 7 150U,NT,2abc7cc
degen-r5-m5-d1e-06-p4,100,AGD-SDAJ,1e-7*n,1.0e-11,8,66,0.0914781,0.09039520000000001,98.8162194011463,0.0,4.13e-5,0.0,0.0,0.0,0.0,0.0010415999999999978,0.29481509278741064,1.9544821047030083e-11,-1.0092189443989741e-14,2.09321449062827e-12,2.09321449062827e-12,4.724664446164086e-12,2.09321449062827e-12,NaN,diag_feasible,0,0,17,13,4,0,8,5.664727353647357e-14,1.12.6,lbt,1,1,Intel(R) Core(TM) 7 150U,NT,2abc7cc
degen-r5-m5-d1e-06-p4,100,Dykstra-APM,1e-7*n,9.999999999999999e-6,377,377,0.6155491,0.5449574,88.53191402602978,0.0,0.0,0.0,0.0,0.0537798,0.0,0.01681189999999992,0.29481509276971907,4.457052560433137e-11,-1.364300742979742e-14,1.3076206784035094e-12,1.3076206784035094e-12,9.91747103991961e-12,1.3076206784035094e-12,NaN,diag_feasible,0,0,0,0,0,0,377,5.664727353647357e-14,1.12.6,lbt,1,1,Intel(R) Core(TM) 7 150U,NT,2abc7cc
degen-r5-m5-d1e-06-p4,100,Anderson-APM,1e-7*n,9.999999999999999e-6,54,54,0.091581,0.0768932,83.96195717452309,0.0,0.0,0.0,0.0,0.0,0.0127804,0.0019074,0.29481509282526347,3.911284823853475e-11,-8.063561429852606e-15,1.8884893648873913e-12,1.8884893648873913e-12,8.968954272698404e-12,1.8884893648873913e-12,NaN,diag_feasible,0,0,0,0,0,0,54,5.664727353647357e-14,1.12.6,lbt,1,1,Intel(R) Core(TM) 7 150U,NT,2abc7cc
degen-r5-m5-d1e-08-p0,100,SBB-Dual,1e-7*n,1.0e-11,178,179,0.2569454,0.253399,98.61978459236866,0.0002959,0.0001324,7.07e-5,0.0,0.0,0.0,0.0030474000000000052,0.28697153423575716,9.12004177458415e-12,-1.0533625689033911e-14,1.4015455462867976e-12,0.0,9.88717942655523e-12,1.4015455462867976e-12,100.0,diag_feasible,0,0,0,0,0,0,178,3.085081859693183e-14,1.12.6,lbt,1,1,Intel(R) Core(TM) 7 150U,NT,2abc7cc
degen-r5-m5-d1e-08-p0,100,Newton-SIN-BH,1e-7*n,9.999999999999999e-6,5,6,0.0147582,0.0103919,70.41441368188532,0.0,7.2e-6,0.0,0.0040012,0.0,0.0,0.0003579000000000004,0.2869715342357474,0.0,-8.418527804512648e-15,7.993605777301127e-15,7.993605777301127e-15,3.085081859693183e-14,7.993605777301127e-15,NaN,converged,39,39,0,0,0,0,5,3.085081859693183e-14,1.12.6,lbt,1,1,Intel(R) Core(TM) 7 150U,NT,2abc7cc
degen-r5-m5-d1e-08-p0,100,Newton-SIN,1e-7*n,9.999999999999999e-6,100,3139,4.2500673,4.0705147,95.77529984054605,0.0,0.0017708,0.0,0.1145,0.0,0.0,0.06328180000000007,0.2869715317927606,5.096661486456069e-9,-8.791637417577358e-15,5.755633747384081e-10,5.755633747384081e-10,1.3604465391663675e-9,5.755633747384081e-10,NaN,max_iter,1088,1088,2938,0,0,0,100,3.085081859693183e-14,1.12.6,lbt,1,1,Intel(R) Core(TM) 7 150U,NT,2abc7cc
degen-r5-m5-d1e-08-p0,100,AGD-SDAJ-BH,1e-7*n,1.0e-11,11,94,0.1520929,0.14828339999999998,97.49528084479945,0.0,7.41e-5,0.0,0.0,0.0,0.0,0.003735400000000021,0.28697153422433586,1.8583971107636073e-11,-1.0140376833505294e-14,1.3293810496861624e-12,1.3293810496861624e-12,4.741229484185068e-12,1.3293810496861624e-12,NaN,diag_feasible,0,0,27,27,0,0,11,3.085081859693183e-14,1.12.6,lbt,1,1,Intel(R) Core(TM) 7 150U,NT,2abc7cc
degen-r5-m5-d1e-08-p0,100,AGD-SDAJ,1e-7*n,1.0e-11,13,144,0.2113988,0.2091357,98.92946412183986,0.0,9.03e-5,0.0,0.0,0.0,0.0,0.00217279999999999,0.28697153422721977,1.3154399420287365e-11,-9.807374870089768e-15,7.240874566605271e-13,7.240874566605271e-13,3.1762021966539484e-12,7.240874566605271e-13,NaN,diag_feasible,0,0,66,33,33,0,13,3.085081859693183e-14,1.12.6,lbt,1,1,Intel(R) Core(TM) 7 150U,NT,2abc7cc
degen-r5-m5-d1e-08-p0,100,Dykstra-APM,1e-7*n,9.999999999999999e-6,366,366,0.6256128,0.5570058,89.03363230419839,0.0,0.0,0.0,0.0,0.051857,0.0,0.016749999999999973,0.286971534205731,4.3782691381173504e-11,-8.749072776530205e-15,1.3775647289548942e-12,1.3775647289548942e-12,9.704754266820189e-12,1.3775647289548942e-12,NaN,diag_feasible,0,0,0,0,0,0,366,3.085081859693183e-14,1.12.6,lbt,1,1,Intel(R) Core(TM) 7 150U,NT,2abc7cc
degen-r5-m5-d1e-08-p0,100,Anderson-APM,1e-7*n,9.999999999999999e-6,79,79,0.156804,0.1292897,82.45306242187701,0.0,0.0,0.0,0.0,0.0,0.0241802,0.0033340999999999926,0.2869715342238823,1.7816777837220288e-11,-9.45305961014017e-15,9.070522111187529e-13,9.070522111187529e-13,4.06016116352054e-12,9.070522111187529e-13,NaN,diag_feasible,0,0,0,0,0,0,79,3.085081859693183e-14,1.12.6,lbt,1,1,Intel(R) Core(TM) 7 150U,NT,2abc7cc
degen-r5-m5-d1e-08-p1,100,SBB-Dual,1e-7*n,1.0e-11,174,175,0.2224893,0.21969280000000002,98.74308562254456,0.0001748,9.8e-5,4.51e-5,0.0,0.0,0.0,0.0024785999999999793,0.2821736704183866,8.50040189607925e-12,-9.260999637298866e-15,1.3624656958199921e-12,0.0,9.641938080245127e-12,1.3624656958199921e-12,100.0,diag_feasible,0,0,0,0,0,0,174,1.653076973250841e-14,1.12.6,lbt,1,1,Intel(R) Core(TM) 7 150U,NT,2abc7cc
degen-r5-m5-d1e-08-p1,100,Newton-SIN-BH,1e-7*n,9.999999999999999e-6,5,6,0.0114569,0.0079115,69.05445626652934,0.0,5.0e-6,0.0,0.0032748,0.0,0.0,0.0002656000000000008,0.2821736704183536,0.0,-8.135541042692477e-15,4.6629367034256575e-15,4.6629367034256575e-15,1.653076973250841e-14,4.6629367034256575e-15,NaN,converged,36,36,0,0,0,0,5,1.653076973250841e-14,1.12.6,lbt,1,1,Intel(R) Core(TM) 7 150U,NT,2abc7cc
degen-r5-m5-d1e-08-p1,100,Newton-SIN,1e-7*n,9.999999999999999e-6,100,2688,3.9482335,3.7189240000000003,94.19209882090307,0.0,0.0016643,0.0,0.1605261,0.0,0.0,0.06711909999999982,0.2821736701898886,4.4562495470082155e-10,-1.049085104424789e-14,4.177502788138554e-11,4.177502788138554e-11,1.1341155267519548e-10,4.177502788138554e-11,NaN,max_iter,1263,1263,2487,0,0,0,100,1.653076973250841e-14,1.12.6,lbt,1,1,Intel(R) Core(TM) 7 150U,NT,2abc7cc
degen-r5-m5-d1e-08-p1,100,AGD-SDAJ-BH,1e-7*n,1.0e-11,10,85,0.1614585,0.15744439999999998,97.51385030828355,0.0,7.41e-5,0.0,0.0,0.0,0.0,0.003940000000000021,0.2821736704117499,1.0168718230492676e-11,-1.1349403481746286e-14,8.555378627761456e-13,8.555378627761456e-13,2.464522936567461e-12,8.555378627761456e-13,NaN,diag_feasible,0,0,24,24,0,0,10,1.653076973250841e-14,1.12.6,lbt,1,1,Intel(R) Core(TM) 7 150U,NT,2abc7cc
degen-r5-m5-d1e-08-p1,100,AGD-SDAJ,1e-7*n,1.0e-11,11,93,0.1480378,0.1464254,98.91081872332607,0.0,6.84e-5,0.0,0.0,0.0,0.0,0.0015439999999999861,0.2821736703977103,3.245775947507629e-11,-9.753282226473322e-15,5.076605802400991e-12,5.076605802400991e-12,8.283098874965396e-12,5.076605802400991e-12,NaN,diag_feasible,0,0,28,23,5,0,11,1.653076973250841e-14,1.12.6,lbt,1,1,Intel(R) Core(TM) 7 150U,NT,2abc7cc
degen-r5-m5-d1e-08-p1,100,Dykstra-APM,1e-7*n,9.999999999999999e-6,357,357,0.5675187,0.504903,88.96676003803927,0.0,0.0,0.0,0.0,0.0476352,0.0,0.01498050000000005,0.28217367038685254,4.4884132159974635e-11,-9.658654281988247e-15,1.4137579995576743e-12,1.4137579995576743e-12,9.980837486134107e-12,1.4137579995576743e-12,NaN,diag_feasible,0,0,0,0,0,0,357,1.653076973250841e-14,1.12.6,lbt,1,1,Intel(R) Core(TM) 7 150U,NT,2abc7cc
degen-r5-m5-d1e-08-p1,100,Anderson-APM,1e-7*n,9.999999999999999e-6,56,56,0.0854473,0.0720085,84.27241118209703,0.0,0.0,0.0,0.0,0.0,0.0116565,0.0017823000000000006,0.28217367043581715,2.8927615605242384e-11,-1.1531899947838538e-14,1.7429391263590333e-12,1.7429391263590333e-12,7.338070646524775e-12,1.7429391263590333e-12,NaN,diag_feasible,0,0,0,0,0,0,56,1.653076973250841e-14,1.12.6,lbt,1,1,Intel(R) Core(TM) 7 150U,NT,2abc7cc
degen-r5-m5-d1e-08-p2,100,SBB-Dual,1e-7*n,1.0e-11,173,174,0.2360586,0.2330517,98.7262061200058,0.0001847,0.0001089,4.4e-5,0.0,0.0,0.0,0.002669300000000007,0.29415323283823513,8.1076311346331e-12,-1.0039330593550404e-14,1.3888890038060708e-12,0.0,9.699715280042852e-12,1.3888890038060708e-12,100.0,diag_feasible,0,0,0,0,0,0,173,2.3078222863570406e-14,1.12.6,lbt,1,1,Intel(R) Core(TM) 7 150U,NT,2abc7cc
degen-r5-m5-d1e-08-p2,100,Newton-SIN-BH,1e-7*n,9.999999999999999e-6,6,8,0.013055,0.009787,74.9674454232095,0.0,6.3e-6,0.0,0.0029637,0.0,0.0,0.0002980000000000001,0.2941532328381983,0.0,-9.046993282559488e-15,8.881784197001252e-15,8.881784197001252e-15,2.3078222863570406e-14,8.881784197001252e-15,NaN,converged,47,47,1,0,0,0,6,2.3078222863570406e-14,1.12.6,lbt,1,1,Intel(R) Core(TM) 7 150U,NT,2abc7cc
degen-r5-m5-d1e-08-p2,100,Newton-SIN,1e-7*n,9.999999999999999e-6,100,3283,4.6815479,4.4915235000000004,95.94099208084576,0.0,0.0020783,0.0,0.1105743,0.0,0.0,0.07737179999999953,0.2941532255830659,2.4283758794541518e-8,-8.167299999571663e-15,5.414810821946503e-9,5.414810821946503e-9,8.154631947022708e-9,5.414810821946503e-9,NaN,max_iter,986,986,3082,0,0,0,100,2.3078222863570406e-14,1.12.6,lbt,1,1,Intel(R) Core(TM) 7 150U,NT,2abc7cc
degen-r5-m5-d1e-08-p2,100,AGD-SDAJ-BH,1e-7*n,1.0e-11,10,84,0.1159419,0.11460759999999999,98.84916496969602,0.0,4.86e-5,0.0,0.0,0.0,0.0,0.0012857000000000105,0.2941532328279356,2.5341975734073812e-11,-7.793748577013801e-15,4.373390538603417e-12,4.373390538603417e-12,7.631395360259574e-12,4.373390538603417e-12,NaN,diag_feasible,0,0,25,25,0,0,10,2.3078222863570406e-14,1.12.6,lbt,1,1,Intel(R) Core(TM) 7 150U,NT,2abc7cc
degen-r5-m5-d1e-08-p2,100,AGD-SDAJ,1e-7*n,1.0e-11,10,84,0.1181196,0.1167406,98.83253922295707,0.0,5.07e-5,0.0,0.0,0.0,0.0,0.0013283000000000051,0.29415323282773764,2.5339691101814407e-11,-8.934773916551201e-15,4.333644554321836e-12,4.333644554321836e-12,7.593326106661746e-12,4.333644554321836e-12,NaN,diag_feasible_at_xpre,0,0,27,25,2,0,10,2.3078222863570406e-14,1.12.6,lbt,1,1,Intel(R) Core(TM) 7 150U,NT,2abc7cc
degen-r5-m5-d1e-08-p2,100,Dykstra-APM,1e-7*n,9.999999999999999e-6,356,356,0.5784074,0.5167626,89.34232169228817,0.0,0.0,0.0,0.0,0.0468243,0.0,0.014820500000000056,0.29415323280929834,4.2847117199116884e-11,-1.1975855413857845e-14,1.361577517400292e-12,1.361577517400292e-12,9.539759501672962e-12,1.361577517400292e-12,NaN,diag_feasible,0,0,0,0,0,0,356,2.3078222863570406e-14,1.12.6,lbt,1,1,Intel(R) Core(TM) 7 150U,NT,2abc7cc
degen-r5-m5-d1e-08-p2,100,Anderson-APM,1e-7*n,9.999999999999999e-6,77,77,0.1121158,0.0946961,84.46276082407654,0.0,0.0,0.0,0.0,0.0,0.0153162,0.002103499999999996,0.2941532328607504,3.6652789541679895e-11,-7.590470544398508e-15,1.96787031114809e-12,1.96787031114809e-12,8.649598546353969e-12,1.96787031114809e-12,NaN,diag_feasible,0,0,0,0,0,0,77,2.3078222863570406e-14,1.12.6,lbt,1,1,Intel(R) Core(TM) 7 150U,NT,2abc7cc
degen-r5-m5-d1e-08-p3,100,SBB-Dual,1e-7*n,1.0e-11,175,176,0.2323529,0.22924850000000002,98.66392887715196,0.0003547,0.000105,4.31e-5,0.0,0.0,0.0,0.0026015999999999795,0.2946327727140451,1.1458904255583184e-11,-1.087045235845936e-14,1.4854784069484595e-12,0.0,9.811738441275954e-12,1.4854784069484595e-12,100.0,diag_feasible,0,0,0,0,0,0,175,1.9747306959778223e-14,1.12.6,lbt,1,1,Intel(R) Core(TM) 7 150U,NT,2abc7cc
degen-r5-m5-d1e-08-p3,100,Newton-SIN-BH,1e-7*n,9.999999999999999e-6,5,6,0.0100259,0.0073908,73.71707278149593,0.0,6.2e-6,0.0,0.0023704,0.0,0.0,0.0002585000000000005,0.2946327727140068,0.0,-6.5923901533175985e-15,4.884981308350689e-15,4.884981308350689e-15,1.9747306959778223e-14,4.884981308350689e-15,NaN,converged,37,37,0,0,0,0,5,1.9747306959778223e-14,1.12.6,lbt,1,1,Intel(R) Core(TM) 7 150U,NT,2abc7cc
degen-r5-m5-d1e-08-p3,100,Newton-SIN,1e-7*n,9.999999999999999e-6,6,14,0.0239151,0.019175900000000003,80.18323151481701,0.0,9.2e-6,0.0,0.0044747,0.0,0.0,0.0002552999999999991,0.2946327727140458,1.181569928426387e-13,-1.0421333100042625e-14,1.887379141862766e-15,1.887379141862766e-15,7.215595591812694e-15,1.887379141862766e-15,NaN,converged,49,49,1,0,0,0,6,1.9747306959778223e-14,1.12.6,lbt,1,1,Intel(R) Core(TM) 7 150U,NT,2abc7cc
degen-r5-m5-d1e-08-p3,100,AGD-SDAJ-BH,1e-7*n,1.0e-11,8,63,0.0879993,0.0870392,98.90896859406836,0.0,3.74e-5,0.0,0.0,0.0,0.0,0.0009227000000000054,0.2946327726946912,3.150557098521516e-11,-1.1510135480626217e-14,1.999289622744982e-12,1.999289622744982e-12,7.725588023310717e-12,1.999289622744982e-12,NaN,diag_feasible,0,0,14,14,0,0,8,1.9747306959778223e-14,1.12.6,lbt,1,1,Intel(R) Core(TM) 7 150U,NT,2abc7cc
degen-r5-m5-d1e-08-p3,100,AGD-SDAJ,1e-7*n,1.0e-11,8,62,0.0853335,0.0843332,98.82777572700053,0.0,3.88e-5,0.0,0.0,0.0,0.0,0.0009615000000000095,0.2946327726990744,3.136129116089775e-11,-1.0961540981800239e-14,5.156763904778927e-12,5.156763904778927e-12,9.21302583601067e-12,5.156763904778927e-12,NaN,diag_feasible,0,0,15,11,4,0,8,1.9747306959778223e-14,1.12.6,lbt,1,1,Intel(R) Core(TM) 7 150U,NT,2abc7cc
degen-r5-m5-d1e-08-p3,100,Dykstra-APM,1e-7*n,9.999999999999999e-6,360,360,0.65171,0.544703,83.58058031946724,0.0,0.0,0.0,0.0,0.0834686,0.0,0.02353839999999996,0.2946327726852758,4.352204596007101e-11,-8.421798353887508e-15,1.4479528687161292e-12,1.4479528687161292e-12,9.62447378161316e-12,1.4479528687161292e-12,NaN,diag_feasible,0,0,0,0,0,0,360,1.9747306959778223e-14,1.12.6,lbt,1,1,Intel(R) Core(TM) 7 150U,NT,2abc7cc
degen-r5-m5-d1e-08-p3,100,Anderson-APM,1e-7*n,9.999999999999999e-6,65,65,0.0970899,0.0822219,84.68635769529064,0.0,0.0,0.0,0.0,0.0,0.0129321,0.001935900000000006,0.2946327727292978,2.755361070787321e-11,-1.1012530824525472e-14,2.2721824421978454e-12,2.2721824421978454e-12,6.501494439898662e-12,2.2721824421978454e-12,NaN,diag_feasible,0,0,0,0,0,0,65,1.9747306959778223e-14,1.12.6,lbt,1,1,Intel(R) Core(TM) 7 150U,NT,2abc7cc
degen-r5-m5-d1e-08-p4,100,SBB-Dual,1e-7*n,1.0e-11,172,173,0.2353592,0.2325331,98.79923963031825,0.0001908,0.000106,4.33e-5,0.0,0.0,0.0,0.0024859999999999978,0.2948165009898155,7.018655866763623e-12,-8.514401542957299e-15,1.2185807918285718e-12,0.0,9.25137785958658e-12,1.2185807918285718e-12,100.0,diag_feasible,0,0,0,0,0,0,172,1.7738918217345588e-14,1.12.6,lbt,1,1,Intel(R) Core(TM) 7 150U,NT,2abc7cc
degen-r5-m5-d1e-08-p4,100,Newton-SIN-BH,1e-7*n,9.999999999999999e-6,5,6,0.0103579,0.0074439,71.8668842139816,0.0,5.8e-6,0.0,0.0026258,0.0,0.0,0.0002823999999999999,0.2948165009898138,0.0,-8.8508215408238e-15,8.881784197001252e-15,8.881784197001252e-15,1.7738918217345588e-14,8.881784197001252e-15,NaN,converged,37,37,0,0,0,0,5,1.7738918217345588e-14,1.12.6,lbt,1,1,Intel(R) Core(TM) 7 150U,NT,2abc7cc
degen-r5-m5-d1e-08-p4,100,Newton-SIN,1e-7*n,9.999999999999999e-6,100,2851,4.2050366,3.985983,94.7906850561063,0.0,0.0018977,0.0,0.1440726,0.0,0.0,0.07308329999999963,0.2948165002890898,1.6123320653054422e-9,-9.517960783209453e-15,1.9189450028989086e-10,1.9189450028989086e-10,4.4373376601298275e-10,1.9189450028989086e-10,NaN,max_iter,1082,1082,2650,0,0,0,100,1.7738918217345588e-14,1.12.6,lbt,1,1,Intel(R) Core(TM) 7 150U,NT,2abc7cc
degen-r5-m5-d1e-08-p4,100,AGD-SDAJ-BH,1e-7*n,1.0e-11,8,68,0.1053638,0.10413,98.82900958393681,0.0,4.8e-5,0.0,0.0,0.0,0.0,0.0011857999999999932,0.294816500999887,1.637212284224836e-11,-8.771101187511509e-15,1.0174083797664935e-12,1.0174083797664935e-12,3.993617851514527e-12,1.0174083797664935e-12,NaN,diag_feasible,0,0,19,19,0,0,8,1.7738918217345588e-14,1.12.6,lbt,1,1,Intel(R) Core(TM) 7 150U,NT,2abc7cc
degen-r5-m5-d1e-08-p4,100,AGD-SDAJ,1e-7*n,1.0e-11,9,112,0.1760578,0.1741232,98.9011563247979,0.0,7.66e-5,0.0,0.0,0.0,0.0,0.0018579999999999808,0.2948165010000834,1.664244005363497e-11,-7.90082883612227e-15,1.1083356454832938e-12,1.1083356454832938e-12,4.053690101060722e-12,1.1083356454832938e-12,NaN,diag_feasible,0,0,60,23,37,0,9,1.7738918217345588e-14,1.12.6,lbt,1,1,Intel(R) Core(TM) 7 150U,NT,2abc7cc
degen-r5-m5-d1e-08-p4,100,Dykstra-APM,1e-7*n,9.999999999999999e-6,353,353,0.6452787,0.5399113,83.67102462858297,0.0,0.0,0.0,0.0,0.0865129,0.0,0.018854499999999996,0.29481650096078293,4.311238102703024e-11,-9.545968195500824e-15,1.2645440250480533e-12,1.2645440250480533e-12,9.588336889113365e-12,1.2645440250480533e-12,NaN,diag_feasible,0,0,0,0,0,0,353,1.7738918217345588e-14,1.12.6,lbt,1,1,Intel(R) Core(TM) 7 150U,NT,2abc7cc
degen-r5-m5-d1e-08-p4,100,Anderson-APM,1e-7*n,9.999999999999999e-6,54,54,0.0896175,0.0723485,80.73032610818198,0.0,0.0,0.0,0.0,0.0,0.0109896,0.006279400000000006,0.29481650099700746,2.254671556990951e-11,-8.76109846959217e-15,1.7101875471325911e-12,1.7101875471325911e-12,6.313300675031929e-12,1.7101875471325911e-12,NaN,diag_feasible,0,0,0,0,0,0,54,1.7738918217345588e-14,1.12.6,lbt,1,1,Intel(R) Core(TM) 7 150U,NT,2abc7cc
degen-r5-m5-d1e-10-p0,100,SBB-Dual,1e-7*n,1.0e-11,167,168,0.2389964,0.23599219999999999,98.74299361831392,0.0001856,0.0001151,4.52e-5,0.0,0.0,0.0,0.0026583000000000123,0.2869715471422429,9.264158995370279e-12,-8.492320260499772e-15,1.709299368712891e-12,0.0,9.973505174346583e-12,1.709299368712891e-12,100.0,diag_feasible,0,0,0,0,0,0,167,2.825773875253788e-14,1.12.6,lbt,1,1,Intel(R) Core(TM) 7 150U,NT,2abc7cc
degen-r5-m5-d1e-10-p0,100,Newton-SIN-BH,1e-7*n,9.999999999999999e-6,5,6,0.0110265,0.0079188,71.81607944497348,0.0,6.4e-6,0.0,0.0028518,0.0,0.0,0.0002494999999999997,0.28697154714222955,0.0,-7.048000608424779e-15,7.105427357601002e-15,7.105427357601002e-15,2.825773875253788e-14,7.105427357601002e-15,NaN,converged,41,41,0,0,0,0,5,2.825773875253788e-14,1.12.6,lbt,1,1,Intel(R) Core(TM) 7 150U,NT,2abc7cc
degen-r5-m5-d1e-10-p0,100,Newton-SIN,1e-7*n,9.999999999999999e-6,7,21,0.0349773,0.0305453,87.32892475977276,0.0,9.8e-6,0.0,0.0041089,0.0,0.0,0.0003133000000000016,0.28697154712621803,3.3439086635588624e-11,-9.718998630253012e-15,3.778755086614183e-12,3.778755086614183e-12,8.929574341197837e-12,3.778755086614183e-12,NaN,converged,68,68,6,0,0,0,7,2.825773875253788e-14,1.12.6,lbt,1,1,Intel(R) Core(TM) 7 150U,NT,2abc7cc
degen-r5-m5-d1e-10-p0,100,AGD-SDAJ-BH,1e-7*n,1.0e-11,13,103,0.161679,0.1598317,98.85742737152012,0.0,6.81e-5,0.0,0.0,0.0,0.0,0.0017791999999999962,0.286971547134329,2.4800218961783973e-11,-9.807184113798903e-15,5.644817946404146e-12,5.644817946404146e-12,7.171686173888668e-12,5.644817946404146e-12,NaN,diag_feasible,0,0,26,26,0,0,13,2.825773875253788e-14,1.12.6,lbt,1,1,Intel(R) Core(TM) 7 150U,NT,2abc7cc
degen-r5-m5-d1e-10-p0,100,AGD-SDAJ,1e-7*n,1.0e-11,11,90,0.1212694,0.1198791,98.85354425766104,0.0,4.98e-5,0.0,0.0,0.0,0.0,0.001340499999999997,0.28697154712821815,2.4741065882882555e-11,-1.022800370816685e-14,4.050315638437496e-12,4.050315638437496e-12,6.586560721241625e-12,4.050315638437496e-12,NaN,diag_feasible_at_xpre,0,0,27,23,4,0,11,2.825773875253788e-14,1.12.6,lbt,1,1,Intel(R) Core(TM) 7 150U,NT,2abc7cc
degen-r5-m5-d1e-10-p0,100,Dykstra-APM,1e-7*n,9.999999999999999e-6,344,344,0.5707862,0.4812059,84.30580487054522,0.0,0.0,0.0,0.0,0.0736502,0.0,0.015930100000000003,0.2869715471118816,4.432499809164691e-11,-1.0451226744036256e-14,1.701971896750365e-12,1.701971896750365e-12,9.854017253901502e-12,1.701971896750365e-12,NaN,diag_feasible,0,0,0,0,0,0,344,2.825773875253788e-14,1.12.6,lbt,1,1,Intel(R) Core(TM) 7 150U,NT,2abc7cc
degen-r5-m5-d1e-10-p0,100,Anderson-APM,1e-7*n,9.999999999999999e-6,93,93,0.1517023,0.1277474,84.20927039339549,0.0,0.0,0.0,0.0,0.0,0.0210939,0.0028610000000000024,0.28697154715326834,3.675003838782813e-11,-8.850758188687093e-15,3.057332165212756e-12,3.057332165212756e-12,9.538088455511818e-12,3.057332165212756e-12,NaN,diag_feasible,0,0,0,0,0,0,93,2.825773875253788e-14,1.12.6,lbt,1,1,Intel(R) Core(TM) 7 150U,NT,2abc7cc
degen-r5-m5-d1e-10-p1,100,SBB-Dual,1e-7*n,1.0e-11,162,163,0.2280386,0.22494,98.64119495559085,0.0001782,0.0001017,4.29e-5,0.0,0.0,0.0,0.002775800000000007,0.28217368255675124,8.531821850832839e-12,-9.642375658312766e-15,1.6915358003188885e-12,0.0,9.728341464139771e-12,1.6915358003188885e-12,100.0,diag_feasible,0,0,0,0,0,0,162,2.316032736484957e-14,1.12.6,lbt,1,1,Intel(R) Core(TM) 7 150U,NT,2abc7cc
degen-r5-m5-d1e-10-p1,100,Newton-SIN-BH,1e-7*n,9.999999999999999e-6,6,7,0.012921,0.0091615,70.90395480225988,0.0,7.2e-6,0.0,0.0034504,0.0,0.0,0.00030190000000000035,0.28217368255670755,0.0,-1.0642306267379774e-14,6.661338147750939e-15,6.661338147750939e-15,2.316032736484957e-14,6.661338147750939e-15,NaN,converged,53,53,0,0,0,0,6,2.316032736484957e-14,1.12.6,lbt,1,1,Intel(R) Core(TM) 7 150U,NT,2abc7cc
degen-r5-m5-d1e-10-p1,100,Newton-SIN,1e-7*n,9.999999999999999e-6,7,20,0.0411638,0.035070000000000004,85.19621609278056,0.0,1.36e-5,0.0,0.0056865,0.0,0.0,0.00039369999999999683,0.2821736825474955,3.152829939136606e-11,-1.2751065730770886e-14,5.6838977968709514e-12,5.6838977968709514e-12,9.196008414040303e-12,5.6838977968709514e-12,NaN,converged,67,67,5,0,0,0,7,2.316032736484957e-14,1.12.6,lbt,1,1,Intel(R) Core(TM) 7 150U,NT,2abc7cc
degen-r5-m5-d1e-10-p1,100,AGD-SDAJ-BH,1e-7*n,1.0e-11,11,80,0.120712,0.1192445,98.78429650738948,0.0,6.9e-5,0.0,0.0,0.0,0.0,0.0013984999999999965,0.2821736825440691,2.1258793133027704e-11,-1.0255101960732808e-14,3.7416736375917026e-12,3.7416736375917026e-12,5.727439099443679e-12,3.7416736375917026e-12,NaN,diag_feasible,0,0,15,15,0,0,11,2.316032736484957e-14,1.12.6,lbt,1,1,Intel(R) Core(TM) 7 150U,NT,2abc7cc
degen-r5-m5-d1e-10-p1,100,AGD-SDAJ,1e-7*n,1.0e-11,10,88,0.1327073,0.1310719,98.76766387380347,0.0,6.19e-5,0.0,0.0,0.0,0.0,0.0015735000000000091,0.2821736825392532,3.1797267623394066e-11,-1.209866578045299e-14,5.21072074377571e-12,5.21072074377571e-12,8.791773342963028e-12,5.21072074377571e-12,NaN,diag_feasible,0,0,29,14,15,0,10,2.316032736484957e-14,1.12.6,lbt,1,1,Intel(R) Core(TM) 7 150U,NT,2abc7cc
degen-r5-m5-d1e-10-p1,100,Dykstra-APM,1e-7*n,9.999999999999999e-6,334,334,0.6233469,0.5167303,82.89610488156754,0.0,0.0,0.0,0.0,0.0841309,0.0,0.022485700000000067,0.2821736825263314,4.319043328697308e-11,-8.518093547976471e-15,1.6890933096647132e-12,1.6890933096647132e-12,9.641305811603749e-12,1.6890933096647132e-12,NaN,diag_feasible,0,0,0,0,0,0,334,2.316032736484957e-14,1.12.6,lbt,1,1,Intel(R) Core(TM) 7 150U,NT,2abc7cc
degen-r5-m5-d1e-10-p1,100,Anderson-APM,1e-7*n,9.999999999999999e-6,57,57,0.0944531,0.0795088,84.1780735624347,0.0,0.0,0.0,0.0,0.0,0.0130715,0.001872799999999994,0.2821736825634274,1.3811411823832118e-11,-1.0210639298391113e-14,1.6624479570737094e-12,1.6624479570737094e-12,3.889411853247217e-12,1.6624479570737094e-12,NaN,diag_feasible,0,0,0,0,0,0,57,2.316032736484957e-14,1.12.6,lbt,1,1,Intel(R) Core(TM) 7 150U,NT,2abc7cc
degen-r5-m5-d1e-10-p2,100,SBB-Dual,1e-7*n,1.0e-11,161,162,0.2263511,0.223439,98.71345886987075,0.0002066,0.0001076,4.3e-5,0.0,0.0,0.0,0.002554900000000001,0.2941532468174061,8.102992337042767e-12,-7.890754311624091e-15,1.5827339439056232e-12,0.0,9.891367982845527e-12,1.5827339439056232e-12,100.0,diag_feasible,0,0,0,0,0,0,161,1.3513288778347785e-14,1.12.6,lbt,1,1,Intel(R) Core(TM) 7 150U,NT,2abc7cc
degen-r5-m5-d1e-10-p2,100,Newton-SIN-BH,1e-7*n,9.999999999999999e-6,5,6,0.014184,0.0101784,71.75972927241963,0.0,7.6e-6,0.0,0.0036769,0.0,0.0,0.00032109999999999994,0.2941532468174047,0.0,-1.1914079012111505e-14,4.884981308350689e-15,4.884981308350689e-15,1.3513288778347785e-14,4.884981308350689e-15,NaN,converged,40,40,0,0,0,0,5,1.3513288778347785e-14,1.12.6,lbt,1,1,Intel(R) Core(TM) 7 150U,NT,2abc7cc
degen-r5-m5-d1e-10-p2,100,Newton-SIN,1e-7*n,9.999999999999999e-6,5,11,0.0189136,0.0160399,84.80617122070892,0.0,5.7e-6,0.0,0.0026621,0.0,0.0,0.00020589999999999975,0.2941532468174047,0.0,-1.1914079012111505e-14,4.884981308350689e-15,4.884981308350689e-15,1.3513288778347785e-14,4.884981308350689e-15,NaN,converged,40,40,0,0,0,0,5,1.3513288778347785e-14,1.12.6,lbt,1,1,Intel(R) Core(TM) 7 150U,NT,2abc7cc
degen-r5-m5-d1e-10-p2,100,AGD-SDAJ-BH,1e-7*n,1.0e-11,10,85,0.1188272,0.11740640000000001,98.8043141637605,0.0,5.3e-5,0.0,0.0,0.0,0.0,0.0013677999999999859,0.29415324680616717,3.278437440608332e-11,-9.39625024038723e-15,2.8459457013241263e-12,2.8459457013241263e-12,9.380366486138615e-12,2.8459457013241263e-12,NaN,diag_feasible_at_xpre,0,0,26,26,0,0,10,1.3513288778347785e-14,1.12.6,lbt,1,1,Intel(R) Core(TM) 7 150U,NT,2abc7cc
degen-r5-m5-d1e-10-p2,100,AGD-SDAJ,1e-7*n,1.0e-11,10,85,0.1425379,0.140712,98.71900736576028,0.0,6.94e-5,0.0,0.0,0.0,0.0,0.0017564999999999914,0.29415324680863547,1.59195901898727e-11,-1.2482968135065981e-14,1.811550909280868e-12,1.811550909280868e-12,4.179488428085647e-12,1.811550909280868e-12,NaN,diag_feasible_at_xpre,0,0,28,25,3,0,10,1.3513288778347785e-14,1.12.6,lbt,1,1,Intel(R) Core(TM) 7 150U,NT,2abc7cc
degen-r5-m5-d1e-10-p2,100,Dykstra-APM,1e-7*n,9.999999999999999e-6,332,332,0.5871344,0.4962551,84.52155077270213,0.0,0.0,0.0,0.0,0.0736794,0.0,0.017199899999999935,0.2941532467877823,4.3893169312590517e-11,-9.508262498846691e-15,1.5829559885105482e-12,1.5829559885105482e-12,9.806826148696306e-12,1.5829559885105482e-12,NaN,diag_feasible,0,0,0,0,0,0,332,1.3513288778347785e-14,1.12.6,lbt,1,1,Intel(R) Core(TM) 7 150U,NT,2abc7cc
degen-r5-m5-d1e-10-p2,100,Anderson-APM,1e-7*n,9.999999999999999e-6,89,89,0.1378626,0.1168802,84.78020870054678,0.0,0.0,0.0,0.0,0.0,0.0185191,0.002463299999999998,0.2941532468368145,3.166867713545208e-11,-1.0957407520016067e-14,1.4315215679516768e-12,1.4315215679516768e-12,7.502599587506157e-12,1.4315215679516768e-12,NaN,diag_feasible,0,0,0,0,0,0,89,1.3513288778347785e-14,1.12.6,lbt,1,1,Intel(R) Core(TM) 7 150U,NT,2abc7cc
degen-r5-m5-d1e-10-p3,100,SBB-Dual,1e-7*n,1.0e-11,163,164,0.2184118,0.2155798,98.70336675948828,0.0001679,9.66e-5,4.34e-5,0.0,0.0,0.0,0.0025241000000000013,0.2946327867486072,1.1391608089164827e-11,-1.1533258753721127e-14,1.880717803715015e-12,0.0,9.80866933053869e-12,1.880717803715015e-12,100.0,diag_feasible,0,0,0,0,0,0,163,1.343782689223772e-14,1.12.6,lbt,1,1,Intel(R) Core(TM) 7 150U,NT,2abc7cc
degen-r5-m5-d1e-10-p3,100,Newton-SIN-BH,1e-7*n,9.999999999999999e-6,5,6,0.0113145,0.0075878,67.06261876353352,0.0,5.2e-6,0.0,0.00345,0.0,0.0,0.0002715000000000005,0.29463278674860494,0.0,-1.0445057920839861e-14,4.218847493575595e-15,4.218847493575595e-15,1.343782689223772e-14,4.218847493575595e-15,NaN,converged,39,39,0,0,0,0,5,1.343782689223772e-14,1.12.6,lbt,1,1,Intel(R) Core(TM) 7 150U,NT,2abc7cc
degen-r5-m5-d1e-10-p3,100,Newton-SIN,1e-7*n,9.999999999999999e-6,7,20,0.040686,0.0350209,86.07604581428501,0.0,1.48e-5,0.0,0.0052436,0.0,0.0,0.0004066999999999994,0.29463278673687054,3.361055244940068e-11,-1.0234994230532184e-14,5.432321259490891e-12,5.432321259490891e-12,9.006097577048521e-12,5.432321259490891e-12,NaN,converged,63,63,5,0,0,0,7,1.343782689223772e-14,1.12.6,lbt,1,1,Intel(R) Core(TM) 7 150U,NT,2abc7cc
degen-r5-m5-d1e-10-p3,100,AGD-SDAJ-BH,1e-7*n,1.0e-11,7,54,0.0959318,0.0947404,98.75807604986043,0.0,4.84e-5,0.0,0.0,0.0,0.0,0.0011429999999999951,0.29463278673284476,2.696044991112221e-11,-9.849174149418793e-15,2.7076119124558318e-12,2.7076119124558318e-12,6.766429504291587e-12,2.7076119124558318e-12,NaN,diag_feasible,0,0,11,11,0,0,7,1.343782689223772e-14,1.12.6,lbt,1,1,Intel(R) Core(TM) 7 150U,NT,2abc7cc
degen-r5-m5-d1e-10-p3,100,AGD-SDAJ,1e-7*n,1.0e-11,9,72,0.1355703,0.13409189999999999,98.90949566387327,0.0,6.4e-5,0.0,0.0,0.0,0.0,0.0014144000000000186,0.29463278673012566,3.250538008195499e-11,-9.969170096495733e-15,3.735789455561189e-12,3.735789455561189e-12,8.522491273823157e-12,3.735789455561189e-12,NaN,diag_feasible,0,0,19,13,6,0,9,1.343782689223772e-14,1.12.6,lbt,1,1,Intel(R) Core(TM) 7 150U,NT,2abc7cc
degen-r5-m5-d1e-10-p3,100,Dykstra-APM,1e-7*n,9.999999999999999e-6,336,336,0.6427879,0.5517598,85.83854798760214,0.0,0.0,0.0,0.0,0.0678987,0.0,0.02312939999999994,0.29463278671980414,4.369120198981555e-11,-9.111910615275996e-15,1.8771650900362147e-12,1.8771650900362147e-12,9.703161834373121e-12,1.8771650900362147e-12,NaN,diag_feasible,0,0,0,0,0,0,336,1.343782689223772e-14,1.12.6,lbt,1,1,Intel(R) Core(TM) 7 150U,NT,2abc7cc
degen-r5-m5-d1e-10-p3,100,Anderson-APM,1e-7*n,9.999999999999999e-6,61,61,0.0942963,0.0784928,83.24059374545979,0.0,0.0,0.0,0.0,0.0,0.0137597,0.0020437999999999984,0.2946327867734677,4.1189148528449997e-11,-9.070271432912217e-15,2.677302823883565e-12,2.677302823883565e-12,9.551725847381136e-12,2.677302823883565e-12,NaN,diag_feasible,0,0,0,0,0,0,61,1.343782689223772e-14,1.12.6,lbt,1,1,Intel(R) Core(TM) 7 150U,NT,2abc7cc
degen-r5-m5-d1e-10-p4,100,SBB-Dual,1e-7*n,1.0e-11,159,160,0.2245933,0.2218938,98.7980496301537,0.0001732,0.0001196,4.85e-5,0.0,0.0,0.0,0.0023581999999999935,0.294816515071756,7.800931185754101e-12,-9.811093241499345e-15,1.5876189252139739e-12,0.0,9.947906075475646e-12,1.5876189252139739e-12,100.0,diag_feasible,0,0,0,0,0,0,159,2.786084716561633e-14,1.12.6,lbt,1,1,Intel(R) Core(TM) 7 150U,NT,2abc7cc
degen-r5-m5-d1e-10-p4,100,Newton-SIN-BH,1e-7*n,9.999999999999999e-6,5,6,0.0111039,0.0078336,70.54818577256638,0.0,5.5e-6,0.0,0.0029852,0.0,0.0,0.0002796000000000005,0.29481651507177503,0.0,-6.933791554596391e-15,8.881784197001252e-15,8.881784197001252e-15,2.786084716561633e-14,8.881784197001252e-15,NaN,converged,40,40,0,0,0,0,5,2.786084716561633e-14,1.12.6,lbt,1,1,Intel(R) Core(TM) 7 150U,NT,2abc7cc
degen-r5-m5-d1e-10-p4,100,Newton-SIN,1e-7*n,9.999999999999999e-6,6,14,0.0291542,0.0244202,83.7622023584938,0.0,9.9e-6,0.0,0.0044289,0.0,0.0,0.00029520000000000154,0.29481651507176587,1.549143521404752e-13,-9.682986036733619e-15,4.884981308350689e-15,4.884981308350689e-15,1.4148702437024952e-14,4.884981308350689e-15,NaN,converged,53,53,1,0,0,0,6,2.786084716561633e-14,1.12.6,lbt,1,1,Intel(R) Core(TM) 7 150U,NT,2abc7cc
degen-r5-m5-d1e-10-p4,100,AGD-SDAJ-BH,1e-7*n,1.0e-11,9,70,0.0973462,0.09630770000000001,98.93318896885552,0.0,4.09e-5,0.0,0.0,0.0,0.0,0.000997599999999984,0.29481651508302,2.4238875853751895e-11,-8.601809269676408e-15,5.066280728271977e-12,5.066280728271977e-12,6.927159421725907e-12,5.066280728271977e-12,NaN,diag_feasible_at_xpre,0,0,19,19,0,0,9,2.786084716561633e-14,1.12.6,lbt,1,1,Intel(R) Core(TM) 7 150U,NT,2abc7cc
degen-r5-m5-d1e-10-p4,100,AGD-SDAJ,1e-7*n,1.0e-11,8,82,0.1132857,0.1117983,98.68703640441821,0.0,5.07e-5,0.0,0.0,0.0,0.0,0.0014366999999999997,0.2948165150789142,1.0880350786074701e-11,-8.486672074043236e-15,7.213118990989642e-13,7.213118990989642e-13,2.494435406615192e-12,7.213118990989642e-13,NaN,diag_feasible,0,0,33,22,11,0,8,2.786084716561633e-14,1.12.6,lbt,1,1,Intel(R) Core(TM) 7 150U,NT,2abc7cc
degen-r5-m5-d1e-10-p4,100,Dykstra-APM,1e-7*n,9.999999999999999e-6,328,328,0.5657994,0.484735,85.67258996739835,0.0,0.0,0.0,0.0,0.064561,0.0,0.016503399999999932,0.2948165150421214,4.424246011921273e-11,-9.999872491165404e-15,1.5893952820533741e-12,1.5893952820533741e-12,9.873244568529858e-12,1.5893952820533741e-12,NaN,diag_feasible,0,0,0,0,0,0,328,2.786084716561633e-14,1.12.6,lbt,1,1,Intel(R) Core(TM) 7 150U,NT,2abc7cc
degen-r5-m5-d1e-10-p4,100,Anderson-APM,1e-7*n,9.999999999999999e-6,66,66,0.1071917,0.0898124,83.78671109796747,0.0,0.0,0.0,0.0,0.0,0.015256,0.0021233,0.2948165150631908,1.8397581234281856e-11,-8.426913707395608e-15,1.3886669592011458e-12,1.3886669592011458e-12,4.648275883280634e-12,1.3886669592011458e-12,NaN,diag_feasible,0,0,0,0,0,0,66,2.786084716561633e-14,1.12.6,lbt,1,1,Intel(R) Core(TM) 7 150U,NT,2abc7cc
degen-r5-m5-d0-p0,100,SBB-Dual,1e-7*n,1.0e-11,164,165,0.2118965,0.20913269999999998,98.69568397779103,0.0001813,9.94e-5,4.29e-5,0.0,0.0,0.0,0.002440200000000011,0.2869715472726116,1.6429906221752555e-11,-9.93235099983022e-15,2.05702122002549e-12,0.0,9.054786631404213e-12,2.05702122002549e-12,100.0,diag_feasible,0,0,0,0,0,0,164,2.853273173286652e-14,1.12.6,lbt,1,1,Intel(R) Core(TM) 7 150U,NT,2abc7cc
degen-r5-m5-d0-p0,100,Newton-SIN-BH,1e-7*n,9.999999999999999e-6,4,5,0.0083732,0.0062161000000000004,74.23804519180241,0.0,4.0e-6,0.0,0.0019406,0.0,0.0,0.00021250000000000023,0.2869715472726086,0.0,-7.482980705355797e-15,1.021405182655144e-14,1.021405182655144e-14,2.853273173286652e-14,1.021405182655144e-14,NaN,converged,28,28,0,0,0,0,4,2.853273173286652e-14,1.12.6,lbt,1,1,Intel(R) Core(TM) 7 150U,NT,2abc7cc
degen-r5-m5-d0-p0,100,Newton-SIN,1e-7*n,9.999999999999999e-6,4,9,0.0177686,0.0144652,81.40877728127147,0.0,7.0e-6,0.0,0.0030843,0.0,0.0,0.0002120999999999998,0.2869715472726086,0.0,-7.482980705355797e-15,1.021405182655144e-14,1.021405182655144e-14,2.853273173286652e-14,1.021405182655144e-14,NaN,converged,28,28,0,0,0,0,4,2.853273173286652e-14,1.12.6,lbt,1,1,Intel(R) Core(TM) 7 150U,NT,2abc7cc
degen-r5-m5-d0-p0,100,AGD-SDAJ-BH,1e-7*n,1.0e-11,12,98,0.1355214,0.1338141,98.74019896488673,0.0,6.23e-5,0.0,0.0,0.0,0.0,0.001644999999999995,0.2869715472634394,1.7129166981217184e-11,-8.72404127890977e-15,6.076694702983332e-12,6.076694702983332e-12,9.06341572029294e-12,6.076694702983332e-12,NaN,diag_feasible,0,0,27,27,0,0,12,2.853273173286652e-14,1.12.6,lbt,1,1,Intel(R) Core(TM) 7 150U,NT,2abc7cc
degen-r5-m5-d0-p0,100,AGD-SDAJ,1e-7*n,1.0e-11,12,104,0.1668463,0.1649555,98.86674142609097,0.0,7.69e-5,0.0,0.0,0.0,0.0,0.001813899999999998,0.2869715472648223,1.7414078681039072e-11,-9.832212564744216e-15,4.759304061963121e-12,4.759304061963121e-12,7.524986912161211e-12,4.759304061963121e-12,NaN,diag_feasible,0,0,31,29,2,0,12,2.853273173286652e-14,1.12.6,lbt,1,1,Intel(R) Core(TM) 7 150U,NT,2abc7cc
degen-r5-m5-d0-p0,100,Dykstra-APM,1e-7*n,9.999999999999999e-6,337,337,0.6010292,0.5033558,83.74897592329957,0.0,0.0,0.0,0.0,0.076892,0.0,0.02078140000000002,0.28697154724627744,3.795506549984624e-11,-7.841126987088914e-15,2.1813661987835076e-12,2.1813661987835076e-12,9.606524161162663e-12,2.1813661987835076e-12,NaN,diag_feasible,0,0,0,0,0,0,337,2.853273173286652e-14,1.12.6,lbt,1,1,Intel(R) Core(TM) 7 150U,NT,2abc7cc
degen-r5-m5-d0-p0,100,Anderson-APM,1e-7*n,9.999999999999999e-6,91,91,0.1375519,0.1156312,84.06368796068975,0.0,0.0,0.0,0.0,0.0,0.0193533,0.002567400000000001,0.2869715472876721,2.5969808444452445e-11,-1.163351103743504e-14,1.6888712650597881e-12,1.6888712650597881e-12,6.251671028168154e-12,1.6888712650597881e-12,NaN,diag_feasible,0,0,0,0,0,0,91,2.853273173286652e-14,1.12.6,lbt,1,1,Intel(R) Core(TM) 7 150U,NT,2abc7cc
degen-r5-m5-d0-p1,100,SBB-Dual,1e-7*n,1.0e-11,158,159,0.5052137,0.496953,98.36490974017529,0.0010046,0.0003547,0.0001104,0.0,0.0,0.0,0.00679100000000001,0.282173682679361,1.8018688232411513e-11,-9.841771905215133e-15,2.269517906938745e-12,0.0,9.778162815793238e-12,2.269517906938745e-12,100.0,diag_feasible,0,0,0,0,0,0,158,1.7897332353584515e-14,1.12.6,lbt,1,1,Intel(R) Core(TM) 7 150U,NT,2abc7cc
degen-r5-m5-d0-p1,100,Newton-SIN-BH,1e-7*n,9.999999999999999e-6,5,6,0.0239952,0.0173254,72.2036073881443,0.0,1.67e-5,0.0,0.0059354,0.0,0.0,0.0007176999999999999,0.28217368267932963,0.0,-1.088039293860711e-14,6.217248937900877e-15,6.217248937900877e-15,1.7897332353584515e-14,6.217248937900877e-15,NaN,converged,41,41,0,0,0,0,5,1.7897332353584515e-14,1.12.6,lbt,1,1,Intel(R) Core(TM) 7 150U,NT,2abc7cc
degen-r5-m5-d0-p1,100,Newton-SIN,1e-7*n,9.999999999999999e-6,100,2858,4.3198824,4.0958125,94.81305555910504,0.0,0.0018049,0.0,0.1635845,0.0,0.0,0.05868049999999994,0.28217368259102865,4.682251094979519e-10,-7.641850557072472e-15,1.650797276653293e-10,1.650797276653293e-10,1.7216683291729575e-10,1.650797276653293e-10,NaN,max_iter,1561,1561,2657,0,0,0,100,1.7897332353584515e-14,1.12.6,lbt,1,1,Intel(R) Core(TM) 7 150U,NT,2abc7cc
degen-r5-m5-d0-p1,100,AGD-SDAJ-BH,1e-7*n,1.0e-11,10,70,0.1083701,0.10709579999999999,98.82412215177433,0.0,5.09e-5,0.0,0.0,0.0,0.0,0.001223400000000006,0.2821736826750107,2.5438812835164396e-11,-8.299439990228314e-15,4.5884407384733095e-12,4.5884407384733095e-12,8.024458332615712e-12,4.5884407384733095e-12,NaN,diag_feasible_at_xpre,0,0,11,11,0,0,10,1.7897332353584515e-14,1.12.6,lbt,1,1,Intel(R) Core(TM) 7 150U,NT,2abc7cc
degen-r5-m5-d0-p1,100,AGD-SDAJ,1e-7*n,1.0e-11,11,112,0.155598,0.1538165,98.85506240440108,0.0,7.31e-5,0.0,0.0,0.0,0.0,0.0017083999999999914,0.28217368267860937,1.0980805362902892e-11,-9.471064612773176e-15,2.560174294785611e-12,2.560174294785611e-12,3.4181009955495917e-12,2.560174294785611e-12,NaN,diag_feasible_at_xpre,0,0,47,13,34,0,11,1.7897332353584515e-14,1.12.6,lbt,1,1,Intel(R) Core(TM) 7 150U,NT,2abc7cc
degen-r5-m5-d0-p1,100,Dykstra-APM,1e-7*n,9.999999999999999e-6,326,326,0.6320154,0.5430832,85.92879224145487,0.0,0.0,0.0,0.0,0.0699536,0.0,0.018978600000000012,0.2821736826520819,3.7783761475026604e-11,-8.249674903882967e-15,2.2581936320875684e-12,2.2581936320875684e-12,9.739638037236068e-12,2.2581936320875684e-12,NaN,diag_feasible,0,0,0,0,0,0,326,1.7897332353584515e-14,1.12.6,lbt,1,1,Intel(R) Core(TM) 7 150U,NT,2abc7cc
degen-r5-m5-d0-p1,100,Anderson-APM,1e-7*n,9.999999999999999e-6,62,62,0.1139309,0.0957414,84.0346209851761,0.0,0.0,0.0,0.0,0.0,0.0159517,0.002237799999999998,0.282173682675895,2.852977150454199e-11,-1.1478480784202758e-14,3.721467578543525e-12,3.721467578543525e-12,8.933706359210684e-12,3.721467578543525e-12,NaN,diag_feasible,0,0,0,0,0,0,62,1.7897332353584515e-14,1.12.6,lbt,1,1,Intel(R) Core(TM) 7 150U,NT,2abc7cc
degen-r5-m5-d0-p2,100,SBB-Dual,1e-7*n,1.0e-11,158,159,0.2326902,0.229703,98.71623299992865,0.0002053,0.000124,4.52e-5,0.0,0.0,0.0,0.0026127000000000233,0.2941532469586108,1.5162861408869195e-11,-8.512263282343525e-15,1.8745005547771143e-12,0.0,8.695495584607202e-12,1.8745005547771143e-12,100.0,diag_feasible,0,0,0,0,0,0,158,2.8531651728939705e-14,1.12.6,lbt,1,1,Intel(R) Core(TM) 7 150U,NT,2abc7cc
degen-r5-m5-d0-p2,100,Newton-SIN-BH,1e-7*n,9.999999999999999e-6,4,5,0.0193058,0.0130965,67.8371266665976,0.0,1.39e-5,0.0,0.0056519,0.0,0.0,0.0005435000000000014,0.29415324695855827,0.0,-7.835110870827786e-15,7.327471962526033e-15,7.327471962526033e-15,2.8531651728939705e-14,7.327471962526033e-15,NaN,converged,28,28,0,0,0,0,4,2.8531651728939705e-14,1.12.6,lbt,1,1,Intel(R) Core(TM) 7 150U,NT,2abc7cc
degen-r5-m5-d0-p2,100,Newton-SIN,1e-7*n,9.999999999999999e-6,100,3048,4.3021346,4.1111447,95.56057823016509,0.0,0.0028296,0.0,0.1209725,0.0,0.0,0.06718779999999995,0.2941532445361904,9.844780543499578e-9,-7.614946590946708e-15,2.4799093889527057e-9,2.4799093889527057e-9,3.651383155929411e-9,2.4799093889527057e-9,NaN,max_iter,1180,1180,2847,0,0,0,100,2.8531651728939705e-14,1.12.6,lbt,1,1,Intel(R) Core(TM) 7 150U,NT,2abc7cc
degen-r5-m5-d0-p2,100,AGD-SDAJ-BH,1e-7*n,1.0e-11,12,103,0.1684759,0.1666101,98.89254190065166,0.0,7.91e-5,0.0,0.0,0.0,0.0,0.0017867000000000009,0.2941532469515036,1.0392175376087484e-11,-8.081569163738859e-15,3.233413536918306e-12,3.233413536918306e-12,4.418032760134161e-12,3.233413536918306e-12,NaN,diag_feasible,0,0,30,30,0,0,12,2.8531651728939705e-14,1.12.6,lbt,1,1,Intel(R) Core(TM) 7 150U,NT,2abc7cc
degen-r5-m5-d0-p2,100,AGD-SDAJ,1e-7*n,1.0e-11,12,118,0.1938784,0.18867820000000002,97.31780332414544,0.0,8.33e-5,0.0,0.0,0.0,0.0,0.0051168999999999885,0.29415324695529255,7.418280415983013e-12,-9.250479693169405e-15,1.247668635073751e-12,1.247668635073751e-12,2.4716187951656326e-12,1.247668635073751e-12,NaN,diag_feasible,0,0,45,26,19,0,12,2.8531651728939705e-14,1.12.6,lbt,1,1,Intel(R) Core(TM) 7 150U,NT,2abc7cc
degen-r5-m5-d0-p2,100,Dykstra-APM,1e-7*n,9.999999999999999e-6,324,324,0.5461231,0.4818578,88.23245162125536,0.0,0.0,0.0,0.0,0.0489057,0.0,0.015359599999999966,0.2941532469327958,3.867862732732423e-11,-7.759928290981196e-15,2.147837463439828e-12,2.147837463439828e-12,9.977041851954793e-12,2.147837463439828e-12,NaN,diag_feasible,0,0,0,0,0,0,324,2.8531651728939705e-14,1.12.6,lbt,1,1,Intel(R) Core(TM) 7 150U,NT,2abc7cc
degen-r5-m5-d0-p2,100,Anderson-APM,1e-7*n,9.999999999999999e-6,93,93,0.1696295,0.1435898,84.649073421781,0.0,0.0,0.0,0.0,0.0,0.0229874,0.0030522999999999974,0.29415324698063966,3.6685101618999784e-11,-8.34686375855789e-15,2.1763701951726944e-12,2.1763701951726944e-12,8.85638378933679e-12,2.1763701951726944e-12,NaN,diag_feasible,0,0,0,0,0,0,93,2.8531651728939705e-14,1.12.6,lbt,1,1,Intel(R) Core(TM) 7 150U,NT,2abc7cc
degen-r5-m5-d0-p3,100,SBB-Dual,1e-7*n,1.0e-11,159,160,0.219768,0.2168555,98.67473881547814,0.0001796,0.0001117,5.3e-5,0.0,0.0,0.0,0.0025681999999999845,0.29463278689036987,1.8243635016222596e-11,-1.1285786932791345e-14,2.6563196087181495e-12,0.0,9.96148992585848e-12,2.6563196087181495e-12,100.0,diag_feasible,0,0,0,0,0,0,159,4.7389099588331995e-14,1.12.6,lbt,1,1,Intel(R) Core(TM) 7 150U,NT,2abc7cc
degen-r5-m5-d0-p3,100,Newton-SIN-BH,1e-7*n,9.999999999999999e-6,4,5,0.0107436,0.008203,76.3524330764362,0.0,5.8e-6,0.0,0.0022438,0.0,0.0,0.0002910000000000009,0.2946327868903472,0.0,-1.1258736662722499e-14,4.529709940470639e-14,4.529709940470639e-14,4.7389099588331995e-14,4.529709940470639e-14,NaN,converged,25,25,0,0,0,0,4,4.7389099588331995e-14,1.12.6,lbt,1,1,Intel(R) Core(TM) 7 150U,NT,2abc7cc
degen-r5-m5-d0-p3,100,Newton-SIN,1e-7*n,9.999999999999999e-6,5,13,0.0193568,0.0160917,83.13202595470325,0.0,7.6e-6,0.0,0.0030246,0.0,0.0,0.00023289999999999986,0.294632786890356,1.4603220607572583e-13,-8.313258618099252e-15,2.930988785010413e-14,2.930988785010413e-14,3.3678391741413157e-14,2.930988785010413e-14,NaN,converged,37,37,2,0,0,0,5,4.7389099588331995e-14,1.12.6,lbt,1,1,Intel(R) Core(TM) 7 150U,NT,2abc7cc
degen-r5-m5-d0-p3,100,AGD-SDAJ-BH,1e-7*n,1.0e-11,8,59,0.1006186,0.0994177,98.8064830955708,0.0,4.53e-5,0.0,0.0,0.0,0.0,0.0011556000000000047,0.29463278688609645,1.2227284359830237e-11,-1.057965086352564e-14,1.4818146709671964e-12,1.4818146709671964e-12,3.4990669057114376e-12,1.4818146709671964e-12,NaN,diag_feasible,0,0,12,12,0,0,8,4.7389099588331995e-14,1.12.6,lbt,1,1,Intel(R) Core(TM) 7 150U,NT,2abc7cc
degen-r5-m5-d0-p3,100,AGD-SDAJ,1e-7*n,1.0e-11,9,76,0.1289273,0.1274229,98.83314084759397,0.0,6.39e-5,0.0,0.0,0.0,0.0,0.001440499999999989,0.2946327868872207,1.0264162645838221e-11,-1.1019612430288368e-14,1.31206157050201e-12,1.31206157050201e-12,2.993180143179721e-12,1.31206157050201e-12,NaN,diag_feasible,0,0,21,15,6,0,9,4.7389099588331995e-14,1.12.6,lbt,1,1,Intel(R) Core(TM) 7 150U,NT,2abc7cc
degen-r5-m5-d0-p3,100,Dykstra-APM,1e-7*n,9.999999999999999e-6,328,328,0.6050544,0.5234118,86.50656866556132,0.0,0.0,0.0,0.0,0.0501046,0.0,0.03153800000000001,0.2946327868655321,3.8621595640420434e-11,-8.550254215755604e-15,2.631672657571471e-12,2.631672657571471e-12,9.890594307019873e-12,2.631672657571471e-12,NaN,diag_feasible,0,0,0,0,0,0,328,4.7389099588331995e-14,1.12.6,lbt,1,1,Intel(R) Core(TM) 7 150U,NT,2abc7cc
degen-r5-m5-d0-p3,100,Anderson-APM,1e-7*n,9.999999999999999e-6,61,61,0.1105348,0.0928114,83.96577367489697,0.0,0.0,0.0,0.0,0.0,0.0154995,0.002223900000000001,0.294632786908896,3.294474156635941e-11,-1.0284303191124852e-14,2.3955282202337003e-12,2.3955282202337003e-12,8.050861565963743e-12,2.3955282202337003e-12,NaN,diag_feasible,0,0,0,0,0,0,61,4.7389099588331995e-14,1.12.6,lbt,1,1,Intel(R) Core(TM) 7 150U,NT,2abc7cc
degen-r5-m5-d0-p4,100,SBB-Dual,1e-7*n,1.0e-11,155,156,0.2133282,0.2104287,98.64082666989175,0.0001652,0.0001602,4.39e-5,0.0,0.0,0.0,0.0025301999999999994,0.2948165152139975,1.773917225912002e-11,-6.242919551555242e-15,2.198019544152885e-12,0.0,9.811080810553962e-12,2.198019544152885e-12,100.0,diag_feasible,0,0,0,0,0,0,155,2.366963202245213e-14,1.12.6,lbt,1,1,Intel(R) Core(TM) 7 150U,NT,2abc7cc
degen-r5-m5-d0-p4,100,Newton-SIN-BH,1e-7*n,9.999999999999999e-6,4,5,0.0087059,0.0066376,76.24254815699696,0.0,5.5e-6,0.0,0.0018214,0.0,0.0,0.00024140000000000142,0.29481651521396895,0.0,-9.165766953171578e-15,9.992007221626409e-15,9.992007221626409e-15,2.366963202245213e-14,9.992007221626409e-15,NaN,converged,27,27,0,0,0,0,4,2.366963202245213e-14,1.12.6,lbt,1,1,Intel(R) Core(TM) 7 150U,NT,2abc7cc
degen-r5-m5-d0-p4,100,Newton-SIN,1e-7*n,9.999999999999999e-6,5,13,0.0198006,0.017004000000000002,85.87618557013424,0.0,7.5e-6,0.0,0.0025561,0.0,0.0,0.0002329999999999997,0.29481651521399943,1.1333376228966683e-13,-8.072932929210026e-15,5.773159728050814e-15,5.773159728050814e-15,1.534639886303638e-14,5.773159728050814e-15,NaN,converged,40,40,2,0,0,0,5,2.366963202245213e-14,1.12.6,lbt,1,1,Intel(R) Core(TM) 7 150U,NT,2abc7cc
degen-r5-m5-d0-p4,100,AGD-SDAJ-BH,1e-7*n,1.0e-11,11,87,0.1387076,0.13714269999999998,98.87179938229771,0.0,6.96e-5,0.0,0.0,0.0,0.0,0.001495300000000008,0.2948165152239562,1.6503044803013103e-11,-9.598485757632151e-15,1.5578649481540197e-12,1.5578649481540197e-12,4.158668094303064e-12,1.5578649481540197e-12,NaN,diag_feasible_at_xpre,0,0,24,24,0,0,11,2.366963202245213e-14,1.12.6,lbt,1,1,Intel(R) Core(TM) 7 150U,NT,2abc7cc
degen-r5-m5-d0-p4,100,AGD-SDAJ,1e-7*n,1.0e-11,8,72,0.1013027,0.10013999999999999,98.85225171688415,0.0,5.18e-5,0.0,0.0,0.0,0.0,0.0011109000000000026,0.2948165152213124,1.768326614441131e-11,-8.548227276787152e-15,3.098410417123887e-12,3.098410417123887e-12,5.257512243447985e-12,3.098410417123887e-12,NaN,diag_feasible_at_xpre,0,0,27,12,15,0,8,2.366963202245213e-14,1.12.6,lbt,1,1,Intel(R) Core(TM) 7 150U,NT,2abc7cc
degen-r5-m5-d0-p4,100,Dykstra-APM,1e-7*n,9.999999999999999e-6,320,320,0.5349591,0.4767323,89.1156538883066,0.0,0.0,0.0,0.0,0.0431133,0.0,0.015113500000000023,0.2948165151889923,3.768989238293089e-11,-1.1824466481203773e-14,2.190470027585434e-12,2.190470027585434e-12,9.78738361497553e-12,2.190470027585434e-12,NaN,diag_feasible,0,0,0,0,0,0,320,2.366963202245213e-14,1.12.6,lbt,1,1,Intel(R) Core(TM) 7 150U,NT,2abc7cc
degen-r5-m5-d0-p4,100,Anderson-APM,1e-7*n,9.999999999999999e-6,65,65,0.102129,0.0866926,84.8853900459223,0.0,0.0,0.0,0.0,0.0,0.0135164,0.0019200000000000033,0.2948165152101774,3.071638571018085e-11,-7.579687385167536e-15,4.001576847656452e-12,4.001576847656452e-12,9.482192177614546e-12,4.001576847656452e-12,NaN,diag_feasible,0,0,0,0,0,0,65,2.366963202245213e-14,1.12.6,lbt,1,1,Intel(R) Core(TM) 7 150U,NT,2abc7cc
degen-r5-m20-d0.01-p0,100,SBB-Dual,1e-7*n,1.0e-11,203,204,0.326275,0.3214698,98.52725461650448,0.0003273,0.0001802,4.2e-5,0.0,0.0,0.0,0.0042556999999999534,0.383984403861333,9.239072909510817e-12,-8.963041083631032e-15,1.4068746168049984e-12,0.0,9.97021994652426e-12,1.4068746168049984e-12,100.0,diag_feasible,0,0,0,0,0,0,203,2.900976860388739e-14,1.12.6,lbt,1,1,Intel(R) Core(TM) 7 150U,NT,2abc7cc
degen-r5-m20-d0.01-p0,100,Newton-SIN-BH,1e-7*n,9.999999999999999e-6,4,5,0.011299,0.009173200000000001,81.18594565890788,0.0,8.9e-6,0.0,0.0017615,0.0,0.0,0.00035539999999999877,0.38398440386107535,7.117121254609819e-12,-7.46157144903276e-15,6.010747455320598e-13,6.010747455320598e-13,2.119808663262065e-12,6.010747455320598e-13,NaN,converged,18,18,0,0,0,0,4,2.900976860388739e-14,1.12.6,lbt,1,1,Intel(R) Core(TM) 7 150U,NT,2abc7cc
degen-r5-m20-d0.01-p0,100,Newton-SIN,1e-7*n,9.999999999999999e-6,4,9,0.0141633,0.0127064,89.71355545670853,0.0,5.6e-6,0.0,0.0012615,0.0,0.0,0.0001898000000000006,0.38398440386107535,7.117121254609819e-12,-7.46157144903276e-15,6.010747455320598e-13,6.010747455320598e-13,2.119808663262065e-12,6.010747455320598e-13,NaN,converged,18,18,0,0,0,0,4,2.900976860388739e-14,1.12.6,lbt,1,1,Intel(R) Core(TM) 7 150U,NT,2abc7cc
degen-r5-m20-d0.01-p0,100,AGD-SDAJ-BH,1e-7*n,1.0e-11,12,95,0.1686608,0.1668516,98.92731446785501,0.0,7.44e-5,0.0,0.0,0.0,0.0,0.0017348000000000107,0.38398440384813726,3.327501251464461e-11,-1.3649235640004199e-14,4.081290860824538e-12,4.081290860824538e-12,8.326175648911223e-12,4.081290860824538e-12,NaN,diag_feasible_at_xpre,0,0,26,26,0,0,12,2.900976860388739e-14,1.12.6,lbt,1,1,Intel(R) Core(TM) 7 150U,NT,2abc7cc
degen-r5-m20-d0.01-p0,100,AGD-SDAJ,1e-7*n,1.0e-11,11,101,0.1500591,0.1484095,98.90069979094903,0.0,6.17e-5,0.0,0.0,0.0,0.0,0.001587900000000001,0.38398440385024585,3.0011160872260217e-11,-1.3883920202696962e-14,4.505174011626423e-12,4.505174011626423e-12,7.960813403602766e-12,4.505174011626423e-12,NaN,diag_feasible_at_xpre,0,0,38,24,14,0,11,2.900976860388739e-14,1.12.6,lbt,1,1,Intel(R) Core(TM) 7 150U,NT,2abc7cc
degen-r5-m20-d0.01-p0,100,Dykstra-APM,1e-7*n,9.999999999999999e-6,416,416,0.7720499,0.6909856,89.50012168902553,0.0,0.0,0.0,0.0,0.0618001,0.0,0.01926419999999998,0.3839844038418632,4.445725428540253e-11,-9.658186333724226e-15,1.390443316040546e-12,1.390443316040546e-12,9.854613466143967e-12,1.390443316040546e-12,NaN,diag_feasible,0,0,0,0,0,0,416,2.900976860388739e-14,1.12.6,lbt,1,1,Intel(R) Core(TM) 7 150U,NT,2abc7cc
degen-r5-m20-d0.01-p0,100,Anderson-APM,1e-7*n,9.999999999999999e-6,62,62,0.1191386,0.1013623,85.079310987371,0.0,0.0,0.0,0.0,0.0,0.0155982,0.0021780999999999953,0.38398440385569466,1.6499643809710815e-11,-7.97098750020445e-15,2.603250948141067e-12,2.603250948141067e-12,4.6088363815010284e-12,2.603250948141067e-12,NaN,diag_feasible,0,0,0,0,0,0,62,2.900976860388739e-14,1.12.6,lbt,1,1,Intel(R) Core(TM) 7 150U,NT,2abc7cc
degen-r5-m20-d0.01-p1,100,SBB-Dual,1e-7*n,1.0e-11,202,203,0.2812067,0.2779004,98.82424565275294,0.0002071,0.0001215,4.27e-5,0.0,0.0,0.0,0.002934999999999984,0.38012140987958576,8.678155747008573e-12,-1.4165052974536285e-14,1.3651302310790925e-12,0.0,9.779049540432942e-12,1.3651302310790925e-12,100.0,diag_feasible,0,0,0,0,0,0,202,1.5797580287425462e-14,1.12.6,lbt,1,1,Intel(R) Core(TM) 7 150U,NT,2abc7cc
degen-r5-m20-d0.01-p1,100,Newton-SIN-BH,1e-7*n,9.999999999999999e-6,4,5,0.0107078,0.0071352,66.63553671155607,0.0,4.4e-6,0.0,0.0032474,0.0,0.0,0.00032079999999999956,0.38012140987922965,9.047687754263392e-12,-9.033747779689258e-15,1.2021494910641195e-12,1.2021494910641195e-12,2.861134897192668e-12,1.2021494910641195e-12,NaN,converged,18,18,0,0,0,0,4,1.5797580287425462e-14,1.12.6,lbt,1,1,Intel(R) Core(TM) 7 150U,NT,2abc7cc
degen-r5-m20-d0.01-p1,100,Newton-SIN,1e-7*n,9.999999999999999e-6,4,9,0.0125852,0.011297199999999999,89.76575660299399,0.0,4.2e-6,0.0,0.0011134,0.0,0.0,0.0001704000000000009,0.38012140987922965,9.047687754263392e-12,-9.033747779689258e-15,1.2021494910641195e-12,1.2021494910641195e-12,2.861134897192668e-12,1.2021494910641195e-12,NaN,converged,18,18,0,0,0,0,4,1.5797580287425462e-14,1.12.6,lbt,1,1,Intel(R) Core(TM) 7 150U,NT,2abc7cc
degen-r5-m20-d0.01-p1,100,AGD-SDAJ-BH,1e-7*n,1.0e-11,9,69,0.1040957,0.1028614,98.81426418190186,0.0,4.67e-5,0.0,0.0,0.0,0.0,0.0011875999999999937,0.3801214098664434,3.403821348900545e-11,-1.0487541675852604e-14,2.858380199199928e-12,2.858380199199928e-12,8.729503078792145e-12,2.858380199199928e-12,NaN,diag_feasible,0,0,14,14,0,0,9,1.5797580287425462e-14,1.12.6,lbt,1,1,Intel(R) Core(TM) 7 150U,NT,2abc7cc
degen-r5-m20-d0.01-p1,100,AGD-SDAJ,1e-7*n,1.0e-11,8,69,0.1323641,0.1308834,98.88134320408629,0.0,6.31e-5,0.0,0.0,0.0,0.0,0.0014176000000000015,0.380121409866326,3.4628155277163274e-11,-1.0867760068140263e-14,3.035127704720253e-12,3.035127704720253e-12,8.747625125305416e-12,3.035127704720253e-12,NaN,diag_feasible,0,0,20,12,8,0,8,1.5797580287425462e-14,1.12.6,lbt,1,1,Intel(R) Core(TM) 7 150U,NT,2abc7cc
degen-r5-m20-d0.01-p1,100,Dykstra-APM,1e-7*n,9.999999999999999e-6,414,414,0.7116373,0.6454163,90.69455746628235,0.0,0.0,0.0,0.0,0.0513588,0.0,0.014862199999999971,0.38012140986020515,4.3626015428499515e-11,-1.0280449630549572e-14,1.354916179252541e-12,1.354916179252541e-12,9.700385142489268e-12,1.354916179252541e-12,NaN,diag_feasible,0,0,0,0,0,0,414,1.5797580287425462e-14,1.12.6,lbt,1,1,Intel(R) Core(TM) 7 150U,NT,2abc7cc
degen-r5-m20-d0.01-p1,100,Anderson-APM,1e-7*n,9.999999999999999e-6,116,116,0.2093262,0.1820475,86.96832981251272,0.0,0.0,0.0,0.0,0.0,0.0242074,0.0030712999999999886,0.3801214098666971,2.999619800114241e-11,-1.1964204751575187e-14,1.5507595207964187e-12,1.5507595207964187e-12,6.9096671083548816e-12,1.5507595207964187e-12,NaN,diag_feasible,0,0,0,0,0,0,116,1.5797580287425462e-14,1.12.6,lbt,1,1,Intel(R) Core(TM) 7 150U,NT,2abc7cc
degen-r5-m20-d0.01-p2,100,SBB-Dual,1e-7*n,1.0e-11,202,203,0.3063436,0.30295950000000005,98.89532537973702,0.0002385,0.000136,4.24e-5,0.0,0.0,0.0,0.0029671999999999455,0.3849104795881419,7.899386642281642e-12,-1.246892219734681e-14,1.3768985951401191e-12,0.0,9.426801693343972e-12,1.3768985951401191e-12,100.0,diag_feasible,0,0,0,0,0,0,202,1.9986481453254593e-14,1.12.6,lbt,1,1,Intel(R) Core(TM) 7 150U,NT,2abc7cc
degen-r5-m20-d0.01-p2,100,Newton-SIN-BH,1e-7*n,9.999999999999999e-6,4,5,0.0188578,0.015298899999999999,81.12770312549713,0.0,6.9e-6,0.0,0.0032355,0.0,0.0,0.0003165000000000021,0.38491047958800645,1.4713867308652612e-12,-1.1151664348424891e-14,1.8984813721090177e-13,1.8984813721090177e-13,4.4409252662896265e-13,1.8984813721090177e-13,NaN,converged,17,17,0,0,0,0,4,1.9986481453254593e-14,1.12.6,lbt,1,1,Intel(R) Core(TM) 7 150U,NT,2abc7cc
degen-r5-m20-d0.01-p2,100,Newton-SIN,1e-7*n,9.999999999999999e-6,4,9,0.0165714,0.015039,90.75274267714255,0.0,5.7e-6,0.0,0.0013184,0.0,0.0,0.0002082999999999998,0.38491047958800645,1.4713867308652612e-12,-1.1151664348424891e-14,1.8984813721090177e-13,1.8984813721090177e-13,4.4409252662896265e-13,1.8984813721090177e-13,NaN,converged,17,17,0,0,0,0,4,1.9986481453254593e-14,1.12.6,lbt,1,1,Intel(R) Core(TM) 7 150U,NT,2abc7cc
degen-r5-m20-d0.01-p2,100,AGD-SDAJ-BH,1e-7*n,1.0e-11,10,79,0.116868,0.1156056,98.91980696170039,0.0,5.25e-5,0.0,0.0,0.0,0.0,0.0012098999999999968,0.3849104795828927,1.6064506265057058e-11,-7.92874676410618e-15,2.573496971081113e-12,2.573496971081113e-12,4.556522206246951e-12,2.573496971081113e-12,NaN,diag_feasible,0,0,20,20,0,0,10,1.9986481453254593e-14,1.12.6,lbt,1,1,Intel(R) Core(TM) 7 150U,NT,2abc7cc
degen-r5-m20-d0.01-p2,100,AGD-SDAJ,1e-7*n,1.0e-11,10,86,0.1378853,0.13651380000000002,99.00533269318777,0.0,5.63e-5,0.0,0.0,0.0,0.0,0.00131519999999997,0.3849104795821327,1.618974127335607e-11,-8.175489753852725e-15,2.184696867857383e-12,2.184696867857383e-12,4.27566354450948e-12,2.184696867857383e-12,NaN,diag_feasible,0,0,27,20,7,0,10,1.9986481453254593e-14,1.12.6,lbt,1,1,Intel(R) Core(TM) 7 150U,NT,2abc7cc
degen-r5-m20-d0.01-p2,100,Dykstra-APM,1e-7*n,9.999999999999999e-6,413,413,0.8026459,0.6871277,85.60782531873645,0.0,0.0,0.0,0.0,0.0556601,0.0,0.05985810000000002,0.384910479568646,4.435799890625402e-11,-6.915055916479381e-15,1.4386269953092778e-12,1.4386269953092778e-12,9.851486635915517e-12,1.4386269953092778e-12,NaN,diag_feasible,0,0,0,0,0,0,413,1.9986481453254593e-14,1.12.6,lbt,1,1,Intel(R) Core(TM) 7 150U,NT,2abc7cc
degen-r5-m20-d0.01-p2,100,Anderson-APM,1e-7*n,9.999999999999999e-6,57,57,0.1003462,0.0856066,85.31125244403874,0.0,0.0,0.0,0.0,0.0,0.0127929,0.0019466999999999922,0.38491047959056246,3.0383723178627094e-11,-8.876888066820245e-15,3.180455898643686e-12,3.180455898643686e-12,8.344337350916594e-12,3.180455898643686e-12,NaN,diag_feasible,0,0,0,0,0,0,57,1.9986481453254593e-14,1.12.6,lbt,1,1,Intel(R) Core(TM) 7 150U,NT,2abc7cc
degen-r5-m20-d0.01-p3,100,SBB-Dual,1e-7*n,1.0e-11,205,206,0.2849387,0.2816085,98.83125738974734,0.000208,0.0001198,4.38e-5,0.0,0.0,0.0,0.0029586000000000052,0.38607352228832925,1.0555967038514875e-11,-1.2893236780981307e-14,1.4226397837546756e-12,0.0,9.038452492484822e-12,1.4226397837546756e-12,100.0,diag_feasible,0,0,0,0,0,0,205,1.6466894370769455e-14,1.12.6,lbt,1,1,Intel(R) Core(TM) 7 150U,NT,2abc7cc
degen-r5-m20-d0.01-p3,100,Newton-SIN-BH,1e-7*n,9.999999999999999e-6,4,5,0.0110253,0.008683399999999999,78.758854634341,0.0,6.7e-6,0.0,0.0020287,0.0,0.0,0.0003065000000000008,0.3860735222880025,2.8568865647524433e-11,-1.0037904519158226e-14,4.05886435572711e-12,4.05886435572711e-12,8.9333485979607e-12,4.05886435572711e-12,NaN,converged,17,17,0,0,0,0,4,1.6466894370769455e-14,1.12.6,lbt,1,1,Intel(R) Core(TM) 7 150U,NT,2abc7cc
degen-r5-m20-d0.01-p3,100,Newton-SIN,1e-7*n,9.999999999999999e-6,4,9,0.0138374,0.0125828,90.93326781042683,0.0,4.8e-6,0.0,0.0010718,0.0,0.0,0.000178,0.3860735222880025,2.8568865647524433e-11,-1.0037904519158226e-14,4.05886435572711e-12,4.05886435572711e-12,8.9333485979607e-12,4.05886435572711e-12,NaN,converged,17,17,0,0,0,0,4,1.6466894370769455e-14,1.12.6,lbt,1,1,Intel(R) Core(TM) 7 150U,NT,2abc7cc
degen-r5-m20-d0.01-p3,100,AGD-SDAJ-BH,1e-7*n,1.0e-11,12,109,0.1689764,0.1672996,99.00767207728416,0.0,6.96e-5,0.0,0.0,0.0,0.0,0.001607200000000006,0.38607352227796704,2.647338228563738e-11,-1.0004607525336149e-14,2.4489299477181703e-12,2.4489299477181703e-12,6.545460358567468e-12,2.4489299477181703e-12,NaN,diag_feasible,0,0,36,36,0,0,12,1.6466894370769455e-14,1.12.6,lbt,1,1,Intel(R) Core(TM) 7 150U,NT,2abc7cc
degen-r5-m20-d0.01-p3,100,AGD-SDAJ,1e-7*n,1.0e-11,10,94,0.1372515,0.1358354,98.96824442720116,0.0,6.05e-5,0.0,0.0,0.0,0.0,0.0013556000000000035,0.38607352227711983,3.3199195811642716e-11,-9.540906888471409e-15,5.35549382618683e-12,5.35549382618683e-12,9.130726780084702e-12,5.35549382618683e-12,NaN,diag_feasible,0,0,35,30,5,0,10,1.6466894370769455e-14,1.12.6,lbt,1,1,Intel(R) Core(TM) 7 150U,NT,2abc7cc
degen-r5-m20-d0.01-p3,100,Dykstra-APM,1e-7*n,9.999999999999999e-6,418,418,0.6968754,0.6219971,89.25513800601944,0.0,0.0,0.0,0.0,0.0573145,0.0,0.017563800000000067,0.3860735222689728,4.487259581176299e-11,-1.2745677452044333e-14,1.5611956172278951e-12,1.5611956172278951e-12,9.917985144874857e-12,1.5611956172278951e-12,NaN,diag_feasible,0,0,0,0,0,0,418,1.6466894370769455e-14,1.12.6,lbt,1,1,Intel(R) Core(TM) 7 150U,NT,2abc7cc
degen-r5-m20-d0.01-p3,100,Anderson-APM,1e-7*n,9.999999999999999e-6,83,83,0.1310767,0.1116877,85.2078973608582,0.0,0.0,0.0,0.0,0.0,0.0171515,0.0022374999999999895,0.3860735222727266,3.674385957941147e-11,-1.140582170975738e-14,1.5900614158681492e-12,1.5900614158681492e-12,8.288680228330324e-12,1.5900614158681492e-12,NaN,diag_feasible,0,0,0,0,0,0,83,1.6466894370769455e-14,1.12.6,lbt,1,1,Intel(R) Core(TM) 7 150U,NT,2abc7cc
degen-r5-m20-d0.01-p4,100,SBB-Dual,1e-7*n,1.0e-11,202,203,0.2943339,0.2907015,98.76589139069608,0.0002597,0.0001379,5.31e-5,0.0,0.0,0.0,0.0031816999999999805,0.3866145027483635,7.0012770081903496e-12,-8.25574084803689e-15,1.2190248810384219e-12,0.0,9.244424823780816e-12,1.2190248810384219e-12,100.0,diag_feasible,0,0,0,0,0,0,202,1.7687772743621388e-14,1.12.6,lbt,1,1,Intel(R) Core(TM) 7 150U,NT,2abc7cc
degen-r5-m20-d0.01-p4,100,Newton-SIN-BH,1e-7*n,9.999999999999999e-6,4,5,0.0084639,0.0071613,84.60993159181936,0.0,4.8e-6,0.0,0.0010771,0.0,0.0,0.0002207000000000001,0.38661450274823683,1.8888822130687096e-11,-8.592270401084811e-15,2.008393451546908e-12,2.008393451546908e-12,5.823928374781843e-12,2.008393451546908e-12,NaN,converged,16,16,0,0,0,0,4,1.7687772743621388e-14,1.12.6,lbt,1,1,Intel(R) Core(TM) 7 150U,NT,2abc7cc
degen-r5-m20-d0.01-p4,100,Newton-SIN,1e-7*n,9.999999999999999e-6,4,9,0.0128111,0.0116457,90.90320113026985,0.0,5.7e-6,0.0,0.0009859,0.0,0.0,0.00017380000000000043,0.38661450274823683,1.8888822130687096e-11,-8.592270401084811e-15,2.008393451546908e-12,2.008393451546908e-12,5.823928374781843e-12,2.008393451546908e-12,NaN,converged,16,16,0,0,0,0,4,1.7687772743621388e-14,1.12.6,lbt,1,1,Intel(R) Core(TM) 7 150U,NT,2abc7cc
degen-r5-m20-d0.01-p4,100,AGD-SDAJ-BH,1e-7*n,1.0e-11,10,90,0.1333303,0.1317509,98.8154230508744,0.0,6.58e-5,0.0,0.0,0.0,0.0,0.0015136000000000086,0.3866145027423655,1.472679017296193e-11,-8.851822272509991e-15,1.3178347302300608e-12,1.3178347302300608e-12,3.690873621804031e-12,1.3178347302300608e-12,NaN,diag_feasible,0,0,29,29,0,0,10,1.7687772743621388e-14,1.12.6,lbt,1,1,Intel(R) Core(TM) 7 150U,NT,2abc7cc
degen-r5-m20-d0.01-p4,100,AGD-SDAJ,1e-7*n,1.0e-11,12,116,0.1874874,0.1855452,98.964090386874,0.0,7.72e-5,0.0,0.0,0.0,0.0,0.0018650000000000051,0.3866145027329144,3.775699552140161e-11,-1.0130998804537604e-14,5.405453862294962e-12,5.405453862294962e-12,9.373927795671822e-12,5.405453862294962e-12,NaN,diag_feasible,0,0,45,30,15,0,12,1.7687772743621388e-14,1.12.6,lbt,1,1,Intel(R) Core(TM) 7 150U,NT,2abc7cc
degen-r5-m20-d0.01-p4,100,Dykstra-APM,1e-7*n,9.999999999999999e-6,413,413,0.7332695,0.6569807,89.59607620390594,0.0,0.0,0.0,0.0,0.0536486,0.0,0.022640200000000048,0.38661450272925035,4.3451558767041374e-11,-8.580573962840001e-15,1.2743139876647547e-12,1.2743139876647547e-12,9.66996768125769e-12,1.2743139876647547e-12,NaN,diag_feasible,0,0,0,0,0,0,413,1.7687772743621388e-14,1.12.6,lbt,1,1,Intel(R) Core(TM) 7 150U,NT,2abc7cc
degen-r5-m20-d0.01-p4,100,Anderson-APM,1e-7*n,9.999999999999999e-6,76,76,0.1186993,0.1009232,85.02425877827419,0.0,0.0,0.0,0.0,0.0,0.0156444,0.00213169999999999,0.38661450273442916,3.5909050571572507e-11,-9.483794315817079e-15,2.100319917985871e-12,2.100319917985871e-12,8.932442970765565e-12,2.100319917985871e-12,NaN,diag_feasible,0,0,0,0,0,0,76,1.7687772743621388e-14,1.12.6,lbt,1,1,Intel(R) Core(TM) 7 150U,NT,2abc7cc
degen-r5-m20-d0.0001-p0,100,SBB-Dual,1e-7*n,1.0e-11,179,180,0.2530876,0.2499123,98.74537511912871,0.0002334,0.0001105,4.25e-5,0.0,0.0,0.0,0.00278890000000002,0.4157433027821393,9.07480339652282e-12,-1.1739047718716937e-14,1.389777182225771e-12,0.0,9.85019705365532e-12,1.389777182225771e-12,100.0,diag_feasible,0,0,0,0,0,0,179,2.6820791634477424e-14,1.12.6,lbt,1,1,Intel(R) Core(TM) 7 150U,NT,2abc7cc
degen-r5-m20-d0.0001-p0,100,Newton-SIN-BH,1e-7*n,9.999999999999999e-6,5,6,0.0130282,0.009612299999999999,73.78072181882378,0.0,7.9e-6,0.0,0.0030916,0.0,0.0,0.0003164000000000014,0.41574330278212074,0.0,-1.2473153537066119e-14,8.215650382226158e-15,8.215650382226158e-15,2.6820791634477424e-14,8.215650382226158e-15,NaN,converged,32,32,0,0,0,0,5,2.6820791634477424e-14,1.12.6,lbt,1,1,Intel(R) Core(TM) 7 150U,NT,2abc7cc
degen-r5-m20-d0.0001-p0,100,Newton-SIN,1e-7*n,9.999999999999999e-6,100,2985,4.5587692,4.3501997999999995,95.42487476663656,0.0,0.0018461,0.0,0.1237818,0.0,0.0,0.08294150000000092,0.41574330281442434,3.0962857495080006e-9,-1.0968746612517996e-14,2.8479352209842546e-10,2.8479352209842546e-10,9.433763771694307e-10,2.8479352209842546e-10,NaN,max_iter,1172,1172,2784,0,0,0,100,2.6820791634477424e-14,1.12.6,lbt,1,1,Intel(R) Core(TM) 7 150U,NT,2abc7cc
degen-r5-m20-d0.0001-p0,100,AGD-SDAJ-BH,1e-7*n,1.0e-11,11,95,0.1442368,0.1425923,98.85986100634513,0.0,6.34e-5,0.0,0.0,0.0,0.0,0.0015810999999999933,0.41574330278618377,1.1028202627963186e-11,-7.409217628943044e-15,7.833733661755105e-13,7.833733661755105e-13,2.6518582002360463e-12,7.833733661755105e-13,NaN,diag_feasible,0,0,28,28,0,0,11,2.6820791634477424e-14,1.12.6,lbt,1,1,Intel(R) Core(TM) 7 150U,NT,2abc7cc
degen-r5-m20-d0.0001-p0,100,AGD-SDAJ,1e-7*n,1.0e-11,11,105,0.1848752,0.18005179999999998,97.39099673725843,0.0,8.73e-5,0.0,0.0,0.0,0.0,0.004736100000000005,0.41574330278546795,2.213436395189547e-11,-8.69157041536748e-15,3.04956060404038e-12,3.04956060404038e-12,6.969315177638519e-12,3.04956060404038e-12,NaN,diag_feasible_at_xpre,0,0,40,25,15,0,11,2.6820791634477424e-14,1.12.6,lbt,1,1,Intel(R) Core(TM) 7 150U,NT,2abc7cc
degen-r5-m20-d0.0001-p0,100,Dykstra-APM,1e-7*n,9.999999999999999e-6,368,368,0.6670985,0.5958696,89.32258129796423,0.0,0.0,0.0,0.0,0.0560765,0.0,0.015152400000000038,0.4157433027651715,4.302966840177865e-11,-9.954203065051775e-15,1.3460343950555398e-12,1.3460343950555398e-12,9.544039576494668e-12,1.3460343950555398e-12,NaN,diag_feasible,0,0,0,0,0,0,368,2.6820791634477424e-14,1.12.6,lbt,1,1,Intel(R) Core(TM) 7 150U,NT,2abc7cc
degen-r5-m20-d0.0001-p0,100,Anderson-APM,1e-7*n,9.999999999999999e-6,89,89,0.3198585,0.2701162,84.44865463947339,0.0,0.0,0.0,0.0,0.0,0.0444403,0.005302000000000015,0.41574330279697275,3.839884599894156e-11,-8.618792628771286e-15,1.7533752227905097e-12,1.7533752227905097e-12,8.830866787624205e-12,1.7533752227905097e-12,NaN,diag_feasible,0,0,0,0,0,0,89,2.6820791634477424e-14,1.12.6,lbt,1,1,Intel(R) Core(TM) 7 150U,NT,2abc7cc
degen-r5-m20-d0.0001-p1,100,SBB-Dual,1e-7*n,1.0e-11,178,179,0.5599574,0.5521397,98.60387593770525,0.0006908,0.0003932,8.84e-5,0.0,0.0,0.0,0.006645300000000039,0.4112988008942551,8.021489442485249e-12,-8.898887085184511e-15,1.269873095566254e-12,0.0,9.08877870505124e-12,1.269873095566254e-12,100.0,diag_feasible,0,0,0,0,0,0,178,8.235131203916477e-15,1.12.6,lbt,1,1,Intel(R) Core(TM) 7 150U,NT,2abc7cc
degen-r5-m20-d0.0001-p1,100,Newton-SIN-BH,1e-7*n,9.999999999999999e-6,5,6,0.0192031,0.0143259,74.6020173826101,0.0,1.2e-5,0.0,0.0043516,0.0,0.0,0.0005136000000000003,0.41129880089425724,0.0,-8.163942334684752e-15,2.7755575615628914e-15,2.7755575615628914e-15,8.235131203916477e-15,2.7755575615628914e-15,NaN,converged,31,31,0,0,0,0,5,8.235131203916477e-15,1.12.6,lbt,1,1,Intel(R) Core(TM) 7 150U,NT,2abc7cc
degen-r5-m20-d0.0001-p1,100,Newton-SIN,1e-7*n,9.999999999999999e-6,10,41,0.1642247,0.1432629,87.23590300362856,0.0,8.65e-5,0.0,0.0190093,0.0,0.0,0.001866000000000003,0.41129880089425813,7.00615511763822e-14,-8.989200252976582e-15,7.105427357601002e-15,7.105427357601002e-15,1.0228522745486597e-14,7.105427357601002e-15,NaN,converged,95,95,20,0,0,0,10,8.235131203916477e-15,1.12.6,lbt,1,1,Intel(R) Core(TM) 7 150U,NT,2abc7cc
degen-r5-m20-d0.0001-p1,100,AGD-SDAJ-BH,1e-7*n,1.0e-11,10,82,0.2465934,0.2429149,98.50827313301978,0.0,0.0001772,0.0,0.0,0.0,0.0,0.003501300000000001,0.41129880089762877,9.721056258206073e-12,-9.959834836572381e-15,1.3983258995153847e-12,1.3983258995153847e-12,2.56817365517088e-12,1.3983258995153847e-12,NaN,diag_feasible,0,0,21,21,0,0,10,8.235131203916477e-15,1.12.6,lbt,1,1,Intel(R) Core(TM) 7 150U,NT,2abc7cc
degen-r5-m20-d0.0001-p1,100,AGD-SDAJ,1e-7*n,1.0e-11,11,95,0.2666948,0.2630194,98.62187039267357,0.0,0.0001443,0.0,0.0,0.0,0.0,0.0035310999999999954,0.41129880090104254,1.918515566844343e-11,-1.1850306426036658e-14,3.0643265702678946e-12,3.0643265702678946e-12,5.001930375073989e-12,3.0643265702678946e-12,NaN,diag_feasible_at_xpre,0,0,32,22,10,0,11,8.235131203916477e-15,1.12.6,lbt,1,1,Intel(R) Core(TM) 7 150U,NT,2abc7cc
degen-r5-m20-d0.0001-p1,100,Dykstra-APM,1e-7*n,9.999999999999999e-6,364,364,1.2145579,1.0789489,88.83470273422124,0.0,0.0,0.0,0.0,0.1009458,0.0,0.034663199999999866,0.4112988008766381,4.411827558503464e-11,-1.050524190662964e-14,1.368682944757893e-12,1.368682944757893e-12,9.799668095907852e-12,1.368682944757893e-12,NaN,diag_feasible,0,0,0,0,0,0,364,8.235131203916477e-15,1.12.6,lbt,1,1,Intel(R) Core(TM) 7 150U,NT,2abc7cc
degen-r5-m20-d0.0001-p1,100,Anderson-APM,1e-7*n,9.999999999999999e-6,64,64,0.2127824,0.1767837,83.08191842934376,0.0,0.0,0.0,0.0,0.0,0.0319399,0.004058800000000022,0.41129880090284404,3.415894419813611e-11,-9.789838339525312e-15,2.060907000611678e-12,2.060907000611678e-12,8.939092899198259e-12,2.060907000611678e-12,NaN,diag_feasible,0,0,0,0,0,0,64,8.235131203916477e-15,1.12.6,lbt,1,1,Intel(R) Core(TM) 7 150U,NT,2abc7cc
degen-r5-m20-d0.0001-p2,100,SBB-Dual,1e-7*n,1.0e-11,177,178,0.5331284,0.5181413,97.18883856121717,0.0004724,0.0002976,0.0003032,0.0,0.0,0.0,0.01391389999999992,0.41678238298132886,8.306236057597827e-12,-9.357102117283572e-15,1.4486190025309043e-12,0.0,9.922291670405098e-12,1.4486190025309043e-12,100.0,diag_feasible,0,0,0,0,0,0,177,1.7178705837825005e-14,1.12.6,lbt,1,1,Intel(R) Core(TM) 7 150U,NT,2abc7cc
degen-r5-m20-d0.0001-p2,100,Newton-SIN-BH,1e-7*n,9.999999999999999e-6,5,6,0.0191192,0.0135513,70.87796560525545,0.0,1.18e-5,0.0,0.005021,0.0,0.0,0.0005350999999999984,0.41678238298132064,0.0,-1.1890612123586525e-14,4.440892098500626e-15,4.440892098500626e-15,1.7178705837825005e-14,4.440892098500626e-15,NaN,converged,30,30,0,0,0,0,5,1.7178705837825005e-14,1.12.6,lbt,1,1,Intel(R) Core(TM) 7 150U,NT,2abc7cc
degen-r5-m20-d0.0001-p2,100,Newton-SIN,1e-7*n,9.999999999999999e-6,8,23,0.0737009,0.0647802,87.89607725278796,0.0,3.81e-5,0.0,0.0081525,0.0,0.0,0.0007301000000000044,0.41678238298132775,9.657772558851522e-14,-8.894525338218856e-15,5.995204332975845e-15,5.995204332975845e-15,1.7672086373883875e-14,5.995204332975845e-15,NaN,converged,66,66,6,0,0,0,8,1.7178705837825005e-14,1.12.6,lbt,1,1,Intel(R) Core(TM) 7 150U,NT,2abc7cc
degen-r5-m20-d0.0001-p2,100,AGD-SDAJ-BH,1e-7*n,1.0e-11,10,81,0.2246167,0.2216708,98.68847685857729,0.0,0.0001386,0.0,0.0,0.0,0.0,0.0028073000000000013,0.41678238298815584,1.794689535193941e-11,-1.091999739431911e-14,1.4579448759377556e-12,1.4579448759377556e-12,4.2457150736700355e-12,1.4579448759377556e-12,NaN,diag_feasible,0,0,22,22,0,0,10,1.7178705837825005e-14,1.12.6,lbt,1,1,Intel(R) Core(TM) 7 150U,NT,2abc7cc
degen-r5-m20-d0.0001-p2,100,AGD-SDAJ,1e-7*n,1.0e-11,127,4011,14.7841901,14.5457354,98.38709663236811,0.0,0.0070267,0.0,0.0,0.0,0.0,0.23142800000000013,0.41678238309109206,4.989505839924565e-10,-1.0520079579839759e-14,1.2093936962997986e-10,1.2093936962997986e-10,1.525965179866158e-10,1.2093936962997986e-10,NaN,evd_budget,0,0,3368,259,3109,0,127,1.7178705837825005e-14,1.12.6,lbt,1,1,Intel(R) Core(TM) 7 150U,NT,2abc7cc
degen-r5-m20-d0.0001-p2,100,Dykstra-APM,1e-7*n,9.999999999999999e-6,364,364,1.2293258,1.0825708,88.06215569542265,0.0,0.0,0.0,0.0,0.1086724,0.0,0.038082599999999966,0.41678238296415254,4.336401672296194e-11,-9.02092476482177e-15,1.4075407506197735e-12,1.4075407506197735e-12,9.647929745307618e-12,1.4075407506197735e-12,NaN,diag_feasible,0,0,0,0,0,0,364,1.7178705837825005e-14,1.12.6,lbt,1,1,Intel(R) Core(TM) 7 150U,NT,2abc7cc
degen-r5-m20-d0.0001-p2,100,Anderson-APM,1e-7*n,9.999999999999999e-6,53,53,0.1560198,0.1286718,82.47145554602686,0.0,0.0,0.0,0.0,0.0,0.0241099,0.0032380999999999834,0.4167823829899259,3.042833060050741e-11,-9.586006803355473e-15,1.9899637493381306e-12,1.9899637493381306e-12,7.871475754545419e-12,1.9899637493381306e-12,NaN,diag_feasible,0,0,0,0,0,0,53,1.7178705837825005e-14,1.12.6,lbt,1,1,Intel(R) Core(TM) 7 150U,NT,2abc7cc
degen-r5-m20-d0.0001-p3,100,SBB-Dual,1e-7*n,1.0e-11,180,181,0.4625067,0.4560459,98.60309050658077,0.0006346,0.0002889,8.61e-5,0.0,0.0,0.0,0.0054511999999999885,0.41810878688361414,1.1256529113130242e-11,-1.1327757138338022e-14,1.5158985178231887e-12,0.0,9.632036011059196e-12,1.5158985178231887e-12,100.0,diag_feasible,0,0,0,0,0,0,180,1.2969666999839922e-14,1.12.6,lbt,1,1,Intel(R) Core(TM) 7 150U,NT,2abc7cc
degen-r5-m20-d0.0001-p3,100,Newton-SIN-BH,1e-7*n,9.999999999999999e-6,5,6,0.0195975,0.0143212,73.07666794233957,0.0,1.25e-5,0.0,0.0047027,0.0,0.0,0.000561100000000001,0.4181087868836004,0.0,-1.048639590226572e-14,3.3306690738754696e-15,3.3306690738754696e-15,1.2969666999839922e-14,3.3306690738754696e-15,NaN,converged,33,33,0,0,0,0,5,1.2969666999839922e-14,1.12.6,lbt,1,1,Intel(R) Core(TM) 7 150U,NT,2abc7cc
degen-r5-m20-d0.0001-p3,100,Newton-SIN,1e-7*n,9.999999999999999e-6,100,2418,7.7992136,7.332480400000001,94.01563767916295,0.0,0.004143,0.0,0.3467553,0.0,0.0,0.1158348999999993,0.41810878688448433,6.138750388490821e-11,-1.0148862331404022e-14,7.30571159124338e-12,7.30571159124338e-12,1.890926481916301e-11,7.30571159124338e-12,NaN,max_iter,1449,1449,2217,0,0,0,100,1.2969666999839922e-14,1.12.6,lbt,1,1,Intel(R) Core(TM) 7 150U,NT,2abc7cc
degen-r5-m20-d0.0001-p3,100,AGD-SDAJ-BH,1e-7*n,1.0e-11,13,104,0.3340192,0.3294317,98.62657595731024,0.0,0.0002375,0.0,0.0,0.0,0.0,0.004350000000000022,0.4181087868858693,6.92472348585446e-12,-1.1157748588049383e-14,5.00155472593633e-13,5.00155472593633e-13,1.8080578132887749e-12,5.00155472593633e-13,NaN,diag_feasible,0,0,25,25,0,0,13,1.2969666999839922e-14,1.12.6,lbt,1,1,Intel(R) Core(TM) 7 150U,NT,2abc7cc
degen-r5-m20-d0.0001-p3,100,AGD-SDAJ,1e-7*n,1.0e-11,12,105,0.3005225,0.2967874,98.75713132960092,0.0,0.0001787,0.0,0.0,0.0,0.0,0.0035564000000000468,0.4181087868913384,3.243040739443559e-11,-1.1765745232853639e-14,5.653033596786372e-12,5.653033596786372e-12,9.61274717814435e-12,5.653033596786372e-12,NaN,diag_feasible_at_xpre,0,0,34,24,10,0,12,1.2969666999839922e-14,1.12.6,lbt,1,1,Intel(R) Core(TM) 7 150U,NT,2abc7cc
degen-r5-m20-d0.0001-p3,100,Dykstra-APM,1e-7*n,9.999999999999999e-6,369,369,1.2654138,1.0756628,85.0048260892998,0.0,0.0,0.0,0.0,0.1472643,0.0,0.042486700000000016,0.4181087868664381,4.427737985248958e-11,-1.0354139528490911e-14,1.5403234243649422e-12,1.5403234243649422e-12,9.786356548064332e-12,1.5403234243649422e-12,NaN,diag_feasible,0,0,0,0,0,0,369,1.2969666999839922e-14,1.12.6,lbt,1,1,Intel(R) Core(TM) 7 150U,NT,2abc7cc
degen-r5-m20-d0.0001-p3,100,Anderson-APM,1e-7*n,9.999999999999999e-6,85,85,0.259004,0.2136189,82.47706599125881,0.0,0.0,0.0,0.0,0.0,0.0406288,0.004756300000000012,0.4181087868960382,3.7097526786900665e-11,-9.582516750866543e-15,3.0707658638107205e-12,3.0707658638107205e-12,9.456665989724013e-12,3.0707658638107205e-12,NaN,diag_feasible,0,0,0,0,0,0,85,1.2969666999839922e-14,1.12.6,lbt,1,1,Intel(R) Core(TM) 7 150U,NT,2abc7cc
degen-r5-m20-d0.0001-p4,100,SBB-Dual,1e-7*n,1.0e-11,178,179,0.4767043,0.4704301,98.6838381780907,0.0004737,0.0002886,0.0001162,0.0,0.0,0.0,0.005395700000000008,0.41874227247309315,6.924404805484232e-12,-9.342298777624236e-15,1.2048140263232199e-12,0.0,9.14456075258538e-12,1.2048140263232199e-12,100.0,diag_feasible,0,0,0,0,0,0,178,1.7537307245499294e-14,1.12.6,lbt,1,1,Intel(R) Core(TM) 7 150U,NT,2abc7cc
degen-r5-m20-d0.0001-p4,100,Newton-SIN-BH,1e-7*n,9.999999999999999e-6,5,6,0.0186818,0.0138776,74.28406256356455,0.0,1.17e-5,0.0,0.0042043,0.0,0.0,0.0005881999999999979,0.4187422724730749,0.0,-9.493909303308605e-15,4.6629367034256575e-15,4.6629367034256575e-15,1.7537307245499294e-14,4.6629367034256575e-15,NaN,converged,29,29,0,0,0,0,5,1.7537307245499294e-14,1.12.6,lbt,1,1,Intel(R) Core(TM) 7 150U,NT,2abc7cc
degen-r5-m20-d0.0001-p4,100,Newton-SIN,1e-7*n,9.999999999999999e-6,100,2593,7.9317689,7.5099597000000005,94.68202862037496,0.0,0.0045694,0.0,0.2776497,0.0,0.0,0.13959009999999933,0.41874227246461304,4.233129632099841e-10,-8.712897485524512e-15,3.5083047578154947e-11,3.5083047578154947e-11,1.2982871270867824e-10,3.5083047578154947e-11,NaN,max_iter,1168,1168,2392,0,0,0,100,1.7537307245499294e-14,1.12.6,lbt,1,1,Intel(R) Core(TM) 7 150U,NT,2abc7cc
degen-r5-m20-d0.0001-p4,100,AGD-SDAJ-BH,1e-7*n,1.0e-11,9,70,0.2074221,0.20459,98.63461993683411,0.0,0.0001424,0.0,0.0,0.0,0.0,0.002689700000000004,0.4187422724772606,1.6466848715477524e-11,-1.0319674870982315e-14,2.769451334927453e-12,2.769451334927453e-12,4.790965508803877e-12,2.769451334927453e-12,NaN,diag_feasible,0,0,17,17,0,0,9,1.7537307245499294e-14,1.12.6,lbt,1,1,Intel(R) Core(TM) 7 150U,NT,2abc7cc
degen-r5-m20-d0.0001-p4,100,AGD-SDAJ,1e-7*n,1.0e-11,9,75,0.2086625,0.2060211,98.73412807763734,0.0,0.0001351,0.0,0.0,0.0,0.0,0.0025062999999999882,0.4187422724772746,1.64472777979603e-11,-9.84490933361646e-15,2.761457729150152e-12,2.761457729150152e-12,4.77796861723934e-12,2.761457729150152e-12,NaN,diag_feasible,0,0,22,17,5,0,9,1.7537307245499294e-14,1.12.6,lbt,1,1,Intel(R) Core(TM) 7 150U,NT,2abc7cc
degen-r5-m20-d0.0001-p4,100,Dykstra-APM,1e-7*n,9.999999999999999e-6,364,364,1.2573425,1.1148799,88.66954708044943,0.0,0.0,0.0,0.0,0.1068151,0.0,0.0356475,0.4187422724557186,4.389273415675292e-11,-8.58823213447645e-15,1.2865264409356314e-12,1.2865264409356314e-12,9.770769730641128e-12,1.2865264409356314e-12,NaN,diag_feasible,0,0,0,0,0,0,364,1.7537307245499294e-14,1.12.6,lbt,1,1,Intel(R) Core(TM) 7 150U,NT,2abc7cc
degen-r5-m20-d0.0001-p4,100,Anderson-APM,1e-7*n,9.999999999999999e-6,58,58,0.2126065,0.1763252,82.9349996354768,0.0,0.0,0.0,0.0,0.0,0.0318905,0.004390800000000014,0.4187422724849946,3.4470122084960617e-11,-1.1524286175710256e-14,2.093436535233195e-12,2.093436535233195e-12,8.608141221279634e-12,2.093436535233195e-12,NaN,diag_feasible,0,0,0,0,0,0,58,1.7537307245499294e-14,1.12.6,lbt,1,1,Intel(R) Core(TM) 7 150U,NT,2abc7cc
degen-r5-m20-d1e-06-p0,100,SBB-Dual,1e-7*n,1.0e-11,157,158,0.4202336,0.4146227,98.66481404628284,0.0004233,0.0002473,8.56e-5,0.0,0.0,0.0,0.004854699999999975,0.4160659717964436,8.816132781460117e-12,-9.798148110687493e-15,1.3413714583521141e-12,0.0,9.588958986241262e-12,1.3413714583521141e-12,100.0,diag_feasible,0,0,0,0,0,0,157,9.851695239914471e-14,1.12.6,lbt,1,1,Intel(R) Core(TM) 7 150U,NT,2abc7cc
degen-r5-m20-d1e-06-p0,100,Newton-SIN-BH,1e-7*n,9.999999999999999e-6,5,6,0.0218551,0.016026,73.32842219893755,0.0,1.25e-5,0.0,0.0052139,0.0,0.0,0.0006027000000000003,0.4160659717964396,1.496438369800378e-13,-1.0555881244297192e-14,3.8746783559417963e-14,3.8746783559417963e-14,1.2065749371931884e-13,3.8746783559417963e-14,NaN,converged,33,33,0,0,0,0,5,9.851695239914471e-14,1.12.6,lbt,1,1,Intel(R) Core(TM) 7 150U,NT,2abc7cc
degen-r5-m20-d1e-06-p0,100,Newton-SIN,1e-7*n,9.999999999999999e-6,5,11,0.0327218,0.0269653,82.4077526297453,0.0,1.32e-5,0.0,0.005347,0.0,0.0,0.00039630000000000134,0.4160659717964396,1.496438369800378e-13,-1.0555881244297192e-14,3.8746783559417963e-14,3.8746783559417963e-14,1.2065749371931884e-13,3.8746783559417963e-14,NaN,converged,33,33,0,0,0,0,5,9.851695239914471e-14,1.12.6,lbt,1,1,Intel(R) Core(TM) 7 150U,NT,2abc7cc
degen-r5-m20-d1e-06-p0,100,AGD-SDAJ-BH,1e-7*n,1.0e-11,9,70,0.1860684,0.18324859999999998,98.48453579436378,0.0,0.0001198,0.0,0.0,0.0,0.0,0.002700000000000011,0.4160659718039865,3.067287903975042e-11,-1.059044517016942e-14,3.087419209180098e-12,3.087419209180098e-12,9.064765481458857e-12,3.087419209180098e-12,NaN,diag_feasible_at_xpre,0,0,17,17,0,0,9,9.851695239914471e-14,1.12.6,lbt,1,1,Intel(R) Core(TM) 7 150U,NT,2abc7cc
degen-r5-m20-d1e-06-p0,100,AGD-SDAJ,1e-7*n,1.0e-11,10,75,0.2055185,0.2027023,98.6297097341602,0.0,0.0001358,0.0,0.0,0.0,0.0,0.0026803999999999908,0.416065971802023,1.5813131947388505e-11,-8.77871248465821e-15,2.0023982472139323e-12,2.0023982472139323e-12,4.004821238302429e-12,2.0023982472139323e-12,NaN,diag_feasible_at_xpre,0,0,18,17,1,0,10,9.851695239914471e-14,1.12.6,lbt,1,1,Intel(R) Core(TM) 7 150U,NT,2abc7cc
degen-r5-m20-d1e-06-p0,100,Dykstra-APM,1e-7*n,9.999999999999999e-6,323,323,1.0190272,0.916652,89.95363421113784,0.0,0.0,0.0,0.0,0.0774147,0.0,0.024960499999999997,0.4160659717787676,4.4865215983900817e-11,-9.795891700744273e-15,1.3908874052503961e-12,1.3908874052503961e-12,9.947232453123728e-12,1.3908874052503961e-12,NaN,diag_feasible,0,0,0,0,0,0,323,9.851695239914471e-14,1.12.6,lbt,1,1,Intel(R) Core(TM) 7 150U,NT,2abc7cc
degen-r5-m20-d1e-06-p0,100,Anderson-APM,1e-7*n,9.999999999999999e-6,95,95,0.308204,0.2568236,83.32909371714838,0.0,0.0,0.0,0.0,0.0,0.0458966,0.00548379999999999,0.4160659717829535,3.864830139071319e-11,-9.798284078666334e-15,2.9378721677630892e-12,2.9378721677630892e-12,9.530980370712997e-12,2.9378721677630892e-12,NaN,diag_feasible,0,0,0,0,0,0,95,9.851695239914471e-14,1.12.6,lbt,1,1,Intel(R) Core(TM) 7 150U,NT,2abc7cc
degen-r5-m20-d1e-06-p1,100,SBB-Dual,1e-7*n,1.0e-11,156,157,0.4225891,0.4169379,98.66271988558152,0.0004389,0.0002529,8.73e-5,0.0,0.0,0.0,0.004872100000000022,0.41161567361460766,8.074940727837187e-12,-8.53587353407985e-15,1.2709833185908792e-12,0.0,9.124876020605252e-12,1.2709833185908792e-12,100.0,diag_feasible,0,0,0,0,0,0,156,8.300170192632479e-14,1.12.6,lbt,1,1,Intel(R) Core(TM) 7 150U,NT,2abc7cc
degen-r5-m20-d1e-06-p1,100,Newton-SIN-BH,1e-7*n,9.999999999999999e-6,5,6,0.0213415,0.015249500000000001,71.45467750626713,0.0,1.18e-5,0.0,0.0055097,0.0,0.0,0.0005704999999999981,0.4116156736145926,0.0,-9.114329639142183e-15,3.7636560534792807e-14,3.7636560534792807e-14,8.300170192632479e-14,3.7636560534792807e-14,NaN,converged,33,33,0,0,0,0,5,8.300170192632479e-14,1.12.6,lbt,1,1,Intel(R) Core(TM) 7 150U,NT,2abc7cc
degen-r5-m20-d1e-06-p1,100,Newton-SIN,1e-7*n,9.999999999999999e-6,10,39,0.1062409,0.09402079999999999,88.49774427739221,0.0,5.17e-5,0.0,0.0110024,0.0,0.0,0.0011660000000000108,0.4116156736146161,2.830060649178033e-13,-1.214073092482912e-14,4.884981308350689e-15,4.884981308350689e-15,1.2906312816527975e-14,4.884981308350689e-15,NaN,converged,80,80,18,0,0,0,10,8.300170192632479e-14,1.12.6,lbt,1,1,Intel(R) Core(TM) 7 150U,NT,2abc7cc
degen-r5-m20-d1e-06-p1,100,AGD-SDAJ-BH,1e-7*n,1.0e-11,11,87,0.2323854,0.2292071,98.63231511101816,0.0,0.0002677,0.0,0.0,0.0,0.0,0.002910599999999995,0.41161567362329604,2.3766980171752455e-11,-8.89596598993122e-15,2.4197310821705287e-12,2.4197310821705287e-12,5.833803858444287e-12,2.4197310821705287e-12,NaN,diag_feasible_at_xpre,0,0,24,24,0,0,11,8.300170192632479e-14,1.12.6,lbt,1,1,Intel(R) Core(TM) 7 150U,NT,2abc7cc
degen-r5-m20-d1e-06-p1,100,AGD-SDAJ,1e-7*n,1.0e-11,93,4013,10.8853646,10.6709273,98.03004026158204,0.0,0.0074447,0.0,0.0,0.0,0.0,0.20699260000000017,0.4116157672070807,2.6054934625037e-7,-1.1513503079498793e-14,1.936963789361812e-8,1.936963789361812e-8,6.466217800130606e-8,1.936963789361812e-8,NaN,evd_budget,0,0,3542,362,3180,0,93,8.300170192632479e-14,1.12.6,lbt,1,1,Intel(R) Core(TM) 7 150U,NT,2abc7cc
degen-r5-m20-d1e-06-p1,100,Dykstra-APM,1e-7*n,9.999999999999999e-6,320,320,1.0498335,0.9554697,91.01154611659848,0.0,0.0,0.0,0.0,0.0654834,0.0,0.02888040000000011,0.41161567359678347,4.4629552466915446e-11,-1.1562890726425985e-14,1.3837819778927951e-12,1.3837819778927951e-12,9.92356081437557e-12,1.3837819778927951e-12,NaN,diag_feasible,0,0,0,0,0,0,320,8.300170192632479e-14,1.12.6,lbt,1,1,Intel(R) Core(TM) 7 150U,NT,2abc7cc
degen-r5-m20-d1e-06-p1,100,Anderson-APM,1e-7*n,9.999999999999999e-6,76,76,0.236595,0.1975336,83.49018364716076,0.0,0.0,0.0,0.0,0.0,0.034786,0.004275399999999999,0.4116156736061644,2.4115255484612558e-11,-9.861203892453198e-15,1.4208634269152753e-12,1.4208634269152753e-12,5.7879466846172686e-12,1.4208634269152753e-12,NaN,diag_feasible,0,0,0,0,0,0,76,8.300170192632479e-14,1.12.6,lbt,1,1,Intel(R) Core(TM) 7 150U,NT,2abc7cc
degen-r5-m20-d1e-06-p2,100,SBB-Dual,1e-7*n,1.0e-11,155,156,0.4331207,0.4261511,98.39084116736974,0.000429,0.0002617,8.47e-5,0.0,0.0,0.0,0.00619420000000002,0.4171061734388693,8.157884687938414e-12,-8.463118280594837e-15,1.4162004902118497e-12,0.0,9.720999531300007e-12,1.4162004902118497e-12,100.0,diag_feasible,0,0,0,0,0,0,155,3.592236355768092e-14,1.12.6,lbt,1,1,Intel(R) Core(TM) 7 150U,NT,2abc7cc
degen-r5-m20-d1e-06-p2,100,Newton-SIN-BH,1e-7*n,9.999999999999999e-6,5,6,0.0201605,0.0145285,72.0641849160487,0.0,1.38e-5,0.0,0.0050454,0.0,0.0,0.0005728000000000018,0.4171061734388359,0.0,-8.52059350739612e-15,9.992007221626409e-15,9.992007221626409e-15,3.592236355768092e-14,9.992007221626409e-15,NaN,converged,31,31,0,0,0,0,5,3.592236355768092e-14,1.12.6,lbt,1,1,Intel(R) Core(TM) 7 150U,NT,2abc7cc
degen-r5-m20-d1e-06-p2,100,Newton-SIN,1e-7*n,9.999999999999999e-6,100,3140,8.9244875,8.6225335,96.61656761802848,0.0,0.0059446,0.0,0.169335,0.0,0.0,0.12667440000000024,0.41710614776352606,6.983256677552631e-8,-8.579885010910887e-15,2.924299247197837e-9,2.924299247197837e-9,1.612077477877817e-8,2.924299247197837e-9,NaN,max_iter,884,884,2939,0,0,0,100,3.592236355768092e-14,1.12.6,lbt,1,1,Intel(R) Core(TM) 7 150U,NT,2abc7cc
degen-r5-m20-d1e-06-p2,100,AGD-SDAJ-BH,1e-7*n,1.0e-11,11,98,0.3089445,0.3026822,97.9730016232689,0.0,0.000186,0.0,0.0,0.0,0.0,0.006076299999999998,0.4171061734479494,3.473037489146259e-11,-7.631143078112547e-15,5.686007220617739e-12,5.686007220617739e-12,9.932269940713499e-12,5.686007220617739e-12,NaN,diag_feasible,0,0,33,33,0,0,11,3.592236355768092e-14,1.12.6,lbt,1,1,Intel(R) Core(TM) 7 150U,NT,2abc7cc
degen-r5-m20-d1e-06-p2,100,AGD-SDAJ,1e-7*n,1.0e-11,11,109,0.2904758,0.2867263,98.70918678939863,0.0,0.0001872,0.0,0.0,0.0,0.0,0.0035623000000000165,0.4171061734530153,3.891997070215531e-11,-8.943800283924326e-15,3.754552224677354e-12,3.754552224677354e-12,9.476329624064195e-12,3.754552224677354e-12,NaN,diag_feasible,0,0,44,28,16,0,11,3.592236355768092e-14,1.12.6,lbt,1,1,Intel(R) Core(TM) 7 150U,NT,2abc7cc
degen-r5-m20-d1e-06-p2,100,Dykstra-APM,1e-7*n,9.999999999999999e-6,320,320,1.075417,0.9867889,91.75872243046184,0.0,0.0,0.0,0.0,0.061592,0.0,0.027036100000000098,0.41710617342182593,4.300407342605735e-11,-9.921409945484217e-15,1.3953282973488967e-12,1.3953282973488967e-12,9.582406915469508e-12,1.3953282973488967e-12,NaN,diag_feasible,0,0,0,0,0,0,320,3.592236355768092e-14,1.12.6,lbt,1,1,Intel(R) Core(TM) 7 150U,NT,2abc7cc
degen-r5-m20-d1e-06-p2,100,Anderson-APM,1e-7*n,9.999999999999999e-6,60,60,0.180537,0.1471215,81.49105169577427,0.0,0.0,0.0,0.0,0.0,0.0299223,0.0034932000000000157,0.4171061734483744,2.736247592578705e-11,-8.230664082636863e-15,1.7151835507434043e-12,1.7151835507434043e-12,6.802757329784832e-12,1.7151835507434043e-12,NaN,diag_feasible,0,0,0,0,0,0,60,3.592236355768092e-14,1.12.6,lbt,1,1,Intel(R) Core(TM) 7 150U,NT,2abc7cc
degen-r5-m20-d1e-06-p3,100,SBB-Dual,1e-7*n,1.0e-11,160,161,0.4370008,0.4315407,98.75055148640459,0.0004059,0.0002392,7.13e-5,0.0,0.0,0.0,0.004743700000000023,0.4184341997505995,1.1657537928941126e-11,-1.0301073702621327e-14,1.580957587066223e-12,0.0,9.970785732330251e-12,1.580957587066223e-12,100.0,diag_feasible,0,0,0,0,0,0,160,4.549639229096477e-14,1.12.6,lbt,1,1,Intel(R) Core(TM) 7 150U,NT,2abc7cc
degen-r5-m20-d1e-06-p3,100,Newton-SIN-BH,1e-7*n,9.999999999999999e-6,5,6,0.0224736,0.0160065,71.22356898761213,0.0,1.41e-5,0.0,0.0057828,0.0,0.0,0.0006701999999999993,0.41843419975058144,0.0,-1.1674470842566842e-14,1.8207657603852567e-14,1.8207657603852567e-14,4.549639229096477e-14,1.8207657603852567e-14,NaN,converged,33,33,0,0,0,0,5,4.549639229096477e-14,1.12.6,lbt,1,1,Intel(R) Core(TM) 7 150U,NT,2abc7cc
degen-r5-m20-d1e-06-p3,100,Newton-SIN,1e-7*n,9.999999999999999e-6,100,3021,4.8868995,4.7176068,96.53578511283075,0.0,0.0028372,0.0,0.1005015,0.0,0.0,0.06595399999999974,0.41843417592296867,6.603941133269729e-8,-1.0382053443237742e-14,3.497691247744683e-9,3.497691247744683e-9,1.5270498134094322e-8,3.497691247744683e-9,NaN,max_iter,1067,1067,2820,0,0,0,100,4.549639229096477e-14,1.12.6,lbt,1,1,Intel(R) Core(TM) 7 150U,NT,2abc7cc
degen-r5-m20-d1e-06-p3,100,AGD-SDAJ-BH,1e-7*n,1.0e-11,10,84,0.1466745,0.1432908,97.69305503001543,0.0,6.7e-5,0.0,0.0,0.0,0.0,0.003316700000000017,0.4184341997567537,1.768010306772425e-11,-1.0424236101949994e-14,1.7010837183306649e-12,1.7010837183306649e-12,4.4913372360723514e-12,1.7010837183306649e-12,NaN,diag_feasible,0,0,23,23,0,0,10,4.549639229096477e-14,1.12.6,lbt,1,1,Intel(R) Core(TM) 7 150U,NT,2abc7cc
degen-r5-m20-d1e-06-p3,100,AGD-SDAJ,1e-7*n,1.0e-11,12,137,0.2406951,0.2380804,98.91368789809181,0.0,0.0001073,0.0,0.0,0.0,0.0,0.0025073999999999977,0.4184341997587284,3.065295205602701e-11,-1.0450056619522078e-14,6.5113470171240806e-12,6.5113470171240806e-12,9.207709275041247e-12,6.5113470171240806e-12,NaN,diag_feasible_at_xpre,0,0,69,25,44,0,12,4.549639229096477e-14,1.12.6,lbt,1,1,Intel(R) Core(TM) 7 150U,NT,2abc7cc
degen-r5-m20-d1e-06-p3,100,Dykstra-APM,1e-7*n,9.999999999999999e-6,330,330,0.6048923,0.5588732,92.39218287288496,0.0,0.0,0.0,0.0,0.029619,0.0,0.01640010000000009,0.4184341997338689,4.318194456562796e-11,-8.748151492966364e-15,1.5134560271690134e-12,1.5134560271690134e-12,9.545545258131228e-12,1.5134560271690134e-12,NaN,diag_feasible,0,0,0,0,0,0,330,4.549639229096477e-14,1.12.6,lbt,1,1,Intel(R) Core(TM) 7 150U,NT,2abc7cc
degen-r5-m20-d1e-06-p3,100,Anderson-APM,1e-7*n,9.999999999999999e-6,66,66,0.1203995,0.1041713,86.52137259706228,0.0,0.0,0.0,0.0,0.0,0.0142522,0.0019760000000000125,0.4184341997585125,2.705433729081538e-11,-8.726132873081996e-15,1.956657058599376e-12,1.956657058599376e-12,7.2535463050926685e-12,1.956657058599376e-12,NaN,diag_feasible,0,0,0,0,0,0,66,4.549639229096477e-14,1.12.6,lbt,1,1,Intel(R) Core(TM) 7 150U,NT,2abc7cc
degen-r5-m20-d1e-06-p4,100,SBB-Dual,1e-7*n,1.0e-11,156,157,0.2468835,0.2440736,98.86185184510103,0.0001785,0.0001171,4.14e-5,0.0,0.0,0.0,0.002472900000000004,0.4190686132219719,7.422464190086237e-12,-9.01899212106935e-15,1.2847500840962311e-12,0.0,9.789734304039594e-12,1.2847500840962311e-12,100.0,diag_feasible,0,0,0,0,0,0,156,4.227749103137266e-14,1.12.6,lbt,1,1,Intel(R) Core(TM) 7 150U,NT,2abc7cc
degen-r5-m20-d1e-06-p4,100,Newton-SIN-BH,1e-7*n,9.999999999999999e-6,5,6,0.0121218,0.009433,77.8184758039235,0.0,6.4e-6,0.0,0.0024002,0.0,0.0,0.0002821999999999998,0.4190686132219623,0.0,-1.1032811110348492e-14,1.1546319456101628e-14,1.1546319456101628e-14,4.227749103137266e-14,1.1546319456101628e-14,NaN,converged,31,31,0,0,0,0,5,4.227749103137266e-14,1.12.6,lbt,1,1,Intel(R) Core(TM) 7 150U,NT,2abc7cc
degen-r5-m20-d1e-06-p4,100,Newton-SIN,1e-7*n,9.999999999999999e-6,5,11,0.0188245,0.016180999999999997,85.95713033546706,0.0,7.1e-6,0.0,0.0024278,0.0,0.0,0.00020860000000000366,0.4190686132219623,0.0,-1.1032811110348492e-14,1.1546319456101628e-14,1.1546319456101628e-14,4.227749103137266e-14,1.1546319456101628e-14,NaN,converged,31,31,0,0,0,0,5,4.227749103137266e-14,1.12.6,lbt,1,1,Intel(R) Core(TM) 7 150U,NT,2abc7cc
degen-r5-m20-d1e-06-p4,100,AGD-SDAJ-BH,1e-7*n,1.0e-11,11,89,0.1375749,0.1360266,98.8745766851366,0.0,6.19e-5,0.0,0.0,0.0,0.0,0.0014864000000000025,0.41906861323175154,2.918472772982304e-11,-9.747124350284176e-15,5.351830090205567e-12,5.351830090205567e-12,7.873226928400312e-12,5.351830090205567e-12,NaN,diag_feasible,0,0,24,24,0,0,11,4.227749103137266e-14,1.12.6,lbt,1,1,Intel(R) Core(TM) 7 150U,NT,2abc7cc
degen-r5-m20-d1e-06-p4,100,AGD-SDAJ,1e-7*n,1.0e-11,11,101,0.1706787,0.1665884,97.60350881510114,0.0,9.58e-5,0.0,0.0,0.0,0.0,0.003994499999999991,0.4190686132284636,2.4332937355398522e-11,-1.08983865919536e-14,3.8551384307083936e-12,3.8551384307083936e-12,6.936067417176436e-12,3.8551384307083936e-12,NaN,diag_feasible,0,0,36,26,10,0,11,4.227749103137266e-14,1.12.6,lbt,1,1,Intel(R) Core(TM) 7 150U,NT,2abc7cc
degen-r5-m20-d1e-06-p4,100,Dykstra-APM,1e-7*n,9.999999999999999e-6,322,322,0.5862577,0.5389014,91.92227240682723,0.0,0.0,0.0,0.0,0.0328139,0.0,0.014542400000000018,0.4190686132050321,4.285746303394132e-11,-7.647854910014541e-15,1.2503331703328513e-12,1.2503331703328513e-12,9.535212616565222e-12,1.2503331703328513e-12,NaN,diag_feasible,0,0,0,0,0,0,322,4.227749103137266e-14,1.12.6,lbt,1,1,Intel(R) Core(TM) 7 150U,NT,2abc7cc
degen-r5-m20-d1e-06-p4,100,Anderson-APM,1e-7*n,9.999999999999999e-6,93,93,0.1683797,0.1432791,85.09285858093345,0.0,0.0,0.0,0.0,0.0,0.0222825,0.0028181000000000005,0.419068613206985,4.0286595210054015e-11,-8.85622902409875e-15,2.112754415861673e-12,2.112754415861673e-12,9.54585936276907e-12,2.112754415861673e-12,NaN,diag_feasible,0,0,0,0,0,0,93,4.227749103137266e-14,1.12.6,lbt,1,1,Intel(R) Core(TM) 7 150U,NT,2abc7cc
degen-r5-m20-d1e-08-p0,100,SBB-Dual,1e-7*n,1.0e-11,133,134,0.1942232,0.1919747,98.84231132017183,0.0001419,8.54e-5,4.09e-5,0.0,0.0,0.0,0.0019803000000000147,0.4160691989551054,8.594801451051e-12,-9.735850020210748e-15,1.602273869139026e-12,0.0,9.596792883192722e-12,1.602273869139026e-12,100.0,diag_feasible,0,0,0,0,0,0,133,3.7176394472127236e-14,1.12.6,lbt,1,1,Intel(R) Core(TM) 7 150U,NT,2abc7cc
degen-r5-m20-d1e-08-p0,100,Newton-SIN-BH,1e-7*n,9.999999999999999e-6,5,6,0.015615,0.0111436,71.36471341658661,0.0,7.0e-6,0.0,0.0041211,0.0,0.0,0.0003433000000000004,0.4160691989550931,0.0,-8.924017199125591e-15,1.1879386363489175e-14,1.1879386363489175e-14,3.7176394472127236e-14,1.1879386363489175e-14,NaN,converged,36,36,0,0,0,0,5,3.7176394472127236e-14,1.12.6,lbt,1,1,Intel(R) Core(TM) 7 150U,NT,2abc7cc
degen-r5-m20-d1e-08-p0,100,Newton-SIN,1e-7*n,9.999999999999999e-6,100,2356,5.2476958,5.007298,95.41898369947434,0.0,0.002435,0.0,0.1424616,0.0,0.0,0.09550120000000023,0.4160691988954334,1.6318711765758462e-10,-1.2489987877655991e-14,7.0958794395892255e-12,7.0958794395892255e-12,3.758269288833582e-11,7.0958794395892255e-12,NaN,max_iter,1263,1263,2155,0,0,0,100,3.7176394472127236e-14,1.12.6,lbt,1,1,Intel(R) Core(TM) 7 150U,NT,2abc7cc
degen-r5-m20-d1e-08-p0,100,AGD-SDAJ-BH,1e-7*n,1.0e-11,10,76,0.1304347,0.12901279999999998,98.90987597625478,0.0,5.6e-5,0.0,0.0,0.0,0.0,0.0013659000000000037,0.41606919895833144,2.090840480946012e-11,-8.802082116662486e-15,2.644329200052198e-12,2.644329200052198e-12,6.666864045695742e-12,2.644329200052198e-12,NaN,diag_feasible_at_xpre,0,0,17,17,0,0,10,3.7176394472127236e-14,1.12.6,lbt,1,1,Intel(R) Core(TM) 7 150U,NT,2abc7cc
degen-r5-m20-d1e-08-p0,100,AGD-SDAJ,1e-7*n,1.0e-11,10,86,0.1393496,0.13764010000000002,98.77322934547355,0.0,6.27e-5,0.0,0.0,0.0,0.0,0.001646799999999975,0.4160691989653263,3.468498359242446e-11,-7.466401743725261e-15,4.867439784561611e-12,4.867439784561611e-12,9.849982126677426e-12,4.867439784561611e-12,NaN,diag_feasible_at_xpre,0,0,30,16,14,0,10,3.7176394472127236e-14,1.12.6,lbt,1,1,Intel(R) Core(TM) 7 150U,NT,2abc7cc
degen-r5-m20-d1e-08-p0,100,Dykstra-APM,1e-7*n,9.999999999999999e-6,277,277,0.5371023,0.4445751,82.77289075097984,0.0,0.0,0.0,0.0,0.074396,0.0,0.018131200000000028,0.4160691989376001,4.4197414908547965e-11,-8.362858230713689e-15,1.6071588504473766e-12,1.6071588504473766e-12,9.826899978605158e-12,1.6071588504473766e-12,NaN,diag_feasible,0,0,0,0,0,0,277,3.7176394472127236e-14,1.12.6,lbt,1,1,Intel(R) Core(TM) 7 150U,NT,2abc7cc
degen-r5-m20-d1e-08-p0,100,Anderson-APM,1e-7*n,9.999999999999999e-6,76,76,0.1458543,0.12206,83.68625402199318,0.0,0.0,0.0,0.0,0.0,0.0212828,0.0025114999999999894,0.41606919895824385,1.7198693747092576e-11,-9.213106263390097e-15,1.496136547984861e-12,1.496136547984861e-12,4.944504518790043e-12,1.496136547984861e-12,NaN,diag_feasible,0,0,0,0,0,0,76,3.7176394472127236e-14,1.12.6,lbt,1,1,Intel(R) Core(TM) 7 150U,NT,2abc7cc
degen-r5-m20-d1e-08-p1,100,SBB-Dual,1e-7*n,1.0e-11,133,134,0.2080537,0.2056385,98.83914585513259,0.0001523,0.000107,4.04e-5,0.0,0.0,0.0,0.0021155000000000063,0.4116188428123608,8.392021799642258e-12,-7.908901792971126e-15,1.3467005288703149e-12,0.0,9.620243701415762e-12,1.3467005288703149e-12,100.0,diag_feasible,0,0,0,0,0,0,133,1.8602117257340748e-14,1.12.6,lbt,1,1,Intel(R) Core(TM) 7 150U,NT,2abc7cc
degen-r5-m20-d1e-08-p1,100,Newton-SIN-BH,1e-7*n,9.999999999999999e-6,5,6,0.0151327,0.0108159,71.47369603573718,0.0,9.3e-6,0.0,0.003917,0.0,0.0,0.0003905000000000002,0.4116188428123352,0.0,-1.0109356490663097e-14,4.440892098500626e-15,4.440892098500626e-15,1.8602117257340748e-14,4.440892098500626e-15,NaN,converged,35,35,0,0,0,0,5,1.8602117257340748e-14,1.12.6,lbt,1,1,Intel(R) Core(TM) 7 150U,NT,2abc7cc
degen-r5-m20-d1e-08-p1,100,Newton-SIN,1e-7*n,9.999999999999999e-6,100,3239,5.1055955,4.9330713,96.62087997374645,0.0,0.002018,0.0,0.0885822,0.0,0.0,0.0819239999999998,0.41161883732778615,1.5022846772004223e-8,-9.925724770142419e-15,6.396314589096619e-10,6.396314589096619e-10,3.4484118424633972e-9,6.396314589096619e-10,NaN,max_iter,985,985,3038,0,0,0,100,1.8602117257340748e-14,1.12.6,lbt,1,1,Intel(R) Core(TM) 7 150U,NT,2abc7cc
degen-r5-m20-d1e-08-p1,100,AGD-SDAJ-BH,1e-7*n,1.0e-11,10,77,0.1117563,0.1105006,98.8763944404029,0.0,5.25e-5,0.0,0.0,0.0,0.0,0.0012031999999999985,0.41161884282035033,2.568689561963165e-11,-8.452696815614776e-15,4.1884273827008656e-12,4.1884273827008656e-12,7.264369394003596e-12,4.1884273827008656e-12,NaN,diag_feasible,0,0,18,18,0,0,10,1.8602117257340748e-14,1.12.6,lbt,1,1,Intel(R) Core(TM) 7 150U,NT,2abc7cc
degen-r5-m20-d1e-08-p1,100,AGD-SDAJ,1e-7*n,1.0e-11,10,105,0.1887566,0.186694,98.90726999744645,0.0,8.91e-5,0.0,0.0,0.0,0.0,0.001973499999999998,0.411618842818,1.58468635703599e-11,-8.131157332173992e-15,1.475042310516983e-12,1.475042310516983e-12,3.949400446166584e-12,1.475042310516983e-12,NaN,diag_feasible,0,0,44,26,18,0,10,1.8602117257340748e-14,1.12.6,lbt,1,1,Intel(R) Core(TM) 7 150U,NT,2abc7cc
degen-r5-m20-d1e-08-p1,100,Dykstra-APM,1e-7*n,9.999999999999999e-6,276,276,0.4991655,0.431581,86.46050257880403,0.0,0.0,0.0,0.0,0.0511011,0.0,0.01648339999999999,0.4116188427946842,4.400912449391662e-11,-9.786356717753171e-15,1.3749001936957939e-12,1.3749001936957939e-12,9.798467106937326e-12,1.3749001936957939e-12,NaN,diag_feasible,0,0,0,0,0,0,276,1.8602117257340748e-14,1.12.6,lbt,1,1,Intel(R) Core(TM) 7 150U,NT,2abc7cc
degen-r5-m20-d1e-08-p1,100,Anderson-APM,1e-7*n,9.999999999999999e-6,64,64,0.1095881,0.0929744,84.83986856237128,0.0,0.0,0.0,0.0,0.0,0.014555,0.002058699999999995,0.41161884282421735,3.154148750987951e-11,-1.0397351843698628e-14,1.2124745651931335e-12,1.2124745651931335e-12,7.194230305776658e-12,1.2124745651931335e-12,NaN,diag_feasible,0,0,0,0,0,0,64,1.8602117257340748e-14,1.12.6,lbt,1,1,Intel(R) Core(TM) 7 150U,NT,2abc7cc
degen-r5-m20-d1e-08-p2,100,SBB-Dual,1e-7*n,1.0e-11,133,134,0.1952051,0.1930195,98.88035712181701,0.0001412,8.11e-5,4.13e-5,0.0,0.0,0.0,0.0019219999999999817,0.4171094118111299,7.74011586737383e-12,-9.522598234872706e-15,1.3504752871540404e-12,0.0,9.275319316626377e-12,1.3504752871540404e-12,100.0,diag_feasible,0,0,0,0,0,0,133,1.603148208153809e-14,1.12.6,lbt,1,1,Intel(R) Core(TM) 7 150U,NT,2abc7cc
degen-r5-m20-d1e-08-p2,100,Newton-SIN-BH,1e-7*n,9.999999999999999e-6,5,6,0.0118105,0.008618899999999999,72.97658862876253,0.0,6.1e-6,0.0,0.0029066,0.0,0.0,0.00027890000000000076,0.4171094118111481,0.0,-7.797379778038458e-15,4.440892098500626e-15,4.440892098500626e-15,1.603148208153809e-14,4.440892098500626e-15,NaN,converged,34,34,0,0,0,0,5,1.603148208153809e-14,1.12.6,lbt,1,1,Intel(R) Core(TM) 7 150U,NT,2abc7cc
degen-r5-m20-d1e-08-p2,100,Newton-SIN,1e-7*n,9.999999999999999e-6,5,11,0.021767,0.0181551,83.40653282491844,0.0,6.8e-6,0.0,0.0033647,0.0,0.0,0.0002404000000000013,0.4171094118111481,0.0,-7.797379778038458e-15,4.440892098500626e-15,4.440892098500626e-15,1.603148208153809e-14,4.440892098500626e-15,NaN,converged,34,34,0,0,0,0,5,1.603148208153809e-14,1.12.6,lbt,1,1,Intel(R) Core(TM) 7 150U,NT,2abc7cc
degen-r5-m20-d1e-08-p2,100,AGD-SDAJ-BH,1e-7*n,1.0e-11,11,91,0.1268058,0.1253159,98.82505374359849,0.0,5.68e-5,0.0,0.0,0.0,0.0,0.0014330999999999884,0.41710941181729655,1.7031187361364392e-11,-9.192830234972348e-15,1.0837997166390778e-12,1.0837997166390778e-12,4.221949029520914e-12,1.0837997166390778e-12,NaN,diag_feasible,0,0,24,24,0,0,11,1.603148208153809e-14,1.12.6,lbt,1,1,Intel(R) Core(TM) 7 150U,NT,2abc7cc
degen-r5-m20-d1e-08-p2,100,AGD-SDAJ,1e-7*n,1.0e-11,11,121,0.1841362,0.1820349,98.85883384147168,0.0,8.33e-5,0.0,0.0,0.0,0.0,0.0020180000000000003,0.41710941182285033,3.298260374469646e-11,-8.2625464355529e-15,3.0817570717545095e-12,3.0817570717545095e-12,8.066863181951411e-12,3.0817570717545095e-12,NaN,diag_feasible,0,0,54,26,28,0,11,1.603148208153809e-14,1.12.6,lbt,1,1,Intel(R) Core(TM) 7 150U,NT,2abc7cc
degen-r5-m20-d1e-08-p2,100,Dykstra-APM,1e-7*n,9.999999999999999e-6,275,275,0.4624211,0.4169747,90.1720747604294,0.0,0.0,0.0,0.0,0.0350208,0.0,0.0104256,0.41710941179338934,4.478676201302161e-11,-1.1616074909262376e-14,1.4577228313328305e-12,1.4577228313328305e-12,9.9550765961743e-12,1.4577228313328305e-12,NaN,diag_feasible,0,0,0,0,0,0,275,1.603148208153809e-14,1.12.6,lbt,1,1,Intel(R) Core(TM) 7 150U,NT,2abc7cc
degen-r5-m20-d1e-08-p2,100,Anderson-APM,1e-7*n,9.999999999999999e-6,65,65,0.1136704,0.0958949,84.36224382073082,0.0,0.0,0.0,0.0,0.0,0.0151677,0.0026078000000000004,0.4171094117996235,3.0983346340087313e-11,-8.705497742088742e-15,2.0545787293713147e-12,2.0545787293713147e-12,7.397183599907307e-12,2.0545787293713147e-12,NaN,diag_feasible,0,0,0,0,0,0,65,1.603148208153809e-14,1.12.6,lbt,1,1,Intel(R) Core(TM) 7 150U,NT,2abc7cc
degen-r5-m20-d1e-08-p3,100,SBB-Dual,1e-7*n,1.0e-11,142,143,0.196337,0.1939865,98.80282371636522,0.0001476,8.5e-5,4.17e-5,0.0,0.0,0.0,0.0020762000000000055,0.4184374543458476,1.1543510800566482e-11,-1.0253923411965839e-14,2.2231105845094135e-12,0.0,9.635577082167317e-12,2.2231105845094135e-12,100.0,diag_feasible,0,0,0,0,0,0,142,1.69925790630551e-14,1.12.6,lbt,1,1,Intel(R) Core(TM) 7 150U,NT,2abc7cc
degen-r5-m20-d1e-08-p3,100,Newton-SIN-BH,1e-7*n,9.999999999999999e-6,5,6,0.0104534,0.0076243,72.9360782137869,0.0,5.6e-6,0.0,0.0025713,0.0,0.0,0.00025220000000000017,0.41843745434582535,0.0,-1.0560746008158328e-14,3.552713678800501e-15,3.552713678800501e-15,1.69925790630551e-14,3.552713678800501e-15,NaN,converged,35,35,0,0,0,0,5,1.69925790630551e-14,1.12.6,lbt,1,1,Intel(R) Core(TM) 7 150U,NT,2abc7cc
degen-r5-m20-d1e-08-p3,100,Newton-SIN,1e-7*n,9.999999999999999e-6,100,3203,5.0655656,4.8807365,96.35126430896483,0.0,0.002005,0.0,0.1100891,0.0,0.0,0.07273499999999997,0.4184374489001172,1.4894880211758204e-8,-1.0204967580496508e-14,7.026379478247691e-10,7.026379478247691e-10,3.423151542197913e-9,7.026379478247691e-10,NaN,max_iter,1080,1080,3002,0,0,0,100,1.69925790630551e-14,1.12.6,lbt,1,1,Intel(R) Core(TM) 7 150U,NT,2abc7cc
degen-r5-m20-d1e-08-p3,100,AGD-SDAJ-BH,1e-7*n,1.0e-11,10,84,0.1266156,0.1240741,97.99274339022996,0.0,5.57e-5,0.0,0.0,0.0,0.0,0.002485799999999988,0.41843745435526825,2.6865216441387595e-11,-9.664362676943952e-15,3.2992497622785777e-12,3.2992497622785777e-12,6.636522180649705e-12,3.2992497622785777e-12,NaN,diag_feasible,0,0,23,23,0,0,10,1.69925790630551e-14,1.12.6,lbt,1,1,Intel(R) Core(TM) 7 150U,NT,2abc7cc
degen-r5-m20-d1e-08-p3,100,AGD-SDAJ,1e-7*n,1.0e-11,10,91,0.1351019,0.1335295,98.83613775972063,0.0,6.29e-5,0.0,0.0,0.0,0.0,0.0015095000000000015,0.41843745435163415,1.888037022434075e-11,-1.0130047504676974e-14,3.3595348725157237e-12,3.3595348725157237e-12,5.233442389676567e-12,3.3595348725157237e-12,NaN,diag_feasible,0,0,32,19,13,0,10,1.69925790630551e-14,1.12.6,lbt,1,1,Intel(R) Core(TM) 7 150U,NT,2abc7cc
degen-r5-m20-d1e-08-p3,100,Dykstra-APM,1e-7*n,9.999999999999999e-6,293,293,0.4999415,0.4376138,87.53300136115926,0.0,0.0,0.0,0.0,0.0497054,0.0,0.012622299999999989,0.4184374543290057,4.3842447153992484e-11,-1.0798183486644359e-14,2.3281376826389533e-12,2.3281376826389533e-12,9.71585211068219e-12,2.3281376826389533e-12,NaN,diag_feasible,0,0,0,0,0,0,293,1.69925790630551e-14,1.12.6,lbt,1,1,Intel(R) Core(TM) 7 150U,NT,2abc7cc
degen-r5-m20-d1e-08-p3,100,Anderson-APM,1e-7*n,9.999999999999999e-6,61,61,0.0940785,0.0800992,85.14081325701409,0.0,0.0,0.0,0.0,0.0,0.0121951,0.0017841999999999997,0.41843745435498425,2.672266320823106e-11,-9.611691062579977e-15,1.8602897000619123e-12,1.8602897000619123e-12,6.02025985698299e-12,1.8602897000619123e-12,NaN,diag_feasible,0,0,0,0,0,0,61,1.69925790630551e-14,1.12.6,lbt,1,1,Intel(R) Core(TM) 7 150U,NT,2abc7cc
degen-r5-m20-d1e-08-p4,100,SBB-Dual,1e-7*n,1.0e-11,134,135,0.2055579,0.2030763,98.79274890432332,0.0001453,8.55e-5,4.19e-5,0.0,0.0,0.0,0.0022089,0.4190718770962461,7.586944266487173e-12,-9.401011707427757e-15,1.631805801594055e-12,0.0,9.85939055735586e-12,1.631805801594055e-12,100.0,diag_feasible,0,0,0,0,0,0,134,2.0587678334016217e-14,1.12.6,lbt,1,1,Intel(R) Core(TM) 7 150U,NT,2abc7cc
degen-r5-m20-d1e-08-p4,100,Newton-SIN-BH,1e-7*n,9.999999999999999e-6,5,6,0.0109119,0.0080364,73.64803563082508,0.0,5.0e-6,0.0,0.0026199,0.0,0.0,0.0002505999999999997,0.41907187709623517,0.0,-1.066513079589257e-14,6.217248937900877e-15,6.217248937900877e-15,2.0587678334016217e-14,6.217248937900877e-15,NaN,converged,34,34,0,0,0,0,5,2.0587678334016217e-14,1.12.6,lbt,1,1,Intel(R) Core(TM) 7 150U,NT,2abc7cc
degen-r5-m20-d1e-08-p4,100,Newton-SIN,1e-7*n,9.999999999999999e-6,9,40,0.0713425,0.0643366,90.17990678767914,0.0,2.57e-5,0.0,0.0062826,0.0,0.0,0.0006976000000000092,0.41907187709625066,1.5497181362885145e-13,-7.620227494157392e-15,7.771561172376096e-15,7.771561172376096e-15,1.6513237969033948e-14,7.771561172376096e-15,NaN,converged,74,74,21,0,0,0,9,2.0587678334016217e-14,1.12.6,lbt,1,1,Intel(R) Core(TM) 7 150U,NT,2abc7cc
degen-r5-m20-d1e-08-p4,100,AGD-SDAJ-BH,1e-7*n,1.0e-11,10,81,0.1219166,0.1205942,98.91532408220046,0.0,5.39e-5,0.0,0.0,0.0,0.0,0.0012685000000000014,0.419071877104978,2.6447976024760893e-11,-9.221792283991245e-15,4.167777234442838e-12,4.167777234442838e-12,6.989418389351497e-12,4.167777234442838e-12,NaN,diag_feasible_at_xpre,0,0,24,24,0,0,10,2.0587678334016217e-14,1.12.6,lbt,1,1,Intel(R) Core(TM) 7 150U,NT,2abc7cc
degen-r5-m20-d1e-08-p4,100,AGD-SDAJ,1e-7*n,1.0e-11,9,81,0.127632,0.126163,98.8490347248339,0.0,6.5e-5,0.0,0.0,0.0,0.0,0.0014039999999999981,0.41907187710114324,3.2565980498192785e-11,-9.435423882845472e-15,3.81084053202585e-12,3.81084053202585e-12,9.87174654803968e-12,3.81084053202585e-12,NaN,diag_feasible_at_xpre,0,0,28,24,4,0,9,2.0587678334016217e-14,1.12.6,lbt,1,1,Intel(R) Core(TM) 7 150U,NT,2abc7cc
degen-r5-m20-d1e-08-p4,100,Dykstra-APM,1e-7*n,9.999999999999999e-6,278,278,0.5330904,0.4604951,86.38217833223034,0.0,0.0,0.0,0.0,0.0440764,0.0,0.028518899999999972,0.4190718770785483,4.4836993467522e-11,-8.607937424129586e-15,1.6722179196904108e-12,1.6722179196904108e-12,9.999481420541944e-12,1.6722179196904108e-12,NaN,diag_feasible,0,0,0,0,0,0,278,2.0587678334016217e-14,1.12.6,lbt,1,1,Intel(R) Core(TM) 7 150U,NT,2abc7cc
degen-r5-m20-d1e-08-p4,100,Anderson-APM,1e-7*n,9.999999999999999e-6,67,67,0.1131483,0.0955933,84.48496353900148,0.0,0.0,0.0,0.0,0.0,0.0152396,0.0023153999999999866,0.41907187709030785,3.0763207682792083e-11,-7.925943103540418e-15,2.374545005068285e-12,2.374545005068285e-12,8.471058462769928e-12,2.374545005068285e-12,NaN,diag_feasible,0,0,0,0,0,0,67,2.0587678334016217e-14,1.12.6,lbt,1,1,Intel(R) Core(TM) 7 150U,NT,2abc7cc
degen-r5-m20-d1e-10-p0,100,SBB-Dual,1e-7*n,1.0e-11,120,121,0.1969652,0.1914615,97.2057500512781,0.0001384,8.32e-5,0.0001646,0.0,0.0,0.0,0.0051175,0.41606923122673745,1.1749691300623763e-11,-1.4901696983798964e-14,3.2940317140628395e-12,0.0,8.690985538355966e-12,3.2940317140628395e-12,100.0,diag_feasible,0,0,0,0,0,0,120,1.5765557868430762e-14,1.12.6,lbt,1,1,Intel(R) Core(TM) 7 150U,NT,2abc7cc
degen-r5-m20-d1e-10-p0,100,Newton-SIN-BH,1e-7*n,9.999999999999999e-6,7,9,0.0243408,0.0173743,71.37933017813711,0.0,8.9e-6,0.0,0.00653,0.0,0.0,0.0004276000000000002,0.41606923122673095,0.0,-9.243626053371521e-15,4.440892098500626e-15,4.440892098500626e-15,1.5765557868430762e-14,4.440892098500626e-15,NaN,converged,69,69,1,0,0,0,7,1.5765557868430762e-14,1.12.6,lbt,1,1,Intel(R) Core(TM) 7 150U,NT,2abc7cc
degen-r5-m20-d1e-10-p0,100,Newton-SIN,1e-7*n,9.999999999999999e-6,45,885,1.6462883,1.5676176,95.2213290952745,0.0,0.0005666,0.0,0.0604612,0.0,0.0,0.017642899999999982,0.41606923122032075,2.9853114117280356e-11,-7.306931426616174e-15,4.0463188355488455e-12,4.0463188355488455e-12,8.014829937030984e-12,4.0463188355488455e-12,NaN,converged,591,591,794,0,0,0,45,1.5765557868430762e-14,1.12.6,lbt,1,1,Intel(R) Core(TM) 7 150U,NT,2abc7cc
degen-r5-m20-d1e-10-p0,100,AGD-SDAJ-BH,1e-7*n,1.0e-11,11,85,0.1461237,0.1446857,99.0159022800545,0.0,6.25e-5,0.0,0.0,0.0,0.0,0.0013754999999999948,0.41606923123140527,1.2886881492336713e-11,-1.1549751475184297e-14,9.194867089945546e-13,9.194867089945546e-13,3.0956650985881807e-12,9.194867089945546e-13,NaN,diag_feasible,0,0,20,20,0,0,11,1.5765557868430762e-14,1.12.6,lbt,1,1,Intel(R) Core(TM) 7 150U,NT,2abc7cc
degen-r5-m20-d1e-10-p0,100,AGD-SDAJ,1e-7*n,1.0e-11,9,82,0.1169688,0.1157085,98.92253318833741,0.0,5.19e-5,0.0,0.0,0.0,0.0,0.001208399999999992,0.4160692312355139,3.3578418206626964e-11,-7.90160160751731e-15,4.4571013546601534e-12,4.4571013546601534e-12,9.984156896406036e-12,4.4571013546601534e-12,NaN,diag_feasible,0,0,29,13,16,0,9,1.5765557868430762e-14,1.12.6,lbt,1,1,Intel(R) Core(TM) 7 150U,NT,2abc7cc
degen-r5-m20-d1e-10-p0,100,Dykstra-APM,1e-7*n,9.999999999999999e-6,247,247,0.5155401,0.4314702,83.69284949900116,0.0,0.0,0.0,0.0,0.0369307,0.0,0.04713919999999992,0.41606923122392386,3.568939080173449e-11,-9.539183464363999e-15,3.907096868260851e-12,3.907096868260851e-12,9.748751081903825e-12,3.907096868260851e-12,NaN,diag_feasible,0,0,0,0,0,0,247,1.5765557868430762e-14,1.12.6,lbt,1,1,Intel(R) Core(TM) 7 150U,NT,2abc7cc
degen-r5-m20-d1e-10-p0,100,Anderson-APM,1e-7*n,9.999999999999999e-6,76,76,0.1241506,0.1051084,84.66201532654695,0.0,0.0,0.0,0.0,0.0,0.0166885,0.0023536999999999968,0.4160692312275543,1.854550388841574e-11,-7.960324566262759e-15,1.6480150577535824e-12,1.6480150577535824e-12,5.485941172659121e-12,1.6480150577535824e-12,NaN,diag_feasible,0,0,0,0,0,0,76,1.5765557868430762e-14,1.12.6,lbt,1,1,Intel(R) Core(TM) 7 150U,NT,2abc7cc
degen-r5-m20-d1e-10-p1,100,SBB-Dual,1e-7*n,1.0e-11,117,118,0.1881409,0.1858759,98.79611503931363,0.0001561,8.97e-5,3.96e-5,0.0,0.0,0.0,0.0019795999999999894,0.41161887450438445,9.691080872507311e-12,-7.122237680778296e-15,2.604139126560767e-12,0.0,9.262134592874023e-12,2.604139126560767e-12,100.0,diag_feasible,0,0,0,0,0,0,117,2.040878629308206e-14,1.12.6,lbt,1,1,Intel(R) Core(TM) 7 150U,NT,2abc7cc
degen-r5-m20-d1e-10-p1,100,Newton-SIN-BH,1e-7*n,9.999999999999999e-6,6,7,0.01918,0.013449000000000001,70.1199165797706,0.0,8.5e-6,0.0,0.005329,0.0,0.0,0.000393499999999998,0.41161887450435525,0.0,-8.78233971900406e-15,5.995204332975845e-15,5.995204332975845e-15,2.040878629308206e-14,5.995204332975845e-15,NaN,converged,54,54,0,0,0,0,6,2.040878629308206e-14,1.12.6,lbt,1,1,Intel(R) Core(TM) 7 150U,NT,2abc7cc
degen-r5-m20-d1e-10-p1,100,Newton-SIN,1e-7*n,9.999999999999999e-6,100,2839,6.2171388,5.995172200000001,96.42976283559892,0.0,0.0028635,0.0,0.155283,0.0,0.0,0.06382009999999913,0.4116188744599175,1.2534701655913314e-10,-9.032712141221871e-15,6.594058632458655e-12,6.594058632458655e-12,2.975847631947335e-11,6.594058632458655e-12,NaN,max_iter,1276,1276,2638,0,0,0,100,2.040878629308206e-14,1.12.6,lbt,1,1,Intel(R) Core(TM) 7 150U,NT,2abc7cc
degen-r5-m20-d1e-10-p1,100,AGD-SDAJ-BH,1e-7*n,1.0e-11,11,93,0.1481576,0.1463999,98.81362819052144,0.0,6.69e-5,0.0,0.0,0.0,0.0,0.001690800000000001,0.41161887450829976,2.2781998535103352e-11,-1.0055111994339853e-14,2.6842972289387035e-12,2.6842972289387035e-12,7.2395889488618625e-12,2.6842972289387035e-12,NaN,diag_feasible_at_xpre,0,0,28,28,0,0,11,2.040878629308206e-14,1.12.6,lbt,1,1,Intel(R) Core(TM) 7 150U,NT,2abc7cc
degen-r5-m20-d1e-10-p1,100,AGD-SDAJ,1e-7*n,1.0e-11,11,114,0.173257,0.1713195,98.88171906474197,0.0,7.62e-5,0.0,0.0,0.0,0.0,0.001861299999999981,0.4116188745101306,2.6893316160646894e-11,-8.064750254129429e-15,4.841238521180458e-12,4.841238521180458e-12,8.280763478395756e-12,4.841238521180458e-12,NaN,diag_feasible_at_xpre,0,0,49,28,21,0,11,2.040878629308206e-14,1.12.6,lbt,1,1,Intel(R) Core(TM) 7 150U,NT,2abc7cc
degen-r5-m20-d1e-10-p1,100,Dykstra-APM,1e-7*n,9.999999999999999e-6,244,244,0.4526763,0.4087362,90.2932625366073,0.0,0.0,0.0,0.0,0.0345246,0.0,0.00941549999999998,0.4116188744953871,3.488910901816638e-11,-9.752978974793477e-15,2.6836310951239284e-12,2.6836310951239284e-12,9.385053370857443e-12,2.6836310951239284e-12,NaN,diag_feasible,0,0,0,0,0,0,244,2.040878629308206e-14,1.12.6,lbt,1,1,Intel(R) Core(TM) 7 150U,NT,2abc7cc
degen-r5-m20-d1e-10-p1,100,Anderson-APM,1e-7*n,9.999999999999999e-6,95,95,0.194314,0.1603538,82.52302973537677,0.0,0.0,0.0,0.0,0.0,0.0244892,0.009470999999999997,0.4116188745172888,3.510577706215146e-11,-9.221777436297568e-15,2.737143844910861e-12,2.737143844910861e-12,8.831141916100694e-12,2.737143844910861e-12,NaN,diag_feasible,0,0,0,0,0,0,95,2.040878629308206e-14,1.12.6,lbt,1,1,Intel(R) Core(TM) 7 150U,NT,2abc7cc
degen-r5-m20-d1e-10-p2,100,SBB-Dual,1e-7*n,1.0e-11,115,116,0.1739343,0.1717371,98.73676439897135,0.0001453,8.31e-5,4.12e-5,0.0,0.0,0.0,0.0019275999999999825,0.41710944419489826,9.305110005939213e-12,-9.067422598952893e-15,3.4430236439675355e-12,0.0,9.943387037722742e-12,3.4430236439675355e-12,100.0,diag_feasible,0,0,0,0,0,0,115,1.5006913822933576e-14,1.12.6,lbt,1,1,Intel(R) Core(TM) 7 150U,NT,2abc7cc
degen-r5-m20-d1e-10-p2,100,Newton-SIN-BH,1e-7*n,9.999999999999999e-6,6,8,0.0261628,0.019186799999999997,73.33618725824452,0.0,1.4e-5,0.0,0.006357,0.0,0.0,0.0006050000000000031,0.4171094441949032,0.0,-9.23150058028606e-15,3.885780586188048e-15,3.885780586188048e-15,1.5006913822933576e-14,3.885780586188048e-15,NaN,converged,48,48,1,0,0,0,6,1.5006913822933576e-14,1.12.6,lbt,1,1,Intel(R) Core(TM) 7 150U,NT,2abc7cc
degen-r5-m20-d1e-10-p2,100,Newton-SIN,1e-7*n,9.999999999999999e-6,100,2420,4.9905476,4.7964784,96.1112644231667,0.0,0.0018673,0.0,0.1287865,0.0,0.0,0.0634154000000004,0.4171094441579891,9.685921670146691e-11,-9.120108563128587e-15,6.17061957086662e-12,6.17061957086662e-12,2.2591636639106926e-11,6.17061957086662e-12,NaN,max_iter,1176,1176,2219,0,0,0,100,1.5006913822933576e-14,1.12.6,lbt,1,1,Intel(R) Core(TM) 7 150U,NT,2abc7cc
degen-r5-m20-d1e-10-p2,100,AGD-SDAJ-BH,1e-7*n,1.0e-11,11,96,0.151729,0.1494433,98.4935641835114,0.0,7.48e-5,0.0,0.0,0.0,0.0,0.0022109000000000018,0.4171094442051,3.0449834948672e-11,-1.0049071611167754e-14,4.283018384398929e-12,4.283018384398929e-12,8.183189898284055e-12,4.283018384398929e-12,NaN,diag_feasible,0,0,31,31,0,0,11,1.5006913822933576e-14,1.12.6,lbt,1,1,Intel(R) Core(TM) 7 150U,NT,2abc7cc
degen-r5-m20-d1e-10-p2,100,AGD-SDAJ,1e-7*n,1.0e-11,11,96,0.1487173,0.1469925,98.84021563059576,0.0,7.47e-5,0.0,0.0,0.0,0.0,0.0016500999999999985,0.4171094442062733,3.085535320748228e-11,-9.038521251527395e-15,2.1355139878664886e-12,2.1355139878664886e-12,7.337702664655397e-12,2.1355139878664886e-12,NaN,diag_feasible_at_xpre,0,0,33,25,8,0,11,1.5006913822933576e-14,1.12.6,lbt,1,1,Intel(R) Core(TM) 7 150U,NT,2abc7cc
degen-r5-m20-d1e-10-p2,100,Dykstra-APM,1e-7*n,9.999999999999999e-6,241,241,0.3939275,0.3545007,89.9913562774876,0.0,0.0,0.0,0.0,0.0194697,0.0,0.019957099999999985,0.4171094441847882,3.597091292823426e-11,-7.851689426229248e-15,3.2600588895093097e-12,3.2600588895093097e-12,9.406461912937952e-12,3.2600588895093097e-12,NaN,diag_feasible,0,0,0,0,0,0,241,1.5006913822933576e-14,1.12.6,lbt,1,1,Intel(R) Core(TM) 7 150U,NT,2abc7cc
degen-r5-m20-d1e-10-p2,100,Anderson-APM,1e-7*n,9.999999999999999e-6,69,69,0.1288001,0.1066543,82.80606924994622,0.0,0.0,0.0,0.0,0.0,0.0198071,0.002338700000000006,0.4171094441970112,1.4592598190926448e-11,-8.467534152497887e-15,1.4205303600078878e-12,1.4205303600078878e-12,4.22843313206697e-12,1.4205303600078878e-12,NaN,diag_feasible,0,0,0,0,0,0,69,1.5006913822933576e-14,1.12.6,lbt,1,1,Intel(R) Core(TM) 7 150U,NT,2abc7cc
degen-r5-m20-d1e-10-p3,100,SBB-Dual,1e-7*n,1.0e-11,129,130,0.1896179,0.1872746,98.76419894957175,0.0001547,9.46e-5,4.13e-5,0.0,0.0,0.0,0.002052699999999993,0.4184374868918465,1.0394897647938809e-11,-9.002589839496278e-15,7.523981437884686e-12,0.0,9.187209730769066e-12,7.523981437884686e-12,100.0,diag_feasible,0,0,0,0,0,0,129,1.8412304962136865e-14,1.12.6,lbt,1,1,Intel(R) Core(TM) 7 150U,NT,2abc7cc
degen-r5-m20-d1e-10-p3,100,Newton-SIN-BH,1e-7*n,9.999999999999999e-6,6,7,0.0197475,0.0141044,71.42372452209139,0.0,9.4e-6,0.0,0.0051836,0.0,0.0,0.0004501000000000019,0.4184374868918367,0.0,-8.967635210060785e-15,3.9968028886505635e-15,3.9968028886505635e-15,1.8412304962136865e-14,3.9968028886505635e-15,NaN,converged,52,52,0,0,0,0,6,1.8412304962136865e-14,1.12.6,lbt,1,1,Intel(R) Core(TM) 7 150U,NT,2abc7cc
degen-r5-m20-d1e-10-p3,100,Newton-SIN,1e-7*n,9.999999999999999e-6,6,14,0.026522,0.021741999999999997,81.97722645351028,0.0,8.2e-6,0.0,0.0045188,0.0,0.0,0.0002530000000000032,0.4184374868850427,3.340404247987872e-11,-1.0721533933966644e-14,5.4010129701964615e-12,5.4010129701964615e-12,8.699223116117676e-12,5.4010129701964615e-12,NaN,converged,52,52,1,0,0,0,6,1.8412304962136865e-14,1.12.6,lbt,1,1,Intel(R) Core(TM) 7 150U,NT,2abc7cc
degen-r5-m20-d1e-10-p3,100,AGD-SDAJ-BH,1e-7*n,1.0e-11,11,91,0.1330244,0.1314555,98.82059231238782,0.0,5.91e-5,0.0,0.0,0.0,0.0,0.0015097999999999841,0.4184374868978736,1.694203958032856e-11,-7.627748742921683e-15,1.6187051699034782e-12,1.6187051699034782e-12,4.128205794121512e-12,1.6187051699034782e-12,NaN,diag_feasible,0,0,24,24,0,0,11,1.8412304962136865e-14,1.12.6,lbt,1,1,Intel(R) Core(TM) 7 150U,NT,2abc7cc
degen-r5-m20-d1e-10-p3,100,AGD-SDAJ,1e-7*n,1.0e-11,11,104,0.1512372,0.1495897,98.91065161216949,0.0,6.7e-5,0.0,0.0,0.0,0.0,0.0015804999999999962,0.4184374868999786,2.2935635133216056e-11,-1.0599329339322335e-14,2.5373037004783328e-12,2.5373037004783328e-12,5.662697522817146e-12,2.5373037004783328e-12,NaN,diag_feasible,0,0,37,26,11,0,11,1.8412304962136865e-14,1.12.6,lbt,1,1,Intel(R) Core(TM) 7 150U,NT,2abc7cc
degen-r5-m20-d1e-10-p3,100,Dykstra-APM,1e-7*n,9.999999999999999e-6,267,267,0.4906463,0.4410371,89.8890096593004,0.0,0.0,0.0,0.0,0.0381451,0.0,0.011464099999999963,0.41843748688198884,3.8075866470044676e-11,-1.0506659500250726e-14,7.846834293445681e-12,7.846834293445681e-12,9.50101395722111e-12,7.846834293445681e-12,NaN,diag_feasible,0,0,0,0,0,0,267,1.8412304962136865e-14,1.12.6,lbt,1,1,Intel(R) Core(TM) 7 150U,NT,2abc7cc
degen-r5-m20-d1e-10-p3,100,Anderson-APM,1e-7*n,9.999999999999999e-6,62,62,0.1173917,0.0992839,84.57488902537402,0.0,0.0,0.0,0.0,0.0,0.0159044,0.002203400000000008,0.41843748688078874,3.3924824295736356e-11,-9.414918595986865e-15,2.6547652964836743e-12,2.6547652964836743e-12,8.079190313438916e-12,2.6547652964836743e-12,NaN,diag_feasible,0,0,0,0,0,0,62,1.8412304962136865e-14,1.12.6,lbt,1,1,Intel(R) Core(TM) 7 150U,NT,2abc7cc
degen-r5-m20-d1e-10-p4,100,SBB-Dual,1e-7*n,1.0e-11,120,121,0.2003741,0.19780009999999998,98.71540283898966,0.0001701,0.0001065,4.15e-5,0.0,0.0,0.0,0.002255900000000021,0.41907190973503544,1.1544951918614294e-11,-1.0902997167103362e-14,4.916955731459893e-12,0.0,9.355651054577166e-12,4.916955731459893e-12,100.0,diag_feasible,0,0,0,0,0,0,120,1.9695744467839558e-14,1.12.6,lbt,1,1,Intel(R) Core(TM) 7 150U,NT,2abc7cc
degen-r5-m20-d1e-10-p4,100,Newton-SIN-BH,1e-7*n,9.999999999999999e-6,7,10,0.0356255,0.0268714,75.42743259743723,0.0,3.15e-5,0.0,0.0079703,0.0,0.0,0.0007522999999999974,0.41907190973502256,0.0,-1.048540934856704e-14,7.771561172376096e-15,7.771561172376096e-15,1.9695744467839558e-14,7.771561172376096e-15,NaN,converged,63,63,2,0,0,0,7,1.9695744467839558e-14,1.12.6,lbt,1,1,Intel(R) Core(TM) 7 150U,NT,2abc7cc
degen-r5-m20-d1e-10-p4,100,Newton-SIN,1e-7*n,9.999999999999999e-6,100,2555,5.5152132,5.2964815,96.03403001718955,0.0,0.0019951,0.0,0.1465598,0.0,0.0,0.0701768000000002,0.4190719096866836,1.3230128933829938e-10,-1.1404246075525167e-14,1.0013767592909062e-11,1.0013767592909062e-11,3.1017274435940006e-11,1.0013767592909062e-11,NaN,max_iter,1178,1178,2354,0,0,0,100,1.9695744467839558e-14,1.12.6,lbt,1,1,Intel(R) Core(TM) 7 150U,NT,2abc7cc
degen-r5-m20-d1e-10-p4,100,AGD-SDAJ-BH,1e-7*n,1.0e-11,13,111,0.2004201,0.19830630000000002,98.94531536507567,0.0,9.1e-5,0.0,0.0,0.0,0.0,0.0020227999999999713,0.41907190974332903,2.4371429049901922e-11,-8.758887457103511e-15,4.708011758225439e-12,4.708011758225439e-12,6.4797530664578475e-12,4.708011758225439e-12,NaN,diag_feasible_at_xpre,0,0,36,36,0,0,13,1.9695744467839558e-14,1.12.6,lbt,1,1,Intel(R) Core(TM) 7 150U,NT,2abc7cc
degen-r5-m20-d1e-10-p4,100,AGD-SDAJ,1e-7*n,1.0e-11,14,219,0.3590276,0.35507869999999997,98.90011241475585,0.0,0.0001636,0.0,0.0,0.0,0.0,0.003785300000000033,0.4190719097475572,3.4879693057396425e-11,-1.2013210547360767e-14,3.4912073232362673e-12,3.4912073232362673e-12,8.649675038864374e-12,3.4912073232362673e-12,NaN,diag_feasible,0,0,137,39,98,0,14,1.9695744467839558e-14,1.12.6,lbt,1,1,Intel(R) Core(TM) 7 150U,NT,2abc7cc
degen-r5-m20-d1e-10-p4,100,Dykstra-APM,1e-7*n,9.999999999999999e-6,249,249,0.4974726,0.401471,80.70213314260927,0.0,0.0,0.0,0.0,0.0398289,0.0,0.056172699999999964,0.4190719097287024,3.6829505388216724e-11,-9.40200036342666e-15,5.357048138421305e-12,5.357048138421305e-12,9.941016995810841e-12,5.357048138421305e-12,NaN,diag_feasible,0,0,0,0,0,0,249,1.9695744467839558e-14,1.12.6,lbt,1,1,Intel(R) Core(TM) 7 150U,NT,2abc7cc
degen-r5-m20-d1e-10-p4,100,Anderson-APM,1e-7*n,9.999999999999999e-6,75,75,0.1234472,0.1046827,84.79957423092625,0.0,0.0,0.0,0.0,0.0,0.016592,0.0021725000000000043,0.41907190973949177,2.096268379370597e-11,-1.1094944721194057e-14,2.2403190413911034e-12,2.2403190413911034e-12,6.059694578935298e-12,2.2403190413911034e-12,NaN,diag_feasible,0,0,0,0,0,0,75,1.9695744467839558e-14,1.12.6,lbt,1,1,Intel(R) Core(TM) 7 150U,NT,2abc7cc
degen-r5-m20-d0-p0,100,SBB-Dual,1e-7*n,1.0e-11,120,121,0.1772483,0.1752449,98.86972117645134,0.000139,8.46e-5,4.94e-5,0.0,0.0,0.0,0.0017303999999999885,0.4160692315527145,1.189097004346651e-11,-1.0360771612558321e-14,3.5053071556490067e-12,0.0,9.075350402954544e-12,3.5053071556490067e-12,100.0,diag_feasible,0,0,0,0,0,0,120,3.030380133479571e-14,1.12.6,lbt,1,1,Intel(R) Core(TM) 7 150U,NT,2abc7cc
degen-r5-m20-d0-p0,100,Newton-SIN-BH,1e-7*n,9.999999999999999e-6,5,6,0.0127484,0.0086815,68.09874180289292,0.0,5.7e-6,0.0,0.0037965,0.0,0.0,0.0002647000000000001,0.41606923155269665,0.0,-6.97878330856805e-15,7.993605777301127e-15,7.993605777301127e-15,3.030380133479571e-14,7.993605777301127e-15,NaN,converged,45,45,0,0,0,0,5,3.030380133479571e-14,1.12.6,lbt,1,1,Intel(R) Core(TM) 7 150U,NT,2abc7cc
degen-r5-m20-d0-p0,100,Newton-SIN,1e-7*n,9.999999999999999e-6,7,17,0.0417238,0.032510500000000005,77.91835834703457,0.0,1.26e-5,0.0,0.0088611,0.0,0.0,0.0003395999999999937,0.4160692315527244,2.679437777026503e-13,-8.901690460014443e-15,1.3655743202889425e-14,1.3655743202889425e-14,2.979082359178622e-14,1.3655743202889425e-14,NaN,converged,87,87,2,0,0,0,7,3.030380133479571e-14,1.12.6,lbt,1,1,Intel(R) Core(TM) 7 150U,NT,2abc7cc
degen-r5-m20-d0-p0,100,AGD-SDAJ-BH,1e-7*n,1.0e-11,11,84,0.1434661,0.1416921,98.76347095237132,0.0,7.03e-5,0.0,0.0,0.0,0.0,0.0017037000000000256,0.41606923155978226,2.2758760874745368e-11,-1.2615882902123175e-14,2.6098012639863555e-12,2.6098012639863555e-12,5.832717765194949e-12,2.6098012639863555e-12,NaN,diag_feasible_at_xpre,0,0,21,21,0,0,11,3.030380133479571e-14,1.12.6,lbt,1,1,Intel(R) Core(TM) 7 150U,NT,2abc7cc
degen-r5-m20-d0-p0,100,AGD-SDAJ,1e-7*n,1.0e-11,11,98,0.1490059,0.1475038,98.99191911192779,0.0,6.15e-5,0.0,0.0,0.0,0.0,0.0014406000000000063,0.41606923155989955,2.437954885182695e-11,-7.477754000025997e-15,2.862710068995966e-12,2.862710068995966e-12,6.422432085321709e-12,2.862710068995966e-12,NaN,diag_feasible,0,0,33,21,12,0,11,3.030380133479571e-14,1.12.6,lbt,1,1,Intel(R) Core(TM) 7 150U,NT,2abc7cc
degen-r5-m20-d0-p0,100,Dykstra-APM,1e-7*n,9.999999999999999e-6,247,247,0.4384683,0.3963383,90.39155168115916,0.0,0.0,0.0,0.0,0.02216,0.0,0.01997,0.4160692315561648,3.5304380670752576e-11,-9.065321385518872e-15,3.518740854246971e-12,3.518740854246971e-12,9.495977025446517e-12,3.518740854246971e-12,NaN,diag_feasible,0,0,0,0,0,0,247,3.030380133479571e-14,1.12.6,lbt,1,1,Intel(R) Core(TM) 7 150U,NT,2abc7cc
degen-r5-m20-d0-p0,100,Anderson-APM,1e-7*n,9.999999999999999e-6,83,83,0.1717395,0.1454604,84.69827849737538,0.0,0.0,0.0,0.0,0.0,0.0230007,0.0032784000000000008,0.41606923155806863,2.4243935160363436e-11,-9.376834986123096e-15,2.5939250747342157e-12,2.5939250747342157e-12,6.723887168368419e-12,2.5939250747342157e-12,NaN,diag_feasible,0,0,0,0,0,0,83,3.030380133479571e-14,1.12.6,lbt,1,1,Intel(R) Core(TM) 7 150U,NT,2abc7cc
degen-r5-m20-d0-p1,100,SBB-Dual,1e-7*n,1.0e-11,116,117,0.1715153,0.169296,98.70606295764867,0.0001738,8.93e-5,4.76e-5,0.0,0.0,0.0,0.0019086000000000073,0.4116188748245059,1.0817925352225146e-11,-8.623340458906494e-15,2.6403323971635473e-12,0.0,9.96519971838183e-12,2.6403323971635473e-12,100.0,diag_feasible,0,0,0,0,0,0,116,1.451168094464173e-14,1.12.6,lbt,1,1,Intel(R) Core(TM) 7 150U,NT,2abc7cc
degen-r5-m20-d0-p1,100,Newton-SIN-BH,1e-7*n,9.999999999999999e-6,5,6,0.0176756,0.0117343,66.38699676390051,0.0,8.6e-6,0.0,0.0055403,0.0,0.0,0.0003924000000000002,0.4116188748244935,0.0,-7.707102331526033e-15,4.884981308350689e-15,4.884981308350689e-15,1.451168094464173e-14,4.884981308350689e-15,NaN,converged,46,46,0,0,0,0,5,1.451168094464173e-14,1.12.6,lbt,1,1,Intel(R) Core(TM) 7 150U,NT,2abc7cc
degen-r5-m20-d0-p1,100,Newton-SIN,1e-7*n,9.999999999999999e-6,100,2400,5.6504233,5.240403499999999,92.74355604473031,0.0,0.0020857,0.0,0.3278072,0.0,0.0,0.08012690000000056,0.41161887478605336,7.744560907870438e-11,-7.688458200072496e-15,8.65441052155802e-12,8.65441052155802e-12,2.698407401571119e-11,8.65441052155802e-12,NaN,max_iter,2134,2134,2199,0,0,0,100,1.451168094464173e-14,1.12.6,lbt,1,1,Intel(R) Core(TM) 7 150U,NT,2abc7cc
degen-r5-m20-d0-p1,100,AGD-SDAJ-BH,1e-7*n,1.0e-11,12,102,0.1789165,0.1768341,98.83610511048448,0.0,8.75e-5,0.0,0.0,0.0,0.0,0.001994900000000012,0.41161887483465615,2.937535569300326e-11,-9.169108127795662e-15,4.172107104238876e-12,4.172107104238876e-12,7.71267594585632e-12,4.172107104238876e-12,NaN,diag_feasible,0,0,29,29,0,0,12,1.451168094464173e-14,1.12.6,lbt,1,1,Intel(R) Core(TM) 7 150U,NT,2abc7cc
degen-r5-m20-d0-p1,100,AGD-SDAJ,1e-7*n,1.0e-11,12,105,0.1857714,0.18112509999999998,97.49891533357662,0.0,8.02e-5,0.0,0.0,0.0,0.0,0.00456610000000002,0.411618874832013,2.0377117241772338e-11,-9.670874780503306e-15,1.9865220579617926e-12,1.9865220579617926e-12,5.033929188589292e-12,1.9865220579617926e-12,NaN,diag_feasible,0,0,34,24,10,0,12,1.451168094464173e-14,1.12.6,lbt,1,1,Intel(R) Core(TM) 7 150U,NT,2abc7cc
degen-r5-m20-d0-p1,100,Dykstra-APM,1e-7*n,9.999999999999999e-6,242,242,0.4383555,0.3753054,85.61667413777174,0.0,0.0,0.0,0.0,0.0493635,0.0,0.0136866,0.41161887482299414,3.348584493863432e-11,-1.0914077345533688e-14,2.674527266322002e-12,2.674527266322002e-12,9.60424001321221e-12,2.674527266322002e-12,NaN,diag_feasible,0,0,0,0,0,0,242,1.451168094464173e-14,1.12.6,lbt,1,1,Intel(R) Core(TM) 7 150U,NT,2abc7cc
degen-r5-m20-d0-p1,100,Anderson-APM,1e-7*n,9.999999999999999e-6,101,101,0.1796658,0.1518266,84.5050087440125,0.0,0.0,0.0,0.0,0.0,0.0247544,0.0030847999999999813,0.41161887483982385,4.107733268310435e-11,-8.98731044242989e-15,1.8627321907160876e-12,1.8627321907160876e-12,9.56403872328971e-12,1.8627321907160876e-12,NaN,diag_feasible,0,0,0,0,0,0,101,1.451168094464173e-14,1.12.6,lbt,1,1,Intel(R) Core(TM) 7 150U,NT,2abc7cc
degen-r5-m20-d0-p2,100,SBB-Dual,1e-7*n,1.0e-11,115,116,0.1981579,0.1957535,98.7866242022145,0.0001709,0.0001037,4.12e-5,0.0,0.0,0.0,0.0020886000000000012,0.4171094445220074,7.868539485330884e-12,-8.347403665396931e-15,2.90834023530806e-12,0.0,8.394676175699194e-12,2.90834023530806e-12,100.0,diag_feasible,0,0,0,0,0,0,115,4.7976666578315206e-14,1.12.6,lbt,1,1,Intel(R) Core(TM) 7 150U,NT,2abc7cc
degen-r5-m20-d0-p2,100,Newton-SIN-BH,1e-7*n,9.999999999999999e-6,5,6,0.0168735,0.0111503,66.08172578303257,0.0,8.5e-6,0.0,0.0053587,0.0,0.0,0.00035599999999999955,0.4171094445220163,0.0,-9.224603557848622e-15,2.4202861936828413e-14,2.4202861936828413e-14,4.7976666578315206e-14,2.4202861936828413e-14,NaN,converged,45,45,0,0,0,0,5,4.7976666578315206e-14,1.12.6,lbt,1,1,Intel(R) Core(TM) 7 150U,NT,2abc7cc
degen-r5-m20-d0-p2,100,Newton-SIN,1e-7*n,9.999999999999999e-6,100,2248,5.0730649,4.6936505,92.52100244173893,0.0,0.0017567,0.0,0.312564,0.0,0.0,0.06509369999999992,0.41710944450525805,3.3463196813585146e-11,-6.969279874011884e-15,4.120925822803656e-12,4.120925822803656e-12,1.1669064632926333e-11,4.120925822803656e-12,NaN,max_iter,2126,2126,2047,0,0,0,100,4.7976666578315206e-14,1.12.6,lbt,1,1,Intel(R) Core(TM) 7 150U,NT,2abc7cc
degen-r5-m20-d0-p2,100,AGD-SDAJ-BH,1e-7*n,1.0e-11,12,99,0.1645407,0.16134410000000002,98.0572587815659,0.0,7.51e-5,0.0,0.0,0.0,0.0,0.003121499999999994,0.4171094445296813,1.972929367020094e-11,-9.026948959968214e-15,1.4611645227091685e-12,1.4611645227091685e-12,4.6197535955524074e-12,1.4611645227091685e-12,NaN,diag_feasible_at_xpre,0,0,30,30,0,0,12,4.7976666578315206e-14,1.12.6,lbt,1,1,Intel(R) Core(TM) 7 150U,NT,2abc7cc
degen-r5-m20-d0-p2,100,AGD-SDAJ,1e-7*n,1.0e-11,11,97,0.1603182,0.158362,98.77980166942993,0.0,8.09e-5,0.0,0.0,0.0,0.0,0.0018752999999999912,0.4171094445239853,1.4907586773622063e-11,-8.577155615260837e-15,3.708366946852948e-12,3.708366946852948e-12,5.200962396231731e-12,3.708366946852948e-12,NaN,diag_feasible,0,0,32,27,5,0,11,4.7976666578315206e-14,1.12.6,lbt,1,1,Intel(R) Core(TM) 7 150U,NT,2abc7cc
degen-r5-m20-d0-p2,100,Dykstra-APM,1e-7*n,9.999999999999999e-6,238,238,0.4005483,0.351773,87.8228668053266,0.0,0.0,0.0,0.0,0.0227375,0.0,0.02603780000000002,0.41710944452002374,3.36828062822827e-11,-8.899527872306584e-15,3.552713678800501e-12,3.552713678800501e-12,9.76785258346193e-12,3.552713678800501e-12,NaN,diag_feasible,0,0,0,0,0,0,238,4.7976666578315206e-14,1.12.6,lbt,1,1,Intel(R) Core(TM) 7 150U,NT,2abc7cc
degen-r5-m20-d0-p2,100,Anderson-APM,1e-7*n,9.999999999999999e-6,80,80,0.1549969,0.1317338,84.99124821206102,0.0,0.0,0.0,0.0,0.0,0.0206269,0.002636199999999981,0.4171094445378178,3.9940003070533124e-11,-1.0843474532458676e-14,1.308841923730597e-12,1.308841923730597e-12,8.964012968158266e-12,1.308841923730597e-12,NaN,diag_feasible,0,0,0,0,0,0,80,4.7976666578315206e-14,1.12.6,lbt,1,1,Intel(R) Core(TM) 7 150U,NT,2abc7cc
degen-r5-m20-d0-p3,100,SBB-Dual,1e-7*n,1.0e-11,128,129,0.2296132,0.223235,97.2221980269427,0.0001727,0.0001114,0.0002998,0.0,0.0,0.0,0.0057943000000000005,0.4184374872205933,7.726627305401808e-12,-9.701491697118217e-15,8.321343614170473e-12,0.0,8.577659034587527e-12,8.321343614170473e-12,100.0,diag_feasible,0,0,0,0,0,0,128,6.980937243217542e-14,1.12.6,lbt,1,1,Intel(R) Core(TM) 7 150U,NT,2abc7cc
degen-r5-m20-d0-p3,100,Newton-SIN-BH,1e-7*n,9.999999999999999e-6,5,6,0.0147293,0.0092011,62.468005947329466,0.0,6.0e-6,0.0,0.0052317,0.0,0.0,0.0002905000000000008,0.41843748722058516,0.0,-9.242652289066687e-15,3.708144902248023e-14,3.708144902248023e-14,6.980937243217542e-14,3.708144902248023e-14,NaN,converged,45,45,0,0,0,0,5,6.980937243217542e-14,1.12.6,lbt,1,1,Intel(R) Core(TM) 7 150U,NT,2abc7cc
degen-r5-m20-d0-p3,100,Newton-SIN,1e-7*n,9.999999999999999e-6,6,15,0.0346983,0.0278943,80.39097016280336,0.0,1.24e-5,0.0,0.0064579,0.0,0.0,0.000333700000000001,0.4184374872101344,2.6172218447258563e-11,-8.125759242908162e-15,5.071942865697565e-12,5.071942865697565e-12,9.7629778970707e-12,5.071942865697565e-12,NaN,converged,67,67,2,0,0,0,6,6.980937243217542e-14,1.12.6,lbt,1,1,Intel(R) Core(TM) 7 150U,NT,2abc7cc
degen-r5-m20-d0-p3,100,AGD-SDAJ-BH,1e-7*n,1.0e-11,11,95,0.1677205,0.1654429,98.64202646665137,0.0,0.000109,0.0,0.0,0.0,0.0,0.0021685999999999906,0.4184374872271659,1.82326019822172e-11,-1.1733324186988112e-14,9.983125437429408e-13,9.983125437429408e-13,4.357182811454335e-12,9.983125437429408e-13,NaN,diag_feasible,0,0,28,28,0,0,11,6.980937243217542e-14,1.12.6,lbt,1,1,Intel(R) Core(TM) 7 150U,NT,2abc7cc
degen-r5-m20-d0-p3,100,AGD-SDAJ,1e-7*n,1.0e-11,106,4016,6.1219748,6.0216561,98.36133431976884,0.0,0.002577,0.0,0.0,0.0,0.0,0.09774169999999988,0.4184375167520867,9.327188263463887e-8,-8.975808129952977e-15,7.044634098285485e-9,7.044634098285485e-9,2.293400726752022e-8,7.044634098285485e-9,NaN,evd_budget,0,0,3478,406,3072,0,106,6.980937243217542e-14,1.12.6,lbt,1,1,Intel(R) Core(TM) 7 150U,NT,2abc7cc
degen-r5-m20-d0-p3,100,Dykstra-APM,1e-7*n,9.999999999999999e-6,264,264,0.5415222,0.4393551,81.13334965768718,0.0,0.0,0.0,0.0,0.0839642,0.0,0.018202899999999952,0.4184374872178974,3.5038523651445603e-11,-1.014113112990021e-14,9.36717370336737e-12,9.36717370336737e-12,9.642322632081659e-12,9.36717370336737e-12,NaN,diag_feasible,0,0,0,0,0,0,264,6.980937243217542e-14,1.12.6,lbt,1,1,Intel(R) Core(TM) 7 150U,NT,2abc7cc
degen-r5-m20-d0-p3,100,Anderson-APM,1e-7*n,9.999999999999999e-6,64,64,0.1075608,0.0912771,84.8609344668318,0.0,0.0,0.0,0.0,0.0,0.0140519,0.0022317999999999973,0.41843748722595847,2.930240029649366e-11,-8.745351492040748e-15,3.0221380953321386e-12,3.0221380953321386e-12,8.863176654148303e-12,3.0221380953321386e-12,NaN,diag_feasible,0,0,0,0,0,0,64,6.980937243217542e-14,1.12.6,lbt,1,1,Intel(R) Core(TM) 7 150U,NT,2abc7cc
degen-r5-m20-d0-p4,100,SBB-Dual,1e-7*n,1.0e-11,120,121,0.1964656,0.1904529,96.93956601053824,0.0001858,0.0001138,0.0001693,0.0,0.0,0.0,0.005543799999999982,0.4190719100647204,1.0300197833015113e-11,-8.831605582105337e-15,4.5352610555937645e-12,0.0,8.704167233893628e-12,4.5352610555937645e-12,100.0,diag_feasible,0,0,0,0,0,0,120,2.350921831471279e-14,1.12.6,lbt,1,1,Intel(R) Core(TM) 7 150U,NT,2abc7cc
degen-r5-m20-d0-p4,100,Newton-SIN-BH,1e-7*n,9.999999999999999e-6,5,6,0.0162165,0.0107413,66.23685752166004,0.0,7.5e-6,0.0,0.0051276,0.0,0.0,0.0003400999999999977,0.4190719100646954,0.0,-7.966307770773559e-15,9.992007221626409e-15,9.992007221626409e-15,2.350921831471279e-14,9.992007221626409e-15,NaN,converged,45,45,0,0,0,0,5,2.350921831471279e-14,1.12.6,lbt,1,1,Intel(R) Core(TM) 7 150U,NT,2abc7cc
degen-r5-m20-d0-p4,100,Newton-SIN,1e-7*n,9.999999999999999e-6,6,18,0.0352002,0.028489399999999998,80.93533559468412,0.0,1.12e-5,0.0,0.0063917,0.0,0.0,0.00030790000000000244,0.4190719100647159,1.470012503505253e-13,-6.6980237148833125e-15,5.551115123125783e-15,5.551115123125783e-15,1.2415649449821115e-14,5.551115123125783e-15,NaN,converged,66,66,5,0,0,0,6,2.350921831471279e-14,1.12.6,lbt,1,1,Intel(R) Core(TM) 7 150U,NT,2abc7cc
degen-r5-m20-d0-p4,100,AGD-SDAJ-BH,1e-7*n,1.0e-11,10,87,0.1542918,0.1523942,98.77012258590541,0.0,8.51e-5,0.0,0.0,0.0,0.0,0.0018124999999999992,0.4190719100693515,1.3013107360594425e-11,-8.726701064210847e-15,1.1464162952279366e-12,1.1464162952279366e-12,3.1517102444400965e-12,1.1464162952279366e-12,NaN,diag_feasible,0,0,26,26,0,0,10,2.350921831471279e-14,1.12.6,lbt,1,1,Intel(R) Core(TM) 7 150U,NT,2abc7cc
degen-r5-m20-d0-p4,100,AGD-SDAJ,1e-7*n,1.0e-11,12,148,0.2576693,0.254755,98.86897663012242,0.0,0.0001247,0.0,0.0,0.0,0.0,0.0027895999999999806,0.4190719100743076,2.5345768281096207e-11,-9.563325471982299e-15,1.6107115641261771e-12,1.6107115641261771e-12,5.810912228830357e-12,1.6107115641261771e-12,NaN,diag_feasible,0,0,75,31,44,0,12,2.350921831471279e-14,1.12.6,lbt,1,1,Intel(R) Core(TM) 7 150U,NT,2abc7cc
degen-r5-m20-d0-p4,100,Dykstra-APM,1e-7*n,9.999999999999999e-6,248,248,0.414236,0.3665468,88.48743228497764,0.0,0.0,0.0,0.0,0.0227743,0.0,0.024914899999999986,0.41907191006536587,3.440908122182105e-11,-8.960565077838002e-15,5.389688695345285e-12,5.389688695345285e-12,9.640553363078019e-12,5.389688695345285e-12,NaN,diag_feasible,0,0,0,0,0,0,248,2.350921831471279e-14,1.12.6,lbt,1,1,Intel(R) Core(TM) 7 150U,NT,2abc7cc
degen-r5-m20-d0-p4,100,Anderson-APM,1e-7*n,9.999999999999999e-6,78,78,0.133607,0.11403,85.3473246162252,0.0,0.0,0.0,0.0,0.0,0.0172433,0.0023336999999999976,0.41907191007595457,3.025913800856439e-11,-8.229458787587412e-15,1.3791190411893695e-12,1.3791190411893695e-12,7.023135227477092e-12,1.3791190411893695e-12,NaN,diag_feasible,0,0,0,0,0,0,78,2.350921831471279e-14,1.12.6,lbt,1,1,Intel(R) Core(TM) 7 150U,NT,2abc7cc
degen-r20-m1-d0.01-p0,100,SBB-Dual,1e-7*n,1.0e-11,49,50,0.063063,0.0621679,98.58062572348287,5.23e-5,3.27e-5,4.27e-5,0.0,0.0,0.0,0.0007673999999999959,0.4040066424561287,6.1956557695037094e-12,-3.5926945014279065e-15,1.0385026172343714e-12,0.0,6.237239351241085e-12,1.0385026172343714e-12,100.0,diag_feasible,0,0,0,0,0,0,49,1.429732779457038e-14,1.12.6,lbt,1,1,Intel(R) Core(TM) 7 150U,NT,2abc7cc
degen-r20-m1-d0.01-p0,100,Newton-SIN-BH,1e-7*n,9.999999999999999e-6,4,5,0.0088747,0.0064253999999999995,72.40132060802055,0.0,5.7e-6,0.0,0.002177,0.0,0.0,0.00026659999999999965,0.40400664245612844,0.0,-3.694967784628872e-15,5.10702591327572e-15,5.10702591327572e-15,1.429732779457038e-14,5.10702591327572e-15,NaN,converged,26,26,0,0,0,0,4,1.429732779457038e-14,1.12.6,lbt,1,1,Intel(R) Core(TM) 7 150U,NT,2abc7cc
degen-r20-m1-d0.01-p0,100,Newton-SIN,1e-7*n,9.999999999999999e-6,100,2482,3.4450118,3.2399881,94.04867931076463,0.0,0.0015039,0.0,0.1515864,0.0,0.0,0.05193339999999991,0.40400664244712914,1.2758855534116968e-10,-4.0559504575270606e-15,2.7485125286830225e-11,2.7485125286830225e-11,7.456363335513448e-11,2.7485125286830225e-11,NaN,max_iter,1274,1274,2281,0,0,0,100,1.429732779457038e-14,1.12.6,lbt,1,1,Intel(R) Core(TM) 7 150U,NT,2abc7cc
degen-r20-m1-d0.01-p0,100,AGD-SDAJ-BH,1e-7*n,1.0e-11,8,52,0.0726556,0.0717638,98.7725653631654,0.0,3.26e-5,0.0,0.0,0.0,0.0,0.0008591999999999981,0.4040066424510537,7.962203849191718e-12,-3.2192185328153138e-15,9.71889235756862e-13,9.71889235756862e-13,4.230631763927516e-12,9.71889235756862e-13,NaN,diag_feasible,0,0,3,3,0,0,8,1.429732779457038e-14,1.12.6,lbt,1,1,Intel(R) Core(TM) 7 150U,NT,2abc7cc
degen-r20-m1-d0.01-p0,100,AGD-SDAJ,1e-7*n,1.0e-11,9,68,0.1040847,0.101748,97.75500145554535,0.0,4.4e-5,0.0,0.0,0.0,0.0,0.002292699999999997,0.4040066424459531,1.3251596679231778e-11,-3.726699262194517e-15,4.278577492300428e-12,4.278577492300428e-12,6.734609104403604e-12,4.278577492300428e-12,NaN,diag_feasible,0,0,15,9,6,0,9,1.429732779457038e-14,1.12.6,lbt,1,1,Intel(R) Core(TM) 7 150U,NT,2abc7cc
degen-r20-m1-d0.01-p0,100,Dykstra-APM,1e-7*n,9.999999999999999e-6,109,109,0.1476167,0.1366804,92.59142088937094,0.0,0.0,0.0,0.0,0.007424,0.0,0.003512299999999982,0.40400664243839757,2.0716687879006245e-11,-3.3273994533122712e-15,1.5281109710940655e-12,1.5281109710940655e-12,9.164270425198037e-12,1.5281109710940655e-12,NaN,diag_feasible,0,0,0,0,0,0,109,1.429732779457038e-14,1.12.6,lbt,1,1,Intel(R) Core(TM) 7 150U,NT,2abc7cc
degen-r20-m1-d0.01-p0,100,Anderson-APM,1e-7*n,9.999999999999999e-6,36,36,0.0512459,0.0429211,83.75518821993565,0.0,0.0,0.0,0.0,0.0,0.00711,0.0012148000000000003,0.40400664246928014,1.8079398451406427e-11,-3.6272571764298784e-15,3.2350788714552436e-12,3.2350788714552436e-12,8.914226345706525e-12,3.2350788714552436e-12,NaN,diag_feasible,0,0,0,0,0,0,36,1.429732779457038e-14,1.12.6,lbt,1,1,Intel(R) Core(TM) 7 150U,NT,2abc7cc
degen-r20-m1-d0.01-p1,100,SBB-Dual,1e-7*n,1.0e-11,48,49,0.0594819,0.0586714,98.63740062102926,4.33e-5,3.0e-5,3.91e-5,0.0,0.0,0.0,0.0006980999999999987,0.3987031737160107,9.190435397638233e-12,-3.753566257240789e-15,1.5509815654013437e-12,0.0,9.231864411359588e-12,1.5509815654013437e-12,100.0,diag_feasible,0,0,0,0,0,0,48,4.351819350922159e-14,1.12.6,lbt,1,1,Intel(R) Core(TM) 7 150U,NT,2abc7cc
degen-r20-m1-d0.01-p1,100,Newton-SIN-BH,1e-7*n,9.999999999999999e-6,5,6,0.0119007,0.0088141,74.06371053803558,0.0,6.0e-6,0.0,0.002795,0.0,0.0,0.0002856,0.39870317371601516,5.850501703477875e-13,-4.4991615071361786e-15,4.529709940470639e-14,4.529709940470639e-14,1.5114074878932869e-13,4.529709940470639e-14,NaN,converged,30,30,0,0,0,0,5,4.351819350922159e-14,1.12.6,lbt,1,1,Intel(R) Core(TM) 7 150U,NT,2abc7cc
degen-r20-m1-d0.01-p1,100,Newton-SIN,1e-7*n,9.999999999999999e-6,100,2641,4.2536547,3.9749391,93.44762046623106,0.0,0.0016904,0.0,0.1699276,0.0,0.0,0.1070976000000004,0.3987031737168028,2.0068366364309227e-11,-3.4500382426069146e-15,1.0712541964608135e-11,1.0712541964608135e-11,1.184132353338474e-11,1.0712541964608135e-11,NaN,max_iter,1265,1265,2440,0,0,0,100,4.351819350922159e-14,1.12.6,lbt,1,1,Intel(R) Core(TM) 7 150U,NT,2abc7cc
degen-r20-m1-d0.01-p1,100,AGD-SDAJ-BH,1e-7*n,1.0e-11,9,67,0.0940173,0.0924257,98.30712007258239,0.0,4.82e-5,0.0,0.0,0.0,0.0,0.0015433999999999986,0.3987031737123024,4.918753846320414e-12,-3.581991044340936e-15,8.244516180866412e-13,8.244516180866412e-13,2.4431414912221985e-12,8.244516180866412e-13,NaN,diag_feasible,0,0,12,12,0,0,9,4.351819350922159e-14,1.12.6,lbt,1,1,Intel(R) Core(TM) 7 150U,NT,2abc7cc
degen-r20-m1-d0.01-p1,100,AGD-SDAJ,1e-7*n,1.0e-11,11,111,0.1629685,0.1611788,98.90181231342254,0.0,7.62e-5,0.0,0.0,0.0,0.0,0.0017134999999999774,0.39870317370580977,1.3062582947452676e-11,-3.328055278348418e-15,2.9185542871346115e-12,2.9185542871346115e-12,6.4684850682408455e-12,2.9185542871346115e-12,NaN,diag_feasible_at_xpre,0,0,48,25,23,0,11,4.351819350922159e-14,1.12.6,lbt,1,1,Intel(R) Core(TM) 7 150U,NT,2abc7cc
degen-r20-m1-d0.01-p1,100,Dykstra-APM,1e-7*n,9.999999999999999e-6,109,109,0.153192,0.1408206,91.92425191916027,0.0,0.0,0.0,0.0,0.0084685,0.0,0.0039029000000000043,0.3987031736995317,1.894618876766744e-11,-3.8275893820948995e-15,1.4099832412739488e-12,1.4099832412739488e-12,8.393177454518403e-12,1.4099832412739488e-12,NaN,diag_feasible,0,0,0,0,0,0,109,4.351819350922159e-14,1.12.6,lbt,1,1,Intel(R) Core(TM) 7 150U,NT,2abc7cc
degen-r20-m1-d0.01-p1,100,Anderson-APM,1e-7*n,9.999999999999999e-6,28,28,0.0444631,0.0373166,83.92712159071229,0.0,0.0,0.0,0.0,0.0,0.0060848,0.0010617000000000005,0.3987031737345897,2.184805715716845e-11,-3.456820490626211e-15,1.7655876760613864e-12,1.7655876760613864e-12,9.962239358726745e-12,1.7655876760613864e-12,NaN,diag_feasible,0,0,0,0,0,0,28,4.351819350922159e-14,1.12.6,lbt,1,1,Intel(R) Core(TM) 7 150U,NT,2abc7cc
degen-r20-m1-d0.01-p2,100,SBB-Dual,1e-7*n,1.0e-11,48,49,0.0594345,0.0586237,98.63580916807578,4.43e-5,3.44e-5,3.94e-5,0.0,0.0,0.0,0.0006927000000000004,0.40433247812588213,8.257267909613842e-12,-3.3676640453431206e-15,1.2683187833317788e-12,0.0,8.878944511421287e-12,1.2683187833317788e-12,100.0,diag_feasible,0,0,0,0,0,0,48,2.1834731132791743e-14,1.12.6,lbt,1,1,Intel(R) Core(TM) 7 150U,NT,2abc7cc
degen-r20-m1-d0.01-p2,100,Newton-SIN-BH,1e-7*n,9.999999999999999e-6,4,5,0.0089239,0.0064693,72.49408890731631,0.0,4.8e-6,0.0,0.0022132,0.0,0.0,0.00023660000000000044,0.404332478125891,0.0,-3.5228204487813454e-15,8.326672684688674e-15,8.326672684688674e-15,2.1834731132791743e-14,8.326672684688674e-15,NaN,converged,26,26,0,0,0,0,4,2.1834731132791743e-14,1.12.6,lbt,1,1,Intel(R) Core(TM) 7 150U,NT,2abc7cc
degen-r20-m1-d0.01-p2,100,Newton-SIN,1e-7*n,9.999999999999999e-6,4,9,0.0129447,0.0108414,83.75165125495376,0.0,5.1e-6,0.0,0.001936,0.0,0.0,0.00016220000000000058,0.404332478125891,0.0,-3.5228204487813454e-15,8.326672684688674e-15,8.326672684688674e-15,2.1834731132791743e-14,8.326672684688674e-15,NaN,converged,26,26,0,0,0,0,4,2.1834731132791743e-14,1.12.6,lbt,1,1,Intel(R) Core(TM) 7 150U,NT,2abc7cc
degen-r20-m1-d0.01-p2,100,AGD-SDAJ-BH,1e-7*n,1.0e-11,8,55,0.0753518,0.07445220000000001,98.80613336376837,0.0,3.57e-5,0.0,0.0,0.0,0.0,0.0008638999999999865,0.404332478120594,1.3484992553066612e-11,-3.1151272692892484e-15,2.6506574712925612e-12,2.6506574712925612e-12,8.053634279341064e-12,2.6506574712925612e-12,NaN,diag_feasible_at_xpre,0,0,8,8,0,0,8,2.1834731132791743e-14,1.12.6,lbt,1,1,Intel(R) Core(TM) 7 150U,NT,2abc7cc
degen-r20-m1-d0.01-p2,100,AGD-SDAJ,1e-7*n,1.0e-11,112,4013,6.1791188,5.9463653,96.23322503525907,0.0,0.0028943,0.0,0.0,0.0,0.0,0.2298592000000003,0.4043324621598284,3.041985628101506e-8,-3.170873869346564e-15,9.056803640383748e-9,9.056803640383748e-9,1.7708111369647667e-8,9.056803640383748e-9,NaN,evd_budget,0,0,3448,111,3337,0,112,2.1834731132791743e-14,1.12.6,lbt,1,1,Intel(R) Core(TM) 7 150U,NT,2abc7cc
degen-r20-m1-d0.01-p2,100,Dykstra-APM,1e-7*n,9.999999999999999e-6,109,109,0.1482852,0.1357781,91.56551024647099,0.0,0.0,0.0,0.0,0.0085936,0.0,0.003913499999999993,0.4043324781101127,1.8350808663809018e-11,-3.3694073516753518e-15,1.1586287484988134e-12,1.1586287484988134e-12,8.131464450925028e-12,1.1586287484988134e-12,NaN,diag_feasible,0,0,0,0,0,0,109,2.1834731132791743e-14,1.12.6,lbt,1,1,Intel(R) Core(TM) 7 150U,NT,2abc7cc
degen-r20-m1-d0.01-p2,100,Anderson-APM,1e-7*n,9.999999999999999e-6,35,35,0.0520087,0.0438875,84.38492021527168,0.0,0.0,0.0,0.0,0.0,0.0068216,0.0012995999999999954,0.4043324781430931,2.0684815775538526e-11,-3.6349586783451525e-15,1.6927570456459762e-12,1.6927570456459762e-12,9.372034524115682e-12,1.6927570456459762e-12,NaN,diag_feasible,0,0,0,0,0,0,35,2.1834731132791743e-14,1.12.6,lbt,1,1,Intel(R) Core(TM) 7 150U,NT,2abc7cc
degen-r20-m1-d0.01-p3,100,SBB-Dual,1e-7*n,1.0e-11,48,49,0.0604202,0.059523400000000004,98.51572818362071,4.81e-5,3.33e-5,5.03e-5,0.0,0.0,0.0,0.0007650999999999962,0.40462295483729915,9.171729267552371e-12,-3.877349019314203e-15,1.4084289290394736e-12,0.0,8.674273665616693e-12,1.4084289290394736e-12,100.0,diag_feasible,0,0,0,0,0,0,48,1.842936780121819e-14,1.12.6,lbt,1,1,Intel(R) Core(TM) 7 150U,NT,2abc7cc
degen-r20-m1-d0.01-p3,100,Newton-SIN-BH,1e-7*n,9.999999999999999e-6,4,5,0.0087534,0.006334,72.36045422350173,0.0,5.2e-6,0.0,0.0021877,0.0,0.0,0.0002264999999999997,0.40462295483731225,0.0,-2.947051043621957e-15,5.773159728050814e-15,5.773159728050814e-15,1.842936780121819e-14,5.773159728050814e-15,NaN,converged,26,26,0,0,0,0,4,1.842936780121819e-14,1.12.6,lbt,1,1,Intel(R) Core(TM) 7 150U,NT,2abc7cc
degen-r20-m1-d0.01-p3,100,Newton-SIN,1e-7*n,9.999999999999999e-6,4,9,0.0129119,0.0102521,79.4003980823891,0.0,4.7e-6,0.0,0.0024831,0.0,0.0,0.0001720000000000007,0.40462295483731225,0.0,-2.947051043621957e-15,5.773159728050814e-15,5.773159728050814e-15,1.842936780121819e-14,5.773159728050814e-15,NaN,converged,26,26,0,0,0,0,4,1.842936780121819e-14,1.12.6,lbt,1,1,Intel(R) Core(TM) 7 150U,NT,2abc7cc
degen-r20-m1-d0.01-p3,100,AGD-SDAJ-BH,1e-7*n,1.0e-11,10,77,0.1067449,0.1054981,98.83198166844504,0.0,4.41e-5,0.0,0.0,0.0,0.0,0.0012027000000000062,0.40462295483277916,5.985454815561941e-12,-3.7512517586967955e-15,8.852918398360998e-13,8.852918398360998e-13,2.935797505719255e-12,8.852918398360998e-13,NaN,diag_feasible,0,0,16,16,0,0,10,1.842936780121819e-14,1.12.6,lbt,1,1,Intel(R) Core(TM) 7 150U,NT,2abc7cc
degen-r20-m1-d0.01-p3,100,AGD-SDAJ,1e-7*n,1.0e-11,10,90,0.1284685,0.12704310000000002,98.89046731299891,0.0,5.64e-5,0.0,0.0,0.0,0.0,0.0013689999999999933,0.4046229548251611,1.665828640956444e-11,-3.560494507939808e-15,5.205835762467359e-12,5.205835762467359e-12,8.662097973913477e-12,5.205835762467359e-12,NaN,diag_feasible,0,0,31,18,13,0,10,1.842936780121819e-14,1.12.6,lbt,1,1,Intel(R) Core(TM) 7 150U,NT,2abc7cc
degen-r20-m1-d0.01-p3,100,Dykstra-APM,1e-7*n,9.999999999999999e-6,108,108,0.1593783,0.1435876,90.09231495128257,0.0,0.0,0.0,0.0,0.0102223,0.0,0.005568399999999991,0.4046229548180951,2.2405807760282367e-11,-3.3692497965849183e-15,1.6138201885951275e-12,1.6138201885951275e-12,9.927672625502782e-12,1.6138201885951275e-12,NaN,diag_feasible,0,0,0,0,0,0,108,1.842936780121819e-14,1.12.6,lbt,1,1,Intel(R) Core(TM) 7 150U,NT,2abc7cc
degen-r20-m1-d0.01-p3,100,Anderson-APM,1e-7*n,9.999999999999999e-6,36,36,0.0541297,0.0454006,83.8737329044868,0.0,0.0,0.0,0.0,0.0,0.0075055,0.0012236000000000035,0.4046229548503597,1.6724931063465786e-11,-3.706333188010258e-15,2.269961996148595e-12,2.269961996148595e-12,7.78297851348909e-12,2.269961996148595e-12,NaN,diag_feasible,0,0,0,0,0,0,36,1.842936780121819e-14,1.12.6,lbt,1,1,Intel(R) Core(TM) 7 150U,NT,2abc7cc
degen-r20-m1-d0.01-p4,100,SBB-Dual,1e-7*n,1.0e-11,48,49,0.0602646,0.0594535,98.65410207650926,4.49e-5,2.76e-5,3.89e-5,0.0,0.0,0.0,0.0006997000000000021,0.40444204382012755,9.759721985584867e-12,-3.7330563833688674e-15,1.602940002953801e-12,0.0,9.594117776345539e-12,1.602940002953801e-12,100.0,diag_feasible,0,0,0,0,0,0,48,1.9146117149304423e-14,1.12.6,lbt,1,1,Intel(R) Core(TM) 7 150U,NT,2abc7cc
degen-r20-m1-d0.01-p4,100,Newton-SIN-BH,1e-7*n,9.999999999999999e-6,4,5,0.0096498,0.0070647,73.21084374805696,0.0,6.0e-6,0.0,0.0022843,0.0,0.0,0.0002948,0.4044420438201255,0.0,-3.4868058176871394e-15,6.439293542825908e-15,6.439293542825908e-15,1.9146117149304423e-14,6.439293542825908e-15,NaN,converged,26,26,0,0,0,0,4,1.9146117149304423e-14,1.12.6,lbt,1,1,Intel(R) Core(TM) 7 150U,NT,2abc7cc
degen-r20-m1-d0.01-p4,100,Newton-SIN,1e-7*n,9.999999999999999e-6,6,23,0.0462403,0.0409456,88.54959851039028,0.0,2.0e-5,0.0,0.0047826,0.0,0.0,0.0004920999999999997,0.40444204382012755,1.0814266627420654e-13,-3.387698201701985e-15,7.105427357601002e-15,7.105427357601002e-15,1.5984127304249524e-14,7.105427357601002e-15,NaN,converged,52,52,10,0,0,0,6,1.9146117149304423e-14,1.12.6,lbt,1,1,Intel(R) Core(TM) 7 150U,NT,2abc7cc
degen-r20-m1-d0.01-p4,100,AGD-SDAJ-BH,1e-7*n,1.0e-11,9,63,0.101101,0.0986638,97.5893413517176,0.0,4.48e-5,0.0,0.0,0.0,0.0,0.0023924000000000007,0.40444204381507903,6.677269208062528e-12,-3.4317435928032908e-15,2.099875828776021e-12,2.099875828776021e-12,3.4314080623902696e-12,2.099875828776021e-12,NaN,diag_feasible,0,0,8,8,0,0,9,1.9146117149304423e-14,1.12.6,lbt,1,1,Intel(R) Core(TM) 7 150U,NT,2abc7cc
degen-r20-m1-d0.01-p4,100,AGD-SDAJ,1e-7*n,1.0e-11,10,79,0.1174567,0.1162521,98.97443057739575,0.0,5.09e-5,0.0,0.0,0.0,0.0,0.0011537000000000001,0.40444204381476867,8.545271699045149e-12,-3.4737400864256297e-15,3.7698733024171815e-12,3.7698733024171815e-12,4.996763237971278e-12,3.7698733024171815e-12,NaN,diag_feasible_at_xpre,0,0,22,8,14,0,10,1.9146117149304423e-14,1.12.6,lbt,1,1,Intel(R) Core(TM) 7 150U,NT,2abc7cc
degen-r20-m1-d0.01-p4,100,Dykstra-APM,1e-7*n,9.999999999999999e-6,109,109,0.1584387,0.1459016,92.08709740738847,0.0,0.0,0.0,0.0,0.0086133,0.0,0.003923799999999995,0.4044420438033124,1.9654670342882884e-11,-3.64576271265235e-15,1.45328193923433e-12,1.45328193923433e-12,8.70221528396581e-12,1.45328193923433e-12,NaN,diag_feasible,0,0,0,0,0,0,109,1.9146117149304423e-14,1.12.6,lbt,1,1,Intel(R) Core(TM) 7 150U,NT,2abc7cc
degen-r20-m1-d0.01-p4,100,Anderson-APM,1e-7*n,9.999999999999999e-6,37,37,0.0618977,0.0516925,83.51279611358741,0.0,0.0,0.0,0.0,0.0,0.0088149,0.001390299999999997,0.4044420438313904,1.425239175159327e-11,-3.4666399745316346e-15,1.4249712521063884e-12,1.4249712521063884e-12,6.8039221084750065e-12,1.4249712521063884e-12,NaN,diag_feasible,0,0,0,0,0,0,37,1.9146117149304423e-14,1.12.6,lbt,1,1,Intel(R) Core(TM) 7 150U,NT,2abc7cc
degen-r20-m1-d0.0001-p0,100,SBB-Dual,1e-7*n,1.0e-11,48,49,0.0602117,0.0594014,98.6542482607201,4.77e-5,3.01e-5,3.83e-5,0.0,0.0,0.0,0.0006941999999999999,0.4056752134216426,8.37704202596128e-12,-3.395364522799755e-15,1.4070966614099234e-12,0.0,8.438838842519485e-12,1.4070966614099234e-12,100.0,diag_feasible,0,0,0,0,0,0,48,2.4919499269220182e-14,1.12.6,lbt,1,1,Intel(R) Core(TM) 7 150U,NT,2abc7cc
degen-r20-m1-d0.0001-p0,100,Newton-SIN-BH,1e-7*n,9.999999999999999e-6,4,5,0.0101208,0.007799,77.05912576080944,0.0,5.7e-6,0.0,0.0020461,0.0,0.0,0.000269999999999999,0.40567521342163065,0.0,-3.562394858864014e-15,7.438494264988549e-15,7.438494264988549e-15,2.4919499269220182e-14,7.438494264988549e-15,NaN,converged,23,23,0,0,0,0,4,2.4919499269220182e-14,1.12.6,lbt,1,1,Intel(R) Core(TM) 7 150U,NT,2abc7cc
degen-r20-m1-d0.0001-p0,100,Newton-SIN,1e-7*n,9.999999999999999e-6,7,64,0.1014501,0.08868190000000001,87.41430516086234,0.0,3.89e-5,0.0,0.0117122,0.0,0.0,0.001017099999999993,0.40567521342165414,1.1895074681035896e-13,-3.5032078993166666e-15,7.993605777301127e-15,7.993605777301127e-15,2.414447934842836e-14,7.993605777301127e-15,NaN,converged,56,56,49,0,0,0,7,2.4919499269220182e-14,1.12.6,lbt,1,1,Intel(R) Core(TM) 7 150U,NT,2abc7cc
degen-r20-m1-d0.0001-p0,100,AGD-SDAJ-BH,1e-7*n,1.0e-11,9,70,0.0904359,0.0893177,98.76354412351732,0.0,3.85e-5,0.0,0.0,0.0,0.0,0.0010796999999999998,0.4056752134332675,1.638272469975245e-11,-3.3664167415427088e-15,4.339195669444962e-12,4.339195669444962e-12,8.667831244104491e-12,4.339195669444962e-12,NaN,diag_feasible,0,0,15,15,0,0,9,2.4919499269220182e-14,1.12.6,lbt,1,1,Intel(R) Core(TM) 7 150U,NT,2abc7cc
degen-r20-m1-d0.0001-p0,100,AGD-SDAJ,1e-7*n,1.0e-11,8,64,0.0813115,0.0802676,98.71617175922225,0.0,3.8e-5,0.0,0.0,0.0,0.0,0.0010059000000000003,0.40567521342935514,1.0339916498922995e-11,-3.1498582794275057e-15,1.9411139362546237e-12,1.9411139362546237e-12,5.137012133769823e-12,1.9411139362546237e-12,NaN,diag_feasible,0,0,15,6,9,0,8,2.4919499269220182e-14,1.12.6,lbt,1,1,Intel(R) Core(TM) 7 150U,NT,2abc7cc
degen-r20-m1-d0.0001-p0,100,Dykstra-APM,1e-7*n,9.999999999999999e-6,108,108,0.1707376,0.1587417,92.97407249486933,0.0,0.0,0.0,0.0,0.0080112,0.0,0.0039846999999999765,0.4056752134030473,2.1827300262194517e-11,-3.3462392753853584e-15,1.6122658763606523e-12,1.6122658763606523e-12,9.661746466194347e-12,1.6122658763606523e-12,NaN,diag_feasible,0,0,0,0,0,0,108,2.4919499269220182e-14,1.12.6,lbt,1,1,Intel(R) Core(TM) 7 150U,NT,2abc7cc
degen-r20-m1-d0.0001-p0,100,Anderson-APM,1e-7*n,9.999999999999999e-6,37,37,0.0545505,0.0460413,84.40124288503313,0.0,0.0,0.0,0.0,0.0,0.0072075,0.0013017000000000011,0.4056752134367935,2.0367093326331995e-11,-3.030049853332069e-15,2.934985587899064e-12,2.934985587899064e-12,9.993625370185856e-12,2.934985587899064e-12,NaN,diag_feasible,0,0,0,0,0,0,37,2.4919499269220182e-14,1.12.6,lbt,1,1,Intel(R) Core(TM) 7 150U,NT,2abc7cc
degen-r20-m1-d0.0001-p1,100,SBB-Dual,1e-7*n,1.0e-11,48,49,0.07821,0.0763786,97.65835570898862,6.48e-5,3.8e-5,3.82e-5,0.0,0.0,0.0,0.0016903999999999969,0.39907222835082323,8.698744255480859e-12,-3.506852664935166e-15,1.4561685190983553e-12,0.0,8.716706207603553e-12,1.4561685190983553e-12,100.0,diag_feasible,0,0,0,0,0,0,48,4.6555955224363624e-14,1.12.6,lbt,1,1,Intel(R) Core(TM) 7 150U,NT,2abc7cc
degen-r20-m1-d0.0001-p1,100,Newton-SIN-BH,1e-7*n,9.999999999999999e-6,4,5,0.0088687,0.0067301,75.88598103442443,0.0,4.9e-6,0.0,0.0018946,0.0,0.0,0.00023910000000000012,0.3990722283508151,0.0,-3.2293863056159316e-15,1.2101430968414206e-14,1.2101430968414206e-14,4.6555955224363624e-14,1.2101430968414206e-14,NaN,converged,23,23,0,0,0,0,4,4.6555955224363624e-14,1.12.6,lbt,1,1,Intel(R) Core(TM) 7 150U,NT,2abc7cc
degen-r20-m1-d0.0001-p1,100,Newton-SIN,1e-7*n,9.999999999999999e-6,100,3469,4.8531051,4.642027,95.65065879162601,0.0,0.002264,0.0,0.1443879,0.0,0.0,0.06442619999999993,0.3990722283268512,2.193312747974479e-9,-3.0888291071497784e-15,6.972198374199934e-10,6.972198374199934e-10,1.3034259606239321e-9,6.972198374199934e-10,NaN,max_iter,1079,1079,3268,0,0,0,100,4.6555955224363624e-14,1.12.6,lbt,1,1,Intel(R) Core(TM) 7 150U,NT,2abc7cc
degen-r20-m1-d0.0001-p1,100,AGD-SDAJ-BH,1e-7*n,1.0e-11,8,55,0.0932891,0.0906366,97.15668818758033,0.0,5.23e-5,0.0,0.0,0.0,0.0,0.002600200000000002,0.39907222835534756,5.746093062230678e-12,-3.568140301706508e-15,1.4173107132364748e-12,1.4173107132364748e-12,2.794215157685994e-12,1.4173107132364748e-12,NaN,diag_feasible,0,0,6,6,0,0,8,4.6555955224363624e-14,1.12.6,lbt,1,1,Intel(R) Core(TM) 7 150U,NT,2abc7cc
degen-r20-m1-d0.0001-p1,100,AGD-SDAJ,1e-7*n,1.0e-11,154,4025,6.3432559,6.2414252,98.39466195901068,0.0,0.0025225,0.0,0.0,0.0,0.0,0.09930819999999983,0.3990722282965031,8.62024727684823e-11,-3.491686690601924e-15,2.6089241877969016e-11,2.6089241877969016e-11,4.716911588725304e-11,2.6089241877969016e-11,NaN,evd_budget,0,0,3246,8,3238,0,154,4.6555955224363624e-14,1.12.6,lbt,1,1,Intel(R) Core(TM) 7 150U,NT,2abc7cc
degen-r20-m1-d0.0001-p1,100,Dykstra-APM,1e-7*n,9.999999999999999e-6,108,108,0.1542629,0.1428791,92.62051990465626,0.0,0.0,0.0,0.0,0.0079421,0.0,0.003441699999999999,0.3990722283313107,2.246217526275454e-11,-3.188362936820573e-15,1.6560086635308835e-12,1.6560086635308835e-12,9.960598046778716e-12,1.6560086635308835e-12,NaN,diag_feasible,0,0,0,0,0,0,108,4.6555955224363624e-14,1.12.6,lbt,1,1,Intel(R) Core(TM) 7 150U,NT,2abc7cc
degen-r20-m1-d0.0001-p1,100,Anderson-APM,1e-7*n,9.999999999999999e-6,32,32,0.0476865,0.0397902,83.44122550407347,0.0,0.0,0.0,0.0,0.0,0.0066472,0.0012491000000000021,0.39907222836403883,1.6376262980019992e-11,-3.3780918258675696e-15,1.5930590180346371e-12,1.5930590180346371e-12,7.596625178891453e-12,1.5930590180346371e-12,NaN,diag_feasible,0,0,0,0,0,0,32,4.6555955224363624e-14,1.12.6,lbt,1,1,Intel(R) Core(TM) 7 150U,NT,2abc7cc
degen-r20-m1-d0.0001-p2,100,SBB-Dual,1e-7*n,1.0e-11,48,49,0.0753007,0.0742645,98.62391717474074,6.19e-5,4.27e-5,3.78e-5,0.0,0.0,0.0,0.000893800000000001,0.4060405604690833,6.702116389375973e-12,-3.285833964449683e-15,1.0267342531733448e-12,0.0,7.203780993169246e-12,1.0267342531733448e-12,100.0,diag_feasible,0,0,0,0,0,0,48,1.946534750624728e-14,1.12.6,lbt,1,1,Intel(R) Core(TM) 7 150U,NT,2abc7cc
degen-r20-m1-d0.0001-p2,100,Newton-SIN-BH,1e-7*n,9.999999999999999e-6,4,5,0.0105016,0.007558199999999999,71.97188999771463,0.0,5.9e-6,0.0,0.0026372,0.0,0.0,0.0003003000000000003,0.40604056046907816,0.0,-3.4349497285995415e-15,9.992007221626409e-15,9.992007221626409e-15,1.946534750624728e-14,9.992007221626409e-15,NaN,converged,24,24,0,0,0,0,4,1.946534750624728e-14,1.12.6,lbt,1,1,Intel(R) Core(TM) 7 150U,NT,2abc7cc
degen-r20-m1-d0.0001-p2,100,Newton-SIN,1e-7*n,9.999999999999999e-6,6,15,0.0281165,0.0228061,81.11286966727722,0.0,9.4e-6,0.0,0.004993,0.0,0.0,0.0003080000000000001,0.4060405604690885,1.5540928493059492e-13,-2.90864712317985e-15,1.4876988529977098e-14,1.4876988529977098e-14,3.498506356011565e-14,1.4876988529977098e-14,NaN,converged,48,48,2,0,0,0,6,1.946534750624728e-14,1.12.6,lbt,1,1,Intel(R) Core(TM) 7 150U,NT,2abc7cc
degen-r20-m1-d0.0001-p2,100,AGD-SDAJ-BH,1e-7*n,1.0e-11,7,45,0.0608716,0.060101,98.73405660439352,0.0,3.08e-5,0.0,0.0,0.0,0.0,0.0007397999999999963,0.4060405604771856,1.2201548634676608e-11,-3.611248365563861e-15,1.5830670108130107e-12,1.5830670108130107e-12,6.359849301812527e-12,1.5830670108130107e-12,NaN,diag_feasible,0,0,2,2,0,0,7,1.946534750624728e-14,1.12.6,lbt,1,1,Intel(R) Core(TM) 7 150U,NT,2abc7cc
degen-r20-m1-d0.0001-p2,100,AGD-SDAJ,1e-7*n,1.0e-11,9,79,0.1113354,0.1099788,98.78151962448601,0.0,5.37e-5,0.0,0.0,0.0,0.0,0.0013028999999999994,0.4060405604823013,1.7705208694138488e-11,-3.1421682431889066e-15,4.00501853903279e-12,4.00501853903279e-12,9.046495985704576e-12,4.00501853903279e-12,NaN,diag_feasible,0,0,26,5,21,0,9,1.946534750624728e-14,1.12.6,lbt,1,1,Intel(R) Core(TM) 7 150U,NT,2abc7cc
degen-r20-m1-d0.0001-p2,100,Dykstra-APM,1e-7*n,9.999999999999999e-6,108,108,0.1429871,0.1330949,93.08175352881483,0.0,0.0,0.0,0.0,0.0067234,0.0,0.0031688000000000176,0.40604056045280573,1.9028950172528236e-11,-3.63455676319625e-15,1.2019274464591945e-12,1.2019274464591945e-12,8.438771221303547e-12,1.2019274464591945e-12,NaN,diag_feasible,0,0,0,0,0,0,108,1.946534750624728e-14,1.12.6,lbt,1,1,Intel(R) Core(TM) 7 150U,NT,2abc7cc
degen-r20-m1-d0.0001-p2,100,Anderson-APM,1e-7*n,9.999999999999999e-6,34,34,0.0608616,0.0509223,83.66901297369769,0.0,0.0,0.0,0.0,0.0,0.0083699,0.0015694000000000055,0.40604056048485765,1.953192742000997e-11,-3.580316000190876e-15,1.9005907958558055e-12,1.9005907958558055e-12,9.105515499584735e-12,1.9005907958558055e-12,NaN,diag_feasible,0,0,0,0,0,0,34,1.946534750624728e-14,1.12.6,lbt,1,1,Intel(R) Core(TM) 7 150U,NT,2abc7cc
degen-r20-m1-d0.0001-p3,100,SBB-Dual,1e-7*n,1.0e-11,48,49,0.0606378,0.0597774,98.58108308678744,4.48e-5,2.98e-5,3.86e-5,0.0,0.0,0.0,0.0007471999999999973,0.4063595041625818,7.202000813099984e-12,-3.7775748813724565e-15,1.106226221736506e-12,0.0,6.803283866283244e-12,1.106226221736506e-12,100.0,diag_feasible,0,0,0,0,0,0,48,2.3688111419972277e-14,1.12.6,lbt,1,1,Intel(R) Core(TM) 7 150U,NT,2abc7cc
degen-r20-m1-d0.0001-p3,100,Newton-SIN-BH,1e-7*n,9.999999999999999e-6,4,5,0.0082358,0.005985000000000001,72.67053595279148,0.0,5.1e-6,0.0,0.0020216,0.0,0.0,0.00022409999999999878,0.40635950416258476,0.0,-3.0288375232529837e-15,7.216449660063518e-15,7.216449660063518e-15,2.3688111419972277e-14,7.216449660063518e-15,NaN,converged,25,25,0,0,0,0,4,2.3688111419972277e-14,1.12.6,lbt,1,1,Intel(R) Core(TM) 7 150U,NT,2abc7cc
degen-r20-m1-d0.0001-p3,100,Newton-SIN,1e-7*n,9.999999999999999e-6,12,58,0.0888839,0.0776326,87.34157704601171,0.0,3.17e-5,0.0,0.010387,0.0,0.0,0.0008326000000000045,0.4063595041615564,1.7227742874359e-11,-3.895266423424199e-15,5.526912261188954e-12,5.526912261188954e-12,9.735965388327925e-12,5.526912261188954e-12,NaN,converged,128,128,33,0,0,0,12,2.3688111419972277e-14,1.12.6,lbt,1,1,Intel(R) Core(TM) 7 150U,NT,2abc7cc
degen-r20-m1-d0.0001-p3,100,AGD-SDAJ-BH,1e-7*n,1.0e-11,9,70,0.0947101,0.0935743,98.80076148161601,0.0,4.44e-5,0.0,0.0,0.0,0.0,0.0010914000000000063,0.40635950417427463,1.685140137494016e-11,-3.835860994760657e-15,5.9396931817445875e-12,5.9396931817445875e-12,9.03853176675809e-12,5.9396931817445875e-12,NaN,diag_feasible_at_xpre,0,0,19,19,0,0,9,2.3688111419972277e-14,1.12.6,lbt,1,1,Intel(R) Core(TM) 7 150U,NT,2abc7cc
degen-r20-m1-d0.0001-p3,100,AGD-SDAJ,1e-7*n,1.0e-11,11,129,0.193915,0.1916391,98.82634143825904,0.0,9.47e-5,0.0,0.0,0.0,0.0,0.0021811999999999973,0.40635950417503647,1.6526399152623307e-11,-3.4711381521025756e-15,4.525047003767213e-12,4.525047003767213e-12,8.335419681722647e-12,4.525047003767213e-12,NaN,diag_feasible_at_xpre,0,0,68,19,49,0,11,2.3688111419972277e-14,1.12.6,lbt,1,1,Intel(R) Core(TM) 7 150U,NT,2abc7cc
degen-r20-m1-d0.0001-p3,100,Dykstra-APM,1e-7*n,9.999999999999999e-6,108,108,0.200717,0.186033,92.68422704603995,0.0,0.0,0.0,0.0,0.0099552,0.0,0.004728800000000002,0.4063595041471166,1.8132553665425088e-11,-2.9451993831986424e-15,1.305178187749334e-12,1.305178187749334e-12,8.039341357456809e-12,1.305178187749334e-12,NaN,diag_feasible,0,0,0,0,0,0,108,2.3688111419972277e-14,1.12.6,lbt,1,1,Intel(R) Core(TM) 7 150U,NT,2abc7cc
degen-r20-m1-d0.0001-p3,100,Anderson-APM,1e-7*n,9.999999999999999e-6,36,36,0.1075964,0.0876866,81.49584930350831,0.0,0.0,0.0,0.0,0.0,0.0178628,0.00204699999999999,0.4063595041773147,1.8084558497086048e-11,-3.1634330692272347e-15,1.5849543899548735e-12,1.5849543899548735e-12,8.245245913146134e-12,1.5849543899548735e-12,NaN,diag_feasible,0,0,0,0,0,0,36,2.3688111419972277e-14,1.12.6,lbt,1,1,Intel(R) Core(TM) 7 150U,NT,2abc7cc
degen-r20-m1-d0.0001-p4,100,SBB-Dual,1e-7*n,1.0e-11,48,49,0.0659976,0.0650256,98.52721917160623,5.53e-5,3.43e-5,3.91e-5,0.0,0.0,0.0,0.0008433000000000006,0.40616452329350317,7.775119200962138e-12,-3.566013055111774e-15,1.2749801214795298e-12,0.0,7.639072252534568e-12,1.2749801214795298e-12,100.0,diag_feasible,0,0,0,0,0,0,48,1.654083276753641e-14,1.12.6,lbt,1,1,Intel(R) Core(TM) 7 150U,NT,2abc7cc
degen-r20-m1-d0.0001-p4,100,Newton-SIN-BH,1e-7*n,9.999999999999999e-6,4,5,0.0149395,0.0107626,72.04123297299107,0.0,1.0e-5,0.0,0.003694,0.0,0.0,0.0004728999999999996,0.40616452329349967,0.0,-3.835200982807465e-15,7.327471962526033e-15,7.327471962526033e-15,1.654083276753641e-14,7.327471962526033e-15,NaN,converged,25,25,0,0,0,0,4,1.654083276753641e-14,1.12.6,lbt,1,1,Intel(R) Core(TM) 7 150U,NT,2abc7cc
degen-r20-m1-d0.0001-p4,100,Newton-SIN,1e-7*n,9.999999999999999e-6,100,2252,3.7316706,3.4482125999999997,92.40399192790488,0.0,0.0015297,0.0,0.2394812,0.0,0.0,0.042447100000000404,0.4061645232913737,3.929706644140685e-11,-3.4434625275653596e-15,7.90589815835574e-12,7.90589815835574e-12,2.3208538200331812e-11,7.90589815835574e-12,NaN,max_iter,1366,1366,2051,0,0,0,100,1.654083276753641e-14,1.12.6,lbt,1,1,Intel(R) Core(TM) 7 150U,NT,2abc7cc
degen-r20-m1-d0.0001-p4,100,AGD-SDAJ-BH,1e-7*n,1.0e-11,10,68,0.1158464,0.11434989999999999,98.7082032760621,0.0,6.04e-5,0.0,0.0,0.0,0.0,0.0014361000000000118,0.406164523299462,8.249208746418398e-12,-3.3968822484172962e-15,2.6065816172149425e-12,2.6065816172149425e-12,4.324761048671736e-12,2.6065816172149425e-12,NaN,diag_feasible_at_xpre,0,0,11,11,0,0,10,1.654083276753641e-14,1.12.6,lbt,1,1,Intel(R) Core(TM) 7 150U,NT,2abc7cc
degen-r20-m1-d0.0001-p4,100,AGD-SDAJ,1e-7*n,1.0e-11,10,82,0.1214173,0.1198714,98.7267876982934,0.0,7.17e-5,0.0,0.0,0.0,0.0,0.0014742000000000028,0.4061645233004921,1.069314317174744e-11,-2.980583442937801e-15,3.644196056029614e-12,3.644196056029614e-12,6.0061020929839906e-12,3.644196056029614e-12,NaN,diag_feasible,0,0,23,9,14,0,10,1.654083276753641e-14,1.12.6,lbt,1,1,Intel(R) Core(TM) 7 150U,NT,2abc7cc
degen-r20-m1-d0.0001-p4,100,Dykstra-APM,1e-7*n,9.999999999999999e-6,108,108,0.2062011,0.1713724,83.10935295689501,0.0,0.0,0.0,0.0,0.0248775,0.0,0.00995119999999999,0.40616452327644376,2.0049405313407105e-11,-3.0447086802602894e-15,1.4834800055041342e-12,1.4834800055041342e-12,8.878017755042968e-12,1.4834800055041342e-12,NaN,diag_feasible,0,0,0,0,0,0,108,1.654083276753641e-14,1.12.6,lbt,1,1,Intel(R) Core(TM) 7 150U,NT,2abc7cc
degen-r20-m1-d0.0001-p4,100,Anderson-APM,1e-7*n,9.999999999999999e-6,35,35,0.0506717,0.0424495,83.7735856503729,0.0,0.0,0.0,0.0,0.0,0.007052,0.0011701999999999988,0.4061645233059501,1.4813803499337454e-11,-3.5341125171777875e-15,9.715561688494745e-13,9.715561688494745e-13,6.689404781277337e-12,9.715561688494745e-13,NaN,diag_feasible,0,0,0,0,0,0,35,1.654083276753641e-14,1.12.6,lbt,1,1,Intel(R) Core(TM) 7 150U,NT,2abc7cc
degen-r20-m1-d1e-06-p0,100,SBB-Dual,1e-7*n,1.0e-11,48,49,0.0713052,0.070246,98.51455433825303,5.68e-5,3.65e-5,3.82e-5,0.0,0.0,0.0,0.0009276999999999963,0.4056930044189668,6.93775014534813e-12,-3.123888427542115e-15,1.1668443988810395e-12,0.0,6.9845308812756945e-12,1.1668443988810395e-12,100.0,diag_feasible,0,0,0,0,0,0,48,3.1840956338972816e-14,1.12.6,lbt,1,1,Intel(R) Core(TM) 7 150U,NT,2abc7cc
degen-r20-m1-d1e-06-p0,100,Newton-SIN-BH,1e-7*n,9.999999999999999e-6,4,5,0.011021,0.0079284,71.93902549677888,0.0,6.8e-6,0.0,0.0027543,0.0,0.0,0.00033149999999999933,0.4056930044189683,0.0,-3.857602697392731e-15,1.4654943925052066e-14,1.4654943925052066e-14,3.1840956338972816e-14,1.4654943925052066e-14,NaN,converged,22,22,0,0,0,0,4,3.1840956338972816e-14,1.12.6,lbt,1,1,Intel(R) Core(TM) 7 150U,NT,2abc7cc
degen-r20-m1-d1e-06-p0,100,Newton-SIN,1e-7*n,9.999999999999999e-6,4,9,0.0144922,0.012337899999999999,85.13476214791405,0.0,5.2e-6,0.0,0.0019582,0.0,0.0,0.00019090000000000166,0.4056930044189683,0.0,-3.857602697392731e-15,1.4654943925052066e-14,1.4654943925052066e-14,3.1840956338972816e-14,1.4654943925052066e-14,NaN,converged,22,22,0,0,0,0,4,3.1840956338972816e-14,1.12.6,lbt,1,1,Intel(R) Core(TM) 7 150U,NT,2abc7cc
degen-r20-m1-d1e-06-p0,100,AGD-SDAJ-BH,1e-7*n,1.0e-11,10,73,0.1068115,0.10541629999999999,98.69377361051946,0.0,5.63e-5,0.0,0.0,0.0,0.0,0.001338900000000013,0.4056930044256931,9.617014889442016e-12,-2.9376216664767266e-15,3.3754110617678634e-12,3.3754110617678634e-12,5.1438749647549065e-12,3.3754110617678634e-12,NaN,diag_feasible,0,0,12,12,0,0,10,3.1840956338972816e-14,1.12.6,lbt,1,1,Intel(R) Core(TM) 7 150U,NT,2abc7cc
degen-r20-m1-d1e-06-p0,100,AGD-SDAJ,1e-7*n,1.0e-11,10,121,0.1685267,0.1663758,98.7237037217248,0.0,8.29e-5,0.0,0.0,0.0,0.0,0.0020680000000000112,0.4056930044271044,1.1235318392662536e-11,-3.347637481360377e-15,2.346123295637881e-12,2.346123295637881e-12,5.9697333025979515e-12,2.346123295637881e-12,NaN,diag_feasible_at_xpre,0,0,66,6,60,0,10,3.1840956338972816e-14,1.12.6,lbt,1,1,Intel(R) Core(TM) 7 150U,NT,2abc7cc
degen-r20-m1-d1e-06-p0,100,Dykstra-APM,1e-7*n,9.999999999999999e-6,108,108,0.1687519,0.1552198,91.9810680650114,0.0,0.0,0.0,0.0,0.0092598,0.0,0.004272300000000019,0.40569300440317485,1.85508354331568e-11,-3.095555633786028e-15,1.3702372569923682e-12,1.3702372569923682e-12,8.20519046972917e-12,1.3702372569923682e-12,NaN,diag_feasible,0,0,0,0,0,0,108,3.1840956338972816e-14,1.12.6,lbt,1,1,Intel(R) Core(TM) 7 150U,NT,2abc7cc
degen-r20-m1-d1e-06-p0,100,Anderson-APM,1e-7*n,9.999999999999999e-6,37,37,0.0660263,0.0544288,82.43502967756788,0.0,0.0,0.0,0.0,0.0,0.0100465,0.0015509999999999968,0.4056930044318623,1.6925795683878188e-11,-3.862199639080042e-15,2.3460122733354183e-12,2.3460122733354183e-12,8.214580572180542e-12,2.3460122733354183e-12,NaN,diag_feasible,0,0,0,0,0,0,37,3.1840956338972816e-14,1.12.6,lbt,1,1,Intel(R) Core(TM) 7 150U,NT,2abc7cc
degen-r20-m1-d1e-06-p1,100,SBB-Dual,1e-7*n,1.0e-11,48,49,0.0598407,0.0589138,98.4510542156091,4.99e-5,3.04e-5,3.75e-5,0.0,0.0,0.0,0.0008090999999999945,0.399076362769225,8.20487503508656e-12,-3.585055685933073e-15,1.3593570713510417e-12,0.0,8.216601152215745e-12,1.3593570713510417e-12,100.0,diag_feasible,0,0,0,0,0,0,48,3.26988482268959e-14,1.12.6,lbt,1,1,Intel(R) Core(TM) 7 150U,NT,2abc7cc
degen-r20-m1-d1e-06-p1,100,Newton-SIN-BH,1e-7*n,9.999999999999999e-6,4,5,0.0110314,0.0081039,73.46211722900085,0.0,6.9e-6,0.0,0.0026028,0.0,0.0,0.0003177999999999996,0.3990763627692094,3.008618255970861e-13,-2.9476822951032274e-15,3.3084646133829665e-14,3.3084646133829665e-14,1.125420654739699e-13,3.3084646133829665e-14,NaN,converged,21,21,0,0,0,0,4,3.26988482268959e-14,1.12.6,lbt,1,1,Intel(R) Core(TM) 7 150U,NT,2abc7cc
degen-r20-m1-d1e-06-p1,100,Newton-SIN,1e-7*n,9.999999999999999e-6,7,22,0.0308977,0.026621099999999998,86.15884030202895,0.0,1.09e-5,0.0,0.003939,0.0,0.0,0.0003267000000000018,0.39907636276923314,4.856638423156264e-13,-3.5309371812214528e-15,2.90878432451791e-14,2.90878432451791e-14,9.235454142853985e-14,2.90878432451791e-14,NaN,converged,48,48,7,0,0,0,7,3.26988482268959e-14,1.12.6,lbt,1,1,Intel(R) Core(TM) 7 150U,NT,2abc7cc
degen-r20-m1-d1e-06-p1,100,AGD-SDAJ-BH,1e-7*n,1.0e-11,9,61,0.1072988,0.10586100000000001,98.66000365334935,0.0,6.61e-5,0.0,0.0,0.0,0.0,0.0013716999999999892,0.39907636277386815,6.0375857194993595e-12,-3.3235629016719924e-15,1.31161748129216e-12,1.31161748129216e-12,3.0005840315190985e-12,1.31161748129216e-12,NaN,diag_feasible,0,0,6,6,0,0,9,3.26988482268959e-14,1.12.6,lbt,1,1,Intel(R) Core(TM) 7 150U,NT,2abc7cc
degen-r20-m1-d1e-06-p1,100,AGD-SDAJ,1e-7*n,1.0e-11,8,59,0.0915712,0.0903664,98.68430248811853,0.0,4.63e-5,0.0,0.0,0.0,0.0,0.0011585000000000059,0.3990763627722374,4.053949749458372e-12,-3.488175505686889e-15,8.57980353430321e-13,8.57980353430321e-13,1.9503939890410605e-12,8.57980353430321e-13,NaN,diag_feasible,0,0,10,6,4,0,8,3.26988482268959e-14,1.12.6,lbt,1,1,Intel(R) Core(TM) 7 150U,NT,2abc7cc
degen-r20-m1-d1e-06-p1,100,Dykstra-APM,1e-7*n,9.999999999999999e-6,108,108,0.1604865,0.1482199,92.35661566549211,0.0,0.0,0.0,0.0,0.0083579,0.0,0.003908700000000017,0.39907636275063063,2.1436856603649563e-11,-3.2778110468384937e-15,1.5685230891904212e-12,1.5685230891904212e-12,9.49404497987591e-12,1.5685230891904212e-12,NaN,diag_feasible,0,0,0,0,0,0,108,3.26988482268959e-14,1.12.6,lbt,1,1,Intel(R) Core(TM) 7 150U,NT,2abc7cc
degen-r20-m1-d1e-06-p1,100,Anderson-APM,1e-7*n,9.999999999999999e-6,30,30,0.0482357,0.0407151,84.40864339068366,0.0,0.0,0.0,0.0,0.0,0.006304,0.0012166000000000026,0.3990763627867873,2.0773704992955778e-11,-3.747689070783713e-15,1.9909629500602932e-12,1.9909629500602932e-12,9.46814397904427e-12,1.9909629500602932e-12,NaN,diag_feasible,0,0,0,0,0,0,30,3.26988482268959e-14,1.12.6,lbt,1,1,Intel(R) Core(TM) 7 150U,NT,2abc7cc
degen-r20-m1-d1e-06-p2,100,SBB-Dual,1e-7*n,1.0e-11,47,48,0.0619963,0.0611091,98.56894685650595,5.35e-5,3.22e-5,3.8e-5,0.0,0.0,0.0,0.0007634999999999977,0.40605876455575407,8.923339874932279e-12,-3.651505852146639e-15,1.3657963648938676e-12,0.0,9.583067168819944e-12,1.3657963648938676e-12,100.0,diag_feasible,0,0,0,0,0,0,47,2.1399674797352445e-14,1.12.6,lbt,1,1,Intel(R) Core(TM) 7 150U,NT,2abc7cc
degen-r20-m1-d1e-06-p2,100,Newton-SIN-BH,1e-7*n,9.999999999999999e-6,4,5,0.0078405,0.005798299999999999,73.95319176072954,0.0,4.7e-6,0.0,0.0018091,0.0,0.0,0.00022840000000000121,0.40605876455574696,0.0,-3.2917411049625598e-15,9.325873406851315e-15,9.325873406851315e-15,2.1399674797352445e-14,9.325873406851315e-15,NaN,converged,22,22,0,0,0,0,4,2.1399674797352445e-14,1.12.6,lbt,1,1,Intel(R) Core(TM) 7 150U,NT,2abc7cc
degen-r20-m1-d1e-06-p2,100,Newton-SIN,1e-7*n,9.999999999999999e-6,100,3478,4.714249,4.504429,95.54923806527827,0.0,0.0022178,0.0,0.1014752,0.0,0.0,0.10612699999999968,0.4060586996624035,1.4150158271586345e-7,-3.246350609840193e-15,4.940716968881986e-8,4.940716968881986e-8,7.784542369201596e-8,4.940716968881986e-8,NaN,max_iter,886,886,3277,0,0,0,100,2.1399674797352445e-14,1.12.6,lbt,1,1,Intel(R) Core(TM) 7 150U,NT,2abc7cc
degen-r20-m1-d1e-06-p2,100,AGD-SDAJ-BH,1e-7*n,1.0e-11,9,63,0.1051566,0.1022091,97.19703756112312,0.0,5.09e-5,0.0,0.0,0.0,0.0,0.0028966000000000057,0.40605876456710577,1.468507219247269e-11,-3.647338527382506e-15,2.0796697697278432e-12,2.0796697697278432e-12,7.105985847222566e-12,2.0796697697278432e-12,NaN,diag_feasible,0,0,8,8,0,0,9,2.1399674797352445e-14,1.12.6,lbt,1,1,Intel(R) Core(TM) 7 150U,NT,2abc7cc
degen-r20-m1-d1e-06-p2,100,AGD-SDAJ,1e-7*n,1.0e-11,10,76,0.1111475,0.1097433,98.73663375244608,0.0,5.37e-5,0.0,0.0,0.0,0.0,0.0013504999999999943,0.40605876456910517,1.841512439520932e-11,-4.002208114657913e-15,6.744160785387976e-12,6.744160785387976e-12,9.70843911059741e-12,6.744160785387976e-12,NaN,diag_feasible,0,0,15,12,3,0,10,2.1399674797352445e-14,1.12.6,lbt,1,1,Intel(R) Core(TM) 7 150U,NT,2abc7cc
degen-r20-m1-d1e-06-p2,100,Dykstra-APM,1e-7*n,9.999999999999999e-6,107,107,0.1462193,0.1356344,92.76094195499499,0.0,0.0,0.0,0.0,0.0071221,0.0,0.003462800000000008,0.4060587645388489,1.9761078139158876e-11,-3.7039911762107495e-15,1.2509993041476264e-12,1.2509993041476264e-12,8.764353513132728e-12,1.2509993041476264e-12,NaN,diag_feasible,0,0,0,0,0,0,107,2.1399674797352445e-14,1.12.6,lbt,1,1,Intel(R) Core(TM) 7 150U,NT,2abc7cc
degen-r20-m1-d1e-06-p2,100,Anderson-APM,1e-7*n,9.999999999999999e-6,33,33,0.0663035,0.0556613,83.94926361353473,0.0,0.0,0.0,0.0,0.0,0.009199,0.0014432000000000039,0.40605876456982487,1.9066272664454145e-11,-3.394898282467514e-15,2.4715784974205235e-12,2.4715784974205235e-12,9.35845222392884e-12,2.4715784974205235e-12,NaN,diag_feasible,0,0,0,0,0,0,33,2.1399674797352445e-14,1.12.6,lbt,1,1,Intel(R) Core(TM) 7 150U,NT,2abc7cc
degen-r20-m1-d1e-06-p3,100,SBB-Dual,1e-7*n,1.0e-11,47,48,0.0602638,0.059455999999999995,98.65956013394442,4.55e-5,3.09e-5,3.78e-5,0.0,0.0,0.0,0.0006936000000000043,0.40637799351786247,9.260937836987826e-12,-3.3780272692819578e-15,1.4213075161251254e-12,0.0,8.745558342853397e-12,1.4213075161251254e-12,100.0,diag_feasible,0,0,0,0,0,0,47,2.4256022959809176e-14,1.12.6,lbt,1,1,Intel(R) Core(TM) 7 150U,NT,2abc7cc
degen-r20-m1-d1e-06-p3,100,Newton-SIN-BH,1e-7*n,9.999999999999999e-6,4,5,0.0076048,0.005615,73.83494634967388,0.0,4.0e-6,0.0,0.0017778,0.0,0.0,0.00020799999999999985,0.4063779935178557,0.0,-4.5069332946421374e-15,8.881784197001252e-15,8.881784197001252e-15,2.4256022959809176e-14,8.881784197001252e-15,NaN,converged,22,22,0,0,0,0,4,2.4256022959809176e-14,1.12.6,lbt,1,1,Intel(R) Core(TM) 7 150U,NT,2abc7cc
degen-r20-m1-d1e-06-p3,100,Newton-SIN,1e-7*n,9.999999999999999e-6,17,124,0.1768538,0.16011519999999999,90.53534614466862,0.0,7.91e-5,0.0,0.0147178,0.0,0.0,0.0019417000000000219,0.40637799351786663,1.4495022539379104e-13,-3.8813814563038046e-15,5.662137425588298e-15,5.662137425588298e-15,2.1209037679701402e-14,5.662137425588298e-15,NaN,converged,148,148,89,0,0,0,17,2.4256022959809176e-14,1.12.6,lbt,1,1,Intel(R) Core(TM) 7 150U,NT,2abc7cc
degen-r20-m1-d1e-06-p3,100,AGD-SDAJ-BH,1e-7*n,1.0e-11,8,50,0.0657126,0.0649372,98.8200132090345,0.0,2.89e-5,0.0,0.0,0.0,0.0,0.0007464999999999955,0.4063779935243263,9.29921598454054e-12,-3.4088923996722137e-15,3.7653213880162184e-12,3.7653213880162184e-12,5.086899415388713e-12,3.7653213880162184e-12,NaN,diag_feasible,0,0,3,3,0,0,8,2.4256022959809176e-14,1.12.6,lbt,1,1,Intel(R) Core(TM) 7 150U,NT,2abc7cc
degen-r20-m1-d1e-06-p3,100,AGD-SDAJ,1e-7*n,1.0e-11,9,67,0.0981385,0.0969792,98.8187102920872,0.0,4.47e-5,0.0,0.0,0.0,0.0,0.001114600000000002,0.40637799352402665,7.998827544164803e-12,-3.3913500616474498e-15,1.624700374236454e-12,1.624700374236454e-12,3.915655927870718e-12,1.624700374236454e-12,NaN,diag_feasible,0,0,12,7,5,0,9,2.4256022959809176e-14,1.12.6,lbt,1,1,Intel(R) Core(TM) 7 150U,NT,2abc7cc
degen-r20-m1-d1e-06-p3,100,Dykstra-APM,1e-7*n,9.999999999999999e-6,107,107,0.1568392,0.1460824,93.14151054073216,0.0,0.0,0.0,0.0,0.0074193,0.0,0.0033375000000000106,0.40637799350227877,1.826253069234505e-11,-4.0679849070130186e-15,1.3182788194399109e-12,1.3182788194399109e-12,8.101932472318432e-12,1.3182788194399109e-12,NaN,diag_feasible,0,0,0,0,0,0,107,2.4256022959809176e-14,1.12.6,lbt,1,1,Intel(R) Core(TM) 7 150U,NT,2abc7cc
degen-r20-m1-d1e-06-p3,100,Anderson-APM,1e-7*n,9.999999999999999e-6,35,35,0.0521809,0.0423596,81.17836219766235,0.0,0.0,0.0,0.0,0.0,0.0077665,0.002054800000000005,0.40637799353546494,2.086833355632265e-11,-3.635924582531888e-15,1.531885729377791e-12,1.531885729377791e-12,9.415239893139931e-12,1.531885729377791e-12,NaN,diag_feasible,0,0,0,0,0,0,35,2.4256022959809176e-14,1.12.6,lbt,1,1,Intel(R) Core(TM) 7 150U,NT,2abc7cc
degen-r20-m1-d1e-06-p4,100,SBB-Dual,1e-7*n,1.0e-11,47,48,0.0669365,0.0660431,98.66530218938844,5.36e-5,3.2e-5,3.78e-5,0.0,0.0,0.0,0.0007700000000000025,0.40618286336367315,1.0130525611168258e-11,-3.66395440104609e-15,1.6642243139131097e-12,0.0,9.958151134803565e-12,1.6642243139131097e-12,100.0,diag_feasible,0,0,0,0,0,0,47,2.898362610852667e-14,1.12.6,lbt,1,1,Intel(R) Core(TM) 7 150U,NT,2abc7cc
degen-r20-m1-d1e-06-p4,100,Newton-SIN-BH,1e-7*n,9.999999999999999e-6,4,5,0.0087697,0.0063777999999999994,72.72540679840814,0.0,5.2e-6,0.0,0.0021325,0.0,0.0,0.00025420000000000087,0.40618286336366854,0.0,-3.379359192842618e-15,1.3988810110276972e-14,1.3988810110276972e-14,2.898362610852667e-14,1.3988810110276972e-14,NaN,converged,22,22,0,0,0,0,4,2.898362610852667e-14,1.12.6,lbt,1,1,Intel(R) Core(TM) 7 150U,NT,2abc7cc
degen-r20-m1-d1e-06-p4,100,Newton-SIN,1e-7*n,9.999999999999999e-6,4,9,0.0137096,0.0116022,84.62828966563576,0.0,5.5e-6,0.0,0.0019139,0.0,0.0,0.00018800000000000067,0.40618286336366854,0.0,-3.379359192842618e-15,1.3988810110276972e-14,1.3988810110276972e-14,2.898362610852667e-14,1.3988810110276972e-14,NaN,converged,22,22,0,0,0,0,4,2.898362610852667e-14,1.12.6,lbt,1,1,Intel(R) Core(TM) 7 150U,NT,2abc7cc
degen-r20-m1-d1e-06-p4,100,AGD-SDAJ-BH,1e-7*n,1.0e-11,11,82,0.1126016,0.1113234,98.86484739115609,0.0,5.41e-5,0.0,0.0,0.0,0.0,0.0012240999999999932,0.4061828633708938,9.620196215717005e-12,-3.625666030966998e-15,3.552935723405426e-12,3.552935723405426e-12,5.0326483794548166e-12,3.552935723405426e-12,NaN,diag_feasible_at_xpre,0,0,19,19,0,0,11,2.898362610852667e-14,1.12.6,lbt,1,1,Intel(R) Core(TM) 7 150U,NT,2abc7cc
degen-r20-m1-d1e-06-p4,100,AGD-SDAJ,1e-7*n,1.0e-11,11,87,0.1178876,0.11655460000000001,98.86926190710476,0.0,5.37e-5,0.0,0.0,0.0,0.0,0.001279299999999987,0.4061828633697288,8.445944352304244e-12,-3.612972683605368e-15,3.4696689965585392e-12,3.4696689965585392e-12,4.586189699306723e-12,3.4696689965585392e-12,NaN,diag_feasible_at_xpre,0,0,24,19,5,0,11,2.898362610852667e-14,1.12.6,lbt,1,1,Intel(R) Core(TM) 7 150U,NT,2abc7cc
degen-r20-m1-d1e-06-p4,100,Dykstra-APM,1e-7*n,9.999999999999999e-6,107,107,0.1490022,0.1385312,92.97258698193717,0.0,0.0,0.0,0.0,0.0066609,0.0,0.003810100000000008,0.4061828633462664,2.045567767798689e-11,-3.879716881605649e-15,1.5132339825640884e-12,1.5132339825640884e-12,9.058540435495321e-12,1.5132339825640884e-12,NaN,diag_feasible,0,0,0,0,0,0,107,2.898362610852667e-14,1.12.6,lbt,1,1,Intel(R) Core(TM) 7 150U,NT,2abc7cc
degen-r20-m1-d1e-06-p4,100,Anderson-APM,1e-7*n,9.999999999999999e-6,34,34,0.0737347,0.0589272,79.91786770679205,0.0,0.0,0.0,0.0,0.0,0.009527,0.0052805000000000005,0.4061828633774776,1.7275180701566358e-11,-3.1235210693291737e-15,1.4588330543574557e-12,1.4588330543574557e-12,8.105462007499923e-12,1.4588330543574557e-12,NaN,diag_feasible,0,0,0,0,0,0,34,2.898362610852667e-14,1.12.6,lbt,1,1,Intel(R) Core(TM) 7 150U,NT,2abc7cc
degen-r20-m1-d1e-08-p0,100,SBB-Dual,1e-7*n,1.0e-11,47,48,0.0599795,0.0591717,98.65320651222503,4.85e-5,2.68e-5,3.65e-5,0.0,0.0,0.0,0.0006959999999999974,0.4056931824389943,9.391006091881987e-12,-4.038829337766476e-15,1.582067810090848e-12,0.0,9.461958009875499e-12,1.582067810090848e-12,100.0,diag_feasible,0,0,0,0,0,0,47,2.2605242252817254e-14,1.12.6,lbt,1,1,Intel(R) Core(TM) 7 150U,NT,2abc7cc
degen-r20-m1-d1e-08-p0,100,Newton-SIN-BH,1e-7*n,9.999999999999999e-6,4,5,0.0080179,0.0057506,71.7220219758291,0.0,4.4e-6,0.0,0.0020317,0.0,0.0,0.00023119999999999998,0.40569318243898644,0.0,-3.0012815379303807e-15,9.103828801926284e-15,9.103828801926284e-15,2.2605242252817254e-14,9.103828801926284e-15,NaN,converged,24,24,0,0,0,0,4,2.2605242252817254e-14,1.12.6,lbt,1,1,Intel(R) Core(TM) 7 150U,NT,2abc7cc
degen-r20-m1-d1e-08-p0,100,Newton-SIN,1e-7*n,9.999999999999999e-6,5,12,0.0257936,0.0212487,82.37973760932945,0.0,1.58e-5,0.0,0.0041724,0.0,0.0,0.00035670000000000146,0.4056931824389996,1.0803363346993758e-13,-3.4937784772049136e-15,5.440092820663267e-15,5.440092820663267e-15,2.2695576512932834e-14,5.440092820663267e-15,NaN,converged,35,35,1,0,0,0,5,2.2605242252817254e-14,1.12.6,lbt,1,1,Intel(R) Core(TM) 7 150U,NT,2abc7cc
degen-r20-m1-d1e-08-p0,100,AGD-SDAJ-BH,1e-7*n,1.0e-11,11,89,0.1206568,0.1192791,98.85816630310104,0.0,5.59e-5,0.0,0.0,0.0,0.0,0.0013217999999999956,0.4056931824459439,9.005399335335343e-12,-3.20516101100019e-15,2.061351089821528e-12,2.061351089821528e-12,4.463935837685551e-12,2.061351089821528e-12,NaN,diag_feasible,0,0,22,22,0,0,11,2.2605242252817254e-14,1.12.6,lbt,1,1,Intel(R) Core(TM) 7 150U,NT,2abc7cc
degen-r20-m1-d1e-08-p0,100,AGD-SDAJ,1e-7*n,1.0e-11,11,104,0.139042,0.1374276,98.83891198342947,0.0,6.52e-5,0.0,0.0,0.0,0.0,0.001549199999999988,0.4056931824531181,1.9529232078383372e-11,-3.0403128331286296e-15,3.853806163078843e-12,3.853806163078843e-12,9.945591658221145e-12,3.853806163078843e-12,NaN,diag_feasible_at_xpre,0,0,39,14,25,0,11,2.2605242252817254e-14,1.12.6,lbt,1,1,Intel(R) Core(TM) 7 150U,NT,2abc7cc
degen-r20-m1-d1e-08-p0,100,Dykstra-APM,1e-7*n,9.999999999999999e-6,107,107,0.1468122,0.1366812,93.09934732944537,0.0,0.0,0.0,0.0,0.006932,0.0,0.0031990000000000013,0.4056931824223323,1.9562901482601047e-11,-3.2956467551925487e-15,1.4490630917407543e-12,1.4490630917407543e-12,8.658157653059517e-12,1.4490630917407543e-12,NaN,diag_feasible,0,0,0,0,0,0,107,2.2605242252817254e-14,1.12.6,lbt,1,1,Intel(R) Core(TM) 7 150U,NT,2abc7cc
degen-r20-m1-d1e-08-p0,100,Anderson-APM,1e-7*n,9.999999999999999e-6,37,37,0.0596931,0.0497949,83.41818401121738,0.0,0.0,0.0,0.0,0.0,0.008448,0.0014501999999999952,0.4056931824520189,1.7061673582842937e-11,-3.211321861430911e-15,2.3544499683225695e-12,2.3544499683225695e-12,8.26570276540908e-12,2.3544499683225695e-12,NaN,diag_feasible,0,0,0,0,0,0,37,2.2605242252817254e-14,1.12.6,lbt,1,1,Intel(R) Core(TM) 7 150U,NT,2abc7cc
degen-r20-m1-d1e-08-p1,100,SBB-Dual,1e-7*n,1.0e-11,48,49,0.0670891,0.0661282,98.56772560669319,5.21e-5,3.18e-5,3.81e-5,0.0,0.0,0.0,0.0008389000000000006,0.3990764041577526,7.714411041998474e-12,-3.038060781324256e-15,1.297628671181883e-12,0.0,7.753214511492327e-12,1.297628671181883e-12,100.0,diag_feasible,0,0,0,0,0,0,48,7.844312973040942e-14,1.12.6,lbt,1,1,Intel(R) Core(TM) 7 150U,NT,2abc7cc
degen-r20-m1-d1e-08-p1,100,Newton-SIN-BH,1e-7*n,9.999999999999999e-6,4,5,0.0089426,0.0066979000000000006,74.8987990070002,0.0,4.3e-6,0.0,0.0020039,0.0,0.0,0.00023649999999999973,0.3990764041577544,0.0,-3.694457821224304e-15,2.19824158875781e-14,2.19824158875781e-14,7.844312973040942e-14,2.19824158875781e-14,NaN,converged,24,24,0,0,0,0,4,7.844312973040942e-14,1.12.6,lbt,1,1,Intel(R) Core(TM) 7 150U,NT,2abc7cc
degen-r20-m1-d1e-08-p1,100,Newton-SIN,1e-7*n,9.999999999999999e-6,100,3460,5.6853133,5.48577,96.4901969430603,0.0,0.0022539,0.0,0.1193593,0.0,0.0,0.0779301000000002,0.39907640407567585,1.7655861545775492e-9,-2.979690790916689e-15,1.006427163829926e-9,1.006427163829926e-9,1.0265644369235866e-9,1.006427163829926e-9,NaN,max_iter,1080,1080,3259,0,0,0,100,7.844312973040942e-14,1.12.6,lbt,1,1,Intel(R) Core(TM) 7 150U,NT,2abc7cc
degen-r20-m1-d1e-08-p1,100,AGD-SDAJ-BH,1e-7*n,1.0e-11,9,60,0.086625,0.0852368,98.39746031746033,0.0,3.77e-5,0.0,0.0,0.0,0.0,0.0013504999999999921,0.3990764041660179,1.642096492291479e-11,-4.0180729787526205e-15,4.119149465964256e-12,4.119149465964256e-12,9.226303636081207e-12,4.119149465964256e-12,NaN,diag_feasible_at_xpre,0,0,7,7,0,0,9,7.844312973040942e-14,1.12.6,lbt,1,1,Intel(R) Core(TM) 7 150U,NT,2abc7cc
degen-r20-m1-d1e-08-p1,100,AGD-SDAJ,1e-7*n,1.0e-11,9,63,0.0890138,0.0880311,98.89601387650005,0.0,3.81e-5,0.0,0.0,0.0,0.0,0.000944600000000003,0.3990764041657286,1.6112150494352754e-11,-3.65553246845793e-15,3.9031000653722e-12,3.9031000653722e-12,9.095202210268322e-12,3.9031000653722e-12,NaN,diag_feasible_at_xpre,0,0,10,7,3,0,9,7.844312973040942e-14,1.12.6,lbt,1,1,Intel(R) Core(TM) 7 150U,NT,2abc7cc
degen-r20-m1-d1e-08-p1,100,Dykstra-APM,1e-7*n,9.999999999999999e-6,108,108,0.1579274,0.1473391,93.29546361176085,0.0,0.0,0.0,0.0,0.0071359,0.0,0.0034523999999999952,0.3990764041400046,2.0455483736870025e-11,-3.704225791099264e-15,1.5258905250448151e-12,1.5258905250448151e-12,9.058754803004406e-12,1.5258905250448151e-12,NaN,diag_feasible,0,0,0,0,0,0,108,7.844312973040942e-14,1.12.6,lbt,1,1,Intel(R) Core(TM) 7 150U,NT,2abc7cc
degen-r20-m1-d1e-08-p1,100,Anderson-APM,1e-7*n,9.999999999999999e-6,30,30,0.0424139,0.0356787,84.12030018460929,0.0,0.0,0.0,0.0,0.0,0.0057027,0.001032499999999997,0.39907640417102264,1.6507011650016542e-11,-3.386117736529565e-15,1.5759615834554097e-12,1.5759615834554097e-12,7.710282515801937e-12,1.5759615834554097e-12,NaN,diag_feasible,0,0,0,0,0,0,30,7.844312973040942e-14,1.12.6,lbt,1,1,Intel(R) Core(TM) 7 150U,NT,2abc7cc
degen-r20-m1-d1e-08-p2,100,SBB-Dual,1e-7*n,1.0e-11,47,48,0.060755,0.0599498,98.6746769813184,4.86e-5,2.94e-5,3.71e-5,0.0,0.0,0.0,0.000690100000000006,0.4060589467084539,7.235232147105861e-12,-3.679150775094228e-15,1.106670310946356e-12,0.0,7.768934394381395e-12,1.106670310946356e-12,100.0,diag_feasible,0,0,0,0,0,0,47,2.6296587975174296e-14,1.12.6,lbt,1,1,Intel(R) Core(TM) 7 150U,NT,2abc7cc
degen-r20-m1-d1e-08-p2,100,Newton-SIN-BH,1e-7*n,9.999999999999999e-6,4,5,0.0082361,0.0060534000000000004,73.49837908718932,0.0,4.9e-6,0.0,0.0019447,0.0,0.0,0.00023309999999999932,0.4060589467084516,0.0,-3.480442335274681e-15,8.43769498715119e-15,8.43769498715119e-15,2.6296587975174296e-14,8.43769498715119e-15,NaN,converged,24,24,0,0,0,0,4,2.6296587975174296e-14,1.12.6,lbt,1,1,Intel(R) Core(TM) 7 150U,NT,2abc7cc
degen-r20-m1-d1e-08-p2,100,Newton-SIN,1e-7*n,9.999999999999999e-6,100,3104,4.071574,3.8691323,95.0279253183167,0.0,0.0018139,0.0,0.1264932,0.0,0.0,0.07413460000000005,0.4060589451118963,3.508942414273468e-9,-3.438228432214684e-15,1.2216530009823146e-9,1.2216530009823146e-9,1.936909609527134e-9,1.2216530009823146e-9,NaN,max_iter,1080,1080,2903,0,0,0,100,2.6296587975174296e-14,1.12.6,lbt,1,1,Intel(R) Core(TM) 7 150U,NT,2abc7cc
degen-r20-m1-d1e-08-p2,100,AGD-SDAJ-BH,1e-7*n,1.0e-11,9,65,0.0832117,0.0822357,98.82708801767058,0.0,3.76e-5,0.0,0.0,0.0,0.0,0.0009384000000000046,0.40605894671873977,1.4083526902654549e-11,-3.3804401952242536e-15,4.790945418164938e-12,4.790945418164938e-12,7.354346634442916e-12,4.790945418164938e-12,NaN,diag_feasible,0,0,10,10,0,0,9,2.6296587975174296e-14,1.12.6,lbt,1,1,Intel(R) Core(TM) 7 150U,NT,2abc7cc
degen-r20-m1-d1e-08-p2,100,AGD-SDAJ,1e-7*n,1.0e-11,9,67,0.0841241,0.08309899999999999,98.7814431298522,0.0,4.03e-5,0.0,0.0,0.0,0.0,0.000984800000000001,0.40605894671435494,8.129185086788604e-12,-3.2879540433243393e-15,1.9053647548616937e-12,1.9053647548616937e-12,4.1766457059762405e-12,1.9053647548616937e-12,NaN,diag_feasible_at_xpre,0,0,16,6,10,0,9,2.6296587975174296e-14,1.12.6,lbt,1,1,Intel(R) Core(TM) 7 150U,NT,2abc7cc
degen-r20-m1-d1e-08-p2,100,Dykstra-APM,1e-7*n,9.999999999999999e-6,106,106,0.1384079,0.1294565,93.53259459900772,0.0,0.0,0.0,0.0,0.0060142,0.0,0.0029371999999999983,0.4060589466909047,2.0519650354052397e-11,-4.026732844423789e-15,1.2965184481572578e-12,1.2965184481572578e-12,9.098320800474693e-12,1.2965184481572578e-12,NaN,diag_feasible,0,0,0,0,0,0,106,2.6296587975174296e-14,1.12.6,lbt,1,1,Intel(R) Core(TM) 7 150U,NT,2abc7cc
degen-r20-m1-d1e-08-p2,100,Anderson-APM,1e-7*n,9.999999999999999e-6,33,33,0.0619555,0.0507229,81.86989048591327,0.0,0.0,0.0,0.0,0.0,0.007103,0.004129599999999995,0.4060589467224158,1.8919561522696485e-11,-3.3582877034612164e-15,2.447375635483695e-12,2.447375635483695e-12,9.29173188175827e-12,2.447375635483695e-12,NaN,diag_feasible,0,0,0,0,0,0,33,2.6296587975174296e-14,1.12.6,lbt,1,1,Intel(R) Core(TM) 7 150U,NT,2abc7cc
degen-r20-m1-d1e-08-p3,100,SBB-Dual,1e-7*n,1.0e-11,47,48,0.0716289,0.0705332,98.47031016810254,5.64e-5,3.64e-5,4.77e-5,0.0,0.0,0.0,0.000955199999999991,0.40637817852330105,7.2351363134416035e-12,-4.075878300735457e-15,1.113331649094107e-12,0.0,6.841052844459041e-12,1.113331649094107e-12,100.0,diag_feasible,0,0,0,0,0,0,47,3.741929254895137e-14,1.12.6,lbt,1,1,Intel(R) Core(TM) 7 150U,NT,2abc7cc
degen-r20-m1-d1e-08-p3,100,Newton-SIN-BH,1e-7*n,9.999999999999999e-6,4,5,0.0081464,0.005943599999999999,72.95983501914955,0.0,4.6e-6,0.0,0.0019647,0.0,0.0,0.0002335000000000002,0.4063781785233089,0.0,-3.388639593258636e-15,1.2989609388114332e-14,1.2989609388114332e-14,3.741929254895137e-14,1.2989609388114332e-14,NaN,converged,24,24,0,0,0,0,4,3.741929254895137e-14,1.12.6,lbt,1,1,Intel(R) Core(TM) 7 150U,NT,2abc7cc
degen-r20-m1-d1e-08-p3,100,Newton-SIN,1e-7*n,9.999999999999999e-6,4,9,0.0148857,0.0125131,84.0612131105692,0.0,5.1e-6,0.0,0.0021765,0.0,0.0,0.00019100000000000063,0.4063781785233089,0.0,-3.388639593258636e-15,1.2989609388114332e-14,1.2989609388114332e-14,3.741929254895137e-14,1.2989609388114332e-14,NaN,converged,24,24,0,0,0,0,4,3.741929254895137e-14,1.12.6,lbt,1,1,Intel(R) Core(TM) 7 150U,NT,2abc7cc
degen-r20-m1-d1e-08-p3,100,AGD-SDAJ-BH,1e-7*n,1.0e-11,9,62,0.0924017,0.09107989999999999,98.56950683807764,0.0,5.84e-5,0.0,0.0,0.0,0.0,0.001263400000000012,0.4063781785279761,6.386459450377849e-12,-3.4968026795563993e-15,1.7927881401647028e-12,1.7927881401647028e-12,3.2810800322857026e-12,1.7927881401647028e-12,NaN,diag_feasible,0,0,7,7,0,0,9,3.741929254895137e-14,1.12.6,lbt,1,1,Intel(R) Core(TM) 7 150U,NT,2abc7cc
degen-r20-m1-d1e-08-p3,100,AGD-SDAJ,1e-7*n,1.0e-11,9,74,0.1213971,0.1198179,98.69914520198589,0.0,6.24e-5,0.0,0.0,0.0,0.0,0.001516799999999989,0.4063781785292783,1.6682465905969245e-11,-4.0485447665226325e-15,2.772448937093941e-12,2.772448937093941e-12,9.807266116612874e-12,2.772448937093941e-12,NaN,diag_feasible_at_xpre,0,0,21,8,13,0,9,3.741929254895137e-14,1.12.6,lbt,1,1,Intel(R) Core(TM) 7 150U,NT,2abc7cc
degen-r20-m1-d1e-08-p3,100,Dykstra-APM,1e-7*n,9.999999999999999e-6,106,106,0.1806055,0.168685,93.39970266686231,0.0,0.0,0.0,0.0,0.0078252,0.0,0.004095300000000001,0.4063781785075983,1.8420500289170313e-11,-3.3554827594955267e-15,1.3311574065255627e-12,1.3311574065255627e-12,8.163563298386466e-12,1.3311574065255627e-12,NaN,diag_feasible,0,0,0,0,0,0,106,3.741929254895137e-14,1.12.6,lbt,1,1,Intel(R) Core(TM) 7 150U,NT,2abc7cc
degen-r20-m1-d1e-08-p3,100,Anderson-APM,1e-7*n,9.999999999999999e-6,35,35,0.0554756,0.0462594,83.3869304703329,0.0,0.0,0.0,0.0,0.0,0.00769,0.001526200000000001,0.40637817854081054,2.073691727843636e-11,-3.5229127511161307e-15,1.5334400416122662e-12,1.5334400416122662e-12,9.359414921300787e-12,1.5334400416122662e-12,NaN,diag_feasible,0,0,0,0,0,0,35,3.741929254895137e-14,1.12.6,lbt,1,1,Intel(R) Core(TM) 7 150U,NT,2abc7cc
degen-r20-m1-d1e-08-p4,100,SBB-Dual,1e-7*n,1.0e-11,47,48,0.0829082,0.08132589999999999,98.09150361484146,8.62e-5,5.61e-5,3.74e-5,0.0,0.0,0.0,0.0014026000000000088,0.4061830468754085,8.051171705911202e-12,-3.4223243989043345e-15,1.3249401575876618e-12,0.0,7.920197076558576e-12,1.3249401575876618e-12,100.0,diag_feasible,0,0,0,0,0,0,47,2.0777787570717024e-14,1.12.6,lbt,1,1,Intel(R) Core(TM) 7 150U,NT,2abc7cc
degen-r20-m1-d1e-08-p4,100,Newton-SIN-BH,1e-7*n,9.999999999999999e-6,4,5,0.0084174,0.0060967,72.42972889490817,0.0,4.5e-6,0.0,0.0020667,0.0,0.0,0.00024950000000000016,0.40618304687541584,0.0,-3.216057327417658e-15,8.215650382226158e-15,8.215650382226158e-15,2.0777787570717024e-14,8.215650382226158e-15,NaN,converged,24,24,0,0,0,0,4,2.0777787570717024e-14,1.12.6,lbt,1,1,Intel(R) Core(TM) 7 150U,NT,2abc7cc
degen-r20-m1-d1e-08-p4,100,Newton-SIN,1e-7*n,9.999999999999999e-6,4,9,0.012196,0.010185699999999999,83.5167267956707,0.0,4.6e-6,0.0,0.0018266,0.0,0.0,0.00017910000000000126,0.40618304687541584,0.0,-3.216057327417658e-15,8.215650382226158e-15,8.215650382226158e-15,2.0777787570717024e-14,8.215650382226158e-15,NaN,converged,24,24,0,0,0,0,4,2.0777787570717024e-14,1.12.6,lbt,1,1,Intel(R) Core(TM) 7 150U,NT,2abc7cc
degen-r20-m1-d1e-08-p4,100,AGD-SDAJ-BH,1e-7*n,1.0e-11,13,94,0.134136,0.1325647,98.8285769666607,0.0,5.79e-5,0.0,0.0,0.0,0.0,0.0015133999999999976,0.40618304688573703,1.457610845901678e-11,-3.1578370831437963e-15,5.049738405205062e-12,5.049738405205062e-12,7.788733822880627e-12,5.049738405205062e-12,NaN,diag_feasible_at_xpre,0,0,19,19,0,0,13,2.0777787570717024e-14,1.12.6,lbt,1,1,Intel(R) Core(TM) 7 150U,NT,2abc7cc
degen-r20-m1-d1e-08-p4,100,AGD-SDAJ,1e-7*n,1.0e-11,11,81,0.1052178,0.1039043,98.75163708041795,0.0,4.88e-5,0.0,0.0,0.0,0.0,0.0012646999999999951,0.4061830468866047,1.4946807211253624e-11,-3.365017216070193e-15,5.5566662382489085e-12,5.5566662382489085e-12,7.846451231390716e-12,5.5566662382489085e-12,NaN,diag_feasible_at_xpre,0,0,18,16,2,0,11,2.0777787570717024e-14,1.12.6,lbt,1,1,Intel(R) Core(TM) 7 150U,NT,2abc7cc
degen-r20-m1-d1e-08-p4,100,Dykstra-APM,1e-7*n,9.999999999999999e-6,106,106,0.1574545,0.1479068,93.93621649428883,0.0,0.0,0.0,0.0,0.006465,0.0,0.003082699999999992,0.4061830468576513,2.088320080958198e-11,-3.1247181583788786e-15,1.546318628697918e-12,1.546318628697918e-12,9.24128869995969e-12,1.546318628697918e-12,NaN,diag_feasible,0,0,0,0,0,0,106,2.0777787570717024e-14,1.12.6,lbt,1,1,Intel(R) Core(TM) 7 150U,NT,2abc7cc
degen-r20-m1-d1e-08-p4,100,Anderson-APM,1e-7*n,9.999999999999999e-6,34,34,0.0502047,0.0407316,81.1310494834149,0.0,0.0,0.0,0.0,0.0,0.008313,0.001160099999999999,0.4061830468891039,1.7128698062439536e-11,-3.6291096117757405e-15,1.446398556481654e-12,1.446398556481654e-12,8.039825949591281e-12,1.446398556481654e-12,NaN,diag_feasible,0,0,0,0,0,0,34,2.0777787570717024e-14,1.12.6,lbt,1,1,Intel(R) Core(TM) 7 150U,NT,2abc7cc
degen-r20-m1-d1e-10-p0,100,SBB-Dual,1e-7*n,1.0e-11,47,48,0.0574647,0.0566504,98.5829561452509,4.6e-5,2.94e-5,3.63e-5,0.0,0.0,0.0,0.000702600000000004,0.4056931842192062,7.77010920592237e-12,-3.633462528466687e-15,1.326938559031987e-12,0.0,7.828240389494482e-12,1.326938559031987e-12,100.0,diag_feasible,0,0,0,0,0,0,47,2.2508522617589782e-14,1.12.6,lbt,1,1,Intel(R) Core(TM) 7 150U,NT,2abc7cc
degen-r20-m1-d1e-10-p0,100,Newton-SIN-BH,1e-7*n,9.999999999999999e-6,5,6,0.0107868,0.0073181,67.84310453517261,0.0,4.8e-6,0.0,0.0032182,0.0,0.0,0.00024569999999999887,0.4056931842192098,0.0,-3.4273809358816885e-15,8.43769498715119e-15,8.43769498715119e-15,2.2508522617589782e-14,8.43769498715119e-15,NaN,converged,38,38,0,0,0,0,5,2.2508522617589782e-14,1.12.6,lbt,1,1,Intel(R) Core(TM) 7 150U,NT,2abc7cc
degen-r20-m1-d1e-10-p0,100,Newton-SIN,1e-7*n,9.999999999999999e-6,6,16,0.0236363,0.019488199999999997,82.4502989046509,0.0,7.5e-6,0.0,0.003902,0.0,0.0,0.000238600000000002,0.40569318421361295,1.3973435363815584e-11,-3.5148008866406647e-15,5.663913782427699e-12,5.663913782427699e-12,7.980013586262827e-12,5.663913782427699e-12,NaN,converged,52,52,3,0,0,0,6,2.2508522617589782e-14,1.12.6,lbt,1,1,Intel(R) Core(TM) 7 150U,NT,2abc7cc
degen-r20-m1-d1e-10-p0,100,AGD-SDAJ-BH,1e-7*n,1.0e-11,9,60,0.0853867,0.084371,98.81047048310803,0.0,4.26e-5,0.0,0.0,0.0,0.0,0.0009730999999999944,0.40569318422895184,1.4190015020024638e-11,-3.2123460281049322e-15,3.9113157157544265e-12,3.9113157157544265e-12,7.518864257925491e-12,3.9113157157544265e-12,NaN,diag_feasible,0,0,7,7,0,0,9,2.2508522617589782e-14,1.12.6,lbt,1,1,Intel(R) Core(TM) 7 150U,NT,2abc7cc
degen-r20-m1-d1e-10-p0,100,AGD-SDAJ,1e-7*n,1.0e-11,9,69,0.0917465,0.0906921,98.85074634999701,0.0,4.05e-5,0.0,0.0,0.0,0.0,0.001013899999999997,0.4056931842289657,1.4203810879667863e-11,-4.072925403736229e-15,3.910649581939651e-12,3.910649581939651e-12,7.524262119047627e-12,3.910649581939651e-12,NaN,diag_feasible_at_xpre,0,0,18,7,11,0,9,2.2508522617589782e-14,1.12.6,lbt,1,1,Intel(R) Core(TM) 7 150U,NT,2abc7cc
degen-r20-m1-d1e-10-p0,100,Dykstra-APM,1e-7*n,9.999999999999999e-6,106,106,0.1443248,0.1345182,93.20518718889615,0.0,0.0,0.0,0.0,0.0067266,0.0,0.0030799999999999985,0.4056931842016248,2.066416261529561e-11,-3.571156470438375e-15,1.5625278848574453e-12,1.5625278848574453e-12,9.138607203415252e-12,1.5625278848574453e-12,NaN,diag_feasible,0,0,0,0,0,0,106,2.2508522617589782e-14,1.12.6,lbt,1,1,Intel(R) Core(TM) 7 150U,NT,2abc7cc
degen-r20-m1-d1e-10-p0,100,Anderson-APM,1e-7*n,9.999999999999999e-6,37,37,0.0526297,0.0441841,83.95278711449998,0.0,0.0,0.0,0.0,0.0,0.0072023,0.0012433000000000045,0.4056931842321074,1.69397870912844e-11,-3.3576883316578246e-15,2.3501200985265314e-12,2.3501200985265314e-12,8.226879483316515e-12,2.3501200985265314e-12,NaN,diag_feasible,0,0,0,0,0,0,37,2.2508522617589782e-14,1.12.6,lbt,1,1,Intel(R) Core(TM) 7 150U,NT,2abc7cc
degen-r20-m1-d1e-10-p1,100,SBB-Dual,1e-7*n,1.0e-11,48,49,0.0746134,0.0735386,98.55950807763752,6.99e-5,4.24e-5,4.26e-5,0.0,0.0,0.0,0.000919900000000001,0.39907640457164245,7.2682907587461425e-12,-3.931665691400564e-15,1.2099210522364956e-12,0.0,7.295811450453729e-12,1.2099210522364956e-12,100.0,diag_feasible,0,0,0,0,0,0,48,8.628554495259357e-14,1.12.6,lbt,1,1,Intel(R) Core(TM) 7 150U,NT,2abc7cc
degen-r20-m1-d1e-10-p1,100,Newton-SIN-BH,1e-7*n,9.999999999999999e-6,5,6,0.0165852,0.0110014,66.33263391457443,0.0,1.13e-5,0.0,0.0051023,0.0,0.0,0.0004702000000000022,0.39907640457163435,0.0,-3.645043527707324e-15,2.7977620220553945e-14,2.7977620220553945e-14,8.628554495259357e-14,2.7977620220553945e-14,NaN,converged,38,38,0,0,0,0,5,8.628554495259357e-14,1.12.6,lbt,1,1,Intel(R) Core(TM) 7 150U,NT,2abc7cc
degen-r20-m1-d1e-10-p1,100,Newton-SIN,1e-7*n,9.999999999999999e-6,9,32,0.0565042,0.04852,85.86972295864733,0.0,2.02e-5,0.0,0.0074312,0.0,0.0,0.0005327999999999973,0.3990764045716388,1.909475079258773e-13,-3.272774061725899e-15,1.1546319456101628e-14,1.1546319456101628e-14,3.2656602122653535e-14,1.1546319456101628e-14,NaN,converged,86,86,13,0,0,0,9,8.628554495259357e-14,1.12.6,lbt,1,1,Intel(R) Core(TM) 7 150U,NT,2abc7cc
degen-r20-m1-d1e-10-p1,100,AGD-SDAJ-BH,1e-7*n,1.0e-11,8,52,0.0930703,0.0919179,98.7617961906215,0.0,5.0e-5,0.0,0.0,0.0,0.0,0.001102399999999998,0.3990764045822038,1.4048114733115819e-11,-3.626219712918054e-15,3.573807916268379e-12,3.573807916268379e-12,7.1295367140391214e-12,3.573807916268379e-12,NaN,diag_feasible,0,0,5,5,0,0,8,8.628554495259357e-14,1.12.6,lbt,1,1,Intel(R) Core(TM) 7 150U,NT,2abc7cc
degen-r20-m1-d1e-10-p1,100,AGD-SDAJ,1e-7*n,1.0e-11,62,1611,2.5236768,2.4943803,98.83913423462148,0.0,0.0010483,0.0,0.0,0.0,0.0,0.02824820000000006,0.3990764045762497,7.472048067064793e-12,-3.0412896902015203e-15,3.087863298389948e-12,3.087863298389948e-12,4.2454648930743624e-12,3.087863298389948e-12,NaN,diag_feasible,0,0,1291,65,1226,0,62,8.628554495259357e-14,1.12.6,lbt,1,1,Intel(R) Core(TM) 7 150U,NT,2abc7cc
degen-r20-m1-d1e-10-p1,100,Dykstra-APM,1e-7*n,9.999999999999999e-6,108,108,0.1501252,0.1402996,93.45506284088215,0.0,0.0,0.0,0.0,0.0067274,0.0,0.00309819999999999,0.39907640455473103,1.9460774956603118e-11,-3.903290157381958e-15,1.447064690296429e-12,1.447064690296429e-12,8.631115228577918e-12,1.447064690296429e-12,NaN,diag_feasible,0,0,0,0,0,0,108,8.628554495259357e-14,1.12.6,lbt,1,1,Intel(R) Core(TM) 7 150U,NT,2abc7cc
degen-r20-m1-d1e-10-p1,100,Anderson-APM,1e-7*n,9.999999999999999e-6,30,30,0.0489921,0.0414889,84.68487776600719,0.0,0.0,0.0,0.0,0.0,0.0063114,0.0011917999999999946,0.3990764045851849,1.6722174162691782e-11,-3.4038649621667342e-15,1.5581980150614072e-12,1.5581980150614072e-12,7.767876263947814e-12,1.5581980150614072e-12,NaN,diag_feasible,0,0,0,0,0,0,30,8.628554495259357e-14,1.12.6,lbt,1,1,Intel(R) Core(TM) 7 150U,NT,2abc7cc
degen-r20-m1-d1e-10-p2,100,SBB-Dual,1e-7*n,1.0e-11,47,48,0.0671785,0.0662362,98.59731908274225,5.48e-5,7.43e-5,3.63e-5,0.0,0.0,0.0,0.000776900000000007,0.40605894852999164,5.869452869060227e-12,-3.334587933920554e-15,9.068301665138279e-13,0.0,6.294421821018032e-12,9.068301665138279e-13,100.0,diag_feasible,0,0,0,0,0,0,47,1.940350981055675e-14,1.12.6,lbt,1,1,Intel(R) Core(TM) 7 150U,NT,2abc7cc
degen-r20-m1-d1e-10-p2,100,Newton-SIN-BH,1e-7*n,9.999999999999999e-6,4,5,0.0113525,0.0086301,76.01937899141159,0.0,6.7e-6,0.0,0.0024344,0.0,0.0,0.0002812999999999995,0.4060589485299886,0.0,-2.969171658048965e-15,5.551115123125783e-15,5.551115123125783e-15,1.940350981055675e-14,5.551115123125783e-15,NaN,converged,25,25,0,0,0,0,4,1.940350981055675e-14,1.12.6,lbt,1,1,Intel(R) Core(TM) 7 150U,NT,2abc7cc
degen-r20-m1-d1e-10-p2,100,Newton-SIN,1e-7*n,9.999999999999999e-6,8,76,0.1096781,0.1029785,93.89157908461216,0.0,4.31e-5,0.0,0.0056267,0.0,0.0,0.0010298,0.4060589485299974,1.0163718822571999e-13,-3.316902230709285e-15,3.9968028886505635e-15,3.9968028886505635e-15,1.650502521312145e-14,3.9968028886505635e-15,NaN,converged,73,73,59,0,0,0,8,1.940350981055675e-14,1.12.6,lbt,1,1,Intel(R) Core(TM) 7 150U,NT,2abc7cc
degen-r20-m1-d1e-10-p2,100,AGD-SDAJ-BH,1e-7*n,1.0e-11,10,67,0.1039634,0.102673,98.75879396018215,0.0,5.36e-5,0.0,0.0,0.0,0.0,0.001236799999999997,0.4060589485435502,1.8177502557212595e-11,-3.498811776300245e-15,6.1812777119030216e-12,6.1812777119030216e-12,9.39801017406633e-12,6.1812777119030216e-12,NaN,diag_feasible_at_xpre,0,0,10,10,0,0,10,1.940350981055675e-14,1.12.6,lbt,1,1,Intel(R) Core(TM) 7 150U,NT,2abc7cc
degen-r20-m1-d1e-10-p2,100,AGD-SDAJ,1e-7*n,1.0e-11,115,4001,6.0995161,6.0188951,98.67823940984434,0.0,0.0025299,0.0,0.0,0.0,0.0,0.07809109999999983,0.4060589515383151,6.093473173934857e-9,-3.4477923462319423e-15,2.1108890191356977e-9,2.1108890191356977e-9,3.598594464114476e-9,2.1108890191356977e-9,NaN,evd_budget,0,0,3420,222,3198,0,115,1.940350981055675e-14,1.12.6,lbt,1,1,Intel(R) Core(TM) 7 150U,NT,2abc7cc
degen-r20-m1-d1e-10-p2,100,Dykstra-APM,1e-7*n,9.999999999999999e-6,105,105,0.1947409,0.1644282,84.43434327354963,0.0,0.0,0.0,0.0,0.0212706,0.0,0.009042099999999997,0.406058948511776,2.130182316782548e-11,-3.97178611435287e-15,1.3695711231775931e-12,1.3695711231775931e-12,9.446137045991424e-12,1.3695711231775931e-12,NaN,diag_feasible,0,0,0,0,0,0,105,1.940350981055675e-14,1.12.6,lbt,1,1,Intel(R) Core(TM) 7 150U,NT,2abc7cc
degen-r20-m1-d1e-10-p2,100,Anderson-APM,1e-7*n,9.999999999999999e-6,33,33,0.0692886,0.0579,83.56352993133069,0.0,0.0,0.0,0.0,0.0,0.0097641,0.0016245000000000061,0.40605894854409524,1.9101264976657668e-11,-3.225203560123051e-15,2.474020988074699e-12,2.474020988074699e-12,9.376013219144132e-12,2.474020988074699e-12,NaN,diag_feasible,0,0,0,0,0,0,33,1.940350981055675e-14,1.12.6,lbt,1,1,Intel(R) Core(TM) 7 150U,NT,2abc7cc
degen-r20-m1-d1e-10-p3,100,SBB-Dual,1e-7*n,1.0e-11,46,47,0.0590391,0.0582046,98.58652994371528,4.42e-5,2.75e-5,5.06e-5,0.0,0.0,0.0,0.000712199999999995,0.40637818037336687,9.30046791956734e-12,-3.5080074201896276e-15,1.4648282586904315e-12,0.0,8.797045890415796e-12,1.4648282586904315e-12,100.0,diag_feasible,0,0,0,0,0,0,46,3.574969857382783e-14,1.12.6,lbt,1,1,Intel(R) Core(TM) 7 150U,NT,2abc7cc
degen-r20-m1-d1e-10-p3,100,Newton-SIN-BH,1e-7*n,9.999999999999999e-6,4,5,0.0131331,0.0089479,68.13242874873411,0.0,8.8e-6,0.0,0.0037455,0.0,0.0,0.0004309000000000001,0.40637818037337425,0.0,-4.225440850289802e-15,1.2878587085651816e-14,1.2878587085651816e-14,3.574969857382783e-14,1.2878587085651816e-14,NaN,converged,26,26,0,0,0,0,4,3.574969857382783e-14,1.12.6,lbt,1,1,Intel(R) Core(TM) 7 150U,NT,2abc7cc
degen-r20-m1-d1e-10-p3,100,Newton-SIN,1e-7*n,9.999999999999999e-6,4,9,0.0166009,0.0134662,81.1172888216904,0.0,5.2e-6,0.0,0.002947,0.0,0.0,0.00018249999999999907,0.40637818037337425,0.0,-4.225440850289802e-15,1.2878587085651816e-14,1.2878587085651816e-14,3.574969857382783e-14,1.2878587085651816e-14,NaN,converged,26,26,0,0,0,0,4,3.574969857382783e-14,1.12.6,lbt,1,1,Intel(R) Core(TM) 7 150U,NT,2abc7cc
degen-r20-m1-d1e-10-p3,100,AGD-SDAJ-BH,1e-7*n,1.0e-11,9,63,0.1038647,0.1025028,98.68877491582799,0.0,8.23e-5,0.0,0.0,0.0,0.0,0.0012795999999999992,0.40637818038555223,1.643897607851371e-11,-3.200960490664068e-15,4.815925436219004e-12,4.815925436219004e-12,8.41939042090756e-12,4.815925436219004e-12,NaN,diag_feasible,0,0,10,10,0,0,9,3.574969857382783e-14,1.12.6,lbt,1,1,Intel(R) Core(TM) 7 150U,NT,2abc7cc
degen-r20-m1-d1e-10-p3,100,AGD-SDAJ,1e-7*n,1.0e-11,9,69,0.090877,0.0897733,98.78550128195253,0.0,3.96e-5,0.0,0.0,0.0,0.0,0.001064099999999999,0.40637818037882384,8.069655242750443e-12,-3.33913365803116e-15,2.7819968551057173e-12,2.7819968551057173e-12,4.392165240334754e-12,2.7819968551057173e-12,NaN,diag_feasible_at_xpre,0,0,18,12,6,0,9,3.574969857382783e-14,1.12.6,lbt,1,1,Intel(R) Core(TM) 7 150U,NT,2abc7cc
degen-r20-m1-d1e-10-p3,100,Dykstra-APM,1e-7*n,9.999999999999999e-6,105,105,0.1519756,0.1432044,94.22854721415808,0.0,0.0,0.0,0.0,0.005902,0.0,0.002869199999999979,0.4063781803575199,1.857659912143478e-11,-4.151378842703909e-15,1.3813394872386198e-12,1.3813394872386198e-12,8.234182756147131e-12,1.3813394872386198e-12,NaN,diag_feasible,0,0,0,0,0,0,105,3.574969857382783e-14,1.12.6,lbt,1,1,Intel(R) Core(TM) 7 150U,NT,2abc7cc
degen-r20-m1-d1e-10-p3,100,Anderson-APM,1e-7*n,9.999999999999999e-6,35,35,0.0499834,0.0420748,84.17754694558595,0.0,0.0,0.0,0.0,0.0,0.0067444,0.0011641999999999946,0.40637818039104934,2.095330090244154e-11,-3.4676869375973434e-15,1.5457635171856055e-12,1.5457635171856055e-12,9.459904350167768e-12,1.5457635171856055e-12,NaN,diag_feasible,0,0,0,0,0,0,35,3.574969857382783e-14,1.12.6,lbt,1,1,Intel(R) Core(TM) 7 150U,NT,2abc7cc
degen-r20-m1-d1e-10-p4,100,SBB-Dual,1e-7*n,1.0e-11,47,48,0.0618798,0.0610341,98.63331814259259,5.22e-5,3.27e-5,3.63e-5,0.0,0.0,0.0,0.0007244999999999979,0.4061830487105367,6.4098759565953774e-12,-3.5485787220749188e-15,1.0607070777268746e-12,0.0,6.297275186947134e-12,1.0607070777268746e-12,100.0,diag_feasible,0,0,0,0,0,0,47,2.2035340095291854e-14,1.12.6,lbt,1,1,Intel(R) Core(TM) 7 150U,NT,2abc7cc
degen-r20-m1-d1e-10-p4,100,Newton-SIN-BH,1e-7*n,9.999999999999999e-6,4,5,0.0110107,0.007917500000000001,71.90732650966787,0.0,6.5e-6,0.0,0.0027262,0.0,0.0,0.0003604999999999993,0.40618304871053956,0.0,-3.475552400072205e-15,6.8833827526759706e-15,6.8833827526759706e-15,2.2035340095291854e-14,6.8833827526759706e-15,NaN,converged,26,26,0,0,0,0,4,2.2035340095291854e-14,1.12.6,lbt,1,1,Intel(R) Core(TM) 7 150U,NT,2abc7cc
degen-r20-m1-d1e-10-p4,100,Newton-SIN,1e-7*n,9.999999999999999e-6,7,24,0.0510238,0.041998600000000004,82.31178391260549,0.0,2.01e-5,0.0,0.0084059,0.0,0.0,0.0005991999999999977,0.40618304871054445,1.4263205963238183e-13,-3.6430384280754015e-15,5.773159728050814e-15,5.773159728050814e-15,2.2322110008058506e-14,5.773159728050814e-15,NaN,converged,65,65,9,0,0,0,7,2.2035340095291854e-14,1.12.6,lbt,1,1,Intel(R) Core(TM) 7 150U,NT,2abc7cc
degen-r20-m1-d1e-10-p4,100,AGD-SDAJ-BH,1e-7*n,1.0e-11,10,73,0.1155916,0.1127423,97.5350284968804,0.0,5.48e-5,0.0,0.0,0.0,0.0,0.0027944999999999992,0.40618304871641525,1.4774809719266005e-11,-3.5347961089319956e-15,2.794209308376594e-12,2.794209308376594e-12,8.721874194446939e-12,2.794209308376594e-12,NaN,diag_feasible_at_xpre,0,0,14,14,0,0,10,2.2035340095291854e-14,1.12.6,lbt,1,1,Intel(R) Core(TM) 7 150U,NT,2abc7cc
degen-r20-m1-d1e-10-p4,100,AGD-SDAJ,1e-7*n,1.0e-11,135,4022,6.5905459,6.4899878,98.4742068179815,0.0,0.0028418,0.0,0.0,0.0,0.0,0.09771630000000064,0.40618304896294877,4.17648146479194e-10,-3.1848238569260627e-15,1.3604095627783863e-10,1.3604095627783863e-10,2.3882304469049324e-10,1.3604095627783863e-10,NaN,evd_budget,0,0,3339,140,3199,0,135,2.2035340095291854e-14,1.12.6,lbt,1,1,Intel(R) Core(TM) 7 150U,NT,2abc7cc
degen-r20-m1-d1e-10-p4,100,Dykstra-APM,1e-7*n,9.999999999999999e-6,105,105,0.1385567,0.1312063,94.69502377005226,0.0,0.0,0.0,0.0,0.0049499,0.0,0.002400500000000007,0.40618304869240585,2.131589588155053e-11,-3.1884226619957228e-15,1.6016077353242508e-12,1.6016077353242508e-12,9.435923033284802e-12,1.6016077353242508e-12,NaN,diag_feasible,0,0,0,0,0,0,105,2.2035340095291854e-14,1.12.6,lbt,1,1,Intel(R) Core(TM) 7 150U,NT,2abc7cc
degen-r20-m1-d1e-10-p4,100,Anderson-APM,1e-7*n,9.999999999999999e-6,34,34,0.0505958,0.0420724,83.15393767862155,0.0,0.0,0.0,0.0,0.0,0.0073205,0.0012029000000000007,0.4061830487242174,1.7117977880269158e-11,-3.381953587352888e-15,1.4453993557594913e-12,1.4453993557594913e-12,8.033680323831904e-12,1.4453993557594913e-12,NaN,diag_feasible,0,0,0,0,0,0,34,2.2035340095291854e-14,1.12.6,lbt,1,1,Intel(R) Core(TM) 7 150U,NT,2abc7cc
degen-r20-m1-d0-p0,100,SBB-Dual,1e-7*n,1.0e-11,47,48,0.0602844,0.0594515,98.61838220169729,4.82e-5,3.26e-5,3.52e-5,0.0,0.0,0.0,0.0007169000000000045,0.40569318423718764,7.224281452379743e-12,-2.8586334779367763e-15,1.2403411631112249e-12,0.0,6.794209412347276e-12,1.2403411631112249e-12,100.0,diag_feasible,0,0,0,0,0,0,47,1.532349107807003e-14,1.12.6,lbt,1,1,Intel(R) Core(TM) 7 150U,NT,2abc7cc
degen-r20-m1-d0-p0,100,Newton-SIN-BH,1e-7*n,9.999999999999999e-6,4,5,0.0085032,0.006127,72.055226267758,0.0,4.6e-6,0.0,0.0021267,0.0,0.0,0.000244900000000001,0.40569318423717654,0.0,-3.2543065041681533e-15,5.995204332975845e-15,5.995204332975845e-15,1.532349107807003e-14,5.995204332975845e-15,NaN,converged,25,25,0,0,0,0,4,1.532349107807003e-14,1.12.6,lbt,1,1,Intel(R) Core(TM) 7 150U,NT,2abc7cc
degen-r20-m1-d0-p0,100,Newton-SIN,1e-7*n,9.999999999999999e-6,100,2974,4.7054905,4.4850475,95.31519615223962,0.0,0.0018946,0.0,0.153075,0.0,0.0,0.06547339999999952,0.405693184147018,6.861158142171053e-10,-3.253929060010958e-15,4.2034375979937977e-10,4.2034375979937977e-10,4.366163057996991e-10,4.2034375979937977e-10,NaN,max_iter,1177,1177,2773,0,0,0,100,1.532349107807003e-14,1.12.6,lbt,1,1,Intel(R) Core(TM) 7 150U,NT,2abc7cc
degen-r20-m1-d0-p0,100,AGD-SDAJ-BH,1e-7*n,1.0e-11,9,63,0.0814343,0.0805008,98.85367713604708,0.0,3.74e-5,0.0,0.0,0.0,0.0,0.0008961000000000037,0.40569318424257783,7.190075367513434e-12,-3.3483746516588005e-15,1.59539048638635e-12,1.59539048638635e-12,3.5703819103525094e-12,1.59539048638635e-12,NaN,diag_feasible,0,0,8,8,0,0,9,1.532349107807003e-14,1.12.6,lbt,1,1,Intel(R) Core(TM) 7 150U,NT,2abc7cc
degen-r20-m1-d0-p0,100,AGD-SDAJ,1e-7*n,1.0e-11,9,81,0.1326559,0.13108419999999998,98.81520535460541,0.0,8.2e-5,0.0,0.0,0.0,0.0,0.0014897000000000092,0.40569318424416145,9.353810167829653e-12,-2.886397109260023e-15,2.220890138460163e-12,2.220890138460163e-12,4.699635056916542e-12,2.220890138460163e-12,NaN,diag_feasible,0,0,26,16,10,0,9,1.532349107807003e-14,1.12.6,lbt,1,1,Intel(R) Core(TM) 7 150U,NT,2abc7cc
degen-r20-m1-d0-p0,100,Dykstra-APM,1e-7*n,9.999999999999999e-6,106,106,0.1435052,0.1312347,91.44943876598201,0.0,0.0,0.0,0.0,0.0084993,0.0,0.00377119999999999,0.40569318422163037,1.8093356816912268e-11,-3.419696684844464e-15,1.4857004515533845e-12,1.4857004515533845e-12,8.1423764770268e-12,1.4857004515533845e-12,NaN,diag_feasible,0,0,0,0,0,0,106,1.532349107807003e-14,1.12.6,lbt,1,1,Intel(R) Core(TM) 7 150U,NT,2abc7cc
degen-r20-m1-d0-p0,100,Anderson-APM,1e-7*n,9.999999999999999e-6,37,37,0.0633677,0.0531977,83.95081405826627,0.0,0.0,0.0,0.0,0.0,0.0086947,0.0014752999999999988,0.405693184250199,1.705484446957577e-11,-4.380862127697995e-15,2.3540058791127194e-12,2.3540058791127194e-12,8.263633778467634e-12,2.3540058791127194e-12,NaN,diag_feasible,0,0,0,0,0,0,37,1.532349107807003e-14,1.12.6,lbt,1,1,Intel(R) Core(TM) 7 150U,NT,2abc7cc
degen-r20-m1-d0-p1,100,SBB-Dual,1e-7*n,1.0e-11,48,49,0.0868375,0.085678,98.66474737296676,6.99e-5,4.45e-5,3.71e-5,0.0,0.0,0.0,0.001007999999999994,0.39907640457582216,6.956687880786215e-12,-4.259931312712156e-15,1.1692868895352149e-12,0.0,7.0676418184979745e-12,1.1692868895352149e-12,100.0,diag_feasible,0,0,0,0,0,0,48,6.617339027944133e-14,1.12.6,lbt,1,1,Intel(R) Core(TM) 7 150U,NT,2abc7cc
degen-r20-m1-d0-p1,100,Newton-SIN-BH,1e-7*n,9.999999999999999e-6,4,5,0.0101411,0.007662199999999999,75.55590616402559,0.0,5.7e-6,0.0,0.0022055,0.0,0.0,0.0002677000000000009,0.3990764045758248,0.0,-3.4634452895598507e-15,1.7541523789077473e-14,1.7541523789077473e-14,6.617339027944133e-14,1.7541523789077473e-14,NaN,converged,25,25,0,0,0,0,4,6.617339027944133e-14,1.12.6,lbt,1,1,Intel(R) Core(TM) 7 150U,NT,2abc7cc
degen-r20-m1-d0-p1,100,Newton-SIN,1e-7*n,9.999999999999999e-6,5,13,0.0271714,0.0225802,83.10282134891835,0.0,1.35e-5,0.0,0.0042139,0.0,0.0,0.00036379999999999746,0.3990764045758272,7.630601320783658e-13,-3.5457772943865675e-15,2.0539125955565396e-14,2.0539125955565396e-14,7.622859523606971e-14,2.0539125955565396e-14,NaN,converged,38,38,2,0,0,0,5,6.617339027944133e-14,1.12.6,lbt,1,1,Intel(R) Core(TM) 7 150U,NT,2abc7cc
degen-r20-m1-d0-p1,100,AGD-SDAJ-BH,1e-7*n,1.0e-11,10,65,0.097675,0.0964003,98.69495776810852,0.0,4.79e-5,0.0,0.0,0.0,0.0,0.0012268000000000036,0.39907640458337323,1.1100669420072325e-11,-3.3910372439339697e-15,4.192424185589516e-12,4.192424185589516e-12,6.105897056839133e-12,4.192424185589516e-12,NaN,diag_feasible_at_xpre,0,0,8,8,0,0,10,6.617339027944133e-14,1.12.6,lbt,1,1,Intel(R) Core(TM) 7 150U,NT,2abc7cc
degen-r20-m1-d0-p1,100,AGD-SDAJ,1e-7*n,1.0e-11,9,76,0.1011214,0.09981620000000001,98.70927419913096,0.0,5.01e-5,0.0,0.0,0.0,0.0,0.0012550999999999925,0.3990764045834094,9.941744027150613e-12,-3.691646827688677e-15,2.132627408002463e-12,2.132627408002463e-12,4.963384566183121e-12,2.132627408002463e-12,NaN,diag_feasible,0,0,21,9,12,0,9,6.617339027944133e-14,1.12.6,lbt,1,1,Intel(R) Core(TM) 7 150U,NT,2abc7cc
degen-r20-m1-d0-p1,100,Dykstra-APM,1e-7*n,9.999999999999999e-6,108,108,0.171136,0.156621,91.51844147344802,0.0,0.0,0.0,0.0,0.0101055,0.0,0.0044095,0.39907640455941823,1.874259574974003e-11,-3.8796167006035326e-15,1.396660564978447e-12,1.396660564978447e-12,8.341099445491376e-12,1.396660564978447e-12,NaN,diag_feasible,0,0,0,0,0,0,108,6.617339027944133e-14,1.12.6,lbt,1,1,Intel(R) Core(TM) 7 150U,NT,2abc7cc
degen-r20-m1-d0-p1,100,Anderson-APM,1e-7*n,9.999999999999999e-6,30,30,0.0510607,0.0428001,83.82200009008885,0.0,0.0,0.0,0.0,0.0,0.0069806,0.0012799999999999999,0.39907640459060095,1.778417727467969e-11,-3.329911813596439e-15,1.6716628081780982e-12,1.6716628081780982e-12,8.159026172361378e-12,1.6716628081780982e-12,NaN,diag_feasible,0,0,0,0,0,0,30,6.617339027944133e-14,1.12.6,lbt,1,1,Intel(R) Core(TM) 7 150U,NT,2abc7cc
degen-r20-m1-d0-p2,100,SBB-Dual,1e-7*n,1.0e-11,46,47,0.0571908,0.0564004,98.61795953195269,4.26e-5,3.02e-5,3.68e-5,0.0,0.0,0.0,0.0006807999999999967,0.40605894854839186,9.085351849863306e-12,-3.0347683347177938e-15,1.390665360645471e-12,0.0,8.978353776181511e-12,1.390665360645471e-12,100.0,diag_feasible,0,0,0,0,0,0,46,2.45587757400087e-14,1.12.6,lbt,1,1,Intel(R) Core(TM) 7 150U,NT,2abc7cc
degen-r20-m1-d0-p2,100,Newton-SIN-BH,1e-7*n,9.999999999999999e-6,4,5,0.0146726,0.0104687,71.3486362335237,0.0,9.5e-6,0.0,0.0037321,0.0,0.0,0.0004623000000000001,0.40605894854839614,0.0,-3.901964107702311e-15,8.215650382226158e-15,8.215650382226158e-15,2.45587757400087e-14,8.215650382226158e-15,NaN,converged,25,25,0,0,0,0,4,2.45587757400087e-14,1.12.6,lbt,1,1,Intel(R) Core(TM) 7 150U,NT,2abc7cc
degen-r20-m1-d0-p2,100,Newton-SIN,1e-7*n,9.999999999999999e-6,6,18,0.0298158,0.024946299999999998,83.66805519221352,0.0,1.14e-5,0.0,0.0045309,0.0,0.0,0.0003272000000000023,0.4060589485483971,1.5450337049549955e-13,-3.1871185885243874e-15,6.439293542825908e-15,6.439293542825908e-15,2.5453663710116234e-14,6.439293542825908e-15,NaN,converged,49,49,5,0,0,0,6,2.45587757400087e-14,1.12.6,lbt,1,1,Intel(R) Core(TM) 7 150U,NT,2abc7cc
degen-r20-m1-d0-p2,100,AGD-SDAJ-BH,1e-7*n,1.0e-11,11,79,0.1197551,0.118201,98.70226821237675,0.0,6.15e-5,0.0,0.0,0.0,0.0,0.0014926000000000028,0.40605894856148145,1.7459011070080588e-11,-3.128829212601602e-15,5.566658245470535e-12,5.566658245470535e-12,8.988617618699417e-12,5.566658245470535e-12,NaN,diag_feasible_at_xpre,0,0,16,16,0,0,11,2.45587757400087e-14,1.12.6,lbt,1,1,Intel(R) Core(TM) 7 150U,NT,2abc7cc
degen-r20-m1-d0-p2,100,AGD-SDAJ,1e-7*n,1.0e-11,11,111,0.1588857,0.1571631,98.91582439451757,0.0,6.82e-5,0.0,0.0,0.0,0.0,0.0016543999999999908,0.40605894855175323,4.322373384702619e-12,-3.4911213719891187e-15,5.486722187697524e-13,5.486722187697524e-13,2.0921932149386387e-12,5.486722187697524e-13,NaN,diag_feasible,0,0,44,12,32,0,11,2.45587757400087e-14,1.12.6,lbt,1,1,Intel(R) Core(TM) 7 150U,NT,2abc7cc
degen-r20-m1-d0-p2,100,Dykstra-APM,1e-7*n,9.999999999999999e-6,105,105,0.1526612,0.1389815,91.03917694869425,0.0,0.0,0.0,0.0,0.0095356,0.0,0.004144099999999989,0.40605894853240326,1.8488972918649783e-11,-3.0049335871921922e-15,1.2934098236883074e-12,1.2934098236883074e-12,8.344452232834114e-12,1.2934098236883074e-12,NaN,diag_feasible,0,0,0,0,0,0,105,2.45587757400087e-14,1.12.6,lbt,1,1,Intel(R) Core(TM) 7 150U,NT,2abc7cc
degen-r20-m1-d0-p2,100,Anderson-APM,1e-7*n,9.999999999999999e-6,33,33,0.0721883,0.0593025,82.14973894661601,0.0,0.0,0.0,0.0,0.0,0.0112718,0.0016139999999999956,0.4060589485625321,1.9138357429900734e-11,-3.3339612162443496e-15,2.4829027722717e-12,2.4829027722717e-12,9.399464412757696e-12,2.4829027722717e-12,NaN,diag_feasible,0,0,0,0,0,0,33,2.45587757400087e-14,1.12.6,lbt,1,1,Intel(R) Core(TM) 7 150U,NT,2abc7cc
degen-r20-m1-d0-p3,100,SBB-Dual,1e-7*n,1.0e-11,46,47,0.0566823,0.0557549,98.3638631459909,6.08e-5,3.39e-5,3.74e-5,0.0,0.0,0.0,0.0007952999999999949,0.4063781803920539,8.404785499823993e-12,-3.187095107172206e-15,1.3560264022771662e-12,0.0,7.429047894673206e-12,1.3560264022771662e-12,100.0,diag_feasible,0,0,0,0,0,0,46,2.0654027705266258e-14,1.12.6,lbt,1,1,Intel(R) Core(TM) 7 150U,NT,2abc7cc
degen-r20-m1-d0-p3,100,Newton-SIN-BH,1e-7*n,9.999999999999999e-6,4,5,0.0168406,0.0117626,69.84668004702921,0.0,1.1e-5,0.0,0.0045527,0.0,0.0,0.0005143000000000014,0.40637818039206147,0.0,-3.4888053743683512e-15,6.328271240363392e-15,6.328271240363392e-15,2.0654027705266258e-14,6.328271240363392e-15,NaN,converged,26,26,0,0,0,0,4,2.0654027705266258e-14,1.12.6,lbt,1,1,Intel(R) Core(TM) 7 150U,NT,2abc7cc
degen-r20-m1-d0-p3,100,Newton-SIN,1e-7*n,9.999999999999999e-6,5,13,0.0431142,0.0348609,80.85711900023658,0.0,1.85e-5,0.0,0.0078168,0.0,0.0,0.00041799999999999823,0.40637818039205853,1.5938024557023996e-13,-3.6582910075608866e-15,1.0880185641326534e-14,1.0880185641326534e-14,2.850550315697961e-14,1.0880185641326534e-14,NaN,converged,39,39,2,0,0,0,5,2.0654027705266258e-14,1.12.6,lbt,1,1,Intel(R) Core(TM) 7 150U,NT,2abc7cc
degen-r20-m1-d0-p3,100,AGD-SDAJ-BH,1e-7*n,1.0e-11,10,64,0.0809878,0.0798894,98.64374634204164,0.0,4.39e-5,0.0,0.0,0.0,0.0,0.0010544999999999994,0.4063781803980805,8.478722862133294e-12,-3.372314331759098e-15,2.7047253325918064e-12,2.7047253325918064e-12,4.464222310203358e-12,2.7047253325918064e-12,NaN,diag_feasible_at_xpre,0,0,7,7,0,0,10,2.0654027705266258e-14,1.12.6,lbt,1,1,Intel(R) Core(TM) 7 150U,NT,2abc7cc
degen-r20-m1-d0-p3,100,AGD-SDAJ,1e-7*n,1.0e-11,9,64,0.1599751,0.1576786,98.56446409472474,0.0,0.0001028,0.0,0.0,0.0,0.0,0.0021937000000000068,0.4063781803965875,6.19108039147387e-12,-3.78096328208553e-15,1.7184031975148173e-12,1.7184031975148173e-12,3.1723683702992158e-12,1.7184031975148173e-12,NaN,diag_feasible,0,0,9,7,2,0,9,2.0654027705266258e-14,1.12.6,lbt,1,1,Intel(R) Core(TM) 7 150U,NT,2abc7cc
degen-r20-m1-d0-p3,100,Dykstra-APM,1e-7*n,9.999999999999999e-6,104,104,0.2868495,0.2404086,83.81001187033618,0.0,0.0,0.0,0.0,0.0321865,0.0,0.01425439999999998,0.40637818037494333,1.9722052568369053e-11,-3.77555821403233e-15,1.6271428648906294e-12,1.6271428648906294e-12,8.927964766979569e-12,1.6271428648906294e-12,NaN,diag_feasible,0,0,0,0,0,0,104,2.0654027705266258e-14,1.12.6,lbt,1,1,Intel(R) Core(TM) 7 150U,NT,2abc7cc
degen-r20-m1-d0-p3,100,Anderson-APM,1e-7*n,9.999999999999999e-6,35,35,0.113009,0.0910316,80.55252236547533,0.0,0.0,0.0,0.0,0.0,0.019383,0.0025943999999999932,0.4063781804097545,2.0969249813987982e-11,-3.5962867756152765e-15,1.5487611193520934e-12,1.5487611193520934e-12,9.46623988857122e-12,1.5487611193520934e-12,NaN,diag_feasible,0,0,0,0,0,0,35,2.0654027705266258e-14,1.12.6,lbt,1,1,Intel(R) Core(TM) 7 150U,NT,2abc7cc
degen-r20-m1-d0-p4,100,SBB-Dual,1e-7*n,1.0e-11,46,47,0.0693895,0.0683964,98.56880363743792,6.1e-5,3.56e-5,4.21e-5,0.0,0.0,0.0,0.0008544000000000107,0.4061830487290731,9.642611644267416e-12,-2.987083556958536e-15,1.6000534230897756e-12,0.0,8.860343943237366e-12,1.6000534230897756e-12,100.0,diag_feasible,0,0,0,0,0,0,46,2.2291442631184124e-14,1.12.6,lbt,1,1,Intel(R) Core(TM) 7 150U,NT,2abc7cc
degen-r20-m1-d0-p4,100,Newton-SIN-BH,1e-7*n,9.999999999999999e-6,4,5,0.0114047,0.008235399999999999,72.21057984865887,0.0,6.0e-6,0.0,0.002876,0.0,0.0,0.0002873000000000016,0.4061830487290785,0.0,-3.3086370779946822e-15,7.993605777301127e-15,7.993605777301127e-15,2.2291442631184124e-14,7.993605777301127e-15,NaN,converged,26,26,0,0,0,0,4,2.2291442631184124e-14,1.12.6,lbt,1,1,Intel(R) Core(TM) 7 150U,NT,2abc7cc
degen-r20-m1-d0-p4,100,Newton-SIN,1e-7*n,9.999999999999999e-6,4,9,0.01929,0.0162234,84.10264385692068,0.0,7.8e-6,0.0,0.0028127,0.0,0.0,0.00024610000000000257,0.4061830487290785,0.0,-3.3086370779946822e-15,7.993605777301127e-15,7.993605777301127e-15,2.2291442631184124e-14,7.993605777301127e-15,NaN,converged,26,26,0,0,0,0,4,2.2291442631184124e-14,1.12.6,lbt,1,1,Intel(R) Core(TM) 7 150U,NT,2abc7cc
degen-r20-m1-d0-p4,100,AGD-SDAJ-BH,1e-7*n,1.0e-11,10,72,0.1084003,0.1069995,98.70775265382106,0.0,5.4e-5,0.0,0.0,0.0,0.0,0.0013468000000000076,0.4061830487316443,7.250472068958397e-12,-3.58303103089592e-15,1.5171197631502764e-12,1.5171197631502764e-12,4.316018445022741e-12,1.5171197631502764e-12,NaN,diag_feasible_at_xpre,0,0,13,13,0,0,10,2.2291442631184124e-14,1.12.6,lbt,1,1,Intel(R) Core(TM) 7 150U,NT,2abc7cc
degen-r20-m1-d0-p4,100,AGD-SDAJ,1e-7*n,1.0e-11,11,99,0.1472697,0.1453365,98.68730635018609,0.0,7.4e-5,0.0,0.0,0.0,0.0,0.001859199999999996,0.4061830487354317,8.527573779620181e-12,-3.2658976851660175e-15,2.576716617852526e-12,2.576716617852526e-12,4.37602386914963e-12,2.576716617852526e-12,NaN,diag_feasible,0,0,32,16,16,0,11,2.2291442631184124e-14,1.12.6,lbt,1,1,Intel(R) Core(TM) 7 150U,NT,2abc7cc
degen-r20-m1-d0-p4,100,Dykstra-APM,1e-7*n,9.999999999999999e-6,105,105,0.1774641,0.1637618,92.27883273293021,0.0,0.0,0.0,0.0,0.0093893,0.0,0.004313000000000001,0.4061830487133086,1.8271860120422284e-11,-3.113180544853752e-15,1.489697254442035e-12,1.489697254442035e-12,8.24830094839625e-12,1.489697254442035e-12,NaN,diag_feasible,0,0,0,0,0,0,105,2.2291442631184124e-14,1.12.6,lbt,1,1,Intel(R) Core(TM) 7 150U,NT,2abc7cc
degen-r20-m1-d0-p4,100,Anderson-APM,1e-7*n,9.999999999999999e-6,34,34,0.0598442,0.0475322,79.42657768004251,0.0,0.0,0.0,0.0,0.0,0.0110349,0.0012771000000000032,0.4061830487427711,1.713868031625921e-11,-3.319824180807352e-15,1.4453993557594913e-12,1.4453993557594913e-12,8.044800747864533e-12,1.4453993557594913e-12,NaN,diag_feasible,0,0,0,0,0,0,34,2.2291442631184124e-14,1.12.6,lbt,1,1,Intel(R) Core(TM) 7 150U,NT,2abc7cc
degen-r20-m5-d0.01-p0,100,SBB-Dual,1e-7*n,1.0e-11,48,49,0.0760719,0.075029,98.62906013915782,5.81e-5,4.05e-5,3.98e-5,0.0,0.0,0.0,0.0009044999999999995,0.4214867308028107,7.556741115657784e-12,-3.075832565342945e-15,1.2703171847761041e-12,0.0,7.617201183785273e-12,1.2703171847761041e-12,100.0,diag_feasible,0,0,0,0,0,0,48,1.4616624776151618e-14,1.12.6,lbt,1,1,Intel(R) Core(TM) 7 150U,NT,2abc7cc
degen-r20-m5-d0.01-p0,100,Newton-SIN-BH,1e-7*n,9.999999999999999e-6,4,5,0.0101379,0.0073579,72.5781473480701,0.0,6.3e-6,0.0,0.0024899,0.0,0.0,0.0002838000000000003,0.42148673080281823,0.0,-3.366099082728546e-15,5.551115123125783e-15,5.551115123125783e-15,1.4616624776151618e-14,5.551115123125783e-15,NaN,converged,26,26,0,0,0,0,4,1.4616624776151618e-14,1.12.6,lbt,1,1,Intel(R) Core(TM) 7 150U,NT,2abc7cc
degen-r20-m5-d0.01-p0,100,Newton-SIN,1e-7*n,9.999999999999999e-6,4,9,0.0169475,0.014082599999999999,83.09544180557603,0.0,6.0e-6,0.0,0.0026498,0.0,0.0,0.000209100000000002,0.42148673080281823,0.0,-3.366099082728546e-15,5.551115123125783e-15,5.551115123125783e-15,1.4616624776151618e-14,5.551115123125783e-15,NaN,converged,26,26,0,0,0,0,4,1.4616624776151618e-14,1.12.6,lbt,1,1,Intel(R) Core(TM) 7 150U,NT,2abc7cc
degen-r20-m5-d0.01-p0,100,AGD-SDAJ-BH,1e-7*n,1.0e-11,9,57,0.1038233,0.102558,98.78129475753515,0.0,5.36e-5,0.0,0.0,0.0,0.0,0.001211699999999997,0.42148673079738047,7.463650575652367e-12,-3.018053313714439e-15,8.553158181712206e-13,8.553158181712206e-13,3.5797698919168696e-12,8.553158181712206e-13,NaN,diag_feasible,0,0,2,2,0,0,9,1.4616624776151618e-14,1.12.6,lbt,1,1,Intel(R) Core(TM) 7 150U,NT,2abc7cc
degen-r20-m5-d0.01-p0,100,AGD-SDAJ,1e-7*n,1.0e-11,11,118,0.1884966,0.1863049,98.83727345745228,0.0,9.72e-5,0.0,0.0,0.0,0.0,0.002094499999999991,0.42148673079552096,1.2308956228702302e-11,-3.1472049292972534e-15,3.68638453096537e-12,3.68638453096537e-12,6.747001460519636e-12,3.68638453096537e-12,NaN,diag_feasible_at_xpre,0,0,57,2,55,0,11,1.4616624776151618e-14,1.12.6,lbt,1,1,Intel(R) Core(TM) 7 150U,NT,2abc7cc
degen-r20-m5-d0.01-p0,100,Dykstra-APM,1e-7*n,9.999999999999999e-6,108,108,0.1791423,0.1660672,92.70127714113305,0.0,0.0,0.0,0.0,0.0088076,0.0,0.004267500000000006,0.42148673078699983,2.0186495586885837e-11,-3.80655587066223e-15,1.4883649868124849e-12,1.4883649868124849e-12,8.925813952199776e-12,1.4883649868124849e-12,NaN,diag_feasible,0,0,0,0,0,0,108,1.4616624776151618e-14,1.12.6,lbt,1,1,Intel(R) Core(TM) 7 150U,NT,2abc7cc
degen-r20-m5-d0.01-p0,100,Anderson-APM,1e-7*n,9.999999999999999e-6,34,34,0.0557651,0.0465857,83.53916697002248,0.0,0.0,0.0,0.0,0.0,0.0077644,0.001414999999999997,0.42148673079414184,1.3781156860670606e-11,-3.801180748449764e-15,1.6153745008296028e-12,1.6153745008296028e-12,6.663503657696348e-12,1.6153745008296028e-12,NaN,diag_feasible,0,0,0,0,0,0,34,1.4616624776151618e-14,1.12.6,lbt,1,1,Intel(R) Core(TM) 7 150U,NT,2abc7cc
degen-r20-m5-d0.01-p1,100,SBB-Dual,1e-7*n,1.0e-11,48,49,0.063083,0.0621585,98.53447045955328,5.38e-5,3.51e-5,4.31e-5,0.0,0.0,0.0,0.0007925000000000016,0.4172996317629239,6.769389377672325e-12,-3.3918981469589042e-15,1.1295409052536343e-12,0.0,6.766689859830207e-12,1.1295409052536343e-12,100.0,diag_feasible,0,0,0,0,0,0,48,7.501526487047494e-14,1.12.6,lbt,1,1,Intel(R) Core(TM) 7 150U,NT,2abc7cc
degen-r20-m5-d0.01-p1,100,Newton-SIN-BH,1e-7*n,9.999999999999999e-6,4,5,0.0152417,0.011040099999999999,72.43352119514226,0.0,7.6e-6,0.0,0.0037757,0.0,0.0,0.00041830000000000166,0.41729963176291995,0.0,-3.649100279438953e-15,1.8096635301390052e-14,1.8096635301390052e-14,7.501526487047494e-14,1.8096635301390052e-14,NaN,converged,26,26,0,0,0,0,4,7.501526487047494e-14,1.12.6,lbt,1,1,Intel(R) Core(TM) 7 150U,NT,2abc7cc
degen-r20-m5-d0.01-p1,100,Newton-SIN,1e-7*n,9.999999999999999e-6,6,28,0.0462176,0.041264800000000004,89.28373606591431,0.0,1.76e-5,0.0,0.0043892,0.0,0.0,0.0005459999999999927,0.4172996317629304,7.582165226197859e-13,-3.2746710140489637e-15,1.4210854715202004e-14,1.4210854715202004e-14,3.734411360461389e-14,1.4210854715202004e-14,NaN,converged,52,52,15,0,0,0,6,7.501526487047494e-14,1.12.6,lbt,1,1,Intel(R) Core(TM) 7 150U,NT,2abc7cc
degen-r20-m5-d0.01-p1,100,AGD-SDAJ-BH,1e-7*n,1.0e-11,11,78,0.1585325,0.15616560000000002,98.50699383407189,0.0,0.000106,0.0,0.0,0.0,0.0,0.002260899999999977,0.4172996317573839,9.130660448044033e-12,-3.3338651537904174e-15,3.225864020350855e-12,3.225864020350855e-12,5.0153999012207665e-12,3.225864020350855e-12,NaN,diag_feasible_at_xpre,0,0,15,15,0,0,11,7.501526487047494e-14,1.12.6,lbt,1,1,Intel(R) Core(TM) 7 150U,NT,2abc7cc
degen-r20-m5-d0.01-p1,100,AGD-SDAJ,1e-7*n,1.0e-11,9,77,0.1188213,0.1172904,98.71159463833504,0.0,5.86e-5,0.0,0.0,0.0,0.0,0.0014723000000000017,0.4172996317572041,8.669573918741249e-12,-3.91001623203516e-15,1.0174083797664935e-12,1.0174083797664935e-12,4.386040132700093e-12,1.0174083797664935e-12,NaN,diag_feasible,0,0,22,7,15,0,9,7.501526487047494e-14,1.12.6,lbt,1,1,Intel(R) Core(TM) 7 150U,NT,2abc7cc
degen-r20-m5-d0.01-p1,100,Dykstra-APM,1e-7*n,9.999999999999999e-6,108,108,0.1799838,0.1656547,92.03867236940212,0.0,0.0,0.0,0.0,0.0097949,0.0,0.004534200000000011,0.41729963174854723,1.8140488875721176e-11,-3.764082757486553e-15,1.3493650641294153e-12,1.3493650641294153e-12,8.04175303558075e-12,1.3493650641294153e-12,NaN,diag_feasible,0,0,0,0,0,0,108,7.501526487047494e-14,1.12.6,lbt,1,1,Intel(R) Core(TM) 7 150U,NT,2abc7cc
degen-r20-m5-d0.01-p1,100,Anderson-APM,1e-7*n,9.999999999999999e-6,39,39,0.1001613,0.0827288,82.59557334020226,0.0,0.0,0.0,0.0,0.0,0.0151859,0.0022465999999999892,0.4172996317690109,1.4128539889879375e-11,-3.5519653951305853e-15,3.3515412667384226e-12,3.3515412667384226e-12,7.2327658007720036e-12,3.3515412667384226e-12,NaN,diag_feasible,0,0,0,0,0,0,39,7.501526487047494e-14,1.12.6,lbt,1,1,Intel(R) Core(TM) 7 150U,NT,2abc7cc
degen-r20-m5-d0.01-p2,100,SBB-Dual,1e-7*n,1.0e-11,48,49,0.069821,0.0688111,98.5535870296902,5.73e-5,3.68e-5,3.77e-5,0.0,0.0,0.0,0.0008780999999999941,0.42153192860824007,6.2404977731116644e-12,-3.5205891814814386e-15,9.516831767086842e-13,0.0,6.693267994579586e-12,9.516831767086842e-13,100.0,diag_feasible,0,0,0,0,0,0,48,2.262132198735421e-14,1.12.6,lbt,1,1,Intel(R) Core(TM) 7 150U,NT,2abc7cc
degen-r20-m5-d0.01-p2,100,Newton-SIN-BH,1e-7*n,9.999999999999999e-6,4,5,0.0123758,0.0091924,74.27721844244412,0.0,7.6e-6,0.0,0.0028402,0.0,0.0,0.00033559999999999927,0.421531928608231,0.0,-3.186362338923517e-15,1.0658141036401503e-14,1.0658141036401503e-14,2.262132198735421e-14,1.0658141036401503e-14,NaN,converged,26,26,0,0,0,0,4,2.262132198735421e-14,1.12.6,lbt,1,1,Intel(R) Core(TM) 7 150U,NT,2abc7cc
degen-r20-m5-d0.01-p2,100,Newton-SIN,1e-7*n,9.999999999999999e-6,5,12,0.0202086,0.0165755,82.02201043120256,0.0,7.0e-6,0.0,0.0033923,0.0,0.0,0.00023380000000000015,0.42153192860824323,2.0514631179867227e-13,-3.5432418909844633e-15,3.9968028886505635e-15,3.9968028886505635e-15,1.0698541347628244e-14,3.9968028886505635e-15,NaN,converged,39,39,1,0,0,0,5,2.262132198735421e-14,1.12.6,lbt,1,1,Intel(R) Core(TM) 7 150U,NT,2abc7cc
degen-r20-m5-d0.01-p2,100,AGD-SDAJ-BH,1e-7*n,1.0e-11,10,75,0.1025866,0.1013615,98.80578945008412,0.0,4.46e-5,0.0,0.0,0.0,0.0,0.0011805000000000066,0.42153192859880656,1.3786845228104304e-11,-2.8234377322286815e-15,4.312106227644108e-12,4.312106227644108e-12,7.100095505969413e-12,4.312106227644108e-12,NaN,diag_feasible,0,0,14,14,0,0,10,2.262132198735421e-14,1.12.6,lbt,1,1,Intel(R) Core(TM) 7 150U,NT,2abc7cc
degen-r20-m5-d0.01-p2,100,AGD-SDAJ,1e-7*n,1.0e-11,11,100,0.1629406,0.1609881,98.8017105620085,0.0,7.79e-5,0.0,0.0,0.0,0.0,0.0018745999999999958,0.42153192860263927,7.656435277120412e-12,-3.837084647347596e-15,1.3993251002375473e-12,1.3993251002375473e-12,3.667221669891068e-12,1.3993251002375473e-12,NaN,diag_feasible,0,0,35,20,15,0,11,2.262132198735421e-14,1.12.6,lbt,1,1,Intel(R) Core(TM) 7 150U,NT,2abc7cc
degen-r20-m5-d0.01-p2,100,Dykstra-APM,1e-7*n,9.999999999999999e-6,107,107,0.2244623,0.1839072,81.93233340298124,0.0,0.0,0.0,0.0,0.0277065,0.0,0.012848600000000012,0.4215319285905782,2.2409238334278755e-11,-3.57777246824754e-15,1.4128698211379742e-12,1.4128698211379742e-12,9.939494373837341e-12,1.4128698211379742e-12,NaN,diag_feasible,0,0,0,0,0,0,107,2.262132198735421e-14,1.12.6,lbt,1,1,Intel(R) Core(TM) 7 150U,NT,2abc7cc
degen-r20-m5-d0.01-p2,100,Anderson-APM,1e-7*n,9.999999999999999e-6,31,31,0.0572471,0.048173,84.14924074756625,0.0,0.0,0.0,0.0,0.0,0.007725,0.0013491000000000015,0.42153192859699484,1.512925473228481e-11,-3.356944386537813e-15,1.3311574065255627e-12,1.3311574065255627e-12,7.094739175468466e-12,1.3311574065255627e-12,NaN,diag_feasible,0,0,0,0,0,0,31,2.262132198735421e-14,1.12.6,lbt,1,1,Intel(R) Core(TM) 7 150U,NT,2abc7cc
degen-r20-m5-d0.01-p3,100,SBB-Dual,1e-7*n,1.0e-11,48,49,0.0633766,0.0625324,98.66796262342882,4.81e-5,3.09e-5,3.91e-5,0.0,0.0,0.0,0.0007261000000000032,0.42165428465614674,6.941348816826183e-12,-3.4000228479335543e-15,1.063815702195825e-12,0.0,6.55878144425757e-12,1.063815702195825e-12,100.0,diag_feasible,0,0,0,0,0,0,48,1.783800554131211e-14,1.12.6,lbt,1,1,Intel(R) Core(TM) 7 150U,NT,2abc7cc
degen-r20-m5-d0.01-p3,100,Newton-SIN-BH,1e-7*n,9.999999999999999e-6,4,5,0.0088746,0.0065152,73.4140130259392,0.0,5.1e-6,0.0,0.0020997,0.0,0.0,0.0002546000000000002,0.4216542846561501,0.0,-2.7655346487102e-15,6.661338147750939e-15,6.661338147750939e-15,1.783800554131211e-14,6.661338147750939e-15,NaN,converged,25,25,0,0,0,0,4,1.783800554131211e-14,1.12.6,lbt,1,1,Intel(R) Core(TM) 7 150U,NT,2abc7cc
degen-r20-m5-d0.01-p3,100,Newton-SIN,1e-7*n,9.999999999999999e-6,4,9,0.0136359,0.011416200000000001,83.72164653598223,0.0,4.3e-6,0.0,0.0020481,0.0,0.0,0.00016729999999999783,0.4216542846561501,0.0,-2.7655346487102e-15,6.661338147750939e-15,6.661338147750939e-15,1.783800554131211e-14,6.661338147750939e-15,NaN,converged,25,25,0,0,0,0,4,1.783800554131211e-14,1.12.6,lbt,1,1,Intel(R) Core(TM) 7 150U,NT,2abc7cc
degen-r20-m5-d0.01-p3,100,AGD-SDAJ-BH,1e-7*n,1.0e-11,10,73,0.1226431,0.1211832,98.80963543811271,0.0,6.2e-5,0.0,0.0,0.0,0.0,0.0013979,0.4216542846470014,1.344491551737856e-11,-2.9608858069089742e-15,4.852118706821784e-12,4.852118706821784e-12,7.02920403411725e-12,4.852118706821784e-12,NaN,diag_feasible,0,0,12,12,0,0,10,1.783800554131211e-14,1.12.6,lbt,1,1,Intel(R) Core(TM) 7 150U,NT,2abc7cc
degen-r20-m5-d0.01-p3,100,AGD-SDAJ,1e-7*n,1.0e-11,9,78,0.1235807,0.1222353,98.91131867678368,0.0,5.49e-5,0.0,0.0,0.0,0.0,0.0012904999999999965,0.42165428464722715,1.316522588889431e-11,-3.3130493137980625e-15,2.9383162569729393e-12,2.9383162569729393e-12,6.648934263989517e-12,2.9383162569729393e-12,NaN,diag_feasible,0,0,23,9,14,0,9,1.783800554131211e-14,1.12.6,lbt,1,1,Intel(R) Core(TM) 7 150U,NT,2abc7cc
degen-r20-m5-d0.01-p3,100,Dykstra-APM,1e-7*n,9.999999999999999e-6,107,107,0.1736187,0.1596915,91.97828344527404,0.0,0.0,0.0,0.0,0.0094902,0.0,0.004437,0.4216542846388397,2.2042077995544495e-11,-3.5286662204389195e-15,1.5865087021893487e-12,1.5865087021893487e-12,9.771850913492344e-12,1.5865087021893487e-12,NaN,diag_feasible,0,0,0,0,0,0,107,1.783800554131211e-14,1.12.6,lbt,1,1,Intel(R) Core(TM) 7 150U,NT,2abc7cc
degen-r20-m5-d0.01-p3,100,Anderson-APM,1e-7*n,9.999999999999999e-6,35,35,0.0512107,0.0431113,84.18416463746833,0.0,0.0,0.0,0.0,0.0,0.0069067,0.0011926999999999997,0.4216542846550176,1.568975099561687e-11,-3.493328727297913e-15,6.361133841892297e-12,6.361133841892297e-12,8.535907686139752e-12,6.361133841892297e-12,NaN,diag_feasible,0,0,0,0,0,0,35,1.783800554131211e-14,1.12.6,lbt,1,1,Intel(R) Core(TM) 7 150U,NT,2abc7cc
degen-r20-m5-d0.01-p4,100,SBB-Dual,1e-7*n,1.0e-11,48,49,0.0661612,0.0652872,98.6789840571211,5.46e-5,5.03e-5,3.96e-5,0.0,0.0,0.0,0.0007294999999999998,0.4220716628010783,7.318502736105019e-12,-3.487168470199482e-15,1.2028156248788946e-12,0.0,7.194575226354992e-12,1.2028156248788946e-12,100.0,diag_feasible,0,0,0,0,0,0,48,1.6161659608148648e-14,1.12.6,lbt,1,1,Intel(R) Core(TM) 7 150U,NT,2abc7cc
degen-r20-m5-d0.01-p4,100,Newton-SIN-BH,1e-7*n,9.999999999999999e-6,4,5,0.0115528,0.0083604,72.36687210027006,0.0,7.7e-6,0.0,0.002836,0.0,0.0,0.00034869999999999996,0.4220716628010762,0.0,-3.311206831244583e-15,5.551115123125783e-15,5.551115123125783e-15,1.6161659608148648e-14,5.551115123125783e-15,NaN,converged,26,26,0,0,0,0,4,1.6161659608148648e-14,1.12.6,lbt,1,1,Intel(R) Core(TM) 7 150U,NT,2abc7cc
degen-r20-m5-d0.01-p4,100,Newton-SIN,1e-7*n,9.999999999999999e-6,8,24,0.0506752,0.0404626,79.84694683000758,0.0,1.79e-5,0.0,0.0097186,0.0,0.0,0.00047609999999999493,0.4220716628010792,1.276041966629848e-13,-3.850744212455217e-15,6.8833827526759706e-15,6.8833827526759706e-15,1.681832150746052e-14,6.8833827526759706e-15,NaN,converged,79,79,7,0,0,0,8,1.6161659608148648e-14,1.12.6,lbt,1,1,Intel(R) Core(TM) 7 150U,NT,2abc7cc
degen-r20-m5-d0.01-p4,100,AGD-SDAJ-BH,1e-7*n,1.0e-11,11,75,0.1027038,0.10055499999999999,97.9077697222498,0.0,4.3e-5,0.0,0.0,0.0,0.0,0.002105800000000006,0.4220716627895626,1.6484435640567883e-11,-3.82856164230214e-15,5.855760321082926e-12,5.855760321082926e-12,8.541220640233395e-12,5.855760321082926e-12,NaN,diag_feasible_at_xpre,0,0,12,12,0,0,11,1.6161659608148648e-14,1.12.6,lbt,1,1,Intel(R) Core(TM) 7 150U,NT,2abc7cc
degen-r20-m5-d0.01-p4,100,AGD-SDAJ,1e-7*n,1.0e-11,12,97,0.1464362,0.14476740000000002,98.86039107816238,0.0,6.34e-5,0.0,0.0,0.0,0.0,0.0016053999999999704,0.4220716627957062,7.310107133710926e-12,-4.5563837037173155e-15,9.908740494779522e-13,9.908740494779522e-13,3.4749789147900273e-12,9.908740494779522e-13,NaN,diag_feasible,0,0,24,15,9,0,12,1.6161659608148648e-14,1.12.6,lbt,1,1,Intel(R) Core(TM) 7 150U,NT,2abc7cc
degen-r20-m5-d0.01-p4,100,Dykstra-APM,1e-7*n,9.999999999999999e-6,108,108,0.1760512,0.1612801,91.60977033953759,0.0,0.0,0.0,0.0,0.0099031,0.0,0.004867999999999982,0.422071662786064,1.9193250448105273e-11,-2.997641961522144e-15,1.419087070075875e-12,1.419087070075875e-12,8.497389313841309e-12,1.419087070075875e-12,NaN,diag_feasible,0,0,0,0,0,0,108,1.6161659608148648e-14,1.12.6,lbt,1,1,Intel(R) Core(TM) 7 150U,NT,2abc7cc
degen-r20-m5-d0.01-p4,100,Anderson-APM,1e-7*n,9.999999999999999e-6,35,35,0.0638037,0.053991,84.62048439197099,0.0,0.0,0.0,0.0,0.0,0.0083887,0.0014240000000000069,0.42207166281661845,2.0674026538973286e-11,-3.919922621138669e-15,1.7709167465795872e-12,1.7709167465795872e-12,9.409970448255018e-12,1.7709167465795872e-12,NaN,diag_feasible,0,0,0,0,0,0,35,1.6161659608148648e-14,1.12.6,lbt,1,1,Intel(R) Core(TM) 7 150U,NT,2abc7cc
degen-r20-m5-d0.0001-p0,100,SBB-Dual,1e-7*n,1.0e-11,46,47,0.0805003,0.0792616,98.46124797050446,9.23e-5,5.05e-5,3.84e-5,0.0,0.0,0.0,0.0010574999999999953,0.42908421115227735,8.326792149814451e-12,-3.657028520396288e-15,1.3995471448424723e-12,0.0,8.398303447175218e-12,1.3995471448424723e-12,100.0,diag_feasible,0,0,0,0,0,0,46,3.019418840363576e-14,1.12.6,lbt,1,1,Intel(R) Core(TM) 7 150U,NT,2abc7cc
degen-r20-m5-d0.0001-p0,100,Newton-SIN-BH,1e-7*n,9.999999999999999e-6,4,5,0.0111769,0.0081898,73.2743426173626,0.0,6.8e-6,0.0,0.0026711,0.0,0.0,0.0003091999999999995,0.4290842111522886,0.0,-3.113595572661867e-15,1.0325074129013956e-14,1.0325074129013956e-14,3.019418840363576e-14,1.0325074129013956e-14,NaN,converged,24,24,0,0,0,0,4,3.019418840363576e-14,1.12.6,lbt,1,1,Intel(R) Core(TM) 7 150U,NT,2abc7cc
degen-r20-m5-d0.0001-p0,100,Newton-SIN,1e-7*n,9.999999999999999e-6,4,9,0.0177726,0.015090699999999999,84.9099175134758,0.0,7.2e-6,0.0,0.002454,0.0,0.0,0.00022070000000000076,0.4290842111522886,0.0,-3.113595572661867e-15,1.0325074129013956e-14,1.0325074129013956e-14,3.019418840363576e-14,1.0325074129013956e-14,NaN,converged,24,24,0,0,0,0,4,3.019418840363576e-14,1.12.6,lbt,1,1,Intel(R) Core(TM) 7 150U,NT,2abc7cc
degen-r20-m5-d0.0001-p0,100,AGD-SDAJ-BH,1e-7*n,1.0e-11,13,85,0.1297516,0.1281531,98.76803060617364,0.0,5.91e-5,0.0,0.0,0.0,0.0,0.0015394000000000026,0.42908421115826134,1.6810031727845433e-11,-3.2425028799779793e-15,3.1390445798251676e-12,3.1390445798251676e-12,9.583476514371342e-12,3.1390445798251676e-12,NaN,diag_feasible_at_xpre,0,0,8,8,0,0,13,3.019418840363576e-14,1.12.6,lbt,1,1,Intel(R) Core(TM) 7 150U,NT,2abc7cc
degen-r20-m5-d0.0001-p0,100,AGD-SDAJ,1e-7*n,1.0e-11,11,78,0.1215379,0.1198289,98.59385426274437,0.0,8.02e-5,0.0,0.0,0.0,0.0,0.0016288000000000023,0.42908421115983475,1.2425333402628182e-11,-3.0326037572533206e-15,3.4727776210274897e-12,3.4727776210274897e-12,6.797247689437798e-12,3.4727776210274897e-12,NaN,diag_feasible_at_xpre,0,0,15,8,7,0,11,3.019418840363576e-14,1.12.6,lbt,1,1,Intel(R) Core(TM) 7 150U,NT,2abc7cc
degen-r20-m5-d0.0001-p0,100,Dykstra-APM,1e-7*n,9.999999999999999e-6,104,104,0.1638012,0.151529,92.50786929521882,0.0,0.0,0.0,0.0,0.0084672,0.0,0.0038050000000000115,0.4290842111352123,2.232664408116555e-11,-3.3733047883798782e-15,1.6469048347289572e-12,1.6469048347289572e-12,9.871211952231685e-12,1.6469048347289572e-12,NaN,diag_feasible,0,0,0,0,0,0,104,3.019418840363576e-14,1.12.6,lbt,1,1,Intel(R) Core(TM) 7 150U,NT,2abc7cc
degen-r20-m5-d0.0001-p0,100,Anderson-APM,1e-7*n,9.999999999999999e-6,39,39,0.0607925,0.0510675,84.00296089155735,0.0,0.0,0.0,0.0,0.0,0.0083256,0.0013993999999999968,0.42908421116060286,1.2905656270981561e-11,-3.48832802927211e-15,1.6050494267005888e-12,1.6050494267005888e-12,6.253817685435952e-12,1.6050494267005888e-12,NaN,diag_feasible,0,0,0,0,0,0,39,3.019418840363576e-14,1.12.6,lbt,1,1,Intel(R) Core(TM) 7 150U,NT,2abc7cc
degen-r20-m5-d0.0001-p1,100,SBB-Dual,1e-7*n,1.0e-11,46,47,0.0636643,0.0627228,98.5211492154944,4.65e-5,3.34e-5,3.92e-5,0.0,0.0,0.0,0.000822399999999998,0.42387095888691306,8.19325034231654e-12,-3.5261240024865896e-15,1.362243651215067e-12,0.0,8.231495532403328e-12,1.362243651215067e-12,100.0,diag_feasible,0,0,0,0,0,0,46,1.7701356353232222e-14,1.12.6,lbt,1,1,Intel(R) Core(TM) 7 150U,NT,2abc7cc
degen-r20-m5-d0.0001-p1,100,Newton-SIN-BH,1e-7*n,9.999999999999999e-6,4,5,0.0138355,0.009975699999999999,72.10220086010624,0.0,7.5e-6,0.0,0.003485,0.0,0.0,0.0003673000000000018,0.4238709588869073,6.0196445548959e-13,-3.1282202473026492e-15,3.4638958368304884e-14,3.4638958368304884e-14,1.3323120377310489e-13,3.4638958368304884e-14,NaN,converged,23,23,0,0,0,0,4,1.7701356353232222e-14,1.12.6,lbt,1,1,Intel(R) Core(TM) 7 150U,NT,2abc7cc
degen-r20-m5-d0.0001-p1,100,Newton-SIN,1e-7*n,9.999999999999999e-6,9,31,0.0804922,0.067603,83.98701986030945,0.0,3.78e-5,0.0,0.0119513,0.0,0.0,0.0009001000000000044,0.42387095888691306,3.505318148030057e-13,-3.012778385335509e-15,9.769962616701378e-15,9.769962616701378e-15,3.9044351363391366e-14,9.769962616701378e-15,NaN,converged,83,83,12,0,0,0,9,1.7701356353232222e-14,1.12.6,lbt,1,1,Intel(R) Core(TM) 7 150U,NT,2abc7cc
degen-r20-m5-d0.0001-p1,100,AGD-SDAJ-BH,1e-7*n,1.0e-11,9,72,0.0959867,0.0947688,98.73117838200501,0.0,4.59e-5,0.0,0.0,0.0,0.0,0.001171999999999994,0.4238709588944922,1.1294950594876636e-11,-3.0098042340273465e-15,2.8352875602877248e-12,2.8352875602877248e-12,5.70300576757084e-12,2.8352875602877248e-12,NaN,diag_feasible,0,0,17,17,0,0,9,1.7701356353232222e-14,1.12.6,lbt,1,1,Intel(R) Core(TM) 7 150U,NT,2abc7cc
degen-r20-m5-d0.0001-p1,100,AGD-SDAJ,1e-7*n,1.0e-11,10,96,0.1604024,0.15816760000000002,98.60675401365567,0.0,8.94e-5,0.0,0.0,0.0,0.0,0.0021453999999999813,0.42387095889359666,9.800838885039727e-12,-3.4183682543389345e-15,1.3937739851144215e-12,1.3937739851144215e-12,4.816327477934691e-12,1.3937739851144215e-12,NaN,diag_feasible,0,0,35,17,18,0,10,1.7701356353232222e-14,1.12.6,lbt,1,1,Intel(R) Core(TM) 7 150U,NT,2abc7cc
degen-r20-m5-d0.0001-p1,100,Dykstra-APM,1e-7*n,9.999999999999999e-6,104,104,0.1493047,0.1383927,92.69145579476064,0.0,0.0,0.0,0.0,0.0074691,0.0,0.003442900000000005,0.4238709588699975,2.1830210833264037e-11,-3.022667753718213e-15,1.603384092163651e-12,1.603384092163651e-12,9.67668433270148e-12,1.603384092163651e-12,NaN,diag_feasible,0,0,0,0,0,0,104,1.7701356353232222e-14,1.12.6,lbt,1,1,Intel(R) Core(TM) 7 150U,NT,2abc7cc
degen-r20-m5-d0.0001-p1,100,Anderson-APM,1e-7*n,9.999999999999999e-6,31,31,0.0693114,0.0558227,80.53898781441438,0.0,0.0,0.0,0.0,0.0,0.0084392,0.005049499999999993,0.4238709588893262,1.4918437387974362e-11,-3.1292833121263963e-15,1.8964829706646924e-12,1.8964829706646924e-12,8.80070956884622e-12,1.8964829706646924e-12,NaN,diag_feasible,0,0,0,0,0,0,31,1.7701356353232222e-14,1.12.6,lbt,1,1,Intel(R) Core(TM) 7 150U,NT,2abc7cc
degen-r20-m5-d0.0001-p2,100,SBB-Dual,1e-7*n,1.0e-11,46,47,0.071176,0.0702064,98.63774305945824,5.55e-5,3.45e-5,4.12e-5,0.0,0.0,0.0,0.000838400000000001,0.4291127770732575,6.986215069318305e-12,-2.9713100950821636e-15,1.0682565942943256e-12,0.0,7.499669127328145e-12,1.0682565942943256e-12,100.0,diag_feasible,0,0,0,0,0,0,46,1.4273599921707572e-14,1.12.6,lbt,1,1,Intel(R) Core(TM) 7 150U,NT,2abc7cc
degen-r20-m5-d0.0001-p2,100,Newton-SIN-BH,1e-7*n,9.999999999999999e-6,4,5,0.0079093,0.005772899999999999,72.98876006726259,0.0,4.6e-6,0.0,0.0019077,0.0,0.0,0.00022410000000000008,0.4291127770732609,0.0,-3.565429794858145e-15,3.9968028886505635e-15,3.9968028886505635e-15,1.4273599921707572e-14,3.9968028886505635e-15,NaN,converged,23,23,0,0,0,0,4,1.4273599921707572e-14,1.12.6,lbt,1,1,Intel(R) Core(TM) 7 150U,NT,2abc7cc
degen-r20-m5-d0.0001-p2,100,Newton-SIN,1e-7*n,9.999999999999999e-6,12,81,0.1132199,0.1024297,90.469696581608,0.0,4.28e-5,0.0,0.0096151,0.0,0.0,0.0011322999999999993,0.42911277707326473,2.0165191151241276e-13,-3.585189686070403e-15,1.9761969838327786e-14,1.9761969838327786e-14,3.335458093640009e-14,1.9761969838327786e-14,NaN,converged,111,111,56,0,0,0,12,1.4273599921707572e-14,1.12.6,lbt,1,1,Intel(R) Core(TM) 7 150U,NT,2abc7cc
degen-r20-m5-d0.0001-p2,100,AGD-SDAJ-BH,1e-7*n,1.0e-11,12,85,0.1127192,0.11137470000000001,98.80721296815449,0.0,5.09e-5,0.0,0.0,0.0,0.0,0.0012935999999999985,0.4291127770782483,8.82523901640781e-12,-3.2306366582734673e-15,3.1865621252791243e-12,3.1865621252791243e-12,4.967223505067447e-12,3.1865621252791243e-12,NaN,diag_feasible_at_xpre,0,0,16,16,0,0,12,1.4273599921707572e-14,1.12.6,lbt,1,1,Intel(R) Core(TM) 7 150U,NT,2abc7cc
degen-r20-m5-d0.0001-p2,100,AGD-SDAJ,1e-7*n,1.0e-11,14,177,0.2642688,0.2613992,98.91413591010364,0.0,0.0001153,0.0,0.0,0.0,0.0,0.0027543000000000276,0.42911277707856493,8.107822281804783e-12,-3.4057114328485e-15,1.6585621764875214e-12,1.6585621764875214e-12,4.138694169758243e-12,1.6585621764875214e-12,NaN,diag_feasible_at_xpre,0,0,102,17,85,0,14,1.4273599921707572e-14,1.12.6,lbt,1,1,Intel(R) Core(TM) 7 150U,NT,2abc7cc
degen-r20-m5-d0.0001-p2,100,Dykstra-APM,1e-7*n,9.999999999999999e-6,104,104,0.1538689,0.1429317,92.89187093688199,0.0,0.0,0.0,0.0,0.0073734,0.0,0.0035638000000000085,0.4291127770577266,2.020387742457257e-11,-3.4046232214529066e-15,1.2725376308253544e-12,1.2725376308253544e-12,8.955613683366157e-12,1.2725376308253544e-12,NaN,diag_feasible,0,0,0,0,0,0,104,1.4273599921707572e-14,1.12.6,lbt,1,1,Intel(R) Core(TM) 7 150U,NT,2abc7cc
degen-r20-m5-d0.0001-p2,100,Anderson-APM,1e-7*n,9.999999999999999e-6,35,35,0.0703035,0.0582198,82.81209328127333,0.0,0.0,0.0,0.0,0.0,0.0102925,0.0017912000000000032,0.4291127770799197,1.1508567536996958e-11,-2.9549135345828696e-15,1.513789094076401e-12,1.513789094076401e-12,5.909099212426084e-12,1.513789094076401e-12,NaN,diag_feasible,0,0,0,0,0,0,35,1.4273599921707572e-14,1.12.6,lbt,1,1,Intel(R) Core(TM) 7 150U,NT,2abc7cc
degen-r20-m5-d0.0001-p3,100,SBB-Dual,1e-7*n,1.0e-11,46,47,0.0607619,0.059973900000000004,98.70313469460304,4.73e-5,3.04e-5,3.86e-5,0.0,0.0,0.0,0.0006716999999999971,0.42918999753822307,7.758349575327947e-12,-3.651106310228815e-15,1.190825216212943e-12,0.0,7.335121709023396e-12,1.190825216212943e-12,100.0,diag_feasible,0,0,0,0,0,0,46,2.3534371398587618e-14,1.12.6,lbt,1,1,Intel(R) Core(TM) 7 150U,NT,2abc7cc
degen-r20-m5-d0.0001-p3,100,Newton-SIN-BH,1e-7*n,9.999999999999999e-6,4,5,0.0111342,0.00812,72.92845467119326,0.0,7.0e-6,0.0,0.0026963,0.0,0.0,0.0003108999999999998,0.429189997538224,0.0,-3.815221376908383e-15,8.659739592076221e-15,8.659739592076221e-15,2.3534371398587618e-14,8.659739592076221e-15,NaN,converged,25,25,0,0,0,0,4,2.3534371398587618e-14,1.12.6,lbt,1,1,Intel(R) Core(TM) 7 150U,NT,2abc7cc
degen-r20-m5-d0.0001-p3,100,Newton-SIN,1e-7*n,9.999999999999999e-6,4,9,0.0184351,0.0152902,82.94069465313451,0.0,7.8e-6,0.0,0.0029123,0.0,0.0,0.00022479999999999896,0.429189997538224,0.0,-3.815221376908383e-15,8.659739592076221e-15,8.659739592076221e-15,2.3534371398587618e-14,8.659739592076221e-15,NaN,converged,25,25,0,0,0,0,4,2.3534371398587618e-14,1.12.6,lbt,1,1,Intel(R) Core(TM) 7 150U,NT,2abc7cc
degen-r20-m5-d0.0001-p3,100,AGD-SDAJ-BH,1e-7*n,1.0e-11,11,74,0.1047883,0.1036585,98.92182619624519,0.0,4.44e-5,0.0,0.0,0.0,0.0,0.0010854000000000003,0.429189997544548,9.9397157505933e-12,-3.253585868990226e-15,4.121480934315969e-12,4.121480934315969e-12,5.4042839848092085e-12,4.121480934315969e-12,NaN,diag_feasible_at_xpre,0,0,11,11,0,0,11,2.3534371398587618e-14,1.12.6,lbt,1,1,Intel(R) Core(TM) 7 150U,NT,2abc7cc
degen-r20-m5-d0.0001-p3,100,AGD-SDAJ,1e-7*n,1.0e-11,10,83,0.128502,0.1269065,98.75838508350064,0.0,6.84e-5,0.0,0.0,0.0,0.0,0.0015270999999999998,0.4291899975464153,1.1710716816751092e-11,-3.564823866437546e-15,3.606337450889896e-12,3.606337450889896e-12,5.860847749287257e-12,3.606337450889896e-12,NaN,diag_feasible,0,0,22,10,12,0,10,2.3534371398587618e-14,1.12.6,lbt,1,1,Intel(R) Core(TM) 7 150U,NT,2abc7cc
degen-r20-m5-d0.0001-p3,100,Dykstra-APM,1e-7*n,9.999999999999999e-6,104,104,0.1767026,0.1639774,92.7985213573541,0.0,0.0,0.0,0.0,0.0087326,0.0,0.003992599999999992,0.4291899975230563,1.9796856839502818e-11,-3.5287380202890266e-15,1.4221956945448255e-12,1.4221956945448255e-12,8.775798263993353e-12,1.4221956945448255e-12,NaN,diag_feasible,0,0,0,0,0,0,104,2.3534371398587618e-14,1.12.6,lbt,1,1,Intel(R) Core(TM) 7 150U,NT,2abc7cc
degen-r20-m5-d0.0001-p3,100,Anderson-APM,1e-7*n,9.999999999999999e-6,33,33,0.04935,0.0417708,84.6419452887538,0.0,0.0,0.0,0.0,0.0,0.0063877,0.0011915000000000016,0.42918999754236115,1.59083808911713e-11,-3.790209449696016e-15,2.858380199199928e-12,2.858380199199928e-12,9.028189779172326e-12,2.858380199199928e-12,NaN,diag_feasible,0,0,0,0,0,0,33,2.3534371398587618e-14,1.12.6,lbt,1,1,Intel(R) Core(TM) 7 150U,NT,2abc7cc
degen-r20-m5-d0.0001-p4,100,SBB-Dual,1e-7*n,1.0e-11,46,47,0.0607787,0.0598639,98.49486744533858,4.99e-5,3.28e-5,3.88e-5,0.0,0.0,0.0,0.0007933000000000004,0.42973637909717416,7.92803771112311e-12,-3.354255066707732e-15,1.3031797863050087e-12,0.0,7.794893803502999e-12,1.3031797863050087e-12,100.0,diag_feasible,0,0,0,0,0,0,46,2.3371183563433114e-14,1.12.6,lbt,1,1,Intel(R) Core(TM) 7 150U,NT,2abc7cc
degen-r20-m5-d0.0001-p4,100,Newton-SIN-BH,1e-7*n,9.999999999999999e-6,4,5,0.0122989,0.0086503,70.33393230288887,0.0,7.6e-6,0.0,0.0032995,0.0,0.0,0.0003415000000000002,0.42973637909718193,0.0,-3.3299467322570263e-15,6.661338147750939e-15,6.661338147750939e-15,2.3371183563433114e-14,6.661338147750939e-15,NaN,converged,26,26,0,0,0,0,4,2.3371183563433114e-14,1.12.6,lbt,1,1,Intel(R) Core(TM) 7 150U,NT,2abc7cc
degen-r20-m5-d0.0001-p4,100,Newton-SIN,1e-7*n,9.999999999999999e-6,4,9,0.013908,0.0117357,84.3809318377912,0.0,5.4e-6,0.0,0.0019878,0.0,0.0,0.00017910000000000018,0.42973637909718193,0.0,-3.3299467322570263e-15,6.661338147750939e-15,6.661338147750939e-15,2.3371183563433114e-14,6.661338147750939e-15,NaN,converged,26,26,0,0,0,0,4,2.3371183563433114e-14,1.12.6,lbt,1,1,Intel(R) Core(TM) 7 150U,NT,2abc7cc
degen-r20-m5-d0.0001-p4,100,AGD-SDAJ-BH,1e-7*n,1.0e-11,10,77,0.102616,0.1013112,98.72846339752087,0.0,4.79e-5,0.0,0.0,0.0,0.0,0.0012568999999999948,0.4297363791067516,1.570142368708941e-11,-3.2470561603421083e-15,5.808020731024044e-12,5.808020731024044e-12,8.619481191507078e-12,5.808020731024044e-12,NaN,diag_feasible,0,0,18,18,0,0,10,2.3371183563433114e-14,1.12.6,lbt,1,1,Intel(R) Core(TM) 7 150U,NT,2abc7cc
degen-r20-m5-d0.0001-p4,100,AGD-SDAJ,1e-7*n,1.0e-11,12,113,0.1592505,0.157528,98.91837074294901,0.0,7.5e-5,0.0,0.0,0.0,0.0,0.001647499999999988,0.4297363791077719,1.5625076526086472e-11,-3.4453406063067067e-15,5.6806781500995385e-12,5.6806781500995385e-12,8.156994442447884e-12,5.6806781500995385e-12,NaN,diag_feasible,0,0,40,29,11,0,12,2.3371183563433114e-14,1.12.6,lbt,1,1,Intel(R) Core(TM) 7 150U,NT,2abc7cc
degen-r20-m5-d0.0001-p4,100,Dykstra-APM,1e-7*n,9.999999999999999e-6,104,104,0.1453795,0.1340881,92.23315529355926,0.0,0.0,0.0,0.0,0.007836,0.0,0.0034554000000000078,0.42973637908125006,2.0876056424065148e-11,-3.754333607978753e-15,1.5420997812043424e-12,1.5420997812043424e-12,9.237455556766392e-12,1.5420997812043424e-12,NaN,diag_feasible,0,0,0,0,0,0,104,2.3371183563433114e-14,1.12.6,lbt,1,1,Intel(R) Core(TM) 7 150U,NT,2abc7cc
degen-r20-m5-d0.0001-p4,100,Anderson-APM,1e-7*n,9.999999999999999e-6,31,31,0.0461222,0.0390474,84.6607490536011,0.0,0.0,0.0,0.0,0.0,0.0059878,0.0010869999999999994,0.42973637909961904,1.4587754067352975e-11,-3.538944713771913e-15,2.8068658508573208e-12,2.8068658508573208e-12,8.601504360362796e-12,2.8068658508573208e-12,NaN,diag_feasible,0,0,0,0,0,0,31,2.3371183563433114e-14,1.12.6,lbt,1,1,Intel(R) Core(TM) 7 150U,NT,2abc7cc
degen-r20-m5-d1e-06-p0,100,SBB-Dual,1e-7*n,1.0e-11,44,45,0.057042,0.056214700000000006,98.54966515900564,4.6e-5,4.3e-5,3.81e-5,0.0,0.0,0.0,0.0007001999999999961,0.429164693615609,9.292800727309394e-12,-3.254797498394416e-15,1.5631940186722204e-12,0.0,9.365571151227318e-12,1.5631940186722204e-12,100.0,diag_feasible,0,0,0,0,0,0,44,5.811134696405247e-14,1.12.6,lbt,1,1,Intel(R) Core(TM) 7 150U,NT,2abc7cc
degen-r20-m5-d1e-06-p0,100,Newton-SIN-BH,1e-7*n,9.999999999999999e-6,4,5,0.0082743,0.006214300000000001,75.10363414427808,0.0,5.1e-6,0.0,0.0018288,0.0,0.0,0.00022609999999999926,0.4291646936156021,0.0,-3.4087076071903896e-15,2.731148640577885e-14,2.731148640577885e-14,5.811134696405247e-14,2.731148640577885e-14,NaN,converged,22,22,0,0,0,0,4,5.811134696405247e-14,1.12.6,lbt,1,1,Intel(R) Core(TM) 7 150U,NT,2abc7cc
degen-r20-m5-d1e-06-p0,100,Newton-SIN,1e-7*n,9.999999999999999e-6,4,9,0.0171204,0.0143719,83.94605266232097,0.0,6.9e-6,0.0,0.0025203,0.0,0.0,0.0002213000000000011,0.4291646936156021,0.0,-3.4087076071903896e-15,2.731148640577885e-14,2.731148640577885e-14,5.811134696405247e-14,2.731148640577885e-14,NaN,converged,22,22,0,0,0,0,4,5.811134696405247e-14,1.12.6,lbt,1,1,Intel(R) Core(TM) 7 150U,NT,2abc7cc
degen-r20-m5-d1e-06-p0,100,AGD-SDAJ-BH,1e-7*n,1.0e-11,13,99,0.1402826,0.1385099,98.73633650930336,0.0,7.0e-5,0.0,0.0,0.0,0.0,0.001702700000000016,0.4291646936235237,1.377594961636437e-11,-3.060355989945857e-15,6.1483040880716544e-12,6.1483040880716544e-12,7.89031850260607e-12,6.1483040880716544e-12,NaN,diag_feasible_at_xpre,0,0,24,24,0,0,13,5.811134696405247e-14,1.12.6,lbt,1,1,Intel(R) Core(TM) 7 150U,NT,2abc7cc
degen-r20-m5-d1e-06-p0,100,AGD-SDAJ,1e-7*n,1.0e-11,11,96,0.1366211,0.13483599999999998,98.69339362660672,0.0,7.19e-5,0.0,0.0,0.0,0.0,0.0017132000000000117,0.4291646936196121,5.950960725542475e-12,-3.1085815223124695e-15,1.3575807145116414e-12,1.3575807145116414e-12,2.955384398952404e-12,1.3575807145116414e-12,NaN,diag_feasible,0,0,29,18,11,0,11,5.811134696405247e-14,1.12.6,lbt,1,1,Intel(R) Core(TM) 7 150U,NT,2abc7cc
degen-r20-m5-d1e-06-p0,100,Dykstra-APM,1e-7*n,9.999999999999999e-6,101,101,0.1770272,0.1504824,85.00524213228249,0.0,0.0,0.0,0.0,0.0185908,0.0,0.007954000000000006,0.42916469360023857,2.0088849338366815e-11,-3.0326114472196798e-15,1.4850343177386094e-12,1.4850343177386094e-12,8.89310548083886e-12,1.4850343177386094e-12,NaN,diag_feasible,0,0,0,0,0,0,101,5.811134696405247e-14,1.12.6,lbt,1,1,Intel(R) Core(TM) 7 150U,NT,2abc7cc
degen-r20-m5-d1e-06-p0,100,Anderson-APM,1e-7*n,9.999999999999999e-6,40,40,0.0599022,0.0505852,84.44631415874541,0.0,0.0,0.0,0.0,0.0,0.0079653,0.001351700000000006,0.4291646936241688,1.4521334692753557e-11,-3.76753795250796e-15,1.882605182856878e-12,1.882605182856878e-12,7.290630683658595e-12,1.882605182856878e-12,NaN,diag_feasible,0,0,0,0,0,0,40,5.811134696405247e-14,1.12.6,lbt,1,1,Intel(R) Core(TM) 7 150U,NT,2abc7cc
degen-r20-m5-d1e-06-p1,100,SBB-Dual,1e-7*n,1.0e-11,45,46,0.0608251,0.0600353,98.70152289104333,4.85e-5,2.78e-5,3.83e-5,0.0,0.0,0.0,0.0006752000000000001,0.4239407844067261,6.131217081664791e-12,-3.2881616185958263e-15,1.0160761121369433e-12,0.0,6.160862804788568e-12,1.0160761121369433e-12,100.0,diag_feasible,0,0,0,0,0,0,45,5.648340789863307e-14,1.12.6,lbt,1,1,Intel(R) Core(TM) 7 150U,NT,2abc7cc
degen-r20-m5-d1e-06-p1,100,Newton-SIN-BH,1e-7*n,9.999999999999999e-6,4,5,0.0101297,0.007634,75.36254775560974,0.0,6.7e-6,0.0,0.0021923,0.0,0.0,0.0002967,0.4239407844067199,5.503617877341489e-13,-3.5532190404109294e-15,5.4289905904170155e-14,5.4289905904170155e-14,1.4794137349814458e-13,5.4289905904170155e-14,NaN,converged,21,21,0,0,0,0,4,5.648340789863307e-14,1.12.6,lbt,1,1,Intel(R) Core(TM) 7 150U,NT,2abc7cc
degen-r20-m5-d1e-06-p1,100,Newton-SIN,1e-7*n,9.999999999999999e-6,5,12,0.0240401,0.0203611,84.69640309316517,0.0,9.8e-6,0.0,0.003373,0.0,0.0,0.0002961999999999982,0.4239407844067342,3.6454500935355706e-13,-3.5216067164658012e-15,1.7985612998927536e-14,1.7985612998927536e-14,3.885637840605833e-14,1.7985612998927536e-14,NaN,converged,30,30,1,0,0,0,5,5.648340789863307e-14,1.12.6,lbt,1,1,Intel(R) Core(TM) 7 150U,NT,2abc7cc
degen-r20-m5-d1e-06-p1,100,AGD-SDAJ-BH,1e-7*n,1.0e-11,10,78,0.1023567,0.1011806,98.85097897841568,0.0,4.48e-5,0.0,0.0,0.0,0.0,0.0011312999999999994,0.42394078441134314,6.584068897672091e-12,-4.140307016132469e-15,1.3884449145962208e-12,1.3884449145962208e-12,3.234712043471076e-12,1.3884449145962208e-12,NaN,diag_feasible,0,0,17,17,0,0,10,5.648340789863307e-14,1.12.6,lbt,1,1,Intel(R) Core(TM) 7 150U,NT,2abc7cc
degen-r20-m5-d1e-06-p1,100,AGD-SDAJ,1e-7*n,1.0e-11,10,79,0.1021446,0.10100189999999999,98.88129181572006,0.0,4.25e-5,0.0,0.0,0.0,0.0,0.0011002000000000104,0.42394078441478605,1.2915187136074283e-11,-3.485448512449941e-15,3.778533042009258e-12,3.778533042009258e-12,6.9055729150161494e-12,3.778533042009258e-12,NaN,diag_feasible,0,0,18,16,2,0,10,5.648340789863307e-14,1.12.6,lbt,1,1,Intel(R) Core(TM) 7 150U,NT,2abc7cc
degen-r20-m5-d1e-06-p1,100,Dykstra-APM,1e-7*n,9.999999999999999e-6,101,101,0.1862956,0.1741751,93.49394188590605,0.0,0.0,0.0,0.0,0.0081365,0.0,0.003984000000000007,0.4239407843901149,2.1451227087192154e-11,-3.4803660203545982e-15,1.5898393712632242e-12,1.5898393712632242e-12,9.505514937980848e-12,1.5898393712632242e-12,NaN,diag_feasible,0,0,0,0,0,0,101,5.648340789863307e-14,1.12.6,lbt,1,1,Intel(R) Core(TM) 7 150U,NT,2abc7cc
degen-r20-m5-d1e-06-p1,100,Anderson-APM,1e-7*n,9.999999999999999e-6,31,31,0.0530484,0.0441775,83.27772373907601,0.0,0.0,0.0,0.0,0.0,0.0077016,0.0011693000000000007,0.42394078441142324,1.481365728291629e-11,-4.030279962302882e-15,1.976308006135241e-12,1.976308006135241e-12,8.519568139232636e-12,1.976308006135241e-12,NaN,diag_feasible,0,0,0,0,0,0,31,5.648340789863307e-14,1.12.6,lbt,1,1,Intel(R) Core(TM) 7 150U,NT,2abc7cc
degen-r20-m5-d1e-06-p2,100,SBB-Dual,1e-7*n,1.0e-11,44,45,0.0595048,0.058578599999999995,98.44348691198022,7.83e-5,2.98e-5,3.86e-5,0.0,0.0,0.0,0.0007795000000000021,0.4291930897806313,7.899528549469715e-12,-3.4409600272146037e-15,1.2023715356690445e-12,0.0,8.46995906628995e-12,1.2023715356690445e-12,100.0,diag_feasible,0,0,0,0,0,0,44,2.544446128541953e-14,1.12.6,lbt,1,1,Intel(R) Core(TM) 7 150U,NT,2abc7cc
degen-r20-m5-d1e-06-p2,100,Newton-SIN-BH,1e-7*n,9.999999999999999e-6,4,5,0.0115189,0.008639599999999999,75.00368958841555,0.0,6.4e-6,0.0,0.0025733,0.0,0.0,0.000299600000000001,0.429193089780618,2.5499930668575407e-13,-3.523402982875246e-15,3.219646771412954e-14,3.219646771412954e-14,1.0890857807272069e-13,3.219646771412954e-14,NaN,converged,21,21,0,0,0,0,4,2.544446128541953e-14,1.12.6,lbt,1,1,Intel(R) Core(TM) 7 150U,NT,2abc7cc
degen-r20-m5-d1e-06-p2,100,Newton-SIN,1e-7*n,9.999999999999999e-6,5,12,0.0196876,0.0168152,85.41010585343058,0.0,6.2e-6,0.0,0.0026335,0.0,0.0,0.00023270000000000061,0.429193089780639,2.426461190085139e-13,-2.8287304812282955e-15,6.8833827526759706e-15,6.8833827526759706e-15,1.7784372892712562e-14,6.8833827526759706e-15,NaN,converged,30,30,1,0,0,0,5,2.544446128541953e-14,1.12.6,lbt,1,1,Intel(R) Core(TM) 7 150U,NT,2abc7cc
degen-r20-m5-d1e-06-p2,100,AGD-SDAJ-BH,1e-7*n,1.0e-11,11,86,0.1369226,0.13533900000000001,98.84343417375949,0.0,7.47e-5,0.0,0.0,0.0,0.0,0.0015088999999999905,0.42919308978622184,9.151928654517205e-12,-3.4730500562621363e-15,2.58837395961109e-12,2.58837395961109e-12,4.944753566562945e-12,2.58837395961109e-12,NaN,diag_feasible_at_xpre,0,0,23,23,0,0,11,2.544446128541953e-14,1.12.6,lbt,1,1,Intel(R) Core(TM) 7 150U,NT,2abc7cc
degen-r20-m5-d1e-06-p2,100,AGD-SDAJ,1e-7*n,1.0e-11,12,106,0.1643786,0.1625521,98.88884562832388,0.0,7.71e-5,0.0,0.0,0.0,0.0,0.0017494000000000086,0.42919308978892445,1.208994777893437e-11,-3.762241486919315e-15,2.7124968937641825e-12,2.7124968937641825e-12,5.999622104286052e-12,2.7124968937641825e-12,NaN,diag_feasible,0,0,35,20,15,0,12,2.544446128541953e-14,1.12.6,lbt,1,1,Intel(R) Core(TM) 7 150U,NT,2abc7cc
degen-r20-m5-d1e-06-p2,100,Dykstra-APM,1e-7*n,9.999999999999999e-6,101,101,0.1719751,0.1612047,93.73723289011026,0.0,0.0,0.0,0.0,0.0072645,0.0,0.0035058999999999854,0.4291930897664843,1.8413824032360616e-11,-3.1668397274587225e-15,1.1584067038938883e-12,1.1584067038938883e-12,8.159270026592748e-12,1.1584067038938883e-12,NaN,diag_feasible,0,0,0,0,0,0,101,2.544446128541953e-14,1.12.6,lbt,1,1,Intel(R) Core(TM) 7 150U,NT,2abc7cc
degen-r20-m5-d1e-06-p2,100,Anderson-APM,1e-7*n,9.999999999999999e-6,36,36,0.0671384,0.0561806,83.67878888981566,0.0,0.0,0.0,0.0,0.0,0.0094053,0.0015525000000000035,0.4291930897889562,1.473127100870592e-11,-3.618278707880039e-15,1.8605117446668373e-12,1.8605117446668373e-12,7.499827318971696e-12,1.8605117446668373e-12,NaN,diag_feasible,0,0,0,0,0,0,36,2.544446128541953e-14,1.12.6,lbt,1,1,Intel(R) Core(TM) 7 150U,NT,2abc7cc
degen-r20-m5-d1e-06-p3,100,SBB-Dual,1e-7*n,1.0e-11,44,45,0.0619292,0.0611053,98.66960981249557,5.42e-5,3.03e-5,4.64e-5,0.0,0.0,0.0,0.0006929999999999954,0.42926981443506085,8.764052207944324e-12,-3.5739372802903075e-15,1.3449241720309146e-12,0.0,8.287798186052811e-12,1.3449241720309146e-12,100.0,diag_feasible,0,0,0,0,0,0,44,2.9753562794747665e-14,1.12.6,lbt,1,1,Intel(R) Core(TM) 7 150U,NT,2abc7cc
degen-r20-m5-d1e-06-p3,100,Newton-SIN-BH,1e-7*n,9.999999999999999e-6,4,5,0.0087461,0.0068043,77.79810429791564,0.0,4.6e-6,0.0,0.0017159,0.0,0.0,0.00022129999999999958,0.429269814435059,4.072008323950783e-13,-3.0317801264751183e-15,5.706546346573305e-14,5.706546346573305e-14,2.0096008934073484e-13,5.706546346573305e-14,NaN,converged,21,21,0,0,0,0,4,2.9753562794747665e-14,1.12.6,lbt,1,1,Intel(R) Core(TM) 7 150U,NT,2abc7cc
degen-r20-m5-d1e-06-p3,100,Newton-SIN,1e-7*n,9.999999999999999e-6,4,9,0.0176043,0.0151837,86.24995029623445,0.0,7.2e-6,0.0,0.002187,0.0,0.0,0.00022639999999999987,0.429269814435059,4.072008323950783e-13,-3.0317801264751183e-15,5.706546346573305e-14,5.706546346573305e-14,2.0096008934073484e-13,5.706546346573305e-14,NaN,converged,21,21,0,0,0,0,4,2.9753562794747665e-14,1.12.6,lbt,1,1,Intel(R) Core(TM) 7 150U,NT,2abc7cc
degen-r20-m5-d1e-06-p3,100,AGD-SDAJ-BH,1e-7*n,1.0e-11,10,79,0.1031838,0.1020307,98.88247961404794,0.0,4.7e-5,0.0,0.0,0.0,0.0,0.0011061000000000042,0.4292698144400796,7.362214184938186e-12,-3.2796800371724212e-15,2.4199531267754537e-12,2.4199531267754537e-12,3.7595778779421615e-12,2.4199531267754537e-12,NaN,diag_feasible,0,0,18,18,0,0,10,2.9753562794747665e-14,1.12.6,lbt,1,1,Intel(R) Core(TM) 7 150U,NT,2abc7cc
degen-r20-m5-d1e-06-p3,100,AGD-SDAJ,1e-7*n,1.0e-11,110,4026,5.7225272,5.5895862,97.67688303866865,0.0,0.0028022,0.0,0.0,0.0,0.0,0.13013879999999975,0.429269885329392,1.2045686405776607e-7,-3.2844166762541765e-15,4.007610532319461e-8,4.007610532319461e-8,6.587221844935073e-8,4.007610532319461e-8,NaN,evd_budget,0,0,3470,11,3459,0,110,2.9753562794747665e-14,1.12.6,lbt,1,1,Intel(R) Core(TM) 7 150U,NT,2abc7cc
degen-r20-m5-d1e-06-p3,100,Dykstra-APM,1e-7*n,9.999999999999999e-6,100,100,0.138731,0.1290183,92.9988971462759,0.0,0.0,0.0,0.0,0.0066486,0.0,0.0030640999999999906,0.4292698144178334,2.2490514854132248e-11,-3.78020628680557e-15,1.6220358389773537e-12,1.6220358389773537e-12,9.9705426293286e-12,1.6220358389773537e-12,NaN,diag_feasible,0,0,0,0,0,0,100,2.9753562794747665e-14,1.12.6,lbt,1,1,Intel(R) Core(TM) 7 150U,NT,2abc7cc
degen-r20-m5-d1e-06-p3,100,Anderson-APM,1e-7*n,9.999999999999999e-6,33,33,0.0544211,0.0452272,83.10600116498932,0.0,0.0,0.0,0.0,0.0,0.0078572,0.001336699999999998,0.42926981443939505,1.5096891802254187e-11,-2.881387276213421e-15,2.7851054795746677e-12,2.7851054795746677e-12,8.565318137750203e-12,2.7851054795746677e-12,NaN,diag_feasible,0,0,0,0,0,0,33,2.9753562794747665e-14,1.12.6,lbt,1,1,Intel(R) Core(TM) 7 150U,NT,2abc7cc
degen-r20-m5-d1e-06-p4,100,SBB-Dual,1e-7*n,1.0e-11,44,45,0.0557772,0.0550274,98.65572312701246,4.27e-5,2.7e-5,3.8e-5,0.0,0.0,0.0,0.0006421000000000018,0.4298175347005996,8.642731216390849e-12,-3.2146324086221257e-15,1.41886502547095e-12,0.0,8.493745567735174e-12,1.41886502547095e-12,100.0,diag_feasible,0,0,0,0,0,0,44,5.1866311748733424e-14,1.12.6,lbt,1,1,Intel(R) Core(TM) 7 150U,NT,2abc7cc
degen-r20-m5-d1e-06-p4,100,Newton-SIN-BH,1e-7*n,9.999999999999999e-6,4,5,0.0085008,0.0064803,76.23164878599661,0.0,4.6e-6,0.0,0.001788,0.0,0.0,0.00022789999999999963,0.42981753470059914,0.0,-3.3776049519455765e-15,1.532107773982716e-14,1.532107773982716e-14,5.1866311748733424e-14,1.532107773982716e-14,NaN,converged,22,22,0,0,0,0,4,5.1866311748733424e-14,1.12.6,lbt,1,1,Intel(R) Core(TM) 7 150U,NT,2abc7cc
degen-r20-m5-d1e-06-p4,100,Newton-SIN,1e-7*n,9.999999999999999e-6,4,9,0.0132355,0.011202,84.63601677307243,0.0,5.0e-6,0.0,0.0018543,0.0,0.0,0.00017420000000000087,0.42981753470059914,0.0,-3.3776049519455765e-15,1.532107773982716e-14,1.532107773982716e-14,5.1866311748733424e-14,1.532107773982716e-14,NaN,converged,22,22,0,0,0,0,4,5.1866311748733424e-14,1.12.6,lbt,1,1,Intel(R) Core(TM) 7 150U,NT,2abc7cc
degen-r20-m5-d1e-06-p4,100,AGD-SDAJ-BH,1e-7*n,1.0e-11,10,76,0.0969273,0.0957964,98.83324924969541,0.0,4.53e-5,0.0,0.0,0.0,0.0,0.0010855999999999902,0.4298175347105069,1.5145043954012735e-11,-4.2596928897900264e-15,5.969780225711929e-12,5.969780225711929e-12,8.114625998856166e-12,5.969780225711929e-12,NaN,diag_feasible,0,0,17,17,0,0,10,5.1866311748733424e-14,1.12.6,lbt,1,1,Intel(R) Core(TM) 7 150U,NT,2abc7cc
degen-r20-m5-d1e-06-p4,100,AGD-SDAJ,1e-7*n,1.0e-11,9,77,0.1185471,0.11699380000000001,98.68971910742651,0.0,7.66e-5,0.0,0.0,0.0,0.0,0.0014766999999999936,0.429817534704043,5.195633251864528e-12,-3.2861482892626394e-15,1.5760726057578722e-12,1.5760726057578722e-12,2.6699172387374267e-12,1.5760726057578722e-12,NaN,diag_feasible,0,0,22,14,8,0,9,5.1866311748733424e-14,1.12.6,lbt,1,1,Intel(R) Core(TM) 7 150U,NT,2abc7cc
degen-r20-m5-d1e-06-p4,100,Dykstra-APM,1e-7*n,9.999999999999999e-6,101,101,0.1550478,0.1444563,93.16888082255923,0.0,0.0,0.0,0.0,0.0073409,0.0,0.0032506000000000037,0.42981753468650813,1.8464312850554234e-11,-4.08503004267533e-15,1.3655743202889425e-12,1.3655743202889425e-12,8.177431560496318e-12,1.3655743202889425e-12,NaN,diag_feasible,0,0,0,0,0,0,101,5.1866311748733424e-14,1.12.6,lbt,1,1,Intel(R) Core(TM) 7 150U,NT,2abc7cc
degen-r20-m5-d1e-06-p4,100,Anderson-APM,1e-7*n,9.999999999999999e-6,31,31,0.0485048,0.0398808,82.22031633982616,0.0,0.0,0.0,0.0,0.0,0.0075011,0.0011228999999999996,0.4298175347061845,1.5575270378745607e-11,-3.4956831634295285e-15,2.9630742304220803e-12,2.9630742304220803e-12,8.939512211426435e-12,2.9630742304220803e-12,NaN,diag_feasible,0,0,0,0,0,0,31,5.1866311748733424e-14,1.12.6,lbt,1,1,Intel(R) Core(TM) 7 150U,NT,2abc7cc
degen-r20-m5-d1e-08-p0,100,SBB-Dual,1e-7*n,1.0e-11,43,44,0.059629,0.0588227,98.64780559794731,4.82e-5,3.0e-5,3.68e-5,0.0,0.0,0.0,0.0006913000000000029,0.42916549888270594,6.333689037064923e-12,-3.1268059093858745e-15,1.070921129553426e-12,0.0,6.383418065857342e-12,1.070921129553426e-12,100.0,diag_feasible,0,0,0,0,0,0,43,1.5471984581159744e-14,1.12.6,lbt,1,1,Intel(R) Core(TM) 7 150U,NT,2abc7cc
degen-r20-m5-d1e-08-p0,100,Newton-SIN-BH,1e-7*n,9.999999999999999e-6,4,5,0.011276,0.0081656,72.4157502660518,0.0,7.2e-6,0.0,0.002782,0.0,0.0,0.0003211999999999989,0.4291654988827058,0.0,-3.5290288800502677e-15,8.881784197001252e-15,8.881784197001252e-15,1.5471984581159744e-14,8.881784197001252e-15,NaN,converged,24,24,0,0,0,0,4,1.5471984581159744e-14,1.12.6,lbt,1,1,Intel(R) Core(TM) 7 150U,NT,2abc7cc
degen-r20-m5-d1e-08-p0,100,Newton-SIN,1e-7*n,9.999999999999999e-6,4,9,0.013639,0.0114228,83.75100813842657,0.0,4.9e-6,0.0,0.0020294,0.0,0.0,0.0001818999999999996,0.4291654988827058,0.0,-3.5290288800502677e-15,8.881784197001252e-15,8.881784197001252e-15,1.5471984581159744e-14,8.881784197001252e-15,NaN,converged,24,24,0,0,0,0,4,1.5471984581159744e-14,1.12.6,lbt,1,1,Intel(R) Core(TM) 7 150U,NT,2abc7cc
degen-r20-m5-d1e-08-p0,100,AGD-SDAJ-BH,1e-7*n,1.0e-11,11,85,0.1079042,0.1066593,98.84629143258556,0.0,4.92e-5,0.0,0.0,0.0,0.0,0.001195700000000007,0.42916549888768857,1.218077558456986e-11,-3.5471515490702467e-15,2.9234392684429622e-12,2.9234392684429622e-12,6.959269232624305e-12,2.9234392684429622e-12,NaN,diag_feasible_at_xpre,0,0,20,20,0,0,11,1.5471984581159744e-14,1.12.6,lbt,1,1,Intel(R) Core(TM) 7 150U,NT,2abc7cc
degen-r20-m5-d1e-08-p0,100,AGD-SDAJ,1e-7*n,1.0e-11,11,92,0.1186667,0.1170957,98.6761239673809,0.0,0.000268,0.0,0.0,0.0,0.0,0.001303000000000003,0.42916549888627953,6.285523874842724e-12,-3.115667829823344e-15,9.514611321037592e-13,9.514611321037592e-13,3.312556455149112e-12,9.514611321037592e-13,NaN,diag_feasible,0,0,25,19,6,0,11,1.5471984581159744e-14,1.12.6,lbt,1,1,Intel(R) Core(TM) 7 150U,NT,2abc7cc
degen-r20-m5-d1e-08-p0,100,Dykstra-APM,1e-7*n,9.999999999999999e-6,97,97,0.1327922,0.1253116,94.36668720000121,0.0,0.0,0.0,0.0,0.0050711,0.0,0.0024095000000000037,0.42916549886543764,2.2591306811544573e-11,-3.933569576874355e-15,1.695310558602614e-12,1.695310558602614e-12,9.993836171344459e-12,1.695310558602614e-12,NaN,diag_feasible,0,0,0,0,0,0,97,1.5471984581159744e-14,1.12.6,lbt,1,1,Intel(R) Core(TM) 7 150U,NT,2abc7cc
degen-r20-m5-d1e-08-p0,100,Anderson-APM,1e-7*n,9.999999999999999e-6,40,40,0.0805561,0.0673793,83.64270365620978,0.0,0.0,0.0,0.0,0.0,0.0111267,0.0020501000000000026,0.42916549889126915,1.458025642736375e-11,-2.891757468671331e-15,1.897482171386855e-12,1.897482171386855e-12,7.33652283285004e-12,1.897482171386855e-12,NaN,diag_feasible,0,0,0,0,0,0,40,1.5471984581159744e-14,1.12.6,lbt,1,1,Intel(R) Core(TM) 7 150U,NT,2abc7cc
degen-r20-m5-d1e-08-p1,100,SBB-Dual,1e-7*n,1.0e-11,43,44,0.0594733,0.0586162,98.55884909698975,6.21e-5,3.18e-5,3.72e-5,0.0,0.0,0.0,0.0007259999999999994,0.4239414830665071,7.556790172428431e-12,-3.633657358675449e-15,1.2680967387268538e-12,0.0,7.575121948441451e-12,1.2680967387268538e-12,100.0,diag_feasible,0,0,0,0,0,0,43,5.574734827706832e-14,1.12.6,lbt,1,1,Intel(R) Core(TM) 7 150U,NT,2abc7cc
degen-r20-m5-d1e-08-p1,100,Newton-SIN-BH,1e-7*n,9.999999999999999e-6,4,5,0.012139,0.0067837,55.883515940357526,0.0,5.0e-6,0.0,0.0050275,0.0,0.0,0.0003228000000000007,0.4239414830665129,0.0,-3.176817620532558e-15,1.5987211554602254e-14,1.5987211554602254e-14,5.574734827706832e-14,1.5987211554602254e-14,NaN,converged,23,23,0,0,0,0,4,5.574734827706832e-14,1.12.6,lbt,1,1,Intel(R) Core(TM) 7 150U,NT,2abc7cc
degen-r20-m5-d1e-08-p1,100,Newton-SIN,1e-7*n,9.999999999999999e-6,100,3227,5.0108412,4.7932501,95.65759337973033,0.0,0.0023738,0.0,0.1310537,0.0,0.0,0.08416359999999992,0.4239414817758869,2.651883461589796e-9,-3.484076544794791e-15,6.294655907623792e-10,6.294655907623792e-10,1.3569940230944446e-9,6.294655907623792e-10,NaN,max_iter,1079,1079,3026,0,0,0,100,5.574734827706832e-14,1.12.6,lbt,1,1,Intel(R) Core(TM) 7 150U,NT,2abc7cc
degen-r20-m5-d1e-08-p1,100,AGD-SDAJ-BH,1e-7*n,1.0e-11,11,79,0.1225077,0.1208088,98.61323002554124,0.0,6.51e-5,0.0,0.0,0.0,0.0,0.0016338000000000032,0.4239414830765931,1.5493270576281883e-11,-3.5915077507059124e-15,4.384714813454593e-12,4.384714813454593e-12,8.091201435928485e-12,4.384714813454593e-12,NaN,diag_feasible,0,0,12,12,0,0,11,5.574734827706832e-14,1.12.6,lbt,1,1,Intel(R) Core(TM) 7 150U,NT,2abc7cc
degen-r20-m5-d1e-08-p1,100,AGD-SDAJ,1e-7*n,1.0e-11,10,74,0.1016861,0.1003673,98.70306757757452,0.0,5.25e-5,0.0,0.0,0.0,0.0,0.001266299999999995,0.4239414830738393,1.101170919524606e-11,-3.5361208546793227e-15,2.470579296698361e-12,2.470579296698361e-12,5.526199099495352e-12,2.470579296698361e-12,NaN,diag_feasible,0,0,13,9,4,0,10,5.574734827706832e-14,1.12.6,lbt,1,1,Intel(R) Core(TM) 7 150U,NT,2abc7cc
degen-r20-m5-d1e-08-p1,100,Dykstra-APM,1e-7*n,9.999999999999999e-6,98,98,0.14473,0.1342551,92.76245422510883,0.0,0.0,0.0,0.0,0.007462,0.0,0.0030129000000000093,0.4239414830501576,2.112187505781073e-11,-3.684218223363429e-15,1.5849543899548735e-12,1.5849543899548735e-12,9.355688594326833e-12,1.5849543899548735e-12,NaN,diag_feasible,0,0,0,0,0,0,98,5.574734827706832e-14,1.12.6,lbt,1,1,Intel(R) Core(TM) 7 150U,NT,2abc7cc
degen-r20-m5-d1e-08-p1,100,Anderson-APM,1e-7*n,9.999999999999999e-6,31,31,0.065212,0.0541343,83.01278905722872,0.0,0.0,0.0,0.0,0.0,0.0095401,0.0015376000000000035,0.4239414830703866,1.4656502124605048e-11,-3.1385727233527535e-15,1.9346746427117978e-12,1.9346746427117978e-12,8.540327954946702e-12,1.9346746427117978e-12,NaN,diag_feasible,0,0,0,0,0,0,31,5.574734827706832e-14,1.12.6,lbt,1,1,Intel(R) Core(TM) 7 150U,NT,2abc7cc
degen-r20-m5-d1e-08-p2,100,SBB-Dual,1e-7*n,1.0e-11,42,43,0.0546036,0.053900699999999996,98.71272223809419,3.83e-5,2.72e-5,3.74e-5,0.0,0.0,0.0,0.0006000000000000062,0.4291938933498495,8.937584967280968e-12,-3.2128827148914367e-15,1.3624656958199921e-12,0.0,9.594253508218963e-12,1.3624656958199921e-12,100.0,diag_feasible,0,0,0,0,0,0,42,2.3255661252418174e-14,1.12.6,lbt,1,1,Intel(R) Core(TM) 7 150U,NT,2abc7cc
degen-r20-m5-d1e-08-p2,100,Newton-SIN-BH,1e-7*n,9.999999999999999e-6,4,5,0.011613,0.0078856,67.90321191767846,0.0,5.8e-6,0.0,0.0034198,0.0,0.0,0.0003018000000000005,0.42919389334985364,0.0,-3.212792151752025e-15,1.1213252548714081e-14,1.1213252548714081e-14,2.3255661252418174e-14,1.1213252548714081e-14,NaN,converged,23,23,0,0,0,0,4,2.3255661252418174e-14,1.12.6,lbt,1,1,Intel(R) Core(TM) 7 150U,NT,2abc7cc
degen-r20-m5-d1e-08-p2,100,Newton-SIN,1e-7*n,9.999999999999999e-6,4,9,0.0202461,0.0159719,78.88877364035544,0.0,6.7e-6,0.0,0.0040177,0.0,0.0,0.0002497999999999988,0.42919389334985364,0.0,-3.212792151752025e-15,1.1213252548714081e-14,1.1213252548714081e-14,2.3255661252418174e-14,1.1213252548714081e-14,NaN,converged,23,23,0,0,0,0,4,2.3255661252418174e-14,1.12.6,lbt,1,1,Intel(R) Core(TM) 7 150U,NT,2abc7cc
degen-r20-m5-d1e-08-p2,100,AGD-SDAJ-BH,1e-7*n,1.0e-11,10,79,0.1055246,0.1042875,98.82766672415723,0.0,4.96e-5,0.0,0.0,0.0,0.0,0.001187499999999991,0.42919389335395464,1.1256902281481893e-11,-3.9073297813622985e-15,3.656852598510341e-12,3.656852598510341e-12,6.6728645842401145e-12,3.656852598510341e-12,NaN,diag_feasible_at_xpre,0,0,20,20,0,0,10,2.3255661252418174e-14,1.12.6,lbt,1,1,Intel(R) Core(TM) 7 150U,NT,2abc7cc
degen-r20-m5-d1e-08-p2,100,AGD-SDAJ,1e-7*n,1.0e-11,12,115,0.1699926,0.1680975,98.8851867669534,0.0,8.6e-5,0.0,0.0,0.0,0.0,0.001809099999999983,0.4291938933567846,1.1747486806879291e-11,-3.57778772145195e-15,4.0178971261184415e-12,4.0178971261184415e-12,6.47142536815297e-12,4.0178971261184415e-12,NaN,diag_feasible,0,0,44,20,24,0,12,2.3255661252418174e-14,1.12.6,lbt,1,1,Intel(R) Core(TM) 7 150U,NT,2abc7cc
degen-r20-m5-d1e-08-p2,100,Dykstra-APM,1e-7*n,9.999999999999999e-6,97,97,0.1857987,0.1568014,84.39316313838579,0.0,0.0,0.0,0.0,0.019752,0.0,0.009245300000000005,0.4291938933337633,2.0934429658290284e-11,-3.813520568288191e-15,1.3173906410202108e-12,1.3173906410202108e-12,9.278172180983196e-12,1.3173906410202108e-12,NaN,diag_feasible,0,0,0,0,0,0,97,2.3255661252418174e-14,1.12.6,lbt,1,1,Intel(R) Core(TM) 7 150U,NT,2abc7cc
degen-r20-m5-d1e-08-p2,100,Anderson-APM,1e-7*n,9.999999999999999e-6,36,36,0.0573048,0.0481313,83.99174240203264,0.0,0.0,0.0,0.0,0.0,0.0079107,0.0012628000000000014,0.42919389335824404,1.488430958193078e-11,-4.1281324423324746e-15,1.8872681195603036e-12,1.8872681195603036e-12,7.581464589226084e-12,1.8872681195603036e-12,NaN,diag_feasible,0,0,0,0,0,0,36,2.3255661252418174e-14,1.12.6,lbt,1,1,Intel(R) Core(TM) 7 150U,NT,2abc7cc
degen-r20-m5-d1e-08-p3,100,SBB-Dual,1e-7*n,1.0e-11,42,43,0.0620839,0.0612275,98.62057634910178,5.27e-5,3.42e-5,5.02e-5,0.0,0.0,0.0,0.0007193000000000002,0.4292706130418614,9.959371160515336e-12,-3.4875424218697576e-15,1.538547067525542e-12,0.0,9.409630901046114e-12,1.538547067525542e-12,100.0,diag_feasible,0,0,0,0,0,0,42,3.828998099054815e-14,1.12.6,lbt,1,1,Intel(R) Core(TM) 7 150U,NT,2abc7cc
degen-r20-m5-d1e-08-p3,100,Newton-SIN-BH,1e-7*n,9.999999999999999e-6,4,5,0.0087679,0.0064158,73.17373601432499,0.0,4.8e-6,0.0,0.0021156,0.0,0.0,0.00023170000000000005,0.42927061304186387,0.0,-3.033801377496706e-15,1.4432899320127035e-14,1.4432899320127035e-14,3.828998099054815e-14,1.4432899320127035e-14,NaN,converged,24,24,0,0,0,0,4,3.828998099054815e-14,1.12.6,lbt,1,1,Intel(R) Core(TM) 7 150U,NT,2abc7cc
degen-r20-m5-d1e-08-p3,100,Newton-SIN,1e-7*n,9.999999999999999e-6,4,9,0.0127258,0.010561,82.98888871426549,0.0,5.1e-6,0.0,0.0019906,0.0,0.0,0.00016910000000000145,0.42927061304186387,0.0,-3.033801377496706e-15,1.4432899320127035e-14,1.4432899320127035e-14,3.828998099054815e-14,1.4432899320127035e-14,NaN,converged,24,24,0,0,0,0,4,3.828998099054815e-14,1.12.6,lbt,1,1,Intel(R) Core(TM) 7 150U,NT,2abc7cc
degen-r20-m5-d1e-08-p3,100,AGD-SDAJ-BH,1e-7*n,1.0e-11,10,75,0.1225714,0.1210231,98.73681788737014,0.0,6.87e-5,0.0,0.0,0.0,0.0,0.0014796000000000024,0.429270613046563,7.155750676206183e-12,-3.8418967275449846e-15,1.970645868709653e-12,1.970645868709653e-12,3.6528744185177265e-12,1.970645868709653e-12,NaN,diag_feasible,0,0,14,14,0,0,10,3.828998099054815e-14,1.12.6,lbt,1,1,Intel(R) Core(TM) 7 150U,NT,2abc7cc
degen-r20-m5-d1e-08-p3,100,AGD-SDAJ,1e-7*n,1.0e-11,10,80,0.1060957,0.10482440000000001,98.80174220067354,0.0,4.63e-5,0.0,0.0,0.0,0.0,0.0012249999999999891,0.42927061304664527,7.241990334112553e-12,-3.3120079388055048e-15,1.9979573551154317e-12,1.9979573551154317e-12,3.701756699189942e-12,1.9979573551154317e-12,NaN,diag_feasible,0,0,19,14,5,0,10,3.828998099054815e-14,1.12.6,lbt,1,1,Intel(R) Core(TM) 7 150U,NT,2abc7cc
degen-r20-m5-d1e-08-p3,100,Dykstra-APM,1e-7*n,9.999999999999999e-6,97,97,0.132207,0.1235646,93.46297851097144,0.0,0.0,0.0,0.0,0.0059005,0.0,0.002741899999999994,0.4292706130260995,2.0577189008290596e-11,-3.488338822651014e-15,1.5079049120458876e-12,1.5079049120458876e-12,9.122889260770212e-12,1.5079049120458876e-12,NaN,diag_feasible,0,0,0,0,0,0,97,3.828998099054815e-14,1.12.6,lbt,1,1,Intel(R) Core(TM) 7 150U,NT,2abc7cc
degen-r20-m5-d1e-08-p3,100,Anderson-APM,1e-7*n,9.999999999999999e-6,33,33,0.0497582,0.0419263,84.26008175536897,0.0,0.0,0.0,0.0,0.0,0.0065898,0.001242100000000003,0.4292706130463301,1.5253291608697138e-11,-3.15544293904578e-15,2.812083899073059e-12,2.812083899073059e-12,8.644451903521424e-12,2.812083899073059e-12,NaN,diag_feasible,0,0,0,0,0,0,33,3.828998099054815e-14,1.12.6,lbt,1,1,Intel(R) Core(TM) 7 150U,NT,2abc7cc
degen-r20-m5-d1e-08-p4,100,SBB-Dual,1e-7*n,1.0e-11,42,43,0.0572799,0.0564204,98.49947363734924,4.28e-5,3.08e-5,0.0001587,0.0,0.0,0.0,0.0006271999999999992,0.4298183466991162,9.487344463425039e-12,-3.720423728678874e-15,1.5580869927589447e-12,0.0,9.31995881124385e-12,1.5580869927589447e-12,100.0,diag_feasible,0,0,0,0,0,0,42,1.4573130989168706e-14,1.12.6,lbt,1,1,Intel(R) Core(TM) 7 150U,NT,2abc7cc
degen-r20-m5-d1e-08-p4,100,Newton-SIN-BH,1e-7*n,9.999999999999999e-6,4,5,0.0081707,0.0059521999999999995,72.84810358965572,0.0,4.2e-6,0.0,0.0019892,0.0,0.0,0.00022509999999999978,0.42981834669910907,0.0,-2.936494146261967e-15,5.10702591327572e-15,5.10702591327572e-15,1.4573130989168706e-14,5.10702591327572e-15,NaN,converged,24,24,0,0,0,0,4,1.4573130989168706e-14,1.12.6,lbt,1,1,Intel(R) Core(TM) 7 150U,NT,2abc7cc
degen-r20-m5-d1e-08-p4,100,Newton-SIN,1e-7*n,9.999999999999999e-6,100,2549,4.5800536,4.3701679,95.41739642522961,0.0,0.0018037,0.0,0.1467276,0.0,0.0,0.06135440000000006,0.42981834651570067,3.088292473934423e-10,-3.6680566967494936e-15,4.3235193203372546e-11,4.3235193203372546e-11,1.529449152406675e-10,4.3235193203372546e-11,NaN,max_iter,1259,1259,2348,0,0,0,100,1.4573130989168706e-14,1.12.6,lbt,1,1,Intel(R) Core(TM) 7 150U,NT,2abc7cc
degen-r20-m5-d1e-08-p4,100,AGD-SDAJ-BH,1e-7*n,1.0e-11,10,80,0.1399102,0.1381171,98.71839222587059,0.0,7.7e-5,0.0,0.0,0.0,0.0,0.0017161000000000196,0.4298183467056272,9.57955494700129e-12,-4.351215802313854e-15,3.2587266218797595e-12,3.2587266218797595e-12,4.941277069232102e-12,3.2587266218797595e-12,NaN,diag_feasible,0,0,19,19,0,0,10,1.4573130989168706e-14,1.12.6,lbt,1,1,Intel(R) Core(TM) 7 150U,NT,2abc7cc
degen-r20-m5-d1e-08-p4,100,AGD-SDAJ,1e-7*n,1.0e-11,11,93,0.1358848,0.13428500000000002,98.82267921062548,0.0,6.53e-5,0.0,0.0,0.0,0.0,0.0015344999999999847,0.4298183467063349,1.0820388327086422e-11,-3.3895743012087278e-15,4.098721362311153e-12,4.098721362311153e-12,5.7123214299654695e-12,4.098721362311153e-12,NaN,diag_feasible_at_xpre,0,0,30,18,12,0,11,1.4573130989168706e-14,1.12.6,lbt,1,1,Intel(R) Core(TM) 7 150U,NT,2abc7cc
degen-r20-m5-d1e-08-p4,100,Dykstra-APM,1e-7*n,9.999999999999999e-6,97,97,0.1403472,0.1315828,93.75520138627631,0.0,0.0,0.0,0.0,0.0059209,0.0,0.0028435000000000057,0.4298183466835536,2.0390013577382725e-11,-3.61459927814333e-15,1.5156764732182637e-12,1.5156764732182637e-12,9.030280871035735e-12,1.5156764732182637e-12,NaN,diag_feasible,0,0,0,0,0,0,97,1.4573130989168706e-14,1.12.6,lbt,1,1,Intel(R) Core(TM) 7 150U,NT,2abc7cc
degen-r20-m5-d1e-08-p4,100,Anderson-APM,1e-7*n,9.999999999999999e-6,31,31,0.0449782,0.038009,84.50538260757433,0.0,0.0,0.0,0.0,0.0,0.0058549,0.001114300000000002,0.4298183467050997,1.5865192408950365e-11,-3.2669987396933767e-15,2.9749536167855695e-12,2.9749536167855695e-12,9.047162569044883e-12,2.9749536167855695e-12,NaN,diag_feasible,0,0,0,0,0,0,31,1.4573130989168706e-14,1.12.6,lbt,1,1,Intel(R) Core(TM) 7 150U,NT,2abc7cc
degen-r20-m5-d1e-10-p0,100,SBB-Dual,1e-7*n,1.0e-11,41,42,0.0709718,0.0699691,98.58718533276598,6.02e-5,3.4e-5,3.74e-5,0.0,0.0,0.0,0.0008710999999999952,0.429165506935421,7.105309060775406e-12,-3.750242432673409e-15,1.284305994886381e-12,0.0,7.14718760610193e-12,1.284305994886381e-12,100.0,diag_feasible,0,0,0,0,0,0,41,1.556966573128942e-14,1.12.6,lbt,1,1,Intel(R) Core(TM) 7 150U,NT,2abc7cc
degen-r20-m5-d1e-10-p0,100,Newton-SIN-BH,1e-7*n,9.999999999999999e-6,5,6,0.0217716,0.0143165,65.75768432269562,0.0,1.14e-5,0.0,0.0069411,0.0,0.0,0.0005025999999999989,0.4291655069354212,0.0,-3.1799095031229088e-15,7.771561172376096e-15,7.771561172376096e-15,1.556966573128942e-14,7.771561172376096e-15,NaN,converged,38,38,0,0,0,0,5,1.556966573128942e-14,1.12.6,lbt,1,1,Intel(R) Core(TM) 7 150U,NT,2abc7cc
degen-r20-m5-d1e-10-p0,100,Newton-SIN,1e-7*n,9.999999999999999e-6,100,2569,4.4881296,4.2205227,94.03745159230697,0.0,0.0018657,0.0,0.1785541,0.0,0.0,0.08718709999999963,0.4291655069235685,4.0663801560911615e-11,-3.2532203401189022e-15,2.2926549547719333e-11,2.2926549547719333e-11,2.4618309646714917e-11,2.2926549547719333e-11,NaN,max_iter,1273,1273,2368,0,0,0,100,1.556966573128942e-14,1.12.6,lbt,1,1,Intel(R) Core(TM) 7 150U,NT,2abc7cc
degen-r20-m5-d1e-10-p0,100,AGD-SDAJ-BH,1e-7*n,1.0e-11,12,94,0.1585893,0.15520230000000002,97.8642947538075,0.0,9.32e-5,0.0,0.0,0.0,0.0,0.0032937999999999735,0.4291655069433796,1.3762892947544025e-11,-3.4745392608991097e-15,5.792033519469442e-12,5.792033519469442e-12,7.807901898261978e-12,5.792033519469442e-12,NaN,diag_feasible,0,0,23,23,0,0,12,1.556966573128942e-14,1.12.6,lbt,1,1,Intel(R) Core(TM) 7 150U,NT,2abc7cc
degen-r20-m5-d1e-10-p0,100,AGD-SDAJ,1e-7*n,1.0e-11,135,4014,7.6368052,7.513453,98.38476697035561,0.0,0.0037457,0.0,0.0,0.0,0.0,0.11960650000000024,0.429165507055126,1.9976723680383626e-10,-3.4461203078080486e-15,6.43727293692109e-11,6.43727293692109e-11,1.0705832897148886e-10,6.43727293692109e-11,NaN,evd_budget,0,0,3330,273,3057,0,135,1.556966573128942e-14,1.12.6,lbt,1,1,Intel(R) Core(TM) 7 150U,NT,2abc7cc
degen-r20-m5-d1e-10-p0,100,Dykstra-APM,1e-7*n,9.999999999999999e-6,94,94,0.2377825,0.2003095,84.24064008074606,0.0,0.0,0.0,0.0,0.0257772,0.0,0.011695800000000006,0.4291655069198321,2.0438313885941117e-11,-3.6638657755835875e-15,1.6933121571582888e-12,1.6933121571582888e-12,9.043431058352826e-12,1.6933121571582888e-12,NaN,diag_feasible,0,0,0,0,0,0,94,1.556966573128942e-14,1.12.6,lbt,1,1,Intel(R) Core(TM) 7 150U,NT,2abc7cc
degen-r20-m5-d1e-10-p0,100,Anderson-APM,1e-7*n,9.999999999999999e-6,40,40,0.0658229,0.0550977,83.70597466839047,0.0,0.0,0.0,0.0,0.0,0.0092514,0.0014738000000000043,0.4291655069440531,1.4689475537202093e-11,-4.582602860669124e-15,1.908917468540494e-12,1.908917468540494e-12,7.390026305550224e-12,1.908917468540494e-12,NaN,diag_feasible,0,0,0,0,0,0,40,1.556966573128942e-14,1.12.6,lbt,1,1,Intel(R) Core(TM) 7 150U,NT,2abc7cc
degen-r20-m5-d1e-10-p1,100,SBB-Dual,1e-7*n,1.0e-11,41,42,0.0548648,0.054054399999999996,98.52291450984966,5.22e-5,3.35e-5,3.66e-5,0.0,0.0,0.0,0.0006881000000000028,0.42394149005314535,9.28483565190172e-12,-3.396925080113211e-15,1.6937562463681388e-12,0.0,9.321251748698115e-12,1.6937562463681388e-12,100.0,diag_feasible,0,0,0,0,0,0,41,7.042481659746094e-14,1.12.6,lbt,1,1,Intel(R) Core(TM) 7 150U,NT,2abc7cc
degen-r20-m5-d1e-10-p1,100,Newton-SIN-BH,1e-7*n,9.999999999999999e-6,5,6,0.0186459,0.0129781,69.60296901731748,0.0,8.8e-6,0.0,0.005268,0.0,0.0,0.0003910000000000007,0.42394149005313814,0.0,-3.418520635735971e-15,1.9984014443252818e-14,1.9984014443252818e-14,7.042481659746094e-14,1.9984014443252818e-14,NaN,converged,38,38,0,0,0,0,5,7.042481659746094e-14,1.12.6,lbt,1,1,Intel(R) Core(TM) 7 150U,NT,2abc7cc
degen-r20-m5-d1e-10-p1,100,Newton-SIN,1e-7*n,9.999999999999999e-6,100,2967,5.4829497,5.248145699999999,95.71756056780895,0.0,0.0021366,0.0,0.1629567,0.0,0.0,0.06971070000000046,0.42394149002904136,4.849164486039225e-11,-3.753411165770846e-15,1.2369216761953794e-11,1.2369216761953794e-11,2.4768816244137783e-11,1.2369216761953794e-11,NaN,max_iter,1273,1273,2766,0,0,0,100,7.042481659746094e-14,1.12.6,lbt,1,1,Intel(R) Core(TM) 7 150U,NT,2abc7cc
degen-r20-m5-d1e-10-p1,100,AGD-SDAJ-BH,1e-7*n,1.0e-11,9,66,0.1024396,0.1012469,98.83570416128137,0.0,4.84e-5,0.0,0.0,0.0,0.0,0.0011443000000000048,0.42394149006085097,1.1435510970645342e-11,-3.141531989799472e-15,3.3816283107057643e-12,3.3816283107057643e-12,5.866944217618518e-12,3.3816283107057643e-12,NaN,diag_feasible,0,0,11,11,0,0,9,7.042481659746094e-14,1.12.6,lbt,1,1,Intel(R) Core(TM) 7 150U,NT,2abc7cc
degen-r20-m5-d1e-10-p1,100,AGD-SDAJ,1e-7*n,1.0e-11,9,67,0.0915076,0.0904002,98.7898272930336,0.0,4.52e-5,0.0,0.0,0.0,0.0,0.0010621999999999945,0.42394149006064474,1.1174037057731763e-11,-3.130650516278663e-15,3.268274539891536e-12,3.268274539891536e-12,5.6971491052572265e-12,3.268274539891536e-12,NaN,diag_feasible,0,0,12,9,3,0,9,7.042481659746094e-14,1.12.6,lbt,1,1,Intel(R) Core(TM) 7 150U,NT,2abc7cc
degen-r20-m5-d1e-10-p1,100,Dykstra-APM,1e-7*n,9.999999999999999e-6,95,95,0.1380993,0.1292214,93.57136495261017,0.0,0.0,0.0,0.0,0.0060044,0.0,0.002873500000000022,0.42394149003703896,2.0788824134828333e-11,-3.2022522367305284e-15,1.7279511155265936e-12,1.7279511155265936e-12,9.226391959831718e-12,1.7279511155265936e-12,NaN,diag_feasible,0,0,0,0,0,0,95,7.042481659746094e-14,1.12.6,lbt,1,1,Intel(R) Core(TM) 7 150U,NT,2abc7cc
degen-r20-m5-d1e-10-p1,100,Anderson-APM,1e-7*n,9.999999999999999e-6,33,33,0.0617029,0.0505622,81.944608762311,0.0,0.0,0.0,0.0,0.0,0.0074027,0.0037379999999999965,0.42394149006036635,1.2574603483518048e-11,-3.2540787560512227e-15,1.449840247857992e-12,1.449840247857992e-12,6.363241162965627e-12,1.449840247857992e-12,NaN,diag_feasible,0,0,0,0,0,0,33,7.042481659746094e-14,1.12.6,lbt,1,1,Intel(R) Core(TM) 7 150U,NT,2abc7cc
degen-r20-m5-d1e-10-p2,100,SBB-Dual,1e-7*n,1.0e-11,41,42,0.0549309,0.054163499999999996,98.6029720976718,4.17e-5,2.29e-5,4.4e-5,0.0,0.0,0.0,0.0006588000000000015,0.4291939013855865,6.173709931980028e-12,-3.4750673823653998e-15,9.72111280361787e-13,0.0,6.624295576702188e-12,9.72111280361787e-13,100.0,diag_feasible,0,0,0,0,0,0,41,4.745161264418365e-14,1.12.6,lbt,1,1,Intel(R) Core(TM) 7 150U,NT,2abc7cc
degen-r20-m5-d1e-10-p2,100,Newton-SIN-BH,1e-7*n,9.999999999999999e-6,5,6,0.0109518,0.0073975,67.54597417776074,0.0,5.0e-6,0.0,0.0033018,0.0,0.0,0.000247499999999999,0.4291939013855951,0.0,-2.9776626584706325e-15,2.3314683517128287e-14,2.3314683517128287e-14,4.745161264418365e-14,2.3314683517128287e-14,NaN,converged,37,37,0,0,0,0,5,4.745161264418365e-14,1.12.6,lbt,1,1,Intel(R) Core(TM) 7 150U,NT,2abc7cc
degen-r20-m5-d1e-10-p2,100,Newton-SIN,1e-7*n,9.999999999999999e-6,5,11,0.024428,0.0198131,81.10815457671525,0.0,9.7e-6,0.0,0.0043007,0.0,0.0,0.00030449999999999835,0.4291939013855951,0.0,-2.9776626584706325e-15,2.3314683517128287e-14,2.3314683517128287e-14,4.745161264418365e-14,2.3314683517128287e-14,NaN,converged,37,37,0,0,0,0,5,4.745161264418365e-14,1.12.6,lbt,1,1,Intel(R) Core(TM) 7 150U,NT,2abc7cc
degen-r20-m5-d1e-10-p2,100,AGD-SDAJ-BH,1e-7*n,1.0e-11,10,83,0.108711,0.10734869999999999,98.74686094323481,0.0,5.11e-5,0.0,0.0,0.0,0.0,0.0013112000000000106,0.4291939013918563,9.360198556529145e-12,-3.620087630946068e-15,2.2261081866759014e-12,2.2261081866759014e-12,4.739917323031094e-12,2.2261081866759014e-12,NaN,diag_feasible,0,0,22,22,0,0,10,4.745161264418365e-14,1.12.6,lbt,1,1,Intel(R) Core(TM) 7 150U,NT,2abc7cc
degen-r20-m5-d1e-10-p2,100,AGD-SDAJ,1e-7*n,1.0e-11,11,96,0.1451335,0.14351060000000002,98.88178814677522,0.0,7.11e-5,0.0,0.0,0.0,0.0,0.0015517999999999828,0.4291939013898992,7.823622634341008e-12,-3.936368784205026e-15,2.879474436667806e-12,2.879474436667806e-12,4.4635901970567335e-12,2.879474436667806e-12,NaN,diag_feasible,0,0,31,23,8,0,11,4.745161264418365e-14,1.12.6,lbt,1,1,Intel(R) Core(TM) 7 150U,NT,2abc7cc
degen-r20-m5-d1e-10-p2,100,Dykstra-APM,1e-7*n,9.999999999999999e-6,94,94,0.1866176,0.1762171,94.42683862615317,0.0,0.0,0.0,0.0,0.0070663,0.0,0.0033342000000000068,0.4291939013708793,1.9155060939122535e-11,-4.065878465757819e-15,1.2987388942065081e-12,1.2987388942065081e-12,8.489166627576096e-12,1.2987388942065081e-12,NaN,diag_feasible,0,0,0,0,0,0,94,4.745161264418365e-14,1.12.6,lbt,1,1,Intel(R) Core(TM) 7 150U,NT,2abc7cc
degen-r20-m5-d1e-10-p2,100,Anderson-APM,1e-7*n,9.999999999999999e-6,36,36,0.0677609,0.0558854,82.47440633167506,0.0,0.0,0.0,0.0,0.0,0.0100598,0.0018156999999999965,0.42919390139391383,1.4777367922371842e-11,-3.5222502332285635e-15,1.8705037518884637e-12,1.8705037518884637e-12,7.529342038978533e-12,1.8705037518884637e-12,NaN,diag_feasible,0,0,0,0,0,0,36,4.745161264418365e-14,1.12.6,lbt,1,1,Intel(R) Core(TM) 7 150U,NT,2abc7cc
degen-r20-m5-d1e-10-p3,100,SBB-Dual,1e-7*n,1.0e-11,41,42,0.0621233,0.0612109,98.53130789896866,4.95e-5,3.13e-5,3.78e-5,0.0,0.0,0.0,0.0007938000000000008,0.42927062102797314,6.889615294486018e-12,-3.4233613697353417e-15,1.13509202037676e-12,0.0,6.500772033730959e-12,1.13509202037676e-12,100.0,diag_feasible,0,0,0,0,0,0,41,3.261770249662933e-14,1.12.6,lbt,1,1,Intel(R) Core(TM) 7 150U,NT,2abc7cc
degen-r20-m5-d1e-10-p3,100,Newton-SIN-BH,1e-7*n,9.999999999999999e-6,5,6,0.0273724,0.011163000000000001,40.78195554646286,0.0,8.2e-6,0.0,0.0158126,0.0,0.0,0.00038859999999999936,0.4292706210279628,0.0,-3.778352582440714e-15,1.021405182655144e-14,1.021405182655144e-14,3.261770249662933e-14,1.021405182655144e-14,NaN,converged,38,38,0,0,0,0,5,3.261770249662933e-14,1.12.6,lbt,1,1,Intel(R) Core(TM) 7 150U,NT,2abc7cc
degen-r20-m5-d1e-10-p3,100,Newton-SIN,1e-7*n,9.999999999999999e-6,100,2591,4.4726575,4.2282988999999995,94.53661274085931,0.0,0.0120942,0.0,0.1665368,0.0,0.0,0.06572760000000086,0.42927062101693386,4.5007985066405454e-11,-3.650445693138729e-15,2.2316815062595197e-11,2.2316815062595197e-11,2.4216154888731844e-11,2.2316815062595197e-11,NaN,max_iter,1273,1273,2390,0,0,0,100,3.261770249662933e-14,1.12.6,lbt,1,1,Intel(R) Core(TM) 7 150U,NT,2abc7cc
degen-r20-m5-d1e-10-p3,100,AGD-SDAJ-BH,1e-7*n,1.0e-11,11,83,0.1300901,0.1284601,98.74702225611327,0.0,5.93e-5,0.0,0.0,0.0,0.0,0.0015706999999999926,0.42927062104027525,1.764348754574895e-11,-3.3727129595040268e-15,3.218536548388329e-12,3.218536548388329e-12,8.593650126659178e-12,3.218536548388329e-12,NaN,diag_feasible,0,0,16,16,0,0,11,3.261770249662933e-14,1.12.6,lbt,1,1,Intel(R) Core(TM) 7 150U,NT,2abc7cc
degen-r20-m5-d1e-10-p3,100,AGD-SDAJ,1e-7*n,1.0e-11,140,4024,7.5598574,7.261968899999999,96.05960160042171,0.0,0.0036251,0.0,0.0,0.0,0.0,0.2942634000000009,0.42927062125301574,3.3243117809405757e-10,-3.6546601637857286e-15,1.1113421294339787e-10,1.1113421294339787e-10,1.7096231405304906e-10,1.1113421294339787e-10,NaN,evd_budget,0,0,3315,144,3171,0,140,3.261770249662933e-14,1.12.6,lbt,1,1,Intel(R) Core(TM) 7 150U,NT,2abc7cc
degen-r20-m5-d1e-10-p3,100,Dykstra-APM,1e-7*n,9.999999999999999e-6,94,94,0.1881133,0.1593491,84.70910881899364,0.0,0.0,0.0,0.0,0.0201024,0.0,0.008661800000000018,0.42927062101353447,1.8829075172415918e-11,-3.2460816924625557e-15,1.5256684804398901e-12,1.5256684804398901e-12,8.357553438256194e-12,1.5256684804398901e-12,NaN,diag_feasible,0,0,0,0,0,0,94,3.261770249662933e-14,1.12.6,lbt,1,1,Intel(R) Core(TM) 7 150U,NT,2abc7cc
degen-r20-m5-d1e-10-p3,100,Anderson-APM,1e-7*n,9.999999999999999e-6,32,32,0.0698395,0.0586634,83.99745129904997,0.0,0.0,0.0,0.0,0.0,0.0096614,0.0015147000000000008,0.4292706210315271,5.2885288732878816e-12,-3.329026507747366e-15,5.510036871214652e-13,5.510036871214652e-13,2.537335279019776e-12,5.510036871214652e-13,NaN,diag_feasible,0,0,0,0,0,0,32,3.261770249662933e-14,1.12.6,lbt,1,1,Intel(R) Core(TM) 7 150U,NT,2abc7cc
degen-r20-m5-d1e-10-p4,100,SBB-Dual,1e-7*n,1.0e-11,41,42,0.0635208,0.0626159,98.57542726162139,5.46e-5,3.24e-5,4.11e-5,0.0,0.0,0.0,0.0007768000000000001,0.42981835481914593,6.3151199423695765e-12,-3.714342245554578e-15,1.070254995738651e-12,0.0,6.216117037828087e-12,1.070254995738651e-12,100.0,diag_feasible,0,0,0,0,0,0,41,1.86873984807952e-14,1.12.6,lbt,1,1,Intel(R) Core(TM) 7 150U,NT,2abc7cc
degen-r20-m5-d1e-10-p4,100,Newton-SIN-BH,1e-7*n,9.999999999999999e-6,5,7,0.0128839,0.0091145,70.74333082374126,0.0,6.0e-6,0.0,0.0034613,0.0,0.0,0.0003021000000000009,0.42981835481914793,0.0,-2.9421223075758996e-15,5.551115123125783e-15,5.551115123125783e-15,1.86873984807952e-14,5.551115123125783e-15,NaN,converged,39,39,1,0,0,0,5,1.86873984807952e-14,1.12.6,lbt,1,1,Intel(R) Core(TM) 7 150U,NT,2abc7cc
degen-r20-m5-d1e-10-p4,100,Newton-SIN,1e-7*n,9.999999999999999e-6,8,28,0.0664615,0.0572069,86.07524657132323,0.0,2.9e-5,0.0,0.0085856,0.0,0.0,0.0006400000000000086,0.42981835481914765,1.7534215758957724e-13,-3.760395128857735e-15,8.659739592076221e-15,8.659739592076221e-15,2.7850669848501023e-14,8.659739592076221e-15,NaN,converged,78,78,11,0,0,0,8,1.86873984807952e-14,1.12.6,lbt,1,1,Intel(R) Core(TM) 7 150U,NT,2abc7cc
degen-r20-m5-d1e-10-p4,100,AGD-SDAJ-BH,1e-7*n,1.0e-11,11,84,0.1152705,0.11393439999999999,98.84090031708024,0.0,5.33e-5,0.0,0.0,0.0,0.0,0.0012828000000000067,0.42981835483020336,1.6940877613260252e-11,-3.7156583230004195e-15,6.827094445327475e-12,6.827094445327475e-12,9.14622606864337e-12,6.827094445327475e-12,NaN,diag_feasible,0,0,19,19,0,0,11,1.86873984807952e-14,1.12.6,lbt,1,1,Intel(R) Core(TM) 7 150U,NT,2abc7cc
degen-r20-m5-d1e-10-p4,100,AGD-SDAJ,1e-7*n,1.0e-11,9,83,0.1108112,0.1095076,98.82358461960523,0.0,4.92e-5,0.0,0.0,0.0,0.0,0.0012544000000000019,0.42981835482557423,1.0057040090485427e-11,-3.713802791756817e-15,2.4005242238445135e-12,2.4005242238445135e-12,5.1969354559414506e-12,2.4005242238445135e-12,NaN,diag_feasible,0,0,28,16,12,0,9,1.86873984807952e-14,1.12.6,lbt,1,1,Intel(R) Core(TM) 7 150U,NT,2abc7cc
degen-r20-m5-d1e-10-p4,100,Dykstra-APM,1e-7*n,9.999999999999999e-6,93,93,0.1360922,0.1289104,94.72284230837624,0.0,0.0,0.0,0.0,0.0048297,0.0,0.002352099999999988,0.4298183548019471,2.2543298231976083e-11,-3.0020372050103635e-15,1.7834622667578515e-12,1.7834622667578515e-12,9.982071356389086e-12,1.7834622667578515e-12,NaN,diag_feasible,0,0,0,0,0,0,93,1.86873984807952e-14,1.12.6,lbt,1,1,Intel(R) Core(TM) 7 150U,NT,2abc7cc
degen-r20-m5-d1e-10-p4,100,Anderson-APM,1e-7*n,9.999999999999999e-6,33,33,0.0562146,0.0472537,84.05947921002728,0.0,0.0,0.0,0.0,0.0,0.0076917,0.0012692000000000007,0.4298183548240405,1.1555276421359164e-11,-3.183694812529293e-15,1.5721868251716842e-12,1.5721868251716842e-12,6.388089027106354e-12,1.5721868251716842e-12,NaN,diag_feasible,0,0,0,0,0,0,33,1.86873984807952e-14,1.12.6,lbt,1,1,Intel(R) Core(TM) 7 150U,NT,2abc7cc
degen-r20-m5-d0-p0,100,SBB-Dual,1e-7*n,1.0e-11,40,41,0.0610998,0.059434900000000006,97.27511383015984,4.8e-5,3.28e-5,4.73e-5,0.0,0.0,0.0,0.001536799999999997,0.42916550701676204,7.590165194621869e-12,-2.6352519137297892e-15,1.4923617897011354e-12,0.0,6.058379173546893e-12,1.4923617897011354e-12,100.0,diag_feasible,0,0,0,0,0,0,40,2.668880090240094e-14,1.12.6,lbt,1,1,Intel(R) Core(TM) 7 150U,NT,2abc7cc
degen-r20-m5-d0-p0,100,Newton-SIN-BH,1e-7*n,9.999999999999999e-6,4,5,0.0133842,0.009247,69.08892574827034,0.0,7.8e-6,0.0,0.0037538,0.0,0.0,0.0003756000000000011,0.4291655070167743,0.0,-3.4146198417258698e-15,6.661338147750939e-15,6.661338147750939e-15,2.668880090240094e-14,6.661338147750939e-15,NaN,converged,25,25,0,0,0,0,4,2.668880090240094e-14,1.12.6,lbt,1,1,Intel(R) Core(TM) 7 150U,NT,2abc7cc
degen-r20-m5-d0-p0,100,Newton-SIN,1e-7*n,9.999999999999999e-6,4,9,0.0133214,0.0103084,77.3822571201225,0.0,5.3e-6,0.0,0.0028418,0.0,0.0,0.00016590000000000008,0.4291655070167743,0.0,-3.4146198417258698e-15,6.661338147750939e-15,6.661338147750939e-15,2.668880090240094e-14,6.661338147750939e-15,NaN,converged,25,25,0,0,0,0,4,2.668880090240094e-14,1.12.6,lbt,1,1,Intel(R) Core(TM) 7 150U,NT,2abc7cc
degen-r20-m5-d0-p0,100,AGD-SDAJ-BH,1e-7*n,1.0e-11,11,87,0.1205808,0.1190664,98.74407865928903,0.0,5.82e-5,0.0,0.0,0.0,0.0,0.001456199999999999,0.42916550702178113,7.377219259775534e-12,-3.3465653939258755e-15,2.578937063901776e-12,2.578937063901776e-12,3.791578718042053e-12,2.578937063901776e-12,NaN,diag_feasible,0,0,20,20,0,0,11,2.668880090240094e-14,1.12.6,lbt,1,1,Intel(R) Core(TM) 7 150U,NT,2abc7cc
degen-r20-m5-d0-p0,100,AGD-SDAJ,1e-7*n,1.0e-11,12,112,0.1705861,0.1659313,97.27128998200911,0.0,8.04e-5,0.0,0.0,0.0,0.0,0.004574399999999987,0.42916550702201084,8.309204113433887e-12,-3.7459881689290135e-15,2.427946732552755e-12,2.427946732552755e-12,4.383708446958869e-12,2.427946732552755e-12,NaN,diag_feasible,0,0,39,23,16,0,12,2.668880090240094e-14,1.12.6,lbt,1,1,Intel(R) Core(TM) 7 150U,NT,2abc7cc
degen-r20-m5-d0-p0,100,Dykstra-APM,1e-7*n,9.999999999999999e-6,92,92,0.1331808,0.1262543,94.79917525649344,0.0,0.0,0.0,0.0,0.0046622,0.0,0.0022642999999999743,0.42916550700290707,1.7510396071619245e-11,-2.40736491587878e-15,2.062572335148616e-12,2.062572335148616e-12,8.387914841247272e-12,2.062572335148616e-12,NaN,diag_feasible,0,0,0,0,0,0,92,2.668880090240094e-14,1.12.6,lbt,1,1,Intel(R) Core(TM) 7 150U,NT,2abc7cc
degen-r20-m5-d0-p0,100,Anderson-APM,1e-7*n,9.999999999999999e-6,40,40,0.0813461,0.0682062,83.84692074973476,0.0,0.0,0.0,0.0,0.0,0.0113664,0.0017735000000000094,0.42916550702525963,1.4496635621933466e-11,-2.7207036304274253e-15,1.8893775433070914e-12,1.8893775433070914e-12,7.306462143526953e-12,1.8893775433070914e-12,NaN,diag_feasible,0,0,0,0,0,0,40,2.668880090240094e-14,1.12.6,lbt,1,1,Intel(R) Core(TM) 7 150U,NT,2abc7cc
degen-r20-m5-d0-p1,100,SBB-Dual,1e-7*n,1.0e-11,40,41,0.050817,0.0501384,98.66462010744436,3.78e-5,2.36e-5,3.72e-5,0.0,0.0,0.0,0.0005800000000000014,0.4239414901237171,1.1015584666844536e-11,-3.3532258925466e-15,2.2168933355715126e-12,0.0,9.298638784322031e-12,2.2168933355715126e-12,100.0,diag_feasible,0,0,0,0,0,0,40,7.357378542570962e-14,1.12.6,lbt,1,1,Intel(R) Core(TM) 7 150U,NT,2abc7cc
degen-r20-m5-d0-p1,100,Newton-SIN-BH,1e-7*n,9.999999999999999e-6,4,5,0.0118009,0.0087416,74.07570609021346,0.0,6.7e-6,0.0,0.0027346,0.0,0.0,0.00031799999999999927,0.4239414901237005,0.0,-2.764318741913062e-15,2.1316282072803006e-14,2.1316282072803006e-14,7.357378542570962e-14,2.1316282072803006e-14,NaN,converged,25,25,0,0,0,0,4,7.357378542570962e-14,1.12.6,lbt,1,1,Intel(R) Core(TM) 7 150U,NT,2abc7cc
degen-r20-m5-d0-p1,100,Newton-SIN,1e-7*n,9.999999999999999e-6,100,2961,4.5947528,4.3769464000000005,95.25967098817591,0.0,0.0019627,0.0,0.1509024,0.0,0.0,0.06494129999999973,0.4239414896936084,1.5495224649516637e-9,-3.0367132539212136e-15,5.505678135619974e-10,5.505678135619974e-10,9.401557012582772e-10,5.505678135619974e-10,NaN,max_iter,1177,1177,2760,0,0,0,100,7.357378542570962e-14,1.12.6,lbt,1,1,Intel(R) Core(TM) 7 150U,NT,2abc7cc
degen-r20-m5-d0-p1,100,AGD-SDAJ-BH,1e-7*n,1.0e-11,10,72,0.1044077,0.1024773,98.15109422006229,0.0,5.09e-5,0.0,0.0,0.0,0.0,0.0018795000000000127,0.4239414901307418,1.1454440953269794e-11,-3.7318423210360275e-15,4.106270878878604e-12,4.106270878878604e-12,6.2683488599360424e-12,4.106270878878604e-12,NaN,diag_feasible,0,0,13,13,0,0,10,7.357378542570962e-14,1.12.6,lbt,1,1,Intel(R) Core(TM) 7 150U,NT,2abc7cc
degen-r20-m5-d0-p1,100,AGD-SDAJ,1e-7*n,1.0e-11,9,71,0.0937893,0.0927463,98.88793284521795,0.0,4.1e-5,0.0,0.0,0.0,0.0,0.0010020000000000022,0.4239414901313282,1.1329680206607225e-11,-3.571754392571181e-15,3.3634206531019117e-12,3.3634206531019117e-12,5.82072898330796e-12,3.3634206531019117e-12,NaN,diag_feasible,0,0,16,11,5,0,9,7.357378542570962e-14,1.12.6,lbt,1,1,Intel(R) Core(TM) 7 150U,NT,2abc7cc
degen-r20-m5-d0-p1,100,Dykstra-APM,1e-7*n,9.999999999999999e-6,93,93,0.1256024,0.116969,93.12640522792559,0.0,0.0,0.0,0.0,0.0058766,0.0,0.0027567999999999994,0.4239414901080534,1.9491826878865406e-11,-3.433678168536484e-15,2.2013502132267604e-12,2.2013502132267604e-12,9.284396746517367e-12,2.2013502132267604e-12,NaN,diag_feasible,0,0,0,0,0,0,93,7.357378542570962e-14,1.12.6,lbt,1,1,Intel(R) Core(TM) 7 150U,NT,2abc7cc
degen-r20-m5-d0-p1,100,Anderson-APM,1e-7*n,9.999999999999999e-6,33,33,0.048734,0.0409732,84.07518365001846,0.0,0.0,0.0,0.0,0.0,0.0066163,0.001144499999999998,0.42394149013030547,1.1457372644528333e-11,-3.256855827289115e-15,1.3210543770014738e-12,1.3210543770014738e-12,5.821473846582565e-12,1.3210543770014738e-12,NaN,diag_feasible,0,0,0,0,0,0,33,7.357378542570962e-14,1.12.6,lbt,1,1,Intel(R) Core(TM) 7 150U,NT,2abc7cc
degen-r20-m5-d0-p2,100,SBB-Dual,1e-7*n,1.0e-11,40,41,0.0522793,0.0515859,98.67366242470727,3.9e-5,2.4e-5,3.65e-5,0.0,0.0,0.0,0.0005939000000000038,0.4291939014667558,6.671561259693973e-12,-3.177213178047321e-15,1.1592948823135885e-12,0.0,5.5875486420083314e-12,1.1592948823135885e-12,100.0,diag_feasible,0,0,0,0,0,0,40,2.8382651314674287e-14,1.12.6,lbt,1,1,Intel(R) Core(TM) 7 150U,NT,2abc7cc
degen-r20-m5-d0-p2,100,Newton-SIN-BH,1e-7*n,9.999999999999999e-6,4,5,0.0093659,0.0070650999999999995,75.43428821576143,0.0,5.8e-6,0.0,0.0020661,0.0,0.0,0.00022890000000000063,0.42919390146675623,0.0,-3.597375881650272e-15,9.103828801926284e-15,9.103828801926284e-15,2.8382651314674287e-14,9.103828801926284e-15,NaN,converged,24,24,0,0,0,0,4,2.8382651314674287e-14,1.12.6,lbt,1,1,Intel(R) Core(TM) 7 150U,NT,2abc7cc
degen-r20-m5-d0-p2,100,Newton-SIN,1e-7*n,9.999999999999999e-6,4,9,0.0131839,0.0110426,83.758220253491,0.0,4.6e-6,0.0,0.0019635,0.0,0.0,0.00017320000000000052,0.42919390146675623,0.0,-3.597375881650272e-15,9.103828801926284e-15,9.103828801926284e-15,2.8382651314674287e-14,9.103828801926284e-15,NaN,converged,24,24,0,0,0,0,4,2.8382651314674287e-14,1.12.6,lbt,1,1,Intel(R) Core(TM) 7 150U,NT,2abc7cc
degen-r20-m5-d0-p2,100,AGD-SDAJ-BH,1e-7*n,1.0e-11,11,96,0.137272,0.13566519999999999,98.82947724226352,0.0,6.76e-5,0.0,0.0,0.0,0.0,0.0015392000000000194,0.4291939014732937,1.047503891692075e-11,-4.143101111846985e-15,3.2012170692041764e-12,3.2012170692041764e-12,5.583114113795113e-12,3.2012170692041764e-12,NaN,diag_feasible,0,0,29,29,0,0,11,2.8382651314674287e-14,1.12.6,lbt,1,1,Intel(R) Core(TM) 7 150U,NT,2abc7cc
degen-r20-m5-d0-p2,100,AGD-SDAJ,1e-7*n,1.0e-11,10,100,0.1517982,0.1499342,98.77205395057385,0.0,7.49e-5,0.0,0.0,0.0,0.0,0.0017891000000000046,0.42919390147877434,1.6618720777603737e-11,-3.185831203380389e-15,2.0269341760581483e-12,2.0269341760581483e-12,7.733271359025596e-12,2.0269341760581483e-12,NaN,diag_feasible,0,0,39,25,14,0,10,2.8382651314674287e-14,1.12.6,lbt,1,1,Intel(R) Core(TM) 7 150U,NT,2abc7cc
degen-r20-m5-d0-p2,100,Dykstra-APM,1e-7*n,9.999999999999999e-6,92,92,0.1613102,0.1514018,93.85754899566179,0.0,0.0,0.0,0.0,0.0066175,0.0,0.0032908999999999838,0.4291939014536806,1.6373014515283925e-11,-2.6038037668777465e-15,1.6324719354088302e-12,1.6324719354088302e-12,7.8587115694676e-12,1.6324719354088302e-12,NaN,diag_feasible,0,0,0,0,0,0,92,2.8382651314674287e-14,1.12.6,lbt,1,1,Intel(R) Core(TM) 7 150U,NT,2abc7cc
degen-r20-m5-d0-p2,100,Anderson-APM,1e-7*n,9.999999999999999e-6,36,36,0.0632092,0.0530682,83.95644937762225,0.0,0.0,0.0,0.0,0.0,0.0087551,0.0013858999999999903,0.42919390147505965,1.475526985218011e-11,-3.8346519569991855e-15,1.8678392166293634e-12,1.8678392166293634e-12,7.518611103980567e-12,1.8678392166293634e-12,NaN,diag_feasible,0,0,0,0,0,0,36,2.8382651314674287e-14,1.12.6,lbt,1,1,Intel(R) Core(TM) 7 150U,NT,2abc7cc
degen-r20-m5-d0-p3,100,SBB-Dual,1e-7*n,1.0e-11,40,41,0.0574738,0.0566962,98.64703569278524,5.08e-5,3.18e-5,4.03e-5,0.0,0.0,0.0,0.0006546999999999963,0.429270621108641,7.004749375293898e-12,-2.8141867038815387e-15,1.3649081864741675e-12,0.0,5.509323671743074e-12,1.3649081864741675e-12,100.0,diag_feasible,0,0,0,0,0,0,40,1.422819137495494e-14,1.12.6,lbt,1,1,Intel(R) Core(TM) 7 150U,NT,2abc7cc
degen-r20-m5-d0-p3,100,Newton-SIN-BH,1e-7*n,9.999999999999999e-6,4,5,0.0098331,0.0073944,75.1990725203649,0.0,5.1e-6,0.0,0.0021846,0.0,0.0,0.0002489999999999992,0.42927062110863573,0.0,-3.7579950064294176e-15,3.9968028886505635e-15,3.9968028886505635e-15,1.422819137495494e-14,3.9968028886505635e-15,NaN,converged,25,25,0,0,0,0,4,1.422819137495494e-14,1.12.6,lbt,1,1,Intel(R) Core(TM) 7 150U,NT,2abc7cc
degen-r20-m5-d0-p3,100,Newton-SIN,1e-7*n,9.999999999999999e-6,100,2532,14.3968587,13.5441113,94.07685094526907,0.0,0.0073512,0.0,0.6413437,0.0,0.0,0.20405249999999842,0.4292706210947171,6.235579799822706e-11,-2.948566943016677e-15,3.5250691254873345e-11,3.5250691254873345e-11,3.9021087131358626e-11,3.5250691254873345e-11,NaN,max_iter,1271,1271,2331,0,0,0,100,1.422819137495494e-14,1.12.6,lbt,1,1,Intel(R) Core(TM) 7 150U,NT,2abc7cc
degen-r20-m5-d0-p3,100,AGD-SDAJ-BH,1e-7*n,1.0e-11,10,79,0.4173657,0.4065469,97.40783682032328,0.0,0.0002198,0.0,0.0,0.0,0.0,0.010599000000000018,0.42927062111580205,1.0627004233371704e-11,-3.804750077665123e-15,2.5723867480564877e-12,2.5723867480564877e-12,5.308809666305781e-12,2.5723867480564877e-12,NaN,diag_feasible,0,0,18,18,0,0,10,1.422819137495494e-14,1.12.6,lbt,1,1,Intel(R) Core(TM) 7 150U,NT,2abc7cc
degen-r20-m5-d0-p3,100,AGD-SDAJ,1e-7*n,1.0e-11,11,89,0.4259783,0.420726,98.7670029201018,0.0,0.0002492,0.0,0.0,0.0,0.0,0.005003099999999988,0.4292706211171932,1.4814857556930235e-11,-4.142577921180082e-15,5.501821220832426e-12,5.501821220832426e-12,8.27725366171523e-12,5.501821220832426e-12,NaN,diag_feasible,0,0,24,18,6,0,11,1.422819137495494e-14,1.12.6,lbt,1,1,Intel(R) Core(TM) 7 150U,NT,2abc7cc
degen-r20-m5-d0-p3,100,Dykstra-APM,1e-7*n,9.999999999999999e-6,92,92,0.2540491,0.2341331,92.16057053538076,0.0,0.0,0.0,0.0,0.0136979,0.0,0.006218100000000016,0.4292706210957056,1.619483332367973e-11,-2.9658275328804613e-15,1.921796055626146e-12,1.921796055626146e-12,7.775826834624353e-12,1.921796055626146e-12,NaN,diag_feasible,0,0,0,0,0,0,92,1.422819137495494e-14,1.12.6,lbt,1,1,Intel(R) Core(TM) 7 150U,NT,2abc7cc
degen-r20-m5-d0-p3,100,Anderson-APM,1e-7*n,9.999999999999999e-6,32,32,0.238145,0.1604878,67.39079132461316,0.0,0.0,0.0,0.0,0.0,0.0609438,0.016713399999999982,0.4292706211118803,4.992616418459516e-12,-3.340763906232139e-15,5.880851361439454e-13,5.880851361439454e-13,2.463621667819121e-12,5.880851361439454e-13,NaN,diag_feasible,0,0,0,0,0,0,32,1.422819137495494e-14,1.12.6,lbt,1,1,Intel(R) Core(TM) 7 150U,NT,2abc7cc
degen-r20-m5-d0-p4,100,SBB-Dual,1e-7*n,1.0e-11,39,40,0.2435482,0.2364195,97.07298185739005,0.0023217,0.000199,0.0003738,0.0,0.0,0.0,0.004234199999999988,0.4298183549011663,1.1590274571473527e-11,-3.56852281536823e-15,2.297051437949449e-12,0.0,9.343837161509144e-12,2.297051437949449e-12,100.0,diag_feasible,0,0,0,0,0,0,39,1.619251812945824e-14,1.12.6,lbt,1,1,Intel(R) Core(TM) 7 150U,NT,2abc7cc
degen-r20-m5-d0-p4,100,Newton-SIN-BH,1e-7*n,9.999999999999999e-6,4,5,0.0355657,0.0239433,67.32132363485043,0.0,1.98e-5,0.0,0.0107585,0.0,0.0,0.0008440999999999969,0.4298183549011711,0.0,-3.4555970853091034e-15,7.105427357601002e-15,7.105427357601002e-15,1.619251812945824e-14,7.105427357601002e-15,NaN,converged,25,25,0,0,0,0,4,1.619251812945824e-14,1.12.6,lbt,1,1,Intel(R) Core(TM) 7 150U,NT,2abc7cc
degen-r20-m5-d0-p4,100,Newton-SIN,1e-7*n,9.999999999999999e-6,4,9,0.0485364,0.038868099999999996,80.08031085947866,0.0,1.6e-5,0.0,0.0091333,0.0,0.0,0.0005190000000000038,0.4298183549011711,0.0,-3.4555970853091034e-15,7.105427357601002e-15,7.105427357601002e-15,1.619251812945824e-14,7.105427357601002e-15,NaN,converged,25,25,0,0,0,0,4,1.619251812945824e-14,1.12.6,lbt,1,1,Intel(R) Core(TM) 7 150U,NT,2abc7cc
degen-r20-m5-d0-p4,100,AGD-SDAJ-BH,1e-7*n,1.0e-11,9,66,0.3072808,0.3032828,98.69890992212986,0.0,0.000156,0.0,0.0,0.0,0.0,0.0038420000000000017,0.4298183549115533,1.7130579693605382e-11,-3.3128494445412224e-15,4.8470116809085084e-12,4.8470116809085084e-12,9.43286937042708e-12,4.8470116809085084e-12,NaN,diag_feasible_at_xpre,0,0,15,15,0,0,9,1.619251812945824e-14,1.12.6,lbt,1,1,Intel(R) Core(TM) 7 150U,NT,2abc7cc
degen-r20-m5-d0-p4,100,AGD-SDAJ,1e-7*n,1.0e-11,9,72,0.3300762,0.32559710000000003,98.64301031095245,0.0,0.0001711,0.0,0.0,0.0,0.0,0.004307999999999958,0.42981835491153747,1.713360987548176e-11,-3.0252221155828127e-15,4.865219338512361e-12,4.865219338512361e-12,9.443693457984422e-12,4.865219338512361e-12,NaN,diag_feasible_at_xpre,0,0,21,15,6,0,9,1.619251812945824e-14,1.12.6,lbt,1,1,Intel(R) Core(TM) 7 150U,NT,2abc7cc
degen-r20-m5-d0-p4,100,Dykstra-APM,1e-7*n,9.999999999999999e-6,91,91,0.4456359,0.4083469,91.6324066351028,0.0,0.0,0.0,0.0,0.0177934,0.0,0.01949559999999996,0.42981835488563747,1.958719091148676e-11,-2.6949723944056884e-15,2.3090418466154006e-12,2.3090418466154006e-12,9.412972092178674e-12,2.3090418466154006e-12,NaN,diag_feasible,0,0,0,0,0,0,91,1.619251812945824e-14,1.12.6,lbt,1,1,Intel(R) Core(TM) 7 150U,NT,2abc7cc
degen-r20-m5-d0-p4,100,Anderson-APM,1e-7*n,9.999999999999999e-6,33,33,0.2215237,0.1465298,66.14633106976815,0.0,0.0,0.0,0.0,0.0,0.0674374,0.007556500000000008,0.4298183549055286,1.156161335166082e-11,-3.6796680113001466e-15,1.7367218774211324e-12,1.7367218774211324e-12,6.507137724084149e-12,1.7367218774211324e-12,NaN,diag_feasible,0,0,0,0,0,0,33,1.619251812945824e-14,1.12.6,lbt,1,1,Intel(R) Core(TM) 7 150U,NT,2abc7cc
degen-r20-m20-d0.01-p0,100,SBB-Dual,1e-7*n,1.0e-11,46,47,0.2217308,0.2186747,98.6217070429548,0.0002726,0.000121,0.0002296,0.0,0.0,0.0,0.002432900000000006,0.4594864638046061,9.163890616830662e-12,-3.762590999021222e-15,1.538325022920617e-12,0.0,9.244179328821211e-12,1.538325022920617e-12,100.0,diag_feasible,0,0,0,0,0,0,46,1.5333140632601973e-14,1.12.6,lbt,1,1,Intel(R) Core(TM) 7 150U,NT,2abc7cc
degen-r20-m20-d0.01-p0,100,Newton-SIN-BH,1e-7*n,9.999999999999999e-6,4,5,0.0329196,0.023393399999999998,71.06222432836365,0.0,2.22e-5,0.0,0.0086971,0.0,0.0,0.0008069000000000028,0.45948646380461144,0.0,-3.33843712683296e-15,4.6629367034256575e-15,4.6629367034256575e-15,1.5333140632601973e-14,4.6629367034256575e-15,NaN,converged,24,24,0,0,0,0,4,1.5333140632601973e-14,1.12.6,lbt,1,1,Intel(R) Core(TM) 7 150U,NT,2abc7cc
degen-r20-m20-d0.01-p0,100,Newton-SIN,1e-7*n,9.999999999999999e-6,4,9,0.0604417,0.0500194,82.75644133106779,0.0,1.78e-5,0.0,0.0098447,0.0,0.0,0.0005598000000000027,0.45948646380461144,0.0,-3.33843712683296e-15,4.6629367034256575e-15,4.6629367034256575e-15,1.5333140632601973e-14,4.6629367034256575e-15,NaN,converged,24,24,0,0,0,0,4,1.5333140632601973e-14,1.12.6,lbt,1,1,Intel(R) Core(TM) 7 150U,NT,2abc7cc
degen-r20-m20-d0.01-p0,100,AGD-SDAJ-BH,1e-7*n,1.0e-11,10,63,0.3520494,0.34762560000000003,98.74341498664675,0.0,0.0002046,0.0,0.0,0.0,0.0,0.004219199999999978,0.45948646380066993,7.86661739074755e-12,-3.098388982759449e-15,1.8691714842589136e-12,1.8691714842589136e-12,4.04965678212263e-12,1.8691714842589136e-12,NaN,diag_feasible_at_xpre,0,0,6,6,0,0,10,1.5333140632601973e-14,1.12.6,lbt,1,1,Intel(R) Core(TM) 7 150U,NT,2abc7cc
degen-r20-m20-d0.01-p0,100,AGD-SDAJ,1e-7*n,1.0e-11,10,75,0.4223671,0.4175695,98.86411607343469,0.0,0.0002026,0.0,0.0,0.0,0.0,0.004595000000000013,0.4594864637973928,1.5014314398791497e-11,-4.196008541255166e-15,4.0030201375884644e-12,4.0030201375884644e-12,7.915984305857321e-12,4.0030201375884644e-12,NaN,diag_feasible,0,0,16,7,9,0,10,1.5333140632601973e-14,1.12.6,lbt,1,1,Intel(R) Core(TM) 7 150U,NT,2abc7cc
degen-r20-m20-d0.01-p0,100,Dykstra-APM,1e-7*n,9.999999999999999e-6,105,105,0.6111466,0.5548955,90.7958090579249,0.0,0.0,0.0,0.0,0.0301792,0.0,0.0260719,0.4594864637925533,2.0422182282045462e-11,-3.3741061358779255e-15,1.503241975342462e-12,1.503241975342462e-12,9.02993752304194e-12,1.503241975342462e-12,NaN,diag_feasible,0,0,0,0,0,0,105,1.5333140632601973e-14,1.12.6,lbt,1,1,Intel(R) Core(TM) 7 150U,NT,2abc7cc
degen-r20-m20-d0.01-p0,100,Anderson-APM,1e-7*n,9.999999999999999e-6,35,35,0.2545706,0.1826726,71.75714713325105,0.0,0.0,0.0,0.0,0.0,0.063615,0.008282999999999985,0.45948646379857283,1.073689965755783e-11,-3.708655816365605e-15,1.0165202013467933e-12,1.0165202013467933e-12,4.9776079687158296e-12,1.0165202013467933e-12,NaN,diag_feasible,0,0,0,0,0,0,35,1.5333140632601973e-14,1.12.6,lbt,1,1,Intel(R) Core(TM) 7 150U,NT,2abc7cc
degen-r20-m20-d0.01-p1,100,SBB-Dual,1e-7*n,1.0e-11,46,47,0.2409036,0.2367756,98.28645151006461,0.0003525,0.0001462,0.0007543,0.0,0.0,0.0,0.002874999999999993,0.455714372087348,8.141266639726774e-12,-3.3916857942142914e-15,1.362021606610142e-12,0.0,8.17582221853443e-12,1.362021606610142e-12,100.0,diag_feasible,0,0,0,0,0,0,46,7.972066185878801e-14,1.12.6,lbt,1,1,Intel(R) Core(TM) 7 150U,NT,2abc7cc
degen-r20-m20-d0.01-p1,100,Newton-SIN-BH,1e-7*n,9.999999999999999e-6,4,5,0.0455099,0.0352706,77.5009393560522,0.0,2.11e-5,0.0,0.0088131,0.0,0.0,0.0014050999999999994,0.4557143720873468,0.0,-3.698721969735351e-15,2.4202861936828413e-14,2.4202861936828413e-14,7.972066185878801e-14,2.4202861936828413e-14,NaN,converged,22,22,0,0,0,0,4,7.972066185878801e-14,1.12.6,lbt,1,1,Intel(R) Core(TM) 7 150U,NT,2abc7cc
degen-r20-m20-d0.01-p1,100,Newton-SIN,1e-7*n,9.999999999999999e-6,100,2859,16.0469099,15.2332487,94.92948358861292,0.0,0.0079736,0.0,0.517303,0.0,0.0,0.28838459999999855,0.455714371991502,1.8104128244624919e-9,-3.9767802929385825e-15,4.3230574675590105e-10,4.3230574675590105e-10,1.0860315228263963e-9,4.3230574675590105e-10,NaN,max_iter,1078,1078,2658,0,0,0,100,7.972066185878801e-14,1.12.6,lbt,1,1,Intel(R) Core(TM) 7 150U,NT,2abc7cc
degen-r20-m20-d0.01-p1,100,AGD-SDAJ-BH,1e-7*n,1.0e-11,13,92,0.4837071,0.4782745,98.87688231163033,0.0,0.0002278,0.0,0.0,0.0,0.0,0.005204800000000009,0.45571437208274945,9.285632400953184e-12,-3.078234192985909e-15,2.502886786714953e-12,2.502886786714953e-12,4.823515342135413e-12,2.502886786714953e-12,NaN,diag_feasible_at_xpre,0,0,17,17,0,0,13,7.972066185878801e-14,1.12.6,lbt,1,1,Intel(R) Core(TM) 7 150U,NT,2abc7cc
degen-r20-m20-d0.01-p1,100,AGD-SDAJ,1e-7*n,1.0e-11,10,88,0.4988739,0.4872736,97.67470296602006,0.0,0.0002424,0.0,0.0,0.0,0.0,0.011357900000000008,0.4557143720837929,6.828898290953777e-12,-2.974308677948718e-15,1.5429879596240426e-12,1.5429879596240426e-12,3.4067381598563653e-12,1.5429879596240426e-12,NaN,diag_feasible,0,0,27,16,11,0,10,7.972066185878801e-14,1.12.6,lbt,1,1,Intel(R) Core(TM) 7 150U,NT,2abc7cc
degen-r20-m20-d0.01-p1,100,Dykstra-APM,1e-7*n,9.999999999999999e-6,105,105,0.5694201,0.5201482,91.3470037323937,0.0,0.0,0.0,0.0,0.0249246,0.0,0.024347300000000033,0.45571437207651216,1.8265804332907087e-11,-3.2905206136290307e-15,1.354694134647616e-12,1.354694134647616e-12,8.097457204147188e-12,1.354694134647616e-12,NaN,diag_feasible,0,0,0,0,0,0,105,7.972066185878801e-14,1.12.6,lbt,1,1,Intel(R) Core(TM) 7 150U,NT,2abc7cc
degen-r20-m20-d0.01-p1,100,Anderson-APM,1e-7*n,9.999999999999999e-6,37,37,0.2579861,0.1766203,68.46116903197499,0.0,0.0,0.0,0.0,0.0,0.0732056,0.008160199999999992,0.45571437207976995,1.343955025927561e-11,-3.1609258756968874e-15,1.5079049120458876e-12,1.5079049120458876e-12,6.281015034033389e-12,1.5079049120458876e-12,NaN,diag_feasible,0,0,0,0,0,0,37,7.972066185878801e-14,1.12.6,lbt,1,1,Intel(R) Core(TM) 7 150U,NT,2abc7cc
degen-r20-m20-d0.01-p2,100,SBB-Dual,1e-7*n,1.0e-11,46,47,0.2248389,0.2217728,98.63631248863075,0.0002654,0.0001185,0.0002301,0.0,0.0,0.0,0.002452100000000016,0.45682247878930915,7.972803962599364e-12,-4.055616641448365e-15,1.2116974090758958e-12,0.0,8.56108701271666e-12,1.2116974090758958e-12,100.0,diag_feasible,0,0,0,0,0,0,46,5.5420149373879147e-14,1.12.6,lbt,1,1,Intel(R) Core(TM) 7 150U,NT,2abc7cc
degen-r20-m20-d0.01-p2,100,Newton-SIN-BH,1e-7*n,9.999999999999999e-6,4,5,0.0326608,0.0240959,73.77620878851714,0.0,1.81e-5,0.0,0.0077849,0.0,0.0,0.0007618999999999968,0.45682247878930676,0.0,-3.858205628829293e-15,2.708944180085382e-14,2.708944180085382e-14,5.5420149373879147e-14,2.708944180085382e-14,NaN,converged,22,22,0,0,0,0,4,5.5420149373879147e-14,1.12.6,lbt,1,1,Intel(R) Core(TM) 7 150U,NT,2abc7cc
degen-r20-m20-d0.01-p2,100,Newton-SIN,1e-7*n,9.999999999999999e-6,4,9,0.0464123,0.0381495,82.19696071946447,0.0,1.7e-5,0.0,0.0077322,0.0,0.0,0.0005135999999999943,0.45682247878930676,0.0,-3.858205628829293e-15,2.708944180085382e-14,2.708944180085382e-14,5.5420149373879147e-14,2.708944180085382e-14,NaN,converged,22,22,0,0,0,0,4,5.5420149373879147e-14,1.12.6,lbt,1,1,Intel(R) Core(TM) 7 150U,NT,2abc7cc
degen-r20-m20-d0.01-p2,100,AGD-SDAJ-BH,1e-7*n,1.0e-11,9,64,0.3120993,0.308262,98.77048746985332,0.0,0.0001566,0.0,0.0,0.0,0.0,0.0036807000000000437,0.45682247877947535,1.8994132280932952e-11,-3.2181096717233773e-15,2.2116752873557743e-12,2.2116752873557743e-12,9.54972531802011e-12,2.2116752873557743e-12,NaN,diag_feasible,0,0,9,9,0,0,9,5.5420149373879147e-14,1.12.6,lbt,1,1,Intel(R) Core(TM) 7 150U,NT,2abc7cc
degen-r20-m20-d0.01-p2,100,AGD-SDAJ,1e-7*n,1.0e-11,10,87,0.4854756,0.47335920000000004,97.50422060346597,0.0,0.0003038,0.0,0.0,0.0,0.0,0.011812599999999972,0.456822478785261,9.193935873004077e-12,-3.6228193316918535e-15,3.1258329258321282e-12,3.1258329258321282e-12,5.131167317185203e-12,3.1258329258321282e-12,NaN,diag_feasible,0,0,28,11,17,0,10,5.5420149373879147e-14,1.12.6,lbt,1,1,Intel(R) Core(TM) 7 150U,NT,2abc7cc
degen-r20-m20-d0.01-p2,100,Dykstra-APM,1e-7*n,9.999999999999999e-6,105,105,0.967976,0.8232534,85.04894749456598,0.0,0.0,0.0,0.0,0.0875355,0.0,0.05718709999999992,0.4568224787779762,1.896701339982771e-11,-3.051401114777559e-15,1.192157483842493e-12,1.192157483842493e-12,8.408340295050886e-12,1.192157483842493e-12,NaN,diag_feasible,0,0,0,0,0,0,105,5.5420149373879147e-14,1.12.6,lbt,1,1,Intel(R) Core(TM) 7 150U,NT,2abc7cc
degen-r20-m20-d0.01-p2,100,Anderson-APM,1e-7*n,9.999999999999999e-6,38,38,0.2489544,0.1726663,69.35659703142423,0.0,0.0,0.0,0.0,0.0,0.0672979,0.008990200000000004,0.45682247877712256,2.16771928941654e-11,-3.2712802076690014e-15,2.538858012712808e-12,2.538858012712808e-12,9.976689107174211e-12,2.538858012712808e-12,NaN,diag_feasible,0,0,0,0,0,0,38,5.5420149373879147e-14,1.12.6,lbt,1,1,Intel(R) Core(TM) 7 150U,NT,2abc7cc
degen-r20-m20-d0.01-p3,100,SBB-Dual,1e-7*n,1.0e-11,46,47,0.2239837,0.22057300000000002,98.4772552645572,0.0002612,0.0001063,0.0002294,0.0,0.0,0.0,0.0028137999999999887,0.46037642504610826,8.168605739777423e-12,-3.272294463519286e-15,1.2423395645555502e-12,0.0,7.715258124719192e-12,1.2423395645555502e-12,100.0,diag_feasible,0,0,0,0,0,0,46,3.2548474892948313e-14,1.12.6,lbt,1,1,Intel(R) Core(TM) 7 150U,NT,2abc7cc
degen-r20-m20-d0.01-p3,100,Newton-SIN-BH,1e-7*n,9.999999999999999e-6,4,5,0.0321698,0.022974599999999998,71.4166702932564,0.0,1.77e-5,0.0,0.0083225,0.0,0.0,0.0008549999999999999,0.46037642504611276,0.0,-3.818675441895937e-15,1.2434497875801753e-14,1.2434497875801753e-14,3.2548474892948313e-14,1.2434497875801753e-14,NaN,converged,22,22,0,0,0,0,4,3.2548474892948313e-14,1.12.6,lbt,1,1,Intel(R) Core(TM) 7 150U,NT,2abc7cc
degen-r20-m20-d0.01-p3,100,Newton-SIN,1e-7*n,9.999999999999999e-6,4,9,0.0469987,0.038765499999999994,82.48206865296274,0.0,1.87e-5,0.0,0.0076837,0.0,0.0,0.0005308000000000031,0.46037642504611276,0.0,-3.818675441895937e-15,1.2434497875801753e-14,1.2434497875801753e-14,3.2548474892948313e-14,1.2434497875801753e-14,NaN,converged,22,22,0,0,0,0,4,3.2548474892948313e-14,1.12.6,lbt,1,1,Intel(R) Core(TM) 7 150U,NT,2abc7cc
degen-r20-m20-d0.01-p3,100,AGD-SDAJ-BH,1e-7*n,1.0e-11,9,65,0.3213678,0.3175697,98.81814543958669,0.0,0.0001608,0.0,0.0,0.0,0.0,0.003637299999999971,0.4603764250432659,5.728300509954737e-12,-3.1019508227122526e-15,1.2788659020657178e-12,1.2788659020657178e-12,2.905465693087544e-12,1.2788659020657178e-12,NaN,diag_feasible,0,0,10,10,0,0,9,3.2548474892948313e-14,1.12.6,lbt,1,1,Intel(R) Core(TM) 7 150U,NT,2abc7cc
degen-r20-m20-d0.01-p3,100,AGD-SDAJ,1e-7*n,1.0e-11,98,4035,22.5370998,22.0664357,97.91160307148306,0.0,0.0119764,0.0,0.0,0.0,0.0,0.4586877000000005,0.4603763915483243,8.023180864869675e-8,-3.1007731791675485e-15,3.147774152445493e-8,3.147774152445493e-8,4.575829988480401e-8,3.147774152445493e-8,NaN,evd_budget,0,0,3539,377,3162,0,98,3.2548474892948313e-14,1.12.6,lbt,1,1,Intel(R) Core(TM) 7 150U,NT,2abc7cc
degen-r20-m20-d0.01-p3,100,Dykstra-APM,1e-7*n,9.999999999999999e-6,104,104,0.599194,0.5465453,91.2134133519361,0.0,0.0,0.0,0.0,0.0290707,0.0,0.02357799999999999,0.46037642503321846,2.191785047322336e-11,-3.5143902114911844e-15,1.567412866165796e-12,1.567412866165796e-12,9.714989602944707e-12,1.567412866165796e-12,NaN,diag_feasible,0,0,0,0,0,0,104,3.2548474892948313e-14,1.12.6,lbt,1,1,Intel(R) Core(TM) 7 150U,NT,2abc7cc
degen-r20-m20-d0.01-p3,100,Anderson-APM,1e-7*n,9.999999999999999e-6,30,30,0.1981632,0.1372733,69.27285187158866,0.0,0.0,0.0,0.0,0.0,0.0526995,0.008190400000000021,0.46037642504371695,6.458096948106712e-12,-3.1965588800098137e-15,9.210410212290299e-13,9.210410212290299e-13,3.5747842118221185e-12,9.210410212290299e-13,NaN,diag_feasible,0,0,0,0,0,0,30,3.2548474892948313e-14,1.12.6,lbt,1,1,Intel(R) Core(TM) 7 150U,NT,2abc7cc
degen-r20-m20-d0.01-p4,100,SBB-Dual,1e-7*n,1.0e-11,46,47,0.2264297,0.2232492,98.5953697770213,0.000288,0.0001161,0.0002303,0.0,0.0,0.0,0.0025461000000000025,0.45907961623065885,8.947059160368821e-12,-3.624194883659028e-15,1.4566126083082054e-12,0.0,8.796488989842673e-12,1.4566126083082054e-12,100.0,diag_feasible,0,0,0,0,0,0,46,4.4431952140609876e-14,1.12.6,lbt,1,1,Intel(R) Core(TM) 7 150U,NT,2abc7cc
degen-r20-m20-d0.01-p4,100,Newton-SIN-BH,1e-7*n,9.999999999999999e-6,4,5,0.0358359,0.0248535,69.3536369953036,0.0,1.72e-5,0.0,0.0101562,0.0,0.0,0.0008089999999999955,0.4590796162306617,0.0,-4.031711138200224e-15,1.1657341758564144e-14,1.1657341758564144e-14,4.4431952140609876e-14,1.1657341758564144e-14,NaN,converged,22,22,0,0,0,0,4,4.4431952140609876e-14,1.12.6,lbt,1,1,Intel(R) Core(TM) 7 150U,NT,2abc7cc
degen-r20-m20-d0.01-p4,100,Newton-SIN,1e-7*n,9.999999999999999e-6,4,9,0.0480167,0.0387951,80.79501506767436,0.0,1.59e-5,0.0,0.0087032,0.0,0.0,0.0005025000000000047,0.4590796162306617,0.0,-4.031711138200224e-15,1.1657341758564144e-14,1.1657341758564144e-14,4.4431952140609876e-14,1.1657341758564144e-14,NaN,converged,22,22,0,0,0,0,4,4.4431952140609876e-14,1.12.6,lbt,1,1,Intel(R) Core(TM) 7 150U,NT,2abc7cc
degen-r20-m20-d0.01-p4,100,AGD-SDAJ-BH,1e-7*n,1.0e-11,12,94,0.5123889,0.5055599,98.66722327513338,0.0,0.000354,0.0,0.0,0.0,0.0,0.006475000000000085,0.45907961622722826,6.428730302124066e-12,-3.742793004251882e-15,1.0880185641326534e-12,1.0880185641326534e-12,3.117004671127296e-12,1.0880185641326534e-12,NaN,diag_feasible,0,0,21,21,0,0,12,4.4431952140609876e-14,1.12.6,lbt,1,1,Intel(R) Core(TM) 7 150U,NT,2abc7cc
degen-r20-m20-d0.01-p4,100,AGD-SDAJ,1e-7*n,1.0e-11,118,4018,22.3019821,22.0124433,98.70173512514836,0.0,0.0109999,0.0,0.0,0.0,0.0,0.278538899999999,0.4590796156164967,1.1825807707841848e-9,-3.39917883981747e-15,4.2046699455511316e-10,4.2046699455511316e-10,6.169720588429417e-10,4.2046699455511316e-10,NaN,evd_budget,0,0,3419,451,2968,0,118,4.4431952140609876e-14,1.12.6,lbt,1,1,Intel(R) Core(TM) 7 150U,NT,2abc7cc
degen-r20-m20-d0.01-p4,100,Dykstra-APM,1e-7*n,9.999999999999999e-6,105,105,0.7341275,0.6238696,84.98109660787806,0.0,0.0,0.0,0.0,0.0686595,0.0,0.04159840000000002,0.45907961621913657,1.9594641549961904e-11,-3.686624675968541e-15,1.4357404154452524e-12,1.4357404154452524e-12,8.671541501847822e-12,1.4357404154452524e-12,NaN,diag_feasible,0,0,0,0,0,0,105,4.4431952140609876e-14,1.12.6,lbt,1,1,Intel(R) Core(TM) 7 150U,NT,2abc7cc
degen-r20-m20-d0.01-p4,100,Anderson-APM,1e-7*n,9.999999999999999e-6,35,35,0.276984,0.1948783,70.35724085145712,0.0,0.0,0.0,0.0,0.0,0.0757685,0.006337200000000001,0.45907961622111076,1.7030444560780346e-11,-3.1749532414957314e-15,1.453503983839255e-12,1.453503983839255e-12,7.805563507652272e-12,1.453503983839255e-12,NaN,diag_feasible,0,0,0,0,0,0,35,4.4431952140609876e-14,1.12.6,lbt,1,1,Intel(R) Core(TM) 7 150U,NT,2abc7cc
degen-r20-m20-d0.0001-p0,100,SBB-Dual,1e-7*n,1.0e-11,42,43,0.2111776,0.20850249999999998,98.73324632915612,0.0002473,9.88e-5,0.0002196,0.0,0.0,0.0,0.002109400000000014,0.48158532372426976,6.1538627441060665e-12,-3.626449140069477e-15,1.0329515021112456e-12,0.0,6.207210651025753e-12,1.0329515021112456e-12,100.0,diag_feasible,0,0,0,0,0,0,42,1.464442667554174e-14,1.12.6,lbt,1,1,Intel(R) Core(TM) 7 150U,NT,2abc7cc
degen-r20-m20-d0.0001-p0,100,Newton-SIN-BH,1e-7*n,9.999999999999999e-6,4,5,0.0496436,0.033484,67.44877486725377,0.0,2.51e-5,0.0,0.0151629,0.0,0.0,0.000971600000000003,0.4815853237242708,0.0,-3.1639759330706842e-15,3.9968028886505635e-15,3.9968028886505635e-15,1.464442667554174e-14,3.9968028886505635e-15,NaN,converged,23,23,0,0,0,0,4,1.464442667554174e-14,1.12.6,lbt,1,1,Intel(R) Core(TM) 7 150U,NT,2abc7cc
degen-r20-m20-d0.0001-p0,100,Newton-SIN,1e-7*n,9.999999999999999e-6,4,9,0.0272091,0.022442999999999998,82.4834338511748,0.0,1.38e-5,0.0,0.0042802,0.0,0.0,0.00047210000000000307,0.4815853237242708,0.0,-3.1639759330706842e-15,3.9968028886505635e-15,3.9968028886505635e-15,1.464442667554174e-14,3.9968028886505635e-15,NaN,converged,23,23,0,0,0,0,4,1.464442667554174e-14,1.12.6,lbt,1,1,Intel(R) Core(TM) 7 150U,NT,2abc7cc
degen-r20-m20-d0.0001-p0,100,AGD-SDAJ-BH,1e-7*n,1.0e-11,10,67,0.3785315,0.3745717,98.95390476089835,0.0,0.0001809,0.0,0.0,0.0,0.0,0.0037789000000000134,0.4815853237318218,1.680101644776006e-11,-3.2203455452624713e-15,5.9153792975052966e-12,5.9153792975052966e-12,9.131493337450253e-12,5.9153792975052966e-12,NaN,diag_feasible_at_xpre,0,0,10,10,0,0,10,1.464442667554174e-14,1.12.6,lbt,1,1,Intel(R) Core(TM) 7 150U,NT,2abc7cc
degen-r20-m20-d0.0001-p0,100,AGD-SDAJ,1e-7*n,1.0e-11,11,84,0.4224478,0.4178425,98.90985347775512,0.0,0.0002036,0.0,0.0,0.0,0.0,0.004401699999999979,0.4815853237300367,1.217618968840388e-11,-3.4007353046607545e-15,2.880806704297356e-12,2.880806704297356e-12,6.167491465702063e-12,2.880806704297356e-12,NaN,diag_feasible,0,0,17,13,4,0,11,1.464442667554174e-14,1.12.6,lbt,1,1,Intel(R) Core(TM) 7 150U,NT,2abc7cc
degen-r20-m20-d0.0001-p0,100,Dykstra-APM,1e-7*n,9.999999999999999e-6,95,95,0.5428814,0.5057529,93.16084507592267,0.0,0.0,0.0,0.0,0.0185439,0.0,0.01858460000000001,0.48158532371214074,2.2236902053250767e-11,-3.1514864932965954e-15,1.6358026044827056e-12,1.6358026044827056e-12,9.835650958461056e-12,1.6358026044827056e-12,NaN,diag_feasible,0,0,0,0,0,0,95,1.464442667554174e-14,1.12.6,lbt,1,1,Intel(R) Core(TM) 7 150U,NT,2abc7cc
degen-r20-m20-d0.0001-p0,100,Anderson-APM,1e-7*n,9.999999999999999e-6,34,34,0.2384202,0.1694471,71.07078175423055,0.0,0.0,0.0,0.0,0.0,0.0616285,0.007344600000000007,0.48158532372729396,8.331540248314556e-12,-3.288229622432188e-15,1.2523315717771766e-12,1.2523315717771766e-12,4.507451100598223e-12,1.2523315717771766e-12,NaN,diag_feasible,0,0,0,0,0,0,34,1.464442667554174e-14,1.12.6,lbt,1,1,Intel(R) Core(TM) 7 150U,NT,2abc7cc
degen-r20-m20-d0.0001-p1,100,SBB-Dual,1e-7*n,1.0e-11,42,43,0.2095205,0.2065954,98.60390749353881,0.0003951,0.0001109,0.0002316,0.0,0.0,0.0,0.0021874999999999863,0.4769417013071254,6.23968420874079e-12,-3.167550473107656e-15,1.0293987884324451e-12,0.0,6.1923982587319665e-12,1.0293987884324451e-12,100.0,diag_feasible,0,0,0,0,0,0,42,9.883541843614818e-14,1.12.6,lbt,1,1,Intel(R) Core(TM) 7 150U,NT,2abc7cc
degen-r20-m20-d0.0001-p1,100,Newton-SIN-BH,1e-7*n,9.999999999999999e-6,4,5,0.0356267,0.0248438,69.73365481506848,0.0,2.18e-5,0.0,0.0098572,0.0,0.0,0.0009038999999999974,0.4769417013071234,0.0,-3.5905278827648604e-15,2.653433028854124e-14,2.653433028854124e-14,9.883541843614818e-14,2.653433028854124e-14,NaN,converged,23,23,0,0,0,0,4,9.883541843614818e-14,1.12.6,lbt,1,1,Intel(R) Core(TM) 7 150U,NT,2abc7cc
degen-r20-m20-d0.0001-p1,100,Newton-SIN,1e-7*n,9.999999999999999e-6,10,68,0.3935545,0.3524834,89.56406291885877,0.0,0.0003151,0.0,0.0363929,0.0,0.0,0.004363099999999974,0.4769417013071289,4.4086781261063275e-13,-3.4877129904898683e-15,6.994405055138486e-15,6.994405055138486e-15,2.5020446799589595e-14,6.994405055138486e-15,NaN,converged,94,94,47,0,0,0,10,9.883541843614818e-14,1.12.6,lbt,1,1,Intel(R) Core(TM) 7 150U,NT,2abc7cc
degen-r20-m20-d0.0001-p1,100,AGD-SDAJ-BH,1e-7*n,1.0e-11,11,80,0.2749017,0.27129339999999996,98.68742172201915,0.0,0.000177,0.0,0.0,0.0,0.0,0.003431300000000064,0.4769417013104573,1.2962911967250098e-11,-3.0942987782750874e-15,3.54605234065275e-12,3.54605234065275e-12,7.632688051909481e-12,3.54605234065275e-12,NaN,diag_feasible_at_xpre,0,0,15,15,0,0,11,9.883541843614818e-14,1.12.6,lbt,1,1,Intel(R) Core(TM) 7 150U,NT,2abc7cc
degen-r20-m20-d0.0001-p1,100,AGD-SDAJ,1e-7*n,1.0e-11,10,99,0.4907291,0.4854295,98.92005589234469,0.0,0.0002456,0.0,0.0,0.0,0.0,0.00505399999999996,0.4769417013171327,1.9722961646334814e-11,-3.89024852583026e-15,3.255617997410809e-12,3.255617997410809e-12,9.422393485225802e-12,3.255617997410809e-12,NaN,diag_feasible,0,0,38,20,18,0,10,9.883541843614818e-14,1.12.6,lbt,1,1,Intel(R) Core(TM) 7 150U,NT,2abc7cc
degen-r20-m20-d0.0001-p1,100,Dykstra-APM,1e-7*n,9.999999999999999e-6,95,95,0.4153957,0.3853891,92.7763816524822,0.0,0.0,0.0,0.0,0.0161577,0.0,0.013848899999999994,0.476941701295067,2.199346982308425e-11,-3.802859016455141e-15,1.6302514893595799e-12,1.6302514893595799e-12,9.750840507841793e-12,1.6302514893595799e-12,NaN,diag_feasible,0,0,0,0,0,0,95,9.883541843614818e-14,1.12.6,lbt,1,1,Intel(R) Core(TM) 7 150U,NT,2abc7cc
degen-r20-m20-d0.0001-p1,100,Anderson-APM,1e-7*n,9.999999999999999e-6,31,31,0.2049426,0.1417818,69.18122440136898,0.0,0.0,0.0,0.0,0.0,0.0553347,0.007826099999999989,0.47694170131347097,1.4898487038524584e-11,-3.431636718162441e-15,2.1914692283075965e-12,2.1914692283075965e-12,7.618611803360426e-12,2.1914692283075965e-12,NaN,diag_feasible,0,0,0,0,0,0,31,9.883541843614818e-14,1.12.6,lbt,1,1,Intel(R) Core(TM) 7 150U,NT,2abc7cc
degen-r20-m20-d0.0001-p2,100,SBB-Dual,1e-7*n,1.0e-11,42,43,0.2110583,0.20829899999999998,98.69263611049648,0.0002453,0.0001093,0.0002286,0.0,0.0,0.0,0.00217610000000002,0.47846273012547247,6.830029603458241e-12,-2.961569466425759e-15,1.0385026172343714e-12,0.0,7.336105377160393e-12,1.0385026172343714e-12,100.0,diag_feasible,0,0,0,0,0,0,42,1.520640828213254e-14,1.12.6,lbt,1,1,Intel(R) Core(TM) 7 150U,NT,2abc7cc
degen-r20-m20-d0.0001-p2,100,Newton-SIN-BH,1e-7*n,9.999999999999999e-6,4,5,0.032442,0.023344100000000003,71.95641452438198,0.0,2.13e-5,0.0,0.0080144,0.0,0.0,0.0010621999999999958,0.4784627301254745,0.0,-3.9517119911973845e-15,4.6629367034256575e-15,4.6629367034256575e-15,1.520640828213254e-14,4.6629367034256575e-15,NaN,converged,20,20,0,0,0,0,4,1.520640828213254e-14,1.12.6,lbt,1,1,Intel(R) Core(TM) 7 150U,NT,2abc7cc
degen-r20-m20-d0.0001-p2,100,Newton-SIN,1e-7*n,9.999999999999999e-6,4,9,0.0530554,0.043935300000000004,82.81023232319424,0.0,2.0e-5,0.0,0.00829,0.0,0.0,0.0008100999999999994,0.4784627301254745,0.0,-3.9517119911973845e-15,4.6629367034256575e-15,4.6629367034256575e-15,1.520640828213254e-14,4.6629367034256575e-15,NaN,converged,20,20,0,0,0,0,4,1.520640828213254e-14,1.12.6,lbt,1,1,Intel(R) Core(TM) 7 150U,NT,2abc7cc
degen-r20-m20-d0.0001-p2,100,AGD-SDAJ-BH,1e-7*n,1.0e-11,10,73,0.3541046,0.3502078,98.8995342054297,0.0,0.0001654,0.0,0.0,0.0,0.0,0.003731399999999978,0.47846273012995666,1.0311025046111551e-11,-3.4553396044499793e-15,3.5961233990633446e-12,3.5961233990633446e-12,5.623710939625484e-12,3.5961233990633446e-12,NaN,diag_feasible,0,0,12,12,0,0,10,1.520640828213254e-14,1.12.6,lbt,1,1,Intel(R) Core(TM) 7 150U,NT,2abc7cc
degen-r20-m20-d0.0001-p2,100,AGD-SDAJ,1e-7*n,1.0e-11,9,66,0.309457,0.3056332,98.76435175161654,0.0,0.000152,0.0,0.0,0.0,0.0,0.003671799999999988,0.47846273013428825,1.7984230608374527e-11,-4.249092275380123e-15,3.2935876248529894e-12,3.2935876248529894e-12,8.985190903861286e-12,3.2935876248529894e-12,NaN,diag_feasible,0,0,11,8,3,0,9,1.520640828213254e-14,1.12.6,lbt,1,1,Intel(R) Core(TM) 7 150U,NT,2abc7cc
degen-r20-m20-d0.0001-p2,100,Dykstra-APM,1e-7*n,9.999999999999999e-6,96,96,0.5457091,0.5076593,93.02745730280108,0.0,0.0,0.0,0.0,0.0194427,0.0,0.01860709999999991,0.4784627301144249,2.0003378323280934e-11,-3.7270376895899126e-15,1.2567724638756772e-12,1.2567724638756772e-12,8.866762355336554e-12,1.2567724638756772e-12,NaN,diag_feasible,0,0,0,0,0,0,96,1.520640828213254e-14,1.12.6,lbt,1,1,Intel(R) Core(TM) 7 150U,NT,2abc7cc
degen-r20-m20-d0.0001-p2,100,Anderson-APM,1e-7*n,9.999999999999999e-6,37,37,0.1606814,0.1207389,75.14180234924515,0.0,0.0,0.0,0.0,0.0,0.0353954,0.004547100000000005,0.47846273013307483,1.5643212562938477e-11,-3.0196629341582275e-15,1.7587042933087105e-12,1.7587042933087105e-12,7.549766598597288e-12,1.7587042933087105e-12,NaN,diag_feasible,0,0,0,0,0,0,37,1.520640828213254e-14,1.12.6,lbt,1,1,Intel(R) Core(TM) 7 150U,NT,2abc7cc
degen-r20-m20-d0.0001-p3,100,SBB-Dual,1e-7*n,1.0e-11,41,42,0.1939585,0.19136709999999998,98.66394099768763,0.0002511,0.000103,7.97e-5,0.0,0.0,0.0,0.002157600000000022,0.4824777853296519,7.599380128091709e-12,-3.4936147390560486e-15,1.1568523916594131e-12,0.0,7.173127932799839e-12,1.1568523916594131e-12,100.0,diag_feasible,0,0,0,0,0,0,41,2.9576349711020686e-14,1.12.6,lbt,1,1,Intel(R) Core(TM) 7 150U,NT,2abc7cc
degen-r20-m20-d0.0001-p3,100,Newton-SIN-BH,1e-7*n,9.999999999999999e-6,4,5,0.0324994,0.0240998,74.15459977722666,0.0,1.77e-5,0.0,0.0076037,0.0,0.0,0.0007781999999999963,0.4824777853296471,0.0,-3.639807035833733e-15,1.021405182655144e-14,1.021405182655144e-14,2.9576349711020686e-14,1.021405182655144e-14,NaN,converged,21,21,0,0,0,0,4,2.9576349711020686e-14,1.12.6,lbt,1,1,Intel(R) Core(TM) 7 150U,NT,2abc7cc
degen-r20-m20-d0.0001-p3,100,Newton-SIN,1e-7*n,9.999999999999999e-6,5,12,0.0643248,0.0521515,81.07526179638336,0.0,2.13e-5,0.0,0.0114958,0.0,0.0,0.0006561999999999974,0.48247778532965363,9.580225613246322e-14,-3.872834202793017e-15,6.106226635438361e-15,6.106226635438361e-15,1.6786410591167913e-14,6.106226635438361e-15,NaN,converged,32,32,1,0,0,0,5,2.9576349711020686e-14,1.12.6,lbt,1,1,Intel(R) Core(TM) 7 150U,NT,2abc7cc
degen-r20-m20-d0.0001-p3,100,AGD-SDAJ-BH,1e-7*n,1.0e-11,9,64,0.3252008,0.3212604,98.7883178639167,0.0,0.0001604,0.0,0.0,0.0,0.0,0.0037800000000000108,0.48247778533382063,8.886720081352846e-12,-3.43025880973429e-15,2.9979352333953102e-12,2.9979352333953102e-12,4.6659043777910094e-12,2.9979352333953102e-12,NaN,diag_feasible,0,0,9,9,0,0,9,2.9576349711020686e-14,1.12.6,lbt,1,1,Intel(R) Core(TM) 7 150U,NT,2abc7cc
degen-r20-m20-d0.0001-p3,100,AGD-SDAJ,1e-7*n,1.0e-11,9,65,0.3270121,0.32287720000000003,98.73555137562187,0.0,0.0001775,0.0,0.0,0.0,0.0,0.003957399999999997,0.48247778533381436,8.891381344600501e-12,-3.896173195828684e-15,3.0118130212031247e-12,3.0118130212031247e-12,4.675249972086001e-12,3.0118130212031247e-12,NaN,diag_feasible,0,0,10,9,1,0,9,2.9576349711020686e-14,1.12.6,lbt,1,1,Intel(R) Core(TM) 7 150U,NT,2abc7cc
degen-r20-m20-d0.0001-p3,100,Dykstra-APM,1e-7*n,9.999999999999999e-6,94,94,0.5453545,0.4629217,84.88454757410089,0.0,0.0,0.0,0.0,0.0533619,0.0,0.029070899999999976,0.4824777853181681,2.1136307363430334e-11,-2.938874655812989e-15,1.5090151350705128e-12,1.5090151350705128e-12,9.376092985715071e-12,1.5090151350705128e-12,NaN,diag_feasible,0,0,0,0,0,0,94,2.9576349711020686e-14,1.12.6,lbt,1,1,Intel(R) Core(TM) 7 150U,NT,2abc7cc
degen-r20-m20-d0.0001-p3,100,Anderson-APM,1e-7*n,9.999999999999999e-6,32,32,0.2109582,0.1470223,69.69262157147719,0.0,0.0,0.0,0.0,0.0,0.0569693,0.006966600000000017,0.4824777853337054,7.944207929792945e-12,-4.083791744572557e-15,7.175371408152387e-13,7.175371408152387e-13,3.728430433533855e-12,7.175371408152387e-13,NaN,diag_feasible,0,0,0,0,0,0,32,2.9576349711020686e-14,1.12.6,lbt,1,1,Intel(R) Core(TM) 7 150U,NT,2abc7cc
degen-r20-m20-d0.0001-p4,100,SBB-Dual,1e-7*n,1.0e-11,42,43,0.2622388,0.2548882,97.19698229247541,0.0003289,0.0001606,0.0002337,0.0,0.0,0.0,0.006627399999999985,0.4809860962837004,6.57166984250034e-12,-3.3552012847251253e-15,1.0682565942943256e-12,0.0,6.454427981696363e-12,1.0682565942943256e-12,100.0,diag_feasible,0,0,0,0,0,0,42,2.7724916526980052e-14,1.12.6,lbt,1,1,Intel(R) Core(TM) 7 150U,NT,2abc7cc
degen-r20-m20-d0.0001-p4,100,Newton-SIN-BH,1e-7*n,9.999999999999999e-6,4,5,0.0467902,0.026950699999999998,57.599027146710206,0.0,2.31e-5,0.0,0.0185954,0.0,0.0,0.0012209999999999964,0.48098609628370115,0.0,-3.641107570074016e-15,1.1102230246251565e-14,1.1102230246251565e-14,2.7724916526980052e-14,1.1102230246251565e-14,NaN,converged,23,23,0,0,0,0,4,2.7724916526980052e-14,1.12.6,lbt,1,1,Intel(R) Core(TM) 7 150U,NT,2abc7cc
degen-r20-m20-d0.0001-p4,100,Newton-SIN,1e-7*n,9.999999999999999e-6,4,9,0.0546019,0.043791500000000004,80.20142156225333,0.0,2.39e-5,0.0,0.0100538,0.0,0.0,0.0007326999999999976,0.48098609628370115,0.0,-3.641107570074016e-15,1.1102230246251565e-14,1.1102230246251565e-14,2.7724916526980052e-14,1.1102230246251565e-14,NaN,converged,23,23,0,0,0,0,4,2.7724916526980052e-14,1.12.6,lbt,1,1,Intel(R) Core(TM) 7 150U,NT,2abc7cc
degen-r20-m20-d0.0001-p4,100,AGD-SDAJ-BH,1e-7*n,1.0e-11,13,98,0.5025709,0.4965373,98.79945297270494,0.0,0.0002532,0.0,0.0,0.0,0.0,0.0057804000000000275,0.48098609628880656,1.2804877596870464e-11,-3.1672207772031616e-15,6.4295235802092066e-12,6.4295235802092066e-12,7.595087896307682e-12,6.4295235802092066e-12,NaN,diag_feasible_at_xpre,0,0,23,23,0,0,13,2.7724916526980052e-14,1.12.6,lbt,1,1,Intel(R) Core(TM) 7 150U,NT,2abc7cc
degen-r20-m20-d0.0001-p4,100,AGD-SDAJ,1e-7*n,1.0e-11,12,90,0.4478788,0.4427852,98.86272804160411,0.0,0.0002149,0.0,0.0,0.0,0.0,0.004878700000000032,0.48098609628818617,1.0726802183940127e-11,-3.3910578388958372e-15,5.123457214040172e-12,5.123457214040172e-12,6.2065632110259036e-12,5.123457214040172e-12,NaN,diag_feasible_at_xpre,0,0,21,17,4,0,12,2.7724916526980052e-14,1.12.6,lbt,1,1,Intel(R) Core(TM) 7 150U,NT,2abc7cc
degen-r20-m20-d0.0001-p4,100,Dykstra-APM,1e-7*n,9.999999999999999e-6,95,95,0.5162887,0.4797043,92.91396460933582,0.0,0.0,0.0,0.0,0.0181059,0.0,0.01847850000000007,0.4809860962714985,2.246770186513623e-11,-3.790064214186858e-15,1.6440182548649318e-12,1.6440182548649318e-12,9.945067485527022e-12,1.6440182548649318e-12,NaN,diag_feasible,0,0,0,0,0,0,95,2.7724916526980052e-14,1.12.6,lbt,1,1,Intel(R) Core(TM) 7 150U,NT,2abc7cc
degen-r20-m20-d0.0001-p4,100,Anderson-APM,1e-7*n,9.999999999999999e-6,36,36,0.2387344,0.1662809,69.65100128008363,0.0,0.0,0.0,0.0,0.0,0.0642792,0.00817430000000001,0.48098609629060124,1.633871209631978e-11,-4.3573839858944514e-15,2.9057867223514222e-12,2.9057867223514222e-12,8.291437942605089e-12,2.9057867223514222e-12,NaN,diag_feasible,0,0,0,0,0,0,36,2.7724916526980052e-14,1.12.6,lbt,1,1,Intel(R) Core(TM) 7 150U,NT,2abc7cc
degen-r20-m20-d1e-06-p0,100,SBB-Dual,1e-7*n,1.0e-11,37,38,0.1842431,0.1818633,98.70833697435617,0.0002106,9.27e-5,0.0002301,0.0,0.0,0.0,0.0018463999999999876,0.48181687782849275,7.76447183215688e-12,-3.156661511098991e-15,1.304512053934559e-12,0.0,7.822860131587737e-12,1.304512053934559e-12,100.0,diag_feasible,0,0,0,0,0,0,37,2.852149769304263e-14,1.12.6,lbt,1,1,Intel(R) Core(TM) 7 150U,NT,2abc7cc
degen-r20-m20-d1e-06-p0,100,Newton-SIN-BH,1e-7*n,9.999999999999999e-6,4,5,0.032569,0.0232693,71.44616045933249,0.0,1.84e-5,0.0,0.0085012,0.0,0.0,0.0007801000000000006,0.48181687782849236,5.429061183474247e-13,-3.2250245239365686e-15,1.318944953254686e-13,1.318944953254686e-13,3.0687446059297643e-13,1.318944953254686e-13,NaN,converged,19,19,0,0,0,0,4,2.852149769304263e-14,1.12.6,lbt,1,1,Intel(R) Core(TM) 7 150U,NT,2abc7cc
degen-r20-m20-d1e-06-p0,100,Newton-SIN,1e-7*n,9.999999999999999e-6,4,9,0.0472229,0.0393783,83.38814431134047,0.0,1.62e-5,0.0,0.0073413,0.0,0.0,0.0004871000000000007,0.48181687782849236,5.429061183474247e-13,-3.2250245239365686e-15,1.318944953254686e-13,1.318944953254686e-13,3.0687446059297643e-13,1.318944953254686e-13,NaN,converged,19,19,0,0,0,0,4,2.852149769304263e-14,1.12.6,lbt,1,1,Intel(R) Core(TM) 7 150U,NT,2abc7cc
degen-r20-m20-d1e-06-p0,100,AGD-SDAJ-BH,1e-7*n,1.0e-11,11,82,0.4158788,0.4112187,98.87945718800766,0.0,0.0002171,0.0,0.0,0.0,0.0,0.004443000000000001,0.48181687783272964,8.901094903491507e-12,-3.0746269812660466e-15,2.0616841567289157e-12,2.0616841567289157e-12,4.4781064755856546e-12,2.0616841567289157e-12,NaN,diag_feasible_at_xpre,0,0,19,19,0,0,11,2.852149769304263e-14,1.12.6,lbt,1,1,Intel(R) Core(TM) 7 150U,NT,2abc7cc
degen-r20-m20-d1e-06-p0,100,AGD-SDAJ,1e-7*n,1.0e-11,11,83,0.4230427,0.4181447,98.8421972533742,0.0,0.0002018,0.0,0.0,0.0,0.0,0.004696200000000013,0.48181687783272775,8.899102010776835e-12,-3.309702154998202e-15,2.065014825802791e-12,2.065014825802791e-12,4.478353839326291e-12,2.065014825802791e-12,NaN,diag_feasible_at_xpre,0,0,20,19,1,0,11,2.852149769304263e-14,1.12.6,lbt,1,1,Intel(R) Core(TM) 7 150U,NT,2abc7cc
degen-r20-m20-d1e-06-p0,100,Dykstra-APM,1e-7*n,9.999999999999999e-6,87,87,0.4602852,0.4258493,92.51857326718304,0.0,0.0,0.0,0.0,0.0175171,0.0,0.01691880000000002,0.48181687781854726,1.825353044760426e-11,-3.1913648462323504e-15,1.3518075547835906e-12,1.3518075547835906e-12,8.073300532005098e-12,1.3518075547835906e-12,NaN,diag_feasible,0,0,0,0,0,0,87,2.852149769304263e-14,1.12.6,lbt,1,1,Intel(R) Core(TM) 7 150U,NT,2abc7cc
degen-r20-m20-d1e-06-p0,100,Anderson-APM,1e-7*n,9.999999999999999e-6,39,39,0.363851,0.2727426,74.95996987777966,0.0,0.0,0.0,0.0,0.0,0.0819444,0.009163999999999978,0.48181687783544547,1.4963863738864816e-11,-3.0310849385915885e-15,2.2852830738884222e-12,2.2852830738884222e-12,7.231364477792144e-12,2.2852830738884222e-12,NaN,diag_feasible,0,0,0,0,0,0,39,2.852149769304263e-14,1.12.6,lbt,1,1,Intel(R) Core(TM) 7 150U,NT,2abc7cc
degen-r20-m20-d1e-06-p1,100,SBB-Dual,1e-7*n,1.0e-11,37,38,0.2024595,0.19985909999999998,98.71559497084601,0.0002435,0.0001133,0.0002291,0.0,0.0,0.0,0.002014500000000003,0.477164413951535,8.669089684994382e-12,-3.3059946323735336e-15,1.4437340212225536e-12,0.0,8.713337742127597e-12,1.4437340212225536e-12,100.0,diag_feasible,0,0,0,0,0,0,37,2.0549925286427855e-14,1.12.6,lbt,1,1,Intel(R) Core(TM) 7 150U,NT,2abc7cc
degen-r20-m20-d1e-06-p1,100,Newton-SIN-BH,1e-7*n,9.999999999999999e-6,4,5,0.0353755,0.024124600000000003,68.1957852185835,0.0,2.01e-5,0.0,0.0103845,0.0,0.0,0.0008462999999999943,0.4771644139515413,4.5149642705968346e-13,-3.4033710670465092e-15,9.192646643896296e-14,9.192646643896296e-14,2.544765829436797e-13,9.192646643896296e-14,NaN,converged,21,21,0,0,0,0,4,2.0549925286427855e-14,1.12.6,lbt,1,1,Intel(R) Core(TM) 7 150U,NT,2abc7cc
degen-r20-m20-d1e-06-p1,100,Newton-SIN,1e-7*n,9.999999999999999e-6,4,9,0.0494523,0.0400335,80.95376756996136,0.0,1.68e-5,0.0,0.0088087,0.0,0.0,0.000593299999999998,0.4771644139515413,4.5149642705968346e-13,-3.4033710670465092e-15,9.192646643896296e-14,9.192646643896296e-14,2.544765829436797e-13,9.192646643896296e-14,NaN,converged,21,21,0,0,0,0,4,2.0549925286427855e-14,1.12.6,lbt,1,1,Intel(R) Core(TM) 7 150U,NT,2abc7cc
degen-r20-m20-d1e-06-p1,100,AGD-SDAJ-BH,1e-7*n,1.0e-11,10,79,0.4739514,0.46814120000000004,98.774093715094,0.0,0.0003049,0.0,0.0,0.0,0.0,0.005505299999999987,0.47716441395559545,8.699057209273714e-12,-3.461827443255534e-15,1.495914503379936e-12,1.495914503379936e-12,4.413144520673048e-12,1.495914503379936e-12,NaN,diag_feasible,0,0,18,18,0,0,10,2.0549925286427855e-14,1.12.6,lbt,1,1,Intel(R) Core(TM) 7 150U,NT,2abc7cc
degen-r20-m20-d1e-06-p1,100,AGD-SDAJ,1e-7*n,1.0e-11,10,83,0.3467867,0.34271429999999997,98.82567584050943,0.0,0.0001917,0.0,0.0,0.0,0.0,0.0038807000000000316,0.4771644139570722,1.1964308718384041e-11,-3.890313633045081e-15,2.971622947711694e-12,2.971622947711694e-12,6.110457255262563e-12,2.971622947711694e-12,NaN,diag_feasible_at_xpre,0,0,26,14,12,0,10,2.0549925286427855e-14,1.12.6,lbt,1,1,Intel(R) Core(TM) 7 150U,NT,2abc7cc
degen-r20-m20-d1e-06-p1,100,Dykstra-APM,1e-7*n,9.999999999999999e-6,87,87,0.4796775,0.4460434,92.98818476997566,0.0,0.0,0.0,0.0,0.0167345,0.0,0.0168996,0.47716441394063325,1.9913754365815903e-11,-3.1410632926726817e-15,1.4559464744934303e-12,1.4559464744934303e-12,8.823016704186993e-12,1.4559464744934303e-12,NaN,diag_feasible,0,0,0,0,0,0,87,2.0549925286427855e-14,1.12.6,lbt,1,1,Intel(R) Core(TM) 7 150U,NT,2abc7cc
degen-r20-m20-d1e-06-p1,100,Anderson-APM,1e-7*n,9.999999999999999e-6,31,31,0.2871017,0.2211412,77.0253885644007,0.0,0.0,0.0,0.0,0.0,0.0585572,0.0074033000000000085,0.47716441395772813,1.4280294768438893e-11,-4.496254723577062e-15,1.9328982858723975e-12,1.9328982858723975e-12,7.251159377125687e-12,1.9328982858723975e-12,NaN,diag_feasible,0,0,0,0,0,0,31,2.0549925286427855e-14,1.12.6,lbt,1,1,Intel(R) Core(TM) 7 150U,NT,2abc7cc
degen-r20-m20-d1e-06-p2,100,SBB-Dual,1e-7*n,1.0e-11,38,39,0.2023226,0.1988409,98.27913441207261,0.0003141,0.0002087,0.0003812,0.0,0.0,0.0,0.0025777000000000044,0.47868969049350174,6.911227550664871e-12,-3.857361183298329e-15,1.0480505352461478e-12,0.0,7.4182809648462e-12,1.0480505352461478e-12,100.0,diag_feasible,0,0,0,0,0,0,38,3.4521331213556456e-14,1.12.6,lbt,1,1,Intel(R) Core(TM) 7 150U,NT,2abc7cc
degen-r20-m20-d1e-06-p2,100,Newton-SIN-BH,1e-7*n,9.999999999999999e-6,4,5,0.0421596,0.0279856,66.38013643393202,0.0,1.68e-5,0.0,0.0112503,0.0,0.0,0.0029068999999999987,0.4786896904935065,4.175410987050094e-13,-3.3166423762651753e-15,5.484501741648273e-14,5.484501741648273e-14,2.030622192332185e-13,5.484501741648273e-14,NaN,converged,19,19,0,0,0,0,4,3.4521331213556456e-14,1.12.6,lbt,1,1,Intel(R) Core(TM) 7 150U,NT,2abc7cc
degen-r20-m20-d1e-06-p2,100,Newton-SIN,1e-7*n,9.999999999999999e-6,4,9,0.0488761,0.040954500000000005,83.7924875348074,0.0,1.63e-5,0.0,0.0074179,0.0,0.0,0.00048739999999999374,0.4786896904935065,4.175410987050094e-13,-3.3166423762651753e-15,5.484501741648273e-14,5.484501741648273e-14,2.030622192332185e-13,5.484501741648273e-14,NaN,converged,19,19,0,0,0,0,4,3.4521331213556456e-14,1.12.6,lbt,1,1,Intel(R) Core(TM) 7 150U,NT,2abc7cc
degen-r20-m20-d1e-06-p2,100,AGD-SDAJ-BH,1e-7*n,1.0e-11,9,59,0.1922991,0.1896903,98.64336338547606,0.0,0.0001106,0.0,0.0,0.0,0.0,0.0024981999999999943,0.47868969049700566,9.3989418603606e-12,-3.617151024237304e-15,2.885247596395857e-12,2.885247596395857e-12,5.3642490055982325e-12,2.885247596395857e-12,NaN,diag_feasible,0,0,6,6,0,0,9,3.4521331213556456e-14,1.12.6,lbt,1,1,Intel(R) Core(TM) 7 150U,NT,2abc7cc
degen-r20-m20-d1e-06-p2,100,AGD-SDAJ,1e-7*n,1.0e-11,11,85,0.3718799,0.3667353,98.61659637963763,0.0,0.0002038,0.0,0.0,0.0,0.0,0.0049407999999999995,0.4786896905017851,1.848353683526485e-11,-3.679131628815644e-15,3.926414748889329e-12,3.926414748889329e-12,9.684043653133858e-12,3.926414748889329e-12,NaN,diag_feasible_at_xpre,0,0,20,17,3,0,11,3.4521331213556456e-14,1.12.6,lbt,1,1,Intel(R) Core(TM) 7 150U,NT,2abc7cc
degen-r20-m20-d1e-06-p2,100,Dykstra-APM,1e-7*n,9.999999999999999e-6,88,88,0.4957257,0.4589055,92.5724649740774,0.0,0.0,0.0,0.0,0.0170489,0.0,0.01977129999999997,0.4786896904822074,2.0469144947254808e-11,-3.382300412887614e-15,1.2856382625159313e-12,1.2856382625159313e-12,9.070154844149873e-12,1.2856382625159313e-12,NaN,diag_feasible,0,0,0,0,0,0,88,3.4521331213556456e-14,1.12.6,lbt,1,1,Intel(R) Core(TM) 7 150U,NT,2abc7cc
degen-r20-m20-d1e-06-p2,100,Anderson-APM,1e-7*n,9.999999999999999e-6,41,41,0.27453,0.1901119,69.24995446763559,0.0,0.0,0.0,0.0,0.0,0.0749656,0.009452500000000003,0.4786896905008652,1.7063420005795774e-11,-3.1291994730936117e-15,2.265854170957482e-12,2.265854170957482e-12,8.368474349602033e-12,2.265854170957482e-12,NaN,diag_feasible,0,0,0,0,0,0,41,3.4521331213556456e-14,1.12.6,lbt,1,1,Intel(R) Core(TM) 7 150U,NT,2abc7cc
degen-r20-m20-d1e-06-p3,100,SBB-Dual,1e-7*n,1.0e-11,36,37,0.2118972,0.2047921,96.64691180440327,0.0002325,0.0008604,0.0006417,0.0,0.0,0.0,0.005370500000000003,0.4827093107249,7.758196828621183e-12,-3.70535608099169e-15,1.1797229859666913e-12,0.0,7.331640740703425e-12,1.1797229859666913e-12,100.0,diag_feasible,0,0,0,0,0,0,36,1.253569134552835e-14,1.12.6,lbt,1,1,Intel(R) Core(TM) 7 150U,NT,2abc7cc
degen-r20-m20-d1e-06-p3,100,Newton-SIN-BH,1e-7*n,9.999999999999999e-6,4,5,0.0332396,0.023399200000000002,70.39555229304806,0.0,1.7e-5,0.0,0.0090103,0.0,0.0,0.0008130999999999989,0.48270931072490914,4.3401717248498495e-13,-3.333922981685719e-15,7.127631818093505e-14,7.127631818093505e-14,2.1697161030317147e-13,7.127631818093505e-14,NaN,converged,19,19,0,0,0,0,4,1.253569134552835e-14,1.12.6,lbt,1,1,Intel(R) Core(TM) 7 150U,NT,2abc7cc
degen-r20-m20-d1e-06-p3,100,Newton-SIN,1e-7*n,9.999999999999999e-6,4,9,0.0337116,0.0287309,85.22556034124752,0.0,1.31e-5,0.0,0.0045289,0.0,0.0,0.00043870000000000107,0.48270931072490914,4.3401717248498495e-13,-3.333922981685719e-15,7.127631818093505e-14,7.127631818093505e-14,2.1697161030317147e-13,7.127631818093505e-14,NaN,converged,19,19,0,0,0,0,4,1.253569134552835e-14,1.12.6,lbt,1,1,Intel(R) Core(TM) 7 150U,NT,2abc7cc
degen-r20-m20-d1e-06-p3,100,AGD-SDAJ-BH,1e-7*n,1.0e-11,10,67,0.423191,0.4148401,98.02668298711457,0.0,0.0002491,0.0,0.0,0.0,0.0,0.008101799999999994,0.48270931073174767,1.5486431156475056e-11,-3.0633529441740932e-15,6.5601968302075875e-12,6.5601968302075875e-12,8.527417976411632e-12,6.5601968302075875e-12,NaN,diag_feasible_at_xpre,0,0,10,10,0,0,10,1.253569134552835e-14,1.12.6,lbt,1,1,Intel(R) Core(TM) 7 150U,NT,2abc7cc
degen-r20-m20-d1e-06-p3,100,AGD-SDAJ,1e-7*n,1.0e-11,12,135,0.7289881,0.7188851,98.61410632080278,0.0,0.0005132,0.0,0.0,0.0,0.0,0.009589799999999973,0.4827093107316573,1.5257080362849072e-11,-3.584055822162255e-15,6.448841460837684e-12,6.448841460837684e-12,8.393286969323754e-12,6.448841460837684e-12,NaN,diag_feasible_at_xpre,0,0,68,15,53,0,12,1.253569134552835e-14,1.12.6,lbt,1,1,Intel(R) Core(TM) 7 150U,NT,2abc7cc
degen-r20-m20-d1e-06-p3,100,Dykstra-APM,1e-7*n,9.999999999999999e-6,85,85,0.4624914,0.4306959,93.12516946261056,0.0,0.0,0.0,0.0,0.0145181,0.0,0.017277399999999977,0.4827093107149843,1.82847550308414e-11,-3.504020126363314e-15,1.3069545445887343e-12,1.3069545445887343e-12,8.102979583756542e-12,1.3069545445887343e-12,NaN,diag_feasible,0,0,0,0,0,0,85,1.253569134552835e-14,1.12.6,lbt,1,1,Intel(R) Core(TM) 7 150U,NT,2abc7cc
degen-r20-m20-d1e-06-p3,100,Anderson-APM,1e-7*n,9.999999999999999e-6,34,34,0.2323987,0.1613822,69.44195470972944,0.0,0.0,0.0,0.0,0.0,0.0634837,0.007532800000000006,0.48270931073419493,1.9300209738530052e-11,-3.923677880662065e-15,2.176703262080082e-12,2.176703262080082e-12,9.238075543985273e-12,2.176703262080082e-12,NaN,diag_feasible,0,0,0,0,0,0,34,1.253569134552835e-14,1.12.6,lbt,1,1,Intel(R) Core(TM) 7 150U,NT,2abc7cc
degen-r20-m20-d1e-06-p4,100,SBB-Dual,1e-7*n,1.0e-11,37,38,0.1895213,0.1869028,98.61836110241963,0.0002413,9.86e-5,0.0002318,0.0,0.0,0.0,0.002046799999999996,0.4812156648731048,9.772058232222035e-12,-3.4137462735259556e-15,1.5862866575844237e-12,0.0,9.606726639524834e-12,1.5862866575844237e-12,100.0,diag_feasible,0,0,0,0,0,0,37,3.141636917194485e-14,1.12.6,lbt,1,1,Intel(R) Core(TM) 7 150U,NT,2abc7cc
degen-r20-m20-d1e-06-p4,100,Newton-SIN-BH,1e-7*n,9.999999999999999e-6,4,5,0.0333472,0.0238139,71.41199261107379,0.0,1.67e-5,0.0,0.0087308,0.0,0.0,0.0007858000000000014,0.4812156648730835,7.317071931342482e-13,-3.085851676285238e-15,2.2537527399890678e-13,2.2537527399890678e-13,4.160161966743708e-13,2.2537527399890678e-13,NaN,converged,20,20,0,0,0,0,4,3.141636917194485e-14,1.12.6,lbt,1,1,Intel(R) Core(TM) 7 150U,NT,2abc7cc
degen-r20-m20-d1e-06-p4,100,Newton-SIN,1e-7*n,9.999999999999999e-6,4,9,0.049027,0.039897699999999994,81.37903604136496,0.0,1.73e-5,0.0,0.0085936,0.0,0.0,0.0005184000000000074,0.4812156648730835,7.317071931342482e-13,-3.085851676285238e-15,2.2537527399890678e-13,2.2537527399890678e-13,4.160161966743708e-13,2.2537527399890678e-13,NaN,converged,20,20,0,0,0,0,4,3.141636917194485e-14,1.12.6,lbt,1,1,Intel(R) Core(TM) 7 150U,NT,2abc7cc
degen-r20-m20-d1e-06-p4,100,AGD-SDAJ-BH,1e-7*n,1.0e-11,12,88,0.434425,0.4290532,98.76346895321403,0.0,0.0002971,0.0,0.0,0.0,0.0,0.005074699999999982,0.48121566487634904,7.638868334641623e-12,-3.2569636899123367e-15,2.1398438576625267e-12,2.1398438576625267e-12,4.229118931698302e-12,2.1398438576625267e-12,NaN,diag_feasible,0,0,17,17,0,0,12,3.141636917194485e-14,1.12.6,lbt,1,1,Intel(R) Core(TM) 7 150U,NT,2abc7cc
degen-r20-m20-d1e-06-p4,100,AGD-SDAJ,1e-7*n,1.0e-11,11,90,0.45175,0.44666310000000004,98.87395683453238,0.0,0.0002406,0.0,0.0,0.0,0.0,0.00484629999999995,0.48121566487479145,1.0299543105870117e-11,-3.524379928712318e-15,3.046785046478817e-12,3.046785046478817e-12,6.3308770108619094e-12,3.046785046478817e-12,NaN,diag_feasible_at_xpre,0,0,25,17,8,0,11,3.141636917194485e-14,1.12.6,lbt,1,1,Intel(R) Core(TM) 7 150U,NT,2abc7cc
degen-r20-m20-d1e-06-p4,100,Dykstra-APM,1e-7*n,9.999999999999999e-6,87,87,0.4685213,0.4363984,93.143769557542,0.0,0.0,0.0,0.0,0.0149734,0.0,0.017149499999999956,0.48121566486189077,2.067584875856478e-11,-3.256726680715717e-15,1.4999113062685865e-12,1.4999113062685865e-12,9.146247296870566e-12,1.4999113062685865e-12,NaN,diag_feasible,0,0,0,0,0,0,87,3.141636917194485e-14,1.12.6,lbt,1,1,Intel(R) Core(TM) 7 150U,NT,2abc7cc
degen-r20-m20-d1e-06-p4,100,Anderson-APM,1e-7*n,9.999999999999999e-6,37,37,0.2474027,0.1731647,69.99305181390501,0.0,0.0,0.0,0.0,0.0,0.0663013,0.007936700000000005,0.48121566488139966,1.5631246075675007e-11,-3.54474829757632e-15,1.8586243655249746e-12,1.8586243655249746e-12,7.042642349885786e-12,1.8586243655249746e-12,NaN,diag_feasible,0,0,0,0,0,0,37,3.141636917194485e-14,1.12.6,lbt,1,1,Intel(R) Core(TM) 7 150U,NT,2abc7cc
degen-r20-m20-d1e-08-p0,100,SBB-Dual,1e-7*n,1.0e-11,33,34,0.1852486,0.18190789999999998,98.19663954275497,0.0003792,0.0001352,0.0002303,0.0,0.0,0.0,0.0025960000000000297,0.481819194375956,6.259711929496566e-12,-4.058934337472466e-15,1.0962342145148796e-12,0.0,6.30335814527891e-12,1.0962342145148796e-12,100.0,diag_feasible,0,0,0,0,0,0,33,3.28635392038926e-14,1.12.6,lbt,1,1,Intel(R) Core(TM) 7 150U,NT,2abc7cc
degen-r20-m20-d1e-08-p0,100,Newton-SIN-BH,1e-7*n,9.999999999999999e-6,4,5,0.0378485,0.027667399999999998,73.10038706950077,0.0,2.18e-5,0.0,0.0093052,0.0,0.0,0.0008541000000000017,0.4818191943759549,0.0,-3.608223109925558e-15,9.325873406851315e-15,9.325873406851315e-15,3.28635392038926e-14,9.325873406851315e-15,NaN,converged,21,21,0,0,0,0,4,3.28635392038926e-14,1.12.6,lbt,1,1,Intel(R) Core(TM) 7 150U,NT,2abc7cc
degen-r20-m20-d1e-08-p0,100,Newton-SIN,1e-7*n,9.999999999999999e-6,4,9,0.0571701,0.045484,79.55907021327582,0.0,2.66e-5,0.0,0.0104891,0.0,0.0,0.0011704000000000055,0.4818191943759549,0.0,-3.608223109925558e-15,9.325873406851315e-15,9.325873406851315e-15,3.28635392038926e-14,9.325873406851315e-15,NaN,converged,21,21,0,0,0,0,4,3.28635392038926e-14,1.12.6,lbt,1,1,Intel(R) Core(TM) 7 150U,NT,2abc7cc
degen-r20-m20-d1e-08-p0,100,AGD-SDAJ-BH,1e-7*n,1.0e-11,10,74,0.2470299,0.2439715,98.76193124799873,0.0,0.0001424,0.0,0.0,0.0,0.0,0.002915999999999989,0.4818191943809929,1.092988470202712e-11,-3.37842945009529e-15,2.659206188582175e-12,2.659206188582175e-12,5.62297391649367e-12,2.659206188582175e-12,NaN,diag_feasible_at_xpre,0,0,17,17,0,0,10,3.28635392038926e-14,1.12.6,lbt,1,1,Intel(R) Core(TM) 7 150U,NT,2abc7cc
degen-r20-m20-d1e-08-p0,100,AGD-SDAJ,1e-7*n,1.0e-11,9,74,0.3724586,0.3681002,98.82982967771453,0.0,0.000183,0.0,0.0,0.0,0.0,0.0041753999999999845,0.48181919437893334,1.2257997081813378e-11,-3.3009723038845563e-15,4.222400207254395e-12,4.222400207254395e-12,7.263504942627695e-12,4.222400207254395e-12,NaN,diag_feasible_at_xpre,0,0,21,17,4,0,9,3.28635392038926e-14,1.12.6,lbt,1,1,Intel(R) Core(TM) 7 150U,NT,2abc7cc
degen-r20-m20-d1e-08-p0,100,Dykstra-APM,1e-7*n,9.999999999999999e-6,78,78,0.4157751,0.3848067,92.55164631070981,0.0,0.0,0.0,0.0,0.0130964,0.0,0.017872000000000006,0.48181919436522935,1.9686564776431146e-11,-3.443913045897319e-15,1.5805134978563729e-12,1.5805134978563729e-12,8.70897480424221e-12,1.5805134978563729e-12,NaN,diag_feasible,0,0,0,0,0,0,78,3.28635392038926e-14,1.12.6,lbt,1,1,Intel(R) Core(TM) 7 150U,NT,2abc7cc
degen-r20-m20-d1e-08-p0,100,Anderson-APM,1e-7*n,9.999999999999999e-6,39,39,0.2655071,0.1879083,70.77336161631835,0.0,0.0,0.0,0.0,0.0,0.0688413,0.008757500000000001,0.48181919438492093,1.9848836903687796e-11,-3.4368497925779934e-15,2.8459457013241263e-12,2.8459457013241263e-12,9.689496188407218e-12,2.8459457013241263e-12,NaN,diag_feasible,0,0,0,0,0,0,39,3.28635392038926e-14,1.12.6,lbt,1,1,Intel(R) Core(TM) 7 150U,NT,2abc7cc
degen-r20-m20-d1e-08-p1,100,SBB-Dual,1e-7*n,1.0e-11,33,34,0.1825575,0.18017880000000003,98.69701326979171,0.0002147,9.69e-5,0.0002264,0.0,0.0,0.0,0.0018406999999999835,0.477166642073839,7.696918038629882e-12,-3.0443260145306335e-15,1.2874146193553315e-12,0.0,7.726890400215977e-12,1.2874146193553315e-12,100.0,diag_feasible,0,0,0,0,0,0,33,4.5181575973904156e-14,1.12.6,lbt,1,1,Intel(R) Core(TM) 7 150U,NT,2abc7cc
degen-r20-m20-d1e-08-p1,100,Newton-SIN-BH,1e-7*n,9.999999999999999e-6,4,5,0.0324502,0.0229847,70.83068825461785,0.0,1.55e-5,0.0,0.0087611,0.0,0.0,0.0006888999999999975,0.47716664207383785,0.0,-3.967366910026894e-15,1.1657341758564144e-14,1.1657341758564144e-14,4.5181575973904156e-14,1.1657341758564144e-14,NaN,converged,23,23,0,0,0,0,4,4.5181575973904156e-14,1.12.6,lbt,1,1,Intel(R) Core(TM) 7 150U,NT,2abc7cc
degen-r20-m20-d1e-08-p1,100,Newton-SIN,1e-7*n,9.999999999999999e-6,4,9,0.0472433,0.0378524,80.12226072268449,0.0,1.72e-5,0.0,0.0088414,0.0,0.0,0.0005323000000000012,0.47716664207383785,0.0,-3.967366910026894e-15,1.1657341758564144e-14,1.1657341758564144e-14,4.5181575973904156e-14,1.1657341758564144e-14,NaN,converged,23,23,0,0,0,0,4,4.5181575973904156e-14,1.12.6,lbt,1,1,Intel(R) Core(TM) 7 150U,NT,2abc7cc
degen-r20-m20-d1e-08-p1,100,AGD-SDAJ-BH,1e-7*n,1.0e-11,10,83,0.403478,0.3983846,98.73762633898254,0.0,0.000204,0.0,0.0,0.0,0.0,0.0048894000000000255,0.47716664208303095,1.9600504878787702e-11,-3.2777071881083225e-15,4.8043791167629024e-12,4.8043791167629024e-12,9.905996577123799e-12,4.8043791167629024e-12,NaN,diag_feasible,0,0,22,22,0,0,10,4.5181575973904156e-14,1.12.6,lbt,1,1,Intel(R) Core(TM) 7 150U,NT,2abc7cc
degen-r20-m20-d1e-08-p1,100,AGD-SDAJ,1e-7*n,1.0e-11,96,2855,14.4037888,14.200007200000002,98.58522224374744,0.0,0.0075971,0.0,0.0,0.0,0.0,0.19618449999999746,0.4771666420774533,7.90231582166883e-12,-2.9373929571488134e-15,2.1509460879087783e-12,2.1509460879087783e-12,4.0997866761956665e-12,2.1509460879087783e-12,NaN,diag_feasible_at_xpre,0,0,2365,111,2254,0,96,4.5181575973904156e-14,1.12.6,lbt,1,1,Intel(R) Core(TM) 7 150U,NT,2abc7cc
degen-r20-m20-d1e-08-p1,100,Dykstra-APM,1e-7*n,9.999999999999999e-6,79,79,0.5178821,0.4436596,85.66807001052942,0.0,0.0,0.0,0.0,0.0461688,0.0,0.02805370000000002,0.47716664206355347,1.8774878064717673e-11,-3.4303233718426508e-15,1.3959944311636718e-12,1.3959944311636718e-12,8.324406793109837e-12,1.3959944311636718e-12,NaN,diag_feasible,0,0,0,0,0,0,79,4.5181575973904156e-14,1.12.6,lbt,1,1,Intel(R) Core(TM) 7 150U,NT,2abc7cc
degen-r20-m20-d1e-08-p1,100,Anderson-APM,1e-7*n,9.999999999999999e-6,31,31,0.2051405,0.1447152,70.54443174312239,0.0,0.0,0.0,0.0,0.0,0.0536918,0.006733500000000017,0.47716664207963677,1.4072631750496386e-11,-3.535209698149592e-15,2.0271562206630733e-12,2.0271562206630733e-12,7.297264512358987e-12,2.0271562206630733e-12,NaN,diag_feasible,0,0,0,0,0,0,31,4.5181575973904156e-14,1.12.6,lbt,1,1,Intel(R) Core(TM) 7 150U,NT,2abc7cc
degen-r20-m20-d1e-08-p2,100,SBB-Dual,1e-7*n,1.0e-11,34,35,0.1792513,0.1768419,98.6558535419269,0.000233,9.57e-5,0.0002281,0.0,0.0,0.0,0.0018526000000000057,0.4786919611035686,7.481469616295246e-12,-3.9857582102839685e-15,1.170175067954915e-12,0.0,8.023730027041466e-12,1.170175067954915e-12,100.0,diag_feasible,0,0,0,0,0,0,34,1.9041214972016976e-14,1.12.6,lbt,1,1,Intel(R) Core(TM) 7 150U,NT,2abc7cc
degen-r20-m20-d1e-08-p2,100,Newton-SIN-BH,1e-7*n,9.999999999999999e-6,5,7,0.0242641,0.0176881,72.89823236798397,0.0,1.48e-5,0.0,0.005909,0.0,0.0,0.0006522000000000021,0.478691961103573,0.0,-2.726494145305454e-15,5.773159728050814e-15,5.773159728050814e-15,1.9041214972016976e-14,5.773159728050814e-15,NaN,converged,31,31,1,0,0,0,5,1.9041214972016976e-14,1.12.6,lbt,1,1,Intel(R) Core(TM) 7 150U,NT,2abc7cc
degen-r20-m20-d1e-08-p2,100,Newton-SIN,1e-7*n,9.999999999999999e-6,10,110,0.572301,0.5322253,92.99744365290293,0.0,0.0005212,0.0,0.0332883,0.0,0.0,0.006266199999999937,0.4786919611035704,1.1512643931970998e-13,-3.1583524701418586e-15,7.993605777301127e-15,7.993605777301127e-15,1.901498002963435e-14,7.993605777301127e-15,NaN,converged,81,81,89,0,0,0,10,1.9041214972016976e-14,1.12.6,lbt,1,1,Intel(R) Core(TM) 7 150U,NT,2abc7cc
degen-r20-m20-d1e-08-p2,100,AGD-SDAJ-BH,1e-7*n,1.0e-11,11,91,0.4799981,0.4738362,98.71626575188527,0.0,0.000336,0.0,0.0,0.0,0.0,0.005825899999999998,0.4786919611069058,6.831151781071722e-12,-3.2387207447268997e-15,1.1148859613285822e-12,1.1148859613285822e-12,3.3897166464816627e-12,1.1148859613285822e-12,NaN,diag_feasible,0,0,24,24,0,0,11,1.9041214972016976e-14,1.12.6,lbt,1,1,Intel(R) Core(TM) 7 150U,NT,2abc7cc
degen-r20-m20-d1e-08-p2,100,AGD-SDAJ,1e-7*n,1.0e-11,13,135,0.6642417,0.6568757000000001,98.89106630914621,0.0,0.0003375,0.0,0.0,0.0,0.0,0.0070284999999999835,0.4786919611076716,9.727785892912125e-12,-3.2803479325025458e-15,2.2537527399890678e-12,2.2537527399890678e-12,5.245227797173443e-12,2.2537527399890678e-12,NaN,diag_feasible_at_xpre,0,0,60,29,31,0,13,1.9041214972016976e-14,1.12.6,lbt,1,1,Intel(R) Core(TM) 7 150U,NT,2abc7cc
degen-r20-m20-d1e-08-p2,100,Dykstra-APM,1e-7*n,9.999999999999999e-6,80,80,0.4171409,0.3876274,92.92481269518285,0.0,0.0,0.0,0.0,0.0135796,0.0,0.01593389999999997,0.4786919610912204,2.2371289796428164e-11,-3.872036246429689e-15,1.5498713423767185e-12,1.5498713423767185e-12,9.91522703994215e-12,1.5498713423767185e-12,NaN,diag_feasible,0,0,0,0,0,0,80,1.9041214972016976e-14,1.12.6,lbt,1,1,Intel(R) Core(TM) 7 150U,NT,2abc7cc
degen-r20-m20-d1e-08-p2,100,Anderson-APM,1e-7*n,9.999999999999999e-6,41,41,0.2715994,0.1902127,70.03428579002752,0.0,0.0,0.0,0.0,0.0,0.072206,0.009180699999999972,0.47869196111117407,1.7915080526304112e-11,-3.263647890017174e-15,2.418953926053291e-12,2.418953926053291e-12,8.830935629343714e-12,2.418953926053291e-12,NaN,diag_feasible,0,0,0,0,0,0,41,1.9041214972016976e-14,1.12.6,lbt,1,1,Intel(R) Core(TM) 7 150U,NT,2abc7cc
degen-r20-m20-d1e-08-p3,100,SBB-Dual,1e-7*n,1.0e-11,31,32,0.1575377,0.155424,98.65828941262949,0.0001761,7.75e-5,0.0002287,0.0,0.0,0.0,0.001631399999999996,0.4827116269802494,8.103838462545078e-12,-3.1705430341170906e-15,1.2443379659998755e-12,0.0,7.660311917657259e-12,1.2443379659998755e-12,100.0,diag_feasible,0,0,0,0,0,0,31,2.8319611043826136e-14,1.12.6,lbt,1,1,Intel(R) Core(TM) 7 150U,NT,2abc7cc
degen-r20-m20-d1e-08-p3,100,Newton-SIN-BH,1e-7*n,9.999999999999999e-6,4,5,0.030458,0.021756900000000003,71.43246437717514,0.0,1.57e-5,0.0,0.007995,0.0,0.0,0.0006903999999999955,0.4827116269802522,0.0,-2.7983097583480795e-15,1.0436096431476471e-14,1.0436096431476471e-14,2.8319611043826136e-14,1.0436096431476471e-14,NaN,converged,21,21,0,0,0,0,4,2.8319611043826136e-14,1.12.6,lbt,1,1,Intel(R) Core(TM) 7 150U,NT,2abc7cc
degen-r20-m20-d1e-08-p3,100,Newton-SIN,1e-7*n,9.999999999999999e-6,4,9,0.0489207,0.0400736,81.915426394144,0.0,1.7e-5,0.0,0.0082908,0.0,0.0,0.0005392999999999978,0.4827116269802522,0.0,-2.7983097583480795e-15,1.0436096431476471e-14,1.0436096431476471e-14,2.8319611043826136e-14,1.0436096431476471e-14,NaN,converged,21,21,0,0,0,0,4,2.8319611043826136e-14,1.12.6,lbt,1,1,Intel(R) Core(TM) 7 150U,NT,2abc7cc
degen-r20-m20-d1e-08-p3,100,AGD-SDAJ-BH,1e-7*n,1.0e-11,9,58,0.281805,0.2779114,98.61833537375134,0.0,0.0001513,0.0,0.0,0.0,0.0,0.0037423000000000525,0.4827116269839979,8.329536745447367e-12,-3.500546236953221e-15,1.9113599591946695e-12,1.9113599591946695e-12,4.323081518816936e-12,1.9113599591946695e-12,NaN,diag_feasible,0,0,5,5,0,0,9,2.8319611043826136e-14,1.12.6,lbt,1,1,Intel(R) Core(TM) 7 150U,NT,2abc7cc
degen-r20-m20-d1e-08-p3,100,AGD-SDAJ,1e-7*n,1.0e-11,8,53,0.2535086,0.250208,98.6980323349977,0.0,0.0001298,0.0,0.0,0.0,0.0,0.0031707999999999867,0.48271162698357134,1.161983635656724e-11,-3.1924161962253434e-15,1.7752466163756253e-12,1.7752466163756253e-12,6.645798870196805e-12,1.7752466163756253e-12,NaN,diag_feasible_at_xpre,0,0,6,5,1,0,8,2.8319611043826136e-14,1.12.6,lbt,1,1,Intel(R) Core(TM) 7 150U,NT,2abc7cc
degen-r20-m20-d1e-08-p3,100,Dykstra-APM,1e-7*n,9.999999999999999e-6,75,75,0.3976083,0.3694729,92.92383986953995,0.0,0.0,0.0,0.0,0.0134372,0.0,0.014698200000000033,0.48271162696916936,2.0409077206947336e-11,-3.4616445346772328e-15,1.4703793738135573e-12,1.4703793738135573e-12,9.047455501689987e-12,1.4703793738135573e-12,NaN,diag_feasible,0,0,0,0,0,0,75,2.8319611043826136e-14,1.12.6,lbt,1,1,Intel(R) Core(TM) 7 150U,NT,2abc7cc
degen-r20-m20-d1e-08-p3,100,Anderson-APM,1e-7*n,9.999999999999999e-6,34,34,0.2306286,0.1592901,69.06779991726958,0.0,0.0,0.0,0.0,0.0,0.0641126,0.0072258999999999934,0.48271162699022757,2.0544213762315733e-11,-3.4421490765634978e-15,2.273625732129858e-12,2.273625732129858e-12,9.78466073832048e-12,2.273625732129858e-12,NaN,diag_feasible,0,0,0,0,0,0,34,2.8319611043826136e-14,1.12.6,lbt,1,1,Intel(R) Core(TM) 7 150U,NT,2abc7cc
degen-r20-m20-d1e-08-p4,100,SBB-Dual,1e-7*n,1.0e-11,33,34,0.1698926,0.1675686,98.63207697098049,0.0002076,8.94e-5,0.0002283,0.0,0.0,0.0,0.0017986999999999927,0.48121796155990865,9.752082791460093e-12,-3.949342329003538e-15,1.6726620089002608e-12,0.0,9.587351177473232e-12,1.6726620089002608e-12,100.0,diag_feasible,0,0,0,0,0,0,33,2.4515574685600547e-14,1.12.6,lbt,1,1,Intel(R) Core(TM) 7 150U,NT,2abc7cc
degen-r20-m20-d1e-08-p4,100,Newton-SIN-BH,1e-7*n,9.999999999999999e-6,4,5,0.0328555,0.0236887,72.0996484606839,0.0,1.51e-5,0.0,0.0084847,0.0,0.0,0.0006670000000000027,0.4812179615599102,0.0,-3.116851241144299e-15,7.327471962526033e-15,7.327471962526033e-15,2.4515574685600547e-14,7.327471962526033e-15,NaN,converged,22,22,0,0,0,0,4,2.4515574685600547e-14,1.12.6,lbt,1,1,Intel(R) Core(TM) 7 150U,NT,2abc7cc
degen-r20-m20-d1e-08-p4,100,Newton-SIN,1e-7*n,9.999999999999999e-6,4,9,0.0506474,0.041241999999999994,81.42964890596554,0.0,1.84e-5,0.0,0.0088603,0.0,0.0,0.0005267000000000084,0.4812179615599102,0.0,-3.116851241144299e-15,7.327471962526033e-15,7.327471962526033e-15,2.4515574685600547e-14,7.327471962526033e-15,NaN,converged,22,22,0,0,0,0,4,2.4515574685600547e-14,1.12.6,lbt,1,1,Intel(R) Core(TM) 7 150U,NT,2abc7cc
degen-r20-m20-d1e-08-p4,100,AGD-SDAJ-BH,1e-7*n,1.0e-11,13,92,0.468352,0.4622611,98.69950379201967,0.0,0.0002166,0.0,0.0,0.0,0.0,0.00587430000000001,0.48121796156460744,1.1015122926466476e-11,-3.680037183099639e-15,4.29323243622548e-12,4.29323243622548e-12,6.1077148402682754e-12,4.29323243622548e-12,NaN,diag_feasible,0,0,15,15,0,0,13,2.4515574685600547e-14,1.12.6,lbt,1,1,Intel(R) Core(TM) 7 150U,NT,2abc7cc
degen-r20-m20-d1e-08-p4,100,AGD-SDAJ,1e-7*n,1.0e-11,12,107,0.7088563,0.6967114,98.28669082859247,0.0,0.0003737,0.0,0.0,0.0,0.0,0.011771200000000015,0.48121796156465174,1.0304031904609681e-11,-3.2083838492205265e-15,3.1521452115157444e-12,3.1521452115157444e-12,5.385133292684477e-12,3.1521452115157444e-12,NaN,diag_feasible,0,0,36,18,18,0,12,2.4515574685600547e-14,1.12.6,lbt,1,1,Intel(R) Core(TM) 7 150U,NT,2abc7cc
degen-r20-m20-d1e-08-p4,100,Dykstra-APM,1e-7*n,9.999999999999999e-6,79,79,0.4217886,0.3923869,93.02928054480371,0.0,0.0,0.0,0.0,0.0140751,0.0,0.01532660000000003,0.4812179615486095,2.081998533623035e-11,-3.728360866533884e-15,1.7570389587717727e-12,1.7570389587717727e-12,9.217593872703635e-12,1.7570389587717727e-12,NaN,diag_feasible,0,0,0,0,0,0,79,2.4515574685600547e-14,1.12.6,lbt,1,1,Intel(R) Core(TM) 7 150U,NT,2abc7cc
degen-r20-m20-d1e-08-p4,100,Anderson-APM,1e-7*n,9.999999999999999e-6,37,37,0.2337813,0.1673773,71.59567510318404,0.0,0.0,0.0,0.0,0.0,0.0581234,0.008280599999999992,0.481217961568355,1.5919062788914862e-11,-3.1747789506395233e-15,1.8707257964933888e-12,1.8707257964933888e-12,7.1625603016372714e-12,1.8707257964933888e-12,NaN,diag_feasible,0,0,0,0,0,0,37,2.4515574685600547e-14,1.12.6,lbt,1,1,Intel(R) Core(TM) 7 150U,NT,2abc7cc
degen-r20-m20-d1e-10-p0,100,SBB-Dual,1e-7*n,1.0e-11,28,29,0.1752332,0.17288720000000002,98.66121260126506,0.0002408,0.0001031,0.0002364,0.0,0.0,0.0,0.0017656999999999868,0.48181921754153095,8.647791029678908e-12,-3.066622601613821e-15,2.800870646524345e-12,0.0,8.677838632815519e-12,2.800870646524345e-12,100.0,diag_feasible,0,0,0,0,0,0,28,1.8398241330346728e-14,1.12.6,lbt,1,1,Intel(R) Core(TM) 7 150U,NT,2abc7cc
degen-r20-m20-d1e-10-p0,100,Newton-SIN-BH,1e-7*n,9.999999999999999e-6,5,6,0.047915,0.031129999999999998,64.96921632056767,0.0,2.64e-5,0.0,0.0155582,0.0,0.0,0.0012004000000000025,0.48181921754153884,0.0,-3.4851490768376077e-15,6.772360450213455e-15,6.772360450213455e-15,1.8398241330346728e-14,6.772360450213455e-15,NaN,converged,35,35,0,0,0,0,5,1.8398241330346728e-14,1.12.6,lbt,1,1,Intel(R) Core(TM) 7 150U,NT,2abc7cc
degen-r20-m20-d1e-10-p0,100,Newton-SIN,1e-7*n,9.999999999999999e-6,5,11,0.0658258,0.0502828,76.38767777983709,0.0,2.0e-5,0.0,0.0148971,0.0,0.0,0.0006259000000000021,0.48181921754153884,0.0,-3.4851490768376077e-15,6.772360450213455e-15,6.772360450213455e-15,1.8398241330346728e-14,6.772360450213455e-15,NaN,converged,35,35,0,0,0,0,5,1.8398241330346728e-14,1.12.6,lbt,1,1,Intel(R) Core(TM) 7 150U,NT,2abc7cc
degen-r20-m20-d1e-10-p0,100,AGD-SDAJ-BH,1e-7*n,1.0e-11,11,81,0.4026434,0.3983088,98.92346428626423,0.0,0.0001965,0.0,0.0,0.0,0.0,0.004138099999999967,0.4818192175458324,9.486335268244207e-12,-3.1213605940333872e-15,1.936228954946273e-12,1.936228954946273e-12,4.945322363113228e-12,1.936228954946273e-12,NaN,diag_feasible,0,0,16,16,0,0,11,1.8398241330346728e-14,1.12.6,lbt,1,1,Intel(R) Core(TM) 7 150U,NT,2abc7cc
degen-r20-m20-d1e-10-p0,100,AGD-SDAJ,1e-7*n,1.0e-11,16,281,1.5357016,1.5144847000000001,98.6184230061361,0.0,0.0011235,0.0,0.0,0.0,0.0,0.02009339999999976,0.4818192175475764,1.2397277562015584e-11,-3.773423802158983e-15,2.868261184119092e-12,2.868261184119092e-12,6.157532737377937e-12,2.868261184119092e-12,NaN,diag_feasible,0,0,190,15,175,0,16,1.8398241330346728e-14,1.12.6,lbt,1,1,Intel(R) Core(TM) 7 150U,NT,2abc7cc
degen-r20-m20-d1e-10-p0,100,Dykstra-APM,1e-7*n,9.999999999999999e-6,70,70,0.2284891,0.2063682,90.31861913763063,0.0,0.0,0.0,0.0,0.0149102,0.0,0.007210699999999999,0.48181921753198653,1.7920012837561925e-11,-3.6155427734546734e-15,2.460698311779197e-12,2.460698311779197e-12,7.999765440993296e-12,2.460698311779197e-12,NaN,diag_feasible,0,0,0,0,0,0,70,1.8398241330346728e-14,1.12.6,lbt,1,1,Intel(R) Core(TM) 7 150U,NT,2abc7cc
degen-r20-m20-d1e-10-p0,100,Anderson-APM,1e-7*n,9.999999999999999e-6,34,34,0.2220947,0.1547774,69.68982150407011,0.0,0.0,0.0,0.0,0.0,0.0594019,0.007915399999999996,0.4818192175432819,4.907908968239919e-12,-3.5378884321773885e-15,5.541123115904156e-13,5.541123115904156e-13,2.6036537658131365e-12,5.541123115904156e-13,NaN,diag_feasible,0,0,0,0,0,0,34,1.8398241330346728e-14,1.12.6,lbt,1,1,Intel(R) Core(TM) 7 150U,NT,2abc7cc
degen-r20-m20-d1e-10-p1,100,SBB-Dual,1e-7*n,1.0e-11,29,30,0.1483534,0.1462741,98.59841432687084,0.0001625,7.59e-5,0.0002269,0.0,0.0,0.0,0.0016140000000000063,0.4771666643551619,7.059336430636726e-12,-4.166892127277945e-15,1.6648904477278847e-12,0.0,7.029915643762816e-12,1.6648904477278847e-12,100.0,diag_feasible,0,0,0,0,0,0,29,3.131006087679294e-14,1.12.6,lbt,1,1,Intel(R) Core(TM) 7 150U,NT,2abc7cc
degen-r20-m20-d1e-10-p1,100,Newton-SIN-BH,1e-7*n,9.999999999999999e-6,5,6,0.0432328,0.027562299999999998,63.753215151459074,0.0,1.86e-5,0.0,0.0148284,0.0,0.0,0.000823500000000003,0.47716666435516636,0.0,-3.2006803350291103e-15,7.549516567451064e-15,7.549516567451064e-15,3.131006087679294e-14,7.549516567451064e-15,NaN,converged,37,37,0,0,0,0,5,3.131006087679294e-14,1.12.6,lbt,1,1,Intel(R) Core(TM) 7 150U,NT,2abc7cc
degen-r20-m20-d1e-10-p1,100,Newton-SIN,1e-7*n,9.999999999999999e-6,5,11,0.0878644,0.0658028,74.89130979099612,0.0,2.59e-5,0.0,0.0211706,0.0,0.0,0.0008651000000000006,0.47716666435516636,0.0,-3.2006803350291103e-15,7.549516567451064e-15,7.549516567451064e-15,3.131006087679294e-14,7.549516567451064e-15,NaN,converged,37,37,0,0,0,0,5,3.131006087679294e-14,1.12.6,lbt,1,1,Intel(R) Core(TM) 7 150U,NT,2abc7cc
degen-r20-m20-d1e-10-p1,100,AGD-SDAJ-BH,1e-7*n,1.0e-11,10,74,0.3636493,0.3594142,98.83538893103878,0.0,0.0001858,0.0,0.0,0.0,0.0,0.004049299999999992,0.4771666643641814,1.8003835483668308e-11,-4.176590844432861e-15,3.3162361745553426e-12,3.3162361745553426e-12,8.669622361990536e-12,3.3162361745553426e-12,NaN,diag_feasible_at_xpre,0,0,17,17,0,0,10,3.131006087679294e-14,1.12.6,lbt,1,1,Intel(R) Core(TM) 7 150U,NT,2abc7cc
degen-r20-m20-d1e-10-p1,100,AGD-SDAJ,1e-7*n,1.0e-11,9,77,0.3765229,0.3691022,98.0291504182083,0.0,0.0001815,0.0,0.0,0.0,0.0,0.007239200000000002,0.47716666436069244,1.115517673043838e-11,-2.9965993066318735e-15,1.9308998844280723e-12,1.9308998844280723e-12,5.368681713084743e-12,1.9308998844280723e-12,NaN,diag_feasible,0,0,22,16,6,0,9,3.131006087679294e-14,1.12.6,lbt,1,1,Intel(R) Core(TM) 7 150U,NT,2abc7cc
degen-r20-m20-d1e-10-p1,100,Dykstra-APM,1e-7*n,9.999999999999999e-6,71,71,0.4548136,0.4155368,91.36419843206096,0.0,0.0,0.0,0.0,0.0152872,0.0,0.0239896,0.4771666643451851,1.82272408209538e-11,-3.6452489587773816e-15,2.219113781620763e-12,2.219113781620763e-12,8.118336257882283e-12,2.219113781620763e-12,NaN,diag_feasible,0,0,0,0,0,0,71,3.131006087679294e-14,1.12.6,lbt,1,1,Intel(R) Core(TM) 7 150U,NT,2abc7cc
degen-r20-m20-d1e-10-p1,100,Anderson-APM,1e-7*n,9.999999999999999e-6,31,31,0.2106582,0.1473071,69.92706668907263,0.0,0.0,0.0,0.0,0.0,0.0564291,0.006921999999999991,0.47716666436088667,1.614921867536247e-11,-4.2990368958340014e-15,2.0993207172637085e-12,2.0993207172637085e-12,8.6170369420994e-12,2.0993207172637085e-12,NaN,diag_feasible,0,0,0,0,0,0,31,3.131006087679294e-14,1.12.6,lbt,1,1,Intel(R) Core(TM) 7 150U,NT,2abc7cc
degen-r20-m20-d1e-10-p2,100,SBB-Dual,1e-7*n,1.0e-11,30,31,0.1611264,0.1586142,98.44085140610105,0.0001946,9.56e-5,0.0002322,0.0,0.0,0.0,0.001989799999999992,0.4786919838097698,8.553296431715519e-12,-2.8062523595277383e-15,2.5368596112684827e-12,0.0,9.055865267165006e-12,2.5368596112684827e-12,100.0,diag_feasible,0,0,0,0,0,0,30,1.3959261067163763e-14,1.12.6,lbt,1,1,Intel(R) Core(TM) 7 150U,NT,2abc7cc
degen-r20-m20-d1e-10-p2,100,Newton-SIN-BH,1e-7*n,9.999999999999999e-6,5,6,0.022763,0.015511,68.1412819048456,0.0,1.28e-5,0.0,0.0065402,0.0,0.0,0.0006989999999999974,0.4786919838097753,0.0,-3.4221195555557274e-15,4.884981308350689e-15,4.884981308350689e-15,1.3959261067163763e-14,4.884981308350689e-15,NaN,converged,34,34,0,0,0,0,5,1.3959261067163763e-14,1.12.6,lbt,1,1,Intel(R) Core(TM) 7 150U,NT,2abc7cc
degen-r20-m20-d1e-10-p2,100,Newton-SIN,1e-7*n,9.999999999999999e-6,7,18,0.0997501,0.0760117,76.20212912067257,0.0,2.93e-5,0.0,0.0228275,0.0,0.0,0.0008815999999999928,0.47869198380977207,1.6076980333606113e-13,-2.8559850889842688e-15,6.439293542825908e-15,6.439293542825908e-15,1.710500260670798e-14,6.439293542825908e-15,NaN,converged,58,58,3,0,0,0,7,1.3959261067163763e-14,1.12.6,lbt,1,1,Intel(R) Core(TM) 7 150U,NT,2abc7cc
degen-r20-m20-d1e-10-p2,100,AGD-SDAJ-BH,1e-7*n,1.0e-11,9,63,0.3030338,0.299239,98.74773045119058,0.0,0.0001558,0.0,0.0,0.0,0.0,0.0036390000000000424,0.4786919838164172,1.6513102017646254e-11,-3.4073554373100485e-15,6.742051361641188e-12,6.742051361641188e-12,9.192737629440931e-12,6.742051361641188e-12,NaN,diag_feasible,0,0,10,10,0,0,9,1.3959261067163763e-14,1.12.6,lbt,1,1,Intel(R) Core(TM) 7 150U,NT,2abc7cc
degen-r20-m20-d1e-10-p2,100,AGD-SDAJ,1e-7*n,1.0e-11,11,83,0.4116961,0.4060722,98.63396811385873,0.0,0.0002084,0.0,0.0,0.0,0.0,0.005415500000000015,0.478691983817359,1.4841663125803942e-11,-3.9133850688696826e-15,2.8526070394718772e-12,2.8526070394718772e-12,7.268319673345981e-12,2.8526070394718772e-12,NaN,diag_feasible,0,0,18,12,6,0,11,1.3959261067163763e-14,1.12.6,lbt,1,1,Intel(R) Core(TM) 7 150U,NT,2abc7cc
degen-r20-m20-d1e-10-p2,100,Dykstra-APM,1e-7*n,9.999999999999999e-6,73,73,0.3310545,0.3089637,93.3271409994427,0.0,0.0,0.0,0.0,0.0114236,0.0,0.010667199999999965,0.47869198379846983,2.079521074998355e-11,-3.5499339547260536e-15,3.1312730186527915e-12,3.1312730186527915e-12,9.308885892256373e-12,3.1312730186527915e-12,NaN,diag_feasible,0,0,0,0,0,0,73,1.3959261067163763e-14,1.12.6,lbt,1,1,Intel(R) Core(TM) 7 150U,NT,2abc7cc
degen-r20-m20-d1e-10-p2,100,Anderson-APM,1e-7*n,9.999999999999999e-6,41,41,0.3927525,0.2988009,76.07867550174728,0.0,0.0,0.0,0.0,0.0,0.082776,0.011175600000000022,0.4786919838173061,1.7833358050560334e-11,-2.908695729010021e-15,2.421951528219779e-12,2.421951528219779e-12,8.803997695921945e-12,2.421951528219779e-12,NaN,diag_feasible,0,0,0,0,0,0,41,1.3959261067163763e-14,1.12.6,lbt,1,1,Intel(R) Core(TM) 7 150U,NT,2abc7cc
degen-r20-m20-d1e-10-p3,100,SBB-Dual,1e-7*n,1.0e-11,26,27,0.1413082,0.13894019999999999,98.32423029944476,0.0002142,0.0001034,0.0002066,0.0,0.0,0.0,0.0018438000000000091,0.4827116501429026,8.561974240997213e-12,-3.1726562489867926e-15,1.5272227926743653e-12,0.0,8.131132919107467e-12,1.5272227926743653e-12,100.0,diag_feasible,0,0,0,0,0,0,26,1.9145473355119763e-14,1.12.6,lbt,1,1,Intel(R) Core(TM) 7 150U,NT,2abc7cc
degen-r20-m20-d1e-10-p3,100,Newton-SIN-BH,1e-7*n,9.999999999999999e-6,5,6,0.0509487,0.030182300000000002,59.240569435530254,0.0,2.44e-5,0.0,0.0196554,0.0,0.0,0.0010865999999999966,0.48271165014290507,0.0,-3.60478081946936e-15,7.105427357601002e-15,7.105427357601002e-15,1.9145473355119763e-14,7.105427357601002e-15,NaN,converged,35,35,0,0,0,0,5,1.9145473355119763e-14,1.12.6,lbt,1,1,Intel(R) Core(TM) 7 150U,NT,2abc7cc
degen-r20-m20-d1e-10-p3,100,Newton-SIN,1e-7*n,9.999999999999999e-6,6,14,0.0932623,0.0713434,76.49757726326715,0.0,2.7e-5,0.0,0.0211673,0.0,0.0,0.0007246000000000058,0.48271165014290746,1.4429853509356564e-13,-3.1723399171770125e-15,7.549516567451064e-15,7.549516567451064e-15,2.35550501444285e-14,7.549516567451064e-15,NaN,converged,47,47,1,0,0,0,6,1.9145473355119763e-14,1.12.6,lbt,1,1,Intel(R) Core(TM) 7 150U,NT,2abc7cc
degen-r20-m20-d1e-10-p3,100,AGD-SDAJ-BH,1e-7*n,1.0e-11,10,75,0.4618403,0.4559733,98.72964745605786,0.0,0.0002805,0.0,0.0,0.0,0.0,0.005586499999999955,0.48271165015101497,1.7394372381446437e-11,-3.736495490171661e-15,6.381895012452787e-12,6.381895012452787e-12,9.185807167837967e-12,6.381895012452787e-12,NaN,diag_feasible,0,0,14,14,0,0,10,1.9145473355119763e-14,1.12.6,lbt,1,1,Intel(R) Core(TM) 7 150U,NT,2abc7cc
degen-r20-m20-d1e-10-p3,100,AGD-SDAJ,1e-7*n,1.0e-11,10,78,0.3686241,0.36449390000000004,98.8795632190082,0.0,0.0001856,0.0,0.0,0.0,0.0,0.003944599999999973,0.4827116501500175,1.4806421548099335e-11,-3.069407804057566e-15,5.3079762807328734e-12,5.3079762807328734e-12,7.674965309926773e-12,5.3079762807328734e-12,NaN,diag_feasible_at_xpre,0,0,21,10,11,0,10,1.9145473355119763e-14,1.12.6,lbt,1,1,Intel(R) Core(TM) 7 150U,NT,2abc7cc
degen-r20-m20-d1e-10-p3,100,Dykstra-APM,1e-7*n,9.999999999999999e-6,66,66,0.3529092,0.3266375,92.55567721102199,0.0,0.0,0.0,0.0,0.0112781,0.0,0.014993599999999954,0.4827116501326659,1.871073102609624e-11,-4.303707361531871e-15,1.4857004515533845e-12,1.4857004515533845e-12,8.321463443095086e-12,1.4857004515533845e-12,NaN,diag_feasible,0,0,0,0,0,0,66,1.9145473355119763e-14,1.12.6,lbt,1,1,Intel(R) Core(TM) 7 150U,NT,2abc7cc
degen-r20-m20-d1e-10-p3,100,Anderson-APM,1e-7*n,9.999999999999999e-6,34,34,0.2122538,0.1482439,69.84275428755575,0.0,0.0,0.0,0.0,0.0,0.0566782,0.007331699999999983,0.4827116501530134,2.0570608410513574e-11,-3.978518574195681e-15,2.255973186038318e-12,2.255973186038318e-12,9.731263265544774e-12,2.255973186038318e-12,NaN,diag_feasible,0,0,0,0,0,0,34,1.9145473355119763e-14,1.12.6,lbt,1,1,Intel(R) Core(TM) 7 150U,NT,2abc7cc
degen-r20-m20-d1e-10-p4,100,SBB-Dual,1e-7*n,1.0e-11,30,31,0.1492697,0.1473015,98.68144707197777,0.0001591,7.48e-5,0.0002284,0.0,0.0,0.0,0.0015059000000000034,0.4812179845268769,6.53937139816333e-12,-3.425159687651371e-15,2.680744515259903e-12,0.0,6.491811146549287e-12,2.680744515259903e-12,100.0,diag_feasible,0,0,0,0,0,0,30,2.354484391947464e-14,1.12.6,lbt,1,1,Intel(R) Core(TM) 7 150U,NT,2abc7cc
degen-r20-m20-d1e-10-p4,100,Newton-SIN-BH,1e-7*n,9.999999999999999e-6,5,6,0.0459129,0.0289361,63.0238996012014,0.0,2.35e-5,0.0,0.0159522,0.0,0.0,0.0010011000000000013,0.4812179845268778,0.0,-3.431633892100386e-15,7.549516567451064e-15,7.549516567451064e-15,2.354484391947464e-14,7.549516567451064e-15,NaN,converged,35,35,0,0,0,0,5,2.354484391947464e-14,1.12.6,lbt,1,1,Intel(R) Core(TM) 7 150U,NT,2abc7cc
degen-r20-m20-d1e-10-p4,100,Newton-SIN,1e-7*n,9.999999999999999e-6,5,11,0.0675251,0.0504001,74.63906014208051,0.0,2.6e-5,0.0,0.0163908,0.0,0.0,0.0007081999999999991,0.4812179845268778,0.0,-3.431633892100386e-15,7.549516567451064e-15,7.549516567451064e-15,2.354484391947464e-14,7.549516567451064e-15,NaN,converged,35,35,0,0,0,0,5,2.354484391947464e-14,1.12.6,lbt,1,1,Intel(R) Core(TM) 7 150U,NT,2abc7cc
degen-r20-m20-d1e-10-p4,100,AGD-SDAJ-BH,1e-7*n,1.0e-11,11,80,0.3910414,0.3862646,98.77844136196322,0.0,0.0001778,0.0,0.0,0.0,0.0,0.00459899999999997,0.48121798452882597,4.182273317657544e-12,-3.3784986041018793e-15,9.9298347322474e-13,9.9298347322474e-13,2.142594623608955e-12,9.9298347322474e-13,NaN,diag_feasible,0,0,13,13,0,0,11,2.354484391947464e-14,1.12.6,lbt,1,1,Intel(R) Core(TM) 7 150U,NT,2abc7cc
degen-r20-m20-d1e-10-p4,100,AGD-SDAJ,1e-7*n,1.0e-11,10,87,0.4184696,0.4137907,98.88190205453395,0.0,0.0002052,0.0,0.0,0.0,0.0,0.004473699999999986,0.4812179845289432,9.232691376900616e-12,-3.198182189780889e-15,2.2526425169644426e-12,2.2526425169644426e-12,5.504587156497483e-12,2.2526425169644426e-12,NaN,diag_feasible_at_xpre,0,0,28,10,18,0,10,2.354484391947464e-14,1.12.6,lbt,1,1,Intel(R) Core(TM) 7 150U,NT,2abc7cc
degen-r20-m20-d1e-10-p4,100,Dykstra-APM,1e-7*n,9.999999999999999e-6,72,72,0.4024079,0.3743726,93.03311391252508,0.0,0.0,0.0,0.0,0.0134039,0.0,0.014631399999999985,0.4812179845171893,1.879938136963038e-11,-3.1982287589647993e-15,4.18554080283684e-12,4.18554080283684e-12,8.50094332998479e-12,4.18554080283684e-12,NaN,diag_feasible,0,0,0,0,0,0,72,2.354484391947464e-14,1.12.6,lbt,1,1,Intel(R) Core(TM) 7 150U,NT,2abc7cc
degen-r20-m20-d1e-10-p4,100,Anderson-APM,1e-7*n,9.999999999999999e-6,34,34,0.2393305,0.1636617,68.3831354549462,0.0,0.0,0.0,0.0,0.0,0.0613222,0.014346600000000008,0.48121798453312736,1.6895063167631603e-11,-3.8651418812177275e-15,2.5693891458899998e-12,2.5693891458899998e-12,8.755132793544151e-12,2.5693891458899998e-12,NaN,diag_feasible,0,0,0,0,0,0,34,2.354484391947464e-14,1.12.6,lbt,1,1,Intel(R) Core(TM) 7 150U,NT,2abc7cc
degen-r20-m20-d0-p0,100,SBB-Dual,1e-7*n,1.0e-11,26,27,0.1317023,0.129752,98.51916025764167,0.000159,6.79e-5,0.0002277,0.0,0.0,0.0,0.001495699999999988,0.4818192177755268,1.0331061087834396e-11,-2.8380446321514736e-15,5.795364188543317e-12,0.0,9.967135857672452e-12,5.795364188543317e-12,100.0,diag_feasible,0,0,0,0,0,0,26,1.6412160774195557e-14,1.12.6,lbt,1,1,Intel(R) Core(TM) 7 150U,NT,2abc7cc
degen-r20-m20-d0-p0,100,Newton-SIN-BH,1e-7*n,9.999999999999999e-6,4,5,0.0241206,0.0175113,72.59894032486754,0.0,1.31e-5,0.0,0.0059559,0.0,0.0,0.0006402999999999982,0.4818192177755313,0.0,-3.585090111864675e-15,5.773159728050814e-15,5.773159728050814e-15,1.6412160774195557e-14,5.773159728050814e-15,NaN,converged,22,22,0,0,0,0,4,1.6412160774195557e-14,1.12.6,lbt,1,1,Intel(R) Core(TM) 7 150U,NT,2abc7cc
degen-r20-m20-d0-p0,100,Newton-SIN,1e-7*n,9.999999999999999e-6,4,9,0.0265098,0.0213326,80.47061841281337,0.0,1.19e-5,0.0,0.0047831,0.0,0.0,0.0003822000000000001,0.4818192177755313,0.0,-3.585090111864675e-15,5.773159728050814e-15,5.773159728050814e-15,1.6412160774195557e-14,5.773159728050814e-15,NaN,converged,22,22,0,0,0,0,4,1.6412160774195557e-14,1.12.6,lbt,1,1,Intel(R) Core(TM) 7 150U,NT,2abc7cc
degen-r20-m20-d0-p0,100,AGD-SDAJ-BH,1e-7*n,1.0e-11,11,79,0.2892197,0.2854148,98.68442571512246,0.0,0.0003637,0.0,0.0,0.0,0.0,0.0034412,0.48181921778364994,1.7128636260414827e-11,-3.785583671993602e-15,4.747313653297169e-12,4.747313653297169e-12,8.668209348327067e-12,4.747313653297169e-12,NaN,diag_feasible,0,0,14,14,0,0,11,1.6412160774195557e-14,1.12.6,lbt,1,1,Intel(R) Core(TM) 7 150U,NT,2abc7cc
degen-r20-m20-d0-p0,100,AGD-SDAJ,1e-7*n,1.0e-11,11,91,0.5969413,0.5902568,98.88020815447013,0.0,0.0003016,0.0,0.0,0.0,0.0,0.006382899999999982,0.4818192177837292,1.846608494266088e-11,-3.0799690253067415e-15,4.199862679854505e-12,4.199862679854505e-12,9.984019432518284e-12,4.199862679854505e-12,NaN,diag_feasible_at_xpre,0,0,26,20,6,0,11,1.6412160774195557e-14,1.12.6,lbt,1,1,Intel(R) Core(TM) 7 150U,NT,2abc7cc
degen-r20-m20-d0-p0,100,Dykstra-APM,1e-7*n,9.999999999999999e-6,66,66,0.3412781,0.3157647,92.52416138041089,0.0,0.0,0.0,0.0,0.0120211,0.0,0.013492299999999964,0.48181921777077835,1.485924868795614e-11,-2.3620572507693524e-15,4.120703778198731e-12,4.120703778198731e-12,8.120985528231975e-12,4.120703778198731e-12,NaN,diag_feasible,0,0,0,0,0,0,66,1.6412160774195557e-14,1.12.6,lbt,1,1,Intel(R) Core(TM) 7 150U,NT,2abc7cc
degen-r20-m20-d0-p0,100,Anderson-APM,1e-7*n,9.999999999999999e-6,34,34,0.1119182,0.0917105,81.94422354898488,0.0,0.0,0.0,0.0,0.0,0.0176067,0.0026009999999999957,0.4818192177773144,4.879978614745464e-12,-3.1965979985219834e-15,5.493383525845275e-13,5.493383525845275e-13,2.5691755115429577e-12,5.493383525845275e-13,NaN,diag_feasible,0,0,0,0,0,0,34,1.6412160774195557e-14,1.12.6,lbt,1,1,Intel(R) Core(TM) 7 150U,NT,2abc7cc
degen-r20-m20-d0-p1,100,SBB-Dual,1e-7*n,1.0e-11,27,28,0.1346704,0.1327493,98.5734801411446,0.0001598,7.3e-5,0.0002248,0.0,0.0,0.0,0.0014635000000000088,0.47716666458022544,5.493337488223139e-12,-3.464447369573457e-15,3.8327119256109654e-12,0.0,5.098827611458537e-12,3.8327119256109654e-12,100.0,diag_feasible,0,0,0,0,0,0,27,3.0372463630638606e-14,1.12.6,lbt,1,1,Intel(R) Core(TM) 7 150U,NT,2abc7cc
degen-r20-m20-d0-p1,100,Newton-SIN-BH,1e-7*n,9.999999999999999e-6,4,5,0.0363792,0.0237683,65.3348616792013,0.0,1.82e-5,0.0,0.0117448,0.0,0.0,0.0008479000000000021,0.47716666458022566,0.0,-3.0751175971597728e-15,7.549516567451064e-15,7.549516567451064e-15,3.0372463630638606e-14,7.549516567451064e-15,NaN,converged,25,25,0,0,0,0,4,3.0372463630638606e-14,1.12.6,lbt,1,1,Intel(R) Core(TM) 7 150U,NT,2abc7cc
degen-r20-m20-d0-p1,100,Newton-SIN,1e-7*n,9.999999999999999e-6,4,9,0.0271469,0.0209924,77.32890311600956,0.0,1.11e-5,0.0,0.00577,0.0,0.0,0.0003734000000000003,0.47716666458022566,0.0,-3.0751175971597728e-15,7.549516567451064e-15,7.549516567451064e-15,3.0372463630638606e-14,7.549516567451064e-15,NaN,converged,25,25,0,0,0,0,4,3.0372463630638606e-14,1.12.6,lbt,1,1,Intel(R) Core(TM) 7 150U,NT,2abc7cc
degen-r20-m20-d0-p1,100,AGD-SDAJ-BH,1e-7*n,1.0e-11,10,77,0.4597172,0.45441370000000003,98.84635597710943,0.0,0.0002754,0.0,0.0,0.0,0.0,0.005028099999999961,0.47716666458465395,1.121183122968786e-11,-3.4096359262796766e-15,3.5149660959632456e-12,3.5149660959632456e-12,6.274877753262741e-12,3.5149660959632456e-12,NaN,diag_feasible,0,0,18,18,0,0,10,3.0372463630638606e-14,1.12.6,lbt,1,1,Intel(R) Core(TM) 7 150U,NT,2abc7cc
degen-r20-m20-d0-p1,100,AGD-SDAJ,1e-7*n,1.0e-11,11,96,0.4934988,0.48500139999999997,98.27813157803017,0.0,0.000403,0.0,0.0,0.0,0.0,0.008094400000000043,0.47716666458465656,9.69365880592206e-12,-3.264681875952979e-15,1.2927436898735323e-12,1.2927436898735323e-12,4.839237000830627e-12,1.2927436898735323e-12,NaN,diag_feasible,0,0,29,24,5,0,11,3.0372463630638606e-14,1.12.6,lbt,1,1,Intel(R) Core(TM) 7 150U,NT,2abc7cc
degen-r20-m20-d0-p1,100,Dykstra-APM,1e-7*n,9.999999999999999e-6,67,67,0.3816096,0.3480922,91.21683521588557,0.0,0.0,0.0,0.0,0.0121864,0.0,0.021330999999999975,0.4771666645746201,1.3299495693285854e-11,-2.1042987522071142e-15,4.78617145915905e-12,4.78617145915905e-12,7.272759226303667e-12,4.78617145915905e-12,NaN,diag_feasible,0,0,0,0,0,0,67,3.0372463630638606e-14,1.12.6,lbt,1,1,Intel(R) Core(TM) 7 150U,NT,2abc7cc
degen-r20-m20-d0-p1,100,Anderson-APM,1e-7*n,9.999999999999999e-6,31,31,0.218811,0.1502319,68.65829414426148,0.0,0.0,0.0,0.0,0.0,0.0568114,0.011767700000000006,0.47716666458890217,1.6216336217729206e-11,-3.818357529580912e-15,1.319611087069461e-12,1.319611087069461e-12,7.347725253123427e-12,1.319611087069461e-12,NaN,diag_feasible,0,0,0,0,0,0,31,3.0372463630638606e-14,1.12.6,lbt,1,1,Intel(R) Core(TM) 7 150U,NT,2abc7cc
degen-r20-m20-d0-p2,100,SBB-Dual,1e-7*n,1.0e-11,29,30,0.1464134,0.1442222,98.50341567097,0.0001836,8.12e-5,0.0002267,0.0,0.0,0.0,0.0016997000000000043,0.478691984039125,4.742118334679525e-12,-2.3457450519721132e-15,3.704592188569222e-12,0.0,4.612759777278447e-12,3.704592188569222e-12,100.0,diag_feasible,0,0,0,0,0,0,29,2.7073284147201584e-14,1.12.6,lbt,1,1,Intel(R) Core(TM) 7 150U,NT,2abc7cc
degen-r20-m20-d0-p2,100,Newton-SIN-BH,1e-7*n,9.999999999999999e-6,4,5,0.0342491,0.022173400000000003,64.74155525254679,0.0,1.45e-5,0.0,0.0113423,0.0,0.0,0.0007188999999999945,0.47869198403912827,0.0,-3.0300745638110777e-15,9.992007221626409e-15,9.992007221626409e-15,2.7073284147201584e-14,9.992007221626409e-15,NaN,converged,22,22,0,0,0,0,4,2.7073284147201584e-14,1.12.6,lbt,1,1,Intel(R) Core(TM) 7 150U,NT,2abc7cc
degen-r20-m20-d0-p2,100,Newton-SIN,1e-7*n,9.999999999999999e-6,4,9,0.049599,0.039535600000000004,79.71047803383134,0.0,1.77e-5,0.0,0.0095495,0.0,0.0,0.0004961999999999918,0.47869198403912827,0.0,-3.0300745638110777e-15,9.992007221626409e-15,9.992007221626409e-15,2.7073284147201584e-14,9.992007221626409e-15,NaN,converged,22,22,0,0,0,0,4,2.7073284147201584e-14,1.12.6,lbt,1,1,Intel(R) Core(TM) 7 150U,NT,2abc7cc
degen-r20-m20-d0-p2,100,AGD-SDAJ-BH,1e-7*n,1.0e-11,10,79,0.3865931,0.382184,98.85949852700423,0.0,0.0001901,0.0,0.0,0.0,0.0,0.004218999999999999,0.4786919840435257,9.962897844576204e-12,-3.429497754705481e-15,2.177591440499782e-12,2.177591440499782e-12,5.466993675282048e-12,2.177591440499782e-12,NaN,diag_feasible,0,0,20,20,0,0,10,2.7073284147201584e-14,1.12.6,lbt,1,1,Intel(R) Core(TM) 7 150U,NT,2abc7cc
degen-r20-m20-d0-p2,100,AGD-SDAJ,1e-7*n,1.0e-11,11,86,0.4376233,0.4329486,98.93179819264651,0.0,0.0002103,0.0,0.0,0.0,0.0,0.004464399999999976,0.478691984043387,8.218799925711002e-12,-2.8360653116094825e-15,1.4701573292086323e-12,1.4701573292086323e-12,3.969410698016622e-12,1.4701573292086323e-12,NaN,diag_feasible_at_xpre,0,0,23,16,7,0,11,2.7073284147201584e-14,1.12.6,lbt,1,1,Intel(R) Core(TM) 7 150U,NT,2abc7cc
degen-r20-m20-d0-p2,100,Dykstra-APM,1e-7*n,9.999999999999999e-6,70,70,0.2240833,0.2097452,93.60144196376972,0.0,0.0,0.0,0.0,0.0090023,0.0,0.005335800000000021,0.47869198403372926,1.557335497984753e-11,-2.6123154554076934e-15,6.298295218698513e-12,6.298295218698513e-12,8.326197184794826e-12,6.298295218698513e-12,NaN,diag_feasible,0,0,0,0,0,0,70,2.7073284147201584e-14,1.12.6,lbt,1,1,Intel(R) Core(TM) 7 150U,NT,2abc7cc
degen-r20-m20-d0-p2,100,Anderson-APM,1e-7*n,9.999999999999999e-6,41,41,0.358329,0.2561345,71.48025976128083,0.0,0.0,0.0,0.0,0.0,0.0912593,0.01093520000000002,0.47869198404660673,1.7728378140472077e-11,-2.949505555021249e-15,2.4130697440227777e-12,2.4130697440227777e-12,8.756989218004472e-12,2.4130697440227777e-12,NaN,diag_feasible,0,0,0,0,0,0,41,2.7073284147201584e-14,1.12.6,lbt,1,1,Intel(R) Core(TM) 7 150U,NT,2abc7cc
degen-r20-m20-d0-p3,100,SBB-Dual,1e-7*n,1.0e-11,24,25,0.1207918,0.11901,98.52489986903083,0.0001574,6.44e-5,0.0002289,0.0,0.0,0.0,0.0013311,0.4827116503768684,4.872965063660309e-12,-2.87624206836912e-15,2.0474733020137137e-12,0.0,4.2355100088243006e-12,2.0474733020137137e-12,100.0,diag_feasible,0,0,0,0,0,0,24,2.3909265679837677e-14,1.12.6,lbt,1,1,Intel(R) Core(TM) 7 150U,NT,2abc7cc
degen-r20-m20-d0-p3,100,Newton-SIN-BH,1e-7*n,9.999999999999999e-6,4,5,0.0351325,0.0231961,66.02462107735003,0.0,1.62e-5,0.0,0.0108179,0.0,0.0,0.001102299999999997,0.48271165037687225,0.0,-2.8935140366819367e-15,5.995204332975845e-15,5.995204332975845e-15,2.3909265679837677e-14,5.995204332975845e-15,NaN,converged,23,23,0,0,0,0,4,2.3909265679837677e-14,1.12.6,lbt,1,1,Intel(R) Core(TM) 7 150U,NT,2abc7cc
degen-r20-m20-d0-p3,100,Newton-SIN,1e-7*n,9.999999999999999e-6,4,9,0.0500436,0.0394884,78.90799223077477,0.0,1.74e-5,0.0,0.0100026,0.0,0.0,0.0005351999999999996,0.48271165037687225,0.0,-2.8935140366819367e-15,5.995204332975845e-15,5.995204332975845e-15,2.3909265679837677e-14,5.995204332975845e-15,NaN,converged,23,23,0,0,0,0,4,2.3909265679837677e-14,1.12.6,lbt,1,1,Intel(R) Core(TM) 7 150U,NT,2abc7cc
degen-r20-m20-d0-p3,100,AGD-SDAJ-BH,1e-7*n,1.0e-11,9,72,0.2841789,0.2804177,98.6764675350633,0.0,0.0001656,0.0,0.0,0.0,0.0,0.00359560000000002,0.48271165038309055,1.347919521008555e-11,-3.734870498258666e-15,5.134781488891349e-12,5.134781488891349e-12,7.199341776580678e-12,5.134781488891349e-12,NaN,diag_feasible,0,0,17,17,0,0,9,2.3909265679837677e-14,1.12.6,lbt,1,1,Intel(R) Core(TM) 7 150U,NT,2abc7cc
degen-r20-m20-d0-p3,100,AGD-SDAJ,1e-7*n,1.0e-11,10,81,0.343567,0.33782310000000004,98.3281572444385,0.0,0.0001744,0.0,0.0,0.0,0.0,0.005569499999999969,0.4827116503841983,1.6606144835535423e-11,-2.7679583713465158e-15,7.203015961465553e-12,7.203015961465553e-12,9.19049716641389e-12,7.203015961465553e-12,NaN,diag_feasible,0,0,22,17,5,0,10,2.3909265679837677e-14,1.12.6,lbt,1,1,Intel(R) Core(TM) 7 150U,NT,2abc7cc
degen-r20-m20-d0-p3,100,Dykstra-APM,1e-7*n,9.999999999999999e-6,61,61,0.3189535,0.297293,93.20888468068229,0.0,0.0,0.0,0.0,0.0101806,0.0,0.011479900000000027,0.48271165037048375,1.3987874837747866e-11,-3.3362086257583013e-15,3.5362823780360486e-12,3.5362823780360486e-12,7.972987326006681e-12,3.5362823780360486e-12,NaN,diag_feasible,0,0,0,0,0,0,61,2.3909265679837677e-14,1.12.6,lbt,1,1,Intel(R) Core(TM) 7 150U,NT,2abc7cc
degen-r20-m20-d0-p3,100,Anderson-APM,1e-7*n,9.999999999999999e-6,34,34,0.2240781,0.1556339,69.45520334204903,0.0,0.0,0.0,0.0,0.0,0.06028,0.00816420000000001,0.48271165038732405,2.114283933410301e-11,-4.138984161223607e-15,2.2778445796234337e-12,2.2778445796234337e-12,9.970994183643606e-12,2.2778445796234337e-12,NaN,diag_feasible,0,0,0,0,0,0,34,2.3909265679837677e-14,1.12.6,lbt,1,1,Intel(R) Core(TM) 7 150U,NT,2abc7cc
degen-r20-m20-d0-p4,100,SBB-Dual,1e-7*n,1.0e-11,28,29,0.1393952,0.1373674,98.54528706870825,0.0001527,6.91e-5,0.0002566,0.0,0.0,0.0,0.0015493999999999964,0.4812179847588661,8.306697638869168e-12,-2.4944445761301682e-15,8.831602116288195e-12,0.0,9.198758665852558e-12,8.831602116288195e-12,100.0,diag_feasible,0,0,0,0,0,0,28,2.202834683593108e-14,1.12.6,lbt,1,1,Intel(R) Core(TM) 7 150U,NT,2abc7cc
degen-r20-m20-d0-p4,100,Newton-SIN-BH,1e-7*n,9.999999999999999e-6,4,5,0.0350099,0.0235094,67.15072022485069,0.0,1.79e-5,0.0,0.0107181,0.0,0.0,0.0007644999999999978,0.4812179847588685,0.0,-3.885292907572332e-15,7.771561172376096e-15,7.771561172376096e-15,2.202834683593108e-14,7.771561172376096e-15,NaN,converged,23,23,0,0,0,0,4,2.202834683593108e-14,1.12.6,lbt,1,1,Intel(R) Core(TM) 7 150U,NT,2abc7cc
degen-r20-m20-d0-p4,100,Newton-SIN,1e-7*n,9.999999999999999e-6,4,9,0.0500762,0.0384535,76.7899720825462,0.0,1.66e-5,0.0,0.0110305,0.0,0.0,0.000575599999999999,0.4812179847588685,0.0,-3.885292907572332e-15,7.771561172376096e-15,7.771561172376096e-15,2.202834683593108e-14,7.771561172376096e-15,NaN,converged,23,23,0,0,0,0,4,2.202834683593108e-14,1.12.6,lbt,1,1,Intel(R) Core(TM) 7 150U,NT,2abc7cc
degen-r20-m20-d0-p4,100,AGD-SDAJ-BH,1e-7*n,1.0e-11,11,79,0.3875591,0.38258949999999997,98.71771814930936,0.0,0.0001865,0.0,0.0,0.0,0.0,0.004783100000000018,0.481217984764418,1.1342845518098934e-11,-3.845332049407719e-15,3.879563337250147e-12,3.879563337250147e-12,5.819573229796324e-12,3.879563337250147e-12,NaN,diag_feasible_at_xpre,0,0,16,16,0,0,11,2.202834683593108e-14,1.12.6,lbt,1,1,Intel(R) Core(TM) 7 150U,NT,2abc7cc
degen-r20-m20-d0-p4,100,AGD-SDAJ,1e-7*n,1.0e-11,12,153,0.9676338,0.9429772000000001,97.45186660490778,0.0,0.0006408,0.0,0.0,0.0,0.0,0.024015799999999917,0.4812179847642983,1.1581880442032787e-11,-3.707390593213364e-15,1.908695423935569e-12,1.908695423935569e-12,5.828073610020064e-12,1.908695423935569e-12,NaN,diag_feasible,0,0,82,16,66,0,12,2.202834683593108e-14,1.12.6,lbt,1,1,Intel(R) Core(TM) 7 150U,NT,2abc7cc
degen-r20-m20-d0-p4,100,Dykstra-APM,1e-7*n,9.999999999999999e-6,69,69,0.3623251,0.3351275,92.49359208070322,0.0,0.0,0.0,0.0,0.0134617,0.0,0.013735899999999988,0.4812179847547434,1.7232363891706887e-11,-1.968176489878617e-15,8.495870673641548e-12,8.495870673641548e-12,9.159316968820644e-12,8.495870673641548e-12,NaN,diag_feasible,0,0,0,0,0,0,69,2.202834683593108e-14,1.12.6,lbt,1,1,Intel(R) Core(TM) 7 150U,NT,2abc7cc
degen-r20-m20-d0-p4,100,Anderson-APM,1e-7*n,9.999999999999999e-6,35,35,0.4670742,0.2361125,50.55138990764209,0.0,0.0,0.0,0.0,0.0,0.2226055,0.00835619999999998,0.4812179847653058,1.4557023068372452e-11,-3.601148633126946e-15,2.399747067727276e-12,2.399747067727276e-12,7.136418001222919e-12,2.399747067727276e-12,NaN,diag_feasible,0,0,0,0,0,0,35,2.202834683593108e-14,1.12.6,lbt,1,1,Intel(R) Core(TM) 7 150U,NT,2abc7cc
degen-r50-m1-d0.01-p0,100,SBB-Dual,1e-7*n,1.0e-11,14,15,0.0648716,0.0636632,98.13724341622527,7.94e-5,3.62e-5,0.0002374,0.0,0.0,0.0,0.0008553999999999983,0.49665854538145826,1.6470073773606256e-12,-1.5730183607940046e-15,5.404565683875262e-13,0.0,1.7036036710382096e-12,5.404565683875262e-13,7.6923076923076925,diag_feasible,0,0,0,0,0,0,14,7.572380295906598e-14,1.12.6,lbt,1,1,Intel(R) Core(TM) 7 150U,NT,2abc7cc
degen-r50-m1-d0.01-p0,100,Newton-SIN-BH,1e-7*n,9.999999999999999e-6,4,5,0.0332796,0.020787200000000002,62.462289210206855,0.0,1.54e-5,0.0,0.0117244,0.0,0.0,0.0007525999999999974,0.4966585453814602,0.0,-1.472768964610645e-15,2.020605904817785e-14,2.020605904817785e-14,7.572380295906598e-14,2.020605904817785e-14,NaN,converged,19,19,0,0,0,0,4,7.572380295906598e-14,1.12.6,lbt,1,1,Intel(R) Core(TM) 7 150U,NT,2abc7cc
degen-r50-m1-d0.01-p0,100,Newton-SIN,1e-7*n,9.999999999999999e-6,4,9,0.0490988,0.037307599999999996,75.98474911810472,0.0,1.76e-5,0.0,0.0112282,0.0,0.0,0.0005454000000000014,0.4966585453814602,0.0,-1.472768964610645e-15,2.020605904817785e-14,2.020605904817785e-14,7.572380295906598e-14,2.020605904817785e-14,NaN,converged,19,19,0,0,0,0,4,7.572380295906598e-14,1.12.6,lbt,1,1,Intel(R) Core(TM) 7 150U,NT,2abc7cc
degen-r50-m1-d0.01-p0,100,AGD-SDAJ-BH,1e-7*n,1.0e-11,8,61,0.2895862,0.286096,98.79476301011582,0.0,0.0001544,0.0,0.0,0.0,0.0,0.003335799999999999,0.4966585453799018,3.575760597751242e-12,-1.9312789369041567e-15,2.1229684676882243e-12,2.1229684676882243e-12,2.985288358745305e-12,2.1229684676882243e-12,NaN,diag_feasible,0,0,14,14,0,0,8,7.572380295906598e-14,1.12.6,lbt,1,1,Intel(R) Core(TM) 7 150U,NT,2abc7cc
degen-r50-m1-d0.01-p0,100,AGD-SDAJ,1e-7*n,1.0e-11,7,58,0.2693501,0.2658611,98.70465984605167,0.0,0.0001477,0.0,0.0,0.0,0.0,0.003341299999999964,0.4966585453759228,1.2053557930557021e-11,-1.5526776627450177e-15,3.886224675397898e-12,3.886224675397898e-12,9.714170443022203e-12,3.886224675397898e-12,NaN,diag_feasible_at_xpre,0,0,17,12,5,0,7,7.572380295906598e-14,1.12.6,lbt,1,1,Intel(R) Core(TM) 7 150U,NT,2abc7cc
degen-r50-m1-d0.01-p0,100,Dykstra-APM,1e-7*n,9.999999999999999e-6,37,37,0.1825418,0.1686792,92.40579417974405,0.0,0.0,0.0,0.0,0.0059667,0.0,0.007895900000000003,0.49665854537317744,1.226960504939099e-11,-1.421834937977361e-15,2.242206420532966e-12,2.242206420532966e-12,8.572710561287784e-12,2.242206420532966e-12,NaN,diag_feasible,0,0,0,0,0,0,37,7.572380295906598e-14,1.12.6,lbt,1,1,Intel(R) Core(TM) 7 150U,NT,2abc7cc
degen-r50-m1-d0.01-p0,100,Anderson-APM,1e-7*n,9.999999999999999e-6,18,18,0.1232981,0.0896898,72.74224014806393,0.0,0.0,0.0,0.0,0.0,0.029226,0.004382299999999995,0.49665854538357795,3.180322554397529e-12,-1.414068943175259e-15,4.2721381987576024e-13,4.2721381987576024e-13,2.2530315812430857e-12,4.2721381987576024e-13,NaN,diag_feasible,0,0,0,0,0,0,18,7.572380295906598e-14,1.12.6,lbt,1,1,Intel(R) Core(TM) 7 150U,NT,2abc7cc
degen-r50-m1-d0.01-p1,100,SBB-Dual,1e-7*n,1.0e-11,13,14,0.0631629,0.061879699999999996,97.96842766877393,8.87e-5,0.0001344,0.0002315,0.0,0.0,0.0,0.0008285999999999983,0.4968406577164225,5.373888327331948e-12,-1.5980956232709132e-15,3.161915174132446e-12,0.0,6.380156985983429e-12,3.161915174132446e-12,16.666666666666668,diag_feasible,0,0,0,0,0,0,13,2.6997145157701295e-14,1.12.6,lbt,1,1,Intel(R) Core(TM) 7 150U,NT,2abc7cc
degen-r50-m1-d0.01-p1,100,Newton-SIN-BH,1e-7*n,9.999999999999999e-6,4,5,0.0334248,0.0209653,62.72378593140423,0.0,1.74e-5,0.0,0.0116933,0.0,0.0,0.0007487999999999974,0.49684065771642566,0.0,-1.6650702836431658e-15,7.327471962526033e-15,7.327471962526033e-15,2.6997145157701295e-14,7.327471962526033e-15,NaN,converged,19,19,0,0,0,0,4,2.6997145157701295e-14,1.12.6,lbt,1,1,Intel(R) Core(TM) 7 150U,NT,2abc7cc
degen-r50-m1-d0.01-p1,100,Newton-SIN,1e-7*n,9.999999999999999e-6,4,9,0.0505048,0.0365675,72.40400912388526,0.0,1.82e-5,0.0,0.0133729,0.0,0.0,0.0005462000000000002,0.49684065771642566,0.0,-1.6650702836431658e-15,7.327471962526033e-15,7.327471962526033e-15,2.6997145157701295e-14,7.327471962526033e-15,NaN,converged,19,19,0,0,0,0,4,2.6997145157701295e-14,1.12.6,lbt,1,1,Intel(R) Core(TM) 7 150U,NT,2abc7cc
degen-r50-m1-d0.01-p1,100,AGD-SDAJ-BH,1e-7*n,1.0e-11,7,51,0.2448931,0.2409577,98.39301311470187,0.0,0.0002051,0.0,0.0,0.0,0.0,0.0037303000000000054,0.49684065771402913,4.4307349123772065e-12,-1.6331203763159885e-15,8.824052599720744e-13,8.824052599720744e-13,3.471098616853742e-12,8.824052599720744e-13,NaN,diag_feasible,0,0,8,8,0,0,7,2.6997145157701295e-14,1.12.6,lbt,1,1,Intel(R) Core(TM) 7 150U,NT,2abc7cc
degen-r50-m1-d0.01-p1,100,AGD-SDAJ,1e-7*n,1.0e-11,8,55,0.2505223,0.2470176,98.60104270158786,0.0,0.000171,0.0,0.0,0.0,0.0,0.0033336999999999716,0.4968406577134259,5.519005710166747e-12,-1.8665925980801584e-15,1.1541878564003127e-12,1.1541878564003127e-12,4.322005342165792e-12,1.1541878564003127e-12,NaN,diag_feasible_at_xpre,0,0,10,6,4,0,8,2.6997145157701295e-14,1.12.6,lbt,1,1,Intel(R) Core(TM) 7 150U,NT,2abc7cc
degen-r50-m1-d0.01-p1,100,Dykstra-APM,1e-7*n,9.999999999999999e-6,37,37,0.0907773,0.0845965,93.19124935418876,0.0,0.0,0.0,0.0,0.0041619,0.0,0.0020189000000000006,0.4968406577093414,1.0356970737661232e-11,-1.5392727917555951e-15,1.7346124536743446e-12,1.7346124536743446e-12,7.2530635578160395e-12,1.7346124536743446e-12,NaN,diag_feasible,0,0,0,0,0,0,37,2.6997145157701295e-14,1.12.6,lbt,1,1,Intel(R) Core(TM) 7 150U,NT,2abc7cc
degen-r50-m1-d0.01-p1,100,Anderson-APM,1e-7*n,9.999999999999999e-6,18,18,0.1145564,0.0823404,71.87760788572267,0.0,0.0,0.0,0.0,0.0,0.0278406,0.0043754000000000084,0.4968406577188958,3.8647221601141794e-12,-1.4193722677622866e-15,5.724309914967307e-13,5.724309914967307e-13,2.7693849388335667e-12,5.724309914967307e-13,NaN,diag_feasible,0,0,0,0,0,0,18,2.6997145157701295e-14,1.12.6,lbt,1,1,Intel(R) Core(TM) 7 150U,NT,2abc7cc
degen-r50-m1-d0.01-p2,100,SBB-Dual,1e-7*n,1.0e-11,14,15,0.0667612,0.0655662,98.21003816588077,8.76e-5,3.84e-5,0.0002371,0.0,0.0,0.0,0.0008319000000000016,0.4962028172821058,2.2761823657080635e-12,-1.5195119859896267e-15,5.666578317686799e-13,0.0,2.408574982860633e-12,5.666578317686799e-13,15.384615384615385,diag_feasible,0,0,0,0,0,0,14,2.3420180361420892e-14,1.12.6,lbt,1,1,Intel(R) Core(TM) 7 150U,NT,2abc7cc
degen-r50-m1-d0.01-p2,100,Newton-SIN-BH,1e-7*n,9.999999999999999e-6,4,5,0.0519378,0.031286800000000003,60.23897816234034,0.0,2.68e-5,0.0,0.0195156,0.0,0.0,0.0011085999999999943,0.49620281728210486,0.0,-1.4412104288695218e-15,7.993605777301127e-15,7.993605777301127e-15,2.3420180361420892e-14,7.993605777301127e-15,NaN,converged,18,18,0,0,0,0,4,2.3420180361420892e-14,1.12.6,lbt,1,1,Intel(R) Core(TM) 7 150U,NT,2abc7cc
degen-r50-m1-d0.01-p2,100,Newton-SIN,1e-7*n,9.999999999999999e-6,4,9,0.0515252,0.0393056,76.2842259709812,0.0,2.76e-5,0.0,0.0114879,0.0,0.0,0.0007040999999999974,0.49620281728210486,0.0,-1.4412104288695218e-15,7.993605777301127e-15,7.993605777301127e-15,2.3420180361420892e-14,7.993605777301127e-15,NaN,converged,18,18,0,0,0,0,4,2.3420180361420892e-14,1.12.6,lbt,1,1,Intel(R) Core(TM) 7 150U,NT,2abc7cc
degen-r50-m1-d0.01-p2,100,AGD-SDAJ-BH,1e-7*n,1.0e-11,7,44,0.2654951,0.2580271,97.18714206024896,0.0,0.0002331,0.0,0.0,0.0,0.0,0.007234899999999975,0.496202817279404,5.476422743320883e-12,-1.4802411192888486e-15,3.0162539133016253e-12,3.0162539133016253e-12,4.4987020477462044e-12,3.0162539133016253e-12,NaN,diag_feasible,0,0,3,3,0,0,7,2.3420180361420892e-14,1.12.6,lbt,1,1,Intel(R) Core(TM) 7 150U,NT,2abc7cc
degen-r50-m1-d0.01-p2,100,AGD-SDAJ,1e-7*n,1.0e-11,7,44,0.2417575,0.237829,98.37502455973446,0.0,0.0002084,0.0,0.0,0.0,0.0,0.0037200999999999736,0.496202817279404,5.476422743320883e-12,-1.4802411192888486e-15,3.0162539133016253e-12,3.0162539133016253e-12,4.4987020477462044e-12,3.0162539133016253e-12,NaN,diag_feasible,0,0,3,3,0,0,7,2.3420180361420892e-14,1.12.6,lbt,1,1,Intel(R) Core(TM) 7 150U,NT,2abc7cc
degen-r50-m1-d0.01-p2,100,Dykstra-APM,1e-7*n,9.999999999999999e-6,37,37,0.1904109,0.1748267,91.81548955443202,0.0,0.0,0.0,0.0,0.0078348,0.0,0.007749399999999993,0.49620281727383675,1.2060725611544968e-11,-1.4152099428671041e-15,1.6198153929281034e-12,1.6198153929281034e-12,8.433595474415273e-12,1.6198153929281034e-12,NaN,diag_feasible,0,0,0,0,0,0,37,2.3420180361420892e-14,1.12.6,lbt,1,1,Intel(R) Core(TM) 7 150U,NT,2abc7cc
degen-r50-m1-d0.01-p2,100,Anderson-APM,1e-7*n,9.999999999999999e-6,17,17,0.1071385,0.0744469,69.48659912169761,0.0,0.0,0.0,0.0,0.0,0.0284266,0.004265000000000001,0.49620281728436033,1.0351805592441122e-11,-1.3211526397176954e-15,6.255662654552907e-12,6.255662654552907e-12,8.127798694605442e-12,6.255662654552907e-12,NaN,diag_feasible,0,0,0,0,0,0,17,2.3420180361420892e-14,1.12.6,lbt,1,1,Intel(R) Core(TM) 7 150U,NT,2abc7cc
degen-r50-m1-d0.01-p3,100,SBB-Dual,1e-7*n,1.0e-11,14,15,0.0718202,0.0706228,98.3327810281787,9.27e-5,4.23e-5,0.0002357,0.0,0.0,0.0,0.0008267000000000011,0.496350125854308,1.8880028916882397e-12,-1.6144732088035467e-15,4.4075854077618715e-13,0.0,2.0202033539715584e-12,4.4075854077618715e-13,23.076923076923077,diag_feasible,0,0,0,0,0,0,14,1.7706578043732106e-14,1.12.6,lbt,1,1,Intel(R) Core(TM) 7 150U,NT,2abc7cc
degen-r50-m1-d0.01-p3,100,Newton-SIN-BH,1e-7*n,9.999999999999999e-6,4,5,0.0353233,0.0221871,62.81151534539525,0.0,2.13e-5,0.0,0.0122183,0.0,0.0,0.0008966000000000009,0.4963501258543122,0.0,-1.4335287244501147e-15,5.995204332975845e-15,5.995204332975845e-15,1.7706578043732106e-14,5.995204332975845e-15,NaN,converged,19,19,0,0,0,0,4,1.7706578043732106e-14,1.12.6,lbt,1,1,Intel(R) Core(TM) 7 150U,NT,2abc7cc
degen-r50-m1-d0.01-p3,100,Newton-SIN,1e-7*n,9.999999999999999e-6,4,9,0.0512757,0.0377054,73.53463726482525,0.0,2.17e-5,0.0,0.0128559,0.0,0.0,0.000692700000000001,0.4963501258543122,0.0,-1.4335287244501147e-15,5.995204332975845e-15,5.995204332975845e-15,1.7706578043732106e-14,5.995204332975845e-15,NaN,converged,19,19,0,0,0,0,4,1.7706578043732106e-14,1.12.6,lbt,1,1,Intel(R) Core(TM) 7 150U,NT,2abc7cc
degen-r50-m1-d0.01-p3,100,AGD-SDAJ-BH,1e-7*n,1.0e-11,7,43,0.2239697,0.2206202,98.50448520491835,0.0,0.0001683,0.0,0.0,0.0,0.0,0.003181200000000005,0.49635012584891436,1.1147482048733655e-11,-1.4435369945463578e-15,5.363376409661669e-12,5.363376409661669e-12,9.116968297018227e-12,5.363376409661669e-12,NaN,diag_feasible_at_xpre,0,0,4,4,0,0,7,1.7706578043732106e-14,1.12.6,lbt,1,1,Intel(R) Core(TM) 7 150U,NT,2abc7cc
degen-r50-m1-d0.01-p3,100,AGD-SDAJ,1e-7*n,1.0e-11,7,43,0.1521587,0.15021469999999998,98.72238656087359,0.0,9.19e-5,0.0,0.0,0.0,0.0,0.001852100000000029,0.49635012584891436,1.1147482048733655e-11,-1.4435369945463578e-15,5.363376409661669e-12,5.363376409661669e-12,9.116968297018227e-12,5.363376409661669e-12,NaN,diag_feasible_at_xpre,0,0,4,4,0,0,7,1.7706578043732106e-14,1.12.6,lbt,1,1,Intel(R) Core(TM) 7 150U,NT,2abc7cc
degen-r50-m1-d0.01-p3,100,Dykstra-APM,1e-7*n,9.999999999999999e-6,37,37,0.2110596,0.1934943,91.67756406247335,0.0,0.0,0.0,0.0,0.0080694,0.0,0.009495900000000007,0.49635012584628535,1.1723719510264217e-11,-1.5852281878758639e-15,1.716404796070492e-12,1.716404796070492e-12,8.198528423657732e-12,1.716404796070492e-12,NaN,diag_feasible,0,0,0,0,0,0,37,1.7706578043732106e-14,1.12.6,lbt,1,1,Intel(R) Core(TM) 7 150U,NT,2abc7cc
degen-r50-m1-d0.01-p3,100,Anderson-APM,1e-7*n,9.999999999999999e-6,18,18,0.1145804,0.0776603,67.77799693490336,0.0,0.0,0.0,0.0,0.0,0.0321191,0.004801,0.49635012585669,3.641443082964119e-12,-1.511034825706642e-15,5.023759186428833e-13,5.023759186428833e-13,2.5962924227204447e-12,5.023759186428833e-13,NaN,diag_feasible,0,0,0,0,0,0,18,1.7706578043732106e-14,1.12.6,lbt,1,1,Intel(R) Core(TM) 7 150U,NT,2abc7cc
degen-r50-m1-d0.01-p4,100,SBB-Dual,1e-7*n,1.0e-11,14,15,0.0734075,0.0716214,97.56686987024486,0.0001184,0.0001133,0.0002621,0.0,0.0,0.0,0.0012922999999999988,0.49598057813765195,2.603374092342577e-12,-1.5926339769481512e-15,5.282441151166495e-13,0.0,2.639451225925799e-12,5.282441151166495e-13,23.076923076923077,diag_feasible,0,0,0,0,0,0,14,1.7261022656281432e-14,1.12.6,lbt,1,1,Intel(R) Core(TM) 7 150U,NT,2abc7cc
degen-r50-m1-d0.01-p4,100,Newton-SIN-BH,1e-7*n,9.999999999999999e-6,4,5,0.0355302,0.0216939,61.05763547629904,0.0,2.0e-5,0.0,0.0126709,0.0,0.0,0.0011453999999999995,0.49598057813765445,0.0,-1.6895804724412575e-15,5.10702591327572e-15,5.10702591327572e-15,1.7261022656281432e-14,5.10702591327572e-15,NaN,converged,18,18,0,0,0,0,4,1.7261022656281432e-14,1.12.6,lbt,1,1,Intel(R) Core(TM) 7 150U,NT,2abc7cc
degen-r50-m1-d0.01-p4,100,Newton-SIN,1e-7*n,9.999999999999999e-6,4,9,0.0489779,0.0366927,74.91685025286915,0.0,2.29e-5,0.0,0.0115979,0.0,0.0,0.0006643999999999973,0.49598057813765445,0.0,-1.6895804724412575e-15,5.10702591327572e-15,5.10702591327572e-15,1.7261022656281432e-14,5.10702591327572e-15,NaN,converged,18,18,0,0,0,0,4,1.7261022656281432e-14,1.12.6,lbt,1,1,Intel(R) Core(TM) 7 150U,NT,2abc7cc
degen-r50-m1-d0.01-p4,100,AGD-SDAJ-BH,1e-7*n,1.0e-11,7,46,0.205666,0.2027108,98.5631071737672,0.0,0.0001407,0.0,0.0,0.0,0.0,0.002814499999999991,0.49598057813556456,3.629556185961683e-12,-1.3786488747793055e-15,9.134915046615788e-13,9.134915046615788e-13,2.7796684730454776e-12,9.134915046615788e-13,NaN,diag_feasible,0,0,5,5,0,0,7,1.7261022656281432e-14,1.12.6,lbt,1,1,Intel(R) Core(TM) 7 150U,NT,2abc7cc
degen-r50-m1-d0.01-p4,100,AGD-SDAJ,1e-7*n,1.0e-11,7,51,0.2289891,0.225628,98.53220087768369,0.0,0.0001548,0.0,0.0,0.0,0.0,0.0032063000000000057,0.49598057813556656,3.6333039710719795e-12,-1.9105456763839257e-15,9.147127499886665e-13,9.147127499886665e-13,2.782605605691684e-12,9.147127499886665e-13,NaN,diag_feasible_at_xpre,0,0,12,5,7,0,7,1.7261022656281432e-14,1.12.6,lbt,1,1,Intel(R) Core(TM) 7 150U,NT,2abc7cc
degen-r50-m1-d0.01-p4,100,Dykstra-APM,1e-7*n,9.999999999999999e-6,37,37,0.1881632,0.1724967,91.67398301049303,0.0,0.0,0.0,0.0,0.0081155,0.0,0.007551,0.49598057812864155,1.3166670800240363e-11,-1.7401752681746041e-15,1.6846524175662125e-12,1.6846524175662125e-12,9.197059825944292e-12,1.6846524175662125e-12,NaN,diag_feasible,0,0,0,0,0,0,37,1.7261022656281432e-14,1.12.6,lbt,1,1,Intel(R) Core(TM) 7 150U,NT,2abc7cc
degen-r50-m1-d0.01-p4,100,Anderson-APM,1e-7*n,9.999999999999999e-6,17,17,0.0982146,0.0680834,69.32105817261385,0.0,0.0,0.0,0.0,0.0,0.0261092,0.004021999999999998,0.49598057814054464,8.696838563948661e-12,-1.6304019051500726e-15,3.757660849146305e-12,3.757660849146305e-12,6.7794674238906136e-12,3.757660849146305e-12,NaN,diag_feasible,0,0,0,0,0,0,17,1.7261022656281432e-14,1.12.6,lbt,1,1,Intel(R) Core(TM) 7 150U,NT,2abc7cc
degen-r50-m1-d0.0001-p0,100,SBB-Dual,1e-7*n,1.0e-11,14,15,0.0704998,0.06896089999999999,97.81715692810475,0.0001099,6.25e-5,0.0002414,0.0,0.0,0.0,0.0011251000000000095,0.49749367572859665,1.3875714535123126e-12,-1.9085744309037192e-15,4.862776847858186e-13,0.0,1.3449233701112877e-12,4.862776847858186e-13,15.384615384615385,diag_feasible,0,0,0,0,0,0,14,6.445253448036163e-14,1.12.6,lbt,1,1,Intel(R) Core(TM) 7 150U,NT,2abc7cc
degen-r50-m1-d0.0001-p0,100,Newton-SIN-BH,1e-7*n,9.999999999999999e-6,4,5,0.0409577,0.0271699,66.33648862118723,0.0,2.48e-5,0.0,0.0127107,0.0,0.0,0.001052299999999999,0.49749367572860026,0.0,-1.5052418076131598e-15,1.709743457922741e-14,1.709743457922741e-14,6.445253448036163e-14,1.709743457922741e-14,NaN,converged,15,15,0,0,0,0,4,6.445253448036163e-14,1.12.6,lbt,1,1,Intel(R) Core(TM) 7 150U,NT,2abc7cc
degen-r50-m1-d0.0001-p0,100,Newton-SIN,1e-7*n,9.999999999999999e-6,4,9,0.0549741,0.0435383,79.19784043758789,0.0,5.74e-5,0.0,0.0106932,0.0,0.0,0.0006851999999999952,0.49749367572860026,0.0,-1.5052418076131598e-15,1.709743457922741e-14,1.709743457922741e-14,6.445253448036163e-14,1.709743457922741e-14,NaN,converged,15,15,0,0,0,0,4,6.445253448036163e-14,1.12.6,lbt,1,1,Intel(R) Core(TM) 7 150U,NT,2abc7cc
degen-r50-m1-d0.0001-p0,100,AGD-SDAJ-BH,1e-7*n,1.0e-11,6,39,0.1833353,0.1802612,98.32323616892111,0.0,0.0001493,0.0,0.0,0.0,0.0,0.0029247999999999965,0.4974936757313031,5.721017174397747e-12,-1.784310013370425e-15,2.5128787939365793e-12,2.5128787939365793e-12,4.627926394806409e-12,2.5128787939365793e-12,NaN,diag_feasible_at_xpre,0,0,6,6,0,0,6,6.445253448036163e-14,1.12.6,lbt,1,1,Intel(R) Core(TM) 7 150U,NT,2abc7cc
degen-r50-m1-d0.0001-p0,100,AGD-SDAJ,1e-7*n,1.0e-11,6,40,0.2233179,0.2175231,97.40513411598444,0.0,0.0001844,0.0,0.0,0.0,0.0,0.005610400000000016,0.49749367573131653,5.727253600442842e-12,-1.7679137378983561e-15,2.5357493882438575e-12,2.5357493882438575e-12,4.655552392219315e-12,2.5357493882438575e-12,NaN,diag_feasible_at_xpre,0,0,7,6,1,0,6,6.445253448036163e-14,1.12.6,lbt,1,1,Intel(R) Core(TM) 7 150U,NT,2abc7cc
degen-r50-m1-d0.0001-p0,100,Dykstra-APM,1e-7*n,9.999999999999999e-6,37,37,0.2161861,0.1988737,91.99189957171158,0.0,0.0,0.0,0.0,0.0092523,0.0,0.008060100000000006,0.4974936757212268,1.0972136757232704e-11,-1.4568751540497064e-15,2.0015100687942322e-12,2.0015100687942322e-12,7.658806658571394e-12,2.0015100687942322e-12,NaN,diag_feasible,0,0,0,0,0,0,37,6.445253448036163e-14,1.12.6,lbt,1,1,Intel(R) Core(TM) 7 150U,NT,2abc7cc
degen-r50-m1-d0.0001-p0,100,Anderson-APM,1e-7*n,9.999999999999999e-6,17,17,0.1089231,0.0763504,70.0956913639072,0.0,0.0,0.0,0.0,0.0,0.0248659,0.007706799999999996,0.4974936757228671,1.3094066629945202e-11,-1.4933959788373925e-15,5.304423567054073e-12,5.304423567054073e-12,9.651278738338264e-12,5.304423567054073e-12,NaN,diag_feasible,0,0,0,0,0,0,17,6.445253448036163e-14,1.12.6,lbt,1,1,Intel(R) Core(TM) 7 150U,NT,2abc7cc
degen-r50-m1-d0.0001-p1,100,SBB-Dual,1e-7*n,1.0e-11,14,15,0.0969733,0.0952219,98.19393585657083,0.0001029,6.06e-5,0.0002463,0.0,0.0,0.0,0.0013416,0.4976779318067299,4.4846904046291017e-13,-1.4957502803346175e-15,1.247890679678676e-13,0.0,4.3454092308750845e-13,1.247890679678676e-13,7.6923076923076925,diag_feasible,0,0,0,0,0,0,14,2.600032341951682e-14,1.12.6,lbt,1,1,Intel(R) Core(TM) 7 150U,NT,2abc7cc
degen-r50-m1-d0.0001-p1,100,Newton-SIN-BH,1e-7*n,9.999999999999999e-6,4,5,0.0380378,0.026778200000000002,70.39891897007715,0.0,1.73e-5,0.0,0.0104165,0.0,0.0,0.0008257999999999946,0.49767793180673386,0.0,-1.4355504154108795e-15,8.881784197001252e-15,8.881784197001252e-15,2.600032341951682e-14,8.881784197001252e-15,NaN,converged,15,15,0,0,0,0,4,2.600032341951682e-14,1.12.6,lbt,1,1,Intel(R) Core(TM) 7 150U,NT,2abc7cc
degen-r50-m1-d0.0001-p1,100,Newton-SIN,1e-7*n,9.999999999999999e-6,4,9,0.034369,0.0258161,75.1144927114551,0.0,1.33e-5,0.0,0.008071,0.0,0.0,0.00046859999999999437,0.49767793180673386,0.0,-1.4355504154108795e-15,8.881784197001252e-15,8.881784197001252e-15,2.600032341951682e-14,8.881784197001252e-15,NaN,converged,15,15,0,0,0,0,4,2.600032341951682e-14,1.12.6,lbt,1,1,Intel(R) Core(TM) 7 150U,NT,2abc7cc
degen-r50-m1-d0.0001-p1,100,AGD-SDAJ-BH,1e-7*n,1.0e-11,6,39,0.1736937,0.1714251,98.69390772376892,0.0,9.88e-5,0.0,0.0,0.0,0.0,0.0021698000000000095,0.49767793181326203,1.0806159666312653e-11,-1.5540733498310868e-15,1.6580070649752088e-12,1.6580070649752088e-12,8.105582506633392e-12,1.6580070649752088e-12,NaN,diag_feasible,0,0,4,4,0,0,6,2.600032341951682e-14,1.12.6,lbt,1,1,Intel(R) Core(TM) 7 150U,NT,2abc7cc
degen-r50-m1-d0.0001-p1,100,AGD-SDAJ,1e-7*n,1.0e-11,5,36,0.1427092,0.1406629,98.56610505839848,0.0,9.63e-5,0.0,0.0,0.0,0.0,0.001950000000000001,0.4976779318078857,1.996483211468195e-12,-1.3656685524104442e-15,3.3495428652940973e-13,3.3495428652940973e-13,1.5105573217865686e-12,3.3495428652940973e-13,NaN,diag_feasible,0,0,5,4,1,0,5,2.600032341951682e-14,1.12.6,lbt,1,1,Intel(R) Core(TM) 7 150U,NT,2abc7cc
degen-r50-m1-d0.0001-p1,100,Dykstra-APM,1e-7*n,9.999999999999999e-6,37,37,0.1809497,0.1673783,92.49990466964026,0.0,0.0,0.0,0.0,0.0062594,0.0,0.0073119999999999834,0.49767793180043846,9.235694820941239e-12,-1.7285382665356943e-15,1.546096584092993e-12,1.546096584092993e-12,6.467642390601263e-12,1.546096584092993e-12,NaN,diag_feasible,0,0,0,0,0,0,37,2.600032341951682e-14,1.12.6,lbt,1,1,Intel(R) Core(TM) 7 150U,NT,2abc7cc
degen-r50-m1-d0.0001-p1,100,Anderson-APM,1e-7*n,9.999999999999999e-6,17,17,0.1097098,0.0768087,70.0107921079065,0.0,0.0,0.0,0.0,0.0,0.0287818,0.004119300000000003,0.497677931800861,1.147802268431731e-11,-1.5338960683544157e-15,4.817923837663329e-12,4.817923837663329e-12,8.384473323679263e-12,4.817923837663329e-12,NaN,diag_feasible,0,0,0,0,0,0,17,2.600032341951682e-14,1.12.6,lbt,1,1,Intel(R) Core(TM) 7 150U,NT,2abc7cc
degen-r50-m1-d0.0001-p2,100,SBB-Dual,1e-7*n,1.0e-11,14,15,0.097275,0.0960898,98.78159856078129,8.67e-5,4.23e-5,0.0002287,0.0,0.0,0.0,0.0008274999999999972,0.4970415228270588,1.1458258172121143e-12,-1.6967248992972977e-15,4.0545344859310717e-13,0.0,1.20279305949185e-12,4.0545344859310717e-13,7.6923076923076925,diag_feasible,0,0,0,0,0,0,14,2.052291630421466e-14,1.12.6,lbt,1,1,Intel(R) Core(TM) 7 150U,NT,2abc7cc
degen-r50-m1-d0.0001-p2,100,Newton-SIN-BH,1e-7*n,9.999999999999999e-6,4,5,0.0311353,0.0207625,66.68475974215761,0.0,1.78e-5,0.0,0.0094657,0.0,0.0,0.0008893000000000009,0.4970415228270602,0.0,-1.8519415455739945e-15,6.8833827526759706e-15,6.8833827526759706e-15,2.052291630421466e-14,6.8833827526759706e-15,NaN,converged,15,15,0,0,0,0,4,2.052291630421466e-14,1.12.6,lbt,1,1,Intel(R) Core(TM) 7 150U,NT,2abc7cc
degen-r50-m1-d0.0001-p2,100,Newton-SIN,1e-7*n,9.999999999999999e-6,4,9,0.0486161,0.0379395,78.0389624013444,0.0,1.97e-5,0.0,0.0100287,0.0,0.0,0.0006282000000000024,0.4970415228270602,0.0,-1.8519415455739945e-15,6.8833827526759706e-15,6.8833827526759706e-15,2.052291630421466e-14,6.8833827526759706e-15,NaN,converged,15,15,0,0,0,0,4,2.052291630421466e-14,1.12.6,lbt,1,1,Intel(R) Core(TM) 7 150U,NT,2abc7cc
degen-r50-m1-d0.0001-p2,100,AGD-SDAJ-BH,1e-7*n,1.0e-11,5,27,0.122992,0.1207724,98.1953297775465,0.0,6.27e-5,0.0,0.0,0.0,0.0,0.002156900000000002,0.49704152282381747,6.6454421889200474e-12,-1.476214500142419e-15,2.653433028854124e-12,2.653433028854124e-12,5.4799644689279036e-12,2.653433028854124e-12,NaN,diag_feasible_at_xpre,0,0,0,0,0,0,5,2.052291630421466e-14,1.12.6,lbt,1,1,Intel(R) Core(TM) 7 150U,NT,2abc7cc
degen-r50-m1-d0.0001-p2,100,AGD-SDAJ,1e-7*n,1.0e-11,5,44,0.2525977,0.2500578,98.99448807332767,0.0,0.0001106,0.0,0.0,0.0,0.0,0.0024292999999999836,0.49704152282153186,1.0656016672742394e-11,-1.5564821233269929e-15,3.5924596630820815e-12,3.5924596630820815e-12,8.2970768295605e-12,3.5924596630820815e-12,NaN,diag_feasible_at_xpre,0,0,17,0,17,0,5,2.052291630421466e-14,1.12.6,lbt,1,1,Intel(R) Core(TM) 7 150U,NT,2abc7cc
degen-r50-m1-d0.0001-p2,100,Dykstra-APM,1e-7*n,9.999999999999999e-6,37,37,0.1838102,0.1666151,90.64518726381887,0.0,0.0,0.0,0.0,0.0080974,0.0,0.00909770000000002,0.4970415228197461,1.0708805311912462e-11,-1.3751794481999552e-15,1.439071084519128e-12,1.439071084519128e-12,7.48690158251511e-12,1.439071084519128e-12,NaN,diag_feasible,0,0,0,0,0,0,37,2.052291630421466e-14,1.12.6,lbt,1,1,Intel(R) Core(TM) 7 150U,NT,2abc7cc
degen-r50-m1-d0.0001-p2,100,Anderson-APM,1e-7*n,9.999999999999999e-6,17,17,0.1023569,0.0712974,69.65568515654537,0.0,0.0,0.0,0.0,0.0,0.0265411,0.004518400000000002,0.497041522824267,5.897252268022991e-12,-1.3427813584930446e-15,2.3421264927492302e-12,2.3421264927492302e-12,4.391973458627663e-12,2.3421264927492302e-12,NaN,diag_feasible,0,0,0,0,0,0,17,2.052291630421466e-14,1.12.6,lbt,1,1,Intel(R) Core(TM) 7 150U,NT,2abc7cc
degen-r50-m1-d0.0001-p3,100,SBB-Dual,1e-7*n,1.0e-11,14,15,0.1710575,0.1662428,97.18533241746195,0.0001067,6.37e-5,0.0034614,0.0,0.0,0.0,0.001182900000000005,0.49718200624372244,3.141930588375963e-12,-1.7297882499749142e-15,6.792344464656708e-13,0.0,3.2827734857029705e-12,6.792344464656708e-13,7.6923076923076925,diag_feasible,0,0,0,0,0,0,14,1.925300869454868e-14,1.12.6,lbt,1,1,Intel(R) Core(TM) 7 150U,NT,2abc7cc
degen-r50-m1-d0.0001-p3,100,Newton-SIN-BH,1e-7*n,9.999999999999999e-6,4,5,0.0311208,0.0210906,67.77010873756458,0.0,1.63e-5,0.0,0.0092707,0.0,0.0,0.0007431999999999994,0.49718200624372555,0.0,-1.6226972660033431e-15,5.995204332975845e-15,5.995204332975845e-15,1.925300869454868e-14,5.995204332975845e-15,NaN,converged,15,15,0,0,0,0,4,1.925300869454868e-14,1.12.6,lbt,1,1,Intel(R) Core(TM) 7 150U,NT,2abc7cc
degen-r50-m1-d0.0001-p3,100,Newton-SIN,1e-7*n,9.999999999999999e-6,4,9,0.0468923,0.0370048,78.91444864082163,0.0,1.68e-5,0.0,0.0093341,0.0,0.0,0.0005365999999999999,0.49718200624372555,0.0,-1.6226972660033431e-15,5.995204332975845e-15,5.995204332975845e-15,1.925300869454868e-14,5.995204332975845e-15,NaN,converged,15,15,0,0,0,0,4,1.925300869454868e-14,1.12.6,lbt,1,1,Intel(R) Core(TM) 7 150U,NT,2abc7cc
degen-r50-m1-d0.0001-p3,100,AGD-SDAJ-BH,1e-7*n,1.0e-11,6,37,0.1649472,0.162813,98.70613141659878,0.0,8.88e-5,0.0,0.0,0.0,0.0,0.002045399999999975,0.4971820062458256,3.6028972327622588e-12,-1.5943187748049883e-15,1.244671032907263e-12,1.244671032907263e-12,2.7663030768567545e-12,1.244671032907263e-12,NaN,diag_feasible,0,0,2,2,0,0,6,1.925300869454868e-14,1.12.6,lbt,1,1,Intel(R) Core(TM) 7 150U,NT,2abc7cc
degen-r50-m1-d0.0001-p3,100,AGD-SDAJ,1e-7*n,1.0e-11,6,37,0.0850722,0.0836224,98.29580050827414,0.0,6.67e-5,0.0,0.0,0.0,0.0,0.001383100000000001,0.4971820062458256,3.6028972327622588e-12,-1.5943187748049883e-15,1.244671032907263e-12,1.244671032907263e-12,2.7663030768567545e-12,1.244671032907263e-12,NaN,diag_feasible,0,0,2,2,0,0,6,1.925300869454868e-14,1.12.6,lbt,1,1,Intel(R) Core(TM) 7 150U,NT,2abc7cc
degen-r50-m1-d0.0001-p3,100,Dykstra-APM,1e-7*n,9.999999999999999e-6,37,37,0.133566,0.1240989,92.9120434841202,0.0,0.0,0.0,0.0,0.0050568,0.0,0.004410299999999992,0.49718200623662734,1.0408536077353069e-11,-1.5605935885307209e-15,1.524558257415265e-12,1.524558257415265e-12,7.27852180193026e-12,1.524558257415265e-12,NaN,diag_feasible,0,0,0,0,0,0,37,1.925300869454868e-14,1.12.6,lbt,1,1,Intel(R) Core(TM) 7 150U,NT,2abc7cc
degen-r50-m1-d0.0001-p3,100,Anderson-APM,1e-7*n,9.999999999999999e-6,17,17,0.1201448,0.0844283,70.27212163988786,0.0,0.0,0.0,0.0,0.0,0.0291504,0.006566099999999998,0.4971820062387513,9.969223751804839e-12,-1.702440549879198e-15,3.029798634202052e-12,3.029798634202052e-12,7.387712684063681e-12,3.029798634202052e-12,NaN,diag_feasible,0,0,0,0,0,0,17,1.925300869454868e-14,1.12.6,lbt,1,1,Intel(R) Core(TM) 7 150U,NT,2abc7cc
degen-r50-m1-d0.0001-p4,100,SBB-Dual,1e-7*n,1.0e-11,14,15,0.0717997,0.07045219999999999,98.12325121135603,0.0001022,5.03e-5,0.0002346,0.0,0.0,0.0,0.0009604000000000014,0.49680032523625484,3.3347030981456405e-12,-1.5864041985903984e-15,1.0120793092482927e-12,0.0,3.3675371603635104e-12,1.0120793092482927e-12,7.6923076923076925,diag_feasible,0,0,0,0,0,0,14,3.579862453204684e-14,1.12.6,lbt,1,1,Intel(R) Core(TM) 7 150U,NT,2abc7cc
degen-r50-m1-d0.0001-p4,100,Newton-SIN-BH,1e-7*n,9.999999999999999e-6,4,5,0.0323927,0.0216844,66.94224315972426,0.0,1.58e-5,0.0,0.0099311,0.0,0.0,0.0007614000000000041,0.49680032523625917,0.0,-1.4133554588433451e-15,1.2434497875801753e-14,1.2434497875801753e-14,3.579862453204684e-14,1.2434497875801753e-14,NaN,converged,15,15,0,0,0,0,4,3.579862453204684e-14,1.12.6,lbt,1,1,Intel(R) Core(TM) 7 150U,NT,2abc7cc
degen-r50-m1-d0.0001-p4,100,Newton-SIN,1e-7*n,9.999999999999999e-6,4,9,0.1225495,0.1123565,91.68254460442515,0.0,1.67e-5,0.0,0.0096282,0.0,0.0,0.000548100000000008,0.49680032523625917,0.0,-1.4133554588433451e-15,1.2434497875801753e-14,1.2434497875801753e-14,3.579862453204684e-14,1.2434497875801753e-14,NaN,converged,15,15,0,0,0,0,4,3.579862453204684e-14,1.12.6,lbt,1,1,Intel(R) Core(TM) 7 150U,NT,2abc7cc
degen-r50-m1-d0.0001-p4,100,AGD-SDAJ-BH,1e-7*n,1.0e-11,6,41,0.1888033,0.18593980000000002,98.48334218734524,0.0,0.0001961,0.0,0.0,0.0,0.0,0.0026673999999999912,0.4968003252379703,2.9622604621186825e-12,-1.7933505559290578e-15,1.0212941603526815e-12,1.0212941603526815e-12,2.2488391150073515e-12,1.0212941603526815e-12,NaN,diag_feasible,0,0,4,4,0,0,6,3.579862453204684e-14,1.12.6,lbt,1,1,Intel(R) Core(TM) 7 150U,NT,2abc7cc
degen-r50-m1-d0.0001-p4,100,AGD-SDAJ,1e-7*n,1.0e-11,6,45,0.2110406,0.20838320000000002,98.74081100982467,0.0,0.0001208,0.0,0.0,0.0,0.0,0.0025365999999999765,0.49680032523791967,2.9615795464674078e-12,-1.6995624649876962e-15,1.067923527386938e-12,1.067923527386938e-12,2.2756586690100557e-12,1.067923527386938e-12,NaN,diag_feasible,0,0,8,4,4,0,6,3.579862453204684e-14,1.12.6,lbt,1,1,Intel(R) Core(TM) 7 150U,NT,2abc7cc
degen-r50-m1-d0.0001-p4,100,Dykstra-APM,1e-7*n,9.999999999999999e-6,37,37,0.1758287,0.1620385,92.15702555953607,0.0,0.0,0.0,0.0,0.0066379,0.0,0.007152300000000002,0.4968003252281789,1.184822414614786e-11,-1.8025031934084737e-15,1.5152323840084136e-12,1.5152323840084136e-12,8.27448993828974e-12,1.5152323840084136e-12,NaN,diag_feasible,0,0,0,0,0,0,37,3.579862453204684e-14,1.12.6,lbt,1,1,Intel(R) Core(TM) 7 150U,NT,2abc7cc
degen-r50-m1-d0.0001-p4,100,Anderson-APM,1e-7*n,9.999999999999999e-6,17,17,0.1016912,0.0717071,70.51455779851158,0.0,0.0,0.0,0.0,0.0,0.0259917,0.0039924,0.49680032523280776,6.636642624386687e-12,-1.7019631553626137e-15,1.921796055626146e-12,1.921796055626146e-12,4.882289250964937e-12,1.921796055626146e-12,NaN,diag_feasible,0,0,0,0,0,0,17,3.579862453204684e-14,1.12.6,lbt,1,1,Intel(R) Core(TM) 7 150U,NT,2abc7cc
degen-r50-m1-d1e-06-p0,100,SBB-Dual,1e-7*n,1.0e-11,13,14,0.0637854,0.0625681,98.09156954412764,8.09e-5,3.52e-5,0.0002334,0.0,0.0,0.0,0.0008678000000000044,0.4975029728798488,4.49714806495286e-12,-1.6553145255916548e-15,1.290523243824282e-12,0.0,4.657659486427795e-12,1.290523243824282e-12,8.333333333333334,diag_feasible,0,0,0,0,0,0,13,6.522586253564168e-14,1.12.6,lbt,1,1,Intel(R) Core(TM) 7 150U,NT,2abc7cc
degen-r50-m1-d1e-06-p0,100,Newton-SIN-BH,1e-7*n,9.999999999999999e-6,4,5,0.0305521,0.0214868,70.32838986518112,0.0,1.6e-5,0.0,0.0083128,0.0,0.0,0.0007364999999999976,0.49750297287985074,5.488439828874517e-13,-1.5246874476589904e-15,4.241051954068098e-14,4.241051954068098e-14,1.4084569512589326e-13,4.241051954068098e-14,NaN,converged,14,14,0,0,0,0,4,6.522586253564168e-14,1.12.6,lbt,1,1,Intel(R) Core(TM) 7 150U,NT,2abc7cc
degen-r50-m1-d1e-06-p0,100,Newton-SIN,1e-7*n,9.999999999999999e-6,5,12,0.0620114,0.0478005,77.0834072444744,0.0,2.2e-5,0.0,0.0135403,0.0,0.0,0.0006485999999999992,0.4975029728798524,2.9746374687404586e-13,-1.4648383319315002e-15,9.658940314238862e-15,9.658940314238862e-15,3.2852285337661686e-14,9.658940314238862e-15,NaN,converged,22,22,1,0,0,0,5,6.522586253564168e-14,1.12.6,lbt,1,1,Intel(R) Core(TM) 7 150U,NT,2abc7cc
degen-r50-m1-d1e-06-p0,100,AGD-SDAJ-BH,1e-7*n,1.0e-11,6,43,0.1610151,0.15887959999999998,98.67372687406335,0.0,9.55e-5,0.0,0.0,0.0,0.0,0.0020400000000000123,0.49750297288200307,5.165414137793244e-12,-1.495367646476791e-15,2.3634427748220332e-12,2.3634427748220332e-12,4.3053078142784184e-12,2.3634427748220332e-12,NaN,diag_feasible,0,0,8,8,0,0,6,6.522586253564168e-14,1.12.6,lbt,1,1,Intel(R) Core(TM) 7 150U,NT,2abc7cc
degen-r50-m1-d1e-06-p0,100,AGD-SDAJ,1e-7*n,1.0e-11,6,43,0.2013739,0.198683,98.66372951013017,0.0,0.0001081,0.0,0.0,0.0,0.0,0.002582799999999996,0.49750297288199724,5.150201986420076e-12,-1.4909656390191925e-15,2.3563373474644322e-12,2.3563373474644322e-12,4.3076626787353075e-12,2.3563373474644322e-12,NaN,diag_feasible_at_xpre,0,0,10,8,2,0,6,6.522586253564168e-14,1.12.6,lbt,1,1,Intel(R) Core(TM) 7 150U,NT,2abc7cc
degen-r50-m1-d1e-06-p0,100,Dykstra-APM,1e-7*n,9.999999999999999e-6,37,37,0.1746261,0.1607511,92.05445234131669,0.0,0.0,0.0,0.0,0.0065945,0.0,0.007280499999999999,0.4975029728732541,9.817645816505602e-12,-1.4839929083206383e-15,1.8030021919912542e-12,1.8030021919912542e-12,6.856864405834132e-12,1.8030021919912542e-12,NaN,diag_feasible,0,0,0,0,0,0,37,6.522586253564168e-14,1.12.6,lbt,1,1,Intel(R) Core(TM) 7 150U,NT,2abc7cc
degen-r50-m1-d1e-06-p0,100,Anderson-APM,1e-7*n,9.999999999999999e-6,17,17,0.1023681,0.0707186,69.08265367824548,0.0,0.0,0.0,0.0,0.0,0.0274039,0.004245599999999999,0.49750297287629947,6.17343636469952e-12,-1.5438603940563237e-15,1.8565149417781868e-12,1.8565149417781868e-12,4.407981082436633e-12,1.8565149417781868e-12,NaN,diag_feasible,0,0,0,0,0,0,17,6.522586253564168e-14,1.12.6,lbt,1,1,Intel(R) Core(TM) 7 150U,NT,2abc7cc
degen-r50-m1-d1e-06-p1,100,SBB-Dual,1e-7*n,1.0e-11,14,15,0.073644,0.07210040000000001,97.90397045244693,0.0001106,5.63e-5,0.0003083,0.0,0.0,0.0,0.0010683999999999921,0.4976872539929174,5.654690803845498e-13,-1.6538094268734502e-15,1.9018120411828932e-13,0.0,5.425726143572867e-13,1.9018120411828932e-13,15.384615384615385,diag_feasible,0,0,0,0,0,0,14,7.67147239581922e-14,1.12.6,lbt,1,1,Intel(R) Core(TM) 7 150U,NT,2abc7cc
degen-r50-m1-d1e-06-p1,100,Newton-SIN-BH,1e-7*n,9.999999999999999e-6,4,5,0.0314925,0.022109200000000002,70.20465190124634,0.0,1.61e-5,0.0,0.0086364,0.0,0.0,0.0007307999999999967,0.49768725399291824,0.0,-1.5488526354284322e-15,2.375877272697835e-14,2.375877272697835e-14,7.67147239581922e-14,2.375877272697835e-14,NaN,converged,14,14,0,0,0,0,4,7.67147239581922e-14,1.12.6,lbt,1,1,Intel(R) Core(TM) 7 150U,NT,2abc7cc
degen-r50-m1-d1e-06-p1,100,Newton-SIN,1e-7*n,9.999999999999999e-6,4,9,0.0460812,0.0368085,79.87747714903257,0.0,1.8e-5,0.0,0.0087045,0.0,0.0,0.0005502000000000007,0.49768725399291824,0.0,-1.5488526354284322e-15,2.375877272697835e-14,2.375877272697835e-14,7.67147239581922e-14,2.375877272697835e-14,NaN,converged,14,14,0,0,0,0,4,7.67147239581922e-14,1.12.6,lbt,1,1,Intel(R) Core(TM) 7 150U,NT,2abc7cc
degen-r50-m1-d1e-06-p1,100,AGD-SDAJ-BH,1e-7*n,1.0e-11,6,45,0.2333888,0.2305465,98.78216092631693,0.0,0.000145,0.0,0.0,0.0,0.0,0.0026973000000000196,0.49768725399407393,1.967492159886082e-12,-1.49223311455353e-15,3.703704010149522e-13,3.703704010149522e-13,1.4655450876077727e-12,3.703704010149522e-13,NaN,diag_feasible,0,0,8,8,0,0,6,7.67147239581922e-14,1.12.6,lbt,1,1,Intel(R) Core(TM) 7 150U,NT,2abc7cc
degen-r50-m1-d1e-06-p1,100,AGD-SDAJ,1e-7*n,1.0e-11,133,4015,19.6923602,19.319341100000003,98.10576743360606,0.0,0.0568536,0.0,0.0,0.0,0.0,0.31616549999999694,0.4976872543812441,6.572793752412795e-10,-1.610848625014597e-15,1.169200292139294e-10,1.169200292139294e-10,4.982415737026428e-10,1.169200292139294e-10,NaN,evd_budget,0,0,3345,8,3337,0,133,7.67147239581922e-14,1.12.6,lbt,1,1,Intel(R) Core(TM) 7 150U,NT,2abc7cc
degen-r50-m1-d1e-06-p1,100,Dykstra-APM,1e-7*n,9.999999999999999e-6,37,37,0.175571,0.1614596,91.96256785004358,0.0,0.0,0.0,0.0,0.0060259,0.0,0.008085499999999995,0.4976872539873118,8.227537098630007e-12,-1.5934127431570867e-15,1.3795631303992195e-12,1.3795631303992195e-12,5.763210850618707e-12,1.3795631303992195e-12,NaN,diag_feasible,0,0,0,0,0,0,37,7.67147239581922e-14,1.12.6,lbt,1,1,Intel(R) Core(TM) 7 150U,NT,2abc7cc
degen-r50-m1-d1e-06-p1,100,Anderson-APM,1e-7*n,9.999999999999999e-6,16,16,0.1004193,0.0715818,71.28291075520343,0.0,0.0,0.0,0.0,0.0,0.0248006,0.004036900000000003,0.49768725398844654,8.724877891891405e-12,-1.4583228396642703e-15,2.3292479056635784e-12,2.3292479056635784e-12,6.4768674659186314e-12,2.3292479056635784e-12,NaN,diag_feasible,0,0,0,0,0,0,16,7.67147239581922e-14,1.12.6,lbt,1,1,Intel(R) Core(TM) 7 150U,NT,2abc7cc
degen-r50-m1-d1e-06-p2,100,SBB-Dual,1e-7*n,1.0e-11,12,13,0.0651117,0.0626549,96.2267918054666,7.57e-5,3.47e-5,0.0005502,0.0,0.0,0.0,0.001796199999999995,0.49705085400706417,3.8305986455553755e-12,-1.778453490510211e-15,1.619926415230566e-12,0.0,4.182612513518212e-12,1.619926415230566e-12,9.090909090909092,diag_feasible,0,0,0,0,0,0,12,3.142696061245355e-14,1.12.6,lbt,1,1,Intel(R) Core(TM) 7 150U,NT,2abc7cc
degen-r50-m1-d1e-06-p2,100,Newton-SIN-BH,1e-7*n,9.999999999999999e-6,4,5,0.0312526,0.020838500000000003,66.67765241931873,0.0,1.72e-5,0.0,0.0096195,0.0,0.0,0.0007773999999999958,0.4970508540070636,0.0,-1.2121792152834823e-15,9.992007221626409e-15,9.992007221626409e-15,3.142696061245355e-14,9.992007221626409e-15,NaN,converged,14,14,0,0,0,0,4,3.142696061245355e-14,1.12.6,lbt,1,1,Intel(R) Core(TM) 7 150U,NT,2abc7cc
degen-r50-m1-d1e-06-p2,100,Newton-SIN,1e-7*n,9.999999999999999e-6,4,9,0.0465076,0.037228899999999995,80.04906724922377,0.0,1.87e-5,0.0,0.0086302,0.0,0.0,0.0006298000000000085,0.4970508540070636,0.0,-1.2121792152834823e-15,9.992007221626409e-15,9.992007221626409e-15,3.142696061245355e-14,9.992007221626409e-15,NaN,converged,14,14,0,0,0,0,4,3.142696061245355e-14,1.12.6,lbt,1,1,Intel(R) Core(TM) 7 150U,NT,2abc7cc
degen-r50-m1-d1e-06-p2,100,AGD-SDAJ-BH,1e-7*n,1.0e-11,5,40,0.1808243,0.1784517,98.68789758898555,0.0,0.000103,0.0,0.0,0.0,0.0,0.0022696000000000027,0.49705085400387805,5.286642389806461e-12,-1.486510743446055e-15,1.1757261830780408e-12,1.1757261830780408e-12,3.986223242305546e-12,1.1757261830780408e-12,NaN,diag_feasible,0,0,9,9,0,0,5,3.142696061245355e-14,1.12.6,lbt,1,1,Intel(R) Core(TM) 7 150U,NT,2abc7cc
degen-r50-m1-d1e-06-p2,100,AGD-SDAJ,1e-7*n,1.0e-11,5,41,0.1980838,0.1950495,98.46817357098358,0.0,0.0001599,0.0,0.0,0.0,0.0,0.0028744000000000174,0.4970508540038873,5.274028994149812e-12,-1.6055557752441877e-15,1.1737277816337155e-12,1.1737277816337155e-12,3.977505981531883e-12,1.1737277816337155e-12,NaN,diag_feasible,0,0,10,9,1,0,5,3.142696061245355e-14,1.12.6,lbt,1,1,Intel(R) Core(TM) 7 150U,NT,2abc7cc
degen-r50-m1-d1e-06-p2,100,Dykstra-APM,1e-7*n,9.999999999999999e-6,37,37,0.1894342,0.1750192,92.39049759758271,0.0,0.0,0.0,0.0,0.0064236,0.0,0.007991399999999984,0.49705085400058613,9.48354125712295e-12,-1.7279225292000876e-15,1.2776446567386301e-12,1.2776446567386301e-12,6.631704697155918e-12,1.2776446567386301e-12,NaN,diag_feasible,0,0,0,0,0,0,37,3.142696061245355e-14,1.12.6,lbt,1,1,Intel(R) Core(TM) 7 150U,NT,2abc7cc
degen-r50-m1-d1e-06-p2,100,Anderson-APM,1e-7*n,9.999999999999999e-6,16,16,0.0962927,0.0671126,69.69645674074981,0.0,0.0,0.0,0.0,0.0,0.0242896,0.004890499999999999,0.49705085400414756,5.777147033670957e-12,-1.471346597941906e-15,2.2786217357406713e-12,2.2786217357406713e-12,4.3059716907294155e-12,2.2786217357406713e-12,NaN,diag_feasible,0,0,0,0,0,0,16,3.142696061245355e-14,1.12.6,lbt,1,1,Intel(R) Core(TM) 7 150U,NT,2abc7cc
degen-r50-m1-d1e-06-p3,100,SBB-Dual,1e-7*n,1.0e-11,14,15,0.0665966,0.0654397,98.26282422826391,7.54e-5,3.64e-5,0.0002329,0.0,0.0,0.0,0.0008122000000000024,0.4971912674853344,1.278385822404493e-12,-1.8141044638609046e-15,8.578693311278585e-13,0.0,1.4630880396780894e-12,8.578693311278585e-13,7.6923076923076925,diag_feasible,0,0,0,0,0,0,14,4.731334965880131e-14,1.12.6,lbt,1,1,Intel(R) Core(TM) 7 150U,NT,2abc7cc
degen-r50-m1-d1e-06-p3,100,Newton-SIN-BH,1e-7*n,9.999999999999999e-6,4,5,0.0317754,0.0222254,69.94530359963997,0.0,1.99e-5,0.0,0.0087131,0.0,0.0,0.0008170000000000035,0.4971912674853358,0.0,-1.5272091514863656e-15,1.5765166949677223e-14,1.5765166949677223e-14,4.731334965880131e-14,1.5765166949677223e-14,NaN,converged,14,14,0,0,0,0,4,4.731334965880131e-14,1.12.6,lbt,1,1,Intel(R) Core(TM) 7 150U,NT,2abc7cc
degen-r50-m1-d1e-06-p3,100,Newton-SIN,1e-7*n,9.999999999999999e-6,4,9,0.0446551,0.0361612,80.9788803518523,0.0,1.55e-5,0.0,0.007983,0.0,0.0,0.0004954000000000052,0.4971912674853358,0.0,-1.5272091514863656e-15,1.5765166949677223e-14,1.5765166949677223e-14,4.731334965880131e-14,1.5765166949677223e-14,NaN,converged,14,14,0,0,0,0,4,4.731334965880131e-14,1.12.6,lbt,1,1,Intel(R) Core(TM) 7 150U,NT,2abc7cc
degen-r50-m1-d1e-06-p3,100,AGD-SDAJ-BH,1e-7*n,1.0e-11,7,48,0.2562112,0.25322500000000003,98.83447718132544,0.0,0.0001273,0.0,0.0,0.0,0.0,0.002858899999999939,0.49719126748876213,6.043460255005495e-12,-1.5006888546869926e-15,2.1151969065158482e-12,2.1151969065158482e-12,4.6809213052636166e-12,2.1151969065158482e-12,NaN,diag_feasible,0,0,5,5,0,0,7,4.731334965880131e-14,1.12.6,lbt,1,1,Intel(R) Core(TM) 7 150U,NT,2abc7cc
degen-r50-m1-d1e-06-p3,100,AGD-SDAJ,1e-7*n,1.0e-11,7,52,0.2335427,0.2305393,98.71398249656274,0.0,0.0001324,0.0,0.0,0.0,0.0,0.0028709999999999894,0.497191267489262,6.789757239558729e-12,-1.4570114127736633e-15,2.475353255704249e-12,2.475353255704249e-12,5.219643638698283e-12,2.475353255704249e-12,NaN,diag_feasible,0,0,9,7,2,0,7,4.731334965880131e-14,1.12.6,lbt,1,1,Intel(R) Core(TM) 7 150U,NT,2abc7cc
degen-r50-m1-d1e-06-p3,100,Dykstra-APM,1e-7*n,9.999999999999999e-6,37,37,0.1806431,0.16662,92.23712392003901,0.0,0.0,0.0,0.0,0.0058196,0.0,0.00820350000000001,0.49719126747904585,9.226450995490773e-12,-1.5047151017934506e-15,1.3535839116229909e-12,1.3535839116229909e-12,6.452975232184599e-12,1.3535839116229909e-12,NaN,diag_feasible,0,0,0,0,0,0,37,4.731334965880131e-14,1.12.6,lbt,1,1,Intel(R) Core(TM) 7 150U,NT,2abc7cc
degen-r50-m1-d1e-06-p3,100,Anderson-APM,1e-7*n,9.999999999999999e-6,16,16,0.0997301,0.0721892,72.38456594348145,0.0,0.0,0.0,0.0,0.0,0.023657,0.003883900000000006,0.4971912674797735,9.64570989817579e-12,-1.3276152700042395e-15,2.694067191555405e-12,2.694067191555405e-12,7.049564837377855e-12,2.694067191555405e-12,NaN,diag_feasible,0,0,0,0,0,0,16,4.731334965880131e-14,1.12.6,lbt,1,1,Intel(R) Core(TM) 7 150U,NT,2abc7cc
degen-r50-m1-d1e-06-p4,100,SBB-Dual,1e-7*n,1.0e-11,14,15,0.069183,0.0678322,98.04749721752454,9.35e-5,4.33e-5,0.0002325,0.0,0.0,0.0,0.000981499999999999,0.4968094636501343,4.627497162666722e-12,-1.7867918103322075e-15,8.373302051722931e-13,0.0,4.5785756746199844e-12,8.373302051722931e-13,7.6923076923076925,diag_feasible,0,0,0,0,0,0,14,4.394478150967053e-14,1.12.6,lbt,1,1,Intel(R) Core(TM) 7 150U,NT,2abc7cc
degen-r50-m1-d1e-06-p4,100,Newton-SIN-BH,1e-7*n,9.999999999999999e-6,4,5,0.0297218,0.0205104,69.00793357064512,0.0,1.47e-5,0.0,0.0084798,0.0,0.0,0.0007168999999999995,0.4968094636501383,0.0,-1.6255302504029937e-15,1.199040866595169e-14,1.199040866595169e-14,4.394478150967053e-14,1.199040866595169e-14,NaN,converged,14,14,0,0,0,0,4,4.394478150967053e-14,1.12.6,lbt,1,1,Intel(R) Core(TM) 7 150U,NT,2abc7cc
degen-r50-m1-d1e-06-p4,100,Newton-SIN,1e-7*n,9.999999999999999e-6,4,9,0.0492608,0.0376924,76.51601273223334,0.0,1.86e-5,0.0,0.0100886,0.0,0.0,0.0014611999999999993,0.4968094636501383,0.0,-1.6255302504029937e-15,1.199040866595169e-14,1.199040866595169e-14,4.394478150967053e-14,1.199040866595169e-14,NaN,converged,14,14,0,0,0,0,4,4.394478150967053e-14,1.12.6,lbt,1,1,Intel(R) Core(TM) 7 150U,NT,2abc7cc
degen-r50-m1-d1e-06-p4,100,AGD-SDAJ-BH,1e-7*n,1.0e-11,7,50,0.1157487,0.1138431,98.35367481449038,0.0,8.97e-5,0.0,0.0,0.0,0.0,0.0018158999999999933,0.4968094636522296,3.694838359300083e-12,-1.816506737225544e-15,1.3995471448424723e-12,1.3995471448424723e-12,2.8707832574724595e-12,1.3995471448424723e-12,NaN,diag_feasible_at_xpre,0,0,11,11,0,0,7,4.394478150967053e-14,1.12.6,lbt,1,1,Intel(R) Core(TM) 7 150U,NT,2abc7cc
degen-r50-m1-d1e-06-p4,100,AGD-SDAJ,1e-7*n,1.0e-11,6,42,0.186715,0.18429140000000002,98.70197895187856,0.0,0.0001062,0.0,0.0,0.0,0.0,0.0023173999999999704,0.49680946365237594,4.9814147895413935e-12,-1.4647931222703793e-15,2.935207632503989e-12,2.935207632503989e-12,4.184869052221702e-12,2.935207632503989e-12,NaN,diag_feasible_at_xpre,0,0,9,7,2,0,6,4.394478150967053e-14,1.12.6,lbt,1,1,Intel(R) Core(TM) 7 150U,NT,2abc7cc
degen-r50-m1-d1e-06-p4,100,Dykstra-APM,1e-7*n,9.999999999999999e-6,37,37,0.1387656,0.1281382,92.34147367935572,0.0,0.0,0.0,0.0,0.0053696,0.0,0.005257799999999981,0.4968094636428665,1.0665958115092413e-11,-1.720094269784738e-15,1.3671286325234178e-12,1.3671286325234178e-12,7.446957651507786e-12,1.3671286325234178e-12,NaN,diag_feasible,0,0,0,0,0,0,37,4.394478150967053e-14,1.12.6,lbt,1,1,Intel(R) Core(TM) 7 150U,NT,2abc7cc
degen-r50-m1-d1e-06-p4,100,Anderson-APM,1e-7*n,9.999999999999999e-6,16,16,0.1043418,0.0735569,70.49610031645993,0.0,0.0,0.0,0.0,0.0,0.0266324,0.004152500000000003,0.4968094636445918,1.0569498759166124e-11,-1.6051372145942675e-15,2.3139268279237513e-12,2.3139268279237513e-12,7.892428702933455e-12,2.3139268279237513e-12,NaN,diag_feasible,0,0,0,0,0,0,16,4.394478150967053e-14,1.12.6,lbt,1,1,Intel(R) Core(TM) 7 150U,NT,2abc7cc
degen-r50-m1-d1e-08-p0,100,SBB-Dual,1e-7*n,1.0e-11,13,14,0.0702067,0.0687706,97.95446873304115,0.0001187,6.16e-5,0.0002549,0.0,0.0,0.0,0.0010008999999999958,0.49750306594577687,3.714206743724922e-12,-1.8828284110141704e-15,1.077582467701177e-12,0.0,3.858130318980749e-12,1.077582467701177e-12,8.333333333333334,diag_feasible,0,0,0,0,0,0,13,3.603764100252217e-14,1.12.6,lbt,1,1,Intel(R) Core(TM) 7 150U,NT,2abc7cc
degen-r50-m1-d1e-08-p0,100,Newton-SIN-BH,1e-7*n,9.999999999999999e-6,4,5,0.0308195,0.021318800000000002,69.1730884667175,0.0,1.82e-5,0.0,0.0086756,0.0,0.0,0.0008068999999999975,0.4975030659457749,3.2201455433991013e-13,-1.4844706018905096e-15,4.363176486776865e-14,4.363176486776865e-14,1.2722555203806538e-13,4.363176486776865e-14,NaN,converged,15,15,0,0,0,0,4,3.603764100252217e-14,1.12.6,lbt,1,1,Intel(R) Core(TM) 7 150U,NT,2abc7cc
degen-r50-m1-d1e-08-p0,100,Newton-SIN,1e-7*n,9.999999999999999e-6,5,12,0.0724101,0.056464099999999996,77.97821022205464,0.0,2.49e-5,0.0,0.0152396,0.0,0.0,0.0006815000000000068,0.49750306594578075,2.2771023992470617e-13,-1.6862707030211094e-15,1.0658141036401503e-14,1.0658141036401503e-14,3.373836069561388e-14,1.0658141036401503e-14,NaN,converged,23,23,1,0,0,0,5,3.603764100252217e-14,1.12.6,lbt,1,1,Intel(R) Core(TM) 7 150U,NT,2abc7cc
degen-r50-m1-d1e-08-p0,100,AGD-SDAJ-BH,1e-7*n,1.0e-11,6,50,0.2244851,0.2216086,98.71862319592704,0.0,0.0001205,0.0,0.0,0.0,0.0,0.002756000000000004,0.49750306594899985,5.700555954293299e-12,-1.6956405569867773e-15,1.018407580488656e-12,1.018407580488656e-12,4.2637123463449336e-12,1.018407580488656e-12,NaN,diag_feasible,0,0,13,13,0,0,6,3.603764100252217e-14,1.12.6,lbt,1,1,Intel(R) Core(TM) 7 150U,NT,2abc7cc
degen-r50-m1-d1e-08-p0,100,AGD-SDAJ,1e-7*n,1.0e-11,8,78,0.3705348,0.365983,98.77155937849832,0.0,0.0002077,0.0,0.0,0.0,0.0,0.004344099999999995,0.4975030659481942,4.10759585777049e-12,-1.4976620395182888e-15,1.425082274408851e-12,1.425082274408851e-12,3.110156851289984e-12,1.425082274408851e-12,NaN,diag_feasible,0,0,31,16,15,0,8,3.603764100252217e-14,1.12.6,lbt,1,1,Intel(R) Core(TM) 7 150U,NT,2abc7cc
degen-r50-m1-d1e-08-p0,100,Dykstra-APM,1e-7*n,9.999999999999999e-6,37,37,0.1799366,0.1670357,92.83030800848742,0.0,0.0,0.0,0.0,0.0057661,0.0,0.007134799999999993,0.49750306593987226,8.786832479501542e-12,-1.5342979634622786e-15,1.6231460620019789e-12,1.6231460620019789e-12,6.139255418817699e-12,1.6231460620019789e-12,NaN,diag_feasible,0,0,0,0,0,0,37,3.603764100252217e-14,1.12.6,lbt,1,1,Intel(R) Core(TM) 7 150U,NT,2abc7cc
degen-r50-m1-d1e-08-p0,100,Anderson-APM,1e-7*n,9.999999999999999e-6,17,17,0.1054553,0.0730222,69.24469419744668,0.0,0.0,0.0,0.0,0.0,0.0282092,0.004223900000000006,0.4975030659399403,1.1294471727984688e-11,-1.6322961177580207e-15,4.29012381175653e-12,4.29012381175653e-12,8.143028836285466e-12,4.29012381175653e-12,NaN,diag_feasible,0,0,0,0,0,0,17,3.603764100252217e-14,1.12.6,lbt,1,1,Intel(R) Core(TM) 7 150U,NT,2abc7cc
degen-r50-m1-d1e-08-p1,100,SBB-Dual,1e-7*n,1.0e-11,14,15,0.0667966,0.0652858,97.73820823215554,8.79e-5,3.85e-5,0.0002518,0.0,0.0,0.0,0.001132599999999993,0.4976873473095533,5.257301586047751e-13,-1.9135347296066236e-15,1.9451107391432743e-13,0.0,5.423714580900169e-13,1.9451107391432743e-13,15.384615384615385,diag_feasible,0,0,0,0,0,0,14,4.340673874312386e-14,1.12.6,lbt,1,1,Intel(R) Core(TM) 7 150U,NT,2abc7cc
degen-r50-m1-d1e-08-p1,100,Newton-SIN-BH,1e-7*n,9.999999999999999e-6,4,5,0.0308828,0.020473699999999997,66.29483077959253,0.0,1.66e-5,0.0,0.0094728,0.0,0.0,0.0009197000000000007,0.49768734730955483,0.0,-1.3894074617755895e-15,1.5987211554602254e-14,1.5987211554602254e-14,4.340673874312386e-14,1.5987211554602254e-14,NaN,converged,15,15,0,0,0,0,4,4.340673874312386e-14,1.12.6,lbt,1,1,Intel(R) Core(TM) 7 150U,NT,2abc7cc
degen-r50-m1-d1e-08-p1,100,Newton-SIN,1e-7*n,9.999999999999999e-6,4,9,0.0439687,0.0345742,78.633664402177,0.0,1.61e-5,0.0,0.0084748,0.0,0.0,0.0009036000000000009,0.49768734730955483,0.0,-1.3894074617755895e-15,1.5987211554602254e-14,1.5987211554602254e-14,4.340673874312386e-14,1.5987211554602254e-14,NaN,converged,15,15,0,0,0,0,4,4.340673874312386e-14,1.12.6,lbt,1,1,Intel(R) Core(TM) 7 150U,NT,2abc7cc
degen-r50-m1-d1e-08-p1,100,AGD-SDAJ-BH,1e-7*n,1.0e-11,7,48,0.2103012,0.207436,98.63757315697676,0.0,0.0001109,0.0,0.0,0.0,0.0,0.0027542999999999843,0.49768734731109493,2.5483198008146433e-12,-1.7735367530578608e-15,4.175548795615214e-13,4.175548795615214e-13,1.8996560531605825e-12,4.175548795615214e-13,NaN,diag_feasible,0,0,5,5,0,0,7,4.340673874312386e-14,1.12.6,lbt,1,1,Intel(R) Core(TM) 7 150U,NT,2abc7cc
degen-r50-m1-d1e-08-p1,100,AGD-SDAJ,1e-7*n,1.0e-11,5,39,0.1825749,0.1801027,98.64592558999074,0.0,0.0001004,0.0,0.0,0.0,0.0,0.0023718000000000077,0.497687347316188,1.0936952569530301e-11,-1.6476336927681078e-15,1.7832402221529264e-12,1.7832402221529264e-12,8.160744687163644e-12,1.7832402221529264e-12,NaN,diag_feasible,0,0,8,5,3,0,5,4.340673874312386e-14,1.12.6,lbt,1,1,Intel(R) Core(TM) 7 150U,NT,2abc7cc
degen-r50-m1-d1e-08-p1,100,Dykstra-APM,1e-7*n,9.999999999999999e-6,37,37,0.1830471,0.1680196,91.79036433792176,0.0,0.0,0.0,0.0,0.0072964,0.0,0.007731099999999999,0.4976873473045489,7.347611470179207e-12,-1.2312738535050972e-15,1.2356782264077992e-12,1.2356782264077992e-12,5.145924041513378e-12,1.2356782264077992e-12,NaN,diag_feasible,0,0,0,0,0,0,37,4.340673874312386e-14,1.12.6,lbt,1,1,Intel(R) Core(TM) 7 150U,NT,2abc7cc
degen-r50-m1-d1e-08-p1,100,Anderson-APM,1e-7*n,9.999999999999999e-6,17,17,0.1018551,0.0698693,68.59676147782486,0.0,0.0,0.0,0.0,0.0,0.0275804,0.004405400000000007,0.4976873473067148,5.665338535013029e-12,-1.6684163820578013e-15,2.807754029277021e-12,2.807754029277021e-12,4.129318253731506e-12,2.807754029277021e-12,NaN,diag_feasible,0,0,0,0,0,0,17,4.340673874312386e-14,1.12.6,lbt,1,1,Intel(R) Core(TM) 7 150U,NT,2abc7cc
degen-r50-m1-d1e-08-p2,100,SBB-Dual,1e-7*n,1.0e-11,12,13,0.0577699,0.0567116,98.16807714744185,7.79e-5,3.43e-5,0.0002314,0.0,0.0,0.0,0.000714699999999998,0.4970509474131062,3.854122951085944e-12,-1.824013450545949e-15,2.9362068332261515e-12,0.0,4.51833991895068e-12,2.9362068332261515e-12,9.090909090909092,diag_feasible,0,0,0,0,0,0,12,1.574795691760857e-14,1.12.6,lbt,1,1,Intel(R) Core(TM) 7 150U,NT,2abc7cc
degen-r50-m1-d1e-08-p2,100,Newton-SIN-BH,1e-7*n,9.999999999999999e-6,4,5,0.0160058,0.011301,70.60565544989942,0.0,1.17e-5,0.0,0.0041528,0.0,0.0,0.0005403000000000005,0.4970509474131105,0.0,-1.4802946931808272e-15,4.3298697960381105e-15,4.3298697960381105e-15,1.574795691760857e-14,4.3298697960381105e-15,NaN,converged,15,15,0,0,0,0,4,1.574795691760857e-14,1.12.6,lbt,1,1,Intel(R) Core(TM) 7 150U,NT,2abc7cc
degen-r50-m1-d1e-08-p2,100,Newton-SIN,1e-7*n,9.999999999999999e-6,4,9,0.046109,0.0360334,78.14830076557723,0.0,1.69e-5,0.0,0.0095031,0.0,0.0,0.0005555999999999964,0.4970509474131105,0.0,-1.4802946931808272e-15,4.3298697960381105e-15,4.3298697960381105e-15,1.574795691760857e-14,4.3298697960381105e-15,NaN,converged,15,15,0,0,0,0,4,1.574795691760857e-14,1.12.6,lbt,1,1,Intel(R) Core(TM) 7 150U,NT,2abc7cc
degen-r50-m1-d1e-08-p2,100,AGD-SDAJ-BH,1e-7*n,1.0e-11,6,39,0.1770375,0.17483369999999998,98.75517898750265,0.0,8.66e-5,0.0,0.0,0.0,0.0,0.0021172000000000057,0.4970509474112025,3.28856887961347e-12,-1.5461320129774622e-15,8.413270080609436e-13,8.413270080609436e-13,2.5132455836972644e-12,8.413270080609436e-13,NaN,diag_feasible,0,0,4,4,0,0,6,1.574795691760857e-14,1.12.6,lbt,1,1,Intel(R) Core(TM) 7 150U,NT,2abc7cc
degen-r50-m1-d1e-08-p2,100,AGD-SDAJ,1e-7*n,1.0e-11,5,34,0.151613,0.149337,98.49880946884502,0.0,7.47e-5,0.0,0.0,0.0,0.0,0.0022013000000000002,0.4970509474088309,1.0947980635613532e-11,-1.6547668353933218e-15,3.40394379350073e-12,3.40394379350073e-12,9.030918605222433e-12,3.40394379350073e-12,NaN,diag_feasible_at_xpre,0,0,5,4,1,0,5,1.574795691760857e-14,1.12.6,lbt,1,1,Intel(R) Core(TM) 7 150U,NT,2abc7cc
degen-r50-m1-d1e-08-p2,100,Dykstra-APM,1e-7*n,9.999999999999999e-6,37,37,0.1844946,0.1712799,92.83735133711231,0.0,0.0,0.0,0.0,0.0060143,0.0,0.007200399999999996,0.49705094740736144,8.417831175589553e-12,-1.542244281517935e-15,1.1366463326112353e-12,1.1366463326112353e-12,5.881868147285127e-12,1.1366463326112353e-12,NaN,diag_feasible,0,0,0,0,0,0,37,1.574795691760857e-14,1.12.6,lbt,1,1,Intel(R) Core(TM) 7 150U,NT,2abc7cc
degen-r50-m1-d1e-08-p2,100,Anderson-APM,1e-7*n,9.999999999999999e-6,16,16,0.1663566,0.1193492,71.74299065982353,0.0,0.0,0.0,0.0,0.0,0.0359956,0.011011799999999988,0.49705094741126843,7.928911487467823e-12,-1.6027244477037515e-15,2.141620214501927e-12,2.141620214501927e-12,6.4921667238996086e-12,2.141620214501927e-12,NaN,diag_feasible,0,0,0,0,0,0,16,1.574795691760857e-14,1.12.6,lbt,1,1,Intel(R) Core(TM) 7 150U,NT,2abc7cc
degen-r50-m1-d1e-08-p3,100,SBB-Dual,1e-7*n,1.0e-11,14,15,0.0679388,0.0668311,98.36956201758053,7.63e-5,3.72e-5,0.0002321,0.0,0.0,0.0,0.0007620999999999891,0.49719136019182547,1.4597268788008197e-12,-1.615524197937278e-15,8.675282714420973e-13,0.0,1.6356067062801413e-12,8.675282714420973e-13,7.6923076923076925,diag_feasible,0,0,0,0,0,0,14,1.3431863393229333e-14,1.12.6,lbt,1,1,Intel(R) Core(TM) 7 150U,NT,2abc7cc
degen-r50-m1-d1e-08-p3,100,Newton-SIN-BH,1e-7*n,9.999999999999999e-6,4,5,0.0294864,0.019629300000000002,66.5706902165066,0.0,1.3e-5,0.0,0.0091581,0.0,0.0,0.0006859999999999956,0.497191360191829,0.0,-1.410736780085692e-15,6.8833827526759706e-15,6.8833827526759706e-15,1.3431863393229333e-14,6.8833827526759706e-15,NaN,converged,15,15,0,0,0,0,4,1.3431863393229333e-14,1.12.6,lbt,1,1,Intel(R) Core(TM) 7 150U,NT,2abc7cc
degen-r50-m1-d1e-08-p3,100,Newton-SIN,1e-7*n,9.999999999999999e-6,4,9,0.0472422,0.038152799999999994,80.75999847593889,0.0,1.5e-5,0.0,0.0085312,0.0,0.0,0.0005432000000000058,0.497191360191829,0.0,-1.410736780085692e-15,6.8833827526759706e-15,6.8833827526759706e-15,1.3431863393229333e-14,6.8833827526759706e-15,NaN,converged,15,15,0,0,0,0,4,1.3431863393229333e-14,1.12.6,lbt,1,1,Intel(R) Core(TM) 7 150U,NT,2abc7cc
degen-r50-m1-d1e-08-p3,100,AGD-SDAJ-BH,1e-7*n,1.0e-11,5,33,0.1499607,0.14781609999999998,98.56989197836498,0.0,7.9e-5,0.0,0.0,0.0,0.0,0.002065600000000024,0.4971913601937515,3.3623434522462477e-12,-1.798261290909394e-15,1.390665360645471e-12,1.390665360645471e-12,2.6057913820880036e-12,1.390665360645471e-12,NaN,diag_feasible,0,0,2,2,0,0,5,1.3431863393229333e-14,1.12.6,lbt,1,1,Intel(R) Core(TM) 7 150U,NT,2abc7cc
degen-r50-m1-d1e-08-p3,100,AGD-SDAJ,1e-7*n,1.0e-11,5,39,0.1524429,0.15048889999999998,98.71820858826484,0.0,8.3e-5,0.0,0.0,0.0,0.0,0.0018710000000000113,0.49719136019373944,3.340210208584992e-12,-1.5668213698045252e-15,1.379452108096757e-12,1.379452108096757e-12,2.5879727453256495e-12,1.379452108096757e-12,NaN,diag_feasible,0,0,8,2,6,0,5,1.3431863393229333e-14,1.12.6,lbt,1,1,Intel(R) Core(TM) 7 150U,NT,2abc7cc
degen-r50-m1-d1e-08-p3,100,Dykstra-APM,1e-7*n,9.999999999999999e-6,37,37,0.1814825,0.1672322,92.14783794580745,0.0,0.0,0.0,0.0,0.0067145,0.0,0.0075357999999999935,0.4971913601862424,8.190519761165143e-12,-1.4677214492507155e-15,1.2012613126444194e-12,1.2012613126444194e-12,5.728471101492727e-12,1.2012613126444194e-12,NaN,diag_feasible,0,0,0,0,0,0,37,1.3431863393229333e-14,1.12.6,lbt,1,1,Intel(R) Core(TM) 7 150U,NT,2abc7cc
degen-r50-m1-d1e-08-p3,100,Anderson-APM,1e-7*n,9.999999999999999e-6,17,17,0.1055372,0.0743304,70.43052118115698,0.0,0.0,0.0,0.0,0.0,0.0271094,0.004097399999999994,0.4971913601885572,5.744727069788757e-12,-1.4648671961808402e-15,1.9544366125501256e-12,1.9544366125501256e-12,4.158741161652176e-12,1.9544366125501256e-12,NaN,diag_feasible,0,0,0,0,0,0,17,1.3431863393229333e-14,1.12.6,lbt,1,1,Intel(R) Core(TM) 7 150U,NT,2abc7cc
degen-r50-m1-d1e-08-p4,100,SBB-Dual,1e-7*n,1.0e-11,14,15,0.0729765,0.0714832,97.95372482922585,0.0001113,6.1e-5,0.0002349,0.0,0.0,0.0,0.001086100000000003,0.4968095551282017,2.8315111843636084e-12,-1.6341065498392947e-15,5.243583345304614e-13,0.0,2.8456722794201814e-12,5.243583345304614e-13,7.6923076923076925,diag_feasible,0,0,0,0,0,0,14,1.744675831925558e-14,1.12.6,lbt,1,1,Intel(R) Core(TM) 7 150U,NT,2abc7cc
degen-r50-m1-d1e-08-p4,100,Newton-SIN-BH,1e-7*n,9.999999999999999e-6,4,5,0.0333599,0.021618900000000003,64.80505037485126,0.0,1.6e-5,0.0,0.0109863,0.0,0.0,0.0007386999999999949,0.4968095551282031,0.0,-1.9236564062076853e-15,4.6629367034256575e-15,4.6629367034256575e-15,1.744675831925558e-14,4.6629367034256575e-15,NaN,converged,15,15,0,0,0,0,4,1.744675831925558e-14,1.12.6,lbt,1,1,Intel(R) Core(TM) 7 150U,NT,2abc7cc
degen-r50-m1-d1e-08-p4,100,Newton-SIN,1e-7*n,9.999999999999999e-6,4,9,0.0469421,0.036794499999999994,78.38273106656922,0.0,2.41e-5,0.0,0.0095012,0.0,0.0,0.0006223000000000062,0.4968095551282031,0.0,-1.9236564062076853e-15,4.6629367034256575e-15,4.6629367034256575e-15,1.744675831925558e-14,4.6629367034256575e-15,NaN,converged,15,15,0,0,0,0,4,1.744675831925558e-14,1.12.6,lbt,1,1,Intel(R) Core(TM) 7 150U,NT,2abc7cc
degen-r50-m1-d1e-08-p4,100,AGD-SDAJ-BH,1e-7*n,1.0e-11,7,47,0.232585,0.22485839999999999,96.67794569727197,0.0,0.0001326,0.0,0.0,0.0,0.0,0.007594,0.49680955513000963,3.693531912796661e-12,-1.4341270018539932e-15,1.4833689832016717e-12,1.4833689832016717e-12,3.016631472974688e-12,1.4833689832016717e-12,NaN,diag_feasible_at_xpre,0,0,8,8,0,0,7,1.744675831925558e-14,1.12.6,lbt,1,1,Intel(R) Core(TM) 7 150U,NT,2abc7cc
degen-r50-m1-d1e-08-p4,100,AGD-SDAJ,1e-7*n,1.0e-11,7,51,0.1812691,0.1788391,98.65945161089232,0.0,0.000113,0.0,0.0,0.0,0.0,0.002316999999999988,0.49680955513001457,3.702120177166178e-12,-1.7325553780649596e-15,1.4882539645100223e-12,1.4882539645100223e-12,3.0223599013592084e-12,1.4882539645100223e-12,NaN,diag_feasible,0,0,10,8,2,0,7,1.744675831925558e-14,1.12.6,lbt,1,1,Intel(R) Core(TM) 7 150U,NT,2abc7cc
degen-r50-m1-d1e-08-p4,100,Dykstra-APM,1e-7*n,9.999999999999999e-6,37,37,0.1802607,0.166081,92.13378179492258,0.0,0.0,0.0,0.0,0.0064907,0.0,0.007688999999999989,0.4968095551216569,9.600551818278562e-12,-1.591289518086647e-15,1.2325696019388488e-12,1.2325696019388488e-12,6.706167958721812e-12,1.2325696019388488e-12,NaN,diag_feasible,0,0,0,0,0,0,37,1.744675831925558e-14,1.12.6,lbt,1,1,Intel(R) Core(TM) 7 150U,NT,2abc7cc
degen-r50-m1-d1e-08-p4,100,Anderson-APM,1e-7*n,9.999999999999999e-6,16,16,0.1050551,0.0722094,68.73478774471683,0.0,0.0,0.0,0.0,0.0,0.0289212,0.0039244999999999905,0.4968095551247412,9.716249317346156e-12,-1.7042694254782655e-15,2.2108981312385367e-12,2.2108981312385367e-12,7.673883677554403e-12,2.2108981312385367e-12,NaN,diag_feasible,0,0,0,0,0,0,16,1.744675831925558e-14,1.12.6,lbt,1,1,Intel(R) Core(TM) 7 150U,NT,2abc7cc
degen-r50-m1-d1e-10-p0,100,SBB-Dual,1e-7*n,1.0e-11,13,14,0.0628331,0.0617658,98.30137300244617,7.55e-5,3.37e-5,0.0002315,0.0,0.0,0.0,0.0007266000000000002,0.4975030668764453,2.9272575435361332e-12,-1.7976132701447357e-15,7.314149286230531e-13,0.0,3.0141474972848723e-12,7.314149286230531e-13,8.333333333333334,diag_feasible,0,0,0,0,0,0,13,6.77243325133197e-14,1.12.6,lbt,1,1,Intel(R) Core(TM) 7 150U,NT,2abc7cc
degen-r50-m1-d1e-10-p0,100,Newton-SIN-BH,1e-7*n,9.999999999999999e-6,5,6,0.057963,0.034054,58.75127236340424,0.0,1.91e-5,0.0,0.0230363,0.0,0.0,0.0008535999999999995,0.4975030668764481,0.0,-1.6301541785201087e-15,2.1538326677728037e-14,2.1538326677728037e-14,6.77243325133197e-14,2.1538326677728037e-14,NaN,converged,26,26,0,0,0,0,5,6.77243325133197e-14,1.12.6,lbt,1,1,Intel(R) Core(TM) 7 150U,NT,2abc7cc
degen-r50-m1-d1e-10-p0,100,Newton-SIN,1e-7*n,9.999999999999999e-6,5,11,0.0639699,0.0459531,71.8355038854211,0.0,2.16e-5,0.0,0.0173579,0.0,0.0,0.0006373000000000004,0.4975030668764481,0.0,-1.6301541785201087e-15,2.1538326677728037e-14,2.1538326677728037e-14,6.77243325133197e-14,2.1538326677728037e-14,NaN,converged,26,26,0,0,0,0,5,6.77243325133197e-14,1.12.6,lbt,1,1,Intel(R) Core(TM) 7 150U,NT,2abc7cc
degen-r50-m1-d1e-10-p0,100,AGD-SDAJ-BH,1e-7*n,1.0e-11,6,50,0.2212721,0.21806399999999998,98.55015611999885,0.0,0.0004364,0.0,0.0,0.0,0.0,0.0027717000000000193,0.4975030668797237,5.778308408555396e-12,-1.631944892976897e-15,1.0503820035978606e-12,1.0503820035978606e-12,4.335895507659646e-12,1.0503820035978606e-12,NaN,diag_feasible,0,0,13,13,0,0,6,6.77243325133197e-14,1.12.6,lbt,1,1,Intel(R) Core(TM) 7 150U,NT,2abc7cc
degen-r50-m1-d1e-10-p0,100,AGD-SDAJ,1e-7*n,1.0e-11,6,56,0.251104,0.2472991,98.48473142602269,0.0,0.0001376,0.0,0.0,0.0,0.0,0.0036673,0.4975030668798576,7.282429836525092e-12,-1.4668455849859289e-15,2.447375635483695e-12,2.447375635483695e-12,5.941100309909905e-12,2.447375635483695e-12,NaN,diag_feasible_at_xpre,0,0,23,12,11,0,6,6.77243325133197e-14,1.12.6,lbt,1,1,Intel(R) Core(TM) 7 150U,NT,2abc7cc
degen-r50-m1-d1e-10-p0,100,Dykstra-APM,1e-7*n,9.999999999999999e-6,37,37,0.2051977,0.1889286,92.07149982675243,0.0,0.0,0.0,0.0,0.007482,0.0,0.00878710000000001,0.49750306687115764,7.88307813869773e-12,-1.5414703583538174e-15,1.4774848011711583e-12,1.4774848011711583e-12,5.504495899910944e-12,1.4774848011711583e-12,NaN,diag_feasible,0,0,0,0,0,0,37,6.77243325133197e-14,1.12.6,lbt,1,1,Intel(R) Core(TM) 7 150U,NT,2abc7cc
degen-r50-m1-d1e-10-p0,100,Anderson-APM,1e-7*n,9.999999999999999e-6,17,17,0.1014087,0.0713742,70.38271864248333,0.0,0.0,0.0,0.0,0.0,0.0260346,0.003999900000000004,0.49750306687093854,1.2469803938173324e-11,-1.4993177154166182e-15,4.314770762903208e-12,4.314770762903208e-12,9.226004202348672e-12,4.314770762903208e-12,NaN,diag_feasible,0,0,0,0,0,0,17,6.77243325133197e-14,1.12.6,lbt,1,1,Intel(R) Core(TM) 7 150U,NT,2abc7cc
degen-r50-m1-d1e-10-p1,100,SBB-Dual,1e-7*n,1.0e-11,14,15,0.0663526,0.0652474,98.33435313763138,7.51e-5,3.44e-5,0.0002328,0.0,0.0,0.0,0.0007629000000000006,0.4976873482427288,6.397430740915485e-13,-1.9143196225235e-15,1.8596235662471372e-13,0.0,5.406255499350153e-13,1.8596235662471372e-13,15.384615384615385,diag_feasible,0,0,0,0,0,0,14,2.1549483246487613e-14,1.12.6,lbt,1,1,Intel(R) Core(TM) 7 150U,NT,2abc7cc
degen-r50-m1-d1e-10-p1,100,Newton-SIN-BH,1e-7*n,9.999999999999999e-6,5,6,0.040728,0.0243332,59.7456295423296,0.0,1.84e-5,0.0,0.0155607,0.0,0.0,0.0008157000000000025,0.49768734824273164,0.0,-1.772069506653988e-15,5.329070518200751e-15,5.329070518200751e-15,2.1549483246487613e-14,5.329070518200751e-15,NaN,converged,26,26,0,0,0,0,5,2.1549483246487613e-14,1.12.6,lbt,1,1,Intel(R) Core(TM) 7 150U,NT,2abc7cc
degen-r50-m1-d1e-10-p1,100,Newton-SIN,1e-7*n,9.999999999999999e-6,5,11,0.0614744,0.0459372,74.72573949481409,0.0,2.04e-5,0.0,0.014916,0.0,0.0,0.0006008000000000003,0.49768734824273164,0.0,-1.772069506653988e-15,5.329070518200751e-15,5.329070518200751e-15,2.1549483246487613e-14,5.329070518200751e-15,NaN,converged,26,26,0,0,0,0,5,2.1549483246487613e-14,1.12.6,lbt,1,1,Intel(R) Core(TM) 7 150U,NT,2abc7cc
degen-r50-m1-d1e-10-p1,100,AGD-SDAJ-BH,1e-7*n,1.0e-11,5,36,0.1558559,0.1537261,98.63348131190415,0.0,7.9e-5,0.0,0.0,0.0,0.0,0.002050799999999987,0.4976873482488095,1.002740501505673e-11,-1.5404351446453955e-15,1.6409096303959814e-12,1.6409096303959814e-12,7.481472663587194e-12,1.6409096303959814e-12,NaN,diag_feasible,0,0,5,5,0,0,5,2.1549483246487613e-14,1.12.6,lbt,1,1,Intel(R) Core(TM) 7 150U,NT,2abc7cc
degen-r50-m1-d1e-10-p1,100,AGD-SDAJ,1e-7*n,1.0e-11,5,37,0.1245539,0.1227312,98.53661748046429,0.0,8.04e-5,0.0,0.0,0.0,0.0,0.0017422999999999965,0.4976873482489137,1.020429128866657e-11,-1.6251501563457525e-15,1.6661116930549724e-12,1.6661116930549724e-12,7.611120641415611e-12,1.6661116930549724e-12,NaN,diag_feasible,0,0,6,5,1,0,5,2.1549483246487613e-14,1.12.6,lbt,1,1,Intel(R) Core(TM) 7 150U,NT,2abc7cc
degen-r50-m1-d1e-10-p1,100,Dykstra-APM,1e-7*n,9.999999999999999e-6,36,36,0.1710473,0.1572973,91.96128790106596,0.0,0.0,0.0,0.0,0.0059731,0.0,0.007776900000000012,0.4976873482339819,1.2841266569207044e-11,-1.8795444945739533e-15,2.1898038937706588e-12,2.1898038937706588e-12,8.995777587749331e-12,2.1898038937706588e-12,NaN,diag_feasible,0,0,0,0,0,0,36,2.1549483246487613e-14,1.12.6,lbt,1,1,Intel(R) Core(TM) 7 150U,NT,2abc7cc
degen-r50-m1-d1e-10-p1,100,Anderson-APM,1e-7*n,9.999999999999999e-6,17,17,0.1040197,0.0738562,71.00212748162126,0.0,0.0,0.0,0.0,0.0,0.0261719,0.003991600000000008,0.4976873482389469,8.084243206822193e-12,-1.6461193484594786e-15,4.113376306236205e-12,4.113376306236205e-12,5.95607696859015e-12,4.113376306236205e-12,NaN,diag_feasible,0,0,0,0,0,0,17,2.1549483246487613e-14,1.12.6,lbt,1,1,Intel(R) Core(TM) 7 150U,NT,2abc7cc
degen-r50-m1-d1e-10-p2,100,SBB-Dual,1e-7*n,1.0e-11,12,13,0.0567358,0.055681499999999995,98.14173766827997,7.61e-5,3.17e-5,0.0002485,0.0,0.0,0.0,0.0006980000000000081,0.49705094834717595,3.913468733818974e-12,-1.5545960510420257e-15,2.9508617771512036e-12,0.0,4.574134566233994e-12,2.9508617771512036e-12,9.090909090909092,diag_feasible,0,0,0,0,0,0,12,2.2369272070029526e-14,1.12.6,lbt,1,1,Intel(R) Core(TM) 7 150U,NT,2abc7cc
degen-r50-m1-d1e-10-p2,100,Newton-SIN-BH,1e-7*n,9.999999999999999e-6,5,6,0.0422391,0.0256582,60.745138982601425,0.0,1.86e-5,0.0,0.0157438,0.0,0.0,0.0008185000000000033,0.49705094834717456,0.0,-1.5304261618809937e-15,6.439293542825908e-15,6.439293542825908e-15,2.2369272070029526e-14,6.439293542825908e-15,NaN,converged,26,26,0,0,0,0,5,2.2369272070029526e-14,1.12.6,lbt,1,1,Intel(R) Core(TM) 7 150U,NT,2abc7cc
degen-r50-m1-d1e-10-p2,100,Newton-SIN,1e-7*n,9.999999999999999e-6,5,11,0.062792,0.0465675,74.1615173907504,0.0,2.08e-5,0.0,0.0156155,0.0,0.0,0.0005882000000000023,0.49705094834717456,0.0,-1.5304261618809937e-15,6.439293542825908e-15,6.439293542825908e-15,2.2369272070029526e-14,6.439293542825908e-15,NaN,converged,26,26,0,0,0,0,5,2.2369272070029526e-14,1.12.6,lbt,1,1,Intel(R) Core(TM) 7 150U,NT,2abc7cc
degen-r50-m1-d1e-10-p2,100,AGD-SDAJ-BH,1e-7*n,1.0e-11,5,33,0.1474585,0.1454532,98.64009195807634,0.0,8.09e-5,0.0,0.0,0.0,0.0,0.0019243999999999876,0.49705094834491126,8.095326830848342e-12,-1.562617911642018e-15,2.8028690479686702e-12,2.8028690479686702e-12,6.779283783022681e-12,2.8028690479686702e-12,NaN,diag_feasible_at_xpre,0,0,4,4,0,0,5,2.2369272070029526e-14,1.12.6,lbt,1,1,Intel(R) Core(TM) 7 150U,NT,2abc7cc
degen-r50-m1-d1e-10-p2,100,AGD-SDAJ,1e-7*n,1.0e-11,5,37,0.1699097,0.16772150000000002,98.71213944818926,0.0,9.03e-5,0.0,0.0,0.0,0.0,0.0020978999999999733,0.49705094833985386,1.1961864670654043e-11,-1.5731607167258286e-15,3.818279026290838e-12,3.818279026290838e-12,8.925846616040331e-12,3.818279026290838e-12,NaN,diag_feasible,0,0,6,4,2,0,5,2.2369272070029526e-14,1.12.6,lbt,1,1,Intel(R) Core(TM) 7 150U,NT,2abc7cc
degen-r50-m1-d1e-10-p2,100,Dykstra-APM,1e-7*n,9.999999999999999e-6,37,37,0.1818529,0.1684424,92.6256331353528,0.0,0.0,0.0,0.0,0.0059568,0.0,0.00745370000000002,0.49705094834207303,7.466231688892154e-12,-1.5662257102157095e-15,1.0231815394945443e-12,1.0231815394945443e-12,5.222426157056589e-12,1.0231815394945443e-12,NaN,diag_feasible,0,0,0,0,0,0,37,2.2369272070029526e-14,1.12.6,lbt,1,1,Intel(R) Core(TM) 7 150U,NT,2abc7cc
degen-r50-m1-d1e-10-p2,100,Anderson-APM,1e-7*n,9.999999999999999e-6,16,16,0.0940656,0.066291,70.47315915701382,0.0,0.0,0.0,0.0,0.0,0.0238952,0.003879399999999998,0.49705094834473107,8.69506806046303e-12,-1.3389906312716887e-15,2.3658852654762086e-12,2.3658852654762086e-12,7.00869385436459e-12,2.3658852654762086e-12,NaN,diag_feasible,0,0,0,0,0,0,16,2.2369272070029526e-14,1.12.6,lbt,1,1,Intel(R) Core(TM) 7 150U,NT,2abc7cc
degen-r50-m1-d1e-10-p3,100,SBB-Dual,1e-7*n,1.0e-11,14,15,0.0705262,0.0693435,98.323034560206,9.6e-5,4.04e-5,0.0002336,0.0,0.0,0.0,0.000812699999999995,0.4971913611189001,1.4651969207171382e-12,-1.583489167835597e-15,8.637535131583718e-13,0.0,1.6414969519518507e-12,8.637535131583718e-13,7.6923076923076925,diag_feasible,0,0,0,0,0,0,14,1.928754900369478e-14,1.12.6,lbt,1,1,Intel(R) Core(TM) 7 150U,NT,2abc7cc
degen-r50-m1-d1e-10-p3,100,Newton-SIN-BH,1e-7*n,9.999999999999999e-6,5,6,0.0548806,0.0326519,59.4962518631356,0.0,2.28e-5,0.0,0.0206733,0.0,0.0,0.0015326000000000055,0.49719136111890455,0.0,-1.293000754474783e-15,6.8833827526759706e-15,6.8833827526759706e-15,1.928754900369478e-14,6.8833827526759706e-15,NaN,converged,26,26,0,0,0,0,5,1.928754900369478e-14,1.12.6,lbt,1,1,Intel(R) Core(TM) 7 150U,NT,2abc7cc
degen-r50-m1-d1e-10-p3,100,Newton-SIN,1e-7*n,9.999999999999999e-6,6,15,0.0923075,0.0673662,72.98020204208758,0.0,3.9e-5,0.0,0.023963,0.0,0.0,0.0009392999999999971,0.49719136111890333,1.153485282315594e-13,-1.6448921045348066e-15,5.773159728050814e-15,5.773159728050814e-15,2.2062452955749333e-14,5.773159728050814e-15,NaN,converged,34,34,2,0,0,0,6,1.928754900369478e-14,1.12.6,lbt,1,1,Intel(R) Core(TM) 7 150U,NT,2abc7cc
degen-r50-m1-d1e-10-p3,100,AGD-SDAJ-BH,1e-7*n,1.0e-11,6,38,0.1838258,0.1810114,98.46898531109342,0.0,0.000136,0.0,0.0,0.0,0.0,0.0026784000000000226,0.49719136112284956,6.8996726953831966e-12,-1.9889787218097562e-15,3.1474822748123188e-12,3.1474822748123188e-12,5.373581085565053e-12,3.1474822748123188e-12,NaN,diag_feasible,0,0,3,3,0,0,6,1.928754900369478e-14,1.12.6,lbt,1,1,Intel(R) Core(TM) 7 150U,NT,2abc7cc
degen-r50-m1-d1e-10-p3,100,AGD-SDAJ,1e-7*n,1.0e-11,6,46,0.2305711,0.2276994,98.75452734536114,0.0,0.0001157,0.0,0.0,0.0,0.0,0.002756000000000005,0.4971913611228711,6.931192043111411e-12,-1.3728281908822715e-15,3.1599167726881205e-12,3.1599167726881205e-12,5.396733333024941e-12,3.1599167726881205e-12,NaN,diag_feasible_at_xpre,0,0,13,3,10,0,6,1.928754900369478e-14,1.12.6,lbt,1,1,Intel(R) Core(TM) 7 150U,NT,2abc7cc
degen-r50-m1-d1e-10-p3,100,Dykstra-APM,1e-7*n,9.999999999999999e-6,36,36,0.0874862,0.0816594,93.33974958336285,0.0,0.0,0.0,0.0,0.003967,0.0,0.001859800000000007,0.49719136110921913,1.4196532951236168e-11,-1.6483468967269721e-15,2.0901058661593197e-12,2.0901058661593197e-12,9.927717530691303e-12,2.0901058661593197e-12,NaN,diag_feasible,0,0,0,0,0,0,36,1.928754900369478e-14,1.12.6,lbt,1,1,Intel(R) Core(TM) 7 150U,NT,2abc7cc
degen-r50-m1-d1e-10-p3,100,Anderson-APM,1e-7*n,9.999999999999999e-6,17,17,0.1021349,0.0719661,70.46181080120508,0.0,0.0,0.0,0.0,0.0,0.0259595,0.004209299999999996,0.4971913611155391,5.949666422207744e-12,-2.169199132298718e-15,2.085442929455894e-12,2.085442929455894e-12,4.305848637608676e-12,2.085442929455894e-12,NaN,diag_feasible,0,0,0,0,0,0,17,1.928754900369478e-14,1.12.6,lbt,1,1,Intel(R) Core(TM) 7 150U,NT,2abc7cc
degen-r50-m1-d1e-10-p4,100,SBB-Dual,1e-7*n,1.0e-11,14,15,0.0664964,0.0653602,98.29133607232873,8.78e-5,3.65e-5,0.0002323,0.0,0.0,0.0,0.0007796000000000038,0.4968095560429916,1.1213484610811473e-12,-1.6735814742160008e-15,5.893063814710331e-13,0.0,1.2097460862445266e-12,5.893063814710331e-13,7.6923076923076925,diag_feasible,0,0,0,0,0,0,14,1.981522620668547e-14,1.12.6,lbt,1,1,Intel(R) Core(TM) 7 150U,NT,2abc7cc
degen-r50-m1-d1e-10-p4,100,Newton-SIN-BH,1e-7*n,9.999999999999999e-6,5,6,0.0434321,0.025436,58.56497843760721,0.0,1.76e-5,0.0,0.0169811,0.0,0.0,0.0009974000000000025,0.49680955604299193,0.0,-1.5976085378473932e-15,6.106226635438361e-15,6.106226635438361e-15,1.981522620668547e-14,6.106226635438361e-15,NaN,converged,26,26,0,0,0,0,5,1.981522620668547e-14,1.12.6,lbt,1,1,Intel(R) Core(TM) 7 150U,NT,2abc7cc
degen-r50-m1-d1e-10-p4,100,Newton-SIN,1e-7*n,9.999999999999999e-6,5,11,0.0604288,0.044469999999999996,73.5907381910612,0.0,1.93e-5,0.0,0.0153602,0.0,0.0,0.0005793000000000031,0.49680955604299193,0.0,-1.5976085378473932e-15,6.106226635438361e-15,6.106226635438361e-15,1.981522620668547e-14,6.106226635438361e-15,NaN,converged,26,26,0,0,0,0,5,1.981522620668547e-14,1.12.6,lbt,1,1,Intel(R) Core(TM) 7 150U,NT,2abc7cc
degen-r50-m1-d1e-10-p4,100,AGD-SDAJ-BH,1e-7*n,1.0e-11,5,32,0.1399813,0.1378351,98.46679520764559,0.0,9.31e-5,0.0,0.0,0.0,0.0,0.0020531000000000147,0.4968095560453482,4.096134544439986e-12,-1.8202119346797218e-15,9.325873406851315e-13,9.325873406851315e-13,3.1037457285697205e-12,9.325873406851315e-13,NaN,diag_feasible,0,0,1,1,0,0,5,1.981522620668547e-14,1.12.6,lbt,1,1,Intel(R) Core(TM) 7 150U,NT,2abc7cc
degen-r50-m1-d1e-10-p4,100,AGD-SDAJ,1e-7*n,1.0e-11,6,42,0.1789117,0.17641500000000002,98.60450713955544,0.0,0.0001136,0.0,0.0,0.0,0.0,0.0023830999999999904,0.49680955604466864,2.860268037285479e-12,-1.7577806769680397e-15,6.303846333821639e-13,6.303846333821639e-13,2.1549678034632328e-12,6.303846333821639e-13,NaN,diag_feasible,0,0,5,2,3,0,6,1.981522620668547e-14,1.12.6,lbt,1,1,Intel(R) Core(TM) 7 150U,NT,2abc7cc
degen-r50-m1-d1e-10-p4,100,Dykstra-APM,1e-7*n,9.999999999999999e-6,37,37,0.1739053,0.1609105,92.52765729394102,0.0,0.0,0.0,0.0,0.0058838,0.0,0.007111000000000001,0.4968095560370956,8.651093393436999e-12,-1.507664331755378e-15,1.1286527268339341e-12,1.1286527268339341e-12,6.044603787510849e-12,1.1286527268339341e-12,NaN,diag_feasible,0,0,0,0,0,0,37,1.981522620668547e-14,1.12.6,lbt,1,1,Intel(R) Core(TM) 7 150U,NT,2abc7cc
degen-r50-m1-d1e-10-p4,100,Anderson-APM,1e-7*n,9.999999999999999e-6,16,16,0.1047654,0.074362,70.9795409553154,0.0,0.0,0.0,0.0,0.0,0.0265192,0.0038841999999999974,0.49680955603849336,1.1375396648531316e-11,-1.5042911597222025e-15,2.6278978992877455e-12,2.6278978992877455e-12,8.858234330645915e-12,2.6278978992877455e-12,NaN,diag_feasible,0,0,0,0,0,0,16,1.981522620668547e-14,1.12.6,lbt,1,1,Intel(R) Core(TM) 7 150U,NT,2abc7cc
degen-r50-m1-d0-p0,100,SBB-Dual,1e-7*n,1.0e-11,13,14,0.0590929,0.0580559,98.24513604849315,6.54e-5,3.06e-5,0.0002289,0.0,0.0,0.0,0.0007120999999999963,0.49750306688584617,2.7870962640210805e-12,-1.5288881458432645e-15,6.654676809603188e-13,0.0,2.8061365799746453e-12,6.654676809603188e-13,8.333333333333334,diag_feasible,0,0,0,0,0,0,13,4.9048115276053e-14,1.12.6,lbt,1,1,Intel(R) Core(TM) 7 150U,NT,2abc7cc
degen-r50-m1-d0-p0,100,Newton-SIN-BH,1e-7*n,9.999999999999999e-6,4,5,0.0302989,0.0209272,69.0691741284337,0.0,1.5e-5,0.0,0.0086901,0.0,0.0,0.0006666000000000016,0.4975030668858475,0.0,-1.778926262694132e-15,1.2656542480726785e-14,1.2656542480726785e-14,4.9048115276053e-14,1.2656542480726785e-14,NaN,converged,15,15,0,0,0,0,4,4.9048115276053e-14,1.12.6,lbt,1,1,Intel(R) Core(TM) 7 150U,NT,2abc7cc
degen-r50-m1-d0-p0,100,Newton-SIN,1e-7*n,9.999999999999999e-6,4,9,0.0434532,0.0344466,79.2728728839303,0.0,1.34e-5,0.0,0.0085486,0.0,0.0,0.0004445999999999964,0.4975030668858475,0.0,-1.778926262694132e-15,1.2656542480726785e-14,1.2656542480726785e-14,4.9048115276053e-14,1.2656542480726785e-14,NaN,converged,15,15,0,0,0,0,4,4.9048115276053e-14,1.12.6,lbt,1,1,Intel(R) Core(TM) 7 150U,NT,2abc7cc
degen-r50-m1-d0-p0,100,AGD-SDAJ-BH,1e-7*n,1.0e-11,6,50,0.2183856,0.2156246,98.73572250184993,0.0,0.0001042,0.0,0.0,0.0,0.0,0.0026568000000000134,0.49750306688911716,5.803957581684561e-12,-1.5210119180313947e-15,1.042943509332872e-12,1.042943509332872e-12,4.3371260987276e-12,1.042943509332872e-12,NaN,diag_feasible,0,0,13,13,0,0,6,4.9048115276053e-14,1.12.6,lbt,1,1,Intel(R) Core(TM) 7 150U,NT,2abc7cc
degen-r50-m1-d0-p0,100,AGD-SDAJ,1e-7*n,1.0e-11,6,50,0.2397753,0.2364022,98.5932245731733,0.0,0.0001982,0.0,0.0,0.0,0.0,0.00317489999999999,0.49750306688911716,5.803957581684561e-12,-1.5210119180313947e-15,1.042943509332872e-12,1.042943509332872e-12,4.3371260987276e-12,1.042943509332872e-12,NaN,diag_feasible,0,0,13,13,0,0,6,4.9048115276053e-14,1.12.6,lbt,1,1,Intel(R) Core(TM) 7 150U,NT,2abc7cc
degen-r50-m1-d0-p0,100,Dykstra-APM,1e-7*n,9.999999999999999e-6,36,36,0.1721529,0.1576347,91.56668287319005,0.0,0.0,0.0,0.0,0.0070176,0.0,0.007500600000000009,0.4975030668765044,1.3864090042660365e-11,-1.5904617697887715e-15,2.7713387140693158e-12,2.7713387140693158e-12,9.772224146718297e-12,2.7713387140693158e-12,NaN,diag_feasible,0,0,0,0,0,0,36,4.9048115276053e-14,1.12.6,lbt,1,1,Intel(R) Core(TM) 7 150U,NT,2abc7cc
degen-r50-m1-d0-p0,100,Anderson-APM,1e-7*n,9.999999999999999e-6,17,17,0.1003996,0.0711833,70.89998366527357,0.0,0.0,0.0,0.0,0.0,0.0253242,0.003892099999999999,0.49750306687969126,1.2094618448431078e-11,-1.5004079754367809e-15,4.759970195777896e-12,4.759970195777896e-12,8.784162671281042e-12,4.759970195777896e-12,NaN,diag_feasible,0,0,0,0,0,0,17,4.9048115276053e-14,1.12.6,lbt,1,1,Intel(R) Core(TM) 7 150U,NT,2abc7cc
degen-r50-m1-d0-p1,100,SBB-Dual,1e-7*n,1.0e-11,14,15,0.0911543,0.0887231,97.33287403885501,9.62e-5,5.22e-5,0.0005551,0.0,0.0,0.0,0.0017276999999999946,0.4976873482521553,5.143328363949795e-13,-1.7640668371449213e-15,2.128297538206425e-13,0.0,5.538921919028038e-13,2.128297538206425e-13,15.384615384615385,diag_feasible,0,0,0,0,0,0,14,4.4229117191921616e-14,1.12.6,lbt,1,1,Intel(R) Core(TM) 7 150U,NT,2abc7cc
degen-r50-m1-d0-p1,100,Newton-SIN-BH,1e-7*n,9.999999999999999e-6,4,5,0.0348895,0.0218209,62.542885395319516,0.0,1.56e-5,0.0,0.012348,0.0,0.0,0.0007049999999999973,0.4976873482521585,0.0,-1.818550585576704e-15,1.6209256159527285e-14,1.6209256159527285e-14,4.4229117191921616e-14,1.6209256159527285e-14,NaN,converged,15,15,0,0,0,0,4,4.4229117191921616e-14,1.12.6,lbt,1,1,Intel(R) Core(TM) 7 150U,NT,2abc7cc
degen-r50-m1-d0-p1,100,Newton-SIN,1e-7*n,9.999999999999999e-6,4,9,0.0459192,0.036173899999999995,78.77728706075017,0.0,1.69e-5,0.0,0.0092274,0.0,0.0,0.0005010000000000049,0.4976873482521585,0.0,-1.818550585576704e-15,1.6209256159527285e-14,1.6209256159527285e-14,4.4229117191921616e-14,1.6209256159527285e-14,NaN,converged,15,15,0,0,0,0,4,4.4229117191921616e-14,1.12.6,lbt,1,1,Intel(R) Core(TM) 7 150U,NT,2abc7cc
degen-r50-m1-d0-p1,100,AGD-SDAJ-BH,1e-7*n,1.0e-11,6,42,0.2021677,0.199518,98.6893554212666,0.0,0.0001367,0.0,0.0,0.0,0.0,0.002513000000000005,0.4976873482597326,1.2816752728011913e-11,-1.6002528200222102e-15,2.193911718961772e-12,2.193911718961772e-12,9.66489703997158e-12,2.193911718961772e-12,NaN,diag_feasible,0,0,5,5,0,0,6,4.4229117191921616e-14,1.12.6,lbt,1,1,Intel(R) Core(TM) 7 150U,NT,2abc7cc
degen-r50-m1-d0-p1,100,AGD-SDAJ,1e-7*n,1.0e-11,5,41,0.2098838,0.2073866,98.8101987861855,0.0,0.0001078,0.0,0.0,0.0,0.0,0.002389400000000005,0.49768734825823024,1.0017227846790705e-11,-1.5236070691723793e-15,1.638911228951656e-12,1.638911228951656e-12,7.478077817351493e-12,1.638911228951656e-12,NaN,diag_feasible,0,0,10,5,5,0,5,4.4229117191921616e-14,1.12.6,lbt,1,1,Intel(R) Core(TM) 7 150U,NT,2abc7cc
degen-r50-m1-d0-p1,100,Dykstra-APM,1e-7*n,9.999999999999999e-6,36,36,0.1787161,0.1650269,92.34025362012713,0.0,0.0,0.0,0.0,0.0064512,0.0,0.007237999999999985,0.49768734824425914,1.1533140474947872e-11,-1.6578478442796543e-15,2.0523582833220644e-12,2.0523582833220644e-12,8.143944640772367e-12,2.0523582833220644e-12,NaN,diag_feasible,0,0,0,0,0,0,36,4.4229117191921616e-14,1.12.6,lbt,1,1,Intel(R) Core(TM) 7 150U,NT,2abc7cc
degen-r50-m1-d0-p1,100,Anderson-APM,1e-7*n,9.999999999999999e-6,17,17,0.1013179,0.0712759,70.34877351386083,0.0,0.0,0.0,0.0,0.0,0.0260494,0.003992599999999999,0.4976873482483739,7.583692129454171e-12,-1.5455631778323373e-15,3.93529653308633e-12,3.93529653308633e-12,5.552784807320152e-12,3.93529653308633e-12,NaN,diag_feasible,0,0,0,0,0,0,17,4.4229117191921616e-14,1.12.6,lbt,1,1,Intel(R) Core(TM) 7 150U,NT,2abc7cc
degen-r50-m1-d0-p2,100,SBB-Dual,1e-7*n,1.0e-11,12,13,0.0587779,0.057774,98.29204513941464,6.89e-5,3.16e-5,0.0002312,0.0,0.0,0.0,0.000672200000000002,0.4970509483566108,3.907908156680702e-12,-1.652350651052116e-15,2.9486413311019533e-12,0.0,4.573037937012273e-12,2.9486413311019533e-12,9.090909090909092,diag_feasible,0,0,0,0,0,0,12,2.3947127181370697e-14,1.12.6,lbt,1,1,Intel(R) Core(TM) 7 150U,NT,2abc7cc
degen-r50-m1-d0-p2,100,Newton-SIN-BH,1e-7*n,9.999999999999999e-6,4,5,0.0310619,0.020500499999999998,65.99886034015948,0.0,1.48e-5,0.0,0.0098442,0.0,0.0,0.0007024000000000006,0.4970509483566118,0.0,-1.3647730563364133e-15,7.327471962526033e-15,7.327471962526033e-15,2.3947127181370697e-14,7.327471962526033e-15,NaN,converged,15,15,0,0,0,0,4,2.3947127181370697e-14,1.12.6,lbt,1,1,Intel(R) Core(TM) 7 150U,NT,2abc7cc
degen-r50-m1-d0-p2,100,Newton-SIN,1e-7*n,9.999999999999999e-6,4,9,0.0477012,0.037797399999999995,79.23783888036358,0.0,1.67e-5,0.0,0.0093354,0.0,0.0,0.0005517000000000039,0.4970509483566118,0.0,-1.3647730563364133e-15,7.327471962526033e-15,7.327471962526033e-15,2.3947127181370697e-14,7.327471962526033e-15,NaN,converged,15,15,0,0,0,0,4,2.3947127181370697e-14,1.12.6,lbt,1,1,Intel(R) Core(TM) 7 150U,NT,2abc7cc
degen-r50-m1-d0-p2,100,AGD-SDAJ-BH,1e-7*n,1.0e-11,5,35,0.1645802,0.1620397,98.45637567581034,0.0,0.0001276,0.0,0.0,0.0,0.0,0.0024129000000000012,0.4970509483508985,9.300161416405403e-12,-1.5837058574006601e-15,3.028022277362652e-12,3.028022277362652e-12,6.999395499267214e-12,3.028022277362652e-12,NaN,diag_feasible,0,0,4,4,0,0,5,2.3947127181370697e-14,1.12.6,lbt,1,1,Intel(R) Core(TM) 7 150U,NT,2abc7cc
degen-r50-m1-d0-p2,100,AGD-SDAJ,1e-7*n,1.0e-11,5,39,0.1859583,0.1828834,98.34645724337125,0.0,0.0001553,0.0,0.0,0.0,0.0,0.0029195999999999914,0.4970509483509043,9.290946037434737e-12,-1.796154263802072e-15,3.0253577421035516e-12,3.0253577421035516e-12,6.992418149539805e-12,3.0253577421035516e-12,NaN,diag_feasible,0,0,8,4,4,0,5,2.3947127181370697e-14,1.12.6,lbt,1,1,Intel(R) Core(TM) 7 150U,NT,2abc7cc
degen-r50-m1-d0-p2,100,Dykstra-APM,1e-7*n,9.999999999999999e-6,36,36,0.206737,0.191808,92.77874787773838,0.0,0.0,0.0,0.0,0.0067991,0.0,0.008129899999999999,0.49705094834762126,1.3039541833229454e-11,-1.4296282694867508e-15,1.9106938253798944e-12,1.9106938253798944e-12,9.205013686156488e-12,1.9106938253798944e-12,NaN,diag_feasible,0,0,0,0,0,0,36,2.3947127181370697e-14,1.12.6,lbt,1,1,Intel(R) Core(TM) 7 150U,NT,2abc7cc
degen-r50-m1-d0-p2,100,Anderson-APM,1e-7*n,9.999999999999999e-6,16,16,0.0576709,0.0449127,77.87757777319237,0.0,0.0,0.0,0.0,0.0,0.0104022,0.002355999999999997,0.4970509483536535,9.018353948662754e-12,-1.6879842626109845e-15,2.5137669723562794e-12,2.5137669723562794e-12,7.164606189680017e-12,2.5137669723562794e-12,NaN,diag_feasible,0,0,0,0,0,0,16,2.3947127181370697e-14,1.12.6,lbt,1,1,Intel(R) Core(TM) 7 150U,NT,2abc7cc
degen-r50-m1-d0-p3,100,SBB-Dual,1e-7*n,1.0e-11,14,15,0.090695,0.089369,98.53795688847235,0.0001119,5.13e-5,0.0002347,0.0,0.0,0.0,0.0009280999999999938,0.49719136112826423,1.47039279502437e-12,-1.767021561392224e-15,8.669731599297847e-13,0.0,1.6451832239056345e-12,8.669731599297847e-13,7.6923076923076925,diag_feasible,0,0,0,0,0,0,14,1.795680636998374e-14,1.12.6,lbt,1,1,Intel(R) Core(TM) 7 150U,NT,2abc7cc
degen-r50-m1-d0-p3,100,Newton-SIN-BH,1e-7*n,9.999999999999999e-6,4,5,0.0289684,0.019603799999999998,67.67305063448447,0.0,1.48e-5,0.0,0.0086657,0.0,0.0,0.0006841,0.497191361128267,0.0,-1.793442562526745e-15,4.440892098500626e-15,4.440892098500626e-15,1.795680636998374e-14,4.440892098500626e-15,NaN,converged,15,15,0,0,0,0,4,1.795680636998374e-14,1.12.6,lbt,1,1,Intel(R) Core(TM) 7 150U,NT,2abc7cc
degen-r50-m1-d0-p3,100,Newton-SIN,1e-7*n,9.999999999999999e-6,4,9,0.0484233,0.037785900000000004,78.03247610138095,0.0,1.68e-5,0.0,0.0100284,0.0,0.0,0.0005921999999999976,0.497191361128267,0.0,-1.793442562526745e-15,4.440892098500626e-15,4.440892098500626e-15,1.795680636998374e-14,4.440892098500626e-15,NaN,converged,15,15,0,0,0,0,4,1.795680636998374e-14,1.12.6,lbt,1,1,Intel(R) Core(TM) 7 150U,NT,2abc7cc
degen-r50-m1-d0-p3,100,AGD-SDAJ-BH,1e-7*n,1.0e-11,5,33,0.1494526,0.14746689999999998,98.67135131807677,0.0,8.43e-5,0.0,0.0,0.0,0.0,0.0019014000000000069,0.49719136113017603,3.3414021900721338e-12,-1.5020436301083272e-15,1.3806733534238447e-12,1.3806733534238447e-12,2.588597739831716e-12,1.3806733534238447e-12,NaN,diag_feasible,0,0,2,2,0,0,5,1.795680636998374e-14,1.12.6,lbt,1,1,Intel(R) Core(TM) 7 150U,NT,2abc7cc
degen-r50-m1-d0-p3,100,AGD-SDAJ,1e-7*n,1.0e-11,5,36,0.1608123,0.1587578,98.72242359570755,0.0,8.31e-5,0.0,0.0,0.0,0.0,0.001971399999999987,0.4971913611302084,3.3970795709920923e-12,-1.4638746122637131e-15,1.4104273304837989e-12,1.4104273304837989e-12,2.633232277975442e-12,1.4104273304837989e-12,NaN,diag_feasible,0,0,5,2,3,0,5,1.795680636998374e-14,1.12.6,lbt,1,1,Intel(R) Core(TM) 7 150U,NT,2abc7cc
degen-r50-m1-d0-p3,100,Dykstra-APM,1e-7*n,9.999999999999999e-6,36,36,0.1693776,0.1562398,92.24348438046118,0.0,0.0,0.0,0.0,0.0060245,0.0,0.007113299999999977,0.49719136111952034,1.2709684218175301e-11,-1.6344926270344097e-15,1.88005166990024e-12,1.88005166990024e-12,8.972819490357564e-12,1.88005166990024e-12,NaN,diag_feasible,0,0,0,0,0,0,36,1.795680636998374e-14,1.12.6,lbt,1,1,Intel(R) Core(TM) 7 150U,NT,2abc7cc
degen-r50-m1-d0-p3,100,Anderson-APM,1e-7*n,9.999999999999999e-6,17,17,0.1044938,0.0736111,70.44542355623014,0.0,0.0,0.0,0.0,0.0,0.0268861,0.0039965999999999995,0.49719136112463835,6.498374581856098e-12,-1.6403223064977735e-15,2.3445689834034056e-12,2.3445689834034056e-12,4.749749540790086e-12,2.3445689834034056e-12,NaN,diag_feasible,0,0,0,0,0,0,17,1.795680636998374e-14,1.12.6,lbt,1,1,Intel(R) Core(TM) 7 150U,NT,2abc7cc
degen-r50-m1-d0-p4,100,SBB-Dual,1e-7*n,1.0e-11,14,15,0.0588167,0.0575883,97.91147752254038,7.54e-5,4.02e-5,0.0002345,0.0,0.0,0.0,0.0008782999999999976,0.496809556052232,1.0337999523393414e-12,-1.684932727481047e-15,4.750644322371045e-13,0.0,1.0802792993559205e-12,4.750644322371045e-13,7.6923076923076925,diag_feasible,0,0,0,0,0,0,14,3.3572821182335826e-14,1.12.6,lbt,1,1,Intel(R) Core(TM) 7 150U,NT,2abc7cc
degen-r50-m1-d0-p4,100,Newton-SIN-BH,1e-7*n,9.999999999999999e-6,4,5,0.0304701,0.0205736,67.52061857361808,0.0,1.58e-5,0.0,0.0091465,0.0,0.0,0.0007341999999999991,0.49680955605223776,0.0,-1.5203957608010466e-15,1.176836406102666e-14,1.176836406102666e-14,3.3572821182335826e-14,1.176836406102666e-14,NaN,converged,15,15,0,0,0,0,4,3.3572821182335826e-14,1.12.6,lbt,1,1,Intel(R) Core(TM) 7 150U,NT,2abc7cc
degen-r50-m1-d0-p4,100,Newton-SIN,1e-7*n,9.999999999999999e-6,4,9,0.0487307,0.038479,78.96254311963506,0.0,2.11e-5,0.0,0.0095487,0.0,0.0,0.0006819000000000026,0.49680955605223776,0.0,-1.5203957608010466e-15,1.176836406102666e-14,1.176836406102666e-14,3.3572821182335826e-14,1.176836406102666e-14,NaN,converged,15,15,0,0,0,0,4,3.3572821182335826e-14,1.12.6,lbt,1,1,Intel(R) Core(TM) 7 150U,NT,2abc7cc
degen-r50-m1-d0-p4,100,AGD-SDAJ-BH,1e-7*n,1.0e-11,6,34,0.1612173,0.1591132,98.69486711413727,0.0,9.01e-5,0.0,0.0,0.0,0.0,0.0020139999999999976,0.4968095560586346,1.089278322570091e-11,-1.9557418442738474e-15,2.858602243804853e-12,2.858602243804853e-12,8.298006177155169e-12,2.858602243804853e-12,NaN,diag_feasible_at_xpre,0,0,1,1,0,0,6,3.3572821182335826e-14,1.12.6,lbt,1,1,Intel(R) Core(TM) 7 150U,NT,2abc7cc
degen-r50-m1-d0-p4,100,AGD-SDAJ,1e-7*n,1.0e-11,6,40,0.1862274,0.1835947,98.58629825686232,0.0,0.0001063,0.0,0.0,0.0,0.0,0.0025263999999999877,0.49680955605863364,1.0869880486454518e-11,-1.3948750462139205e-15,2.8377300509419e-12,2.8377300509419e-12,8.272060001564571e-12,2.8377300509419e-12,NaN,diag_feasible_at_xpre,0,0,7,1,6,0,6,3.3572821182335826e-14,1.12.6,lbt,1,1,Intel(R) Core(TM) 7 150U,NT,2abc7cc
degen-r50-m1-d0-p4,100,Dykstra-APM,1e-7*n,9.999999999999999e-6,37,37,0.1832517,0.1687213,92.0707966147108,0.0,0.0,0.0,0.0,0.0067974,0.0,0.0077329999999999986,0.49680955604692423,7.760635772979875e-12,-1.440699960986777e-15,1.0842438058489279e-12,1.0842438058489279e-12,5.4625009716912395e-12,1.0842438058489279e-12,NaN,diag_feasible,0,0,0,0,0,0,37,3.3572821182335826e-14,1.12.6,lbt,1,1,Intel(R) Core(TM) 7 150U,NT,2abc7cc
degen-r50-m1-d0-p4,100,Anderson-APM,1e-7*n,9.999999999999999e-6,16,16,0.0964008,0.0683291,70.8802209110298,0.0,0.0,0.0,0.0,0.0,0.0239623,0.004109399999999992,0.4968095560483344,1.0537780138701181e-11,-1.4936780505772726e-15,2.460698311779197e-12,2.460698311779197e-12,8.285500628591277e-12,2.460698311779197e-12,NaN,diag_feasible,0,0,0,0,0,0,16,3.3572821182335826e-14,1.12.6,lbt,1,1,Intel(R) Core(TM) 7 150U,NT,2abc7cc
degen-r50-m5-d0.01-p0,100,SBB-Dual,1e-7*n,1.0e-11,14,15,0.0666982,0.065578,98.32049440614588,8.17e-5,3.65e-5,0.0002321,0.0,0.0,0.0,0.0007699000000000015,0.4906613917964541,3.0708753326637036e-12,-1.6139053243350004e-15,8.275602425555917e-13,0.0,3.22071133757938e-12,8.275602425555917e-13,7.6923076923076925,diag_feasible,0,0,0,0,0,0,14,4.781994904706968e-14,1.12.6,lbt,1,1,Intel(R) Core(TM) 7 150U,NT,2abc7cc
degen-r50-m5-d0.01-p0,100,Newton-SIN-BH,1e-7*n,9.999999999999999e-6,4,5,0.0354417,0.0228345,64.4283428842296,0.0,1.48e-5,0.0,0.0118602,0.0,0.0,0.0007321999999999988,0.49066139179645385,6.468942856706084e-13,-1.830356283988548e-15,2.2426505097428162e-14,2.2426505097428162e-14,7.272520138789034e-14,2.2426505097428162e-14,NaN,converged,19,19,0,0,0,0,4,4.781994904706968e-14,1.12.6,lbt,1,1,Intel(R) Core(TM) 7 150U,NT,2abc7cc
degen-r50-m5-d0.01-p0,100,Newton-SIN,1e-7*n,9.999999999999999e-6,5,13,0.073828,0.0550934,74.62399089776235,0.0,2.53e-5,0.0,0.0179995,0.0,0.0,0.0007098000000000035,0.49066139179645396,3.5036034058214744e-13,-1.4789741859753834e-15,1.0103029524088925e-14,1.0103029524088925e-14,2.4120729041713984e-14,1.0103029524088925e-14,NaN,converged,29,29,2,0,0,0,5,4.781994904706968e-14,1.12.6,lbt,1,1,Intel(R) Core(TM) 7 150U,NT,2abc7cc
degen-r50-m5-d0.01-p0,100,AGD-SDAJ-BH,1e-7*n,1.0e-11,7,50,0.256224,0.24617280000000002,96.07718246534283,0.0,0.0001279,0.0,0.0,0.0,0.0,0.009923299999999982,0.4906613917939116,4.690268131322771e-12,-1.412215711996793e-15,8.417710972707937e-13,8.417710972707937e-13,3.535846348461678e-12,8.417710972707937e-13,NaN,diag_feasible,0,0,7,7,0,0,7,4.781994904706968e-14,1.12.6,lbt,1,1,Intel(R) Core(TM) 7 150U,NT,2abc7cc
degen-r50-m5-d0.01-p0,100,AGD-SDAJ,1e-7*n,1.0e-11,7,54,0.2446301,0.24140280000000003,98.68074288486987,0.0,0.000144,0.0,0.0,0.0,0.0,0.0030832999999999607,0.490661391795005,2.7085819769973585e-12,-1.6920645621023456e-15,7.30304705598428e-13,7.30304705598428e-13,2.0125608538032833e-12,7.30304705598428e-13,NaN,diag_feasible,0,0,11,8,3,0,7,4.781994904706968e-14,1.12.6,lbt,1,1,Intel(R) Core(TM) 7 150U,NT,2abc7cc
degen-r50-m5-d0.01-p0,100,Dykstra-APM,1e-7*n,9.999999999999999e-6,37,37,0.1816615,0.168568,92.79236381952147,0.0,0.0,0.0,0.0,0.0056868,0.0,0.007406700000000008,0.49066139179018214,9.952977380119352e-12,-1.2836329632334012e-15,1.780131597683976e-12,1.780131597683976e-12,6.944684045667687e-12,1.780131597683976e-12,NaN,diag_feasible,0,0,0,0,0,0,37,4.781994904706968e-14,1.12.6,lbt,1,1,Intel(R) Core(TM) 7 150U,NT,2abc7cc
degen-r50-m5-d0.01-p0,100,Anderson-APM,1e-7*n,9.999999999999999e-6,17,17,0.1085164,0.0784066,72.25322624045766,0.0,0.0,0.0,0.0,0.0,0.0260544,0.004055399999999994,0.4906613917978206,6.826651626218667e-12,-1.5517019131346676e-15,3.877564935805822e-12,3.877564935805822e-12,5.2902676698405915e-12,3.877564935805822e-12,NaN,diag_feasible,0,0,0,0,0,0,17,4.781994904706968e-14,1.12.6,lbt,1,1,Intel(R) Core(TM) 7 150U,NT,2abc7cc
degen-r50-m5-d0.01-p1,100,SBB-Dual,1e-7*n,1.0e-11,14,15,0.065351,0.0642727,98.34998699331302,7.45e-5,3.27e-5,0.0002331,0.0,0.0,0.0,0.0007380000000000044,0.4909729965978508,2.3459372909625494e-12,-1.661481213703545e-15,5.03375119365046e-13,0.0,2.353319179605846e-12,5.03375119365046e-13,7.6923076923076925,diag_feasible,0,0,0,0,0,0,14,1.549864980054063e-14,1.12.6,lbt,1,1,Intel(R) Core(TM) 7 150U,NT,2abc7cc
degen-r50-m5-d0.01-p1,100,Newton-SIN-BH,1e-7*n,9.999999999999999e-6,4,5,0.0346544,0.0215367,62.147086661434045,0.0,1.55e-5,0.0,0.0122661,0.0,0.0,0.0008361000000000028,0.49097299659785204,0.0,-1.5002803895321977e-15,6.8833827526759706e-15,6.8833827526759706e-15,1.549864980054063e-14,6.8833827526759706e-15,NaN,converged,19,19,0,0,0,0,4,1.549864980054063e-14,1.12.6,lbt,1,1,Intel(R) Core(TM) 7 150U,NT,2abc7cc
degen-r50-m5-d0.01-p1,100,Newton-SIN,1e-7*n,9.999999999999999e-6,4,9,0.024793,0.0196166,79.1215262372444,0.0,1.08e-5,0.0,0.004795,0.0,0.0,0.00037059999999999784,0.49097299659785204,0.0,-1.5002803895321977e-15,6.8833827526759706e-15,6.8833827526759706e-15,1.549864980054063e-14,6.8833827526759706e-15,NaN,converged,19,19,0,0,0,0,4,1.549864980054063e-14,1.12.6,lbt,1,1,Intel(R) Core(TM) 7 150U,NT,2abc7cc
degen-r50-m5-d0.01-p1,100,AGD-SDAJ-BH,1e-7*n,1.0e-11,6,42,0.1982519,0.1955149,98.6194331554956,0.0,0.000125,0.0,0.0,0.0,0.0,0.002612000000000017,0.4909729965949325,5.426371318900448e-12,-1.7844825426550053e-15,1.1579626146840383e-12,1.1579626146840383e-12,4.130629987934286e-12,1.1579626146840383e-12,NaN,diag_feasible,0,0,5,5,0,0,6,1.549864980054063e-14,1.12.6,lbt,1,1,Intel(R) Core(TM) 7 150U,NT,2abc7cc
degen-r50-m5-d0.01-p1,100,AGD-SDAJ,1e-7*n,1.0e-11,6,44,0.2085763,0.2059345,98.73341314425465,0.0,0.0001262,0.0,0.0,0.0,0.0,0.0025155999999999998,0.49097299659493515,5.420349379130825e-12,-1.7080734493323775e-15,1.156408302449563e-12,1.156408302449563e-12,4.130313914129951e-12,1.156408302449563e-12,NaN,diag_feasible,0,0,7,5,2,0,6,1.549864980054063e-14,1.12.6,lbt,1,1,Intel(R) Core(TM) 7 150U,NT,2abc7cc
degen-r50-m5-d0.01-p1,100,Dykstra-APM,1e-7*n,9.999999999999999e-6,37,37,0.2037022,0.1904674,93.5028684029922,0.0,0.0,0.0,0.0,0.0062435,0.0,0.006991299999999991,0.4909729965923915,8.531647004430246e-12,-1.5847009711037143e-15,1.4050982599655981e-12,1.4050982599655981e-12,5.976830263335568e-12,1.4050982599655981e-12,NaN,diag_feasible,0,0,0,0,0,0,37,1.549864980054063e-14,1.12.6,lbt,1,1,Intel(R) Core(TM) 7 150U,NT,2abc7cc
degen-r50-m5-d0.01-p1,100,Anderson-APM,1e-7*n,9.999999999999999e-6,17,17,0.1136442,0.0784561,69.03660723556503,0.0,0.0,0.0,0.0,0.0,0.0310037,0.004184400000000001,0.49097299660204524,9.459922233911149e-12,-1.3416555418449857e-15,4.539257858482415e-12,4.539257858482415e-12,7.088694556506419e-12,4.539257858482415e-12,NaN,diag_feasible,0,0,0,0,0,0,17,1.549864980054063e-14,1.12.6,lbt,1,1,Intel(R) Core(TM) 7 150U,NT,2abc7cc
degen-r50-m5-d0.01-p2,100,SBB-Dual,1e-7*n,1.0e-11,14,15,0.0987222,0.0971372,98.39448472582662,0.0001035,8.04e-5,0.0002426,0.0,0.0,0.0,0.0011584999999999892,0.48971290905637793,4.770452946571659e-12,-2.07703681104951e-15,9.887646257311644e-13,0.0,5.003048412097397e-12,9.887646257311644e-13,7.6923076923076925,diag_feasible,0,0,0,0,0,0,14,2.0007746788300057e-14,1.12.6,lbt,1,1,Intel(R) Core(TM) 7 150U,NT,2abc7cc
degen-r50-m5-d0.01-p2,100,Newton-SIN-BH,1e-7*n,9.999999999999999e-6,4,5,0.0338087,0.0214276,63.37895275476431,0.0,1.59e-5,0.0,0.0116444,0.0,0.0,0.0007207999999999971,0.48971290905638093,1.7934622808783815e-13,-1.4299095339535242e-15,7.105427357601002e-15,7.105427357601002e-15,2.7888263172698605e-14,7.105427357601002e-15,NaN,converged,19,19,0,0,0,0,4,2.0007746788300057e-14,1.12.6,lbt,1,1,Intel(R) Core(TM) 7 150U,NT,2abc7cc
degen-r50-m5-d0.01-p2,100,Newton-SIN,1e-7*n,9.999999999999999e-6,4,9,0.0468001,0.0350078,74.80283161788115,0.0,1.69e-5,0.0,0.0112671,0.0,0.0,0.000508299999999998,0.48971290905638093,1.7934622808783815e-13,-1.4299095339535242e-15,7.105427357601002e-15,7.105427357601002e-15,2.7888263172698605e-14,7.105427357601002e-15,NaN,converged,19,19,0,0,0,0,4,2.0007746788300057e-14,1.12.6,lbt,1,1,Intel(R) Core(TM) 7 150U,NT,2abc7cc
degen-r50-m5-d0.01-p2,100,AGD-SDAJ-BH,1e-7*n,1.0e-11,7,46,0.2123167,0.20956570000000002,98.70429410404364,0.0,0.0001171,0.0,0.0,0.0,0.0,0.0026338999999999755,0.48971290905345954,8.69586997524348e-12,-1.5085066841523468e-15,2.738476112540411e-12,2.738476112540411e-12,7.1023708312653756e-12,2.738476112540411e-12,NaN,diag_feasible_at_xpre,0,0,5,5,0,0,7,2.0007746788300057e-14,1.12.6,lbt,1,1,Intel(R) Core(TM) 7 150U,NT,2abc7cc
degen-r50-m5-d0.01-p2,100,AGD-SDAJ,1e-7*n,1.0e-11,6,52,0.239985,0.2368692,98.70166885430339,0.0,0.0001308,0.0,0.0,0.0,0.0,0.002985000000000002,0.48971290905518466,2.90716839612099e-12,-1.7115141453928718e-15,8.080203173221889e-13,8.080203173221889e-13,2.3520970641737454e-12,8.080203173221889e-13,NaN,diag_feasible,0,0,15,2,13,0,6,2.0007746788300057e-14,1.12.6,lbt,1,1,Intel(R) Core(TM) 7 150U,NT,2abc7cc
degen-r50-m5-d0.01-p2,100,Dykstra-APM,1e-7*n,9.999999999999999e-6,37,37,0.18649,0.1733335,92.9451981339482,0.0,0.0,0.0,0.0,0.0061031,0.0,0.0070533999999999875,0.48971290904992004,1.005298918348858e-11,-1.5785465824291354e-15,1.3502532425491154e-12,1.3502532425491154e-12,7.025862926980635e-12,1.3502532425491154e-12,NaN,diag_feasible,0,0,0,0,0,0,37,2.0007746788300057e-14,1.12.6,lbt,1,1,Intel(R) Core(TM) 7 150U,NT,2abc7cc
degen-r50-m5-d0.01-p2,100,Anderson-APM,1e-7*n,9.999999999999999e-6,16,16,0.0987418,0.06959,70.47673832156188,0.0,0.0,0.0,0.0,0.0,0.0253492,0.0038026000000000067,0.48971290905353937,7.810545967101576e-12,-1.5880030908055684e-15,2.2178925362936752e-12,2.2178925362936752e-12,6.118728223357895e-12,2.2178925362936752e-12,NaN,diag_feasible,0,0,0,0,0,0,16,2.0007746788300057e-14,1.12.6,lbt,1,1,Intel(R) Core(TM) 7 150U,NT,2abc7cc
degen-r50-m5-d0.01-p3,100,SBB-Dual,1e-7*n,1.0e-11,14,15,0.0680975,0.0669337,98.29097984507507,8.03e-5,3.7e-5,0.0002329,0.0,0.0,0.0,0.0008136000000000067,0.4889885447846151,3.726442922992686e-12,-1.630530717538773e-15,1.007416372544867e-12,0.0,3.969013133546202e-12,1.007416372544867e-12,7.6923076923076925,diag_feasible,0,0,0,0,0,0,14,1.7794419681032807e-14,1.12.6,lbt,1,1,Intel(R) Core(TM) 7 150U,NT,2abc7cc
degen-r50-m5-d0.01-p3,100,Newton-SIN-BH,1e-7*n,9.999999999999999e-6,4,5,0.0355167,0.023486899999999998,66.12917303690939,0.0,1.73e-5,0.0,0.0112649,0.0,0.0,0.000747600000000001,0.4889885447846161,9.381884190968167e-14,-1.3667217664815243e-15,3.774758283725532e-15,3.774758283725532e-15,1.5407319777083364e-14,3.774758283725532e-15,NaN,converged,19,19,0,0,0,0,4,1.7794419681032807e-14,1.12.6,lbt,1,1,Intel(R) Core(TM) 7 150U,NT,2abc7cc
degen-r50-m5-d0.01-p3,100,Newton-SIN,1e-7*n,9.999999999999999e-6,4,9,0.0475221,0.035909300000000005,75.56336946389155,0.0,1.68e-5,0.0,0.0110484,0.0,0.0,0.0005475999999999918,0.4889885447846161,9.381884190968167e-14,-1.3667217664815243e-15,3.774758283725532e-15,3.774758283725532e-15,1.5407319777083364e-14,3.774758283725532e-15,NaN,converged,19,19,0,0,0,0,4,1.7794419681032807e-14,1.12.6,lbt,1,1,Intel(R) Core(TM) 7 150U,NT,2abc7cc
degen-r50-m5-d0.01-p3,100,AGD-SDAJ-BH,1e-7*n,1.0e-11,7,45,0.2099237,0.2072015,98.70324313071845,0.0,0.0001122,0.0,0.0,0.0,0.0,0.0026099999999999804,0.4889885447818373,5.940425998398227e-12,-1.974974475774421e-15,2.1813661987835076e-12,2.1813661987835076e-12,4.824618794583817e-12,2.1813661987835076e-12,NaN,diag_feasible,0,0,4,4,0,0,7,1.7794419681032807e-14,1.12.6,lbt,1,1,Intel(R) Core(TM) 7 150U,NT,2abc7cc
degen-r50-m5-d0.01-p3,100,AGD-SDAJ,1e-7*n,1.0e-11,7,44,0.2146381,0.21126740000000002,98.42958915495433,0.0,0.0003133,0.0,0.0,0.0,0.0,0.0030573999999999766,0.4889885447818376,5.944998494764113e-12,-1.6356240866269002e-15,2.1845858455549205e-12,2.1845858455549205e-12,4.829613533276151e-12,2.1845858455549205e-12,NaN,diag_feasible_at_xpre,0,0,5,4,1,0,7,1.7794419681032807e-14,1.12.6,lbt,1,1,Intel(R) Core(TM) 7 150U,NT,2abc7cc
degen-r50-m5-d0.01-p3,100,Dykstra-APM,1e-7*n,9.999999999999999e-6,37,37,0.2041527,0.1882877,92.22885614542447,0.0,0.0,0.0,0.0,0.007453,0.0,0.008411999999999989,0.48898854477819703,9.944765814371237e-12,-1.4393458022449252e-15,1.4552803406786552e-12,1.4552803406786552e-12,6.955010773784046e-12,1.4552803406786552e-12,NaN,diag_feasible,0,0,0,0,0,0,37,1.7794419681032807e-14,1.12.6,lbt,1,1,Intel(R) Core(TM) 7 150U,NT,2abc7cc
degen-r50-m5-d0.01-p3,100,Anderson-APM,1e-7*n,9.999999999999999e-6,16,16,0.1023951,0.0716594,69.98323161948178,0.0,0.0,0.0,0.0,0.0,0.0262523,0.0044834000000000054,0.4889885447792035,8.924994615825157e-12,-1.7407955538264298e-15,1.3200551762793111e-12,1.3200551762793111e-12,6.486349695043677e-12,1.3200551762793111e-12,NaN,diag_feasible,0,0,0,0,0,0,16,1.7794419681032807e-14,1.12.6,lbt,1,1,Intel(R) Core(TM) 7 150U,NT,2abc7cc
degen-r50-m5-d0.01-p4,100,SBB-Dual,1e-7*n,1.0e-11,14,15,0.0672088,0.0660852,98.32819511730607,7.47e-5,3.15e-5,0.000235,0.0,0.0,0.0,0.0007824000000000023,0.4894192518872895,3.736739552573344e-12,-1.4797630798816879e-15,9.130474154517287e-13,0.0,3.833901694717794e-12,9.130474154517287e-13,7.6923076923076925,diag_feasible,0,0,0,0,0,0,14,2.754158790223576e-14,1.12.6,lbt,1,1,Intel(R) Core(TM) 7 150U,NT,2abc7cc
degen-r50-m5-d0.01-p4,100,Newton-SIN-BH,1e-7*n,9.999999999999999e-6,4,5,0.0333404,0.0209501,62.83697856054516,0.0,1.72e-5,0.0,0.0115151,0.0,0.0,0.0008579999999999994,0.48941925188729224,1.5792048660362033e-13,-1.4006144424409166e-15,1.1102230246251565e-14,1.1102230246251565e-14,2.933069714477386e-14,1.1102230246251565e-14,NaN,converged,19,19,0,0,0,0,4,2.754158790223576e-14,1.12.6,lbt,1,1,Intel(R) Core(TM) 7 150U,NT,2abc7cc
degen-r50-m5-d0.01-p4,100,Newton-SIN,1e-7*n,9.999999999999999e-6,4,9,0.0525344,0.0400291,76.19597825424864,0.0,2.03e-5,0.0,0.0119453,0.0,0.0,0.0005397000000000041,0.48941925188729224,1.5792048660362033e-13,-1.4006144424409166e-15,1.1102230246251565e-14,1.1102230246251565e-14,2.933069714477386e-14,1.1102230246251565e-14,NaN,converged,19,19,0,0,0,0,4,2.754158790223576e-14,1.12.6,lbt,1,1,Intel(R) Core(TM) 7 150U,NT,2abc7cc
degen-r50-m5-d0.01-p4,100,AGD-SDAJ-BH,1e-7*n,1.0e-11,7,46,0.2710101,0.26762050000000004,98.74927170610987,0.0,0.0001819,0.0,0.0,0.0,0.0,0.003207699999999937,0.48941925188329094,7.627064724057252e-12,-1.9169697717652736e-15,1.1755041384731157e-12,1.1755041384731157e-12,5.897039464881985e-12,1.1755041384731157e-12,NaN,diag_feasible_at_xpre,0,0,7,7,0,0,7,2.754158790223576e-14,1.12.6,lbt,1,1,Intel(R) Core(TM) 7 150U,NT,2abc7cc
degen-r50-m5-d0.01-p4,100,AGD-SDAJ,1e-7*n,1.0e-11,7,46,0.2170928,0.2144145,98.76628796533095,0.0,0.0001158,0.0,0.0,0.0,0.0,0.0025624999999999945,0.48941925188329094,7.627064724057252e-12,-1.9169697717652736e-15,1.1755041384731157e-12,1.1755041384731157e-12,5.897039464881985e-12,1.1755041384731157e-12,NaN,diag_feasible_at_xpre,0,0,7,7,0,0,7,2.754158790223576e-14,1.12.6,lbt,1,1,Intel(R) Core(TM) 7 150U,NT,2abc7cc
degen-r50-m5-d0.01-p4,100,Dykstra-APM,1e-7*n,9.999999999999999e-6,37,37,0.3574703,0.3356154,93.88623334581922,0.0,0.0,0.0,0.0,0.009444,0.0,0.012410900000000011,0.48941925188022356,1.0980661403349168e-11,-1.4966313494251673e-15,1.411093464298574e-12,1.411093464298574e-12,7.667959343749359e-12,1.411093464298574e-12,NaN,diag_feasible,0,0,0,0,0,0,37,2.754158790223576e-14,1.12.6,lbt,1,1,Intel(R) Core(TM) 7 150U,NT,2abc7cc
degen-r50-m5-d0.01-p4,100,Anderson-APM,1e-7*n,9.999999999999999e-6,16,16,0.1031505,0.0734501,71.20673191113954,0.0,0.0,0.0,0.0,0.0,0.0256935,0.004006900000000001,0.489419251886426,4.876795861456565e-12,-1.5667612425905025e-15,1.9271251261443467e-12,1.9271251261443467e-12,3.916741157782953e-12,1.9271251261443467e-12,NaN,diag_feasible,0,0,0,0,0,0,16,2.754158790223576e-14,1.12.6,lbt,1,1,Intel(R) Core(TM) 7 150U,NT,2abc7cc
degen-r50-m5-d0.0001-p0,100,SBB-Dual,1e-7*n,1.0e-11,13,14,0.0668461,0.0655901,98.12105717461452,0.0001028,4.81e-5,0.0002323,0.0,0.0,0.0,0.0008728000000000071,0.49448014072860913,7.102159233974007e-12,-1.5879211720374165e-15,2.3387958236753548e-12,0.0,7.471646779956205e-12,2.3387958236753548e-12,8.333333333333334,diag_feasible,0,0,0,0,0,0,13,4.8593917707029864e-14,1.12.6,lbt,1,1,Intel(R) Core(TM) 7 150U,NT,2abc7cc
degen-r50-m5-d0.0001-p0,100,Newton-SIN-BH,1e-7*n,9.999999999999999e-6,4,5,0.0426105,0.0259573,60.91761420307201,0.0,1.76e-5,0.0,0.0127113,0.0,0.0,0.003924300000000004,0.49448014072861374,3.3327420631507066e-13,-1.541819281675748e-15,1.554312234475219e-14,1.554312234475219e-14,6.083262394595508e-14,1.554312234475219e-14,NaN,converged,17,17,0,0,0,0,4,4.8593917707029864e-14,1.12.6,lbt,1,1,Intel(R) Core(TM) 7 150U,NT,2abc7cc
degen-r50-m5-d0.0001-p0,100,Newton-SIN,1e-7*n,9.999999999999999e-6,4,9,0.0248331,0.0200541,80.75552387740555,0.0,1.64e-5,0.0,0.0043711,0.0,0.0,0.0003915000000000021,0.49448014072861374,3.3327420631507066e-13,-1.541819281675748e-15,1.554312234475219e-14,1.554312234475219e-14,6.083262394595508e-14,1.554312234475219e-14,NaN,converged,17,17,0,0,0,0,4,4.8593917707029864e-14,1.12.6,lbt,1,1,Intel(R) Core(TM) 7 150U,NT,2abc7cc
degen-r50-m5-d0.0001-p0,100,AGD-SDAJ-BH,1e-7*n,1.0e-11,8,57,0.2500419,0.2464179,98.55064291224791,0.0,0.0001729,0.0,0.0,0.0,0.0,0.003451099999999988,0.49448014073064256,4.996366115072161e-12,-1.7074903829912939e-15,2.4449331448295197e-12,2.4449331448295197e-12,4.136158164593245e-12,2.4449331448295197e-12,NaN,diag_feasible_at_xpre,0,0,12,12,0,0,8,4.8593917707029864e-14,1.12.6,lbt,1,1,Intel(R) Core(TM) 7 150U,NT,2abc7cc
degen-r50-m5-d0.0001-p0,100,AGD-SDAJ,1e-7*n,1.0e-11,7,59,0.2746581,0.2710007,98.66838079779914,0.0,0.0001375,0.0,0.0,0.0,0.0,0.003519900000000033,0.4944801407296886,2.076994237759883e-12,-1.7259067929734592e-15,4.694022948115162e-13,4.694022948115162e-13,1.5690413656580283e-12,4.694022948115162e-13,NaN,diag_feasible,0,0,16,12,4,0,7,4.8593917707029864e-14,1.12.6,lbt,1,1,Intel(R) Core(TM) 7 150U,NT,2abc7cc
degen-r50-m5-d0.0001-p0,100,Dykstra-APM,1e-7*n,9.999999999999999e-6,36,36,0.1937492,0.1782891,92.02056060102441,0.0,0.0,0.0,0.0,0.0077363,0.0,0.007723800000000005,0.4944801407218259,1.0952116872279438e-11,-1.6379402837789568e-15,1.956435013994451e-12,1.956435013994451e-12,7.653439494860257e-12,1.956435013994451e-12,NaN,diag_feasible,0,0,0,0,0,0,36,4.8593917707029864e-14,1.12.6,lbt,1,1,Intel(R) Core(TM) 7 150U,NT,2abc7cc
degen-r50-m5-d0.0001-p0,100,Anderson-APM,1e-7*n,9.999999999999999e-6,18,18,0.1188575,0.0822003,69.15869844141095,0.0,0.0,0.0,0.0,0.0,0.0315584,0.0050988000000000006,0.49448014072657565,4.422868519456991e-12,-1.5079542779373634e-15,1.453503983839255e-12,1.453503983839255e-12,3.289710643683919e-12,1.453503983839255e-12,NaN,diag_feasible,0,0,0,0,0,0,18,4.8593917707029864e-14,1.12.6,lbt,1,1,Intel(R) Core(TM) 7 150U,NT,2abc7cc
degen-r50-m5-d0.0001-p1,100,SBB-Dual,1e-7*n,1.0e-11,13,14,0.0643026,0.0626066,97.36247056884169,7.47e-5,3.61e-5,0.0002309,0.0,0.0,0.0,0.001354300000000003,0.4948184881890997,4.984942714807727e-12,-1.720114221383423e-15,1.2367884494324244e-12,0.0,5.059482782831671e-12,1.2367884494324244e-12,8.333333333333334,diag_feasible,0,0,0,0,0,0,13,1.5215727052320663e-14,1.12.6,lbt,1,1,Intel(R) Core(TM) 7 150U,NT,2abc7cc
degen-r50-m5-d0.0001-p1,100,Newton-SIN-BH,1e-7*n,9.999999999999999e-6,4,5,0.0314155,0.0214777,68.3665706418806,0.0,1.61e-5,0.0,0.009217,0.0,0.0,0.0007047000000000008,0.49481848818910545,1.3790494304498052e-13,-1.5733957852493051e-15,6.328271240363392e-15,6.328271240363392e-15,2.2693132434496382e-14,6.328271240363392e-15,NaN,converged,15,15,0,0,0,0,4,1.5215727052320663e-14,1.12.6,lbt,1,1,Intel(R) Core(TM) 7 150U,NT,2abc7cc
degen-r50-m5-d0.0001-p1,100,Newton-SIN,1e-7*n,9.999999999999999e-6,4,9,0.0470347,0.0366832,77.99178053649753,0.0,1.72e-5,0.0,0.0098193,0.0,0.0,0.0005149999999999998,0.49481848818910545,1.3790494304498052e-13,-1.5733957852493051e-15,6.328271240363392e-15,6.328271240363392e-15,2.2693132434496382e-14,6.328271240363392e-15,NaN,converged,15,15,0,0,0,0,4,1.5215727052320663e-14,1.12.6,lbt,1,1,Intel(R) Core(TM) 7 150U,NT,2abc7cc
degen-r50-m5-d0.0001-p1,100,AGD-SDAJ-BH,1e-7*n,1.0e-11,8,62,0.2775923,0.2736502,98.57989576800222,0.0,0.0001471,0.0,0.0,0.0,0.0,0.003795000000000004,0.4948184881911767,3.944302846551888e-12,-1.3440061641847125e-15,7.487344078072056e-13,7.487344078072056e-13,3.0187255211393484e-12,7.487344078072056e-13,NaN,diag_feasible_at_xpre,0,0,17,17,0,0,8,1.5215727052320663e-14,1.12.6,lbt,1,1,Intel(R) Core(TM) 7 150U,NT,2abc7cc
degen-r50-m5-d0.0001-p1,100,AGD-SDAJ,1e-7*n,1.0e-11,8,71,0.365217,0.36074219999999996,98.77475583009551,0.0,0.0002086,0.0,0.0,0.0,0.0,0.004266200000000057,0.4948184881914639,5.674465968473362e-12,-1.3788314052679564e-15,1.5571988143392446e-12,1.5571988143392446e-12,4.678457075891135e-12,1.5571988143392446e-12,NaN,diag_feasible_at_xpre,0,0,26,19,7,0,8,1.5215727052320663e-14,1.12.6,lbt,1,1,Intel(R) Core(TM) 7 150U,NT,2abc7cc
degen-r50-m5-d0.0001-p1,100,Dykstra-APM,1e-7*n,9.999999999999999e-6,36,36,0.1745408,0.1619748,92.80053718099148,0.0,0.0,0.0,0.0,0.0055382,0.0,0.007027799999999994,0.4948184881831279,9.517801414143401e-12,-1.260507144921603e-15,1.5631940186722204e-12,1.5631940186722204e-12,6.664043974063647e-12,1.5631940186722204e-12,NaN,diag_feasible,0,0,0,0,0,0,36,1.5215727052320663e-14,1.12.6,lbt,1,1,Intel(R) Core(TM) 7 150U,NT,2abc7cc
degen-r50-m5-d0.0001-p1,100,Anderson-APM,1e-7*n,9.999999999999999e-6,18,18,0.1101882,0.0775253,70.35717073153023,0.0,0.0,0.0,0.0,0.0,0.0280474,0.004615499999999995,0.49481848818696655,5.32252525732382e-12,-1.726501481862946e-15,2.567501766748137e-12,2.567501766748137e-12,3.966419349458727e-12,2.567501766748137e-12,NaN,diag_feasible,0,0,0,0,0,0,18,1.5215727052320663e-14,1.12.6,lbt,1,1,Intel(R) Core(TM) 7 150U,NT,2abc7cc
degen-r50-m5-d0.0001-p2,100,SBB-Dual,1e-7*n,1.0e-11,13,14,0.067047,0.0656711,97.94785747311587,8.43e-5,3.87e-5,0.000231,0.0,0.0,0.0,0.0010218999999999992,0.49344138879917215,7.86667928983771e-12,-1.5535818531551564e-15,2.596589609993316e-12,0.0,8.638855976230423e-12,2.596589609993316e-12,8.333333333333334,diag_feasible,0,0,0,0,0,0,13,2.143851871992074e-14,1.12.6,lbt,1,1,Intel(R) Core(TM) 7 150U,NT,2abc7cc
degen-r50-m5-d0.0001-p2,100,Newton-SIN-BH,1e-7*n,9.999999999999999e-6,4,5,0.0326159,0.022479799999999998,68.92282598364599,0.0,1.75e-5,0.0,0.0093697,0.0,0.0,0.0007489000000000055,0.4934413887991776,1.2850804997344905e-13,-1.6822874245015176e-15,5.995204332975845e-15,5.995204332975845e-15,2.453065346182003e-14,5.995204332975845e-15,NaN,converged,15,15,0,0,0,0,4,2.143851871992074e-14,1.12.6,lbt,1,1,Intel(R) Core(TM) 7 150U,NT,2abc7cc
degen-r50-m5-d0.0001-p2,100,Newton-SIN,1e-7*n,9.999999999999999e-6,4,9,0.0532751,0.043755,82.13030102242888,0.0,1.98e-5,0.0,0.008849,0.0,0.0,0.000651299999999997,0.4934413887991776,1.2850804997344905e-13,-1.6822874245015176e-15,5.995204332975845e-15,5.995204332975845e-15,2.453065346182003e-14,5.995204332975845e-15,NaN,converged,15,15,0,0,0,0,4,2.143851871992074e-14,1.12.6,lbt,1,1,Intel(R) Core(TM) 7 150U,NT,2abc7cc
degen-r50-m5-d0.0001-p2,100,AGD-SDAJ-BH,1e-7*n,1.0e-11,6,37,0.1961518,0.1933842,98.5890519485419,0.0,0.0001314,0.0,0.0,0.0,0.0,0.0026361999999999814,0.49344138880401683,9.74925154031195e-12,-1.6295714581382748e-15,3.1177282977523646e-12,3.1177282977523646e-12,7.723707587727121e-12,3.1177282977523646e-12,NaN,diag_feasible_at_xpre,0,0,4,4,0,0,6,2.143851871992074e-14,1.12.6,lbt,1,1,Intel(R) Core(TM) 7 150U,NT,2abc7cc
degen-r50-m5-d0.0001-p2,100,AGD-SDAJ,1e-7*n,1.0e-11,108,4013,19.6868285,19.328532,98.1800191940515,0.0,0.0111673,0.0,0.0,0.0,0.0,0.3471292000000016,0.4934414018153497,3.4717628566155254e-8,-1.811541207297988e-15,1.5659434415837836e-8,1.5659434415837836e-8,2.9150725300208245e-8,1.5659434415837836e-8,NaN,evd_budget,0,0,3469,4,3465,0,108,2.143851871992074e-14,1.12.6,lbt,1,1,Intel(R) Core(TM) 7 150U,NT,2abc7cc
degen-r50-m5-d0.0001-p2,100,Dykstra-APM,1e-7*n,9.999999999999999e-6,36,36,0.1759771,0.1630814,92.67194424729125,0.0,0.0,0.0,0.0,0.0060799,0.0,0.00681580000000001,0.4934413887918281,1.1643676886584615e-11,-1.4141764471377283e-15,1.5611956172278951e-12,1.5611956172278951e-12,8.140572072516282e-12,1.5611956172278951e-12,NaN,diag_feasible,0,0,0,0,0,0,36,2.143851871992074e-14,1.12.6,lbt,1,1,Intel(R) Core(TM) 7 150U,NT,2abc7cc
degen-r50-m5-d0.0001-p2,100,Anderson-APM,1e-7*n,9.999999999999999e-6,17,17,0.105054,0.073076,69.56041654768025,0.0,0.0,0.0,0.0,0.0,0.0280647,0.003913299999999991,0.49344138879514154,6.693948240745408e-12,-1.6692426798376863e-15,1.496358592589786e-12,1.496358592589786e-12,4.7407380173521214e-12,1.496358592589786e-12,NaN,diag_feasible,0,0,0,0,0,0,17,2.143851871992074e-14,1.12.6,lbt,1,1,Intel(R) Core(TM) 7 150U,NT,2abc7cc
degen-r50-m5-d0.0001-p3,100,SBB-Dual,1e-7*n,1.0e-11,13,14,0.0425841,0.041782599999999996,98.11784210538676,5.66e-5,3.48e-5,8.03e-5,0.0,0.0,0.0,0.0006298000000000037,0.4925832178116379,3.662386449303245e-12,-1.6301703704040805e-15,1.5638601524869955e-12,0.0,4.067709108080053e-12,1.5638601524869955e-12,0.0,diag_feasible,0,0,0,0,0,0,13,1.8051966916824947e-14,1.12.6,lbt,1,1,Intel(R) Core(TM) 7 150U,NT,2abc7cc
degen-r50-m5-d0.0001-p3,100,Newton-SIN-BH,1e-7*n,9.999999999999999e-6,4,5,0.0315186,0.02123,67.35705266096844,0.0,5.62e-5,0.0,0.009399,0.0,0.0,0.0008334000000000032,0.49258321781163755,1.7830569790617544e-13,-1.639882545480255e-15,1.2656542480726785e-14,1.2656542480726785e-14,2.8422793611897766e-14,1.2656542480726785e-14,NaN,converged,15,15,0,0,0,0,4,1.8051966916824947e-14,1.12.6,lbt,1,1,Intel(R) Core(TM) 7 150U,NT,2abc7cc
degen-r50-m5-d0.0001-p3,100,Newton-SIN,1e-7*n,9.999999999999999e-6,5,12,0.0631381,0.048821199999999995,77.32446811038025,0.0,2.45e-5,0.0,0.0136565,0.0,0.0,0.000635900000000007,0.4925832178116378,1.274927915620486e-13,-1.3438477129224953e-15,5.995204332975845e-15,5.995204332975845e-15,1.8161904964710603e-14,5.995204332975845e-15,NaN,converged,23,23,1,0,0,0,5,1.8051966916824947e-14,1.12.6,lbt,1,1,Intel(R) Core(TM) 7 150U,NT,2abc7cc
degen-r50-m5-d0.0001-p3,100,AGD-SDAJ-BH,1e-7*n,1.0e-11,7,57,0.1633967,0.16115700000000002,98.62928688278284,0.0,0.0001139,0.0,0.0,0.0,0.0,0.0021257999999999833,0.4925832178161957,8.47959631170495e-12,-1.3297525285348134e-15,3.140820936664568e-12,3.140820936664568e-12,6.513752717853078e-12,3.140820936664568e-12,NaN,diag_feasible,0,0,14,14,0,0,7,1.8051966916824947e-14,1.12.6,lbt,1,1,Intel(R) Core(TM) 7 150U,NT,2abc7cc
degen-r50-m5-d0.0001-p3,100,AGD-SDAJ,1e-7*n,1.0e-11,7,58,0.2874308,0.2828502,98.40636424488956,0.0,0.0002249,0.0,0.0,0.0,0.0,0.00435569999999999,0.4925832178161973,8.481424709019698e-12,-1.6752737217414335e-15,3.1399327582448677e-12,3.1399327582448677e-12,6.514842385140779e-12,3.1399327582448677e-12,NaN,diag_feasible,0,0,15,14,1,0,7,1.8051966916824947e-14,1.12.6,lbt,1,1,Intel(R) Core(TM) 7 150U,NT,2abc7cc
degen-r50-m5-d0.0001-p3,100,Dykstra-APM,1e-7*n,9.999999999999999e-6,36,36,0.1789347,0.1660323,92.78932482073068,0.0,0.0,0.0,0.0,0.0059527,0.0,0.006949700000000008,0.4925832178039707,1.2090812860782134e-11,-1.5528040333549402e-15,1.765476653758924e-12,1.765476653758924e-12,8.458160210854209e-12,1.765476653758924e-12,NaN,diag_feasible,0,0,0,0,0,0,36,1.8051966916824947e-14,1.12.6,lbt,1,1,Intel(R) Core(TM) 7 150U,NT,2abc7cc
degen-r50-m5-d0.0001-p3,100,Anderson-APM,1e-7*n,9.999999999999999e-6,17,17,0.1123359,0.0805636,71.71669964810893,0.0,0.0,0.0,0.0,0.0,0.0274127,0.004359600000000002,0.49258321781462,5.2590197395861695e-12,-1.4685181814727863e-15,8.305578447220796e-13,8.305578447220796e-13,3.861960699007567e-12,8.305578447220796e-13,NaN,diag_feasible,0,0,0,0,0,0,17,1.8051966916824947e-14,1.12.6,lbt,1,1,Intel(R) Core(TM) 7 150U,NT,2abc7cc
degen-r50-m5-d0.0001-p4,100,SBB-Dual,1e-7*n,1.0e-11,14,15,0.0744957,0.073048,98.05666635792402,0.0001156,6.44e-5,0.0002398,0.0,0.0,0.0,0.001027899999999996,0.49315457215049063,1.574823066835491e-12,-1.7264569090198965e-15,5.979661210631093e-13,0.0,1.6376658085674493e-12,5.979661210631093e-13,15.384615384615385,diag_feasible,0,0,0,0,0,0,14,2.1245329445657076e-14,1.12.6,lbt,1,1,Intel(R) Core(TM) 7 150U,NT,2abc7cc
degen-r50-m5-d0.0001-p4,100,Newton-SIN-BH,1e-7*n,9.999999999999999e-6,4,5,0.0328376,0.0220794,67.23816600482373,0.0,2.18e-5,0.0,0.0098431,0.0,0.0,0.0008933000000000014,0.4931545721504901,2.5831114270334484e-13,-1.5424865409247662e-15,1.2101430968414206e-14,1.2101430968414206e-14,3.572486544527215e-14,1.2101430968414206e-14,NaN,converged,15,15,0,0,0,0,4,2.1245329445657076e-14,1.12.6,lbt,1,1,Intel(R) Core(TM) 7 150U,NT,2abc7cc
degen-r50-m5-d0.0001-p4,100,Newton-SIN,1e-7*n,9.999999999999999e-6,4,9,0.046495,0.0366394,78.80288203032585,0.0,2.3e-5,0.0,0.0091879,0.0,0.0,0.000644699999999998,0.4931545721504901,2.5831114270334484e-13,-1.5424865409247662e-15,1.2101430968414206e-14,1.2101430968414206e-14,3.572486544527215e-14,1.2101430968414206e-14,NaN,converged,15,15,0,0,0,0,4,2.1245329445657076e-14,1.12.6,lbt,1,1,Intel(R) Core(TM) 7 150U,NT,2abc7cc
degen-r50-m5-d0.0001-p4,100,AGD-SDAJ-BH,1e-7*n,1.0e-11,7,47,0.2624788,0.2595749,98.89366303107145,0.0,0.0001319,0.0,0.0,0.0,0.0,0.002772000000000015,0.4931545721542566,8.15907202062169e-12,-1.526532872711248e-15,4.459432823011866e-12,4.459432823011866e-12,6.682007569840993e-12,4.459432823011866e-12,NaN,diag_feasible,0,0,6,6,0,0,7,2.1245329445657076e-14,1.12.6,lbt,1,1,Intel(R) Core(TM) 7 150U,NT,2abc7cc
degen-r50-m5-d0.0001-p4,100,AGD-SDAJ,1e-7*n,1.0e-11,7,48,0.2227801,0.2197905,98.65804890113614,0.0,0.0001303,0.0,0.0,0.0,0.0,0.002859300000000009,0.49315457215425546,8.160550826373307e-12,-1.3955214110267346e-15,4.458211577684779e-12,4.458211577684779e-12,6.680049406778107e-12,4.458211577684779e-12,NaN,diag_feasible,0,0,7,6,1,0,7,2.1245329445657076e-14,1.12.6,lbt,1,1,Intel(R) Core(TM) 7 150U,NT,2abc7cc
degen-r50-m5-d0.0001-p4,100,Dykstra-APM,1e-7*n,9.999999999999999e-6,36,36,0.1207963,0.1123768,93.03000174674224,0.0,0.0,0.0,0.0,0.0045152,0.0,0.003904299999999997,0.49315457214222025,1.3086751212494559e-11,-1.726360403351305e-15,1.6786572132332367e-12,1.6786572132332367e-12,9.139883233585162e-12,1.6786572132332367e-12,NaN,diag_feasible,0,0,0,0,0,0,36,2.1245329445657076e-14,1.12.6,lbt,1,1,Intel(R) Core(TM) 7 150U,NT,2abc7cc
degen-r50-m5-d0.0001-p4,100,Anderson-APM,1e-7*n,9.999999999999999e-6,18,18,0.1167455,0.0828465,70.96333477521618,0.0,0.0,0.0,0.0,0.0,0.0285428,0.0053561999999999985,0.49315457214827874,6.243590299376172e-12,-1.6172666762569364e-15,2.4000801346346634e-12,2.4000801346346634e-12,4.797589460510791e-12,2.4000801346346634e-12,NaN,diag_feasible,0,0,0,0,0,0,18,2.1245329445657076e-14,1.12.6,lbt,1,1,Intel(R) Core(TM) 7 150U,NT,2abc7cc
degen-r50-m5-d1e-06-p0,100,SBB-Dual,1e-7*n,1.0e-11,13,14,0.0658519,0.0645558,98.03179558980074,8.14e-5,4.57e-5,0.0002298,0.0,0.0,0.0,0.0009392000000000083,0.49452276402173134,6.1931427308841145e-12,-1.8401772456515442e-15,1.960986928395414e-12,0.0,6.436916845063595e-12,1.960986928395414e-12,8.333333333333334,diag_feasible,0,0,0,0,0,0,13,9.298281877668311e-14,1.12.6,lbt,1,1,Intel(R) Core(TM) 7 150U,NT,2abc7cc
degen-r50-m5-d1e-06-p0,100,Newton-SIN-BH,1e-7*n,9.999999999999999e-6,4,5,0.0291901,0.0204756,70.14570008324739,0.0,1.63e-5,0.0,0.0080133,0.0,0.0,0.0006849000000000004,0.49452276402173145,1.9243442725305023e-13,-1.6462135516038096e-15,4.0190073491430667e-14,4.0190073491430667e-14,8.536034036239394e-14,4.0190073491430667e-14,NaN,converged,14,14,0,0,0,0,4,9.298281877668311e-14,1.12.6,lbt,1,1,Intel(R) Core(TM) 7 150U,NT,2abc7cc
degen-r50-m5-d1e-06-p0,100,Newton-SIN,1e-7*n,9.999999999999999e-6,4,9,0.0464134,0.0375603,80.92555167257731,0.0,1.7e-5,0.0,0.008368,0.0,0.0,0.00046810000000000254,0.49452276402173145,1.9243442725305023e-13,-1.6462135516038096e-15,4.0190073491430667e-14,4.0190073491430667e-14,8.536034036239394e-14,4.0190073491430667e-14,NaN,converged,14,14,0,0,0,0,4,9.298281877668311e-14,1.12.6,lbt,1,1,Intel(R) Core(TM) 7 150U,NT,2abc7cc
degen-r50-m5-d1e-06-p0,100,AGD-SDAJ-BH,1e-7*n,1.0e-11,6,47,0.214079,0.211386,98.74205316728872,0.0,0.0001201,0.0,0.0,0.0,0.0,0.002572900000000001,0.494522764025412,6.6833503738708645e-12,-1.624741957697975e-15,1.748712286087084e-12,1.748712286087084e-12,4.994464879830968e-12,1.748712286087084e-12,NaN,diag_feasible,0,0,10,10,0,0,6,9.298281877668311e-14,1.12.6,lbt,1,1,Intel(R) Core(TM) 7 150U,NT,2abc7cc
degen-r50-m5-d1e-06-p0,100,AGD-SDAJ,1e-7*n,1.0e-11,6,51,0.1203744,0.11858400000000001,98.5126405614483,0.0,9.09e-5,0.0,0.0,0.0,0.0,0.0016994999999999975,0.49452276402539447,6.660396592867833e-12,-1.684738611920076e-15,1.7473800184575339e-12,1.7473800184575339e-12,4.972602904717135e-12,1.7473800184575339e-12,NaN,diag_feasible,0,0,14,10,4,0,6,9.298281877668311e-14,1.12.6,lbt,1,1,Intel(R) Core(TM) 7 150U,NT,2abc7cc
degen-r50-m5-d1e-06-p0,100,Dykstra-APM,1e-7*n,9.999999999999999e-6,35,35,0.1716457,0.1583393,92.24775220119116,0.0,0.0,0.0,0.0,0.0064362,0.0,0.006870200000000023,0.4945227640141798,1.2179809242090851e-11,-1.4855348647398114e-15,2.1653789872289053e-12,2.1653789872289053e-12,8.517679667691608e-12,2.1653789872289053e-12,NaN,diag_feasible,0,0,0,0,0,0,35,9.298281877668311e-14,1.12.6,lbt,1,1,Intel(R) Core(TM) 7 150U,NT,2abc7cc
degen-r50-m5-d1e-06-p0,100,Anderson-APM,1e-7*n,9.999999999999999e-6,17,17,0.106289,0.0752132,70.76291996349575,0.0,0.0,0.0,0.0,0.0,0.0267682,0.004307600000000002,0.4945227640152952,1.0746169497988895e-11,-1.5804472675980585e-15,2.1240786907128495e-12,2.1240786907128495e-12,7.580164537793941e-12,2.1240786907128495e-12,NaN,diag_feasible,0,0,0,0,0,0,17,9.298281877668311e-14,1.12.6,lbt,1,1,Intel(R) Core(TM) 7 150U,NT,2abc7cc
degen-r50-m5-d1e-06-p1,100,SBB-Dual,1e-7*n,1.0e-11,13,14,0.0676439,0.0665058,98.31751273950792,8.49e-5,3.98e-5,0.0002324,0.0,0.0,0.0,0.000781000000000003,0.4948613905936464,4.5117976856205125e-12,-1.746594020553417e-15,7.125411372044255e-13,0.0,4.498561533000039e-12,7.125411372044255e-13,8.333333333333334,diag_feasible,0,0,0,0,0,0,13,4.937722362642134e-14,1.12.6,lbt,1,1,Intel(R) Core(TM) 7 150U,NT,2abc7cc
degen-r50-m5-d1e-06-p1,100,Newton-SIN-BH,1e-7*n,9.999999999999999e-6,4,5,0.0329904,0.022926600000000002,69.49476211261458,0.0,1.64e-5,0.0,0.0090989,0.0,0.0,0.0009485000000000014,0.4948613905936476,2.7713857464300296e-13,-1.5665554224842961e-15,3.68594044175552e-14,3.68594044175552e-14,7.52817993038873e-14,3.68594044175552e-14,NaN,converged,14,14,0,0,0,0,4,4.937722362642134e-14,1.12.6,lbt,1,1,Intel(R) Core(TM) 7 150U,NT,2abc7cc
degen-r50-m5-d1e-06-p1,100,Newton-SIN,1e-7*n,9.999999999999999e-6,4,9,0.0493969,0.039752199999999994,80.47509054211902,0.0,2.49e-5,0.0,0.0089294,0.0,0.0,0.0006904000000000059,0.4948613905936476,2.7713857464300296e-13,-1.5665554224842961e-15,3.68594044175552e-14,3.68594044175552e-14,7.52817993038873e-14,3.68594044175552e-14,NaN,converged,14,14,0,0,0,0,4,4.937722362642134e-14,1.12.6,lbt,1,1,Intel(R) Core(TM) 7 150U,NT,2abc7cc
degen-r50-m5-d1e-06-p1,100,AGD-SDAJ-BH,1e-7*n,1.0e-11,7,46,0.1242088,0.12243190000000001,98.56942503268691,0.0,8.97e-5,0.0,0.0,0.0,0.0,0.001687199999999984,0.49486139059565803,3.6147230025691954e-12,-1.8579994556814164e-15,8.004708007547379e-13,8.004708007547379e-13,2.716795313637652e-12,8.004708007547379e-13,NaN,diag_feasible_at_xpre,0,0,7,7,0,0,7,4.937722362642134e-14,1.12.6,lbt,1,1,Intel(R) Core(TM) 7 150U,NT,2abc7cc
degen-r50-m5-d1e-06-p1,100,AGD-SDAJ,1e-7*n,1.0e-11,7,68,0.3645721,0.3575559,98.0754972747503,0.0,0.000227,0.0,0.0,0.0,0.0,0.006789200000000028,0.49486139058831224,9.666196016380364e-12,-1.3122647460434512e-15,1.8387513733841843e-12,1.8387513733841843e-12,7.223585864033263e-12,1.8387513733841843e-12,NaN,diag_feasible_at_xpre,0,0,29,7,22,0,7,4.937722362642134e-14,1.12.6,lbt,1,1,Intel(R) Core(TM) 7 150U,NT,2abc7cc
degen-r50-m5-d1e-06-p1,100,Dykstra-APM,1e-7*n,9.999999999999999e-6,35,35,0.1829568,0.1655918,90.50868838982755,0.0,0.0,0.0,0.0,0.0076946,0.0,0.009670399999999992,0.49486139058695866,1.0640774684203483e-11,-1.5442340781925125e-15,1.7470469515501463e-12,1.7470469515501463e-12,7.463044010292079e-12,1.7470469515501463e-12,NaN,diag_feasible,0,0,0,0,0,0,35,4.937722362642134e-14,1.12.6,lbt,1,1,Intel(R) Core(TM) 7 150U,NT,2abc7cc
degen-r50-m5-d1e-06-p1,100,Anderson-APM,1e-7*n,9.999999999999999e-6,16,16,0.099552,0.0704787,70.79586547733848,0.0,0.0,0.0,0.0,0.0,0.025179,0.0038942999999999964,0.4948613905865135,1.1512704706522132e-11,-1.6219293495876691e-15,1.6566747973456586e-12,1.6566747973456586e-12,8.16428646276548e-12,1.6566747973456586e-12,NaN,diag_feasible,0,0,0,0,0,0,16,4.937722362642134e-14,1.12.6,lbt,1,1,Intel(R) Core(TM) 7 150U,NT,2abc7cc
degen-r50-m5-d1e-06-p2,100,SBB-Dual,1e-7*n,1.0e-11,14,15,0.0684137,0.0672755,98.33629813911541,8.4e-5,3.49e-5,0.0002319,0.0,0.0,0.0,0.0007873999999999919,0.49348307590137674,9.43296544838811e-13,-1.8518411660983456e-15,3.8535841184739184e-13,0.0,1.103521465290601e-12,3.8535841184739184e-13,15.384615384615385,diag_feasible,0,0,0,0,0,0,14,7.330743026017252e-14,1.12.6,lbt,1,1,Intel(R) Core(TM) 7 150U,NT,2abc7cc
degen-r50-m5-d1e-06-p2,100,Newton-SIN-BH,1e-7*n,9.999999999999999e-6,4,5,0.0350518,0.0258547,73.76140454983766,0.0,1.6e-5,0.0,0.008392,0.0,0.0,0.0007890999999999992,0.493483075901377,1.0670380146164976e-13,-1.4573758533256287e-15,3.597122599785507e-14,3.597122599785507e-14,7.11368851253081e-14,3.597122599785507e-14,NaN,converged,14,14,0,0,0,0,4,7.330743026017252e-14,1.12.6,lbt,1,1,Intel(R) Core(TM) 7 150U,NT,2abc7cc
degen-r50-m5-d1e-06-p2,100,Newton-SIN,1e-7*n,9.999999999999999e-6,4,9,0.0467676,0.0378041,80.83395342074428,0.0,4.78e-5,0.0,0.0084104,0.0,0.0,0.0005052999999999985,0.493483075901377,1.0670380146164976e-13,-1.4573758533256287e-15,3.597122599785507e-14,3.597122599785507e-14,7.11368851253081e-14,3.597122599785507e-14,NaN,converged,14,14,0,0,0,0,4,7.330743026017252e-14,1.12.6,lbt,1,1,Intel(R) Core(TM) 7 150U,NT,2abc7cc
degen-r50-m5-d1e-06-p2,100,AGD-SDAJ-BH,1e-7*n,1.0e-11,7,52,0.257373,0.253312,98.42213441192354,0.0,0.0001652,0.0,0.0,0.0,0.0,0.003895800000000037,0.4934830759036752,4.383988719803244e-12,-1.4118006241050468e-15,1.2434497875801753e-12,1.2434497875801753e-12,3.3565040769660443e-12,1.2434497875801753e-12,NaN,diag_feasible,0,0,9,9,0,0,7,7.330743026017252e-14,1.12.6,lbt,1,1,Intel(R) Core(TM) 7 150U,NT,2abc7cc
degen-r50-m5-d1e-06-p2,100,AGD-SDAJ,1e-7*n,1.0e-11,7,77,0.1867948,0.1838471,98.42195821296953,0.0,0.0001727,0.0,0.0,0.0,0.0,0.0027749999999999975,0.4934830759034616,3.961323026887016e-12,-1.553274649713575e-15,6.304956556846264e-13,6.304956556846264e-13,2.983463162234627e-12,6.304956556846264e-13,NaN,diag_feasible,0,0,35,8,27,0,7,7.330743026017252e-14,1.12.6,lbt,1,1,Intel(R) Core(TM) 7 150U,NT,2abc7cc
degen-r50-m5-d1e-06-p2,100,Dykstra-APM,1e-7*n,9.999999999999999e-6,35,35,0.173939,0.1602031,92.10303612185879,0.0,0.0,0.0,0.0,0.0065023,0.0,0.007233600000000023,0.49348307589278917,1.3604583216396623e-11,-1.7285650700855562e-15,1.8349766151004587e-12,1.8349766151004587e-12,9.521908077548287e-12,1.8349766151004587e-12,NaN,diag_feasible,0,0,0,0,0,0,35,7.330743026017252e-14,1.12.6,lbt,1,1,Intel(R) Core(TM) 7 150U,NT,2abc7cc
degen-r50-m5-d1e-06-p2,100,Anderson-APM,1e-7*n,9.999999999999999e-6,17,17,0.1073234,0.0759044,70.72493044387338,0.0,0.0,0.0,0.0,0.0,0.0273417,0.0040773000000000025,0.49348307589792395,5.739993037630957e-12,-1.271820023334051e-15,1.0622613899613498e-12,1.0622613899613498e-12,4.084621274907115e-12,1.0622613899613498e-12,NaN,diag_feasible,0,0,0,0,0,0,17,7.330743026017252e-14,1.12.6,lbt,1,1,Intel(R) Core(TM) 7 150U,NT,2abc7cc
degen-r50-m5-d1e-06-p3,100,SBB-Dual,1e-7*n,1.0e-11,13,14,0.0639968,0.06271790000000001,98.00161883094155,8.14e-5,3.72e-5,0.0002475,0.0,0.0,0.0,0.0009127999999999995,0.49262354580493656,7.906494259298821e-12,-1.780036481448297e-15,2.336464355323642e-12,0.0,8.694723911806838e-12,2.336464355323642e-12,8.333333333333334,diag_feasible,0,0,0,0,0,0,13,9.6341326175058e-14,1.12.6,lbt,1,1,Intel(R) Core(TM) 7 150U,NT,2abc7cc
degen-r50-m5-d1e-06-p3,100,Newton-SIN-BH,1e-7*n,9.999999999999999e-6,4,5,0.0343063,0.024005000000000002,69.97257063571415,0.0,1.64e-5,0.0,0.0095546,0.0,0.0,0.0007302999999999962,0.49262354580493395,1.2820225570396042e-13,-1.6160860163158316e-15,2.9753977059954195e-14,2.9753977059954195e-14,9.076125851408491e-14,2.9753977059954195e-14,NaN,converged,14,14,0,0,0,0,4,9.6341326175058e-14,1.12.6,lbt,1,1,Intel(R) Core(TM) 7 150U,NT,2abc7cc
degen-r50-m5-d1e-06-p3,100,Newton-SIN,1e-7*n,9.999999999999999e-6,4,9,0.0480821,0.0386521,80.38771185118786,0.0,1.73e-5,0.0,0.0088462,0.0,0.0,0.000566500000000001,0.49262354580493395,1.2820225570396042e-13,-1.6160860163158316e-15,2.9753977059954195e-14,2.9753977059954195e-14,9.076125851408491e-14,2.9753977059954195e-14,NaN,converged,14,14,0,0,0,0,4,9.6341326175058e-14,1.12.6,lbt,1,1,Intel(R) Core(TM) 7 150U,NT,2abc7cc
degen-r50-m5-d1e-06-p3,100,AGD-SDAJ-BH,1e-7*n,1.0e-11,8,55,0.2793313,0.2749096,98.41704098323387,0.0,0.0002355,0.0,0.0,0.0,0.0,0.004186200000000029,0.4926235458077558,6.497319153786416e-12,-1.6006260989268662e-15,3.775202372935382e-12,3.775202372935382e-12,5.3899350697600894e-12,3.775202372935382e-12,NaN,diag_feasible_at_xpre,0,0,10,10,0,0,8,9.6341326175058e-14,1.12.6,lbt,1,1,Intel(R) Core(TM) 7 150U,NT,2abc7cc
degen-r50-m5-d1e-06-p3,100,AGD-SDAJ,1e-7*n,1.0e-11,7,65,0.3295627,0.3245403,98.47604112965455,0.0,0.000334,0.0,0.0,0.0,0.0,0.004688399999999982,0.49262354580591283,1.7625343362775e-12,-1.4744057043232743e-15,4.0034642267983145e-13,4.0034642267983145e-13,1.3036864434297034e-12,4.0034642267983145e-13,NaN,diag_feasible,0,0,22,9,13,0,7,9.6341326175058e-14,1.12.6,lbt,1,1,Intel(R) Core(TM) 7 150U,NT,2abc7cc
degen-r50-m5-d1e-06-p3,100,Dykstra-APM,1e-7*n,9.999999999999999e-6,36,36,0.185391,0.1723507,92.96605552588854,0.0,0.0,0.0,0.0,0.0062334,0.0,0.006806900000000005,0.49262354580012485,7.57618503201224e-12,-1.5340863384838793e-15,1.1097789354153065e-12,1.1097789354153065e-12,5.309925777170936e-12,1.1097789354153065e-12,NaN,diag_feasible,0,0,0,0,0,0,36,9.6341326175058e-14,1.12.6,lbt,1,1,Intel(R) Core(TM) 7 150U,NT,2abc7cc
degen-r50-m5-d1e-06-p3,100,Anderson-APM,1e-7*n,9.999999999999999e-6,16,16,0.0453847,0.0373651,82.32972785982942,0.0,0.0,0.0,0.0,0.0,0.0066448,0.0013748000000000015,0.4926235458064644,5.862869625001609e-12,-1.5539731191656172e-15,2.511324481702104e-12,2.511324481702104e-12,4.613754429880392e-12,2.511324481702104e-12,NaN,diag_feasible,0,0,0,0,0,0,16,9.6341326175058e-14,1.12.6,lbt,1,1,Intel(R) Core(TM) 7 150U,NT,2abc7cc
degen-r50-m5-d1e-06-p4,100,SBB-Dual,1e-7*n,1.0e-11,14,15,0.0778993,0.0763148,97.96596375063703,9.49e-5,4.9e-5,0.0002335,0.0,0.0,0.0,0.0012071000000000026,0.4931963573039679,3.646667310430252e-12,-1.8189943554495166e-15,8.180123245438153e-13,0.0,3.678200947223088e-12,8.180123245438153e-13,7.6923076923076925,diag_feasible,0,0,0,0,0,0,14,7.684932981418088e-14,1.12.6,lbt,1,1,Intel(R) Core(TM) 7 150U,NT,2abc7cc
degen-r50-m5-d1e-06-p4,100,Newton-SIN-BH,1e-7*n,9.999999999999999e-6,4,5,0.0315333,0.022431100000000002,71.13464179137611,0.0,1.52e-5,0.0,0.0083515,0.0,0.0,0.0007354999999999983,0.4931963573039642,2.1155868827307635e-13,-1.6260619173296732e-15,3.8191672047105385e-14,3.8191672047105385e-14,8.210547772943843e-14,3.8191672047105385e-14,NaN,converged,14,14,0,0,0,0,4,7.684932981418088e-14,1.12.6,lbt,1,1,Intel(R) Core(TM) 7 150U,NT,2abc7cc
degen-r50-m5-d1e-06-p4,100,Newton-SIN,1e-7*n,9.999999999999999e-6,4,9,0.0492008,0.0396882,80.66576153233281,0.0,1.46e-5,0.0,0.0089502,0.0,0.0,0.0005478000000000028,0.4931963573039642,2.1155868827307635e-13,-1.6260619173296732e-15,3.8191672047105385e-14,3.8191672047105385e-14,8.210547772943843e-14,3.8191672047105385e-14,NaN,converged,14,14,0,0,0,0,4,7.684932981418088e-14,1.12.6,lbt,1,1,Intel(R) Core(TM) 7 150U,NT,2abc7cc
degen-r50-m5-d1e-06-p4,100,AGD-SDAJ-BH,1e-7*n,1.0e-11,6,34,0.2606069,0.2572443,98.70970415595289,0.0,0.0001401,0.0,0.0,0.0,0.0,0.0032224999999999936,0.4931963573077628,9.413641022335653e-12,-1.4532512998557298e-15,3.2822633500018128e-12,3.2822633500018128e-12,7.820915352310243e-12,3.2822633500018128e-12,NaN,diag_feasible_at_xpre,0,0,1,1,0,0,6,7.684932981418088e-14,1.12.6,lbt,1,1,Intel(R) Core(TM) 7 150U,NT,2abc7cc
degen-r50-m5-d1e-06-p4,100,AGD-SDAJ,1e-7*n,1.0e-11,6,34,0.1730917,0.1712088,98.91219509658754,0.0,9.18e-5,0.0,0.0,0.0,0.0,0.001791099999999993,0.4931963573077628,9.413641022335653e-12,-1.4532512998557298e-15,3.2822633500018128e-12,3.2822633500018128e-12,7.820915352310243e-12,3.2822633500018128e-12,NaN,diag_feasible_at_xpre,0,0,1,1,0,0,6,7.684932981418088e-14,1.12.6,lbt,1,1,Intel(R) Core(TM) 7 150U,NT,2abc7cc
degen-r50-m5-d1e-06-p4,100,Dykstra-APM,1e-7*n,9.999999999999999e-6,36,36,0.1828875,0.1694274,92.64022964937462,0.0,0.0,0.0,0.0,0.0059693,0.0,0.007490800000000002,0.49319635729882894,8.122547436990466e-12,-1.809014745279468e-15,1.049604847480623e-12,1.049604847480623e-12,5.682458345203555e-12,1.049604847480623e-12,NaN,diag_feasible,0,0,0,0,0,0,36,7.684932981418088e-14,1.12.6,lbt,1,1,Intel(R) Core(TM) 7 150U,NT,2abc7cc
degen-r50-m5-d1e-06-p4,100,Anderson-APM,1e-7*n,9.999999999999999e-6,17,17,0.1044424,0.0739434,70.79825817867074,0.0,0.0,0.0,0.0,0.0,0.026255,0.004243999999999998,0.49319635729758454,1.2706521247432458e-11,-1.4633659987968231e-15,3.4012792582416296e-12,3.4012792582416296e-12,9.365254471148232e-12,3.4012792582416296e-12,NaN,diag_feasible,0,0,0,0,0,0,17,7.684932981418088e-14,1.12.6,lbt,1,1,Intel(R) Core(TM) 7 150U,NT,2abc7cc
degen-r50-m5-d1e-08-p0,100,SBB-Dual,1e-7*n,1.0e-11,13,14,0.0649319,0.0639145,98.43312763064071,7.89e-5,3.62e-5,0.0001332,0.0,0.0,0.0,0.0007691000000000016,0.4945231906945803,6.000646433514077e-12,-1.7350893487557968e-15,2.0562440639082524e-12,0.0,6.2493090324882645e-12,2.0562440639082524e-12,8.333333333333334,diag_feasible,0,0,0,0,0,0,13,6.284970483165479e-14,1.12.6,lbt,1,1,Intel(R) Core(TM) 7 150U,NT,2abc7cc
degen-r50-m5-d1e-08-p0,100,Newton-SIN-BH,1e-7*n,9.999999999999999e-6,4,5,0.0343123,0.020210099999999998,58.900452607374035,0.0,1.74e-5,0.0,0.0133634,0.0,0.0,0.0007213999999999988,0.49452319069458306,3.9143164071794727e-13,-1.6532587108940936e-15,1.1213252548714081e-14,1.1213252548714081e-14,4.2701463728582376e-14,1.1213252548714081e-14,NaN,converged,15,15,0,0,0,0,4,6.284970483165479e-14,1.12.6,lbt,1,1,Intel(R) Core(TM) 7 150U,NT,2abc7cc
degen-r50-m5-d1e-08-p0,100,Newton-SIN,1e-7*n,9.999999999999999e-6,4,9,0.0451885,0.035746,79.10419686424645,0.0,1.59e-5,0.0,0.0089419,0.0,0.0,0.0004847000000000011,0.49452319069458306,3.9143164071794727e-13,-1.6532587108940936e-15,1.1213252548714081e-14,1.1213252548714081e-14,4.2701463728582376e-14,1.1213252548714081e-14,NaN,converged,15,15,0,0,0,0,4,6.284970483165479e-14,1.12.6,lbt,1,1,Intel(R) Core(TM) 7 150U,NT,2abc7cc
degen-r50-m5-d1e-08-p0,100,AGD-SDAJ-BH,1e-7*n,1.0e-11,7,47,0.2213289,0.2177461,98.38123263613564,0.0,0.000131,0.0,0.0,0.0,0.0,0.003451799999999997,0.4945231906966025,4.909762455193621e-12,-1.5986216363705524e-15,1.9408918916496987e-12,1.9408918916496987e-12,4.044549614545072e-12,1.9408918916496987e-12,NaN,diag_feasible_at_xpre,0,0,8,8,0,0,7,6.284970483165479e-14,1.12.6,lbt,1,1,Intel(R) Core(TM) 7 150U,NT,2abc7cc
degen-r50-m5-d1e-08-p0,100,AGD-SDAJ,1e-7*n,1.0e-11,6,47,0.2288261,0.22551569999999999,98.55331188181766,0.0,0.0001833,0.0,0.0,0.0,0.0,0.003127100000000019,0.49452319069773076,5.676635269080519e-12,-1.5620397412097049e-15,1.3248291352851993e-12,1.3248291352851993e-12,4.226538458553691e-12,1.3248291352851993e-12,NaN,diag_feasible,0,0,10,8,2,0,6,6.284970483165479e-14,1.12.6,lbt,1,1,Intel(R) Core(TM) 7 150U,NT,2abc7cc
degen-r50-m5-d1e-08-p0,100,Dykstra-APM,1e-7*n,9.999999999999999e-6,34,34,0.1742128,0.1613229,92.60106031244545,0.0,0.0,0.0,0.0,0.0059984,0.0,0.00689150000000001,0.4945231906861349,1.3615718119434696e-11,-1.5249184226489328e-15,2.4362734052374435e-12,2.4362734052374435e-12,9.508155073769186e-12,2.4362734052374435e-12,NaN,diag_feasible,0,0,0,0,0,0,34,6.284970483165479e-14,1.12.6,lbt,1,1,Intel(R) Core(TM) 7 150U,NT,2abc7cc
degen-r50-m5-d1e-08-p0,100,Anderson-APM,1e-7*n,9.999999999999999e-6,16,16,0.1186263,0.0822178,69.30823940390958,0.0,0.0,0.0,0.0,0.0,0.0295335,0.00687500000000001,0.4945231906912732,6.415326020913111e-12,-1.6038648919071465e-15,1.956435013994451e-12,1.956435013994451e-12,4.677802667180847e-12,1.956435013994451e-12,NaN,diag_feasible,0,0,0,0,0,0,16,6.284970483165479e-14,1.12.6,lbt,1,1,Intel(R) Core(TM) 7 150U,NT,2abc7cc
degen-r50-m5-d1e-08-p1,100,SBB-Dual,1e-7*n,1.0e-11,13,14,0.0634653,0.0622953,98.15647290724222,7.92e-5,3.73e-5,0.0003259,0.0,0.0,0.0,0.0007276000000000042,0.49486182005874585,4.517652997236658e-12,-1.983719804363103e-15,7.398526236102043e-13,0.0,4.484782206169009e-12,7.398526236102043e-13,8.333333333333334,diag_feasible,0,0,0,0,0,0,13,6.345660320802441e-14,1.12.6,lbt,1,1,Intel(R) Core(TM) 7 150U,NT,2abc7cc
degen-r50-m5-d1e-08-p1,100,Newton-SIN-BH,1e-7*n,9.999999999999999e-6,4,5,0.0334407,0.0227358,67.98840933353668,0.0,1.68e-5,0.0,0.0099416,0.0,0.0,0.0007464999999999954,0.49486182005874974,1.2646449195132064e-13,-1.4595185542291373e-15,1.2545520178264269e-14,1.2545520178264269e-14,3.0658040423666867e-14,1.2545520178264269e-14,NaN,converged,15,15,0,0,0,0,4,6.345660320802441e-14,1.12.6,lbt,1,1,Intel(R) Core(TM) 7 150U,NT,2abc7cc
degen-r50-m5-d1e-08-p1,100,Newton-SIN,1e-7*n,9.999999999999999e-6,4,9,0.0234744,0.0189776,80.84381283440685,0.0,1.21e-5,0.0,0.0040932,0.0,0.0,0.0003914999999999986,0.49486182005874974,1.2646449195132064e-13,-1.4595185542291373e-15,1.2545520178264269e-14,1.2545520178264269e-14,3.0658040423666867e-14,1.2545520178264269e-14,NaN,converged,15,15,0,0,0,0,4,6.345660320802441e-14,1.12.6,lbt,1,1,Intel(R) Core(TM) 7 150U,NT,2abc7cc
degen-r50-m5-d1e-08-p1,100,AGD-SDAJ-BH,1e-7*n,1.0e-11,6,44,0.210453,0.20601930000000002,97.89325882738665,0.0,0.0001115,0.0,0.0,0.0,0.0,0.004322199999999985,0.49486182006568435,1.3008122271749928e-11,-1.6915213606383185e-15,1.881717004437178e-12,1.881717004437178e-12,9.847111030814407e-12,1.881717004437178e-12,NaN,diag_feasible,0,0,7,7,0,0,6,6.345660320802441e-14,1.12.6,lbt,1,1,Intel(R) Core(TM) 7 150U,NT,2abc7cc
degen-r50-m5-d1e-08-p1,100,AGD-SDAJ,1e-7*n,1.0e-11,6,44,0.1944111,0.1919837,98.75140874157906,0.0,0.0001048,0.0,0.0,0.0,0.0,0.0023225999999999963,0.49486182006568435,1.3008122271749928e-11,-1.6915213606383185e-15,1.881717004437178e-12,1.881717004437178e-12,9.847111030814407e-12,1.881717004437178e-12,NaN,diag_feasible,0,0,7,7,0,0,6,6.345660320802441e-14,1.12.6,lbt,1,1,Intel(R) Core(TM) 7 150U,NT,2abc7cc
degen-r50-m5-d1e-08-p1,100,Dykstra-APM,1e-7*n,9.999999999999999e-6,34,34,0.170176,0.1576979,92.6675324370064,0.0,0.0,0.0,0.0,0.005407,0.0,0.007071099999999992,0.4948618200512452,1.1949395996587697e-11,-1.6751626071991643e-15,1.9630963521422018e-12,1.9630963521422018e-12,8.36865529305277e-12,1.9630963521422018e-12,NaN,diag_feasible,0,0,0,0,0,0,34,6.345660320802441e-14,1.12.6,lbt,1,1,Intel(R) Core(TM) 7 150U,NT,2abc7cc
degen-r50-m5-d1e-08-p1,100,Anderson-APM,1e-7*n,9.999999999999999e-6,16,16,0.1013539,0.0691727,68.24868110649912,0.0,0.0,0.0,0.0,0.0,0.0283015,0.003879699999999993,0.49486182005224577,1.1211287433662893e-11,-1.6082010162718998e-15,2.9265478929119126e-12,2.9265478929119126e-12,8.065312250728348e-12,2.9265478929119126e-12,NaN,diag_feasible,0,0,0,0,0,0,16,6.345660320802441e-14,1.12.6,lbt,1,1,Intel(R) Core(TM) 7 150U,NT,2abc7cc
degen-r50-m5-d1e-08-p2,100,SBB-Dual,1e-7*n,1.0e-11,14,15,0.0955257,0.09404760000000001,98.4526677114117,0.0001159,5.88e-5,0.0002423,0.0,0.0,0.0,0.0010610999999999962,0.4934834932090695,9.186132624215674e-13,-1.5437926717923163e-15,3.9812597663058114e-13,0.0,1.0930053092674516e-12,3.9812597663058114e-13,15.384615384615385,diag_feasible,0,0,0,0,0,0,14,2.4556266131714712e-14,1.12.6,lbt,1,1,Intel(R) Core(TM) 7 150U,NT,2abc7cc
degen-r50-m5-d1e-08-p2,100,Newton-SIN-BH,1e-7*n,9.999999999999999e-6,4,5,0.0311206,0.0208478,66.9903536564205,0.0,1.71e-5,0.0,0.0094411,0.0,0.0,0.0008146000000000021,0.49348349320907253,0.0,-1.4587769634442318e-15,7.66053886991358e-15,7.66053886991358e-15,2.4556266131714712e-14,7.66053886991358e-15,NaN,converged,15,15,0,0,0,0,4,2.4556266131714712e-14,1.12.6,lbt,1,1,Intel(R) Core(TM) 7 150U,NT,2abc7cc
degen-r50-m5-d1e-08-p2,100,Newton-SIN,1e-7*n,9.999999999999999e-6,4,9,0.0470871,0.0370153,78.61027754947746,0.0,2.13e-5,0.0,0.0094216,0.0,0.0,0.0006288999999999982,0.49348349320907253,0.0,-1.4587769634442318e-15,7.66053886991358e-15,7.66053886991358e-15,2.4556266131714712e-14,7.66053886991358e-15,NaN,converged,15,15,0,0,0,0,4,2.4556266131714712e-14,1.12.6,lbt,1,1,Intel(R) Core(TM) 7 150U,NT,2abc7cc
degen-r50-m5-d1e-08-p2,100,AGD-SDAJ-BH,1e-7*n,1.0e-11,6,41,0.1913162,0.18812220000000002,98.33051252324688,0.0,0.0001395,0.0,0.0,0.0,0.0,0.0030544999999999748,0.4934834932101208,1.8807610687639762e-12,-1.5207577691355576e-15,3.9901415505028126e-13,3.9901415505028126e-13,1.4017761993584079e-12,3.9901415505028126e-13,NaN,diag_feasible,0,0,4,4,0,0,6,2.4556266131714712e-14,1.12.6,lbt,1,1,Intel(R) Core(TM) 7 150U,NT,2abc7cc
degen-r50-m5-d1e-08-p2,100,AGD-SDAJ,1e-7*n,1.0e-11,6,60,0.3111742,0.3073754,98.77920470270351,0.0,0.0002035,0.0,0.0,0.0,0.0,0.003595299999999991,0.4934834932081441,3.080332859212448e-12,-1.6780534447318109e-15,1.6227019727921288e-12,1.6227019727921288e-12,2.619262461005872e-12,1.6227019727921288e-12,NaN,diag_feasible,0,0,23,4,19,0,6,2.4556266131714712e-14,1.12.6,lbt,1,1,Intel(R) Core(TM) 7 150U,NT,2abc7cc
degen-r50-m5-d1e-08-p2,100,Dykstra-APM,1e-7*n,9.999999999999999e-6,35,35,0.190764,0.1745222,91.48591977521966,0.0,0.0,0.0,0.0,0.0085173,0.0,0.0077245000000000005,0.49348349320391055,8.181731586703216e-12,-1.5026910869239422e-15,1.113331649094107e-12,1.113331649094107e-12,5.718331122753266e-12,1.113331649094107e-12,NaN,diag_feasible,0,0,0,0,0,0,35,2.4556266131714712e-14,1.12.6,lbt,1,1,Intel(R) Core(TM) 7 150U,NT,2abc7cc
degen-r50-m5-d1e-08-p2,100,Anderson-APM,1e-7*n,9.999999999999999e-6,16,16,0.1105366,0.0776938,70.28785035906658,0.0,0.0,0.0,0.0,0.0,0.0287253,0.004117500000000007,0.4934834932026873,1.098414854928539e-11,-1.7007024228772281e-15,3.105737889086413e-12,3.105737889086413e-12,7.877388868593608e-12,3.105737889086413e-12,NaN,diag_feasible,0,0,0,0,0,0,16,2.4556266131714712e-14,1.12.6,lbt,1,1,Intel(R) Core(TM) 7 150U,NT,2abc7cc
degen-r50-m5-d1e-08-p3,100,SBB-Dual,1e-7*n,1.0e-11,13,14,0.11033,0.1086848,98.50883712498867,0.0001013,6.22e-5,0.0002872,0.0,0.0,0.0,0.0011944999999999994,0.4926239495195683,8.00985712750475e-12,-1.417416954937826e-15,2.3632207302171082e-12,0.0,8.788086307983721e-12,2.3632207302171082e-12,8.333333333333334,diag_feasible,0,0,0,0,0,0,13,1.9008172467201246e-14,1.12.6,lbt,1,1,Intel(R) Core(TM) 7 150U,NT,2abc7cc
degen-r50-m5-d1e-08-p3,100,Newton-SIN-BH,1e-7*n,9.999999999999999e-6,4,5,0.0311861,0.020801,66.69958731614405,0.0,1.67e-5,0.0,0.0095637,0.0,0.0,0.0008047000000000019,0.49262394951957017,1.1761145226995492e-13,-1.4859680501680951e-15,5.329070518200751e-15,5.329070518200751e-15,1.4911332660346915e-14,5.329070518200751e-15,NaN,converged,15,15,0,0,0,0,4,1.9008172467201246e-14,1.12.6,lbt,1,1,Intel(R) Core(TM) 7 150U,NT,2abc7cc
degen-r50-m5-d1e-08-p3,100,Newton-SIN,1e-7*n,9.999999999999999e-6,4,9,0.0469217,0.0376143,80.16397530353761,0.0,1.67e-5,0.0,0.0087493,0.0,0.0,0.000541399999999994,0.49262394951957017,1.1761145226995492e-13,-1.4859680501680951e-15,5.329070518200751e-15,5.329070518200751e-15,1.4911332660346915e-14,5.329070518200751e-15,NaN,converged,15,15,0,0,0,0,4,1.9008172467201246e-14,1.12.6,lbt,1,1,Intel(R) Core(TM) 7 150U,NT,2abc7cc
degen-r50-m5-d1e-08-p3,100,AGD-SDAJ-BH,1e-7*n,1.0e-11,7,48,0.2589606,0.2563273,98.98312716297383,0.0,0.0001163,0.0,0.0,0.0,0.0,0.002517000000000005,0.4926239495224581,5.978413728610085e-12,-1.3987890570972875e-15,2.3608892618653954e-12,2.3608892618653954e-12,4.72097770256942e-12,2.3608892618653954e-12,NaN,diag_feasible,0,0,5,5,0,0,7,1.9008172467201246e-14,1.12.6,lbt,1,1,Intel(R) Core(TM) 7 150U,NT,2abc7cc
degen-r50-m5-d1e-08-p3,100,AGD-SDAJ,1e-7*n,1.0e-11,7,47,0.2124697,0.20966849999999998,98.6816002469999,0.0,0.0001194,0.0,0.0,0.0,0.0,0.0026818000000000315,0.4926239495225257,7.43557194009098e-12,-1.4043003288036491e-15,3.543942916905962e-12,3.543942916905962e-12,6.261657340191239e-12,3.543942916905962e-12,NaN,diag_feasible_at_xpre,0,0,8,5,3,0,7,1.9008172467201246e-14,1.12.6,lbt,1,1,Intel(R) Core(TM) 7 150U,NT,2abc7cc
degen-r50-m5-d1e-08-p3,100,Dykstra-APM,1e-7*n,9.999999999999999e-6,35,35,0.1746256,0.1620142,92.77803483567129,0.0,0.0,0.0,0.0,0.0056323,0.0,0.006979099999999995,0.49262394951367094,9.307155994309145e-12,-1.6925688924556035e-15,1.3715695246219184e-12,1.3715695246219184e-12,6.508457989477565e-12,1.3715695246219184e-12,NaN,diag_feasible,0,0,0,0,0,0,35,1.9008172467201246e-14,1.12.6,lbt,1,1,Intel(R) Core(TM) 7 150U,NT,2abc7cc
degen-r50-m5-d1e-08-p3,100,Anderson-APM,1e-7*n,9.999999999999999e-6,16,16,0.0982783,0.0686169,69.81897326266326,0.0,0.0,0.0,0.0,0.0,0.0258336,0.0038278000000000027,0.4926239495225249,7.865940662604145e-12,-1.3130197158271799e-15,2.075783989141655e-12,2.075783989141655e-12,6.099657751857158e-12,2.075783989141655e-12,NaN,diag_feasible,0,0,0,0,0,0,16,1.9008172467201246e-14,1.12.6,lbt,1,1,Intel(R) Core(TM) 7 150U,NT,2abc7cc
degen-r50-m5-d1e-08-p4,100,SBB-Dual,1e-7*n,1.0e-11,14,15,0.0676372,0.0665158,98.34203663072985,7.99e-5,4.31e-5,0.0002321,0.0,0.0,0.0,0.0007662999999999947,0.49319677559510444,3.678307304075948e-12,-1.9641839710040318e-15,8.427702979929563e-13,0.0,3.705135313924977e-12,8.427702979929563e-13,7.6923076923076925,diag_feasible,0,0,0,0,0,0,14,1.8576257487115544e-14,1.12.6,lbt,1,1,Intel(R) Core(TM) 7 150U,NT,2abc7cc
degen-r50-m5-d1e-08-p4,100,Newton-SIN-BH,1e-7*n,9.999999999999999e-6,4,5,0.0321157,0.0219344,68.29805982743643,0.0,1.49e-5,0.0,0.0094499,0.0,0.0,0.0007164999999999967,0.49319677559510483,3.179363913054252e-13,-1.7061348856457496e-15,1.84297022087776e-14,1.84297022087776e-14,5.0217070015188435e-14,1.84297022087776e-14,NaN,converged,15,15,0,0,0,0,4,1.8576257487115544e-14,1.12.6,lbt,1,1,Intel(R) Core(TM) 7 150U,NT,2abc7cc
degen-r50-m5-d1e-08-p4,100,Newton-SIN,1e-7*n,9.999999999999999e-6,4,9,0.0482129,0.0382362,79.30699045276263,0.0,1.74e-5,0.0,0.0094303,0.0,0.0,0.0005290000000000034,0.49319677559510483,3.179363913054252e-13,-1.7061348856457496e-15,1.84297022087776e-14,1.84297022087776e-14,5.0217070015188435e-14,1.84297022087776e-14,NaN,converged,15,15,0,0,0,0,4,1.8576257487115544e-14,1.12.6,lbt,1,1,Intel(R) Core(TM) 7 150U,NT,2abc7cc
degen-r50-m5-d1e-08-p4,100,AGD-SDAJ-BH,1e-7*n,1.0e-11,6,37,0.1651286,0.1629963,98.7087033984422,0.0,8.95e-5,0.0,0.0,0.0,0.0,0.0020427999999999757,0.4931967755992035,1.0064011753754401e-11,-1.400785907097965e-15,3.4368063950296346e-12,3.4368063950296346e-12,8.35144230526554e-12,3.4368063950296346e-12,NaN,diag_feasible,0,0,2,2,0,0,6,1.8576257487115544e-14,1.12.6,lbt,1,1,Intel(R) Core(TM) 7 150U,NT,2abc7cc
degen-r50-m5-d1e-08-p4,100,AGD-SDAJ,1e-7*n,1.0e-11,6,39,0.1890147,0.18654300000000001,98.69232393036098,0.0,0.0001116,0.0,0.0,0.0,0.0,0.0023600999999999935,0.4931967755992081,1.0061588313551826e-11,-1.4964509613087588e-15,3.4279246108326333e-12,3.4279246108326333e-12,8.347482976939856e-12,3.4279246108326333e-12,NaN,diag_feasible_at_xpre,0,0,6,2,4,0,6,1.8576257487115544e-14,1.12.6,lbt,1,1,Intel(R) Core(TM) 7 150U,NT,2abc7cc
degen-r50-m5-d1e-08-p4,100,Dykstra-APM,1e-7*n,9.999999999999999e-6,35,35,0.1719074,0.1596991,92.89832782067556,0.0,0.0,0.0,0.0,0.0055728,0.0,0.006635499999999977,0.4931967755888617,9.883532428237446e-12,-1.797016074630272e-15,1.2991829834163582e-12,1.2991829834163582e-12,6.902431509596968e-12,1.2991829834163582e-12,NaN,diag_feasible,0,0,0,0,0,0,35,1.8576257487115544e-14,1.12.6,lbt,1,1,Intel(R) Core(TM) 7 150U,NT,2abc7cc
degen-r50-m5-d1e-08-p4,100,Anderson-APM,1e-7*n,9.999999999999999e-6,16,16,0.1034468,0.0732496,70.80895687445141,0.0,0.0,0.0,0.0,0.0,0.0261688,0.004028400000000008,0.4931967755964775,7.096443712385977e-12,-1.468200717818179e-15,2.4273916210404423e-12,2.4273916210404423e-12,5.6860109047403964e-12,2.4273916210404423e-12,NaN,diag_feasible,0,0,0,0,0,0,16,1.8576257487115544e-14,1.12.6,lbt,1,1,Intel(R) Core(TM) 7 150U,NT,2abc7cc
degen-r50-m5-d1e-10-p0,100,SBB-Dual,1e-7*n,1.0e-11,13,14,0.0655381,0.0644255,98.3023615271117,8.38e-5,3.92e-5,0.0002309,0.0,0.0,0.0,0.0007587000000000052,0.4945231949613524,5.813289281938167e-12,-1.7729789232614703e-15,2.5671686998407495e-12,0.0,6.1827837454950865e-12,2.5671686998407495e-12,8.333333333333334,diag_feasible,0,0,0,0,0,0,13,3.001239024626847e-14,1.12.6,lbt,1,1,Intel(R) Core(TM) 7 150U,NT,2abc7cc
degen-r50-m5-d1e-10-p0,100,Newton-SIN-BH,1e-7*n,9.999999999999999e-6,5,6,0.04472,0.027079699999999998,60.55389087656529,0.0,2.31e-5,0.0,0.0167,0.0,0.0,0.0009172000000000034,0.49452319496135144,2.745533900170703e-13,-1.8023940291808647e-15,2.3314683517128287e-14,2.3314683517128287e-14,7.328910064867524e-14,2.3314683517128287e-14,NaN,converged,26,26,0,0,0,0,5,3.001239024626847e-14,1.12.6,lbt,1,1,Intel(R) Core(TM) 7 150U,NT,2abc7cc
degen-r50-m5-d1e-10-p0,100,Newton-SIN,1e-7*n,9.999999999999999e-6,5,11,0.0643681,0.047236900000000005,73.38557453148377,0.0,1.91e-5,0.0,0.0164731,0.0,0.0,0.0006389999999999903,0.49452319496135144,2.745533900170703e-13,-1.8023940291808647e-15,2.3314683517128287e-14,2.3314683517128287e-14,7.328910064867524e-14,2.3314683517128287e-14,NaN,converged,26,26,0,0,0,0,5,3.001239024626847e-14,1.12.6,lbt,1,1,Intel(R) Core(TM) 7 150U,NT,2abc7cc
degen-r50-m5-d1e-10-p0,100,AGD-SDAJ-BH,1e-7*n,1.0e-11,7,46,0.2059034,0.2025065,98.35024579487275,0.0,0.0001129,0.0,0.0,0.0,0.0,0.0032839999999999805,0.49452319496339725,4.908532808060668e-12,-1.7201046669897605e-15,1.991518061572606e-12,1.991518061572606e-12,4.062438167259905e-12,1.991518061572606e-12,NaN,diag_feasible_at_xpre,0,0,7,7,0,0,7,3.001239024626847e-14,1.12.6,lbt,1,1,Intel(R) Core(TM) 7 150U,NT,2abc7cc
degen-r50-m5-d1e-10-p0,100,AGD-SDAJ,1e-7*n,1.0e-11,6,47,0.2177252,0.2148775,98.69206688063669,0.0,0.0001212,0.0,0.0,0.0,0.0,0.0027265000000000084,0.49452319496361424,4.191682646125045e-12,-1.5300747254142387e-15,9.431344594190705e-13,9.431344594190705e-13,3.1524187570825548e-12,9.431344594190705e-13,NaN,diag_feasible,0,0,10,7,3,0,6,3.001239024626847e-14,1.12.6,lbt,1,1,Intel(R) Core(TM) 7 150U,NT,2abc7cc
degen-r50-m5-d1e-10-p0,100,Dykstra-APM,1e-7*n,9.999999999999999e-6,34,34,0.173588,0.1607435,92.6005829896076,0.0,0.0,0.0,0.0,0.0060422,0.0,0.006802299999999981,0.49452319495648567,7.80645487816383e-12,-1.6261110267546177e-15,1.4062084829902233e-12,1.4062084829902233e-12,5.4544735869331615e-12,1.4062084829902233e-12,NaN,diag_feasible,0,0,0,0,0,0,34,3.001239024626847e-14,1.12.6,lbt,1,1,Intel(R) Core(TM) 7 150U,NT,2abc7cc
degen-r50-m5-d1e-10-p0,100,Anderson-APM,1e-7*n,9.999999999999999e-6,16,16,0.0988652,0.0691514,69.94513741943575,0.0,0.0,0.0,0.0,0.0,0.0254755,0.004238299999999997,0.49452319495784774,7.619327851510723e-12,-1.4050323347360423e-15,2.273403687524933e-12,2.273403687524933e-12,5.665920855239328e-12,2.273403687524933e-12,NaN,diag_feasible,0,0,0,0,0,0,16,3.001239024626847e-14,1.12.6,lbt,1,1,Intel(R) Core(TM) 7 150U,NT,2abc7cc
degen-r50-m5-d1e-10-p1,100,SBB-Dual,1e-7*n,1.0e-11,13,14,0.0621221,0.0610889,98.3368237712505,6.65e-5,3.37e-5,0.0002312,0.0,0.0,0.0,0.000701799999999998,0.49486182435344117,4.960814786494492e-12,-2.1061218100789745e-15,9.72111280361787e-13,0.0,5.050060006685891e-12,9.72111280361787e-13,8.333333333333334,diag_feasible,0,0,0,0,0,0,13,1.727601207193698e-14,1.12.6,lbt,1,1,Intel(R) Core(TM) 7 150U,NT,2abc7cc
degen-r50-m5-d1e-10-p1,100,Newton-SIN-BH,1e-7*n,9.999999999999999e-6,5,6,0.0440437,0.0260946,59.247065982194954,0.0,2.26e-5,0.0,0.0169194,0.0,0.0,0.0010070999999999969,0.49486182435344306,3.1314883180361523e-13,-1.7722868611813902e-15,1.3766765505351941e-14,1.3766765505351941e-14,4.037214249582317e-14,1.3766765505351941e-14,NaN,converged,25,25,0,0,0,0,5,1.727601207193698e-14,1.12.6,lbt,1,1,Intel(R) Core(TM) 7 150U,NT,2abc7cc
degen-r50-m5-d1e-10-p1,100,Newton-SIN,1e-7*n,9.999999999999999e-6,5,11,0.065819,0.047987600000000005,72.90843069630351,0.0,2.09e-5,0.0,0.0165291,0.0,0.0,0.001281399999999995,0.49486182435344306,3.1314883180361523e-13,-1.7722868611813902e-15,1.3766765505351941e-14,1.3766765505351941e-14,4.037214249582317e-14,1.3766765505351941e-14,NaN,converged,25,25,0,0,0,0,5,1.727601207193698e-14,1.12.6,lbt,1,1,Intel(R) Core(TM) 7 150U,NT,2abc7cc
degen-r50-m5-d1e-10-p1,100,AGD-SDAJ-BH,1e-7*n,1.0e-11,6,46,0.2086328,0.2058488,98.66559812263459,0.0,0.0001169,0.0,0.0,0.0,0.0,0.0026671000000000086,0.49486182435562276,3.869412614982273e-12,-1.8369448697110546e-15,6.251665851664256e-13,6.251665851664256e-13,2.8726928168353767e-12,6.251665851664256e-13,NaN,diag_feasible,0,0,9,9,0,0,6,1.727601207193698e-14,1.12.6,lbt,1,1,Intel(R) Core(TM) 7 150U,NT,2abc7cc
degen-r50-m5-d1e-10-p1,100,AGD-SDAJ,1e-7*n,1.0e-11,6,46,0.2034834,0.2009822,98.77080882273444,0.0,0.0001052,0.0,0.0,0.0,0.0,0.002396000000000009,0.49486182435562276,3.869412614982273e-12,-1.8369448697110546e-15,6.251665851664256e-13,6.251665851664256e-13,2.8726928168353767e-12,6.251665851664256e-13,NaN,diag_feasible,0,0,9,9,0,0,6,1.727601207193698e-14,1.12.6,lbt,1,1,Intel(R) Core(TM) 7 150U,NT,2abc7cc
degen-r50-m5-d1e-10-p1,100,Dykstra-APM,1e-7*n,9.999999999999999e-6,33,33,0.17391,0.1607407,92.42751998159967,0.0,0.0,0.0,0.0,0.0064838,0.0,0.006685500000000023,0.4948618243450264,1.339448943276765e-11,-1.6129038244518203e-15,2.2324364579162648e-12,2.2324364579162648e-12,9.381986857731924e-12,2.2324364579162648e-12,NaN,diag_feasible,0,0,0,0,0,0,33,1.727601207193698e-14,1.12.6,lbt,1,1,Intel(R) Core(TM) 7 150U,NT,2abc7cc
degen-r50-m5-d1e-10-p1,100,Anderson-APM,1e-7*n,9.999999999999999e-6,17,17,0.1126404,0.0798109,70.85459568680508,0.0,0.0,0.0,0.0,0.0,0.0278854,0.004944099999999996,0.4948618243510409,4.042763935907199e-12,-1.4112216237339258e-15,8.131273432354647e-13,8.131273432354647e-13,2.8910836510237054e-12,8.131273432354647e-13,NaN,diag_feasible,0,0,0,0,0,0,17,1.727601207193698e-14,1.12.6,lbt,1,1,Intel(R) Core(TM) 7 150U,NT,2abc7cc
degen-r50-m5-d1e-10-p2,100,SBB-Dual,1e-7*n,1.0e-11,14,15,0.0684275,0.067272,98.31135143034598,9.1e-5,3.87e-5,0.0002343,0.0,0.0,0.0,0.0007915000000000038,0.49348349738219,1.0195766120776636e-12,-1.736153156678602e-15,4.64406291200703e-13,0.0,1.2349611913514655e-12,4.64406291200703e-13,15.384615384615385,diag_feasible,0,0,0,0,0,0,14,2.5048757304308775e-14,1.12.6,lbt,1,1,Intel(R) Core(TM) 7 150U,NT,2abc7cc
degen-r50-m5-d1e-10-p2,100,Newton-SIN-BH,1e-7*n,9.999999999999999e-6,5,6,0.0427133,0.0261207,61.153551704035976,0.0,1.83e-5,0.0,0.0156147,0.0,0.0,0.0009596000000000032,0.49348349738219355,1.6870841010445055e-13,-1.4267762227005886e-15,1.1546319456101628e-14,1.1546319456101628e-14,2.489698339616778e-14,1.1546319456101628e-14,NaN,converged,26,26,0,0,0,0,5,2.5048757304308775e-14,1.12.6,lbt,1,1,Intel(R) Core(TM) 7 150U,NT,2abc7cc
degen-r50-m5-d1e-10-p2,100,Newton-SIN,1e-7*n,9.999999999999999e-6,5,11,0.0904855,0.054383999999999995,60.10244735344337,0.0,2.34e-5,0.0,0.0352391,0.0,0.0,0.0008389999999999995,0.49348349738219355,1.6870841010445055e-13,-1.4267762227005886e-15,1.1546319456101628e-14,1.1546319456101628e-14,2.489698339616778e-14,1.1546319456101628e-14,NaN,converged,26,26,0,0,0,0,5,2.5048757304308775e-14,1.12.6,lbt,1,1,Intel(R) Core(TM) 7 150U,NT,2abc7cc
degen-r50-m5-d1e-10-p2,100,AGD-SDAJ-BH,1e-7*n,1.0e-11,6,41,0.1886969,0.1852155,98.1550306337836,0.0,0.0001096,0.0,0.0,0.0,0.0,0.0033717999999999955,0.4934834973832029,1.790487017265789e-12,-1.5901880732126201e-15,3.5638159090467525e-13,3.5638159090467525e-13,1.315206572406999e-12,3.5638159090467525e-13,NaN,diag_feasible,0,0,4,4,0,0,6,2.5048757304308775e-14,1.12.6,lbt,1,1,Intel(R) Core(TM) 7 150U,NT,2abc7cc
degen-r50-m5-d1e-10-p2,100,AGD-SDAJ,1e-7*n,1.0e-11,7,54,0.30776,0.30403070000000004,98.78824408630103,0.0,0.0001978,0.0,0.0,0.0,0.0,0.0035314999999999353,0.49348349738750885,1.0985829400084261e-11,-1.5795201883949937e-15,4.427125332995274e-12,4.427125332995274e-12,8.7955326801846e-12,4.427125332995274e-12,NaN,diag_feasible,0,0,13,5,8,0,7,2.5048757304308775e-14,1.12.6,lbt,1,1,Intel(R) Core(TM) 7 150U,NT,2abc7cc
degen-r50-m5-d1e-10-p2,100,Dykstra-APM,1e-7*n,9.999999999999999e-6,34,34,0.1665007,0.1544553,92.76555594060565,0.0,0.0,0.0,0.0,0.0055182,0.0,0.006527200000000012,0.4934834973761318,9.587452052757656e-12,-1.4185126089996413e-15,1.4062084829902233e-12,1.4062084829902233e-12,6.7039011828629996e-12,1.4062084829902233e-12,NaN,diag_feasible,0,0,0,0,0,0,34,2.5048757304308775e-14,1.12.6,lbt,1,1,Intel(R) Core(TM) 7 150U,NT,2abc7cc
degen-r50-m5-d1e-10-p2,100,Anderson-APM,1e-7*n,9.999999999999999e-6,16,16,0.1127151,0.0818438,72.61121180746856,0.0,0.0,0.0,0.0,0.0,0.0249792,0.005892100000000004,0.4934834973795955,5.101023733061773e-12,-1.7239983418863405e-15,1.2072565169773952e-12,1.2072565169773952e-12,3.7757352727399745e-12,1.2072565169773952e-12,NaN,diag_feasible,0,0,0,0,0,0,16,2.5048757304308775e-14,1.12.6,lbt,1,1,Intel(R) Core(TM) 7 150U,NT,2abc7cc
degen-r50-m5-d1e-10-p3,100,SBB-Dual,1e-7*n,1.0e-11,13,14,0.0674405,0.0663123,98.32711797806957,8.55e-5,3.98e-5,0.0002291,0.0,0.0,0.0,0.0007737999999999958,0.49262395355675725,8.954666573038568e-12,-1.5789020625801488e-15,2.703393064962256e-12,0.0,9.846335011658068e-12,2.703393064962256e-12,8.333333333333334,diag_feasible,0,0,0,0,0,0,13,3.468980626944125e-14,1.12.6,lbt,1,1,Intel(R) Core(TM) 7 150U,NT,2abc7cc
degen-r50-m5-d1e-10-p3,100,Newton-SIN-BH,1e-7*n,9.999999999999999e-6,5,6,0.0217545,0.0138347,63.59465857638649,0.0,1.37e-5,0.0,0.0073199,0.0,0.0,0.0005861999999999994,0.492623953556759,1.2574644180764907e-13,-1.5461968110721968e-15,3.9968028886505635e-15,3.9968028886505635e-15,1.4604392053390346e-14,3.9968028886505635e-15,NaN,converged,26,26,0,0,0,0,5,3.468980626944125e-14,1.12.6,lbt,1,1,Intel(R) Core(TM) 7 150U,NT,2abc7cc
degen-r50-m5-d1e-10-p3,100,Newton-SIN,1e-7*n,9.999999999999999e-6,5,11,0.0321179,0.024299499999999998,75.65718804778643,0.0,1.45e-5,0.0,0.0073495,0.0,0.0,0.00045439999999999977,0.492623953556759,1.2574644180764907e-13,-1.5461968110721968e-15,3.9968028886505635e-15,3.9968028886505635e-15,1.4604392053390346e-14,3.9968028886505635e-15,NaN,converged,26,26,0,0,0,0,5,3.468980626944125e-14,1.12.6,lbt,1,1,Intel(R) Core(TM) 7 150U,NT,2abc7cc
degen-r50-m5-d1e-10-p3,100,AGD-SDAJ-BH,1e-7*n,1.0e-11,7,44,0.1903975,0.1877934,98.632282461692,0.0,0.0001073,0.0,0.0,0.0,0.0,0.0024967999999999982,0.4926239535614392,8.165097514634374e-12,-1.6675032768009594e-15,3.2680524952866108e-12,3.2680524952866108e-12,6.147613981549105e-12,3.2680524952866108e-12,NaN,diag_feasible_at_xpre,0,0,5,5,0,0,7,3.468980626944125e-14,1.12.6,lbt,1,1,Intel(R) Core(TM) 7 150U,NT,2abc7cc
degen-r50-m5-d1e-10-p3,100,AGD-SDAJ,1e-7*n,1.0e-11,7,53,0.2426603,0.23974379999999998,98.79811407139938,0.0,0.0001263,0.0,0.0,0.0,0.0,0.002790200000000016,0.49262395356149713,8.370179256896905e-12,-1.64657874998593e-15,3.479549981477703e-12,3.479549981477703e-12,6.346998662034872e-12,3.479549981477703e-12,NaN,diag_feasible_at_xpre,0,0,14,5,9,0,7,3.468980626944125e-14,1.12.6,lbt,1,1,Intel(R) Core(TM) 7 150U,NT,2abc7cc
degen-r50-m5-d1e-10-p3,100,Dykstra-APM,1e-7*n,9.999999999999999e-6,34,34,0.1798426,0.1678074,93.30792593078614,0.0,0.0,0.0,0.0,0.005568,0.0,0.006467199999999996,0.492623953549515,1.1428497113099838e-11,-1.6283988096226792e-15,1.7505996652289468e-12,1.7505996652289468e-12,7.993734000864163e-12,1.7505996652289468e-12,NaN,diag_feasible,0,0,0,0,0,0,34,3.468980626944125e-14,1.12.6,lbt,1,1,Intel(R) Core(TM) 7 150U,NT,2abc7cc
degen-r50-m5-d1e-10-p3,100,Anderson-APM,1e-7*n,9.999999999999999e-6,16,16,0.1112352,0.0786962,70.74756911481256,0.0,0.0,0.0,0.0,0.0,0.0261736,0.006365400000000011,0.49262395355973276,7.899695298417439e-12,-1.5529834455900433e-15,2.0667911826421914e-12,2.0667911826421914e-12,6.1215991487181354e-12,2.0667911826421914e-12,NaN,diag_feasible,0,0,0,0,0,0,16,3.468980626944125e-14,1.12.6,lbt,1,1,Intel(R) Core(TM) 7 150U,NT,2abc7cc
degen-r50-m5-d1e-10-p4,100,SBB-Dual,1e-7*n,1.0e-11,14,15,0.0399201,0.0391482,98.06638760924947,4.85e-5,2.98e-5,6.85e-5,0.0,0.0,0.0,0.000625099999999999,0.4931967797780598,3.4186830924648264e-12,-1.9042564600294168e-15,9.517941990111467e-13,0.0,3.472867864518078e-12,9.517941990111467e-13,7.6923076923076925,diag_feasible,0,0,0,0,0,0,14,2.2820957667582593e-14,1.12.6,lbt,1,1,Intel(R) Core(TM) 7 150U,NT,2abc7cc
degen-r50-m5-d1e-10-p4,100,Newton-SIN-BH,1e-7*n,9.999999999999999e-6,5,6,0.0220677,0.0142212,64.44350793240801,0.0,1.33e-5,0.0,0.0072271,0.0,0.0,0.0006060999999999983,0.49319677977806115,2.5965632468812057e-13,-1.6946203620015522e-15,6.5503158452884236e-15,6.5503158452884236e-15,1.82967988088946e-14,6.5503158452884236e-15,NaN,converged,26,26,0,0,0,0,5,2.2820957667582593e-14,1.12.6,lbt,1,1,Intel(R) Core(TM) 7 150U,NT,2abc7cc
degen-r50-m5-d1e-10-p4,100,Newton-SIN,1e-7*n,9.999999999999999e-6,6,14,0.092461,0.0656537,71.00691102194439,0.0,2.61e-5,0.0,0.0260036,0.0,0.0,0.0007776000000000033,0.49319677977806303,2.8351332119789746e-13,-1.7964964820483323e-15,8.881784197001252e-15,8.881784197001252e-15,2.5500834434156923e-14,8.881784197001252e-15,NaN,converged,37,37,1,0,0,0,6,2.2820957667582593e-14,1.12.6,lbt,1,1,Intel(R) Core(TM) 7 150U,NT,2abc7cc
degen-r50-m5-d1e-10-p4,100,AGD-SDAJ-BH,1e-7*n,1.0e-11,8,54,0.242243,0.2393319,98.7982728087086,0.0,0.0001257,0.0,0.0,0.0,0.0,0.0027854000000000277,0.49319677978501186,1.2585329483850285e-11,-1.874277664279787e-15,5.6029625383757775e-12,5.6029625383757775e-12,9.618049565545045e-12,5.6029625383757775e-12,NaN,diag_feasible,0,0,7,7,0,0,8,2.2820957667582593e-14,1.12.6,lbt,1,1,Intel(R) Core(TM) 7 150U,NT,2abc7cc
degen-r50-m5-d1e-10-p4,100,AGD-SDAJ,1e-7*n,1.0e-11,10,169,0.7710473,0.7609303000000001,98.68788853809617,0.0,0.0003945,0.0,0.0,0.0,0.0,0.00972249999999993,0.4931967797791106,1.942686342579165e-12,-1.4513986116752902e-15,6.291633880550762e-13,6.291633880550762e-13,1.4719242820320465e-12,6.291633880550762e-13,NaN,diag_feasible,0,0,110,18,92,0,10,2.2820957667582593e-14,1.12.6,lbt,1,1,Intel(R) Core(TM) 7 150U,NT,2abc7cc
degen-r50-m5-d1e-10-p4,100,Dykstra-APM,1e-7*n,9.999999999999999e-6,34,34,0.1846161,0.1718653,93.09334342996088,0.0,0.0,0.0,0.0,0.0060292,0.0,0.006721600000000006,0.4931967797704587,1.2046342246288844e-11,-1.7375087721998372e-15,1.7537082896978973e-12,1.7537082896978973e-12,8.417804384966782e-12,1.7537082896978973e-12,NaN,diag_feasible,0,0,0,0,0,0,34,2.2820957667582593e-14,1.12.6,lbt,1,1,Intel(R) Core(TM) 7 150U,NT,2abc7cc
degen-r50-m5-d1e-10-p4,100,Anderson-APM,1e-7*n,9.999999999999999e-6,17,17,0.107896,0.0749093,69.42731889968117,0.0,0.0,0.0,0.0,0.0,0.0285208,0.004465900000000009,0.49319677977473536,6.2476175675894995e-12,-1.735600335958797e-15,1.4725998198628076e-12,1.4725998198628076e-12,4.555112561111144e-12,1.4725998198628076e-12,NaN,diag_feasible,0,0,0,0,0,0,17,2.2820957667582593e-14,1.12.6,lbt,1,1,Intel(R) Core(TM) 7 150U,NT,2abc7cc
degen-r50-m5-d0-p0,100,SBB-Dual,1e-7*n,1.0e-11,13,14,0.0651231,0.0640187,98.30413478473844,7.37e-5,3.85e-5,0.0002292,0.0,0.0,0.0,0.0007630000000000056,0.4945231950044511,5.719425710491829e-12,-1.6910172051858587e-15,2.5655033653038117e-12,0.0,6.122932068465875e-12,2.5655033653038117e-12,8.333333333333334,diag_feasible,0,0,0,0,0,0,13,3.3742927128784275e-14,1.12.6,lbt,1,1,Intel(R) Core(TM) 7 150U,NT,2abc7cc
degen-r50-m5-d0-p0,100,Newton-SIN-BH,1e-7*n,9.999999999999999e-6,4,5,0.0332796,0.021138,63.51638841813002,0.0,1.52e-5,0.0,0.0114073,0.0,0.0,0.0007190999999999986,0.49452319500445413,5.091599237588642e-13,-1.2154009965713445e-15,2.2648549702353193e-14,2.2648549702353193e-14,7.232214687259597e-14,2.2648549702353193e-14,NaN,converged,15,15,0,0,0,0,4,3.3742927128784275e-14,1.12.6,lbt,1,1,Intel(R) Core(TM) 7 150U,NT,2abc7cc
degen-r50-m5-d0-p0,100,Newton-SIN,1e-7*n,9.999999999999999e-6,4,9,0.0517238,0.040403800000000004,78.11452368155473,0.0,2.29e-5,0.0,0.0105876,0.0,0.0,0.0007094999999999966,0.49452319500445413,5.091599237588642e-13,-1.2154009965713445e-15,2.2648549702353193e-14,2.2648549702353193e-14,7.232214687259597e-14,2.2648549702353193e-14,NaN,converged,15,15,0,0,0,0,4,3.3742927128784275e-14,1.12.6,lbt,1,1,Intel(R) Core(TM) 7 150U,NT,2abc7cc
degen-r50-m5-d0-p0,100,AGD-SDAJ-BH,1e-7*n,1.0e-11,9,65,0.2960424,0.29224,98.71558938854706,0.0,0.0001868,0.0,0.0,0.0,0.0,0.0036155999999999836,0.49452319500633796,4.406956605198829e-12,-1.6317239785765649e-15,1.984412634215005e-12,1.984412634215005e-12,3.6007350911796413e-12,1.984412634215005e-12,NaN,diag_feasible_at_xpre,0,0,14,14,0,0,9,3.3742927128784275e-14,1.12.6,lbt,1,1,Intel(R) Core(TM) 7 150U,NT,2abc7cc
degen-r50-m5-d0-p0,100,AGD-SDAJ,1e-7*n,1.0e-11,8,61,0.2683217,0.2646351,98.62605223505963,0.0,0.0001381,0.0,0.0,0.0,0.0,0.0035484999999999844,0.494523195008851,1.0094808132576976e-11,-1.8782395865732328e-15,4.493405647565396e-12,4.493405647565396e-12,8.278497912093977e-12,4.493405647565396e-12,NaN,diag_feasible_at_xpre,0,0,16,12,4,0,8,3.3742927128784275e-14,1.12.6,lbt,1,1,Intel(R) Core(TM) 7 150U,NT,2abc7cc
degen-r50-m5-d0-p0,100,Dykstra-APM,1e-7*n,9.999999999999999e-6,33,33,0.1686777,0.1558572,92.39941023620786,0.0,0.0,0.0,0.0,0.0057063,0.0,0.007114200000000012,0.49452319499870445,8.921051119744017e-12,-1.3257115261361758e-15,1.7716939026968248e-12,1.7716939026968248e-12,6.50536325227505e-12,1.7716939026968248e-12,NaN,diag_feasible,0,0,0,0,0,0,33,3.3742927128784275e-14,1.12.6,lbt,1,1,Intel(R) Core(TM) 7 150U,NT,2abc7cc
degen-r50-m5-d0-p0,100,Anderson-APM,1e-7*n,9.999999999999999e-6,16,16,0.098105,0.0684287,69.75047143366801,0.0,0.0,0.0,0.0,0.0,0.0251921,0.004484200000000004,0.49452319500131176,6.026114030977877e-12,-1.4819732512042957e-15,2.5841551121175144e-12,2.5841551121175144e-12,4.52309895313668e-12,2.5841551121175144e-12,NaN,diag_feasible,0,0,0,0,0,0,16,3.3742927128784275e-14,1.12.6,lbt,1,1,Intel(R) Core(TM) 7 150U,NT,2abc7cc
degen-r50-m5-d0-p1,100,SBB-Dual,1e-7*n,1.0e-11,13,14,0.0640918,0.06298430000000001,98.27200983589165,8.29e-5,3.76e-5,0.0002288,0.0,0.0,0.0,0.0007581999999999974,0.4948618243968222,5.020906354742124e-12,-2.054491740353889e-15,1.0079714840571796e-12,0.0,5.135884188025503e-12,1.0079714840571796e-12,8.333333333333334,diag_feasible,0,0,0,0,0,0,13,1.5765557868430762e-14,1.12.6,lbt,1,1,Intel(R) Core(TM) 7 150U,NT,2abc7cc
degen-r50-m5-d0-p1,100,Newton-SIN-BH,1e-7*n,9.999999999999999e-6,4,5,0.0319406,0.0210989,66.05668021264472,0.0,1.72e-5,0.0,0.0100738,0.0,0.0,0.0007506999999999982,0.4948618243968233,3.530514983366824e-13,-1.4292922933499497e-15,8.215650382226158e-15,8.215650382226158e-15,2.24045096967875e-14,8.215650382226158e-15,NaN,converged,15,15,0,0,0,0,4,1.5765557868430762e-14,1.12.6,lbt,1,1,Intel(R) Core(TM) 7 150U,NT,2abc7cc
degen-r50-m5-d0-p1,100,Newton-SIN,1e-7*n,9.999999999999999e-6,4,9,0.0481353,0.0376376,78.19126503833985,0.0,1.75e-5,0.0,0.0099239,0.0,0.0,0.0005562999999999992,0.4948618243968233,3.530514983366824e-13,-1.4292922933499497e-15,8.215650382226158e-15,8.215650382226158e-15,2.24045096967875e-14,8.215650382226158e-15,NaN,converged,15,15,0,0,0,0,4,1.5765557868430762e-14,1.12.6,lbt,1,1,Intel(R) Core(TM) 7 150U,NT,2abc7cc
degen-r50-m5-d0-p1,100,AGD-SDAJ-BH,1e-7*n,1.0e-11,8,60,0.2833331,0.2800205,98.8308460959909,0.0,0.0001413,0.0,0.0,0.0,0.0,0.003171299999999999,0.4948618243983507,3.8574391935235475e-12,-1.5627898722258962e-15,1.1655121312514893e-12,1.1655121312514893e-12,3.1896875885370063e-12,1.1655121312514893e-12,NaN,diag_feasible_at_xpre,0,0,15,15,0,0,8,1.5765557868430762e-14,1.12.6,lbt,1,1,Intel(R) Core(TM) 7 150U,NT,2abc7cc
degen-r50-m5-d0-p1,100,AGD-SDAJ,1e-7*n,1.0e-11,7,66,0.3116009,0.3078583,98.79891232663319,0.0,0.000164,0.0,0.0,0.0,0.0,0.0035786000000000403,0.49486182439818915,2.569486247852657e-12,-1.354310904367072e-15,6.358247262028272e-13,6.358247262028272e-13,1.9502203310946433e-12,6.358247262028272e-13,NaN,diag_feasible,0,0,23,11,12,0,7,1.5765557868430762e-14,1.12.6,lbt,1,1,Intel(R) Core(TM) 7 150U,NT,2abc7cc
degen-r50-m5-d0-p1,100,Dykstra-APM,1e-7*n,9.999999999999999e-6,33,33,0.1769231,0.1653679,93.46880085189554,0.0,0.0,0.0,0.0,0.0053885,0.0,0.006166699999999988,0.49486182439190796,7.532068735838258e-12,-1.4546890050469524e-15,1.3944401189291966e-12,1.3944401189291966e-12,5.515572803435984e-12,1.3944401189291966e-12,NaN,diag_feasible,0,0,0,0,0,0,33,1.5765557868430762e-14,1.12.6,lbt,1,1,Intel(R) Core(TM) 7 150U,NT,2abc7cc
degen-r50-m5-d0-p1,100,Anderson-APM,1e-7*n,9.999999999999999e-6,17,17,0.1044635,0.0747706,71.57581356167466,0.0,0.0,0.0,0.0,0.0,0.0254115,0.004281399999999994,0.49486182439493237,3.454328449751537e-12,-1.4268693982450471e-15,8.180123245438153e-13,8.180123245438153e-13,2.6041740243247222e-12,8.180123245438153e-13,NaN,diag_feasible,0,0,0,0,0,0,17,1.5765557868430762e-14,1.12.6,lbt,1,1,Intel(R) Core(TM) 7 150U,NT,2abc7cc
degen-r50-m5-d0-p2,100,SBB-Dual,1e-7*n,1.0e-11,14,15,0.0699166,0.0687848,98.38121418947718,7.99e-5,3.83e-5,0.0002345,0.0,0.0,0.0,0.0007791000000000023,0.49348349742434305,1.030075158293325e-12,-1.5999386059265625e-15,4.785061236134425e-13,0.0,1.244039310080767e-12,4.785061236134425e-13,15.384615384615385,diag_feasible,0,0,0,0,0,0,14,2.2132178345921397e-14,1.12.6,lbt,1,1,Intel(R) Core(TM) 7 150U,NT,2abc7cc
degen-r50-m5-d0-p2,100,Newton-SIN-BH,1e-7*n,9.999999999999999e-6,4,5,0.0314571,0.021572,68.57593357302484,0.0,1.71e-5,0.0,0.009051,0.0,0.0,0.000817,0.4934834974243461,1.294877263369307e-13,-1.6239995204749125e-15,6.439293542825908e-15,6.439293542825908e-15,1.826038454895204e-14,6.439293542825908e-15,NaN,converged,15,15,0,0,0,0,4,2.2132178345921397e-14,1.12.6,lbt,1,1,Intel(R) Core(TM) 7 150U,NT,2abc7cc
degen-r50-m5-d0-p2,100,Newton-SIN,1e-7*n,9.999999999999999e-6,4,9,0.046234,0.035919400000000004,77.69044426179869,0.0,1.65e-5,0.0,0.0098095,0.0,0.0,0.0004885999999999936,0.4934834974243461,1.294877263369307e-13,-1.6239995204749125e-15,6.439293542825908e-15,6.439293542825908e-15,1.826038454895204e-14,6.439293542825908e-15,NaN,converged,15,15,0,0,0,0,4,2.2132178345921397e-14,1.12.6,lbt,1,1,Intel(R) Core(TM) 7 150U,NT,2abc7cc
degen-r50-m5-d0-p2,100,AGD-SDAJ-BH,1e-7*n,1.0e-11,6,41,0.1948376,0.1914037,98.23755784304467,0.0,0.0001068,0.0,0.0,0.0,0.0,0.00332709999999999,0.4934834974254932,2.0177585866769505e-12,-1.56357996032823e-15,3.758104938356155e-13,3.758104938356155e-13,1.4847277172894286e-12,3.758104938356155e-13,NaN,diag_feasible,0,0,4,4,0,0,6,2.2132178345921397e-14,1.12.6,lbt,1,1,Intel(R) Core(TM) 7 150U,NT,2abc7cc
degen-r50-m5-d0-p2,100,AGD-SDAJ,1e-7*n,1.0e-11,6,42,0.1923224,0.18980239999999998,98.6897002117278,0.0,0.0001088,0.0,0.0,0.0,0.0,0.002411200000000022,0.4934834974255028,2.0330880538691852e-12,-1.4152335758372706e-15,3.774758283725532e-13,3.774758283725532e-13,1.4979658229843238e-12,3.774758283725532e-13,NaN,diag_feasible,0,0,5,4,1,0,6,2.2132178345921397e-14,1.12.6,lbt,1,1,Intel(R) Core(TM) 7 150U,NT,2abc7cc
degen-r50-m5-d0-p2,100,Dykstra-APM,1e-7*n,9.999999999999999e-6,33,33,0.1711363,0.1595474,93.22826308620674,0.0,0.0,0.0,0.0,0.0052974,0.0,0.0062914999999999855,0.4934834974167171,1.1707859317887879e-11,-1.1493665471245566e-15,2.3068214005661503e-12,2.3068214005661503e-12,8.535637374397964e-12,2.3068214005661503e-12,NaN,diag_feasible,0,0,0,0,0,0,33,2.2132178345921397e-14,1.12.6,lbt,1,1,Intel(R) Core(TM) 7 150U,NT,2abc7cc
degen-r50-m5-d0-p2,100,Anderson-APM,1e-7*n,9.999999999999999e-6,16,16,0.1666482,0.1083419,65.01234336764514,0.0,0.0,0.0,0.0,0.0,0.0526343,0.0056719999999999896,0.49348349742153724,4.811946731903669e-12,-1.7857058834481397e-15,1.7958967646336532e-12,1.7958967646336532e-12,3.5791390530860476e-12,1.7958967646336532e-12,NaN,diag_feasible,0,0,0,0,0,0,16,2.2132178345921397e-14,1.12.6,lbt,1,1,Intel(R) Core(TM) 7 150U,NT,2abc7cc
degen-r50-m5-d0-p3,100,SBB-Dual,1e-7*n,1.0e-11,13,14,0.1381522,0.1365607,98.84800965891243,9.65e-5,5.77e-5,0.0003244,0.0,0.0,0.0,0.0011128999999999957,0.49262395359753697,9.042761305114275e-12,-1.8359387961047834e-15,2.7308155736704975e-12,0.0,9.961876781502913e-12,2.7308155736704975e-12,8.333333333333334,diag_feasible,0,0,0,0,0,0,13,1.850379109180622e-14,1.12.6,lbt,1,1,Intel(R) Core(TM) 7 150U,NT,2abc7cc
degen-r50-m5-d0-p3,100,Newton-SIN-BH,1e-7*n,9.999999999999999e-6,4,5,0.0319428,0.0213334,66.78625543158395,0.0,1.5e-5,0.0,0.0098211,0.0,0.0,0.0007733000000000028,0.49262395359753913,1.484567690316313e-13,-1.4518060152105726e-15,9.547918011776346e-15,9.547918011776346e-15,2.893808612792208e-14,9.547918011776346e-15,NaN,converged,15,15,0,0,0,0,4,1.850379109180622e-14,1.12.6,lbt,1,1,Intel(R) Core(TM) 7 150U,NT,2abc7cc
degen-r50-m5-d0-p3,100,Newton-SIN,1e-7*n,9.999999999999999e-6,5,12,0.0654172,0.0499067,76.28987483414149,0.0,2.43e-5,0.0,0.0148485,0.0,0.0,0.0006376999999999963,0.4926239535975387,1.212518822512881e-13,-1.7836748402931856e-15,5.329070518200751e-15,5.329070518200751e-15,1.8561322000429627e-14,5.329070518200751e-15,NaN,converged,23,23,1,0,0,0,5,1.850379109180622e-14,1.12.6,lbt,1,1,Intel(R) Core(TM) 7 150U,NT,2abc7cc
degen-r50-m5-d0-p3,100,AGD-SDAJ-BH,1e-7*n,1.0e-11,6,43,0.1976098,0.1947966,98.5763863937922,0.0,0.0002272,0.0,0.0,0.0,0.0,0.002586000000000016,0.4926239536000384,4.4203769692205065e-12,-1.4657044425212102e-15,1.663447157795872e-12,1.663447157795872e-12,3.31845707932836e-12,1.663447157795872e-12,NaN,diag_feasible,0,0,6,6,0,0,6,1.850379109180622e-14,1.12.6,lbt,1,1,Intel(R) Core(TM) 7 150U,NT,2abc7cc
degen-r50-m5-d0-p3,100,AGD-SDAJ,1e-7*n,1.0e-11,6,43,0.2048671,0.20238299999999998,98.78745782021613,0.0,0.0001068,0.0,0.0,0.0,0.0,0.002377300000000017,0.4926239536000384,4.4203769692205065e-12,-1.4657044425212102e-15,1.663447157795872e-12,1.663447157795872e-12,3.31845707932836e-12,1.663447157795872e-12,NaN,diag_feasible,0,0,6,6,0,0,6,1.850379109180622e-14,1.12.6,lbt,1,1,Intel(R) Core(TM) 7 150U,NT,2abc7cc
degen-r50-m5-d0-p3,100,Dykstra-APM,1e-7*n,9.999999999999999e-6,34,34,0.16817,0.1559145,92.71243384670277,0.0,0.0,0.0,0.0,0.0054819,0.0,0.006773599999999975,0.4926239535929689,7.0258661843945605e-12,-1.3315027678747805e-15,1.276534433714005e-12,1.276534433714005e-12,5.1053168009736304e-12,1.276534433714005e-12,NaN,diag_feasible,0,0,0,0,0,0,34,1.850379109180622e-14,1.12.6,lbt,1,1,Intel(R) Core(TM) 7 150U,NT,2abc7cc
degen-r50-m5-d0-p3,100,Anderson-APM,1e-7*n,9.999999999999999e-6,16,16,0.1074313,0.0786486,73.20827356645596,0.0,0.0,0.0,0.0,0.0,0.0244769,0.004305799999999995,0.4926239536005121,7.894528740415426e-12,-1.4186538894232932e-15,2.067124249549579e-12,2.067124249549579e-12,6.122854616738886e-12,2.067124249549579e-12,NaN,diag_feasible,0,0,0,0,0,0,16,1.850379109180622e-14,1.12.6,lbt,1,1,Intel(R) Core(TM) 7 150U,NT,2abc7cc
degen-r50-m5-d0-p4,100,SBB-Dual,1e-7*n,1.0e-11,14,15,0.0683967,0.0672224,98.28310430181573,8.83e-5,4.11e-5,0.0002337,0.0,0.0,0.0,0.0008112000000000031,0.49319677982031196,3.2314563134624007e-12,-1.5743058140605916e-15,9.382494781107198e-13,0.0,3.31342153110964e-12,9.382494781107198e-13,7.6923076923076925,diag_feasible,0,0,0,0,0,0,14,2.5256048732552218e-14,1.12.6,lbt,1,1,Intel(R) Core(TM) 7 150U,NT,2abc7cc
degen-r50-m5-d0-p4,100,Newton-SIN-BH,1e-7*n,9.999999999999999e-6,4,5,0.0309354,0.0209102,67.5931133911312,0.0,1.72e-5,0.0,0.0092652,0.0,0.0,0.0007427999999999983,0.49319677982031135,1.5288641498442033e-13,-1.3135512835831857e-15,4.6629367034256575e-15,4.6629367034256575e-15,1.642117060740498e-14,4.6629367034256575e-15,NaN,converged,15,15,0,0,0,0,4,2.5256048732552218e-14,1.12.6,lbt,1,1,Intel(R) Core(TM) 7 150U,NT,2abc7cc
degen-r50-m5-d0-p4,100,Newton-SIN,1e-7*n,9.999999999999999e-6,4,9,0.0555481,0.039848600000000005,71.73710711977547,0.0,1.63e-5,0.0,0.0146363,0.0,0.0,0.0010468999999999982,0.49319677982031135,1.5288641498442033e-13,-1.3135512835831857e-15,4.6629367034256575e-15,4.6629367034256575e-15,1.642117060740498e-14,4.6629367034256575e-15,NaN,converged,15,15,0,0,0,0,4,2.5256048732552218e-14,1.12.6,lbt,1,1,Intel(R) Core(TM) 7 150U,NT,2abc7cc
degen-r50-m5-d0-p4,100,AGD-SDAJ-BH,1e-7*n,1.0e-11,7,46,0.1093444,0.10761190000000001,98.41555671803953,0.0,8.36e-5,0.0,0.0,0.0,0.0,0.001648899999999984,0.49319677982565013,1.1598515906777784e-11,-1.7127123786311932e-15,6.490363801958665e-12,6.490363801958665e-12,9.492218536934109e-12,6.490363801958665e-12,NaN,diag_feasible_at_xpre,0,0,7,7,0,0,7,2.5256048732552218e-14,1.12.6,lbt,1,1,Intel(R) Core(TM) 7 150U,NT,2abc7cc
degen-r50-m5-d0-p4,100,AGD-SDAJ,1e-7*n,1.0e-11,7,49,0.2034895,0.2006174,98.58857582332259,0.0,0.0001159,0.0,0.0,0.0,0.0,0.0027561999999999886,0.49319677982563975,1.1583520783466345e-11,-1.6805200138938525e-15,6.483369396903527e-12,6.483369396903527e-12,9.4817381117796e-12,6.483369396903527e-12,NaN,diag_feasible_at_xpre,0,0,10,7,3,0,7,2.5256048732552218e-14,1.12.6,lbt,1,1,Intel(R) Core(TM) 7 150U,NT,2abc7cc
degen-r50-m5-d0-p4,100,Dykstra-APM,1e-7*n,9.999999999999999e-6,34,34,0.1801367,0.1619259,89.89056644204098,0.0,0.0,0.0,0.0,0.0064326,0.0,0.011778199999999999,0.49319677981555643,7.45502517900974e-12,-1.3558642286513393e-15,1.4861445407632345e-12,1.4861445407632345e-12,5.417962016597635e-12,1.4861445407632345e-12,NaN,diag_feasible,0,0,0,0,0,0,34,2.5256048732552218e-14,1.12.6,lbt,1,1,Intel(R) Core(TM) 7 150U,NT,2abc7cc
degen-r50-m5-d0-p4,100,Anderson-APM,1e-7*n,9.999999999999999e-6,17,17,0.1158465,0.0818118,70.6208646786912,0.0,0.0,0.0,0.0,0.0,0.0299338,0.004100900000000001,0.49319677981783283,5.6705349793488335e-12,-1.7539560781518343e-15,1.850075648235361e-12,1.850075648235361e-12,4.336024750828821e-12,1.850075648235361e-12,NaN,diag_feasible,0,0,0,0,0,0,17,2.5256048732552218e-14,1.12.6,lbt,1,1,Intel(R) Core(TM) 7 150U,NT,2abc7cc
degen-r50-m20-d0.01-p0,100,SBB-Dual,1e-7*n,1.0e-11,14,15,0.0722524,0.0710339,98.31355083014545,8.33e-5,3.83e-5,0.0002543,0.0,0.0,0.0,0.0008425999999999974,0.4414120166739457,3.97548203163951e-12,-1.5405131776791145e-15,1.255662240851052e-12,0.0,4.437510406649711e-12,1.255662240851052e-12,15.384615384615385,diag_feasible,0,0,0,0,0,0,14,5.214763756508865e-14,1.12.6,lbt,1,1,Intel(R) Core(TM) 7 150U,NT,2abc7cc
degen-r50-m20-d0.01-p0,100,Newton-SIN-BH,1e-7*n,9.999999999999999e-6,4,5,0.0379882,0.024741199999999998,65.12864521088126,0.0,1.48e-5,0.0,0.0125269,0.0,0.0,0.0007053000000000007,0.4414120166739455,2.6665004449166007e-13,-1.744043798577907e-15,7.993605777301127e-15,7.993605777301127e-15,2.4717863400659728e-14,7.993605777301127e-15,NaN,converged,18,18,0,0,0,0,4,5.214763756508865e-14,1.12.6,lbt,1,1,Intel(R) Core(TM) 7 150U,NT,2abc7cc
degen-r50-m20-d0.01-p0,100,Newton-SIN,1e-7*n,9.999999999999999e-6,4,9,0.0526195,0.0407963,77.53076331017968,0.0,1.63e-5,0.0,0.0112783,0.0,0.0,0.0005285999999999989,0.4414120166739455,2.6665004449166007e-13,-1.744043798577907e-15,7.993605777301127e-15,7.993605777301127e-15,2.4717863400659728e-14,7.993605777301127e-15,NaN,converged,18,18,0,0,0,0,4,5.214763756508865e-14,1.12.6,lbt,1,1,Intel(R) Core(TM) 7 150U,NT,2abc7cc
degen-r50-m20-d0.01-p0,100,AGD-SDAJ-BH,1e-7*n,1.0e-11,8,58,0.2994726,0.29604590000000003,98.85575508410453,0.0,0.0001535,0.0,0.0,0.0,0.0,0.0032731999999999492,0.44141201667050106,8.800516757829288e-12,-1.5267430768092673e-15,3.5302871737030728e-12,3.5302871737030728e-12,6.919362125779297e-12,3.5302871737030728e-12,NaN,diag_feasible,0,0,9,9,0,0,8,5.214763756508865e-14,1.12.6,lbt,1,1,Intel(R) Core(TM) 7 150U,NT,2abc7cc
degen-r50-m20-d0.01-p0,100,AGD-SDAJ,1e-7*n,1.0e-11,7,60,0.2959476,0.29261420000000005,98.87365195730598,0.0,0.0001431,0.0,0.0,0.0,0.0,0.0031902999999999307,0.4414120166720921,7.743949809422133e-12,-1.4346639634991065e-15,2.295608148017436e-12,2.295608148017436e-12,6.397166163583785e-12,2.295608148017436e-12,NaN,diag_feasible_at_xpre,0,0,19,4,15,0,7,5.214763756508865e-14,1.12.6,lbt,1,1,Intel(R) Core(TM) 7 150U,NT,2abc7cc
degen-r50-m20-d0.01-p0,100,Dykstra-APM,1e-7*n,9.999999999999999e-6,36,36,0.2493885,0.2265099,90.8261206912107,0.0,0.0,0.0,0.0,0.0141846,0.0,0.008694000000000026,0.44141201666861485,1.0739288199514215e-11,-1.4676801839407016e-15,1.9102497361700443e-12,1.9102497361700443e-12,7.497208729974808e-12,1.9102497361700443e-12,NaN,diag_feasible,0,0,0,0,0,0,36,5.214763756508865e-14,1.12.6,lbt,1,1,Intel(R) Core(TM) 7 150U,NT,2abc7cc
degen-r50-m20-d0.01-p0,100,Anderson-APM,1e-7*n,9.999999999999999e-6,18,18,0.1169188,0.083833,71.70189909578271,0.0,0.0,0.0,0.0,0.0,0.028798,0.004287799999999998,0.4414120166727077,8.755653876967514e-12,-1.6511166291145637e-15,3.6266545322405364e-12,3.6266545322405364e-12,6.841759046609644e-12,3.6266545322405364e-12,NaN,diag_feasible,0,0,0,0,0,0,18,5.214763756508865e-14,1.12.6,lbt,1,1,Intel(R) Core(TM) 7 150U,NT,2abc7cc
degen-r50-m20-d0.01-p1,100,SBB-Dual,1e-7*n,1.0e-11,14,15,0.0393575,0.038652200000000005,98.20796544495968,3.9e-5,2.64e-5,8.15e-5,0.0,0.0,0.0,0.0005583999999999921,0.4421316583052655,2.777301508461266e-12,-1.558865828121712e-15,7.340794638821535e-13,0.0,2.931146545979691e-12,7.340794638821535e-13,15.384615384615385,diag_feasible,0,0,0,0,0,0,14,4.21121511044817e-14,1.12.6,lbt,1,1,Intel(R) Core(TM) 7 150U,NT,2abc7cc
degen-r50-m20-d0.01-p1,100,Newton-SIN-BH,1e-7*n,9.999999999999999e-6,4,5,0.0401371,0.0284231,70.81503147960365,0.0,2.0e-5,0.0,0.0108818,0.0,0.0,0.0008122000000000025,0.4421316583052656,3.2049909901164143e-13,-1.4674898759393152e-15,5.329070518200751e-15,5.329070518200751e-15,1.648260598895484e-14,5.329070518200751e-15,NaN,converged,15,15,0,0,0,0,4,4.21121511044817e-14,1.12.6,lbt,1,1,Intel(R) Core(TM) 7 150U,NT,2abc7cc
degen-r50-m20-d0.01-p1,100,Newton-SIN,1e-7*n,9.999999999999999e-6,100,3077,15.8891873,15.0052082,94.43659966170831,0.0,0.0089635,0.0,0.6104519,0.0,0.0,0.2645636999999994,0.44213165625518847,2.554836771834036e-8,-1.405640801523854e-15,9.699685832309513e-9,9.699685832309513e-9,2.1355150313597617e-8,9.699685832309513e-9,NaN,max_iter,783,783,2876,0,0,0,100,4.21121511044817e-14,1.12.6,lbt,1,1,Intel(R) Core(TM) 7 150U,NT,2abc7cc
degen-r50-m20-d0.01-p1,100,AGD-SDAJ-BH,1e-7*n,1.0e-11,6,40,0.1988512,0.1964706,98.80282341771132,0.0,0.0001025,0.0,0.0,0.0,0.0,0.0022781000000000103,0.44213165830311396,4.934597766512342e-12,-1.5347924003478139e-15,8.217870828275409e-13,8.217870828275409e-13,3.715720079448174e-12,8.217870828275409e-13,NaN,diag_feasible,0,0,3,3,0,0,6,4.21121511044817e-14,1.12.6,lbt,1,1,Intel(R) Core(TM) 7 150U,NT,2abc7cc
degen-r50-m20-d0.01-p1,100,AGD-SDAJ,1e-7*n,1.0e-11,6,44,0.2348491,0.23161900000000002,98.62460618328961,0.0,0.0001272,0.0,0.0,0.0,0.0,0.0031028999999999857,0.44213165830311285,4.9370016613178065e-12,-1.712047417915372e-15,8.184564137536654e-13,8.184564137536654e-13,3.713487276299804e-12,8.184564137536654e-13,NaN,diag_feasible,0,0,7,3,4,0,6,4.21121511044817e-14,1.12.6,lbt,1,1,Intel(R) Core(TM) 7 150U,NT,2abc7cc
degen-r50-m20-d0.01-p1,100,Dykstra-APM,1e-7*n,9.999999999999999e-6,36,36,0.1971099,0.1835955,93.14372337462501,0.0,0.0,0.0,0.0,0.0057911,0.0,0.007723300000000009,0.4421316583006562,9.225108306784432e-12,-1.4701707110507797e-15,1.4783729795908584e-12,1.4783729795908584e-12,6.451752269470227e-12,1.4783729795908584e-12,NaN,diag_feasible,0,0,0,0,0,0,36,4.21121511044817e-14,1.12.6,lbt,1,1,Intel(R) Core(TM) 7 150U,NT,2abc7cc
degen-r50-m20-d0.01-p1,100,Anderson-APM,1e-7*n,9.999999999999999e-6,18,18,0.116832,0.08491,72.67700629964392,0.0,0.0,0.0,0.0,0.0,0.0277052,0.004216800000000007,0.44213165830515205,4.053267952014746e-12,-1.7039683894660838e-15,1.6826540161218873e-12,1.6826540161218873e-12,3.2477357061698235e-12,1.6826540161218873e-12,NaN,diag_feasible,0,0,0,0,0,0,18,4.21121511044817e-14,1.12.6,lbt,1,1,Intel(R) Core(TM) 7 150U,NT,2abc7cc
degen-r50-m20-d0.01-p2,100,SBB-Dual,1e-7*n,1.0e-11,14,15,0.0726097,0.0709328,97.690528951366,7.8e-5,3.78e-5,0.0007514,0.0,0.0,0.0,0.0008096999999999951,0.440878984656538,5.109021342350416e-12,-1.6849856883237047e-15,2.6196822489055194e-12,0.0,5.952211577364586e-12,2.6196822489055194e-12,15.384615384615385,diag_feasible,0,0,0,0,0,0,14,2.190293048747523e-14,1.12.6,lbt,1,1,Intel(R) Core(TM) 7 150U,NT,2abc7cc
degen-r50-m20-d0.01-p2,100,Newton-SIN-BH,1e-7*n,9.999999999999999e-6,4,5,0.0358775,0.022980300000000002,64.05212180335866,0.0,1.44e-5,0.0,0.0121886,0.0,0.0,0.0006941999999999972,0.4408789846565381,0.0,-1.589123978742208e-15,6.439293542825908e-15,6.439293542825908e-15,2.190293048747523e-14,6.439293542825908e-15,NaN,converged,19,19,0,0,0,0,4,2.190293048747523e-14,1.12.6,lbt,1,1,Intel(R) Core(TM) 7 150U,NT,2abc7cc
degen-r50-m20-d0.01-p2,100,Newton-SIN,1e-7*n,9.999999999999999e-6,14,47,0.3222581,0.24139739999999998,74.90809385396363,0.0,9.75e-5,0.0,0.0784501,0.0,0.0,0.0023131000000000124,0.4408789846553777,8.41419687107786e-12,-1.4009354792683903e-15,3.219424726808029e-12,3.219424726808029e-12,7.0883316149787865e-12,3.219424726808029e-12,NaN,converged,125,125,18,0,0,0,14,2.190293048747523e-14,1.12.6,lbt,1,1,Intel(R) Core(TM) 7 150U,NT,2abc7cc
degen-r50-m20-d0.01-p2,100,AGD-SDAJ-BH,1e-7*n,1.0e-11,6,39,0.1922845,0.190024,98.82439822242563,0.0,9.97e-5,0.0,0.0,0.0,0.0,0.0021607999999999987,0.44087898465378866,6.05595631599319e-12,-1.6497727010636648e-15,1.060374010819487e-12,1.060374010819487e-12,4.502415587559901e-12,1.060374010819487e-12,NaN,diag_feasible,0,0,2,2,0,0,6,2.190293048747523e-14,1.12.6,lbt,1,1,Intel(R) Core(TM) 7 150U,NT,2abc7cc
degen-r50-m20-d0.01-p2,100,AGD-SDAJ,1e-7*n,1.0e-11,6,51,0.2608036,0.2575683,98.75948798252783,0.0,0.0001433,0.0,0.0,0.0,0.0,0.003092000000000052,0.44087898465386705,5.878862120341052e-12,-1.5030939536347804e-15,1.0125233984581428e-12,1.0125233984581428e-12,4.36956577514623e-12,1.0125233984581428e-12,NaN,diag_feasible,0,0,14,2,12,0,6,2.190293048747523e-14,1.12.6,lbt,1,1,Intel(R) Core(TM) 7 150U,NT,2abc7cc
degen-r50-m20-d0.01-p2,100,Dykstra-APM,1e-7*n,9.999999999999999e-6,36,36,0.2019101,0.189137,93.67386772628015,0.0,0.0,0.0,0.0,0.0058994,0.0,0.0068737000000000095,0.4408789846511694,1.0710745517617651e-11,-1.4304468849461438e-15,1.3913314944602462e-12,1.3913314944602462e-12,7.489776016481932e-12,1.3913314944602462e-12,NaN,diag_feasible,0,0,0,0,0,0,36,2.190293048747523e-14,1.12.6,lbt,1,1,Intel(R) Core(TM) 7 150U,NT,2abc7cc
degen-r50-m20-d0.01-p2,100,Anderson-APM,1e-7*n,9.999999999999999e-6,18,18,0.1272596,0.0931901,73.22834583795644,0.0,0.0,0.0,0.0,0.0,0.0290844,0.004985100000000003,0.440878984656422,4.169895680030543e-12,-1.5368824961616018e-15,1.5643042416968456e-12,1.5643042416968456e-12,3.363205381316066e-12,1.5643042416968456e-12,NaN,diag_feasible,0,0,0,0,0,0,18,2.190293048747523e-14,1.12.6,lbt,1,1,Intel(R) Core(TM) 7 150U,NT,2abc7cc
degen-r50-m20-d0.01-p3,100,SBB-Dual,1e-7*n,1.0e-11,14,15,0.0754528,0.07397379999999999,98.03983417447728,8.95e-5,4.3e-5,0.0002452,0.0,0.0,0.0,0.0011013000000000082,0.44080151435458614,3.2691232572614074e-12,-1.5960057640229522e-15,1.4857004515533845e-12,0.0,3.816507048848569e-12,1.4857004515533845e-12,15.384615384615385,diag_feasible,0,0,0,0,0,0,14,1.4412388320677724e-14,1.12.6,lbt,1,1,Intel(R) Core(TM) 7 150U,NT,2abc7cc
degen-r50-m20-d0.01-p3,100,Newton-SIN-BH,1e-7*n,9.999999999999999e-6,4,5,0.0585328,0.0408429,69.77779979772025,0.0,2.23e-5,0.0,0.0166447,0.0,0.0,0.0010229000000000037,0.44080151435458653,0.0,-1.517160498210065e-15,4.6629367034256575e-15,4.6629367034256575e-15,1.4412388320677724e-14,4.6629367034256575e-15,NaN,converged,19,19,0,0,0,0,4,1.4412388320677724e-14,1.12.6,lbt,1,1,Intel(R) Core(TM) 7 150U,NT,2abc7cc
degen-r50-m20-d0.01-p3,100,Newton-SIN,1e-7*n,9.999999999999999e-6,100,2189,13.2006452,12.1663933,92.1651412917302,0.0,0.006168,0.0,0.8838459,0.0,0.0,0.1442380000000011,0.44080151435279746,4.075443343378762e-11,-1.4049758227962168e-15,1.3348211425068257e-11,1.3348211425068257e-11,3.454461497237919e-11,1.3348211425068257e-11,NaN,max_iter,1070,1070,1988,0,0,0,100,1.4412388320677724e-14,1.12.6,lbt,1,1,Intel(R) Core(TM) 7 150U,NT,2abc7cc
degen-r50-m20-d0.01-p3,100,AGD-SDAJ-BH,1e-7*n,1.0e-11,8,58,0.3038105,0.30036599999999997,98.86623405050187,0.0,0.0001642,0.0,0.0,0.0,0.0,0.003280300000000017,0.440801514352896,5.792066896047116e-12,-1.5490957679820116e-15,2.2997159732085493e-12,2.2997159732085493e-12,4.9418585835102786e-12,2.2997159732085493e-12,NaN,diag_feasible_at_xpre,0,0,13,13,0,0,8,1.4412388320677724e-14,1.12.6,lbt,1,1,Intel(R) Core(TM) 7 150U,NT,2abc7cc
degen-r50-m20-d0.01-p3,100,AGD-SDAJ,1e-7*n,1.0e-11,8,61,0.3421006,0.3325531,97.20915426631817,0.0,0.0001609,0.0,0.0,0.0,0.0,0.009386599999999986,0.4408015143528991,5.786289105280065e-12,-1.7657333178844496e-15,2.298161660974074e-12,2.298161660974074e-12,4.936716821179364e-12,2.298161660974074e-12,NaN,diag_feasible_at_xpre,0,0,16,13,3,0,8,1.4412388320677724e-14,1.12.6,lbt,1,1,Intel(R) Core(TM) 7 150U,NT,2abc7cc
degen-r50-m20-d0.01-p3,100,Dykstra-APM,1e-7*n,9.999999999999999e-6,36,36,0.1917252,0.1777511,92.71139109517162,0.0,0.0,0.0,0.0,0.0069232,0.0,0.007050900000000017,0.4408015143494027,1.0375986487140286e-11,-1.2576805517717187e-15,1.4419576643831533e-12,1.4419576643831533e-12,7.258152323999067e-12,1.4419576643831533e-12,NaN,diag_feasible,0,0,0,0,0,0,36,1.4412388320677724e-14,1.12.6,lbt,1,1,Intel(R) Core(TM) 7 150U,NT,2abc7cc
degen-r50-m20-d0.01-p3,100,Anderson-APM,1e-7*n,9.999999999999999e-6,18,18,0.1385245,0.0992253,71.63014484802328,0.0,0.0,0.0,0.0,0.0,0.0345357,0.00476349999999999,0.44080151435481557,3.3204658561000777e-12,-1.7382371148353012e-15,1.057376408652999e-12,1.057376408652999e-12,2.698386016197081e-12,1.057376408652999e-12,NaN,diag_feasible,0,0,0,0,0,0,18,1.4412388320677724e-14,1.12.6,lbt,1,1,Intel(R) Core(TM) 7 150U,NT,2abc7cc
degen-r50-m20-d0.01-p4,100,SBB-Dual,1e-7*n,1.0e-11,14,15,0.0737144,0.07249910000000001,98.35133976536471,8.69e-5,4.45e-5,0.0002341,0.0,0.0,0.0,0.0008497999999999886,0.44072845861702015,3.4058302825558134e-12,-1.810070997345686e-15,6.930012119710227e-13,0.0,3.3870148206854733e-12,6.930012119710227e-13,15.384615384615385,diag_feasible,0,0,0,0,0,0,14,2.4196240435043447e-14,1.12.6,lbt,1,1,Intel(R) Core(TM) 7 150U,NT,2abc7cc
degen-r50-m20-d0.01-p4,100,Newton-SIN-BH,1e-7*n,9.999999999999999e-6,4,5,0.0344637,0.0229182,66.49953429260353,0.0,1.4e-5,0.0,0.0108655,0.0,0.0,0.0006659999999999999,0.44072845861702287,2.0352186601847374e-13,-1.7408025933741901e-15,5.773159728050814e-15,5.773159728050814e-15,1.862132303707798e-14,5.773159728050814e-15,NaN,converged,18,18,0,0,0,0,4,2.4196240435043447e-14,1.12.6,lbt,1,1,Intel(R) Core(TM) 7 150U,NT,2abc7cc
degen-r50-m20-d0.01-p4,100,Newton-SIN,1e-7*n,9.999999999999999e-6,4,9,0.0709865,0.057673,81.24502546258798,0.0,7.19e-5,0.0,0.01257,0.0,0.0,0.0006715999999999927,0.44072845861702287,2.0352186601847374e-13,-1.7408025933741901e-15,5.773159728050814e-15,5.773159728050814e-15,1.862132303707798e-14,5.773159728050814e-15,NaN,converged,18,18,0,0,0,0,4,2.4196240435043447e-14,1.12.6,lbt,1,1,Intel(R) Core(TM) 7 150U,NT,2abc7cc
degen-r50-m20-d0.01-p4,100,AGD-SDAJ-BH,1e-7*n,1.0e-11,7,47,0.2342411,0.23128579999999999,98.73835121163621,0.0,0.0001189,0.0,0.0,0.0,0.0,0.002836400000000022,0.44072845861185117,1.12249304403433e-11,-1.569457494620116e-15,3.894440325780124e-12,3.894440325780124e-12,8.412861558283644e-12,3.894440325780124e-12,NaN,diag_feasible,0,0,4,4,0,0,7,2.4196240435043447e-14,1.12.6,lbt,1,1,Intel(R) Core(TM) 7 150U,NT,2abc7cc
degen-r50-m20-d0.01-p4,100,AGD-SDAJ,1e-7*n,1.0e-11,7,59,0.3210158,0.3175195,98.91086357743139,0.0,0.0001552,0.0,0.0,0.0,0.0,0.003341100000000008,0.44072845861423404,6.853251629090946e-12,-1.3730678654198642e-15,2.667199794359476e-12,2.667199794359476e-12,5.427105204239016e-12,2.667199794359476e-12,NaN,diag_feasible,0,0,16,8,8,0,7,2.4196240435043447e-14,1.12.6,lbt,1,1,Intel(R) Core(TM) 7 150U,NT,2abc7cc
degen-r50-m20-d0.01-p4,100,Dykstra-APM,1e-7*n,9.999999999999999e-6,36,36,0.1872629,0.1745226,93.1965701695317,0.0,0.0,0.0,0.0,0.0058631,0.0,0.0068772000000000095,0.44072845861110416,1.1689552389398928e-11,-1.4190694297302677e-15,1.5076828674409626e-12,1.5076828674409626e-12,8.165153113335738e-12,1.5076828674409626e-12,NaN,diag_feasible,0,0,0,0,0,0,36,2.4196240435043447e-14,1.12.6,lbt,1,1,Intel(R) Core(TM) 7 150U,NT,2abc7cc
degen-r50-m20-d0.01-p4,100,Anderson-APM,1e-7*n,9.999999999999999e-6,18,18,0.1191564,0.0860688,72.23178948004472,0.0,0.0,0.0,0.0,0.0,0.0286183,0.0044692999999999955,0.4407284586155127,5.002410018116892e-12,-1.7067685584091675e-15,1.4741541320972829e-12,1.4741541320972829e-12,3.8046414239120336e-12,1.4741541320972829e-12,NaN,diag_feasible,0,0,0,0,0,0,18,2.4196240435043447e-14,1.12.6,lbt,1,1,Intel(R) Core(TM) 7 150U,NT,2abc7cc
degen-r50-m20-d0.0001-p0,100,SBB-Dual,1e-7*n,1.0e-11,14,15,0.0737292,0.0726569,98.54562371489179,9.39e-5,3.78e-5,0.000132,0.0,0.0,0.0,0.0008085999999999983,0.452006880707046,3.1986037446309163e-12,-1.5644459371774645e-15,1.7988943668001411e-12,0.0,3.84860509404782e-12,1.7988943668001411e-12,7.6923076923076925,diag_feasible,0,0,0,0,0,0,14,3.634501219898307e-14,1.12.6,lbt,1,1,Intel(R) Core(TM) 7 150U,NT,2abc7cc
degen-r50-m20-d0.0001-p0,100,Newton-SIN-BH,1e-7*n,9.999999999999999e-6,4,5,0.0349648,0.024007300000000002,68.6613394042008,0.0,1.44e-5,0.0,0.0102325,0.0,0.0,0.0007105999999999953,0.4520068807070463,0.0,-1.5357573633742579e-15,1.0658141036401503e-14,1.0658141036401503e-14,3.634501219898307e-14,1.0658141036401503e-14,NaN,converged,17,17,0,0,0,0,4,3.634501219898307e-14,1.12.6,lbt,1,1,Intel(R) Core(TM) 7 150U,NT,2abc7cc
degen-r50-m20-d0.0001-p0,100,Newton-SIN,1e-7*n,9.999999999999999e-6,100,3023,16.6807171,15.685289000000001,94.03246218953022,0.0,0.0082644,0.0,0.7470049,0.0,0.0,0.24015879999999812,0.4520068799250258,7.243390289179175e-9,-1.422045093420607e-15,5.111995937667757e-9,5.111995937667757e-9,5.659199123052501e-9,5.111995937667757e-9,NaN,max_iter,881,881,2822,0,0,0,100,3.634501219898307e-14,1.12.6,lbt,1,1,Intel(R) Core(TM) 7 150U,NT,2abc7cc
degen-r50-m20-d0.0001-p0,100,AGD-SDAJ-BH,1e-7*n,1.0e-11,7,46,0.2616062,0.25511130000000004,97.51729890193735,0.0,0.0001286,0.0,0.0,0.0,0.0,0.00636629999999997,0.4520068807100337,7.874407068695114e-12,-1.6614218577127758e-15,1.9769741399500163e-12,1.9769741399500163e-12,5.9822590268505034e-12,1.9769741399500163e-12,NaN,diag_feasible,0,0,3,3,0,0,7,3.634501219898307e-14,1.12.6,lbt,1,1,Intel(R) Core(TM) 7 150U,NT,2abc7cc
degen-r50-m20-d0.0001-p0,100,AGD-SDAJ,1e-7*n,1.0e-11,7,56,0.3033074,0.29939689999999997,98.71071394895078,0.0,0.0002036,0.0,0.0,0.0,0.0,0.003706900000000039,0.45200688071026107,8.525431693742273e-12,-1.374920952306965e-15,2.278954802648059e-12,2.278954802648059e-12,6.514471261742649e-12,2.278954802648059e-12,NaN,diag_feasible,0,0,13,3,10,0,7,3.634501219898307e-14,1.12.6,lbt,1,1,Intel(R) Core(TM) 7 150U,NT,2abc7cc
degen-r50-m20-d0.0001-p0,100,Dykstra-APM,1e-7*n,9.999999999999999e-6,34,34,0.202579,0.1871546,92.3859827524077,0.0,0.0,0.0,0.0,0.0074221,0.0,0.008002300000000004,0.45200688070360345,7.564333775041197e-12,-1.5975297243744875e-15,1.3418155475619642e-12,1.3418155475619642e-12,5.282992444499473e-12,1.3418155475619642e-12,NaN,diag_feasible,0,0,0,0,0,0,34,3.634501219898307e-14,1.12.6,lbt,1,1,Intel(R) Core(TM) 7 150U,NT,2abc7cc
degen-r50-m20-d0.0001-p0,100,Anderson-APM,1e-7*n,9.999999999999999e-6,17,17,0.1374389,0.1033173,75.17325880809581,0.0,0.0,0.0,0.0,0.0,0.029648,0.004473600000000001,0.4520068807016724,1.3039558110567867e-11,-1.4314036526534164e-15,4.402478381848596e-12,4.402478381848596e-12,9.276678666199836e-12,4.402478381848596e-12,NaN,diag_feasible,0,0,0,0,0,0,17,3.634501219898307e-14,1.12.6,lbt,1,1,Intel(R) Core(TM) 7 150U,NT,2abc7cc
degen-r50-m20-d0.0001-p1,100,SBB-Dual,1e-7*n,1.0e-11,14,15,0.0409422,0.0401763,98.1293140085291,4.37e-5,3.16e-5,9.53e-5,0.0,0.0,0.0,0.0005952999999999999,0.45282971534979843,2.3479273478592697e-12,-1.9053479359447833e-15,1.920685832601521e-12,0.0,2.972062041535825e-12,1.920685832601521e-12,15.384615384615385,diag_feasible,0,0,0,0,0,0,14,2.7667728979001572e-14,1.12.6,lbt,1,1,Intel(R) Core(TM) 7 150U,NT,2abc7cc
degen-r50-m20-d0.0001-p1,100,Newton-SIN-BH,1e-7*n,9.999999999999999e-6,4,5,0.035852,0.0238897,66.63421845364275,0.0,1.86e-5,0.0,0.0111105,0.0,0.0,0.000833200000000001,0.45282971534979827,1.8765940325629828e-13,-1.594981850710774e-15,4.6629367034256575e-15,4.6629367034256575e-15,1.868245092875572e-14,4.6629367034256575e-15,NaN,converged,17,17,0,0,0,0,4,2.7667728979001572e-14,1.12.6,lbt,1,1,Intel(R) Core(TM) 7 150U,NT,2abc7cc
degen-r50-m20-d0.0001-p1,100,Newton-SIN,1e-7*n,9.999999999999999e-6,100,2308,12.9412543,12.112324200000002,93.59466956769407,0.0,0.0091773,0.0,0.6327755,0.0,0.0,0.18697729999999912,0.4528297153391793,1.0371390035100373e-10,-1.3802580207416048e-15,4.9644954813743425e-11,4.9644954813743425e-11,8.599228147698544e-11,4.9644954813743425e-11,NaN,max_iter,974,974,2107,0,0,0,100,2.7667728979001572e-14,1.12.6,lbt,1,1,Intel(R) Core(TM) 7 150U,NT,2abc7cc
degen-r50-m20-d0.0001-p1,100,AGD-SDAJ-BH,1e-7*n,1.0e-11,6,48,0.2421899,0.2377672,98.17387099957513,0.0,0.0001392,0.0,0.0,0.0,0.0,0.004283500000000002,0.45282971535072497,2.240161874690213e-12,-1.2969812974380618e-15,3.709255125272648e-13,3.709255125272648e-13,1.6650912211884016e-12,3.709255125272648e-13,NaN,diag_feasible,0,0,11,11,0,0,6,2.7667728979001572e-14,1.12.6,lbt,1,1,Intel(R) Core(TM) 7 150U,NT,2abc7cc
degen-r50-m20-d0.0001-p1,100,AGD-SDAJ,1e-7*n,1.0e-11,6,58,0.2800011,0.2767132,98.82575461310687,0.0,0.000142,0.0,0.0,0.0,0.0,0.00314590000000001,0.4528297153507164,2.2214643958881823e-12,-1.6033305790131495e-15,3.723688024592775e-13,3.723688024592775e-13,1.6519393028404788e-12,3.723688024592775e-13,NaN,diag_feasible,0,0,21,11,10,0,6,2.7667728979001572e-14,1.12.6,lbt,1,1,Intel(R) Core(TM) 7 150U,NT,2abc7cc
degen-r50-m20-d0.0001-p1,100,Dykstra-APM,1e-7*n,9.999999999999999e-6,33,33,0.1751008,0.1623392,92.71185511431129,0.0,0.0,0.0,0.0,0.0060776,0.0,0.006684000000000012,0.45282971534430144,1.1984861952829428e-11,-1.6524392326398761e-15,1.9173551635276453e-12,1.9173551635276453e-12,8.399446204225153e-12,1.9173551635276453e-12,NaN,diag_feasible,0,0,0,0,0,0,33,2.7667728979001572e-14,1.12.6,lbt,1,1,Intel(R) Core(TM) 7 150U,NT,2abc7cc
degen-r50-m20-d0.0001-p1,100,Anderson-APM,1e-7*n,9.999999999999999e-6,18,18,0.115941,0.0848362,73.17187190036312,0.0,0.0,0.0,0.0,0.0,0.0268437,0.0042611,0.45282971534858724,4.129570011892624e-12,-1.649928427763368e-15,1.616706768459153e-12,1.616706768459153e-12,3.1103717108314644e-12,1.616706768459153e-12,NaN,diag_feasible,0,0,0,0,0,0,18,2.7667728979001572e-14,1.12.6,lbt,1,1,Intel(R) Core(TM) 7 150U,NT,2abc7cc
degen-r50-m20-d0.0001-p2,100,SBB-Dual,1e-7*n,1.0e-11,14,15,0.0384809,0.0377989,98.22769217975673,3.46e-5,2.81e-5,8.71e-5,0.0,0.0,0.0,0.0005321999999999952,0.4513912370673767,3.974712816556133e-12,-1.6643223665037227e-15,4.3014480866077065e-12,0.0,5.3091354106905896e-12,4.3014480866077065e-12,15.384615384615385,diag_feasible,0,0,0,0,0,0,14,2.218668981299174e-14,1.12.6,lbt,1,1,Intel(R) Core(TM) 7 150U,NT,2abc7cc
degen-r50-m20-d0.0001-p2,100,Newton-SIN-BH,1e-7*n,9.999999999999999e-6,4,5,0.0371413,0.0259275,69.80773424732037,0.0,1.66e-5,0.0,0.0103966,0.0,0.0,0.000800600000000002,0.45139123706737816,1.5213256040065435e-13,-1.5838417463671926e-15,6.328271240363392e-15,6.328271240363392e-15,1.8252620277313407e-14,6.328271240363392e-15,NaN,converged,17,17,0,0,0,0,4,2.218668981299174e-14,1.12.6,lbt,1,1,Intel(R) Core(TM) 7 150U,NT,2abc7cc
degen-r50-m20-d0.0001-p2,100,Newton-SIN,1e-7*n,9.999999999999999e-6,18,79,0.5198539,0.4150997,79.84929996677914,0.0,0.0001567,0.0,0.1008357,0.0,0.0,0.003761799999999968,0.4513912370667616,8.648937498426414e-12,-1.625664078443212e-15,4.8685500075862365e-12,4.8685500075862365e-12,7.140663558937582e-12,4.8685500075862365e-12,NaN,converged,162,162,42,0,0,0,18,2.218668981299174e-14,1.12.6,lbt,1,1,Intel(R) Core(TM) 7 150U,NT,2abc7cc
degen-r50-m20-d0.0001-p2,100,AGD-SDAJ-BH,1e-7*n,1.0e-11,7,43,0.2204413,0.21793089999999998,98.8611934333539,0.0,0.0001051,0.0,0.0,0.0,0.0,0.002405300000000024,0.4513912370703131,9.030621944955391e-12,-1.7258669472933314e-15,2.614020111479931e-12,2.614020111479931e-12,7.371116074900237e-12,2.614020111479931e-12,NaN,diag_feasible,0,0,2,2,0,0,7,2.218668981299174e-14,1.12.6,lbt,1,1,Intel(R) Core(TM) 7 150U,NT,2abc7cc
degen-r50-m20-d0.0001-p2,100,AGD-SDAJ,1e-7*n,1.0e-11,10,191,0.8618865,0.8512514,98.76606722578902,0.0,0.0004542,0.0,0.0,0.0,0.0,0.010180900000000008,0.4513912370693495,1.0149483982202994e-11,-1.620313137423561e-15,4.565015032653719e-12,4.565015032653719e-12,8.617572090060332e-12,4.565015032653719e-12,NaN,diag_feasible_at_xpre,0,0,136,2,134,0,10,2.218668981299174e-14,1.12.6,lbt,1,1,Intel(R) Core(TM) 7 150U,NT,2abc7cc
degen-r50-m20-d0.0001-p2,100,Dykstra-APM,1e-7*n,9.999999999999999e-6,34,34,0.0931556,0.0877638,94.21204951715194,0.0,0.0,0.0,0.0,0.0036525,0.0,0.0017393000000000022,0.4513912370638612,7.663337009481701e-12,-1.671307823458208e-15,9.938716516444401e-13,9.938716516444401e-13,5.35808090614067e-12,9.938716516444401e-13,NaN,diag_feasible,0,0,0,0,0,0,34,2.218668981299174e-14,1.12.6,lbt,1,1,Intel(R) Core(TM) 7 150U,NT,2abc7cc
degen-r50-m20-d0.0001-p2,100,Anderson-APM,1e-7*n,9.999999999999999e-6,18,18,0.1198922,0.0876437,73.1020867078926,0.0,0.0,0.0,0.0,0.0,0.0277174,0.0045311,0.451391237066314,3.4217932097416854e-12,-1.4457430013434522e-15,8.01358979174438e-13,8.01358979174438e-13,2.609851985576987e-12,8.01358979174438e-13,NaN,diag_feasible,0,0,0,0,0,0,18,2.218668981299174e-14,1.12.6,lbt,1,1,Intel(R) Core(TM) 7 150U,NT,2abc7cc
degen-r50-m20-d0.0001-p3,100,SBB-Dual,1e-7*n,1.0e-11,14,15,0.0854206,0.08420180000000001,98.5731778985397,8.46e-5,5.59e-5,0.000251,0.0,0.0,0.0,0.0008272999999999922,0.4512205921648265,5.327175528993823e-12,-1.5992972964414822e-15,4.861555602531098e-12,0.0,7.53546012199019e-12,4.861555602531098e-12,15.384615384615385,diag_feasible,0,0,0,0,0,0,14,1.3591052620682385e-14,1.12.6,lbt,1,1,Intel(R) Core(TM) 7 150U,NT,2abc7cc
degen-r50-m20-d0.0001-p3,100,Newton-SIN-BH,1e-7*n,9.999999999999999e-6,4,5,0.0184327,0.0135486,73.50306791734255,0.0,9.9e-6,0.0,0.0043911,0.0,0.0,0.0004831000000000002,0.4512205921648278,1.021826430687974e-13,-1.782988704588897e-15,9.325873406851315e-15,9.325873406851315e-15,2.2348874972162274e-14,9.325873406851315e-15,NaN,converged,17,17,0,0,0,0,4,1.3591052620682385e-14,1.12.6,lbt,1,1,Intel(R) Core(TM) 7 150U,NT,2abc7cc
degen-r50-m20-d0.0001-p3,100,Newton-SIN,1e-7*n,9.999999999999999e-6,6,15,0.0927112,0.0704659,76.00581159557854,0.0,3.02e-5,0.0,0.0214191,0.0,0.0,0.0007959999999999946,0.451220592164827,1.5837225669325e-13,-1.6080338890920421e-15,9.325873406851315e-15,9.325873406851315e-15,2.860047427851449e-14,9.325873406851315e-15,NaN,converged,36,36,2,0,0,0,6,1.3591052620682385e-14,1.12.6,lbt,1,1,Intel(R) Core(TM) 7 150U,NT,2abc7cc
degen-r50-m20-d0.0001-p3,100,AGD-SDAJ-BH,1e-7*n,1.0e-11,9,67,0.3787275,0.3735346,98.62885583962083,0.0,0.0002735,0.0,0.0,0.0,0.0,0.0049194,0.45122059216573207,2.403841075072438e-12,-1.5335187930941234e-15,6.628031457012185e-13,6.628031457012185e-13,1.845896942887472e-12,6.628031457012185e-13,NaN,diag_feasible,0,0,12,12,0,0,9,1.3591052620682385e-14,1.12.6,lbt,1,1,Intel(R) Core(TM) 7 150U,NT,2abc7cc
degen-r50-m20-d0.0001-p3,100,AGD-SDAJ,1e-7*n,1.0e-11,7,60,0.2997525,0.2954757,98.57322290889985,0.0,0.000218,0.0,0.0,0.0,0.0,0.004058799999999969,0.45122059216691185,1.1046361825561485e-11,-1.5567120280327655e-15,4.696465438769337e-12,4.696465438769337e-12,9.348659398448237e-12,4.696465438769337e-12,NaN,diag_feasible_at_xpre,0,0,19,10,9,0,7,1.3591052620682385e-14,1.12.6,lbt,1,1,Intel(R) Core(TM) 7 150U,NT,2abc7cc
degen-r50-m20-d0.0001-p3,100,Dykstra-APM,1e-7*n,9.999999999999999e-6,33,33,0.2817355,0.2601365,92.33358948375336,0.0,0.0,0.0,0.0,0.0073721,0.0,0.014226900000000035,0.4512205921583477,1.4172718169491647e-11,-1.5917436073744183e-15,1.958211370833851e-12,1.958211370833851e-12,9.912106972460554e-12,1.958211370833851e-12,NaN,diag_feasible,0,0,0,0,0,0,33,1.3591052620682385e-14,1.12.6,lbt,1,1,Intel(R) Core(TM) 7 150U,NT,2abc7cc
degen-r50-m20-d0.0001-p3,100,Anderson-APM,1e-7*n,9.999999999999999e-6,18,18,0.1186684,0.0862117,72.64924781997566,0.0,0.0,0.0,0.0,0.0,0.0280562,0.004400499999999991,0.45122059216373317,3.52304978089186e-12,-1.5187841967485077e-15,7.753797603982093e-13,7.753797603982093e-13,2.6640820784087544e-12,7.753797603982093e-13,NaN,diag_feasible,0,0,0,0,0,0,18,1.3591052620682385e-14,1.12.6,lbt,1,1,Intel(R) Core(TM) 7 150U,NT,2abc7cc
degen-r50-m20-d0.0001-p4,100,SBB-Dual,1e-7*n,1.0e-11,15,16,0.0781661,0.07698039999999999,98.48310200969472,8.57e-5,4.17e-5,0.0002318,0.0,0.0,0.0,0.0008265000000000118,0.45135237750322427,1.0649623486456728e-12,-1.7278195952872986e-15,3.2596148002994596e-13,0.0,1.0507945099190022e-12,3.2596148002994596e-13,7.142857142857143,diag_feasible,0,0,0,0,0,0,15,2.2738982948176048e-14,1.12.6,lbt,1,1,Intel(R) Core(TM) 7 150U,NT,2abc7cc
degen-r50-m20-d0.0001-p4,100,Newton-SIN-BH,1e-7*n,9.999999999999999e-6,4,5,0.0359097,0.0245533,68.37511870051824,0.0,1.81e-5,0.0,0.0103846,0.0,0.0,0.0009537000000000018,0.4513523775032254,1.3557436250109046e-13,-1.533265441677184e-15,7.771561172376096e-15,7.771561172376096e-15,2.3797391627806144e-14,7.771561172376096e-15,NaN,converged,17,17,0,0,0,0,4,2.2738982948176048e-14,1.12.6,lbt,1,1,Intel(R) Core(TM) 7 150U,NT,2abc7cc
degen-r50-m20-d0.0001-p4,100,Newton-SIN,1e-7*n,9.999999999999999e-6,5,12,0.0721601,0.0557475,77.25529759520843,0.0,2.21e-5,0.0,0.0157119,0.0,0.0,0.0006786000000000049,0.45135237750322654,9.279641277590223e-14,-1.5857380736956297e-15,4.884981308350689e-15,4.884981308350689e-15,1.7237441525126394e-14,4.884981308350689e-15,NaN,converged,26,26,1,0,0,0,5,2.2738982948176048e-14,1.12.6,lbt,1,1,Intel(R) Core(TM) 7 150U,NT,2abc7cc
degen-r50-m20-d0.0001-p4,100,AGD-SDAJ-BH,1e-7*n,1.0e-11,7,47,0.2335145,0.2306465,98.77181074408655,0.0,0.000125,0.0,0.0,0.0,0.0,0.0027430000000000093,0.45135237750647594,1.0941661594144042e-11,-1.6547592132788635e-15,5.138445224872612e-12,5.138445224872612e-12,9.110235496189908e-12,5.138445224872612e-12,NaN,diag_feasible_at_xpre,0,0,6,6,0,0,7,2.2738982948176048e-14,1.12.6,lbt,1,1,Intel(R) Core(TM) 7 150U,NT,2abc7cc
degen-r50-m20-d0.0001-p4,100,AGD-SDAJ,1e-7*n,1.0e-11,7,79,0.397648,0.39282500000000004,98.78711825534143,0.0,0.0001925,0.0,0.0,0.0,0.0,0.004630499999999966,0.45135237750660473,8.378729288605595e-12,-1.6425841971588117e-15,2.860711667551641e-12,2.860711667551641e-12,6.448399272589639e-12,2.860711667551641e-12,NaN,diag_feasible,0,0,36,6,30,0,7,2.2738982948176048e-14,1.12.6,lbt,1,1,Intel(R) Core(TM) 7 150U,NT,2abc7cc
degen-r50-m20-d0.0001-p4,100,Dykstra-APM,1e-7*n,9.999999999999999e-6,34,34,0.1822519,0.1703501,93.46958797137368,0.0,0.0,0.0,0.0,0.0053193,0.0,0.00658249999999999,0.4513523774990699,8.94803499242422e-12,-1.325747270063684e-15,1.1666223542761145e-12,1.1666223542761145e-12,6.2495906382188775e-12,1.1666223542761145e-12,NaN,diag_feasible,0,0,0,0,0,0,34,2.2738982948176048e-14,1.12.6,lbt,1,1,Intel(R) Core(TM) 7 150U,NT,2abc7cc
degen-r50-m20-d0.0001-p4,100,Anderson-APM,1e-7*n,9.999999999999999e-6,17,17,0.1068033,0.0771902,72.2732350030383,0.0,0.0,0.0,0.0,0.0,0.0256514,0.003961700000000002,0.4513523774981651,1.1689050407461227e-11,-1.4191090808411583e-15,2.6687541065939513e-12,2.6687541065939513e-12,8.343956110647963e-12,2.6687541065939513e-12,NaN,diag_feasible,0,0,0,0,0,0,17,2.2738982948176048e-14,1.12.6,lbt,1,1,Intel(R) Core(TM) 7 150U,NT,2abc7cc
degen-r50-m20-d1e-06-p0,100,SBB-Dual,1e-7*n,1.0e-11,13,14,0.069794,0.0685506,98.2184715018483,9.42e-5,4.05e-5,0.0002308,0.0,0.0,0.0,0.0008778999999999918,0.45212849277340134,6.582353030490315e-12,-1.829895366296033e-15,1.723066134218243e-12,0.0,6.8134904429884614e-12,1.723066134218243e-12,0.0,diag_feasible,0,0,0,0,0,0,13,2.9030368439972756e-14,1.12.6,lbt,1,1,Intel(R) Core(TM) 7 150U,NT,2abc7cc
degen-r50-m20-d1e-06-p0,100,Newton-SIN-BH,1e-7*n,9.999999999999999e-6,4,5,0.0352716,0.0240634,68.22315970922782,0.0,1.65e-5,0.0,0.0103887,0.0,0.0,0.0008030000000000016,0.4521284927734054,3.2039680199766213e-13,-1.5213222531334794e-15,8.304468224196171e-14,8.304468224196171e-14,1.6524467899646003e-13,8.304468224196171e-14,NaN,converged,15,15,0,0,0,0,4,2.9030368439972756e-14,1.12.6,lbt,1,1,Intel(R) Core(TM) 7 150U,NT,2abc7cc
degen-r50-m20-d1e-06-p0,100,Newton-SIN,1e-7*n,9.999999999999999e-6,4,9,0.0518141,0.041565,80.21947693774473,0.0,1.8e-5,0.0,0.0093899,0.0,0.0,0.0008412000000000038,0.4521284927734054,3.2039680199766213e-13,-1.5213222531334794e-15,8.304468224196171e-14,8.304468224196171e-14,1.6524467899646003e-13,8.304468224196171e-14,NaN,converged,15,15,0,0,0,0,4,2.9030368439972756e-14,1.12.6,lbt,1,1,Intel(R) Core(TM) 7 150U,NT,2abc7cc
degen-r50-m20-d1e-06-p0,100,AGD-SDAJ-BH,1e-7*n,1.0e-11,7,44,0.1312553,0.1294201,98.601808841243,0.0,8.33e-5,0.0,0.0,0.0,0.0,0.0017518999999999814,0.45212849277498557,4.031133439623529e-12,-1.5299966655121216e-15,7.764899834228345e-13,7.764899834228345e-13,2.968457798409447e-12,7.764899834228345e-13,NaN,diag_feasible,0,0,1,1,0,0,7,2.9030368439972756e-14,1.12.6,lbt,1,1,Intel(R) Core(TM) 7 150U,NT,2abc7cc
degen-r50-m20-d1e-06-p0,100,AGD-SDAJ,1e-7*n,1.0e-11,7,45,0.1371703,0.1350452,98.45075792646077,0.0,0.0001006,0.0,0.0,0.0,0.0,0.0020244999999999907,0.45212849277556333,6.680089002031152e-12,-1.5471162070639144e-15,2.3168134077877767e-12,2.3168134077877767e-12,5.489893294411925e-12,2.3168134077877767e-12,NaN,diag_feasible_at_xpre,0,0,6,1,5,0,7,2.9030368439972756e-14,1.12.6,lbt,1,1,Intel(R) Core(TM) 7 150U,NT,2abc7cc
degen-r50-m20-d1e-06-p0,100,Dykstra-APM,1e-7*n,9.999999999999999e-6,31,31,0.1600856,0.1490619,93.1138715787054,0.0,0.0,0.0,0.0,0.0051121,0.0,0.005911599999999998,0.45212849276794626,1.2009412605246564e-11,-1.6458938475220358e-15,2.2517543385447425e-12,2.2517543385447425e-12,8.394919782449141e-12,2.2517543385447425e-12,NaN,diag_feasible,0,0,0,0,0,0,31,2.9030368439972756e-14,1.12.6,lbt,1,1,Intel(R) Core(TM) 7 150U,NT,2abc7cc
degen-r50-m20-d1e-06-p0,100,Anderson-APM,1e-7*n,9.999999999999999e-6,17,17,0.0566357,0.0476739,84.17641169792198,0.0,0.0,0.0,0.0,0.0,0.0074524,0.0015093999999999993,0.4521284927759977,1.2546627883265918e-11,-1.5003579930530674e-15,7.498002219108457e-12,7.498002219108457e-12,9.62254870101846e-12,7.498002219108457e-12,NaN,diag_feasible,0,0,0,0,0,0,17,2.9030368439972756e-14,1.12.6,lbt,1,1,Intel(R) Core(TM) 7 150U,NT,2abc7cc
degen-r50-m20-d1e-06-p1,100,SBB-Dual,1e-7*n,1.0e-11,13,14,0.0807729,0.0790856,97.91105680246717,9.46e-5,4.24e-5,0.0002289,0.0,0.0,0.0,0.0013213999999999889,0.45295237284996953,2.608744800172041e-12,-1.5351278296624485e-15,1.2221335055073723e-12,0.0,2.752847936827634e-12,1.2221335055073723e-12,0.0,diag_feasible,0,0,0,0,0,0,13,5.193969322717302e-14,1.12.6,lbt,1,1,Intel(R) Core(TM) 7 150U,NT,2abc7cc
degen-r50-m20-d1e-06-p1,100,Newton-SIN-BH,1e-7*n,9.999999999999999e-6,4,5,0.0301871,0.020674599999999998,68.48819528871603,0.0,1.37e-5,0.0,0.0088515,0.0,0.0,0.0006473000000000034,0.45295237284996775,0.0,-1.4640076722110954e-15,2.55351295663786e-14,2.55351295663786e-14,5.193969322717302e-14,2.55351295663786e-14,NaN,converged,15,15,0,0,0,0,4,5.193969322717302e-14,1.12.6,lbt,1,1,Intel(R) Core(TM) 7 150U,NT,2abc7cc
degen-r50-m20-d1e-06-p1,100,Newton-SIN,1e-7*n,9.999999999999999e-6,4,9,0.0513706,0.0418965,81.55734992388643,0.0,1.7e-5,0.0,0.0089241,0.0,0.0,0.0005329999999999988,0.45295237284996775,0.0,-1.4640076722110954e-15,2.55351295663786e-14,2.55351295663786e-14,5.193969322717302e-14,2.55351295663786e-14,NaN,converged,15,15,0,0,0,0,4,5.193969322717302e-14,1.12.6,lbt,1,1,Intel(R) Core(TM) 7 150U,NT,2abc7cc
degen-r50-m20-d1e-06-p1,100,AGD-SDAJ-BH,1e-7*n,1.0e-11,7,42,0.2005528,0.197636,98.54561990657822,0.0,0.0001366,0.0,0.0,0.0,0.0,0.002780199999999997,0.4529523728527995,7.101326000209674e-12,-1.6279616540535139e-15,2.004285626355795e-12,2.004285626355795e-12,5.341808454264658e-12,2.004285626355795e-12,NaN,diag_feasible_at_xpre,0,0,3,3,0,0,7,5.193969322717302e-14,1.12.6,lbt,1,1,Intel(R) Core(TM) 7 150U,NT,2abc7cc
degen-r50-m20-d1e-06-p1,100,AGD-SDAJ,1e-7*n,1.0e-11,7,62,0.3659938,0.3559542,97.25689342278476,0.0,0.0002888,0.0,0.0,0.0,0.0,0.009750799999999981,0.4529523728540048,1.0484180782820664e-11,-1.7045410625916275e-15,2.7161606297454455e-12,2.7161606297454455e-12,8.154162336871328e-12,2.7161606297454455e-12,NaN,diag_feasible,0,0,21,3,18,0,7,5.193969322717302e-14,1.12.6,lbt,1,1,Intel(R) Core(TM) 7 150U,NT,2abc7cc
degen-r50-m20-d1e-06-p1,100,Dykstra-APM,1e-7*n,9.999999999999999e-6,31,31,0.1725274,0.1608526,93.23307486231174,0.0,0.0,0.0,0.0,0.0054264,0.0,0.0062483999999999856,0.45295237284606654,8.508977856751874e-12,-1.5919359875249632e-15,1.375344282905644e-12,1.375344282905644e-12,5.967262410487153e-12,1.375344282905644e-12,NaN,diag_feasible,0,0,0,0,0,0,31,5.193969322717302e-14,1.12.6,lbt,1,1,Intel(R) Core(TM) 7 150U,NT,2abc7cc
degen-r50-m20-d1e-06-p1,100,Anderson-APM,1e-7*n,9.999999999999999e-6,17,17,0.1122864,0.0805347,71.72257726670372,0.0,0.0,0.0,0.0,0.0,0.027081,0.004670699999999993,0.45295237285320605,1.156626048445848e-11,-1.5931769767593422e-15,2.6890711879445917e-12,2.6890711879445917e-12,9.002291923912799e-12,2.6890711879445917e-12,NaN,diag_feasible,0,0,0,0,0,0,17,5.193969322717302e-14,1.12.6,lbt,1,1,Intel(R) Core(TM) 7 150U,NT,2abc7cc
degen-r50-m20-d1e-06-p2,100,SBB-Dual,1e-7*n,1.0e-11,13,14,0.0383692,0.0376959,98.24520709318932,3.86e-5,2.59e-5,4.66e-5,0.0,0.0,0.0,0.0005622000000000016,0.4515119650147838,8.563816266626145e-12,-1.6106678039294663e-15,1.5976109324356003e-12,0.0,8.798214123276083e-12,1.5976109324356003e-12,0.0,diag_feasible,0,0,0,0,0,0,13,2.6252021033126315e-14,1.12.6,lbt,1,1,Intel(R) Core(TM) 7 150U,NT,2abc7cc
degen-r50-m20-d1e-06-p2,100,Newton-SIN-BH,1e-7*n,9.999999999999999e-6,4,5,0.0356553,0.0245614,68.8856916082602,0.0,1.66e-5,0.0,0.0098214,0.0,0.0,0.0012559000000000008,0.45151196501480134,1.1912176378580526e-12,-1.6636933605569825e-15,2.858824288409778e-13,2.858824288409778e-13,1.0196459613548731e-12,2.858824288409778e-13,NaN,converged,13,13,0,0,0,0,4,2.6252021033126315e-14,1.12.6,lbt,1,1,Intel(R) Core(TM) 7 150U,NT,2abc7cc
degen-r50-m20-d1e-06-p2,100,Newton-SIN,1e-7*n,9.999999999999999e-6,4,9,0.0466574,0.0384119,82.32756218734863,0.0,1.74e-5,0.0,0.0077515,0.0,0.0,0.00047660000000000237,0.45151196501480134,1.1912176378580526e-12,-1.6636933605569825e-15,2.858824288409778e-13,2.858824288409778e-13,1.0196459613548731e-12,2.858824288409778e-13,NaN,converged,13,13,0,0,0,0,4,2.6252021033126315e-14,1.12.6,lbt,1,1,Intel(R) Core(TM) 7 150U,NT,2abc7cc
degen-r50-m20-d1e-06-p2,100,AGD-SDAJ-BH,1e-7*n,1.0e-11,6,41,0.1361418,0.134144,98.53255943435447,0.0,8.77e-5,0.0,0.0,0.0,0.0,0.001910099999999994,0.4515119650166373,4.57538691273713e-12,-1.3366681878907167e-15,1.3498091533392653e-12,1.3498091533392653e-12,3.4484944741126603e-12,1.3498091533392653e-12,NaN,diag_feasible,0,0,4,4,0,0,6,2.6252021033126315e-14,1.12.6,lbt,1,1,Intel(R) Core(TM) 7 150U,NT,2abc7cc
degen-r50-m20-d1e-06-p2,100,AGD-SDAJ,1e-7*n,1.0e-11,6,44,0.2246276,0.2217622,98.72437759206794,0.0,0.0001365,0.0,0.0,0.0,0.0,0.002728900000000018,0.45151196501665136,4.611425878825271e-12,-1.486400611867427e-15,1.3629097850298422e-12,1.3629097850298422e-12,3.474685587319034e-12,1.3629097850298422e-12,NaN,diag_feasible,0,0,7,4,3,0,6,2.6252021033126315e-14,1.12.6,lbt,1,1,Intel(R) Core(TM) 7 150U,NT,2abc7cc
degen-r50-m20-d1e-06-p2,100,Dykstra-APM,1e-7*n,9.999999999999999e-6,31,31,0.1804198,0.1678955,93.05824527019763,0.0,0.0,0.0,0.0,0.0059884,0.0,0.006535899999999989,0.45151196500928975,1.1982682814097558e-11,-1.4639303528071127e-15,1.5514256546111937e-12,1.5514256546111937e-12,8.37834980747027e-12,1.5514256546111937e-12,NaN,diag_feasible,0,0,0,0,0,0,31,2.6252021033126315e-14,1.12.6,lbt,1,1,Intel(R) Core(TM) 7 150U,NT,2abc7cc
degen-r50-m20-d1e-06-p2,100,Anderson-APM,1e-7*n,9.999999999999999e-6,17,17,0.1117941,0.0800878,71.63866429444846,0.0,0.0,0.0,0.0,0.0,0.0269047,0.004801599999999993,0.4515119650160523,1.0997464764245035e-11,-1.5836650604215638e-15,4.575451129085195e-12,4.575451129085195e-12,8.797632902249477e-12,4.575451129085195e-12,NaN,diag_feasible,0,0,0,0,0,0,17,2.6252021033126315e-14,1.12.6,lbt,1,1,Intel(R) Core(TM) 7 150U,NT,2abc7cc
degen-r50-m20-d1e-06-p3,100,SBB-Dual,1e-7*n,1.0e-11,13,14,0.0680596,0.06699279999999999,98.43255029415394,7.51e-5,3.77e-5,0.000228,0.0,0.0,0.0,0.0007260000000000066,0.45134035279396645,6.914403925782546e-12,-1.721079210281752e-15,1.5210055437364645e-12,0.0,7.1981516579992284e-12,1.5210055437364645e-12,8.333333333333334,diag_feasible,0,0,0,0,0,0,13,3.799250672540298e-14,1.12.6,lbt,1,1,Intel(R) Core(TM) 7 150U,NT,2abc7cc
degen-r50-m20-d1e-06-p3,100,Newton-SIN-BH,1e-7*n,9.999999999999999e-6,4,5,0.0337504,0.023874000000000003,70.7369394140514,0.0,1.71e-5,0.0,0.009136,0.0,0.0,0.0007232999999999962,0.4513403527939665,1.1419916733140066e-13,-1.5970063822765017e-15,2.042810365310288e-14,2.042810365310288e-14,3.5091654264249834e-14,2.042810365310288e-14,NaN,converged,15,15,0,0,0,0,4,3.799250672540298e-14,1.12.6,lbt,1,1,Intel(R) Core(TM) 7 150U,NT,2abc7cc
degen-r50-m20-d1e-06-p3,100,Newton-SIN,1e-7*n,9.999999999999999e-6,4,9,0.0519669,0.0406271,78.17880227606419,0.0,1.69e-5,0.0,0.0099813,0.0,0.0,0.0013416000000000036,0.4513403527939665,1.1419916733140066e-13,-1.5970063822765017e-15,2.042810365310288e-14,2.042810365310288e-14,3.5091654264249834e-14,2.042810365310288e-14,NaN,converged,15,15,0,0,0,0,4,3.799250672540298e-14,1.12.6,lbt,1,1,Intel(R) Core(TM) 7 150U,NT,2abc7cc
degen-r50-m20-d1e-06-p3,100,AGD-SDAJ-BH,1e-7*n,1.0e-11,7,50,0.2423879,0.23955,98.82919073105548,0.0,0.0001164,0.0,0.0,0.0,0.0,0.0027214999999999765,0.4513403527955817,5.534713717939415e-12,-1.844235134118961e-15,2.617239758251344e-12,2.617239758251344e-12,4.640655889239749e-12,2.617239758251344e-12,NaN,diag_feasible,0,0,9,9,0,0,7,3.799250672540298e-14,1.12.6,lbt,1,1,Intel(R) Core(TM) 7 150U,NT,2abc7cc
degen-r50-m20-d1e-06-p3,100,AGD-SDAJ,1e-7*n,1.0e-11,8,66,0.2889609,0.2854037,98.76896839676232,0.0,0.0001467,0.0,0.0,0.0,0.0,0.003410500000000038,0.45134035279660467,6.931812237609419e-12,-1.8701350536945955e-15,2.319255898441952e-12,2.319255898441952e-12,5.336503672342751e-12,2.319255898441952e-12,NaN,diag_feasible,0,0,19,8,11,0,8,3.799250672540298e-14,1.12.6,lbt,1,1,Intel(R) Core(TM) 7 150U,NT,2abc7cc
degen-r50-m20-d1e-06-p3,100,Dykstra-APM,1e-7*n,9.999999999999999e-6,31,31,0.1678844,0.1573849,93.74599426748405,0.0,0.0,0.0,0.0,0.0046681,0.0,0.005831399999999995,0.45134035278906753,1.0721276157710242e-11,-1.5223881990777833e-15,1.4723777752578826e-12,1.4723777752578826e-12,7.500679526194084e-12,1.4723777752578826e-12,NaN,diag_feasible,0,0,0,0,0,0,31,3.799250672540298e-14,1.12.6,lbt,1,1,Intel(R) Core(TM) 7 150U,NT,2abc7cc
degen-r50-m20-d1e-06-p3,100,Anderson-APM,1e-7*n,9.999999999999999e-6,17,17,0.1081137,0.0773563,71.55087653091145,0.0,0.0,0.0,0.0,0.0,0.0267155,0.004041899999999991,0.4513403527953458,8.868456249674703e-12,-1.8383839460243483e-15,2.744249272268462e-12,2.744249272268462e-12,7.079260384225641e-12,2.744249272268462e-12,NaN,diag_feasible,0,0,0,0,0,0,17,3.799250672540298e-14,1.12.6,lbt,1,1,Intel(R) Core(TM) 7 150U,NT,2abc7cc
degen-r50-m20-d1e-06-p4,100,SBB-Dual,1e-7*n,1.0e-11,14,15,0.0824694,0.0802128,97.26371235876582,0.0001155,6.09e-5,0.0002643,0.0,0.0,0.0,0.0018158999999999975,0.45147431146602257,2.7183173435512117e-12,-1.89785858676489e-15,4.823919041996305e-13,0.0,2.670208982962062e-12,4.823919041996305e-13,0.0,diag_feasible,0,0,0,0,0,0,14,2.358198380810828e-14,1.12.6,lbt,1,1,Intel(R) Core(TM) 7 150U,NT,2abc7cc
degen-r50-m20-d1e-06-p4,100,Newton-SIN-BH,1e-7*n,9.999999999999999e-6,4,5,0.0169149,0.0125677,74.29958202531496,0.0,1.09e-5,0.0,0.0038415,0.0,0.0,0.0004948000000000005,0.45147431146600336,1.4553215462174622e-12,-1.6312841453233014e-15,5.635492072997295e-13,5.635492072997295e-13,1.23978225374949e-12,5.635492072997295e-13,NaN,converged,14,14,0,0,0,0,4,2.358198380810828e-14,1.12.6,lbt,1,1,Intel(R) Core(TM) 7 150U,NT,2abc7cc
degen-r50-m20-d1e-06-p4,100,Newton-SIN,1e-7*n,9.999999999999999e-6,4,9,0.047714,0.038674099999999996,81.0539883472356,0.0,1.57e-5,0.0,0.0085355,0.0,0.0,0.0004887000000000034,0.45147431146600336,1.4553215462174622e-12,-1.6312841453233014e-15,5.635492072997295e-13,5.635492072997295e-13,1.23978225374949e-12,5.635492072997295e-13,NaN,converged,14,14,0,0,0,0,4,2.358198380810828e-14,1.12.6,lbt,1,1,Intel(R) Core(TM) 7 150U,NT,2abc7cc
degen-r50-m20-d1e-06-p4,100,AGD-SDAJ-BH,1e-7*n,1.0e-11,6,41,0.3512996,0.3459416,98.4748061199045,0.0,0.0003359,0.0,0.0,0.0,0.0,0.005022099999999974,0.45147431146735684,3.2821496241609516e-12,-1.6512333907272075e-15,7.636113963371827e-13,7.636113963371827e-13,2.489082227782077e-12,7.636113963371827e-13,NaN,diag_feasible,0,0,4,4,0,0,6,2.358198380810828e-14,1.12.6,lbt,1,1,Intel(R) Core(TM) 7 150U,NT,2abc7cc
degen-r50-m20-d1e-06-p4,100,AGD-SDAJ,1e-7*n,1.0e-11,6,50,0.416472,0.41126,98.7485353156995,0.0,0.0003106,0.0,0.0,0.0,0.0,0.004901399999999994,0.45147431146728123,3.105876040547528e-12,-1.4745425203546965e-15,7.150946501610633e-13,7.150946501610633e-13,2.3577271174208593e-12,7.150946501610633e-13,NaN,diag_feasible,0,0,13,4,9,0,6,2.358198380810828e-14,1.12.6,lbt,1,1,Intel(R) Core(TM) 7 150U,NT,2abc7cc
degen-r50-m20-d1e-06-p4,100,Dykstra-APM,1e-7*n,9.999999999999999e-6,32,32,0.2266561,0.2082664,91.8865188274218,0.0,0.0,0.0,0.0,0.0108603,0.0,0.007529400000000009,0.4514743114621124,8.42655607086787e-12,-1.6380480685580755e-15,1.1477485628574868e-12,1.1477485628574868e-12,5.886697605894406e-12,1.1477485628574868e-12,NaN,diag_feasible,0,0,0,0,0,0,32,2.358198380810828e-14,1.12.6,lbt,1,1,Intel(R) Core(TM) 7 150U,NT,2abc7cc
degen-r50-m20-d1e-06-p4,100,Anderson-APM,1e-7*n,9.999999999999999e-6,18,18,0.1772742,0.1288559,72.68733972569048,0.0,0.0,0.0,0.0,0.0,0.0413866,0.007031699999999995,0.4514743114677322,7.593140694454559e-12,-1.7758586662457635e-15,3.575140183897929e-12,3.575140183897929e-12,5.834524849258882e-12,3.575140183897929e-12,NaN,diag_feasible,0,0,0,0,0,0,18,2.358198380810828e-14,1.12.6,lbt,1,1,Intel(R) Core(TM) 7 150U,NT,2abc7cc
degen-r50-m20-d1e-08-p0,100,SBB-Dual,1e-7*n,1.0e-11,13,14,0.0716124,0.0700855,97.86782735950756,9.79e-5,6.51e-5,0.0002532,0.0,0.0,0.0,0.0011107000000000118,0.4521297104205647,5.3849791503357055e-12,-1.6592073447781546e-15,1.6405765634885938e-12,0.0,5.572053102088246e-12,1.6405765634885938e-12,0.0,diag_feasible,0,0,0,0,0,0,13,6.405188288352567e-14,1.12.6,lbt,1,1,Intel(R) Core(TM) 7 150U,NT,2abc7cc
degen-r50-m20-d1e-08-p0,100,Newton-SIN-BH,1e-7*n,9.999999999999999e-6,4,5,0.0390102,0.025688100000000002,65.84970084747066,0.0,2.57e-5,0.0,0.0122312,0.0,0.0,0.0010652000000000005,0.4521297104205672,4.80248556798696e-13,-1.6018041154748432e-15,1.2545520178264269e-14,1.2545520178264269e-14,3.115001709991718e-14,1.2545520178264269e-14,NaN,converged,16,16,0,0,0,0,4,6.405188288352567e-14,1.12.6,lbt,1,1,Intel(R) Core(TM) 7 150U,NT,2abc7cc
degen-r50-m20-d1e-08-p0,100,Newton-SIN,1e-7*n,9.999999999999999e-6,7,20,0.1270447,0.0979684,77.11333097720723,0.0,4.38e-5,0.0,0.0275676,0.0,0.0,0.001464900000000012,0.4521297104205631,3.602053821800688e-13,-1.3942642407392772e-15,2.7200464103316335e-14,2.7200464103316335e-14,8.070168324015807e-14,2.7200464103316335e-14,NaN,converged,43,43,5,0,0,0,7,6.405188288352567e-14,1.12.6,lbt,1,1,Intel(R) Core(TM) 7 150U,NT,2abc7cc
degen-r50-m20-d1e-08-p0,100,AGD-SDAJ-BH,1e-7*n,1.0e-11,9,63,0.3314065,0.3265717,98.5411269845341,0.0,0.0002465,0.0,0.0,0.0,0.0,0.004588299999999972,0.452129710421645,3.922109377174745e-12,-1.5207030049666457e-15,1.7084111902931909e-12,1.7084111902931909e-12,3.248132429227038e-12,1.7084111902931909e-12,NaN,diag_feasible_at_xpre,0,0,12,12,0,0,9,6.405188288352567e-14,1.12.6,lbt,1,1,Intel(R) Core(TM) 7 150U,NT,2abc7cc
degen-r50-m20-d1e-08-p0,100,AGD-SDAJ,1e-7*n,1.0e-11,7,53,0.2173572,0.2144456,98.6604538520003,0.0,0.0001452,0.0,0.0,0.0,0.0,0.0027664000000000143,0.4521297104221338,4.0578230213049716e-12,-1.7037173280757033e-15,7.827072323607354e-13,7.827072323607354e-13,3.055289441262135e-12,7.827072323607354e-13,NaN,diag_feasible,0,0,10,9,1,0,7,6.405188288352567e-14,1.12.6,lbt,1,1,Intel(R) Core(TM) 7 150U,NT,2abc7cc
degen-r50-m20-d1e-08-p0,100,Dykstra-APM,1e-7*n,9.999999999999999e-6,29,29,0.08577,0.081511,95.03439431036493,0.0,0.0,0.0,0.0,0.0026364,0.0,0.0016225999999999988,0.4521297104156836,1.0865823702174947e-11,-1.6382473712618921e-15,2.5981439222277913e-12,2.5981439222277913e-12,7.60174544071475e-12,2.5981439222277913e-12,NaN,diag_feasible,0,0,0,0,0,0,29,6.405188288352567e-14,1.12.6,lbt,1,1,Intel(R) Core(TM) 7 150U,NT,2abc7cc
degen-r50-m20-d1e-08-p0,100,Anderson-APM,1e-7*n,9.999999999999999e-6,17,17,0.1098375,0.0791987,72.10533743029475,0.0,0.0,0.0,0.0,0.0,0.0265438,0.004095000000000008,0.452129710423684,1.2428047787149446e-11,-1.5046669434364572e-15,5.1596504846429525e-12,5.1596504846429525e-12,9.563315892801784e-12,5.1596504846429525e-12,NaN,diag_feasible,0,0,0,0,0,0,17,6.405188288352567e-14,1.12.6,lbt,1,1,Intel(R) Core(TM) 7 150U,NT,2abc7cc
degen-r50-m20-d1e-08-p1,100,SBB-Dual,1e-7*n,1.0e-11,13,14,0.0650098,0.0638871,98.27302960476727,7.66e-5,3.82e-5,0.000232,0.0,0.0,0.0,0.0007759000000000043,0.45295360095249604,2.429044396263454e-12,-1.8331211953338876e-15,1.5542012121727566e-12,0.0,2.6822506683811744e-12,1.5542012121727566e-12,8.333333333333334,diag_feasible,0,0,0,0,0,0,13,1.8835547939242594e-14,1.12.6,lbt,1,1,Intel(R) Core(TM) 7 150U,NT,2abc7cc
degen-r50-m20-d1e-08-p1,100,Newton-SIN-BH,1e-7*n,9.999999999999999e-6,4,5,0.0353858,0.0236836,66.92967235444726,0.0,1.79e-5,0.0,0.010879,0.0,0.0,0.0008053000000000036,0.45295360095249704,1.0367121007124113e-13,-1.6932838684444076e-15,9.103828801926284e-15,9.103828801926284e-15,2.628158439346571e-14,9.103828801926284e-15,NaN,converged,17,17,0,0,0,0,4,1.8835547939242594e-14,1.12.6,lbt,1,1,Intel(R) Core(TM) 7 150U,NT,2abc7cc
degen-r50-m20-d1e-08-p1,100,Newton-SIN,1e-7*n,9.999999999999999e-6,6,15,0.092834,0.0706618,76.11629359932782,0.0,3.71e-5,0.0,0.0211708,0.0,0.0,0.0009643000000000013,0.4529536009524977,1.0916812296756345e-13,-1.7006646305246811e-15,1.176836406102666e-14,1.176836406102666e-14,2.9524418711792076e-14,1.176836406102666e-14,NaN,converged,35,35,2,0,0,0,6,1.8835547939242594e-14,1.12.6,lbt,1,1,Intel(R) Core(TM) 7 150U,NT,2abc7cc
degen-r50-m20-d1e-08-p1,100,AGD-SDAJ-BH,1e-7*n,1.0e-11,7,53,0.2523053,0.2492062,98.77168652422283,0.0,0.0001333,0.0,0.0,0.0,0.0,0.0029658000000000215,0.45295360095353326,2.542740323539519e-12,-1.6787660774732365e-15,4.991562718714704e-13,4.991562718714704e-13,1.9026983636155955e-12,4.991562718714704e-13,NaN,diag_feasible,0,0,10,10,0,0,7,1.8835547939242594e-14,1.12.6,lbt,1,1,Intel(R) Core(TM) 7 150U,NT,2abc7cc
degen-r50-m20-d1e-08-p1,100,AGD-SDAJ,1e-7*n,1.0e-11,8,74,0.3471183,0.3429218,98.79104616495299,0.0,0.0002835,0.0,0.0,0.0,0.0,0.003912999999999992,0.45295360095025633,5.161221361921671e-12,-1.4996833524761957e-15,9.50572953684059e-13,9.50572953684059e-13,3.763048090132144e-12,9.50572953684059e-13,NaN,diag_feasible,0,0,27,10,17,0,8,1.8835547939242594e-14,1.12.6,lbt,1,1,Intel(R) Core(TM) 7 150U,NT,2abc7cc
degen-r50-m20-d1e-08-p1,100,Dykstra-APM,1e-7*n,9.999999999999999e-6,28,28,0.1548651,0.1422897,91.87977149144642,0.0,0.0,0.0,0.0,0.0068236,0.0,0.005751800000000014,0.45295360094687753,1.2304355995195625e-11,-1.5597153959993472e-15,2.197575454943035e-12,2.197575454943035e-12,8.619558699176798e-12,2.197575454943035e-12,NaN,diag_feasible,0,0,0,0,0,0,28,1.8835547939242594e-14,1.12.6,lbt,1,1,Intel(R) Core(TM) 7 150U,NT,2abc7cc
degen-r50-m20-d1e-08-p1,100,Anderson-APM,1e-7*n,9.999999999999999e-6,17,17,0.1211791,0.0874304,72.14973539166408,0.0,0.0,0.0,0.0,0.0,0.0292835,0.004465199999999992,0.45295360095480297,7.90962937913601e-12,-1.3068018980516543e-15,1.885158695813516e-12,1.885158695813516e-12,6.1596646155070256e-12,1.885158695813516e-12,NaN,diag_feasible,0,0,0,0,0,0,17,1.8835547939242594e-14,1.12.6,lbt,1,1,Intel(R) Core(TM) 7 150U,NT,2abc7cc
degen-r50-m20-d1e-08-p2,100,SBB-Dual,1e-7*n,1.0e-11,13,14,0.0670413,0.065871,98.25435962608123,8.55e-5,4.28e-5,0.0002281,0.0,0.0,0.0,0.0008138999999999991,0.45151317381534906,8.62480578895532e-12,-1.9021857472292162e-15,1.7033041643799152e-12,0.0,8.856244883742758e-12,1.7033041643799152e-12,8.333333333333334,diag_feasible,0,0,0,0,0,0,13,2.1266495191369013e-14,1.12.6,lbt,1,1,Intel(R) Core(TM) 7 150U,NT,2abc7cc
degen-r50-m20-d1e-08-p2,100,Newton-SIN-BH,1e-7*n,9.999999999999999e-6,4,5,0.0352058,0.0246393,69.98647950053683,0.0,1.96e-5,0.0,0.0096933,0.0,0.0,0.000853600000000003,0.45151317381535044,2.1297372132441934e-13,-1.4958487382373322e-15,7.216449660063518e-15,7.216449660063518e-15,1.768393958262442e-14,7.216449660063518e-15,NaN,converged,15,15,0,0,0,0,4,2.1266495191369013e-14,1.12.6,lbt,1,1,Intel(R) Core(TM) 7 150U,NT,2abc7cc
degen-r50-m20-d1e-08-p2,100,Newton-SIN,1e-7*n,9.999999999999999e-6,10,29,0.199235,0.1481185,74.34361432479233,0.0,6.46e-5,0.0,0.0493294,0.0,0.0,0.0017225000000000087,0.45151317381535067,1.975421146048947e-13,-1.5349103615782459e-15,6.439293542825908e-15,6.439293542825908e-15,2.0445895676367808e-14,6.439293542825908e-15,NaN,converged,71,71,8,0,0,0,10,2.1266495191369013e-14,1.12.6,lbt,1,1,Intel(R) Core(TM) 7 150U,NT,2abc7cc
degen-r50-m20-d1e-08-p2,100,AGD-SDAJ-BH,1e-7*n,1.0e-11,7,51,0.2087212,0.2060595,98.7247581941844,0.0,0.000217,0.0,0.0,0.0,0.0,0.002444699999999989,0.4515131738187089,8.907958376003082e-12,-1.4047404156285547e-15,1.8103296639537803e-12,1.8103296639537803e-12,6.816628970840411e-12,1.8103296639537803e-12,NaN,diag_feasible,0,0,8,8,0,0,7,2.1266495191369013e-14,1.12.6,lbt,1,1,Intel(R) Core(TM) 7 150U,NT,2abc7cc
degen-r50-m20-d1e-08-p2,100,AGD-SDAJ,1e-7*n,1.0e-11,7,53,0.1718966,0.1695661,98.64424310893875,0.0,0.0001632,0.0,0.0,0.0,0.0,0.002167300000000013,0.4515131738168488,3.731685758235622e-12,-1.2595550194414465e-15,7.742695373735842e-13,7.742695373735842e-13,2.798507635716178e-12,7.742695373735842e-13,NaN,diag_feasible,0,0,10,8,2,0,7,2.1266495191369013e-14,1.12.6,lbt,1,1,Intel(R) Core(TM) 7 150U,NT,2abc7cc
degen-r50-m20-d1e-08-p2,100,Dykstra-APM,1e-7*n,9.999999999999999e-6,29,29,0.1522564,0.1411974,92.73659432378541,0.0,0.0,0.0,0.0,0.0048373,0.0,0.006221699999999985,0.4515131738107872,9.94173206193219e-12,-1.842074007050944e-15,1.2716494524056543e-12,1.2716494524056543e-12,6.948103077319206e-12,1.2716494524056543e-12,NaN,diag_feasible,0,0,0,0,0,0,29,2.1266495191369013e-14,1.12.6,lbt,1,1,Intel(R) Core(TM) 7 150U,NT,2abc7cc
degen-r50-m20-d1e-08-p2,100,Anderson-APM,1e-7*n,9.999999999999999e-6,17,17,0.1115519,0.0793359,71.12016917685848,0.0,0.0,0.0,0.0,0.0,0.0270663,0.005149699999999993,0.45151317381616035,9.045334331013674e-12,-1.7657262343456195e-15,3.646749568986252e-12,3.646749568986252e-12,7.246191945139473e-12,3.646749568986252e-12,NaN,diag_feasible,0,0,0,0,0,0,17,2.1266495191369013e-14,1.12.6,lbt,1,1,Intel(R) Core(TM) 7 150U,NT,2abc7cc
degen-r50-m20-d1e-08-p3,100,SBB-Dual,1e-7*n,1.0e-11,13,14,0.0746994,0.0726146,97.2090806619598,7.94e-5,3.92e-5,0.0005476,0.0,0.0,0.0,0.0014185999999999977,0.45134155191819764,7.309948814689454e-12,-1.633395499982638e-15,1.6298074001497298e-12,0.0,7.62874688041542e-12,1.6298074001497298e-12,8.333333333333334,diag_feasible,0,0,0,0,0,0,13,2.0314351110575542e-14,1.12.6,lbt,1,1,Intel(R) Core(TM) 7 150U,NT,2abc7cc
degen-r50-m20-d1e-08-p3,100,Newton-SIN-BH,1e-7*n,9.999999999999999e-6,4,5,0.0453425,0.0311486,68.69625627170976,0.0,2.3e-5,0.0,0.012703,0.0,0.0,0.0014679000000000011,0.4513415519181966,1.0227802187215555e-13,-1.6828009299141627e-15,6.661338147750939e-15,6.661338147750939e-15,2.1008165664042826e-14,6.661338147750939e-15,NaN,converged,17,17,0,0,0,0,4,2.0314351110575542e-14,1.12.6,lbt,1,1,Intel(R) Core(TM) 7 150U,NT,2abc7cc
degen-r50-m20-d1e-08-p3,100,Newton-SIN,1e-7*n,9.999999999999999e-6,100,3203,17.5799064,16.6712996,94.83156065040257,0.0,0.0083915,0.0,0.6516064,0.0,0.0,0.24860889999999758,0.4513415507446291,5.598506265891961e-9,-1.3978287880344843e-15,2.6975124356454216e-9,2.6975124356454216e-9,4.5712902369931944e-9,2.6975124356454216e-9,NaN,max_iter,881,881,3002,0,0,0,100,2.0314351110575542e-14,1.12.6,lbt,1,1,Intel(R) Core(TM) 7 150U,NT,2abc7cc
degen-r50-m20-d1e-08-p3,100,AGD-SDAJ-BH,1e-7*n,1.0e-11,7,55,0.2921392,0.2851704,97.61456182532163,0.0,0.0001509,0.0,0.0,0.0,0.0,0.006817899999999997,0.4513415519195069,9.985419121508025e-12,-2.1014765926162503e-15,2.890465644611595e-12,2.890465644611595e-12,8.646345250644507e-12,2.890465644611595e-12,NaN,diag_feasible_at_xpre,0,0,14,14,0,0,7,2.0314351110575542e-14,1.12.6,lbt,1,1,Intel(R) Core(TM) 7 150U,NT,2abc7cc
degen-r50-m20-d1e-08-p3,100,AGD-SDAJ,1e-7*n,1.0e-11,7,57,0.2910206,0.2872333,98.69861446234391,0.0,0.0002012,0.0,0.0,0.0,0.0,0.0035860999999999935,0.45134155191951,9.989202457868998e-12,-1.7731392699433621e-15,2.89024360000667e-12,2.89024360000667e-12,8.648194970108427e-12,2.89024360000667e-12,NaN,diag_feasible_at_xpre,0,0,16,14,2,0,7,2.0314351110575542e-14,1.12.6,lbt,1,1,Intel(R) Core(TM) 7 150U,NT,2abc7cc
degen-r50-m20-d1e-08-p3,100,Dykstra-APM,1e-7*n,9.999999999999999e-6,29,29,0.1628656,0.1519671,93.30828609602027,0.0,0.0,0.0,0.0,0.0048981,0.0,0.0060004000000000056,0.45134155191443653,8.226885730147002e-12,-1.4455252361839285e-15,1.1026735080577055e-12,1.1026735080577055e-12,5.754689968228748e-12,1.1026735080577055e-12,NaN,diag_feasible,0,0,0,0,0,0,29,2.0314351110575542e-14,1.12.6,lbt,1,1,Intel(R) Core(TM) 7 150U,NT,2abc7cc
degen-r50-m20-d1e-08-p3,100,Anderson-APM,1e-7*n,9.999999999999999e-6,17,17,0.1087552,0.0790537,72.68958173953982,0.0,0.0,0.0,0.0,0.0,0.0252234,0.004478099999999992,0.4513415519191993,7.437548418483846e-12,-1.606498596231803e-15,2.1895818491657337e-12,2.1895818491657337e-12,5.955791475619301e-12,2.1895818491657337e-12,NaN,diag_feasible,0,0,0,0,0,0,17,2.0314351110575542e-14,1.12.6,lbt,1,1,Intel(R) Core(TM) 7 150U,NT,2abc7cc
degen-r50-m20-d1e-08-p4,100,SBB-Dual,1e-7*n,1.0e-11,14,15,0.0432269,0.0425184,98.36097430072478,3.91e-5,2.81e-5,7.9e-5,0.0,0.0,0.0,0.0005623000000000008,0.4514755323350398,2.4888164625955796e-12,-2.0931947235434653e-15,4.488631688559508e-13,0.0,2.4524073068042287e-12,4.488631688559508e-13,7.6923076923076925,diag_feasible,0,0,0,0,0,0,14,3.6705759716416005e-14,1.12.6,lbt,1,1,Intel(R) Core(TM) 7 150U,NT,2abc7cc
degen-r50-m20-d1e-08-p4,100,Newton-SIN-BH,1e-7*n,9.999999999999999e-6,4,5,0.0181949,0.0130425,71.68217467532111,0.0,1.07e-5,0.0,0.0046033,0.0,0.0,0.0005383999999999996,0.45147553233504045,2.830843816271931e-13,-1.7629617848601754e-15,5.440092820663267e-15,5.440092820663267e-15,2.2002312397136253e-14,5.440092820663267e-15,NaN,converged,16,16,0,0,0,0,4,3.6705759716416005e-14,1.12.6,lbt,1,1,Intel(R) Core(TM) 7 150U,NT,2abc7cc
degen-r50-m20-d1e-08-p4,100,Newton-SIN,1e-7*n,9.999999999999999e-6,5,12,0.0735643,0.057208999999999996,77.76734095206506,0.0,2.54e-5,0.0,0.0156735,0.0,0.0,0.0006564000000000049,0.45147553233503984,2.3977042660630406e-13,-1.4226976829921197e-15,7.105427357601002e-15,7.105427357601002e-15,2.1673532641353703e-14,7.105427357601002e-15,NaN,converged,24,24,1,0,0,0,5,3.6705759716416005e-14,1.12.6,lbt,1,1,Intel(R) Core(TM) 7 150U,NT,2abc7cc
degen-r50-m20-d1e-08-p4,100,AGD-SDAJ-BH,1e-7*n,1.0e-11,6,38,0.1813,0.1790173,98.74092664092665,0.0,9.56e-5,0.0,0.0,0.0,0.0,0.0021870999999999987,0.45147553233831583,1.1044815148214502e-11,-1.5010226243254738e-15,3.765654454923606e-12,3.765654454923606e-12,9.057522969033544e-12,3.765654454923606e-12,NaN,diag_feasible,0,0,3,3,0,0,6,3.6705759716416005e-14,1.12.6,lbt,1,1,Intel(R) Core(TM) 7 150U,NT,2abc7cc
degen-r50-m20-d1e-08-p4,100,AGD-SDAJ,1e-7*n,1.0e-11,6,45,0.2341051,0.230983,98.66636822521166,0.0,0.0001379,0.0,0.0,0.0,0.0,0.0029842000000000167,0.4514755323384048,1.1192162011610586e-11,-1.431959088872794e-15,3.79185571830476e-12,3.79185571830476e-12,9.155155450860826e-12,3.79185571830476e-12,NaN,diag_feasible_at_xpre,0,0,12,3,9,0,6,3.6705759716416005e-14,1.12.6,lbt,1,1,Intel(R) Core(TM) 7 150U,NT,2abc7cc
degen-r50-m20-d1e-08-p4,100,Dykstra-APM,1e-7*n,9.999999999999999e-6,30,30,0.0925204,0.0863616,93.34330590875093,0.0,0.0,0.0,0.0,0.0042665,0.0,0.0018923000000000056,0.4514755323308565,9.009196842535884e-12,-1.6138898643622445e-15,1.5485390747471683e-12,1.5485390747471683e-12,6.297787642558517e-12,1.5485390747471683e-12,NaN,diag_feasible,0,0,0,0,0,0,30,3.6705759716416005e-14,1.12.6,lbt,1,1,Intel(R) Core(TM) 7 150U,NT,2abc7cc
degen-r50-m20-d1e-08-p4,100,Anderson-APM,1e-7*n,9.999999999999999e-6,18,18,0.1379662,0.0993239,71.99147327388881,0.0,0.0,0.0,0.0,0.0,0.0341448,0.0044975000000000015,0.4514755323366543,7.144129122581998e-12,-1.5641527872012531e-15,3.3351099659739702e-12,3.3351099659739702e-12,5.487209941896847e-12,3.3351099659739702e-12,NaN,diag_feasible,0,0,0,0,0,0,18,3.6705759716416005e-14,1.12.6,lbt,1,1,Intel(R) Core(TM) 7 150U,NT,2abc7cc
degen-r50-m20-d1e-10-p0,100,SBB-Dual,1e-7*n,1.0e-11,14,15,0.0754836,0.0743085,98.44323800136718,9.27e-5,4.41e-5,0.0002341,0.0,0.0,0.0,0.0008041999999999983,0.4521297225971889,2.1902630465030687e-12,-1.829089782652662e-15,2.241318242113266e-12,0.0,2.7686177254996355e-12,2.241318242113266e-12,7.6923076923076925,diag_feasible,0,0,0,0,0,0,14,4.0039050897598325e-14,1.12.6,lbt,1,1,Intel(R) Core(TM) 7 150U,NT,2abc7cc
degen-r50-m20-d1e-10-p0,100,Newton-SIN-BH,1e-7*n,9.999999999999999e-6,5,6,0.0526171,0.032758300000000004,62.25789714750529,0.0,2.23e-5,0.0,0.0188977,0.0,0.0,0.0009387999999999966,0.4521297225971893,5.141567301727105e-13,-1.7401857772846066e-15,1.3100631690576847e-14,1.3100631690576847e-14,4.36749659035853e-14,1.3100631690576847e-14,NaN,converged,26,26,0,0,0,0,5,4.0039050897598325e-14,1.12.6,lbt,1,1,Intel(R) Core(TM) 7 150U,NT,2abc7cc
degen-r50-m20-d1e-10-p0,100,Newton-SIN,1e-7*n,9.999999999999999e-6,100,3121,17.2951372,16.2446155,93.9259128860799,0.0,0.0092736,0.0,0.7561278,0.0,0.0,0.2851203000000009,0.45212972168539584,7.2220796118397494e-9,-1.2820994009641523e-15,5.435359273775475e-9,5.435359273775475e-9,5.7242697483928415e-9,5.435359273775475e-9,NaN,max_iter,880,880,2920,0,0,0,100,4.0039050897598325e-14,1.12.6,lbt,1,1,Intel(R) Core(TM) 7 150U,NT,2abc7cc
degen-r50-m20-d1e-10-p0,100,AGD-SDAJ-BH,1e-7*n,1.0e-11,6,41,0.2092983,0.2063747,98.6031420226538,0.0,0.0001148,0.0,0.0,0.0,0.0,0.0028087999999999985,0.4521297225985544,3.340189508067571e-12,-1.4764961537544355e-15,7.737144258612716e-13,7.737144258612716e-13,2.461928841907713e-12,7.737144258612716e-13,NaN,diag_feasible,0,0,4,4,0,0,6,4.0039050897598325e-14,1.12.6,lbt,1,1,Intel(R) Core(TM) 7 150U,NT,2abc7cc
degen-r50-m20-d1e-10-p0,100,AGD-SDAJ,1e-7*n,1.0e-11,7,53,0.2724356,0.2692393,98.82676860146032,0.0,0.0001504,0.0,0.0,0.0,0.0,0.003045899999999985,0.4521297225992185,5.110852148011008e-12,-1.4861333277985305e-15,1.4638290579682689e-12,1.4638290579682689e-12,3.8825699555435085e-12,1.4638290579682689e-12,NaN,diag_feasible_at_xpre,0,0,14,3,11,0,7,4.0039050897598325e-14,1.12.6,lbt,1,1,Intel(R) Core(TM) 7 150U,NT,2abc7cc
degen-r50-m20-d1e-10-p0,100,Dykstra-APM,1e-7*n,9.999999999999999e-6,27,27,0.1414075,0.1310941,92.70661032830648,0.0,0.0,0.0,0.0,0.0043778,0.0,0.0059356,0.4521297225925778,1.1715467071478384e-11,-1.6095424304254566e-15,5.370370814716807e-12,5.370370814716807e-12,8.360685317717946e-12,5.370370814716807e-12,NaN,diag_feasible,0,0,0,0,0,0,27,4.0039050897598325e-14,1.12.6,lbt,1,1,Intel(R) Core(TM) 7 150U,NT,2abc7cc
degen-r50-m20-d1e-10-p0,100,Anderson-APM,1e-7*n,9.999999999999999e-6,17,17,0.1135814,0.0823053,72.46371324882419,0.0,0.0,0.0,0.0,0.0,0.0265894,0.004686700000000002,0.4521297225999367,1.1065365635746758e-11,-1.3203170987647042e-15,5.2160498142939105e-12,5.2160498142939105e-12,8.472942097848254e-12,5.2160498142939105e-12,NaN,diag_feasible,0,0,0,0,0,0,17,4.0039050897598325e-14,1.12.6,lbt,1,1,Intel(R) Core(TM) 7 150U,NT,2abc7cc
degen-r50-m20-d1e-10-p1,100,SBB-Dual,1e-7*n,1.0e-11,13,14,0.0689117,0.0676244,98.13195727285786,8.56e-5,0.0001758,0.00023,0.0,0.0,0.0,0.0007959000000000052,0.45295361323367345,3.15143920070504e-12,-1.722356712755929e-15,8.305578447220796e-13,0.0,3.456616941687135e-12,8.305578447220796e-13,8.333333333333334,diag_feasible,0,0,0,0,0,0,13,1.7600099169247087e-14,1.12.6,lbt,1,1,Intel(R) Core(TM) 7 150U,NT,2abc7cc
degen-r50-m20-d1e-10-p1,100,Newton-SIN-BH,1e-7*n,9.999999999999999e-6,5,6,0.0483967,0.0308368,63.71674101746607,0.0,1.91e-5,0.0,0.0166891,0.0,0.0,0.0008517000000000004,0.45295361323367545,1.7098115852737124e-13,-1.5262418290816284e-15,7.327471962526033e-15,7.327471962526033e-15,2.3822499146744733e-14,7.327471962526033e-15,NaN,converged,27,27,0,0,0,0,5,1.7600099169247087e-14,1.12.6,lbt,1,1,Intel(R) Core(TM) 7 150U,NT,2abc7cc
degen-r50-m20-d1e-10-p1,100,Newton-SIN,1e-7*n,9.999999999999999e-6,100,3107,16.3101071,15.3926419,94.37486710311056,0.0,0.0088609,0.0,0.6542872,0.0,0.0,0.25431710000000063,0.4529536127098645,4.036766995966487e-9,-1.3914145404525465e-15,2.9760265363165672e-9,2.9760265363165672e-9,3.279860053063935e-9,2.9760265363165672e-9,NaN,max_iter,881,881,2906,0,0,0,100,1.7600099169247087e-14,1.12.6,lbt,1,1,Intel(R) Core(TM) 7 150U,NT,2abc7cc
degen-r50-m20-d1e-10-p1,100,AGD-SDAJ-BH,1e-7*n,1.0e-11,7,45,0.1335117,0.1312534,98.30853775362009,0.0,9.33e-5,0.0,0.0,0.0,0.0,0.0021650000000000185,0.45295361323627875,8.736629399401087e-12,-1.769957329545103e-15,2.9409807922320397e-12,2.9409807922320397e-12,7.263019945071504e-12,2.9409807922320397e-12,NaN,diag_feasible_at_xpre,0,0,6,6,0,0,7,1.7600099169247087e-14,1.12.6,lbt,1,1,Intel(R) Core(TM) 7 150U,NT,2abc7cc
degen-r50-m20-d1e-10-p1,100,AGD-SDAJ,1e-7*n,1.0e-11,7,45,0.2155076,0.2129562,98.81609743693494,0.0,0.0001062,0.0,0.0,0.0,0.0,0.0024451999999999816,0.45295361323627875,8.736629399401087e-12,-1.769957329545103e-15,2.9409807922320397e-12,2.9409807922320397e-12,7.263019945071504e-12,2.9409807922320397e-12,NaN,diag_feasible_at_xpre,0,0,6,6,0,0,7,1.7600099169247087e-14,1.12.6,lbt,1,1,Intel(R) Core(TM) 7 150U,NT,2abc7cc
degen-r50-m20-d1e-10-p1,100,Dykstra-APM,1e-7*n,9.999999999999999e-6,26,26,0.1471892,0.1364728,92.71930277493186,0.0,0.0,0.0,0.0,0.0053775,0.0,0.005338899999999987,0.45295361322951194,9.321980287182595e-12,-1.5236305714626207e-15,2.5264235148370062e-12,2.5264235148370062e-12,6.554142862870881e-12,2.5264235148370062e-12,NaN,diag_feasible,0,0,0,0,0,0,26,1.7600099169247087e-14,1.12.6,lbt,1,1,Intel(R) Core(TM) 7 150U,NT,2abc7cc
degen-r50-m20-d1e-10-p1,100,Anderson-APM,1e-7*n,9.999999999999999e-6,17,17,0.2161583,0.1494575,69.14261446356674,0.0,0.0,0.0,0.0,0.0,0.0618521,0.004848700000000004,0.45295361323594946,7.73223050451107e-12,-1.810620931771544e-15,1.8366419496373965e-12,1.8366419496373965e-12,6.002449713255326e-12,1.8366419496373965e-12,NaN,diag_feasible,0,0,0,0,0,0,17,1.7600099169247087e-14,1.12.6,lbt,1,1,Intel(R) Core(TM) 7 150U,NT,2abc7cc
degen-r50-m20-d1e-10-p2,100,SBB-Dual,1e-7*n,1.0e-11,14,15,0.0760344,0.0748245,98.4087465673432,0.0001247,3.79e-5,0.00023,0.0,0.0,0.0,0.0008173,0.4515131859035068,1.3811641246355976e-12,-1.6820842829980972e-15,5.800915303666443e-13,0.0,1.7854054461445337e-12,5.800915303666443e-13,15.384615384615385,diag_feasible,0,0,0,0,0,0,14,2.5112891427895488e-14,1.12.6,lbt,1,1,Intel(R) Core(TM) 7 150U,NT,2abc7cc
degen-r50-m20-d1e-10-p2,100,Newton-SIN-BH,1e-7*n,9.999999999999999e-6,5,6,0.0462569,0.0289755,62.640384461561425,0.0,1.88e-5,0.0,0.0162307,0.0,0.0,0.0010318999999999953,0.4515131859035065,1.8139591569515296e-13,-1.4384325606201623e-15,5.440092820663267e-15,5.440092820663267e-15,2.0497976476797445e-14,5.440092820663267e-15,NaN,converged,26,26,0,0,0,0,5,2.5112891427895488e-14,1.12.6,lbt,1,1,Intel(R) Core(TM) 7 150U,NT,2abc7cc
degen-r50-m20-d1e-10-p2,100,Newton-SIN,1e-7*n,9.999999999999999e-6,100,2385,15.4363519,14.4439473,93.5709900472015,0.0,0.0072331,0.0,0.8270842,0.0,0.0,0.15808730000000037,0.451513185891148,3.27643869422807e-11,-1.4807504017943481e-15,6.672884467207041e-12,6.672884467207041e-12,2.4408261141913394e-11,6.672884467207041e-12,NaN,max_iter,1071,1071,2184,0,0,0,100,2.5112891427895488e-14,1.12.6,lbt,1,1,Intel(R) Core(TM) 7 150U,NT,2abc7cc
degen-r50-m20-d1e-10-p2,100,AGD-SDAJ-BH,1e-7*n,1.0e-11,7,46,0.2620058,0.2552293,97.41360687435163,0.0,0.0001464,0.0,0.0,0.0,0.0,0.006630100000000019,0.4515131859051195,8.65740625754258e-12,-1.5750726907286707e-15,2.8828051057416815e-12,2.8828051057416815e-12,7.332179539500138e-12,2.8828051057416815e-12,NaN,diag_feasible_at_xpre,0,0,5,5,0,0,7,2.5112891427895488e-14,1.12.6,lbt,1,1,Intel(R) Core(TM) 7 150U,NT,2abc7cc
degen-r50-m20-d1e-10-p2,100,AGD-SDAJ,1e-7*n,1.0e-11,7,51,0.2517788,0.24857110000000002,98.72598487243565,0.0,0.0001521,0.0,0.0,0.0,0.0,0.0030556000000000077,0.45151318590511996,8.64590507691466e-12,-2.0341580997729274e-15,2.8914648453337577e-12,2.8914648453337577e-12,7.32212127737192e-12,2.8914648453337577e-12,NaN,diag_feasible_at_xpre,0,0,10,5,5,0,7,2.5112891427895488e-14,1.12.6,lbt,1,1,Intel(R) Core(TM) 7 150U,NT,2abc7cc
degen-r50-m20-d1e-10-p2,100,Dykstra-APM,1e-7*n,9.999999999999999e-6,27,27,0.1460959,0.1362863,93.28550630099818,0.0,0.0,0.0,0.0,0.0045717,0.0,0.005237900000000002,0.4515131858995874,8.465495135189205e-12,-1.899464517004689e-15,1.2141398997300712e-12,1.2141398997300712e-12,5.925321287170226e-12,1.2141398997300712e-12,NaN,diag_feasible,0,0,0,0,0,0,27,2.5112891427895488e-14,1.12.6,lbt,1,1,Intel(R) Core(TM) 7 150U,NT,2abc7cc
degen-r50-m20-d1e-10-p2,100,Anderson-APM,1e-7*n,9.999999999999999e-6,17,17,0.106599,0.0782273,73.3846471355266,0.0,0.0,0.0,0.0,0.0,0.0254623,0.0029093999999999995,0.4515131859040911,7.79650325874198e-12,-1.5476934048657247e-15,3.24595905709657e-12,3.24595905709657e-12,6.251281279952481e-12,3.24595905709657e-12,NaN,diag_feasible,0,0,0,0,0,0,17,2.5112891427895488e-14,1.12.6,lbt,1,1,Intel(R) Core(TM) 7 150U,NT,2abc7cc
degen-r50-m20-d1e-10-p3,100,SBB-Dual,1e-7*n,1.0e-11,13,14,0.0725369,0.07130929999999999,98.30761998375998,0.000179,3.82e-5,0.0002204,0.0,0.0,0.0,0.0007900000000000094,0.45134156390959157,6.845428616815179e-12,-1.681877583905897e-15,1.7137402608113916e-12,0.0,7.658576084460811e-12,1.7137402608113916e-12,8.333333333333334,diag_feasible,0,0,0,0,0,0,13,3.013330183973069e-14,1.12.6,lbt,1,1,Intel(R) Core(TM) 7 150U,NT,2abc7cc
degen-r50-m20-d1e-10-p3,100,Newton-SIN-BH,1e-7*n,9.999999999999999e-6,5,6,0.0492418,0.0314797,63.92881657453626,0.0,1.62e-5,0.0,0.0169644,0.0,0.0,0.0007815000000000009,0.4513415639095932,9.345339477988944e-14,-1.359181887750019e-15,6.217248937900877e-15,6.217248937900877e-15,1.9664428671538482e-14,6.217248937900877e-15,NaN,converged,28,28,0,0,0,0,5,3.013330183973069e-14,1.12.6,lbt,1,1,Intel(R) Core(TM) 7 150U,NT,2abc7cc
degen-r50-m20-d1e-10-p3,100,Newton-SIN,1e-7*n,9.999999999999999e-6,8,26,0.1889916,0.1475434,78.06876072799002,0.0,0.0001884,0.0,0.0395253,0.0,0.0,0.0017345000000000207,0.4513415639063624,1.2315680809711623e-11,-1.55115828060585e-15,5.359934718285331e-12,5.359934718285331e-12,9.507089783003419e-12,5.359934718285331e-12,NaN,converged,61,61,9,0,0,0,8,3.013330183973069e-14,1.12.6,lbt,1,1,Intel(R) Core(TM) 7 150U,NT,2abc7cc
degen-r50-m20-d1e-10-p3,100,AGD-SDAJ-BH,1e-7*n,1.0e-11,8,57,0.2980052,0.2939308,98.63277553546044,0.0,0.0002883,0.0,0.0,0.0,0.0,0.0037861000000000335,0.4513415639111209,3.671303094097935e-12,-1.3136040292319176e-15,1.2040368702059823e-12,1.2040368702059823e-12,2.7416759127951966e-12,1.2040368702059823e-12,NaN,diag_feasible_at_xpre,0,0,12,12,0,0,8,3.013330183973069e-14,1.12.6,lbt,1,1,Intel(R) Core(TM) 7 150U,NT,2abc7cc
degen-r50-m20-d1e-10-p3,100,AGD-SDAJ,1e-7*n,1.0e-11,8,88,0.431325,0.4239154,98.28213064394598,0.0,0.0002178,0.0,0.0,0.0,0.0,0.007191800000000016,0.451341563910816,7.411054658109365e-12,-1.818882939873048e-15,3.2678304506816858e-12,3.2678304506816858e-12,6.400303337888068e-12,3.2678304506816858e-12,NaN,diag_feasible_at_xpre,0,0,41,17,24,0,8,3.013330183973069e-14,1.12.6,lbt,1,1,Intel(R) Core(TM) 7 150U,NT,2abc7cc
degen-r50-m20-d1e-10-p3,100,Dykstra-APM,1e-7*n,9.999999999999999e-6,26,26,0.1431417,0.1313429,91.75725871636288,0.0,0.0,0.0,0.0,0.0049815,0.0,0.006817299999999998,0.4513415639038055,1.2524559809546687e-11,-1.4721834986564458e-15,1.4619416788264061e-12,1.4619416788264061e-12,8.769196182923887e-12,1.4619416788264061e-12,NaN,diag_feasible,0,0,0,0,0,0,26,3.013330183973069e-14,1.12.6,lbt,1,1,Intel(R) Core(TM) 7 150U,NT,2abc7cc
degen-r50-m20-d1e-10-p3,100,Anderson-APM,1e-7*n,9.999999999999999e-6,17,17,0.1106583,0.0802471,72.51792228870316,0.0,0.0,0.0,0.0,0.0,0.0257723,0.004638899999999998,0.4513415639103853,6.466610546081563e-12,-1.8545325703986557e-15,1.8474111129762605e-12,1.8474111129762605e-12,5.192825317218253e-12,1.8474111129762605e-12,NaN,diag_feasible,0,0,0,0,0,0,17,3.013330183973069e-14,1.12.6,lbt,1,1,Intel(R) Core(TM) 7 150U,NT,2abc7cc
degen-r50-m20-d1e-10-p4,100,SBB-Dual,1e-7*n,1.0e-11,14,15,0.0781424,0.0769628,98.49044820737525,8.41e-5,3.84e-5,0.0002613,0.0,0.0,0.0,0.0007958000000000029,0.451475544543883,2.506602619025527e-12,-1.7228104711007505e-15,4.3931525084417444e-13,0.0,2.4641962139640097e-12,4.3931525084417444e-13,7.6923076923076925,diag_feasible,0,0,0,0,0,0,14,2.7679086877809597e-14,1.12.6,lbt,1,1,Intel(R) Core(TM) 7 150U,NT,2abc7cc
degen-r50-m20-d1e-10-p4,100,Newton-SIN-BH,1e-7*n,9.999999999999999e-6,5,6,0.0502662,0.0302287,60.137229390723796,0.0,2.04e-5,0.0,0.0191183,0.0,0.0,0.0008987999999999947,0.4514755445438825,1.5884612696411404e-13,-2.0413871192296595e-15,5.329070518200751e-15,5.329070518200751e-15,1.5093725989214836e-14,5.329070518200751e-15,NaN,converged,26,26,0,0,0,0,5,2.7679086877809597e-14,1.12.6,lbt,1,1,Intel(R) Core(TM) 7 150U,NT,2abc7cc
degen-r50-m20-d1e-10-p4,100,Newton-SIN,1e-7*n,9.999999999999999e-6,7,18,0.1339483,0.10112900000000001,75.49853189626148,0.0,0.0002674,0.0,0.0311837,0.0,0.0,0.0013681999999999792,0.45147554454388317,1.9099519203346098e-13,-1.5627538851374861e-15,6.106226635438361e-15,6.106226635438361e-15,1.897864481313817e-14,6.106226635438361e-15,NaN,converged,47,47,3,0,0,0,7,2.7679086877809597e-14,1.12.6,lbt,1,1,Intel(R) Core(TM) 7 150U,NT,2abc7cc
degen-r50-m20-d1e-10-p4,100,AGD-SDAJ-BH,1e-7*n,1.0e-11,7,43,0.1729127,0.1705381,98.62670584636061,0.0,0.0001148,0.0,0.0,0.0,0.0,0.0022598000000000045,0.45147554454595423,6.320211896965053e-12,-1.4253996947039664e-15,1.5346612869393539e-12,1.5346612869393539e-12,5.156445623692776e-12,1.5346612869393539e-12,NaN,diag_feasible_at_xpre,0,0,4,4,0,0,7,2.7679086877809597e-14,1.12.6,lbt,1,1,Intel(R) Core(TM) 7 150U,NT,2abc7cc
degen-r50-m20-d1e-10-p4,100,AGD-SDAJ,1e-7*n,1.0e-11,7,58,0.3034197,0.2998626,98.82766346417189,0.0,0.000166,0.0,0.0,0.0,0.0,0.0033911000000000353,0.45147554454562705,5.1605156542827965e-12,-1.6369642402875993e-15,1.279754080485418e-12,1.279754080485418e-12,4.171326634176102e-12,1.279754080485418e-12,NaN,diag_feasible_at_xpre,0,0,19,4,15,0,7,2.7679086877809597e-14,1.12.6,lbt,1,1,Intel(R) Core(TM) 7 150U,NT,2abc7cc
degen-r50-m20-d1e-10-p4,100,Dykstra-APM,1e-7*n,9.999999999999999e-6,28,28,0.1484571,0.1380339,92.9789818068654,0.0,0.0,0.0,0.0,0.0048104,0.0,0.005612800000000021,0.45147554453904687,1.0856224300901717e-11,-1.360034874010896e-15,3.907763002075626e-12,3.907763002075626e-12,7.698247855832286e-12,3.907763002075626e-12,NaN,diag_feasible,0,0,0,0,0,0,28,2.7679086877809597e-14,1.12.6,lbt,1,1,Intel(R) Core(TM) 7 150U,NT,2abc7cc
degen-r50-m20-d1e-10-p4,100,Anderson-APM,1e-7*n,9.999999999999999e-6,18,18,0.1178228,0.0854884,72.55675471979956,0.0,0.0,0.0,0.0,0.0,0.028017,0.004317399999999999,0.4514755445448741,4.642129957441632e-12,-1.618057367553804e-15,2.1682655670929307e-12,2.1682655670929307e-12,3.5709544713890525e-12,2.1682655670929307e-12,NaN,diag_feasible,0,0,0,0,0,0,18,2.7679086877809597e-14,1.12.6,lbt,1,1,Intel(R) Core(TM) 7 150U,NT,2abc7cc
degen-r50-m20-d0-p0,100,SBB-Dual,1e-7*n,1.0e-11,14,15,0.0742358,0.07292109999999999,98.22902157719051,7.97e-5,3.68e-5,0.0003491,0.0,0.0,0.0,0.0008491000000000158,0.45212972272018553,2.9491540246395093e-12,-1.4859089607392975e-15,3.248068480843358e-12,0.0,3.722501767235679e-12,3.248068480843358e-12,7.6923076923076925,diag_feasible,0,0,0,0,0,0,14,6.133517507343678e-14,1.12.6,lbt,1,1,Intel(R) Core(TM) 7 150U,NT,2abc7cc
degen-r50-m20-d0-p0,100,Newton-SIN-BH,1e-7*n,9.999999999999999e-6,4,5,0.0351209,0.0241239,68.6881600414568,0.0,1.57e-5,0.0,0.01029,0.0,0.0,0.0006912999999999954,0.4521297227201804,2.3633793144234817e-13,-1.2796552072272001e-15,1.9872992140790302e-14,1.9872992140790302e-14,6.37616074646508e-14,1.9872992140790302e-14,NaN,converged,16,16,0,0,0,0,4,6.133517507343678e-14,1.12.6,lbt,1,1,Intel(R) Core(TM) 7 150U,NT,2abc7cc
degen-r50-m20-d0-p0,100,Newton-SIN,1e-7*n,9.999999999999999e-6,4,9,0.0559626,0.0446803,79.83957142806088,0.0,1.76e-5,0.0,0.0106915,0.0,0.0,0.0005732000000000029,0.4521297227201804,2.3633793144234817e-13,-1.2796552072272001e-15,1.9872992140790302e-14,1.9872992140790302e-14,6.37616074646508e-14,1.9872992140790302e-14,NaN,converged,16,16,0,0,0,0,4,6.133517507343678e-14,1.12.6,lbt,1,1,Intel(R) Core(TM) 7 150U,NT,2abc7cc
degen-r50-m20-d0-p0,100,AGD-SDAJ-BH,1e-7*n,1.0e-11,6,40,0.1946689,0.19211440000000002,98.68777190398673,0.0,0.0001758,0.0,0.0,0.0,0.0,0.0023786999999999875,0.4521297227209832,1.9109154051016993e-12,-1.4926524732645832e-15,3.056443986793056e-13,3.056443986793056e-13,1.3977091203233365e-12,3.056443986793056e-13,NaN,diag_feasible,0,0,3,3,0,0,6,6.133517507343678e-14,1.12.6,lbt,1,1,Intel(R) Core(TM) 7 150U,NT,2abc7cc
degen-r50-m20-d0-p0,100,AGD-SDAJ,1e-7*n,1.0e-11,6,40,0.1910713,0.1887751,98.79824965863529,0.0,9.01e-5,0.0,0.0,0.0,0.0,0.002206099999999998,0.4521297227209832,1.9109154051016993e-12,-1.4926524732645832e-15,3.056443986793056e-13,3.056443986793056e-13,1.3977091203233365e-12,3.056443986793056e-13,NaN,diag_feasible,0,0,3,3,0,0,6,6.133517507343678e-14,1.12.6,lbt,1,1,Intel(R) Core(TM) 7 150U,NT,2abc7cc
degen-r50-m20-d0-p0,100,Dykstra-APM,1e-7*n,9.999999999999999e-6,26,26,0.1383945,0.1287441,93.02689051949318,0.0,0.0,0.0,0.0,0.0046204,0.0,0.005030000000000003,0.4521297227180984,1.2272233881008961e-11,-1.1193274320598985e-15,8.89932572079033e-12,8.89932572079033e-12,9.533513425234609e-12,8.89932572079033e-12,NaN,diag_feasible,0,0,0,0,0,0,26,6.133517507343678e-14,1.12.6,lbt,1,1,Intel(R) Core(TM) 7 150U,NT,2abc7cc
degen-r50-m20-d0-p0,100,Anderson-APM,1e-7*n,9.999999999999999e-6,17,17,0.1099122,0.0787481,71.64636864697458,0.0,0.0,0.0,0.0,0.0,0.0268146,0.004349499999999999,0.4521297227228144,1.0673648727217888e-11,-1.2808763432805734e-15,5.226263866120462e-12,5.226263866120462e-12,8.150552473080817e-12,5.226263866120462e-12,NaN,diag_feasible,0,0,0,0,0,0,17,6.133517507343678e-14,1.12.6,lbt,1,1,Intel(R) Core(TM) 7 150U,NT,2abc7cc
degen-r50-m20-d0-p1,100,SBB-Dual,1e-7*n,1.0e-11,13,14,0.0695786,0.0684506,98.37881187606534,0.0001031,3.66e-5,0.0002317,0.0,0.0,0.0,0.000756600000000004,0.4529536133577263,3.1852006586364536e-12,-1.5176773904765437e-15,8.240075288767912e-13,0.0,3.4516357586271073e-12,8.240075288767912e-13,16.666666666666668,diag_feasible,0,0,0,0,0,0,13,2.138354105709279e-14,1.12.6,lbt,1,1,Intel(R) Core(TM) 7 150U,NT,2abc7cc
degen-r50-m20-d0-p1,100,Newton-SIN-BH,1e-7*n,9.999999999999999e-6,4,5,0.035903,0.0245004,68.2405370024789,0.0,1.54e-5,0.0,0.010592,0.0,0.0,0.0007951999999999976,0.45295361335772527,1.9461183420730755e-13,-1.7050545509434963e-15,5.329070518200751e-15,5.329070518200751e-15,1.673051212262716e-14,5.329070518200751e-15,NaN,converged,17,17,0,0,0,0,4,2.138354105709279e-14,1.12.6,lbt,1,1,Intel(R) Core(TM) 7 150U,NT,2abc7cc
degen-r50-m20-d0-p1,100,Newton-SIN,1e-7*n,9.999999999999999e-6,100,3030,17.5105755,16.4349976,93.85755254017778,0.0,0.0088218,0.0,0.7788259,0.0,0.0,0.2879302000000026,0.45295361295239095,2.862405675137662e-9,-1.0992661467356574e-15,2.102888752020249e-9,2.102888752020249e-9,2.331658313795242e-9,2.102888752020249e-9,NaN,max_iter,881,881,2829,0,0,0,100,2.138354105709279e-14,1.12.6,lbt,1,1,Intel(R) Core(TM) 7 150U,NT,2abc7cc
degen-r50-m20-d0-p1,100,AGD-SDAJ-BH,1e-7*n,1.0e-11,6,46,0.2235455,0.221049,98.883225115245,0.0,0.0001082,0.0,0.0,0.0,0.0,0.0023883000000000125,0.4529536133604665,6.954713116212379e-12,-2.1335872251517703e-15,2.561062473205311e-12,2.561062473205311e-12,5.242909443872546e-12,2.561062473205311e-12,NaN,diag_feasible,0,0,9,9,0,0,6,2.138354105709279e-14,1.12.6,lbt,1,1,Intel(R) Core(TM) 7 150U,NT,2abc7cc
degen-r50-m20-d0-p1,100,AGD-SDAJ,1e-7*n,1.0e-11,7,49,0.292554,0.285989,97.755969838047,0.0,0.0001354,0.0,0.0,0.0,0.0,0.006429599999999988,0.4529536133605483,9.997442958787676e-12,-1.7511362847165348e-15,3.320455022048918e-12,3.320455022048918e-12,8.395109106244623e-12,3.320455022048918e-12,NaN,diag_feasible,0,0,8,6,2,0,7,2.138354105709279e-14,1.12.6,lbt,1,1,Intel(R) Core(TM) 7 150U,NT,2abc7cc
degen-r50-m20-d0-p1,100,Dykstra-APM,1e-7*n,9.999999999999999e-6,24,24,0.1255045,0.1168724,93.12207928799367,0.0,0.0,0.0,0.0,0.0038568,0.0,0.004775299999999989,0.4529536133544503,1.0218232214589967e-11,-9.814015941124688e-16,6.778133609941506e-12,6.778133609941506e-12,8.187571529628173e-12,6.778133609941506e-12,NaN,diag_feasible,0,0,0,0,0,0,24,2.138354105709279e-14,1.12.6,lbt,1,1,Intel(R) Core(TM) 7 150U,NT,2abc7cc
degen-r50-m20-d0-p1,100,Anderson-APM,1e-7*n,9.999999999999999e-6,17,17,0.1094737,0.0781008,71.34206663335578,0.0,0.0,0.0,0.0,0.0,0.0269864,0.004386499999999995,0.45295361335995277,7.607366828866524e-12,-1.4943596348816998e-15,1.8057777495528171e-12,1.8057777495528171e-12,5.895766401912903e-12,1.8057777495528171e-12,NaN,diag_feasible,0,0,0,0,0,0,17,2.138354105709279e-14,1.12.6,lbt,1,1,Intel(R) Core(TM) 7 150U,NT,2abc7cc
degen-r50-m20-d0-p2,100,SBB-Dual,1e-7*n,1.0e-11,13,14,0.0398812,0.0392036,98.30095383288366,3.99e-5,2.66e-5,6.92e-5,0.0,0.0,0.0,0.0005419000000000003,0.45151318602560964,8.998278681805047e-12,-1.6625445163123184e-15,2.2928325904558733e-12,0.0,9.537173251134968e-12,2.2928325904558733e-12,8.333333333333334,diag_feasible,0,0,0,0,0,0,13,2.2364312325967227e-14,1.12.6,lbt,1,1,Intel(R) Core(TM) 7 150U,NT,2abc7cc
degen-r50-m20-d0-p2,100,Newton-SIN-BH,1e-7*n,9.999999999999999e-6,4,5,0.044629,0.0293591,65.78480360303837,0.0,1.76e-5,0.0,0.0143948,0.0,0.0,0.0008575000000000041,0.45151318602560825,1.7212244992891538e-13,-1.387867927477942e-15,9.103828801926284e-15,9.103828801926284e-15,2.5239938287811708e-14,9.103828801926284e-15,NaN,converged,16,16,0,0,0,0,4,2.2364312325967227e-14,1.12.6,lbt,1,1,Intel(R) Core(TM) 7 150U,NT,2abc7cc
degen-r50-m20-d0-p2,100,Newton-SIN,1e-7*n,9.999999999999999e-6,100,2612,15.7816305,14.646678,92.80839517817883,0.0,0.0079527,0.0,0.8668305,0.0,0.0,0.2601693000000008,0.4515131860228087,2.375214022805414e-10,-1.2589701563512669e-15,7.873779406253334e-11,7.873779406253334e-11,2.0727123273811395e-10,7.873779406253334e-11,NaN,max_iter,973,973,2411,0,0,0,100,2.2364312325967227e-14,1.12.6,lbt,1,1,Intel(R) Core(TM) 7 150U,NT,2abc7cc
degen-r50-m20-d0-p2,100,AGD-SDAJ-BH,1e-7*n,1.0e-11,8,53,0.2954865,0.2884885,97.63170229435185,0.0,0.0001501,0.0,0.0,0.0,0.0,0.006847900000000004,0.4515131860276278,5.103579023963058e-12,-1.3339945780827489e-15,1.4703793738135573e-12,1.4703793738135573e-12,3.889338779354909e-12,1.4703793738135573e-12,NaN,diag_feasible,0,0,6,6,0,0,8,2.2364312325967227e-14,1.12.6,lbt,1,1,Intel(R) Core(TM) 7 150U,NT,2abc7cc
degen-r50-m20-d0-p2,100,AGD-SDAJ,1e-7*n,1.0e-11,7,51,0.2484639,0.24547159999999998,98.79568017728128,0.0,0.0001229,0.0,0.0,0.0,0.0,0.0028694000000000033,0.4515131860268035,2.8851260434986827e-12,-1.589969410959687e-15,6.503686478254167e-13,6.503686478254167e-13,2.1425471077021367e-12,6.503686478254167e-13,NaN,diag_feasible,0,0,8,6,2,0,7,2.2364312325967227e-14,1.12.6,lbt,1,1,Intel(R) Core(TM) 7 150U,NT,2abc7cc
degen-r50-m20-d0-p2,100,Dykstra-APM,1e-7*n,9.999999999999999e-6,25,25,0.134258,0.1255629,93.5235889109029,0.0,0.0,0.0,0.0,0.0038959,0.0,0.0047991999999999835,0.451513186021874,9.253461902773411e-12,-1.1613766731646589e-15,4.9968917892329046e-12,4.9968917892329046e-12,7.418626167590356e-12,4.9968917892329046e-12,NaN,diag_feasible,0,0,0,0,0,0,25,2.2364312325967227e-14,1.12.6,lbt,1,1,Intel(R) Core(TM) 7 150U,NT,2abc7cc
degen-r50-m20-d0-p2,100,Anderson-APM,1e-7*n,9.999999999999999e-6,17,17,0.1102974,0.080189,72.70252970604928,0.0,0.0,0.0,0.0,0.0,0.026078,0.004030400000000007,0.4515131860260634,7.081161457033884e-12,-1.35740027965192e-15,3.005817816870149e-12,3.005817816870149e-12,5.688828620195307e-12,3.005817816870149e-12,NaN,diag_feasible,0,0,0,0,0,0,17,2.2364312325967227e-14,1.12.6,lbt,1,1,Intel(R) Core(TM) 7 150U,NT,2abc7cc
degen-r50-m20-d0-p3,100,SBB-Dual,1e-7*n,1.0e-11,13,14,0.0680754,0.066639,97.88998669122768,7.27e-5,3.79e-5,0.0002573,0.0,0.0,0.0,0.0010684999999999905,0.451341564030717,6.32467049687001e-12,-1.9021262818663706e-15,1.8907098109366416e-12,0.0,7.126833829158064e-12,1.8907098109366416e-12,8.333333333333334,diag_feasible,0,0,0,0,0,0,13,1.6866622778295818e-14,1.12.6,lbt,1,1,Intel(R) Core(TM) 7 150U,NT,2abc7cc
degen-r50-m20-d0-p3,100,Newton-SIN-BH,1e-7*n,9.999999999999999e-6,4,5,0.0347395,0.0233499,67.21426618114826,0.0,1.51e-5,0.0,0.010689,0.0,0.0,0.0006854999999999986,0.4513415640307149,1.002750343390454e-13,-1.5182855972766e-15,8.43769498715119e-15,8.43769498715119e-15,1.8228969536775993e-14,8.43769498715119e-15,NaN,converged,17,17,0,0,0,0,4,1.6866622778295818e-14,1.12.6,lbt,1,1,Intel(R) Core(TM) 7 150U,NT,2abc7cc
degen-r50-m20-d0-p3,100,Newton-SIN,1e-7*n,9.999999999999999e-6,100,2752,16.2224967,15.264501500000001,94.09465005469843,0.0,0.0078948,0.0,0.7295403,0.0,0.0,0.22056009999999915,0.45134156400346204,4.2169167730428927e-10,-1.370627499153093e-15,2.4788238128792273e-10,2.4788238128792273e-10,3.628649276754983e-10,2.4788238128792273e-10,NaN,max_iter,974,974,2551,0,0,0,100,1.6866622778295818e-14,1.12.6,lbt,1,1,Intel(R) Core(TM) 7 150U,NT,2abc7cc
degen-r50-m20-d0-p3,100,AGD-SDAJ-BH,1e-7*n,1.0e-11,7,53,0.2894826,0.2858448,98.74334415954534,0.0,0.000269,0.0,0.0,0.0,0.0,0.0033687999999999687,0.4513415640335797,6.786458232643461e-12,-1.593092208454846e-15,1.4515055823949297e-12,1.4515055823949297e-12,4.93463750115666e-12,1.4515055823949297e-12,NaN,diag_feasible,0,0,10,10,0,0,7,1.6866622778295818e-14,1.12.6,lbt,1,1,Intel(R) Core(TM) 7 150U,NT,2abc7cc
degen-r50-m20-d0-p3,100,AGD-SDAJ,1e-7*n,1.0e-11,7,64,0.309955,0.306436,98.86467390427643,0.0,0.0001465,0.0,0.0,0.0,0.0,0.0033724999999999944,0.4513415640337715,7.232240327492477e-12,-1.422107534498424e-15,1.5578649481540197e-12,1.5578649481540197e-12,5.2597358280698764e-12,1.5578649481540197e-12,NaN,diag_feasible,0,0,21,10,11,0,7,1.6866622778295818e-14,1.12.6,lbt,1,1,Intel(R) Core(TM) 7 150U,NT,2abc7cc
degen-r50-m20-d0-p3,100,Dykstra-APM,1e-7*n,9.999999999999999e-6,25,25,0.2444424,0.2243289,91.77168118133352,0.0,0.0,0.0,0.0,0.0121287,0.0,0.007984800000000007,0.4513415640285324,4.669614398017323e-12,-1.1559527402794132e-15,1.6511236822225328e-12,1.6511236822225328e-12,3.763986318876032e-12,1.6511236822225328e-12,NaN,diag_feasible,0,0,0,0,0,0,25,1.6866622778295818e-14,1.12.6,lbt,1,1,Intel(R) Core(TM) 7 150U,NT,2abc7cc
degen-r50-m20-d0-p3,100,Anderson-APM,1e-7*n,9.999999999999999e-6,17,17,0.1320914,0.0953882,72.21378530320673,0.0,0.0,0.0,0.0,0.0,0.0322919,0.004411299999999993,0.4513415640314517,5.925072501988194e-12,-1.3286877160313969e-15,1.6366907829024058e-12,1.6366907829024058e-12,4.75976211698746e-12,1.6366907829024058e-12,NaN,diag_feasible,0,0,0,0,0,0,17,1.6866622778295818e-14,1.12.6,lbt,1,1,Intel(R) Core(TM) 7 150U,NT,2abc7cc
degen-r50-m20-d0-p4,100,SBB-Dual,1e-7*n,1.0e-11,14,15,0.0724386,0.0711606,98.2357472397313,8.87e-5,4.71e-5,0.00025,0.0,0.0,0.0,0.0008922000000000014,0.4514755446672047,3.2986698000278414e-12,-1.531651447508652e-15,9.102718578901658e-13,0.0,3.2872563989159574e-12,9.102718578901658e-13,7.6923076923076925,diag_feasible,0,0,0,0,0,0,14,2.3956647521128122e-14,1.12.6,lbt,1,1,Intel(R) Core(TM) 7 150U,NT,2abc7cc
degen-r50-m20-d0-p4,100,Newton-SIN-BH,1e-7*n,9.999999999999999e-6,4,5,0.0448092,0.0278836,62.2273997304125,0.0,1.91e-5,0.0,0.0159538,0.0,0.0,0.0009526999999999973,0.4514755446672036,1.5306959530193582e-13,-1.6120679733787947e-15,5.551115123125783e-15,5.551115123125783e-15,1.6728670184062865e-14,5.551115123125783e-15,NaN,converged,17,17,0,0,0,0,4,2.3956647521128122e-14,1.12.6,lbt,1,1,Intel(R) Core(TM) 7 150U,NT,2abc7cc
degen-r50-m20-d0-p4,100,Newton-SIN,1e-7*n,9.999999999999999e-6,100,2915,16.3294635,15.2598497,93.44979215024425,0.0,0.0087997,0.0,0.8330087,0.0,0.0,0.22780539999999905,0.4514755438998684,2.90679674434248e-9,-1.2407282364717465e-15,1.9453416655323963e-9,1.9453416655323963e-9,2.346872411198046e-9,1.9453416655323963e-9,NaN,max_iter,881,881,2714,0,0,0,100,2.3956647521128122e-14,1.12.6,lbt,1,1,Intel(R) Core(TM) 7 150U,NT,2abc7cc
degen-r50-m20-d0-p4,100,AGD-SDAJ-BH,1e-7*n,1.0e-11,7,41,0.1812749,0.1789735,98.73043648072624,0.0,9.99e-5,0.0,0.0,0.0,0.0,0.0022014999999999812,0.4514755446683419,3.3515337030300766e-12,-1.6353370968732571e-15,1.155742168634788e-12,1.155742168634788e-12,2.717851032621709e-12,1.155742168634788e-12,NaN,diag_feasible_at_xpre,0,0,2,2,0,0,7,2.3956647521128122e-14,1.12.6,lbt,1,1,Intel(R) Core(TM) 7 150U,NT,2abc7cc
degen-r50-m20-d0-p4,100,AGD-SDAJ,1e-7*n,1.0e-11,7,41,0.2264169,0.2240405,98.9504317036405,0.0,0.0001036,0.0,0.0,0.0,0.0,0.0022728000000000006,0.4514755446683419,3.3515337030300766e-12,-1.6353370968732571e-15,1.155742168634788e-12,1.155742168634788e-12,2.717851032621709e-12,1.155742168634788e-12,NaN,diag_feasible_at_xpre,0,0,2,2,0,0,7,2.3956647521128122e-14,1.12.6,lbt,1,1,Intel(R) Core(TM) 7 150U,NT,2abc7cc
degen-r50-m20-d0-p4,100,Dykstra-APM,1e-7*n,9.999999999999999e-6,27,27,0.1433973,0.1333097,92.96527898363497,0.0,0.0,0.0,0.0,0.0048864,0.0,0.005201200000000002,0.4514755446645069,1.091656216002971e-11,-9.911109637699987e-16,7.865708084864309e-12,7.865708084864309e-12,8.515488584086021e-12,7.865708084864309e-12,NaN,diag_feasible,0,0,0,0,0,0,27,2.3956647521128122e-14,1.12.6,lbt,1,1,Intel(R) Core(TM) 7 150U,NT,2abc7cc
degen-r50-m20-d0-p4,100,Anderson-APM,1e-7*n,9.999999999999999e-6,18,18,0.1161523,0.0835577,71.93805030119937,0.0,0.0,0.0,0.0,0.0,0.0282253,0.004369300000000003,0.45147554466823436,4.4149851402514644e-12,-1.6356289666511426e-15,1.9950707752514063e-12,1.9950707752514063e-12,3.3837469923695976e-12,1.9950707752514063e-12,NaN,diag_feasible,0,0,0,0,0,0,18,2.3956647521128122e-14,1.12.6,lbt,1,1,Intel(R) Core(TM) 7 150U,NT,2abc7cc
