instance,n,solver,tol_rule,tol_value,updates,total_evds,elapsed_seconds,evd_seconds,evd_percent,bb_seconds,certificate_seconds,rescale_seconds,newton_cg_seconds,dykstra_update_seconds,anderson_update_seconds,other_seconds,dist_G_X_fro,err_vs_ref_fro,lambda_min_X,diag_error_pre,diag_error_post,certificate_2,certificate_inf,ceiling_clamp_pct,exit,cg_iters_total,jacobian_vector_products,linesearch_trials,nls_backtracks,mls_backtracks,negative_curvature_count,accepted_outer_iterations,ref_cert_2,julia_version,blas_vendor,blas_threads,julia_threads,cpu,os,git_commit
degen-r5-m1-d0.01-p0,100,SBB-Dual,1e-7*n,1.0e-11,217,218,0.270606,0.2636855,97.44259181245057,0.0001712,9.9e-5,0.0001123,0.0,0.0,0.0,0.006537999999999996,0.22811316224784495,8.483698595268618e-12,-1.0501688379145204e-14,1.2967404927621828e-12,0.0,9.185134975641073e-12,1.2967404927621828e-12,100.0,diag_feasible,0,0,0,0,0,0,217,2.8503773480355575e-14,1.12.6,lbt,1,1,Intel(R) Core(TM) 7 150U,NT,2abc7cc
degen-r5-m1-d0.01-p0,100,Newton-SIN-BH,1e-7*n,9.999999999999999e-6,3,4,0.0113579,0.0086975,76.57665589589625,0.0,5.7e-6,0.0,0.0023629,0.0,0.0,0.0002918000000000005,0.22811316224689773,2.1020938752580073e-11,-7.54414408260745e-15,4.9038550997693164e-12,4.9038550997693164e-12,6.66303709875361e-12,4.9038550997693164e-12,NaN,converged,16,16,0,0,0,0,3,2.8503773480355575e-14,1.12.6,lbt,1,1,Intel(R) Core(TM) 7 150U,NT,2abc7cc
degen-r5-m1-d0.01-p0,100,Newton-SIN,1e-7*n,9.999999999999999e-6,3,7,0.0168669,0.014197,84.17077234109409,0.0,5.6e-6,0.0,0.0024221,0.0,0.0,0.000242200000000001,0.22811316224689773,2.1020938752580073e-11,-7.54414408260745e-15,4.9038550997693164e-12,4.9038550997693164e-12,6.66303709875361e-12,4.9038550997693164e-12,NaN,converged,16,16,0,0,0,0,3,2.8503773480355575e-14,1.12.6,lbt,1,1,Intel(R) Core(TM) 7 150U,NT,2abc7cc
degen-r5-m1-d0.01-p0,100,AGD-SDAJ-BH,1e-7*n,1.0e-11,9,78,0.1307562,0.1275367,97.53778405918803,0.0,5.59e-5,0.0,0.0,0.0,0.0,0.0031635999999999865,0.22811316222528477,2.7058817623155604e-11,-8.664336236563239e-15,2.6203483827202945e-12,2.6203483827202945e-12,6.675763917304729e-12,2.6203483827202945e-12,NaN,diag_feasible,0,0,23,23,0,0,9,2.8503773480355575e-14,1.12.6,lbt,1,1,Intel(R) Core(TM) 7 150U,NT,2abc7cc
degen-r5-m1-d0.01-p0,100,AGD-SDAJ,1e-7*n,1.0e-11,11,90,0.1467319,0.1433469,97.69307151342005,0.0,5.62e-5,0.0,0.0,0.0,0.0,0.003328799999999999,0.228113162221569,3.1917469324012085e-11,-1.0294523610272507e-14,4.956701715741474e-12,4.956701715741474e-12,8.024135955786308e-12,4.956701715741474e-12,NaN,diag_feasible,0,0,25,19,6,0,11,2.8503773480355575e-14,1.12.6,lbt,1,1,Intel(R) Core(TM) 7 150U,NT,2abc7cc
degen-r5-m1-d0.01-p0,100,Dykstra-APM,1e-7*n,9.999999999999999e-6,442,442,0.6700609,0.5730683,85.52480826742763,0.0,0.0,0.0,0.0,0.0765876,0.0,0.02040499999999998,0.2281131622081747,4.400346503430053e-11,-1.0487612360582808e-14,1.3771206397450442e-12,1.3771206397450442e-12,9.756211345488395e-12,1.3771206397450442e-12,NaN,diag_feasible,0,0,0,0,0,0,442,2.8503773480355575e-14,1.12.6,lbt,1,1,Intel(R) Core(TM) 7 150U,NT,2abc7cc
degen-r5-m1-d0.01-p0,100,Anderson-APM,1e-7*n,9.999999999999999e-6,89,89,0.1512814,0.1262151,83.43067951512874,0.0,0.0,0.0,0.0,0.0,0.0222894,0.0027769000000000127,0.2281131622333918,1.878454942027569e-11,-1.2349031616751613e-14,2.01993977100301e-12,2.01993977100301e-12,5.00143868595265e-12,2.01993977100301e-12,NaN,diag_feasible,0,0,0,0,0,0,89,2.8503773480355575e-14,1.12.6,lbt,1,1,Intel(R) Core(TM) 7 150U,NT,2abc7cc
degen-r5-m1-d0.01-p1,100,SBB-Dual,1e-7*n,1.0e-11,216,217,0.2780892,0.2688694,96.6845889736099,0.0001917,0.0001103,0.000128,0.0,0.0,0.0,0.0087898,0.22377148961885363,8.38205910325235e-12,-7.905074635092701e-15,1.3309353619206377e-12,0.0,9.519441904577029e-12,1.3309353619206377e-12,100.0,diag_feasible,0,0,0,0,0,0,216,1.2449358054640435e-14,1.12.6,lbt,1,1,Intel(R) Core(TM) 7 150U,NT,2abc7cc
degen-r5-m1-d0.01-p1,100,Newton-SIN-BH,1e-7*n,9.999999999999999e-6,4,5,0.0262968,0.0148185,56.35096285479603,0.0,1.3e-5,0.0,0.0106247,0.0,0.0,0.0008405999999999969,0.22377148961883778,0.0,-1.0622149349089256e-14,4.884981308350689e-15,4.884981308350689e-15,1.2449358054640435e-14,4.884981308350689e-15,NaN,converged,29,29,0,0,0,0,4,1.2449358054640435e-14,1.12.6,lbt,1,1,Intel(R) Core(TM) 7 150U,NT,2abc7cc
degen-r5-m1-d0.01-p1,100,Newton-SIN,1e-7*n,9.999999999999999e-6,100,2774,4.3151282,4.1381722,95.8991716630806,0.0,0.0014034,0.0,0.1163513,0.0,0.0,0.059201300000000553,0.22377148961636767,1.2691605805397374e-10,-7.648335034075114e-15,1.2944756377919475e-11,1.2944756377919475e-11,4.015094324914546e-11,1.2944756377919475e-11,NaN,max_iter,1277,1277,2573,0,0,0,100,1.2449358054640435e-14,1.12.6,lbt,1,1,Intel(R) Core(TM) 7 150U,NT,2abc7cc
degen-r5-m1-d0.01-p1,100,AGD-SDAJ-BH,1e-7*n,1.0e-11,10,74,0.0904041,0.08941600000000001,98.90701859760786,0.0,3.52e-5,0.0,0.0,0.0,0.0,0.0009528999999999918,0.22377148960558157,1.618817974518505e-11,-8.993634717065944e-15,1.971089957919503e-12,1.971089957919503e-12,4.1470958798066314e-12,1.971089957919503e-12,NaN,diag_feasible_at_xpre,0,0,17,17,0,0,10,1.2449358054640435e-14,1.12.6,lbt,1,1,Intel(R) Core(TM) 7 150U,NT,2abc7cc
degen-r5-m1-d0.01-p1,100,AGD-SDAJ,1e-7*n,1.0e-11,9,86,0.1079475,0.1067064,98.85027443896338,0.0,5.45e-5,0.0,0.0,0.0,0.0,0.001186599999999995,0.2237714895908186,3.4339032360633206e-11,-9.504907009942739e-15,4.630074101896753e-12,4.630074101896753e-12,8.98442854509853e-12,4.630074101896753e-12,NaN,diag_feasible,0,0,31,24,7,0,9,1.2449358054640435e-14,1.12.6,lbt,1,1,Intel(R) Core(TM) 7 150U,NT,2abc7cc
degen-r5-m1-d0.01-p1,100,Dykstra-APM,1e-7*n,9.999999999999999e-6,441,441,0.6723967,0.5930093,88.19336858732352,0.0,0.0,0.0,0.0,0.0561218,0.0,0.023265599999999997,0.2237714895788428,4.317266515231485e-11,-8.451655199460365e-15,1.339817146117639e-12,1.339817146117639e-12,9.594375142387928e-12,1.339817146117639e-12,NaN,diag_feasible,0,0,0,0,0,0,441,1.2449358054640435e-14,1.12.6,lbt,1,1,Intel(R) Core(TM) 7 150U,NT,2abc7cc
degen-r5-m1-d0.01-p1,100,Anderson-APM,1e-7*n,9.999999999999999e-6,81,81,0.1216239,0.1025138,84.28754545775955,0.0,0.0,0.0,0.0,0.0,0.0168342,0.0022758999999999904,0.2237714895981765,2.483857245005125e-11,-1.0131616539288933e-14,1.7224000004034679e-12,1.7224000004034679e-12,6.253254075242254e-12,1.7224000004034679e-12,NaN,diag_feasible,0,0,0,0,0,0,81,1.2449358054640435e-14,1.12.6,lbt,1,1,Intel(R) Core(TM) 7 150U,NT,2abc7cc
degen-r5-m1-d0.01-p2,100,SBB-Dual,1e-7*n,1.0e-11,214,215,0.2800006,0.2743894,97.99600429427653,0.0002181,0.0009648,0.0001231,0.0,0.0,0.0,0.004305199999999983,0.23286753033699067,8.1287175024253e-12,-1.0196769537649694e-14,1.4135359549527493e-12,0.0,9.683654709461952e-12,1.4135359549527493e-12,100.0,diag_feasible,0,0,0,0,0,0,214,1.963055150016077e-14,1.12.6,lbt,1,1,Intel(R) Core(TM) 7 150U,NT,2abc7cc
degen-r5-m1-d0.01-p2,100,Newton-SIN-BH,1e-7*n,9.999999999999999e-6,3,4,0.009332,0.007756,83.1118731247321,0.0,5.2e-6,0.0,0.0013062,0.0,0.0,0.00026460000000000025,0.23286753033555663,2.0428397943323766e-11,-9.809402489280866e-15,3.171463092144222e-12,3.171463092144222e-12,6.172249796335279e-12,3.171463092144222e-12,NaN,converged,14,14,0,0,0,0,3,1.963055150016077e-14,1.12.6,lbt,1,1,Intel(R) Core(TM) 7 150U,NT,2abc7cc
degen-r5-m1-d0.01-p2,100,Newton-SIN,1e-7*n,9.999999999999999e-6,3,7,0.0088529,0.0080297,90.70135209931209,0.0,3.1e-6,0.0,0.0007007,0.0,0.0,0.00011939999999999965,0.23286753033555663,2.0428397943323766e-11,-9.809402489280866e-15,3.171463092144222e-12,3.171463092144222e-12,6.172249796335279e-12,3.171463092144222e-12,NaN,converged,14,14,0,0,0,0,3,1.963055150016077e-14,1.12.6,lbt,1,1,Intel(R) Core(TM) 7 150U,NT,2abc7cc
degen-r5-m1-d0.01-p2,100,AGD-SDAJ-BH,1e-7*n,1.0e-11,10,78,0.0918626,0.09090989999999999,98.96290764685517,0.0,3.54e-5,0.0,0.0,0.0,0.0,0.0009173000000000147,0.23286753032109817,2.0915960599465246e-11,-8.030146680712776e-15,1.4824808047819715e-12,1.4824808047819715e-12,5.355901886303726e-12,1.4824808047819715e-12,NaN,diag_feasible_at_xpre,0,0,21,21,0,0,10,1.963055150016077e-14,1.12.6,lbt,1,1,Intel(R) Core(TM) 7 150U,NT,2abc7cc
degen-r5-m1-d0.01-p2,100,AGD-SDAJ,1e-7*n,1.0e-11,10,89,0.1008415,0.0998053,98.97244685967583,0.0,3.98e-5,0.0,0.0,0.0,0.0,0.000996400000000001,0.23286753032275243,1.8773499579489376e-11,-9.467613589090619e-15,1.2930767567809198e-12,1.2930767567809198e-12,4.814533247253136e-12,1.2930767567809198e-12,NaN,diag_feasible_at_xpre,0,0,32,20,12,0,10,1.963055150016077e-14,1.12.6,lbt,1,1,Intel(R) Core(TM) 7 150U,NT,2abc7cc
degen-r5-m1-d0.01-p2,100,Dykstra-APM,1e-7*n,9.999999999999999e-6,437,437,0.6992613,0.609478,87.16026469647326,0.0,0.0,0.0,0.0,0.0586699,0.0,0.031113400000000013,0.23286753029781215,4.399717022369236e-11,-7.879603189215529e-15,1.4286349880876514e-12,1.4286349880876514e-12,9.781559378944506e-12,1.4286349880876514e-12,NaN,diag_feasible,0,0,0,0,0,0,437,1.963055150016077e-14,1.12.6,lbt,1,1,Intel(R) Core(TM) 7 150U,NT,2abc7cc
degen-r5-m1-d0.01-p2,100,Anderson-APM,1e-7*n,9.999999999999999e-6,115,115,0.1790782,0.1484907,82.91947316870508,0.0,0.0,0.0,0.0,0.0,0.0271437,0.00344379999999999,0.23286753030941454,3.872932701921407e-11,-9.768384232718703e-15,3.0655478155949822e-12,3.0655478155949822e-12,9.458338627796111e-12,3.0655478155949822e-12,NaN,diag_feasible,0,0,0,0,0,0,115,1.963055150016077e-14,1.12.6,lbt,1,1,Intel(R) Core(TM) 7 150U,NT,2abc7cc
degen-r5-m1-d0.01-p3,100,SBB-Dual,1e-7*n,1.0e-11,217,218,0.23958,0.2356843,98.3739460722932,0.0001706,9.59e-5,0.00012,0.0,0.0,0.0,0.0035091999999999745,0.23275431175643665,1.1215767709043479e-11,-1.0203779648077994e-14,1.5167866962428889e-12,0.0,9.620446418891791e-12,1.5167866962428889e-12,100.0,diag_feasible,0,0,0,0,0,0,217,1.2581330256107803e-14,1.12.6,lbt,1,1,Intel(R) Core(TM) 7 150U,NT,2abc7cc
degen-r5-m1-d0.01-p3,100,Newton-SIN-BH,1e-7*n,9.999999999999999e-6,3,4,0.0091588,0.0073398,80.13931956151461,0.0,5.1e-6,0.0,0.0015688,0.0,0.0,0.00024510000000000027,0.23275431175631045,8.681382115245439e-13,-1.2198751611604527e-14,1.858513343222512e-13,1.858513343222512e-13,2.8366117891090327e-13,1.858513343222512e-13,NaN,converged,18,18,0,0,0,0,3,1.2581330256107803e-14,1.12.6,lbt,1,1,Intel(R) Core(TM) 7 150U,NT,2abc7cc
degen-r5-m1-d0.01-p3,100,Newton-SIN,1e-7*n,9.999999999999999e-6,3,7,0.0133575,0.0118742,88.89537712895377,0.0,4.1e-6,0.0,0.0013118,0.0,0.0,0.00016740000000000006,0.23275431175631045,8.681382115245439e-13,-1.2198751611604527e-14,1.858513343222512e-13,1.858513343222512e-13,2.8366117891090327e-13,1.858513343222512e-13,NaN,converged,18,18,0,0,0,0,3,1.2581330256107803e-14,1.12.6,lbt,1,1,Intel(R) Core(TM) 7 150U,NT,2abc7cc
degen-r5-m1-d0.01-p3,100,AGD-SDAJ-BH,1e-7*n,1.0e-11,9,74,0.1026043,0.10151170000000001,98.93513234825441,0.0,4.41e-5,0.0,0.0,0.0,0.0,0.0010484999999999852,0.23275431174415626,1.7408508074341997e-11,-8.741460045126952e-15,2.4603652448718094e-12,2.4603652448718094e-12,4.7587879776230275e-12,2.4603652448718094e-12,NaN,diag_feasible,0,0,19,19,0,0,9,1.2581330256107803e-14,1.12.6,lbt,1,1,Intel(R) Core(TM) 7 150U,NT,2abc7cc
degen-r5-m1-d0.01-p3,100,AGD-SDAJ,1e-7*n,1.0e-11,9,83,0.1198584,0.11862909999999999,98.97437309358375,0.0,4.65e-5,0.0,0.0,0.0,0.0,0.0011828000000000164,0.2327543117442295,1.7306649942068714e-11,-1.1019564514521635e-14,2.4371615836571436e-12,2.4371615836571436e-12,4.7300190409690965e-12,2.4371615836571436e-12,NaN,diag_feasible,0,0,28,19,9,0,9,1.2581330256107803e-14,1.12.6,lbt,1,1,Intel(R) Core(TM) 7 150U,NT,2abc7cc
degen-r5-m1-d0.01-p3,100,Dykstra-APM,1e-7*n,9.999999999999999e-6,443,443,0.6602975,0.5664454,85.78639174008686,0.0,0.0,0.0,0.0,0.0552102,0.0,0.03864189999999999,0.2327543117180008,4.391759312105929e-11,-1.0064706160100555e-14,1.5292211941186906e-12,1.5292211941186906e-12,9.696811726702399e-12,1.5292211941186906e-12,NaN,diag_feasible,0,0,0,0,0,0,443,1.2581330256107803e-14,1.12.6,lbt,1,1,Intel(R) Core(TM) 7 150U,NT,2abc7cc
degen-r5-m1-d0.01-p3,100,Anderson-APM,1e-7*n,9.999999999999999e-6,70,70,0.1027241,0.0861743,83.88907763611459,0.0,0.0,0.0,0.0,0.0,0.0146364,0.0019134000000000026,0.23275431172591474,3.5735666741264105e-11,-1.0482110876737388e-14,1.680433570072637e-12,1.680433570072637e-12,8.193003544586342e-12,1.680433570072637e-12,NaN,diag_feasible,0,0,0,0,0,0,70,1.2581330256107803e-14,1.12.6,lbt,1,1,Intel(R) Core(TM) 7 150U,NT,2abc7cc
degen-r5-m1-d0.01-p4,100,SBB-Dual,1e-7*n,1.0e-11,215,216,0.2382488,0.2347285,98.52242697549788,0.0001647,9.76e-5,0.000138,0.0,0.0,0.0,0.003120000000000004,0.2323229463344378,6.813655034981616e-12,-9.526216972880235e-15,1.1894929485833927e-12,0.0,9.022293848565731e-12,1.1894929485833927e-12,100.0,diag_feasible,0,0,0,0,0,0,215,2.651551021153896e-14,1.12.6,lbt,1,1,Intel(R) Core(TM) 7 150U,NT,2abc7cc
degen-r5-m1-d0.01-p4,100,Newton-SIN-BH,1e-7*n,9.999999999999999e-6,3,4,0.0090429,0.0075299,83.26864169680081,0.0,4.8e-6,0.0,0.0012719,0.0,0.0,0.00023629999999999962,0.23232294633366044,5.457714448881115e-12,-1.1950133390839531e-14,1.4062084829902233e-12,1.4062084829902233e-12,1.795928027132797e-12,1.4062084829902233e-12,NaN,converged,16,16,0,0,0,0,3,2.651551021153896e-14,1.12.6,lbt,1,1,Intel(R) Core(TM) 7 150U,NT,2abc7cc
degen-r5-m1-d0.01-p4,100,Newton-SIN,1e-7*n,9.999999999999999e-6,3,7,0.009725,0.008791199999999999,90.39794344473007,0.0,3.8e-6,0.0,0.0007983,0.0,0.0,0.00013170000000000022,0.23232294633366044,5.457714448881115e-12,-1.1950133390839531e-14,1.4062084829902233e-12,1.4062084829902233e-12,1.795928027132797e-12,1.4062084829902233e-12,NaN,converged,16,16,0,0,0,0,3,2.651551021153896e-14,1.12.6,lbt,1,1,Intel(R) Core(TM) 7 150U,NT,2abc7cc
degen-r5-m1-d0.01-p4,100,AGD-SDAJ-BH,1e-7*n,1.0e-11,11,97,0.1239959,0.1226938,98.94988463328222,0.0,4.96e-5,0.0,0.0,0.0,0.0,0.0012525000000000006,0.23232294630942724,3.488419966177219e-11,-8.345383766785231e-15,7.196465645620265e-12,7.196465645620265e-12,9.64688138970161e-12,7.196465645620265e-12,NaN,diag_feasible,0,0,32,32,0,0,11,2.651551021153896e-14,1.12.6,lbt,1,1,Intel(R) Core(TM) 7 150U,NT,2abc7cc
degen-r5-m1-d0.01-p4,100,AGD-SDAJ,1e-7*n,1.0e-11,10,93,0.1388479,0.13732,98.89958724618809,0.0,6.27e-5,0.0,0.0,0.0,0.0,0.0014651999999999988,0.23232294631527167,2.7586529664420524e-11,-7.965399991636258e-15,5.952571768830239e-12,5.952571768830239e-12,7.769359587244833e-12,5.952571768830239e-12,NaN,diag_feasible_at_xpre,0,0,36,28,8,0,10,2.651551021153896e-14,1.12.6,lbt,1,1,Intel(R) Core(TM) 7 150U,NT,2abc7cc
degen-r5-m1-d0.01-p4,100,Dykstra-APM,1e-7*n,9.999999999999999e-6,438,438,0.6290556,0.5435045,86.40007337984113,0.0,0.0,0.0,0.0,0.050768,0.0,0.0347831000000001,0.23232294629584327,4.321091851628581e-11,-8.075220956134463e-15,1.2663203818874536e-12,1.2663203818874536e-12,9.603572243377965e-12,1.2663203818874536e-12,NaN,diag_feasible,0,0,0,0,0,0,438,2.651551021153896e-14,1.12.6,lbt,1,1,Intel(R) Core(TM) 7 150U,NT,2abc7cc
degen-r5-m1-d0.01-p4,100,Anderson-APM,1e-7*n,9.999999999999999e-6,89,89,0.1583471,0.132149,83.45527009967343,0.0,0.0,0.0,0.0,0.0,0.0232922,0.002905900000000003,0.23232294631124983,3.065522392411323e-11,-1.1590274961454e-14,2.6397772856512347e-12,2.6397772856512347e-12,7.857771803380865e-12,2.6397772856512347e-12,NaN,diag_feasible,0,0,0,0,0,0,89,2.651551021153896e-14,1.12.6,lbt,1,1,Intel(R) Core(TM) 7 150U,NT,2abc7cc
degen-r5-m1-d0.0001-p0,100,SBB-Dual,1e-7*n,1.0e-11,215,216,0.2371655,0.2337807,98.57281096955502,0.0001723,9.44e-5,0.0002454,0.0,0.0,0.0,0.0028726999999999937,0.2306635842138956,9.076575135374635e-12,-1.093612390382352e-14,1.3851142455223453e-12,0.0,9.810758701819222e-12,1.3851142455223453e-12,100.0,diag_feasible,0,0,0,0,0,0,215,2.3142491760543995e-14,1.12.6,lbt,1,1,Intel(R) Core(TM) 7 150U,NT,2abc7cc
degen-r5-m1-d0.0001-p0,100,Newton-SIN-BH,1e-7*n,9.999999999999999e-6,4,5,0.0115256,0.0069494000000000005,60.29534254181995,0.0,4.7e-6,0.0,0.0042048,0.0,0.0,0.0003667000000000002,0.23066358421388322,0.0,-9.273104402996555e-15,7.327471962526033e-15,7.327471962526033e-15,2.3142491760543995e-14,7.327471962526033e-15,NaN,converged,28,28,0,0,0,0,4,2.3142491760543995e-14,1.12.6,lbt,1,1,Intel(R) Core(TM) 7 150U,NT,2abc7cc
degen-r5-m1-d0.0001-p0,100,Newton-SIN,1e-7*n,9.999999999999999e-6,9,60,0.0884552,0.0815126,92.1512811004893,0.0,3.38e-5,0.0,0.0060103,0.0,0.0,0.0008984999999999939,0.23066358421392097,3.762308561214796e-13,-1.0425482569436282e-14,8.326672684688674e-15,8.326672684688674e-15,2.944729230527916e-14,8.326672684688674e-15,NaN,converged,98,98,41,0,0,0,9,2.3142491760543995e-14,1.12.6,lbt,1,1,Intel(R) Core(TM) 7 150U,NT,2abc7cc
degen-r5-m1-d0.0001-p0,100,AGD-SDAJ-BH,1e-7*n,1.0e-11,12,100,0.145511,0.1438951,98.88949976290452,0.0,6.15e-5,0.0,0.0,0.0,0.0,0.0015544000000000035,0.23066358419525435,2.713245080899123e-11,-9.019970433239684e-15,5.307754236127948e-12,5.307754236127948e-12,7.71989756133064e-12,5.307754236127948e-12,NaN,diag_feasible,0,0,29,29,0,0,12,2.3142491760543995e-14,1.12.6,lbt,1,1,Intel(R) Core(TM) 7 150U,NT,2abc7cc
degen-r5-m1-d0.0001-p0,100,AGD-SDAJ,1e-7*n,1.0e-11,12,99,0.1395085,0.1379563,98.8873796220302,0.0,5.42e-5,0.0,0.0,0.0,0.0,0.0014980000000000037,0.23066358419534028,2.7046699168657226e-11,-9.903409869816617e-15,5.304645611658998e-12,5.304645611658998e-12,7.701889975465447e-12,5.304645611658998e-12,NaN,diag_feasible_at_xpre,0,0,30,29,1,0,12,2.3142491760543995e-14,1.12.6,lbt,1,1,Intel(R) Core(TM) 7 150U,NT,2abc7cc
degen-r5-m1-d0.0001-p0,100,Dykstra-APM,1e-7*n,9.999999999999999e-6,439,439,0.6537332,0.5643718,86.33060092404669,0.0,0.0,0.0,0.0,0.0519273,0.0,0.03743410000000003,0.23066358417413368,4.4656545497323654e-11,-9.112116928263e-15,1.396882609583372e-12,1.396882609583372e-12,9.898125146687405e-12,1.396882609583372e-12,NaN,diag_feasible,0,0,0,0,0,0,439,2.3142491760543995e-14,1.12.6,lbt,1,1,Intel(R) Core(TM) 7 150U,NT,2abc7cc
degen-r5-m1-d0.0001-p0,100,Anderson-APM,1e-7*n,9.999999999999999e-6,62,62,0.1030582,0.0870176,84.43539669817638,0.0,0.0,0.0,0.0,0.0,0.0140808,0.001959800000000003,0.23066358419424987,2.2679138544627696e-11,-9.534851203914264e-15,1.2394529846915248e-12,1.2394529846915248e-12,5.3893582711719485e-12,1.2394529846915248e-12,NaN,diag_feasible,0,0,0,0,0,0,62,2.3142491760543995e-14,1.12.6,lbt,1,1,Intel(R) Core(TM) 7 150U,NT,2abc7cc
degen-r5-m1-d0.0001-p1,100,SBB-Dual,1e-7*n,1.0e-11,215,216,0.2568846,0.2533922,98.64047903221913,0.0001998,0.0001092,0.0001072,0.0,0.0,0.0,0.003076200000000007,0.22536115986953328,8.647238228098938e-12,-1.0401872820282618e-14,1.3635759188446173e-12,0.0,9.76629639629493e-12,1.3635759188446173e-12,100.0,diag_feasible,0,0,0,0,0,0,215,2.099642794625088e-14,1.12.6,lbt,1,1,Intel(R) Core(TM) 7 150U,NT,2abc7cc
degen-r5-m1-d0.0001-p1,100,Newton-SIN-BH,1e-7*n,9.999999999999999e-6,4,5,0.0103715,0.0080671,77.78142023815263,0.0,5.4e-6,0.0,0.002042,0.0,0.0,0.00025699999999999985,0.2253611598694753,0.0,-7.951921748777926e-15,5.10702591327572e-15,5.10702591327572e-15,2.099642794625088e-14,5.10702591327572e-15,NaN,converged,29,29,0,0,0,0,4,2.099642794625088e-14,1.12.6,lbt,1,1,Intel(R) Core(TM) 7 150U,NT,2abc7cc
degen-r5-m1-d0.0001-p1,100,Newton-SIN,1e-7*n,9.999999999999999e-6,12,84,0.1227243,0.1134747,92.46310632857552,0.0,3.8e-5,0.0,0.0081374,0.0,0.0,0.0010741999999999974,0.22536115986992708,2.4285857325335053e-11,-1.1367724601470622e-14,4.586553359331447e-12,4.586553359331447e-12,7.730278415412255e-12,4.586553359331447e-12,NaN,converged,139,139,59,0,0,0,12,2.099642794625088e-14,1.12.6,lbt,1,1,Intel(R) Core(TM) 7 150U,NT,2abc7cc
degen-r5-m1-d0.0001-p1,100,AGD-SDAJ-BH,1e-7*n,1.0e-11,10,76,0.1008572,0.09972009999999999,98.87256437815049,0.0,4.6e-5,0.0,0.0,0.0,0.0,0.001091100000000002,0.22536115989001726,2.4384842108173172e-11,-7.700258367770164e-15,3.445688179226636e-12,3.445688179226636e-12,6.091607600449e-12,3.445688179226636e-12,NaN,diag_feasible,0,0,17,17,0,0,10,2.099642794625088e-14,1.12.6,lbt,1,1,Intel(R) Core(TM) 7 150U,NT,2abc7cc
degen-r5-m1-d0.0001-p1,100,AGD-SDAJ,1e-7*n,1.0e-11,9,85,0.1413743,0.1397447,98.84731524753792,0.0,6.96e-5,0.0,0.0,0.0,0.0,0.0015600000000000089,0.2253611598832869,1.978954498032075e-11,-1.1259655021827484e-14,4.293343458527943e-12,4.293343458527943e-12,5.740076925416875e-12,4.293343458527943e-12,NaN,diag_feasible,0,0,32,15,17,0,9,2.099642794625088e-14,1.12.6,lbt,1,1,Intel(R) Core(TM) 7 150U,NT,2abc7cc
degen-r5-m1-d0.0001-p1,100,Dykstra-APM,1e-7*n,9.999999999999999e-6,439,439,0.6611453,0.5723205,86.56501074725934,0.0,0.0,0.0,0.0,0.054844,0.0,0.03398080000000004,0.22536115982877028,4.429733004455815e-11,-1.0174897364404909e-14,1.3782308627696693e-12,1.3782308627696693e-12,9.854304118423826e-12,1.3782308627696693e-12,NaN,diag_feasible,0,0,0,0,0,0,439,2.099642794625088e-14,1.12.6,lbt,1,1,Intel(R) Core(TM) 7 150U,NT,2abc7cc
degen-r5-m1-d0.0001-p1,100,Anderson-APM,1e-7*n,9.999999999999999e-6,121,121,0.1846346,0.1540443,83.43197862155847,0.0,0.0,0.0,0.0,0.0,0.0273156,0.003274700000000016,0.22536115989113764,3.3131901777007176e-11,-8.965766022312354e-15,2.8177460364986473e-12,2.8177460364986473e-12,8.923607321939348e-12,2.8177460364986473e-12,NaN,diag_feasible,0,0,0,0,0,0,121,2.099642794625088e-14,1.12.6,lbt,1,1,Intel(R) Core(TM) 7 150U,NT,2abc7cc
degen-r5-m1-d0.0001-p2,100,SBB-Dual,1e-7*n,1.0e-11,210,211,0.2402293,0.2368172,98.57964869397696,0.0001759,9.8e-5,0.0001909,0.0,0.0,0.0,0.0029473000000000012,0.2364397153531966,7.866101597786765e-12,-8.788662883641613e-15,1.3713474800169934e-12,0.0,9.38747725208026e-12,1.3713474800169934e-12,100.0,diag_feasible,0,0,0,0,0,0,210,1.5761648244596702e-14,1.12.6,lbt,1,1,Intel(R) Core(TM) 7 150U,NT,2abc7cc
degen-r5-m1-d0.0001-p2,100,Newton-SIN-BH,1e-7*n,9.999999999999999e-6,3,4,0.010082,0.0082929,82.25451299345369,0.0,5.8e-6,0.0,0.0015106,0.0,0.0,0.00027270000000000007,0.23643971535315458,1.085953721471676e-12,-1.0340467634940946e-14,3.4150460237469815e-13,3.4150460237469815e-13,3.518210580685838e-13,3.4150460237469815e-13,NaN,converged,17,17,0,0,0,0,3,1.5761648244596702e-14,1.12.6,lbt,1,1,Intel(R) Core(TM) 7 150U,NT,2abc7cc
degen-r5-m1-d0.0001-p2,100,Newton-SIN,1e-7*n,9.999999999999999e-6,3,7,0.0154787,0.01367,88.31491016687448,0.0,6.2e-6,0.0,0.0016172,0.0,0.0,0.0001852999999999998,0.23643971535315458,1.085953721471676e-12,-1.0340467634940946e-14,3.4150460237469815e-13,3.4150460237469815e-13,3.518210580685838e-13,3.4150460237469815e-13,NaN,converged,17,17,0,0,0,0,3,1.5761648244596702e-14,1.12.6,lbt,1,1,Intel(R) Core(TM) 7 150U,NT,2abc7cc
degen-r5-m1-d0.0001-p2,100,AGD-SDAJ-BH,1e-7*n,1.0e-11,11,95,0.1293246,0.1279012,98.89935866803376,0.0,5.49e-5,0.0,0.0,0.0,0.0,0.001368500000000019,0.23643971533748387,2.6415444090246895e-11,-8.344308087495065e-15,3.9890313274781874e-12,3.9890313274781874e-12,7.713958295496976e-12,3.9890313274781874e-12,NaN,diag_feasible,0,0,30,30,0,0,11,1.5761648244596702e-14,1.12.6,lbt,1,1,Intel(R) Core(TM) 7 150U,NT,2abc7cc
degen-r5-m1-d0.0001-p2,100,AGD-SDAJ,1e-7*n,1.0e-11,13,129,0.1490537,0.1474434,98.91965110560825,0.0,5.91e-5,0.0,0.0,0.0,0.0,0.0015512000000000089,0.236439715340321,1.9894362961771974e-11,-9.151697795669862e-15,3.644418100634539e-12,3.644418100634539e-12,5.632850761430781e-12,3.644418100634539e-12,NaN,diag_feasible_at_xpre,0,0,56,34,22,0,13,1.5761648244596702e-14,1.12.6,lbt,1,1,Intel(R) Core(TM) 7 150U,NT,2abc7cc
degen-r5-m1-d0.0001-p2,100,Dykstra-APM,1e-7*n,9.999999999999999e-6,429,429,0.625183,0.5434317,86.92362076384033,0.0,0.0,0.0,0.0,0.062328,0.0,0.01942330000000008,0.23643971531570174,4.279072947652895e-11,-1.111974907890026e-14,1.3911094498553211e-12,1.3911094498553211e-12,9.515043518324387e-12,1.3911094498553211e-12,NaN,diag_feasible,0,0,0,0,0,0,429,1.5761648244596702e-14,1.12.6,lbt,1,1,Intel(R) Core(TM) 7 150U,NT,2abc7cc
degen-r5-m1-d0.0001-p2,100,Anderson-APM,1e-7*n,9.999999999999999e-6,76,76,0.1156406,0.0956776,82.73703180370907,0.0,0.0,0.0,0.0,0.0,0.0176558,0.0023071999999999954,0.23643971538069988,3.747453906456413e-11,-9.866339027553401e-15,3.389732938785528e-12,3.389732938785528e-12,9.608551438343998e-12,3.389732938785528e-12,NaN,diag_feasible,0,0,0,0,0,0,76,1.5761648244596702e-14,1.12.6,lbt,1,1,Intel(R) Core(TM) 7 150U,NT,2abc7cc
degen-r5-m1-d0.0001-p3,100,SBB-Dual,1e-7*n,1.0e-11,213,214,0.2855745,0.2818611,98.69967381541419,0.0002238,0.0001279,0.0001441,0.0,0.0,0.0,0.0032176000000000335,0.23630087067228894,1.111893740881868e-11,-1.4725515058942466e-14,1.5076828674409626e-12,0.0,9.569262489907025e-12,1.5076828674409626e-12,100.0,diag_feasible,0,0,0,0,0,0,213,2.1388151939021714e-14,1.12.6,lbt,1,1,Intel(R) Core(TM) 7 150U,NT,2abc7cc
degen-r5-m1-d0.0001-p3,100,Newton-SIN-BH,1e-7*n,9.999999999999999e-6,3,4,0.0093545,0.0075144999999999995,80.3303223047731,0.0,5.2e-6,0.0,0.0015667,0.0,0.0,0.0002681000000000005,0.23630087067222608,1.103029349906925e-12,-1.0790781978377279e-14,2.1471713296250527e-13,2.1471713296250527e-13,3.452330566126672e-13,2.1471713296250527e-13,NaN,converged,18,18,0,0,0,0,3,2.1388151939021714e-14,1.12.6,lbt,1,1,Intel(R) Core(TM) 7 150U,NT,2abc7cc
degen-r5-m1-d0.0001-p3,100,Newton-SIN,1e-7*n,9.999999999999999e-6,3,7,0.0166722,0.0127347,76.38284089682224,0.0,4.1e-6,0.0,0.0036374,0.0,0.0,0.000296000000000002,0.23630087067222608,1.103029349906925e-12,-1.0790781978377279e-14,2.1471713296250527e-13,2.1471713296250527e-13,3.452330566126672e-13,2.1471713296250527e-13,NaN,converged,18,18,0,0,0,0,3,2.1388151939021714e-14,1.12.6,lbt,1,1,Intel(R) Core(TM) 7 150U,NT,2abc7cc
degen-r5-m1-d0.0001-p3,100,AGD-SDAJ-BH,1e-7*n,1.0e-11,11,97,0.1410121,0.1395093,98.93427585292325,0.0,6.15e-5,0.0,0.0,0.0,0.0,0.0014412999999999987,0.23630087066113617,2.5061803665076557e-11,-9.712972690054163e-15,3.2169822361538536e-12,3.2169822361538536e-12,7.579252484744543e-12,3.2169822361538536e-12,NaN,diag_feasible_at_xpre,0,0,32,32,0,0,11,2.1388151939021714e-14,1.12.6,lbt,1,1,Intel(R) Core(TM) 7 150U,NT,2abc7cc
degen-r5-m1-d0.0001-p3,100,AGD-SDAJ,1e-7*n,1.0e-11,11,110,0.1430162,0.1414115,98.87795928013749,0.0,6.04e-5,0.0,0.0,0.0,0.0,0.0015443000000000145,0.23630087066141517,1.389537573736032e-11,-1.1799837476586045e-14,1.574962382733247e-12,1.574962382733247e-12,3.444389387392648e-12,1.574962382733247e-12,NaN,diag_feasible,0,0,43,30,13,0,11,2.1388151939021714e-14,1.12.6,lbt,1,1,Intel(R) Core(TM) 7 150U,NT,2abc7cc
degen-r5-m1-d0.0001-p3,100,Dykstra-APM,1e-7*n,9.999999999999999e-6,435,435,0.606341,0.5278857,87.06086179229179,0.0,0.0,0.0,0.0,0.0527011,0.0,0.025754200000000005,0.23630087063466798,4.367321669559532e-11,-9.638666869463899e-15,1.5203394099216894e-12,1.5203394099216894e-12,9.647112259566601e-12,1.5203394099216894e-12,NaN,diag_feasible,0,0,0,0,0,0,435,2.1388151939021714e-14,1.12.6,lbt,1,1,Intel(R) Core(TM) 7 150U,NT,2abc7cc
degen-r5-m1-d0.0001-p3,100,Anderson-APM,1e-7*n,9.999999999999999e-6,147,147,0.1908694,0.1601867,83.9247674064046,0.0,0.0,0.0,0.0,0.0,0.0272086,0.0034741000000000077,0.23630087070277078,3.9729768005513246e-11,-9.405602716221769e-15,2.496003403962277e-12,2.496003403962277e-12,9.776719154181893e-12,2.496003403962277e-12,NaN,diag_feasible,0,0,0,0,0,0,147,2.1388151939021714e-14,1.12.6,lbt,1,1,Intel(R) Core(TM) 7 150U,NT,2abc7cc
degen-r5-m1-d0.0001-p4,100,SBB-Dual,1e-7*n,1.0e-11,211,212,0.2331751,0.2301287,98.6935140158619,0.0001883,0.0001007,0.0001168,0.0,0.0,0.0,0.0026406000000000047,0.23578131605874914,7.347566054416094e-12,-8.834355066679764e-15,1.283861905676531e-12,0.0,9.739355381219418e-12,1.283861905676531e-12,100.0,diag_feasible,0,0,0,0,0,0,211,3.28599758965911e-14,1.12.6,lbt,1,1,Intel(R) Core(TM) 7 150U,NT,2abc7cc
degen-r5-m1-d0.0001-p4,100,Newton-SIN-BH,1e-7*n,9.999999999999999e-6,3,4,0.00599,0.0050368,84.08681135225376,0.0,3.0e-6,0.0,0.0007908,0.0,0.0,0.00015939999999999954,0.23578131605782168,2.1749586685320533e-11,-7.216434566196297e-15,2.2870594307278225e-12,2.2870594307278225e-12,6.604791568025969e-12,2.2870594307278225e-12,NaN,converged,15,15,0,0,0,0,3,3.28599758965911e-14,1.12.6,lbt,1,1,Intel(R) Core(TM) 7 150U,NT,2abc7cc
degen-r5-m1-d0.0001-p4,100,Newton-SIN,1e-7*n,9.999999999999999e-6,3,7,0.0117875,0.010749700000000001,91.19575821845176,0.0,3.9e-6,0.0,0.0008777,0.0,0.0,0.00015619999999999838,0.23578131605782168,2.1749586685320533e-11,-7.216434566196297e-15,2.2870594307278225e-12,2.2870594307278225e-12,6.604791568025969e-12,2.2870594307278225e-12,NaN,converged,15,15,0,0,0,0,3,3.28599758965911e-14,1.12.6,lbt,1,1,Intel(R) Core(TM) 7 150U,NT,2abc7cc
degen-r5-m1-d0.0001-p4,100,AGD-SDAJ-BH,1e-7*n,1.0e-11,12,93,0.1269131,0.1255822,98.95132968937013,0.0,5.09e-5,0.0,0.0,0.0,0.0,0.001279999999999996,0.23578131604581123,2.7584358211471155e-11,-9.965600459658582e-15,4.481526261201907e-12,4.481526261201907e-12,8.391069780881604e-12,4.481526261201907e-12,NaN,diag_feasible_at_xpre,0,0,22,22,0,0,12,3.28599758965911e-14,1.12.6,lbt,1,1,Intel(R) Core(TM) 7 150U,NT,2abc7cc
degen-r5-m1-d0.0001-p4,100,AGD-SDAJ,1e-7*n,1.0e-11,11,92,0.1274054,0.1260311,98.92131730680175,0.0,5.06e-5,0.0,0.0,0.0,0.0,0.001323699999999995,0.23578131605307814,8.606677306097298e-12,-8.518311031664395e-15,7.329692408575283e-13,7.329692408575283e-13,2.362871132232935e-12,7.329692408575283e-13,NaN,diag_feasible,0,0,25,19,6,0,11,3.28599758965911e-14,1.12.6,lbt,1,1,Intel(R) Core(TM) 7 150U,NT,2abc7cc
degen-r5-m1-d0.0001-p4,100,Dykstra-APM,1e-7*n,9.999999999999999e-6,431,431,0.6334401,0.5465302,86.27969716473586,0.0,0.0,0.0,0.0,0.0650983,0.0,0.021811599999999987,0.23578131601979152,4.4343991523523794e-11,-8.352726367228158e-15,1.2994050280212832e-12,1.2994050280212832e-12,9.848660552826745e-12,1.2994050280212832e-12,NaN,diag_feasible,0,0,0,0,0,0,431,3.28599758965911e-14,1.12.6,lbt,1,1,Intel(R) Core(TM) 7 150U,NT,2abc7cc
degen-r5-m1-d0.0001-p4,100,Anderson-APM,1e-7*n,9.999999999999999e-6,124,124,0.1726723,0.143752,83.25133793897457,0.0,0.0,0.0,0.0,0.0,0.0254563,0.0034640000000000087,0.23578131602969196,3.844458863421256e-11,-9.359450360246789e-15,2.036815160977312e-12,2.036815160977312e-12,9.760875980821456e-12,2.036815160977312e-12,NaN,diag_feasible,0,0,0,0,0,0,124,3.28599758965911e-14,1.12.6,lbt,1,1,Intel(R) Core(TM) 7 150U,NT,2abc7cc
degen-r5-m1-d1e-06-p0,100,SBB-Dual,1e-7*n,1.0e-11,214,215,0.2418435,0.23875380000000002,98.72243827103065,0.0001794,0.0001018,0.0001135,0.0,0.0,0.0,0.002694999999999973,0.23069039500003732,8.91609452168401e-12,-1.2616922573116454e-14,1.361133428190442e-12,0.0,9.641416788313897e-12,1.361133428190442e-12,100.0,diag_feasible,0,0,0,0,0,0,214,2.275415563824572e-14,1.12.6,lbt,1,1,Intel(R) Core(TM) 7 150U,NT,2abc7cc
degen-r5-m1-d1e-06-p0,100,Newton-SIN-BH,1e-7*n,9.999999999999999e-6,4,5,0.0071328,0.0057126,80.08916554508748,0.0,3.6e-6,0.0,0.0012374,0.0,0.0,0.0001791999999999998,0.23069039500000918,0.0,-1.0799166770126002e-14,1.4654943925052066e-14,1.4654943925052066e-14,2.275415563824572e-14,1.4654943925052066e-14,NaN,converged,23,23,0,0,0,0,4,2.275415563824572e-14,1.12.6,lbt,1,1,Intel(R) Core(TM) 7 150U,NT,2abc7cc
degen-r5-m1-d1e-06-p0,100,Newton-SIN,1e-7*n,9.999999999999999e-6,100,3799,4.2806512,4.121309800000001,96.27763644933276,0.0,0.0017168,0.0,0.0897658,0.0,0.0,0.06785879999999975,0.2306903671096656,2.1064011126424484e-7,-9.42693354207906e-15,6.509976824276009e-8,6.509976824276009e-8,6.566201992847272e-8,6.509976824276009e-8,NaN,max_iter,887,887,3598,0,0,0,100,2.275415563824572e-14,1.12.6,lbt,1,1,Intel(R) Core(TM) 7 150U,NT,2abc7cc
degen-r5-m1-d1e-06-p0,100,AGD-SDAJ-BH,1e-7*n,1.0e-11,12,112,0.147766,0.14489459999999998,98.05679249624404,0.0,5.58e-5,0.0,0.0,0.0,0.0,0.002815600000000024,0.2306903949820847,2.1624173723833404e-11,-9.79593433702505e-15,2.2601920335318937e-12,2.2601920335318937e-12,5.230435438429902e-12,2.2601920335318937e-12,NaN,diag_feasible,0,0,39,39,0,0,12,2.275415563824572e-14,1.12.6,lbt,1,1,Intel(R) Core(TM) 7 150U,NT,2abc7cc
degen-r5-m1-d1e-06-p0,100,AGD-SDAJ,1e-7*n,1.0e-11,11,107,0.1226849,0.12134199999999999,98.90540726690897,0.0,4.56e-5,0.0,0.0,0.0,0.0,0.001297300000000008,0.23069039499496663,2.064961146139757e-11,-8.685127048077428e-15,2.73003841755326e-12,2.73003841755326e-12,6.593710981835712e-12,2.73003841755326e-12,NaN,diag_feasible_at_xpre,0,0,42,33,9,0,11,2.275415563824572e-14,1.12.6,lbt,1,1,Intel(R) Core(TM) 7 150U,NT,2abc7cc
degen-r5-m1-d1e-06-p0,100,Dykstra-APM,1e-7*n,9.999999999999999e-6,437,437,0.6336225,0.5526206,87.21606319220041,0.0,0.0,0.0,0.0,0.0639361,0.0,0.017065799999999964,0.23069039496090976,4.39272446045491e-11,-8.866964135026052e-15,1.3746781490908688e-12,1.3746781490908688e-12,9.741563351099982e-12,1.3746781490908688e-12,NaN,diag_feasible,0,0,0,0,0,0,437,2.275415563824572e-14,1.12.6,lbt,1,1,Intel(R) Core(TM) 7 150U,NT,2abc7cc
degen-r5-m1-d1e-06-p0,100,Anderson-APM,1e-7*n,9.999999999999999e-6,50,50,0.0724397,0.0614959,84.89253820764029,0.0,0.0,0.0,0.0,0.0,0.0093755,0.0015682999999999964,0.23069039497673646,2.7553625865637658e-11,-1.3554977652022166e-14,2.3846480345923737e-12,2.3846480345923737e-12,6.697329810809942e-12,2.3846480345923737e-12,NaN,diag_feasible,0,0,0,0,0,0,50,2.275415563824572e-14,1.12.6,lbt,1,1,Intel(R) Core(TM) 7 150U,NT,2abc7cc
degen-r5-m1-d1e-06-p1,100,SBB-Dual,1e-7*n,1.0e-11,215,216,0.2349295,0.23195500000000002,98.73387548179348,0.0001828,0.0001009,0.000114,0.0,0.0,0.0,0.002576799999999991,0.22537795023764035,8.005052878505496e-12,-9.841509978925046e-15,1.2712053631958042e-12,0.0,9.095443669052565e-12,1.2712053631958042e-12,100.0,diag_feasible,0,0,0,0,0,0,215,1.6842123535503894e-14,1.12.6,lbt,1,1,Intel(R) Core(TM) 7 150U,NT,2abc7cc
degen-r5-m1-d1e-06-p1,100,Newton-SIN-BH,1e-7*n,9.999999999999999e-6,4,5,0.010392,0.0082011,78.91743648960738,0.0,5.8e-6,0.0,0.0018983,0.0,0.0,0.0002868000000000011,0.2253779502376934,0.0,-7.421143918472053e-15,6.217248937900877e-15,6.217248937900877e-15,1.6842123535503894e-14,6.217248937900877e-15,NaN,converged,24,24,0,0,0,0,4,1.6842123535503894e-14,1.12.6,lbt,1,1,Intel(R) Core(TM) 7 150U,NT,2abc7cc
degen-r5-m1-d1e-06-p1,100,Newton-SIN,1e-7*n,9.999999999999999e-6,4,9,0.0111483,0.009666300000000001,86.70649336670166,0.0,4.4e-6,0.0,0.001337,0.0,0.0,0.00014059999999999876,0.2253779502376934,0.0,-7.421143918472053e-15,6.217248937900877e-15,6.217248937900877e-15,1.6842123535503894e-14,6.217248937900877e-15,NaN,converged,24,24,0,0,0,0,4,1.6842123535503894e-14,1.12.6,lbt,1,1,Intel(R) Core(TM) 7 150U,NT,2abc7cc
degen-r5-m1-d1e-06-p1,100,AGD-SDAJ-BH,1e-7*n,1.0e-11,8,53,0.0757721,0.0749462,98.9100209707795,0.0,3.17e-5,0.0,0.0,0.0,0.0,0.0007941999999999906,0.22537795025840748,2.939857103312118e-11,-1.16962552678794e-14,5.210387676868322e-12,5.210387676868322e-12,8.410877456638621e-12,5.210387676868322e-12,NaN,diag_feasible_at_xpre,0,0,8,8,0,0,8,1.6842123535503894e-14,1.12.6,lbt,1,1,Intel(R) Core(TM) 7 150U,NT,2abc7cc
degen-r5-m1-d1e-06-p1,100,AGD-SDAJ,1e-7*n,1.0e-11,8,66,0.0750222,0.0740055,98.6448011388629,0.0,2.83e-5,0.0,0.0,0.0,0.0,0.0009883999999999954,0.22537795025678295,2.4596769589990902e-11,-9.539759578855142e-15,1.7119639039719914e-12,1.7119639039719914e-12,6.2454841005926096e-12,1.7119639039719914e-12,NaN,diag_feasible,0,0,17,9,8,0,8,1.6842123535503894e-14,1.12.6,lbt,1,1,Intel(R) Core(TM) 7 150U,NT,2abc7cc
degen-r5-m1-d1e-06-p1,100,Dykstra-APM,1e-7*n,9.999999999999999e-6,438,438,0.6490603,0.5518455,85.02222366704603,0.0,0.0,0.0,0.0,0.0751307,0.0,0.02208410000000005,0.22537795019763082,4.359700260455634e-11,-8.590808182800222e-15,1.3513634655737405e-12,1.3513634655737405e-12,9.672972696739242e-12,1.3513634655737405e-12,NaN,diag_feasible,0,0,0,0,0,0,438,1.6842123535503894e-14,1.12.6,lbt,1,1,Intel(R) Core(TM) 7 150U,NT,2abc7cc
degen-r5-m1-d1e-06-p1,100,Anderson-APM,1e-7*n,9.999999999999999e-6,58,58,0.0871476,0.071036,81.51228490514941,0.0,0.0,0.0,0.0,0.0,0.0110238,0.005087800000000003,0.22537795025529295,2.60754678305603e-11,-9.034285327236636e-15,2.5265345371394687e-12,2.5265345371394687e-12,6.461664025310097e-12,2.5265345371394687e-12,NaN,diag_feasible,0,0,0,0,0,0,58,1.6842123535503894e-14,1.12.6,lbt,1,1,Intel(R) Core(TM) 7 150U,NT,2abc7cc
degen-r5-m1-d1e-06-p2,100,SBB-Dual,1e-7*n,1.0e-11,206,207,0.2386524,0.2357254,98.77353003782908,0.0001746,0.0001001,3.54e-5,0.0,0.0,0.0,0.002616899999999985,0.23647714232669975,7.735850748378018e-12,-9.250955331347004e-15,1.3522516439934407e-12,0.0,9.258432132059784e-12,1.3522516439934407e-12,100.0,diag_feasible,0,0,0,0,0,0,206,2.5224061883758496e-14,1.12.6,lbt,1,1,Intel(R) Core(TM) 7 150U,NT,2abc7cc
degen-r5-m1-d1e-06-p2,100,Newton-SIN-BH,1e-7*n,9.999999999999999e-6,4,5,0.0081497,0.0062265,76.4015853344295,0.0,4.3e-6,0.0,0.0017082,0.0,0.0,0.000210699999999999,0.23647714232670947,0.0,-9.427835256301245e-15,1.0658141036401503e-14,1.0658141036401503e-14,2.5224061883758496e-14,1.0658141036401503e-14,NaN,converged,25,25,0,0,0,0,4,2.5224061883758496e-14,1.12.6,lbt,1,1,Intel(R) Core(TM) 7 150U,NT,2abc7cc
degen-r5-m1-d1e-06-p2,100,Newton-SIN,1e-7*n,9.999999999999999e-6,5,12,0.0237817,0.0207892,87.41679526694897,0.0,9.8e-6,0.0,0.0027192,0.0,0.0,0.00026349999999999854,0.2364771423267132,1.1681494279040848e-13,-7.706131436235461e-15,5.551115123125783e-15,5.551115123125783e-15,1.833381306040878e-14,5.551115123125783e-15,NaN,converged,34,34,1,0,0,0,5,2.5224061883758496e-14,1.12.6,lbt,1,1,Intel(R) Core(TM) 7 150U,NT,2abc7cc
degen-r5-m1-d1e-06-p2,100,AGD-SDAJ-BH,1e-7*n,1.0e-11,12,101,0.1403576,0.1389108,98.96920437511044,0.0,5.92e-5,0.0,0.0,0.0,0.0,0.0013875999999999982,0.2364771423131949,2.2402412671194064e-11,-8.76542372578953e-15,2.55351295663786e-12,2.55351295663786e-12,6.472922274020753e-12,2.55351295663786e-12,NaN,diag_feasible_at_xpre,0,0,32,32,0,0,12,2.5224061883758496e-14,1.12.6,lbt,1,1,Intel(R) Core(TM) 7 150U,NT,2abc7cc
degen-r5-m1-d1e-06-p2,100,AGD-SDAJ,1e-7*n,1.0e-11,118,4027,5.1551858,5.073334,98.41224345396047,0.0,0.0018836,0.0,0.0,0.0,0.0,0.07996819999999992,0.23647713870460144,4.648618701464987e-9,-1.0987513789798752e-14,3.583955354713453e-10,3.583955354713453e-10,1.147361318379201e-9,3.583955354713453e-10,NaN,evd_budget,0,0,3428,570,2858,0,118,2.5224061883758496e-14,1.12.6,lbt,1,1,Intel(R) Core(TM) 7 150U,NT,2abc7cc
degen-r5-m1-d1e-06-p2,100,Dykstra-APM,1e-7*n,9.999999999999999e-6,420,420,0.5701892,0.5073652,88.9819028490894,0.0,0.0,0.0,0.0,0.0378099,0.0,0.02501409999999999,0.2364771422876955,4.4524775694999886e-11,-9.276211047149407e-15,1.4459544672718039e-12,1.4459544672718039e-12,9.899288736526518e-12,1.4459544672718039e-12,NaN,diag_feasible,0,0,0,0,0,0,420,2.5224061883758496e-14,1.12.6,lbt,1,1,Intel(R) Core(TM) 7 150U,NT,2abc7cc
degen-r5-m1-d1e-06-p2,100,Anderson-APM,1e-7*n,9.999999999999999e-6,76,76,0.138776,0.1163438,83.8356776387848,0.0,0.0,0.0,0.0,0.0,0.0198265,0.002605700000000013,0.2364771423509934,3.411565648549584e-11,-9.586002269432669e-15,3.4634517476206383e-12,3.4634517476206383e-12,8.874351914777272e-12,3.4634517476206383e-12,NaN,diag_feasible,0,0,0,0,0,0,76,2.5224061883758496e-14,1.12.6,lbt,1,1,Intel(R) Core(TM) 7 150U,NT,2abc7cc
degen-r5-m1-d1e-06-p3,100,SBB-Dual,1e-7*n,1.0e-11,209,210,0.2165941,0.2140373,98.8195430992811,0.0001505,8.67e-5,3.69e-5,0.0,0.0,0.0,0.002282699999999998,0.2363380256158691,1.13121053528839e-11,-1.0274117099799248e-14,1.5227819005758647e-12,0.0,9.674832667661226e-12,1.5227819005758647e-12,100.0,diag_feasible,0,0,0,0,0,0,209,1.550938252588375e-14,1.12.6,lbt,1,1,Intel(R) Core(TM) 7 150U,NT,2abc7cc
degen-r5-m1-d1e-06-p3,100,Newton-SIN-BH,1e-7*n,9.999999999999999e-6,3,4,0.0070005,0.0057101,81.5670309263624,0.0,4.6e-6,0.0,0.0010877,0.0,0.0,0.00019809999999999967,0.2363380256158008,1.083910398866489e-12,-1.1957143849775613e-14,2.1338486533295509e-13,2.1338486533295509e-13,3.4476506217561184e-13,2.1338486533295509e-13,NaN,converged,18,18,0,0,0,0,3,1.550938252588375e-14,1.12.6,lbt,1,1,Intel(R) Core(TM) 7 150U,NT,2abc7cc
degen-r5-m1-d1e-06-p3,100,Newton-SIN,1e-7*n,9.999999999999999e-6,3,7,0.0135545,0.0118043,87.08768305728725,0.0,5.3e-6,0.0,0.0015561,0.0,0.0,0.00018880000000000047,0.2363380256158008,1.083910398866489e-12,-1.1957143849775613e-14,2.1338486533295509e-13,2.1338486533295509e-13,3.4476506217561184e-13,2.1338486533295509e-13,NaN,converged,18,18,0,0,0,0,3,1.550938252588375e-14,1.12.6,lbt,1,1,Intel(R) Core(TM) 7 150U,NT,2abc7cc
degen-r5-m1-d1e-06-p3,100,AGD-SDAJ-BH,1e-7*n,1.0e-11,11,94,0.1101303,0.1089908,98.9653165386819,0.0,4.25e-5,0.0,0.0,0.0,0.0,0.0010970000000000016,0.2363380256050069,1.4528442661525875e-11,-9.253556110672111e-15,1.7952306308188781e-12,1.7952306308188781e-12,3.711284744550616e-12,1.7952306308188781e-12,NaN,diag_feasible,0,0,27,27,0,0,11,1.550938252588375e-14,1.12.6,lbt,1,1,Intel(R) Core(TM) 7 150U,NT,2abc7cc
degen-r5-m1-d1e-06-p3,100,AGD-SDAJ,1e-7*n,1.0e-11,11,98,0.160663,0.1590294,98.98321330984732,0.0,7.05e-5,0.0,0.0,0.0,0.0,0.0015631000000000128,0.2363380256045483,1.5098219646324623e-11,-1.1733434806913524e-14,1.8652857036727255e-12,1.8652857036727255e-12,3.8498491155487055e-12,1.8652857036727255e-12,NaN,diag_feasible,0,0,31,27,4,0,11,1.550938252588375e-14,1.12.6,lbt,1,1,Intel(R) Core(TM) 7 150U,NT,2abc7cc
degen-r5-m1-d1e-06-p3,100,Dykstra-APM,1e-7*n,9.999999999999999e-6,427,427,0.6482983,0.5609307,86.52354942161656,0.0,0.0,0.0,0.0,0.0644446,0.0,0.022922999999999985,0.23633802557767344,4.432601978092874e-11,-1.1273669934815457e-14,1.5418777365994174e-12,1.5418777365994174e-12,9.795338350013406e-12,1.5418777365994174e-12,NaN,diag_feasible,0,0,0,0,0,0,427,1.550938252588375e-14,1.12.6,lbt,1,1,Intel(R) Core(TM) 7 150U,NT,2abc7cc
degen-r5-m1-d1e-06-p3,100,Anderson-APM,1e-7*n,9.999999999999999e-6,147,147,0.2163423,0.1760251,81.36416225583254,0.0,0.0,0.0,0.0,0.0,0.0282378,0.012079399999999997,0.23633802564636672,3.9911254834554864e-11,-9.379524723586789e-15,2.353228722995482e-12,2.353228722995482e-12,9.832456617324737e-12,2.353228722995482e-12,NaN,diag_feasible,0,0,0,0,0,0,147,1.550938252588375e-14,1.12.6,lbt,1,1,Intel(R) Core(TM) 7 150U,NT,2abc7cc
degen-r5-m1-d1e-06-p4,100,SBB-Dual,1e-7*n,1.0e-11,208,209,0.2425814,0.2395804,98.76288948781729,0.0001882,0.0001016,3.86e-5,0.0,0.0,0.0,0.0026726000000000037,0.23581756351697644,7.264041389717937e-12,-7.924004651622882e-15,1.2656542480726785e-12,0.0,9.590523609432495e-12,1.2656542480726785e-12,100.0,diag_feasible,0,0,0,0,0,0,208,1.532751246406711e-14,1.12.6,lbt,1,1,Intel(R) Core(TM) 7 150U,NT,2abc7cc
degen-r5-m1-d1e-06-p4,100,Newton-SIN-BH,1e-7*n,9.999999999999999e-6,4,5,0.0068204,0.0052826,77.45293531171194,0.0,3.6e-6,0.0,0.0013536,0.0,0.0,0.00018059999999999973,0.2358175635169765,0.0,-9.847056577352192e-15,5.329070518200751e-15,5.329070518200751e-15,1.532751246406711e-14,5.329070518200751e-15,NaN,converged,25,25,0,0,0,0,4,1.532751246406711e-14,1.12.6,lbt,1,1,Intel(R) Core(TM) 7 150U,NT,2abc7cc
degen-r5-m1-d1e-06-p4,100,Newton-SIN,1e-7*n,9.999999999999999e-6,4,9,0.0114655,0.0100488,87.64380096812175,0.0,3.8e-6,0.0,0.0012664,0.0,0.0,0.00014649999999999993,0.2358175635169765,0.0,-9.847056577352192e-15,5.329070518200751e-15,5.329070518200751e-15,1.532751246406711e-14,5.329070518200751e-15,NaN,converged,25,25,0,0,0,0,4,1.532751246406711e-14,1.12.6,lbt,1,1,Intel(R) Core(TM) 7 150U,NT,2abc7cc
degen-r5-m1-d1e-06-p4,100,AGD-SDAJ-BH,1e-7*n,1.0e-11,11,98,0.1310907,0.1296916,98.93272367910156,0.0,4.91e-5,0.0,0.0,0.0,0.0,0.0013500000000000142,0.23581756351037889,8.000239491445858e-12,-8.01033219266253e-15,7.829292769656604e-13,7.829292769656604e-13,1.906671138229194e-12,7.829292769656604e-13,NaN,diag_feasible,0,0,31,31,0,0,11,1.532751246406711e-14,1.12.6,lbt,1,1,Intel(R) Core(TM) 7 150U,NT,2abc7cc
degen-r5-m1-d1e-06-p4,100,AGD-SDAJ,1e-7*n,1.0e-11,11,96,0.1202438,0.1189659,98.93724250231612,0.0,4.45e-5,0.0,0.0,0.0,0.0,0.0012333999999999984,0.23581756350447958,1.6735529448985416e-11,-8.717567296233573e-15,3.1168401193326645e-12,3.1168401193326645e-12,4.448930732747667e-12,3.1168401193326645e-12,NaN,diag_feasible,0,0,31,30,1,0,11,1.532751246406711e-14,1.12.6,lbt,1,1,Intel(R) Core(TM) 7 150U,NT,2abc7cc
degen-r5-m1-d1e-06-p4,100,Dykstra-APM,1e-7*n,9.999999999999999e-6,425,425,0.6099591,0.5461846,89.54446289923374,0.0,0.0,0.0,0.0,0.0482544,0.0,0.015520099999999953,0.2358175634785301,4.3711169253023557e-11,-8.600153339862986e-15,1.2823075934420558e-12,1.2823075934420558e-12,9.721088545037e-12,1.2823075934420558e-12,NaN,diag_feasible,0,0,0,0,0,0,425,1.532751246406711e-14,1.12.6,lbt,1,1,Intel(R) Core(TM) 7 150U,NT,2abc7cc
degen-r5-m1-d1e-06-p4,100,Anderson-APM,1e-7*n,9.999999999999999e-6,55,55,0.0874032,0.0737157,84.33981822175846,0.0,0.0,0.0,0.0,0.0,0.0119387,0.0017488000000000052,0.23581756353728697,3.3962245908189623e-11,-8.955843185585117e-15,4.633071704063241e-12,4.633071704063241e-12,9.216448032537324e-12,4.633071704063241e-12,NaN,diag_feasible,0,0,0,0,0,0,55,1.532751246406711e-14,1.12.6,lbt,1,1,Intel(R) Core(TM) 7 150U,NT,2abc7cc
degen-r5-m1-d1e-08-p0,100,SBB-Dual,1e-7*n,1.0e-11,213,214,0.2223601,0.21952239999999998,98.72382680166089,0.0001674,9.05e-5,3.78e-5,0.0,0.0,0.0,0.0025420000000000264,0.23069066323705828,8.778181342572656e-12,-8.862428604208669e-15,1.3413714583521141e-12,0.0,9.488949066381304e-12,1.3413714583521141e-12,100.0,diag_feasible,0,0,0,0,0,0,213,8.076435652003053e-14,1.12.6,lbt,1,1,Intel(R) Core(TM) 7 150U,NT,2abc7cc
degen-r5-m1-d1e-08-p0,100,Newton-SIN-BH,1e-7*n,9.999999999999999e-6,5,6,0.0090823,0.0067755,74.6011472864803,0.0,3.9e-6,0.0,0.0021034,0.0,0.0,0.0001994999999999996,0.2306906632370453,0.0,-1.1617447654849621e-14,2.0872192862952943e-14,2.0872192862952943e-14,8.076435652003053e-14,2.0872192862952943e-14,NaN,converged,35,35,0,0,0,0,5,8.076435652003053e-14,1.12.6,lbt,1,1,Intel(R) Core(TM) 7 150U,NT,2abc7cc
degen-r5-m1-d1e-08-p0,100,Newton-SIN,1e-7*n,9.999999999999999e-6,100,3060,3.3814264,3.2151037,95.08128581476738,0.0,0.0013319,0.0,0.1063354,0.0,0.0,0.058655400000000274,0.23069066293922574,2.013985992004881e-9,-9.762103412798979e-15,6.192326651444091e-10,6.192326651444091e-10,6.263851251323135e-10,6.192326651444091e-10,NaN,max_iter,1175,1175,2859,0,0,0,100,8.076435652003053e-14,1.12.6,lbt,1,1,Intel(R) Core(TM) 7 150U,NT,2abc7cc
degen-r5-m1-d1e-08-p0,100,AGD-SDAJ-BH,1e-7*n,1.0e-11,13,111,0.1412973,0.139813,98.94951991297782,0.0,6.09e-5,0.0,0.0,0.0,0.0,0.001423399999999994,0.2306906632098822,3.5214008962980354e-11,-1.0090028208906614e-14,3.977485008022086e-12,3.977485008022086e-12,9.177859213716869e-12,3.977485008022086e-12,NaN,diag_feasible_at_xpre,0,0,36,36,0,0,13,8.076435652003053e-14,1.12.6,lbt,1,1,Intel(R) Core(TM) 7 150U,NT,2abc7cc
degen-r5-m1-d1e-08-p0,100,AGD-SDAJ,1e-7*n,1.0e-11,13,111,0.1395613,0.1378645,98.78419017306373,0.0,6.46e-5,0.0,0.0,0.0,0.0,0.0016321999999999984,0.2306906632098822,3.5214008962980354e-11,-1.0090028208906614e-14,3.977485008022086e-12,3.977485008022086e-12,9.177859213716869e-12,3.977485008022086e-12,NaN,diag_feasible_at_xpre,0,0,36,36,0,0,13,8.076435652003053e-14,1.12.6,lbt,1,1,Intel(R) Core(TM) 7 150U,NT,2abc7cc
degen-r5-m1-d1e-08-p0,100,Dykstra-APM,1e-7*n,9.999999999999999e-6,435,435,0.6448889,0.5500969,85.3010340230697,0.0,0.0,0.0,0.0,0.0771728,0.0,0.017619199999999988,0.2306906631985321,4.327302995887187e-11,-1.3203852339002112e-14,1.3558043576722412e-12,1.3558043576722412e-12,9.592299313353891e-12,1.3558043576722412e-12,NaN,diag_feasible,0,0,0,0,0,0,435,8.076435652003053e-14,1.12.6,lbt,1,1,Intel(R) Core(TM) 7 150U,NT,2abc7cc
degen-r5-m1-d1e-08-p0,100,Anderson-APM,1e-7*n,9.999999999999999e-6,76,76,0.1192477,0.0989688,82.994305131252,0.0,0.0,0.0,0.0,0.0,0.0181147,0.0021642000000000015,0.23069066324366824,1.7180818378469652e-11,-8.734116166128862e-15,2.4698021405811232e-12,2.4698021405811232e-12,5.3604371386110034e-12,2.4698021405811232e-12,NaN,diag_feasible,0,0,0,0,0,0,76,8.076435652003053e-14,1.12.6,lbt,1,1,Intel(R) Core(TM) 7 150U,NT,2abc7cc
degen-r5-m1-d1e-08-p1,100,SBB-Dual,1e-7*n,1.0e-11,214,215,0.2502359,0.24712309999999998,98.75605378764597,0.0002036,0.0001192,4.4e-5,0.0,0.0,0.0,0.0027460000000000266,0.22537811823003526,8.298967528224932e-12,-1.0991319299450885e-14,1.31250565971186e-12,0.0,9.393512407805297e-12,1.31250565971186e-12,100.0,diag_feasible,0,0,0,0,0,0,214,1.1053830044276432e-14,1.12.6,lbt,1,1,Intel(R) Core(TM) 7 150U,NT,2abc7cc
degen-r5-m1-d1e-08-p1,100,Newton-SIN-BH,1e-7*n,9.999999999999999e-6,5,6,0.0088796,0.0065612000000000005,73.89071579800893,0.0,4.5e-6,0.0,0.0021145,0.0,0.0,0.00019939999999999888,0.2253781182300516,0.0,-1.0476157640633265e-14,5.773159728050814e-15,5.773159728050814e-15,1.1053830044276432e-14,5.773159728050814e-15,NaN,converged,38,38,0,0,0,0,5,1.1053830044276432e-14,1.12.6,lbt,1,1,Intel(R) Core(TM) 7 150U,NT,2abc7cc
degen-r5-m1-d1e-08-p1,100,Newton-SIN,1e-7*n,9.999999999999999e-6,5,11,0.0225651,0.019268999999999998,85.39292978980815,0.0,6.6e-6,0.0,0.0030517,0.0,0.0,0.0002378000000000033,0.2253781182300516,0.0,-1.0476157640633265e-14,5.773159728050814e-15,5.773159728050814e-15,1.1053830044276432e-14,5.773159728050814e-15,NaN,converged,38,38,0,0,0,0,5,1.1053830044276432e-14,1.12.6,lbt,1,1,Intel(R) Core(TM) 7 150U,NT,2abc7cc
degen-r5-m1-d1e-08-p1,100,AGD-SDAJ-BH,1e-7*n,1.0e-11,9,66,0.0897329,0.08875190000000001,98.90675549324719,0.0,3.85e-5,0.0,0.0,0.0,0.0,0.0009424999999999958,0.22537811824498152,1.8290429214017617e-11,-8.954270093993984e-15,2.411626454090765e-12,2.411626454090765e-12,4.689593853435643e-12,2.411626454090765e-12,NaN,diag_feasible_at_xpre,0,0,15,15,0,0,9,1.1053830044276432e-14,1.12.6,lbt,1,1,Intel(R) Core(TM) 7 150U,NT,2abc7cc
degen-r5-m1-d1e-08-p1,100,AGD-SDAJ,1e-7*n,1.0e-11,12,220,0.2831752,0.2803062,98.98684630574994,0.0,0.0001159,0.0,0.0,0.0,0.0,0.0027531000000000105,0.22537811823479048,6.1194969450176676e-12,-1.0418296871211538e-14,2.992051051364797e-13,2.992051051364797e-13,1.5644585503587782e-12,2.992051051364797e-13,NaN,diag_feasible,0,0,151,35,116,0,12,1.1053830044276432e-14,1.12.6,lbt,1,1,Intel(R) Core(TM) 7 150U,NT,2abc7cc
degen-r5-m1-d1e-08-p1,100,Dykstra-APM,1e-7*n,9.999999999999999e-6,436,436,0.5315148,0.4635589,87.21467398461907,0.0,0.0,0.0,0.0,0.0504936,0.0,0.01746229999999996,0.22537811818875528,4.4941772979592425e-11,-9.321721305833927e-15,1.3953282973488967e-12,1.3953282973488967e-12,9.97995597850136e-12,1.3953282973488967e-12,NaN,diag_feasible,0,0,0,0,0,0,436,1.1053830044276432e-14,1.12.6,lbt,1,1,Intel(R) Core(TM) 7 150U,NT,2abc7cc
degen-r5-m1-d1e-08-p1,100,Anderson-APM,1e-7*n,9.999999999999999e-6,57,57,0.0710241,0.0598316,84.24126458483809,0.0,0.0,0.0,0.0,0.0,0.0097654,0.0014271000000000075,0.2253781182082937,3.1673186599157714e-11,-9.794253454682814e-15,3.560041150763027e-12,3.560041150763027e-12,7.770910482278978e-12,3.560041150763027e-12,NaN,diag_feasible,0,0,0,0,0,0,57,1.1053830044276432e-14,1.12.6,lbt,1,1,Intel(R) Core(TM) 7 150U,NT,2abc7cc
degen-r5-m1-d1e-08-p2,100,SBB-Dual,1e-7*n,1.0e-11,202,203,0.2149965,0.2125093,98.84314395815746,0.0001587,8.4e-5,3.6e-5,0.0,0.0,0.0,0.002208499999999995,0.23647751676428275,7.664828076410308e-12,-8.706647946929901e-15,1.3362644324388384e-12,0.0,9.140409672748009e-12,1.3362644324388384e-12,100.0,diag_feasible,0,0,0,0,0,0,202,1.9207820923013416e-14,1.12.6,lbt,1,1,Intel(R) Core(TM) 7 150U,NT,2abc7cc
degen-r5-m1-d1e-08-p2,100,Newton-SIN-BH,1e-7*n,9.999999999999999e-6,4,5,0.0065541,0.0050084,76.41628904044795,0.0,4.0e-6,0.0,0.0013651,0.0,0.0,0.0001766000000000005,0.2364775167642181,0.0,-1.042845151291371e-14,6.217248937900877e-15,6.217248937900877e-15,1.9207820923013416e-14,6.217248937900877e-15,NaN,converged,27,27,0,0,0,0,4,1.9207820923013416e-14,1.12.6,lbt,1,1,Intel(R) Core(TM) 7 150U,NT,2abc7cc
degen-r5-m1-d1e-08-p2,100,Newton-SIN,1e-7*n,9.999999999999999e-6,5,13,0.0192716,0.0168806,87.59314224039518,0.0,6.2e-6,0.0,0.0021757,0.0,0.0,0.0002091000000000007,0.23647751676430503,1.3223875331227663e-13,-8.060527100741481e-15,5.440092820663267e-15,5.440092820663267e-15,1.7739960467165854e-14,5.440092820663267e-15,NaN,converged,38,38,2,0,0,0,5,1.9207820923013416e-14,1.12.6,lbt,1,1,Intel(R) Core(TM) 7 150U,NT,2abc7cc
degen-r5-m1-d1e-08-p2,100,AGD-SDAJ-BH,1e-7*n,1.0e-11,10,86,0.0996305,0.098599,98.9646744721747,0.0,3.89e-5,0.0,0.0,0.0,0.0,0.0009925999999999908,0.2364775167578184,8.421712983760235e-12,-9.00344054606009e-15,5.03375119365046e-13,5.03375119365046e-13,2.1638050309642644e-12,5.03375119365046e-13,NaN,diag_feasible,0,0,25,25,0,0,10,1.9207820923013416e-14,1.12.6,lbt,1,1,Intel(R) Core(TM) 7 150U,NT,2abc7cc
degen-r5-m1-d1e-08-p2,100,AGD-SDAJ,1e-7*n,1.0e-11,11,92,0.1069249,0.1058613,99.00528314733052,0.0,4.08e-5,0.0,0.0,0.0,0.0,0.001022799999999998,0.23647751674314366,2.6024598910598678e-11,-8.605538019340657e-15,1.3999912340523224e-12,1.3999912340523224e-12,6.3458301153696575e-12,1.3999912340523224e-12,NaN,diag_feasible,0,0,27,25,2,0,11,1.9207820923013416e-14,1.12.6,lbt,1,1,Intel(R) Core(TM) 7 150U,NT,2abc7cc
degen-r5-m1-d1e-08-p2,100,Dykstra-APM,1e-7*n,9.999999999999999e-6,412,412,0.5629668,0.4754259,84.45007769552308,0.0,0.0,0.0,0.0,0.0680517,0.0,0.01948919999999997,0.2364775167257029,4.3964524886067823e-11,-9.973543767423497e-15,1.432409746371377e-12,1.432409746371377e-12,9.792677799194217e-12,1.432409746371377e-12,NaN,diag_feasible,0,0,0,0,0,0,412,1.9207820923013416e-14,1.12.6,lbt,1,1,Intel(R) Core(TM) 7 150U,NT,2abc7cc
degen-r5-m1-d1e-08-p2,100,Anderson-APM,1e-7*n,9.999999999999999e-6,76,76,0.0906943,0.0762785,84.1050650371633,0.0,0.0,0.0,0.0,0.0,0.0127131,0.0017027000000000066,0.23647751677814316,2.9560407624495825e-11,-9.438162505011171e-15,4.903411010559466e-12,4.903411010559466e-12,8.74200202257455e-12,4.903411010559466e-12,NaN,diag_feasible,0,0,0,0,0,0,76,1.9207820923013416e-14,1.12.6,lbt,1,1,Intel(R) Core(TM) 7 150U,NT,2abc7cc
degen-r5-m1-d1e-08-p3,100,SBB-Dual,1e-7*n,1.0e-11,205,206,0.2195476,0.2169567,98.81989144950798,0.0001645,9.12e-5,3.51e-5,0.0,0.0,0.0,0.0023001000000000067,0.2363383973316167,1.142763980558247e-11,-7.46556147897312e-15,1.52478030202019e-12,0.0,9.805517320469348e-12,1.52478030202019e-12,100.0,diag_feasible,0,0,0,0,0,0,205,2.7745803932893256e-14,1.12.6,lbt,1,1,Intel(R) Core(TM) 7 150U,NT,2abc7cc
degen-r5-m1-d1e-08-p3,100,Newton-SIN-BH,1e-7*n,9.999999999999999e-6,4,5,0.0068586,0.0051081,74.47729857405301,0.0,3.8e-6,0.0,0.0015641,0.0,0.0,0.00018260000000000043,0.23633839733154474,0.0,-1.0904157118026755e-14,6.439293542825908e-15,6.439293542825908e-15,2.7745803932893256e-14,6.439293542825908e-15,NaN,converged,30,30,0,0,0,0,4,2.7745803932893256e-14,1.12.6,lbt,1,1,Intel(R) Core(TM) 7 150U,NT,2abc7cc
degen-r5-m1-d1e-08-p3,100,Newton-SIN,1e-7*n,9.999999999999999e-6,6,20,0.0321128,0.0280265,87.2751675344411,0.0,1.14e-5,0.0,0.0037433,0.0,0.0,0.00033159999999999744,0.23633839733160747,1.4563762737843392e-13,-1.0526058533833989e-14,2.886579864025407e-15,2.886579864025407e-15,8.300727057938825e-15,2.886579864025407e-15,NaN,converged,54,54,7,0,0,0,6,2.7745803932893256e-14,1.12.6,lbt,1,1,Intel(R) Core(TM) 7 150U,NT,2abc7cc
degen-r5-m1-d1e-08-p3,100,AGD-SDAJ-BH,1e-7*n,1.0e-11,10,86,0.0985344,0.0975063,98.95660804754483,0.0,3.78e-5,0.0,0.0,0.0,0.0,0.0009902999999999902,0.23633839731777345,1.9180970119968346e-11,-8.944474291295562e-15,3.8187231155006884e-12,3.8187231155006884e-12,5.283746775895699e-12,3.8187231155006884e-12,NaN,diag_feasible,0,0,27,27,0,0,10,2.7745803932893256e-14,1.12.6,lbt,1,1,Intel(R) Core(TM) 7 150U,NT,2abc7cc
degen-r5-m1-d1e-08-p3,100,AGD-SDAJ,1e-7*n,1.0e-11,11,97,0.1121214,0.1109743,98.9769125251736,0.0,4.26e-5,0.0,0.0,0.0,0.0,0.001104499999999998,0.2363383973200893,1.4494274675407026e-11,-1.3270653752154427e-14,1.6076029396572267e-12,1.6076029396572267e-12,3.5600651652360726e-12,1.6076029396572267e-12,NaN,diag_feasible,0,0,30,28,2,0,11,2.7745803932893256e-14,1.12.6,lbt,1,1,Intel(R) Core(TM) 7 150U,NT,2abc7cc
degen-r5-m1-d1e-08-p3,100,Dykstra-APM,1e-7*n,9.999999999999999e-6,419,419,0.5962095,0.5284939,88.64231448844744,0.0,0.0,0.0,0.0,0.0510328,0.0,0.016682799999999984,0.23633839729283412,4.493162216954765e-11,-8.722489726592912e-15,1.5414336473895673e-12,1.5414336473895673e-12,9.94084660674211e-12,1.5414336473895673e-12,NaN,diag_feasible,0,0,0,0,0,0,419,2.7745803932893256e-14,1.12.6,lbt,1,1,Intel(R) Core(TM) 7 150U,NT,2abc7cc
degen-r5-m1-d1e-08-p3,100,Anderson-APM,1e-7*n,9.999999999999999e-6,147,147,0.2451369,0.2029567,82.79320657151166,0.0,0.0,0.0,0.0,0.0,0.0379997,0.004180500000000004,0.23633839735390363,3.167090217444159e-11,-1.242963787432761e-14,2.1574964037540667e-12,2.1574964037540667e-12,8.215312500655027e-12,2.1574964037540667e-12,NaN,diag_feasible,0,0,0,0,0,0,147,2.7745803932893256e-14,1.12.6,lbt,1,1,Intel(R) Core(TM) 7 150U,NT,2abc7cc
degen-r5-m1-d1e-08-p4,100,SBB-Dual,1e-7*n,1.0e-11,205,206,0.2194697,0.2166978,98.73700105299274,0.0001639,9.09e-5,3.97e-5,0.0,0.0,0.0,0.0024773999999999938,0.23581792615541128,7.1572776584081324e-12,-1.2587393354496208e-14,1.248556813493451e-12,0.0,9.460516064695071e-12,1.248556813493451e-12,100.0,diag_feasible,0,0,0,0,0,0,205,1.9422240450457113e-14,1.12.6,lbt,1,1,Intel(R) Core(TM) 7 150U,NT,2abc7cc
degen-r5-m1-d1e-08-p4,100,Newton-SIN-BH,1e-7*n,9.999999999999999e-6,4,5,0.0112979,0.0086497,76.56024570937963,0.0,7.2e-6,0.0,0.0023203,0.0,0.0,0.0003206999999999997,0.2358179261554577,0.0,-7.811271803969917e-15,4.884981308350689e-15,4.884981308350689e-15,1.9422240450457113e-14,4.884981308350689e-15,NaN,converged,27,27,0,0,0,0,4,1.9422240450457113e-14,1.12.6,lbt,1,1,Intel(R) Core(TM) 7 150U,NT,2abc7cc
degen-r5-m1-d1e-08-p4,100,Newton-SIN,1e-7*n,9.999999999999999e-6,4,9,0.017611,0.0152007,86.3136675941173,0.0,6.4e-6,0.0,0.0021853,0.0,0.0,0.00021860000000000239,0.2358179261554577,0.0,-7.811271803969917e-15,4.884981308350689e-15,4.884981308350689e-15,1.9422240450457113e-14,4.884981308350689e-15,NaN,converged,27,27,0,0,0,0,4,1.9422240450457113e-14,1.12.6,lbt,1,1,Intel(R) Core(TM) 7 150U,NT,2abc7cc
degen-r5-m1-d1e-08-p4,100,AGD-SDAJ-BH,1e-7*n,1.0e-11,11,85,0.0944819,0.09343420000000001,98.89111036082043,0.0,3.46e-5,0.0,0.0,0.0,0.0,0.0010130999999999847,0.2358179261334503,2.7902340906718e-11,-9.583894634036647e-15,2.2760682227840334e-12,2.2760682227840334e-12,7.001536443224047e-12,2.2760682227840334e-12,NaN,diag_feasible_at_xpre,0,0,22,22,0,0,11,1.9422240450457113e-14,1.12.6,lbt,1,1,Intel(R) Core(TM) 7 150U,NT,2abc7cc
degen-r5-m1-d1e-08-p4,100,AGD-SDAJ,1e-7*n,1.0e-11,11,102,0.1347516,0.1315442,97.61976852222905,0.0,5.09e-5,0.0,0.0,0.0,0.0,0.003156499999999999,0.23581792614049463,2.0892235751103276e-11,-1.0627370156043443e-14,2.4014124022642136e-12,2.4014124022642136e-12,5.5106364708738636e-12,2.4014124022642136e-12,NaN,diag_feasible,0,0,35,29,6,0,11,1.9422240450457113e-14,1.12.6,lbt,1,1,Intel(R) Core(TM) 7 150U,NT,2abc7cc
degen-r5-m1-d1e-08-p4,100,Dykstra-APM,1e-7*n,9.999999999999999e-6,419,419,0.5739445,0.5103095,88.91269103545726,0.0,0.0,0.0,0.0,0.0479188,0.0,0.0157162,0.23581792611742805,4.3237235278120744e-11,-8.904681675460856e-15,1.2660983372825285e-12,1.2660983372825285e-12,9.603490824468085e-12,1.2660983372825285e-12,NaN,diag_feasible,0,0,0,0,0,0,419,1.9422240450457113e-14,1.12.6,lbt,1,1,Intel(R) Core(TM) 7 150U,NT,2abc7cc
degen-r5-m1-d1e-08-p4,100,Anderson-APM,1e-7*n,9.999999999999999e-6,53,53,0.0888395,0.0749643,84.38172209433867,0.0,0.0,0.0,0.0,0.0,0.0121421,0.0017331000000000048,0.2358179261817349,3.266492328527007e-11,-7.72108335685518e-15,2.1673773886732306e-12,2.1673773886732306e-12,7.738257725494895e-12,2.1673773886732306e-12,NaN,diag_feasible,0,0,0,0,0,0,53,1.9422240450457113e-14,1.12.6,lbt,1,1,Intel(R) Core(TM) 7 150U,NT,2abc7cc
degen-r5-m1-d1e-10-p0,100,SBB-Dual,1e-7*n,1.0e-11,212,213,0.2645871,0.2614403,98.81067519920661,0.0002058,0.0001163,3.5e-5,0.0,0.0,0.0,0.002789700000000005,0.23069066591944312,8.638733838204806e-12,-1.062339375223701e-14,1.3382628338831637e-12,0.0,9.336516949267326e-12,1.3382628338831637e-12,100.0,diag_feasible,0,0,0,0,0,0,212,2.3017255561117053e-14,1.12.6,lbt,1,1,Intel(R) Core(TM) 7 150U,NT,2abc7cc
degen-r5-m1-d1e-10-p0,100,Newton-SIN-BH,1e-7*n,9.999999999999999e-6,5,6,0.0190902,0.0151361,79.28727828938408,0.0,9.0e-6,0.0,0.0035911,0.0,0.0,0.0003540000000000019,0.23069066591943396,6.962227197698016e-13,-1.0172503536868235e-14,2.9976021664879227e-14,2.9976021664879227e-14,1.131428932597352e-13,2.9976021664879227e-14,NaN,converged,37,37,0,0,0,0,5,2.3017255561117053e-14,1.12.6,lbt,1,1,Intel(R) Core(TM) 7 150U,NT,2abc7cc
degen-r5-m1-d1e-10-p0,100,Newton-SIN,1e-7*n,9.999999999999999e-6,10,62,0.0948984,0.08840049999999999,93.15278234406482,0.0,3.35e-5,0.0,0.0055923,0.0,0.0,0.0008721000000000015,0.23069066591944914,1.8328480845912926e-13,-9.891498363697616e-15,4.218847493575595e-15,4.218847493575595e-15,1.068470702113321e-14,4.218847493575595e-15,NaN,converged,102,102,41,0,0,0,10,2.3017255561117053e-14,1.12.6,lbt,1,1,Intel(R) Core(TM) 7 150U,NT,2abc7cc
degen-r5-m1-d1e-10-p0,100,AGD-SDAJ-BH,1e-7*n,1.0e-11,15,121,0.1756884,0.1738457,98.95115443022989,0.0,7.3e-5,0.0,0.0,0.0,0.0,0.0017697000000000027,0.2306906658987079,3.144864300148921e-11,-1.0942966033907827e-14,3.273714632712199e-12,3.273714632712199e-12,8.85421904660082e-12,3.273714632712199e-12,NaN,diag_feasible_at_xpre,0,0,34,34,0,0,15,2.3017255561117053e-14,1.12.6,lbt,1,1,Intel(R) Core(TM) 7 150U,NT,2abc7cc
degen-r5-m1-d1e-10-p0,100,AGD-SDAJ,1e-7*n,1.0e-11,14,132,0.1744777,0.1725814,98.9131562371581,0.0,7.84e-5,0.0,0.0,0.0,0.0,0.0018179000000000175,0.23069066589761683,2.6693811882620374e-11,-9.11672567591631e-15,1.5800694086465228e-12,1.5800694086465228e-12,6.474075112028177e-12,1.5800694086465228e-12,NaN,diag_feasible,0,0,47,40,7,0,14,2.3017255561117053e-14,1.12.6,lbt,1,1,Intel(R) Core(TM) 7 150U,NT,2abc7cc
degen-r5-m1-d1e-10-p0,100,Dykstra-APM,1e-7*n,9.999999999999999e-6,432,432,0.7136232,0.6245867,87.52331762756593,0.0,0.0,0.0,0.0,0.06573,0.0,0.023306499999999966,0.23069066587952294,4.484428171020129e-11,-1.055335965898262e-14,1.425526363618701e-12,1.425526363618701e-12,9.939419116937429e-12,1.425526363618701e-12,NaN,diag_feasible,0,0,0,0,0,0,432,2.3017255561117053e-14,1.12.6,lbt,1,1,Intel(R) Core(TM) 7 150U,NT,2abc7cc
degen-r5-m1-d1e-10-p0,100,Anderson-APM,1e-7*n,9.999999999999999e-6,69,69,0.1289423,0.1066279,82.69427488109021,0.0,0.0,0.0,0.0,0.0,0.0197349,0.0025795000000000123,0.2306906659282055,2.8566039169207984e-11,-1.1153040969642553e-14,3.460565167756613e-12,3.460565167756613e-12,8.407308134080106e-12,3.460565167756613e-12,NaN,diag_feasible,0,0,0,0,0,0,69,2.3017255561117053e-14,1.12.6,lbt,1,1,Intel(R) Core(TM) 7 150U,NT,2abc7cc
degen-r5-m1-d1e-10-p1,100,SBB-Dual,1e-7*n,1.0e-11,213,214,0.2494674,0.24638369999999998,98.7638865839785,0.0001876,0.0001074,3.59e-5,0.0,0.0,0.0,0.0027528000000000222,0.22537811990996748,8.574282546800704e-12,-9.331457225641002e-15,1.3731238368563936e-12,0.0,9.712015300234625e-12,1.3731238368563936e-12,100.0,diag_feasible,0,0,0,0,0,0,213,1.2986287783438322e-14,1.12.6,lbt,1,1,Intel(R) Core(TM) 7 150U,NT,2abc7cc
degen-r5-m1-d1e-10-p1,100,Newton-SIN-BH,1e-7*n,9.999999999999999e-6,5,6,0.0144621,0.010632599999999999,73.52044308917792,0.0,7.0e-6,0.0,0.0034909,0.0,0.0,0.00033160000000000134,0.22537811990995277,0.0,-8.926400833705306e-15,7.549516567451064e-15,7.549516567451064e-15,1.2986287783438322e-14,7.549516567451064e-15,NaN,converged,40,40,0,0,0,0,5,1.2986287783438322e-14,1.12.6,lbt,1,1,Intel(R) Core(TM) 7 150U,NT,2abc7cc
degen-r5-m1-d1e-10-p1,100,Newton-SIN,1e-7*n,9.999999999999999e-6,100,2943,4.0972006,3.9371666000000003,96.0940648109834,0.0,0.0014039,0.0,0.1106938,0.0,0.0,0.04793629999999956,0.22537812000919233,1.7086081572160124e-9,-9.40203311748761e-15,9.610738871401736e-10,9.610738871401736e-10,1.006206491392479e-9,9.610738871401736e-10,NaN,max_iter,1274,1274,2742,0,0,0,100,1.2986287783438322e-14,1.12.6,lbt,1,1,Intel(R) Core(TM) 7 150U,NT,2abc7cc
degen-r5-m1-d1e-10-p1,100,AGD-SDAJ-BH,1e-7*n,1.0e-11,7,55,0.091908,0.0908538,98.85298341820081,0.0,4.48e-5,0.0,0.0,0.0,0.0,0.0010094000000000051,0.22537811993229834,2.9438068581858204e-11,-8.14794209880136e-15,2.6083579740543428e-12,2.6083579740543428e-12,7.706668519631524e-12,2.6083579740543428e-12,NaN,diag_feasible,0,0,12,12,0,0,7,1.2986287783438322e-14,1.12.6,lbt,1,1,Intel(R) Core(TM) 7 150U,NT,2abc7cc
degen-r5-m1-d1e-10-p1,100,AGD-SDAJ,1e-7*n,1.0e-11,7,59,0.085061,0.084091,98.85964190404535,0.0,3.78e-5,0.0,0.0,0.0,0.0,0.0009321999999999987,0.22537811993236112,2.945655719659155e-11,-9.020479816112965e-15,2.5937030301292907e-12,2.5937030301292907e-12,7.701692284372932e-12,2.5937030301292907e-12,NaN,diag_feasible,0,0,16,12,4,0,7,1.2986287783438322e-14,1.12.6,lbt,1,1,Intel(R) Core(TM) 7 150U,NT,2abc7cc
degen-r5-m1-d1e-10-p1,100,Dykstra-APM,1e-7*n,9.999999999999999e-6,435,435,0.6860803,0.5891334,85.86945289057273,0.0,0.0,0.0,0.0,0.0755562,0.0,0.021390699999999943,0.2253781198693997,4.4117185499558285e-11,-8.47790097835552e-15,1.3875567361765206e-12,1.3875567361765206e-12,9.804020526217853e-12,1.3875567361765206e-12,NaN,diag_feasible,0,0,0,0,0,0,435,1.2986287783438322e-14,1.12.6,lbt,1,1,Intel(R) Core(TM) 7 150U,NT,2abc7cc
degen-r5-m1-d1e-10-p1,100,Anderson-APM,1e-7*n,9.999999999999999e-6,66,66,0.0839455,0.0711594,84.76857008416174,0.0,0.0,0.0,0.0,0.0,0.0111772,0.0016089000000000086,0.22537811993362897,3.196307759082335e-11,-1.0805995982948025e-14,2.5975888107154788e-12,2.5975888107154788e-12,7.654980787513858e-12,2.5975888107154788e-12,NaN,diag_feasible,0,0,0,0,0,0,66,1.2986287783438322e-14,1.12.6,lbt,1,1,Intel(R) Core(TM) 7 150U,NT,2abc7cc
degen-r5-m1-d1e-10-p2,100,SBB-Dual,1e-7*n,1.0e-11,198,199,0.2797204,0.27643270000000003,98.82464775540149,0.000212,0.0001216,4.84e-5,0.0,0.0,0.0,0.002905699999999949,0.2364775205086743,7.61651506063527e-12,-9.161671830727017e-15,1.334043986389588e-12,0.0,9.021496587135819e-12,1.334043986389588e-12,100.0,diag_feasible,0,0,0,0,0,0,198,1.5157695690493977e-14,1.12.6,lbt,1,1,Intel(R) Core(TM) 7 150U,NT,2abc7cc
degen-r5-m1-d1e-10-p2,100,Newton-SIN-BH,1e-7*n,9.999999999999999e-6,4,5,0.0116798,0.008580599999999999,73.46529906334011,0.0,6.6e-6,0.0,0.0027749,0.0,0.0,0.0003177000000000019,0.23647752050866844,0.0,-1.1244076479996831e-14,4.440892098500626e-15,4.440892098500626e-15,1.5157695690493977e-14,4.440892098500626e-15,NaN,converged,29,29,0,0,0,0,4,1.5157695690493977e-14,1.12.6,lbt,1,1,Intel(R) Core(TM) 7 150U,NT,2abc7cc
degen-r5-m1-d1e-10-p2,100,Newton-SIN,1e-7*n,9.999999999999999e-6,6,21,0.0375137,0.0319696,85.22113254624313,0.0,1.15e-5,0.0,0.0051836,0.0,0.0,0.000348999999999996,0.23647752050868714,1.0809682789929065e-13,-8.27861146405336e-15,4.6629367034256575e-15,4.6629367034256575e-15,1.8190725599517086e-14,4.6629367034256575e-15,NaN,converged,53,53,8,0,0,0,6,1.5157695690493977e-14,1.12.6,lbt,1,1,Intel(R) Core(TM) 7 150U,NT,2abc7cc
degen-r5-m1-d1e-10-p2,100,AGD-SDAJ-BH,1e-7*n,1.0e-11,11,97,0.1308206,0.1294594,98.95949108932385,0.0,5.01e-5,0.0,0.0,0.0,0.0,0.0013111000000000069,0.23647752048508575,2.931129788725551e-11,-8.31275869901992e-15,1.893818435405592e-12,1.893818435405592e-12,7.105452389616667e-12,1.893818435405592e-12,NaN,diag_feasible,0,0,30,30,0,0,11,1.5157695690493977e-14,1.12.6,lbt,1,1,Intel(R) Core(TM) 7 150U,NT,2abc7cc
degen-r5-m1-d1e-10-p2,100,AGD-SDAJ,1e-7*n,1.0e-11,12,102,0.1374774,0.1361089,99.00456365919054,0.0,5.04e-5,0.0,0.0,0.0,0.0,0.0013180999999999948,0.23647752049833323,1.4490675058195588e-11,-9.120154284253942e-15,2.3714363805993344e-12,2.3714363805993344e-12,3.7698066021283835e-12,2.3714363805993344e-12,NaN,diag_feasible_at_xpre,0,0,33,25,8,0,12,1.5157695690493977e-14,1.12.6,lbt,1,1,Intel(R) Core(TM) 7 150U,NT,2abc7cc
degen-r5-m1-d1e-10-p2,100,Dykstra-APM,1e-7*n,9.999999999999999e-6,404,404,0.5682409,0.5096187,89.68356554412046,0.0,0.0,0.0,0.0,0.0440066,0.0,0.014615600000000069,0.23647752047052975,4.3588314514768917e-11,-7.423058857037448e-15,1.4361845046551025e-12,1.4361845046551025e-12,9.69806966401372e-12,1.4361845046551025e-12,NaN,diag_feasible,0,0,0,0,0,0,404,1.5157695690493977e-14,1.12.6,lbt,1,1,Intel(R) Core(TM) 7 150U,NT,2abc7cc
degen-r5-m1-d1e-10-p2,100,Anderson-APM,1e-7*n,9.999999999999999e-6,77,77,0.1121312,0.0940898,83.91045489569362,0.0,0.0,0.0,0.0,0.0,0.0158501,0.0021913,0.23647752053771257,3.796472075197362e-11,-8.173774774927907e-15,3.204769782882977e-12,3.204769782882977e-12,9.500892275308635e-12,3.204769782882977e-12,NaN,diag_feasible,0,0,0,0,0,0,77,1.5157695690493977e-14,1.12.6,lbt,1,1,Intel(R) Core(TM) 7 150U,NT,2abc7cc
degen-r5-m1-d1e-10-p3,100,SBB-Dual,1e-7*n,1.0e-11,201,202,0.2700045,0.2668114,98.8173900805357,0.000202,0.0001206,4.33e-5,0.0,0.0,0.0,0.002827200000000004,0.23633840104879192,1.1458850073546879e-11,-1.3967720209790584e-14,1.5714096690544466e-12,0.0,9.976776469094008e-12,1.5714096690544466e-12,100.0,diag_feasible,0,0,0,0,0,0,201,2.0691888659779323e-14,1.12.6,lbt,1,1,Intel(R) Core(TM) 7 150U,NT,2abc7cc
degen-r5-m1-d1e-10-p3,100,Newton-SIN-BH,1e-7*n,9.999999999999999e-6,4,5,0.0068965,0.0049851999999999995,72.28594214456608,0.0,3.7e-6,0.0,0.0017309,0.0,0.0,0.00017670000000000034,0.23633840104875223,0.0,-1.2117171089065445e-14,5.995204332975845e-15,5.995204332975845e-15,2.0691888659779323e-14,5.995204332975845e-15,NaN,converged,32,32,0,0,0,0,4,2.0691888659779323e-14,1.12.6,lbt,1,1,Intel(R) Core(TM) 7 150U,NT,2abc7cc
degen-r5-m1-d1e-10-p3,100,Newton-SIN,1e-7*n,9.999999999999999e-6,100,2557,3.4646625,3.3057489999999996,95.41330504774994,0.0,0.0011728,0.0,0.1231699,0.0,0.0,0.034570800000000595,0.23633840103194428,5.7380930345715556e-11,-9.96218986143985e-15,1.3320455849452628e-11,1.3320455849452628e-11,1.591163425142315e-11,1.3320455849452628e-11,NaN,max_iter,1376,1376,2356,0,0,0,100,2.0691888659779323e-14,1.12.6,lbt,1,1,Intel(R) Core(TM) 7 150U,NT,2abc7cc
degen-r5-m1-d1e-10-p3,100,AGD-SDAJ-BH,1e-7*n,1.0e-11,12,111,0.1707962,0.1669196,97.73027737151061,0.0,6.53e-5,0.0,0.0,0.0,0.0,0.003811300000000008,0.236338401042687,2.221904195875145e-11,-9.81881672608157e-15,3.710587392902198e-12,3.710587392902198e-12,6.532777489413432e-12,3.710587392902198e-12,NaN,diag_feasible,0,0,40,40,0,0,12,2.0691888659779323e-14,1.12.6,lbt,1,1,Intel(R) Core(TM) 7 150U,NT,2abc7cc
degen-r5-m1-d1e-10-p3,100,AGD-SDAJ,1e-7*n,1.0e-11,127,4026,5.2434857,4.9991138,95.33951432345853,0.0,0.0018766,0.0,0.0,0.0,0.0,0.24249529999999997,0.23633839699147305,6.517658773238e-9,-1.2802843669061772e-14,6.629874427233062e-10,6.629874427233062e-10,1.7521418478559459e-9,6.629874427233062e-10,NaN,evd_budget,0,0,3383,152,3231,0,127,2.0691888659779323e-14,1.12.6,lbt,1,1,Intel(R) Core(TM) 7 150U,NT,2abc7cc
degen-r5-m1-d1e-10-p3,100,Dykstra-APM,1e-7*n,9.999999999999999e-6,412,412,0.5349541,0.4770622,89.17815565858828,0.0,0.0,0.0,0.0,0.0410969,0.0,0.016794999999999997,0.2363384010111296,4.352206625506009e-11,-8.004493449977315e-15,1.5205614545266144e-12,1.5205614545266144e-12,9.635481158653575e-12,1.5205614545266144e-12,NaN,diag_feasible,0,0,0,0,0,0,412,2.0691888659779323e-14,1.12.6,lbt,1,1,Intel(R) Core(TM) 7 150U,NT,2abc7cc
degen-r5-m1-d1e-10-p3,100,Anderson-APM,1e-7*n,9.999999999999999e-6,146,146,0.184681,0.1539212,83.34436135823393,0.0,0.0,0.0,0.0,0.0,0.0275689,0.0031909000000000035,0.2363384010820241,4.0374193719818814e-11,-9.277389241312441e-15,2.0224932839596477e-12,2.0224932839596477e-12,9.291072865902452e-12,2.0224932839596477e-12,NaN,diag_feasible,0,0,0,0,0,0,146,2.0691888659779323e-14,1.12.6,lbt,1,1,Intel(R) Core(TM) 7 150U,NT,2abc7cc
degen-r5-m1-d1e-10-p4,100,SBB-Dual,1e-7*n,1.0e-11,202,203,0.2409378,0.23775739999999998,98.67999126745575,0.0002061,0.000126,3.78e-5,0.0,0.0,0.0,0.002810500000000028,0.23581792978181118,7.135165957325119e-12,-9.006887076416413e-15,1.2561063300609021e-12,0.0,9.334897385133099e-12,1.2561063300609021e-12,100.0,diag_feasible,0,0,0,0,0,0,202,2.0827263148536916e-14,1.12.6,lbt,1,1,Intel(R) Core(TM) 7 150U,NT,2abc7cc
degen-r5-m1-d1e-10-p4,100,Newton-SIN-BH,1e-7*n,9.999999999999999e-6,6,8,0.0170953,0.0127361,74.50059373044053,0.0,8.3e-6,0.0,0.0039794,0.0,0.0,0.0003715000000000003,0.23581792978185576,0.0,-9.232793608829322e-15,4.773959005888173e-15,4.773959005888173e-15,2.0827263148536916e-14,4.773959005888173e-15,NaN,converged,54,54,1,0,0,0,6,2.0827263148536916e-14,1.12.6,lbt,1,1,Intel(R) Core(TM) 7 150U,NT,2abc7cc
degen-r5-m1-d1e-10-p4,100,Newton-SIN,1e-7*n,9.999999999999999e-6,5,12,0.0262453,0.022960500000000002,87.4842352726012,0.0,7.8e-6,0.0,0.0029666,0.0,0.0,0.00031039999999999757,0.23581792978188365,1.6614474664414974e-13,-1.0286606414675639e-14,5.329070518200751e-15,5.329070518200751e-15,2.338093841928756e-14,5.329070518200751e-15,NaN,converged,40,40,1,0,0,0,5,2.0827263148536916e-14,1.12.6,lbt,1,1,Intel(R) Core(TM) 7 150U,NT,2abc7cc
degen-r5-m1-d1e-10-p4,100,AGD-SDAJ-BH,1e-7*n,1.0e-11,13,112,0.1400487,0.1385011,98.89495582608049,0.0,5.25e-5,0.0,0.0,0.0,0.0,0.00149510000000001,0.23581792976070423,3.0840113312299805e-11,-8.66259068483173e-15,4.785838392251662e-12,4.785838392251662e-12,8.451631134934263e-12,4.785838392251662e-12,NaN,diag_feasible_at_xpre,0,0,37,37,0,0,13,2.0827263148536916e-14,1.12.6,lbt,1,1,Intel(R) Core(TM) 7 150U,NT,2abc7cc
degen-r5-m1-d1e-10-p4,100,AGD-SDAJ,1e-7*n,1.0e-11,12,119,0.1369973,0.1355021,98.90859162917809,0.0,5.28e-5,0.0,0.0,0.0,0.0,0.001442400000000002,0.23581792975280536,3.552194249549623e-11,-9.694745212131337e-15,2.9387603461827894e-12,2.9387603461827894e-12,8.611503952621543e-12,2.9387603461827894e-12,NaN,diag_feasible,0,0,46,41,5,0,12,2.0827263148536916e-14,1.12.6,lbt,1,1,Intel(R) Core(TM) 7 150U,NT,2abc7cc
degen-r5-m1-d1e-10-p4,100,Dykstra-APM,1e-7*n,9.999999999999999e-6,412,412,0.6306021,0.5460673,86.59458952007931,0.0,0.0,0.0,0.0,0.0641431,0.0,0.020391700000000026,0.2358179297423301,4.497520732490007e-11,-7.978007143655351e-15,1.3482548411047901e-12,1.3482548411047901e-12,9.99367574998889e-12,1.3482548411047901e-12,NaN,diag_feasible,0,0,0,0,0,0,412,2.0827263148536916e-14,1.12.6,lbt,1,1,Intel(R) Core(TM) 7 150U,NT,2abc7cc
degen-r5-m1-d1e-10-p4,100,Anderson-APM,1e-7*n,9.999999999999999e-6,48,48,0.0703729,0.0595368,84.60188510065665,0.0,0.0,0.0,0.0,0.0,0.0093324,0.001503700000000002,0.2358179297567959,3.630441909555585e-11,-9.986188926050396e-15,4.332312286692286e-12,4.332312286692286e-12,9.54546758422127e-12,4.332312286692286e-12,NaN,diag_feasible,0,0,0,0,0,0,48,2.0827263148536916e-14,1.12.6,lbt,1,1,Intel(R) Core(TM) 7 150U,NT,2abc7cc
degen-r5-m1-d0-p0,100,SBB-Dual,1e-7*n,1.0e-11,211,212,0.2495955,0.24656289999999997,98.78499412048694,0.0001884,0.0001026,3.88e-5,0.0,0.0,0.0,0.0027028000000000243,0.23069066594653656,1.0610431000846703e-11,-9.681421173229545e-15,1.4452883334570288e-12,0.0,9.879122737509752e-12,1.4452883334570288e-12,100.0,diag_feasible,0,0,0,0,0,0,211,2.4767430942082896e-14,1.12.6,lbt,1,1,Intel(R) Core(TM) 7 150U,NT,2abc7cc
degen-r5-m1-d0-p0,100,Newton-SIN-BH,1e-7*n,9.999999999999999e-6,4,5,0.0111001,0.0085883,77.37137503265737,0.0,5.9e-6,0.0,0.0022037,0.0,0.0,0.00030219999999999986,0.23069066594652157,0.0,-8.426877874406675e-15,6.439293542825908e-15,6.439293542825908e-15,2.4767430942082896e-14,6.439293542825908e-15,NaN,converged,24,24,0,0,0,0,4,2.4767430942082896e-14,1.12.6,lbt,1,1,Intel(R) Core(TM) 7 150U,NT,2abc7cc
degen-r5-m1-d0-p0,100,Newton-SIN,1e-7*n,9.999999999999999e-6,6,16,0.0191915,0.0165992,86.49245759841597,0.0,5.6e-6,0.0,0.0023843,0.0,0.0,0.00020239999999999885,0.23069066594656637,3.330729003982691e-13,-8.519061202553065e-15,6.772360450213455e-15,6.772360450213455e-15,2.3721130211349942e-14,6.772360450213455e-15,NaN,converged,46,46,3,0,0,0,6,2.4767430942082896e-14,1.12.6,lbt,1,1,Intel(R) Core(TM) 7 150U,NT,2abc7cc
degen-r5-m1-d0-p0,100,AGD-SDAJ-BH,1e-7*n,1.0e-11,13,111,0.1442404,0.1426014,98.86370254103566,0.0,5.64e-5,0.0,0.0,0.0,0.0,0.0015826000000000015,0.23069066593066073,2.7959747137589923e-11,-1.0370413293102438e-14,3.4195979381479447e-12,3.4195979381479447e-12,8.01218581650592e-12,3.4195979381479447e-12,NaN,diag_feasible,0,0,32,32,0,0,13,2.4767430942082896e-14,1.12.6,lbt,1,1,Intel(R) Core(TM) 7 150U,NT,2abc7cc
degen-r5-m1-d0-p0,100,AGD-SDAJ,1e-7*n,1.0e-11,13,120,0.1344471,0.1329479,98.88491458722426,0.0,5.07e-5,0.0,0.0,0.0,0.0,0.001448500000000006,0.23069066592284135,3.168652093179885e-11,-8.754420663211247e-15,3.994582442601313e-12,3.994582442601313e-12,8.356905704945784e-12,3.994582442601313e-12,NaN,diag_feasible,0,0,43,33,10,0,13,2.4767430942082896e-14,1.12.6,lbt,1,1,Intel(R) Core(TM) 7 150U,NT,2abc7cc
degen-r5-m1-d0-p0,100,Dykstra-APM,1e-7*n,9.999999999999999e-6,431,431,0.6086865,0.5414302,88.95058457843241,0.0,0.0,0.0,0.0,0.0473599,0.0,0.019896400000000043,0.23069066590660114,4.451520774191431e-11,-8.225368124387806e-15,1.4623857680362562e-12,1.4623857680362562e-12,9.991601160406502e-12,1.4623857680362562e-12,NaN,diag_feasible,0,0,0,0,0,0,431,2.4767430942082896e-14,1.12.6,lbt,1,1,Intel(R) Core(TM) 7 150U,NT,2abc7cc
degen-r5-m1-d0-p0,100,Anderson-APM,1e-7*n,9.999999999999999e-6,75,75,0.1050444,0.0880649,83.83588273149259,0.0,0.0,0.0,0.0,0.0,0.0148935,0.002085999999999994,0.2306906659376701,1.1762034397976223e-11,-8.183771750391911e-15,8.999467837611519e-13,8.999467837611519e-13,3.3316155451535445e-12,8.999467837611519e-13,NaN,diag_feasible,0,0,0,0,0,0,75,2.4767430942082896e-14,1.12.6,lbt,1,1,Intel(R) Core(TM) 7 150U,NT,2abc7cc
degen-r5-m1-d0-p1,100,SBB-Dual,1e-7*n,1.0e-11,213,214,0.2610578,0.2576097,98.67918139201358,0.0002244,0.0001179,4.19e-5,0.0,0.0,0.0,0.003063900000000009,0.22537811992693513,9.259882969133409e-12,-8.580492620620831e-15,1.3558043576722412e-12,0.0,9.43307263622586e-12,1.3558043576722412e-12,100.0,diag_feasible,0,0,0,0,0,0,213,1.0434915276310958e-14,1.12.6,lbt,1,1,Intel(R) Core(TM) 7 150U,NT,2abc7cc
degen-r5-m1-d0-p1,100,Newton-SIN-BH,1e-7*n,9.999999999999999e-6,4,5,0.0117501,0.0090285,76.83764393494525,0.0,6.7e-6,0.0,0.0023927,0.0,0.0,0.00032219999999999905,0.22537811992693751,0.0,-9.609750687967527e-15,3.774758283725532e-15,3.774758283725532e-15,1.0434915276310958e-14,3.774758283725532e-15,NaN,converged,27,27,0,0,0,0,4,1.0434915276310958e-14,1.12.6,lbt,1,1,Intel(R) Core(TM) 7 150U,NT,2abc7cc
degen-r5-m1-d0-p1,100,Newton-SIN,1e-7*n,9.999999999999999e-6,4,9,0.0175931,0.0153064,87.00229067077433,0.0,6.1e-6,0.0,0.0020708,0.0,0.0,0.00020980000000000087,0.22537811992693751,0.0,-9.609750687967527e-15,3.774758283725532e-15,3.774758283725532e-15,1.0434915276310958e-14,3.774758283725532e-15,NaN,converged,27,27,0,0,0,0,4,1.0434915276310958e-14,1.12.6,lbt,1,1,Intel(R) Core(TM) 7 150U,NT,2abc7cc
degen-r5-m1-d0-p1,100,AGD-SDAJ-BH,1e-7*n,1.0e-11,9,75,0.1053251,0.10407960000000001,98.81747085927286,0.0,4.77e-5,0.0,0.0,0.0,0.0,0.0011977999999999967,0.2253781199386251,1.4162559831811094e-11,-1.1421444127660365e-14,1.5665246877460959e-12,1.5665246877460959e-12,3.554669298015742e-12,1.5665246877460959e-12,NaN,diag_feasible,0,0,20,20,0,0,9,1.0434915276310958e-14,1.12.6,lbt,1,1,Intel(R) Core(TM) 7 150U,NT,2abc7cc
degen-r5-m1-d0-p1,100,AGD-SDAJ,1e-7*n,1.0e-11,15,265,0.38752,0.3784264,97.65338563170934,0.0,0.0001426,0.0,0.0,0.0,0.0,0.00895099999999998,0.2253781199590328,3.6441353430548896e-11,-1.0914362311278912e-14,3.8185010708957634e-12,3.8185010708957634e-12,8.612597404228757e-12,3.8185010708957634e-12,NaN,diag_feasible,0,0,182,31,151,0,15,1.0434915276310958e-14,1.12.6,lbt,1,1,Intel(R) Core(TM) 7 150U,NT,2abc7cc
degen-r5-m1-d0-p1,100,Dykstra-APM,1e-7*n,9.999999999999999e-6,435,435,0.5682781,0.502298,88.38946987399304,0.0,0.0,0.0,0.0,0.0521138,0.0,0.013866299999999984,0.22537811988746706,4.260611780033391e-11,-8.905562174852948e-15,1.3702372569923682e-12,1.3702372569923682e-12,9.534475963781505e-12,1.3702372569923682e-12,NaN,diag_feasible,0,0,0,0,0,0,435,1.0434915276310958e-14,1.12.6,lbt,1,1,Intel(R) Core(TM) 7 150U,NT,2abc7cc
degen-r5-m1-d0-p1,100,Anderson-APM,1e-7*n,9.999999999999999e-6,71,71,0.12083,0.1007872,83.41239758338159,0.0,0.0,0.0,0.0,0.0,0.0177223,0.0023205000000000135,0.22537811996001444,3.944566925990433e-11,-1.0183192138109804e-14,3.029354544992202e-12,3.029354544992202e-12,9.297188494317155e-12,3.029354544992202e-12,NaN,diag_feasible,0,0,0,0,0,0,71,1.0434915276310958e-14,1.12.6,lbt,1,1,Intel(R) Core(TM) 7 150U,NT,2abc7cc
degen-r5-m1-d0-p2,100,SBB-Dual,1e-7*n,1.0e-11,196,197,0.2308001,0.22804850000000002,98.80779947669001,0.0001768,9.25e-5,5.31e-5,0.0,0.0,0.0,0.002429199999999993,0.23647752054649757,1.338342218287698e-11,-1.117610654968885e-14,1.45461420686388e-12,0.0,9.485149951690921e-12,1.45461420686388e-12,100.0,diag_feasible,0,0,0,0,0,0,196,1.466377258521647e-14,1.12.6,lbt,1,1,Intel(R) Core(TM) 7 150U,NT,2abc7cc
degen-r5-m1-d0-p2,100,Newton-SIN-BH,1e-7*n,9.999999999999999e-6,4,5,0.0139474,0.0092589,66.38441573339834,0.0,7.0e-6,0.0,0.0043708,0.0,0.0,0.0003106999999999997,0.23647752054647522,0.0,-8.253878391306232e-15,6.217248937900877e-15,6.217248937900877e-15,1.466377258521647e-14,6.217248937900877e-15,NaN,converged,29,29,0,0,0,0,4,1.466377258521647e-14,1.12.6,lbt,1,1,Intel(R) Core(TM) 7 150U,NT,2abc7cc
degen-r5-m1-d0-p2,100,Newton-SIN,1e-7*n,9.999999999999999e-6,5,15,0.0241805,0.021500000000000002,88.91462128574679,0.0,8.3e-6,0.0,0.002446,0.0,0.0,0.00022619999999999888,0.2364775205465083,1.1081054922983551e-13,-1.0210190331272062e-14,2.9976021664879227e-15,2.9976021664879227e-15,1.3137274257637483e-14,2.9976021664879227e-15,NaN,converged,41,41,4,0,0,0,5,1.466377258521647e-14,1.12.6,lbt,1,1,Intel(R) Core(TM) 7 150U,NT,2abc7cc
degen-r5-m1-d0-p2,100,AGD-SDAJ-BH,1e-7*n,1.0e-11,12,109,0.1522529,0.15065779999999998,98.95233522645545,0.0,7.52e-5,0.0,0.0,0.0,0.0,0.0015199000000000159,0.2364775205306052,3.06939176301799e-11,-8.464388645426001e-15,2.3565593920693573e-12,2.3565593920693573e-12,9.396482175170112e-12,2.3565593920693573e-12,NaN,diag_feasible_at_xpre,0,0,38,38,0,0,12,1.466377258521647e-14,1.12.6,lbt,1,1,Intel(R) Core(TM) 7 150U,NT,2abc7cc
degen-r5-m1-d0-p2,100,AGD-SDAJ,1e-7*n,1.0e-11,13,134,0.1607775,0.15905229999999998,98.92696428293759,0.0,6.24e-5,0.0,0.0,0.0,0.0,0.00166280000000001,0.23647752053404772,2.1371083578727436e-11,-9.345831277880159e-15,2.8791413697604185e-12,2.8791413697604185e-12,6.712491878756405e-12,2.8791413697604185e-12,NaN,diag_feasible_at_xpre,0,0,57,28,29,0,13,1.466377258521647e-14,1.12.6,lbt,1,1,Intel(R) Core(TM) 7 150U,NT,2abc7cc
degen-r5-m1-d0-p2,100,Dykstra-APM,1e-7*n,9.999999999999999e-6,401,401,0.6398886,0.5439371,85.00496805225158,0.0,0.0,0.0,0.0,0.0742675,0.0,0.021684000000000078,0.2364775205092665,4.168526583987054e-11,-1.0030613754392303e-14,1.4908074774666602e-12,1.4908074774666602e-12,9.714277776820944e-12,1.4908074774666602e-12,NaN,diag_feasible,0,0,0,0,0,0,401,1.466377258521647e-14,1.12.6,lbt,1,1,Intel(R) Core(TM) 7 150U,NT,2abc7cc
degen-r5-m1-d0-p2,100,Anderson-APM,1e-7*n,9.999999999999999e-6,76,76,0.0963084,0.0808154,83.91313737950169,0.0,0.0,0.0,0.0,0.0,0.0136798,0.0018132000000000061,0.236477520563911,2.8384077332105983e-11,-7.663537137820273e-15,3.2729374765949615e-12,3.2729374765949615e-12,7.938443404675603e-12,3.2729374765949615e-12,NaN,diag_feasible,0,0,0,0,0,0,76,1.466377258521647e-14,1.12.6,lbt,1,1,Intel(R) Core(TM) 7 150U,NT,2abc7cc
degen-r5-m1-d0-p3,100,SBB-Dual,1e-7*n,1.0e-11,200,201,0.2229401,0.220212,98.77630807557725,0.000168,9.52e-5,3.96e-5,0.0,0.0,0.0,0.002425300000000011,0.23633840108633908,1.4222177382354281e-11,-1.0574751691274795e-14,1.6493473253831326e-12,0.0,9.673790383002055e-12,1.6493473253831326e-12,100.0,diag_feasible,0,0,0,0,0,0,200,1.6628161271769187e-14,1.12.6,lbt,1,1,Intel(R) Core(TM) 7 150U,NT,2abc7cc
degen-r5-m1-d0-p3,100,Newton-SIN-BH,1e-7*n,9.999999999999999e-6,4,5,0.0113548,0.008245200000000001,72.614224821221,0.0,6.9e-6,0.0,0.0027846,0.0,0.0,0.0003180999999999991,0.23633840108630477,0.0,-9.1187311258514e-15,6.217248937900877e-15,6.217248937900877e-15,1.6628161271769187e-14,6.217248937900877e-15,NaN,converged,32,32,0,0,0,0,4,1.6628161271769187e-14,1.12.6,lbt,1,1,Intel(R) Core(TM) 7 150U,NT,2abc7cc
degen-r5-m1-d0-p3,100,Newton-SIN,1e-7*n,9.999999999999999e-6,100,2583,3.5269888,3.3300047,94.4149496590406,0.0,0.0011842,0.0,0.1502031,0.0,0.0,0.04559679999999988,0.23633840107535012,4.081111659535793e-11,-9.167895071616012e-15,1.2571721441645423e-11,1.2571721441645423e-11,1.3784193119884611e-11,1.2571721441645423e-11,NaN,max_iter,1472,1472,2382,0,0,0,100,1.6628161271769187e-14,1.12.6,lbt,1,1,Intel(R) Core(TM) 7 150U,NT,2abc7cc
degen-r5-m1-d0-p3,100,AGD-SDAJ-BH,1e-7*n,1.0e-11,11,99,0.1261049,0.1247737,98.94437091659405,0.0,4.98e-5,0.0,0.0,0.0,0.0,0.0012813999999999907,0.23633840106545467,2.5596756090835264e-11,-1.114701198493622e-14,5.154765503334602e-12,5.154765503334602e-12,7.893025970033696e-12,5.154765503334602e-12,NaN,diag_feasible_at_xpre,0,0,36,36,0,0,11,1.6628161271769187e-14,1.12.6,lbt,1,1,Intel(R) Core(TM) 7 150U,NT,2abc7cc
degen-r5-m1-d0-p3,100,AGD-SDAJ,1e-7*n,1.0e-11,13,135,0.2248567,0.22232490000000002,98.8740384431507,0.0,0.0001057,0.0,0.0,0.0,0.0,0.002426099999999973,0.2363384010660553,2.6470432025931835e-11,-9.631557101364846e-15,1.9010348850656555e-12,1.9010348850656555e-12,6.462747183918036e-12,1.9010348850656555e-12,NaN,diag_feasible_at_xpre,0,0,60,43,17,0,13,1.6628161271769187e-14,1.12.6,lbt,1,1,Intel(R) Core(TM) 7 150U,NT,2abc7cc
degen-r5-m1-d0-p3,100,Dykstra-APM,1e-7*n,9.999999999999999e-6,409,409,0.5908844,0.4953468,83.8314228637615,0.0,0.0,0.0,0.0,0.0775799,0.0,0.017957700000000007,0.2363384010489078,4.276334695239258e-11,-1.0027808565236382e-14,1.6830981053317373e-12,1.6830981053317373e-12,9.863313513596667e-12,1.6830981053317373e-12,NaN,diag_feasible,0,0,0,0,0,0,409,1.6628161271769187e-14,1.12.6,lbt,1,1,Intel(R) Core(TM) 7 150U,NT,2abc7cc
degen-r5-m1-d0-p3,100,Anderson-APM,1e-7*n,9.999999999999999e-6,147,147,0.1862674,0.1563077,83.91575766881375,0.0,0.0,0.0,0.0,0.0,0.0267643,0.0031954000000000045,0.236338401114825,3.788130344526083e-11,-1.1943079458786566e-14,2.592037695592353e-12,2.592037695592353e-12,9.437028136440111e-12,2.592037695592353e-12,NaN,diag_feasible,0,0,0,0,0,0,147,1.6628161271769187e-14,1.12.6,lbt,1,1,Intel(R) Core(TM) 7 150U,NT,2abc7cc
degen-r5-m1-d0-p4,100,SBB-Dual,1e-7*n,1.0e-11,201,202,0.2224522,0.2198388,98.82518581519984,0.000164,9.07e-5,3.65e-5,0.0,0.0,0.0,0.002322199999999988,0.23581792981844163,1.1236372842429478e-11,-8.28090828647117e-15,1.3020695632803836e-12,0.0,9.125632106522052e-12,1.3020695632803836e-12,100.0,diag_feasible,0,0,0,0,0,0,201,2.045764801053716e-14,1.12.6,lbt,1,1,Intel(R) Core(TM) 7 150U,NT,2abc7cc
degen-r5-m1-d0-p4,100,Newton-SIN-BH,1e-7*n,9.999999999999999e-6,4,5,0.0109646,0.0084853,77.3881400142276,0.0,6.1e-6,0.0,0.0022152,0.0,0.0,0.000258,0.23581792981842323,0.0,-7.518416632688104e-15,4.884981308350689e-15,4.884981308350689e-15,2.045764801053716e-14,4.884981308350689e-15,NaN,converged,28,28,0,0,0,0,4,2.045764801053716e-14,1.12.6,lbt,1,1,Intel(R) Core(TM) 7 150U,NT,2abc7cc
degen-r5-m1-d0-p4,100,Newton-SIN,1e-7*n,9.999999999999999e-6,5,12,0.0221646,0.019034099999999998,85.87612679678405,0.0,7.7e-6,0.0,0.0028938,0.0,0.0,0.00022900000000000134,0.23581792981847374,1.31116142334859e-13,-8.818011794791862e-15,4.440892098500626e-15,4.440892098500626e-15,1.7712842040405863e-14,4.440892098500626e-15,NaN,converged,41,41,1,0,0,0,5,2.045764801053716e-14,1.12.6,lbt,1,1,Intel(R) Core(TM) 7 150U,NT,2abc7cc
degen-r5-m1-d0-p4,100,AGD-SDAJ-BH,1e-7*n,1.0e-11,15,131,0.1649007,0.16316,98.94439502076096,0.0,7.02e-5,0.0,0.0,0.0,0.0,0.0016705000000000116,0.235817929803715,1.889284257682843e-11,-9.777299162386008e-15,1.5225598559709397e-12,1.5225598559709397e-12,4.682335159690916e-12,1.5225598559709397e-12,NaN,diag_feasible_at_xpre,0,0,44,44,0,0,15,2.045764801053716e-14,1.12.6,lbt,1,1,Intel(R) Core(TM) 7 150U,NT,2abc7cc
degen-r5-m1-d0-p4,100,AGD-SDAJ,1e-7*n,1.0e-11,13,121,0.1641232,0.1623724,98.93324039502033,0.0,6.61e-5,0.0,0.0,0.0,0.0,0.0016846999999999969,0.23581792979899485,2.485234962099655e-11,-8.657045929312447e-15,2.1472823519275153e-12,2.1472823519275153e-12,6.152549851157394e-12,2.1472823519275153e-12,NaN,diag_feasible_at_xpre,0,0,46,34,12,0,13,2.045764801053716e-14,1.12.6,lbt,1,1,Intel(R) Core(TM) 7 150U,NT,2abc7cc
degen-r5-m1-d0-p4,100,Dykstra-APM,1e-7*n,9.999999999999999e-6,410,410,0.6372828,0.5593622,87.77299497177705,0.0,0.0,0.0,0.0,0.0618595,0.0,0.01606110000000001,0.23581792978040514,4.2729808874337504e-11,-7.937407479439759e-15,1.404876215360673e-12,1.404876215360673e-12,9.843550557991543e-12,1.404876215360673e-12,NaN,diag_feasible,0,0,0,0,0,0,410,2.045764801053716e-14,1.12.6,lbt,1,1,Intel(R) Core(TM) 7 150U,NT,2abc7cc
degen-r5-m1-d0-p4,100,Anderson-APM,1e-7*n,9.999999999999999e-6,46,46,0.0668968,0.0573827,85.77794453546358,0.0,0.0,0.0,0.0,0.0,0.0083527,0.0011614000000000051,0.23581792979554106,3.007440660216395e-11,-1.0568088303877319e-14,1.7756907055854754e-12,1.7756907055854754e-12,7.537964782397865e-12,1.7756907055854754e-12,NaN,diag_feasible,0,0,0,0,0,0,46,2.045764801053716e-14,1.12.6,lbt,1,1,Intel(R) Core(TM) 7 150U,NT,2abc7cc
degen-r5-m5-d0.01-p0,100,SBB-Dual,1e-7*n,1.0e-11,212,213,0.2773007,0.273683,98.69538735387253,0.0002324,0.0001453,3.57e-5,0.0,0.0,0.0,0.0032043000000000015,0.27435319695317345,8.742504897319039e-12,-1.1309386925774991e-14,1.3309353619206377e-12,0.0,9.435141129981328e-12,1.3309353619206377e-12,100.0,diag_feasible,0,0,0,0,0,0,212,2.410258133348075e-14,1.12.6,lbt,1,1,Intel(R) Core(TM) 7 150U,NT,2abc7cc
degen-r5-m5-d0.01-p0,100,Newton-SIN-BH,1e-7*n,9.999999999999999e-6,4,5,0.0162828,0.0120601,74.06649961923011,0.0,9.1e-6,0.0,0.0037399,0.0,0.0,0.00047369999999999964,0.2743531969531454,0.0,-9.213652533533956e-15,5.440092820663267e-15,5.440092820663267e-15,2.410258133348075e-14,5.440092820663267e-15,NaN,converged,30,30,0,0,0,0,4,2.410258133348075e-14,1.12.6,lbt,1,1,Intel(R) Core(TM) 7 150U,NT,2abc7cc
degen-r5-m5-d0.01-p0,100,Newton-SIN,1e-7*n,9.999999999999999e-6,5,15,0.0304693,0.0269114,88.32300052840071,0.0,1.03e-5,0.0,0.0032289,0.0,0.0,0.0003187000000000029,0.2743531969510808,2.6325645666201773e-11,-9.732914881071905e-15,6.723288592525023e-12,6.723288592525023e-12,8.636101771096397e-12,6.723288592525023e-12,NaN,converged,44,44,4,0,0,0,5,2.410258133348075e-14,1.12.6,lbt,1,1,Intel(R) Core(TM) 7 150U,NT,2abc7cc
degen-r5-m5-d0.01-p0,100,AGD-SDAJ-BH,1e-7*n,1.0e-11,9,78,0.0890375,0.0880111,98.84722729187139,0.0,3.82e-5,0.0,0.0,0.0,0.0,0.0009882000000000107,0.27435319694573024,1.2264748656949596e-11,-7.649720838509083e-15,8.471001677889944e-13,8.471001677889944e-13,3.24619435342162e-12,8.471001677889944e-13,NaN,diag_feasible,0,0,23,23,0,0,9,2.410258133348075e-14,1.12.6,lbt,1,1,Intel(R) Core(TM) 7 150U,NT,2abc7cc
degen-r5-m5-d0.01-p0,100,AGD-SDAJ,1e-7*n,1.0e-11,10,98,0.1307918,0.12773299999999999,97.66132127549278,0.0,5.04e-5,0.0,0.0,0.0,0.0,0.0030084000000000282,0.274353196945645,1.2498749625911721e-11,-9.639669250516067e-15,8.953948693601887e-13,8.953948693601887e-13,3.325365547803674e-12,8.953948693601887e-13,NaN,diag_feasible,0,0,37,25,12,0,10,2.410258133348075e-14,1.12.6,lbt,1,1,Intel(R) Core(TM) 7 150U,NT,2abc7cc
degen-r5-m5-d0.01-p0,100,Dykstra-APM,1e-7*n,9.999999999999999e-6,433,433,0.6576936,0.5893945,89.61536192537073,0.0,0.0,0.0,0.0,0.0509932,0.0,0.017305899999999944,0.2743531969219908,4.3216933381692245e-11,-9.374892278034809e-15,1.3524736885983657e-12,1.3524736885983657e-12,9.584861388562776e-12,1.3524736885983657e-12,NaN,diag_feasible,0,0,0,0,0,0,433,2.410258133348075e-14,1.12.6,lbt,1,1,Intel(R) Core(TM) 7 150U,NT,2abc7cc
degen-r5-m5-d0.01-p0,100,Anderson-APM,1e-7*n,9.999999999999999e-6,90,90,0.1160929,0.0980602,84.46700874902773,0.0,0.0,0.0,0.0,0.0,0.0159784,0.0020542999999999985,0.2743531969290829,3.708338874822475e-11,-9.195252751122763e-15,2.4069635173873394e-12,2.4069635173873394e-12,9.044472191155053e-12,2.4069635173873394e-12,NaN,diag_feasible,0,0,0,0,0,0,90,2.410258133348075e-14,1.12.6,lbt,1,1,Intel(R) Core(TM) 7 150U,NT,2abc7cc
degen-r5-m5-d0.01-p1,100,SBB-Dual,1e-7*n,1.0e-11,211,212,0.2384406,0.2355512,98.7882097260282,0.0001761,9.95e-5,4.07e-5,0.0,0.0,0.0,0.002573100000000014,0.2703201781781981,8.085370657406016e-12,-9.787614967681462e-15,1.2798651027878805e-12,0.0,9.167512119006837e-12,1.2798651027878805e-12,100.0,diag_feasible,0,0,0,0,0,0,211,1.3321288444433422e-14,1.12.6,lbt,1,1,Intel(R) Core(TM) 7 150U,NT,2abc7cc
degen-r5-m5-d0.01-p1,100,Newton-SIN-BH,1e-7*n,9.999999999999999e-6,3,4,0.0087998,0.0071883,81.68708379735902,0.0,5.1e-6,0.0,0.0013596,0.0,0.0,0.00024679999999999993,0.2703201781756033,2.7635682291602915e-11,-8.50371358341155e-15,5.702993632894504e-12,5.702993632894504e-12,9.330251725175277e-12,5.702993632894504e-12,NaN,converged,16,16,0,0,0,0,3,1.3321288444433422e-14,1.12.6,lbt,1,1,Intel(R) Core(TM) 7 150U,NT,2abc7cc
degen-r5-m5-d0.01-p1,100,Newton-SIN,1e-7*n,9.999999999999999e-6,3,7,0.0122903,0.0108907,88.6121575551451,0.0,4.5e-6,0.0,0.0012359,0.0,0.0,0.00015920000000000083,0.2703201781756033,2.7635682291602915e-11,-8.50371358341155e-15,5.702993632894504e-12,5.702993632894504e-12,9.330251725175277e-12,5.702993632894504e-12,NaN,converged,16,16,0,0,0,0,3,1.3321288444433422e-14,1.12.6,lbt,1,1,Intel(R) Core(TM) 7 150U,NT,2abc7cc
degen-r5-m5-d0.01-p1,100,AGD-SDAJ-BH,1e-7*n,1.0e-11,10,77,0.1072025,0.1060236,98.90030549660688,0.0,4.65e-5,0.0,0.0,0.0,0.0,0.0011324000000000104,0.27032017816505116,2.055163150223831e-11,-1.1003553616422609e-14,2.3379076452556546e-12,2.3379076452556546e-12,5.3538074822558485e-12,2.3379076452556546e-12,NaN,diag_feasible_at_xpre,0,0,20,20,0,0,10,1.3321288444433422e-14,1.12.6,lbt,1,1,Intel(R) Core(TM) 7 150U,NT,2abc7cc
degen-r5-m5-d0.01-p1,100,AGD-SDAJ,1e-7*n,1.0e-11,10,79,0.1174783,0.1162791,98.97921573601253,0.0,4.79e-5,0.0,0.0,0.0,0.0,0.0011512999999999975,0.27032017816501086,2.0530086405626906e-11,-6.834372755717792e-15,2.300715173930712e-12,2.300715173930712e-12,5.329342584129328e-12,2.300715173930712e-12,NaN,diag_feasible_at_xpre,0,0,22,20,2,0,10,1.3321288444433422e-14,1.12.6,lbt,1,1,Intel(R) Core(TM) 7 150U,NT,2abc7cc
degen-r5-m5-d0.01-p1,100,Dykstra-APM,1e-7*n,9.999999999999999e-6,430,430,0.5968987,0.5070783,84.95215352286745,0.0,0.0,0.0,0.0,0.0740525,0.0,0.01576790000000003,0.2703201781456455,4.4154418742224015e-11,-9.964950117452256e-15,1.3720136138317685e-12,1.3720136138317685e-12,9.816291952741606e-12,1.3720136138317685e-12,NaN,diag_feasible,0,0,0,0,0,0,430,1.3321288444433422e-14,1.12.6,lbt,1,1,Intel(R) Core(TM) 7 150U,NT,2abc7cc
degen-r5-m5-d0.01-p1,100,Anderson-APM,1e-7*n,9.999999999999999e-6,59,59,0.1003359,0.0840971,83.81556352212915,0.0,0.0,0.0,0.0,0.0,0.0143431,0.0018957000000000123,0.270320178205547,3.7751705450324364e-11,-9.03588688628946e-15,2.5366375666635577e-12,2.5366375666635577e-12,8.605662031198118e-12,2.5366375666635577e-12,NaN,diag_feasible,0,0,0,0,0,0,59,1.3321288444433422e-14,1.12.6,lbt,1,1,Intel(R) Core(TM) 7 150U,NT,2abc7cc
degen-r5-m5-d0.01-p2,100,SBB-Dual,1e-7*n,1.0e-11,210,211,0.2386682,0.2358028,98.7994211210375,0.0001841,0.0001034,3.82e-5,0.0,0.0,0.0,0.0025396999999999902,0.2804626431474382,7.697894584052594e-12,-1.1118091824392441e-14,1.3449241720309146e-12,0.0,9.207674805933517e-12,1.3449241720309146e-12,100.0,diag_feasible,0,0,0,0,0,0,210,9.444729326359476e-15,1.12.6,lbt,1,1,Intel(R) Core(TM) 7 150U,NT,2abc7cc
degen-r5-m5-d0.01-p2,100,Newton-SIN-BH,1e-7*n,9.999999999999999e-6,3,4,0.0089461,0.0073964,82.67736779155162,0.0,5.0e-6,0.0,0.0012919,0.0,0.0,0.0002528000000000003,0.2804626431465084,2.0100982303112046e-11,-1.1829893913148931e-14,2.956968003786642e-12,2.956968003786642e-12,6.256827902877506e-12,2.956968003786642e-12,NaN,converged,15,15,0,0,0,0,3,9.444729326359476e-15,1.12.6,lbt,1,1,Intel(R) Core(TM) 7 150U,NT,2abc7cc
degen-r5-m5-d0.01-p2,100,Newton-SIN,1e-7*n,9.999999999999999e-6,3,7,0.0133982,0.0119542,89.22243286411606,0.0,5.4e-6,0.0,0.0012078,0.0,0.0,0.00023080000000000084,0.2804626431465084,2.0100982303112046e-11,-1.1829893913148931e-14,2.956968003786642e-12,2.956968003786642e-12,6.256827902877506e-12,2.956968003786642e-12,NaN,converged,15,15,0,0,0,0,3,9.444729326359476e-15,1.12.6,lbt,1,1,Intel(R) Core(TM) 7 150U,NT,2abc7cc
degen-r5-m5-d0.01-p2,100,AGD-SDAJ-BH,1e-7*n,1.0e-11,9,64,0.0846022,0.0836761,98.90534761507385,0.0,3.55e-5,0.0,0.0,0.0,0.0,0.0008905999999999991,0.28046264313688446,1.9912000949960007e-11,-8.071211293482569e-15,1.630917623174355e-12,1.630917623174355e-12,5.524900760552006e-12,1.630917623174355e-12,NaN,diag_feasible_at_xpre,0,0,13,13,0,0,9,9.444729326359476e-15,1.12.6,lbt,1,1,Intel(R) Core(TM) 7 150U,NT,2abc7cc
degen-r5-m5-d0.01-p2,100,AGD-SDAJ,1e-7*n,1.0e-11,9,80,0.1132941,0.11206669999999999,98.91662496105269,0.0,4.84e-5,0.0,0.0,0.0,0.0,0.0011790000000000034,0.2804626431240911,3.441998739781983e-11,-1.1411920102958042e-14,2.6711965972481266e-12,2.6711965972481266e-12,8.155100118181442e-12,2.6711965972481266e-12,NaN,diag_feasible,0,0,25,14,11,0,9,9.444729326359476e-15,1.12.6,lbt,1,1,Intel(R) Core(TM) 7 150U,NT,2abc7cc
degen-r5-m5-d0.01-p2,100,Dykstra-APM,1e-7*n,9.999999999999999e-6,428,428,0.5887494,0.5236227,88.93812885414407,0.0,0.0,0.0,0.0,0.0480835,0.0,0.01704319999999998,0.28046264311585994,4.4440965557765255e-11,-9.236889209120048e-15,1.4430678874077785e-12,1.4430678874077785e-12,9.876772094393147e-12,1.4430678874077785e-12,NaN,diag_feasible,0,0,0,0,0,0,428,9.444729326359476e-15,1.12.6,lbt,1,1,Intel(R) Core(TM) 7 150U,NT,2abc7cc
degen-r5-m5-d0.01-p2,100,Anderson-APM,1e-7*n,9.999999999999999e-6,51,51,0.0734973,0.0620657,84.44623135815874,0.0,0.0,0.0,0.0,0.0,0.009947,0.0014846000000000008,0.28046264315872405,2.3876671204067105e-11,-9.513043736803493e-15,1.6949774916952265e-12,1.6949774916952265e-12,6.301922576937879e-12,1.6949774916952265e-12,NaN,diag_feasible,0,0,0,0,0,0,51,9.444729326359476e-15,1.12.6,lbt,1,1,Intel(R) Core(TM) 7 150U,NT,2abc7cc
degen-r5-m5-d0.01-p3,100,SBB-Dual,1e-7*n,1.0e-11,212,213,0.2401137,0.2372752,98.81785170941932,0.0001719,9.34e-5,3.6e-5,0.0,0.0,0.0,0.0025372000000000216,0.28088559315905126,1.161547789721659e-11,-1.1827007110183949e-14,1.5647483309066956e-12,0.0,9.936143087632023e-12,1.5647483309066956e-12,100.0,diag_feasible,0,0,0,0,0,0,212,1.4655364458042813e-14,1.12.6,lbt,1,1,Intel(R) Core(TM) 7 150U,NT,2abc7cc
degen-r5-m5-d0.01-p3,100,Newton-SIN-BH,1e-7*n,9.999999999999999e-6,4,5,0.0119286,0.0092305,77.38125178143287,0.0,6.7e-6,0.0,0.0023683,0.0,0.0,0.0003230999999999985,0.28088559315902745,0.0,-1.0759948749829878e-14,3.552713678800501e-15,3.552713678800501e-15,1.4655364458042813e-14,3.552713678800501e-15,NaN,converged,29,29,0,0,0,0,4,1.4655364458042813e-14,1.12.6,lbt,1,1,Intel(R) Core(TM) 7 150U,NT,2abc7cc
degen-r5-m5-d0.01-p3,100,Newton-SIN,1e-7*n,9.999999999999999e-6,6,16,0.0264553,0.022676,85.71439371316902,0.0,7.5e-6,0.0,0.0035226,0.0,0.0,0.00024919999999999934,0.28088559315906425,1.5125923591705751e-13,-9.407520799630314e-15,6.217248937900877e-15,6.217248937900877e-15,1.4310684350035855e-14,6.217248937900877e-15,NaN,converged,59,59,3,0,0,0,6,1.4655364458042813e-14,1.12.6,lbt,1,1,Intel(R) Core(TM) 7 150U,NT,2abc7cc
degen-r5-m5-d0.01-p3,100,AGD-SDAJ-BH,1e-7*n,1.0e-11,12,100,0.1349108,0.1335559,98.99570679293282,0.0,5.4e-5,0.0,0.0,0.0,0.0,0.0013008999999999922,0.28088559314648587,1.9913601392337006e-11,-1.0283149848156327e-14,2.8175239918937223e-12,2.8175239918937223e-12,5.040528886229976e-12,2.8175239918937223e-12,NaN,diag_feasible,0,0,27,27,0,0,12,1.4655364458042813e-14,1.12.6,lbt,1,1,Intel(R) Core(TM) 7 150U,NT,2abc7cc
degen-r5-m5-d0.01-p3,100,AGD-SDAJ,1e-7*n,1.0e-11,145,4000,6.0086371,5.9264567999999995,98.63229716436028,0.0,0.0019993,0.0,0.0,0.0,0.0,0.0801810000000001,0.280885593075829,1.630571420799494e-10,-8.31307066181316e-15,2.94453350591084e-11,2.94453350591084e-11,4.742423777671688e-11,2.94453350591084e-11,NaN,evd_budget,0,0,3264,155,3109,0,145,1.4655364458042813e-14,1.12.6,lbt,1,1,Intel(R) Core(TM) 7 150U,NT,2abc7cc
degen-r5-m5-d0.01-p3,100,Dykstra-APM,1e-7*n,9.999999999999999e-6,434,434,0.613562,0.5480487,89.32246455940883,0.0,0.0,0.0,0.0,0.0507231,0.0,0.014790199999999996,0.28088559312882133,4.338870955704738e-11,-8.994340513663581e-15,1.5094592242803628e-12,1.5094592242803628e-12,9.589830898612452e-12,1.5094592242803628e-12,NaN,diag_feasible,0,0,0,0,0,0,434,1.4655364458042813e-14,1.12.6,lbt,1,1,Intel(R) Core(TM) 7 150U,NT,2abc7cc
degen-r5-m5-d0.01-p3,100,Anderson-APM,1e-7*n,9.999999999999999e-6,62,62,0.1058259,0.0883904,83.52435462396255,0.0,0.0,0.0,0.0,0.0,0.0152673,0.0021682000000000073,0.2808855931342228,3.825180195852169e-11,-1.0774349142898225e-14,2.000399845769607e-12,2.000399845769607e-12,8.961413784929166e-12,2.000399845769607e-12,NaN,diag_feasible,0,0,0,0,0,0,62,1.4655364458042813e-14,1.12.6,lbt,1,1,Intel(R) Core(TM) 7 150U,NT,2abc7cc
degen-r5-m5-d0.01-p4,100,SBB-Dual,1e-7*n,1.0e-11,210,211,0.2828385,0.27488989999999996,97.18970366481224,0.0002064,0.0001202,0.0001301,0.0,0.0,0.0,0.007491900000000028,0.2810232691027027,6.94451606018757e-12,-1.0818773237737905e-14,1.20525811553307e-12,0.0,9.14522619728968e-12,1.20525811553307e-12,100.0,diag_feasible,0,0,0,0,0,0,210,1.6344428713849536e-14,1.12.6,lbt,1,1,Intel(R) Core(TM) 7 150U,NT,2abc7cc
degen-r5-m5-d0.01-p4,100,Newton-SIN-BH,1e-7*n,9.999999999999999e-6,4,5,0.0077139,0.0059058,76.56049469140123,0.0,4.7e-6,0.0,0.0015863,0.0,0.0,0.00021710000000000002,0.2810232691026785,0.0,-8.611774800597773e-15,5.995204332975845e-15,5.995204332975845e-15,1.6344428713849536e-14,5.995204332975845e-15,NaN,converged,27,27,0,0,0,0,4,1.6344428713849536e-14,1.12.6,lbt,1,1,Intel(R) Core(TM) 7 150U,NT,2abc7cc
degen-r5-m5-d0.01-p4,100,Newton-SIN,1e-7*n,9.999999999999999e-6,4,10,0.0160938,0.0142909,88.79754936683693,0.0,5.2e-6,0.0,0.0016049,0.0,0.0,0.00019279999999999796,0.2810232691019289,1.8689994333940014e-11,-1.0936993041770157e-14,2.1227464230832993e-12,2.1227464230832993e-12,5.893207305315287e-12,2.1227464230832993e-12,NaN,converged,27,27,1,0,0,0,4,1.6344428713849536e-14,1.12.6,lbt,1,1,Intel(R) Core(TM) 7 150U,NT,2abc7cc
degen-r5-m5-d0.01-p4,100,AGD-SDAJ-BH,1e-7*n,1.0e-11,11,98,0.1363615,0.1348862,98.91809638351002,0.0,5.2e-5,0.0,0.0,0.0,0.0,0.001423299999999985,0.281023269085747,2.7087780127243037e-11,-7.790221232661029e-15,4.1024961205948784e-12,4.1024961205948784e-12,6.959820577854471e-12,4.1024961205948784e-12,NaN,diag_feasible,0,0,31,31,0,0,11,1.6344428713849536e-14,1.12.6,lbt,1,1,Intel(R) Core(TM) 7 150U,NT,2abc7cc
degen-r5-m5-d0.01-p4,100,AGD-SDAJ,1e-7*n,1.0e-11,11,94,0.1590729,0.1571632,98.79948124413399,0.0,7.85e-5,0.0,0.0,0.0,0.0,0.0018311999999999864,0.2810232690887538,2.129714257685607e-11,-7.574020560850947e-15,3.128830527998616e-12,3.128830527998616e-12,5.283710988210828e-12,3.128830527998616e-12,NaN,diag_feasible,0,0,29,23,6,0,11,1.6344428713849536e-14,1.12.6,lbt,1,1,Intel(R) Core(TM) 7 150U,NT,2abc7cc
degen-r5-m5-d0.01-p4,100,Dykstra-APM,1e-7*n,9.999999999999999e-6,428,428,0.6007653,0.5345387,88.97629407024675,0.0,0.0,0.0,0.0,0.049879,0.0,0.016347599999999914,0.2810232690713836,4.4054426453889894e-11,-8.791691856391739e-15,1.2927436898735323e-12,1.2927436898735323e-12,9.804729658709285e-12,1.2927436898735323e-12,NaN,diag_feasible,0,0,0,0,0,0,428,1.6344428713849536e-14,1.12.6,lbt,1,1,Intel(R) Core(TM) 7 150U,NT,2abc7cc
degen-r5-m5-d0.01-p4,100,Anderson-APM,1e-7*n,9.999999999999999e-6,44,44,0.0813576,0.0683687,84.03480436984376,0.0,0.0,0.0,0.0,0.0,0.0112725,0.0017163999999999981,0.281023269099703,1.5838408209973506e-11,-9.31326094508081e-15,2.3439028495886305e-12,2.3439028495886305e-12,4.62959179503178e-12,2.3439028495886305e-12,NaN,diag_feasible,0,0,0,0,0,0,44,1.6344428713849536e-14,1.12.6,lbt,1,1,Intel(R) Core(TM) 7 150U,NT,2abc7cc
degen-r5-m5-d0.0001-p0,100,SBB-Dual,1e-7*n,1.0e-11,200,201,0.2454423,0.242507,98.80407737378601,0.0001763,0.0001009,3.84e-5,0.0,0.0,0.0,0.0026197000000000017,0.2868412187289493,9.130014282802699e-12,-9.998871298804525e-15,1.397548743398147e-12,0.0,9.901471528947642e-12,1.397548743398147e-12,100.0,diag_feasible,0,0,0,0,0,0,200,3.025841516210221e-14,1.12.6,lbt,1,1,Intel(R) Core(TM) 7 150U,NT,2abc7cc
degen-r5-m5-d0.0001-p0,100,Newton-SIN-BH,1e-7*n,9.999999999999999e-6,5,6,0.0134915,0.0102074,75.65800689322907,0.0,7.3e-6,0.0,0.002946,0.0,0.0,0.0003308,0.2868412187289445,0.0,-7.73049331222982e-15,7.993605777301127e-15,7.993605777301127e-15,3.025841516210221e-14,7.993605777301127e-15,NaN,converged,34,34,0,0,0,0,5,3.025841516210221e-14,1.12.6,lbt,1,1,Intel(R) Core(TM) 7 150U,NT,2abc7cc
degen-r5-m5-d0.0001-p0,100,Newton-SIN,1e-7*n,9.999999999999999e-6,8,21,0.0413071,0.0355005,85.94285243941114,0.0,1.18e-5,0.0,0.0054343,0.0,0.0,0.00036050000000000144,0.2868412187289556,2.5494542642391935e-13,-9.600898419384755e-15,6.994405055138486e-15,6.994405055138486e-15,2.8320263902875826e-14,6.994405055138486e-15,NaN,converged,73,73,4,0,0,0,8,3.025841516210221e-14,1.12.6,lbt,1,1,Intel(R) Core(TM) 7 150U,NT,2abc7cc
degen-r5-m5-d0.0001-p0,100,AGD-SDAJ-BH,1e-7*n,1.0e-11,11,93,0.1226084,0.1212606,98.9007278457267,0.0,5.33e-5,0.0,0.0,0.0,0.0,0.00129450000000001,0.2868412187169475,1.878840867200833e-11,-9.0810883603116e-15,2.5146551507759796e-12,2.5146551507759796e-12,4.653393257930645e-12,2.5146551507759796e-12,NaN,diag_feasible,0,0,26,26,0,0,11,3.025841516210221e-14,1.12.6,lbt,1,1,Intel(R) Core(TM) 7 150U,NT,2abc7cc
degen-r5-m5-d0.0001-p0,100,AGD-SDAJ,1e-7*n,1.0e-11,132,4008,5.1705027,5.0875851999999995,98.39633581469747,0.0,0.0019106,0.0,0.0,0.0,0.0,0.08100690000000065,0.286841218315385,6.427250954002588e-10,-1.1083899848258314e-14,6.015321574182053e-11,6.015321574182053e-11,1.5577757489588762e-10,6.015321574182053e-11,NaN,evd_budget,0,0,3338,390,2948,0,132,3.025841516210221e-14,1.12.6,lbt,1,1,Intel(R) Core(TM) 7 150U,NT,2abc7cc
degen-r5-m5-d0.0001-p0,100,Dykstra-APM,1e-7*n,9.999999999999999e-6,410,410,0.5442239,0.4737977,87.05933348388412,0.0,0.0,0.0,0.0,0.0466095,0.0,0.023816699999999996,0.2868412186992624,4.3283031794707844e-11,-8.691896153050656e-15,1.3538059562279159e-12,1.3538059562279159e-12,9.592183638392019e-12,1.3538059562279159e-12,NaN,diag_feasible,0,0,0,0,0,0,410,3.025841516210221e-14,1.12.6,lbt,1,1,Intel(R) Core(TM) 7 150U,NT,2abc7cc
degen-r5-m5-d0.0001-p0,100,Anderson-APM,1e-7*n,9.999999999999999e-6,129,129,0.1736708,0.1440507,82.944686153343,0.0,0.0,0.0,0.0,0.0,0.0264696,0.003150499999999983,0.28684121874284313,3.363423724242729e-11,-1.084381592820383e-14,3.35187433364581e-12,3.35187433364581e-12,9.924429899946015e-12,3.35187433364581e-12,NaN,diag_feasible,0,0,0,0,0,0,129,3.025841516210221e-14,1.12.6,lbt,1,1,Intel(R) Core(TM) 7 150U,NT,2abc7cc
degen-r5-m5-d0.0001-p1,100,SBB-Dual,1e-7*n,1.0e-11,198,199,0.2414042,0.2384385,98.77147953515306,0.0001925,0.0001049,3.76e-5,0.0,0.0,0.0,0.0026307000000000158,0.2820511119453217,8.499222373839705e-12,-1.3705570963250844e-14,1.3524736885983657e-12,0.0,9.672233081242955e-12,1.3524736885983657e-12,100.0,diag_feasible,0,0,0,0,0,0,198,2.6835723406625714e-14,1.12.6,lbt,1,1,Intel(R) Core(TM) 7 150U,NT,2abc7cc
degen-r5-m5-d0.0001-p1,100,Newton-SIN-BH,1e-7*n,9.999999999999999e-6,5,6,0.0125436,0.009616900000000001,76.6677827736854,0.0,6.2e-6,0.0,0.002622,0.0,0.0,0.00029849999999999885,0.2820511119453064,0.0,-7.362599363783947e-15,7.993605777301127e-15,7.993605777301127e-15,2.6835723406625714e-14,7.993605777301127e-15,NaN,converged,35,35,0,0,0,0,5,2.6835723406625714e-14,1.12.6,lbt,1,1,Intel(R) Core(TM) 7 150U,NT,2abc7cc
degen-r5-m5-d0.0001-p1,100,Newton-SIN,1e-7*n,9.999999999999999e-6,6,14,0.0309822,0.0269882,87.10872694644021,0.0,9.8e-6,0.0,0.0034718,0.0,0.0,0.000512400000000001,0.2820511119453157,1.6468750998874757e-13,-9.058273616260678e-15,2.6645352591003757e-15,2.6645352591003757e-15,9.300727317696266e-15,2.6645352591003757e-15,NaN,converged,48,48,1,0,0,0,6,2.6835723406625714e-14,1.12.6,lbt,1,1,Intel(R) Core(TM) 7 150U,NT,2abc7cc
degen-r5-m5-d0.0001-p1,100,AGD-SDAJ-BH,1e-7*n,1.0e-11,11,91,0.1241087,0.12122150000000001,97.67365220971617,0.0,4.86e-5,0.0,0.0,0.0,0.0,0.0028385999999999923,0.28205111192823196,2.9445224345138954e-11,-1.217913797816292e-14,3.896549749526912e-12,3.896549749526912e-12,7.933928688072758e-12,3.896549749526912e-12,NaN,diag_feasible,0,0,26,26,0,0,11,2.6835723406625714e-14,1.12.6,lbt,1,1,Intel(R) Core(TM) 7 150U,NT,2abc7cc
degen-r5-m5-d0.0001-p1,100,AGD-SDAJ,1e-7*n,1.0e-11,10,107,0.1438256,0.1423757,98.99190408383487,0.0,5.89e-5,0.0,0.0,0.0,0.0,0.001391000000000004,0.2820511119317151,2.859774456324289e-11,-1.0724057555070933e-14,3.798961145662361e-12,3.798961145662361e-12,8.158370195665438e-12,3.798961145662361e-12,NaN,diag_feasible_at_xpre,0,0,48,22,26,0,10,2.6835723406625714e-14,1.12.6,lbt,1,1,Intel(R) Core(TM) 7 150U,NT,2abc7cc
degen-r5-m5-d0.0001-p1,100,Dykstra-APM,1e-7*n,9.999999999999999e-6,405,405,0.557275,0.497273,89.23296397649275,0.0,0.0,0.0,0.0,0.035989,0.0,0.024012999999999944,0.2820511119141403,4.4396543840132714e-11,-7.796192854611655e-15,1.3777867735598193e-12,1.3777867735598193e-12,9.865638466507197e-12,1.3777867735598193e-12,NaN,diag_feasible,0,0,0,0,0,0,405,2.6835723406625714e-14,1.12.6,lbt,1,1,Intel(R) Core(TM) 7 150U,NT,2abc7cc
degen-r5-m5-d0.0001-p1,100,Anderson-APM,1e-7*n,9.999999999999999e-6,58,58,0.0718986,0.0606926,84.41416105459633,0.0,0.0,0.0,0.0,0.0,0.0097479,0.0014580999999999934,0.28205111196201577,2.8908489890891973e-11,-9.669830338994752e-15,1.8561818748707992e-12,1.8561818748707992e-12,7.037257657514335e-12,1.8561818748707992e-12,NaN,diag_feasible,0,0,0,0,0,0,58,2.6835723406625714e-14,1.12.6,lbt,1,1,Intel(R) Core(TM) 7 150U,NT,2abc7cc
degen-r5-m5-d0.0001-p2,100,SBB-Dual,1e-7*n,1.0e-11,197,198,0.2261739,0.22333630000000002,98.74539016217169,0.0001679,8.99e-5,3.56e-5,0.0,0.0,0.0,0.0025441999999999956,0.2940120841609317,8.040515096624306e-12,-1.1887568679184663e-14,1.3999912340523224e-12,0.0,9.580971177224592e-12,1.3999912340523224e-12,100.0,diag_feasible,0,0,0,0,0,0,197,1.3887998103633849e-14,1.12.6,lbt,1,1,Intel(R) Core(TM) 7 150U,NT,2abc7cc
degen-r5-m5-d0.0001-p2,100,Newton-SIN-BH,1e-7*n,9.999999999999999e-6,4,5,0.0066594,0.0051906,77.94395891521758,0.0,3.6e-6,0.0,0.0012867,0.0,0.0,0.00017850000000000006,0.29401208416094554,0.0,-9.369685098603841e-15,5.329070518200751e-15,5.329070518200751e-15,1.3887998103633849e-14,5.329070518200751e-15,NaN,converged,25,25,0,0,0,0,4,1.3887998103633849e-14,1.12.6,lbt,1,1,Intel(R) Core(TM) 7 150U,NT,2abc7cc
degen-r5-m5-d0.0001-p2,100,Newton-SIN,1e-7*n,9.999999999999999e-6,4,9,0.0170362,0.014565,85.49441776922082,0.0,5.5e-6,0.0,0.0022659,0.0,0.0,0.0001998000000000017,0.29401208416094554,0.0,-9.369685098603841e-15,5.329070518200751e-15,5.329070518200751e-15,1.3887998103633849e-14,5.329070518200751e-15,NaN,converged,25,25,0,0,0,0,4,1.3887998103633849e-14,1.12.6,lbt,1,1,Intel(R) Core(TM) 7 150U,NT,2abc7cc
degen-r5-m5-d0.0001-p2,100,AGD-SDAJ-BH,1e-7*n,1.0e-11,9,76,0.1065926,0.1055102,98.98454489336032,0.0,4.31e-5,0.0,0.0,0.0,0.0,0.0010392999999999973,0.29401208414417196,2.666189058628845e-11,-8.570102541950644e-15,1.6943113578804514e-12,1.6943113578804514e-12,6.332185636355377e-12,1.6943113578804514e-12,NaN,diag_feasible,0,0,21,21,0,0,9,1.3887998103633849e-14,1.12.6,lbt,1,1,Intel(R) Core(TM) 7 150U,NT,2abc7cc
degen-r5-m5-d0.0001-p2,100,AGD-SDAJ,1e-7*n,1.0e-11,10,136,0.1778677,0.1760637,98.98576301374561,0.0,7.1e-5,0.0,0.0,0.0,0.0,0.001733,0.2940120841457955,2.4313294112583785e-11,-9.084156677543765e-15,1.4158674233044621e-12,1.4158674233044621e-12,5.8840300610138016e-12,1.4158674233044621e-12,NaN,diag_feasible,0,0,76,26,50,0,10,1.3887998103633849e-14,1.12.6,lbt,1,1,Intel(R) Core(TM) 7 150U,NT,2abc7cc
degen-r5-m5-d0.0001-p2,100,Dykstra-APM,1e-7*n,9.999999999999999e-6,403,403,0.5727314,0.5111121,89.24115213518937,0.0,0.0,0.0,0.0,0.0308074,0.0,0.030811900000000045,0.29401208413126356,4.4001486811847464e-11,-1.0393306123310964e-14,1.4279688542728763e-12,1.4279688542728763e-12,9.780988033326778e-12,1.4279688542728763e-12,NaN,diag_feasible,0,0,0,0,0,0,403,1.3887998103633849e-14,1.12.6,lbt,1,1,Intel(R) Core(TM) 7 150U,NT,2abc7cc
degen-r5-m5-d0.0001-p2,100,Anderson-APM,1e-7*n,9.999999999999999e-6,72,72,0.1068004,0.0873472,81.78546147767236,0.0,0.0,0.0,0.0,0.0,0.012847,0.006606200000000003,0.2940120841833878,3.876647185406896e-11,-9.894562304315175e-15,2.3943069749066126e-12,2.3943069749066126e-12,9.566944987493134e-12,2.3943069749066126e-12,NaN,diag_feasible,0,0,0,0,0,0,72,1.3887998103633849e-14,1.12.6,lbt,1,1,Intel(R) Core(TM) 7 150U,NT,2abc7cc
degen-r5-m5-d0.0001-p3,100,SBB-Dual,1e-7*n,1.0e-11,200,201,0.2511539,0.2480768,98.77481496405191,0.000195,0.0001023,5.98e-5,0.0,0.0,0.0,0.0027199999999999993,0.2944910645283118,1.06965268961595e-11,-1.0253620771768044e-14,1.4421797089880783e-12,0.0,9.165284217324576e-12,1.4421797089880783e-12,100.0,diag_feasible,0,0,0,0,0,0,200,1.1529226449755443e-14,1.12.6,lbt,1,1,Intel(R) Core(TM) 7 150U,NT,2abc7cc
degen-r5-m5-d0.0001-p3,100,Newton-SIN-BH,1e-7*n,9.999999999999999e-6,4,5,0.0081103,0.006226799999999999,76.77644476776443,0.0,5.1e-6,0.0,0.0016537,0.0,0.0,0.0002247000000000015,0.29449106452833146,0.0,-9.593117871650618e-15,3.774758283725532e-15,3.774758283725532e-15,1.1529226449755443e-14,3.774758283725532e-15,NaN,converged,27,27,0,0,0,0,4,1.1529226449755443e-14,1.12.6,lbt,1,1,Intel(R) Core(TM) 7 150U,NT,2abc7cc
degen-r5-m5-d0.0001-p3,100,Newton-SIN,1e-7*n,9.999999999999999e-6,4,9,0.0167553,0.014739499999999999,87.96917990128496,0.0,7.4e-6,0.0,0.0017797,0.0,0.0,0.00022870000000000182,0.29449106452833146,0.0,-9.593117871650618e-15,3.774758283725532e-15,3.774758283725532e-15,1.1529226449755443e-14,3.774758283725532e-15,NaN,converged,27,27,0,0,0,0,4,1.1529226449755443e-14,1.12.6,lbt,1,1,Intel(R) Core(TM) 7 150U,NT,2abc7cc
degen-r5-m5-d0.0001-p3,100,AGD-SDAJ-BH,1e-7*n,1.0e-11,11,94,0.1328846,0.1315236,98.97580306521598,0.0,5.81e-5,0.0,0.0,0.0,0.0,0.0013029000000000011,0.29449106452459006,7.470359132613887e-12,-1.155825116407647e-14,9.026113190202523e-13,9.026113190202523e-13,2.0829768282326217e-12,9.026113190202523e-13,NaN,diag_feasible,0,0,27,27,0,0,11,1.1529226449755443e-14,1.12.6,lbt,1,1,Intel(R) Core(TM) 7 150U,NT,2abc7cc
degen-r5-m5-d0.0001-p3,100,AGD-SDAJ,1e-7*n,1.0e-11,9,89,0.1147236,0.1133553,98.80730730207212,0.0,4.42e-5,0.0,0.0,0.0,0.0,0.0013240999999999889,0.2944910645119045,2.729833772370974e-11,-1.0669868927307399e-14,1.6371348721122558e-12,1.6371348721122558e-12,6.858541605896559e-12,1.6371348721122558e-12,NaN,diag_feasible,0,0,34,25,9,0,9,1.1529226449755443e-14,1.12.6,lbt,1,1,Intel(R) Core(TM) 7 150U,NT,2abc7cc
degen-r5-m5-d0.0001-p3,100,Dykstra-APM,1e-7*n,9.999999999999999e-6,408,408,0.5942313,0.5332095,89.73096839563988,0.0,0.0,0.0,0.0,0.037108,0.0,0.023913800000000013,0.2944910644989785,4.4460081999254636e-11,-1.0612611349337065e-14,1.5443202272535927e-12,1.5443202272535927e-12,9.812860309838741e-12,1.5443202272535927e-12,NaN,diag_feasible,0,0,0,0,0,0,408,1.1529226449755443e-14,1.12.6,lbt,1,1,Intel(R) Core(TM) 7 150U,NT,2abc7cc
degen-r5-m5-d0.0001-p3,100,Anderson-APM,1e-7*n,9.999999999999999e-6,77,77,0.1075804,0.0909465,84.5381686626932,0.0,0.0,0.0,0.0,0.0,0.0144383,0.0021956000000000076,0.29449106455021046,3.346285637798084e-11,-7.816181245326953e-15,1.2650991365603659e-12,1.2650991365603659e-12,7.473270328342116e-12,1.2650991365603659e-12,NaN,diag_feasible,0,0,0,0,0,0,77,1.1529226449755443e-14,1.12.6,lbt,1,1,Intel(R) Core(TM) 7 150U,NT,2abc7cc
degen-r5-m5-d0.0001-p4,100,SBB-Dual,1e-7*n,1.0e-11,197,198,0.2331806,0.23000179999999998,98.63676480805006,0.0001984,0.0001065,3.8e-5,0.0,0.0,0.0,0.0028359000000000097,0.29467431444449155,6.9118762157205e-12,-1.1860976396321763e-14,1.2028156248788946e-12,0.0,9.11317942957781e-12,1.2028156248788946e-12,100.0,diag_feasible,0,0,0,0,0,0,197,1.1395886385973188e-14,1.12.6,lbt,1,1,Intel(R) Core(TM) 7 150U,NT,2abc7cc
degen-r5-m5-d0.0001-p4,100,Newton-SIN-BH,1e-7*n,9.999999999999999e-6,4,5,0.0115228,0.0090726,78.73607109383136,0.0,7.0e-6,0.0,0.002131,0.0,0.0,0.00031219999999999946,0.2946743144444944,0.0,-9.499950184370392e-15,5.10702591327572e-15,5.10702591327572e-15,1.1395886385973188e-14,5.10702591327572e-15,NaN,converged,25,25,0,0,0,0,4,1.1395886385973188e-14,1.12.6,lbt,1,1,Intel(R) Core(TM) 7 150U,NT,2abc7cc
degen-r5-m5-d0.0001-p4,100,Newton-SIN,1e-7*n,9.999999999999999e-6,4,9,0.01129,0.0098148,86.93356953055802,0.0,4.0e-6,0.0,0.001327,0.0,0.0,0.00014419999999999928,0.2946743144444944,0.0,-9.499950184370392e-15,5.10702591327572e-15,5.10702591327572e-15,1.1395886385973188e-14,5.10702591327572e-15,NaN,converged,25,25,0,0,0,0,4,1.1395886385973188e-14,1.12.6,lbt,1,1,Intel(R) Core(TM) 7 150U,NT,2abc7cc
degen-r5-m5-d0.0001-p4,100,AGD-SDAJ-BH,1e-7*n,1.0e-11,11,84,0.1408248,0.13902409999999998,98.72131897222647,0.0,7.53e-5,0.0,0.0,0.0,0.0,0.0017254000000000162,0.2946743144401759,6.8343951283354286e-12,-8.480097818994392e-15,6.119549311733863e-13,6.119549311733863e-13,1.6540682686947478e-12,6.119549311733863e-13,NaN,diag_feasible,0,0,17,17,0,0,11,1.1395886385973188e-14,1.12.6,lbt,1,1,Intel(R) Core(TM) 7 150U,NT,2abc7cc
degen-r5-m5-d0.0001-p4,100,AGD-SDAJ,1e-7*n,1.0e-11,10,77,0.0976161,0.0965124,98.86934634757996,0.0,3.8e-5,0.0,0.0,0.0,0.0,0.001065699999999999,0.2946743144317316,2.92493264427772e-11,-7.532422591615374e-15,6.390221685137476e-12,6.390221685137476e-12,8.769940024680603e-12,6.390221685137476e-12,NaN,diag_feasible_at_xpre,0,0,20,15,5,0,10,1.1395886385973188e-14,1.12.6,lbt,1,1,Intel(R) Core(TM) 7 150U,NT,2abc7cc
degen-r5-m5-d0.0001-p4,100,Dykstra-APM,1e-7*n,9.999999999999999e-6,402,402,0.5772024,0.5012254,86.83702631867088,0.0,0.0,0.0,0.0,0.0466308,0.0,0.02934619999999996,0.2946743144147719,4.411420667776618e-11,-6.872208465337976e-15,1.2929657344784573e-12,1.2929657344784573e-12,9.809864853721703e-12,1.2929657344784573e-12,NaN,diag_feasible,0,0,0,0,0,0,402,1.1395886385973188e-14,1.12.6,lbt,1,1,Intel(R) Core(TM) 7 150U,NT,2abc7cc
degen-r5-m5-d0.0001-p4,100,Anderson-APM,1e-7*n,9.999999999999999e-6,49,49,0.0877452,0.0735583,83.83170817321061,0.0,0.0,0.0,0.0,0.0,0.012426,0.0017609000000000027,0.29467431447182685,4.053686464304073e-11,-8.101298031357869e-15,1.2426726314629377e-12,1.2426726314629377e-12,9.080127413482212e-12,1.2426726314629377e-12,NaN,diag_feasible,0,0,0,0,0,0,49,1.1395886385973188e-14,1.12.6,lbt,1,1,Intel(R) Core(TM) 7 150U,NT,2abc7cc
degen-r5-m5-d1e-06-p0,100,SBB-Dual,1e-7*n,1.0e-11,189,190,0.2175924,0.2149961,98.8068057524068,0.000166,9.12e-5,3.73e-5,0.0,0.0,0.0,0.0023017999999999958,0.2869702435911936,9.135234895319516e-12,-1.0764778395306217e-14,1.3942180743242716e-12,0.0,9.876252996082356e-12,1.3942180743242716e-12,100.0,diag_feasible,0,0,0,0,0,0,189,2.997005876296592e-14,1.12.6,lbt,1,1,Intel(R) Core(TM) 7 150U,NT,2abc7cc
degen-r5-m5-d1e-06-p0,100,Newton-SIN-BH,1e-7*n,9.999999999999999e-6,4,5,0.0119873,0.0093827,78.2720045381362,0.0,6.9e-6,0.0,0.0022895,0.0,0.0,0.0003081999999999989,0.28697024359115175,0.0,-9.701820177267119e-15,9.325873406851315e-15,9.325873406851315e-15,2.997005876296592e-14,9.325873406851315e-15,NaN,converged,25,25,0,0,0,0,4,2.997005876296592e-14,1.12.6,lbt,1,1,Intel(R) Core(TM) 7 150U,NT,2abc7cc
degen-r5-m5-d1e-06-p0,100,Newton-SIN,1e-7*n,9.999999999999999e-6,100,3449,3.8465065,3.6895471,95.91942974748645,0.0,0.0016129,0.0,0.0986699,0.0,0.0,0.056676599999999855,0.28697014981014984,1.924181894900567e-7,-9.543271535693697e-15,2.1748259859677432e-8,2.1748259859677432e-8,5.09888435372448e-8,2.1748259859677432e-8,NaN,max_iter,978,978,3248,0,0,0,100,2.997005876296592e-14,1.12.6,lbt,1,1,Intel(R) Core(TM) 7 150U,NT,2abc7cc
degen-r5-m5-d1e-06-p0,100,AGD-SDAJ-BH,1e-7*n,1.0e-11,15,126,0.1811796,0.1767195,97.53829901379625,0.0,6.98e-5,0.0,0.0,0.0,0.0,0.0043902999999999946,0.2869702435819536,1.727384528531933e-11,-9.253713134147202e-15,2.914557484245961e-12,2.914557484245961e-12,4.706765736750971e-12,2.914557484245961e-12,NaN,diag_feasible,0,0,37,37,0,0,15,2.997005876296592e-14,1.12.6,lbt,1,1,Intel(R) Core(TM) 7 150U,NT,2abc7cc
degen-r5-m5-d1e-06-p0,100,AGD-SDAJ,1e-7*n,1.0e-11,12,116,0.1507384,0.1490551,98.88329715586738,0.0,7.22e-5,0.0,0.0,0.0,0.0,0.0016110999999999988,0.28697024357120954,3.165660019114168e-11,-7.930200787610495e-15,2.3738788712535097e-12,2.3738788712535097e-12,7.812132799384423e-12,2.3738788712535097e-12,NaN,diag_feasible,0,0,43,30,13,0,12,2.997005876296592e-14,1.12.6,lbt,1,1,Intel(R) Core(TM) 7 150U,NT,2abc7cc
degen-r5-m5-d1e-06-p0,100,Dykstra-APM,1e-7*n,9.999999999999999e-6,388,388,0.5682747,0.5177429,91.1078568164305,0.0,0.0,0.0,0.0,0.0364026,0.0,0.014129200000000015,0.2869702435613847,4.342572688335486e-11,-1.0100636866088988e-14,1.3586909375362666e-12,1.3586909375362666e-12,9.63584736064919e-12,1.3586909375362666e-12,NaN,diag_feasible,0,0,0,0,0,0,388,2.997005876296592e-14,1.12.6,lbt,1,1,Intel(R) Core(TM) 7 150U,NT,2abc7cc
degen-r5-m5-d1e-06-p0,100,Anderson-APM,1e-7*n,9.999999999999999e-6,94,94,0.114481,0.0972812,84.97584752054927,0.0,0.0,0.0,0.0,0.0,0.0151579,0.002041900000000001,0.28697024361476836,3.8216485001260635e-11,-8.882581368312708e-15,4.3869352595038436e-12,4.3869352595038436e-12,9.340071888209283e-12,4.3869352595038436e-12,NaN,diag_feasible,0,0,0,0,0,0,94,2.997005876296592e-14,1.12.6,lbt,1,1,Intel(R) Core(TM) 7 150U,NT,2abc7cc
degen-r5-m5-d1e-06-p1,100,SBB-Dual,1e-7*n,1.0e-11,186,187,0.2113334,0.2076497,98.2569248400868,0.0001608,8.85e-5,3.6e-5,0.0,0.0,0.0,0.003398400000000012,0.28217245658569196,8.493540366846017e-12,-8.343754624538347e-15,1.3467005288703149e-12,0.0,9.632037480135036e-12,1.3467005288703149e-12,100.0,diag_feasible,0,0,0,0,0,0,186,1.4060438770513956e-14,1.12.6,lbt,1,1,Intel(R) Core(TM) 7 150U,NT,2abc7cc
degen-r5-m5-d1e-06-p1,100,Newton-SIN-BH,1e-7*n,9.999999999999999e-6,5,6,0.0127302,0.0094234,74.02397448586825,0.0,7.2e-6,0.0,0.0029835,0.0,0.0,0.00031610000000000015,0.28217245658568746,0.0,-9.712202259550963e-15,4.884981308350689e-15,4.884981308350689e-15,1.4060438770513956e-14,4.884981308350689e-15,NaN,converged,33,33,0,0,0,0,5,1.4060438770513956e-14,1.12.6,lbt,1,1,Intel(R) Core(TM) 7 150U,NT,2abc7cc
degen-r5-m5-d1e-06-p1,100,Newton-SIN,1e-7*n,9.999999999999999e-6,100,3142,3.5155592,3.366698,95.76564661462677,0.0,0.0013684,0.0,0.095943,0.0,0.0,0.051549800000000257,0.28217244714375733,3.153633042102619e-8,-9.472962112296383e-15,5.714605011419849e-9,5.714605011419849e-9,9.17928141683086e-9,5.714605011419849e-9,NaN,max_iter,981,981,2941,0,0,0,100,1.4060438770513956e-14,1.12.6,lbt,1,1,Intel(R) Core(TM) 7 150U,NT,2abc7cc
degen-r5-m5-d1e-06-p1,100,AGD-SDAJ-BH,1e-7*n,1.0e-11,9,70,0.08304,0.08167479999999999,98.35597302504816,0.0,2.96e-5,0.0,0.0,0.0,0.0,0.0013356000000000108,0.2821724565776299,1.2763633839880089e-11,-1.0186627156648935e-14,1.2656542480726785e-12,1.2656542480726785e-12,3.2122417145138926e-12,1.2656542480726785e-12,NaN,diag_feasible,0,0,15,15,0,0,9,1.4060438770513956e-14,1.12.6,lbt,1,1,Intel(R) Core(TM) 7 150U,NT,2abc7cc
degen-r5-m5-d1e-06-p1,100,AGD-SDAJ,1e-7*n,1.0e-11,9,80,0.1138427,0.1126164,98.92281191503714,0.0,5.0e-5,0.0,0.0,0.0,0.0,0.0011762999999999997,0.28217245657733925,1.3158789438232004e-11,-9.482315600524584e-15,1.2794210135780304e-12,1.2794210135780304e-12,3.2980203190210007e-12,1.2794210135780304e-12,NaN,diag_feasible,0,0,25,15,10,0,9,1.4060438770513956e-14,1.12.6,lbt,1,1,Intel(R) Core(TM) 7 150U,NT,2abc7cc
degen-r5-m5-d1e-06-p1,100,Dykstra-APM,1e-7*n,9.999999999999999e-6,381,381,0.5629802,0.5017918,89.1313406759243,0.0,0.0,0.0,0.0,0.0470579,0.0,0.014130500000000032,0.28217245655440626,4.4572877013839734e-11,-9.215179587654216e-15,1.3864465131518955e-12,1.3864465131518955e-12,9.904021733145212e-12,1.3864465131518955e-12,NaN,diag_feasible,0,0,0,0,0,0,381,1.4060438770513956e-14,1.12.6,lbt,1,1,Intel(R) Core(TM) 7 150U,NT,2abc7cc
degen-r5-m5-d1e-06-p1,100,Anderson-APM,1e-7*n,9.999999999999999e-6,55,55,0.0745584,0.0622665,83.51372883538274,0.0,0.0,0.0,0.0,0.0,0.0107901,0.0015017999999999941,0.28217245658407375,2.3731424214437006e-11,-1.036825510039032e-14,2.9700686354772188e-12,2.9700686354772188e-12,7.354177335466348e-12,2.9700686354772188e-12,NaN,diag_feasible,0,0,0,0,0,0,55,1.4060438770513956e-14,1.12.6,lbt,1,1,Intel(R) Core(TM) 7 150U,NT,2abc7cc
degen-r5-m5-d1e-06-p2,100,SBB-Dual,1e-7*n,1.0e-11,185,186,0.2051575,0.20274099999999998,98.82212446534979,0.0001447,8.15e-5,4.34e-5,0.0,0.0,0.0,0.002146900000000016,0.2941518349250761,8.029467391374177e-12,-8.24548697271032e-15,1.4028778139163478e-12,0.0,9.61909817131293e-12,1.4028778139163478e-12,100.0,diag_feasible,0,0,0,0,0,0,185,3.8308969009235156e-14,1.12.6,lbt,1,1,Intel(R) Core(TM) 7 150U,NT,2abc7cc
degen-r5-m5-d1e-06-p2,100,Newton-SIN-BH,1e-7*n,9.999999999999999e-6,4,5,0.0111721,0.008747000000000001,78.29324835975332,0.0,6.2e-6,0.0,0.0021131,0.0,0.0,0.0003057999999999993,0.2941518349250475,0.0,-7.302039634465607e-15,1.1213252548714081e-14,1.1213252548714081e-14,3.8308969009235156e-14,1.1213252548714081e-14,NaN,converged,24,24,0,0,0,0,4,3.8308969009235156e-14,1.12.6,lbt,1,1,Intel(R) Core(TM) 7 150U,NT,2abc7cc
degen-r5-m5-d1e-06-p2,100,Newton-SIN,1e-7*n,9.999999999999999e-6,100,3522,4.1723552,4.0168413,96.27275501376297,0.0,0.001656,0.0,0.0832714,0.0,0.0,0.07058649999999989,0.2941517687929611,1.296933712981868e-7,-1.0281308230322702e-14,1.2165355611770678e-8,1.2165355611770678e-8,3.335269685360477e-8,1.2165355611770678e-8,NaN,max_iter,886,886,3321,0,0,0,100,3.8308969009235156e-14,1.12.6,lbt,1,1,Intel(R) Core(TM) 7 150U,NT,2abc7cc
degen-r5-m5-d1e-06-p2,100,AGD-SDAJ-BH,1e-7*n,1.0e-11,10,81,0.0949228,0.0930872,98.06621802138157,0.0,4.03e-5,0.0,0.0,0.0,0.0,0.0017953000000000066,0.29415183491765917,1.846783415037283e-11,-8.324935258708004e-15,2.816635813474022e-12,2.816635813474022e-12,5.462492421932151e-12,2.816635813474022e-12,NaN,diag_feasible_at_xpre,0,0,24,24,0,0,10,3.8308969009235156e-14,1.12.6,lbt,1,1,Intel(R) Core(TM) 7 150U,NT,2abc7cc
degen-r5-m5-d1e-06-p2,100,AGD-SDAJ,1e-7*n,1.0e-11,10,94,0.1447868,0.1431455,98.86640218583463,0.0,6.85e-5,0.0,0.0,0.0,0.0,0.0015727999999999845,0.2941518349166872,1.6852952847162627e-11,-7.911189178133831e-15,2.8039792709932954e-12,2.8039792709932954e-12,4.802020410612568e-12,2.8039792709932954e-12,NaN,diag_feasible_at_xpre,0,0,37,29,8,0,10,3.8308969009235156e-14,1.12.6,lbt,1,1,Intel(R) Core(TM) 7 150U,NT,2abc7cc
degen-r5-m5-d1e-06-p2,100,Dykstra-APM,1e-7*n,9.999999999999999e-6,379,379,0.5420059,0.4840526,89.3076256180975,0.0,0.0,0.0,0.0,0.0446311,0.0,0.013322200000000041,0.29415183489511726,4.439924098691935e-11,-9.251993962862035e-15,1.4408474413585282e-12,1.4408474413585282e-12,9.881680300974259e-12,1.4408474413585282e-12,NaN,diag_feasible,0,0,0,0,0,0,379,3.8308969009235156e-14,1.12.6,lbt,1,1,Intel(R) Core(TM) 7 150U,NT,2abc7cc
degen-r5-m5-d1e-06-p2,100,Anderson-APM,1e-7*n,9.999999999999999e-6,57,57,0.0768893,0.0645705,83.97852497031448,0.0,0.0,0.0,0.0,0.0,0.0106412,0.001677599999999991,0.2941518349022727,4.043656862877169e-11,-1.067525947986145e-14,3.5211833449011465e-12,3.5211833449011465e-12,9.893500262703506e-12,3.5211833449011465e-12,NaN,diag_feasible,0,0,0,0,0,0,57,3.8308969009235156e-14,1.12.6,lbt,1,1,Intel(R) Core(TM) 7 150U,NT,2abc7cc
degen-r5-m5-d1e-06-p3,100,SBB-Dual,1e-7*n,1.0e-11,187,188,0.2421986,0.2394308,98.85721882785448,0.0001781,9.54e-5,3.58e-5,0.0,0.0,0.0,0.002458500000000015,0.29463136926184474,1.1616398045363072e-11,-1.1518908101968939e-14,1.5616397064377452e-12,0.0,9.947148434542803e-12,1.5616397064377452e-12,100.0,diag_feasible,0,0,0,0,0,0,187,5.294541742873377e-14,1.12.6,lbt,1,1,Intel(R) Core(TM) 7 150U,NT,2abc7cc
degen-r5-m5-d1e-06-p3,100,Newton-SIN-BH,1e-7*n,9.999999999999999e-6,4,5,0.0110807,0.0086894,78.41923344193056,0.0,6.4e-6,0.0,0.0020917,0.0,0.0,0.0002932000000000004,0.29463136926178923,0.0,-1.0640210281432165e-14,1.3988810110276972e-14,1.3988810110276972e-14,5.294541742873377e-14,1.3988810110276972e-14,NaN,converged,23,23,0,0,0,0,4,5.294541742873377e-14,1.12.6,lbt,1,1,Intel(R) Core(TM) 7 150U,NT,2abc7cc
degen-r5-m5-d1e-06-p3,100,Newton-SIN,1e-7*n,9.999999999999999e-6,5,13,0.0218863,0.019192499999999998,87.69184375613966,0.0,7.5e-6,0.0,0.0024559,0.0,0.0,0.000230400000000003,0.2946313692618386,1.3532894681723533e-13,-9.803232896139332e-15,1.1435297153639112e-14,1.1435297153639112e-14,3.539574874064251e-14,1.1435297153639112e-14,NaN,converged,32,32,2,0,0,0,5,5.294541742873377e-14,1.12.6,lbt,1,1,Intel(R) Core(TM) 7 150U,NT,2abc7cc
degen-r5-m5-d1e-06-p3,100,AGD-SDAJ-BH,1e-7*n,1.0e-11,11,80,0.1262803,0.1248815,98.89230545065224,0.0,5.51e-5,0.0,0.0,0.0,0.0,0.0013437000000000056,0.2946313692421802,3.2298060845105325e-11,-8.870971131326332e-15,3.303801676679541e-12,3.303801676679541e-12,8.033921458346604e-12,3.303801676679541e-12,NaN,diag_feasible,0,0,15,15,0,0,11,5.294541742873377e-14,1.12.6,lbt,1,1,Intel(R) Core(TM) 7 150U,NT,2abc7cc
degen-r5-m5-d1e-06-p3,100,AGD-SDAJ,1e-7*n,1.0e-11,9,70,0.0913,0.0901451,98.73504928806135,0.0,3.86e-5,0.0,0.0,0.0,0.0,0.0011163000000000004,0.2946313692473443,3.181005474768913e-11,-1.118910986340479e-14,5.200284647344233e-12,5.200284647344233e-12,9.223765926615027e-12,5.200284647344233e-12,NaN,diag_feasible_at_xpre,0,0,17,15,2,0,9,5.294541742873377e-14,1.12.6,lbt,1,1,Intel(R) Core(TM) 7 150U,NT,2abc7cc
degen-r5-m5-d1e-06-p3,100,Dykstra-APM,1e-7*n,9.999999999999999e-6,384,384,0.4966307,0.4465802,89.92198831042866,0.0,0.0,0.0,0.0,0.0281689,0.0,0.021881599999999998,0.29463136923289895,4.3788548976276907e-11,-9.00755904476856e-15,1.5185630530822891e-12,1.5185630530822891e-12,9.68783386714266e-12,1.5185630530822891e-12,NaN,diag_feasible,0,0,0,0,0,0,384,5.294541742873377e-14,1.12.6,lbt,1,1,Intel(R) Core(TM) 7 150U,NT,2abc7cc
degen-r5-m5-d1e-06-p3,100,Anderson-APM,1e-7*n,9.999999999999999e-6,66,66,0.1226546,0.1025039,83.57118281744019,0.0,0.0,0.0,0.0,0.0,0.0177746,0.002376100000000006,0.2946313692399132,3.839691917336153e-11,-1.0955349648098792e-14,3.1434854719236682e-12,3.1434854719236682e-12,9.552953535348438e-12,3.1434854719236682e-12,NaN,diag_feasible,0,0,0,0,0,0,66,5.294541742873377e-14,1.12.6,lbt,1,1,Intel(R) Core(TM) 7 150U,NT,2abc7cc
degen-r5-m5-d1e-06-p4,100,SBB-Dual,1e-7*n,1.0e-11,184,185,0.2194664,0.2167392,98.75734964441025,0.0001633,0.0001133,3.86e-5,0.0,0.0,0.0,0.0024120000000000127,0.29481509279974866,7.296452587735633e-12,-1.3055893169379871e-14,1.2714274078007293e-12,0.0,9.644169462578921e-12,1.2714274078007293e-12,100.0,diag_feasible,0,0,0,0,0,0,184,5.664727353647357e-14,1.12.6,lbt,1,1,Intel(R) Core(TM) 7 150U,NT,2abc7cc
degen-r5-m5-d1e-06-p4,100,Newton-SIN-BH,1e-7*n,9.999999999999999e-6,4,5,0.0114316,0.0090285,78.97844571188635,0.0,6.5e-6,0.0,0.0020564,0.0,0.0,0.00034020000000000014,0.2948150927997275,0.0,-9.516586372303939e-15,1.63202784619898e-14,1.63202784619898e-14,5.664727353647357e-14,1.63202784619898e-14,NaN,converged,23,23,0,0,0,0,4,5.664727353647357e-14,1.12.6,lbt,1,1,Intel(R) Core(TM) 7 150U,NT,2abc7cc
degen-r5-m5-d1e-06-p4,100,Newton-SIN,1e-7*n,9.999999999999999e-6,12,99,0.1097485,0.1025047,93.39963644150033,0.0,4.45e-5,0.0,0.0060161,0.0,0.0,0.0011831999999999945,0.2948150927997511,2.0032420334688032e-13,-1.0858241787580387e-14,5.551115123125783e-15,5.551115123125783e-15,1.0564050652353244e-14,5.551115123125783e-15,NaN,converged,98,98,74,0,0,0,12,5.664727353647357e-14,1.12.6,lbt,1,1,Intel(R) Core(TM) 7 150U,NT,2abc7cc
degen-r5-m5-d1e-06-p4,100,AGD-SDAJ-BH,1e-7*n,1.0e-11,8,62,0.0917196,0.09061899999999999,98.80003837783855,0.0,4.14e-5,0.0,0.0,0.0,0.0,0.001059200000000007,0.29481509278762286,1.951196741132749e-11,-1.0865108347524584e-14,2.2455370896068416e-12,2.2455370896068416e-12,4.795054870517559e-12,2.2455370896068416e-12,NaN,diag_feasible,0,0,13,13,0,0,8,5.664727353647357e-14,1.12.6,lbt,1,1,Intel(R) Core(TM) 7 150U,NT,2abc7cc
degen-r5-m5-d1e-06-p4,100,AGD-SDAJ,1e-7*n,1.0e-11,8,66,0.0855794,0.0845875,98.84095938975969,0.0,3.52e-5,0.0,0.0,0.0,0.0,0.0009567000000000039,0.29481509278741064,1.9544821047030083e-11,-1.0092189443989741e-14,2.09321449062827e-12,2.09321449062827e-12,4.724664446164086e-12,2.09321449062827e-12,NaN,diag_feasible,0,0,17,13,4,0,8,5.664727353647357e-14,1.12.6,lbt,1,1,Intel(R) Core(TM) 7 150U,NT,2abc7cc
degen-r5-m5-d1e-06-p4,100,Dykstra-APM,1e-7*n,9.999999999999999e-6,377,377,0.5426931,0.4825511,88.91786167909635,0.0,0.0,0.0,0.0,0.0461448,0.0,0.013997200000000029,0.29481509276971907,4.457052560433137e-11,-1.364300742979742e-14,1.3076206784035094e-12,1.3076206784035094e-12,9.91747103991961e-12,1.3076206784035094e-12,NaN,diag_feasible,0,0,0,0,0,0,377,5.664727353647357e-14,1.12.6,lbt,1,1,Intel(R) Core(TM) 7 150U,NT,2abc7cc
degen-r5-m5-d1e-06-p4,100,Anderson-APM,1e-7*n,9.999999999999999e-6,54,54,0.0672462,0.056381,83.84265579318979,0.0,0.0,0.0,0.0,0.0,0.0094487,0.0014165000000000046,0.29481509282526347,3.911284823853475e-11,-8.063561429852606e-15,1.8884893648873913e-12,1.8884893648873913e-12,8.968954272698404e-12,1.8884893648873913e-12,NaN,diag_feasible,0,0,0,0,0,0,54,5.664727353647357e-14,1.12.6,lbt,1,1,Intel(R) Core(TM) 7 150U,NT,2abc7cc
degen-r5-m5-d1e-08-p0,100,SBB-Dual,1e-7*n,1.0e-11,178,179,0.2097323,0.2072859,98.83356068664673,0.0001529,8.69e-5,3.81e-5,0.0,0.0,0.0,0.002168500000000015,0.28697153423575716,9.12004177458415e-12,-1.0533625689033911e-14,1.4015455462867976e-12,0.0,9.88717942655523e-12,1.4015455462867976e-12,100.0,diag_feasible,0,0,0,0,0,0,178,3.085081859693183e-14,1.12.6,lbt,1,1,Intel(R) Core(TM) 7 150U,NT,2abc7cc
degen-r5-m5-d1e-08-p0,100,Newton-SIN-BH,1e-7*n,9.999999999999999e-6,5,6,0.0175006,0.0097992,55.9935087939842,0.0,8.5e-6,0.0,0.0072693,0.0,0.0,0.0004236000000000023,0.2869715342357474,0.0,-8.418527804512648e-15,7.993605777301127e-15,7.993605777301127e-15,3.085081859693183e-14,7.993605777301127e-15,NaN,converged,39,39,0,0,0,0,5,3.085081859693183e-14,1.12.6,lbt,1,1,Intel(R) Core(TM) 7 150U,NT,2abc7cc
degen-r5-m5-d1e-08-p0,100,Newton-SIN,1e-7*n,9.999999999999999e-6,100,3139,3.6458575,3.4894401999999998,95.70972535267765,0.0,0.0014022,0.0,0.0946415,0.0,0.0,0.06037360000000021,0.2869715317927606,5.096661486456069e-9,-8.791637417577358e-15,5.755633747384081e-10,5.755633747384081e-10,1.3604465391663675e-9,5.755633747384081e-10,NaN,max_iter,1088,1088,2938,0,0,0,100,3.085081859693183e-14,1.12.6,lbt,1,1,Intel(R) Core(TM) 7 150U,NT,2abc7cc
degen-r5-m5-d1e-08-p0,100,AGD-SDAJ-BH,1e-7*n,1.0e-11,11,94,0.1010079,0.0998276,98.83147753789557,0.0,3.98e-5,0.0,0.0,0.0,0.0,0.0011404999999999953,0.28697153422433586,1.8583971107636073e-11,-1.0140376833505294e-14,1.3293810496861624e-12,1.3293810496861624e-12,4.741229484185068e-12,1.3293810496861624e-12,NaN,diag_feasible,0,0,27,27,0,0,11,3.085081859693183e-14,1.12.6,lbt,1,1,Intel(R) Core(TM) 7 150U,NT,2abc7cc
degen-r5-m5-d1e-08-p0,100,AGD-SDAJ,1e-7*n,1.0e-11,13,144,0.1759241,0.1739589,98.88292735333022,0.0,7.33e-5,0.0,0.0,0.0,0.0,0.0018919000000000002,0.28697153422721977,1.3154399420287365e-11,-9.807374870089768e-15,7.240874566605271e-13,7.240874566605271e-13,3.1762021966539484e-12,7.240874566605271e-13,NaN,diag_feasible,0,0,66,33,33,0,13,3.085081859693183e-14,1.12.6,lbt,1,1,Intel(R) Core(TM) 7 150U,NT,2abc7cc
degen-r5-m5-d1e-08-p0,100,Dykstra-APM,1e-7*n,9.999999999999999e-6,366,366,0.5349323,0.4584011,85.6932924035434,0.0,0.0,0.0,0.0,0.0356219,0.0,0.04090930000000002,0.286971534205731,4.3782691381173504e-11,-8.749072776530205e-15,1.3775647289548942e-12,1.3775647289548942e-12,9.704754266820189e-12,1.3775647289548942e-12,NaN,diag_feasible,0,0,0,0,0,0,366,3.085081859693183e-14,1.12.6,lbt,1,1,Intel(R) Core(TM) 7 150U,NT,2abc7cc
degen-r5-m5-d1e-08-p0,100,Anderson-APM,1e-7*n,9.999999999999999e-6,79,79,0.0941642,0.0789499,83.84279800603626,0.0,0.0,0.0,0.0,0.0,0.0133119,0.0019024000000000003,0.2869715342238823,1.7816777837220288e-11,-9.45305961014017e-15,9.070522111187529e-13,9.070522111187529e-13,4.06016116352054e-12,9.070522111187529e-13,NaN,diag_feasible,0,0,0,0,0,0,79,3.085081859693183e-14,1.12.6,lbt,1,1,Intel(R) Core(TM) 7 150U,NT,2abc7cc
degen-r5-m5-d1e-08-p1,100,SBB-Dual,1e-7*n,1.0e-11,174,175,0.184815,0.18256260000000002,98.78126775424073,0.0001296,7.6e-5,4.04e-5,0.0,0.0,0.0,0.0020063999999999876,0.2821736704183866,8.50040189607925e-12,-9.260999637298866e-15,1.3624656958199921e-12,0.0,9.641938080245127e-12,1.3624656958199921e-12,100.0,diag_feasible,0,0,0,0,0,0,174,1.653076973250841e-14,1.12.6,lbt,1,1,Intel(R) Core(TM) 7 150U,NT,2abc7cc
degen-r5-m5-d1e-08-p1,100,Newton-SIN-BH,1e-7*n,9.999999999999999e-6,5,6,0.0095263,0.0071227,74.76879795933364,0.0,8.7e-6,0.0,0.0021734,0.0,0.0,0.0002214999999999999,0.2821736704183536,0.0,-8.135541042692477e-15,4.6629367034256575e-15,4.6629367034256575e-15,1.653076973250841e-14,4.6629367034256575e-15,NaN,converged,36,36,0,0,0,0,5,1.653076973250841e-14,1.12.6,lbt,1,1,Intel(R) Core(TM) 7 150U,NT,2abc7cc
degen-r5-m5-d1e-08-p1,100,Newton-SIN,1e-7*n,9.999999999999999e-6,100,2688,3.1432465,2.9836418,94.92229769443789,0.0,0.0011674,0.0,0.0988218,0.0,0.0,0.05961550000000003,0.2821736701898886,4.4562495470082155e-10,-1.049085104424789e-14,4.177502788138554e-11,4.177502788138554e-11,1.1341155267519548e-10,4.177502788138554e-11,NaN,max_iter,1263,1263,2487,0,0,0,100,1.653076973250841e-14,1.12.6,lbt,1,1,Intel(R) Core(TM) 7 150U,NT,2abc7cc
degen-r5-m5-d1e-08-p1,100,AGD-SDAJ-BH,1e-7*n,1.0e-11,10,85,0.1444024,0.14267539999999998,98.80403649800834,0.0,7.57e-5,0.0,0.0,0.0,0.0,0.0016513000000000064,0.2821736704117499,1.0168718230492676e-11,-1.1349403481746286e-14,8.555378627761456e-13,8.555378627761456e-13,2.464522936567461e-12,8.555378627761456e-13,NaN,diag_feasible,0,0,24,24,0,0,10,1.653076973250841e-14,1.12.6,lbt,1,1,Intel(R) Core(TM) 7 150U,NT,2abc7cc
degen-r5-m5-d1e-08-p1,100,AGD-SDAJ,1e-7*n,1.0e-11,11,93,0.1163862,0.1149577,98.77262080899627,0.0,5.0e-5,0.0,0.0,0.0,0.0,0.0013784999999999993,0.2821736703977103,3.245775947507629e-11,-9.753282226473322e-15,5.076605802400991e-12,5.076605802400991e-12,8.283098874965396e-12,5.076605802400991e-12,NaN,diag_feasible,0,0,28,23,5,0,11,1.653076973250841e-14,1.12.6,lbt,1,1,Intel(R) Core(TM) 7 150U,NT,2abc7cc
degen-r5-m5-d1e-08-p1,100,Dykstra-APM,1e-7*n,9.999999999999999e-6,357,357,0.5377269,0.489254,90.98559138477172,0.0,0.0,0.0,0.0,0.034082,0.0,0.014390899999999984,0.28217367038685254,4.4884132159974635e-11,-9.658654281988247e-15,1.4137579995576743e-12,1.4137579995576743e-12,9.980837486134107e-12,1.4137579995576743e-12,NaN,diag_feasible,0,0,0,0,0,0,357,1.653076973250841e-14,1.12.6,lbt,1,1,Intel(R) Core(TM) 7 150U,NT,2abc7cc
degen-r5-m5-d1e-08-p1,100,Anderson-APM,1e-7*n,9.999999999999999e-6,56,56,0.0653427,0.0550629,84.26786771896478,0.0,0.0,0.0,0.0,0.0,0.0089525,0.0013273000000000052,0.28217367043581715,2.8927615605242384e-11,-1.1531899947838538e-14,1.7429391263590333e-12,1.7429391263590333e-12,7.338070646524775e-12,1.7429391263590333e-12,NaN,diag_feasible,0,0,0,0,0,0,56,1.653076973250841e-14,1.12.6,lbt,1,1,Intel(R) Core(TM) 7 150U,NT,2abc7cc
degen-r5-m5-d1e-08-p2,100,SBB-Dual,1e-7*n,1.0e-11,173,174,0.1884715,0.1861791,98.7836887805318,0.0001402,8.5e-5,4.33e-5,0.0,0.0,0.0,0.0020239,0.29415323283823513,8.1076311346331e-12,-1.0039330593550404e-14,1.3888890038060708e-12,0.0,9.699715280042852e-12,1.3888890038060708e-12,100.0,diag_feasible,0,0,0,0,0,0,173,2.3078222863570406e-14,1.12.6,lbt,1,1,Intel(R) Core(TM) 7 150U,NT,2abc7cc
degen-r5-m5-d1e-08-p2,100,Newton-SIN-BH,1e-7*n,9.999999999999999e-6,6,8,0.0204833,0.0157484,76.8840958244033,0.0,1.24e-5,0.0,0.0042098,0.0,0.0,0.0005127000000000005,0.2941532328381983,0.0,-9.046993282559488e-15,8.881784197001252e-15,8.881784197001252e-15,2.3078222863570406e-14,8.881784197001252e-15,NaN,converged,47,47,1,0,0,0,6,2.3078222863570406e-14,1.12.6,lbt,1,1,Intel(R) Core(TM) 7 150U,NT,2abc7cc
degen-r5-m5-d1e-08-p2,100,Newton-SIN,1e-7*n,9.999999999999999e-6,100,3283,3.7136389,3.5617333,95.90952152079193,0.0,0.0014611,0.0,0.0806146,0.0,0.0,0.06982989999999965,0.2941532255830659,2.4283758794541518e-8,-8.167299999571663e-15,5.414810821946503e-9,5.414810821946503e-9,8.154631947022708e-9,5.414810821946503e-9,NaN,max_iter,986,986,3082,0,0,0,100,2.3078222863570406e-14,1.12.6,lbt,1,1,Intel(R) Core(TM) 7 150U,NT,2abc7cc
degen-r5-m5-d1e-08-p2,100,AGD-SDAJ-BH,1e-7*n,1.0e-11,10,84,0.105143,0.10396929999999999,98.88371075582776,0.0,4.25e-5,0.0,0.0,0.0,0.0,0.0011312000000000136,0.2941532328279356,2.5341975734073812e-11,-7.793748577013801e-15,4.373390538603417e-12,4.373390538603417e-12,7.631395360259574e-12,4.373390538603417e-12,NaN,diag_feasible,0,0,25,25,0,0,10,2.3078222863570406e-14,1.12.6,lbt,1,1,Intel(R) Core(TM) 7 150U,NT,2abc7cc
degen-r5-m5-d1e-08-p2,100,AGD-SDAJ,1e-7*n,1.0e-11,10,84,0.125937,0.1245348,98.88658615021798,0.0,5.24e-5,0.0,0.0,0.0,0.0,0.0013497999999999924,0.29415323282773764,2.5339691101814407e-11,-8.934773916551201e-15,4.333644554321836e-12,4.333644554321836e-12,7.593326106661746e-12,4.333644554321836e-12,NaN,diag_feasible_at_xpre,0,0,27,25,2,0,10,2.3078222863570406e-14,1.12.6,lbt,1,1,Intel(R) Core(TM) 7 150U,NT,2abc7cc
degen-r5-m5-d1e-08-p2,100,Dykstra-APM,1e-7*n,9.999999999999999e-6,356,356,0.5194578,0.4592369,88.4069697288211,0.0,0.0,0.0,0.0,0.0424451,0.0,0.017775799999999967,0.29415323280929834,4.2847117199116884e-11,-1.1975855413857845e-14,1.361577517400292e-12,1.361577517400292e-12,9.539759501672962e-12,1.361577517400292e-12,NaN,diag_feasible,0,0,0,0,0,0,356,2.3078222863570406e-14,1.12.6,lbt,1,1,Intel(R) Core(TM) 7 150U,NT,2abc7cc
degen-r5-m5-d1e-08-p2,100,Anderson-APM,1e-7*n,9.999999999999999e-6,77,77,0.1118132,0.0936021,83.71292477095726,0.0,0.0,0.0,0.0,0.0,0.0161355,0.0020756000000000073,0.2941532328607504,3.6652789541679895e-11,-7.590470544398508e-15,1.96787031114809e-12,1.96787031114809e-12,8.649598546353969e-12,1.96787031114809e-12,NaN,diag_feasible,0,0,0,0,0,0,77,2.3078222863570406e-14,1.12.6,lbt,1,1,Intel(R) Core(TM) 7 150U,NT,2abc7cc
degen-r5-m5-d1e-08-p3,100,SBB-Dual,1e-7*n,1.0e-11,175,176,0.1879078,0.18562620000000002,98.78578749791122,0.000138,7.49e-5,3.68e-5,0.0,0.0,0.0,0.0020318999999999945,0.2946327727140451,1.1458904255583184e-11,-1.087045235845936e-14,1.4854784069484595e-12,0.0,9.811738441275954e-12,1.4854784069484595e-12,100.0,diag_feasible,0,0,0,0,0,0,175,1.9747306959778223e-14,1.12.6,lbt,1,1,Intel(R) Core(TM) 7 150U,NT,2abc7cc
degen-r5-m5-d1e-08-p3,100,Newton-SIN-BH,1e-7*n,9.999999999999999e-6,5,6,0.012626,0.009044,71.62996990337399,0.0,6.1e-6,0.0,0.0032843,0.0,0.0,0.00029159999999999993,0.2946327727140068,0.0,-6.5923901533175985e-15,4.884981308350689e-15,4.884981308350689e-15,1.9747306959778223e-14,4.884981308350689e-15,NaN,converged,37,37,0,0,0,0,5,1.9747306959778223e-14,1.12.6,lbt,1,1,Intel(R) Core(TM) 7 150U,NT,2abc7cc
degen-r5-m5-d1e-08-p3,100,Newton-SIN,1e-7*n,9.999999999999999e-6,6,14,0.0225356,0.0191764,85.09380713182698,0.0,8.0e-6,0.0,0.003118,0.0,0.0,0.00023319999999999938,0.2946327727140458,1.181569928426387e-13,-1.0421333100042625e-14,1.887379141862766e-15,1.887379141862766e-15,7.215595591812694e-15,1.887379141862766e-15,NaN,converged,49,49,1,0,0,0,6,1.9747306959778223e-14,1.12.6,lbt,1,1,Intel(R) Core(TM) 7 150U,NT,2abc7cc
degen-r5-m5-d1e-08-p3,100,AGD-SDAJ-BH,1e-7*n,1.0e-11,8,63,0.0827988,0.0818405,98.84261607656148,0.0,3.39e-5,0.0,0.0,0.0,0.0,0.0009244000000000091,0.2946327726946912,3.150557098521516e-11,-1.1510135480626217e-14,1.999289622744982e-12,1.999289622744982e-12,7.725588023310717e-12,1.999289622744982e-12,NaN,diag_feasible,0,0,14,14,0,0,8,1.9747306959778223e-14,1.12.6,lbt,1,1,Intel(R) Core(TM) 7 150U,NT,2abc7cc
degen-r5-m5-d1e-08-p3,100,AGD-SDAJ,1e-7*n,1.0e-11,8,62,0.0704576,0.0696494,98.85292715051322,0.0,2.83e-5,0.0,0.0,0.0,0.0,0.000779899999999995,0.2946327726990744,3.136129116089775e-11,-1.0961540981800239e-14,5.156763904778927e-12,5.156763904778927e-12,9.21302583601067e-12,5.156763904778927e-12,NaN,diag_feasible,0,0,15,11,4,0,8,1.9747306959778223e-14,1.12.6,lbt,1,1,Intel(R) Core(TM) 7 150U,NT,2abc7cc
degen-r5-m5-d1e-08-p3,100,Dykstra-APM,1e-7*n,9.999999999999999e-6,360,360,0.5133659,0.4638579,90.35619623352466,0.0,0.0,0.0,0.0,0.0351071,0.0,0.01440090000000005,0.2946327726852758,4.352204596007101e-11,-8.421798353887508e-15,1.4479528687161292e-12,1.4479528687161292e-12,9.62447378161316e-12,1.4479528687161292e-12,NaN,diag_feasible,0,0,0,0,0,0,360,1.9747306959778223e-14,1.12.6,lbt,1,1,Intel(R) Core(TM) 7 150U,NT,2abc7cc
degen-r5-m5-d1e-08-p3,100,Anderson-APM,1e-7*n,9.999999999999999e-6,65,65,0.1018749,0.0852617,83.69254840986348,0.0,0.0,0.0,0.0,0.0,0.0146104,0.0020028000000000077,0.2946327727292978,2.755361070787321e-11,-1.1012530824525472e-14,2.2721824421978454e-12,2.2721824421978454e-12,6.501494439898662e-12,2.2721824421978454e-12,NaN,diag_feasible,0,0,0,0,0,0,65,1.9747306959778223e-14,1.12.6,lbt,1,1,Intel(R) Core(TM) 7 150U,NT,2abc7cc
degen-r5-m5-d1e-08-p4,100,SBB-Dual,1e-7*n,1.0e-11,172,173,0.2118382,0.2093419,98.82160063671236,0.0001656,9.03e-5,4.29e-5,0.0,0.0,0.0,0.0021975000000000067,0.2948165009898155,7.018655866763623e-12,-8.514401542957299e-15,1.2185807918285718e-12,0.0,9.25137785958658e-12,1.2185807918285718e-12,100.0,diag_feasible,0,0,0,0,0,0,172,1.7738918217345588e-14,1.12.6,lbt,1,1,Intel(R) Core(TM) 7 150U,NT,2abc7cc
degen-r5-m5-d1e-08-p4,100,Newton-SIN-BH,1e-7*n,9.999999999999999e-6,5,6,0.0168465,0.0121563,72.15920220817381,0.0,1.12e-5,0.0,0.0041868,0.0,0.0,0.0004921999999999999,0.2948165009898138,0.0,-8.8508215408238e-15,8.881784197001252e-15,8.881784197001252e-15,1.7738918217345588e-14,8.881784197001252e-15,NaN,converged,37,37,0,0,0,0,5,1.7738918217345588e-14,1.12.6,lbt,1,1,Intel(R) Core(TM) 7 150U,NT,2abc7cc
degen-r5-m5-d1e-08-p4,100,Newton-SIN,1e-7*n,9.999999999999999e-6,100,2851,3.4194964,3.2547551,95.18229350965247,0.0,0.0012871,0.0,0.108719,0.0,0.0,0.05473519999999975,0.2948165002890898,1.6123320653054422e-9,-9.517960783209453e-15,1.9189450028989086e-10,1.9189450028989086e-10,4.4373376601298275e-10,1.9189450028989086e-10,NaN,max_iter,1082,1082,2650,0,0,0,100,1.7738918217345588e-14,1.12.6,lbt,1,1,Intel(R) Core(TM) 7 150U,NT,2abc7cc
degen-r5-m5-d1e-08-p4,100,AGD-SDAJ-BH,1e-7*n,1.0e-11,8,68,0.1037194,0.1011229,97.49661104865628,0.0,4.4e-5,0.0,0.0,0.0,0.0,0.0025525000000000014,0.294816500999887,1.637212284224836e-11,-8.771101187511509e-15,1.0174083797664935e-12,1.0174083797664935e-12,3.993617851514527e-12,1.0174083797664935e-12,NaN,diag_feasible,0,0,19,19,0,0,8,1.7738918217345588e-14,1.12.6,lbt,1,1,Intel(R) Core(TM) 7 150U,NT,2abc7cc
degen-r5-m5-d1e-08-p4,100,AGD-SDAJ,1e-7*n,1.0e-11,9,112,0.1770933,0.1751198,98.8856156613491,0.0,0.0001465,0.0,0.0,0.0,0.0,0.001827000000000017,0.2948165010000834,1.664244005363497e-11,-7.90082883612227e-15,1.1083356454832938e-12,1.1083356454832938e-12,4.053690101060722e-12,1.1083356454832938e-12,NaN,diag_feasible,0,0,60,23,37,0,9,1.7738918217345588e-14,1.12.6,lbt,1,1,Intel(R) Core(TM) 7 150U,NT,2abc7cc
degen-r5-m5-d1e-08-p4,100,Dykstra-APM,1e-7*n,9.999999999999999e-6,353,353,0.4943246,0.4554302,92.13180974606564,0.0,0.0,0.0,0.0,0.027519,0.0,0.011375399999999997,0.29481650096078293,4.311238102703024e-11,-9.545968195500824e-15,1.2645440250480533e-12,1.2645440250480533e-12,9.588336889113365e-12,1.2645440250480533e-12,NaN,diag_feasible,0,0,0,0,0,0,353,1.7738918217345588e-14,1.12.6,lbt,1,1,Intel(R) Core(TM) 7 150U,NT,2abc7cc
degen-r5-m5-d1e-08-p4,100,Anderson-APM,1e-7*n,9.999999999999999e-6,54,54,0.0964842,0.0806943,83.63472983141281,0.0,0.0,0.0,0.0,0.0,0.0138086,0.0019813000000000087,0.29481650099700746,2.254671556990951e-11,-8.76109846959217e-15,1.7101875471325911e-12,1.7101875471325911e-12,6.313300675031929e-12,1.7101875471325911e-12,NaN,diag_feasible,0,0,0,0,0,0,54,1.7738918217345588e-14,1.12.6,lbt,1,1,Intel(R) Core(TM) 7 150U,NT,2abc7cc
degen-r5-m5-d1e-10-p0,100,SBB-Dual,1e-7*n,1.0e-11,167,168,0.1828482,0.1806894,98.81934850876301,0.0001376,7.15e-5,3.84e-5,0.0,0.0,0.0,0.0019112999999999886,0.2869715471422429,9.264158995370279e-12,-8.492320260499772e-15,1.709299368712891e-12,0.0,9.973505174346583e-12,1.709299368712891e-12,100.0,diag_feasible,0,0,0,0,0,0,167,2.825773875253788e-14,1.12.6,lbt,1,1,Intel(R) Core(TM) 7 150U,NT,2abc7cc
degen-r5-m5-d1e-10-p0,100,Newton-SIN-BH,1e-7*n,9.999999999999999e-6,5,6,0.0092148,0.0063949,69.39814211919955,0.0,3.5e-6,0.0,0.0026218,0.0,0.0,0.00019460000000000007,0.28697154714222955,0.0,-7.048000608424779e-15,7.105427357601002e-15,7.105427357601002e-15,2.825773875253788e-14,7.105427357601002e-15,NaN,converged,41,41,0,0,0,0,5,2.825773875253788e-14,1.12.6,lbt,1,1,Intel(R) Core(TM) 7 150U,NT,2abc7cc
degen-r5-m5-d1e-10-p0,100,Newton-SIN,1e-7*n,9.999999999999999e-6,7,21,0.0412005,0.0357015,86.65307459860924,0.0,1.34e-5,0.0,0.0051182,0.0,0.0,0.00036740000000000383,0.28697154712621803,3.3439086635588624e-11,-9.718998630253012e-15,3.778755086614183e-12,3.778755086614183e-12,8.929574341197837e-12,3.778755086614183e-12,NaN,converged,68,68,6,0,0,0,7,2.825773875253788e-14,1.12.6,lbt,1,1,Intel(R) Core(TM) 7 150U,NT,2abc7cc
degen-r5-m5-d1e-10-p0,100,AGD-SDAJ-BH,1e-7*n,1.0e-11,13,103,0.1228983,0.121388,98.77109772877249,0.0,5.56e-5,0.0,0.0,0.0,0.0,0.001454700000000006,0.286971547134329,2.4800218961783973e-11,-9.807184113798903e-15,5.644817946404146e-12,5.644817946404146e-12,7.171686173888668e-12,5.644817946404146e-12,NaN,diag_feasible,0,0,26,26,0,0,13,2.825773875253788e-14,1.12.6,lbt,1,1,Intel(R) Core(TM) 7 150U,NT,2abc7cc
degen-r5-m5-d1e-10-p0,100,AGD-SDAJ,1e-7*n,1.0e-11,11,90,0.1189588,0.1175499,98.81564037296945,0.0,4.91e-5,0.0,0.0,0.0,0.0,0.0013598000000000045,0.28697154712821815,2.4741065882882555e-11,-1.022800370816685e-14,4.050315638437496e-12,4.050315638437496e-12,6.586560721241625e-12,4.050315638437496e-12,NaN,diag_feasible_at_xpre,0,0,27,23,4,0,11,2.825773875253788e-14,1.12.6,lbt,1,1,Intel(R) Core(TM) 7 150U,NT,2abc7cc
degen-r5-m5-d1e-10-p0,100,Dykstra-APM,1e-7*n,9.999999999999999e-6,344,344,0.5240817,0.4423749,84.40953004083143,0.0,0.0,0.0,0.0,0.060736,0.0,0.02097079999999997,0.2869715471118816,4.432499809164691e-11,-1.0451226744036256e-14,1.701971896750365e-12,1.701971896750365e-12,9.854017253901502e-12,1.701971896750365e-12,NaN,diag_feasible,0,0,0,0,0,0,344,2.825773875253788e-14,1.12.6,lbt,1,1,Intel(R) Core(TM) 7 150U,NT,2abc7cc
degen-r5-m5-d1e-10-p0,100,Anderson-APM,1e-7*n,9.999999999999999e-6,93,93,0.1475804,0.123048,83.37692539117661,0.0,0.0,0.0,0.0,0.0,0.0217825,0.002749899999999996,0.28697154715326834,3.675003838782813e-11,-8.850758188687093e-15,3.057332165212756e-12,3.057332165212756e-12,9.538088455511818e-12,3.057332165212756e-12,NaN,diag_feasible,0,0,0,0,0,0,93,2.825773875253788e-14,1.12.6,lbt,1,1,Intel(R) Core(TM) 7 150U,NT,2abc7cc
degen-r5-m5-d1e-10-p1,100,SBB-Dual,1e-7*n,1.0e-11,162,163,0.1995855,0.1971935,98.80151614220472,0.000156,8.77e-5,3.65e-5,0.0,0.0,0.0,0.0021118000000000053,0.28217368255675124,8.531821850832839e-12,-9.642375658312766e-15,1.6915358003188885e-12,0.0,9.728341464139771e-12,1.6915358003188885e-12,100.0,diag_feasible,0,0,0,0,0,0,162,2.316032736484957e-14,1.12.6,lbt,1,1,Intel(R) Core(TM) 7 150U,NT,2abc7cc
degen-r5-m5-d1e-10-p1,100,Newton-SIN-BH,1e-7*n,9.999999999999999e-6,6,7,0.0169428,0.011670699999999999,68.88294732865877,0.0,8.5e-6,0.0,0.004909,0.0,0.0,0.0003546000000000018,0.28217368255670755,0.0,-1.0642306267379774e-14,6.661338147750939e-15,6.661338147750939e-15,2.316032736484957e-14,6.661338147750939e-15,NaN,converged,53,53,0,0,0,0,6,2.316032736484957e-14,1.12.6,lbt,1,1,Intel(R) Core(TM) 7 150U,NT,2abc7cc
degen-r5-m5-d1e-10-p1,100,Newton-SIN,1e-7*n,9.999999999999999e-6,7,20,0.0353603,0.0301642,85.30527173129187,0.0,1.13e-5,0.0,0.004844,0.0,0.0,0.00034079999999999874,0.2821736825474955,3.152829939136606e-11,-1.2751065730770886e-14,5.6838977968709514e-12,5.6838977968709514e-12,9.196008414040303e-12,5.6838977968709514e-12,NaN,converged,67,67,5,0,0,0,7,2.316032736484957e-14,1.12.6,lbt,1,1,Intel(R) Core(TM) 7 150U,NT,2abc7cc
degen-r5-m5-d1e-10-p1,100,AGD-SDAJ-BH,1e-7*n,1.0e-11,11,80,0.1021362,0.10093719999999999,98.82607733594945,0.0,5.58e-5,0.0,0.0,0.0,0.0,0.0011432000000000057,0.2821736825440691,2.1258793133027704e-11,-1.0255101960732808e-14,3.7416736375917026e-12,3.7416736375917026e-12,5.727439099443679e-12,3.7416736375917026e-12,NaN,diag_feasible,0,0,15,15,0,0,11,2.316032736484957e-14,1.12.6,lbt,1,1,Intel(R) Core(TM) 7 150U,NT,2abc7cc
degen-r5-m5-d1e-10-p1,100,AGD-SDAJ,1e-7*n,1.0e-11,10,88,0.1051997,0.10396520000000001,98.82651756611475,0.0,4.38e-5,0.0,0.0,0.0,0.0,0.0011906999999999855,0.2821736825392532,3.1797267623394066e-11,-1.209866578045299e-14,5.21072074377571e-12,5.21072074377571e-12,8.791773342963028e-12,5.21072074377571e-12,NaN,diag_feasible,0,0,29,14,15,0,10,2.316032736484957e-14,1.12.6,lbt,1,1,Intel(R) Core(TM) 7 150U,NT,2abc7cc
degen-r5-m5-d1e-10-p1,100,Dykstra-APM,1e-7*n,9.999999999999999e-6,334,334,0.4975792,0.4407187,88.57257296928812,0.0,0.0,0.0,0.0,0.0434387,0.0,0.013421799999999984,0.2821736825263314,4.319043328697308e-11,-8.518093547976471e-15,1.6890933096647132e-12,1.6890933096647132e-12,9.641305811603749e-12,1.6890933096647132e-12,NaN,diag_feasible,0,0,0,0,0,0,334,2.316032736484957e-14,1.12.6,lbt,1,1,Intel(R) Core(TM) 7 150U,NT,2abc7cc
degen-r5-m5-d1e-10-p1,100,Anderson-APM,1e-7*n,9.999999999999999e-6,57,57,0.0817035,0.068299,83.59372609496533,0.0,0.0,0.0,0.0,0.0,0.0114113,0.0019932000000000005,0.2821736825634274,1.3811411823832118e-11,-1.0210639298391113e-14,1.6624479570737094e-12,1.6624479570737094e-12,3.889411853247217e-12,1.6624479570737094e-12,NaN,diag_feasible,0,0,0,0,0,0,57,2.316032736484957e-14,1.12.6,lbt,1,1,Intel(R) Core(TM) 7 150U,NT,2abc7cc
degen-r5-m5-d1e-10-p2,100,SBB-Dual,1e-7*n,1.0e-11,161,162,0.1866379,0.18437810000000002,98.78920626517981,0.0001394,8.03e-5,3.69e-5,0.0,0.0,0.0,0.0020031999999999784,0.2941532468174061,8.102992337042767e-12,-7.890754311624091e-15,1.5827339439056232e-12,0.0,9.891367982845527e-12,1.5827339439056232e-12,100.0,diag_feasible,0,0,0,0,0,0,161,1.3513288778347785e-14,1.12.6,lbt,1,1,Intel(R) Core(TM) 7 150U,NT,2abc7cc
degen-r5-m5-d1e-10-p2,100,Newton-SIN-BH,1e-7*n,9.999999999999999e-6,5,6,0.0091246,0.006593600000000001,72.26179777743683,0.0,4.4e-6,0.0,0.0023175,0.0,0.0,0.0002090999999999994,0.2941532468174047,0.0,-1.1914079012111505e-14,4.884981308350689e-15,4.884981308350689e-15,1.3513288778347785e-14,4.884981308350689e-15,NaN,converged,40,40,0,0,0,0,5,1.3513288778347785e-14,1.12.6,lbt,1,1,Intel(R) Core(TM) 7 150U,NT,2abc7cc
degen-r5-m5-d1e-10-p2,100,Newton-SIN,1e-7*n,9.999999999999999e-6,5,11,0.0217055,0.0187135,86.21547534035153,0.0,5.5e-6,0.0,0.002773,0.0,0.0,0.0002134999999999984,0.2941532468174047,0.0,-1.1914079012111505e-14,4.884981308350689e-15,4.884981308350689e-15,1.3513288778347785e-14,4.884981308350689e-15,NaN,converged,40,40,0,0,0,0,5,1.3513288778347785e-14,1.12.6,lbt,1,1,Intel(R) Core(TM) 7 150U,NT,2abc7cc
degen-r5-m5-d1e-10-p2,100,AGD-SDAJ-BH,1e-7*n,1.0e-11,10,85,0.1185994,0.11734760000000001,98.94451405319084,0.0,4.92e-5,0.0,0.0,0.0,0.0,0.0012025999999999834,0.29415324680616717,3.278437440608332e-11,-9.39625024038723e-15,2.8459457013241263e-12,2.8459457013241263e-12,9.380366486138615e-12,2.8459457013241263e-12,NaN,diag_feasible_at_xpre,0,0,26,26,0,0,10,1.3513288778347785e-14,1.12.6,lbt,1,1,Intel(R) Core(TM) 7 150U,NT,2abc7cc
degen-r5-m5-d1e-10-p2,100,AGD-SDAJ,1e-7*n,1.0e-11,10,85,0.1120227,0.11087330000000001,98.97395795673556,0.0,4.43e-5,0.0,0.0,0.0,0.0,0.001105099999999995,0.29415324680863547,1.59195901898727e-11,-1.2482968135065981e-14,1.811550909280868e-12,1.811550909280868e-12,4.179488428085647e-12,1.811550909280868e-12,NaN,diag_feasible_at_xpre,0,0,28,25,3,0,10,1.3513288778347785e-14,1.12.6,lbt,1,1,Intel(R) Core(TM) 7 150U,NT,2abc7cc
degen-r5-m5-d1e-10-p2,100,Dykstra-APM,1e-7*n,9.999999999999999e-6,332,332,0.5201452,0.4602173,88.47862096968308,0.0,0.0,0.0,0.0,0.0454458,0.0,0.014482099999999977,0.2941532467877823,4.3893169312590517e-11,-9.508262498846691e-15,1.5829559885105482e-12,1.5829559885105482e-12,9.806826148696306e-12,1.5829559885105482e-12,NaN,diag_feasible,0,0,0,0,0,0,332,1.3513288778347785e-14,1.12.6,lbt,1,1,Intel(R) Core(TM) 7 150U,NT,2abc7cc
degen-r5-m5-d1e-10-p2,100,Anderson-APM,1e-7*n,9.999999999999999e-6,89,89,0.1258423,0.1061908,84.38402667465552,0.0,0.0,0.0,0.0,0.0,0.0171887,0.0024627999999999872,0.2941532468368145,3.166867713545208e-11,-1.0957407520016067e-14,1.4315215679516768e-12,1.4315215679516768e-12,7.502599587506157e-12,1.4315215679516768e-12,NaN,diag_feasible,0,0,0,0,0,0,89,1.3513288778347785e-14,1.12.6,lbt,1,1,Intel(R) Core(TM) 7 150U,NT,2abc7cc
degen-r5-m5-d1e-10-p3,100,SBB-Dual,1e-7*n,1.0e-11,163,164,0.1866058,0.184415,98.82597432662864,0.0001388,7.77e-5,3.82e-5,0.0,0.0,0.0,0.0019360999999999927,0.2946327867486072,1.1391608089164827e-11,-1.1533258753721127e-14,1.880717803715015e-12,0.0,9.80866933053869e-12,1.880717803715015e-12,100.0,diag_feasible,0,0,0,0,0,0,163,1.343782689223772e-14,1.12.6,lbt,1,1,Intel(R) Core(TM) 7 150U,NT,2abc7cc
degen-r5-m5-d1e-10-p3,100,Newton-SIN-BH,1e-7*n,9.999999999999999e-6,5,6,0.0146197,0.0104891,71.74634226420515,0.0,8.1e-6,0.0,0.0037682,0.0,0.0,0.0003543000000000001,0.29463278674860494,0.0,-1.0445057920839861e-14,4.218847493575595e-15,4.218847493575595e-15,1.343782689223772e-14,4.218847493575595e-15,NaN,converged,39,39,0,0,0,0,5,1.343782689223772e-14,1.12.6,lbt,1,1,Intel(R) Core(TM) 7 150U,NT,2abc7cc
degen-r5-m5-d1e-10-p3,100,Newton-SIN,1e-7*n,9.999999999999999e-6,7,20,0.0334652,0.0287701,85.97020188135734,0.0,1.16e-5,0.0,0.0043453,0.0,0.0,0.0003382000000000012,0.29463278673687054,3.361055244940068e-11,-1.0234994230532184e-14,5.432321259490891e-12,5.432321259490891e-12,9.006097577048521e-12,5.432321259490891e-12,NaN,converged,63,63,5,0,0,0,7,1.343782689223772e-14,1.12.6,lbt,1,1,Intel(R) Core(TM) 7 150U,NT,2abc7cc
degen-r5-m5-d1e-10-p3,100,AGD-SDAJ-BH,1e-7*n,1.0e-11,7,54,0.0714169,0.0705459,98.78040071747722,0.0,3.11e-5,0.0,0.0,0.0,0.0,0.0008399000000000106,0.29463278673284476,2.696044991112221e-11,-9.849174149418793e-15,2.7076119124558318e-12,2.7076119124558318e-12,6.766429504291587e-12,2.7076119124558318e-12,NaN,diag_feasible,0,0,11,11,0,0,7,1.343782689223772e-14,1.12.6,lbt,1,1,Intel(R) Core(TM) 7 150U,NT,2abc7cc
degen-r5-m5-d1e-10-p3,100,AGD-SDAJ,1e-7*n,1.0e-11,9,72,0.0867133,0.0857275,98.86315017419473,0.0,3.48e-5,0.0,0.0,0.0,0.0,0.000950999999999995,0.29463278673012566,3.250538008195499e-11,-9.969170096495733e-15,3.735789455561189e-12,3.735789455561189e-12,8.522491273823157e-12,3.735789455561189e-12,NaN,diag_feasible,0,0,19,13,6,0,9,1.343782689223772e-14,1.12.6,lbt,1,1,Intel(R) Core(TM) 7 150U,NT,2abc7cc
degen-r5-m5-d1e-10-p3,100,Dykstra-APM,1e-7*n,9.999999999999999e-6,336,336,0.4819194,0.4241706,88.01691735173974,0.0,0.0,0.0,0.0,0.0441406,0.0,0.013608199999999987,0.29463278671980414,4.369120198981555e-11,-9.111910615275996e-15,1.8771650900362147e-12,1.8771650900362147e-12,9.703161834373121e-12,1.8771650900362147e-12,NaN,diag_feasible,0,0,0,0,0,0,336,1.343782689223772e-14,1.12.6,lbt,1,1,Intel(R) Core(TM) 7 150U,NT,2abc7cc
degen-r5-m5-d1e-10-p3,100,Anderson-APM,1e-7*n,9.999999999999999e-6,61,61,0.1043503,0.0875774,83.92635191274007,0.0,0.0,0.0,0.0,0.0,0.014659,0.002113899999999993,0.2946327867734677,4.1189148528449997e-11,-9.070271432912217e-15,2.677302823883565e-12,2.677302823883565e-12,9.551725847381136e-12,2.677302823883565e-12,NaN,diag_feasible,0,0,0,0,0,0,61,1.343782689223772e-14,1.12.6,lbt,1,1,Intel(R) Core(TM) 7 150U,NT,2abc7cc
degen-r5-m5-d1e-10-p4,100,SBB-Dual,1e-7*n,1.0e-11,159,160,0.162565,0.16039799999999999,98.66699474056531,0.0001368,7.55e-5,3.68e-5,0.0,0.0,0.0,0.0019179000000000023,0.294816515071756,7.800931185754101e-12,-9.811093241499345e-15,1.5876189252139739e-12,0.0,9.947906075475646e-12,1.5876189252139739e-12,100.0,diag_feasible,0,0,0,0,0,0,159,2.786084716561633e-14,1.12.6,lbt,1,1,Intel(R) Core(TM) 7 150U,NT,2abc7cc
degen-r5-m5-d1e-10-p4,100,Newton-SIN-BH,1e-7*n,9.999999999999999e-6,5,6,0.0105759,0.00777,73.46892463052791,0.0,5.5e-6,0.0,0.0025431,0.0,0.0,0.00025729999999999937,0.29481651507177503,0.0,-6.933791554596391e-15,8.881784197001252e-15,8.881784197001252e-15,2.786084716561633e-14,8.881784197001252e-15,NaN,converged,40,40,0,0,0,0,5,2.786084716561633e-14,1.12.6,lbt,1,1,Intel(R) Core(TM) 7 150U,NT,2abc7cc
degen-r5-m5-d1e-10-p4,100,Newton-SIN,1e-7*n,9.999999999999999e-6,6,14,0.0304639,0.0256666,84.25250870702702,0.0,1.18e-5,0.0,0.0044841,0.0,0.0,0.0003013999999999968,0.29481651507176587,1.549143521404752e-13,-9.682986036733619e-15,4.884981308350689e-15,4.884981308350689e-15,1.4148702437024952e-14,4.884981308350689e-15,NaN,converged,53,53,1,0,0,0,6,2.786084716561633e-14,1.12.6,lbt,1,1,Intel(R) Core(TM) 7 150U,NT,2abc7cc
degen-r5-m5-d1e-10-p4,100,AGD-SDAJ-BH,1e-7*n,1.0e-11,9,70,0.1125765,0.1113267,98.88982158798684,0.0,4.8e-5,0.0,0.0,0.0,0.0,0.0012017999999999953,0.29481651508302,2.4238875853751895e-11,-8.601809269676408e-15,5.066280728271977e-12,5.066280728271977e-12,6.927159421725907e-12,5.066280728271977e-12,NaN,diag_feasible_at_xpre,0,0,19,19,0,0,9,2.786084716561633e-14,1.12.6,lbt,1,1,Intel(R) Core(TM) 7 150U,NT,2abc7cc
degen-r5-m5-d1e-10-p4,100,AGD-SDAJ,1e-7*n,1.0e-11,8,82,0.094492,0.0933415,98.78243660839011,0.0,4.38e-5,0.0,0.0,0.0,0.0,0.0011067000000000125,0.2948165150789142,1.0880350786074701e-11,-8.486672074043236e-15,7.213118990989642e-13,7.213118990989642e-13,2.494435406615192e-12,7.213118990989642e-13,NaN,diag_feasible,0,0,33,22,11,0,8,2.786084716561633e-14,1.12.6,lbt,1,1,Intel(R) Core(TM) 7 150U,NT,2abc7cc
degen-r5-m5-d1e-10-p4,100,Dykstra-APM,1e-7*n,9.999999999999999e-6,328,328,0.4556715,0.4029077,88.42064952493187,0.0,0.0,0.0,0.0,0.040241,0.0,0.012522800000000028,0.2948165150421214,4.424246011921273e-11,-9.999872491165404e-15,1.5893952820533741e-12,1.5893952820533741e-12,9.873244568529858e-12,1.5893952820533741e-12,NaN,diag_feasible,0,0,0,0,0,0,328,2.786084716561633e-14,1.12.6,lbt,1,1,Intel(R) Core(TM) 7 150U,NT,2abc7cc
degen-r5-m5-d1e-10-p4,100,Anderson-APM,1e-7*n,9.999999999999999e-6,66,66,0.101456,0.085046,83.82550070966724,0.0,0.0,0.0,0.0,0.0,0.0145073,0.0019027000000000072,0.2948165150631908,1.8397581234281856e-11,-8.426913707395608e-15,1.3886669592011458e-12,1.3886669592011458e-12,4.648275883280634e-12,1.3886669592011458e-12,NaN,diag_feasible,0,0,0,0,0,0,66,2.786084716561633e-14,1.12.6,lbt,1,1,Intel(R) Core(TM) 7 150U,NT,2abc7cc
degen-r5-m5-d0-p0,100,SBB-Dual,1e-7*n,1.0e-11,164,165,0.1899503,0.1876016,98.76351866777783,0.0001471,8.26e-5,4.97e-5,0.0,0.0,0.0,0.0020692999999999814,0.2869715472726116,1.6429906221752555e-11,-9.93235099983022e-15,2.05702122002549e-12,0.0,9.054786631404213e-12,2.05702122002549e-12,100.0,diag_feasible,0,0,0,0,0,0,164,2.853273173286652e-14,1.12.6,lbt,1,1,Intel(R) Core(TM) 7 150U,NT,2abc7cc
degen-r5-m5-d0-p0,100,Newton-SIN-BH,1e-7*n,9.999999999999999e-6,4,5,0.0111279,0.0077543,69.68340836995301,0.0,1.09e-5,0.0,0.0030855,0.0,0.0,0.00027719999999999915,0.2869715472726086,0.0,-7.482980705355797e-15,1.021405182655144e-14,1.021405182655144e-14,2.853273173286652e-14,1.021405182655144e-14,NaN,converged,28,28,0,0,0,0,4,2.853273173286652e-14,1.12.6,lbt,1,1,Intel(R) Core(TM) 7 150U,NT,2abc7cc
degen-r5-m5-d0-p0,100,Newton-SIN,1e-7*n,9.999999999999999e-6,4,9,0.0154629,0.0129199,83.55418453200888,0.0,6.1e-6,0.0,0.002344,0.0,0.0,0.00019289999999999976,0.2869715472726086,0.0,-7.482980705355797e-15,1.021405182655144e-14,1.021405182655144e-14,2.853273173286652e-14,1.021405182655144e-14,NaN,converged,28,28,0,0,0,0,4,2.853273173286652e-14,1.12.6,lbt,1,1,Intel(R) Core(TM) 7 150U,NT,2abc7cc
degen-r5-m5-d0-p0,100,AGD-SDAJ-BH,1e-7*n,1.0e-11,12,98,0.1264591,0.1250094,98.85362144756685,0.0,5.45e-5,0.0,0.0,0.0,0.0,0.0013951999999999981,0.2869715472634394,1.7129166981217184e-11,-8.72404127890977e-15,6.076694702983332e-12,6.076694702983332e-12,9.06341572029294e-12,6.076694702983332e-12,NaN,diag_feasible,0,0,27,27,0,0,12,2.853273173286652e-14,1.12.6,lbt,1,1,Intel(R) Core(TM) 7 150U,NT,2abc7cc
degen-r5-m5-d0-p0,100,AGD-SDAJ,1e-7*n,1.0e-11,12,104,0.1394213,0.1378317,98.85985857254236,0.0,5.88e-5,0.0,0.0,0.0,0.0,0.0015307999999999967,0.2869715472648223,1.7414078681039072e-11,-9.832212564744216e-15,4.759304061963121e-12,4.759304061963121e-12,7.524986912161211e-12,4.759304061963121e-12,NaN,diag_feasible,0,0,31,29,2,0,12,2.853273173286652e-14,1.12.6,lbt,1,1,Intel(R) Core(TM) 7 150U,NT,2abc7cc
degen-r5-m5-d0-p0,100,Dykstra-APM,1e-7*n,9.999999999999999e-6,337,337,0.4862463,0.4326529,88.97813721153251,0.0,0.0,0.0,0.0,0.0302396,0.0,0.023353800000000015,0.28697154724627744,3.795506549984624e-11,-7.841126987088914e-15,2.1813661987835076e-12,2.1813661987835076e-12,9.606524161162663e-12,2.1813661987835076e-12,NaN,diag_feasible,0,0,0,0,0,0,337,2.853273173286652e-14,1.12.6,lbt,1,1,Intel(R) Core(TM) 7 150U,NT,2abc7cc
degen-r5-m5-d0-p0,100,Anderson-APM,1e-7*n,9.999999999999999e-6,91,91,0.138435,0.1165311,84.17748401777007,0.0,0.0,0.0,0.0,0.0,0.019373,0.0025309000000000026,0.2869715472876721,2.5969808444452445e-11,-1.163351103743504e-14,1.6888712650597881e-12,1.6888712650597881e-12,6.251671028168154e-12,1.6888712650597881e-12,NaN,diag_feasible,0,0,0,0,0,0,91,2.853273173286652e-14,1.12.6,lbt,1,1,Intel(R) Core(TM) 7 150U,NT,2abc7cc
degen-r5-m5-d0-p1,100,SBB-Dual,1e-7*n,1.0e-11,158,159,0.1639103,0.16189119999999999,98.76816771124206,0.0001207,6.73e-5,3.53e-5,0.0,0.0,0.0,0.0017958000000000236,0.282173682679361,1.8018688232411513e-11,-9.841771905215133e-15,2.269517906938745e-12,0.0,9.778162815793238e-12,2.269517906938745e-12,100.0,diag_feasible,0,0,0,0,0,0,158,1.7897332353584515e-14,1.12.6,lbt,1,1,Intel(R) Core(TM) 7 150U,NT,2abc7cc
degen-r5-m5-d0-p1,100,Newton-SIN-BH,1e-7*n,9.999999999999999e-6,5,6,0.0141062,0.0099551,70.5725142136082,0.0,7.4e-6,0.0,0.0037892,0.0,0.0,0.00035449999999999935,0.28217368267932963,0.0,-1.088039293860711e-14,6.217248937900877e-15,6.217248937900877e-15,1.7897332353584515e-14,6.217248937900877e-15,NaN,converged,41,41,0,0,0,0,5,1.7897332353584515e-14,1.12.6,lbt,1,1,Intel(R) Core(TM) 7 150U,NT,2abc7cc
degen-r5-m5-d0-p1,100,Newton-SIN,1e-7*n,9.999999999999999e-6,100,2858,3.6429008,3.4529095,94.78461505182902,0.0,0.0013434,0.0,0.1354417,0.0,0.0,0.05320619999999998,0.28217368259102865,4.682251094979519e-10,-7.641850557072472e-15,1.650797276653293e-10,1.650797276653293e-10,1.7216683291729575e-10,1.650797276653293e-10,NaN,max_iter,1561,1561,2657,0,0,0,100,1.7897332353584515e-14,1.12.6,lbt,1,1,Intel(R) Core(TM) 7 150U,NT,2abc7cc
degen-r5-m5-d0-p1,100,AGD-SDAJ-BH,1e-7*n,1.0e-11,10,70,0.0813462,0.0804417,98.88808573725635,0.0,3.53e-5,0.0,0.0,0.0,0.0,0.0008691999999999886,0.2821736826750107,2.5438812835164396e-11,-8.299439990228314e-15,4.5884407384733095e-12,4.5884407384733095e-12,8.024458332615712e-12,4.5884407384733095e-12,NaN,diag_feasible_at_xpre,0,0,11,11,0,0,10,1.7897332353584515e-14,1.12.6,lbt,1,1,Intel(R) Core(TM) 7 150U,NT,2abc7cc
degen-r5-m5-d0-p1,100,AGD-SDAJ,1e-7*n,1.0e-11,11,112,0.1315374,0.13014009999999998,98.9377165733852,0.0,5.56e-5,0.0,0.0,0.0,0.0,0.001341700000000018,0.28217368267860937,1.0980805362902892e-11,-9.471064612773176e-15,2.560174294785611e-12,2.560174294785611e-12,3.4181009955495917e-12,2.560174294785611e-12,NaN,diag_feasible_at_xpre,0,0,47,13,34,0,11,1.7897332353584515e-14,1.12.6,lbt,1,1,Intel(R) Core(TM) 7 150U,NT,2abc7cc
degen-r5-m5-d0-p1,100,Dykstra-APM,1e-7*n,9.999999999999999e-6,326,326,0.4567058,0.4020141,88.02474152944849,0.0,0.0,0.0,0.0,0.0302646,0.0,0.02442710000000001,0.2821736826520819,3.7783761475026604e-11,-8.249674903882967e-15,2.2581936320875684e-12,2.2581936320875684e-12,9.739638037236068e-12,2.2581936320875684e-12,NaN,diag_feasible,0,0,0,0,0,0,326,1.7897332353584515e-14,1.12.6,lbt,1,1,Intel(R) Core(TM) 7 150U,NT,2abc7cc
degen-r5-m5-d0-p1,100,Anderson-APM,1e-7*n,9.999999999999999e-6,62,62,0.0797651,0.0665601,83.4451407946583,0.0,0.0,0.0,0.0,0.0,0.011463,0.0017420000000000092,0.282173682675895,2.852977150454199e-11,-1.1478480784202758e-14,3.721467578543525e-12,3.721467578543525e-12,8.933706359210684e-12,3.721467578543525e-12,NaN,diag_feasible,0,0,0,0,0,0,62,1.7897332353584515e-14,1.12.6,lbt,1,1,Intel(R) Core(TM) 7 150U,NT,2abc7cc
degen-r5-m5-d0-p2,100,SBB-Dual,1e-7*n,1.0e-11,158,159,0.2084872,0.2060123,98.81292472631414,0.0001575,9.18e-5,6.43e-5,0.0,0.0,0.0,0.002161300000000002,0.2941532469586108,1.5162861408869195e-11,-8.512263282343525e-15,1.8745005547771143e-12,0.0,8.695495584607202e-12,1.8745005547771143e-12,100.0,diag_feasible,0,0,0,0,0,0,158,2.8531651728939705e-14,1.12.6,lbt,1,1,Intel(R) Core(TM) 7 150U,NT,2abc7cc
degen-r5-m5-d0-p2,100,Newton-SIN-BH,1e-7*n,9.999999999999999e-6,4,5,0.0078223,0.0058975,75.39342648581618,0.0,4.2e-6,0.0,0.001715,0.0,0.0,0.00020560000000000088,0.29415324695855827,0.0,-7.835110870827786e-15,7.327471962526033e-15,7.327471962526033e-15,2.8531651728939705e-14,7.327471962526033e-15,NaN,converged,28,28,0,0,0,0,4,2.8531651728939705e-14,1.12.6,lbt,1,1,Intel(R) Core(TM) 7 150U,NT,2abc7cc
degen-r5-m5-d0-p2,100,Newton-SIN,1e-7*n,9.999999999999999e-6,100,3048,3.5509386,3.3762081,95.07931508587617,0.0,0.0013772,0.0,0.1085482,0.0,0.0,0.06480509999999991,0.2941532445361904,9.844780543499578e-9,-7.614946590946708e-15,2.4799093889527057e-9,2.4799093889527057e-9,3.651383155929411e-9,2.4799093889527057e-9,NaN,max_iter,1180,1180,2847,0,0,0,100,2.8531651728939705e-14,1.12.6,lbt,1,1,Intel(R) Core(TM) 7 150U,NT,2abc7cc
degen-r5-m5-d0-p2,100,AGD-SDAJ-BH,1e-7*n,1.0e-11,12,103,0.1434423,0.140855,98.19627822476356,0.0,6.89e-5,0.0,0.0,0.0,0.0,0.0025183999999999866,0.2941532469515036,1.0392175376087484e-11,-8.081569163738859e-15,3.233413536918306e-12,3.233413536918306e-12,4.418032760134161e-12,3.233413536918306e-12,NaN,diag_feasible,0,0,30,30,0,0,12,2.8531651728939705e-14,1.12.6,lbt,1,1,Intel(R) Core(TM) 7 150U,NT,2abc7cc
degen-r5-m5-d0-p2,100,AGD-SDAJ,1e-7*n,1.0e-11,12,118,0.1739307,0.17196840000000002,98.87179204131301,0.0,7.63e-5,0.0,0.0,0.0,0.0,0.0018859999999999723,0.29415324695529255,7.418280415983013e-12,-9.250479693169405e-15,1.247668635073751e-12,1.247668635073751e-12,2.4716187951656326e-12,1.247668635073751e-12,NaN,diag_feasible,0,0,45,26,19,0,12,2.8531651728939705e-14,1.12.6,lbt,1,1,Intel(R) Core(TM) 7 150U,NT,2abc7cc
degen-r5-m5-d0-p2,100,Dykstra-APM,1e-7*n,9.999999999999999e-6,324,324,0.4861032,0.4306681,88.59602240841039,0.0,0.0,0.0,0.0,0.0295982,0.0,0.025836900000000013,0.2941532469327958,3.867862732732423e-11,-7.759928290981196e-15,2.147837463439828e-12,2.147837463439828e-12,9.977041851954793e-12,2.147837463439828e-12,NaN,diag_feasible,0,0,0,0,0,0,324,2.8531651728939705e-14,1.12.6,lbt,1,1,Intel(R) Core(TM) 7 150U,NT,2abc7cc
degen-r5-m5-d0-p2,100,Anderson-APM,1e-7*n,9.999999999999999e-6,93,93,0.1440727,0.1218814,84.59715129930932,0.0,0.0,0.0,0.0,0.0,0.019623,0.0025682999999999956,0.29415324698063966,3.6685101618999784e-11,-8.34686375855789e-15,2.1763701951726944e-12,2.1763701951726944e-12,8.85638378933679e-12,2.1763701951726944e-12,NaN,diag_feasible,0,0,0,0,0,0,93,2.8531651728939705e-14,1.12.6,lbt,1,1,Intel(R) Core(TM) 7 150U,NT,2abc7cc
degen-r5-m5-d0-p3,100,SBB-Dual,1e-7*n,1.0e-11,159,160,0.2160566,0.2098457,97.12533660161272,0.000168,8.82e-5,0.0001209,0.0,0.0,0.0,0.005833799999999991,0.29463278689036987,1.8243635016222596e-11,-1.1285786932791345e-14,2.6563196087181495e-12,0.0,9.96148992585848e-12,2.6563196087181495e-12,100.0,diag_feasible,0,0,0,0,0,0,159,4.7389099588331995e-14,1.12.6,lbt,1,1,Intel(R) Core(TM) 7 150U,NT,2abc7cc
degen-r5-m5-d0-p3,100,Newton-SIN-BH,1e-7*n,9.999999999999999e-6,4,5,0.01011,0.007804800000000001,77.19881305637983,0.0,5.6e-6,0.0,0.002048,0.0,0.0,0.0002515999999999985,0.2946327868903472,0.0,-1.1258736662722499e-14,4.529709940470639e-14,4.529709940470639e-14,4.7389099588331995e-14,4.529709940470639e-14,NaN,converged,25,25,0,0,0,0,4,4.7389099588331995e-14,1.12.6,lbt,1,1,Intel(R) Core(TM) 7 150U,NT,2abc7cc
degen-r5-m5-d0-p3,100,Newton-SIN,1e-7*n,9.999999999999999e-6,5,13,0.0238111,0.0206145,86.57516872383049,0.0,8.3e-6,0.0,0.0029457,0.0,0.0,0.0002426000000000008,0.294632786890356,1.4603220607572583e-13,-8.313258618099252e-15,2.930988785010413e-14,2.930988785010413e-14,3.3678391741413157e-14,2.930988785010413e-14,NaN,converged,37,37,2,0,0,0,5,4.7389099588331995e-14,1.12.6,lbt,1,1,Intel(R) Core(TM) 7 150U,NT,2abc7cc
degen-r5-m5-d0-p3,100,AGD-SDAJ-BH,1e-7*n,1.0e-11,8,59,0.0857708,0.08482350000000001,98.89554487074857,0.0,3.74e-5,0.0,0.0,0.0,0.0,0.0009098999999999842,0.29463278688609645,1.2227284359830237e-11,-1.057965086352564e-14,1.4818146709671964e-12,1.4818146709671964e-12,3.4990669057114376e-12,1.4818146709671964e-12,NaN,diag_feasible,0,0,12,12,0,0,8,4.7389099588331995e-14,1.12.6,lbt,1,1,Intel(R) Core(TM) 7 150U,NT,2abc7cc
degen-r5-m5-d0-p3,100,AGD-SDAJ,1e-7*n,1.0e-11,9,76,0.1133818,0.1122021,98.95953318786613,0.0,4.87e-5,0.0,0.0,0.0,0.0,0.0011310000000000057,0.2946327868872207,1.0264162645838221e-11,-1.1019612430288368e-14,1.31206157050201e-12,1.31206157050201e-12,2.993180143179721e-12,1.31206157050201e-12,NaN,diag_feasible,0,0,21,15,6,0,9,4.7389099588331995e-14,1.12.6,lbt,1,1,Intel(R) Core(TM) 7 150U,NT,2abc7cc
degen-r5-m5-d0-p3,100,Dykstra-APM,1e-7*n,9.999999999999999e-6,328,328,0.4425894,0.3921569,88.60512700936803,0.0,0.0,0.0,0.0,0.028418,0.0,0.022014500000000048,0.2946327868655321,3.8621595640420434e-11,-8.550254215755604e-15,2.631672657571471e-12,2.631672657571471e-12,9.890594307019873e-12,2.631672657571471e-12,NaN,diag_feasible,0,0,0,0,0,0,328,4.7389099588331995e-14,1.12.6,lbt,1,1,Intel(R) Core(TM) 7 150U,NT,2abc7cc
degen-r5-m5-d0-p3,100,Anderson-APM,1e-7*n,9.999999999999999e-6,61,61,0.0933597,0.0770629,82.54407415619373,0.0,0.0,0.0,0.0,0.0,0.0145243,0.0017724999999999998,0.294632786908896,3.294474156635941e-11,-1.0284303191124852e-14,2.3955282202337003e-12,2.3955282202337003e-12,8.050861565963743e-12,2.3955282202337003e-12,NaN,diag_feasible,0,0,0,0,0,0,61,4.7389099588331995e-14,1.12.6,lbt,1,1,Intel(R) Core(TM) 7 150U,NT,2abc7cc
degen-r5-m5-d0-p4,100,SBB-Dual,1e-7*n,1.0e-11,155,156,0.205187,0.2026954,98.78569305072932,0.0001585,8.83e-5,3.72e-5,0.0,0.0,0.0,0.002207600000000011,0.2948165152139975,1.773917225912002e-11,-6.242919551555242e-15,2.198019544152885e-12,0.0,9.811080810553962e-12,2.198019544152885e-12,100.0,diag_feasible,0,0,0,0,0,0,155,2.366963202245213e-14,1.12.6,lbt,1,1,Intel(R) Core(TM) 7 150U,NT,2abc7cc
degen-r5-m5-d0-p4,100,Newton-SIN-BH,1e-7*n,9.999999999999999e-6,4,5,0.0104777,0.007614699999999999,72.6753008771009,0.0,6.6e-6,0.0,0.0025215,0.0,0.0,0.0003349000000000004,0.29481651521396895,0.0,-9.165766953171578e-15,9.992007221626409e-15,9.992007221626409e-15,2.366963202245213e-14,9.992007221626409e-15,NaN,converged,27,27,0,0,0,0,4,2.366963202245213e-14,1.12.6,lbt,1,1,Intel(R) Core(TM) 7 150U,NT,2abc7cc
degen-r5-m5-d0-p4,100,Newton-SIN,1e-7*n,9.999999999999999e-6,5,13,0.0146903,0.0125055,85.12760120623813,0.0,5.4e-6,0.0,0.002016,0.0,0.0,0.0001634000000000006,0.29481651521399943,1.1333376228966683e-13,-8.072932929210026e-15,5.773159728050814e-15,5.773159728050814e-15,1.534639886303638e-14,5.773159728050814e-15,NaN,converged,40,40,2,0,0,0,5,2.366963202245213e-14,1.12.6,lbt,1,1,Intel(R) Core(TM) 7 150U,NT,2abc7cc
degen-r5-m5-d0-p4,100,AGD-SDAJ-BH,1e-7*n,1.0e-11,11,87,0.1172858,0.11608149999999999,98.97319198061487,0.0,4.29e-5,0.0,0.0,0.0,0.0,0.0011614000000000054,0.2948165152239562,1.6503044803013103e-11,-9.598485757632151e-15,1.5578649481540197e-12,1.5578649481540197e-12,4.158668094303064e-12,1.5578649481540197e-12,NaN,diag_feasible_at_xpre,0,0,24,24,0,0,11,2.366963202245213e-14,1.12.6,lbt,1,1,Intel(R) Core(TM) 7 150U,NT,2abc7cc
degen-r5-m5-d0-p4,100,AGD-SDAJ,1e-7*n,1.0e-11,8,72,0.088291,0.08735659999999999,98.94168148508908,0.0,3.51e-5,0.0,0.0,0.0,0.0,0.0008993000000000019,0.2948165152213124,1.768326614441131e-11,-8.548227276787152e-15,3.098410417123887e-12,3.098410417123887e-12,5.257512243447985e-12,3.098410417123887e-12,NaN,diag_feasible_at_xpre,0,0,27,12,15,0,8,2.366963202245213e-14,1.12.6,lbt,1,1,Intel(R) Core(TM) 7 150U,NT,2abc7cc
degen-r5-m5-d0-p4,100,Dykstra-APM,1e-7*n,9.999999999999999e-6,320,320,0.4290103,0.3879074,90.41913445900948,0.0,0.0,0.0,0.0,0.0293153,0.0,0.011787599999999999,0.2948165151889923,3.768989238293089e-11,-1.1824466481203773e-14,2.190470027585434e-12,2.190470027585434e-12,9.78738361497553e-12,2.190470027585434e-12,NaN,diag_feasible,0,0,0,0,0,0,320,2.366963202245213e-14,1.12.6,lbt,1,1,Intel(R) Core(TM) 7 150U,NT,2abc7cc
degen-r5-m5-d0-p4,100,Anderson-APM,1e-7*n,9.999999999999999e-6,65,65,0.08678,0.0726204,83.68333717446417,0.0,0.0,0.0,0.0,0.0,0.0123833,0.0017762999999999945,0.2948165152101774,3.071638571018085e-11,-7.579687385167536e-15,4.001576847656452e-12,4.001576847656452e-12,9.482192177614546e-12,4.001576847656452e-12,NaN,diag_feasible,0,0,0,0,0,0,65,2.366963202245213e-14,1.12.6,lbt,1,1,Intel(R) Core(TM) 7 150U,NT,2abc7cc
degen-r5-m20-d0.01-p0,100,SBB-Dual,1e-7*n,1.0e-11,203,204,0.2437013,0.2409153,98.85679723497576,0.000178,9.58e-5,3.84e-5,0.0,0.0,0.0,0.0024738000000000104,0.383984403861333,9.239072909510817e-12,-8.963041083631032e-15,1.4068746168049984e-12,0.0,9.97021994652426e-12,1.4068746168049984e-12,100.0,diag_feasible,0,0,0,0,0,0,203,2.900976860388739e-14,1.12.6,lbt,1,1,Intel(R) Core(TM) 7 150U,NT,2abc7cc
degen-r5-m20-d0.01-p0,100,Newton-SIN-BH,1e-7*n,9.999999999999999e-6,4,5,0.0166218,0.0107563,64.71200471669736,0.0,8.9e-6,0.0,0.0052825,0.0,0.0,0.0005740999999999993,0.38398440386107535,7.117121254609819e-12,-7.46157144903276e-15,6.010747455320598e-13,6.010747455320598e-13,2.119808663262065e-12,6.010747455320598e-13,NaN,converged,18,18,0,0,0,0,4,2.900976860388739e-14,1.12.6,lbt,1,1,Intel(R) Core(TM) 7 150U,NT,2abc7cc
degen-r5-m20-d0.01-p0,100,Newton-SIN,1e-7*n,9.999999999999999e-6,4,9,0.0187286,0.016684499999999998,89.08567645205726,0.0,8.3e-6,0.0,0.0017859,0.0,0.0,0.0002499000000000034,0.38398440386107535,7.117121254609819e-12,-7.46157144903276e-15,6.010747455320598e-13,6.010747455320598e-13,2.119808663262065e-12,6.010747455320598e-13,NaN,converged,18,18,0,0,0,0,4,2.900976860388739e-14,1.12.6,lbt,1,1,Intel(R) Core(TM) 7 150U,NT,2abc7cc
degen-r5-m20-d0.01-p0,100,AGD-SDAJ-BH,1e-7*n,1.0e-11,12,95,0.1501967,0.14862129999999998,98.951108779354,0.0,5.85e-5,0.0,0.0,0.0,0.0,0.0015169000000000046,0.38398440384813726,3.327501251464461e-11,-1.3649235640004199e-14,4.081290860824538e-12,4.081290860824538e-12,8.326175648911223e-12,4.081290860824538e-12,NaN,diag_feasible_at_xpre,0,0,26,26,0,0,12,2.900976860388739e-14,1.12.6,lbt,1,1,Intel(R) Core(TM) 7 150U,NT,2abc7cc
degen-r5-m20-d0.01-p0,100,AGD-SDAJ,1e-7*n,1.0e-11,11,101,0.1376284,0.1361365,98.91599408261666,0.0,5.69e-5,0.0,0.0,0.0,0.0,0.0014350000000000183,0.38398440385024585,3.0011160872260217e-11,-1.3883920202696962e-14,4.505174011626423e-12,4.505174011626423e-12,7.960813403602766e-12,4.505174011626423e-12,NaN,diag_feasible_at_xpre,0,0,38,24,14,0,11,2.900976860388739e-14,1.12.6,lbt,1,1,Intel(R) Core(TM) 7 150U,NT,2abc7cc
degen-r5-m20-d0.01-p0,100,Dykstra-APM,1e-7*n,9.999999999999999e-6,416,416,0.6526938,0.5928473,90.83084594950955,0.0,0.0,0.0,0.0,0.0450511,0.0,0.014795400000000028,0.3839844038418632,4.445725428540253e-11,-9.658186333724226e-15,1.390443316040546e-12,1.390443316040546e-12,9.854613466143967e-12,1.390443316040546e-12,NaN,diag_feasible,0,0,0,0,0,0,416,2.900976860388739e-14,1.12.6,lbt,1,1,Intel(R) Core(TM) 7 150U,NT,2abc7cc
degen-r5-m20-d0.01-p0,100,Anderson-APM,1e-7*n,9.999999999999999e-6,62,62,0.0820932,0.0692945,84.40954914657972,0.0,0.0,0.0,0.0,0.0,0.0110801,0.0017186000000000094,0.38398440385569466,1.6499643809710815e-11,-7.97098750020445e-15,2.603250948141067e-12,2.603250948141067e-12,4.6088363815010284e-12,2.603250948141067e-12,NaN,diag_feasible,0,0,0,0,0,0,62,2.900976860388739e-14,1.12.6,lbt,1,1,Intel(R) Core(TM) 7 150U,NT,2abc7cc
degen-r5-m20-d0.01-p1,100,SBB-Dual,1e-7*n,1.0e-11,202,203,0.2361214,0.2334111,98.8521582541862,0.0001648,9.64e-5,4.05e-5,0.0,0.0,0.0,0.0024085999999999986,0.38012140987958576,8.678155747008573e-12,-1.4165052974536285e-14,1.3651302310790925e-12,0.0,9.779049540432942e-12,1.3651302310790925e-12,100.0,diag_feasible,0,0,0,0,0,0,202,1.5797580287425462e-14,1.12.6,lbt,1,1,Intel(R) Core(TM) 7 150U,NT,2abc7cc
degen-r5-m20-d0.01-p1,100,Newton-SIN-BH,1e-7*n,9.999999999999999e-6,4,5,0.0072912,0.0060517999999999995,83.0014263770024,0.0,3.9e-6,0.0,0.0010531,0.0,0.0,0.00018240000000000075,0.38012140987922965,9.047687754263392e-12,-9.033747779689258e-15,1.2021494910641195e-12,1.2021494910641195e-12,2.861134897192668e-12,1.2021494910641195e-12,NaN,converged,18,18,0,0,0,0,4,1.5797580287425462e-14,1.12.6,lbt,1,1,Intel(R) Core(TM) 7 150U,NT,2abc7cc
degen-r5-m20-d0.01-p1,100,Newton-SIN,1e-7*n,9.999999999999999e-6,4,9,0.016987,0.015222800000000002,89.61441102019192,0.0,6.3e-6,0.0,0.0015672,0.0,0.0,0.000190699999999997,0.38012140987922965,9.047687754263392e-12,-9.033747779689258e-15,1.2021494910641195e-12,1.2021494910641195e-12,2.861134897192668e-12,1.2021494910641195e-12,NaN,converged,18,18,0,0,0,0,4,1.5797580287425462e-14,1.12.6,lbt,1,1,Intel(R) Core(TM) 7 150U,NT,2abc7cc
degen-r5-m20-d0.01-p1,100,AGD-SDAJ-BH,1e-7*n,1.0e-11,9,69,0.0823091,0.081411,98.90886912868686,0.0,3.18e-5,0.0,0.0,0.0,0.0,0.0008662999999999989,0.3801214098664434,3.403821348900545e-11,-1.0487541675852604e-14,2.858380199199928e-12,2.858380199199928e-12,8.729503078792145e-12,2.858380199199928e-12,NaN,diag_feasible,0,0,14,14,0,0,9,1.5797580287425462e-14,1.12.6,lbt,1,1,Intel(R) Core(TM) 7 150U,NT,2abc7cc
degen-r5-m20-d0.01-p1,100,AGD-SDAJ,1e-7*n,1.0e-11,8,69,0.0857853,0.0848383,98.89608126334001,0.0,3.33e-5,0.0,0.0,0.0,0.0,0.0009136999999999895,0.380121409866326,3.4628155277163274e-11,-1.0867760068140263e-14,3.035127704720253e-12,3.035127704720253e-12,8.747625125305416e-12,3.035127704720253e-12,NaN,diag_feasible,0,0,20,12,8,0,8,1.5797580287425462e-14,1.12.6,lbt,1,1,Intel(R) Core(TM) 7 150U,NT,2abc7cc
degen-r5-m20-d0.01-p1,100,Dykstra-APM,1e-7*n,9.999999999999999e-6,414,414,0.6524446,0.5790621,88.75268490228902,0.0,0.0,0.0,0.0,0.054472,0.0,0.018910500000000018,0.38012140986020515,4.3626015428499515e-11,-1.0280449630549572e-14,1.354916179252541e-12,1.354916179252541e-12,9.700385142489268e-12,1.354916179252541e-12,NaN,diag_feasible,0,0,0,0,0,0,414,1.5797580287425462e-14,1.12.6,lbt,1,1,Intel(R) Core(TM) 7 150U,NT,2abc7cc
degen-r5-m20-d0.01-p1,100,Anderson-APM,1e-7*n,9.999999999999999e-6,116,116,0.1547077,0.1310094,84.68188719759908,0.0,0.0,0.0,0.0,0.0,0.0207274,0.0029709000000000055,0.3801214098666971,2.999619800114241e-11,-1.1964204751575187e-14,1.5507595207964187e-12,1.5507595207964187e-12,6.9096671083548816e-12,1.5507595207964187e-12,NaN,diag_feasible,0,0,0,0,0,0,116,1.5797580287425462e-14,1.12.6,lbt,1,1,Intel(R) Core(TM) 7 150U,NT,2abc7cc
degen-r5-m20-d0.01-p2,100,SBB-Dual,1e-7*n,1.0e-11,202,203,0.2534621,0.2506191,98.87833328927675,0.0001807,0.0001015,3.79e-5,0.0,0.0,0.0,0.00252290000000004,0.3849104795881419,7.899386642281642e-12,-1.246892219734681e-14,1.3768985951401191e-12,0.0,9.426801693343972e-12,1.3768985951401191e-12,100.0,diag_feasible,0,0,0,0,0,0,202,1.9986481453254593e-14,1.12.6,lbt,1,1,Intel(R) Core(TM) 7 150U,NT,2abc7cc
degen-r5-m20-d0.01-p2,100,Newton-SIN-BH,1e-7*n,9.999999999999999e-6,4,5,0.0115895,0.009795199999999999,84.51788256611586,0.0,7.2e-6,0.0,0.0015124,0.0,0.0,0.0002747000000000023,0.38491047958800645,1.4713867308652612e-12,-1.1151664348424891e-14,1.8984813721090177e-13,1.8984813721090177e-13,4.4409252662896265e-13,1.8984813721090177e-13,NaN,converged,17,17,0,0,0,0,4,1.9986481453254593e-14,1.12.6,lbt,1,1,Intel(R) Core(TM) 7 150U,NT,2abc7cc
degen-r5-m20-d0.01-p2,100,Newton-SIN,1e-7*n,9.999999999999999e-6,4,9,0.0108732,0.009870799999999999,90.78100283265276,0.0,3.5e-6,0.0,0.0008754,0.0,0.0,0.00012350000000000045,0.38491047958800645,1.4713867308652612e-12,-1.1151664348424891e-14,1.8984813721090177e-13,1.8984813721090177e-13,4.4409252662896265e-13,1.8984813721090177e-13,NaN,converged,17,17,0,0,0,0,4,1.9986481453254593e-14,1.12.6,lbt,1,1,Intel(R) Core(TM) 7 150U,NT,2abc7cc
degen-r5-m20-d0.01-p2,100,AGD-SDAJ-BH,1e-7*n,1.0e-11,10,79,0.1022305,0.1011075,98.90150199793602,0.0,4.07e-5,0.0,0.0,0.0,0.0,0.001082299999999999,0.3849104795828927,1.6064506265057058e-11,-7.92874676410618e-15,2.573496971081113e-12,2.573496971081113e-12,4.556522206246951e-12,2.573496971081113e-12,NaN,diag_feasible,0,0,20,20,0,0,10,1.9986481453254593e-14,1.12.6,lbt,1,1,Intel(R) Core(TM) 7 150U,NT,2abc7cc
degen-r5-m20-d0.01-p2,100,AGD-SDAJ,1e-7*n,1.0e-11,10,86,0.139536,0.1380122,98.90795206971679,0.0,5.82e-5,0.0,0.0,0.0,0.0,0.0014655999999999918,0.3849104795821327,1.618974127335607e-11,-8.175489753852725e-15,2.184696867857383e-12,2.184696867857383e-12,4.27566354450948e-12,2.184696867857383e-12,NaN,diag_feasible,0,0,27,20,7,0,10,1.9986481453254593e-14,1.12.6,lbt,1,1,Intel(R) Core(TM) 7 150U,NT,2abc7cc
degen-r5-m20-d0.01-p2,100,Dykstra-APM,1e-7*n,9.999999999999999e-6,413,413,0.5738126,0.518666,90.3894407337866,0.0,0.0,0.0,0.0,0.0419552,0.0,0.013191400000000048,0.384910479568646,4.435799890625402e-11,-6.915055916479381e-15,1.4386269953092778e-12,1.4386269953092778e-12,9.851486635915517e-12,1.4386269953092778e-12,NaN,diag_feasible,0,0,0,0,0,0,413,1.9986481453254593e-14,1.12.6,lbt,1,1,Intel(R) Core(TM) 7 150U,NT,2abc7cc
degen-r5-m20-d0.01-p2,100,Anderson-APM,1e-7*n,9.999999999999999e-6,57,57,0.084575,0.0716358,84.70091634643808,0.0,0.0,0.0,0.0,0.0,0.0111478,0.0017913999999999985,0.38491047959056246,3.0383723178627094e-11,-8.876888066820245e-15,3.180455898643686e-12,3.180455898643686e-12,8.344337350916594e-12,3.180455898643686e-12,NaN,diag_feasible,0,0,0,0,0,0,57,1.9986481453254593e-14,1.12.6,lbt,1,1,Intel(R) Core(TM) 7 150U,NT,2abc7cc
degen-r5-m20-d0.01-p3,100,SBB-Dual,1e-7*n,1.0e-11,205,206,0.2385259,0.2358491,98.87777386019715,0.00017,9.22e-5,3.88e-5,0.0,0.0,0.0,0.002375800000000007,0.38607352228832925,1.0555967038514875e-11,-1.2893236780981307e-14,1.4226397837546756e-12,0.0,9.038452492484822e-12,1.4226397837546756e-12,100.0,diag_feasible,0,0,0,0,0,0,205,1.6466894370769455e-14,1.12.6,lbt,1,1,Intel(R) Core(TM) 7 150U,NT,2abc7cc
degen-r5-m20-d0.01-p3,100,Newton-SIN-BH,1e-7*n,9.999999999999999e-6,4,5,0.0116033,0.009546299999999999,82.27228460868889,0.0,7.1e-6,0.0,0.0017528,0.0,0.0,0.00029710000000000153,0.3860735222880025,2.8568865647524433e-11,-1.0037904519158226e-14,4.05886435572711e-12,4.05886435572711e-12,8.9333485979607e-12,4.05886435572711e-12,NaN,converged,17,17,0,0,0,0,4,1.6466894370769455e-14,1.12.6,lbt,1,1,Intel(R) Core(TM) 7 150U,NT,2abc7cc
degen-r5-m20-d0.01-p3,100,Newton-SIN,1e-7*n,9.999999999999999e-6,4,9,0.0137515,0.0124029,90.19306984692578,0.0,5.2e-6,0.0,0.001123,0.0,0.0,0.00022040000000000015,0.3860735222880025,2.8568865647524433e-11,-1.0037904519158226e-14,4.05886435572711e-12,4.05886435572711e-12,8.9333485979607e-12,4.05886435572711e-12,NaN,converged,17,17,0,0,0,0,4,1.6466894370769455e-14,1.12.6,lbt,1,1,Intel(R) Core(TM) 7 150U,NT,2abc7cc
degen-r5-m20-d0.01-p3,100,AGD-SDAJ-BH,1e-7*n,1.0e-11,12,109,0.13073,0.1294049,98.98638415053927,0.0,4.7e-5,0.0,0.0,0.0,0.0,0.0012781000000000235,0.38607352227796704,2.647338228563738e-11,-1.0004607525336149e-14,2.4489299477181703e-12,2.4489299477181703e-12,6.545460358567468e-12,2.4489299477181703e-12,NaN,diag_feasible,0,0,36,36,0,0,12,1.6466894370769455e-14,1.12.6,lbt,1,1,Intel(R) Core(TM) 7 150U,NT,2abc7cc
degen-r5-m20-d0.01-p3,100,AGD-SDAJ,1e-7*n,1.0e-11,10,94,0.1315546,0.1302565,99.01326141389202,0.0,5.15e-5,0.0,0.0,0.0,0.0,0.0012465999999999966,0.38607352227711983,3.3199195811642716e-11,-9.540906888471409e-15,5.35549382618683e-12,5.35549382618683e-12,9.130726780084702e-12,5.35549382618683e-12,NaN,diag_feasible,0,0,35,30,5,0,10,1.6466894370769455e-14,1.12.6,lbt,1,1,Intel(R) Core(TM) 7 150U,NT,2abc7cc
degen-r5-m20-d0.01-p3,100,Dykstra-APM,1e-7*n,9.999999999999999e-6,418,418,0.6354696,0.5732245,90.20486581891566,0.0,0.0,0.0,0.0,0.0468872,0.0,0.015357899999999945,0.3860735222689728,4.487259581176299e-11,-1.2745677452044333e-14,1.5611956172278951e-12,1.5611956172278951e-12,9.917985144874857e-12,1.5611956172278951e-12,NaN,diag_feasible,0,0,0,0,0,0,418,1.6466894370769455e-14,1.12.6,lbt,1,1,Intel(R) Core(TM) 7 150U,NT,2abc7cc
degen-r5-m20-d0.01-p3,100,Anderson-APM,1e-7*n,9.999999999999999e-6,83,83,0.1196049,0.1017308,85.05571260040348,0.0,0.0,0.0,0.0,0.0,0.0156417,0.0022324000000000024,0.3860735222727266,3.674385957941147e-11,-1.140582170975738e-14,1.5900614158681492e-12,1.5900614158681492e-12,8.288680228330324e-12,1.5900614158681492e-12,NaN,diag_feasible,0,0,0,0,0,0,83,1.6466894370769455e-14,1.12.6,lbt,1,1,Intel(R) Core(TM) 7 150U,NT,2abc7cc
degen-r5-m20-d0.01-p4,100,SBB-Dual,1e-7*n,1.0e-11,202,203,0.2216397,0.2190946,98.85169489040095,0.0001517,7.95e-5,3.85e-5,0.0,0.0,0.0,0.0022753999999999947,0.3866145027483635,7.0012770081903496e-12,-8.25574084803689e-15,1.2190248810384219e-12,0.0,9.244424823780816e-12,1.2190248810384219e-12,100.0,diag_feasible,0,0,0,0,0,0,202,1.7687772743621388e-14,1.12.6,lbt,1,1,Intel(R) Core(TM) 7 150U,NT,2abc7cc
degen-r5-m20-d0.01-p4,100,Newton-SIN-BH,1e-7*n,9.999999999999999e-6,4,5,0.0103618,0.0085762,82.7674728329055,0.0,6.0e-6,0.0,0.0014048,0.0,0.0,0.00037479999999999827,0.38661450274823683,1.8888822130687096e-11,-8.592270401084811e-15,2.008393451546908e-12,2.008393451546908e-12,5.823928374781843e-12,2.008393451546908e-12,NaN,converged,16,16,0,0,0,0,4,1.7687772743621388e-14,1.12.6,lbt,1,1,Intel(R) Core(TM) 7 150U,NT,2abc7cc
degen-r5-m20-d0.01-p4,100,Newton-SIN,1e-7*n,9.999999999999999e-6,4,9,0.0114388,0.0103511,90.49113543378675,0.0,4.3e-6,0.0,0.0009221,0.0,0.0,0.0001613000000000004,0.38661450274823683,1.8888822130687096e-11,-8.592270401084811e-15,2.008393451546908e-12,2.008393451546908e-12,5.823928374781843e-12,2.008393451546908e-12,NaN,converged,16,16,0,0,0,0,4,1.7687772743621388e-14,1.12.6,lbt,1,1,Intel(R) Core(TM) 7 150U,NT,2abc7cc
degen-r5-m20-d0.01-p4,100,AGD-SDAJ-BH,1e-7*n,1.0e-11,10,90,0.1075937,0.1064732,98.95858214746775,0.0,3.68e-5,0.0,0.0,0.0,0.0,0.0010836999999999965,0.3866145027423655,1.472679017296193e-11,-8.851822272509991e-15,1.3178347302300608e-12,1.3178347302300608e-12,3.690873621804031e-12,1.3178347302300608e-12,NaN,diag_feasible,0,0,29,29,0,0,10,1.7687772743621388e-14,1.12.6,lbt,1,1,Intel(R) Core(TM) 7 150U,NT,2abc7cc
degen-r5-m20-d0.01-p4,100,AGD-SDAJ,1e-7*n,1.0e-11,12,116,0.1593809,0.1577136,98.95388970698498,0.0,6.0e-5,0.0,0.0,0.0,0.0,0.0016072999999999827,0.3866145027329144,3.775699552140161e-11,-1.0130998804537604e-14,5.405453862294962e-12,5.405453862294962e-12,9.373927795671822e-12,5.405453862294962e-12,NaN,diag_feasible,0,0,45,30,15,0,12,1.7687772743621388e-14,1.12.6,lbt,1,1,Intel(R) Core(TM) 7 150U,NT,2abc7cc
degen-r5-m20-d0.01-p4,100,Dykstra-APM,1e-7*n,9.999999999999999e-6,413,413,0.5897859,0.5319488,90.19354311454377,0.0,0.0,0.0,0.0,0.0433953,0.0,0.014441799999999977,0.38661450272925035,4.3451558767041374e-11,-8.580573962840001e-15,1.2743139876647547e-12,1.2743139876647547e-12,9.66996768125769e-12,1.2743139876647547e-12,NaN,diag_feasible,0,0,0,0,0,0,413,1.7687772743621388e-14,1.12.6,lbt,1,1,Intel(R) Core(TM) 7 150U,NT,2abc7cc
degen-r5-m20-d0.01-p4,100,Anderson-APM,1e-7*n,9.999999999999999e-6,76,76,0.1207941,0.1027944,85.09885830516556,0.0,0.0,0.0,0.0,0.0,0.0158046,0.002195100000000009,0.38661450273442916,3.5909050571572507e-11,-9.483794315817079e-15,2.100319917985871e-12,2.100319917985871e-12,8.932442970765565e-12,2.100319917985871e-12,NaN,diag_feasible,0,0,0,0,0,0,76,1.7687772743621388e-14,1.12.6,lbt,1,1,Intel(R) Core(TM) 7 150U,NT,2abc7cc
degen-r5-m20-d0.0001-p0,100,SBB-Dual,1e-7*n,1.0e-11,179,180,0.2249881,0.2223718,98.83713849754722,0.0001585,0.0001003,3.5e-5,0.0,0.0,0.0,0.002322499999999988,0.4157433027821393,9.07480339652282e-12,-1.1739047718716937e-14,1.389777182225771e-12,0.0,9.85019705365532e-12,1.389777182225771e-12,100.0,diag_feasible,0,0,0,0,0,0,179,2.6820791634477424e-14,1.12.6,lbt,1,1,Intel(R) Core(TM) 7 150U,NT,2abc7cc
degen-r5-m20-d0.0001-p0,100,Newton-SIN-BH,1e-7*n,9.999999999999999e-6,5,6,0.0184536,0.010169300000000001,55.10740451727577,0.0,7.5e-6,0.0,0.0078318,0.0,0.0,0.0004449999999999992,0.41574330278212074,0.0,-1.2473153537066119e-14,8.215650382226158e-15,8.215650382226158e-15,2.6820791634477424e-14,8.215650382226158e-15,NaN,converged,32,32,0,0,0,0,5,2.6820791634477424e-14,1.12.6,lbt,1,1,Intel(R) Core(TM) 7 150U,NT,2abc7cc
degen-r5-m20-d0.0001-p0,100,Newton-SIN,1e-7*n,9.999999999999999e-6,100,2985,3.6821443,3.5368418,96.05386187608127,0.0,0.0012706,0.0,0.0881262,0.0,0.0,0.0559057000000001,0.41574330281442434,3.0962857495080006e-9,-1.0968746612517996e-14,2.8479352209842546e-10,2.8479352209842546e-10,9.433763771694307e-10,2.8479352209842546e-10,NaN,max_iter,1172,1172,2784,0,0,0,100,2.6820791634477424e-14,1.12.6,lbt,1,1,Intel(R) Core(TM) 7 150U,NT,2abc7cc
degen-r5-m20-d0.0001-p0,100,AGD-SDAJ-BH,1e-7*n,1.0e-11,11,95,0.1068879,0.1057244,98.91147641594605,0.0,4.18e-5,0.0,0.0,0.0,0.0,0.0011216999999999978,0.41574330278618377,1.1028202627963186e-11,-7.409217628943044e-15,7.833733661755105e-13,7.833733661755105e-13,2.6518582002360463e-12,7.833733661755105e-13,NaN,diag_feasible,0,0,28,28,0,0,11,2.6820791634477424e-14,1.12.6,lbt,1,1,Intel(R) Core(TM) 7 150U,NT,2abc7cc
degen-r5-m20-d0.0001-p0,100,AGD-SDAJ,1e-7*n,1.0e-11,11,105,0.1297066,0.1283171,98.92873608590465,0.0,5.17e-5,0.0,0.0,0.0,0.0,0.0013378000000000157,0.41574330278546795,2.213436395189547e-11,-8.69157041536748e-15,3.04956060404038e-12,3.04956060404038e-12,6.969315177638519e-12,3.04956060404038e-12,NaN,diag_feasible_at_xpre,0,0,40,25,15,0,11,2.6820791634477424e-14,1.12.6,lbt,1,1,Intel(R) Core(TM) 7 150U,NT,2abc7cc
degen-r5-m20-d0.0001-p0,100,Dykstra-APM,1e-7*n,9.999999999999999e-6,368,368,0.4902797,0.4423413,90.22223436948339,0.0,0.0,0.0,0.0,0.0369173,0.0,0.011021099999999992,0.4157433027651715,4.302966840177865e-11,-9.954203065051775e-15,1.3460343950555398e-12,1.3460343950555398e-12,9.544039576494668e-12,1.3460343950555398e-12,NaN,diag_feasible,0,0,0,0,0,0,368,2.6820791634477424e-14,1.12.6,lbt,1,1,Intel(R) Core(TM) 7 150U,NT,2abc7cc
degen-r5-m20-d0.0001-p0,100,Anderson-APM,1e-7*n,9.999999999999999e-6,89,89,0.1296874,0.1078866,83.18973161617859,0.0,0.0,0.0,0.0,0.0,0.0155685,0.006232300000000008,0.41574330279697275,3.839884599894156e-11,-8.618792628771286e-15,1.7533752227905097e-12,1.7533752227905097e-12,8.830866787624205e-12,1.7533752227905097e-12,NaN,diag_feasible,0,0,0,0,0,0,89,2.6820791634477424e-14,1.12.6,lbt,1,1,Intel(R) Core(TM) 7 150U,NT,2abc7cc
degen-r5-m20-d0.0001-p1,100,SBB-Dual,1e-7*n,1.0e-11,178,179,0.2057108,0.20343060000000002,98.89155066238624,0.0001393,7.55e-5,3.58e-5,0.0,0.0,0.0,0.002029599999999982,0.4112988008942551,8.021489442485249e-12,-8.898887085184511e-15,1.269873095566254e-12,0.0,9.08877870505124e-12,1.269873095566254e-12,100.0,diag_feasible,0,0,0,0,0,0,178,8.235131203916477e-15,1.12.6,lbt,1,1,Intel(R) Core(TM) 7 150U,NT,2abc7cc
degen-r5-m20-d0.0001-p1,100,Newton-SIN-BH,1e-7*n,9.999999999999999e-6,5,6,0.0080088,0.006056,75.61682149635402,0.0,3.5e-6,0.0,0.001756,0.0,0.0,0.0001933000000000002,0.41129880089425724,0.0,-8.163942334684752e-15,2.7755575615628914e-15,2.7755575615628914e-15,8.235131203916477e-15,2.7755575615628914e-15,NaN,converged,31,31,0,0,0,0,5,8.235131203916477e-15,1.12.6,lbt,1,1,Intel(R) Core(TM) 7 150U,NT,2abc7cc
degen-r5-m20-d0.0001-p1,100,Newton-SIN,1e-7*n,9.999999999999999e-6,10,41,0.0534422,0.0483453,90.46278034961135,0.0,1.61e-5,0.0,0.0046329,0.0,0.0,0.00044790000000000194,0.41129880089425813,7.00615511763822e-14,-8.989200252976582e-15,7.105427357601002e-15,7.105427357601002e-15,1.0228522745486597e-14,7.105427357601002e-15,NaN,converged,95,95,20,0,0,0,10,8.235131203916477e-15,1.12.6,lbt,1,1,Intel(R) Core(TM) 7 150U,NT,2abc7cc
degen-r5-m20-d0.0001-p1,100,AGD-SDAJ-BH,1e-7*n,1.0e-11,10,82,0.0958673,0.0948434,98.93196115881014,0.0,3.47e-5,0.0,0.0,0.0,0.0,0.0009892000000000082,0.41129880089762877,9.721056258206073e-12,-9.959834836572381e-15,1.3983258995153847e-12,1.3983258995153847e-12,2.56817365517088e-12,1.3983258995153847e-12,NaN,diag_feasible,0,0,21,21,0,0,10,8.235131203916477e-15,1.12.6,lbt,1,1,Intel(R) Core(TM) 7 150U,NT,2abc7cc
degen-r5-m20-d0.0001-p1,100,AGD-SDAJ,1e-7*n,1.0e-11,11,95,0.1150772,0.11387749999999999,98.95748245525611,0.0,4.24e-5,0.0,0.0,0.0,0.0,0.001157300000000012,0.41129880090104254,1.918515566844343e-11,-1.1850306426036658e-14,3.0643265702678946e-12,3.0643265702678946e-12,5.001930375073989e-12,3.0643265702678946e-12,NaN,diag_feasible_at_xpre,0,0,32,22,10,0,11,8.235131203916477e-15,1.12.6,lbt,1,1,Intel(R) Core(TM) 7 150U,NT,2abc7cc
degen-r5-m20-d0.0001-p1,100,Dykstra-APM,1e-7*n,9.999999999999999e-6,364,364,0.515974,0.4570302,88.57620732827623,0.0,0.0,0.0,0.0,0.0458301,0.0,0.013113700000000048,0.4112988008766381,4.411827558503464e-11,-1.050524190662964e-14,1.368682944757893e-12,1.368682944757893e-12,9.799668095907852e-12,1.368682944757893e-12,NaN,diag_feasible,0,0,0,0,0,0,364,8.235131203916477e-15,1.12.6,lbt,1,1,Intel(R) Core(TM) 7 150U,NT,2abc7cc
degen-r5-m20-d0.0001-p1,100,Anderson-APM,1e-7*n,9.999999999999999e-6,64,64,0.0826196,0.0707978,85.691288749885,0.0,0.0,0.0,0.0,0.0,0.0102959,0.0015259000000000071,0.41129880090284404,3.415894419813611e-11,-9.789838339525312e-15,2.060907000611678e-12,2.060907000611678e-12,8.939092899198259e-12,2.060907000611678e-12,NaN,diag_feasible,0,0,0,0,0,0,64,8.235131203916477e-15,1.12.6,lbt,1,1,Intel(R) Core(TM) 7 150U,NT,2abc7cc
degen-r5-m20-d0.0001-p2,100,SBB-Dual,1e-7*n,1.0e-11,177,178,0.2131752,0.21081750000000002,98.8940083086588,0.0001554,8.23e-5,3.84e-5,0.0,0.0,0.0,0.0020815999999999903,0.41678238298132886,8.306236057597827e-12,-9.357102117283572e-15,1.4486190025309043e-12,0.0,9.922291670405098e-12,1.4486190025309043e-12,100.0,diag_feasible,0,0,0,0,0,0,177,1.7178705837825005e-14,1.12.6,lbt,1,1,Intel(R) Core(TM) 7 150U,NT,2abc7cc
degen-r5-m20-d0.0001-p2,100,Newton-SIN-BH,1e-7*n,9.999999999999999e-6,5,6,0.0129898,0.009952699999999998,76.61934748802906,0.0,8.8e-6,0.0,0.0026921,0.0,0.0,0.0003362000000000009,0.41678238298132064,0.0,-1.1890612123586525e-14,4.440892098500626e-15,4.440892098500626e-15,1.7178705837825005e-14,4.440892098500626e-15,NaN,converged,30,30,0,0,0,0,5,1.7178705837825005e-14,1.12.6,lbt,1,1,Intel(R) Core(TM) 7 150U,NT,2abc7cc
degen-r5-m20-d0.0001-p2,100,Newton-SIN,1e-7*n,9.999999999999999e-6,8,23,0.0343661,0.0301998,87.87671571694199,0.0,1.21e-5,0.0,0.0038253,0.0,0.0,0.00032889999999999786,0.41678238298132775,9.657772558851522e-14,-8.894525338218856e-15,5.995204332975845e-15,5.995204332975845e-15,1.7672086373883875e-14,5.995204332975845e-15,NaN,converged,66,66,6,0,0,0,8,1.7178705837825005e-14,1.12.6,lbt,1,1,Intel(R) Core(TM) 7 150U,NT,2abc7cc
degen-r5-m20-d0.0001-p2,100,AGD-SDAJ-BH,1e-7*n,1.0e-11,10,81,0.0975217,0.096455,98.90619216030893,0.0,3.77e-5,0.0,0.0,0.0,0.0,0.0010290000000000037,0.41678238298815584,1.794689535193941e-11,-1.091999739431911e-14,1.4579448759377556e-12,1.4579448759377556e-12,4.2457150736700355e-12,1.4579448759377556e-12,NaN,diag_feasible,0,0,22,22,0,0,10,1.7178705837825005e-14,1.12.6,lbt,1,1,Intel(R) Core(TM) 7 150U,NT,2abc7cc
degen-r5-m20-d0.0001-p2,100,AGD-SDAJ,1e-7*n,1.0e-11,127,4011,6.5435925,6.4465604,98.51714329704974,0.0,0.002072,0.0,0.0,0.0,0.0,0.09496009999999984,0.41678238309109206,4.989505839924565e-10,-1.0520079579839759e-14,1.2093936962997986e-10,1.2093936962997986e-10,1.525965179866158e-10,1.2093936962997986e-10,NaN,evd_budget,0,0,3368,259,3109,0,127,1.7178705837825005e-14,1.12.6,lbt,1,1,Intel(R) Core(TM) 7 150U,NT,2abc7cc
degen-r5-m20-d0.0001-p2,100,Dykstra-APM,1e-7*n,9.999999999999999e-6,364,364,0.5196566,0.4837917,93.09834610009764,0.0,0.0,0.0,0.0,0.0248286,0.0,0.011036300000000034,0.41678238296415254,4.336401672296194e-11,-9.02092476482177e-15,1.4075407506197735e-12,1.4075407506197735e-12,9.647929745307618e-12,1.4075407506197735e-12,NaN,diag_feasible,0,0,0,0,0,0,364,1.7178705837825005e-14,1.12.6,lbt,1,1,Intel(R) Core(TM) 7 150U,NT,2abc7cc
degen-r5-m20-d0.0001-p2,100,Anderson-APM,1e-7*n,9.999999999999999e-6,53,53,0.0732411,0.0620056,84.65956955862214,0.0,0.0,0.0,0.0,0.0,0.0096985,0.001537000000000002,0.4167823829899259,3.042833060050741e-11,-9.586006803355473e-15,1.9899637493381306e-12,1.9899637493381306e-12,7.871475754545419e-12,1.9899637493381306e-12,NaN,diag_feasible,0,0,0,0,0,0,53,1.7178705837825005e-14,1.12.6,lbt,1,1,Intel(R) Core(TM) 7 150U,NT,2abc7cc
degen-r5-m20-d0.0001-p3,100,SBB-Dual,1e-7*n,1.0e-11,180,181,0.2053853,0.2030341,98.85522478970015,0.0001531,7.87e-5,3.96e-5,0.0,0.0,0.0,0.0020797999999999975,0.41810878688361414,1.1256529113130242e-11,-1.1327757138338022e-14,1.5158985178231887e-12,0.0,9.632036011059196e-12,1.5158985178231887e-12,100.0,diag_feasible,0,0,0,0,0,0,180,1.2969666999839922e-14,1.12.6,lbt,1,1,Intel(R) Core(TM) 7 150U,NT,2abc7cc
degen-r5-m20-d0.0001-p3,100,Newton-SIN-BH,1e-7*n,9.999999999999999e-6,5,6,0.0082018,0.0061305,74.74578751005876,0.0,4.7e-6,0.0,0.0018694,0.0,0.0,0.0001972000000000009,0.4181087868836004,0.0,-1.048639590226572e-14,3.3306690738754696e-15,3.3306690738754696e-15,1.2969666999839922e-14,3.3306690738754696e-15,NaN,converged,33,33,0,0,0,0,5,1.2969666999839922e-14,1.12.6,lbt,1,1,Intel(R) Core(TM) 7 150U,NT,2abc7cc
degen-r5-m20-d0.0001-p3,100,Newton-SIN,1e-7*n,9.999999999999999e-6,100,2418,3.5056375,3.3432318000000003,95.36729910037761,0.0,0.0011464,0.0,0.1192795,0.0,0.0,0.04197979999999989,0.41810878688448433,6.138750388490821e-11,-1.0148862331404022e-14,7.30571159124338e-12,7.30571159124338e-12,1.890926481916301e-11,7.30571159124338e-12,NaN,max_iter,1449,1449,2217,0,0,0,100,1.2969666999839922e-14,1.12.6,lbt,1,1,Intel(R) Core(TM) 7 150U,NT,2abc7cc
degen-r5-m20-d0.0001-p3,100,AGD-SDAJ-BH,1e-7*n,1.0e-11,13,104,0.1474381,0.1457666,98.86630389295577,0.0,6.35e-5,0.0,0.0,0.0,0.0,0.0016079999999999925,0.4181087868858693,6.92472348585446e-12,-1.1157748588049383e-14,5.00155472593633e-13,5.00155472593633e-13,1.8080578132887749e-12,5.00155472593633e-13,NaN,diag_feasible,0,0,25,25,0,0,13,1.2969666999839922e-14,1.12.6,lbt,1,1,Intel(R) Core(TM) 7 150U,NT,2abc7cc
degen-r5-m20-d0.0001-p3,100,AGD-SDAJ,1e-7*n,1.0e-11,12,105,0.1261222,0.1247206,98.8886968352915,0.0,5.07e-5,0.0,0.0,0.0,0.0,0.0013508999999999889,0.4181087868913384,3.243040739443559e-11,-1.1765745232853639e-14,5.653033596786372e-12,5.653033596786372e-12,9.61274717814435e-12,5.653033596786372e-12,NaN,diag_feasible_at_xpre,0,0,34,24,10,0,12,1.2969666999839922e-14,1.12.6,lbt,1,1,Intel(R) Core(TM) 7 150U,NT,2abc7cc
degen-r5-m20-d0.0001-p3,100,Dykstra-APM,1e-7*n,9.999999999999999e-6,369,369,0.5314508,0.4730659,89.01405360571478,0.0,0.0,0.0,0.0,0.0445011,0.0,0.013883800000000016,0.4181087868664381,4.427737985248958e-11,-1.0354139528490911e-14,1.5403234243649422e-12,1.5403234243649422e-12,9.786356548064332e-12,1.5403234243649422e-12,NaN,diag_feasible,0,0,0,0,0,0,369,1.2969666999839922e-14,1.12.6,lbt,1,1,Intel(R) Core(TM) 7 150U,NT,2abc7cc
degen-r5-m20-d0.0001-p3,100,Anderson-APM,1e-7*n,9.999999999999999e-6,85,85,0.1374138,0.1158459,84.30441484043088,0.0,0.0,0.0,0.0,0.0,0.0192295,0.002338400000000001,0.4181087868960382,3.7097526786900665e-11,-9.582516750866543e-15,3.0707658638107205e-12,3.0707658638107205e-12,9.456665989724013e-12,3.0707658638107205e-12,NaN,diag_feasible,0,0,0,0,0,0,85,1.2969666999839922e-14,1.12.6,lbt,1,1,Intel(R) Core(TM) 7 150U,NT,2abc7cc
degen-r5-m20-d0.0001-p4,100,SBB-Dual,1e-7*n,1.0e-11,178,179,0.215806,0.2133413,98.85790941864454,0.0001507,8.6e-5,3.88e-5,0.0,0.0,0.0,0.002189199999999986,0.41874227247309315,6.924404805484232e-12,-9.342298777624236e-15,1.2048140263232199e-12,0.0,9.14456075258538e-12,1.2048140263232199e-12,100.0,diag_feasible,0,0,0,0,0,0,178,1.7537307245499294e-14,1.12.6,lbt,1,1,Intel(R) Core(TM) 7 150U,NT,2abc7cc
degen-r5-m20-d0.0001-p4,100,Newton-SIN-BH,1e-7*n,9.999999999999999e-6,5,6,0.0135535,0.0104426,77.04725716604567,0.0,7.3e-6,0.0,0.0027317,0.0,0.0,0.00037189999999999966,0.4187422724730749,0.0,-9.493909303308605e-15,4.6629367034256575e-15,4.6629367034256575e-15,1.7537307245499294e-14,4.6629367034256575e-15,NaN,converged,29,29,0,0,0,0,5,1.7537307245499294e-14,1.12.6,lbt,1,1,Intel(R) Core(TM) 7 150U,NT,2abc7cc
degen-r5-m20-d0.0001-p4,100,Newton-SIN,1e-7*n,9.999999999999999e-6,100,2593,3.4451581,3.2885947,95.4555525332785,0.0,0.0011846,0.0,0.106482,0.0,0.0,0.04889680000000002,0.41874227246461304,4.233129632099841e-10,-8.712897485524512e-15,3.5083047578154947e-11,3.5083047578154947e-11,1.2982871270867824e-10,3.5083047578154947e-11,NaN,max_iter,1168,1168,2392,0,0,0,100,1.7537307245499294e-14,1.12.6,lbt,1,1,Intel(R) Core(TM) 7 150U,NT,2abc7cc
degen-r5-m20-d0.0001-p4,100,AGD-SDAJ-BH,1e-7*n,1.0e-11,9,70,0.0916035,0.0892364,97.41592843068221,0.0,3.5e-5,0.0,0.0,0.0,0.0,0.002332100000000011,0.4187422724772606,1.6466848715477524e-11,-1.0319674870982315e-14,2.769451334927453e-12,2.769451334927453e-12,4.790965508803877e-12,2.769451334927453e-12,NaN,diag_feasible,0,0,17,17,0,0,9,1.7537307245499294e-14,1.12.6,lbt,1,1,Intel(R) Core(TM) 7 150U,NT,2abc7cc
degen-r5-m20-d0.0001-p4,100,AGD-SDAJ,1e-7*n,1.0e-11,9,75,0.1081404,0.1069058,98.85833601503231,0.0,4.54e-5,0.0,0.0,0.0,0.0,0.0011892000000000025,0.4187422724772746,1.64472777979603e-11,-9.84490933361646e-15,2.761457729150152e-12,2.761457729150152e-12,4.77796861723934e-12,2.761457729150152e-12,NaN,diag_feasible,0,0,22,17,5,0,9,1.7537307245499294e-14,1.12.6,lbt,1,1,Intel(R) Core(TM) 7 150U,NT,2abc7cc
degen-r5-m20-d0.0001-p4,100,Dykstra-APM,1e-7*n,9.999999999999999e-6,364,364,0.5374014,0.478794,89.09429711199114,0.0,0.0,0.0,0.0,0.0446033,0.0,0.014004100000000033,0.4187422724557186,4.389273415675292e-11,-8.58823213447645e-15,1.2865264409356314e-12,1.2865264409356314e-12,9.770769730641128e-12,1.2865264409356314e-12,NaN,diag_feasible,0,0,0,0,0,0,364,1.7537307245499294e-14,1.12.6,lbt,1,1,Intel(R) Core(TM) 7 150U,NT,2abc7cc
degen-r5-m20-d0.0001-p4,100,Anderson-APM,1e-7*n,9.999999999999999e-6,58,58,0.0956884,0.0803223,83.94152269240577,0.0,0.0,0.0,0.0,0.0,0.0135838,0.0017823000000000075,0.4187422724849946,3.4470122084960617e-11,-1.1524286175710256e-14,2.093436535233195e-12,2.093436535233195e-12,8.608141221279634e-12,2.093436535233195e-12,NaN,diag_feasible,0,0,0,0,0,0,58,1.7537307245499294e-14,1.12.6,lbt,1,1,Intel(R) Core(TM) 7 150U,NT,2abc7cc
degen-r5-m20-d1e-06-p0,100,SBB-Dual,1e-7*n,1.0e-11,157,158,0.1937362,0.19151479999999999,98.85338929947011,0.0001319,7.59e-5,4.46e-5,0.0,0.0,0.0,0.0019690000000000124,0.4160659717964436,8.816132781460117e-12,-9.798148110687493e-15,1.3413714583521141e-12,0.0,9.588958986241262e-12,1.3413714583521141e-12,100.0,diag_feasible,0,0,0,0,0,0,157,9.851695239914471e-14,1.12.6,lbt,1,1,Intel(R) Core(TM) 7 150U,NT,2abc7cc
degen-r5-m20-d1e-06-p0,100,Newton-SIN-BH,1e-7*n,9.999999999999999e-6,5,6,0.010004,0.0075929,75.89864054378248,0.0,5.1e-6,0.0,0.0021952,0.0,0.0,0.000210800000000001,0.4160659717964396,1.496438369800378e-13,-1.0555881244297192e-14,3.8746783559417963e-14,3.8746783559417963e-14,1.2065749371931884e-13,3.8746783559417963e-14,NaN,converged,33,33,0,0,0,0,5,9.851695239914471e-14,1.12.6,lbt,1,1,Intel(R) Core(TM) 7 150U,NT,2abc7cc
degen-r5-m20-d1e-06-p0,100,Newton-SIN,1e-7*n,9.999999999999999e-6,5,11,0.0156108,0.0131522,84.25064698798268,0.0,4.7e-6,0.0,0.0022973,0.0,0.0,0.00015660000000000023,0.4160659717964396,1.496438369800378e-13,-1.0555881244297192e-14,3.8746783559417963e-14,3.8746783559417963e-14,1.2065749371931884e-13,3.8746783559417963e-14,NaN,converged,33,33,0,0,0,0,5,9.851695239914471e-14,1.12.6,lbt,1,1,Intel(R) Core(TM) 7 150U,NT,2abc7cc
degen-r5-m20-d1e-06-p0,100,AGD-SDAJ-BH,1e-7*n,1.0e-11,9,70,0.0825056,0.0815026,98.78432494279176,0.0,3.39e-5,0.0,0.0,0.0,0.0,0.0009691000000000039,0.4160659718039865,3.067287903975042e-11,-1.059044517016942e-14,3.087419209180098e-12,3.087419209180098e-12,9.064765481458857e-12,3.087419209180098e-12,NaN,diag_feasible_at_xpre,0,0,17,17,0,0,9,9.851695239914471e-14,1.12.6,lbt,1,1,Intel(R) Core(TM) 7 150U,NT,2abc7cc
degen-r5-m20-d1e-06-p0,100,AGD-SDAJ,1e-7*n,1.0e-11,10,75,0.084627,0.0836921,98.89526983114138,0.0,3.13e-5,0.0,0.0,0.0,0.0,0.0009035999999999886,0.416065971802023,1.5813131947388505e-11,-8.77871248465821e-15,2.0023982472139323e-12,2.0023982472139323e-12,4.004821238302429e-12,2.0023982472139323e-12,NaN,diag_feasible_at_xpre,0,0,18,17,1,0,10,9.851695239914471e-14,1.12.6,lbt,1,1,Intel(R) Core(TM) 7 150U,NT,2abc7cc
degen-r5-m20-d1e-06-p0,100,Dykstra-APM,1e-7*n,9.999999999999999e-6,323,323,0.5484014,0.4645228,84.70488952070508,0.0,0.0,0.0,0.0,0.0431349,0.0,0.04074370000000003,0.4160659717787676,4.4865215983900817e-11,-9.795891700744273e-15,1.3908874052503961e-12,1.3908874052503961e-12,9.947232453123728e-12,1.3908874052503961e-12,NaN,diag_feasible,0,0,0,0,0,0,323,9.851695239914471e-14,1.12.6,lbt,1,1,Intel(R) Core(TM) 7 150U,NT,2abc7cc
degen-r5-m20-d1e-06-p0,100,Anderson-APM,1e-7*n,9.999999999999999e-6,95,95,0.1456725,0.1234316,84.73225900564623,0.0,0.0,0.0,0.0,0.0,0.0198106,0.0024303000000000068,0.4160659717829535,3.864830139071319e-11,-9.798284078666334e-15,2.9378721677630892e-12,2.9378721677630892e-12,9.530980370712997e-12,2.9378721677630892e-12,NaN,diag_feasible,0,0,0,0,0,0,95,9.851695239914471e-14,1.12.6,lbt,1,1,Intel(R) Core(TM) 7 150U,NT,2abc7cc
degen-r5-m20-d1e-06-p1,100,SBB-Dual,1e-7*n,1.0e-11,156,157,0.1965615,0.19434980000000002,98.87480508644879,0.0001358,7.75e-5,3.77e-5,0.0,0.0,0.0,0.001960699999999983,0.41161567361460766,8.074940727837187e-12,-8.53587353407985e-15,1.2709833185908792e-12,0.0,9.124876020605252e-12,1.2709833185908792e-12,100.0,diag_feasible,0,0,0,0,0,0,156,8.300170192632479e-14,1.12.6,lbt,1,1,Intel(R) Core(TM) 7 150U,NT,2abc7cc
degen-r5-m20-d1e-06-p1,100,Newton-SIN-BH,1e-7*n,9.999999999999999e-6,5,6,0.0127081,0.009647300000000001,75.91457416923066,0.0,6.7e-6,0.0,0.0027508,0.0,0.0,0.00030329999999999897,0.4116156736145926,0.0,-9.114329639142183e-15,3.7636560534792807e-14,3.7636560534792807e-14,8.300170192632479e-14,3.7636560534792807e-14,NaN,converged,33,33,0,0,0,0,5,8.300170192632479e-14,1.12.6,lbt,1,1,Intel(R) Core(TM) 7 150U,NT,2abc7cc
degen-r5-m20-d1e-06-p1,100,Newton-SIN,1e-7*n,9.999999999999999e-6,10,39,0.0563305,0.0507659,90.12151498744021,0.0,1.91e-5,0.0,0.0050257,0.0,0.0,0.0005197999999999956,0.4116156736146161,2.830060649178033e-13,-1.214073092482912e-14,4.884981308350689e-15,4.884981308350689e-15,1.2906312816527975e-14,4.884981308350689e-15,NaN,converged,80,80,18,0,0,0,10,8.300170192632479e-14,1.12.6,lbt,1,1,Intel(R) Core(TM) 7 150U,NT,2abc7cc
degen-r5-m20-d1e-06-p1,100,AGD-SDAJ-BH,1e-7*n,1.0e-11,11,87,0.113501,0.11232289999999999,98.96203557677904,0.0,4.38e-5,0.0,0.0,0.0,0.0,0.0011343000000000152,0.41161567362329604,2.3766980171752455e-11,-8.89596598993122e-15,2.4197310821705287e-12,2.4197310821705287e-12,5.833803858444287e-12,2.4197310821705287e-12,NaN,diag_feasible_at_xpre,0,0,24,24,0,0,11,8.300170192632479e-14,1.12.6,lbt,1,1,Intel(R) Core(TM) 7 150U,NT,2abc7cc
degen-r5-m20-d1e-06-p1,100,AGD-SDAJ,1e-7*n,1.0e-11,93,4013,6.9420154,6.8406562,98.53991680859711,0.0,0.0034322,0.0,0.0,0.0,0.0,0.0979270000000001,0.4116157672070807,2.6054934625037e-7,-1.1513503079498793e-14,1.936963789361812e-8,1.936963789361812e-8,6.466217800130606e-8,1.936963789361812e-8,NaN,evd_budget,0,0,3542,362,3180,0,93,8.300170192632479e-14,1.12.6,lbt,1,1,Intel(R) Core(TM) 7 150U,NT,2abc7cc
degen-r5-m20-d1e-06-p1,100,Dykstra-APM,1e-7*n,9.999999999999999e-6,320,320,0.4272951,0.3862041,90.38346098515991,0.0,0.0,0.0,0.0,0.0318291,0.0,0.00926189999999999,0.41161567359678347,4.4629552466915446e-11,-1.1562890726425985e-14,1.3837819778927951e-12,1.3837819778927951e-12,9.92356081437557e-12,1.3837819778927951e-12,NaN,diag_feasible,0,0,0,0,0,0,320,8.300170192632479e-14,1.12.6,lbt,1,1,Intel(R) Core(TM) 7 150U,NT,2abc7cc
degen-r5-m20-d1e-06-p1,100,Anderson-APM,1e-7*n,9.999999999999999e-6,76,76,0.133713,0.1125825,84.1971236902919,0.0,0.0,0.0,0.0,0.0,0.0186948,0.0024356999999999955,0.4116156736061644,2.4115255484612558e-11,-9.861203892453198e-15,1.4208634269152753e-12,1.4208634269152753e-12,5.7879466846172686e-12,1.4208634269152753e-12,NaN,diag_feasible,0,0,0,0,0,0,76,8.300170192632479e-14,1.12.6,lbt,1,1,Intel(R) Core(TM) 7 150U,NT,2abc7cc
degen-r5-m20-d1e-06-p2,100,SBB-Dual,1e-7*n,1.0e-11,155,156,0.1811862,0.17907930000000002,98.83716309520264,0.0001177,6.96e-5,3.72e-5,0.0,0.0,0.0,0.001882399999999967,0.4171061734388693,8.157884687938414e-12,-8.463118280594837e-15,1.4162004902118497e-12,0.0,9.720999531300007e-12,1.4162004902118497e-12,100.0,diag_feasible,0,0,0,0,0,0,155,3.592236355768092e-14,1.12.6,lbt,1,1,Intel(R) Core(TM) 7 150U,NT,2abc7cc
degen-r5-m20-d1e-06-p2,100,Newton-SIN-BH,1e-7*n,9.999999999999999e-6,5,6,0.0149828,0.0110804,73.9541340737379,0.0,6.9e-6,0.0,0.0032345,0.0,0.0,0.0006609999999999988,0.4171061734388359,0.0,-8.52059350739612e-15,9.992007221626409e-15,9.992007221626409e-15,3.592236355768092e-14,9.992007221626409e-15,NaN,converged,31,31,0,0,0,0,5,3.592236355768092e-14,1.12.6,lbt,1,1,Intel(R) Core(TM) 7 150U,NT,2abc7cc
degen-r5-m20-d1e-06-p2,100,Newton-SIN,1e-7*n,9.999999999999999e-6,100,3140,4.0508618,3.9042018,96.37953583111624,0.0,0.0016896,0.0,0.0806998,0.0,0.0,0.06427059999999978,0.41710614776352606,6.983256677552631e-8,-8.579885010910887e-15,2.924299247197837e-9,2.924299247197837e-9,1.612077477877817e-8,2.924299247197837e-9,NaN,max_iter,884,884,2939,0,0,0,100,3.592236355768092e-14,1.12.6,lbt,1,1,Intel(R) Core(TM) 7 150U,NT,2abc7cc
degen-r5-m20-d1e-06-p2,100,AGD-SDAJ-BH,1e-7*n,1.0e-11,11,98,0.1356909,0.1316443,97.01778085339546,0.0,5.16e-5,0.0,0.0,0.0,0.0,0.0039950000000000116,0.4171061734479494,3.473037489146259e-11,-7.631143078112547e-15,5.686007220617739e-12,5.686007220617739e-12,9.932269940713499e-12,5.686007220617739e-12,NaN,diag_feasible,0,0,33,33,0,0,11,3.592236355768092e-14,1.12.6,lbt,1,1,Intel(R) Core(TM) 7 150U,NT,2abc7cc
degen-r5-m20-d1e-06-p2,100,AGD-SDAJ,1e-7*n,1.0e-11,11,109,0.1415535,0.13993999999999998,98.86014828315794,0.0,5.59e-5,0.0,0.0,0.0,0.0,0.0015576000000000177,0.4171061734530153,3.891997070215531e-11,-8.943800283924326e-15,3.754552224677354e-12,3.754552224677354e-12,9.476329624064195e-12,3.754552224677354e-12,NaN,diag_feasible,0,0,44,28,16,0,11,3.592236355768092e-14,1.12.6,lbt,1,1,Intel(R) Core(TM) 7 150U,NT,2abc7cc
degen-r5-m20-d1e-06-p2,100,Dykstra-APM,1e-7*n,9.999999999999999e-6,320,320,0.4639506,0.4153051,89.51493973711857,0.0,0.0,0.0,0.0,0.0369951,0.0,0.011650400000000005,0.41710617342182593,4.300407342605735e-11,-9.921409945484217e-15,1.3953282973488967e-12,1.3953282973488967e-12,9.582406915469508e-12,1.3953282973488967e-12,NaN,diag_feasible,0,0,0,0,0,0,320,3.592236355768092e-14,1.12.6,lbt,1,1,Intel(R) Core(TM) 7 150U,NT,2abc7cc
degen-r5-m20-d1e-06-p2,100,Anderson-APM,1e-7*n,9.999999999999999e-6,60,60,0.1012951,0.0851831,84.09399862382287,0.0,0.0,0.0,0.0,0.0,0.0142915,0.001820500000000001,0.4171061734483744,2.736247592578705e-11,-8.230664082636863e-15,1.7151835507434043e-12,1.7151835507434043e-12,6.802757329784832e-12,1.7151835507434043e-12,NaN,diag_feasible,0,0,0,0,0,0,60,3.592236355768092e-14,1.12.6,lbt,1,1,Intel(R) Core(TM) 7 150U,NT,2abc7cc
degen-r5-m20-d1e-06-p3,100,SBB-Dual,1e-7*n,1.0e-11,160,161,0.1812975,0.179288,98.89160082185357,0.0001195,6.64e-5,3.53e-5,0.0,0.0,0.0,0.0017882999999999972,0.4184341997505995,1.1657537928941126e-11,-1.0301073702621327e-14,1.580957587066223e-12,0.0,9.970785732330251e-12,1.580957587066223e-12,100.0,diag_feasible,0,0,0,0,0,0,160,4.549639229096477e-14,1.12.6,lbt,1,1,Intel(R) Core(TM) 7 150U,NT,2abc7cc
degen-r5-m20-d1e-06-p3,100,Newton-SIN-BH,1e-7*n,9.999999999999999e-6,5,6,0.0122484,0.0092176,75.25554358120243,0.0,5.8e-6,0.0,0.0027454,0.0,0.0,0.0002796000000000005,0.41843419975058144,0.0,-1.1674470842566842e-14,1.8207657603852567e-14,1.8207657603852567e-14,4.549639229096477e-14,1.8207657603852567e-14,NaN,converged,33,33,0,0,0,0,5,4.549639229096477e-14,1.12.6,lbt,1,1,Intel(R) Core(TM) 7 150U,NT,2abc7cc
degen-r5-m20-d1e-06-p3,100,Newton-SIN,1e-7*n,9.999999999999999e-6,100,3021,3.9119114,3.7374673,95.54069399424537,0.0,0.0014959,0.0,0.1121624,0.0,0.0,0.06078580000000011,0.41843417592296867,6.603941133269729e-8,-1.0382053443237742e-14,3.497691247744683e-9,3.497691247744683e-9,1.5270498134094322e-8,3.497691247744683e-9,NaN,max_iter,1067,1067,2820,0,0,0,100,4.549639229096477e-14,1.12.6,lbt,1,1,Intel(R) Core(TM) 7 150U,NT,2abc7cc
degen-r5-m20-d1e-06-p3,100,AGD-SDAJ-BH,1e-7*n,1.0e-11,10,84,0.107072,0.1046503,97.73825089659294,0.0,4.17e-5,0.0,0.0,0.0,0.0,0.002379999999999999,0.4184341997567537,1.768010306772425e-11,-1.0424236101949994e-14,1.7010837183306649e-12,1.7010837183306649e-12,4.4913372360723514e-12,1.7010837183306649e-12,NaN,diag_feasible,0,0,23,23,0,0,10,4.549639229096477e-14,1.12.6,lbt,1,1,Intel(R) Core(TM) 7 150U,NT,2abc7cc
degen-r5-m20-d1e-06-p3,100,AGD-SDAJ,1e-7*n,1.0e-11,12,137,0.1939826,0.1919749,98.96501026380717,0.0,8.03e-5,0.0,0.0,0.0,0.0,0.0019274000000000012,0.4184341997587284,3.065295205602701e-11,-1.0450056619522078e-14,6.5113470171240806e-12,6.5113470171240806e-12,9.207709275041247e-12,6.5113470171240806e-12,NaN,diag_feasible_at_xpre,0,0,69,25,44,0,12,4.549639229096477e-14,1.12.6,lbt,1,1,Intel(R) Core(TM) 7 150U,NT,2abc7cc
degen-r5-m20-d1e-06-p3,100,Dykstra-APM,1e-7*n,9.999999999999999e-6,330,330,0.5039296,0.4526112,89.81635530042291,0.0,0.0,0.0,0.0,0.038914,0.0,0.012404399999999989,0.4184341997338689,4.318194456562796e-11,-8.748151492966364e-15,1.5134560271690134e-12,1.5134560271690134e-12,9.545545258131228e-12,1.5134560271690134e-12,NaN,diag_feasible,0,0,0,0,0,0,330,4.549639229096477e-14,1.12.6,lbt,1,1,Intel(R) Core(TM) 7 150U,NT,2abc7cc
degen-r5-m20-d1e-06-p3,100,Anderson-APM,1e-7*n,9.999999999999999e-6,66,66,0.0990583,0.0839515,84.74958685945548,0.0,0.0,0.0,0.0,0.0,0.0131705,0.0019363000000000036,0.4184341997585125,2.705433729081538e-11,-8.726132873081996e-15,1.956657058599376e-12,1.956657058599376e-12,7.2535463050926685e-12,1.956657058599376e-12,NaN,diag_feasible,0,0,0,0,0,0,66,4.549639229096477e-14,1.12.6,lbt,1,1,Intel(R) Core(TM) 7 150U,NT,2abc7cc
degen-r5-m20-d1e-06-p4,100,SBB-Dual,1e-7*n,1.0e-11,156,157,0.2004126,0.1981511,98.87157793472068,0.000145,8.6e-5,4.85e-5,0.0,0.0,0.0,0.0019819999999999994,0.4190686132219719,7.422464190086237e-12,-9.01899212106935e-15,1.2847500840962311e-12,0.0,9.789734304039594e-12,1.2847500840962311e-12,100.0,diag_feasible,0,0,0,0,0,0,156,4.227749103137266e-14,1.12.6,lbt,1,1,Intel(R) Core(TM) 7 150U,NT,2abc7cc
degen-r5-m20-d1e-06-p4,100,Newton-SIN-BH,1e-7*n,9.999999999999999e-6,5,6,0.011216,0.0085802,76.49964336661911,0.0,5.1e-6,0.0,0.0023648,0.0,0.0,0.00026590000000000077,0.4190686132219623,0.0,-1.1032811110348492e-14,1.1546319456101628e-14,1.1546319456101628e-14,4.227749103137266e-14,1.1546319456101628e-14,NaN,converged,31,31,0,0,0,0,5,4.227749103137266e-14,1.12.6,lbt,1,1,Intel(R) Core(TM) 7 150U,NT,2abc7cc
degen-r5-m20-d1e-06-p4,100,Newton-SIN,1e-7*n,9.999999999999999e-6,5,11,0.0195531,0.016869500000000003,86.27532207169196,0.0,8.0e-6,0.0,0.0024429,0.0,0.0,0.00023269999999999758,0.4190686132219623,0.0,-1.1032811110348492e-14,1.1546319456101628e-14,1.1546319456101628e-14,4.227749103137266e-14,1.1546319456101628e-14,NaN,converged,31,31,0,0,0,0,5,4.227749103137266e-14,1.12.6,lbt,1,1,Intel(R) Core(TM) 7 150U,NT,2abc7cc
degen-r5-m20-d1e-06-p4,100,AGD-SDAJ-BH,1e-7*n,1.0e-11,11,89,0.1102191,0.10903639999999999,98.92695549138034,0.0,4.84e-5,0.0,0.0,0.0,0.0,0.0011343000000000087,0.41906861323175154,2.918472772982304e-11,-9.747124350284176e-15,5.351830090205567e-12,5.351830090205567e-12,7.873226928400312e-12,5.351830090205567e-12,NaN,diag_feasible,0,0,24,24,0,0,11,4.227749103137266e-14,1.12.6,lbt,1,1,Intel(R) Core(TM) 7 150U,NT,2abc7cc
degen-r5-m20-d1e-06-p4,100,AGD-SDAJ,1e-7*n,1.0e-11,11,101,0.1322641,0.13087000000000001,98.94597248988956,0.0,6.03e-5,0.0,0.0,0.0,0.0,0.0013337999999999814,0.4190686132284636,2.4332937355398522e-11,-1.08983865919536e-14,3.8551384307083936e-12,3.8551384307083936e-12,6.936067417176436e-12,3.8551384307083936e-12,NaN,diag_feasible,0,0,36,26,10,0,11,4.227749103137266e-14,1.12.6,lbt,1,1,Intel(R) Core(TM) 7 150U,NT,2abc7cc
degen-r5-m20-d1e-06-p4,100,Dykstra-APM,1e-7*n,9.999999999999999e-6,322,322,0.497728,0.4425107,88.90612945223093,0.0,0.0,0.0,0.0,0.0298676,0.0,0.025349700000000024,0.4190686132050321,4.285746303394132e-11,-7.647854910014541e-15,1.2503331703328513e-12,1.2503331703328513e-12,9.535212616565222e-12,1.2503331703328513e-12,NaN,diag_feasible,0,0,0,0,0,0,322,4.227749103137266e-14,1.12.6,lbt,1,1,Intel(R) Core(TM) 7 150U,NT,2abc7cc
degen-r5-m20-d1e-06-p4,100,Anderson-APM,1e-7*n,9.999999999999999e-6,93,93,0.1471385,0.1209559,82.20547307468814,0.0,0.0,0.0,0.0,0.0,0.0236145,0.0025681000000000002,0.419068613206985,4.0286595210054015e-11,-8.85622902409875e-15,2.112754415861673e-12,2.112754415861673e-12,9.54585936276907e-12,2.112754415861673e-12,NaN,diag_feasible,0,0,0,0,0,0,93,4.227749103137266e-14,1.12.6,lbt,1,1,Intel(R) Core(TM) 7 150U,NT,2abc7cc
degen-r5-m20-d1e-08-p0,100,SBB-Dual,1e-7*n,1.0e-11,133,134,0.1970529,0.1920307,97.45134428369235,0.0001599,0.0001023,0.0002191,0.0,0.0,0.0,0.004540900000000005,0.4160691989551054,8.594801451051e-12,-9.735850020210748e-15,1.602273869139026e-12,0.0,9.596792883192722e-12,1.602273869139026e-12,100.0,diag_feasible,0,0,0,0,0,0,133,3.7176394472127236e-14,1.12.6,lbt,1,1,Intel(R) Core(TM) 7 150U,NT,2abc7cc
degen-r5-m20-d1e-08-p0,100,Newton-SIN-BH,1e-7*n,9.999999999999999e-6,5,6,0.0154747,0.011258500000000001,72.75423756195597,0.0,8.6e-6,0.0,0.0038561,0.0,0.0,0.0003514999999999981,0.4160691989550931,0.0,-8.924017199125591e-15,1.1879386363489175e-14,1.1879386363489175e-14,3.7176394472127236e-14,1.1879386363489175e-14,NaN,converged,36,36,0,0,0,0,5,3.7176394472127236e-14,1.12.6,lbt,1,1,Intel(R) Core(TM) 7 150U,NT,2abc7cc
degen-r5-m20-d1e-08-p0,100,Newton-SIN,1e-7*n,9.999999999999999e-6,100,2356,4.1242648,3.9604103,96.02706159895456,0.0,0.0011372,0.0,0.1056199,0.0,0.0,0.057097399999999784,0.4160691988954334,1.6318711765758462e-10,-1.2489987877655991e-14,7.0958794395892255e-12,7.0958794395892255e-12,3.758269288833582e-11,7.0958794395892255e-12,NaN,max_iter,1263,1263,2155,0,0,0,100,3.7176394472127236e-14,1.12.6,lbt,1,1,Intel(R) Core(TM) 7 150U,NT,2abc7cc
degen-r5-m20-d1e-08-p0,100,AGD-SDAJ-BH,1e-7*n,1.0e-11,10,76,0.1158721,0.11394169999999999,98.33402518811688,0.0,5.0e-5,0.0,0.0,0.0,0.0,0.0018804000000000127,0.41606919895833144,2.090840480946012e-11,-8.802082116662486e-15,2.644329200052198e-12,2.644329200052198e-12,6.666864045695742e-12,2.644329200052198e-12,NaN,diag_feasible_at_xpre,0,0,17,17,0,0,10,3.7176394472127236e-14,1.12.6,lbt,1,1,Intel(R) Core(TM) 7 150U,NT,2abc7cc
degen-r5-m20-d1e-08-p0,100,AGD-SDAJ,1e-7*n,1.0e-11,10,86,0.1321118,0.13072809999999999,98.95262951530445,0.0,5.96e-5,0.0,0.0,0.0,0.0,0.0013241000000000155,0.4160691989653263,3.468498359242446e-11,-7.466401743725261e-15,4.867439784561611e-12,4.867439784561611e-12,9.849982126677426e-12,4.867439784561611e-12,NaN,diag_feasible_at_xpre,0,0,30,16,14,0,10,3.7176394472127236e-14,1.12.6,lbt,1,1,Intel(R) Core(TM) 7 150U,NT,2abc7cc
degen-r5-m20-d1e-08-p0,100,Dykstra-APM,1e-7*n,9.999999999999999e-6,277,277,0.4229066,0.3909977,92.45485882698449,0.0,0.0,0.0,0.0,0.0223989,0.0,0.009510000000000018,0.4160691989376001,4.4197414908547965e-11,-8.362858230713689e-15,1.6071588504473766e-12,1.6071588504473766e-12,9.826899978605158e-12,1.6071588504473766e-12,NaN,diag_feasible,0,0,0,0,0,0,277,3.7176394472127236e-14,1.12.6,lbt,1,1,Intel(R) Core(TM) 7 150U,NT,2abc7cc
degen-r5-m20-d1e-08-p0,100,Anderson-APM,1e-7*n,9.999999999999999e-6,76,76,0.1031651,0.08804,85.3389372956552,0.0,0.0,0.0,0.0,0.0,0.0132105,0.0019146000000000024,0.41606919895824385,1.7198693747092576e-11,-9.213106263390097e-15,1.496136547984861e-12,1.496136547984861e-12,4.944504518790043e-12,1.496136547984861e-12,NaN,diag_feasible,0,0,0,0,0,0,76,3.7176394472127236e-14,1.12.6,lbt,1,1,Intel(R) Core(TM) 7 150U,NT,2abc7cc
degen-r5-m20-d1e-08-p1,100,SBB-Dual,1e-7*n,1.0e-11,133,134,0.1797934,0.17769290000000001,98.83171462356239,0.0001288,7.34e-5,4.92e-5,0.0,0.0,0.0,0.0018490999999999772,0.4116188428123608,8.392021799642258e-12,-7.908901792971126e-15,1.3467005288703149e-12,0.0,9.620243701415762e-12,1.3467005288703149e-12,100.0,diag_feasible,0,0,0,0,0,0,133,1.8602117257340748e-14,1.12.6,lbt,1,1,Intel(R) Core(TM) 7 150U,NT,2abc7cc
degen-r5-m20-d1e-08-p1,100,Newton-SIN-BH,1e-7*n,9.999999999999999e-6,5,6,0.0087545,0.0063667,72.72488434519391,0.0,3.9e-6,0.0,0.0021738,0.0,0.0,0.00021009999999999996,0.4116188428123352,0.0,-1.0109356490663097e-14,4.440892098500626e-15,4.440892098500626e-15,1.8602117257340748e-14,4.440892098500626e-15,NaN,converged,35,35,0,0,0,0,5,1.8602117257340748e-14,1.12.6,lbt,1,1,Intel(R) Core(TM) 7 150U,NT,2abc7cc
degen-r5-m20-d1e-08-p1,100,Newton-SIN,1e-7*n,9.999999999999999e-6,100,3239,4.2828223,4.1040705,95.82630827340185,0.0,0.0016198,0.0,0.1122598,0.0,0.0,0.06487220000000056,0.41161883732778615,1.5022846772004223e-8,-9.925724770142419e-15,6.396314589096619e-10,6.396314589096619e-10,3.4484118424633972e-9,6.396314589096619e-10,NaN,max_iter,985,985,3038,0,0,0,100,1.8602117257340748e-14,1.12.6,lbt,1,1,Intel(R) Core(TM) 7 150U,NT,2abc7cc
degen-r5-m20-d1e-08-p1,100,AGD-SDAJ-BH,1e-7*n,1.0e-11,10,77,0.1267407,0.1240628,97.88710335353994,0.0,5.57e-5,0.0,0.0,0.0,0.0,0.0026222000000000107,0.41161884282035033,2.568689561963165e-11,-8.452696815614776e-15,4.1884273827008656e-12,4.1884273827008656e-12,7.264369394003596e-12,4.1884273827008656e-12,NaN,diag_feasible,0,0,18,18,0,0,10,1.8602117257340748e-14,1.12.6,lbt,1,1,Intel(R) Core(TM) 7 150U,NT,2abc7cc
degen-r5-m20-d1e-08-p1,100,AGD-SDAJ,1e-7*n,1.0e-11,10,105,0.1540989,0.15240930000000003,98.90356128434402,0.0,6.06e-5,0.0,0.0,0.0,0.0,0.0016289999999999855,0.411618842818,1.58468635703599e-11,-8.131157332173992e-15,1.475042310516983e-12,1.475042310516983e-12,3.949400446166584e-12,1.475042310516983e-12,NaN,diag_feasible,0,0,44,26,18,0,10,1.8602117257340748e-14,1.12.6,lbt,1,1,Intel(R) Core(TM) 7 150U,NT,2abc7cc
degen-r5-m20-d1e-08-p1,100,Dykstra-APM,1e-7*n,9.999999999999999e-6,276,276,0.390723,0.3599659,92.12815728789961,0.0,0.0,0.0,0.0,0.0216677,0.0,0.00908939999999998,0.4116188427946842,4.400912449391662e-11,-9.786356717753171e-15,1.3749001936957939e-12,1.3749001936957939e-12,9.798467106937326e-12,1.3749001936957939e-12,NaN,diag_feasible,0,0,0,0,0,0,276,1.8602117257340748e-14,1.12.6,lbt,1,1,Intel(R) Core(TM) 7 150U,NT,2abc7cc
degen-r5-m20-d1e-08-p1,100,Anderson-APM,1e-7*n,9.999999999999999e-6,64,64,0.0825999,0.0699809,84.7227417950869,0.0,0.0,0.0,0.0,0.0,0.0109228,0.0016962000000000053,0.41161884282421735,3.154148750987951e-11,-1.0397351843698628e-14,1.2124745651931335e-12,1.2124745651931335e-12,7.194230305776658e-12,1.2124745651931335e-12,NaN,diag_feasible,0,0,0,0,0,0,64,1.8602117257340748e-14,1.12.6,lbt,1,1,Intel(R) Core(TM) 7 150U,NT,2abc7cc
degen-r5-m20-d1e-08-p2,100,SBB-Dual,1e-7*n,1.0e-11,133,134,0.15746,0.15566259999999998,98.85850374698336,0.0001095,5.75e-5,4.14e-5,0.0,0.0,0.0,0.0015890000000000045,0.4171094118111299,7.74011586737383e-12,-9.522598234872706e-15,1.3504752871540404e-12,0.0,9.275319316626377e-12,1.3504752871540404e-12,100.0,diag_feasible,0,0,0,0,0,0,133,1.603148208153809e-14,1.12.6,lbt,1,1,Intel(R) Core(TM) 7 150U,NT,2abc7cc
degen-r5-m20-d1e-08-p2,100,Newton-SIN-BH,1e-7*n,9.999999999999999e-6,5,6,0.0156738,0.0108016,68.91500465745384,0.0,8.3e-6,0.0,0.0045189,0.0,0.0,0.00034500000000000156,0.4171094118111481,0.0,-7.797379778038458e-15,4.440892098500626e-15,4.440892098500626e-15,1.603148208153809e-14,4.440892098500626e-15,NaN,converged,34,34,0,0,0,0,5,1.603148208153809e-14,1.12.6,lbt,1,1,Intel(R) Core(TM) 7 150U,NT,2abc7cc
degen-r5-m20-d1e-08-p2,100,Newton-SIN,1e-7*n,9.999999999999999e-6,5,11,0.0146151,0.0120618,82.52971242071555,0.0,5.5e-6,0.0,0.0023854,0.0,0.0,0.00016240000000000135,0.4171094118111481,0.0,-7.797379778038458e-15,4.440892098500626e-15,4.440892098500626e-15,1.603148208153809e-14,4.440892098500626e-15,NaN,converged,34,34,0,0,0,0,5,1.603148208153809e-14,1.12.6,lbt,1,1,Intel(R) Core(TM) 7 150U,NT,2abc7cc
degen-r5-m20-d1e-08-p2,100,AGD-SDAJ-BH,1e-7*n,1.0e-11,11,91,0.1268343,0.125463,98.91882558582337,0.0,5.4e-5,0.0,0.0,0.0,0.0,0.0013173000000000197,0.41710941181729655,1.7031187361364392e-11,-9.192830234972348e-15,1.0837997166390778e-12,1.0837997166390778e-12,4.221949029520914e-12,1.0837997166390778e-12,NaN,diag_feasible,0,0,24,24,0,0,11,1.603148208153809e-14,1.12.6,lbt,1,1,Intel(R) Core(TM) 7 150U,NT,2abc7cc
degen-r5-m20-d1e-08-p2,100,AGD-SDAJ,1e-7*n,1.0e-11,11,121,0.140768,0.1392119,98.89456410547851,0.0,5.37e-5,0.0,0.0,0.0,0.0,0.0015024000000000046,0.41710941182285033,3.298260374469646e-11,-8.2625464355529e-15,3.0817570717545095e-12,3.0817570717545095e-12,8.066863181951411e-12,3.0817570717545095e-12,NaN,diag_feasible,0,0,54,26,28,0,11,1.603148208153809e-14,1.12.6,lbt,1,1,Intel(R) Core(TM) 7 150U,NT,2abc7cc
degen-r5-m20-d1e-08-p2,100,Dykstra-APM,1e-7*n,9.999999999999999e-6,275,275,0.4280591,0.3789255,88.52177187682729,0.0,0.0,0.0,0.0,0.0348766,0.0,0.014256999999999999,0.41710941179338934,4.478676201302161e-11,-1.1616074909262376e-14,1.4577228313328305e-12,1.4577228313328305e-12,9.9550765961743e-12,1.4577228313328305e-12,NaN,diag_feasible,0,0,0,0,0,0,275,1.603148208153809e-14,1.12.6,lbt,1,1,Intel(R) Core(TM) 7 150U,NT,2abc7cc
degen-r5-m20-d1e-08-p2,100,Anderson-APM,1e-7*n,9.999999999999999e-6,65,65,0.0843876,0.0710862,84.23773160985738,0.0,0.0,0.0,0.0,0.0,0.0115597,0.0017416999999999919,0.4171094117996235,3.0983346340087313e-11,-8.705497742088742e-15,2.0545787293713147e-12,2.0545787293713147e-12,7.397183599907307e-12,2.0545787293713147e-12,NaN,diag_feasible,0,0,0,0,0,0,65,1.603148208153809e-14,1.12.6,lbt,1,1,Intel(R) Core(TM) 7 150U,NT,2abc7cc
degen-r5-m20-d1e-08-p3,100,SBB-Dual,1e-7*n,1.0e-11,142,143,0.1741904,0.1722253,98.87186664707124,0.0001251,7.19e-5,4.92e-5,0.0,0.0,0.0,0.0017188999999999976,0.4184374543458476,1.1543510800566482e-11,-1.0253923411965839e-14,2.2231105845094135e-12,0.0,9.635577082167317e-12,2.2231105845094135e-12,100.0,diag_feasible,0,0,0,0,0,0,142,1.69925790630551e-14,1.12.6,lbt,1,1,Intel(R) Core(TM) 7 150U,NT,2abc7cc
degen-r5-m20-d1e-08-p3,100,Newton-SIN-BH,1e-7*n,9.999999999999999e-6,5,6,0.0135222,0.0097834,72.35065300025144,0.0,6.9e-6,0.0,0.0034209,0.0,0.0,0.0003110000000000005,0.41843745434582535,0.0,-1.0560746008158328e-14,3.552713678800501e-15,3.552713678800501e-15,1.69925790630551e-14,3.552713678800501e-15,NaN,converged,35,35,0,0,0,0,5,1.69925790630551e-14,1.12.6,lbt,1,1,Intel(R) Core(TM) 7 150U,NT,2abc7cc
degen-r5-m20-d1e-08-p3,100,Newton-SIN,1e-7*n,9.999999999999999e-6,100,3203,4.0523592,3.9018205,96.28515902538946,0.0,0.0014246,0.0,0.094079,0.0,0.0,0.05503509999999981,0.4184374489001172,1.4894880211758204e-8,-1.0204967580496508e-14,7.026379478247691e-10,7.026379478247691e-10,3.423151542197913e-9,7.026379478247691e-10,NaN,max_iter,1080,1080,3002,0,0,0,100,1.69925790630551e-14,1.12.6,lbt,1,1,Intel(R) Core(TM) 7 150U,NT,2abc7cc
degen-r5-m20-d1e-08-p3,100,AGD-SDAJ-BH,1e-7*n,1.0e-11,10,84,0.1187968,0.1175629,98.96133565887297,0.0,4.93e-5,0.0,0.0,0.0,0.0,0.0011845999999999962,0.41843745435526825,2.6865216441387595e-11,-9.664362676943952e-15,3.2992497622785777e-12,3.2992497622785777e-12,6.636522180649705e-12,3.2992497622785777e-12,NaN,diag_feasible,0,0,23,23,0,0,10,1.69925790630551e-14,1.12.6,lbt,1,1,Intel(R) Core(TM) 7 150U,NT,2abc7cc
degen-r5-m20-d1e-08-p3,100,AGD-SDAJ,1e-7*n,1.0e-11,10,91,0.1029039,0.101862,98.98750193141366,0.0,3.84e-5,0.0,0.0,0.0,0.0,0.0010035000000000122,0.41843745435163415,1.888037022434075e-11,-1.0130047504676974e-14,3.3595348725157237e-12,3.3595348725157237e-12,5.233442389676567e-12,3.3595348725157237e-12,NaN,diag_feasible,0,0,32,19,13,0,10,1.69925790630551e-14,1.12.6,lbt,1,1,Intel(R) Core(TM) 7 150U,NT,2abc7cc
degen-r5-m20-d1e-08-p3,100,Dykstra-APM,1e-7*n,9.999999999999999e-6,293,293,0.4315968,0.393697,91.21870227026707,0.0,0.0,0.0,0.0,0.0265877,0.0,0.011312099999999985,0.4184374543290057,4.3842447153992484e-11,-1.0798183486644359e-14,2.3281376826389533e-12,2.3281376826389533e-12,9.71585211068219e-12,2.3281376826389533e-12,NaN,diag_feasible,0,0,0,0,0,0,293,1.69925790630551e-14,1.12.6,lbt,1,1,Intel(R) Core(TM) 7 150U,NT,2abc7cc
degen-r5-m20-d1e-08-p3,100,Anderson-APM,1e-7*n,9.999999999999999e-6,61,61,0.0795124,0.0673933,84.75822638984613,0.0,0.0,0.0,0.0,0.0,0.0106252,0.0014938999999999942,0.41843745435498425,2.672266320823106e-11,-9.611691062579977e-15,1.8602897000619123e-12,1.8602897000619123e-12,6.02025985698299e-12,1.8602897000619123e-12,NaN,diag_feasible,0,0,0,0,0,0,61,1.69925790630551e-14,1.12.6,lbt,1,1,Intel(R) Core(TM) 7 150U,NT,2abc7cc
degen-r5-m20-d1e-08-p4,100,SBB-Dual,1e-7*n,1.0e-11,134,135,0.2001917,0.19794810000000002,98.8792742156643,0.000148,8.54e-5,3.38e-5,0.0,0.0,0.0,0.0019763999999999845,0.4190718770962461,7.586944266487173e-12,-9.401011707427757e-15,1.631805801594055e-12,0.0,9.85939055735586e-12,1.631805801594055e-12,100.0,diag_feasible,0,0,0,0,0,0,134,2.0587678334016217e-14,1.12.6,lbt,1,1,Intel(R) Core(TM) 7 150U,NT,2abc7cc
degen-r5-m20-d1e-08-p4,100,Newton-SIN-BH,1e-7*n,9.999999999999999e-6,5,6,0.0147832,0.0109052,73.76751988743979,0.0,7.0e-6,0.0,0.0035486,0.0,0.0,0.0003223999999999996,0.41907187709623517,0.0,-1.066513079589257e-14,6.217248937900877e-15,6.217248937900877e-15,2.0587678334016217e-14,6.217248937900877e-15,NaN,converged,34,34,0,0,0,0,5,2.0587678334016217e-14,1.12.6,lbt,1,1,Intel(R) Core(TM) 7 150U,NT,2abc7cc
degen-r5-m20-d1e-08-p4,100,Newton-SIN,1e-7*n,9.999999999999999e-6,9,40,0.0604041,0.0546817,90.52647088525447,0.0,2.09e-5,0.0,0.0051796,0.0,0.0,0.0005219000000000022,0.41907187709625066,1.5497181362885145e-13,-7.620227494157392e-15,7.771561172376096e-15,7.771561172376096e-15,1.6513237969033948e-14,7.771561172376096e-15,NaN,converged,74,74,21,0,0,0,9,2.0587678334016217e-14,1.12.6,lbt,1,1,Intel(R) Core(TM) 7 150U,NT,2abc7cc
degen-r5-m20-d1e-08-p4,100,AGD-SDAJ-BH,1e-7*n,1.0e-11,10,81,0.0904172,0.0893445,98.81361068469273,0.0,3.65e-5,0.0,0.0,0.0,0.0,0.0010362000000000097,0.419071877104978,2.6447976024760893e-11,-9.221792283991245e-15,4.167777234442838e-12,4.167777234442838e-12,6.989418389351497e-12,4.167777234442838e-12,NaN,diag_feasible_at_xpre,0,0,24,24,0,0,10,2.0587678334016217e-14,1.12.6,lbt,1,1,Intel(R) Core(TM) 7 150U,NT,2abc7cc
degen-r5-m20-d1e-08-p4,100,AGD-SDAJ,1e-7*n,1.0e-11,9,81,0.0914939,0.0904696,98.88047181287496,0.0,3.56e-5,0.0,0.0,0.0,0.0,0.0009887000000000058,0.41907187710114324,3.2565980498192785e-11,-9.435423882845472e-15,3.81084053202585e-12,3.81084053202585e-12,9.87174654803968e-12,3.81084053202585e-12,NaN,diag_feasible_at_xpre,0,0,28,24,4,0,9,2.0587678334016217e-14,1.12.6,lbt,1,1,Intel(R) Core(TM) 7 150U,NT,2abc7cc
degen-r5-m20-d1e-08-p4,100,Dykstra-APM,1e-7*n,9.999999999999999e-6,278,278,0.4049172,0.3712379,91.682422974376,0.0,0.0,0.0,0.0,0.0233794,0.0,0.010299899999999966,0.4190718770785483,4.4836993467522e-11,-8.607937424129586e-15,1.6722179196904108e-12,1.6722179196904108e-12,9.999481420541944e-12,1.6722179196904108e-12,NaN,diag_feasible,0,0,0,0,0,0,278,2.0587678334016217e-14,1.12.6,lbt,1,1,Intel(R) Core(TM) 7 150U,NT,2abc7cc
degen-r5-m20-d1e-08-p4,100,Anderson-APM,1e-7*n,9.999999999999999e-6,67,67,0.0842559,0.0706171,83.81264694816625,0.0,0.0,0.0,0.0,0.0,0.0120772,0.0015615999999999929,0.41907187709030785,3.0763207682792083e-11,-7.925943103540418e-15,2.374545005068285e-12,2.374545005068285e-12,8.471058462769928e-12,2.374545005068285e-12,NaN,diag_feasible,0,0,0,0,0,0,67,2.0587678334016217e-14,1.12.6,lbt,1,1,Intel(R) Core(TM) 7 150U,NT,2abc7cc
degen-r5-m20-d1e-10-p0,100,SBB-Dual,1e-7*n,1.0e-11,120,121,0.162392,0.1603906,98.76755012562194,0.0001226,8.58e-5,3.47e-5,0.0,0.0,0.0,0.0017583000000000143,0.41606923122673745,1.1749691300623763e-11,-1.4901696983798964e-14,3.2940317140628395e-12,0.0,8.690985538355966e-12,3.2940317140628395e-12,100.0,diag_feasible,0,0,0,0,0,0,120,1.5765557868430762e-14,1.12.6,lbt,1,1,Intel(R) Core(TM) 7 150U,NT,2abc7cc
degen-r5-m20-d1e-10-p0,100,Newton-SIN-BH,1e-7*n,9.999999999999999e-6,7,9,0.02237,0.0161585,72.23290120697362,0.0,8.5e-6,0.0,0.0058154,0.0,0.0,0.00038760000000000183,0.41606923122673095,0.0,-9.243626053371521e-15,4.440892098500626e-15,4.440892098500626e-15,1.5765557868430762e-14,4.440892098500626e-15,NaN,converged,69,69,1,0,0,0,7,1.5765557868430762e-14,1.12.6,lbt,1,1,Intel(R) Core(TM) 7 150U,NT,2abc7cc
degen-r5-m20-d1e-10-p0,100,Newton-SIN,1e-7*n,9.999999999999999e-6,45,885,1.4338336,1.3614752,94.9535008804369,0.0,0.0004325,0.0,0.0584982,0.0,0.0,0.013427699999999931,0.41606923122032075,2.9853114117280356e-11,-7.306931426616174e-15,4.0463188355488455e-12,4.0463188355488455e-12,8.014829937030984e-12,4.0463188355488455e-12,NaN,converged,591,591,794,0,0,0,45,1.5765557868430762e-14,1.12.6,lbt,1,1,Intel(R) Core(TM) 7 150U,NT,2abc7cc
degen-r5-m20-d1e-10-p0,100,AGD-SDAJ-BH,1e-7*n,1.0e-11,11,85,0.0993251,0.0982858,98.95363810356093,0.0,3.5e-5,0.0,0.0,0.0,0.0,0.001004299999999993,0.41606923123140527,1.2886881492336713e-11,-1.1549751475184297e-14,9.194867089945546e-13,9.194867089945546e-13,3.0956650985881807e-12,9.194867089945546e-13,NaN,diag_feasible,0,0,20,20,0,0,11,1.5765557868430762e-14,1.12.6,lbt,1,1,Intel(R) Core(TM) 7 150U,NT,2abc7cc
degen-r5-m20-d1e-10-p0,100,AGD-SDAJ,1e-7*n,1.0e-11,9,82,0.0950242,0.0939127,98.8302979662023,0.0,4.57e-5,0.0,0.0,0.0,0.0,0.0010658000000000013,0.4160692312355139,3.3578418206626964e-11,-7.90160160751731e-15,4.4571013546601534e-12,4.4571013546601534e-12,9.984156896406036e-12,4.4571013546601534e-12,NaN,diag_feasible,0,0,29,13,16,0,9,1.5765557868430762e-14,1.12.6,lbt,1,1,Intel(R) Core(TM) 7 150U,NT,2abc7cc
degen-r5-m20-d1e-10-p0,100,Dykstra-APM,1e-7*n,9.999999999999999e-6,247,247,0.3423593,0.3164463,92.43105123769094,0.0,0.0,0.0,0.0,0.0181748,0.0,0.0077381999999999625,0.41606923122392386,3.568939080173449e-11,-9.539183464363999e-15,3.907096868260851e-12,3.907096868260851e-12,9.748751081903825e-12,3.907096868260851e-12,NaN,diag_feasible,0,0,0,0,0,0,247,1.5765557868430762e-14,1.12.6,lbt,1,1,Intel(R) Core(TM) 7 150U,NT,2abc7cc
degen-r5-m20-d1e-10-p0,100,Anderson-APM,1e-7*n,9.999999999999999e-6,76,76,0.1633057,0.13137,80.44422209390119,0.0,0.0,0.0,0.0,0.0,0.0287841,0.0031516000000000113,0.4160692312275543,1.854550388841574e-11,-7.960324566262759e-15,1.6480150577535824e-12,1.6480150577535824e-12,5.485941172659121e-12,1.6480150577535824e-12,NaN,diag_feasible,0,0,0,0,0,0,76,1.5765557868430762e-14,1.12.6,lbt,1,1,Intel(R) Core(TM) 7 150U,NT,2abc7cc
degen-r5-m20-d1e-10-p1,100,SBB-Dual,1e-7*n,1.0e-11,117,118,0.157005,0.15490040000000002,98.6595331358874,0.0001215,7.6e-5,3.9e-5,0.0,0.0,0.0,0.001868099999999984,0.41161887450438445,9.691080872507311e-12,-7.122237680778296e-15,2.604139126560767e-12,0.0,9.262134592874023e-12,2.604139126560767e-12,100.0,diag_feasible,0,0,0,0,0,0,117,2.040878629308206e-14,1.12.6,lbt,1,1,Intel(R) Core(TM) 7 150U,NT,2abc7cc
degen-r5-m20-d1e-10-p1,100,Newton-SIN-BH,1e-7*n,9.999999999999999e-6,6,7,0.0183682,0.0128983,70.22081641097114,0.0,8.9e-6,0.0,0.0051039,0.0,0.0,0.0003571000000000017,0.41161887450435525,0.0,-8.78233971900406e-15,5.995204332975845e-15,5.995204332975845e-15,2.040878629308206e-14,5.995204332975845e-15,NaN,converged,54,54,0,0,0,0,6,2.040878629308206e-14,1.12.6,lbt,1,1,Intel(R) Core(TM) 7 150U,NT,2abc7cc
degen-r5-m20-d1e-10-p1,100,Newton-SIN,1e-7*n,9.999999999999999e-6,100,2839,4.9915662,4.8216927,96.59678960082708,0.0,0.0013708,0.0,0.1176366,0.0,0.0,0.050866100000000455,0.4116188744599175,1.2534701655913314e-10,-9.032712141221871e-15,6.594058632458655e-12,6.594058632458655e-12,2.975847631947335e-11,6.594058632458655e-12,NaN,max_iter,1276,1276,2638,0,0,0,100,2.040878629308206e-14,1.12.6,lbt,1,1,Intel(R) Core(TM) 7 150U,NT,2abc7cc
degen-r5-m20-d1e-10-p1,100,AGD-SDAJ-BH,1e-7*n,1.0e-11,11,93,0.1511567,0.1473088,97.45436358428042,0.0,6.6e-5,0.0,0.0,0.0,0.0,0.003781900000000015,0.41161887450829976,2.2781998535103352e-11,-1.0055111994339853e-14,2.6842972289387035e-12,2.6842972289387035e-12,7.2395889488618625e-12,2.6842972289387035e-12,NaN,diag_feasible_at_xpre,0,0,28,28,0,0,11,2.040878629308206e-14,1.12.6,lbt,1,1,Intel(R) Core(TM) 7 150U,NT,2abc7cc
degen-r5-m20-d1e-10-p1,100,AGD-SDAJ,1e-7*n,1.0e-11,11,114,0.1514498,0.149831,98.9311309754123,0.0,5.77e-5,0.0,0.0,0.0,0.0,0.0015611000000000036,0.4116188745101306,2.6893316160646894e-11,-8.064750254129429e-15,4.841238521180458e-12,4.841238521180458e-12,8.280763478395756e-12,4.841238521180458e-12,NaN,diag_feasible_at_xpre,0,0,49,28,21,0,11,2.040878629308206e-14,1.12.6,lbt,1,1,Intel(R) Core(TM) 7 150U,NT,2abc7cc
degen-r5-m20-d1e-10-p1,100,Dykstra-APM,1e-7*n,9.999999999999999e-6,244,244,0.3609925,0.3342279,92.58582934548501,0.0,0.0,0.0,0.0,0.0185717,0.0,0.008192899999999972,0.4116188744953871,3.488910901816638e-11,-9.752978974793477e-15,2.6836310951239284e-12,2.6836310951239284e-12,9.385053370857443e-12,2.6836310951239284e-12,NaN,diag_feasible,0,0,0,0,0,0,244,2.040878629308206e-14,1.12.6,lbt,1,1,Intel(R) Core(TM) 7 150U,NT,2abc7cc
degen-r5-m20-d1e-10-p1,100,Anderson-APM,1e-7*n,9.999999999999999e-6,95,95,0.1357831,0.1163862,85.71479072137844,0.0,0.0,0.0,0.0,0.0,0.0170341,0.0023627999999999948,0.4116188745172888,3.510577706215146e-11,-9.221777436297568e-15,2.737143844910861e-12,2.737143844910861e-12,8.831141916100694e-12,2.737143844910861e-12,NaN,diag_feasible,0,0,0,0,0,0,95,2.040878629308206e-14,1.12.6,lbt,1,1,Intel(R) Core(TM) 7 150U,NT,2abc7cc
degen-r5-m20-d1e-10-p2,100,SBB-Dual,1e-7*n,1.0e-11,115,116,0.1496232,0.14785189999999998,98.81615952606279,0.0001046,6.87e-5,3.66e-5,0.0,0.0,0.0,0.0015614000000000311,0.41710944419489826,9.305110005939213e-12,-9.067422598952893e-15,3.4430236439675355e-12,0.0,9.943387037722742e-12,3.4430236439675355e-12,100.0,diag_feasible,0,0,0,0,0,0,115,1.5006913822933576e-14,1.12.6,lbt,1,1,Intel(R) Core(TM) 7 150U,NT,2abc7cc
degen-r5-m20-d1e-10-p2,100,Newton-SIN-BH,1e-7*n,9.999999999999999e-6,6,8,0.0202936,0.0155005,76.38122363700873,0.0,8.4e-6,0.0,0.004389,0.0,0.0,0.00039569999999999796,0.4171094441949032,0.0,-9.23150058028606e-15,3.885780586188048e-15,3.885780586188048e-15,1.5006913822933576e-14,3.885780586188048e-15,NaN,converged,48,48,1,0,0,0,6,1.5006913822933576e-14,1.12.6,lbt,1,1,Intel(R) Core(TM) 7 150U,NT,2abc7cc
degen-r5-m20-d1e-10-p2,100,Newton-SIN,1e-7*n,9.999999999999999e-6,100,2420,4.1187765,3.9736681,96.4769052168769,0.0,0.001305,0.0,0.0951151,0.0,0.0,0.048688300000000254,0.4171094441579891,9.685921670146691e-11,-9.120108563128587e-15,6.17061957086662e-12,6.17061957086662e-12,2.2591636639106926e-11,6.17061957086662e-12,NaN,max_iter,1176,1176,2219,0,0,0,100,1.5006913822933576e-14,1.12.6,lbt,1,1,Intel(R) Core(TM) 7 150U,NT,2abc7cc
degen-r5-m20-d1e-10-p2,100,AGD-SDAJ-BH,1e-7*n,1.0e-11,11,96,0.1164768,0.1141421,97.99556649907963,0.0,4.11e-5,0.0,0.0,0.0,0.0,0.002293600000000009,0.4171094442051,3.0449834948672e-11,-1.0049071611167754e-14,4.283018384398929e-12,4.283018384398929e-12,8.183189898284055e-12,4.283018384398929e-12,NaN,diag_feasible,0,0,31,31,0,0,11,1.5006913822933576e-14,1.12.6,lbt,1,1,Intel(R) Core(TM) 7 150U,NT,2abc7cc
degen-r5-m20-d1e-10-p2,100,AGD-SDAJ,1e-7*n,1.0e-11,11,96,0.1107256,0.10952189999999999,98.91289819156546,0.0,4.86e-5,0.0,0.0,0.0,0.0,0.001155100000000002,0.4171094442062733,3.085535320748228e-11,-9.038521251527395e-15,2.1355139878664886e-12,2.1355139878664886e-12,7.337702664655397e-12,2.1355139878664886e-12,NaN,diag_feasible_at_xpre,0,0,33,25,8,0,11,1.5006913822933576e-14,1.12.6,lbt,1,1,Intel(R) Core(TM) 7 150U,NT,2abc7cc
degen-r5-m20-d1e-10-p2,100,Dykstra-APM,1e-7*n,9.999999999999999e-6,241,241,0.3086809,0.276777,89.66443987950015,0.0,0.0,0.0,0.0,0.0251055,0.0,0.006798399999999986,0.4171094441847882,3.597091292823426e-11,-7.851689426229248e-15,3.2600588895093097e-12,3.2600588895093097e-12,9.406461912937952e-12,3.2600588895093097e-12,NaN,diag_feasible,0,0,0,0,0,0,241,1.5006913822933576e-14,1.12.6,lbt,1,1,Intel(R) Core(TM) 7 150U,NT,2abc7cc
degen-r5-m20-d1e-10-p2,100,Anderson-APM,1e-7*n,9.999999999999999e-6,69,69,0.1044141,0.0877359,84.02686993423303,0.0,0.0,0.0,0.0,0.0,0.014584,0.0020941999999999905,0.4171094441970112,1.4592598190926448e-11,-8.467534152497887e-15,1.4205303600078878e-12,1.4205303600078878e-12,4.22843313206697e-12,1.4205303600078878e-12,NaN,diag_feasible,0,0,0,0,0,0,69,1.5006913822933576e-14,1.12.6,lbt,1,1,Intel(R) Core(TM) 7 150U,NT,2abc7cc
degen-r5-m20-d1e-10-p3,100,SBB-Dual,1e-7*n,1.0e-11,129,130,0.1456772,0.1439548,98.81765986715834,0.0001,5.8e-5,3.79e-5,0.0,0.0,0.0,0.0015265000000000127,0.4184374868918465,1.0394897647938809e-11,-9.002589839496278e-15,7.523981437884686e-12,0.0,9.187209730769066e-12,7.523981437884686e-12,100.0,diag_feasible,0,0,0,0,0,0,129,1.8412304962136865e-14,1.12.6,lbt,1,1,Intel(R) Core(TM) 7 150U,NT,2abc7cc
degen-r5-m20-d1e-10-p3,100,Newton-SIN-BH,1e-7*n,9.999999999999999e-6,6,7,0.0111447,0.0078642,70.56448356617943,0.0,5.0e-6,0.0,0.0030272,0.0,0.0,0.0002483000000000008,0.4184374868918367,0.0,-8.967635210060785e-15,3.9968028886505635e-15,3.9968028886505635e-15,1.8412304962136865e-14,3.9968028886505635e-15,NaN,converged,52,52,0,0,0,0,6,1.8412304962136865e-14,1.12.6,lbt,1,1,Intel(R) Core(TM) 7 150U,NT,2abc7cc
degen-r5-m20-d1e-10-p3,100,Newton-SIN,1e-7*n,9.999999999999999e-6,6,14,0.029234,0.0246083,84.17698570158035,0.0,7.9e-6,0.0,0.0043609,0.0,0.0,0.0002569,0.4184374868850427,3.340404247987872e-11,-1.0721533933966644e-14,5.4010129701964615e-12,5.4010129701964615e-12,8.699223116117676e-12,5.4010129701964615e-12,NaN,converged,52,52,1,0,0,0,6,1.8412304962136865e-14,1.12.6,lbt,1,1,Intel(R) Core(TM) 7 150U,NT,2abc7cc
degen-r5-m20-d1e-10-p3,100,AGD-SDAJ-BH,1e-7*n,1.0e-11,11,91,0.1219319,0.120623,98.92653194119012,0.0,4.8e-5,0.0,0.0,0.0,0.0,0.0012609000000000016,0.4184374868978736,1.694203958032856e-11,-7.627748742921683e-15,1.6187051699034782e-12,1.6187051699034782e-12,4.128205794121512e-12,1.6187051699034782e-12,NaN,diag_feasible,0,0,24,24,0,0,11,1.8412304962136865e-14,1.12.6,lbt,1,1,Intel(R) Core(TM) 7 150U,NT,2abc7cc
degen-r5-m20-d1e-10-p3,100,AGD-SDAJ,1e-7*n,1.0e-11,11,104,0.1701048,0.1680974,98.81990396508506,0.0,8.72e-5,0.0,0.0,0.0,0.0,0.0019201999999999926,0.4184374868999786,2.2935635133216056e-11,-1.0599329339322335e-14,2.5373037004783328e-12,2.5373037004783328e-12,5.662697522817146e-12,2.5373037004783328e-12,NaN,diag_feasible,0,0,37,26,11,0,11,1.8412304962136865e-14,1.12.6,lbt,1,1,Intel(R) Core(TM) 7 150U,NT,2abc7cc
degen-r5-m20-d1e-10-p3,100,Dykstra-APM,1e-7*n,9.999999999999999e-6,267,267,0.3973182,0.3659129,92.09568048984416,0.0,0.0,0.0,0.0,0.0222022,0.0,0.009203100000000027,0.41843748688198884,3.8075866470044676e-11,-1.0506659500250726e-14,7.846834293445681e-12,7.846834293445681e-12,9.50101395722111e-12,7.846834293445681e-12,NaN,diag_feasible,0,0,0,0,0,0,267,1.8412304962136865e-14,1.12.6,lbt,1,1,Intel(R) Core(TM) 7 150U,NT,2abc7cc
degen-r5-m20-d1e-10-p3,100,Anderson-APM,1e-7*n,9.999999999999999e-6,62,62,0.0982899,0.0821733,83.60299481431969,0.0,0.0,0.0,0.0,0.0,0.0141794,0.0019371999999999948,0.41843748688078874,3.3924824295736356e-11,-9.414918595986865e-15,2.6547652964836743e-12,2.6547652964836743e-12,8.079190313438916e-12,2.6547652964836743e-12,NaN,diag_feasible,0,0,0,0,0,0,62,1.8412304962136865e-14,1.12.6,lbt,1,1,Intel(R) Core(TM) 7 150U,NT,2abc7cc
degen-r5-m20-d1e-10-p4,100,SBB-Dual,1e-7*n,1.0e-11,120,121,0.1325642,0.13091819999999998,98.75833746969393,9.68e-5,5.33e-5,3.7e-5,0.0,0.0,0.0,0.0014589000000000086,0.41907190973503544,1.1544951918614294e-11,-1.0902997167103362e-14,4.916955731459893e-12,0.0,9.355651054577166e-12,4.916955731459893e-12,100.0,diag_feasible,0,0,0,0,0,0,120,1.9695744467839558e-14,1.12.6,lbt,1,1,Intel(R) Core(TM) 7 150U,NT,2abc7cc
degen-r5-m20-d1e-10-p4,100,Newton-SIN-BH,1e-7*n,9.999999999999999e-6,7,10,0.0170917,0.0131313,76.82851910576478,0.0,6.7e-6,0.0,0.0036379,0.0,0.0,0.00031580000000000106,0.41907190973502256,0.0,-1.048540934856704e-14,7.771561172376096e-15,7.771561172376096e-15,1.9695744467839558e-14,7.771561172376096e-15,NaN,converged,63,63,2,0,0,0,7,1.9695744467839558e-14,1.12.6,lbt,1,1,Intel(R) Core(TM) 7 150U,NT,2abc7cc
degen-r5-m20-d1e-10-p4,100,Newton-SIN,1e-7*n,9.999999999999999e-6,100,2555,4.2165914,4.064819,96.40059029670267,0.0,0.0012135,0.0,0.0888211,0.0,0.0,0.06173780000000047,0.4190719096866836,1.3230128933829938e-10,-1.1404246075525167e-14,1.0013767592909062e-11,1.0013767592909062e-11,3.1017274435940006e-11,1.0013767592909062e-11,NaN,max_iter,1178,1178,2354,0,0,0,100,1.9695744467839558e-14,1.12.6,lbt,1,1,Intel(R) Core(TM) 7 150U,NT,2abc7cc
degen-r5-m20-d1e-10-p4,100,AGD-SDAJ-BH,1e-7*n,1.0e-11,13,111,0.1910236,0.1871629,97.97894082197175,0.0,7.75e-5,0.0,0.0,0.0,0.0,0.003783199999999995,0.41907190974332903,2.4371429049901922e-11,-8.758887457103511e-15,4.708011758225439e-12,4.708011758225439e-12,6.4797530664578475e-12,4.708011758225439e-12,NaN,diag_feasible_at_xpre,0,0,36,36,0,0,13,1.9695744467839558e-14,1.12.6,lbt,1,1,Intel(R) Core(TM) 7 150U,NT,2abc7cc
degen-r5-m20-d1e-10-p4,100,AGD-SDAJ,1e-7*n,1.0e-11,14,219,0.281465,0.2785495,98.96416961256284,0.0,0.0001058,0.0,0.0,0.0,0.0,0.0028097000000000152,0.4190719097475572,3.4879693057396425e-11,-1.2013210547360767e-14,3.4912073232362673e-12,3.4912073232362673e-12,8.649675038864374e-12,3.4912073232362673e-12,NaN,diag_feasible,0,0,137,39,98,0,14,1.9695744467839558e-14,1.12.6,lbt,1,1,Intel(R) Core(TM) 7 150U,NT,2abc7cc
degen-r5-m20-d1e-10-p4,100,Dykstra-APM,1e-7*n,9.999999999999999e-6,249,249,0.3398194,0.3054681,89.89130697070267,0.0,0.0,0.0,0.0,0.0268228,0.0,0.007528499999999973,0.4190719097287024,3.6829505388216724e-11,-9.40200036342666e-15,5.357048138421305e-12,5.357048138421305e-12,9.941016995810841e-12,5.357048138421305e-12,NaN,diag_feasible,0,0,0,0,0,0,249,1.9695744467839558e-14,1.12.6,lbt,1,1,Intel(R) Core(TM) 7 150U,NT,2abc7cc
degen-r5-m20-d1e-10-p4,100,Anderson-APM,1e-7*n,9.999999999999999e-6,75,75,0.1159568,0.0982893,84.76372235177239,0.0,0.0,0.0,0.0,0.0,0.0155574,0.002110100000000002,0.41907190973949177,2.096268379370597e-11,-1.1094944721194057e-14,2.2403190413911034e-12,2.2403190413911034e-12,6.059694578935298e-12,2.2403190413911034e-12,NaN,diag_feasible,0,0,0,0,0,0,75,1.9695744467839558e-14,1.12.6,lbt,1,1,Intel(R) Core(TM) 7 150U,NT,2abc7cc
degen-r5-m20-d0-p0,100,SBB-Dual,1e-7*n,1.0e-11,120,121,0.1700465,0.1680161,98.80597366014591,0.0001257,7.53e-5,5.31e-5,0.0,0.0,0.0,0.0017762999999999878,0.4160692315527145,1.189097004346651e-11,-1.0360771612558321e-14,3.5053071556490067e-12,0.0,9.075350402954544e-12,3.5053071556490067e-12,100.0,diag_feasible,0,0,0,0,0,0,120,3.030380133479571e-14,1.12.6,lbt,1,1,Intel(R) Core(TM) 7 150U,NT,2abc7cc
degen-r5-m20-d0-p0,100,Newton-SIN-BH,1e-7*n,9.999999999999999e-6,5,6,0.0166712,0.0111866,67.10134843322616,0.0,8.4e-6,0.0,0.0051204,0.0,0.0,0.00035580000000000073,0.41606923155269665,0.0,-6.97878330856805e-15,7.993605777301127e-15,7.993605777301127e-15,3.030380133479571e-14,7.993605777301127e-15,NaN,converged,45,45,0,0,0,0,5,3.030380133479571e-14,1.12.6,lbt,1,1,Intel(R) Core(TM) 7 150U,NT,2abc7cc
degen-r5-m20-d0-p0,100,Newton-SIN,1e-7*n,9.999999999999999e-6,7,17,0.0271758,0.0206793,76.09453999514274,0.0,6.8e-6,0.0,0.0062858,0.0,0.0,0.00020389999999999818,0.4160692315527244,2.679437777026503e-13,-8.901690460014443e-15,1.3655743202889425e-14,1.3655743202889425e-14,2.979082359178622e-14,1.3655743202889425e-14,NaN,converged,87,87,2,0,0,0,7,3.030380133479571e-14,1.12.6,lbt,1,1,Intel(R) Core(TM) 7 150U,NT,2abc7cc
degen-r5-m20-d0-p0,100,AGD-SDAJ-BH,1e-7*n,1.0e-11,11,84,0.1128057,0.11158810000000001,98.92062191892786,0.0,4.7e-5,0.0,0.0,0.0,0.0,0.0011705999999999854,0.41606923155978226,2.2758760874745368e-11,-1.2615882902123175e-14,2.6098012639863555e-12,2.6098012639863555e-12,5.832717765194949e-12,2.6098012639863555e-12,NaN,diag_feasible_at_xpre,0,0,21,21,0,0,11,3.030380133479571e-14,1.12.6,lbt,1,1,Intel(R) Core(TM) 7 150U,NT,2abc7cc
degen-r5-m20-d0-p0,100,AGD-SDAJ,1e-7*n,1.0e-11,11,98,0.1371764,0.1357876,98.9875809541583,0.0,6.05e-5,0.0,0.0,0.0,0.0,0.0013282999999999956,0.41606923155989955,2.437954885182695e-11,-7.477754000025997e-15,2.862710068995966e-12,2.862710068995966e-12,6.422432085321709e-12,2.862710068995966e-12,NaN,diag_feasible,0,0,33,21,12,0,11,3.030380133479571e-14,1.12.6,lbt,1,1,Intel(R) Core(TM) 7 150U,NT,2abc7cc
degen-r5-m20-d0-p0,100,Dykstra-APM,1e-7*n,9.999999999999999e-6,247,247,0.398056,0.3521434,88.46579375766224,0.0,0.0,0.0,0.0,0.0324312,0.0,0.013481400000000025,0.4160692315561648,3.5304380670752576e-11,-9.065321385518872e-15,3.518740854246971e-12,3.518740854246971e-12,9.495977025446517e-12,3.518740854246971e-12,NaN,diag_feasible,0,0,0,0,0,0,247,3.030380133479571e-14,1.12.6,lbt,1,1,Intel(R) Core(TM) 7 150U,NT,2abc7cc
degen-r5-m20-d0-p0,100,Anderson-APM,1e-7*n,9.999999999999999e-6,83,83,0.1292384,0.1097947,84.95516812340604,0.0,0.0,0.0,0.0,0.0,0.0171079,0.0023358000000000094,0.41606923155806863,2.4243935160363436e-11,-9.376834986123096e-15,2.5939250747342157e-12,2.5939250747342157e-12,6.723887168368419e-12,2.5939250747342157e-12,NaN,diag_feasible,0,0,0,0,0,0,83,3.030380133479571e-14,1.12.6,lbt,1,1,Intel(R) Core(TM) 7 150U,NT,2abc7cc
degen-r5-m20-d0-p1,100,SBB-Dual,1e-7*n,1.0e-11,116,117,0.1354143,0.13381,98.81526544833156,9.86e-5,5.21e-5,3.47e-5,0.0,0.0,0.0,0.0014188999999999753,0.4116188748245059,1.0817925352225146e-11,-8.623340458906494e-15,2.6403323971635473e-12,0.0,9.96519971838183e-12,2.6403323971635473e-12,100.0,diag_feasible,0,0,0,0,0,0,116,1.451168094464173e-14,1.12.6,lbt,1,1,Intel(R) Core(TM) 7 150U,NT,2abc7cc
degen-r5-m20-d0-p1,100,Newton-SIN-BH,1e-7*n,9.999999999999999e-6,5,6,0.0167073,0.0104997,62.84498392918066,0.0,8.0e-6,0.0,0.0058612,0.0,0.0,0.00033840000000000085,0.4116188748244935,0.0,-7.707102331526033e-15,4.884981308350689e-15,4.884981308350689e-15,1.451168094464173e-14,4.884981308350689e-15,NaN,converged,46,46,0,0,0,0,5,1.451168094464173e-14,1.12.6,lbt,1,1,Intel(R) Core(TM) 7 150U,NT,2abc7cc
degen-r5-m20-d0-p1,100,Newton-SIN,1e-7*n,9.999999999999999e-6,100,2400,4.5400912,4.2444296,93.48776077449722,0.0,0.0012905,0.0,0.2381798,0.0,0.0,0.05619129999999989,0.41161887478605336,7.744560907870438e-11,-7.688458200072496e-15,8.65441052155802e-12,8.65441052155802e-12,2.698407401571119e-11,8.65441052155802e-12,NaN,max_iter,2134,2134,2199,0,0,0,100,1.451168094464173e-14,1.12.6,lbt,1,1,Intel(R) Core(TM) 7 150U,NT,2abc7cc
degen-r5-m20-d0-p1,100,AGD-SDAJ-BH,1e-7*n,1.0e-11,12,102,0.1481126,0.1451336,97.9886923867382,0.0,6.15e-5,0.0,0.0,0.0,0.0,0.0029175000000000095,0.41161887483465615,2.937535569300326e-11,-9.169108127795662e-15,4.172107104238876e-12,4.172107104238876e-12,7.71267594585632e-12,4.172107104238876e-12,NaN,diag_feasible,0,0,29,29,0,0,12,1.451168094464173e-14,1.12.6,lbt,1,1,Intel(R) Core(TM) 7 150U,NT,2abc7cc
degen-r5-m20-d0-p1,100,AGD-SDAJ,1e-7*n,1.0e-11,12,105,0.1627748,0.1610425,98.93576892737697,0.0,6.71e-5,0.0,0.0,0.0,0.0,0.0016651999999999921,0.411618874832013,2.0377117241772338e-11,-9.670874780503306e-15,1.9865220579617926e-12,1.9865220579617926e-12,5.033929188589292e-12,1.9865220579617926e-12,NaN,diag_feasible,0,0,34,24,10,0,12,1.451168094464173e-14,1.12.6,lbt,1,1,Intel(R) Core(TM) 7 150U,NT,2abc7cc
degen-r5-m20-d0-p1,100,Dykstra-APM,1e-7*n,9.999999999999999e-6,242,242,0.3261739,0.2971538,91.102874877481,0.0,0.0,0.0,0.0,0.0205222,0.0,0.008497899999999992,0.41161887482299414,3.348584493863432e-11,-1.0914077345533688e-14,2.674527266322002e-12,2.674527266322002e-12,9.60424001321221e-12,2.674527266322002e-12,NaN,diag_feasible,0,0,0,0,0,0,242,1.451168094464173e-14,1.12.6,lbt,1,1,Intel(R) Core(TM) 7 150U,NT,2abc7cc
degen-r5-m20-d0-p1,100,Anderson-APM,1e-7*n,9.999999999999999e-6,101,101,0.1509633,0.1285414,85.14744974440808,0.0,0.0,0.0,0.0,0.0,0.0199488,0.0024730999999999954,0.41161887483982385,4.107733268310435e-11,-8.98731044242989e-15,1.8627321907160876e-12,1.8627321907160876e-12,9.56403872328971e-12,1.8627321907160876e-12,NaN,diag_feasible,0,0,0,0,0,0,101,1.451168094464173e-14,1.12.6,lbt,1,1,Intel(R) Core(TM) 7 150U,NT,2abc7cc
degen-r5-m20-d0-p2,100,SBB-Dual,1e-7*n,1.0e-11,115,116,0.1461974,0.1445193,98.85216836961531,0.0001078,6.29e-5,3.51e-5,0.0,0.0,0.0,0.0014723000000000158,0.4171094445220074,7.868539485330884e-12,-8.347403665396931e-15,2.90834023530806e-12,0.0,8.394676175699194e-12,2.90834023530806e-12,100.0,diag_feasible,0,0,0,0,0,0,115,4.7976666578315206e-14,1.12.6,lbt,1,1,Intel(R) Core(TM) 7 150U,NT,2abc7cc
degen-r5-m20-d0-p2,100,Newton-SIN-BH,1e-7*n,9.999999999999999e-6,5,6,0.015019,0.0101415,67.52446900592582,0.0,6.0e-6,0.0,0.004563,0.0,0.0,0.00030849999999999975,0.4171094445220163,0.0,-9.224603557848622e-15,2.4202861936828413e-14,2.4202861936828413e-14,4.7976666578315206e-14,2.4202861936828413e-14,NaN,converged,45,45,0,0,0,0,5,4.7976666578315206e-14,1.12.6,lbt,1,1,Intel(R) Core(TM) 7 150U,NT,2abc7cc
degen-r5-m20-d0-p2,100,Newton-SIN,1e-7*n,9.999999999999999e-6,100,2248,4.0404981,3.7357443999999997,92.45752151201359,0.0,0.0011467,0.0,0.2566352,0.0,0.0,0.04697180000000001,0.41710944450525805,3.3463196813585146e-11,-6.969279874011884e-15,4.120925822803656e-12,4.120925822803656e-12,1.1669064632926333e-11,4.120925822803656e-12,NaN,max_iter,2126,2126,2047,0,0,0,100,4.7976666578315206e-14,1.12.6,lbt,1,1,Intel(R) Core(TM) 7 150U,NT,2abc7cc
degen-r5-m20-d0-p2,100,AGD-SDAJ-BH,1e-7*n,1.0e-11,12,99,0.1447593,0.1410284,97.42268717795679,0.0,5.55e-5,0.0,0.0,0.0,0.0,0.003675400000000009,0.4171094445296813,1.972929367020094e-11,-9.026948959968214e-15,1.4611645227091685e-12,1.4611645227091685e-12,4.6197535955524074e-12,1.4611645227091685e-12,NaN,diag_feasible_at_xpre,0,0,30,30,0,0,12,4.7976666578315206e-14,1.12.6,lbt,1,1,Intel(R) Core(TM) 7 150U,NT,2abc7cc
degen-r5-m20-d0-p2,100,AGD-SDAJ,1e-7*n,1.0e-11,11,97,0.1285369,0.1271004,98.88242209046584,0.0,5.33e-5,0.0,0.0,0.0,0.0,0.0013832000000000072,0.4171094445239853,1.4907586773622063e-11,-8.577155615260837e-15,3.708366946852948e-12,3.708366946852948e-12,5.200962396231731e-12,3.708366946852948e-12,NaN,diag_feasible,0,0,32,27,5,0,11,4.7976666578315206e-14,1.12.6,lbt,1,1,Intel(R) Core(TM) 7 150U,NT,2abc7cc
degen-r5-m20-d0-p2,100,Dykstra-APM,1e-7*n,9.999999999999999e-6,238,238,0.3661139,0.3220363,87.96068655137103,0.0,0.0,0.0,0.0,0.0345492,0.0,0.009528399999999992,0.41710944452002374,3.36828062822827e-11,-8.899527872306584e-15,3.552713678800501e-12,3.552713678800501e-12,9.76785258346193e-12,3.552713678800501e-12,NaN,diag_feasible,0,0,0,0,0,0,238,4.7976666578315206e-14,1.12.6,lbt,1,1,Intel(R) Core(TM) 7 150U,NT,2abc7cc
degen-r5-m20-d0-p2,100,Anderson-APM,1e-7*n,9.999999999999999e-6,80,80,0.1081299,0.0916166,84.72827589778592,0.0,0.0,0.0,0.0,0.0,0.0146365,0.0018767999999999944,0.4171094445378178,3.9940003070533124e-11,-1.0843474532458676e-14,1.308841923730597e-12,1.308841923730597e-12,8.964012968158266e-12,1.308841923730597e-12,NaN,diag_feasible,0,0,0,0,0,0,80,4.7976666578315206e-14,1.12.6,lbt,1,1,Intel(R) Core(TM) 7 150U,NT,2abc7cc
degen-r5-m20-d0-p3,100,SBB-Dual,1e-7*n,1.0e-11,128,129,0.170337,0.1683556,98.83677650774642,0.0001206,7.03e-5,5.7e-5,0.0,0.0,0.0,0.0017334999999999944,0.4184374872205933,7.726627305401808e-12,-9.701491697118217e-15,8.321343614170473e-12,0.0,8.577659034587527e-12,8.321343614170473e-12,100.0,diag_feasible,0,0,0,0,0,0,128,6.980937243217542e-14,1.12.6,lbt,1,1,Intel(R) Core(TM) 7 150U,NT,2abc7cc
degen-r5-m20-d0-p3,100,Newton-SIN-BH,1e-7*n,9.999999999999999e-6,5,6,0.009843,0.0067716,68.79609875038098,0.0,4.2e-6,0.0,0.0028705,0.0,0.0,0.0001966999999999993,0.41843748722058516,0.0,-9.242652289066687e-15,3.708144902248023e-14,3.708144902248023e-14,6.980937243217542e-14,3.708144902248023e-14,NaN,converged,45,45,0,0,0,0,5,6.980937243217542e-14,1.12.6,lbt,1,1,Intel(R) Core(TM) 7 150U,NT,2abc7cc
degen-r5-m20-d0-p3,100,Newton-SIN,1e-7*n,9.999999999999999e-6,6,15,0.0216293,0.0171926,79.48754698487699,0.0,6.1e-6,0.0,0.0042469,0.0,0.0,0.00018370000000000192,0.4184374872101344,2.6172218447258563e-11,-8.125759242908162e-15,5.071942865697565e-12,5.071942865697565e-12,9.7629778970707e-12,5.071942865697565e-12,NaN,converged,67,67,2,0,0,0,6,6.980937243217542e-14,1.12.6,lbt,1,1,Intel(R) Core(TM) 7 150U,NT,2abc7cc
degen-r5-m20-d0-p3,100,AGD-SDAJ-BH,1e-7*n,1.0e-11,11,95,0.1258928,0.124418,98.82852712784211,0.0,5.26e-5,0.0,0.0,0.0,0.0,0.0014221999999999982,0.4184374872271659,1.82326019822172e-11,-1.1733324186988112e-14,9.983125437429408e-13,9.983125437429408e-13,4.357182811454335e-12,9.983125437429408e-13,NaN,diag_feasible,0,0,28,28,0,0,11,6.980937243217542e-14,1.12.6,lbt,1,1,Intel(R) Core(TM) 7 150U,NT,2abc7cc
degen-r5-m20-d0-p3,100,AGD-SDAJ,1e-7*n,1.0e-11,106,4016,5.1648247,5.0751177,98.26311626801196,0.0,0.0019417,0.0,0.0,0.0,0.0,0.08776529999999975,0.4184375167520867,9.327188263463887e-8,-8.975808129952977e-15,7.044634098285485e-9,7.044634098285485e-9,2.293400726752022e-8,7.044634098285485e-9,NaN,evd_budget,0,0,3478,406,3072,0,106,6.980937243217542e-14,1.12.6,lbt,1,1,Intel(R) Core(TM) 7 150U,NT,2abc7cc
degen-r5-m20-d0-p3,100,Dykstra-APM,1e-7*n,9.999999999999999e-6,264,264,0.375426,0.3403744,90.66351291599412,0.0,0.0,0.0,0.0,0.0249072,0.0,0.01014439999999996,0.4184374872178974,3.5038523651445603e-11,-1.014113112990021e-14,9.36717370336737e-12,9.36717370336737e-12,9.642322632081659e-12,9.36717370336737e-12,NaN,diag_feasible,0,0,0,0,0,0,264,6.980937243217542e-14,1.12.6,lbt,1,1,Intel(R) Core(TM) 7 150U,NT,2abc7cc
degen-r5-m20-d0-p3,100,Anderson-APM,1e-7*n,9.999999999999999e-6,64,64,0.0930506,0.0787853,84.66930895663221,0.0,0.0,0.0,0.0,0.0,0.0124687,0.0017965999999999954,0.41843748722595847,2.930240029649366e-11,-8.745351492040748e-15,3.0221380953321386e-12,3.0221380953321386e-12,8.863176654148303e-12,3.0221380953321386e-12,NaN,diag_feasible,0,0,0,0,0,0,64,6.980937243217542e-14,1.12.6,lbt,1,1,Intel(R) Core(TM) 7 150U,NT,2abc7cc
degen-r5-m20-d0-p4,100,SBB-Dual,1e-7*n,1.0e-11,120,121,0.1555183,0.1537385,98.85556876586229,0.0001184,6.27e-5,3.68e-5,0.0,0.0,0.0,0.001561899999999998,0.4190719100647204,1.0300197833015113e-11,-8.831605582105337e-15,4.5352610555937645e-12,0.0,8.704167233893628e-12,4.5352610555937645e-12,100.0,diag_feasible,0,0,0,0,0,0,120,2.350921831471279e-14,1.12.6,lbt,1,1,Intel(R) Core(TM) 7 150U,NT,2abc7cc
degen-r5-m20-d0-p4,100,Newton-SIN-BH,1e-7*n,9.999999999999999e-6,5,6,0.0156199,0.010685700000000001,68.41080928815165,0.0,6.5e-6,0.0,0.0046261,0.0,0.0,0.0003015999999999991,0.4190719100646954,0.0,-7.966307770773559e-15,9.992007221626409e-15,9.992007221626409e-15,2.350921831471279e-14,9.992007221626409e-15,NaN,converged,45,45,0,0,0,0,5,2.350921831471279e-14,1.12.6,lbt,1,1,Intel(R) Core(TM) 7 150U,NT,2abc7cc
degen-r5-m20-d0-p4,100,Newton-SIN,1e-7*n,9.999999999999999e-6,6,18,0.0274749,0.0228773,83.26618113259738,0.0,8.1e-6,0.0,0.0043825,0.0,0.0,0.00020700000000000059,0.4190719100647159,1.470012503505253e-13,-6.6980237148833125e-15,5.551115123125783e-15,5.551115123125783e-15,1.2415649449821115e-14,5.551115123125783e-15,NaN,converged,66,66,5,0,0,0,6,2.350921831471279e-14,1.12.6,lbt,1,1,Intel(R) Core(TM) 7 150U,NT,2abc7cc
degen-r5-m20-d0-p4,100,AGD-SDAJ-BH,1e-7*n,1.0e-11,10,87,0.1234114,0.12212,98.95358127369109,0.0,5.68e-5,0.0,0.0,0.0,0.0,0.001234599999999998,0.4190719100693515,1.3013107360594425e-11,-8.726701064210847e-15,1.1464162952279366e-12,1.1464162952279366e-12,3.1517102444400965e-12,1.1464162952279366e-12,NaN,diag_feasible,0,0,26,26,0,0,10,2.350921831471279e-14,1.12.6,lbt,1,1,Intel(R) Core(TM) 7 150U,NT,2abc7cc
degen-r5-m20-d0-p4,100,AGD-SDAJ,1e-7*n,1.0e-11,12,148,0.2240321,0.22173400000000001,98.97420949944227,0.0,9.11e-5,0.0,0.0,0.0,0.0,0.002206999999999997,0.4190719100743076,2.5345768281096207e-11,-9.563325471982299e-15,1.6107115641261771e-12,1.6107115641261771e-12,5.810912228830357e-12,1.6107115641261771e-12,NaN,diag_feasible,0,0,75,31,44,0,12,2.350921831471279e-14,1.12.6,lbt,1,1,Intel(R) Core(TM) 7 150U,NT,2abc7cc
degen-r5-m20-d0-p4,100,Dykstra-APM,1e-7*n,9.999999999999999e-6,248,248,0.4241841,0.362101,85.36411430791487,0.0,0.0,0.0,0.0,0.047159,0.0,0.014924100000000003,0.41907191006536587,3.440908122182105e-11,-8.960565077838002e-15,5.389688695345285e-12,5.389688695345285e-12,9.640553363078019e-12,5.389688695345285e-12,NaN,diag_feasible,0,0,0,0,0,0,248,2.350921831471279e-14,1.12.6,lbt,1,1,Intel(R) Core(TM) 7 150U,NT,2abc7cc
degen-r5-m20-d0-p4,100,Anderson-APM,1e-7*n,9.999999999999999e-6,78,78,0.1228525,0.10429,84.89041737042386,0.0,0.0,0.0,0.0,0.0,0.0163794,0.0021831000000000107,0.41907191007595457,3.025913800856439e-11,-8.229458787587412e-15,1.3791190411893695e-12,1.3791190411893695e-12,7.023135227477092e-12,1.3791190411893695e-12,NaN,diag_feasible,0,0,0,0,0,0,78,2.350921831471279e-14,1.12.6,lbt,1,1,Intel(R) Core(TM) 7 150U,NT,2abc7cc
degen-r20-m1-d0.01-p0,100,SBB-Dual,1e-7*n,1.0e-11,49,50,0.0529664,0.0522548,98.6565067665539,3.94e-5,2.29e-5,3.17e-5,0.0,0.0,0.0,0.0006175999999999998,0.4040066424561287,6.1956557695037094e-12,-3.5926945014279065e-15,1.0385026172343714e-12,0.0,6.237239351241085e-12,1.0385026172343714e-12,100.0,diag_feasible,0,0,0,0,0,0,49,1.429732779457038e-14,1.12.6,lbt,1,1,Intel(R) Core(TM) 7 150U,NT,2abc7cc
degen-r20-m1-d0.01-p0,100,Newton-SIN-BH,1e-7*n,9.999999999999999e-6,4,5,0.0105736,0.0073299,69.3226526443217,0.0,6.2e-6,0.0,0.0029524,0.0,0.0,0.00028510000000000037,0.40400664245612844,0.0,-3.694967784628872e-15,5.10702591327572e-15,5.10702591327572e-15,1.429732779457038e-14,5.10702591327572e-15,NaN,converged,26,26,0,0,0,0,4,1.429732779457038e-14,1.12.6,lbt,1,1,Intel(R) Core(TM) 7 150U,NT,2abc7cc
degen-r20-m1-d0.01-p0,100,Newton-SIN,1e-7*n,9.999999999999999e-6,100,2482,2.8783057,2.6706129,92.7841993989728,0.0,0.0011347,0.0,0.1349309,0.0,0.0,0.07162719999999981,0.40400664244712914,1.2758855534116968e-10,-4.0559504575270606e-15,2.7485125286830225e-11,2.7485125286830225e-11,7.456363335513448e-11,2.7485125286830225e-11,NaN,max_iter,1274,1274,2281,0,0,0,100,1.429732779457038e-14,1.12.6,lbt,1,1,Intel(R) Core(TM) 7 150U,NT,2abc7cc
degen-r20-m1-d0.01-p0,100,AGD-SDAJ-BH,1e-7*n,1.0e-11,8,52,0.0773314,0.0763516,98.73298556601848,0.0,4.01e-5,0.0,0.0,0.0,0.0,0.0009396999999999891,0.4040066424510537,7.962203849191718e-12,-3.2192185328153138e-15,9.71889235756862e-13,9.71889235756862e-13,4.230631763927516e-12,9.71889235756862e-13,NaN,diag_feasible,0,0,3,3,0,0,8,1.429732779457038e-14,1.12.6,lbt,1,1,Intel(R) Core(TM) 7 150U,NT,2abc7cc
degen-r20-m1-d0.01-p0,100,AGD-SDAJ,1e-7*n,1.0e-11,9,68,0.0963235,0.0952587,98.89455844108653,0.0,4.43e-5,0.0,0.0,0.0,0.0,0.0010205000000000047,0.4040066424459531,1.3251596679231778e-11,-3.726699262194517e-15,4.278577492300428e-12,4.278577492300428e-12,6.734609104403604e-12,4.278577492300428e-12,NaN,diag_feasible,0,0,15,9,6,0,9,1.429732779457038e-14,1.12.6,lbt,1,1,Intel(R) Core(TM) 7 150U,NT,2abc7cc
degen-r20-m1-d0.01-p0,100,Dykstra-APM,1e-7*n,9.999999999999999e-6,109,109,0.1433301,0.1320898,92.15775332606341,0.0,0.0,0.0,0.0,0.0078646,0.0,0.0033756999999999815,0.40400664243839757,2.0716687879006245e-11,-3.3273994533122712e-15,1.5281109710940655e-12,1.5281109710940655e-12,9.164270425198037e-12,1.5281109710940655e-12,NaN,diag_feasible,0,0,0,0,0,0,109,1.429732779457038e-14,1.12.6,lbt,1,1,Intel(R) Core(TM) 7 150U,NT,2abc7cc
degen-r20-m1-d0.01-p0,100,Anderson-APM,1e-7*n,9.999999999999999e-6,36,36,0.0640671,0.0528116,82.43170051399235,0.0,0.0,0.0,0.0,0.0,0.0097421,0.0015134000000000015,0.40400664246928014,1.8079398451406427e-11,-3.6272571764298784e-15,3.2350788714552436e-12,3.2350788714552436e-12,8.914226345706525e-12,3.2350788714552436e-12,NaN,diag_feasible,0,0,0,0,0,0,36,1.429732779457038e-14,1.12.6,lbt,1,1,Intel(R) Core(TM) 7 150U,NT,2abc7cc
degen-r20-m1-d0.01-p1,100,SBB-Dual,1e-7*n,1.0e-11,48,49,0.0615167,0.060754,98.76017406655428,4.71e-5,2.94e-5,3.36e-5,0.0,0.0,0.0,0.0006525999999999982,0.3987031737160107,9.190435397638233e-12,-3.753566257240789e-15,1.5509815654013437e-12,0.0,9.231864411359588e-12,1.5509815654013437e-12,100.0,diag_feasible,0,0,0,0,0,0,48,4.351819350922159e-14,1.12.6,lbt,1,1,Intel(R) Core(TM) 7 150U,NT,2abc7cc
degen-r20-m1-d0.01-p1,100,Newton-SIN-BH,1e-7*n,9.999999999999999e-6,5,6,0.0117234,0.0087197,74.3785932408687,0.0,6.0e-6,0.0,0.0027326,0.0,0.0,0.0002650999999999999,0.39870317371601516,5.850501703477875e-13,-4.4991615071361786e-15,4.529709940470639e-14,4.529709940470639e-14,1.5114074878932869e-13,4.529709940470639e-14,NaN,converged,30,30,0,0,0,0,5,4.351819350922159e-14,1.12.6,lbt,1,1,Intel(R) Core(TM) 7 150U,NT,2abc7cc
degen-r20-m1-d0.01-p1,100,Newton-SIN,1e-7*n,9.999999999999999e-6,100,2641,3.6235578,3.4305829,94.67443571619032,0.0,0.001248,0.0,0.1423751,0.0,0.0,0.049351799999999835,0.3987031737168028,2.0068366364309227e-11,-3.4500382426069146e-15,1.0712541964608135e-11,1.0712541964608135e-11,1.184132353338474e-11,1.0712541964608135e-11,NaN,max_iter,1265,1265,2440,0,0,0,100,4.351819350922159e-14,1.12.6,lbt,1,1,Intel(R) Core(TM) 7 150U,NT,2abc7cc
degen-r20-m1-d0.01-p1,100,AGD-SDAJ-BH,1e-7*n,1.0e-11,9,67,0.0838883,0.0824103,98.23813332729355,0.0,3.54e-5,0.0,0.0,0.0,0.0,0.001442599999999993,0.3987031737123024,4.918753846320414e-12,-3.581991044340936e-15,8.244516180866412e-13,8.244516180866412e-13,2.4431414912221985e-12,8.244516180866412e-13,NaN,diag_feasible,0,0,12,12,0,0,9,4.351819350922159e-14,1.12.6,lbt,1,1,Intel(R) Core(TM) 7 150U,NT,2abc7cc
degen-r20-m1-d0.01-p1,100,AGD-SDAJ,1e-7*n,1.0e-11,11,111,0.1566806,0.15491850000000001,98.87535534073778,0.0,8.52e-5,0.0,0.0,0.0,0.0,0.0016768999999999888,0.39870317370580977,1.3062582947452676e-11,-3.328055278348418e-15,2.9185542871346115e-12,2.9185542871346115e-12,6.4684850682408455e-12,2.9185542871346115e-12,NaN,diag_feasible_at_xpre,0,0,48,25,23,0,11,4.351819350922159e-14,1.12.6,lbt,1,1,Intel(R) Core(TM) 7 150U,NT,2abc7cc
degen-r20-m1-d0.01-p1,100,Dykstra-APM,1e-7*n,9.999999999999999e-6,109,109,0.1514591,0.13874,91.60228735018232,0.0,0.0,0.0,0.0,0.008801,0.0,0.003918100000000011,0.3987031736995317,1.894618876766744e-11,-3.8275893820948995e-15,1.4099832412739488e-12,1.4099832412739488e-12,8.393177454518403e-12,1.4099832412739488e-12,NaN,diag_feasible,0,0,0,0,0,0,109,4.351819350922159e-14,1.12.6,lbt,1,1,Intel(R) Core(TM) 7 150U,NT,2abc7cc
degen-r20-m1-d0.01-p1,100,Anderson-APM,1e-7*n,9.999999999999999e-6,28,28,0.0324459,0.0272313,83.92832376355717,0.0,0.0,0.0,0.0,0.0,0.0043864,0.0008281999999999994,0.3987031737345897,2.184805715716845e-11,-3.456820490626211e-15,1.7655876760613864e-12,1.7655876760613864e-12,9.962239358726745e-12,1.7655876760613864e-12,NaN,diag_feasible,0,0,0,0,0,0,28,4.351819350922159e-14,1.12.6,lbt,1,1,Intel(R) Core(TM) 7 150U,NT,2abc7cc
degen-r20-m1-d0.01-p2,100,SBB-Dual,1e-7*n,1.0e-11,48,49,0.0560511,0.0552839,98.63124898530091,4.21e-5,2.62e-5,3.34e-5,0.0,0.0,0.0,0.0006655000000000027,0.40433247812588213,8.257267909613842e-12,-3.3676640453431206e-15,1.2683187833317788e-12,0.0,8.878944511421287e-12,1.2683187833317788e-12,100.0,diag_feasible,0,0,0,0,0,0,48,2.1834731132791743e-14,1.12.6,lbt,1,1,Intel(R) Core(TM) 7 150U,NT,2abc7cc
degen-r20-m1-d0.01-p2,100,Newton-SIN-BH,1e-7*n,9.999999999999999e-6,4,5,0.0072725,0.0053343,73.34891715366106,0.0,3.8e-6,0.0,0.0017437,0.0,0.0,0.00019070000000000024,0.404332478125891,0.0,-3.5228204487813454e-15,8.326672684688674e-15,8.326672684688674e-15,2.1834731132791743e-14,8.326672684688674e-15,NaN,converged,26,26,0,0,0,0,4,2.1834731132791743e-14,1.12.6,lbt,1,1,Intel(R) Core(TM) 7 150U,NT,2abc7cc
degen-r20-m1-d0.01-p2,100,Newton-SIN,1e-7*n,9.999999999999999e-6,4,9,0.0170023,0.0141914,83.46753086347141,0.0,5.9e-6,0.0,0.0026159,0.0,0.0,0.0001891000000000015,0.404332478125891,0.0,-3.5228204487813454e-15,8.326672684688674e-15,8.326672684688674e-15,2.1834731132791743e-14,8.326672684688674e-15,NaN,converged,26,26,0,0,0,0,4,2.1834731132791743e-14,1.12.6,lbt,1,1,Intel(R) Core(TM) 7 150U,NT,2abc7cc
degen-r20-m1-d0.01-p2,100,AGD-SDAJ-BH,1e-7*n,1.0e-11,8,55,0.0585176,0.057813500000000004,98.79677225313411,0.0,2.45e-5,0.0,0.0,0.0,0.0,0.0006795999999999992,0.404332478120594,1.3484992553066612e-11,-3.1151272692892484e-15,2.6506574712925612e-12,2.6506574712925612e-12,8.053634279341064e-12,2.6506574712925612e-12,NaN,diag_feasible_at_xpre,0,0,8,8,0,0,8,2.1834731132791743e-14,1.12.6,lbt,1,1,Intel(R) Core(TM) 7 150U,NT,2abc7cc
degen-r20-m1-d0.01-p2,100,AGD-SDAJ,1e-7*n,1.0e-11,112,4013,6.3716029,6.2465655,98.03758329006976,0.0,0.0029897,0.0,0.0,0.0,0.0,0.12204770000000008,0.4043324621598284,3.041985628101506e-8,-3.170873869346564e-15,9.056803640383748e-9,9.056803640383748e-9,1.7708111369647667e-8,9.056803640383748e-9,NaN,evd_budget,0,0,3448,111,3337,0,112,2.1834731132791743e-14,1.12.6,lbt,1,1,Intel(R) Core(TM) 7 150U,NT,2abc7cc
degen-r20-m1-d0.01-p2,100,Dykstra-APM,1e-7*n,9.999999999999999e-6,109,109,0.3009909,0.2757414,91.61120817938351,0.0,0.0,0.0,0.0,0.0126095,0.0,0.012639999999999981,0.4043324781101127,1.8350808663809018e-11,-3.3694073516753518e-15,1.1586287484988134e-12,1.1586287484988134e-12,8.131464450925028e-12,1.1586287484988134e-12,NaN,diag_feasible,0,0,0,0,0,0,109,2.1834731132791743e-14,1.12.6,lbt,1,1,Intel(R) Core(TM) 7 150U,NT,2abc7cc
degen-r20-m1-d0.01-p2,100,Anderson-APM,1e-7*n,9.999999999999999e-6,35,35,0.1344739,0.0934204,69.47102746332187,0.0,0.0,0.0,0.0,0.0,0.0366616,0.004391900000000004,0.4043324781430931,2.0684815775538526e-11,-3.6349586783451525e-15,1.6927570456459762e-12,1.6927570456459762e-12,9.372034524115682e-12,1.6927570456459762e-12,NaN,diag_feasible,0,0,0,0,0,0,35,2.1834731132791743e-14,1.12.6,lbt,1,1,Intel(R) Core(TM) 7 150U,NT,2abc7cc
degen-r20-m1-d0.01-p3,100,SBB-Dual,1e-7*n,1.0e-11,48,49,0.1477434,0.1453037,98.34869104135956,0.0002092,0.0001122,0.0001164,0.0,0.0,0.0,0.002001899999999989,0.40462295483729915,9.171729267552371e-12,-3.877349019314203e-15,1.4084289290394736e-12,0.0,8.674273665616693e-12,1.4084289290394736e-12,100.0,diag_feasible,0,0,0,0,0,0,48,1.842936780121819e-14,1.12.6,lbt,1,1,Intel(R) Core(TM) 7 150U,NT,2abc7cc
degen-r20-m1-d0.01-p3,100,Newton-SIN-BH,1e-7*n,9.999999999999999e-6,4,5,0.0180781,0.0118384,65.48475780087509,0.0,1.21e-5,0.0,0.0057687,0.0,0.0,0.00045889999999999907,0.40462295483731225,0.0,-2.947051043621957e-15,5.773159728050814e-15,5.773159728050814e-15,1.842936780121819e-14,5.773159728050814e-15,NaN,converged,26,26,0,0,0,0,4,1.842936780121819e-14,1.12.6,lbt,1,1,Intel(R) Core(TM) 7 150U,NT,2abc7cc
degen-r20-m1-d0.01-p3,100,Newton-SIN,1e-7*n,9.999999999999999e-6,4,9,0.0360914,0.028548200000000003,79.09973012961537,0.0,6.23e-5,0.0,0.0068289,0.0,0.0,0.0006519999999999998,0.40462295483731225,0.0,-2.947051043621957e-15,5.773159728050814e-15,5.773159728050814e-15,1.842936780121819e-14,5.773159728050814e-15,NaN,converged,26,26,0,0,0,0,4,1.842936780121819e-14,1.12.6,lbt,1,1,Intel(R) Core(TM) 7 150U,NT,2abc7cc
degen-r20-m1-d0.01-p3,100,AGD-SDAJ-BH,1e-7*n,1.0e-11,10,77,0.2155025,0.2128208,98.7556060834561,0.0,0.0001188,0.0,0.0,0.0,0.0,0.002562900000000009,0.40462295483277916,5.985454815561941e-12,-3.7512517586967955e-15,8.852918398360998e-13,8.852918398360998e-13,2.935797505719255e-12,8.852918398360998e-13,NaN,diag_feasible,0,0,16,16,0,0,10,1.842936780121819e-14,1.12.6,lbt,1,1,Intel(R) Core(TM) 7 150U,NT,2abc7cc
degen-r20-m1-d0.01-p3,100,AGD-SDAJ,1e-7*n,1.0e-11,10,90,0.2394038,0.23653400000000002,98.80127216025811,0.0,0.0001379,0.0,0.0,0.0,0.0,0.002731899999999978,0.4046229548251611,1.665828640956444e-11,-3.560494507939808e-15,5.205835762467359e-12,5.205835762467359e-12,8.662097973913477e-12,5.205835762467359e-12,NaN,diag_feasible,0,0,31,18,13,0,10,1.842936780121819e-14,1.12.6,lbt,1,1,Intel(R) Core(TM) 7 150U,NT,2abc7cc
degen-r20-m1-d0.01-p3,100,Dykstra-APM,1e-7*n,9.999999999999999e-6,108,108,0.2941043,0.2678728,91.08088525057268,0.0,0.0,0.0,0.0,0.0129413,0.0,0.013290199999999964,0.4046229548180951,2.2405807760282367e-11,-3.3692497965849183e-15,1.6138201885951275e-12,1.6138201885951275e-12,9.927672625502782e-12,1.6138201885951275e-12,NaN,diag_feasible,0,0,0,0,0,0,108,1.842936780121819e-14,1.12.6,lbt,1,1,Intel(R) Core(TM) 7 150U,NT,2abc7cc
degen-r20-m1-d0.01-p3,100,Anderson-APM,1e-7*n,9.999999999999999e-6,36,36,0.1957105,0.1338734,68.40379029229398,0.0,0.0,0.0,0.0,0.0,0.054309,0.007528100000000003,0.4046229548503597,1.6724931063465786e-11,-3.706333188010258e-15,2.269961996148595e-12,2.269961996148595e-12,7.78297851348909e-12,2.269961996148595e-12,NaN,diag_feasible,0,0,0,0,0,0,36,1.842936780121819e-14,1.12.6,lbt,1,1,Intel(R) Core(TM) 7 150U,NT,2abc7cc
degen-r20-m1-d0.01-p4,100,SBB-Dual,1e-7*n,1.0e-11,48,49,0.1235583,0.1218069,98.58253148513698,0.0001865,7.76e-5,0.0001129,0.0,0.0,0.0,0.0013744000000000002,0.40444204382012755,9.759721985584867e-12,-3.7330563833688674e-15,1.602940002953801e-12,0.0,9.594117776345539e-12,1.602940002953801e-12,100.0,diag_feasible,0,0,0,0,0,0,48,1.9146117149304423e-14,1.12.6,lbt,1,1,Intel(R) Core(TM) 7 150U,NT,2abc7cc
degen-r20-m1-d0.01-p4,100,Newton-SIN-BH,1e-7*n,9.999999999999999e-6,4,5,0.0188252,0.0128711,68.37165076599452,0.0,1.05e-5,0.0,0.0054096,0.0,0.0,0.0005340000000000006,0.4044420438201255,0.0,-3.4868058176871394e-15,6.439293542825908e-15,6.439293542825908e-15,1.9146117149304423e-14,6.439293542825908e-15,NaN,converged,26,26,0,0,0,0,4,1.9146117149304423e-14,1.12.6,lbt,1,1,Intel(R) Core(TM) 7 150U,NT,2abc7cc
degen-r20-m1-d0.01-p4,100,Newton-SIN,1e-7*n,9.999999999999999e-6,6,23,0.0696912,0.0590657,84.75345524255575,0.0,2.77e-5,0.0,0.0099063,0.0,0.0,0.0006914999999999959,0.40444204382012755,1.0814266627420654e-13,-3.387698201701985e-15,7.105427357601002e-15,7.105427357601002e-15,1.5984127304249524e-14,7.105427357601002e-15,NaN,converged,52,52,10,0,0,0,6,1.9146117149304423e-14,1.12.6,lbt,1,1,Intel(R) Core(TM) 7 150U,NT,2abc7cc
degen-r20-m1-d0.01-p4,100,AGD-SDAJ-BH,1e-7*n,1.0e-11,9,63,0.1516185,0.14989960000000002,98.86629929724937,0.0,7.78e-5,0.0,0.0,0.0,0.0,0.0016410999999999676,0.40444204381507903,6.677269208062528e-12,-3.4317435928032908e-15,2.099875828776021e-12,2.099875828776021e-12,3.4314080623902696e-12,2.099875828776021e-12,NaN,diag_feasible,0,0,8,8,0,0,9,1.9146117149304423e-14,1.12.6,lbt,1,1,Intel(R) Core(TM) 7 150U,NT,2abc7cc
degen-r20-m1-d0.01-p4,100,AGD-SDAJ,1e-7*n,1.0e-11,10,79,0.1789678,0.1767601,98.76642613922728,0.0,9.7e-5,0.0,0.0,0.0,0.0,0.002110700000000007,0.40444204381476867,8.545271699045149e-12,-3.4737400864256297e-15,3.7698733024171815e-12,3.7698733024171815e-12,4.996763237971278e-12,3.7698733024171815e-12,NaN,diag_feasible_at_xpre,0,0,22,8,14,0,10,1.9146117149304423e-14,1.12.6,lbt,1,1,Intel(R) Core(TM) 7 150U,NT,2abc7cc
degen-r20-m1-d0.01-p4,100,Dykstra-APM,1e-7*n,9.999999999999999e-6,109,109,0.2694376,0.246963,91.65869945397375,0.0,0.0,0.0,0.0,0.0115014,0.0,0.010973200000000011,0.4044420438033124,1.9654670342882884e-11,-3.64576271265235e-15,1.45328193923433e-12,1.45328193923433e-12,8.70221528396581e-12,1.45328193923433e-12,NaN,diag_feasible,0,0,0,0,0,0,109,1.9146117149304423e-14,1.12.6,lbt,1,1,Intel(R) Core(TM) 7 150U,NT,2abc7cc
degen-r20-m1-d0.01-p4,100,Anderson-APM,1e-7*n,9.999999999999999e-6,37,37,0.1261623,0.0874831,69.34171301569486,0.0,0.0,0.0,0.0,0.0,0.033071,0.005608200000000008,0.4044420438313904,1.425239175159327e-11,-3.4666399745316346e-15,1.4249712521063884e-12,1.4249712521063884e-12,6.8039221084750065e-12,1.4249712521063884e-12,NaN,diag_feasible,0,0,0,0,0,0,37,1.9146117149304423e-14,1.12.6,lbt,1,1,Intel(R) Core(TM) 7 150U,NT,2abc7cc
degen-r20-m1-d0.0001-p0,100,SBB-Dual,1e-7*n,1.0e-11,48,49,0.1171484,0.1155631,98.64675915334738,0.0001292,5.42e-5,0.0001245,0.0,0.0,0.0,0.001277399999999998,0.4056752134216426,8.37704202596128e-12,-3.395364522799755e-15,1.4070966614099234e-12,0.0,8.438838842519485e-12,1.4070966614099234e-12,100.0,diag_feasible,0,0,0,0,0,0,48,2.4919499269220182e-14,1.12.6,lbt,1,1,Intel(R) Core(TM) 7 150U,NT,2abc7cc
degen-r20-m1-d0.0001-p0,100,Newton-SIN-BH,1e-7*n,9.999999999999999e-6,4,5,0.0077613,0.0058355,75.18714648319225,0.0,4.8e-6,0.0,0.0016944,0.0,0.0,0.00022659999999999933,0.40567521342163065,0.0,-3.562394858864014e-15,7.438494264988549e-15,7.438494264988549e-15,2.4919499269220182e-14,7.438494264988549e-15,NaN,converged,23,23,0,0,0,0,4,2.4919499269220182e-14,1.12.6,lbt,1,1,Intel(R) Core(TM) 7 150U,NT,2abc7cc
degen-r20-m1-d0.0001-p0,100,Newton-SIN,1e-7*n,9.999999999999999e-6,7,64,0.1432324,0.13218839999999998,92.28945406206974,0.0,7.3e-5,0.0,0.0095266,0.0,0.0,0.0014444000000000262,0.40567521342165414,1.1895074681035896e-13,-3.5032078993166666e-15,7.993605777301127e-15,7.993605777301127e-15,2.414447934842836e-14,7.993605777301127e-15,NaN,converged,56,56,49,0,0,0,7,2.4919499269220182e-14,1.12.6,lbt,1,1,Intel(R) Core(TM) 7 150U,NT,2abc7cc
degen-r20-m1-d0.0001-p0,100,AGD-SDAJ-BH,1e-7*n,1.0e-11,9,70,0.171127,0.1690834,98.80579920176243,0.0,8.03e-5,0.0,0.0,0.0,0.0,0.0019633000000000064,0.4056752134332675,1.638272469975245e-11,-3.3664167415427088e-15,4.339195669444962e-12,4.339195669444962e-12,8.667831244104491e-12,4.339195669444962e-12,NaN,diag_feasible,0,0,15,15,0,0,9,2.4919499269220182e-14,1.12.6,lbt,1,1,Intel(R) Core(TM) 7 150U,NT,2abc7cc
degen-r20-m1-d0.0001-p0,100,AGD-SDAJ,1e-7*n,1.0e-11,8,64,0.2261626,0.1926823,85.19635872597857,0.0,0.0001086,0.0,0.0,0.0,0.0,0.03337169999999999,0.40567521342935514,1.0339916498922995e-11,-3.1498582794275057e-15,1.9411139362546237e-12,1.9411139362546237e-12,5.137012133769823e-12,1.9411139362546237e-12,NaN,diag_feasible,0,0,15,6,9,0,8,2.4919499269220182e-14,1.12.6,lbt,1,1,Intel(R) Core(TM) 7 150U,NT,2abc7cc
degen-r20-m1-d0.0001-p0,100,Dykstra-APM,1e-7*n,9.999999999999999e-6,108,108,0.3008647,0.2762661,91.82403253023703,0.0,0.0,0.0,0.0,0.0125569,0.0,0.012041699999999971,0.4056752134030473,2.1827300262194517e-11,-3.3462392753853584e-15,1.6122658763606523e-12,1.6122658763606523e-12,9.661746466194347e-12,1.6122658763606523e-12,NaN,diag_feasible,0,0,0,0,0,0,108,2.4919499269220182e-14,1.12.6,lbt,1,1,Intel(R) Core(TM) 7 150U,NT,2abc7cc
degen-r20-m1-d0.0001-p0,100,Anderson-APM,1e-7*n,9.999999999999999e-6,37,37,0.0985662,0.0701887,71.20970474665758,0.0,0.0,0.0,0.0,0.0,0.0247984,0.0035790999999999983,0.4056752134367935,2.0367093326331995e-11,-3.030049853332069e-15,2.934985587899064e-12,2.934985587899064e-12,9.993625370185856e-12,2.934985587899064e-12,NaN,diag_feasible,0,0,0,0,0,0,37,2.4919499269220182e-14,1.12.6,lbt,1,1,Intel(R) Core(TM) 7 150U,NT,2abc7cc
degen-r20-m1-d0.0001-p1,100,SBB-Dual,1e-7*n,1.0e-11,48,49,0.1025608,0.09938770000000001,96.90612787731767,9.8e-5,5.46e-5,0.0002959,0.0,0.0,0.0,0.002724599999999984,0.39907222835082323,8.698744255480859e-12,-3.506852664935166e-15,1.4561685190983553e-12,0.0,8.716706207603553e-12,1.4561685190983553e-12,100.0,diag_feasible,0,0,0,0,0,0,48,4.6555955224363624e-14,1.12.6,lbt,1,1,Intel(R) Core(TM) 7 150U,NT,2abc7cc
degen-r20-m1-d0.0001-p1,100,Newton-SIN-BH,1e-7*n,9.999999999999999e-6,4,5,0.0115953,0.008258900000000001,71.22627271394445,0.0,6.7e-6,0.0,0.0030212,0.0,0.0,0.000308499999999998,0.3990722283508151,0.0,-3.2293863056159316e-15,1.2101430968414206e-14,1.2101430968414206e-14,4.6555955224363624e-14,1.2101430968414206e-14,NaN,converged,23,23,0,0,0,0,4,4.6555955224363624e-14,1.12.6,lbt,1,1,Intel(R) Core(TM) 7 150U,NT,2abc7cc
degen-r20-m1-d0.0001-p1,100,Newton-SIN,1e-7*n,9.999999999999999e-6,100,3469,7.2663237,6.9233583,95.28006989284003,0.0,0.0036775,0.0,0.2213416,0.0,0.0,0.11794629999999975,0.3990722283268512,2.193312747974479e-9,-3.0888291071497784e-15,6.972198374199934e-10,6.972198374199934e-10,1.3034259606239321e-9,6.972198374199934e-10,NaN,max_iter,1079,1079,3268,0,0,0,100,4.6555955224363624e-14,1.12.6,lbt,1,1,Intel(R) Core(TM) 7 150U,NT,2abc7cc
degen-r20-m1-d0.0001-p1,100,AGD-SDAJ-BH,1e-7*n,1.0e-11,8,55,0.1253268,0.1238593,98.82906130213172,0.0,6.41e-5,0.0,0.0,0.0,0.0,0.0014033999999999826,0.39907222835534756,5.746093062230678e-12,-3.568140301706508e-15,1.4173107132364748e-12,1.4173107132364748e-12,2.794215157685994e-12,1.4173107132364748e-12,NaN,diag_feasible,0,0,6,6,0,0,8,4.6555955224363624e-14,1.12.6,lbt,1,1,Intel(R) Core(TM) 7 150U,NT,2abc7cc
degen-r20-m1-d0.0001-p1,100,AGD-SDAJ,1e-7*n,1.0e-11,154,4025,8.7494697,8.5219515,97.39963440298558,0.0,0.0039482,0.0,0.0,0.0,0.0,0.22357000000000044,0.3990722282965031,8.62024727684823e-11,-3.491686690601924e-15,2.6089241877969016e-11,2.6089241877969016e-11,4.716911588725304e-11,2.6089241877969016e-11,NaN,evd_budget,0,0,3246,8,3238,0,154,4.6555955224363624e-14,1.12.6,lbt,1,1,Intel(R) Core(TM) 7 150U,NT,2abc7cc
degen-r20-m1-d0.0001-p1,100,Dykstra-APM,1e-7*n,9.999999999999999e-6,108,108,0.2595912,0.2361175,90.95743615345974,0.0,0.0,0.0,0.0,0.0122611,0.0,0.011212600000000014,0.3990722283313107,2.246217526275454e-11,-3.188362936820573e-15,1.6560086635308835e-12,1.6560086635308835e-12,9.960598046778716e-12,1.6560086635308835e-12,NaN,diag_feasible,0,0,0,0,0,0,108,4.6555955224363624e-14,1.12.6,lbt,1,1,Intel(R) Core(TM) 7 150U,NT,2abc7cc
degen-r20-m1-d0.0001-p1,100,Anderson-APM,1e-7*n,9.999999999999999e-6,32,32,0.0973067,0.0672686,69.13049152833258,0.0,0.0,0.0,0.0,0.0,0.0262658,0.0037722999999999993,0.39907222836403883,1.6376262980019992e-11,-3.3780918258675696e-15,1.5930590180346371e-12,1.5930590180346371e-12,7.596625178891453e-12,1.5930590180346371e-12,NaN,diag_feasible,0,0,0,0,0,0,32,4.6555955224363624e-14,1.12.6,lbt,1,1,Intel(R) Core(TM) 7 150U,NT,2abc7cc
degen-r20-m1-d0.0001-p2,100,SBB-Dual,1e-7*n,1.0e-11,48,49,0.0644283,0.0635811,98.6850498926714,5.29e-5,3.31e-5,3.85e-5,0.0,0.0,0.0,0.0007226999999999924,0.4060405604690833,6.702116389375973e-12,-3.285833964449683e-15,1.0267342531733448e-12,0.0,7.203780993169246e-12,1.0267342531733448e-12,100.0,diag_feasible,0,0,0,0,0,0,48,1.946534750624728e-14,1.12.6,lbt,1,1,Intel(R) Core(TM) 7 150U,NT,2abc7cc
degen-r20-m1-d0.0001-p2,100,Newton-SIN-BH,1e-7*n,9.999999999999999e-6,4,5,0.0157628,0.010597200000000001,67.22917248204634,0.0,7.5e-6,0.0,0.0048104,0.0,0.0,0.0003476999999999994,0.40604056046907816,0.0,-3.4349497285995415e-15,9.992007221626409e-15,9.992007221626409e-15,1.946534750624728e-14,9.992007221626409e-15,NaN,converged,24,24,0,0,0,0,4,1.946534750624728e-14,1.12.6,lbt,1,1,Intel(R) Core(TM) 7 150U,NT,2abc7cc
degen-r20-m1-d0.0001-p2,100,Newton-SIN,1e-7*n,9.999999999999999e-6,6,15,0.039336,0.0310034,78.81685987390685,0.0,1.32e-5,0.0,0.0079546,0.0,0.0,0.00036480000000000366,0.4060405604690885,1.5540928493059492e-13,-2.90864712317985e-15,1.4876988529977098e-14,1.4876988529977098e-14,3.498506356011565e-14,1.4876988529977098e-14,NaN,converged,48,48,2,0,0,0,6,1.946534750624728e-14,1.12.6,lbt,1,1,Intel(R) Core(TM) 7 150U,NT,2abc7cc
degen-r20-m1-d0.0001-p2,100,AGD-SDAJ-BH,1e-7*n,1.0e-11,7,45,0.0596118,0.058836700000000006,98.69975407553538,0.0,3.31e-5,0.0,0.0,0.0,0.0,0.0007419999999999939,0.4060405604771856,1.2201548634676608e-11,-3.611248365563861e-15,1.5830670108130107e-12,1.5830670108130107e-12,6.359849301812527e-12,1.5830670108130107e-12,NaN,diag_feasible,0,0,2,2,0,0,7,1.946534750624728e-14,1.12.6,lbt,1,1,Intel(R) Core(TM) 7 150U,NT,2abc7cc
degen-r20-m1-d0.0001-p2,100,AGD-SDAJ,1e-7*n,1.0e-11,9,79,0.1789075,0.17692239999999998,98.89043220658719,0.0,9.97e-5,0.0,0.0,0.0,0.0,0.0018854000000000173,0.4060405604823013,1.7705208694138488e-11,-3.1421682431889066e-15,4.00501853903279e-12,4.00501853903279e-12,9.046495985704576e-12,4.00501853903279e-12,NaN,diag_feasible,0,0,26,5,21,0,9,1.946534750624728e-14,1.12.6,lbt,1,1,Intel(R) Core(TM) 7 150U,NT,2abc7cc
degen-r20-m1-d0.0001-p2,100,Dykstra-APM,1e-7*n,9.999999999999999e-6,108,108,0.1654758,0.1539411,93.0293734793849,0.0,0.0,0.0,0.0,0.007869,0.0,0.0036657000000000096,0.40604056045280573,1.9028950172528236e-11,-3.63455676319625e-15,1.2019274464591945e-12,1.2019274464591945e-12,8.438771221303547e-12,1.2019274464591945e-12,NaN,diag_feasible,0,0,0,0,0,0,108,1.946534750624728e-14,1.12.6,lbt,1,1,Intel(R) Core(TM) 7 150U,NT,2abc7cc
degen-r20-m1-d0.0001-p2,100,Anderson-APM,1e-7*n,9.999999999999999e-6,34,34,0.1085527,0.0749952,69.08644372733244,0.0,0.0,0.0,0.0,0.0,0.0298107,0.003746800000000005,0.40604056048485765,1.953192742000997e-11,-3.580316000190876e-15,1.9005907958558055e-12,1.9005907958558055e-12,9.105515499584735e-12,1.9005907958558055e-12,NaN,diag_feasible,0,0,0,0,0,0,34,1.946534750624728e-14,1.12.6,lbt,1,1,Intel(R) Core(TM) 7 150U,NT,2abc7cc
degen-r20-m1-d0.0001-p3,100,SBB-Dual,1e-7*n,1.0e-11,48,49,0.0767467,0.0757544,98.7070453843618,7.1e-5,4.08e-5,4.56e-5,0.0,0.0,0.0,0.0008349000000000015,0.4063595041625818,7.202000813099984e-12,-3.7775748813724565e-15,1.106226221736506e-12,0.0,6.803283866283244e-12,1.106226221736506e-12,100.0,diag_feasible,0,0,0,0,0,0,48,2.3688111419972277e-14,1.12.6,lbt,1,1,Intel(R) Core(TM) 7 150U,NT,2abc7cc
degen-r20-m1-d0.0001-p3,100,Newton-SIN-BH,1e-7*n,9.999999999999999e-6,4,5,0.0102605,0.007387100000000001,71.99551678768091,0.0,6.2e-6,0.0,0.0025843,0.0,0.0,0.0002829,0.40635950416258476,0.0,-3.0288375232529837e-15,7.216449660063518e-15,7.216449660063518e-15,2.3688111419972277e-14,7.216449660063518e-15,NaN,converged,25,25,0,0,0,0,4,2.3688111419972277e-14,1.12.6,lbt,1,1,Intel(R) Core(TM) 7 150U,NT,2abc7cc
degen-r20-m1-d0.0001-p3,100,Newton-SIN,1e-7*n,9.999999999999999e-6,12,58,0.1519078,0.1284413,84.55214281294312,0.0,5.58e-5,0.0,0.0217746,0.0,0.0,0.001636099999999998,0.4063595041615564,1.7227742874359e-11,-3.895266423424199e-15,5.526912261188954e-12,5.526912261188954e-12,9.735965388327925e-12,5.526912261188954e-12,NaN,converged,128,128,33,0,0,0,12,2.3688111419972277e-14,1.12.6,lbt,1,1,Intel(R) Core(TM) 7 150U,NT,2abc7cc
degen-r20-m1-d0.0001-p3,100,AGD-SDAJ-BH,1e-7*n,1.0e-11,9,70,0.1636008,0.16181289999999998,98.90715693321792,0.0,8.37e-5,0.0,0.0,0.0,0.0,0.001704200000000009,0.40635950417427463,1.685140137494016e-11,-3.835860994760657e-15,5.9396931817445875e-12,5.9396931817445875e-12,9.03853176675809e-12,5.9396931817445875e-12,NaN,diag_feasible_at_xpre,0,0,19,19,0,0,9,2.3688111419972277e-14,1.12.6,lbt,1,1,Intel(R) Core(TM) 7 150U,NT,2abc7cc
degen-r20-m1-d0.0001-p3,100,AGD-SDAJ,1e-7*n,1.0e-11,11,129,0.2809696,0.2734168,97.31188000410009,0.0,0.0001552,0.0,0.0,0.0,0.0,0.00739759999999997,0.40635950417503647,1.6526399152623307e-11,-3.4711381521025756e-15,4.525047003767213e-12,4.525047003767213e-12,8.335419681722647e-12,4.525047003767213e-12,NaN,diag_feasible_at_xpre,0,0,68,19,49,0,11,2.3688111419972277e-14,1.12.6,lbt,1,1,Intel(R) Core(TM) 7 150U,NT,2abc7cc
degen-r20-m1-d0.0001-p3,100,Dykstra-APM,1e-7*n,9.999999999999999e-6,108,108,0.2720972,0.2462196,90.48957504891635,0.0,0.0,0.0,0.0,0.0140263,0.0,0.011851299999999973,0.4063595041471166,1.8132553665425088e-11,-2.9451993831986424e-15,1.305178187749334e-12,1.305178187749334e-12,8.039341357456809e-12,1.305178187749334e-12,NaN,diag_feasible,0,0,0,0,0,0,108,2.3688111419972277e-14,1.12.6,lbt,1,1,Intel(R) Core(TM) 7 150U,NT,2abc7cc
degen-r20-m1-d0.0001-p3,100,Anderson-APM,1e-7*n,9.999999999999999e-6,36,36,0.112076,0.0767521,68.48219065634035,0.0,0.0,0.0,0.0,0.0,0.0308576,0.0044662999999999925,0.4063595041773147,1.8084558497086048e-11,-3.1634330692272347e-15,1.5849543899548735e-12,1.5849543899548735e-12,8.245245913146134e-12,1.5849543899548735e-12,NaN,diag_feasible,0,0,0,0,0,0,36,2.3688111419972277e-14,1.12.6,lbt,1,1,Intel(R) Core(TM) 7 150U,NT,2abc7cc
degen-r20-m1-d0.0001-p4,100,SBB-Dual,1e-7*n,1.0e-11,48,49,0.1095323,0.1080672,98.662403692792,0.000139,7.37e-5,0.0001111,0.0,0.0,0.0,0.0011412999999999968,0.40616452329350317,7.775119200962138e-12,-3.566013055111774e-15,1.2749801214795298e-12,0.0,7.639072252534568e-12,1.2749801214795298e-12,100.0,diag_feasible,0,0,0,0,0,0,48,1.654083276753641e-14,1.12.6,lbt,1,1,Intel(R) Core(TM) 7 150U,NT,2abc7cc
degen-r20-m1-d0.0001-p4,100,Newton-SIN-BH,1e-7*n,9.999999999999999e-6,4,5,0.0161669,0.011114,68.74539955093432,0.0,8.0e-6,0.0,0.0046906,0.0,0.0,0.00035430000000000097,0.40616452329349967,0.0,-3.835200982807465e-15,7.327471962526033e-15,7.327471962526033e-15,1.654083276753641e-14,7.327471962526033e-15,NaN,converged,25,25,0,0,0,0,4,1.654083276753641e-14,1.12.6,lbt,1,1,Intel(R) Core(TM) 7 150U,NT,2abc7cc
degen-r20-m1-d0.0001-p4,100,Newton-SIN,1e-7*n,9.999999999999999e-6,100,2252,6.0410525,5.6141843,92.9338770023932,0.0,0.0029061,0.0,0.3430048,0.0,0.0,0.08095730000000034,0.4061645232913737,3.929706644140685e-11,-3.4434625275653596e-15,7.90589815835574e-12,7.90589815835574e-12,2.3208538200331812e-11,7.90589815835574e-12,NaN,max_iter,1366,1366,2051,0,0,0,100,1.654083276753641e-14,1.12.6,lbt,1,1,Intel(R) Core(TM) 7 150U,NT,2abc7cc
degen-r20-m1-d0.0001-p4,100,AGD-SDAJ-BH,1e-7*n,1.0e-11,10,68,0.1511218,0.14940240000000002,98.86224224433538,0.0,7.2e-5,0.0,0.0,0.0,0.0,0.001647399999999982,0.406164523299462,8.249208746418398e-12,-3.3968822484172962e-15,2.6065816172149425e-12,2.6065816172149425e-12,4.324761048671736e-12,2.6065816172149425e-12,NaN,diag_feasible_at_xpre,0,0,11,11,0,0,10,1.654083276753641e-14,1.12.6,lbt,1,1,Intel(R) Core(TM) 7 150U,NT,2abc7cc
degen-r20-m1-d0.0001-p4,100,AGD-SDAJ,1e-7*n,1.0e-11,10,82,0.177122,0.1751095,98.86377750928739,0.0,8.25e-5,0.0,0.0,0.0,0.0,0.0019300000000000003,0.4061645233004921,1.069314317174744e-11,-2.980583442937801e-15,3.644196056029614e-12,3.644196056029614e-12,6.0061020929839906e-12,3.644196056029614e-12,NaN,diag_feasible,0,0,23,9,14,0,10,1.654083276753641e-14,1.12.6,lbt,1,1,Intel(R) Core(TM) 7 150U,NT,2abc7cc
degen-r20-m1-d0.0001-p4,100,Dykstra-APM,1e-7*n,9.999999999999999e-6,108,108,0.2575125,0.2335452,90.69276248725791,0.0,0.0,0.0,0.0,0.0127351,0.0,0.01123219999999997,0.40616452327644376,2.0049405313407105e-11,-3.0447086802602894e-15,1.4834800055041342e-12,1.4834800055041342e-12,8.878017755042968e-12,1.4834800055041342e-12,NaN,diag_feasible,0,0,0,0,0,0,108,1.654083276753641e-14,1.12.6,lbt,1,1,Intel(R) Core(TM) 7 150U,NT,2abc7cc
degen-r20-m1-d0.0001-p4,100,Anderson-APM,1e-7*n,9.999999999999999e-6,35,35,0.1053924,0.0729806,69.24654908703094,0.0,0.0,0.0,0.0,0.0,0.0287307,0.0036810999999999892,0.4061645233059501,1.4813803499337454e-11,-3.5341125171777875e-15,9.715561688494745e-13,9.715561688494745e-13,6.689404781277337e-12,9.715561688494745e-13,NaN,diag_feasible,0,0,0,0,0,0,35,1.654083276753641e-14,1.12.6,lbt,1,1,Intel(R) Core(TM) 7 150U,NT,2abc7cc
degen-r20-m1-d1e-06-p0,100,SBB-Dual,1e-7*n,1.0e-11,48,49,0.1068707,0.1055556,98.76944756607752,0.0001131,5.26e-5,0.0001053,0.0,0.0,0.0,0.0010440999999999994,0.4056930044189668,6.93775014534813e-12,-3.123888427542115e-15,1.1668443988810395e-12,0.0,6.9845308812756945e-12,1.1668443988810395e-12,100.0,diag_feasible,0,0,0,0,0,0,48,3.1840956338972816e-14,1.12.6,lbt,1,1,Intel(R) Core(TM) 7 150U,NT,2abc7cc
degen-r20-m1-d1e-06-p0,100,Newton-SIN-BH,1e-7*n,9.999999999999999e-6,4,5,0.0163355,0.0120122,73.53432707906096,0.0,8.1e-6,0.0,0.0039754,0.0,0.0,0.0003397999999999995,0.4056930044189683,0.0,-3.857602697392731e-15,1.4654943925052066e-14,1.4654943925052066e-14,3.1840956338972816e-14,1.4654943925052066e-14,NaN,converged,22,22,0,0,0,0,4,3.1840956338972816e-14,1.12.6,lbt,1,1,Intel(R) Core(TM) 7 150U,NT,2abc7cc
degen-r20-m1-d1e-06-p0,100,Newton-SIN,1e-7*n,9.999999999999999e-6,4,9,0.0232918,0.019173700000000002,82.31952876119493,0.0,8.5e-6,0.0,0.0038687,0.0,0.0,0.00024089999999999962,0.4056930044189683,0.0,-3.857602697392731e-15,1.4654943925052066e-14,1.4654943925052066e-14,3.1840956338972816e-14,1.4654943925052066e-14,NaN,converged,22,22,0,0,0,0,4,3.1840956338972816e-14,1.12.6,lbt,1,1,Intel(R) Core(TM) 7 150U,NT,2abc7cc
degen-r20-m1-d1e-06-p0,100,AGD-SDAJ-BH,1e-7*n,1.0e-11,10,73,0.1448235,0.1431993,98.8784969290205,0.0,7.16e-5,0.0,0.0,0.0,0.0,0.0015525999999999923,0.4056930044256931,9.617014889442016e-12,-2.9376216664767266e-15,3.3754110617678634e-12,3.3754110617678634e-12,5.1438749647549065e-12,3.3754110617678634e-12,NaN,diag_feasible,0,0,12,12,0,0,10,3.1840956338972816e-14,1.12.6,lbt,1,1,Intel(R) Core(TM) 7 150U,NT,2abc7cc
degen-r20-m1-d1e-06-p0,100,AGD-SDAJ,1e-7*n,1.0e-11,10,121,0.2562468,0.2530132,98.73809155860678,0.0,0.0003359,0.0,0.0,0.0,0.0,0.002897700000000003,0.4056930044271044,1.1235318392662536e-11,-3.347637481360377e-15,2.346123295637881e-12,2.346123295637881e-12,5.9697333025979515e-12,2.346123295637881e-12,NaN,diag_feasible_at_xpre,0,0,66,6,60,0,10,3.1840956338972816e-14,1.12.6,lbt,1,1,Intel(R) Core(TM) 7 150U,NT,2abc7cc
degen-r20-m1-d1e-06-p0,100,Dykstra-APM,1e-7*n,9.999999999999999e-6,108,108,0.2628055,0.2368168,90.11105170934397,0.0,0.0,0.0,0.0,0.0120844,0.0,0.013904300000000031,0.40569300440317485,1.85508354331568e-11,-3.095555633786028e-15,1.3702372569923682e-12,1.3702372569923682e-12,8.20519046972917e-12,1.3702372569923682e-12,NaN,diag_feasible,0,0,0,0,0,0,108,3.1840956338972816e-14,1.12.6,lbt,1,1,Intel(R) Core(TM) 7 150U,NT,2abc7cc
degen-r20-m1-d1e-06-p0,100,Anderson-APM,1e-7*n,9.999999999999999e-6,37,37,0.1112062,0.0760439,68.38098954914383,0.0,0.0,0.0,0.0,0.0,0.0312728,0.003889500000000004,0.4056930044318623,1.6925795683878188e-11,-3.862199639080042e-15,2.3460122733354183e-12,2.3460122733354183e-12,8.214580572180542e-12,2.3460122733354183e-12,NaN,diag_feasible,0,0,0,0,0,0,37,3.1840956338972816e-14,1.12.6,lbt,1,1,Intel(R) Core(TM) 7 150U,NT,2abc7cc
degen-r20-m1-d1e-06-p1,100,SBB-Dual,1e-7*n,1.0e-11,48,49,0.1070026,0.1055804,98.67087341802909,0.0001213,6.22e-5,0.0001105,0.0,0.0,0.0,0.0011281999999999985,0.399076362769225,8.20487503508656e-12,-3.585055685933073e-15,1.3593570713510417e-12,0.0,8.216601152215745e-12,1.3593570713510417e-12,100.0,diag_feasible,0,0,0,0,0,0,48,3.26988482268959e-14,1.12.6,lbt,1,1,Intel(R) Core(TM) 7 150U,NT,2abc7cc
degen-r20-m1-d1e-06-p1,100,Newton-SIN-BH,1e-7*n,9.999999999999999e-6,4,5,0.0162169,0.0119962,73.97344745296574,0.0,9.2e-6,0.0,0.0038462,0.0,0.0,0.00036529999999999896,0.3990763627692094,3.008618255970861e-13,-2.9476822951032274e-15,3.3084646133829665e-14,3.3084646133829665e-14,1.125420654739699e-13,3.3084646133829665e-14,NaN,converged,21,21,0,0,0,0,4,3.26988482268959e-14,1.12.6,lbt,1,1,Intel(R) Core(TM) 7 150U,NT,2abc7cc
degen-r20-m1-d1e-06-p1,100,Newton-SIN,1e-7*n,9.999999999999999e-6,7,22,0.0544381,0.045865300000000005,84.25220571621715,0.0,2.19e-5,0.0,0.0080476,0.0,0.0,0.0005032999999999982,0.39907636276923314,4.856638423156264e-13,-3.5309371812214528e-15,2.90878432451791e-14,2.90878432451791e-14,9.235454142853985e-14,2.90878432451791e-14,NaN,converged,48,48,7,0,0,0,7,3.26988482268959e-14,1.12.6,lbt,1,1,Intel(R) Core(TM) 7 150U,NT,2abc7cc
degen-r20-m1-d1e-06-p1,100,AGD-SDAJ-BH,1e-7*n,1.0e-11,9,61,0.1623045,0.1580383,97.37148384672021,0.0,8.89e-5,0.0,0.0,0.0,0.0,0.0041772999999999975,0.39907636277386815,6.0375857194993595e-12,-3.3235629016719924e-15,1.31161748129216e-12,1.31161748129216e-12,3.0005840315190985e-12,1.31161748129216e-12,NaN,diag_feasible,0,0,6,6,0,0,9,3.26988482268959e-14,1.12.6,lbt,1,1,Intel(R) Core(TM) 7 150U,NT,2abc7cc
degen-r20-m1-d1e-06-p1,100,AGD-SDAJ,1e-7*n,1.0e-11,8,59,0.1363023,0.1344004,98.60464570297054,0.0,7.91e-5,0.0,0.0,0.0,0.0,0.0018227999999999842,0.3990763627722374,4.053949749458372e-12,-3.488175505686889e-15,8.57980353430321e-13,8.57980353430321e-13,1.9503939890410605e-12,8.57980353430321e-13,NaN,diag_feasible,0,0,10,6,4,0,8,3.26988482268959e-14,1.12.6,lbt,1,1,Intel(R) Core(TM) 7 150U,NT,2abc7cc
degen-r20-m1-d1e-06-p1,100,Dykstra-APM,1e-7*n,9.999999999999999e-6,108,108,0.3049785,0.2773088,90.92732766408125,0.0,0.0,0.0,0.0,0.0141454,0.0,0.013524299999999963,0.39907636275063063,2.1436856603649563e-11,-3.2778110468384937e-15,1.5685230891904212e-12,1.5685230891904212e-12,9.49404497987591e-12,1.5685230891904212e-12,NaN,diag_feasible,0,0,0,0,0,0,108,3.26988482268959e-14,1.12.6,lbt,1,1,Intel(R) Core(TM) 7 150U,NT,2abc7cc
degen-r20-m1-d1e-06-p1,100,Anderson-APM,1e-7*n,9.999999999999999e-6,30,30,0.0935783,0.065254,69.73197846081837,0.0,0.0,0.0,0.0,0.0,0.0249239,0.003400399999999998,0.3990763627867873,2.0773704992955778e-11,-3.747689070783713e-15,1.9909629500602932e-12,1.9909629500602932e-12,9.46814397904427e-12,1.9909629500602932e-12,NaN,diag_feasible,0,0,0,0,0,0,30,3.26988482268959e-14,1.12.6,lbt,1,1,Intel(R) Core(TM) 7 150U,NT,2abc7cc
degen-r20-m1-d1e-06-p2,100,SBB-Dual,1e-7*n,1.0e-11,47,48,0.1337378,0.13211050000000002,98.78321611391846,0.0001417,7.46e-5,0.0001106,0.0,0.0,0.0,0.0013003999999999705,0.40605876455575407,8.923339874932279e-12,-3.651505852146639e-15,1.3657963648938676e-12,0.0,9.583067168819944e-12,1.3657963648938676e-12,100.0,diag_feasible,0,0,0,0,0,0,47,2.1399674797352445e-14,1.12.6,lbt,1,1,Intel(R) Core(TM) 7 150U,NT,2abc7cc
degen-r20-m1-d1e-06-p2,100,Newton-SIN-BH,1e-7*n,9.999999999999999e-6,4,5,0.0157148,0.010742999999999999,68.36230814264259,0.0,9.2e-6,0.0,0.0045776,0.0,0.0,0.00038500000000000166,0.40605876455574696,0.0,-3.2917411049625598e-15,9.325873406851315e-15,9.325873406851315e-15,2.1399674797352445e-14,9.325873406851315e-15,NaN,converged,22,22,0,0,0,0,4,2.1399674797352445e-14,1.12.6,lbt,1,1,Intel(R) Core(TM) 7 150U,NT,2abc7cc
degen-r20-m1-d1e-06-p2,100,Newton-SIN,1e-7*n,9.999999999999999e-6,100,3478,8.6219704,8.2235636,95.37916762043163,0.0,0.0055624,0.0,0.2290555,0.0,0.0,0.16378890000000004,0.4060586996624035,1.4150158271586345e-7,-3.246350609840193e-15,4.940716968881986e-8,4.940716968881986e-8,7.784542369201596e-8,4.940716968881986e-8,NaN,max_iter,886,886,3277,0,0,0,100,2.1399674797352445e-14,1.12.6,lbt,1,1,Intel(R) Core(TM) 7 150U,NT,2abc7cc
degen-r20-m1-d1e-06-p2,100,AGD-SDAJ-BH,1e-7*n,1.0e-11,9,63,0.164395,0.16201179999999998,98.55032087350585,0.0,9.12e-5,0.0,0.0,0.0,0.0,0.0022920000000000297,0.40605876456710577,1.468507219247269e-11,-3.647338527382506e-15,2.0796697697278432e-12,2.0796697697278432e-12,7.105985847222566e-12,2.0796697697278432e-12,NaN,diag_feasible,0,0,8,8,0,0,9,2.1399674797352445e-14,1.12.6,lbt,1,1,Intel(R) Core(TM) 7 150U,NT,2abc7cc
degen-r20-m1-d1e-06-p2,100,AGD-SDAJ,1e-7*n,1.0e-11,10,76,0.2243321,0.22101690000000002,98.52219098381373,0.0,0.0001704,0.0,0.0,0.0,0.0,0.0031447999999999906,0.40605876456910517,1.841512439520932e-11,-4.002208114657913e-15,6.744160785387976e-12,6.744160785387976e-12,9.70843911059741e-12,6.744160785387976e-12,NaN,diag_feasible,0,0,15,12,3,0,10,2.1399674797352445e-14,1.12.6,lbt,1,1,Intel(R) Core(TM) 7 150U,NT,2abc7cc
degen-r20-m1-d1e-06-p2,100,Dykstra-APM,1e-7*n,9.999999999999999e-6,107,107,0.3953929,0.3310477,83.72626316759862,0.0,0.0,0.0,0.0,0.0405625,0.0,0.02378269999999999,0.4060587645388489,1.9761078139158876e-11,-3.7039911762107495e-15,1.2509993041476264e-12,1.2509993041476264e-12,8.764353513132728e-12,1.2509993041476264e-12,NaN,diag_feasible,0,0,0,0,0,0,107,2.1399674797352445e-14,1.12.6,lbt,1,1,Intel(R) Core(TM) 7 150U,NT,2abc7cc
degen-r20-m1-d1e-06-p2,100,Anderson-APM,1e-7*n,9.999999999999999e-6,33,33,0.1289245,0.0888537,68.91917362487348,0.0,0.0,0.0,0.0,0.0,0.0353727,0.004698100000000004,0.40605876456982487,1.9066272664454145e-11,-3.394898282467514e-15,2.4715784974205235e-12,2.4715784974205235e-12,9.35845222392884e-12,2.4715784974205235e-12,NaN,diag_feasible,0,0,0,0,0,0,33,2.1399674797352445e-14,1.12.6,lbt,1,1,Intel(R) Core(TM) 7 150U,NT,2abc7cc
degen-r20-m1-d1e-06-p3,100,SBB-Dual,1e-7*n,1.0e-11,47,48,0.1224106,0.1205652,98.49245081716779,0.0001857,7.12e-5,0.0001352,0.0,0.0,0.0,0.001453299999999997,0.40637799351786247,9.260937836987826e-12,-3.3780272692819578e-15,1.4213075161251254e-12,0.0,8.745558342853397e-12,1.4213075161251254e-12,100.0,diag_feasible,0,0,0,0,0,0,47,2.4256022959809176e-14,1.12.6,lbt,1,1,Intel(R) Core(TM) 7 150U,NT,2abc7cc
degen-r20-m1-d1e-06-p3,100,Newton-SIN-BH,1e-7*n,9.999999999999999e-6,4,5,0.0196966,0.0143227,72.71661098869856,0.0,1.48e-5,0.0,0.0048336,0.0,0.0,0.0005255000000000008,0.4063779935178557,0.0,-4.5069332946421374e-15,8.881784197001252e-15,8.881784197001252e-15,2.4256022959809176e-14,8.881784197001252e-15,NaN,converged,22,22,0,0,0,0,4,2.4256022959809176e-14,1.12.6,lbt,1,1,Intel(R) Core(TM) 7 150U,NT,2abc7cc
degen-r20-m1-d1e-06-p3,100,Newton-SIN,1e-7*n,9.999999999999999e-6,17,124,0.3151106,0.2815347,89.34472531231891,0.0,0.0001655,0.0,0.0299163,0.0,0.0,0.003494099999999993,0.40637799351786663,1.4495022539379104e-13,-3.8813814563038046e-15,5.662137425588298e-15,5.662137425588298e-15,2.1209037679701402e-14,5.662137425588298e-15,NaN,converged,148,148,89,0,0,0,17,2.4256022959809176e-14,1.12.6,lbt,1,1,Intel(R) Core(TM) 7 150U,NT,2abc7cc
degen-r20-m1-d1e-06-p3,100,AGD-SDAJ-BH,1e-7*n,1.0e-11,8,50,0.1430631,0.1411148,98.63815337428032,0.0,0.0001004,0.0,0.0,0.0,0.0,0.001847899999999986,0.4063779935243263,9.29921598454054e-12,-3.4088923996722137e-15,3.7653213880162184e-12,3.7653213880162184e-12,5.086899415388713e-12,3.7653213880162184e-12,NaN,diag_feasible,0,0,3,3,0,0,8,2.4256022959809176e-14,1.12.6,lbt,1,1,Intel(R) Core(TM) 7 150U,NT,2abc7cc
degen-r20-m1-d1e-06-p3,100,AGD-SDAJ,1e-7*n,1.0e-11,9,67,0.1826195,0.18045339999999999,98.81387256015924,0.0,0.0001051,0.0,0.0,0.0,0.0,0.0020610000000000042,0.40637799352402665,7.998827544164803e-12,-3.3913500616474498e-15,1.624700374236454e-12,1.624700374236454e-12,3.915655927870718e-12,1.624700374236454e-12,NaN,diag_feasible,0,0,12,7,5,0,9,2.4256022959809176e-14,1.12.6,lbt,1,1,Intel(R) Core(TM) 7 150U,NT,2abc7cc
degen-r20-m1-d1e-06-p3,100,Dykstra-APM,1e-7*n,9.999999999999999e-6,107,107,0.318949,0.2919034,91.52039981313627,0.0,0.0,0.0,0.0,0.0134423,0.0,0.013603300000000002,0.40637799350227877,1.826253069234505e-11,-4.0679849070130186e-15,1.3182788194399109e-12,1.3182788194399109e-12,8.101932472318432e-12,1.3182788194399109e-12,NaN,diag_feasible,0,0,0,0,0,0,107,2.4256022959809176e-14,1.12.6,lbt,1,1,Intel(R) Core(TM) 7 150U,NT,2abc7cc
degen-r20-m1-d1e-06-p3,100,Anderson-APM,1e-7*n,9.999999999999999e-6,35,35,0.129204,0.0877947,67.95045045045045,0.0,0.0,0.0,0.0,0.0,0.0369384,0.004470900000000007,0.40637799353546494,2.086833355632265e-11,-3.635924582531888e-15,1.531885729377791e-12,1.531885729377791e-12,9.415239893139931e-12,1.531885729377791e-12,NaN,diag_feasible,0,0,0,0,0,0,35,2.4256022959809176e-14,1.12.6,lbt,1,1,Intel(R) Core(TM) 7 150U,NT,2abc7cc
degen-r20-m1-d1e-06-p4,100,SBB-Dual,1e-7*n,1.0e-11,47,48,0.1188537,0.11732630000000001,98.71489065969338,0.0001332,6.66e-5,0.000122,0.0,0.0,0.0,0.0012055999999999983,0.40618286336367315,1.0130525611168258e-11,-3.66395440104609e-15,1.6642243139131097e-12,0.0,9.958151134803565e-12,1.6642243139131097e-12,100.0,diag_feasible,0,0,0,0,0,0,47,2.898362610852667e-14,1.12.6,lbt,1,1,Intel(R) Core(TM) 7 150U,NT,2abc7cc
degen-r20-m1-d1e-06-p4,100,Newton-SIN-BH,1e-7*n,9.999999999999999e-6,4,5,0.0165992,0.0120626,72.66976721769723,0.0,9.5e-6,0.0,0.0041016,0.0,0.0,0.0004255000000000014,0.40618286336366854,0.0,-3.379359192842618e-15,1.3988810110276972e-14,1.3988810110276972e-14,2.898362610852667e-14,1.3988810110276972e-14,NaN,converged,22,22,0,0,0,0,4,2.898362610852667e-14,1.12.6,lbt,1,1,Intel(R) Core(TM) 7 150U,NT,2abc7cc
degen-r20-m1-d1e-06-p4,100,Newton-SIN,1e-7*n,9.999999999999999e-6,4,9,0.0239787,0.0196264,81.84930792745229,0.0,9.1e-6,0.0,0.0040864,0.0,0.0,0.0002568000000000006,0.40618286336366854,0.0,-3.379359192842618e-15,1.3988810110276972e-14,1.3988810110276972e-14,2.898362610852667e-14,1.3988810110276972e-14,NaN,converged,22,22,0,0,0,0,4,2.898362610852667e-14,1.12.6,lbt,1,1,Intel(R) Core(TM) 7 150U,NT,2abc7cc
degen-r20-m1-d1e-06-p4,100,AGD-SDAJ-BH,1e-7*n,1.0e-11,11,82,0.1950031,0.19245969999999998,98.6957130425106,0.0,0.0001052,0.0,0.0,0.0,0.0,0.002438200000000029,0.4061828633708938,9.620196215717005e-12,-3.625666030966998e-15,3.552935723405426e-12,3.552935723405426e-12,5.0326483794548166e-12,3.552935723405426e-12,NaN,diag_feasible_at_xpre,0,0,19,19,0,0,11,2.898362610852667e-14,1.12.6,lbt,1,1,Intel(R) Core(TM) 7 150U,NT,2abc7cc
degen-r20-m1-d1e-06-p4,100,AGD-SDAJ,1e-7*n,1.0e-11,11,87,0.1854077,0.1833593,98.89519151577848,0.0,9.76e-5,0.0,0.0,0.0,0.0,0.0019508000000000058,0.4061828633697288,8.445944352304244e-12,-3.612972683605368e-15,3.4696689965585392e-12,3.4696689965585392e-12,4.586189699306723e-12,3.4696689965585392e-12,NaN,diag_feasible_at_xpre,0,0,24,19,5,0,11,2.898362610852667e-14,1.12.6,lbt,1,1,Intel(R) Core(TM) 7 150U,NT,2abc7cc
degen-r20-m1-d1e-06-p4,100,Dykstra-APM,1e-7*n,9.999999999999999e-6,107,107,0.2437712,0.2242436,91.98937364216938,0.0,0.0,0.0,0.0,0.010378,0.0,0.009149600000000006,0.4061828633462664,2.045567767798689e-11,-3.879716881605649e-15,1.5132339825640884e-12,1.5132339825640884e-12,9.058540435495321e-12,1.5132339825640884e-12,NaN,diag_feasible,0,0,0,0,0,0,107,2.898362610852667e-14,1.12.6,lbt,1,1,Intel(R) Core(TM) 7 150U,NT,2abc7cc
degen-r20-m1-d1e-06-p4,100,Anderson-APM,1e-7*n,9.999999999999999e-6,34,34,0.1095136,0.0762978,69.66970312363031,0.0,0.0,0.0,0.0,0.0,0.0293976,0.0038182000000000042,0.4061828633774776,1.7275180701566358e-11,-3.1235210693291737e-15,1.4588330543574557e-12,1.4588330543574557e-12,8.105462007499923e-12,1.4588330543574557e-12,NaN,diag_feasible,0,0,0,0,0,0,34,2.898362610852667e-14,1.12.6,lbt,1,1,Intel(R) Core(TM) 7 150U,NT,2abc7cc
degen-r20-m1-d1e-08-p0,100,SBB-Dual,1e-7*n,1.0e-11,47,48,0.1055562,0.1041712,98.68790274754112,0.0001328,5.76e-5,0.0001044,0.0,0.0,0.0,0.0010901999999999973,0.4056931824389943,9.391006091881987e-12,-4.038829337766476e-15,1.582067810090848e-12,0.0,9.461958009875499e-12,1.582067810090848e-12,100.0,diag_feasible,0,0,0,0,0,0,47,2.2605242252817254e-14,1.12.6,lbt,1,1,Intel(R) Core(TM) 7 150U,NT,2abc7cc
degen-r20-m1-d1e-08-p0,100,Newton-SIN-BH,1e-7*n,9.999999999999999e-6,4,5,0.0188047,0.0130698,69.50283705669327,0.0,1.02e-5,0.0,0.0052588,0.0,0.0,0.00046590000000000086,0.40569318243898644,0.0,-3.0012815379303807e-15,9.103828801926284e-15,9.103828801926284e-15,2.2605242252817254e-14,9.103828801926284e-15,NaN,converged,24,24,0,0,0,0,4,2.2605242252817254e-14,1.12.6,lbt,1,1,Intel(R) Core(TM) 7 150U,NT,2abc7cc
degen-r20-m1-d1e-08-p0,100,Newton-SIN,1e-7*n,9.999999999999999e-6,5,12,0.0389104,0.0310154,79.7097948106419,0.0,1.36e-5,0.0,0.0074958,0.0,0.0,0.0003855999999999981,0.4056931824389996,1.0803363346993758e-13,-3.4937784772049136e-15,5.440092820663267e-15,5.440092820663267e-15,2.2695576512932834e-14,5.440092820663267e-15,NaN,converged,35,35,1,0,0,0,5,2.2605242252817254e-14,1.12.6,lbt,1,1,Intel(R) Core(TM) 7 150U,NT,2abc7cc
degen-r20-m1-d1e-08-p0,100,AGD-SDAJ-BH,1e-7*n,1.0e-11,11,89,0.2378542,0.23422400000000002,98.47377090671515,0.0,0.0001518,0.0,0.0,0.0,0.0,0.0034783999999999722,0.4056931824459439,9.005399335335343e-12,-3.20516101100019e-15,2.061351089821528e-12,2.061351089821528e-12,4.463935837685551e-12,2.061351089821528e-12,NaN,diag_feasible,0,0,22,22,0,0,11,2.2605242252817254e-14,1.12.6,lbt,1,1,Intel(R) Core(TM) 7 150U,NT,2abc7cc
degen-r20-m1-d1e-08-p0,100,AGD-SDAJ,1e-7*n,1.0e-11,11,104,0.266796,0.26338469999999997,98.72138262942472,0.0,0.0001627,0.0,0.0,0.0,0.0,0.003248600000000006,0.4056931824531181,1.9529232078383372e-11,-3.0403128331286296e-15,3.853806163078843e-12,3.853806163078843e-12,9.945591658221145e-12,3.853806163078843e-12,NaN,diag_feasible_at_xpre,0,0,39,14,25,0,11,2.2605242252817254e-14,1.12.6,lbt,1,1,Intel(R) Core(TM) 7 150U,NT,2abc7cc
degen-r20-m1-d1e-08-p0,100,Dykstra-APM,1e-7*n,9.999999999999999e-6,107,107,0.3160197,0.2877152,91.04343811477575,0.0,0.0,0.0,0.0,0.0150738,0.0,0.01323070000000001,0.4056931824223323,1.9562901482601047e-11,-3.2956467551925487e-15,1.4490630917407543e-12,1.4490630917407543e-12,8.658157653059517e-12,1.4490630917407543e-12,NaN,diag_feasible,0,0,0,0,0,0,107,2.2605242252817254e-14,1.12.6,lbt,1,1,Intel(R) Core(TM) 7 150U,NT,2abc7cc
degen-r20-m1-d1e-08-p0,100,Anderson-APM,1e-7*n,9.999999999999999e-6,37,37,0.1377846,0.0923783,67.04544629806233,0.0,0.0,0.0,0.0,0.0,0.0404246,0.0049817000000000125,0.4056931824520189,1.7061673582842937e-11,-3.211321861430911e-15,2.3544499683225695e-12,2.3544499683225695e-12,8.26570276540908e-12,2.3544499683225695e-12,NaN,diag_feasible,0,0,0,0,0,0,37,2.2605242252817254e-14,1.12.6,lbt,1,1,Intel(R) Core(TM) 7 150U,NT,2abc7cc
degen-r20-m1-d1e-08-p1,100,SBB-Dual,1e-7*n,1.0e-11,48,49,0.1593877,0.1569523,98.4720276407778,0.0002175,0.000126,0.0001612,0.0,0.0,0.0,0.0019307000000000046,0.3990764041577526,7.714411041998474e-12,-3.038060781324256e-15,1.297628671181883e-12,0.0,7.753214511492327e-12,1.297628671181883e-12,100.0,diag_feasible,0,0,0,0,0,0,48,7.844312973040942e-14,1.12.6,lbt,1,1,Intel(R) Core(TM) 7 150U,NT,2abc7cc
degen-r20-m1-d1e-08-p1,100,Newton-SIN-BH,1e-7*n,9.999999999999999e-6,4,5,0.0185991,0.013474199999999999,72.44544090843104,0.0,9.0e-6,0.0,0.0047109,0.0,0.0,0.0004050000000000017,0.3990764041577544,0.0,-3.694457821224304e-15,2.19824158875781e-14,2.19824158875781e-14,7.844312973040942e-14,2.19824158875781e-14,NaN,converged,24,24,0,0,0,0,4,7.844312973040942e-14,1.12.6,lbt,1,1,Intel(R) Core(TM) 7 150U,NT,2abc7cc
degen-r20-m1-d1e-08-p1,100,Newton-SIN,1e-7*n,9.999999999999999e-6,100,3460,10.4505443,10.047313299999999,96.14153111623094,0.0,0.0054256,0.0,0.2634784,0.0,0.0,0.1343270000000017,0.39907640407567585,1.7655861545775492e-9,-2.979690790916689e-15,1.006427163829926e-9,1.006427163829926e-9,1.0265644369235866e-9,1.006427163829926e-9,NaN,max_iter,1080,1080,3259,0,0,0,100,7.844312973040942e-14,1.12.6,lbt,1,1,Intel(R) Core(TM) 7 150U,NT,2abc7cc
degen-r20-m1-d1e-08-p1,100,AGD-SDAJ-BH,1e-7*n,1.0e-11,9,60,0.1794503,0.1748997,97.4641446684681,0.0,0.0001057,0.0,0.0,0.0,0.0,0.0044449000000000155,0.3990764041660179,1.642096492291479e-11,-4.0180729787526205e-15,4.119149465964256e-12,4.119149465964256e-12,9.226303636081207e-12,4.119149465964256e-12,NaN,diag_feasible_at_xpre,0,0,7,7,0,0,9,7.844312973040942e-14,1.12.6,lbt,1,1,Intel(R) Core(TM) 7 150U,NT,2abc7cc
degen-r20-m1-d1e-08-p1,100,AGD-SDAJ,1e-7*n,1.0e-11,9,63,0.1675979,0.16548110000000002,98.73697701462848,0.0,0.0001015,0.0,0.0,0.0,0.0,0.0020152999999999742,0.3990764041657286,1.6112150494352754e-11,-3.65553246845793e-15,3.9031000653722e-12,3.9031000653722e-12,9.095202210268322e-12,3.9031000653722e-12,NaN,diag_feasible_at_xpre,0,0,10,7,3,0,9,7.844312973040942e-14,1.12.6,lbt,1,1,Intel(R) Core(TM) 7 150U,NT,2abc7cc
degen-r20-m1-d1e-08-p1,100,Dykstra-APM,1e-7*n,9.999999999999999e-6,108,108,0.2607412,0.2367119,90.78423356186134,0.0,0.0,0.0,0.0,0.0141107,0.0,0.009918600000000003,0.3990764041400046,2.0455483736870025e-11,-3.704225791099264e-15,1.5258905250448151e-12,1.5258905250448151e-12,9.058754803004406e-12,1.5258905250448151e-12,NaN,diag_feasible,0,0,0,0,0,0,108,7.844312973040942e-14,1.12.6,lbt,1,1,Intel(R) Core(TM) 7 150U,NT,2abc7cc
degen-r20-m1-d1e-08-p1,100,Anderson-APM,1e-7*n,9.999999999999999e-6,30,30,0.1104429,0.0758201,68.65094994789163,0.0,0.0,0.0,0.0,0.0,0.0305176,0.004105199999999996,0.39907640417102264,1.6507011650016542e-11,-3.386117736529565e-15,1.5759615834554097e-12,1.5759615834554097e-12,7.710282515801937e-12,1.5759615834554097e-12,NaN,diag_feasible,0,0,0,0,0,0,30,7.844312973040942e-14,1.12.6,lbt,1,1,Intel(R) Core(TM) 7 150U,NT,2abc7cc
degen-r20-m1-d1e-08-p2,100,SBB-Dual,1e-7*n,1.0e-11,47,48,0.1215189,0.1200056,98.75467931325909,0.0001401,6.32e-5,0.0001222,0.0,0.0,0.0,0.0011877999999999952,0.4060589467084539,7.235232147105861e-12,-3.679150775094228e-15,1.106670310946356e-12,0.0,7.768934394381395e-12,1.106670310946356e-12,100.0,diag_feasible,0,0,0,0,0,0,47,2.6296587975174296e-14,1.12.6,lbt,1,1,Intel(R) Core(TM) 7 150U,NT,2abc7cc
degen-r20-m1-d1e-08-p2,100,Newton-SIN-BH,1e-7*n,9.999999999999999e-6,4,5,0.0114224,0.0083898,73.4504132231405,0.0,7.5e-6,0.0,0.0026851,0.0,0.0,0.0003399999999999996,0.4060589467084516,0.0,-3.480442335274681e-15,8.43769498715119e-15,8.43769498715119e-15,2.6296587975174296e-14,8.43769498715119e-15,NaN,converged,24,24,0,0,0,0,4,2.6296587975174296e-14,1.12.6,lbt,1,1,Intel(R) Core(TM) 7 150U,NT,2abc7cc
degen-r20-m1-d1e-08-p2,100,Newton-SIN,1e-7*n,9.999999999999999e-6,100,3104,7.3777485,6.980541700000001,94.6161515264447,0.0,0.0040937,0.0,0.2575981,0.0,0.0,0.13551499999999933,0.4060589451118963,3.508942414273468e-9,-3.438228432214684e-15,1.2216530009823146e-9,1.2216530009823146e-9,1.936909609527134e-9,1.2216530009823146e-9,NaN,max_iter,1080,1080,2903,0,0,0,100,2.6296587975174296e-14,1.12.6,lbt,1,1,Intel(R) Core(TM) 7 150U,NT,2abc7cc
degen-r20-m1-d1e-08-p2,100,AGD-SDAJ-BH,1e-7*n,1.0e-11,9,65,0.2177331,0.2138349,98.20964290684327,0.0,0.0001577,0.0,0.0,0.0,0.0,0.003740500000000018,0.40605894671873977,1.4083526902654549e-11,-3.3804401952242536e-15,4.790945418164938e-12,4.790945418164938e-12,7.354346634442916e-12,4.790945418164938e-12,NaN,diag_feasible,0,0,10,10,0,0,9,2.6296587975174296e-14,1.12.6,lbt,1,1,Intel(R) Core(TM) 7 150U,NT,2abc7cc
degen-r20-m1-d1e-08-p2,100,AGD-SDAJ,1e-7*n,1.0e-11,9,67,0.1656367,0.1635379,98.73288951059759,0.0,9.61e-5,0.0,0.0,0.0,0.0,0.002002699999999984,0.40605894671435494,8.129185086788604e-12,-3.2879540433243393e-15,1.9053647548616937e-12,1.9053647548616937e-12,4.1766457059762405e-12,1.9053647548616937e-12,NaN,diag_feasible_at_xpre,0,0,16,6,10,0,9,2.6296587975174296e-14,1.12.6,lbt,1,1,Intel(R) Core(TM) 7 150U,NT,2abc7cc
degen-r20-m1-d1e-08-p2,100,Dykstra-APM,1e-7*n,9.999999999999999e-6,106,106,0.217719,0.2013884,92.49923065970356,0.0,0.0,0.0,0.0,0.0094142,0.0,0.006916400000000001,0.4060589466909047,2.0519650354052397e-11,-4.026732844423789e-15,1.2965184481572578e-12,1.2965184481572578e-12,9.098320800474693e-12,1.2965184481572578e-12,NaN,diag_feasible,0,0,0,0,0,0,106,2.6296587975174296e-14,1.12.6,lbt,1,1,Intel(R) Core(TM) 7 150U,NT,2abc7cc
degen-r20-m1-d1e-08-p2,100,Anderson-APM,1e-7*n,9.999999999999999e-6,33,33,0.1013818,0.0722375,71.25292705396826,0.0,0.0,0.0,0.0,0.0,0.0249623,0.004181999999999998,0.4060589467224158,1.8919561522696485e-11,-3.3582877034612164e-15,2.447375635483695e-12,2.447375635483695e-12,9.29173188175827e-12,2.447375635483695e-12,NaN,diag_feasible,0,0,0,0,0,0,33,2.6296587975174296e-14,1.12.6,lbt,1,1,Intel(R) Core(TM) 7 150U,NT,2abc7cc
degen-r20-m1-d1e-08-p3,100,SBB-Dual,1e-7*n,1.0e-11,47,48,0.1303359,0.1286879,98.7355747725684,0.0001619,7.33e-5,0.0001401,0.0,0.0,0.0,0.0012727000000000105,0.40637817852330105,7.2351363134416035e-12,-4.075878300735457e-15,1.113331649094107e-12,0.0,6.841052844459041e-12,1.113331649094107e-12,100.0,diag_feasible,0,0,0,0,0,0,47,3.741929254895137e-14,1.12.6,lbt,1,1,Intel(R) Core(TM) 7 150U,NT,2abc7cc
degen-r20-m1-d1e-08-p3,100,Newton-SIN-BH,1e-7*n,9.999999999999999e-6,4,5,0.0189311,0.013419200000000001,70.88441770420103,0.0,1.04e-5,0.0,0.0050296,0.0,0.0,0.0004718999999999982,0.4063781785233089,0.0,-3.388639593258636e-15,1.2989609388114332e-14,1.2989609388114332e-14,3.741929254895137e-14,1.2989609388114332e-14,NaN,converged,24,24,0,0,0,0,4,3.741929254895137e-14,1.12.6,lbt,1,1,Intel(R) Core(TM) 7 150U,NT,2abc7cc
degen-r20-m1-d1e-08-p3,100,Newton-SIN,1e-7*n,9.999999999999999e-6,4,9,0.0276136,0.0215768,78.13830865950112,0.0,1.09e-5,0.0,0.0057252,0.0,0.0,0.00030069999999999836,0.4063781785233089,0.0,-3.388639593258636e-15,1.2989609388114332e-14,1.2989609388114332e-14,3.741929254895137e-14,1.2989609388114332e-14,NaN,converged,24,24,0,0,0,0,4,3.741929254895137e-14,1.12.6,lbt,1,1,Intel(R) Core(TM) 7 150U,NT,2abc7cc
degen-r20-m1-d1e-08-p3,100,AGD-SDAJ-BH,1e-7*n,1.0e-11,9,62,0.156888,0.1548726,98.7153893223191,0.0,8.51e-5,0.0,0.0,0.0,0.0,0.0019303000000000005,0.4063781785279761,6.386459450377849e-12,-3.4968026795563993e-15,1.7927881401647028e-12,1.7927881401647028e-12,3.2810800322857026e-12,1.7927881401647028e-12,NaN,diag_feasible,0,0,7,7,0,0,9,3.741929254895137e-14,1.12.6,lbt,1,1,Intel(R) Core(TM) 7 150U,NT,2abc7cc
degen-r20-m1-d1e-08-p3,100,AGD-SDAJ,1e-7*n,1.0e-11,9,74,0.1997346,0.1973182,98.79019458821855,0.0,0.0001069,0.0,0.0,0.0,0.0,0.002309500000000013,0.4063781785292783,1.6682465905969245e-11,-4.0485447665226325e-15,2.772448937093941e-12,2.772448937093941e-12,9.807266116612874e-12,2.772448937093941e-12,NaN,diag_feasible_at_xpre,0,0,21,8,13,0,9,3.741929254895137e-14,1.12.6,lbt,1,1,Intel(R) Core(TM) 7 150U,NT,2abc7cc
degen-r20-m1-d1e-08-p3,100,Dykstra-APM,1e-7*n,9.999999999999999e-6,106,106,0.2873194,0.2623807,91.32021715206143,0.0,0.0,0.0,0.0,0.0124315,0.0,0.01250719999999998,0.4063781785075983,1.8420500289170313e-11,-3.3554827594955267e-15,1.3311574065255627e-12,1.3311574065255627e-12,8.163563298386466e-12,1.3311574065255627e-12,NaN,diag_feasible,0,0,0,0,0,0,106,3.741929254895137e-14,1.12.6,lbt,1,1,Intel(R) Core(TM) 7 150U,NT,2abc7cc
degen-r20-m1-d1e-08-p3,100,Anderson-APM,1e-7*n,9.999999999999999e-6,35,35,0.1260443,0.086927,68.96543516842888,0.0,0.0,0.0,0.0,0.0,0.0347201,0.004397199999999997,0.40637817854081054,2.073691727843636e-11,-3.5229127511161307e-15,1.5334400416122662e-12,1.5334400416122662e-12,9.359414921300787e-12,1.5334400416122662e-12,NaN,diag_feasible,0,0,0,0,0,0,35,3.741929254895137e-14,1.12.6,lbt,1,1,Intel(R) Core(TM) 7 150U,NT,2abc7cc
degen-r20-m1-d1e-08-p4,100,SBB-Dual,1e-7*n,1.0e-11,47,48,0.1098298,0.1083321,98.63634459864262,0.0001205,5.34e-5,0.0002173,0.0,0.0,0.0,0.0011065000000000048,0.4061830468754085,8.051171705911202e-12,-3.4223243989043345e-15,1.3249401575876618e-12,0.0,7.920197076558576e-12,1.3249401575876618e-12,100.0,diag_feasible,0,0,0,0,0,0,47,2.0777787570717024e-14,1.12.6,lbt,1,1,Intel(R) Core(TM) 7 150U,NT,2abc7cc
degen-r20-m1-d1e-08-p4,100,Newton-SIN-BH,1e-7*n,9.999999999999999e-6,4,5,0.0177175,0.0124356,70.18823197403697,0.0,8.9e-6,0.0,0.0048181,0.0,0.0,0.00045490000000000114,0.40618304687541584,0.0,-3.216057327417658e-15,8.215650382226158e-15,8.215650382226158e-15,2.0777787570717024e-14,8.215650382226158e-15,NaN,converged,24,24,0,0,0,0,4,2.0777787570717024e-14,1.12.6,lbt,1,1,Intel(R) Core(TM) 7 150U,NT,2abc7cc
degen-r20-m1-d1e-08-p4,100,Newton-SIN,1e-7*n,9.999999999999999e-6,4,9,0.0237045,0.0192195,81.07954185914068,0.0,8.5e-6,0.0,0.0042151,0.0,0.0,0.0002613999999999993,0.40618304687541584,0.0,-3.216057327417658e-15,8.215650382226158e-15,8.215650382226158e-15,2.0777787570717024e-14,8.215650382226158e-15,NaN,converged,24,24,0,0,0,0,4,2.0777787570717024e-14,1.12.6,lbt,1,1,Intel(R) Core(TM) 7 150U,NT,2abc7cc
degen-r20-m1-d1e-08-p4,100,AGD-SDAJ-BH,1e-7*n,1.0e-11,13,94,0.2335616,0.23048570000000002,98.68304550063024,0.0,0.0001324,0.0,0.0,0.0,0.0,0.0029434999999999926,0.40618304688573703,1.457610845901678e-11,-3.1578370831437963e-15,5.049738405205062e-12,5.049738405205062e-12,7.788733822880627e-12,5.049738405205062e-12,NaN,diag_feasible_at_xpre,0,0,19,19,0,0,13,2.0777787570717024e-14,1.12.6,lbt,1,1,Intel(R) Core(TM) 7 150U,NT,2abc7cc
degen-r20-m1-d1e-08-p4,100,AGD-SDAJ,1e-7*n,1.0e-11,11,81,0.2016978,0.1993799,98.85080551200855,0.0,9.91e-5,0.0,0.0,0.0,0.0,0.0022188000000000116,0.4061830468866047,1.4946807211253624e-11,-3.365017216070193e-15,5.5566662382489085e-12,5.5566662382489085e-12,7.846451231390716e-12,5.5566662382489085e-12,NaN,diag_feasible_at_xpre,0,0,18,16,2,0,11,2.0777787570717024e-14,1.12.6,lbt,1,1,Intel(R) Core(TM) 7 150U,NT,2abc7cc
degen-r20-m1-d1e-08-p4,100,Dykstra-APM,1e-7*n,9.999999999999999e-6,106,106,0.3423151,0.2895656,84.59036717924508,0.0,0.0,0.0,0.0,0.0333006,0.0,0.019448900000000005,0.4061830468576513,2.088320080958198e-11,-3.1247181583788786e-15,1.546318628697918e-12,1.546318628697918e-12,9.24128869995969e-12,1.546318628697918e-12,NaN,diag_feasible,0,0,0,0,0,0,106,2.0777787570717024e-14,1.12.6,lbt,1,1,Intel(R) Core(TM) 7 150U,NT,2abc7cc
degen-r20-m1-d1e-08-p4,100,Anderson-APM,1e-7*n,9.999999999999999e-6,34,34,0.1099797,0.0751737,68.35234138663772,0.0,0.0,0.0,0.0,0.0,0.0309239,0.003882100000000003,0.4061830468891039,1.7128698062439536e-11,-3.6291096117757405e-15,1.446398556481654e-12,1.446398556481654e-12,8.039825949591281e-12,1.446398556481654e-12,NaN,diag_feasible,0,0,0,0,0,0,34,2.0777787570717024e-14,1.12.6,lbt,1,1,Intel(R) Core(TM) 7 150U,NT,2abc7cc
degen-r20-m1-d1e-10-p0,100,SBB-Dual,1e-7*n,1.0e-11,47,48,0.1128918,0.1113073,98.59644367438555,0.0001443,6.8e-5,0.0001388,0.0,0.0,0.0,0.0012334000000000025,0.4056931842192062,7.77010920592237e-12,-3.633462528466687e-15,1.326938559031987e-12,0.0,7.828240389494482e-12,1.326938559031987e-12,100.0,diag_feasible,0,0,0,0,0,0,47,2.2508522617589782e-14,1.12.6,lbt,1,1,Intel(R) Core(TM) 7 150U,NT,2abc7cc
degen-r20-m1-d1e-10-p0,100,Newton-SIN-BH,1e-7*n,9.999999999999999e-6,5,6,0.0216711,0.0138792,64.04474161440814,0.0,1.0e-5,0.0,0.0073657,0.0,0.0,0.0004161999999999994,0.4056931842192098,0.0,-3.4273809358816885e-15,8.43769498715119e-15,8.43769498715119e-15,2.2508522617589782e-14,8.43769498715119e-15,NaN,converged,38,38,0,0,0,0,5,2.2508522617589782e-14,1.12.6,lbt,1,1,Intel(R) Core(TM) 7 150U,NT,2abc7cc
degen-r20-m1-d1e-10-p0,100,Newton-SIN,1e-7*n,9.999999999999999e-6,6,16,0.0447635,0.0354453,79.1834865459582,0.0,1.56e-5,0.0,0.0088567,0.0,0.0,0.0004458999999999991,0.40569318421361295,1.3973435363815584e-11,-3.5148008866406647e-15,5.663913782427699e-12,5.663913782427699e-12,7.980013586262827e-12,5.663913782427699e-12,NaN,converged,52,52,3,0,0,0,6,2.2508522617589782e-14,1.12.6,lbt,1,1,Intel(R) Core(TM) 7 150U,NT,2abc7cc
degen-r20-m1-d1e-10-p0,100,AGD-SDAJ-BH,1e-7*n,1.0e-11,9,60,0.1038279,0.1022411,98.4717017294966,0.0,5.51e-5,0.0,0.0,0.0,0.0,0.0015316999999999993,0.40569318422895184,1.4190015020024638e-11,-3.2123460281049322e-15,3.9113157157544265e-12,3.9113157157544265e-12,7.518864257925491e-12,3.9113157157544265e-12,NaN,diag_feasible,0,0,7,7,0,0,9,2.2508522617589782e-14,1.12.6,lbt,1,1,Intel(R) Core(TM) 7 150U,NT,2abc7cc
degen-r20-m1-d1e-10-p0,100,AGD-SDAJ,1e-7*n,1.0e-11,9,69,0.087991,0.0868474,98.70032162380244,0.0,4.32e-5,0.0,0.0,0.0,0.0,0.0011003999999999947,0.4056931842289657,1.4203810879667863e-11,-4.072925403736229e-15,3.910649581939651e-12,3.910649581939651e-12,7.524262119047627e-12,3.910649581939651e-12,NaN,diag_feasible_at_xpre,0,0,18,7,11,0,9,2.2508522617589782e-14,1.12.6,lbt,1,1,Intel(R) Core(TM) 7 150U,NT,2abc7cc
degen-r20-m1-d1e-10-p0,100,Dykstra-APM,1e-7*n,9.999999999999999e-6,106,106,0.2546334,0.2324952,91.3058538275026,0.0,0.0,0.0,0.0,0.0110506,0.0,0.011087599999999996,0.4056931842016248,2.066416261529561e-11,-3.571156470438375e-15,1.5625278848574453e-12,1.5625278848574453e-12,9.138607203415252e-12,1.5625278848574453e-12,NaN,diag_feasible,0,0,0,0,0,0,106,2.2508522617589782e-14,1.12.6,lbt,1,1,Intel(R) Core(TM) 7 150U,NT,2abc7cc
degen-r20-m1-d1e-10-p0,100,Anderson-APM,1e-7*n,9.999999999999999e-6,37,37,0.1364391,0.0931649,68.2831387776671,0.0,0.0,0.0,0.0,0.0,0.0384721,0.0048021000000000105,0.4056931842321074,1.69397870912844e-11,-3.3576883316578246e-15,2.3501200985265314e-12,2.3501200985265314e-12,8.226879483316515e-12,2.3501200985265314e-12,NaN,diag_feasible,0,0,0,0,0,0,37,2.2508522617589782e-14,1.12.6,lbt,1,1,Intel(R) Core(TM) 7 150U,NT,2abc7cc
degen-r20-m1-d1e-10-p1,100,SBB-Dual,1e-7*n,1.0e-11,48,49,0.1244647,0.12265899999999999,98.54922721060669,0.0001745,7.99e-5,0.0001359,0.0,0.0,0.0,0.0014154000000000074,0.39907640457164245,7.2682907587461425e-12,-3.931665691400564e-15,1.2099210522364956e-12,0.0,7.295811450453729e-12,1.2099210522364956e-12,100.0,diag_feasible,0,0,0,0,0,0,48,8.628554495259357e-14,1.12.6,lbt,1,1,Intel(R) Core(TM) 7 150U,NT,2abc7cc
degen-r20-m1-d1e-10-p1,100,Newton-SIN-BH,1e-7*n,9.999999999999999e-6,5,6,0.0240141,0.015223500000000001,63.394006021462395,0.0,1.4e-5,0.0,0.0081575,0.0,0.0,0.0006190999999999992,0.39907640457163435,0.0,-3.645043527707324e-15,2.7977620220553945e-14,2.7977620220553945e-14,8.628554495259357e-14,2.7977620220553945e-14,NaN,converged,38,38,0,0,0,0,5,8.628554495259357e-14,1.12.6,lbt,1,1,Intel(R) Core(TM) 7 150U,NT,2abc7cc
degen-r20-m1-d1e-10-p1,100,Newton-SIN,1e-7*n,9.999999999999999e-6,9,32,0.0977616,0.08140710000000001,83.27103893553297,0.0,3.78e-5,0.0,0.0154506,0.0,0.0,0.0008660999999999929,0.3990764045716388,1.909475079258773e-13,-3.272774061725899e-15,1.1546319456101628e-14,1.1546319456101628e-14,3.2656602122653535e-14,1.1546319456101628e-14,NaN,converged,86,86,13,0,0,0,9,8.628554495259357e-14,1.12.6,lbt,1,1,Intel(R) Core(TM) 7 150U,NT,2abc7cc
degen-r20-m1-d1e-10-p1,100,AGD-SDAJ-BH,1e-7*n,1.0e-11,8,52,0.1308025,0.1292124,98.78435045201736,0.0,6.62e-5,0.0,0.0,0.0,0.0,0.0015238999999999832,0.3990764045822038,1.4048114733115819e-11,-3.626219712918054e-15,3.573807916268379e-12,3.573807916268379e-12,7.1295367140391214e-12,3.573807916268379e-12,NaN,diag_feasible,0,0,5,5,0,0,8,8.628554495259357e-14,1.12.6,lbt,1,1,Intel(R) Core(TM) 7 150U,NT,2abc7cc
degen-r20-m1-d1e-10-p1,100,AGD-SDAJ,1e-7*n,1.0e-11,62,1611,3.8329354,3.7595723,98.08598130821615,0.0,0.0017683,0.0,0.0,0.0,0.0,0.07159480000000035,0.3990764045762497,7.472048067064793e-12,-3.0412896902015203e-15,3.087863298389948e-12,3.087863298389948e-12,4.2454648930743624e-12,3.087863298389948e-12,NaN,diag_feasible,0,0,1291,65,1226,0,62,8.628554495259357e-14,1.12.6,lbt,1,1,Intel(R) Core(TM) 7 150U,NT,2abc7cc
degen-r20-m1-d1e-10-p1,100,Dykstra-APM,1e-7*n,9.999999999999999e-6,108,108,0.3251926,0.2864833,88.096500350869,0.0,0.0,0.0,0.0,0.0206075,0.0,0.0181018,0.39907640455473103,1.9460774956603118e-11,-3.903290157381958e-15,1.447064690296429e-12,1.447064690296429e-12,8.631115228577918e-12,1.447064690296429e-12,NaN,diag_feasible,0,0,0,0,0,0,108,8.628554495259357e-14,1.12.6,lbt,1,1,Intel(R) Core(TM) 7 150U,NT,2abc7cc
degen-r20-m1-d1e-10-p1,100,Anderson-APM,1e-7*n,9.999999999999999e-6,30,30,0.0932229,0.0746394,80.0655203817946,0.0,0.0,0.0,0.0,0.0,0.0167289,0.0018546000000000014,0.3990764045851849,1.6722174162691782e-11,-3.4038649621667342e-15,1.5581980150614072e-12,1.5581980150614072e-12,7.767876263947814e-12,1.5581980150614072e-12,NaN,diag_feasible,0,0,0,0,0,0,30,8.628554495259357e-14,1.12.6,lbt,1,1,Intel(R) Core(TM) 7 150U,NT,2abc7cc
degen-r20-m1-d1e-10-p2,100,SBB-Dual,1e-7*n,1.0e-11,47,48,0.1233814,0.1215408,98.50820301925575,0.0001715,7.72e-5,0.0001353,0.0,0.0,0.0,0.0014565999999999978,0.40605894852999164,5.869452869060227e-12,-3.334587933920554e-15,9.068301665138279e-13,0.0,6.294421821018032e-12,9.068301665138279e-13,100.0,diag_feasible,0,0,0,0,0,0,47,1.940350981055675e-14,1.12.6,lbt,1,1,Intel(R) Core(TM) 7 150U,NT,2abc7cc
degen-r20-m1-d1e-10-p2,100,Newton-SIN-BH,1e-7*n,9.999999999999999e-6,4,5,0.0192637,0.0130862,67.93191339150837,0.0,1.23e-5,0.0,0.0056109,0.0,0.0,0.0005543000000000024,0.4060589485299886,0.0,-2.969171658048965e-15,5.551115123125783e-15,5.551115123125783e-15,1.940350981055675e-14,5.551115123125783e-15,NaN,converged,25,25,0,0,0,0,4,1.940350981055675e-14,1.12.6,lbt,1,1,Intel(R) Core(TM) 7 150U,NT,2abc7cc
degen-r20-m1-d1e-10-p2,100,Newton-SIN,1e-7*n,9.999999999999999e-6,8,76,0.1929695,0.1789991,92.76030668058942,0.0,8.38e-5,0.0,0.0122553,0.0,0.0,0.0016312999999999935,0.4060589485299974,1.0163718822571999e-13,-3.316902230709285e-15,3.9968028886505635e-15,3.9968028886505635e-15,1.650502521312145e-14,3.9968028886505635e-15,NaN,converged,73,73,59,0,0,0,8,1.940350981055675e-14,1.12.6,lbt,1,1,Intel(R) Core(TM) 7 150U,NT,2abc7cc
degen-r20-m1-d1e-10-p2,100,AGD-SDAJ-BH,1e-7*n,1.0e-11,10,67,0.1305316,0.1290049,98.83039815646174,0.0,6.73e-5,0.0,0.0,0.0,0.0,0.001459399999999992,0.4060589485435502,1.8177502557212595e-11,-3.498811776300245e-15,6.1812777119030216e-12,6.1812777119030216e-12,9.39801017406633e-12,6.1812777119030216e-12,NaN,diag_feasible_at_xpre,0,0,10,10,0,0,10,1.940350981055675e-14,1.12.6,lbt,1,1,Intel(R) Core(TM) 7 150U,NT,2abc7cc
degen-r20-m1-d1e-10-p2,100,AGD-SDAJ,1e-7*n,1.0e-11,115,4001,9.4738676,9.2569755,97.710627706049,0.0,0.0046182,0.0,0.0,0.0,0.0,0.21227390000000082,0.4060589515383151,6.093473173934857e-9,-3.4477923462319423e-15,2.1108890191356977e-9,2.1108890191356977e-9,3.598594464114476e-9,2.1108890191356977e-9,NaN,evd_budget,0,0,3420,222,3198,0,115,1.940350981055675e-14,1.12.6,lbt,1,1,Intel(R) Core(TM) 7 150U,NT,2abc7cc
degen-r20-m1-d1e-10-p2,100,Dykstra-APM,1e-7*n,9.999999999999999e-6,105,105,0.3019064,0.2750101,91.09117925290751,0.0,0.0,0.0,0.0,0.0133423,0.0,0.01355400000000004,0.406058948511776,2.130182316782548e-11,-3.97178611435287e-15,1.3695711231775931e-12,1.3695711231775931e-12,9.446137045991424e-12,1.3695711231775931e-12,NaN,diag_feasible,0,0,0,0,0,0,105,1.940350981055675e-14,1.12.6,lbt,1,1,Intel(R) Core(TM) 7 150U,NT,2abc7cc
degen-r20-m1-d1e-10-p2,100,Anderson-APM,1e-7*n,9.999999999999999e-6,33,33,0.1186297,0.0814077,68.62337171888659,0.0,0.0,0.0,0.0,0.0,0.0328432,0.004378800000000002,0.40605894854409524,1.9101264976657668e-11,-3.225203560123051e-15,2.474020988074699e-12,2.474020988074699e-12,9.376013219144132e-12,2.474020988074699e-12,NaN,diag_feasible,0,0,0,0,0,0,33,1.940350981055675e-14,1.12.6,lbt,1,1,Intel(R) Core(TM) 7 150U,NT,2abc7cc
degen-r20-m1-d1e-10-p3,100,SBB-Dual,1e-7*n,1.0e-11,46,47,0.1049306,0.10357029999999999,98.70361934459537,0.0001169,5.84e-5,0.0001024,0.0,0.0,0.0,0.0010826000000000086,0.40637818037336687,9.30046791956734e-12,-3.5080074201896276e-15,1.4648282586904315e-12,0.0,8.797045890415796e-12,1.4648282586904315e-12,100.0,diag_feasible,0,0,0,0,0,0,46,3.574969857382783e-14,1.12.6,lbt,1,1,Intel(R) Core(TM) 7 150U,NT,2abc7cc
degen-r20-m1-d1e-10-p3,100,Newton-SIN-BH,1e-7*n,9.999999999999999e-6,4,5,0.0184693,0.0128195,69.40977730612421,0.0,1.27e-5,0.0,0.0051669,0.0,0.0,0.00047020000000000135,0.40637818037337425,0.0,-4.225440850289802e-15,1.2878587085651816e-14,1.2878587085651816e-14,3.574969857382783e-14,1.2878587085651816e-14,NaN,converged,26,26,0,0,0,0,4,3.574969857382783e-14,1.12.6,lbt,1,1,Intel(R) Core(TM) 7 150U,NT,2abc7cc
degen-r20-m1-d1e-10-p3,100,Newton-SIN,1e-7*n,9.999999999999999e-6,4,9,0.0277958,0.0227354,81.79437181156867,0.0,9.4e-6,0.0,0.0047757,0.0,0.0,0.0002753,0.40637818037337425,0.0,-4.225440850289802e-15,1.2878587085651816e-14,1.2878587085651816e-14,3.574969857382783e-14,1.2878587085651816e-14,NaN,converged,26,26,0,0,0,0,4,3.574969857382783e-14,1.12.6,lbt,1,1,Intel(R) Core(TM) 7 150U,NT,2abc7cc
degen-r20-m1-d1e-10-p3,100,AGD-SDAJ-BH,1e-7*n,1.0e-11,9,63,0.1412637,0.1396947,98.88931126680104,0.0,6.5e-5,0.0,0.0,0.0,0.0,0.0015039999999999871,0.40637818038555223,1.643897607851371e-11,-3.200960490664068e-15,4.815925436219004e-12,4.815925436219004e-12,8.41939042090756e-12,4.815925436219004e-12,NaN,diag_feasible,0,0,10,10,0,0,9,3.574969857382783e-14,1.12.6,lbt,1,1,Intel(R) Core(TM) 7 150U,NT,2abc7cc
degen-r20-m1-d1e-10-p3,100,AGD-SDAJ,1e-7*n,1.0e-11,9,69,0.1541989,0.1523853,98.82385672011928,0.0,7.68e-5,0.0,0.0,0.0,0.0,0.0017367999999999986,0.40637818037882384,8.069655242750443e-12,-3.33913365803116e-15,2.7819968551057173e-12,2.7819968551057173e-12,4.392165240334754e-12,2.7819968551057173e-12,NaN,diag_feasible_at_xpre,0,0,18,12,6,0,9,3.574969857382783e-14,1.12.6,lbt,1,1,Intel(R) Core(TM) 7 150U,NT,2abc7cc
degen-r20-m1-d1e-10-p3,100,Dykstra-APM,1e-7*n,9.999999999999999e-6,105,105,0.2474618,0.2270937,91.76919427564174,0.0,0.0,0.0,0.0,0.0096938,0.0,0.0106743,0.4063781803575199,1.857659912143478e-11,-4.151378842703909e-15,1.3813394872386198e-12,1.3813394872386198e-12,8.234182756147131e-12,1.3813394872386198e-12,NaN,diag_feasible,0,0,0,0,0,0,105,3.574969857382783e-14,1.12.6,lbt,1,1,Intel(R) Core(TM) 7 150U,NT,2abc7cc
degen-r20-m1-d1e-10-p3,100,Anderson-APM,1e-7*n,9.999999999999999e-6,35,35,0.1051383,0.0726402,69.09014127106867,0.0,0.0,0.0,0.0,0.0,0.0286837,0.0038144000000000025,0.40637818039104934,2.095330090244154e-11,-3.4676869375973434e-15,1.5457635171856055e-12,1.5457635171856055e-12,9.459904350167768e-12,1.5457635171856055e-12,NaN,diag_feasible,0,0,0,0,0,0,35,3.574969857382783e-14,1.12.6,lbt,1,1,Intel(R) Core(TM) 7 150U,NT,2abc7cc
degen-r20-m1-d1e-10-p4,100,SBB-Dual,1e-7*n,1.0e-11,47,48,0.1077116,0.1063646,98.74943831490758,0.0001199,6.46e-5,0.0001005,0.0,0.0,0.0,0.0010620000000000009,0.4061830487105367,6.4098759565953774e-12,-3.5485787220749188e-15,1.0607070777268746e-12,0.0,6.297275186947134e-12,1.0607070777268746e-12,100.0,diag_feasible,0,0,0,0,0,0,47,2.2035340095291854e-14,1.12.6,lbt,1,1,Intel(R) Core(TM) 7 150U,NT,2abc7cc
degen-r20-m1-d1e-10-p4,100,Newton-SIN-BH,1e-7*n,9.999999999999999e-6,4,5,0.0208444,0.0125903,60.40135480033007,0.0,9.2e-6,0.0,0.0078289,0.0,0.0,0.0004159999999999997,0.40618304871053956,0.0,-3.475552400072205e-15,6.8833827526759706e-15,6.8833827526759706e-15,2.2035340095291854e-14,6.8833827526759706e-15,NaN,converged,26,26,0,0,0,0,4,2.2035340095291854e-14,1.12.6,lbt,1,1,Intel(R) Core(TM) 7 150U,NT,2abc7cc
degen-r20-m1-d1e-10-p4,100,Newton-SIN,1e-7*n,9.999999999999999e-6,7,24,0.0637937,0.052001900000000004,81.51572960966365,0.0,2.45e-5,0.0,0.0110979,0.0,0.0,0.0006693999999999901,0.40618304871054445,1.4263205963238183e-13,-3.6430384280754015e-15,5.773159728050814e-15,5.773159728050814e-15,2.2322110008058506e-14,5.773159728050814e-15,NaN,converged,65,65,9,0,0,0,7,2.2035340095291854e-14,1.12.6,lbt,1,1,Intel(R) Core(TM) 7 150U,NT,2abc7cc
degen-r20-m1-d1e-10-p4,100,AGD-SDAJ-BH,1e-7*n,1.0e-11,10,73,0.1869487,0.1846767,98.78469334100744,0.0,0.0001136,0.0,0.0,0.0,0.0,0.002158399999999996,0.40618304871641525,1.4774809719266005e-11,-3.5347961089319956e-15,2.794209308376594e-12,2.794209308376594e-12,8.721874194446939e-12,2.794209308376594e-12,NaN,diag_feasible_at_xpre,0,0,14,14,0,0,10,2.2035340095291854e-14,1.12.6,lbt,1,1,Intel(R) Core(TM) 7 150U,NT,2abc7cc
degen-r20-m1-d1e-10-p4,100,AGD-SDAJ,1e-7*n,1.0e-11,135,4022,9.5972175,9.393460399999999,97.87691484537055,0.0,0.0047082,0.0,0.0,0.0,0.0,0.1990489000000007,0.40618304896294877,4.17648146479194e-10,-3.1848238569260627e-15,1.3604095627783863e-10,1.3604095627783863e-10,2.3882304469049324e-10,1.3604095627783863e-10,NaN,evd_budget,0,0,3339,140,3199,0,135,2.2035340095291854e-14,1.12.6,lbt,1,1,Intel(R) Core(TM) 7 150U,NT,2abc7cc
degen-r20-m1-d1e-10-p4,100,Dykstra-APM,1e-7*n,9.999999999999999e-6,105,105,0.2731212,0.2517844,92.1877906218924,0.0,0.0,0.0,0.0,0.0105631,0.0,0.010773699999999988,0.40618304869240585,2.131589588155053e-11,-3.1884226619957228e-15,1.6016077353242508e-12,1.6016077353242508e-12,9.435923033284802e-12,1.6016077353242508e-12,NaN,diag_feasible,0,0,0,0,0,0,105,2.2035340095291854e-14,1.12.6,lbt,1,1,Intel(R) Core(TM) 7 150U,NT,2abc7cc
degen-r20-m1-d1e-10-p4,100,Anderson-APM,1e-7*n,9.999999999999999e-6,34,34,0.0987274,0.0707414,71.65325937885531,0.0,0.0,0.0,0.0,0.0,0.0247108,0.0032752000000000094,0.4061830487242174,1.7117977880269158e-11,-3.381953587352888e-15,1.4453993557594913e-12,1.4453993557594913e-12,8.033680323831904e-12,1.4453993557594913e-12,NaN,diag_feasible,0,0,0,0,0,0,34,2.2035340095291854e-14,1.12.6,lbt,1,1,Intel(R) Core(TM) 7 150U,NT,2abc7cc
degen-r20-m1-d0-p0,100,SBB-Dual,1e-7*n,1.0e-11,47,48,0.0748699,0.07382269999999999,98.6013070673261,7.0e-5,4.51e-5,3.06e-5,0.0,0.0,0.0,0.0009015000000000121,0.40569318423718764,7.224281452379743e-12,-2.8586334779367763e-15,1.2403411631112249e-12,0.0,6.794209412347276e-12,1.2403411631112249e-12,100.0,diag_feasible,0,0,0,0,0,0,47,1.532349107807003e-14,1.12.6,lbt,1,1,Intel(R) Core(TM) 7 150U,NT,2abc7cc
degen-r20-m1-d0-p0,100,Newton-SIN-BH,1e-7*n,9.999999999999999e-6,4,5,0.0149773,0.0104227,69.5899795023135,0.0,8.2e-6,0.0,0.0041796,0.0,0.0,0.00036680000000000046,0.40569318423717654,0.0,-3.2543065041681533e-15,5.995204332975845e-15,5.995204332975845e-15,1.532349107807003e-14,5.995204332975845e-15,NaN,converged,25,25,0,0,0,0,4,1.532349107807003e-14,1.12.6,lbt,1,1,Intel(R) Core(TM) 7 150U,NT,2abc7cc
degen-r20-m1-d0-p0,100,Newton-SIN,1e-7*n,9.999999999999999e-6,100,2974,8.4848825,8.0541667,94.92372699327304,0.0,0.0045288,0.0,0.2951455,0.0,0.0,0.13104149999999976,0.405693184147018,6.861158142171053e-10,-3.253929060010958e-15,4.2034375979937977e-10,4.2034375979937977e-10,4.366163057996991e-10,4.2034375979937977e-10,NaN,max_iter,1177,1177,2773,0,0,0,100,1.532349107807003e-14,1.12.6,lbt,1,1,Intel(R) Core(TM) 7 150U,NT,2abc7cc
degen-r20-m1-d0-p0,100,AGD-SDAJ-BH,1e-7*n,1.0e-11,9,63,0.1284726,0.1270196,98.86901954191012,0.0,7.43e-5,0.0,0.0,0.0,0.0,0.001378699999999982,0.40569318424257783,7.190075367513434e-12,-3.3483746516588005e-15,1.59539048638635e-12,1.59539048638635e-12,3.5703819103525094e-12,1.59539048638635e-12,NaN,diag_feasible,0,0,8,8,0,0,9,1.532349107807003e-14,1.12.6,lbt,1,1,Intel(R) Core(TM) 7 150U,NT,2abc7cc
degen-r20-m1-d0-p0,100,AGD-SDAJ,1e-7*n,1.0e-11,9,81,0.1770579,0.1749623,98.8164323647801,0.0,9.41e-5,0.0,0.0,0.0,0.0,0.002001500000000003,0.40569318424416145,9.353810167829653e-12,-2.886397109260023e-15,2.220890138460163e-12,2.220890138460163e-12,4.699635056916542e-12,2.220890138460163e-12,NaN,diag_feasible,0,0,26,16,10,0,9,1.532349107807003e-14,1.12.6,lbt,1,1,Intel(R) Core(TM) 7 150U,NT,2abc7cc
degen-r20-m1-d0-p0,100,Dykstra-APM,1e-7*n,9.999999999999999e-6,106,106,0.2715312,0.2476958,91.2218559045885,0.0,0.0,0.0,0.0,0.0123792,0.0,0.011456199999999979,0.40569318422163037,1.8093356816912268e-11,-3.419696684844464e-15,1.4857004515533845e-12,1.4857004515533845e-12,8.1423764770268e-12,1.4857004515533845e-12,NaN,diag_feasible,0,0,0,0,0,0,106,1.532349107807003e-14,1.12.6,lbt,1,1,Intel(R) Core(TM) 7 150U,NT,2abc7cc
degen-r20-m1-d0-p0,100,Anderson-APM,1e-7*n,9.999999999999999e-6,37,37,0.1434,0.0973226,67.8679218967922,0.0,0.0,0.0,0.0,0.0,0.0410509,0.005026500000000003,0.405693184250199,1.705484446957577e-11,-4.380862127697995e-15,2.3540058791127194e-12,2.3540058791127194e-12,8.263633778467634e-12,2.3540058791127194e-12,NaN,diag_feasible,0,0,0,0,0,0,37,1.532349107807003e-14,1.12.6,lbt,1,1,Intel(R) Core(TM) 7 150U,NT,2abc7cc
degen-r20-m1-d0-p1,100,SBB-Dual,1e-7*n,1.0e-11,48,49,0.1256199,0.123697,98.469271190313,0.0001618,7.93e-5,0.0001294,0.0,0.0,0.0,0.0015524000000000052,0.39907640457582216,6.956687880786215e-12,-4.259931312712156e-15,1.1692868895352149e-12,0.0,7.0676418184979745e-12,1.1692868895352149e-12,100.0,diag_feasible,0,0,0,0,0,0,48,6.617339027944133e-14,1.12.6,lbt,1,1,Intel(R) Core(TM) 7 150U,NT,2abc7cc
degen-r20-m1-d0-p1,100,Newton-SIN-BH,1e-7*n,9.999999999999999e-6,4,5,0.0193539,0.0134888,69.69551356574128,0.0,1.25e-5,0.0,0.0053454,0.0,0.0,0.0005071999999999993,0.3990764045758248,0.0,-3.4634452895598507e-15,1.7541523789077473e-14,1.7541523789077473e-14,6.617339027944133e-14,1.7541523789077473e-14,NaN,converged,25,25,0,0,0,0,4,6.617339027944133e-14,1.12.6,lbt,1,1,Intel(R) Core(TM) 7 150U,NT,2abc7cc
degen-r20-m1-d0-p1,100,Newton-SIN,1e-7*n,9.999999999999999e-6,5,13,0.0386877,0.030956,80.01509523698748,0.0,1.61e-5,0.0,0.0072389,0.0,0.0,0.00047669999999999744,0.3990764045758272,7.630601320783658e-13,-3.5457772943865675e-15,2.0539125955565396e-14,2.0539125955565396e-14,7.622859523606971e-14,2.0539125955565396e-14,NaN,converged,38,38,2,0,0,0,5,6.617339027944133e-14,1.12.6,lbt,1,1,Intel(R) Core(TM) 7 150U,NT,2abc7cc
degen-r20-m1-d0-p1,100,AGD-SDAJ-BH,1e-7*n,1.0e-11,10,65,0.176212,0.1739104,98.69384604907725,0.0,9.96e-5,0.0,0.0,0.0,0.0,0.0022020000000000147,0.39907640458337323,1.1100669420072325e-11,-3.3910372439339697e-15,4.192424185589516e-12,4.192424185589516e-12,6.105897056839133e-12,4.192424185589516e-12,NaN,diag_feasible_at_xpre,0,0,8,8,0,0,10,6.617339027944133e-14,1.12.6,lbt,1,1,Intel(R) Core(TM) 7 150U,NT,2abc7cc
degen-r20-m1-d0-p1,100,AGD-SDAJ,1e-7*n,1.0e-11,9,76,0.1567294,0.1548059,98.77272547460782,0.0,9.37e-5,0.0,0.0,0.0,0.0,0.0018297999999999947,0.3990764045834094,9.941744027150613e-12,-3.691646827688677e-15,2.132627408002463e-12,2.132627408002463e-12,4.963384566183121e-12,2.132627408002463e-12,NaN,diag_feasible,0,0,21,9,12,0,9,6.617339027944133e-14,1.12.6,lbt,1,1,Intel(R) Core(TM) 7 150U,NT,2abc7cc
degen-r20-m1-d0-p1,100,Dykstra-APM,1e-7*n,9.999999999999999e-6,108,108,0.2593317,0.2165671,83.50969048519714,0.0,0.0,0.0,0.0,0.0284986,0.0,0.014265999999999987,0.39907640455941823,1.874259574974003e-11,-3.8796167006035326e-15,1.396660564978447e-12,1.396660564978447e-12,8.341099445491376e-12,1.396660564978447e-12,NaN,diag_feasible,0,0,0,0,0,0,108,6.617339027944133e-14,1.12.6,lbt,1,1,Intel(R) Core(TM) 7 150U,NT,2abc7cc
degen-r20-m1-d0-p1,100,Anderson-APM,1e-7*n,9.999999999999999e-6,30,30,0.0652387,0.0518879,79.5354597807743,0.0,0.0,0.0,0.0,0.0,0.0115568,0.0017939999999999953,0.39907640459060095,1.778417727467969e-11,-3.329911813596439e-15,1.6716628081780982e-12,1.6716628081780982e-12,8.159026172361378e-12,1.6716628081780982e-12,NaN,diag_feasible,0,0,0,0,0,0,30,6.617339027944133e-14,1.12.6,lbt,1,1,Intel(R) Core(TM) 7 150U,NT,2abc7cc
degen-r20-m1-d0-p2,100,SBB-Dual,1e-7*n,1.0e-11,46,47,0.1019496,0.1004182,98.4978852295644,0.0001132,5.04e-5,9.91e-5,0.0,0.0,0.0,0.0012687000000000024,0.40605894854839186,9.085351849863306e-12,-3.0347683347177938e-15,1.390665360645471e-12,0.0,8.978353776181511e-12,1.390665360645471e-12,100.0,diag_feasible,0,0,0,0,0,0,46,2.45587757400087e-14,1.12.6,lbt,1,1,Intel(R) Core(TM) 7 150U,NT,2abc7cc
degen-r20-m1-d0-p2,100,Newton-SIN-BH,1e-7*n,9.999999999999999e-6,4,5,0.0253472,0.020100899999999998,79.30225034717839,0.0,1.32e-5,0.0,0.0047946,0.0,0.0,0.00043850000000000226,0.40605894854839614,0.0,-3.901964107702311e-15,8.215650382226158e-15,8.215650382226158e-15,2.45587757400087e-14,8.215650382226158e-15,NaN,converged,25,25,0,0,0,0,4,2.45587757400087e-14,1.12.6,lbt,1,1,Intel(R) Core(TM) 7 150U,NT,2abc7cc
degen-r20-m1-d0-p2,100,Newton-SIN,1e-7*n,9.999999999999999e-6,6,18,0.0479501,0.0385882,80.47574457613227,0.0,1.67e-5,0.0,0.0089178,0.0,0.0,0.00042739999999999966,0.4060589485483971,1.5450337049549955e-13,-3.1871185885243874e-15,6.439293542825908e-15,6.439293542825908e-15,2.5453663710116234e-14,6.439293542825908e-15,NaN,converged,49,49,5,0,0,0,6,2.45587757400087e-14,1.12.6,lbt,1,1,Intel(R) Core(TM) 7 150U,NT,2abc7cc
degen-r20-m1-d0-p2,100,AGD-SDAJ-BH,1e-7*n,1.0e-11,11,79,0.2049538,0.2020277,98.57231239430546,0.0,0.0001346,0.0,0.0,0.0,0.0,0.002791499999999987,0.40605894856148145,1.7459011070080588e-11,-3.128829212601602e-15,5.566658245470535e-12,5.566658245470535e-12,8.988617618699417e-12,5.566658245470535e-12,NaN,diag_feasible_at_xpre,0,0,16,16,0,0,11,2.45587757400087e-14,1.12.6,lbt,1,1,Intel(R) Core(TM) 7 150U,NT,2abc7cc
degen-r20-m1-d0-p2,100,AGD-SDAJ,1e-7*n,1.0e-11,11,111,0.2465475,0.2437589,98.8689400622598,0.0,0.0001155,0.0,0.0,0.0,0.0,0.002673100000000002,0.40605894855175323,4.322373384702619e-12,-3.4911213719891187e-15,5.486722187697524e-13,5.486722187697524e-13,2.0921932149386387e-12,5.486722187697524e-13,NaN,diag_feasible,0,0,44,12,32,0,11,2.45587757400087e-14,1.12.6,lbt,1,1,Intel(R) Core(TM) 7 150U,NT,2abc7cc
degen-r20-m1-d0-p2,100,Dykstra-APM,1e-7*n,9.999999999999999e-6,105,105,0.3005968,0.2718853,90.448501115115,0.0,0.0,0.0,0.0,0.0154825,0.0,0.013229000000000001,0.40605894853240326,1.8488972918649783e-11,-3.0049335871921922e-15,1.2934098236883074e-12,1.2934098236883074e-12,8.344452232834114e-12,1.2934098236883074e-12,NaN,diag_feasible,0,0,0,0,0,0,105,2.45587757400087e-14,1.12.6,lbt,1,1,Intel(R) Core(TM) 7 150U,NT,2abc7cc
degen-r20-m1-d0-p2,100,Anderson-APM,1e-7*n,9.999999999999999e-6,33,33,0.1196891,0.0828849,69.2501656374724,0.0,0.0,0.0,0.0,0.0,0.0324425,0.00436170000000001,0.4060589485625321,1.9138357429900734e-11,-3.3339612162443496e-15,2.4829027722717e-12,2.4829027722717e-12,9.399464412757696e-12,2.4829027722717e-12,NaN,diag_feasible,0,0,0,0,0,0,33,2.45587757400087e-14,1.12.6,lbt,1,1,Intel(R) Core(TM) 7 150U,NT,2abc7cc
degen-r20-m1-d0-p3,100,SBB-Dual,1e-7*n,1.0e-11,46,47,0.1200837,0.11807200000000001,98.32475181893963,0.0002293,0.0001002,0.0001184,0.0,0.0,0.0,0.0015637999999999913,0.4063781803920539,8.404785499823993e-12,-3.187095107172206e-15,1.3560264022771662e-12,0.0,7.429047894673206e-12,1.3560264022771662e-12,100.0,diag_feasible,0,0,0,0,0,0,46,2.0654027705266258e-14,1.12.6,lbt,1,1,Intel(R) Core(TM) 7 150U,NT,2abc7cc
degen-r20-m1-d0-p3,100,Newton-SIN-BH,1e-7*n,9.999999999999999e-6,4,5,0.0193967,0.01362,70.21812988807375,0.0,1.07e-5,0.0,0.0052815,0.0,0.0,0.0004844999999999997,0.40637818039206147,0.0,-3.4888053743683512e-15,6.328271240363392e-15,6.328271240363392e-15,2.0654027705266258e-14,6.328271240363392e-15,NaN,converged,26,26,0,0,0,0,4,2.0654027705266258e-14,1.12.6,lbt,1,1,Intel(R) Core(TM) 7 150U,NT,2abc7cc
degen-r20-m1-d0-p3,100,Newton-SIN,1e-7*n,9.999999999999999e-6,5,13,0.0401066,0.032286300000000004,80.50121426398648,0.0,1.76e-5,0.0,0.0073656,0.0,0.0,0.00043709999999999496,0.40637818039205853,1.5938024557023996e-13,-3.6582910075608866e-15,1.0880185641326534e-14,1.0880185641326534e-14,2.850550315697961e-14,1.0880185641326534e-14,NaN,converged,39,39,2,0,0,0,5,2.0654027705266258e-14,1.12.6,lbt,1,1,Intel(R) Core(TM) 7 150U,NT,2abc7cc
degen-r20-m1-d0-p3,100,AGD-SDAJ-BH,1e-7*n,1.0e-11,10,64,0.1534225,0.1516379,98.83680685688213,0.0,7.67e-5,0.0,0.0,0.0,0.0,0.0017078999999999972,0.4063781803980805,8.478722862133294e-12,-3.372314331759098e-15,2.7047253325918064e-12,2.7047253325918064e-12,4.464222310203358e-12,2.7047253325918064e-12,NaN,diag_feasible_at_xpre,0,0,7,7,0,0,10,2.0654027705266258e-14,1.12.6,lbt,1,1,Intel(R) Core(TM) 7 150U,NT,2abc7cc
degen-r20-m1-d0-p3,100,AGD-SDAJ,1e-7*n,1.0e-11,9,64,0.1650257,0.1630279,98.78940068122724,0.0,0.0001008,0.0,0.0,0.0,0.0,0.001896999999999994,0.4063781803965875,6.19108039147387e-12,-3.78096328208553e-15,1.7184031975148173e-12,1.7184031975148173e-12,3.1723683702992158e-12,1.7184031975148173e-12,NaN,diag_feasible,0,0,9,7,2,0,9,2.0654027705266258e-14,1.12.6,lbt,1,1,Intel(R) Core(TM) 7 150U,NT,2abc7cc
degen-r20-m1-d0-p3,100,Dykstra-APM,1e-7*n,9.999999999999999e-6,104,104,0.2876134,0.259766,90.31776683562032,0.0,0.0,0.0,0.0,0.0142374,0.0,0.013610000000000021,0.40637818037494333,1.9722052568369053e-11,-3.77555821403233e-15,1.6271428648906294e-12,1.6271428648906294e-12,8.927964766979569e-12,1.6271428648906294e-12,NaN,diag_feasible,0,0,0,0,0,0,104,2.0654027705266258e-14,1.12.6,lbt,1,1,Intel(R) Core(TM) 7 150U,NT,2abc7cc
degen-r20-m1-d0-p3,100,Anderson-APM,1e-7*n,9.999999999999999e-6,35,35,0.12358,0.0845324,68.40297782812752,0.0,0.0,0.0,0.0,0.0,0.0348031,0.004244500000000005,0.4063781804097545,2.0969249813987982e-11,-3.5962867756152765e-15,1.5487611193520934e-12,1.5487611193520934e-12,9.46623988857122e-12,1.5487611193520934e-12,NaN,diag_feasible,0,0,0,0,0,0,35,2.0654027705266258e-14,1.12.6,lbt,1,1,Intel(R) Core(TM) 7 150U,NT,2abc7cc
degen-r20-m1-d0-p4,100,SBB-Dual,1e-7*n,1.0e-11,46,47,0.1041764,0.10280059999999999,98.67935540103132,0.000119,5.46e-5,0.0001317,0.0,0.0,0.0,0.0010705000000000105,0.4061830487290731,9.642611644267416e-12,-2.987083556958536e-15,1.6000534230897756e-12,0.0,8.860343943237366e-12,1.6000534230897756e-12,100.0,diag_feasible,0,0,0,0,0,0,46,2.2291442631184124e-14,1.12.6,lbt,1,1,Intel(R) Core(TM) 7 150U,NT,2abc7cc
degen-r20-m1-d0-p4,100,Newton-SIN-BH,1e-7*n,9.999999999999999e-6,4,5,0.0175877,0.0122229,69.49686428583612,0.0,9.3e-6,0.0,0.0049182,0.0,0.0,0.0004373000000000007,0.4061830487290785,0.0,-3.3086370779946822e-15,7.993605777301127e-15,7.993605777301127e-15,2.2291442631184124e-14,7.993605777301127e-15,NaN,converged,26,26,0,0,0,0,4,2.2291442631184124e-14,1.12.6,lbt,1,1,Intel(R) Core(TM) 7 150U,NT,2abc7cc
degen-r20-m1-d0-p4,100,Newton-SIN,1e-7*n,9.999999999999999e-6,4,9,0.0318366,0.0255528,80.26233957143666,0.0,1.02e-5,0.0,0.0058845,0.0,0.0,0.000389099999999999,0.4061830487290785,0.0,-3.3086370779946822e-15,7.993605777301127e-15,7.993605777301127e-15,2.2291442631184124e-14,7.993605777301127e-15,NaN,converged,26,26,0,0,0,0,4,2.2291442631184124e-14,1.12.6,lbt,1,1,Intel(R) Core(TM) 7 150U,NT,2abc7cc
degen-r20-m1-d0-p4,100,AGD-SDAJ-BH,1e-7*n,1.0e-11,10,72,0.1564361,0.15448979999999998,98.75584983261535,0.0,7.99e-5,0.0,0.0,0.0,0.0,0.001866400000000012,0.4061830487316443,7.250472068958397e-12,-3.58303103089592e-15,1.5171197631502764e-12,1.5171197631502764e-12,4.316018445022741e-12,1.5171197631502764e-12,NaN,diag_feasible_at_xpre,0,0,13,13,0,0,10,2.2291442631184124e-14,1.12.6,lbt,1,1,Intel(R) Core(TM) 7 150U,NT,2abc7cc
degen-r20-m1-d0-p4,100,AGD-SDAJ,1e-7*n,1.0e-11,11,99,0.27465,0.2711025,98.70835608956854,0.0,0.0001644,0.0,0.0,0.0,0.0,0.0033830999999999813,0.4061830487354317,8.527573779620181e-12,-3.2658976851660175e-15,2.576716617852526e-12,2.576716617852526e-12,4.37602386914963e-12,2.576716617852526e-12,NaN,diag_feasible,0,0,32,16,16,0,11,2.2291442631184124e-14,1.12.6,lbt,1,1,Intel(R) Core(TM) 7 150U,NT,2abc7cc
degen-r20-m1-d0-p4,100,Dykstra-APM,1e-7*n,9.999999999999999e-6,105,105,0.3244125,0.2947425,90.85423650445036,0.0,0.0,0.0,0.0,0.0152012,0.0,0.014468799999999974,0.4061830487133086,1.8271860120422284e-11,-3.113180544853752e-15,1.489697254442035e-12,1.489697254442035e-12,8.24830094839625e-12,1.489697254442035e-12,NaN,diag_feasible,0,0,0,0,0,0,105,2.2291442631184124e-14,1.12.6,lbt,1,1,Intel(R) Core(TM) 7 150U,NT,2abc7cc
degen-r20-m1-d0-p4,100,Anderson-APM,1e-7*n,9.999999999999999e-6,34,34,0.151806,0.1032441,68.01055294257144,0.0,0.0,0.0,0.0,0.0,0.0430528,0.005509099999999989,0.4061830487427711,1.713868031625921e-11,-3.319824180807352e-15,1.4453993557594913e-12,1.4453993557594913e-12,8.044800747864533e-12,1.4453993557594913e-12,NaN,diag_feasible,0,0,0,0,0,0,34,2.2291442631184124e-14,1.12.6,lbt,1,1,Intel(R) Core(TM) 7 150U,NT,2abc7cc
degen-r20-m5-d0.01-p0,100,SBB-Dual,1e-7*n,1.0e-11,48,49,0.1201687,0.1185365,98.64174281655706,0.0001403,6.35e-5,0.0001253,0.0,0.0,0.0,0.0013031000000000004,0.4214867308028107,7.556741115657784e-12,-3.075832565342945e-15,1.2703171847761041e-12,0.0,7.617201183785273e-12,1.2703171847761041e-12,100.0,diag_feasible,0,0,0,0,0,0,48,1.4616624776151618e-14,1.12.6,lbt,1,1,Intel(R) Core(TM) 7 150U,NT,2abc7cc
degen-r20-m5-d0.01-p0,100,Newton-SIN-BH,1e-7*n,9.999999999999999e-6,4,5,0.0170579,0.0118113,69.24240381289607,0.0,9.7e-6,0.0,0.0047054,0.0,0.0,0.0005315000000000007,0.42148673080281823,0.0,-3.366099082728546e-15,5.551115123125783e-15,5.551115123125783e-15,1.4616624776151618e-14,5.551115123125783e-15,NaN,converged,26,26,0,0,0,0,4,1.4616624776151618e-14,1.12.6,lbt,1,1,Intel(R) Core(TM) 7 150U,NT,2abc7cc
degen-r20-m5-d0.01-p0,100,Newton-SIN,1e-7*n,9.999999999999999e-6,4,9,0.0342791,0.0288866,84.26884019708801,0.0,9.6e-6,0.0,0.0050337,0.0,0.0,0.0003492000000000009,0.42148673080281823,0.0,-3.366099082728546e-15,5.551115123125783e-15,5.551115123125783e-15,1.4616624776151618e-14,5.551115123125783e-15,NaN,converged,26,26,0,0,0,0,4,1.4616624776151618e-14,1.12.6,lbt,1,1,Intel(R) Core(TM) 7 150U,NT,2abc7cc
degen-r20-m5-d0.01-p0,100,AGD-SDAJ-BH,1e-7*n,1.0e-11,9,57,0.1519025,0.1499576,98.71963924227711,0.0,8.72e-5,0.0,0.0,0.0,0.0,0.0018576999999999995,0.42148673079738047,7.463650575652367e-12,-3.018053313714439e-15,8.553158181712206e-13,8.553158181712206e-13,3.5797698919168696e-12,8.553158181712206e-13,NaN,diag_feasible,0,0,2,2,0,0,9,1.4616624776151618e-14,1.12.6,lbt,1,1,Intel(R) Core(TM) 7 150U,NT,2abc7cc
degen-r20-m5-d0.01-p0,100,AGD-SDAJ,1e-7*n,1.0e-11,11,118,0.3827354,0.3699999,96.67250533919777,0.0,0.0002203,0.0,0.0,0.0,0.0,0.012515200000000011,0.42148673079552096,1.2308956228702302e-11,-3.1472049292972534e-15,3.68638453096537e-12,3.68638453096537e-12,6.747001460519636e-12,3.68638453096537e-12,NaN,diag_feasible_at_xpre,0,0,57,2,55,0,11,1.4616624776151618e-14,1.12.6,lbt,1,1,Intel(R) Core(TM) 7 150U,NT,2abc7cc
degen-r20-m5-d0.01-p0,100,Dykstra-APM,1e-7*n,9.999999999999999e-6,108,108,0.3136436,0.285489,91.02337812727566,0.0,0.0,0.0,0.0,0.0143827,0.0,0.01377190000000003,0.42148673078699983,2.0186495586885837e-11,-3.80655587066223e-15,1.4883649868124849e-12,1.4883649868124849e-12,8.925813952199776e-12,1.4883649868124849e-12,NaN,diag_feasible,0,0,0,0,0,0,108,1.4616624776151618e-14,1.12.6,lbt,1,1,Intel(R) Core(TM) 7 150U,NT,2abc7cc
degen-r20-m5-d0.01-p0,100,Anderson-APM,1e-7*n,9.999999999999999e-6,34,34,0.0846197,0.0648436,76.62943735324043,0.0,0.0,0.0,0.0,0.0,0.0171529,0.002623200000000006,0.42148673079414184,1.3781156860670606e-11,-3.801180748449764e-15,1.6153745008296028e-12,1.6153745008296028e-12,6.663503657696348e-12,1.6153745008296028e-12,NaN,diag_feasible,0,0,0,0,0,0,34,1.4616624776151618e-14,1.12.6,lbt,1,1,Intel(R) Core(TM) 7 150U,NT,2abc7cc
degen-r20-m5-d0.01-p1,100,SBB-Dual,1e-7*n,1.0e-11,48,49,0.1113641,0.1099024,98.68745852568289,0.0001154,5.13e-5,0.0001125,0.0,0.0,0.0,0.0011824999999999963,0.4172996317629239,6.769389377672325e-12,-3.3918981469589042e-15,1.1295409052536343e-12,0.0,6.766689859830207e-12,1.1295409052536343e-12,100.0,diag_feasible,0,0,0,0,0,0,48,7.501526487047494e-14,1.12.6,lbt,1,1,Intel(R) Core(TM) 7 150U,NT,2abc7cc
degen-r20-m5-d0.01-p1,100,Newton-SIN-BH,1e-7*n,9.999999999999999e-6,4,5,0.0227745,0.0155689,68.36110562251642,0.0,9.1e-6,0.0,0.0068003,0.0,0.0,0.0003962000000000002,0.41729963176291995,0.0,-3.649100279438953e-15,1.8096635301390052e-14,1.8096635301390052e-14,7.501526487047494e-14,1.8096635301390052e-14,NaN,converged,26,26,0,0,0,0,4,7.501526487047494e-14,1.12.6,lbt,1,1,Intel(R) Core(TM) 7 150U,NT,2abc7cc
degen-r20-m5-d0.01-p1,100,Newton-SIN,1e-7*n,9.999999999999999e-6,6,28,0.0801011,0.07088130000000001,88.48979602027939,0.0,3.03e-5,0.0,0.0085515,0.0,0.0,0.0006379999999999858,0.4172996317629304,7.582165226197859e-13,-3.2746710140489637e-15,1.4210854715202004e-14,1.4210854715202004e-14,3.734411360461389e-14,1.4210854715202004e-14,NaN,converged,52,52,15,0,0,0,6,7.501526487047494e-14,1.12.6,lbt,1,1,Intel(R) Core(TM) 7 150U,NT,2abc7cc
degen-r20-m5-d0.01-p1,100,AGD-SDAJ-BH,1e-7*n,1.0e-11,11,78,0.2074656,0.2054676,99.03694877608625,0.0,9.78e-5,0.0,0.0,0.0,0.0,0.0019001999999999997,0.4172996317573839,9.130660448044033e-12,-3.3338651537904174e-15,3.225864020350855e-12,3.225864020350855e-12,5.0153999012207665e-12,3.225864020350855e-12,NaN,diag_feasible_at_xpre,0,0,15,15,0,0,11,7.501526487047494e-14,1.12.6,lbt,1,1,Intel(R) Core(TM) 7 150U,NT,2abc7cc
degen-r20-m5-d0.01-p1,100,AGD-SDAJ,1e-7*n,1.0e-11,9,77,0.2158704,0.2129066,98.62704659832937,0.0,0.0001581,0.0,0.0,0.0,0.0,0.0028056999999999887,0.4172996317572041,8.669573918741249e-12,-3.91001623203516e-15,1.0174083797664935e-12,1.0174083797664935e-12,4.386040132700093e-12,1.0174083797664935e-12,NaN,diag_feasible,0,0,22,7,15,0,9,7.501526487047494e-14,1.12.6,lbt,1,1,Intel(R) Core(TM) 7 150U,NT,2abc7cc
degen-r20-m5-d0.01-p1,100,Dykstra-APM,1e-7*n,9.999999999999999e-6,108,108,0.3397966,0.3067811,90.28374621759016,0.0,0.0,0.0,0.0,0.0180686,0.0,0.01494690000000003,0.41729963174854723,1.8140488875721176e-11,-3.764082757486553e-15,1.3493650641294153e-12,1.3493650641294153e-12,8.04175303558075e-12,1.3493650641294153e-12,NaN,diag_feasible,0,0,0,0,0,0,108,7.501526487047494e-14,1.12.6,lbt,1,1,Intel(R) Core(TM) 7 150U,NT,2abc7cc
degen-r20-m5-d0.01-p1,100,Anderson-APM,1e-7*n,9.999999999999999e-6,39,39,0.1228575,0.0847573,68.98829945261787,0.0,0.0,0.0,0.0,0.0,0.0338978,0.004202400000000002,0.4172996317690109,1.4128539889879375e-11,-3.5519653951305853e-15,3.3515412667384226e-12,3.3515412667384226e-12,7.2327658007720036e-12,3.3515412667384226e-12,NaN,diag_feasible,0,0,0,0,0,0,39,7.501526487047494e-14,1.12.6,lbt,1,1,Intel(R) Core(TM) 7 150U,NT,2abc7cc
degen-r20-m5-d0.01-p2,100,SBB-Dual,1e-7*n,1.0e-11,48,49,0.0921103,0.0909255,98.713716055642,8.9e-5,4.78e-5,3.93e-5,0.0,0.0,0.0,0.0010086999999999997,0.42153192860824007,6.2404977731116644e-12,-3.5205891814814386e-15,9.516831767086842e-13,0.0,6.693267994579586e-12,9.516831767086842e-13,100.0,diag_feasible,0,0,0,0,0,0,48,2.262132198735421e-14,1.12.6,lbt,1,1,Intel(R) Core(TM) 7 150U,NT,2abc7cc
degen-r20-m5-d0.01-p2,100,Newton-SIN-BH,1e-7*n,9.999999999999999e-6,4,5,0.0164032,0.0114015,69.50777896995709,0.0,8.1e-6,0.0,0.0046464,0.0,0.0,0.00034719999999999977,0.421531928608231,0.0,-3.186362338923517e-15,1.0658141036401503e-14,1.0658141036401503e-14,2.262132198735421e-14,1.0658141036401503e-14,NaN,converged,26,26,0,0,0,0,4,2.262132198735421e-14,1.12.6,lbt,1,1,Intel(R) Core(TM) 7 150U,NT,2abc7cc
degen-r20-m5-d0.01-p2,100,Newton-SIN,1e-7*n,9.999999999999999e-6,5,12,0.0313967,0.0252572,80.44539712772362,0.0,1.04e-5,0.0,0.0058312,0.0,0.0,0.0002978999999999994,0.42153192860824323,2.0514631179867227e-13,-3.5432418909844633e-15,3.9968028886505635e-15,3.9968028886505635e-15,1.0698541347628244e-14,3.9968028886505635e-15,NaN,converged,39,39,1,0,0,0,5,2.262132198735421e-14,1.12.6,lbt,1,1,Intel(R) Core(TM) 7 150U,NT,2abc7cc
degen-r20-m5-d0.01-p2,100,AGD-SDAJ-BH,1e-7*n,1.0e-11,10,75,0.1770524,0.1750256,98.85525415074859,0.0,8.32e-5,0.0,0.0,0.0,0.0,0.0019435999999999952,0.42153192859880656,1.3786845228104304e-11,-2.8234377322286815e-15,4.312106227644108e-12,4.312106227644108e-12,7.100095505969413e-12,4.312106227644108e-12,NaN,diag_feasible,0,0,14,14,0,0,10,2.262132198735421e-14,1.12.6,lbt,1,1,Intel(R) Core(TM) 7 150U,NT,2abc7cc
degen-r20-m5-d0.01-p2,100,AGD-SDAJ,1e-7*n,1.0e-11,11,100,0.2349281,0.2323167,98.88842586306193,0.0,0.0001116,0.0,0.0,0.0,0.0,0.002499800000000014,0.42153192860263927,7.656435277120412e-12,-3.837084647347596e-15,1.3993251002375473e-12,1.3993251002375473e-12,3.667221669891068e-12,1.3993251002375473e-12,NaN,diag_feasible,0,0,35,20,15,0,11,2.262132198735421e-14,1.12.6,lbt,1,1,Intel(R) Core(TM) 7 150U,NT,2abc7cc
degen-r20-m5-d0.01-p2,100,Dykstra-APM,1e-7*n,9.999999999999999e-6,107,107,0.3437881,0.3117828,90.69039911503627,0.0,0.0,0.0,0.0,0.0166181,0.0,0.015387199999999959,0.4215319285905782,2.2409238334278755e-11,-3.57777246824754e-15,1.4128698211379742e-12,1.4128698211379742e-12,9.939494373837341e-12,1.4128698211379742e-12,NaN,diag_feasible,0,0,0,0,0,0,107,2.262132198735421e-14,1.12.6,lbt,1,1,Intel(R) Core(TM) 7 150U,NT,2abc7cc
degen-r20-m5-d0.01-p2,100,Anderson-APM,1e-7*n,9.999999999999999e-6,31,31,0.094949,0.0653936,68.87234199412315,0.0,0.0,0.0,0.0,0.0,0.0260386,0.003516800000000011,0.42153192859699484,1.512925473228481e-11,-3.356944386537813e-15,1.3311574065255627e-12,1.3311574065255627e-12,7.094739175468466e-12,1.3311574065255627e-12,NaN,diag_feasible,0,0,0,0,0,0,31,2.262132198735421e-14,1.12.6,lbt,1,1,Intel(R) Core(TM) 7 150U,NT,2abc7cc
degen-r20-m5-d0.01-p3,100,SBB-Dual,1e-7*n,1.0e-11,48,49,0.1214481,0.11993720000000001,98.75592948757536,0.0001319,5.84e-5,0.0001174,0.0,0.0,0.0,0.0012031999999999959,0.42165428465614674,6.941348816826183e-12,-3.4000228479335543e-15,1.063815702195825e-12,0.0,6.55878144425757e-12,1.063815702195825e-12,100.0,diag_feasible,0,0,0,0,0,0,48,1.783800554131211e-14,1.12.6,lbt,1,1,Intel(R) Core(TM) 7 150U,NT,2abc7cc
degen-r20-m5-d0.01-p3,100,Newton-SIN-BH,1e-7*n,9.999999999999999e-6,4,5,0.0174698,0.0123184,70.51254164329299,0.0,9.2e-6,0.0,0.0045911,0.0,0.0,0.0005511000000000005,0.4216542846561501,0.0,-2.7655346487102e-15,6.661338147750939e-15,6.661338147750939e-15,1.783800554131211e-14,6.661338147750939e-15,NaN,converged,25,25,0,0,0,0,4,1.783800554131211e-14,1.12.6,lbt,1,1,Intel(R) Core(TM) 7 150U,NT,2abc7cc
degen-r20-m5-d0.01-p3,100,Newton-SIN,1e-7*n,9.999999999999999e-6,4,9,0.0319465,0.026406699999999998,82.6591332383829,0.0,1.23e-5,0.0,0.0051734,0.0,0.0,0.00035410000000000476,0.4216542846561501,0.0,-2.7655346487102e-15,6.661338147750939e-15,6.661338147750939e-15,1.783800554131211e-14,6.661338147750939e-15,NaN,converged,25,25,0,0,0,0,4,1.783800554131211e-14,1.12.6,lbt,1,1,Intel(R) Core(TM) 7 150U,NT,2abc7cc
degen-r20-m5-d0.01-p3,100,AGD-SDAJ-BH,1e-7*n,1.0e-11,10,73,0.2285738,0.22545880000000001,98.637201639033,0.0,0.0001584,0.0,0.0,0.0,0.0,0.002956599999999979,0.4216542846470014,1.344491551737856e-11,-2.9608858069089742e-15,4.852118706821784e-12,4.852118706821784e-12,7.02920403411725e-12,4.852118706821784e-12,NaN,diag_feasible,0,0,12,12,0,0,10,1.783800554131211e-14,1.12.6,lbt,1,1,Intel(R) Core(TM) 7 150U,NT,2abc7cc
degen-r20-m5-d0.01-p3,100,AGD-SDAJ,1e-7*n,1.0e-11,9,78,0.2143964,0.21157019999999999,98.68178756732856,0.0,0.0001285,0.0,0.0,0.0,0.0,0.002697700000000001,0.42165428464722715,1.316522588889431e-11,-3.3130493137980625e-15,2.9383162569729393e-12,2.9383162569729393e-12,6.648934263989517e-12,2.9383162569729393e-12,NaN,diag_feasible,0,0,23,9,14,0,9,1.783800554131211e-14,1.12.6,lbt,1,1,Intel(R) Core(TM) 7 150U,NT,2abc7cc
degen-r20-m5-d0.01-p3,100,Dykstra-APM,1e-7*n,9.999999999999999e-6,107,107,0.32202,0.2928342,90.9366498975219,0.0,0.0,0.0,0.0,0.0153069,0.0,0.013878899999999984,0.4216542846388397,2.2042077995544495e-11,-3.5286662204389195e-15,1.5865087021893487e-12,1.5865087021893487e-12,9.771850913492344e-12,1.5865087021893487e-12,NaN,diag_feasible,0,0,0,0,0,0,107,1.783800554131211e-14,1.12.6,lbt,1,1,Intel(R) Core(TM) 7 150U,NT,2abc7cc
degen-r20-m5-d0.01-p3,100,Anderson-APM,1e-7*n,9.999999999999999e-6,35,35,0.1741953,0.1256072,72.10711195996677,0.0,0.0,0.0,0.0,0.0,0.0430746,0.005513499999999998,0.4216542846550176,1.568975099561687e-11,-3.493328727297913e-15,6.361133841892297e-12,6.361133841892297e-12,8.535907686139752e-12,6.361133841892297e-12,NaN,diag_feasible,0,0,0,0,0,0,35,1.783800554131211e-14,1.12.6,lbt,1,1,Intel(R) Core(TM) 7 150U,NT,2abc7cc
degen-r20-m5-d0.01-p4,100,SBB-Dual,1e-7*n,1.0e-11,48,49,0.1299525,0.12816940000000002,98.62788326503917,0.0001395,6.8e-5,0.0001551,0.0,0.0,0.0,0.0014204999999999819,0.4220716628010783,7.318502736105019e-12,-3.487168470199482e-15,1.2028156248788946e-12,0.0,7.194575226354992e-12,1.2028156248788946e-12,100.0,diag_feasible,0,0,0,0,0,0,48,1.6161659608148648e-14,1.12.6,lbt,1,1,Intel(R) Core(TM) 7 150U,NT,2abc7cc
degen-r20-m5-d0.01-p4,100,Newton-SIN-BH,1e-7*n,9.999999999999999e-6,4,5,0.0174747,0.0114319,65.41972108247924,0.0,9.8e-6,0.0,0.0056357,0.0,0.0,0.00039729999999999887,0.4220716628010762,0.0,-3.311206831244583e-15,5.551115123125783e-15,5.551115123125783e-15,1.6161659608148648e-14,5.551115123125783e-15,NaN,converged,26,26,0,0,0,0,4,1.6161659608148648e-14,1.12.6,lbt,1,1,Intel(R) Core(TM) 7 150U,NT,2abc7cc
degen-r20-m5-d0.01-p4,100,Newton-SIN,1e-7*n,9.999999999999999e-6,8,24,0.0829526,0.0656676,79.16279899605317,0.0,3.21e-5,0.0,0.0164594,0.0,0.0,0.0007934999999999956,0.4220716628010792,1.276041966629848e-13,-3.850744212455217e-15,6.8833827526759706e-15,6.8833827526759706e-15,1.681832150746052e-14,6.8833827526759706e-15,NaN,converged,79,79,7,0,0,0,8,1.6161659608148648e-14,1.12.6,lbt,1,1,Intel(R) Core(TM) 7 150U,NT,2abc7cc
degen-r20-m5-d0.01-p4,100,AGD-SDAJ-BH,1e-7*n,1.0e-11,11,75,0.1951827,0.1928651,98.81259968224643,0.0,9.0e-5,0.0,0.0,0.0,0.0,0.0022275999999999754,0.4220716627895626,1.6484435640567883e-11,-3.82856164230214e-15,5.855760321082926e-12,5.855760321082926e-12,8.541220640233395e-12,5.855760321082926e-12,NaN,diag_feasible_at_xpre,0,0,12,12,0,0,11,1.6161659608148648e-14,1.12.6,lbt,1,1,Intel(R) Core(TM) 7 150U,NT,2abc7cc
degen-r20-m5-d0.01-p4,100,AGD-SDAJ,1e-7*n,1.0e-11,12,97,0.2423361,0.2397081,98.91555570961157,0.0,0.0001235,0.0,0.0,0.0,0.0,0.0025044999999999915,0.4220716627957062,7.310107133710926e-12,-4.5563837037173155e-15,9.908740494779522e-13,9.908740494779522e-13,3.4749789147900273e-12,9.908740494779522e-13,NaN,diag_feasible,0,0,24,15,9,0,12,1.6161659608148648e-14,1.12.6,lbt,1,1,Intel(R) Core(TM) 7 150U,NT,2abc7cc
degen-r20-m5-d0.01-p4,100,Dykstra-APM,1e-7*n,9.999999999999999e-6,108,108,0.3178314,0.2689161,84.60967041016086,0.0,0.0,0.0,0.0,0.0306897,0.0,0.018225599999999995,0.422071662786064,1.9193250448105273e-11,-2.997641961522144e-15,1.419087070075875e-12,1.419087070075875e-12,8.497389313841309e-12,1.419087070075875e-12,NaN,diag_feasible,0,0,0,0,0,0,108,1.6161659608148648e-14,1.12.6,lbt,1,1,Intel(R) Core(TM) 7 150U,NT,2abc7cc
degen-r20-m5-d0.01-p4,100,Anderson-APM,1e-7*n,9.999999999999999e-6,35,35,0.1205335,0.0828652,68.7486881240485,0.0,0.0,0.0,0.0,0.0,0.0333763,0.004292000000000004,0.42207166281661845,2.0674026538973286e-11,-3.919922621138669e-15,1.7709167465795872e-12,1.7709167465795872e-12,9.409970448255018e-12,1.7709167465795872e-12,NaN,diag_feasible,0,0,0,0,0,0,35,1.6161659608148648e-14,1.12.6,lbt,1,1,Intel(R) Core(TM) 7 150U,NT,2abc7cc
degen-r20-m5-d0.0001-p0,100,SBB-Dual,1e-7*n,1.0e-11,46,47,0.1095273,0.1081559,98.74789207804812,0.0001363,5.93e-5,0.0001014,0.0,0.0,0.0,0.0010743999999999949,0.42908421115227735,8.326792149814451e-12,-3.657028520396288e-15,1.3995471448424723e-12,0.0,8.398303447175218e-12,1.3995471448424723e-12,100.0,diag_feasible,0,0,0,0,0,0,46,3.019418840363576e-14,1.12.6,lbt,1,1,Intel(R) Core(TM) 7 150U,NT,2abc7cc
degen-r20-m5-d0.0001-p0,100,Newton-SIN-BH,1e-7*n,9.999999999999999e-6,4,5,0.0172161,0.0116573,67.71161877544857,0.0,9.3e-6,0.0,0.0051548,0.0,0.0,0.00039470000000000043,0.4290842111522886,0.0,-3.113595572661867e-15,1.0325074129013956e-14,1.0325074129013956e-14,3.019418840363576e-14,1.0325074129013956e-14,NaN,converged,24,24,0,0,0,0,4,3.019418840363576e-14,1.12.6,lbt,1,1,Intel(R) Core(TM) 7 150U,NT,2abc7cc
degen-r20-m5-d0.0001-p0,100,Newton-SIN,1e-7*n,9.999999999999999e-6,4,9,0.0266298,0.0215884,81.0685773081285,0.0,1.04e-5,0.0,0.0047548,0.0,0.0,0.00027619999999999815,0.4290842111522886,0.0,-3.113595572661867e-15,1.0325074129013956e-14,1.0325074129013956e-14,3.019418840363576e-14,1.0325074129013956e-14,NaN,converged,24,24,0,0,0,0,4,3.019418840363576e-14,1.12.6,lbt,1,1,Intel(R) Core(TM) 7 150U,NT,2abc7cc
degen-r20-m5-d0.0001-p0,100,AGD-SDAJ-BH,1e-7*n,1.0e-11,13,85,0.196837,0.1943143,98.71838119865674,0.0,0.0001116,0.0,0.0,0.0,0.0,0.0024111000000000167,0.42908421115826134,1.6810031727845433e-11,-3.2425028799779793e-15,3.1390445798251676e-12,3.1390445798251676e-12,9.583476514371342e-12,3.1390445798251676e-12,NaN,diag_feasible_at_xpre,0,0,8,8,0,0,13,3.019418840363576e-14,1.12.6,lbt,1,1,Intel(R) Core(TM) 7 150U,NT,2abc7cc
degen-r20-m5-d0.0001-p0,100,AGD-SDAJ,1e-7*n,1.0e-11,11,78,0.1932704,0.1908053,98.72453308939185,0.0,0.0001037,0.0,0.0,0.0,0.0,0.002361399999999998,0.42908421115983475,1.2425333402628182e-11,-3.0326037572533206e-15,3.4727776210274897e-12,3.4727776210274897e-12,6.797247689437798e-12,3.4727776210274897e-12,NaN,diag_feasible_at_xpre,0,0,15,8,7,0,11,3.019418840363576e-14,1.12.6,lbt,1,1,Intel(R) Core(TM) 7 150U,NT,2abc7cc
degen-r20-m5-d0.0001-p0,100,Dykstra-APM,1e-7*n,9.999999999999999e-6,104,104,0.3122416,0.2853171,91.3770298384328,0.0,0.0,0.0,0.0,0.0136688,0.0,0.013255700000000018,0.4290842111352123,2.232664408116555e-11,-3.3733047883798782e-15,1.6469048347289572e-12,1.6469048347289572e-12,9.871211952231685e-12,1.6469048347289572e-12,NaN,diag_feasible,0,0,0,0,0,0,104,3.019418840363576e-14,1.12.6,lbt,1,1,Intel(R) Core(TM) 7 150U,NT,2abc7cc
degen-r20-m5-d0.0001-p0,100,Anderson-APM,1e-7*n,9.999999999999999e-6,39,39,0.1491485,0.1024706,68.70374157299604,0.0,0.0,0.0,0.0,0.0,0.0412821,0.005395799999999992,0.42908421116060286,1.2905656270981561e-11,-3.48832802927211e-15,1.6050494267005888e-12,1.6050494267005888e-12,6.253817685435952e-12,1.6050494267005888e-12,NaN,diag_feasible,0,0,0,0,0,0,39,3.019418840363576e-14,1.12.6,lbt,1,1,Intel(R) Core(TM) 7 150U,NT,2abc7cc
degen-r20-m5-d0.0001-p1,100,SBB-Dual,1e-7*n,1.0e-11,46,47,0.1123206,0.1108098,98.65492171516178,0.0001254,6.12e-5,0.0001168,0.0,0.0,0.0,0.0012074000000000067,0.42387095888691306,8.19325034231654e-12,-3.5261240024865896e-15,1.362243651215067e-12,0.0,8.231495532403328e-12,1.362243651215067e-12,100.0,diag_feasible,0,0,0,0,0,0,46,1.7701356353232222e-14,1.12.6,lbt,1,1,Intel(R) Core(TM) 7 150U,NT,2abc7cc
degen-r20-m5-d0.0001-p1,100,Newton-SIN-BH,1e-7*n,9.999999999999999e-6,4,5,0.0183995,0.0131939,71.7079268458382,0.0,1.06e-5,0.0,0.0048075,0.0,0.0,0.00038749999999999896,0.4238709588869073,6.0196445548959e-13,-3.1282202473026492e-15,3.4638958368304884e-14,3.4638958368304884e-14,1.3323120377310489e-13,3.4638958368304884e-14,NaN,converged,23,23,0,0,0,0,4,1.7701356353232222e-14,1.12.6,lbt,1,1,Intel(R) Core(TM) 7 150U,NT,2abc7cc
degen-r20-m5-d0.0001-p1,100,Newton-SIN,1e-7*n,9.999999999999999e-6,9,31,0.0915282,0.0749821,81.92240205750795,0.0,3.37e-5,0.0,0.0156844,0.0,0.0,0.0008280000000000058,0.42387095888691306,3.505318148030057e-13,-3.012778385335509e-15,9.769962616701378e-15,9.769962616701378e-15,3.9044351363391366e-14,9.769962616701378e-15,NaN,converged,83,83,12,0,0,0,9,1.7701356353232222e-14,1.12.6,lbt,1,1,Intel(R) Core(TM) 7 150U,NT,2abc7cc
degen-r20-m5-d0.0001-p1,100,AGD-SDAJ-BH,1e-7*n,1.0e-11,9,72,0.180599,0.17860169999999997,98.89406918089244,0.0,9.22e-5,0.0,0.0,0.0,0.0,0.0019051000000000352,0.4238709588944922,1.1294950594876636e-11,-3.0098042340273465e-15,2.8352875602877248e-12,2.8352875602877248e-12,5.70300576757084e-12,2.8352875602877248e-12,NaN,diag_feasible,0,0,17,17,0,0,9,1.7701356353232222e-14,1.12.6,lbt,1,1,Intel(R) Core(TM) 7 150U,NT,2abc7cc
degen-r20-m5-d0.0001-p1,100,AGD-SDAJ,1e-7*n,1.0e-11,10,96,0.2399943,0.23701830000000002,98.75997054930055,0.0,0.000188,0.0,0.0,0.0,0.0,0.002787999999999979,0.42387095889359666,9.800838885039727e-12,-3.4183682543389345e-15,1.3937739851144215e-12,1.3937739851144215e-12,4.816327477934691e-12,1.3937739851144215e-12,NaN,diag_feasible,0,0,35,17,18,0,10,1.7701356353232222e-14,1.12.6,lbt,1,1,Intel(R) Core(TM) 7 150U,NT,2abc7cc
degen-r20-m5-d0.0001-p1,100,Dykstra-APM,1e-7*n,9.999999999999999e-6,104,104,0.3062912,0.2794687,91.24281076309082,0.0,0.0,0.0,0.0,0.0129979,0.0,0.013824599999999972,0.4238709588699975,2.1830210833264037e-11,-3.022667753718213e-15,1.603384092163651e-12,1.603384092163651e-12,9.67668433270148e-12,1.603384092163651e-12,NaN,diag_feasible,0,0,0,0,0,0,104,1.7701356353232222e-14,1.12.6,lbt,1,1,Intel(R) Core(TM) 7 150U,NT,2abc7cc
degen-r20-m5-d0.0001-p1,100,Anderson-APM,1e-7*n,9.999999999999999e-6,31,31,0.1039418,0.0723398,69.59644724259152,0.0,0.0,0.0,0.0,0.0,0.0277252,0.0038768000000000066,0.4238709588893262,1.4918437387974362e-11,-3.1292833121263963e-15,1.8964829706646924e-12,1.8964829706646924e-12,8.80070956884622e-12,1.8964829706646924e-12,NaN,diag_feasible,0,0,0,0,0,0,31,1.7701356353232222e-14,1.12.6,lbt,1,1,Intel(R) Core(TM) 7 150U,NT,2abc7cc
degen-r20-m5-d0.0001-p2,100,SBB-Dual,1e-7*n,1.0e-11,46,47,0.1183009,0.1163743,98.37144096114231,0.0001409,7.08e-5,0.0001174,0.0,0.0,0.0,0.0015975000000000006,0.4291127770732575,6.986215069318305e-12,-2.9713100950821636e-15,1.0682565942943256e-12,0.0,7.499669127328145e-12,1.0682565942943256e-12,100.0,diag_feasible,0,0,0,0,0,0,46,1.4273599921707572e-14,1.12.6,lbt,1,1,Intel(R) Core(TM) 7 150U,NT,2abc7cc
degen-r20-m5-d0.0001-p2,100,Newton-SIN-BH,1e-7*n,9.999999999999999e-6,4,5,0.0172769,0.0120353,69.66122394642557,0.0,9.1e-6,0.0,0.0048253,0.0,0.0,0.0004072000000000008,0.4291127770732609,0.0,-3.565429794858145e-15,3.9968028886505635e-15,3.9968028886505635e-15,1.4273599921707572e-14,3.9968028886505635e-15,NaN,converged,23,23,0,0,0,0,4,1.4273599921707572e-14,1.12.6,lbt,1,1,Intel(R) Core(TM) 7 150U,NT,2abc7cc
degen-r20-m5-d0.0001-p2,100,Newton-SIN,1e-7*n,9.999999999999999e-6,12,81,0.2105797,0.18754759999999998,89.06252596997714,0.0,0.0001015,0.0,0.0207545,0.0,0.0,0.002176100000000028,0.42911277707326473,2.0165191151241276e-13,-3.585189686070403e-15,1.9761969838327786e-14,1.9761969838327786e-14,3.335458093640009e-14,1.9761969838327786e-14,NaN,converged,111,111,56,0,0,0,12,1.4273599921707572e-14,1.12.6,lbt,1,1,Intel(R) Core(TM) 7 150U,NT,2abc7cc
degen-r20-m5-d0.0001-p2,100,AGD-SDAJ-BH,1e-7*n,1.0e-11,12,85,0.1970218,0.1946131,98.77744493248971,0.0,0.0001066,0.0,0.0,0.0,0.0,0.0023020999999999858,0.4291127770782483,8.82523901640781e-12,-3.2306366582734673e-15,3.1865621252791243e-12,3.1865621252791243e-12,4.967223505067447e-12,3.1865621252791243e-12,NaN,diag_feasible_at_xpre,0,0,16,16,0,0,12,1.4273599921707572e-14,1.12.6,lbt,1,1,Intel(R) Core(TM) 7 150U,NT,2abc7cc
degen-r20-m5-d0.0001-p2,100,AGD-SDAJ,1e-7*n,1.0e-11,14,177,0.4743426,0.46959819999999997,98.99979466318226,0.0,0.0002287,0.0,0.0,0.0,0.0,0.004515700000000037,0.42911277707856493,8.107822281804783e-12,-3.4057114328485e-15,1.6585621764875214e-12,1.6585621764875214e-12,4.138694169758243e-12,1.6585621764875214e-12,NaN,diag_feasible_at_xpre,0,0,102,17,85,0,14,1.4273599921707572e-14,1.12.6,lbt,1,1,Intel(R) Core(TM) 7 150U,NT,2abc7cc
degen-r20-m5-d0.0001-p2,100,Dykstra-APM,1e-7*n,9.999999999999999e-6,104,104,0.3138944,0.2853147,90.89512269094318,0.0,0.0,0.0,0.0,0.0137855,0.0,0.014794200000000042,0.4291127770577266,2.020387742457257e-11,-3.4046232214529066e-15,1.2725376308253544e-12,1.2725376308253544e-12,8.955613683366157e-12,1.2725376308253544e-12,NaN,diag_feasible,0,0,0,0,0,0,104,1.4273599921707572e-14,1.12.6,lbt,1,1,Intel(R) Core(TM) 7 150U,NT,2abc7cc
degen-r20-m5-d0.0001-p2,100,Anderson-APM,1e-7*n,9.999999999999999e-6,35,35,0.1344573,0.094871,70.5584598233045,0.0,0.0,0.0,0.0,0.0,0.0351147,0.004471600000000006,0.4291127770799197,1.1508567536996958e-11,-2.9549135345828696e-15,1.513789094076401e-12,1.513789094076401e-12,5.909099212426084e-12,1.513789094076401e-12,NaN,diag_feasible,0,0,0,0,0,0,35,1.4273599921707572e-14,1.12.6,lbt,1,1,Intel(R) Core(TM) 7 150U,NT,2abc7cc
degen-r20-m5-d0.0001-p3,100,SBB-Dual,1e-7*n,1.0e-11,46,47,0.1081554,0.1064218,98.39712117934009,0.000121,5.58e-5,0.0001063,0.0,0.0,0.0,0.001450500000000002,0.42918999753822307,7.758349575327947e-12,-3.651106310228815e-15,1.190825216212943e-12,0.0,7.335121709023396e-12,1.190825216212943e-12,100.0,diag_feasible,0,0,0,0,0,0,46,2.3534371398587618e-14,1.12.6,lbt,1,1,Intel(R) Core(TM) 7 150U,NT,2abc7cc
degen-r20-m5-d0.0001-p3,100,Newton-SIN-BH,1e-7*n,9.999999999999999e-6,4,5,0.01689,0.011975399999999999,70.90230905861456,0.0,9.3e-6,0.0,0.0045319,0.0,0.0,0.0003733999999999994,0.429189997538224,0.0,-3.815221376908383e-15,8.659739592076221e-15,8.659739592076221e-15,2.3534371398587618e-14,8.659739592076221e-15,NaN,converged,25,25,0,0,0,0,4,2.3534371398587618e-14,1.12.6,lbt,1,1,Intel(R) Core(TM) 7 150U,NT,2abc7cc
degen-r20-m5-d0.0001-p3,100,Newton-SIN,1e-7*n,9.999999999999999e-6,4,9,0.0241485,0.0195958,81.14706917613931,0.0,8.0e-6,0.0,0.0043042,0.0,0.0,0.0002404999999999994,0.429189997538224,0.0,-3.815221376908383e-15,8.659739592076221e-15,8.659739592076221e-15,2.3534371398587618e-14,8.659739592076221e-15,NaN,converged,25,25,0,0,0,0,4,2.3534371398587618e-14,1.12.6,lbt,1,1,Intel(R) Core(TM) 7 150U,NT,2abc7cc
degen-r20-m5-d0.0001-p3,100,AGD-SDAJ-BH,1e-7*n,1.0e-11,11,74,0.2022376,0.1962159,97.02246268745279,0.0,0.0001478,0.0,0.0,0.0,0.0,0.005873899999999991,0.429189997544548,9.9397157505933e-12,-3.253585868990226e-15,4.121480934315969e-12,4.121480934315969e-12,5.4042839848092085e-12,4.121480934315969e-12,NaN,diag_feasible_at_xpre,0,0,11,11,0,0,11,2.3534371398587618e-14,1.12.6,lbt,1,1,Intel(R) Core(TM) 7 150U,NT,2abc7cc
degen-r20-m5-d0.0001-p3,100,AGD-SDAJ,1e-7*n,1.0e-11,10,83,0.1975532,0.195177,98.79718475833343,0.0,9.74e-5,0.0,0.0,0.0,0.0,0.0022788000000000226,0.4291899975464153,1.1710716816751092e-11,-3.564823866437546e-15,3.606337450889896e-12,3.606337450889896e-12,5.860847749287257e-12,3.606337450889896e-12,NaN,diag_feasible,0,0,22,10,12,0,10,2.3534371398587618e-14,1.12.6,lbt,1,1,Intel(R) Core(TM) 7 150U,NT,2abc7cc
degen-r20-m5-d0.0001-p3,100,Dykstra-APM,1e-7*n,9.999999999999999e-6,104,104,0.207195,0.1907993,92.08682641955646,0.0,0.0,0.0,0.0,0.0092605,0.0,0.007135199999999986,0.4291899975230563,1.9796856839502818e-11,-3.5287380202890266e-15,1.4221956945448255e-12,1.4221956945448255e-12,8.775798263993353e-12,1.4221956945448255e-12,NaN,diag_feasible,0,0,0,0,0,0,104,2.3534371398587618e-14,1.12.6,lbt,1,1,Intel(R) Core(TM) 7 150U,NT,2abc7cc
degen-r20-m5-d0.0001-p3,100,Anderson-APM,1e-7*n,9.999999999999999e-6,33,33,0.12112,0.082835,68.39085204755614,0.0,0.0,0.0,0.0,0.0,0.0336089,0.0046761000000000025,0.42918999754236115,1.59083808911713e-11,-3.790209449696016e-15,2.858380199199928e-12,2.858380199199928e-12,9.028189779172326e-12,2.858380199199928e-12,NaN,diag_feasible,0,0,0,0,0,0,33,2.3534371398587618e-14,1.12.6,lbt,1,1,Intel(R) Core(TM) 7 150U,NT,2abc7cc
degen-r20-m5-d0.0001-p4,100,SBB-Dual,1e-7*n,1.0e-11,46,47,0.1071536,0.1057833,98.72118155619596,0.0001165,5.31e-5,0.0001172,0.0,0.0,0.0,0.0010835000000000048,0.42973637909717416,7.92803771112311e-12,-3.354255066707732e-15,1.3031797863050087e-12,0.0,7.794893803502999e-12,1.3031797863050087e-12,100.0,diag_feasible,0,0,0,0,0,0,46,2.3371183563433114e-14,1.12.6,lbt,1,1,Intel(R) Core(TM) 7 150U,NT,2abc7cc
degen-r20-m5-d0.0001-p4,100,Newton-SIN-BH,1e-7*n,9.999999999999999e-6,4,5,0.0176063,0.0125466,71.26199144624367,0.0,9.2e-6,0.0,0.0046552,0.0,0.0,0.0003952999999999986,0.42973637909718193,0.0,-3.3299467322570263e-15,6.661338147750939e-15,6.661338147750939e-15,2.3371183563433114e-14,6.661338147750939e-15,NaN,converged,26,26,0,0,0,0,4,2.3371183563433114e-14,1.12.6,lbt,1,1,Intel(R) Core(TM) 7 150U,NT,2abc7cc
degen-r20-m5-d0.0001-p4,100,Newton-SIN,1e-7*n,9.999999999999999e-6,4,9,0.0300498,0.0242452,80.683398891174,0.0,1.22e-5,0.0,0.0054507,0.0,0.0,0.00034169999999999947,0.42973637909718193,0.0,-3.3299467322570263e-15,6.661338147750939e-15,6.661338147750939e-15,2.3371183563433114e-14,6.661338147750939e-15,NaN,converged,26,26,0,0,0,0,4,2.3371183563433114e-14,1.12.6,lbt,1,1,Intel(R) Core(TM) 7 150U,NT,2abc7cc
degen-r20-m5-d0.0001-p4,100,AGD-SDAJ-BH,1e-7*n,1.0e-11,10,77,0.1778017,0.1757187,98.82847014398625,0.0,0.0001007,0.0,0.0,0.0,0.0,0.0019823000000000015,0.4297363791067516,1.570142368708941e-11,-3.2470561603421083e-15,5.808020731024044e-12,5.808020731024044e-12,8.619481191507078e-12,5.808020731024044e-12,NaN,diag_feasible,0,0,18,18,0,0,10,2.3371183563433114e-14,1.12.6,lbt,1,1,Intel(R) Core(TM) 7 150U,NT,2abc7cc
degen-r20-m5-d0.0001-p4,100,AGD-SDAJ,1e-7*n,1.0e-11,12,113,0.2847967,0.28103870000000003,98.68046223850207,0.0,0.0006278,0.0,0.0,0.0,0.0,0.0031301999999999836,0.4297363791077719,1.5625076526086472e-11,-3.4453406063067067e-15,5.6806781500995385e-12,5.6806781500995385e-12,8.156994442447884e-12,5.6806781500995385e-12,NaN,diag_feasible,0,0,40,29,11,0,12,2.3371183563433114e-14,1.12.6,lbt,1,1,Intel(R) Core(TM) 7 150U,NT,2abc7cc
degen-r20-m5-d0.0001-p4,100,Dykstra-APM,1e-7*n,9.999999999999999e-6,104,104,0.2620941,0.2394697,91.36783315610691,0.0,0.0,0.0,0.0,0.012126,0.0,0.01049839999999999,0.42973637908125006,2.0876056424065148e-11,-3.754333607978753e-15,1.5420997812043424e-12,1.5420997812043424e-12,9.237455556766392e-12,1.5420997812043424e-12,NaN,diag_feasible,0,0,0,0,0,0,104,2.3371183563433114e-14,1.12.6,lbt,1,1,Intel(R) Core(TM) 7 150U,NT,2abc7cc
degen-r20-m5-d0.0001-p4,100,Anderson-APM,1e-7*n,9.999999999999999e-6,31,31,0.1156963,0.0790058,68.28723131163225,0.0,0.0,0.0,0.0,0.0,0.032664,0.004026500000000002,0.42973637909961904,1.4587754067352975e-11,-3.538944713771913e-15,2.8068658508573208e-12,2.8068658508573208e-12,8.601504360362796e-12,2.8068658508573208e-12,NaN,diag_feasible,0,0,0,0,0,0,31,2.3371183563433114e-14,1.12.6,lbt,1,1,Intel(R) Core(TM) 7 150U,NT,2abc7cc
degen-r20-m5-d1e-06-p0,100,SBB-Dual,1e-7*n,1.0e-11,44,45,0.1273565,0.1253369,98.41421521477112,0.0001749,7.82e-5,0.0001191,0.0,0.0,0.0,0.0016474000000000102,0.429164693615609,9.292800727309394e-12,-3.254797498394416e-15,1.5631940186722204e-12,0.0,9.365571151227318e-12,1.5631940186722204e-12,100.0,diag_feasible,0,0,0,0,0,0,44,5.811134696405247e-14,1.12.6,lbt,1,1,Intel(R) Core(TM) 7 150U,NT,2abc7cc
degen-r20-m5-d1e-06-p0,100,Newton-SIN-BH,1e-7*n,9.999999999999999e-6,4,5,0.0163424,0.0116652,71.37996867045231,0.0,9.0e-6,0.0,0.0041904,0.0,0.0,0.0004777999999999987,0.4291646936156021,0.0,-3.4087076071903896e-15,2.731148640577885e-14,2.731148640577885e-14,5.811134696405247e-14,2.731148640577885e-14,NaN,converged,22,22,0,0,0,0,4,5.811134696405247e-14,1.12.6,lbt,1,1,Intel(R) Core(TM) 7 150U,NT,2abc7cc
degen-r20-m5-d1e-06-p0,100,Newton-SIN,1e-7*n,9.999999999999999e-6,4,9,0.0235618,0.019379999999999998,82.25178042424601,0.0,8.7e-6,0.0,0.0039343,0.0,0.0,0.00023880000000000255,0.4291646936156021,0.0,-3.4087076071903896e-15,2.731148640577885e-14,2.731148640577885e-14,5.811134696405247e-14,2.731148640577885e-14,NaN,converged,22,22,0,0,0,0,4,5.811134696405247e-14,1.12.6,lbt,1,1,Intel(R) Core(TM) 7 150U,NT,2abc7cc
degen-r20-m5-d1e-06-p0,100,AGD-SDAJ-BH,1e-7*n,1.0e-11,13,99,0.2596038,0.25605300000000003,98.63222341121356,0.0,0.0001818,0.0,0.0,0.0,0.0,0.003368999999999965,0.4291646936235237,1.377594961636437e-11,-3.060355989945857e-15,6.1483040880716544e-12,6.1483040880716544e-12,7.89031850260607e-12,6.1483040880716544e-12,NaN,diag_feasible_at_xpre,0,0,24,24,0,0,13,5.811134696405247e-14,1.12.6,lbt,1,1,Intel(R) Core(TM) 7 150U,NT,2abc7cc
degen-r20-m5-d1e-06-p0,100,AGD-SDAJ,1e-7*n,1.0e-11,11,96,0.2435713,0.2405673,98.76668556599239,0.0,0.0001369,0.0,0.0,0.0,0.0,0.0028670999999999788,0.4291646936196121,5.950960725542475e-12,-3.1085815223124695e-15,1.3575807145116414e-12,1.3575807145116414e-12,2.955384398952404e-12,1.3575807145116414e-12,NaN,diag_feasible,0,0,29,18,11,0,11,5.811134696405247e-14,1.12.6,lbt,1,1,Intel(R) Core(TM) 7 150U,NT,2abc7cc
degen-r20-m5-d1e-06-p0,100,Dykstra-APM,1e-7*n,9.999999999999999e-6,101,101,0.2846488,0.260046,91.35678773281322,0.0,0.0,0.0,0.0,0.0122364,0.0,0.01236639999999998,0.42916469360023857,2.0088849338366815e-11,-3.0326114472196798e-15,1.4850343177386094e-12,1.4850343177386094e-12,8.89310548083886e-12,1.4850343177386094e-12,NaN,diag_feasible,0,0,0,0,0,0,101,5.811134696405247e-14,1.12.6,lbt,1,1,Intel(R) Core(TM) 7 150U,NT,2abc7cc
degen-r20-m5-d1e-06-p0,100,Anderson-APM,1e-7*n,9.999999999999999e-6,40,40,0.1605783,0.11009,68.55845403768753,0.0,0.0,0.0,0.0,0.0,0.045324,0.0051643000000000105,0.4291646936241688,1.4521334692753557e-11,-3.76753795250796e-15,1.882605182856878e-12,1.882605182856878e-12,7.290630683658595e-12,1.882605182856878e-12,NaN,diag_feasible,0,0,0,0,0,0,40,5.811134696405247e-14,1.12.6,lbt,1,1,Intel(R) Core(TM) 7 150U,NT,2abc7cc
degen-r20-m5-d1e-06-p1,100,SBB-Dual,1e-7*n,1.0e-11,45,46,0.0786237,0.07762110000000001,98.72481198417273,6.74e-5,4.27e-5,4.71e-5,0.0,0.0,0.0,0.0008453999999999924,0.4239407844067261,6.131217081664791e-12,-3.2881616185958263e-15,1.0160761121369433e-12,0.0,6.160862804788568e-12,1.0160761121369433e-12,100.0,diag_feasible,0,0,0,0,0,0,45,5.648340789863307e-14,1.12.6,lbt,1,1,Intel(R) Core(TM) 7 150U,NT,2abc7cc
degen-r20-m5-d1e-06-p1,100,Newton-SIN-BH,1e-7*n,9.999999999999999e-6,4,5,0.0209983,0.0161234,76.78431111089944,0.0,1.11e-5,0.0,0.0043442,0.0,0.0,0.0005196000000000011,0.4239407844067199,5.503617877341489e-13,-3.5532190404109294e-15,5.4289905904170155e-14,5.4289905904170155e-14,1.4794137349814458e-13,5.4289905904170155e-14,NaN,converged,21,21,0,0,0,0,4,5.648340789863307e-14,1.12.6,lbt,1,1,Intel(R) Core(TM) 7 150U,NT,2abc7cc
degen-r20-m5-d1e-06-p1,100,Newton-SIN,1e-7*n,9.999999999999999e-6,5,12,0.0376621,0.030760199999999998,81.67414987480782,0.0,1.83e-5,0.0,0.00634,0.0,0.0,0.0005435999999999991,0.4239407844067342,3.6454500935355706e-13,-3.5216067164658012e-15,1.7985612998927536e-14,1.7985612998927536e-14,3.885637840605833e-14,1.7985612998927536e-14,NaN,converged,30,30,1,0,0,0,5,5.648340789863307e-14,1.12.6,lbt,1,1,Intel(R) Core(TM) 7 150U,NT,2abc7cc
degen-r20-m5-d1e-06-p1,100,AGD-SDAJ-BH,1e-7*n,1.0e-11,10,78,0.2130057,0.2106261,98.88284679705754,0.0,0.0001156,0.0,0.0,0.0,0.0,0.0022639999999999817,0.42394078441134314,6.584068897672091e-12,-4.140307016132469e-15,1.3884449145962208e-12,1.3884449145962208e-12,3.234712043471076e-12,1.3884449145962208e-12,NaN,diag_feasible,0,0,17,17,0,0,10,5.648340789863307e-14,1.12.6,lbt,1,1,Intel(R) Core(TM) 7 150U,NT,2abc7cc
degen-r20-m5-d1e-06-p1,100,AGD-SDAJ,1e-7*n,1.0e-11,10,79,0.2329594,0.2301889,98.81073697820305,0.0,0.0001984,0.0,0.0,0.0,0.0,0.002572100000000009,0.42394078441478605,1.2915187136074283e-11,-3.485448512449941e-15,3.778533042009258e-12,3.778533042009258e-12,6.9055729150161494e-12,3.778533042009258e-12,NaN,diag_feasible,0,0,18,16,2,0,10,5.648340789863307e-14,1.12.6,lbt,1,1,Intel(R) Core(TM) 7 150U,NT,2abc7cc
degen-r20-m5-d1e-06-p1,100,Dykstra-APM,1e-7*n,9.999999999999999e-6,101,101,0.2860994,0.2622008,91.6467493465558,0.0,0.0,0.0,0.0,0.0121558,0.0,0.011742799999999992,0.4239407843901149,2.1451227087192154e-11,-3.4803660203545982e-15,1.5898393712632242e-12,1.5898393712632242e-12,9.505514937980848e-12,1.5898393712632242e-12,NaN,diag_feasible,0,0,0,0,0,0,101,5.648340789863307e-14,1.12.6,lbt,1,1,Intel(R) Core(TM) 7 150U,NT,2abc7cc
degen-r20-m5-d1e-06-p1,100,Anderson-APM,1e-7*n,9.999999999999999e-6,31,31,0.1087679,0.0733379,67.42605125225364,0.0,0.0,0.0,0.0,0.0,0.0285711,0.006858900000000005,0.42394078441142324,1.481365728291629e-11,-4.030279962302882e-15,1.976308006135241e-12,1.976308006135241e-12,8.519568139232636e-12,1.976308006135241e-12,NaN,diag_feasible,0,0,0,0,0,0,31,5.648340789863307e-14,1.12.6,lbt,1,1,Intel(R) Core(TM) 7 150U,NT,2abc7cc
degen-r20-m5-d1e-06-p2,100,SBB-Dual,1e-7*n,1.0e-11,44,45,0.143253,0.140436,98.0335490356223,0.0002185,0.0003303,0.0001146,0.0,0.0,0.0,0.0021535999999999864,0.4291930897806313,7.899528549469715e-12,-3.4409600272146037e-15,1.2023715356690445e-12,0.0,8.46995906628995e-12,1.2023715356690445e-12,100.0,diag_feasible,0,0,0,0,0,0,44,2.544446128541953e-14,1.12.6,lbt,1,1,Intel(R) Core(TM) 7 150U,NT,2abc7cc
degen-r20-m5-d1e-06-p2,100,Newton-SIN-BH,1e-7*n,9.999999999999999e-6,4,5,0.0188616,0.0142469,75.53388895957926,0.0,9.9e-6,0.0,0.0041781,0.0,0.0,0.0004266999999999995,0.429193089780618,2.5499930668575407e-13,-3.523402982875246e-15,3.219646771412954e-14,3.219646771412954e-14,1.0890857807272069e-13,3.219646771412954e-14,NaN,converged,21,21,0,0,0,0,4,2.544446128541953e-14,1.12.6,lbt,1,1,Intel(R) Core(TM) 7 150U,NT,2abc7cc
degen-r20-m5-d1e-06-p2,100,Newton-SIN,1e-7*n,9.999999999999999e-6,5,12,0.0393486,0.0321775,81.77546342182441,0.0,1.45e-5,0.0,0.0067312,0.0,0.0,0.00042540000000000026,0.429193089780639,2.426461190085139e-13,-2.8287304812282955e-15,6.8833827526759706e-15,6.8833827526759706e-15,1.7784372892712562e-14,6.8833827526759706e-15,NaN,converged,30,30,1,0,0,0,5,2.544446128541953e-14,1.12.6,lbt,1,1,Intel(R) Core(TM) 7 150U,NT,2abc7cc
degen-r20-m5-d1e-06-p2,100,AGD-SDAJ-BH,1e-7*n,1.0e-11,11,86,0.1992612,0.1970322,98.8813677725518,0.0,0.0001114,0.0,0.0,0.0,0.0,0.0021176000000000085,0.42919308978622184,9.151928654517205e-12,-3.4730500562621363e-15,2.58837395961109e-12,2.58837395961109e-12,4.944753566562945e-12,2.58837395961109e-12,NaN,diag_feasible_at_xpre,0,0,23,23,0,0,11,2.544446128541953e-14,1.12.6,lbt,1,1,Intel(R) Core(TM) 7 150U,NT,2abc7cc
degen-r20-m5-d1e-06-p2,100,AGD-SDAJ,1e-7*n,1.0e-11,12,106,0.3581805,0.34839960000000003,97.26928182857527,0.0,0.0002729,0.0,0.0,0.0,0.0,0.009507999999999982,0.42919308978892445,1.208994777893437e-11,-3.762241486919315e-15,2.7124968937641825e-12,2.7124968937641825e-12,5.999622104286052e-12,2.7124968937641825e-12,NaN,diag_feasible,0,0,35,20,15,0,12,2.544446128541953e-14,1.12.6,lbt,1,1,Intel(R) Core(TM) 7 150U,NT,2abc7cc
degen-r20-m5-d1e-06-p2,100,Dykstra-APM,1e-7*n,9.999999999999999e-6,101,101,0.3180446,0.2923916,91.93415011605289,0.0,0.0,0.0,0.0,0.0123923,0.0,0.013260700000000037,0.4291930897664843,1.8413824032360616e-11,-3.1668397274587225e-15,1.1584067038938883e-12,1.1584067038938883e-12,8.159270026592748e-12,1.1584067038938883e-12,NaN,diag_feasible,0,0,0,0,0,0,101,2.544446128541953e-14,1.12.6,lbt,1,1,Intel(R) Core(TM) 7 150U,NT,2abc7cc
degen-r20-m5-d1e-06-p2,100,Anderson-APM,1e-7*n,9.999999999999999e-6,36,36,0.1532021,0.1053007,68.73319621597877,0.0,0.0,0.0,0.0,0.0,0.0417129,0.0061885000000000134,0.4291930897889562,1.473127100870592e-11,-3.618278707880039e-15,1.8605117446668373e-12,1.8605117446668373e-12,7.499827318971696e-12,1.8605117446668373e-12,NaN,diag_feasible,0,0,0,0,0,0,36,2.544446128541953e-14,1.12.6,lbt,1,1,Intel(R) Core(TM) 7 150U,NT,2abc7cc
degen-r20-m5-d1e-06-p3,100,SBB-Dual,1e-7*n,1.0e-11,44,45,0.1173895,0.115425,98.32651131489615,0.00016,8.35e-5,0.0001182,0.0,0.0,0.0,0.001602799999999994,0.42926981443506085,8.764052207944324e-12,-3.5739372802903075e-15,1.3449241720309146e-12,0.0,8.287798186052811e-12,1.3449241720309146e-12,100.0,diag_feasible,0,0,0,0,0,0,44,2.9753562794747665e-14,1.12.6,lbt,1,1,Intel(R) Core(TM) 7 150U,NT,2abc7cc
degen-r20-m5-d1e-06-p3,100,Newton-SIN-BH,1e-7*n,9.999999999999999e-6,4,5,0.0160553,0.011822999999999998,73.6392343961184,0.0,8.9e-6,0.0,0.0038474,0.0,0.0,0.00037600000000000307,0.429269814435059,4.072008323950783e-13,-3.0317801264751183e-15,5.706546346573305e-14,5.706546346573305e-14,2.0096008934073484e-13,5.706546346573305e-14,NaN,converged,21,21,0,0,0,0,4,2.9753562794747665e-14,1.12.6,lbt,1,1,Intel(R) Core(TM) 7 150U,NT,2abc7cc
degen-r20-m5-d1e-06-p3,100,Newton-SIN,1e-7*n,9.999999999999999e-6,4,9,0.0355809,0.0299695,84.22917913824553,0.0,1.38e-5,0.0,0.0051972,0.0,0.0,0.00040039999999999954,0.429269814435059,4.072008323950783e-13,-3.0317801264751183e-15,5.706546346573305e-14,5.706546346573305e-14,2.0096008934073484e-13,5.706546346573305e-14,NaN,converged,21,21,0,0,0,0,4,2.9753562794747665e-14,1.12.6,lbt,1,1,Intel(R) Core(TM) 7 150U,NT,2abc7cc
degen-r20-m5-d1e-06-p3,100,AGD-SDAJ-BH,1e-7*n,1.0e-11,10,79,0.2573566,0.2541134,98.73980305925708,0.0,0.0001797,0.0,0.0,0.0,0.0,0.0030635000000000016,0.4292698144400796,7.362214184938186e-12,-3.2796800371724212e-15,2.4199531267754537e-12,2.4199531267754537e-12,3.7595778779421615e-12,2.4199531267754537e-12,NaN,diag_feasible,0,0,18,18,0,0,10,2.9753562794747665e-14,1.12.6,lbt,1,1,Intel(R) Core(TM) 7 150U,NT,2abc7cc
degen-r20-m5-d1e-06-p3,100,AGD-SDAJ,1e-7*n,1.0e-11,110,4026,10.7506864,10.551022300000001,98.1427781206603,0.0,0.0063623,0.0,0.0,0.0,0.0,0.19330179999999791,0.429269885329392,1.2045686405776607e-7,-3.2844166762541765e-15,4.007610532319461e-8,4.007610532319461e-8,6.587221844935073e-8,4.007610532319461e-8,NaN,evd_budget,0,0,3470,11,3459,0,110,2.9753562794747665e-14,1.12.6,lbt,1,1,Intel(R) Core(TM) 7 150U,NT,2abc7cc
degen-r20-m5-d1e-06-p3,100,Dykstra-APM,1e-7*n,9.999999999999999e-6,100,100,0.409794,0.346501,84.5549227172677,0.0,0.0,0.0,0.0,0.0389199,0.0,0.024373099999999988,0.4292698144178334,2.2490514854132248e-11,-3.78020628680557e-15,1.6220358389773537e-12,1.6220358389773537e-12,9.9705426293286e-12,1.6220358389773537e-12,NaN,diag_feasible,0,0,0,0,0,0,100,2.9753562794747665e-14,1.12.6,lbt,1,1,Intel(R) Core(TM) 7 150U,NT,2abc7cc
degen-r20-m5-d1e-06-p3,100,Anderson-APM,1e-7*n,9.999999999999999e-6,33,33,0.167184,0.1134945,67.8859819121447,0.0,0.0,0.0,0.0,0.0,0.0483118,0.005377699999999999,0.42926981443939505,1.5096891802254187e-11,-2.881387276213421e-15,2.7851054795746677e-12,2.7851054795746677e-12,8.565318137750203e-12,2.7851054795746677e-12,NaN,diag_feasible,0,0,0,0,0,0,33,2.9753562794747665e-14,1.12.6,lbt,1,1,Intel(R) Core(TM) 7 150U,NT,2abc7cc
degen-r20-m5-d1e-06-p4,100,SBB-Dual,1e-7*n,1.0e-11,44,45,0.1367581,0.1344956,98.34561901635077,0.0002313,9.38e-5,0.0001174,0.0,0.0,0.0,0.0018200000000000009,0.4298175347005996,8.642731216390849e-12,-3.2146324086221257e-15,1.41886502547095e-12,0.0,8.493745567735174e-12,1.41886502547095e-12,100.0,diag_feasible,0,0,0,0,0,0,44,5.1866311748733424e-14,1.12.6,lbt,1,1,Intel(R) Core(TM) 7 150U,NT,2abc7cc
degen-r20-m5-d1e-06-p4,100,Newton-SIN-BH,1e-7*n,9.999999999999999e-6,4,5,0.0180676,0.013004499999999999,71.97690894197348,0.0,1.1e-5,0.0,0.0046043,0.0,0.0,0.0004478000000000008,0.42981753470059914,0.0,-3.3776049519455765e-15,1.532107773982716e-14,1.532107773982716e-14,5.1866311748733424e-14,1.532107773982716e-14,NaN,converged,22,22,0,0,0,0,4,5.1866311748733424e-14,1.12.6,lbt,1,1,Intel(R) Core(TM) 7 150U,NT,2abc7cc
degen-r20-m5-d1e-06-p4,100,Newton-SIN,1e-7*n,9.999999999999999e-6,4,9,0.0456445,0.0378436,82.90944144420467,0.0,1.92e-5,0.0,0.0072785,0.0,0.0,0.0005031999999999997,0.42981753470059914,0.0,-3.3776049519455765e-15,1.532107773982716e-14,1.532107773982716e-14,5.1866311748733424e-14,1.532107773982716e-14,NaN,converged,22,22,0,0,0,0,4,5.1866311748733424e-14,1.12.6,lbt,1,1,Intel(R) Core(TM) 7 150U,NT,2abc7cc
degen-r20-m5-d1e-06-p4,100,AGD-SDAJ-BH,1e-7*n,1.0e-11,10,76,0.3168839,0.3129621,98.76238584541531,0.0,0.0002049,0.0,0.0,0.0,0.0,0.0037168999999999753,0.4298175347105069,1.5145043954012735e-11,-4.2596928897900264e-15,5.969780225711929e-12,5.969780225711929e-12,8.114625998856166e-12,5.969780225711929e-12,NaN,diag_feasible,0,0,17,17,0,0,10,5.1866311748733424e-14,1.12.6,lbt,1,1,Intel(R) Core(TM) 7 150U,NT,2abc7cc
degen-r20-m5-d1e-06-p4,100,AGD-SDAJ,1e-7*n,1.0e-11,9,77,0.1987354,0.1963197,98.78446416692749,0.0,0.0001183,0.0,0.0,0.0,0.0,0.002297399999999993,0.429817534704043,5.195633251864528e-12,-3.2861482892626394e-15,1.5760726057578722e-12,1.5760726057578722e-12,2.6699172387374267e-12,1.5760726057578722e-12,NaN,diag_feasible,0,0,22,14,8,0,9,5.1866311748733424e-14,1.12.6,lbt,1,1,Intel(R) Core(TM) 7 150U,NT,2abc7cc
degen-r20-m5-d1e-06-p4,100,Dykstra-APM,1e-7*n,9.999999999999999e-6,101,101,0.3310839,0.3084768,93.17179119854515,0.0,0.0,0.0,0.0,0.009778,0.0,0.01282909999999999,0.42981753468650813,1.8464312850554234e-11,-4.08503004267533e-15,1.3655743202889425e-12,1.3655743202889425e-12,8.177431560496318e-12,1.3655743202889425e-12,NaN,diag_feasible,0,0,0,0,0,0,101,5.1866311748733424e-14,1.12.6,lbt,1,1,Intel(R) Core(TM) 7 150U,NT,2abc7cc
degen-r20-m5-d1e-06-p4,100,Anderson-APM,1e-7*n,9.999999999999999e-6,31,31,0.1290045,0.0884909,68.59520404326982,0.0,0.0,0.0,0.0,0.0,0.0357614,0.004752199999999998,0.4298175347061845,1.5575270378745607e-11,-3.4956831634295285e-15,2.9630742304220803e-12,2.9630742304220803e-12,8.939512211426435e-12,2.9630742304220803e-12,NaN,diag_feasible,0,0,0,0,0,0,31,5.1866311748733424e-14,1.12.6,lbt,1,1,Intel(R) Core(TM) 7 150U,NT,2abc7cc
degen-r20-m5-d1e-08-p0,100,SBB-Dual,1e-7*n,1.0e-11,43,44,0.1178348,0.1161194,98.5442331127986,0.0001789,7.35e-5,0.0001231,0.0,0.0,0.0,0.0013399000000000058,0.42916549888270594,6.333689037064923e-12,-3.1268059093858745e-15,1.070921129553426e-12,0.0,6.383418065857342e-12,1.070921129553426e-12,100.0,diag_feasible,0,0,0,0,0,0,43,1.5471984581159744e-14,1.12.6,lbt,1,1,Intel(R) Core(TM) 7 150U,NT,2abc7cc
degen-r20-m5-d1e-08-p0,100,Newton-SIN-BH,1e-7*n,9.999999999999999e-6,4,5,0.0172133,0.0118217,68.6777085160893,0.0,9.3e-6,0.0,0.0049574,0.0,0.0,0.0004249000000000015,0.4291654988827058,0.0,-3.5290288800502677e-15,8.881784197001252e-15,8.881784197001252e-15,1.5471984581159744e-14,8.881784197001252e-15,NaN,converged,24,24,0,0,0,0,4,1.5471984581159744e-14,1.12.6,lbt,1,1,Intel(R) Core(TM) 7 150U,NT,2abc7cc
degen-r20-m5-d1e-08-p0,100,Newton-SIN,1e-7*n,9.999999999999999e-6,4,9,0.0254499,0.020522,80.63685908392567,0.0,9.3e-6,0.0,0.004623,0.0,0.0,0.00029560000000000176,0.4291654988827058,0.0,-3.5290288800502677e-15,8.881784197001252e-15,8.881784197001252e-15,1.5471984581159744e-14,8.881784197001252e-15,NaN,converged,24,24,0,0,0,0,4,1.5471984581159744e-14,1.12.6,lbt,1,1,Intel(R) Core(TM) 7 150U,NT,2abc7cc
degen-r20-m5-d1e-08-p0,100,AGD-SDAJ-BH,1e-7*n,1.0e-11,11,85,0.2419381,0.23920829999999998,98.87169486740616,0.0,0.0001282,0.0,0.0,0.0,0.0,0.0026016000000000043,0.42916549888768857,1.218077558456986e-11,-3.5471515490702467e-15,2.9234392684429622e-12,2.9234392684429622e-12,6.959269232624305e-12,2.9234392684429622e-12,NaN,diag_feasible_at_xpre,0,0,20,20,0,0,11,1.5471984581159744e-14,1.12.6,lbt,1,1,Intel(R) Core(TM) 7 150U,NT,2abc7cc
degen-r20-m5-d1e-08-p0,100,AGD-SDAJ,1e-7*n,1.0e-11,11,92,0.2248679,0.2221576,98.79471458576346,0.0,0.0001721,0.0,0.0,0.0,0.0,0.0025381999999999987,0.42916549888627953,6.285523874842724e-12,-3.115667829823344e-15,9.514611321037592e-13,9.514611321037592e-13,3.312556455149112e-12,9.514611321037592e-13,NaN,diag_feasible,0,0,25,19,6,0,11,1.5471984581159744e-14,1.12.6,lbt,1,1,Intel(R) Core(TM) 7 150U,NT,2abc7cc
degen-r20-m5-d1e-08-p0,100,Dykstra-APM,1e-7*n,9.999999999999999e-6,97,97,0.3047116,0.2815358,92.39418519019296,0.0,0.0,0.0,0.0,0.0113096,0.0,0.011866200000000025,0.42916549886543764,2.2591306811544573e-11,-3.933569576874355e-15,1.695310558602614e-12,1.695310558602614e-12,9.993836171344459e-12,1.695310558602614e-12,NaN,diag_feasible,0,0,0,0,0,0,97,1.5471984581159744e-14,1.12.6,lbt,1,1,Intel(R) Core(TM) 7 150U,NT,2abc7cc
degen-r20-m5-d1e-08-p0,100,Anderson-APM,1e-7*n,9.999999999999999e-6,40,40,0.1697769,0.1171476,69.00090648374425,0.0,0.0,0.0,0.0,0.0,0.0466962,0.005933100000000004,0.42916549889126915,1.458025642736375e-11,-2.891757468671331e-15,1.897482171386855e-12,1.897482171386855e-12,7.33652283285004e-12,1.897482171386855e-12,NaN,diag_feasible,0,0,0,0,0,0,40,1.5471984581159744e-14,1.12.6,lbt,1,1,Intel(R) Core(TM) 7 150U,NT,2abc7cc
degen-r20-m5-d1e-08-p1,100,SBB-Dual,1e-7*n,1.0e-11,43,44,0.1339628,0.13202719999999998,98.55512127247265,0.0001735,8.94e-5,0.0001107,0.0,0.0,0.0,0.0015620000000000096,0.4239414830665071,7.556790172428431e-12,-3.633657358675449e-15,1.2680967387268538e-12,0.0,7.575121948441451e-12,1.2680967387268538e-12,100.0,diag_feasible,0,0,0,0,0,0,43,5.574734827706832e-14,1.12.6,lbt,1,1,Intel(R) Core(TM) 7 150U,NT,2abc7cc
degen-r20-m5-d1e-08-p1,100,Newton-SIN-BH,1e-7*n,9.999999999999999e-6,4,5,0.0216654,0.0152531,70.40303894689227,0.0,1.15e-5,0.0,0.0058771,0.0,0.0,0.0005237000000000011,0.4239414830665129,0.0,-3.176817620532558e-15,1.5987211554602254e-14,1.5987211554602254e-14,5.574734827706832e-14,1.5987211554602254e-14,NaN,converged,23,23,0,0,0,0,4,5.574734827706832e-14,1.12.6,lbt,1,1,Intel(R) Core(TM) 7 150U,NT,2abc7cc
degen-r20-m5-d1e-08-p1,100,Newton-SIN,1e-7*n,9.999999999999999e-6,100,3227,8.8366811,8.4283857,95.37953904435909,0.0,0.0056202,0.0,0.2536216,0.0,0.0,0.14905360000000006,0.4239414817758869,2.651883461589796e-9,-3.484076544794791e-15,6.294655907623792e-10,6.294655907623792e-10,1.3569940230944446e-9,6.294655907623792e-10,NaN,max_iter,1079,1079,3026,0,0,0,100,5.574734827706832e-14,1.12.6,lbt,1,1,Intel(R) Core(TM) 7 150U,NT,2abc7cc
degen-r20-m5-d1e-08-p1,100,AGD-SDAJ-BH,1e-7*n,1.0e-11,11,79,0.2041393,0.2000061,97.97530411831528,0.0,0.0001053,0.0,0.0,0.0,0.0,0.0040279000000000035,0.4239414830765931,1.5493270576281883e-11,-3.5915077507059124e-15,4.384714813454593e-12,4.384714813454593e-12,8.091201435928485e-12,4.384714813454593e-12,NaN,diag_feasible,0,0,12,12,0,0,11,5.574734827706832e-14,1.12.6,lbt,1,1,Intel(R) Core(TM) 7 150U,NT,2abc7cc
degen-r20-m5-d1e-08-p1,100,AGD-SDAJ,1e-7*n,1.0e-11,10,74,0.1738153,0.17190319999999998,98.8999242299153,0.0,8.98e-5,0.0,0.0,0.0,0.0,0.0018223000000000278,0.4239414830738393,1.101170919524606e-11,-3.5361208546793227e-15,2.470579296698361e-12,2.470579296698361e-12,5.526199099495352e-12,2.470579296698361e-12,NaN,diag_feasible,0,0,13,9,4,0,10,5.574734827706832e-14,1.12.6,lbt,1,1,Intel(R) Core(TM) 7 150U,NT,2abc7cc
degen-r20-m5-d1e-08-p1,100,Dykstra-APM,1e-7*n,9.999999999999999e-6,98,98,0.2610937,0.240096,91.95779139826047,0.0,0.0,0.0,0.0,0.010434,0.0,0.01056369999999998,0.4239414830501576,2.112187505781073e-11,-3.684218223363429e-15,1.5849543899548735e-12,1.5849543899548735e-12,9.355688594326833e-12,1.5849543899548735e-12,NaN,diag_feasible,0,0,0,0,0,0,98,5.574734827706832e-14,1.12.6,lbt,1,1,Intel(R) Core(TM) 7 150U,NT,2abc7cc
degen-r20-m5-d1e-08-p1,100,Anderson-APM,1e-7*n,9.999999999999999e-6,31,31,0.1013775,0.0706805,69.72010554610243,0.0,0.0,0.0,0.0,0.0,0.0270986,0.0035984000000000016,0.4239414830703866,1.4656502124605048e-11,-3.1385727233527535e-15,1.9346746427117978e-12,1.9346746427117978e-12,8.540327954946702e-12,1.9346746427117978e-12,NaN,diag_feasible,0,0,0,0,0,0,31,5.574734827706832e-14,1.12.6,lbt,1,1,Intel(R) Core(TM) 7 150U,NT,2abc7cc
degen-r20-m5-d1e-08-p2,100,SBB-Dual,1e-7*n,1.0e-11,42,43,0.0913348,0.0900943,98.64181013151614,9.32e-5,5.38e-5,0.0001175,0.0,0.0,0.0,0.0009759999999999916,0.4291938933498495,8.937584967280968e-12,-3.2128827148914367e-15,1.3624656958199921e-12,0.0,9.594253508218963e-12,1.3624656958199921e-12,100.0,diag_feasible,0,0,0,0,0,0,42,2.3255661252418174e-14,1.12.6,lbt,1,1,Intel(R) Core(TM) 7 150U,NT,2abc7cc
degen-r20-m5-d1e-08-p2,100,Newton-SIN-BH,1e-7*n,9.999999999999999e-6,4,5,0.0121036,0.0087747,72.49661257807594,0.0,7.6e-6,0.0,0.0029995,0.0,0.0,0.000321800000000001,0.42919389334985364,0.0,-3.212792151752025e-15,1.1213252548714081e-14,1.1213252548714081e-14,2.3255661252418174e-14,1.1213252548714081e-14,NaN,converged,23,23,0,0,0,0,4,2.3255661252418174e-14,1.12.6,lbt,1,1,Intel(R) Core(TM) 7 150U,NT,2abc7cc
degen-r20-m5-d1e-08-p2,100,Newton-SIN,1e-7*n,9.999999999999999e-6,4,9,0.0239525,0.019457,81.23160421667883,0.0,8.5e-6,0.0,0.0042038,0.0,0.0,0.0002832000000000034,0.42919389334985364,0.0,-3.212792151752025e-15,1.1213252548714081e-14,1.1213252548714081e-14,2.3255661252418174e-14,1.1213252548714081e-14,NaN,converged,23,23,0,0,0,0,4,2.3255661252418174e-14,1.12.6,lbt,1,1,Intel(R) Core(TM) 7 150U,NT,2abc7cc
degen-r20-m5-d1e-08-p2,100,AGD-SDAJ-BH,1e-7*n,1.0e-11,10,79,0.1670782,0.1651787,98.86310721566309,0.0,8.14e-5,0.0,0.0,0.0,0.0,0.0018180999999999985,0.42919389335395464,1.1256902281481893e-11,-3.9073297813622985e-15,3.656852598510341e-12,3.656852598510341e-12,6.6728645842401145e-12,3.656852598510341e-12,NaN,diag_feasible_at_xpre,0,0,20,20,0,0,10,2.3255661252418174e-14,1.12.6,lbt,1,1,Intel(R) Core(TM) 7 150U,NT,2abc7cc
degen-r20-m5-d1e-08-p2,100,AGD-SDAJ,1e-7*n,1.0e-11,12,115,0.2760081,0.2731311,98.95763928667313,0.0,0.0001596,0.0,0.0,0.0,0.0,0.0027173999999999627,0.4291938933567846,1.1747486806879291e-11,-3.57778772145195e-15,4.0178971261184415e-12,4.0178971261184415e-12,6.47142536815297e-12,4.0178971261184415e-12,NaN,diag_feasible,0,0,44,20,24,0,12,2.3255661252418174e-14,1.12.6,lbt,1,1,Intel(R) Core(TM) 7 150U,NT,2abc7cc
degen-r20-m5-d1e-08-p2,100,Dykstra-APM,1e-7*n,9.999999999999999e-6,97,97,0.2309974,0.2132898,92.33428601360882,0.0,0.0,0.0,0.0,0.0091191,0.0,0.00858849999999999,0.4291938933337633,2.0934429658290284e-11,-3.813520568288191e-15,1.3173906410202108e-12,1.3173906410202108e-12,9.278172180983196e-12,1.3173906410202108e-12,NaN,diag_feasible,0,0,0,0,0,0,97,2.3255661252418174e-14,1.12.6,lbt,1,1,Intel(R) Core(TM) 7 150U,NT,2abc7cc
degen-r20-m5-d1e-08-p2,100,Anderson-APM,1e-7*n,9.999999999999999e-6,36,36,0.1180026,0.0815196,69.0828846144068,0.0,0.0,0.0,0.0,0.0,0.0325988,0.0038842000000000043,0.42919389335824404,1.488430958193078e-11,-4.1281324423324746e-15,1.8872681195603036e-12,1.8872681195603036e-12,7.581464589226084e-12,1.8872681195603036e-12,NaN,diag_feasible,0,0,0,0,0,0,36,2.3255661252418174e-14,1.12.6,lbt,1,1,Intel(R) Core(TM) 7 150U,NT,2abc7cc
degen-r20-m5-d1e-08-p3,100,SBB-Dual,1e-7*n,1.0e-11,42,43,0.1028426,0.1011474,98.35165583133836,0.0001206,0.0001328,0.0001164,0.0,0.0,0.0,0.0013254000000000078,0.4292706130418614,9.959371160515336e-12,-3.4875424218697576e-15,1.538547067525542e-12,0.0,9.409630901046114e-12,1.538547067525542e-12,100.0,diag_feasible,0,0,0,0,0,0,42,3.828998099054815e-14,1.12.6,lbt,1,1,Intel(R) Core(TM) 7 150U,NT,2abc7cc
degen-r20-m5-d1e-08-p3,100,Newton-SIN-BH,1e-7*n,9.999999999999999e-6,4,5,0.0175995,0.0124256,70.6020057387994,0.0,8.5e-6,0.0,0.0047952,0.0,0.0,0.0003702000000000002,0.42927061304186387,0.0,-3.033801377496706e-15,1.4432899320127035e-14,1.4432899320127035e-14,3.828998099054815e-14,1.4432899320127035e-14,NaN,converged,24,24,0,0,0,0,4,3.828998099054815e-14,1.12.6,lbt,1,1,Intel(R) Core(TM) 7 150U,NT,2abc7cc
degen-r20-m5-d1e-08-p3,100,Newton-SIN,1e-7*n,9.999999999999999e-6,4,9,0.0260581,0.0206022,79.0625563644318,0.0,8.9e-6,0.0,0.0051487,0.0,0.0,0.0002982999999999996,0.42927061304186387,0.0,-3.033801377496706e-15,1.4432899320127035e-14,1.4432899320127035e-14,3.828998099054815e-14,1.4432899320127035e-14,NaN,converged,24,24,0,0,0,0,4,3.828998099054815e-14,1.12.6,lbt,1,1,Intel(R) Core(TM) 7 150U,NT,2abc7cc
degen-r20-m5-d1e-08-p3,100,AGD-SDAJ-BH,1e-7*n,1.0e-11,10,75,0.1963321,0.19384469999999998,98.73306504641877,0.0,0.0001325,0.0,0.0,0.0,0.0,0.0023549000000000287,0.429270613046563,7.155750676206183e-12,-3.8418967275449846e-15,1.970645868709653e-12,1.970645868709653e-12,3.6528744185177265e-12,1.970645868709653e-12,NaN,diag_feasible,0,0,14,14,0,0,10,3.828998099054815e-14,1.12.6,lbt,1,1,Intel(R) Core(TM) 7 150U,NT,2abc7cc
degen-r20-m5-d1e-08-p3,100,AGD-SDAJ,1e-7*n,1.0e-11,10,80,0.2124407,0.2097986,98.75631176135269,0.0,0.0001647,0.0,0.0,0.0,0.0,0.0024774000000000085,0.42927061304664527,7.241990334112553e-12,-3.3120079388055048e-15,1.9979573551154317e-12,1.9979573551154317e-12,3.701756699189942e-12,1.9979573551154317e-12,NaN,diag_feasible,0,0,19,14,5,0,10,3.828998099054815e-14,1.12.6,lbt,1,1,Intel(R) Core(TM) 7 150U,NT,2abc7cc
degen-r20-m5-d1e-08-p3,100,Dykstra-APM,1e-7*n,9.999999999999999e-6,97,97,0.243401,0.2234695,91.81124974835764,0.0,0.0,0.0,0.0,0.0101113,0.0,0.009820200000000018,0.4292706130260995,2.0577189008290596e-11,-3.488338822651014e-15,1.5079049120458876e-12,1.5079049120458876e-12,9.122889260770212e-12,1.5079049120458876e-12,NaN,diag_feasible,0,0,0,0,0,0,97,3.828998099054815e-14,1.12.6,lbt,1,1,Intel(R) Core(TM) 7 150U,NT,2abc7cc
degen-r20-m5-d1e-08-p3,100,Anderson-APM,1e-7*n,9.999999999999999e-6,33,33,0.1132588,0.0795909,70.27347985322112,0.0,0.0,0.0,0.0,0.0,0.0300008,0.0036670999999999995,0.4292706130463301,1.5253291608697138e-11,-3.15544293904578e-15,2.812083899073059e-12,2.812083899073059e-12,8.644451903521424e-12,2.812083899073059e-12,NaN,diag_feasible,0,0,0,0,0,0,33,3.828998099054815e-14,1.12.6,lbt,1,1,Intel(R) Core(TM) 7 150U,NT,2abc7cc
degen-r20-m5-d1e-08-p4,100,SBB-Dual,1e-7*n,1.0e-11,42,43,0.1265132,0.1247483,98.60496770297488,0.000151,6.81e-5,0.0002838,0.0,0.0,0.0,0.0012619999999999858,0.4298183466991162,9.487344463425039e-12,-3.720423728678874e-15,1.5580869927589447e-12,0.0,9.31995881124385e-12,1.5580869927589447e-12,100.0,diag_feasible,0,0,0,0,0,0,42,1.4573130989168706e-14,1.12.6,lbt,1,1,Intel(R) Core(TM) 7 150U,NT,2abc7cc
degen-r20-m5-d1e-08-p4,100,Newton-SIN-BH,1e-7*n,9.999999999999999e-6,4,5,0.018912,0.0127606,67.47356175972926,0.0,1.05e-5,0.0,0.0056474,0.0,0.0,0.0004935000000000009,0.42981834669910907,0.0,-2.936494146261967e-15,5.10702591327572e-15,5.10702591327572e-15,1.4573130989168706e-14,5.10702591327572e-15,NaN,converged,24,24,0,0,0,0,4,1.4573130989168706e-14,1.12.6,lbt,1,1,Intel(R) Core(TM) 7 150U,NT,2abc7cc
degen-r20-m5-d1e-08-p4,100,Newton-SIN,1e-7*n,9.999999999999999e-6,100,2549,8.3059945,7.796572899999999,93.86681992144347,0.0,0.0048128,0.0,0.3683839,0.0,0.0,0.13622490000000143,0.42981834651570067,3.088292473934423e-10,-3.6680566967494936e-15,4.3235193203372546e-11,4.3235193203372546e-11,1.529449152406675e-10,4.3235193203372546e-11,NaN,max_iter,1259,1259,2348,0,0,0,100,1.4573130989168706e-14,1.12.6,lbt,1,1,Intel(R) Core(TM) 7 150U,NT,2abc7cc
degen-r20-m5-d1e-08-p4,100,AGD-SDAJ-BH,1e-7*n,1.0e-11,10,80,0.1925291,0.1881021,97.70060733676102,0.0,0.0001035,0.0,0.0,0.0,0.0,0.004323500000000014,0.4298183467056272,9.57955494700129e-12,-4.351215802313854e-15,3.2587266218797595e-12,3.2587266218797595e-12,4.941277069232102e-12,3.2587266218797595e-12,NaN,diag_feasible,0,0,19,19,0,0,10,1.4573130989168706e-14,1.12.6,lbt,1,1,Intel(R) Core(TM) 7 150U,NT,2abc7cc
degen-r20-m5-d1e-08-p4,100,AGD-SDAJ,1e-7*n,1.0e-11,11,93,0.1949141,0.1926953,98.86165238943721,0.0,9.71e-5,0.0,0.0,0.0,0.0,0.002121699999999993,0.4298183467063349,1.0820388327086422e-11,-3.3895743012087278e-15,4.098721362311153e-12,4.098721362311153e-12,5.7123214299654695e-12,4.098721362311153e-12,NaN,diag_feasible_at_xpre,0,0,30,18,12,0,11,1.4573130989168706e-14,1.12.6,lbt,1,1,Intel(R) Core(TM) 7 150U,NT,2abc7cc
degen-r20-m5-d1e-08-p4,100,Dykstra-APM,1e-7*n,9.999999999999999e-6,97,97,0.3295805,0.3016133,91.51430378921081,0.0,0.0,0.0,0.0,0.0146149,0.0,0.013352300000000025,0.4298183466835536,2.0390013577382725e-11,-3.61459927814333e-15,1.5156764732182637e-12,1.5156764732182637e-12,9.030280871035735e-12,1.5156764732182637e-12,NaN,diag_feasible,0,0,0,0,0,0,97,1.4573130989168706e-14,1.12.6,lbt,1,1,Intel(R) Core(TM) 7 150U,NT,2abc7cc
degen-r20-m5-d1e-08-p4,100,Anderson-APM,1e-7*n,9.999999999999999e-6,31,31,0.1225906,0.0826482,67.41805652309395,0.0,0.0,0.0,0.0,0.0,0.0356107,0.004331699999999987,0.4298183467050997,1.5865192408950365e-11,-3.2669987396933767e-15,2.9749536167855695e-12,2.9749536167855695e-12,9.047162569044883e-12,2.9749536167855695e-12,NaN,diag_feasible,0,0,0,0,0,0,31,1.4573130989168706e-14,1.12.6,lbt,1,1,Intel(R) Core(TM) 7 150U,NT,2abc7cc
degen-r20-m5-d1e-10-p0,100,SBB-Dual,1e-7*n,1.0e-11,41,42,0.1096646,0.10795500000000001,98.44106484681474,0.0001706,0.000109,0.0001311,0.0,0.0,0.0,0.0012988999999999917,0.429165506935421,7.105309060775406e-12,-3.750242432673409e-15,1.284305994886381e-12,0.0,7.14718760610193e-12,1.284305994886381e-12,100.0,diag_feasible,0,0,0,0,0,0,41,1.556966573128942e-14,1.12.6,lbt,1,1,Intel(R) Core(TM) 7 150U,NT,2abc7cc
degen-r20-m5-d1e-10-p0,100,Newton-SIN-BH,1e-7*n,9.999999999999999e-6,5,6,0.0235474,0.0148351,63.00101072729898,0.0,1.94e-5,0.0,0.0081282,0.0,0.0,0.0005646999999999996,0.4291655069354212,0.0,-3.1799095031229088e-15,7.771561172376096e-15,7.771561172376096e-15,1.556966573128942e-14,7.771561172376096e-15,NaN,converged,38,38,0,0,0,0,5,1.556966573128942e-14,1.12.6,lbt,1,1,Intel(R) Core(TM) 7 150U,NT,2abc7cc
degen-r20-m5-d1e-10-p0,100,Newton-SIN,1e-7*n,9.999999999999999e-6,100,2569,7.2067342,6.8042991,94.41584650090189,0.0,0.0036544,0.0,0.2859145,0.0,0.0,0.11286619999999992,0.4291655069235685,4.0663801560911615e-11,-3.2532203401189022e-15,2.2926549547719333e-11,2.2926549547719333e-11,2.4618309646714917e-11,2.2926549547719333e-11,NaN,max_iter,1273,1273,2368,0,0,0,100,1.556966573128942e-14,1.12.6,lbt,1,1,Intel(R) Core(TM) 7 150U,NT,2abc7cc
degen-r20-m5-d1e-10-p0,100,AGD-SDAJ-BH,1e-7*n,1.0e-11,12,94,0.2180028,0.21558349999999998,98.89024361154993,0.0,0.0001084,0.0,0.0,0.0,0.0,0.0023109000000000133,0.4291655069433796,1.3762892947544025e-11,-3.4745392608991097e-15,5.792033519469442e-12,5.792033519469442e-12,7.807901898261978e-12,5.792033519469442e-12,NaN,diag_feasible,0,0,23,23,0,0,12,1.556966573128942e-14,1.12.6,lbt,1,1,Intel(R) Core(TM) 7 150U,NT,2abc7cc
degen-r20-m5-d1e-10-p0,100,AGD-SDAJ,1e-7*n,1.0e-11,135,4014,10.7158062,10.4552822,97.56878768486872,0.0,0.0047849,0.0,0.0,0.0,0.0,0.2557391000000002,0.429165507055126,1.9976723680383626e-10,-3.4461203078080486e-15,6.43727293692109e-11,6.43727293692109e-11,1.0705832897148886e-10,6.43727293692109e-11,NaN,evd_budget,0,0,3330,273,3057,0,135,1.556966573128942e-14,1.12.6,lbt,1,1,Intel(R) Core(TM) 7 150U,NT,2abc7cc
degen-r20-m5-d1e-10-p0,100,Dykstra-APM,1e-7*n,9.999999999999999e-6,94,94,0.2288483,0.2118597,92.57647970292984,0.0,0.0,0.0,0.0,0.0084726,0.0,0.008515999999999992,0.4291655069198321,2.0438313885941117e-11,-3.6638657755835875e-15,1.6933121571582888e-12,1.6933121571582888e-12,9.043431058352826e-12,1.6933121571582888e-12,NaN,diag_feasible,0,0,0,0,0,0,94,1.556966573128942e-14,1.12.6,lbt,1,1,Intel(R) Core(TM) 7 150U,NT,2abc7cc
degen-r20-m5-d1e-10-p0,100,Anderson-APM,1e-7*n,9.999999999999999e-6,40,40,0.1247976,0.0864975,69.31022711975231,0.0,0.0,0.0,0.0,0.0,0.0345713,0.0037287999999999905,0.4291655069440531,1.4689475537202093e-11,-4.582602860669124e-15,1.908917468540494e-12,1.908917468540494e-12,7.390026305550224e-12,1.908917468540494e-12,NaN,diag_feasible,0,0,0,0,0,0,40,1.556966573128942e-14,1.12.6,lbt,1,1,Intel(R) Core(TM) 7 150U,NT,2abc7cc
degen-r20-m5-d1e-10-p1,100,SBB-Dual,1e-7*n,1.0e-11,41,42,0.0937097,0.09244859999999999,98.65424817281453,0.0001103,4.96e-5,0.0001101,0.0,0.0,0.0,0.0009911000000000151,0.42394149005314535,9.28483565190172e-12,-3.396925080113211e-15,1.6937562463681388e-12,0.0,9.321251748698115e-12,1.6937562463681388e-12,100.0,diag_feasible,0,0,0,0,0,0,41,7.042481659746094e-14,1.12.6,lbt,1,1,Intel(R) Core(TM) 7 150U,NT,2abc7cc
degen-r20-m5-d1e-10-p1,100,Newton-SIN-BH,1e-7*n,9.999999999999999e-6,5,6,0.0186856,0.0128655,68.85248533630175,0.0,9.0e-6,0.0,0.0053969,0.0,0.0,0.0004142,0.42394149005313814,0.0,-3.418520635735971e-15,1.9984014443252818e-14,1.9984014443252818e-14,7.042481659746094e-14,1.9984014443252818e-14,NaN,converged,38,38,0,0,0,0,5,7.042481659746094e-14,1.12.6,lbt,1,1,Intel(R) Core(TM) 7 150U,NT,2abc7cc
degen-r20-m5-d1e-10-p1,100,Newton-SIN,1e-7*n,9.999999999999999e-6,100,2967,7.5898524,7.254279299999999,95.57866105538494,0.0,0.0106794,0.0,0.244346,0.0,0.0,0.08054770000000039,0.42394149002904136,4.849164486039225e-11,-3.753411165770846e-15,1.2369216761953794e-11,1.2369216761953794e-11,2.4768816244137783e-11,1.2369216761953794e-11,NaN,max_iter,1273,1273,2766,0,0,0,100,7.042481659746094e-14,1.12.6,lbt,1,1,Intel(R) Core(TM) 7 150U,NT,2abc7cc
degen-r20-m5-d1e-10-p1,100,AGD-SDAJ-BH,1e-7*n,1.0e-11,9,66,0.1601859,0.1571069,98.07785828840116,0.0,8.49e-5,0.0,0.0,0.0,0.0,0.0029940999999999982,0.42394149006085097,1.1435510970645342e-11,-3.141531989799472e-15,3.3816283107057643e-12,3.3816283107057643e-12,5.866944217618518e-12,3.3816283107057643e-12,NaN,diag_feasible,0,0,11,11,0,0,9,7.042481659746094e-14,1.12.6,lbt,1,1,Intel(R) Core(TM) 7 150U,NT,2abc7cc
degen-r20-m5-d1e-10-p1,100,AGD-SDAJ,1e-7*n,1.0e-11,9,67,0.1511675,0.1493065,98.76891527610101,0.0,7.21e-5,0.0,0.0,0.0,0.0,0.0017889000000000015,0.42394149006064474,1.1174037057731763e-11,-3.130650516278663e-15,3.268274539891536e-12,3.268274539891536e-12,5.6971491052572265e-12,3.268274539891536e-12,NaN,diag_feasible,0,0,12,9,3,0,9,7.042481659746094e-14,1.12.6,lbt,1,1,Intel(R) Core(TM) 7 150U,NT,2abc7cc
degen-r20-m5-d1e-10-p1,100,Dykstra-APM,1e-7*n,9.999999999999999e-6,95,95,0.2589729,0.2389933,92.28506148712857,0.0,0.0,0.0,0.0,0.0098426,0.0,0.010137000000000014,0.42394149003703896,2.0788824134828333e-11,-3.2022522367305284e-15,1.7279511155265936e-12,1.7279511155265936e-12,9.226391959831718e-12,1.7279511155265936e-12,NaN,diag_feasible,0,0,0,0,0,0,95,7.042481659746094e-14,1.12.6,lbt,1,1,Intel(R) Core(TM) 7 150U,NT,2abc7cc
degen-r20-m5-d1e-10-p1,100,Anderson-APM,1e-7*n,9.999999999999999e-6,33,33,0.1223076,0.0843274,68.94698285306882,0.0,0.0,0.0,0.0,0.0,0.0336153,0.004364900000000005,0.42394149006036635,1.2574603483518048e-11,-3.2540787560512227e-15,1.449840247857992e-12,1.449840247857992e-12,6.363241162965627e-12,1.449840247857992e-12,NaN,diag_feasible,0,0,0,0,0,0,33,7.042481659746094e-14,1.12.6,lbt,1,1,Intel(R) Core(TM) 7 150U,NT,2abc7cc
degen-r20-m5-d1e-10-p2,100,SBB-Dual,1e-7*n,1.0e-11,41,42,0.1009795,0.0996432,98.67666209478162,0.000116,5.2e-5,0.0001112,0.0,0.0,0.0,0.0010570999999999985,0.4291939013855865,6.173709931980028e-12,-3.4750673823653998e-15,9.72111280361787e-13,0.0,6.624295576702188e-12,9.72111280361787e-13,100.0,diag_feasible,0,0,0,0,0,0,41,4.745161264418365e-14,1.12.6,lbt,1,1,Intel(R) Core(TM) 7 150U,NT,2abc7cc
degen-r20-m5-d1e-10-p2,100,Newton-SIN-BH,1e-7*n,9.999999999999999e-6,5,6,0.0142553,0.0100056,70.1886315966693,0.0,7.6e-6,0.0,0.0039028,0.0,0.0,0.0003393000000000003,0.4291939013855951,0.0,-2.9776626584706325e-15,2.3314683517128287e-14,2.3314683517128287e-14,4.745161264418365e-14,2.3314683517128287e-14,NaN,converged,37,37,0,0,0,0,5,4.745161264418365e-14,1.12.6,lbt,1,1,Intel(R) Core(TM) 7 150U,NT,2abc7cc
degen-r20-m5-d1e-10-p2,100,Newton-SIN,1e-7*n,9.999999999999999e-6,5,11,0.0330536,0.0252814,76.48607110874458,0.0,1.18e-5,0.0,0.0074386,0.0,0.0,0.00032180000000000316,0.4291939013855951,0.0,-2.9776626584706325e-15,2.3314683517128287e-14,2.3314683517128287e-14,4.745161264418365e-14,2.3314683517128287e-14,NaN,converged,37,37,0,0,0,0,5,4.745161264418365e-14,1.12.6,lbt,1,1,Intel(R) Core(TM) 7 150U,NT,2abc7cc
degen-r20-m5-d1e-10-p2,100,AGD-SDAJ-BH,1e-7*n,1.0e-11,10,83,0.1272881,0.1257426,98.78582522639589,0.0,6.25e-5,0.0,0.0,0.0,0.0,0.0014829999999999774,0.4291939013918563,9.360198556529145e-12,-3.620087630946068e-15,2.2261081866759014e-12,2.2261081866759014e-12,4.739917323031094e-12,2.2261081866759014e-12,NaN,diag_feasible,0,0,22,22,0,0,10,4.745161264418365e-14,1.12.6,lbt,1,1,Intel(R) Core(TM) 7 150U,NT,2abc7cc
degen-r20-m5-d1e-10-p2,100,AGD-SDAJ,1e-7*n,1.0e-11,11,96,0.2384765,0.23574299999999998,98.85376546536031,0.0,0.0001307,0.0,0.0,0.0,0.0,0.0026028000000000275,0.4291939013898992,7.823622634341008e-12,-3.936368784205026e-15,2.879474436667806e-12,2.879474436667806e-12,4.4635901970567335e-12,2.879474436667806e-12,NaN,diag_feasible,0,0,31,23,8,0,11,4.745161264418365e-14,1.12.6,lbt,1,1,Intel(R) Core(TM) 7 150U,NT,2abc7cc
degen-r20-m5-d1e-10-p2,100,Dykstra-APM,1e-7*n,9.999999999999999e-6,94,94,0.1534038,0.1448081,94.39668378488668,0.0,0.0,0.0,0.0,0.0057376,0.0,0.002858100000000012,0.4291939013708793,1.9155060939122535e-11,-4.065878465757819e-15,1.2987388942065081e-12,1.2987388942065081e-12,8.489166627576096e-12,1.2987388942065081e-12,NaN,diag_feasible,0,0,0,0,0,0,94,4.745161264418365e-14,1.12.6,lbt,1,1,Intel(R) Core(TM) 7 150U,NT,2abc7cc
degen-r20-m5-d1e-10-p2,100,Anderson-APM,1e-7*n,9.999999999999999e-6,36,36,0.1024384,0.072909,71.173505248032,0.0,0.0,0.0,0.0,0.0,0.0245365,0.004992899999999998,0.42919390139391383,1.4777367922371842e-11,-3.5222502332285635e-15,1.8705037518884637e-12,1.8705037518884637e-12,7.529342038978533e-12,1.8705037518884637e-12,NaN,diag_feasible,0,0,0,0,0,0,36,4.745161264418365e-14,1.12.6,lbt,1,1,Intel(R) Core(TM) 7 150U,NT,2abc7cc
degen-r20-m5-d1e-10-p3,100,SBB-Dual,1e-7*n,1.0e-11,41,42,0.0995709,0.0980656,98.48821292164679,0.0001289,5.84e-5,0.0002595,0.0,0.0,0.0,0.0010585000000000013,0.42927062102797314,6.889615294486018e-12,-3.4233613697353417e-15,1.13509202037676e-12,0.0,6.500772033730959e-12,1.13509202037676e-12,100.0,diag_feasible,0,0,0,0,0,0,41,3.261770249662933e-14,1.12.6,lbt,1,1,Intel(R) Core(TM) 7 150U,NT,2abc7cc
degen-r20-m5-d1e-10-p3,100,Newton-SIN-BH,1e-7*n,9.999999999999999e-6,5,6,0.0212726,0.014014500000000001,65.88052236209961,0.0,1.0e-5,0.0,0.00682,0.0,0.0,0.00042809999999999897,0.4292706210279628,0.0,-3.778352582440714e-15,1.021405182655144e-14,1.021405182655144e-14,3.261770249662933e-14,1.021405182655144e-14,NaN,converged,38,38,0,0,0,0,5,3.261770249662933e-14,1.12.6,lbt,1,1,Intel(R) Core(TM) 7 150U,NT,2abc7cc
degen-r20-m5-d1e-10-p3,100,Newton-SIN,1e-7*n,9.999999999999999e-6,100,2591,6.9058472,6.5491412,94.83472498493741,0.0,0.0031473,0.0,0.274644,0.0,0.0,0.07891469999999995,0.42927062101693386,4.5007985066405454e-11,-3.650445693138729e-15,2.2316815062595197e-11,2.2316815062595197e-11,2.4216154888731844e-11,2.2316815062595197e-11,NaN,max_iter,1273,1273,2390,0,0,0,100,3.261770249662933e-14,1.12.6,lbt,1,1,Intel(R) Core(TM) 7 150U,NT,2abc7cc
degen-r20-m5-d1e-10-p3,100,AGD-SDAJ-BH,1e-7*n,1.0e-11,11,83,0.1520983,0.1504098,98.88986267433629,0.0,7.63e-5,0.0,0.0,0.0,0.0,0.0016121999999999816,0.42927062104027525,1.764348754574895e-11,-3.3727129595040268e-15,3.218536548388329e-12,3.218536548388329e-12,8.593650126659178e-12,3.218536548388329e-12,NaN,diag_feasible,0,0,16,16,0,0,11,3.261770249662933e-14,1.12.6,lbt,1,1,Intel(R) Core(TM) 7 150U,NT,2abc7cc
degen-r20-m5-d1e-10-p3,100,AGD-SDAJ,1e-7*n,1.0e-11,140,4024,12.6449989,12.359474500000001,97.74199743109509,0.0,0.00634,0.0,0.0,0.0,0.0,0.2791843999999981,0.42927062125301574,3.3243117809405757e-10,-3.6546601637857286e-15,1.1113421294339787e-10,1.1113421294339787e-10,1.7096231405304906e-10,1.1113421294339787e-10,NaN,evd_budget,0,0,3315,144,3171,0,140,3.261770249662933e-14,1.12.6,lbt,1,1,Intel(R) Core(TM) 7 150U,NT,2abc7cc
degen-r20-m5-d1e-10-p3,100,Dykstra-APM,1e-7*n,9.999999999999999e-6,94,94,0.2510481,0.2324963,92.61026074286163,0.0,0.0,0.0,0.0,0.0084895,0.0,0.010062300000000007,0.42927062101353447,1.8829075172415918e-11,-3.2460816924625557e-15,1.5256684804398901e-12,1.5256684804398901e-12,8.357553438256194e-12,1.5256684804398901e-12,NaN,diag_feasible,0,0,0,0,0,0,94,3.261770249662933e-14,1.12.6,lbt,1,1,Intel(R) Core(TM) 7 150U,NT,2abc7cc
degen-r20-m5-d1e-10-p3,100,Anderson-APM,1e-7*n,9.999999999999999e-6,32,32,0.1126531,0.0774895,68.78594552657673,0.0,0.0,0.0,0.0,0.0,0.0309579,0.004205700000000003,0.4292706210315271,5.2885288732878816e-12,-3.329026507747366e-15,5.510036871214652e-13,5.510036871214652e-13,2.537335279019776e-12,5.510036871214652e-13,NaN,diag_feasible,0,0,0,0,0,0,32,3.261770249662933e-14,1.12.6,lbt,1,1,Intel(R) Core(TM) 7 150U,NT,2abc7cc
degen-r20-m5-d1e-10-p4,100,SBB-Dual,1e-7*n,1.0e-11,41,42,0.1533433,0.150481,98.13340393743972,0.0002181,0.0001197,0.0001564,0.0,0.0,0.0,0.002368099999999984,0.42981835481914593,6.3151199423695765e-12,-3.714342245554578e-15,1.070254995738651e-12,0.0,6.216117037828087e-12,1.070254995738651e-12,100.0,diag_feasible,0,0,0,0,0,0,41,1.86873984807952e-14,1.12.6,lbt,1,1,Intel(R) Core(TM) 7 150U,NT,2abc7cc
degen-r20-m5-d1e-10-p4,100,Newton-SIN-BH,1e-7*n,9.999999999999999e-6,5,7,0.0511062,0.0330851,64.73793786272508,0.0,2.49e-5,0.0,0.0168272,0.0,0.0,0.0011689999999999964,0.42981835481914793,0.0,-2.9421223075758996e-15,5.551115123125783e-15,5.551115123125783e-15,1.86873984807952e-14,5.551115123125783e-15,NaN,converged,39,39,1,0,0,0,5,1.86873984807952e-14,1.12.6,lbt,1,1,Intel(R) Core(TM) 7 150U,NT,2abc7cc
degen-r20-m5-d1e-10-p4,100,Newton-SIN,1e-7*n,9.999999999999999e-6,8,28,0.1286214,0.10461519999999999,81.33576527700677,0.0,6.27e-5,0.0,0.0225164,0.0,0.0,0.0014271000000000075,0.42981835481914765,1.7534215758957724e-13,-3.760395128857735e-15,8.659739592076221e-15,8.659739592076221e-15,2.7850669848501023e-14,8.659739592076221e-15,NaN,converged,78,78,11,0,0,0,8,1.86873984807952e-14,1.12.6,lbt,1,1,Intel(R) Core(TM) 7 150U,NT,2abc7cc
degen-r20-m5-d1e-10-p4,100,AGD-SDAJ-BH,1e-7*n,1.0e-11,11,84,0.2252223,0.22230909999999998,98.70652240031293,0.0,0.0001267,0.0,0.0,0.0,0.0,0.0027865000000000047,0.42981835483020336,1.6940877613260252e-11,-3.7156583230004195e-15,6.827094445327475e-12,6.827094445327475e-12,9.14622606864337e-12,6.827094445327475e-12,NaN,diag_feasible,0,0,19,19,0,0,11,1.86873984807952e-14,1.12.6,lbt,1,1,Intel(R) Core(TM) 7 150U,NT,2abc7cc
degen-r20-m5-d1e-10-p4,100,AGD-SDAJ,1e-7*n,1.0e-11,9,83,0.2432208,0.2393467,98.4071674790972,0.0,0.0002094,0.0,0.0,0.0,0.0,0.0036646999999999912,0.42981835482557423,1.0057040090485427e-11,-3.713802791756817e-15,2.4005242238445135e-12,2.4005242238445135e-12,5.1969354559414506e-12,2.4005242238445135e-12,NaN,diag_feasible,0,0,28,16,12,0,9,1.86873984807952e-14,1.12.6,lbt,1,1,Intel(R) Core(TM) 7 150U,NT,2abc7cc
degen-r20-m5-d1e-10-p4,100,Dykstra-APM,1e-7*n,9.999999999999999e-6,93,93,0.2741438,0.2539207,92.62317805472894,0.0,0.0,0.0,0.0,0.0091797,0.0,0.011043399999999993,0.4298183548019471,2.2543298231976083e-11,-3.0020372050103635e-15,1.7834622667578515e-12,1.7834622667578515e-12,9.982071356389086e-12,1.7834622667578515e-12,NaN,diag_feasible,0,0,0,0,0,0,93,1.86873984807952e-14,1.12.6,lbt,1,1,Intel(R) Core(TM) 7 150U,NT,2abc7cc
degen-r20-m5-d1e-10-p4,100,Anderson-APM,1e-7*n,9.999999999999999e-6,33,33,0.1228663,0.0850484,69.22028253475526,0.0,0.0,0.0,0.0,0.0,0.0334741,0.004343800000000002,0.4298183548240405,1.1555276421359164e-11,-3.183694812529293e-15,1.5721868251716842e-12,1.5721868251716842e-12,6.388089027106354e-12,1.5721868251716842e-12,NaN,diag_feasible,0,0,0,0,0,0,33,1.86873984807952e-14,1.12.6,lbt,1,1,Intel(R) Core(TM) 7 150U,NT,2abc7cc
degen-r20-m5-d0-p0,100,SBB-Dual,1e-7*n,1.0e-11,40,41,0.1031466,0.1015513,98.4533663736856,0.0001255,6.01e-5,0.0001267,0.0,0.0,0.0,0.0012830000000000079,0.42916550701676204,7.590165194621869e-12,-2.6352519137297892e-15,1.4923617897011354e-12,0.0,6.058379173546893e-12,1.4923617897011354e-12,100.0,diag_feasible,0,0,0,0,0,0,40,2.668880090240094e-14,1.12.6,lbt,1,1,Intel(R) Core(TM) 7 150U,NT,2abc7cc
degen-r20-m5-d0-p0,100,Newton-SIN-BH,1e-7*n,9.999999999999999e-6,4,5,0.0189527,0.012848,67.78981358856522,0.0,1.16e-5,0.0,0.0055821,0.0,0.0,0.0005109999999999993,0.4291655070167743,0.0,-3.4146198417258698e-15,6.661338147750939e-15,6.661338147750939e-15,2.668880090240094e-14,6.661338147750939e-15,NaN,converged,25,25,0,0,0,0,4,2.668880090240094e-14,1.12.6,lbt,1,1,Intel(R) Core(TM) 7 150U,NT,2abc7cc
degen-r20-m5-d0-p0,100,Newton-SIN,1e-7*n,9.999999999999999e-6,4,9,0.027285,0.0216295,79.2724940443467,0.0,1.04e-5,0.0,0.0052927,0.0,0.0,0.000352400000000001,0.4291655070167743,0.0,-3.4146198417258698e-15,6.661338147750939e-15,6.661338147750939e-15,2.668880090240094e-14,6.661338147750939e-15,NaN,converged,25,25,0,0,0,0,4,2.668880090240094e-14,1.12.6,lbt,1,1,Intel(R) Core(TM) 7 150U,NT,2abc7cc
degen-r20-m5-d0-p0,100,AGD-SDAJ-BH,1e-7*n,1.0e-11,11,87,0.2158486,0.2121861,98.30320882322145,0.0,0.0001164,0.0,0.0,0.0,0.0,0.003546100000000013,0.42916550702178113,7.377219259775534e-12,-3.3465653939258755e-15,2.578937063901776e-12,2.578937063901776e-12,3.791578718042053e-12,2.578937063901776e-12,NaN,diag_feasible,0,0,20,20,0,0,11,2.668880090240094e-14,1.12.6,lbt,1,1,Intel(R) Core(TM) 7 150U,NT,2abc7cc
degen-r20-m5-d0-p0,100,AGD-SDAJ,1e-7*n,1.0e-11,12,112,0.278608,0.275087,98.73621719405041,0.0,0.0001552,0.0,0.0,0.0,0.0,0.0033657999999999965,0.42916550702201084,8.309204113433887e-12,-3.7459881689290135e-15,2.427946732552755e-12,2.427946732552755e-12,4.383708446958869e-12,2.427946732552755e-12,NaN,diag_feasible,0,0,39,23,16,0,12,2.668880090240094e-14,1.12.6,lbt,1,1,Intel(R) Core(TM) 7 150U,NT,2abc7cc
degen-r20-m5-d0-p0,100,Dykstra-APM,1e-7*n,9.999999999999999e-6,92,92,0.2701223,0.2487893,92.10246617920846,0.0,0.0,0.0,0.0,0.0092545,0.0,0.01207849999999999,0.42916550700290707,1.7510396071619245e-11,-2.40736491587878e-15,2.062572335148616e-12,2.062572335148616e-12,8.387914841247272e-12,2.062572335148616e-12,NaN,diag_feasible,0,0,0,0,0,0,92,2.668880090240094e-14,1.12.6,lbt,1,1,Intel(R) Core(TM) 7 150U,NT,2abc7cc
degen-r20-m5-d0-p0,100,Anderson-APM,1e-7*n,9.999999999999999e-6,40,40,0.0945005,0.0729711,77.21768667890646,0.0,0.0,0.0,0.0,0.0,0.0185748,0.002954600000000005,0.42916550702525963,1.4496635621933466e-11,-2.7207036304274253e-15,1.8893775433070914e-12,1.8893775433070914e-12,7.306462143526953e-12,1.8893775433070914e-12,NaN,diag_feasible,0,0,0,0,0,0,40,2.668880090240094e-14,1.12.6,lbt,1,1,Intel(R) Core(TM) 7 150U,NT,2abc7cc
degen-r20-m5-d0-p1,100,SBB-Dual,1e-7*n,1.0e-11,40,41,0.1058732,0.1043325,98.54476864777865,0.0001151,5.54e-5,0.000134,0.0,0.0,0.0,0.001236200000000006,0.4239414901237171,1.1015584666844536e-11,-3.3532258925466e-15,2.2168933355715126e-12,0.0,9.298638784322031e-12,2.2168933355715126e-12,100.0,diag_feasible,0,0,0,0,0,0,40,7.357378542570962e-14,1.12.6,lbt,1,1,Intel(R) Core(TM) 7 150U,NT,2abc7cc
degen-r20-m5-d0-p1,100,Newton-SIN-BH,1e-7*n,9.999999999999999e-6,4,5,0.0192146,0.0129756,67.52989913919625,0.0,1.15e-5,0.0,0.0057591,0.0,0.0,0.00046839999999999816,0.4239414901237005,0.0,-2.764318741913062e-15,2.1316282072803006e-14,2.1316282072803006e-14,7.357378542570962e-14,2.1316282072803006e-14,NaN,converged,25,25,0,0,0,0,4,7.357378542570962e-14,1.12.6,lbt,1,1,Intel(R) Core(TM) 7 150U,NT,2abc7cc
degen-r20-m5-d0-p1,100,Newton-SIN,1e-7*n,9.999999999999999e-6,100,2961,8.7489431,8.28681,94.71784083268297,0.0,0.0056292,0.0,0.3230226,0.0,0.0,0.13348130000000086,0.4239414896936084,1.5495224649516637e-9,-3.0367132539212136e-15,5.505678135619974e-10,5.505678135619974e-10,9.401557012582772e-10,5.505678135619974e-10,NaN,max_iter,1177,1177,2760,0,0,0,100,7.357378542570962e-14,1.12.6,lbt,1,1,Intel(R) Core(TM) 7 150U,NT,2abc7cc
degen-r20-m5-d0-p1,100,AGD-SDAJ-BH,1e-7*n,1.0e-11,10,72,0.2096364,0.2068428,98.66740699611327,0.0,0.0001385,0.0,0.0,0.0,0.0,0.002655100000000007,0.4239414901307418,1.1454440953269794e-11,-3.7318423210360275e-15,4.106270878878604e-12,4.106270878878604e-12,6.2683488599360424e-12,4.106270878878604e-12,NaN,diag_feasible,0,0,13,13,0,0,10,7.357378542570962e-14,1.12.6,lbt,1,1,Intel(R) Core(TM) 7 150U,NT,2abc7cc
degen-r20-m5-d0-p1,100,AGD-SDAJ,1e-7*n,1.0e-11,9,71,0.2099616,0.2074968,98.82607105299256,0.0,0.0001235,0.0,0.0,0.0,0.0,0.0023412999999999893,0.4239414901313282,1.1329680206607225e-11,-3.571754392571181e-15,3.3634206531019117e-12,3.3634206531019117e-12,5.82072898330796e-12,3.3634206531019117e-12,NaN,diag_feasible,0,0,16,11,5,0,9,7.357378542570962e-14,1.12.6,lbt,1,1,Intel(R) Core(TM) 7 150U,NT,2abc7cc
degen-r20-m5-d0-p1,100,Dykstra-APM,1e-7*n,9.999999999999999e-6,93,93,0.3353219,0.2848664,84.9531152006475,0.0,0.0,0.0,0.0,0.0312759,0.0,0.019179599999999984,0.4239414901080534,1.9491826878865406e-11,-3.433678168536484e-15,2.2013502132267604e-12,2.2013502132267604e-12,9.284396746517367e-12,2.2013502132267604e-12,NaN,diag_feasible,0,0,0,0,0,0,93,7.357378542570962e-14,1.12.6,lbt,1,1,Intel(R) Core(TM) 7 150U,NT,2abc7cc
degen-r20-m5-d0-p1,100,Anderson-APM,1e-7*n,9.999999999999999e-6,33,33,0.1731301,0.1194198,68.97691389307809,0.0,0.0,0.0,0.0,0.0,0.0475021,0.006208200000000004,0.42394149013030547,1.1457372644528333e-11,-3.256855827289115e-15,1.3210543770014738e-12,1.3210543770014738e-12,5.821473846582565e-12,1.3210543770014738e-12,NaN,diag_feasible,0,0,0,0,0,0,33,7.357378542570962e-14,1.12.6,lbt,1,1,Intel(R) Core(TM) 7 150U,NT,2abc7cc
degen-r20-m5-d0-p2,100,SBB-Dual,1e-7*n,1.0e-11,40,41,0.1194011,0.1177146,98.58753395069226,0.0001505,7.67e-5,0.000123,0.0,0.0,0.0,0.0013362999999999934,0.4291939014667558,6.671561259693973e-12,-3.177213178047321e-15,1.1592948823135885e-12,0.0,5.5875486420083314e-12,1.1592948823135885e-12,100.0,diag_feasible,0,0,0,0,0,0,40,2.8382651314674287e-14,1.12.6,lbt,1,1,Intel(R) Core(TM) 7 150U,NT,2abc7cc
degen-r20-m5-d0-p2,100,Newton-SIN-BH,1e-7*n,9.999999999999999e-6,4,5,0.020497,0.014236500000000001,69.45650583012149,0.0,2.48e-5,0.0,0.0056551,0.0,0.0,0.0005806000000000006,0.42919390146675623,0.0,-3.597375881650272e-15,9.103828801926284e-15,9.103828801926284e-15,2.8382651314674287e-14,9.103828801926284e-15,NaN,converged,24,24,0,0,0,0,4,2.8382651314674287e-14,1.12.6,lbt,1,1,Intel(R) Core(TM) 7 150U,NT,2abc7cc
degen-r20-m5-d0-p2,100,Newton-SIN,1e-7*n,9.999999999999999e-6,4,9,0.0251105,0.020176,80.34885804743035,0.0,9.3e-6,0.0,0.0046643,0.0,0.0,0.0002609000000000014,0.42919390146675623,0.0,-3.597375881650272e-15,9.103828801926284e-15,9.103828801926284e-15,2.8382651314674287e-14,9.103828801926284e-15,NaN,converged,24,24,0,0,0,0,4,2.8382651314674287e-14,1.12.6,lbt,1,1,Intel(R) Core(TM) 7 150U,NT,2abc7cc
degen-r20-m5-d0-p2,100,AGD-SDAJ-BH,1e-7*n,1.0e-11,11,96,0.259736,0.2565437,98.77094434348723,0.0,0.0001614,0.0,0.0,0.0,0.0,0.003030900000000037,0.4291939014732937,1.047503891692075e-11,-4.143101111846985e-15,3.2012170692041764e-12,3.2012170692041764e-12,5.583114113795113e-12,3.2012170692041764e-12,NaN,diag_feasible,0,0,29,29,0,0,11,2.8382651314674287e-14,1.12.6,lbt,1,1,Intel(R) Core(TM) 7 150U,NT,2abc7cc
degen-r20-m5-d0-p2,100,AGD-SDAJ,1e-7*n,1.0e-11,10,100,0.2519442,0.2488369,98.76667135024343,0.0,0.0001865,0.0,0.0,0.0,0.0,0.0029208000000000072,0.42919390147877434,1.6618720777603737e-11,-3.185831203380389e-15,2.0269341760581483e-12,2.0269341760581483e-12,7.733271359025596e-12,2.0269341760581483e-12,NaN,diag_feasible,0,0,39,25,14,0,10,2.8382651314674287e-14,1.12.6,lbt,1,1,Intel(R) Core(TM) 7 150U,NT,2abc7cc
degen-r20-m5-d0-p2,100,Dykstra-APM,1e-7*n,9.999999999999999e-6,92,92,0.286757,0.2611231,91.06075876090209,0.0,0.0,0.0,0.0,0.0130155,0.0,0.012618399999999988,0.4291939014536806,1.6373014515283925e-11,-2.6038037668777465e-15,1.6324719354088302e-12,1.6324719354088302e-12,7.8587115694676e-12,1.6324719354088302e-12,NaN,diag_feasible,0,0,0,0,0,0,92,2.8382651314674287e-14,1.12.6,lbt,1,1,Intel(R) Core(TM) 7 150U,NT,2abc7cc
degen-r20-m5-d0-p2,100,Anderson-APM,1e-7*n,9.999999999999999e-6,36,36,0.1417062,0.0969253,68.39877154281183,0.0,0.0,0.0,0.0,0.0,0.0397136,0.005067299999999997,0.42919390147505965,1.475526985218011e-11,-3.8346519569991855e-15,1.8678392166293634e-12,1.8678392166293634e-12,7.518611103980567e-12,1.8678392166293634e-12,NaN,diag_feasible,0,0,0,0,0,0,36,2.8382651314674287e-14,1.12.6,lbt,1,1,Intel(R) Core(TM) 7 150U,NT,2abc7cc
degen-r20-m5-d0-p3,100,SBB-Dual,1e-7*n,1.0e-11,40,41,0.1057367,0.10407849999999999,98.43176494064974,0.0002538,6.78e-5,0.0001143,0.0,0.0,0.0,0.0012223000000000125,0.429270621108641,7.004749375293898e-12,-2.8141867038815387e-15,1.3649081864741675e-12,0.0,5.509323671743074e-12,1.3649081864741675e-12,100.0,diag_feasible,0,0,0,0,0,0,40,1.422819137495494e-14,1.12.6,lbt,1,1,Intel(R) Core(TM) 7 150U,NT,2abc7cc
degen-r20-m5-d0-p3,100,Newton-SIN-BH,1e-7*n,9.999999999999999e-6,4,5,0.0213439,0.0151193,70.83663248047452,0.0,1.1e-5,0.0,0.0057602,0.0,0.0,0.00045339999999999877,0.42927062110863573,0.0,-3.7579950064294176e-15,3.9968028886505635e-15,3.9968028886505635e-15,1.422819137495494e-14,3.9968028886505635e-15,NaN,converged,25,25,0,0,0,0,4,1.422819137495494e-14,1.12.6,lbt,1,1,Intel(R) Core(TM) 7 150U,NT,2abc7cc
degen-r20-m5-d0-p3,100,Newton-SIN,1e-7*n,9.999999999999999e-6,100,2532,7.5453269,7.0287571,93.153778400244,0.0,0.0042109,0.0,0.4182899,0.0,0.0,0.09406900000000007,0.4292706210947171,6.235579799822706e-11,-2.948566943016677e-15,3.5250691254873345e-11,3.5250691254873345e-11,3.9021087131358626e-11,3.5250691254873345e-11,NaN,max_iter,1271,1271,2331,0,0,0,100,1.422819137495494e-14,1.12.6,lbt,1,1,Intel(R) Core(TM) 7 150U,NT,2abc7cc
degen-r20-m5-d0-p3,100,AGD-SDAJ-BH,1e-7*n,1.0e-11,10,79,0.2086823,0.2040624,97.78615627679014,0.0,0.0001161,0.0,0.0,0.0,0.0,0.004503799999999982,0.42927062111580205,1.0627004233371704e-11,-3.804750077665123e-15,2.5723867480564877e-12,2.5723867480564877e-12,5.308809666305781e-12,2.5723867480564877e-12,NaN,diag_feasible,0,0,18,18,0,0,10,1.422819137495494e-14,1.12.6,lbt,1,1,Intel(R) Core(TM) 7 150U,NT,2abc7cc
degen-r20-m5-d0-p3,100,AGD-SDAJ,1e-7*n,1.0e-11,11,89,0.2473949,0.2442694,98.73663523379018,0.0,0.0001462,0.0,0.0,0.0,0.0,0.0029793000000000033,0.4292706211171932,1.4814857556930235e-11,-4.142577921180082e-15,5.501821220832426e-12,5.501821220832426e-12,8.27725366171523e-12,5.501821220832426e-12,NaN,diag_feasible,0,0,24,18,6,0,11,1.422819137495494e-14,1.12.6,lbt,1,1,Intel(R) Core(TM) 7 150U,NT,2abc7cc
degen-r20-m5-d0-p3,100,Dykstra-APM,1e-7*n,9.999999999999999e-6,92,92,0.2746533,0.2502455,91.11323257357549,0.0,0.0,0.0,0.0,0.0111052,0.0,0.013302599999999979,0.4292706210957056,1.619483332367973e-11,-2.9658275328804613e-15,1.921796055626146e-12,1.921796055626146e-12,7.775826834624353e-12,1.921796055626146e-12,NaN,diag_feasible,0,0,0,0,0,0,92,1.422819137495494e-14,1.12.6,lbt,1,1,Intel(R) Core(TM) 7 150U,NT,2abc7cc
degen-r20-m5-d0-p3,100,Anderson-APM,1e-7*n,9.999999999999999e-6,32,32,0.1356883,0.0943108,69.50547689078572,0.0,0.0,0.0,0.0,0.0,0.0360164,0.0053611000000000145,0.4292706211118803,4.992616418459516e-12,-3.340763906232139e-15,5.880851361439454e-13,5.880851361439454e-13,2.463621667819121e-12,5.880851361439454e-13,NaN,diag_feasible,0,0,0,0,0,0,32,1.422819137495494e-14,1.12.6,lbt,1,1,Intel(R) Core(TM) 7 150U,NT,2abc7cc
degen-r20-m5-d0-p4,100,SBB-Dual,1e-7*n,1.0e-11,39,40,0.0981157,0.0967567,98.61490057146818,0.0001156,5.4e-5,0.0001297,0.0,0.0,0.0,0.0010596999999999991,0.4298183549011663,1.1590274571473527e-11,-3.56852281536823e-15,2.297051437949449e-12,0.0,9.343837161509144e-12,2.297051437949449e-12,100.0,diag_feasible,0,0,0,0,0,0,39,1.619251812945824e-14,1.12.6,lbt,1,1,Intel(R) Core(TM) 7 150U,NT,2abc7cc
degen-r20-m5-d0-p4,100,Newton-SIN-BH,1e-7*n,9.999999999999999e-6,4,5,0.0173366,0.011923799999999998,68.77819180231417,0.0,8.6e-6,0.0,0.0050493,0.0,0.0,0.0003549000000000026,0.4298183549011711,0.0,-3.4555970853091034e-15,7.105427357601002e-15,7.105427357601002e-15,1.619251812945824e-14,7.105427357601002e-15,NaN,converged,25,25,0,0,0,0,4,1.619251812945824e-14,1.12.6,lbt,1,1,Intel(R) Core(TM) 7 150U,NT,2abc7cc
degen-r20-m5-d0-p4,100,Newton-SIN,1e-7*n,9.999999999999999e-6,4,9,0.0250268,0.0198509,79.31857049243212,0.0,8.6e-6,0.0,0.0049016,0.0,0.0,0.0002656999999999972,0.4298183549011711,0.0,-3.4555970853091034e-15,7.105427357601002e-15,7.105427357601002e-15,1.619251812945824e-14,7.105427357601002e-15,NaN,converged,25,25,0,0,0,0,4,1.619251812945824e-14,1.12.6,lbt,1,1,Intel(R) Core(TM) 7 150U,NT,2abc7cc
degen-r20-m5-d0-p4,100,AGD-SDAJ-BH,1e-7*n,1.0e-11,9,66,0.150392,0.14865799999999998,98.84701313899674,0.0,8.12e-5,0.0,0.0,0.0,0.0,0.0016528000000000133,0.4298183549115533,1.7130579693605382e-11,-3.3128494445412224e-15,4.8470116809085084e-12,4.8470116809085084e-12,9.43286937042708e-12,4.8470116809085084e-12,NaN,diag_feasible_at_xpre,0,0,15,15,0,0,9,1.619251812945824e-14,1.12.6,lbt,1,1,Intel(R) Core(TM) 7 150U,NT,2abc7cc
degen-r20-m5-d0-p4,100,AGD-SDAJ,1e-7*n,1.0e-11,9,72,0.2018833,0.1990807,98.61177224663952,0.0,0.0001273,0.0,0.0,0.0,0.0,0.0026752999999999885,0.42981835491153747,1.713360987548176e-11,-3.0252221155828127e-15,4.865219338512361e-12,4.865219338512361e-12,9.443693457984422e-12,4.865219338512361e-12,NaN,diag_feasible_at_xpre,0,0,21,15,6,0,9,1.619251812945824e-14,1.12.6,lbt,1,1,Intel(R) Core(TM) 7 150U,NT,2abc7cc
degen-r20-m5-d0-p4,100,Dykstra-APM,1e-7*n,9.999999999999999e-6,91,91,0.2547875,0.2339213,91.81035176372468,0.0,0.0,0.0,0.0,0.0104978,0.0,0.010368400000000002,0.42981835488563747,1.958719091148676e-11,-2.6949723944056884e-15,2.3090418466154006e-12,2.3090418466154006e-12,9.412972092178674e-12,2.3090418466154006e-12,NaN,diag_feasible,0,0,0,0,0,0,91,1.619251812945824e-14,1.12.6,lbt,1,1,Intel(R) Core(TM) 7 150U,NT,2abc7cc
degen-r20-m5-d0-p4,100,Anderson-APM,1e-7*n,9.999999999999999e-6,33,33,0.1242445,0.0869263,69.9639018226159,0.0,0.0,0.0,0.0,0.0,0.0328736,0.004444599999999993,0.4298183549055286,1.156161335166082e-11,-3.6796680113001466e-15,1.7367218774211324e-12,1.7367218774211324e-12,6.507137724084149e-12,1.7367218774211324e-12,NaN,diag_feasible,0,0,0,0,0,0,33,1.619251812945824e-14,1.12.6,lbt,1,1,Intel(R) Core(TM) 7 150U,NT,2abc7cc
degen-r20-m20-d0.01-p0,100,SBB-Dual,1e-7*n,1.0e-11,46,47,0.1261193,0.1243869,98.62637994343451,0.0001493,6.81e-5,0.0001767,0.0,0.0,0.0,0.001338299999999995,0.4594864638046061,9.163890616830662e-12,-3.762590999021222e-15,1.538325022920617e-12,0.0,9.244179328821211e-12,1.538325022920617e-12,100.0,diag_feasible,0,0,0,0,0,0,46,1.5333140632601973e-14,1.12.6,lbt,1,1,Intel(R) Core(TM) 7 150U,NT,2abc7cc
degen-r20-m20-d0.01-p0,100,Newton-SIN-BH,1e-7*n,9.999999999999999e-6,4,5,0.0222284,0.015772,70.95427471163018,0.0,1.37e-5,0.0,0.0058655,0.0,0.0,0.0005771999999999973,0.45948646380461144,0.0,-3.33843712683296e-15,4.6629367034256575e-15,4.6629367034256575e-15,1.5333140632601973e-14,4.6629367034256575e-15,NaN,converged,24,24,0,0,0,0,4,1.5333140632601973e-14,1.12.6,lbt,1,1,Intel(R) Core(TM) 7 150U,NT,2abc7cc
degen-r20-m20-d0.01-p0,100,Newton-SIN,1e-7*n,9.999999999999999e-6,4,9,0.0273168,0.0225107,82.4060651320799,0.0,1.03e-5,0.0,0.0045022,0.0,0.0,0.00029359999999999716,0.45948646380461144,0.0,-3.33843712683296e-15,4.6629367034256575e-15,4.6629367034256575e-15,1.5333140632601973e-14,4.6629367034256575e-15,NaN,converged,24,24,0,0,0,0,4,1.5333140632601973e-14,1.12.6,lbt,1,1,Intel(R) Core(TM) 7 150U,NT,2abc7cc
degen-r20-m20-d0.01-p0,100,AGD-SDAJ-BH,1e-7*n,1.0e-11,10,63,0.2183508,0.2149438,98.43966681138791,0.0,0.0001875,0.0,0.0,0.0,0.0,0.003219500000000021,0.45948646380066993,7.86661739074755e-12,-3.098388982759449e-15,1.8691714842589136e-12,1.8691714842589136e-12,4.04965678212263e-12,1.8691714842589136e-12,NaN,diag_feasible_at_xpre,0,0,6,6,0,0,10,1.5333140632601973e-14,1.12.6,lbt,1,1,Intel(R) Core(TM) 7 150U,NT,2abc7cc
degen-r20-m20-d0.01-p0,100,AGD-SDAJ,1e-7*n,1.0e-11,10,75,0.2193719,0.2163864,98.63906908769994,0.0,0.0001132,0.0,0.0,0.0,0.0,0.002872300000000002,0.4594864637973928,1.5014314398791497e-11,-4.196008541255166e-15,4.0030201375884644e-12,4.0030201375884644e-12,7.915984305857321e-12,4.0030201375884644e-12,NaN,diag_feasible,0,0,16,7,9,0,10,1.5333140632601973e-14,1.12.6,lbt,1,1,Intel(R) Core(TM) 7 150U,NT,2abc7cc
degen-r20-m20-d0.01-p0,100,Dykstra-APM,1e-7*n,9.999999999999999e-6,105,105,0.3373508,0.3053631,90.51797120386257,0.0,0.0,0.0,0.0,0.0177301,0.0,0.01425760000000001,0.4594864637925533,2.0422182282045462e-11,-3.3741061358779255e-15,1.503241975342462e-12,1.503241975342462e-12,9.02993752304194e-12,1.503241975342462e-12,NaN,diag_feasible,0,0,0,0,0,0,105,1.5333140632601973e-14,1.12.6,lbt,1,1,Intel(R) Core(TM) 7 150U,NT,2abc7cc
degen-r20-m20-d0.01-p0,100,Anderson-APM,1e-7*n,9.999999999999999e-6,35,35,0.1592416,0.111378,69.94277877137633,0.0,0.0,0.0,0.0,0.0,0.0387033,0.009160300000000003,0.45948646379857283,1.073689965755783e-11,-3.708655816365605e-15,1.0165202013467933e-12,1.0165202013467933e-12,4.9776079687158296e-12,1.0165202013467933e-12,NaN,diag_feasible,0,0,0,0,0,0,35,1.5333140632601973e-14,1.12.6,lbt,1,1,Intel(R) Core(TM) 7 150U,NT,2abc7cc
degen-r20-m20-d0.01-p1,100,SBB-Dual,1e-7*n,1.0e-11,46,47,0.1193887,0.1177729,98.64660558327547,0.0001338,8.45e-5,0.0001182,0.0,0.0,0.0,0.0012793000000000008,0.455714372087348,8.141266639726774e-12,-3.3916857942142914e-15,1.362021606610142e-12,0.0,8.17582221853443e-12,1.362021606610142e-12,100.0,diag_feasible,0,0,0,0,0,0,46,7.972066185878801e-14,1.12.6,lbt,1,1,Intel(R) Core(TM) 7 150U,NT,2abc7cc
degen-r20-m20-d0.01-p1,100,Newton-SIN-BH,1e-7*n,9.999999999999999e-6,4,5,0.0190938,0.0135939,71.19536184520629,0.0,9.8e-6,0.0,0.0050427,0.0,0.0,0.0004474000000000006,0.4557143720873468,0.0,-3.698721969735351e-15,2.4202861936828413e-14,2.4202861936828413e-14,7.972066185878801e-14,2.4202861936828413e-14,NaN,converged,22,22,0,0,0,0,4,7.972066185878801e-14,1.12.6,lbt,1,1,Intel(R) Core(TM) 7 150U,NT,2abc7cc
degen-r20-m20-d0.01-p1,100,Newton-SIN,1e-7*n,9.999999999999999e-6,100,2859,8.3543329,7.9587349000000005,95.26475656721797,0.0,0.0042939,0.0,0.2673632,0.0,0.0,0.12394089999999874,0.455714371991502,1.8104128244624919e-9,-3.9767802929385825e-15,4.3230574675590105e-10,4.3230574675590105e-10,1.0860315228263963e-9,4.3230574675590105e-10,NaN,max_iter,1078,1078,2658,0,0,0,100,7.972066185878801e-14,1.12.6,lbt,1,1,Intel(R) Core(TM) 7 150U,NT,2abc7cc
degen-r20-m20-d0.01-p1,100,AGD-SDAJ-BH,1e-7*n,1.0e-11,13,92,0.2591524,0.2548932,98.3564883057228,0.0,0.0001468,0.0,0.0,0.0,0.0,0.004112400000000019,0.45571437208274945,9.285632400953184e-12,-3.078234192985909e-15,2.502886786714953e-12,2.502886786714953e-12,4.823515342135413e-12,2.502886786714953e-12,NaN,diag_feasible_at_xpre,0,0,17,17,0,0,13,7.972066185878801e-14,1.12.6,lbt,1,1,Intel(R) Core(TM) 7 150U,NT,2abc7cc
degen-r20-m20-d0.01-p1,100,AGD-SDAJ,1e-7*n,1.0e-11,10,88,0.2425199,0.2397802,98.87031950780121,0.0,0.0001284,0.0,0.0,0.0,0.0,0.0026113000000000117,0.4557143720837929,6.828898290953777e-12,-2.974308677948718e-15,1.5429879596240426e-12,1.5429879596240426e-12,3.4067381598563653e-12,1.5429879596240426e-12,NaN,diag_feasible,0,0,27,16,11,0,10,7.972066185878801e-14,1.12.6,lbt,1,1,Intel(R) Core(TM) 7 150U,NT,2abc7cc
degen-r20-m20-d0.01-p1,100,Dykstra-APM,1e-7*n,9.999999999999999e-6,105,105,0.3207379,0.2903556,90.52737453228944,0.0,0.0,0.0,0.0,0.0166497,0.0,0.013732600000000029,0.45571437207651216,1.8265804332907087e-11,-3.2905206136290307e-15,1.354694134647616e-12,1.354694134647616e-12,8.097457204147188e-12,1.354694134647616e-12,NaN,diag_feasible,0,0,0,0,0,0,105,7.972066185878801e-14,1.12.6,lbt,1,1,Intel(R) Core(TM) 7 150U,NT,2abc7cc
degen-r20-m20-d0.01-p1,100,Anderson-APM,1e-7*n,9.999999999999999e-6,37,37,0.143902,0.1020826,70.93897235618684,0.0,0.0,0.0,0.0,0.0,0.0370214,0.004798000000000004,0.45571437207976995,1.343955025927561e-11,-3.1609258756968874e-15,1.5079049120458876e-12,1.5079049120458876e-12,6.281015034033389e-12,1.5079049120458876e-12,NaN,diag_feasible,0,0,0,0,0,0,37,7.972066185878801e-14,1.12.6,lbt,1,1,Intel(R) Core(TM) 7 150U,NT,2abc7cc
degen-r20-m20-d0.01-p2,100,SBB-Dual,1e-7*n,1.0e-11,46,47,0.1244638,0.1228532,98.70596912515927,0.0001614,7.24e-5,0.0001131,0.0,0.0,0.0,0.0012637000000000037,0.45682247878930915,7.972803962599364e-12,-4.055616641448365e-15,1.2116974090758958e-12,0.0,8.56108701271666e-12,1.2116974090758958e-12,100.0,diag_feasible,0,0,0,0,0,0,46,5.5420149373879147e-14,1.12.6,lbt,1,1,Intel(R) Core(TM) 7 150U,NT,2abc7cc
degen-r20-m20-d0.01-p2,100,Newton-SIN-BH,1e-7*n,9.999999999999999e-6,4,5,0.0173214,0.0128499,74.18511205791678,0.0,9.0e-6,0.0,0.0040947,0.0,0.0,0.00036780000000000146,0.45682247878930676,0.0,-3.858205628829293e-15,2.708944180085382e-14,2.708944180085382e-14,5.5420149373879147e-14,2.708944180085382e-14,NaN,converged,22,22,0,0,0,0,4,5.5420149373879147e-14,1.12.6,lbt,1,1,Intel(R) Core(TM) 7 150U,NT,2abc7cc
degen-r20-m20-d0.01-p2,100,Newton-SIN,1e-7*n,9.999999999999999e-6,4,9,0.0306114,0.0245934,80.3406574021443,0.0,1.23e-5,0.0,0.0056186,0.0,0.0,0.0003870999999999996,0.45682247878930676,0.0,-3.858205628829293e-15,2.708944180085382e-14,2.708944180085382e-14,5.5420149373879147e-14,2.708944180085382e-14,NaN,converged,22,22,0,0,0,0,4,5.5420149373879147e-14,1.12.6,lbt,1,1,Intel(R) Core(TM) 7 150U,NT,2abc7cc
degen-r20-m20-d0.01-p2,100,AGD-SDAJ-BH,1e-7*n,1.0e-11,9,64,0.1539675,0.15225239999999998,98.88606361732182,0.0,8.07e-5,0.0,0.0,0.0,0.0,0.001634400000000025,0.45682247877947535,1.8994132280932952e-11,-3.2181096717233773e-15,2.2116752873557743e-12,2.2116752873557743e-12,9.54972531802011e-12,2.2116752873557743e-12,NaN,diag_feasible,0,0,9,9,0,0,9,5.5420149373879147e-14,1.12.6,lbt,1,1,Intel(R) Core(TM) 7 150U,NT,2abc7cc
degen-r20-m20-d0.01-p2,100,AGD-SDAJ,1e-7*n,1.0e-11,10,87,0.2309629,0.2284526,98.91311548304944,0.0,0.0001167,0.0,0.0,0.0,0.0,0.002393599999999993,0.456822478785261,9.193935873004077e-12,-3.6228193316918535e-15,3.1258329258321282e-12,3.1258329258321282e-12,5.131167317185203e-12,3.1258329258321282e-12,NaN,diag_feasible,0,0,28,11,17,0,10,5.5420149373879147e-14,1.12.6,lbt,1,1,Intel(R) Core(TM) 7 150U,NT,2abc7cc
degen-r20-m20-d0.01-p2,100,Dykstra-APM,1e-7*n,9.999999999999999e-6,105,105,0.3218938,0.2918678,90.67207880363027,0.0,0.0,0.0,0.0,0.0171467,0.0,0.012879299999999996,0.4568224787779762,1.896701339982771e-11,-3.051401114777559e-15,1.192157483842493e-12,1.192157483842493e-12,8.408340295050886e-12,1.192157483842493e-12,NaN,diag_feasible,0,0,0,0,0,0,105,5.5420149373879147e-14,1.12.6,lbt,1,1,Intel(R) Core(TM) 7 150U,NT,2abc7cc
degen-r20-m20-d0.01-p2,100,Anderson-APM,1e-7*n,9.999999999999999e-6,38,38,0.1346214,0.0937922,69.67109241175623,0.0,0.0,0.0,0.0,0.0,0.0361303,0.004698899999999999,0.45682247877712256,2.16771928941654e-11,-3.2712802076690014e-15,2.538858012712808e-12,2.538858012712808e-12,9.976689107174211e-12,2.538858012712808e-12,NaN,diag_feasible,0,0,0,0,0,0,38,5.5420149373879147e-14,1.12.6,lbt,1,1,Intel(R) Core(TM) 7 150U,NT,2abc7cc
degen-r20-m20-d0.01-p3,100,SBB-Dual,1e-7*n,1.0e-11,46,47,0.131288,0.1295387,98.667585765645,0.0001566,8.1e-5,0.000167,0.0,0.0,0.0,0.0013446999999999815,0.46037642504610826,8.168605739777423e-12,-3.272294463519286e-15,1.2423395645555502e-12,0.0,7.715258124719192e-12,1.2423395645555502e-12,100.0,diag_feasible,0,0,0,0,0,0,46,3.2548474892948313e-14,1.12.6,lbt,1,1,Intel(R) Core(TM) 7 150U,NT,2abc7cc
degen-r20-m20-d0.01-p3,100,Newton-SIN-BH,1e-7*n,9.999999999999999e-6,4,5,0.0238003,0.017552599999999998,73.74949055264008,0.0,1.41e-5,0.0,0.0056066,0.0,0.0,0.0006270000000000017,0.46037642504611276,0.0,-3.818675441895937e-15,1.2434497875801753e-14,1.2434497875801753e-14,3.2548474892948313e-14,1.2434497875801753e-14,NaN,converged,22,22,0,0,0,0,4,3.2548474892948313e-14,1.12.6,lbt,1,1,Intel(R) Core(TM) 7 150U,NT,2abc7cc
degen-r20-m20-d0.01-p3,100,Newton-SIN,1e-7*n,9.999999999999999e-6,4,9,0.0387847,0.0315601,81.37255154738854,0.0,1.59e-5,0.0,0.006724,0.0,0.0,0.00048469999999999763,0.46037642504611276,0.0,-3.818675441895937e-15,1.2434497875801753e-14,1.2434497875801753e-14,3.2548474892948313e-14,1.2434497875801753e-14,NaN,converged,22,22,0,0,0,0,4,3.2548474892948313e-14,1.12.6,lbt,1,1,Intel(R) Core(TM) 7 150U,NT,2abc7cc
degen-r20-m20-d0.01-p3,100,AGD-SDAJ-BH,1e-7*n,1.0e-11,9,65,0.1976769,0.1929299,97.59860661513814,0.0,0.000112,0.0,0.0,0.0,0.0,0.004635000000000001,0.4603764250432659,5.728300509954737e-12,-3.1019508227122526e-15,1.2788659020657178e-12,1.2788659020657178e-12,2.905465693087544e-12,1.2788659020657178e-12,NaN,diag_feasible,0,0,10,10,0,0,9,3.2548474892948313e-14,1.12.6,lbt,1,1,Intel(R) Core(TM) 7 150U,NT,2abc7cc
degen-r20-m20-d0.01-p3,100,AGD-SDAJ,1e-7*n,1.0e-11,98,4035,12.8284904,12.6407858,98.53681458887789,0.0,0.0077697,0.0,0.0,0.0,0.0,0.1799349,0.4603763915483243,8.023180864869675e-8,-3.1007731791675485e-15,3.147774152445493e-8,3.147774152445493e-8,4.575829988480401e-8,3.147774152445493e-8,NaN,evd_budget,0,0,3539,377,3162,0,98,3.2548474892948313e-14,1.12.6,lbt,1,1,Intel(R) Core(TM) 7 150U,NT,2abc7cc
degen-r20-m20-d0.01-p3,100,Dykstra-APM,1e-7*n,9.999999999999999e-6,104,104,0.3479308,0.3192222,91.7487615353398,0.0,0.0,0.0,0.0,0.0149563,0.0,0.013752299999999973,0.46037642503321846,2.191785047322336e-11,-3.5143902114911844e-15,1.567412866165796e-12,1.567412866165796e-12,9.714989602944707e-12,1.567412866165796e-12,NaN,diag_feasible,0,0,0,0,0,0,104,3.2548474892948313e-14,1.12.6,lbt,1,1,Intel(R) Core(TM) 7 150U,NT,2abc7cc
degen-r20-m20-d0.01-p3,100,Anderson-APM,1e-7*n,9.999999999999999e-6,30,30,0.1265789,0.0883195,69.77426727519357,0.0,0.0,0.0,0.0,0.0,0.0339423,0.004317099999999997,0.46037642504371695,6.458096948106712e-12,-3.1965588800098137e-15,9.210410212290299e-13,9.210410212290299e-13,3.5747842118221185e-12,9.210410212290299e-13,NaN,diag_feasible,0,0,0,0,0,0,30,3.2548474892948313e-14,1.12.6,lbt,1,1,Intel(R) Core(TM) 7 150U,NT,2abc7cc
degen-r20-m20-d0.01-p4,100,SBB-Dual,1e-7*n,1.0e-11,46,47,0.1113305,0.10996539999999999,98.7738310705512,0.0001197,5.98e-5,5.38e-5,0.0,0.0,0.0,0.001131800000000008,0.45907961623065885,8.947059160368821e-12,-3.624194883659028e-15,1.4566126083082054e-12,0.0,8.796488989842673e-12,1.4566126083082054e-12,100.0,diag_feasible,0,0,0,0,0,0,46,4.4431952140609876e-14,1.12.6,lbt,1,1,Intel(R) Core(TM) 7 150U,NT,2abc7cc
degen-r20-m20-d0.01-p4,100,Newton-SIN-BH,1e-7*n,9.999999999999999e-6,4,5,0.0112165,0.0080153,71.45990282173582,0.0,7.1e-6,0.0,0.0029007,0.0,0.0,0.0002934000000000014,0.4590796162306617,0.0,-4.031711138200224e-15,1.1657341758564144e-14,1.1657341758564144e-14,4.4431952140609876e-14,1.1657341758564144e-14,NaN,converged,22,22,0,0,0,0,4,4.4431952140609876e-14,1.12.6,lbt,1,1,Intel(R) Core(TM) 7 150U,NT,2abc7cc
degen-r20-m20-d0.01-p4,100,Newton-SIN,1e-7*n,9.999999999999999e-6,4,9,0.0442726,0.0355469,80.2909700356428,0.0,1.54e-5,0.0,0.0059853,0.0,0.0,0.0027250000000000026,0.4590796162306617,0.0,-4.031711138200224e-15,1.1657341758564144e-14,1.1657341758564144e-14,4.4431952140609876e-14,1.1657341758564144e-14,NaN,converged,22,22,0,0,0,0,4,4.4431952140609876e-14,1.12.6,lbt,1,1,Intel(R) Core(TM) 7 150U,NT,2abc7cc
degen-r20-m20-d0.01-p4,100,AGD-SDAJ-BH,1e-7*n,1.0e-11,12,94,0.2697875,0.2664361,98.75776305425566,0.0,0.0001786,0.0,0.0,0.0,0.0,0.0031728000000000043,0.45907961622722826,6.428730302124066e-12,-3.742793004251882e-15,1.0880185641326534e-12,1.0880185641326534e-12,3.117004671127296e-12,1.0880185641326534e-12,NaN,diag_feasible,0,0,21,21,0,0,12,4.4431952140609876e-14,1.12.6,lbt,1,1,Intel(R) Core(TM) 7 150U,NT,2abc7cc
degen-r20-m20-d0.01-p4,100,AGD-SDAJ,1e-7*n,1.0e-11,118,4018,12.9775136,12.6868711,97.76041459898758,0.0,0.0069422,0.0,0.0,0.0,0.0,0.28370030000000057,0.4590796156164967,1.1825807707841848e-9,-3.39917883981747e-15,4.2046699455511316e-10,4.2046699455511316e-10,6.169720588429417e-10,4.2046699455511316e-10,NaN,evd_budget,0,0,3419,451,2968,0,118,4.4431952140609876e-14,1.12.6,lbt,1,1,Intel(R) Core(TM) 7 150U,NT,2abc7cc
degen-r20-m20-d0.01-p4,100,Dykstra-APM,1e-7*n,9.999999999999999e-6,105,105,0.3258286,0.2992905,91.85519625962853,0.0,0.0,0.0,0.0,0.0136143,0.0,0.01292380000000001,0.45907961621913657,1.9594641549961904e-11,-3.686624675968541e-15,1.4357404154452524e-12,1.4357404154452524e-12,8.671541501847822e-12,1.4357404154452524e-12,NaN,diag_feasible,0,0,0,0,0,0,105,4.4431952140609876e-14,1.12.6,lbt,1,1,Intel(R) Core(TM) 7 150U,NT,2abc7cc
degen-r20-m20-d0.01-p4,100,Anderson-APM,1e-7*n,9.999999999999999e-6,35,35,0.1197051,0.0837406,69.95574958794572,0.0,0.0,0.0,0.0,0.0,0.0315531,0.004411399999999996,0.45907961622111076,1.7030444560780346e-11,-3.1749532414957314e-15,1.453503983839255e-12,1.453503983839255e-12,7.805563507652272e-12,1.453503983839255e-12,NaN,diag_feasible,0,0,0,0,0,0,35,4.4431952140609876e-14,1.12.6,lbt,1,1,Intel(R) Core(TM) 7 150U,NT,2abc7cc
degen-r20-m20-d0.0001-p0,100,SBB-Dual,1e-7*n,1.0e-11,42,43,0.078334,0.0773089,98.69137283938008,6.64e-5,4.49e-5,4.79e-5,0.0,0.0,0.0,0.000865900000000001,0.48158532372426976,6.1538627441060665e-12,-3.626449140069477e-15,1.0329515021112456e-12,0.0,6.207210651025753e-12,1.0329515021112456e-12,100.0,diag_feasible,0,0,0,0,0,0,42,1.464442667554174e-14,1.12.6,lbt,1,1,Intel(R) Core(TM) 7 150U,NT,2abc7cc
degen-r20-m20-d0.0001-p0,100,Newton-SIN-BH,1e-7*n,9.999999999999999e-6,4,5,0.0118734,0.008929600000000001,75.20676470092813,0.0,6.4e-6,0.0,0.0026306,0.0,0.0,0.00030679999999999813,0.4815853237242708,0.0,-3.1639759330706842e-15,3.9968028886505635e-15,3.9968028886505635e-15,1.464442667554174e-14,3.9968028886505635e-15,NaN,converged,23,23,0,0,0,0,4,1.464442667554174e-14,1.12.6,lbt,1,1,Intel(R) Core(TM) 7 150U,NT,2abc7cc
degen-r20-m20-d0.0001-p0,100,Newton-SIN,1e-7*n,9.999999999999999e-6,4,9,0.0252539,0.020900000000000002,82.75949457311546,0.0,7.9e-6,0.0,0.0041043,0.0,0.0,0.00024169999999999747,0.4815853237242708,0.0,-3.1639759330706842e-15,3.9968028886505635e-15,3.9968028886505635e-15,1.464442667554174e-14,3.9968028886505635e-15,NaN,converged,23,23,0,0,0,0,4,1.464442667554174e-14,1.12.6,lbt,1,1,Intel(R) Core(TM) 7 150U,NT,2abc7cc
degen-r20-m20-d0.0001-p0,100,AGD-SDAJ-BH,1e-7*n,1.0e-11,10,67,0.1759103,0.1735237,98.64328581100709,0.0,0.0001618,0.0,0.0,0.0,0.0,0.0022247999999999886,0.4815853237318218,1.680101644776006e-11,-3.2203455452624713e-15,5.9153792975052966e-12,5.9153792975052966e-12,9.131493337450253e-12,5.9153792975052966e-12,NaN,diag_feasible_at_xpre,0,0,10,10,0,0,10,1.464442667554174e-14,1.12.6,lbt,1,1,Intel(R) Core(TM) 7 150U,NT,2abc7cc
degen-r20-m20-d0.0001-p0,100,AGD-SDAJ,1e-7*n,1.0e-11,11,84,0.2670616,0.2635798,98.6962558450934,0.0,0.0001602,0.0,0.0,0.0,0.0,0.0033216000000000348,0.4815853237300367,1.217618968840388e-11,-3.4007353046607545e-15,2.880806704297356e-12,2.880806704297356e-12,6.167491465702063e-12,2.880806704297356e-12,NaN,diag_feasible,0,0,17,13,4,0,11,1.464442667554174e-14,1.12.6,lbt,1,1,Intel(R) Core(TM) 7 150U,NT,2abc7cc
degen-r20-m20-d0.0001-p0,100,Dykstra-APM,1e-7*n,9.999999999999999e-6,95,95,0.2995392,0.2778148,92.74739332948742,0.0,0.0,0.0,0.0,0.0103601,0.0,0.011364300000000032,0.48158532371214074,2.2236902053250767e-11,-3.1514864932965954e-15,1.6358026044827056e-12,1.6358026044827056e-12,9.835650958461056e-12,1.6358026044827056e-12,NaN,diag_feasible,0,0,0,0,0,0,95,1.464442667554174e-14,1.12.6,lbt,1,1,Intel(R) Core(TM) 7 150U,NT,2abc7cc
degen-r20-m20-d0.0001-p0,100,Anderson-APM,1e-7*n,9.999999999999999e-6,34,34,0.1685906,0.1180269,70.00799570082792,0.0,0.0,0.0,0.0,0.0,0.0449567,0.005607000000000001,0.48158532372729396,8.331540248314556e-12,-3.288229622432188e-15,1.2523315717771766e-12,1.2523315717771766e-12,4.507451100598223e-12,1.2523315717771766e-12,NaN,diag_feasible,0,0,0,0,0,0,34,1.464442667554174e-14,1.12.6,lbt,1,1,Intel(R) Core(TM) 7 150U,NT,2abc7cc
degen-r20-m20-d0.0001-p1,100,SBB-Dual,1e-7*n,1.0e-11,42,43,0.1179796,0.11636679999999999,98.63298400740466,0.0001279,8.23e-5,0.0001255,0.0,0.0,0.0,0.0012771000000000115,0.4769417013071254,6.23968420874079e-12,-3.167550473107656e-15,1.0293987884324451e-12,0.0,6.1923982587319665e-12,1.0293987884324451e-12,100.0,diag_feasible,0,0,0,0,0,0,42,9.883541843614818e-14,1.12.6,lbt,1,1,Intel(R) Core(TM) 7 150U,NT,2abc7cc
degen-r20-m20-d0.0001-p1,100,Newton-SIN-BH,1e-7*n,9.999999999999999e-6,4,5,0.0228793,0.0139238,60.857631133819645,0.0,9.3e-6,0.0,0.0084328,0.0,0.0,0.0005134000000000007,0.4769417013071234,0.0,-3.5905278827648604e-15,2.653433028854124e-14,2.653433028854124e-14,9.883541843614818e-14,2.653433028854124e-14,NaN,converged,23,23,0,0,0,0,4,9.883541843614818e-14,1.12.6,lbt,1,1,Intel(R) Core(TM) 7 150U,NT,2abc7cc
degen-r20-m20-d0.0001-p1,100,Newton-SIN,1e-7*n,9.999999999999999e-6,10,68,0.1922964,0.1733169,90.13008043832333,0.0,8.44e-5,0.0,0.0170663,0.0,0.0,0.0018288000000000124,0.4769417013071289,4.4086781261063275e-13,-3.4877129904898683e-15,6.994405055138486e-15,6.994405055138486e-15,2.5020446799589595e-14,6.994405055138486e-15,NaN,converged,94,94,47,0,0,0,10,9.883541843614818e-14,1.12.6,lbt,1,1,Intel(R) Core(TM) 7 150U,NT,2abc7cc
degen-r20-m20-d0.0001-p1,100,AGD-SDAJ-BH,1e-7*n,1.0e-11,11,80,0.2294497,0.2261343,98.5550645740657,0.0,0.0001262,0.0,0.0,0.0,0.0,0.003189199999999996,0.4769417013104573,1.2962911967250098e-11,-3.0942987782750874e-15,3.54605234065275e-12,3.54605234065275e-12,7.632688051909481e-12,3.54605234065275e-12,NaN,diag_feasible_at_xpre,0,0,15,15,0,0,11,9.883541843614818e-14,1.12.6,lbt,1,1,Intel(R) Core(TM) 7 150U,NT,2abc7cc
degen-r20-m20-d0.0001-p1,100,AGD-SDAJ,1e-7*n,1.0e-11,10,99,0.3085311,0.3046035,98.72700029267715,0.0,0.0001893,0.0,0.0,0.0,0.0,0.0037382999999999757,0.4769417013171327,1.9722961646334814e-11,-3.89024852583026e-15,3.255617997410809e-12,3.255617997410809e-12,9.422393485225802e-12,3.255617997410809e-12,NaN,diag_feasible,0,0,38,20,18,0,10,9.883541843614818e-14,1.12.6,lbt,1,1,Intel(R) Core(TM) 7 150U,NT,2abc7cc
degen-r20-m20-d0.0001-p1,100,Dykstra-APM,1e-7*n,9.999999999999999e-6,95,95,0.2803574,0.2605213,92.92470967415164,0.0,0.0,0.0,0.0,0.0091282,0.0,0.010707899999999968,0.476941701295067,2.199346982308425e-11,-3.802859016455141e-15,1.6302514893595799e-12,1.6302514893595799e-12,9.750840507841793e-12,1.6302514893595799e-12,NaN,diag_feasible,0,0,0,0,0,0,95,9.883541843614818e-14,1.12.6,lbt,1,1,Intel(R) Core(TM) 7 150U,NT,2abc7cc
degen-r20-m20-d0.0001-p1,100,Anderson-APM,1e-7*n,9.999999999999999e-6,31,31,0.1161625,0.081074,69.79360809211234,0.0,0.0,0.0,0.0,0.0,0.0309331,0.004155400000000007,0.47694170131347097,1.4898487038524584e-11,-3.431636718162441e-15,2.1914692283075965e-12,2.1914692283075965e-12,7.618611803360426e-12,2.1914692283075965e-12,NaN,diag_feasible,0,0,0,0,0,0,31,9.883541843614818e-14,1.12.6,lbt,1,1,Intel(R) Core(TM) 7 150U,NT,2abc7cc
degen-r20-m20-d0.0001-p2,100,SBB-Dual,1e-7*n,1.0e-11,42,43,0.1226966,0.1209217,98.55342364825104,0.0001756,8.79e-5,0.0001276,0.0,0.0,0.0,0.00138380000000001,0.47846273012547247,6.830029603458241e-12,-2.961569466425759e-15,1.0385026172343714e-12,0.0,7.336105377160393e-12,1.0385026172343714e-12,100.0,diag_feasible,0,0,0,0,0,0,42,1.520640828213254e-14,1.12.6,lbt,1,1,Intel(R) Core(TM) 7 150U,NT,2abc7cc
degen-r20-m20-d0.0001-p2,100,Newton-SIN-BH,1e-7*n,9.999999999999999e-6,4,5,0.0225194,0.0161416,71.67864152686128,0.0,1.68e-5,0.0,0.0056415,0.0,0.0,0.0007194999999999997,0.4784627301254745,0.0,-3.9517119911973845e-15,4.6629367034256575e-15,4.6629367034256575e-15,1.520640828213254e-14,4.6629367034256575e-15,NaN,converged,20,20,0,0,0,0,4,1.520640828213254e-14,1.12.6,lbt,1,1,Intel(R) Core(TM) 7 150U,NT,2abc7cc
degen-r20-m20-d0.0001-p2,100,Newton-SIN,1e-7*n,9.999999999999999e-6,4,9,0.0262195,0.0215763,82.29104292606648,0.0,9.4e-6,0.0,0.0041467,0.0,0.0,0.0004871000000000007,0.4784627301254745,0.0,-3.9517119911973845e-15,4.6629367034256575e-15,4.6629367034256575e-15,1.520640828213254e-14,4.6629367034256575e-15,NaN,converged,20,20,0,0,0,0,4,1.520640828213254e-14,1.12.6,lbt,1,1,Intel(R) Core(TM) 7 150U,NT,2abc7cc
degen-r20-m20-d0.0001-p2,100,AGD-SDAJ-BH,1e-7*n,1.0e-11,10,73,0.1878583,0.18585829999999998,98.9353677745407,0.0,8.88e-5,0.0,0.0,0.0,0.0,0.0019112000000000295,0.47846273012995666,1.0311025046111551e-11,-3.4553396044499793e-15,3.5961233990633446e-12,3.5961233990633446e-12,5.623710939625484e-12,3.5961233990633446e-12,NaN,diag_feasible,0,0,12,12,0,0,10,1.520640828213254e-14,1.12.6,lbt,1,1,Intel(R) Core(TM) 7 150U,NT,2abc7cc
degen-r20-m20-d0.0001-p2,100,AGD-SDAJ,1e-7*n,1.0e-11,9,66,0.1691839,0.16721760000000002,98.83777357065301,0.0,8.96e-5,0.0,0.0,0.0,0.0,0.0018766999999999764,0.47846273013428825,1.7984230608374527e-11,-4.249092275380123e-15,3.2935876248529894e-12,3.2935876248529894e-12,8.985190903861286e-12,3.2935876248529894e-12,NaN,diag_feasible,0,0,11,8,3,0,9,1.520640828213254e-14,1.12.6,lbt,1,1,Intel(R) Core(TM) 7 150U,NT,2abc7cc
degen-r20-m20-d0.0001-p2,100,Dykstra-APM,1e-7*n,9.999999999999999e-6,96,96,0.2341008,0.2167749,92.59895737220889,0.0,0.0,0.0,0.0,0.008423,0.0,0.008902900000000005,0.4784627301144249,2.0003378323280934e-11,-3.7270376895899126e-15,1.2567724638756772e-12,1.2567724638756772e-12,8.866762355336554e-12,1.2567724638756772e-12,NaN,diag_feasible,0,0,0,0,0,0,96,1.520640828213254e-14,1.12.6,lbt,1,1,Intel(R) Core(TM) 7 150U,NT,2abc7cc
degen-r20-m20-d0.0001-p2,100,Anderson-APM,1e-7*n,9.999999999999999e-6,37,37,0.0843941,0.0687444,81.45640512784661,0.0,0.0,0.0,0.0,0.0,0.0136662,0.0019835000000000026,0.47846273013307483,1.5643212562938477e-11,-3.0196629341582275e-15,1.7587042933087105e-12,1.7587042933087105e-12,7.549766598597288e-12,1.7587042933087105e-12,NaN,diag_feasible,0,0,0,0,0,0,37,1.520640828213254e-14,1.12.6,lbt,1,1,Intel(R) Core(TM) 7 150U,NT,2abc7cc
degen-r20-m20-d0.0001-p3,100,SBB-Dual,1e-7*n,1.0e-11,41,42,0.1106655,0.1090588,98.54814734492683,0.0002005,6.21e-5,0.0001191,0.0,0.0,0.0,0.0012250000000000026,0.4824777853296519,7.599380128091709e-12,-3.4936147390560486e-15,1.1568523916594131e-12,0.0,7.173127932799839e-12,1.1568523916594131e-12,100.0,diag_feasible,0,0,0,0,0,0,41,2.9576349711020686e-14,1.12.6,lbt,1,1,Intel(R) Core(TM) 7 150U,NT,2abc7cc
degen-r20-m20-d0.0001-p3,100,Newton-SIN-BH,1e-7*n,9.999999999999999e-6,4,5,0.0176305,0.0131421,74.54184509798361,0.0,9.6e-6,0.0,0.0040433,0.0,0.0,0.0004355000000000001,0.4824777853296471,0.0,-3.639807035833733e-15,1.021405182655144e-14,1.021405182655144e-14,2.9576349711020686e-14,1.021405182655144e-14,NaN,converged,21,21,0,0,0,0,4,2.9576349711020686e-14,1.12.6,lbt,1,1,Intel(R) Core(TM) 7 150U,NT,2abc7cc
degen-r20-m20-d0.0001-p3,100,Newton-SIN,1e-7*n,9.999999999999999e-6,5,12,0.0428399,0.0351122,81.96144248702728,0.0,1.36e-5,0.0,0.0073474,0.0,0.0,0.0003666999999999976,0.48247778532965363,9.580225613246322e-14,-3.872834202793017e-15,6.106226635438361e-15,6.106226635438361e-15,1.6786410591167913e-14,6.106226635438361e-15,NaN,converged,32,32,1,0,0,0,5,2.9576349711020686e-14,1.12.6,lbt,1,1,Intel(R) Core(TM) 7 150U,NT,2abc7cc
degen-r20-m20-d0.0001-p3,100,AGD-SDAJ-BH,1e-7*n,1.0e-11,9,64,0.2018369,0.19897209999999999,98.58063614730506,0.0,0.0001349,0.0,0.0,0.0,0.0,0.0027299000000000286,0.48247778533382063,8.886720081352846e-12,-3.43025880973429e-15,2.9979352333953102e-12,2.9979352333953102e-12,4.6659043777910094e-12,2.9979352333953102e-12,NaN,diag_feasible,0,0,9,9,0,0,9,2.9576349711020686e-14,1.12.6,lbt,1,1,Intel(R) Core(TM) 7 150U,NT,2abc7cc
degen-r20-m20-d0.0001-p3,100,AGD-SDAJ,1e-7*n,1.0e-11,9,65,0.1753433,0.1733,98.83468601309546,0.0,8.91e-5,0.0,0.0,0.0,0.0,0.001954199999999998,0.48247778533381436,8.891381344600501e-12,-3.896173195828684e-15,3.0118130212031247e-12,3.0118130212031247e-12,4.675249972086001e-12,3.0118130212031247e-12,NaN,diag_feasible,0,0,10,9,1,0,9,2.9576349711020686e-14,1.12.6,lbt,1,1,Intel(R) Core(TM) 7 150U,NT,2abc7cc
degen-r20-m20-d0.0001-p3,100,Dykstra-APM,1e-7*n,9.999999999999999e-6,94,94,0.2988759,0.2745863,91.87301485332205,0.0,0.0,0.0,0.0,0.010349,0.0,0.013940600000000022,0.4824777853181681,2.1136307363430334e-11,-2.938874655812989e-15,1.5090151350705128e-12,1.5090151350705128e-12,9.376092985715071e-12,1.5090151350705128e-12,NaN,diag_feasible,0,0,0,0,0,0,94,2.9576349711020686e-14,1.12.6,lbt,1,1,Intel(R) Core(TM) 7 150U,NT,2abc7cc
degen-r20-m20-d0.0001-p3,100,Anderson-APM,1e-7*n,9.999999999999999e-6,32,32,0.1213235,0.0851648,70.19645822944442,0.0,0.0,0.0,0.0,0.0,0.0319689,0.0041898000000000005,0.4824777853337054,7.944207929792945e-12,-4.083791744572557e-15,7.175371408152387e-13,7.175371408152387e-13,3.728430433533855e-12,7.175371408152387e-13,NaN,diag_feasible,0,0,0,0,0,0,32,2.9576349711020686e-14,1.12.6,lbt,1,1,Intel(R) Core(TM) 7 150U,NT,2abc7cc
degen-r20-m20-d0.0001-p4,100,SBB-Dual,1e-7*n,1.0e-11,42,43,0.1255943,0.1235799,98.39610555574578,0.0001949,7.65e-5,0.0001183,0.0,0.0,0.0,0.0016246999999999857,0.4809860962837004,6.57166984250034e-12,-3.3552012847251253e-15,1.0682565942943256e-12,0.0,6.454427981696363e-12,1.0682565942943256e-12,100.0,diag_feasible,0,0,0,0,0,0,42,2.7724916526980052e-14,1.12.6,lbt,1,1,Intel(R) Core(TM) 7 150U,NT,2abc7cc
degen-r20-m20-d0.0001-p4,100,Newton-SIN-BH,1e-7*n,9.999999999999999e-6,4,5,0.0193074,0.013881200000000002,71.89574981613269,0.0,9.7e-6,0.0,0.0048935,0.0,0.0,0.0005229999999999974,0.48098609628370115,0.0,-3.641107570074016e-15,1.1102230246251565e-14,1.1102230246251565e-14,2.7724916526980052e-14,1.1102230246251565e-14,NaN,converged,23,23,0,0,0,0,4,2.7724916526980052e-14,1.12.6,lbt,1,1,Intel(R) Core(TM) 7 150U,NT,2abc7cc
degen-r20-m20-d0.0001-p4,100,Newton-SIN,1e-7*n,9.999999999999999e-6,4,9,0.0399109,0.0321663,80.59527597723931,0.0,1.38e-5,0.0,0.0070102,0.0,0.0,0.0007205999999999975,0.48098609628370115,0.0,-3.641107570074016e-15,1.1102230246251565e-14,1.1102230246251565e-14,2.7724916526980052e-14,1.1102230246251565e-14,NaN,converged,23,23,0,0,0,0,4,2.7724916526980052e-14,1.12.6,lbt,1,1,Intel(R) Core(TM) 7 150U,NT,2abc7cc
degen-r20-m20-d0.0001-p4,100,AGD-SDAJ-BH,1e-7*n,1.0e-11,13,98,0.3081373,0.3041246,98.6977558380631,0.0,0.0001954,0.0,0.0,0.0,0.0,0.00381729999999998,0.48098609628880656,1.2804877596870464e-11,-3.1672207772031616e-15,6.4295235802092066e-12,6.4295235802092066e-12,7.595087896307682e-12,6.4295235802092066e-12,NaN,diag_feasible_at_xpre,0,0,23,23,0,0,13,2.7724916526980052e-14,1.12.6,lbt,1,1,Intel(R) Core(TM) 7 150U,NT,2abc7cc
degen-r20-m20-d0.0001-p4,100,AGD-SDAJ,1e-7*n,1.0e-11,12,90,0.2902558,0.2847095,98.08916824401098,0.0,0.0001548,0.0,0.0,0.0,0.0,0.005391500000000004,0.48098609628818617,1.0726802183940127e-11,-3.3910578388958372e-15,5.123457214040172e-12,5.123457214040172e-12,6.2065632110259036e-12,5.123457214040172e-12,NaN,diag_feasible_at_xpre,0,0,21,17,4,0,12,2.7724916526980052e-14,1.12.6,lbt,1,1,Intel(R) Core(TM) 7 150U,NT,2abc7cc
degen-r20-m20-d0.0001-p4,100,Dykstra-APM,1e-7*n,9.999999999999999e-6,95,95,0.2905214,0.2697728,92.8581508969735,0.0,0.0,0.0,0.0,0.010043,0.0,0.010705600000000006,0.4809860962714985,2.246770186513623e-11,-3.790064214186858e-15,1.6440182548649318e-12,1.6440182548649318e-12,9.945067485527022e-12,1.6440182548649318e-12,NaN,diag_feasible,0,0,0,0,0,0,95,2.7724916526980052e-14,1.12.6,lbt,1,1,Intel(R) Core(TM) 7 150U,NT,2abc7cc
degen-r20-m20-d0.0001-p4,100,Anderson-APM,1e-7*n,9.999999999999999e-6,36,36,0.142478,0.1009971,70.88610171394882,0.0,0.0,0.0,0.0,0.0,0.0365614,0.004919499999999986,0.48098609629060124,1.633871209631978e-11,-4.3573839858944514e-15,2.9057867223514222e-12,2.9057867223514222e-12,8.291437942605089e-12,2.9057867223514222e-12,NaN,diag_feasible,0,0,0,0,0,0,36,2.7724916526980052e-14,1.12.6,lbt,1,1,Intel(R) Core(TM) 7 150U,NT,2abc7cc
degen-r20-m20-d1e-06-p0,100,SBB-Dual,1e-7*n,1.0e-11,37,38,0.0762193,0.0752391,98.71397401970367,6.38e-5,4.35e-5,4.98e-5,0.0,0.0,0.0,0.0008231000000000004,0.48181687782849275,7.76447183215688e-12,-3.156661511098991e-15,1.304512053934559e-12,0.0,7.822860131587737e-12,1.304512053934559e-12,100.0,diag_feasible,0,0,0,0,0,0,37,2.852149769304263e-14,1.12.6,lbt,1,1,Intel(R) Core(TM) 7 150U,NT,2abc7cc
degen-r20-m20-d1e-06-p0,100,Newton-SIN-BH,1e-7*n,9.999999999999999e-6,4,5,0.0187922,0.0137245,73.03296048360491,0.0,1.01e-5,0.0,0.0046525,0.0,0.0,0.00040509999999999765,0.48181687782849236,5.429061183474247e-13,-3.2250245239365686e-15,1.318944953254686e-13,1.318944953254686e-13,3.0687446059297643e-13,1.318944953254686e-13,NaN,converged,19,19,0,0,0,0,4,2.852149769304263e-14,1.12.6,lbt,1,1,Intel(R) Core(TM) 7 150U,NT,2abc7cc
degen-r20-m20-d1e-06-p0,100,Newton-SIN,1e-7*n,9.999999999999999e-6,4,9,0.0302572,0.0250177,82.68346046560818,0.0,1.23e-5,0.0,0.0048476,0.0,0.0,0.00037960000000000164,0.48181687782849236,5.429061183474247e-13,-3.2250245239365686e-15,1.318944953254686e-13,1.318944953254686e-13,3.0687446059297643e-13,1.318944953254686e-13,NaN,converged,19,19,0,0,0,0,4,2.852149769304263e-14,1.12.6,lbt,1,1,Intel(R) Core(TM) 7 150U,NT,2abc7cc
degen-r20-m20-d1e-06-p0,100,AGD-SDAJ-BH,1e-7*n,1.0e-11,11,82,0.1791173,0.17695899999999998,98.79503543208834,0.0,9.55e-5,0.0,0.0,0.0,0.0,0.0020628000000000295,0.48181687783272964,8.901094903491507e-12,-3.0746269812660466e-15,2.0616841567289157e-12,2.0616841567289157e-12,4.4781064755856546e-12,2.0616841567289157e-12,NaN,diag_feasible_at_xpre,0,0,19,19,0,0,11,2.852149769304263e-14,1.12.6,lbt,1,1,Intel(R) Core(TM) 7 150U,NT,2abc7cc
degen-r20-m20-d1e-06-p0,100,AGD-SDAJ,1e-7*n,1.0e-11,11,83,0.2103999,0.2049763,97.42224212083751,0.0,0.0001031,0.0,0.0,0.0,0.0,0.005320500000000001,0.48181687783272775,8.899102010776835e-12,-3.309702154998202e-15,2.065014825802791e-12,2.065014825802791e-12,4.478353839326291e-12,2.065014825802791e-12,NaN,diag_feasible_at_xpre,0,0,20,19,1,0,11,2.852149769304263e-14,1.12.6,lbt,1,1,Intel(R) Core(TM) 7 150U,NT,2abc7cc
degen-r20-m20-d1e-06-p0,100,Dykstra-APM,1e-7*n,9.999999999999999e-6,87,87,0.2477554,0.2301954,92.91236437228008,0.0,0.0,0.0,0.0,0.0087664,0.0,0.008793599999999992,0.48181687781854726,1.825353044760426e-11,-3.1913648462323504e-15,1.3518075547835906e-12,1.3518075547835906e-12,8.073300532005098e-12,1.3518075547835906e-12,NaN,diag_feasible,0,0,0,0,0,0,87,2.852149769304263e-14,1.12.6,lbt,1,1,Intel(R) Core(TM) 7 150U,NT,2abc7cc
degen-r20-m20-d1e-06-p0,100,Anderson-APM,1e-7*n,9.999999999999999e-6,39,39,0.1343101,0.0941192,70.07604044669762,0.0,0.0,0.0,0.0,0.0,0.0351536,0.005037299999999988,0.48181687783544547,1.4963863738864816e-11,-3.0310849385915885e-15,2.2852830738884222e-12,2.2852830738884222e-12,7.231364477792144e-12,2.2852830738884222e-12,NaN,diag_feasible,0,0,0,0,0,0,39,2.852149769304263e-14,1.12.6,lbt,1,1,Intel(R) Core(TM) 7 150U,NT,2abc7cc
degen-r20-m20-d1e-06-p1,100,SBB-Dual,1e-7*n,1.0e-11,37,38,0.1156205,0.1138434,98.46298882983554,0.0001463,7.12e-5,0.0001337,0.0,0.0,0.0,0.0014259000000000036,0.477164413951535,8.669089684994382e-12,-3.3059946323735336e-15,1.4437340212225536e-12,0.0,8.713337742127597e-12,1.4437340212225536e-12,100.0,diag_feasible,0,0,0,0,0,0,37,2.0549925286427855e-14,1.12.6,lbt,1,1,Intel(R) Core(TM) 7 150U,NT,2abc7cc
degen-r20-m20-d1e-06-p1,100,Newton-SIN-BH,1e-7*n,9.999999999999999e-6,4,5,0.0202027,0.014919,73.84656506308562,0.0,1.01e-5,0.0,0.0048363,0.0,0.0,0.0004373000000000007,0.4771644139515413,4.5149642705968346e-13,-3.4033710670465092e-15,9.192646643896296e-14,9.192646643896296e-14,2.544765829436797e-13,9.192646643896296e-14,NaN,converged,21,21,0,0,0,0,4,2.0549925286427855e-14,1.12.6,lbt,1,1,Intel(R) Core(TM) 7 150U,NT,2abc7cc
degen-r20-m20-d1e-06-p1,100,Newton-SIN,1e-7*n,9.999999999999999e-6,4,9,0.036002,0.0270408,75.10916060218877,0.0,9.5e-6,0.0,0.008646,0.0,0.0,0.00030569999999999903,0.4771644139515413,4.5149642705968346e-13,-3.4033710670465092e-15,9.192646643896296e-14,9.192646643896296e-14,2.544765829436797e-13,9.192646643896296e-14,NaN,converged,21,21,0,0,0,0,4,2.0549925286427855e-14,1.12.6,lbt,1,1,Intel(R) Core(TM) 7 150U,NT,2abc7cc
degen-r20-m20-d1e-06-p1,100,AGD-SDAJ-BH,1e-7*n,1.0e-11,10,79,0.2024819,0.199887,98.71845335311454,0.0,0.000324,0.0,0.0,0.0,0.0,0.0022708999999999833,0.47716441395559545,8.699057209273714e-12,-3.461827443255534e-15,1.495914503379936e-12,1.495914503379936e-12,4.413144520673048e-12,1.495914503379936e-12,NaN,diag_feasible,0,0,18,18,0,0,10,2.0549925286427855e-14,1.12.6,lbt,1,1,Intel(R) Core(TM) 7 150U,NT,2abc7cc
degen-r20-m20-d1e-06-p1,100,AGD-SDAJ,1e-7*n,1.0e-11,10,83,0.2189611,0.216617,98.92944454517264,0.0,0.000106,0.0,0.0,0.0,0.0,0.0022380999999999877,0.4771644139570722,1.1964308718384041e-11,-3.890313633045081e-15,2.971622947711694e-12,2.971622947711694e-12,6.110457255262563e-12,2.971622947711694e-12,NaN,diag_feasible_at_xpre,0,0,26,14,12,0,10,2.0549925286427855e-14,1.12.6,lbt,1,1,Intel(R) Core(TM) 7 150U,NT,2abc7cc
degen-r20-m20-d1e-06-p1,100,Dykstra-APM,1e-7*n,9.999999999999999e-6,87,87,0.2557864,0.2390128,93.44234095323284,0.0,0.0,0.0,0.0,0.0078791,0.0,0.008894500000000027,0.47716441394063325,1.9913754365815903e-11,-3.1410632926726817e-15,1.4559464744934303e-12,1.4559464744934303e-12,8.823016704186993e-12,1.4559464744934303e-12,NaN,diag_feasible,0,0,0,0,0,0,87,2.0549925286427855e-14,1.12.6,lbt,1,1,Intel(R) Core(TM) 7 150U,NT,2abc7cc
degen-r20-m20-d1e-06-p1,100,Anderson-APM,1e-7*n,9.999999999999999e-6,31,31,0.1190111,0.083728,70.35310151742148,0.0,0.0,0.0,0.0,0.0,0.0312347,0.004048399999999997,0.47716441395772813,1.4280294768438893e-11,-4.496254723577062e-15,1.9328982858723975e-12,1.9328982858723975e-12,7.251159377125687e-12,1.9328982858723975e-12,NaN,diag_feasible,0,0,0,0,0,0,31,2.0549925286427855e-14,1.12.6,lbt,1,1,Intel(R) Core(TM) 7 150U,NT,2abc7cc
degen-r20-m20-d1e-06-p2,100,SBB-Dual,1e-7*n,1.0e-11,38,39,0.1184911,0.1159502,97.85561953598203,0.0001296,6.42e-5,0.0001484,0.0,0.0,0.0,0.0021986999999999987,0.47868969049350174,6.911227550664871e-12,-3.857361183298329e-15,1.0480505352461478e-12,0.0,7.4182809648462e-12,1.0480505352461478e-12,100.0,diag_feasible,0,0,0,0,0,0,38,3.4521331213556456e-14,1.12.6,lbt,1,1,Intel(R) Core(TM) 7 150U,NT,2abc7cc
degen-r20-m20-d1e-06-p2,100,Newton-SIN-BH,1e-7*n,9.999999999999999e-6,4,5,0.0272967,0.019887099999999998,72.85532683437924,0.0,1.65e-5,0.0,0.0066414,0.0,0.0,0.0007517000000000018,0.4786896904935065,4.175410987050094e-13,-3.3166423762651753e-15,5.484501741648273e-14,5.484501741648273e-14,2.030622192332185e-13,5.484501741648273e-14,NaN,converged,19,19,0,0,0,0,4,3.4521331213556456e-14,1.12.6,lbt,1,1,Intel(R) Core(TM) 7 150U,NT,2abc7cc
degen-r20-m20-d1e-06-p2,100,Newton-SIN,1e-7*n,9.999999999999999e-6,4,9,0.0307182,0.0251593,81.90356205767264,0.0,1.37e-5,0.0,0.0050099,0.0,0.0,0.0005353000000000016,0.4786896904935065,4.175410987050094e-13,-3.3166423762651753e-15,5.484501741648273e-14,5.484501741648273e-14,2.030622192332185e-13,5.484501741648273e-14,NaN,converged,19,19,0,0,0,0,4,3.4521331213556456e-14,1.12.6,lbt,1,1,Intel(R) Core(TM) 7 150U,NT,2abc7cc
degen-r20-m20-d1e-06-p2,100,AGD-SDAJ-BH,1e-7*n,1.0e-11,9,59,0.1717518,0.1698984,98.92088467195103,0.0,0.0001046,0.0,0.0,0.0,0.0,0.001748800000000005,0.47868969049700566,9.3989418603606e-12,-3.617151024237304e-15,2.885247596395857e-12,2.885247596395857e-12,5.3642490055982325e-12,2.885247596395857e-12,NaN,diag_feasible,0,0,6,6,0,0,9,3.4521331213556456e-14,1.12.6,lbt,1,1,Intel(R) Core(TM) 7 150U,NT,2abc7cc
degen-r20-m20-d1e-06-p2,100,AGD-SDAJ,1e-7*n,1.0e-11,11,85,0.2289619,0.2261987,98.79316165702677,0.0,0.000116,0.0,0.0,0.0,0.0,0.0026471999999999937,0.4786896905017851,1.848353683526485e-11,-3.679131628815644e-15,3.926414748889329e-12,3.926414748889329e-12,9.684043653133858e-12,3.926414748889329e-12,NaN,diag_feasible_at_xpre,0,0,20,17,3,0,11,3.4521331213556456e-14,1.12.6,lbt,1,1,Intel(R) Core(TM) 7 150U,NT,2abc7cc
degen-r20-m20-d1e-06-p2,100,Dykstra-APM,1e-7*n,9.999999999999999e-6,88,88,0.2561401,0.237377,92.67467296217968,0.0,0.0,0.0,0.0,0.0090994,0.0,0.009663699999999976,0.4786896904822074,2.0469144947254808e-11,-3.382300412887614e-15,1.2856382625159313e-12,1.2856382625159313e-12,9.070154844149873e-12,1.2856382625159313e-12,NaN,diag_feasible,0,0,0,0,0,0,88,3.4521331213556456e-14,1.12.6,lbt,1,1,Intel(R) Core(TM) 7 150U,NT,2abc7cc
degen-r20-m20-d1e-06-p2,100,Anderson-APM,1e-7*n,9.999999999999999e-6,41,41,0.1435064,0.1003868,69.95283834031095,0.0,0.0,0.0,0.0,0.0,0.0381535,0.004966100000000008,0.4786896905008652,1.7063420005795774e-11,-3.1291994730936117e-15,2.265854170957482e-12,2.265854170957482e-12,8.368474349602033e-12,2.265854170957482e-12,NaN,diag_feasible,0,0,0,0,0,0,41,3.4521331213556456e-14,1.12.6,lbt,1,1,Intel(R) Core(TM) 7 150U,NT,2abc7cc
degen-r20-m20-d1e-06-p3,100,SBB-Dual,1e-7*n,1.0e-11,36,37,0.0980296,0.0967184,98.66244481258722,0.0001109,5.44e-5,0.0001183,0.0,0.0,0.0,0.0010275999999999985,0.4827093107249,7.758196828621183e-12,-3.70535608099169e-15,1.1797229859666913e-12,0.0,7.331640740703425e-12,1.1797229859666913e-12,100.0,diag_feasible,0,0,0,0,0,0,36,1.253569134552835e-14,1.12.6,lbt,1,1,Intel(R) Core(TM) 7 150U,NT,2abc7cc
degen-r20-m20-d1e-06-p3,100,Newton-SIN-BH,1e-7*n,9.999999999999999e-6,4,5,0.0198532,0.0149158,75.13045755847922,0.0,1.31e-5,0.0,0.0043958,0.0,0.0,0.0005285000000000012,0.48270931072490914,4.3401717248498495e-13,-3.333922981685719e-15,7.127631818093505e-14,7.127631818093505e-14,2.1697161030317147e-13,7.127631818093505e-14,NaN,converged,19,19,0,0,0,0,4,1.253569134552835e-14,1.12.6,lbt,1,1,Intel(R) Core(TM) 7 150U,NT,2abc7cc
degen-r20-m20-d1e-06-p3,100,Newton-SIN,1e-7*n,9.999999999999999e-6,4,9,0.0279642,0.0233765,83.59438138763133,0.0,9.9e-6,0.0,0.0042656,0.0,0.0,0.0003122000000000003,0.48270931072490914,4.3401717248498495e-13,-3.333922981685719e-15,7.127631818093505e-14,7.127631818093505e-14,2.1697161030317147e-13,7.127631818093505e-14,NaN,converged,19,19,0,0,0,0,4,1.253569134552835e-14,1.12.6,lbt,1,1,Intel(R) Core(TM) 7 150U,NT,2abc7cc
degen-r20-m20-d1e-06-p3,100,AGD-SDAJ-BH,1e-7*n,1.0e-11,10,67,0.1898681,0.1876469,98.83013523598751,0.0,9.31e-5,0.0,0.0,0.0,0.0,0.0021281000000000065,0.48270931073174767,1.5486431156475056e-11,-3.0633529441740932e-15,6.5601968302075875e-12,6.5601968302075875e-12,8.527417976411632e-12,6.5601968302075875e-12,NaN,diag_feasible_at_xpre,0,0,10,10,0,0,10,1.253569134552835e-14,1.12.6,lbt,1,1,Intel(R) Core(TM) 7 150U,NT,2abc7cc
degen-r20-m20-d1e-06-p3,100,AGD-SDAJ,1e-7*n,1.0e-11,12,135,0.4045206,0.3998146,98.8366476268452,0.0,0.0002163,0.0,0.0,0.0,0.0,0.004489699999999988,0.4827093107316573,1.5257080362849072e-11,-3.584055822162255e-15,6.448841460837684e-12,6.448841460837684e-12,8.393286969323754e-12,6.448841460837684e-12,NaN,diag_feasible_at_xpre,0,0,68,15,53,0,12,1.253569134552835e-14,1.12.6,lbt,1,1,Intel(R) Core(TM) 7 150U,NT,2abc7cc
degen-r20-m20-d1e-06-p3,100,Dykstra-APM,1e-7*n,9.999999999999999e-6,85,85,0.2682639,0.2499113,93.15875151296913,0.0,0.0,0.0,0.0,0.0086966,0.0,0.009655999999999996,0.4827093107149843,1.82847550308414e-11,-3.504020126363314e-15,1.3069545445887343e-12,1.3069545445887343e-12,8.102979583756542e-12,1.3069545445887343e-12,NaN,diag_feasible,0,0,0,0,0,0,85,1.253569134552835e-14,1.12.6,lbt,1,1,Intel(R) Core(TM) 7 150U,NT,2abc7cc
degen-r20-m20-d1e-06-p3,100,Anderson-APM,1e-7*n,9.999999999999999e-6,34,34,0.1421473,0.0969042,68.17167825206668,0.0,0.0,0.0,0.0,0.0,0.0403487,0.004894400000000007,0.48270931073419493,1.9300209738530052e-11,-3.923677880662065e-15,2.176703262080082e-12,2.176703262080082e-12,9.238075543985273e-12,2.176703262080082e-12,NaN,diag_feasible,0,0,0,0,0,0,34,1.253569134552835e-14,1.12.6,lbt,1,1,Intel(R) Core(TM) 7 150U,NT,2abc7cc
degen-r20-m20-d1e-06-p4,100,SBB-Dual,1e-7*n,1.0e-11,37,38,0.1147603,0.11319549999999999,98.63646226090381,0.0001334,7.38e-5,0.0001248,0.0,0.0,0.0,0.001232800000000005,0.4812156648731048,9.772058232222035e-12,-3.4137462735259556e-15,1.5862866575844237e-12,0.0,9.606726639524834e-12,1.5862866575844237e-12,100.0,diag_feasible,0,0,0,0,0,0,37,3.141636917194485e-14,1.12.6,lbt,1,1,Intel(R) Core(TM) 7 150U,NT,2abc7cc
degen-r20-m20-d1e-06-p4,100,Newton-SIN-BH,1e-7*n,9.999999999999999e-6,4,5,0.023215,0.0165328,71.2160241223347,0.0,1.24e-5,0.0,0.0061613,0.0,0.0,0.0005084999999999994,0.4812156648730835,7.317071931342482e-13,-3.085851676285238e-15,2.2537527399890678e-13,2.2537527399890678e-13,4.160161966743708e-13,2.2537527399890678e-13,NaN,converged,20,20,0,0,0,0,4,3.141636917194485e-14,1.12.6,lbt,1,1,Intel(R) Core(TM) 7 150U,NT,2abc7cc
degen-r20-m20-d1e-06-p4,100,Newton-SIN,1e-7*n,9.999999999999999e-6,4,9,0.034741,0.0286062,82.34132581100141,0.0,1.03e-5,0.0,0.005756,0.0,0.0,0.0003685000000000025,0.4812156648730835,7.317071931342482e-13,-3.085851676285238e-15,2.2537527399890678e-13,2.2537527399890678e-13,4.160161966743708e-13,2.2537527399890678e-13,NaN,converged,20,20,0,0,0,0,4,3.141636917194485e-14,1.12.6,lbt,1,1,Intel(R) Core(TM) 7 150U,NT,2abc7cc
degen-r20-m20-d1e-06-p4,100,AGD-SDAJ-BH,1e-7*n,1.0e-11,12,88,0.2316323,0.2286731,98.72245796462755,0.0,0.0001208,0.0,0.0,0.0,0.0,0.002838400000000023,0.48121566487634904,7.638868334641623e-12,-3.2569636899123367e-15,2.1398438576625267e-12,2.1398438576625267e-12,4.229118931698302e-12,2.1398438576625267e-12,NaN,diag_feasible,0,0,17,17,0,0,12,3.141636917194485e-14,1.12.6,lbt,1,1,Intel(R) Core(TM) 7 150U,NT,2abc7cc
degen-r20-m20-d1e-06-p4,100,AGD-SDAJ,1e-7*n,1.0e-11,11,90,0.2452076,0.2422379,98.78890376970372,0.0,0.0001284,0.0,0.0,0.0,0.0,0.002841299999999992,0.48121566487479145,1.0299543105870117e-11,-3.524379928712318e-15,3.046785046478817e-12,3.046785046478817e-12,6.3308770108619094e-12,3.046785046478817e-12,NaN,diag_feasible_at_xpre,0,0,25,17,8,0,11,3.141636917194485e-14,1.12.6,lbt,1,1,Intel(R) Core(TM) 7 150U,NT,2abc7cc
degen-r20-m20-d1e-06-p4,100,Dykstra-APM,1e-7*n,9.999999999999999e-6,87,87,0.2321937,0.2166851,93.32083514755136,0.0,0.0,0.0,0.0,0.0072748,0.0,0.008233800000000012,0.48121566486189077,2.067584875856478e-11,-3.256726680715717e-15,1.4999113062685865e-12,1.4999113062685865e-12,9.146247296870566e-12,1.4999113062685865e-12,NaN,diag_feasible,0,0,0,0,0,0,87,3.141636917194485e-14,1.12.6,lbt,1,1,Intel(R) Core(TM) 7 150U,NT,2abc7cc
degen-r20-m20-d1e-06-p4,100,Anderson-APM,1e-7*n,9.999999999999999e-6,37,37,0.141098,0.0978188,69.32685084125926,0.0,0.0,0.0,0.0,0.0,0.0356143,0.007664900000000002,0.48121566488139966,1.5631246075675007e-11,-3.54474829757632e-15,1.8586243655249746e-12,1.8586243655249746e-12,7.042642349885786e-12,1.8586243655249746e-12,NaN,diag_feasible,0,0,0,0,0,0,37,3.141636917194485e-14,1.12.6,lbt,1,1,Intel(R) Core(TM) 7 150U,NT,2abc7cc
degen-r20-m20-d1e-08-p0,100,SBB-Dual,1e-7*n,1.0e-11,33,34,0.0966385,0.0951229,98.43168095531284,0.0001197,5.53e-5,0.0001329,0.0,0.0,0.0,0.0012077000000000058,0.481819194375956,6.259711929496566e-12,-4.058934337472466e-15,1.0962342145148796e-12,0.0,6.30335814527891e-12,1.0962342145148796e-12,100.0,diag_feasible,0,0,0,0,0,0,33,3.28635392038926e-14,1.12.6,lbt,1,1,Intel(R) Core(TM) 7 150U,NT,2abc7cc
degen-r20-m20-d1e-08-p0,100,Newton-SIN-BH,1e-7*n,9.999999999999999e-6,4,5,0.0194085,0.0137082,70.62987866141124,0.0,1.03e-5,0.0,0.0052363,0.0,0.0,0.00045369999999999786,0.4818191943759549,0.0,-3.608223109925558e-15,9.325873406851315e-15,9.325873406851315e-15,3.28635392038926e-14,9.325873406851315e-15,NaN,converged,21,21,0,0,0,0,4,3.28635392038926e-14,1.12.6,lbt,1,1,Intel(R) Core(TM) 7 150U,NT,2abc7cc
degen-r20-m20-d1e-08-p0,100,Newton-SIN,1e-7*n,9.999999999999999e-6,4,9,0.0378414,0.0319655,84.4722975365605,0.0,1.05e-5,0.0,0.0055884,0.0,0.0,0.000276999999999996,0.4818191943759549,0.0,-3.608223109925558e-15,9.325873406851315e-15,9.325873406851315e-15,3.28635392038926e-14,9.325873406851315e-15,NaN,converged,21,21,0,0,0,0,4,3.28635392038926e-14,1.12.6,lbt,1,1,Intel(R) Core(TM) 7 150U,NT,2abc7cc
degen-r20-m20-d1e-08-p0,100,AGD-SDAJ-BH,1e-7*n,1.0e-11,10,74,0.2205464,0.21775699999999998,98.73523213255802,0.0,0.0001349,0.0,0.0,0.0,0.0,0.0026545000000000253,0.4818191943809929,1.092988470202712e-11,-3.37842945009529e-15,2.659206188582175e-12,2.659206188582175e-12,5.62297391649367e-12,2.659206188582175e-12,NaN,diag_feasible_at_xpre,0,0,17,17,0,0,10,3.28635392038926e-14,1.12.6,lbt,1,1,Intel(R) Core(TM) 7 150U,NT,2abc7cc
degen-r20-m20-d1e-08-p0,100,AGD-SDAJ,1e-7*n,1.0e-11,9,74,0.2316214,0.2288421,98.80006769668087,0.0,0.0001388,0.0,0.0,0.0,0.0,0.002640500000000012,0.48181919437893334,1.2257997081813378e-11,-3.3009723038845563e-15,4.222400207254395e-12,4.222400207254395e-12,7.263504942627695e-12,4.222400207254395e-12,NaN,diag_feasible_at_xpre,0,0,21,17,4,0,9,3.28635392038926e-14,1.12.6,lbt,1,1,Intel(R) Core(TM) 7 150U,NT,2abc7cc
degen-r20-m20-d1e-08-p0,100,Dykstra-APM,1e-7*n,9.999999999999999e-6,78,78,0.2145944,0.1999442,93.173074413871,0.0,0.0,0.0,0.0,0.0068753,0.0,0.007774900000000002,0.48181919436522935,1.9686564776431146e-11,-3.443913045897319e-15,1.5805134978563729e-12,1.5805134978563729e-12,8.70897480424221e-12,1.5805134978563729e-12,NaN,diag_feasible,0,0,0,0,0,0,78,3.28635392038926e-14,1.12.6,lbt,1,1,Intel(R) Core(TM) 7 150U,NT,2abc7cc
degen-r20-m20-d1e-08-p0,100,Anderson-APM,1e-7*n,9.999999999999999e-6,39,39,0.1352457,0.0949378,70.1965385960515,0.0,0.0,0.0,0.0,0.0,0.0358853,0.004422599999999992,0.48181919438492093,1.9848836903687796e-11,-3.4368497925779934e-15,2.8459457013241263e-12,2.8459457013241263e-12,9.689496188407218e-12,2.8459457013241263e-12,NaN,diag_feasible,0,0,0,0,0,0,39,3.28635392038926e-14,1.12.6,lbt,1,1,Intel(R) Core(TM) 7 150U,NT,2abc7cc
degen-r20-m20-d1e-08-p1,100,SBB-Dual,1e-7*n,1.0e-11,33,34,0.1218283,0.1200332,98.5265328335042,0.0001977,7.49e-5,0.0001252,0.0,0.0,0.0,0.001397299999999994,0.477166642073839,7.696918038629882e-12,-3.0443260145306335e-15,1.2874146193553315e-12,0.0,7.726890400215977e-12,1.2874146193553315e-12,100.0,diag_feasible,0,0,0,0,0,0,33,4.5181575973904156e-14,1.12.6,lbt,1,1,Intel(R) Core(TM) 7 150U,NT,2abc7cc
degen-r20-m20-d1e-08-p1,100,Newton-SIN-BH,1e-7*n,9.999999999999999e-6,4,5,0.0277424,0.0187781,67.68736663014015,0.0,1.88e-5,0.0,0.0082123,0.0,0.0,0.0007332000000000016,0.47716664207383785,0.0,-3.967366910026894e-15,1.1657341758564144e-14,1.1657341758564144e-14,4.5181575973904156e-14,1.1657341758564144e-14,NaN,converged,23,23,0,0,0,0,4,4.5181575973904156e-14,1.12.6,lbt,1,1,Intel(R) Core(TM) 7 150U,NT,2abc7cc
degen-r20-m20-d1e-08-p1,100,Newton-SIN,1e-7*n,9.999999999999999e-6,4,9,0.0377714,0.0296739,78.56182190758088,0.0,1.4e-5,0.0,0.0075575,0.0,0.0,0.000525999999999997,0.47716664207383785,0.0,-3.967366910026894e-15,1.1657341758564144e-14,1.1657341758564144e-14,4.5181575973904156e-14,1.1657341758564144e-14,NaN,converged,23,23,0,0,0,0,4,4.5181575973904156e-14,1.12.6,lbt,1,1,Intel(R) Core(TM) 7 150U,NT,2abc7cc
degen-r20-m20-d1e-08-p1,100,AGD-SDAJ-BH,1e-7*n,1.0e-11,10,83,0.2491191,0.2458329,98.68087192029836,0.0,0.0001544,0.0,0.0,0.0,0.0,0.003131800000000017,0.47716664208303095,1.9600504878787702e-11,-3.2777071881083225e-15,4.8043791167629024e-12,4.8043791167629024e-12,9.905996577123799e-12,4.8043791167629024e-12,NaN,diag_feasible,0,0,22,22,0,0,10,4.5181575973904156e-14,1.12.6,lbt,1,1,Intel(R) Core(TM) 7 150U,NT,2abc7cc
degen-r20-m20-d1e-08-p1,100,AGD-SDAJ,1e-7*n,1.0e-11,96,2855,5.4350962,5.3361453999999995,98.17941032948045,0.0,0.0031884,0.0,0.0,0.0,0.0,0.09576240000000079,0.4771666420774533,7.90231582166883e-12,-2.9373929571488134e-15,2.1509460879087783e-12,2.1509460879087783e-12,4.0997866761956665e-12,2.1509460879087783e-12,NaN,diag_feasible_at_xpre,0,0,2365,111,2254,0,96,4.5181575973904156e-14,1.12.6,lbt,1,1,Intel(R) Core(TM) 7 150U,NT,2abc7cc
degen-r20-m20-d1e-08-p1,100,Dykstra-APM,1e-7*n,9.999999999999999e-6,79,79,0.1072487,0.1000739,93.3101287008607,0.0,0.0,0.0,0.0,0.004963,0.0,0.0022118000000000086,0.47716664206355347,1.8774878064717673e-11,-3.4303233718426508e-15,1.3959944311636718e-12,1.3959944311636718e-12,8.324406793109837e-12,1.3959944311636718e-12,NaN,diag_feasible,0,0,0,0,0,0,79,4.5181575973904156e-14,1.12.6,lbt,1,1,Intel(R) Core(TM) 7 150U,NT,2abc7cc
degen-r20-m20-d1e-08-p1,100,Anderson-APM,1e-7*n,9.999999999999999e-6,31,31,0.0459469,0.0386471,84.11252989864387,0.0,0.0,0.0,0.0,0.0,0.0061528,0.0011470000000000022,0.47716664207963677,1.4072631750496386e-11,-3.535209698149592e-15,2.0271562206630733e-12,2.0271562206630733e-12,7.297264512358987e-12,2.0271562206630733e-12,NaN,diag_feasible,0,0,0,0,0,0,31,4.5181575973904156e-14,1.12.6,lbt,1,1,Intel(R) Core(TM) 7 150U,NT,2abc7cc
degen-r20-m20-d1e-08-p2,100,SBB-Dual,1e-7*n,1.0e-11,34,35,0.0435037,0.042640700000000004,98.01626068587271,0.0003501,2.33e-5,3.05e-5,0.0,0.0,0.0,0.00045909999999999576,0.4786919611035686,7.481469616295246e-12,-3.9857582102839685e-15,1.170175067954915e-12,0.0,8.023730027041466e-12,1.170175067954915e-12,100.0,diag_feasible,0,0,0,0,0,0,34,1.9041214972016976e-14,1.12.6,lbt,1,1,Intel(R) Core(TM) 7 150U,NT,2abc7cc
degen-r20-m20-d1e-08-p2,100,Newton-SIN-BH,1e-7*n,9.999999999999999e-6,5,7,0.0111417,0.0084425,75.77389446852816,0.0,5.2e-6,0.0,0.0024028,0.0,0.0,0.00029119999999999884,0.478691961103573,0.0,-2.726494145305454e-15,5.773159728050814e-15,5.773159728050814e-15,1.9041214972016976e-14,5.773159728050814e-15,NaN,converged,31,31,1,0,0,0,5,1.9041214972016976e-14,1.12.6,lbt,1,1,Intel(R) Core(TM) 7 150U,NT,2abc7cc
degen-r20-m20-d1e-08-p2,100,Newton-SIN,1e-7*n,9.999999999999999e-6,10,110,0.1447897,0.1357555,93.76046776808019,0.0,7.01e-5,0.0,0.0065862,0.0,0.0,0.002377899999999992,0.4786919611035704,1.1512643931970998e-13,-3.1583524701418586e-15,7.993605777301127e-15,7.993605777301127e-15,1.901498002963435e-14,7.993605777301127e-15,NaN,converged,81,81,89,0,0,0,10,1.9041214972016976e-14,1.12.6,lbt,1,1,Intel(R) Core(TM) 7 150U,NT,2abc7cc
degen-r20-m20-d1e-08-p2,100,AGD-SDAJ-BH,1e-7*n,1.0e-11,11,91,0.1096577,0.1084822,98.92802785394915,0.0,4.85e-5,0.0,0.0,0.0,0.0,0.001126999999999996,0.4786919611069058,6.831151781071722e-12,-3.2387207447268997e-15,1.1148859613285822e-12,1.1148859613285822e-12,3.3897166464816627e-12,1.1148859613285822e-12,NaN,diag_feasible,0,0,24,24,0,0,11,1.9041214972016976e-14,1.12.6,lbt,1,1,Intel(R) Core(TM) 7 150U,NT,2abc7cc
degen-r20-m20-d1e-08-p2,100,AGD-SDAJ,1e-7*n,1.0e-11,13,135,0.1820085,0.18006619999999998,98.93285203713013,0.0,0.000107,0.0,0.0,0.0,0.0,0.001835300000000008,0.4786919611076716,9.727785892912125e-12,-3.2803479325025458e-15,2.2537527399890678e-12,2.2537527399890678e-12,5.245227797173443e-12,2.2537527399890678e-12,NaN,diag_feasible_at_xpre,0,0,60,29,31,0,13,1.9041214972016976e-14,1.12.6,lbt,1,1,Intel(R) Core(TM) 7 150U,NT,2abc7cc
degen-r20-m20-d1e-08-p2,100,Dykstra-APM,1e-7*n,9.999999999999999e-6,80,80,0.1298187,0.1222092,94.13836373342207,0.0,0.0,0.0,0.0,0.0046979,0.0,0.0029116000000000055,0.4786919610912204,2.2371289796428164e-11,-3.872036246429689e-15,1.5498713423767185e-12,1.5498713423767185e-12,9.91522703994215e-12,1.5498713423767185e-12,NaN,diag_feasible,0,0,0,0,0,0,80,1.9041214972016976e-14,1.12.6,lbt,1,1,Intel(R) Core(TM) 7 150U,NT,2abc7cc
degen-r20-m20-d1e-08-p2,100,Anderson-APM,1e-7*n,9.999999999999999e-6,41,41,0.0564071,0.0476017,84.38955379730565,0.0,0.0,0.0,0.0,0.0,0.007499,0.0013064000000000053,0.47869196111117407,1.7915080526304112e-11,-3.263647890017174e-15,2.418953926053291e-12,2.418953926053291e-12,8.830935629343714e-12,2.418953926053291e-12,NaN,diag_feasible,0,0,0,0,0,0,41,1.9041214972016976e-14,1.12.6,lbt,1,1,Intel(R) Core(TM) 7 150U,NT,2abc7cc
degen-r20-m20-d1e-08-p3,100,SBB-Dual,1e-7*n,1.0e-11,31,32,0.0381862,0.037656,98.61154029466144,3.04e-5,1.91e-5,3.13e-5,0.0,0.0,0.0,0.0004493999999999946,0.4827116269802494,8.103838462545078e-12,-3.1705430341170906e-15,1.2443379659998755e-12,0.0,7.660311917657259e-12,1.2443379659998755e-12,100.0,diag_feasible,0,0,0,0,0,0,31,2.8319611043826136e-14,1.12.6,lbt,1,1,Intel(R) Core(TM) 7 150U,NT,2abc7cc
degen-r20-m20-d1e-08-p3,100,Newton-SIN-BH,1e-7*n,9.999999999999999e-6,4,5,0.008615,0.0068465,79.47185142193848,0.0,5.8e-6,0.0,0.0015338,0.0,0.0,0.0002288999999999991,0.4827116269802522,0.0,-2.7983097583480795e-15,1.0436096431476471e-14,1.0436096431476471e-14,2.8319611043826136e-14,1.0436096431476471e-14,NaN,converged,21,21,0,0,0,0,4,2.8319611043826136e-14,1.12.6,lbt,1,1,Intel(R) Core(TM) 7 150U,NT,2abc7cc
degen-r20-m20-d1e-08-p3,100,Newton-SIN,1e-7*n,9.999999999999999e-6,4,9,0.0114996,0.0097778,85.02730529757557,0.0,5.0e-6,0.0,0.0015377,0.0,0.0,0.00017910000000000083,0.4827116269802522,0.0,-2.7983097583480795e-15,1.0436096431476471e-14,1.0436096431476471e-14,2.8319611043826136e-14,1.0436096431476471e-14,NaN,converged,21,21,0,0,0,0,4,2.8319611043826136e-14,1.12.6,lbt,1,1,Intel(R) Core(TM) 7 150U,NT,2abc7cc
degen-r20-m20-d1e-08-p3,100,AGD-SDAJ-BH,1e-7*n,1.0e-11,9,58,0.0739568,0.07262790000000001,98.20314021158299,0.0,3.58e-5,0.0,0.0,0.0,0.0,0.001293099999999994,0.4827116269839979,8.329536745447367e-12,-3.500546236953221e-15,1.9113599591946695e-12,1.9113599591946695e-12,4.323081518816936e-12,1.9113599591946695e-12,NaN,diag_feasible,0,0,5,5,0,0,9,2.8319611043826136e-14,1.12.6,lbt,1,1,Intel(R) Core(TM) 7 150U,NT,2abc7cc
degen-r20-m20-d1e-08-p3,100,AGD-SDAJ,1e-7*n,1.0e-11,8,53,0.0667176,0.0649363,97.33008981138411,0.0,2.93e-5,0.0,0.0,0.0,0.0,0.0017519999999999997,0.48271162698357134,1.161983635656724e-11,-3.1924161962253434e-15,1.7752466163756253e-12,1.7752466163756253e-12,6.645798870196805e-12,1.7752466163756253e-12,NaN,diag_feasible_at_xpre,0,0,6,5,1,0,8,2.8319611043826136e-14,1.12.6,lbt,1,1,Intel(R) Core(TM) 7 150U,NT,2abc7cc
degen-r20-m20-d1e-08-p3,100,Dykstra-APM,1e-7*n,9.999999999999999e-6,75,75,0.097712,0.0921164,94.27337481578517,0.0,0.0,0.0,0.0,0.0033751,0.0,0.0022204999999999924,0.48271162696916936,2.0409077206947336e-11,-3.4616445346772328e-15,1.4703793738135573e-12,1.4703793738135573e-12,9.047455501689987e-12,1.4703793738135573e-12,NaN,diag_feasible,0,0,0,0,0,0,75,2.8319611043826136e-14,1.12.6,lbt,1,1,Intel(R) Core(TM) 7 150U,NT,2abc7cc
degen-r20-m20-d1e-08-p3,100,Anderson-APM,1e-7*n,9.999999999999999e-6,34,34,0.0530037,0.0447307,84.39165567686784,0.0,0.0,0.0,0.0,0.0,0.0066322,0.0016408000000000022,0.48271162699022757,2.0544213762315733e-11,-3.4421490765634978e-15,2.273625732129858e-12,2.273625732129858e-12,9.78466073832048e-12,2.273625732129858e-12,NaN,diag_feasible,0,0,0,0,0,0,34,2.8319611043826136e-14,1.12.6,lbt,1,1,Intel(R) Core(TM) 7 150U,NT,2abc7cc
degen-r20-m20-d1e-08-p4,100,SBB-Dual,1e-7*n,1.0e-11,33,34,0.0507798,0.050141399999999996,98.74280717923267,3.67e-5,2.41e-5,3.56e-5,0.0,0.0,0.0,0.0005420000000000043,0.48121796155990865,9.752082791460093e-12,-3.949342329003538e-15,1.6726620089002608e-12,0.0,9.587351177473232e-12,1.6726620089002608e-12,100.0,diag_feasible,0,0,0,0,0,0,33,2.4515574685600547e-14,1.12.6,lbt,1,1,Intel(R) Core(TM) 7 150U,NT,2abc7cc
degen-r20-m20-d1e-08-p4,100,Newton-SIN-BH,1e-7*n,9.999999999999999e-6,4,5,0.0079437,0.0060915000000000006,76.68340949431627,0.0,4.6e-6,0.0,0.0016498,0.0,0.0,0.00019779999999999906,0.4812179615599102,0.0,-3.116851241144299e-15,7.327471962526033e-15,7.327471962526033e-15,2.4515574685600547e-14,7.327471962526033e-15,NaN,converged,22,22,0,0,0,0,4,2.4515574685600547e-14,1.12.6,lbt,1,1,Intel(R) Core(TM) 7 150U,NT,2abc7cc
degen-r20-m20-d1e-08-p4,100,Newton-SIN,1e-7*n,9.999999999999999e-6,4,9,0.0154453,0.0133811,86.63541659922436,0.0,5.7e-6,0.0,0.0018691,0.0,0.0,0.00018940000000000038,0.4812179615599102,0.0,-3.116851241144299e-15,7.327471962526033e-15,7.327471962526033e-15,2.4515574685600547e-14,7.327471962526033e-15,NaN,converged,22,22,0,0,0,0,4,2.4515574685600547e-14,1.12.6,lbt,1,1,Intel(R) Core(TM) 7 150U,NT,2abc7cc
degen-r20-m20-d1e-08-p4,100,AGD-SDAJ-BH,1e-7*n,1.0e-11,13,92,0.1109364,0.1096803,98.86772961805141,0.0,4.83e-5,0.0,0.0,0.0,0.0,0.00120780000000001,0.48121796156460744,1.1015122926466476e-11,-3.680037183099639e-15,4.29323243622548e-12,4.29323243622548e-12,6.1077148402682754e-12,4.29323243622548e-12,NaN,diag_feasible,0,0,15,15,0,0,13,2.4515574685600547e-14,1.12.6,lbt,1,1,Intel(R) Core(TM) 7 150U,NT,2abc7cc
degen-r20-m20-d1e-08-p4,100,AGD-SDAJ,1e-7*n,1.0e-11,12,107,0.1313854,0.1299716,98.9239291428119,0.0,5.59e-5,0.0,0.0,0.0,0.0,0.0013579000000000206,0.48121796156465174,1.0304031904609681e-11,-3.2083838492205265e-15,3.1521452115157444e-12,3.1521452115157444e-12,5.385133292684477e-12,3.1521452115157444e-12,NaN,diag_feasible,0,0,36,18,18,0,12,2.4515574685600547e-14,1.12.6,lbt,1,1,Intel(R) Core(TM) 7 150U,NT,2abc7cc
degen-r20-m20-d1e-08-p4,100,Dykstra-APM,1e-7*n,9.999999999999999e-6,79,79,0.1215848,0.1151136,94.67762417670629,0.0,0.0,0.0,0.0,0.0042348,0.0,0.00223640000000001,0.4812179615486095,2.081998533623035e-11,-3.728360866533884e-15,1.7570389587717727e-12,1.7570389587717727e-12,9.217593872703635e-12,1.7570389587717727e-12,NaN,diag_feasible,0,0,0,0,0,0,79,2.4515574685600547e-14,1.12.6,lbt,1,1,Intel(R) Core(TM) 7 150U,NT,2abc7cc
degen-r20-m20-d1e-08-p4,100,Anderson-APM,1e-7*n,9.999999999999999e-6,37,37,0.0564994,0.0466399,82.54937220572255,0.0,0.0,0.0,0.0,0.0,0.0084733,0.0013862000000000006,0.481217961568355,1.5919062788914862e-11,-3.1747789506395233e-15,1.8707257964933888e-12,1.8707257964933888e-12,7.1625603016372714e-12,1.8707257964933888e-12,NaN,diag_feasible,0,0,0,0,0,0,37,2.4515574685600547e-14,1.12.6,lbt,1,1,Intel(R) Core(TM) 7 150U,NT,2abc7cc
degen-r20-m20-d1e-10-p0,100,SBB-Dual,1e-7*n,1.0e-11,28,29,0.0402599,0.039719700000000004,98.65821822706961,3.19e-5,2.28e-5,3.09e-5,0.0,0.0,0.0,0.00045459999999999766,0.48181921754153095,8.647791029678908e-12,-3.066622601613821e-15,2.800870646524345e-12,0.0,8.677838632815519e-12,2.800870646524345e-12,100.0,diag_feasible,0,0,0,0,0,0,28,1.8398241330346728e-14,1.12.6,lbt,1,1,Intel(R) Core(TM) 7 150U,NT,2abc7cc
degen-r20-m20-d1e-10-p0,100,Newton-SIN-BH,1e-7*n,9.999999999999999e-6,5,6,0.0119672,0.007769000000000001,64.919112240123,0.0,6.4e-6,0.0,0.0038802,0.0,0.0,0.0003116,0.48181921754153884,0.0,-3.4851490768376077e-15,6.772360450213455e-15,6.772360450213455e-15,1.8398241330346728e-14,6.772360450213455e-15,NaN,converged,35,35,0,0,0,0,5,1.8398241330346728e-14,1.12.6,lbt,1,1,Intel(R) Core(TM) 7 150U,NT,2abc7cc
degen-r20-m20-d1e-10-p0,100,Newton-SIN,1e-7*n,9.999999999999999e-6,5,11,0.0147351,0.0120874,82.03134013342292,0.0,4.1e-6,0.0,0.0024967,0.0,0.0,0.0001468999999999993,0.48181921754153884,0.0,-3.4851490768376077e-15,6.772360450213455e-15,6.772360450213455e-15,1.8398241330346728e-14,6.772360450213455e-15,NaN,converged,35,35,0,0,0,0,5,1.8398241330346728e-14,1.12.6,lbt,1,1,Intel(R) Core(TM) 7 150U,NT,2abc7cc
degen-r20-m20-d1e-10-p0,100,AGD-SDAJ-BH,1e-7*n,1.0e-11,11,81,0.0979719,0.0968146,98.81874292526734,0.0,4.94e-5,0.0,0.0,0.0,0.0,0.0011079,0.4818192175458324,9.486335268244207e-12,-3.1213605940333872e-15,1.936228954946273e-12,1.936228954946273e-12,4.945322363113228e-12,1.936228954946273e-12,NaN,diag_feasible,0,0,16,16,0,0,11,1.8398241330346728e-14,1.12.6,lbt,1,1,Intel(R) Core(TM) 7 150U,NT,2abc7cc
degen-r20-m20-d1e-10-p0,100,AGD-SDAJ,1e-7*n,1.0e-11,16,281,0.369386,0.3634441,98.39141169400031,0.0,0.0001802,0.0,0.0,0.0,0.0,0.0057617,0.4818192175475764,1.2397277562015584e-11,-3.773423802158983e-15,2.868261184119092e-12,2.868261184119092e-12,6.157532737377937e-12,2.868261184119092e-12,NaN,diag_feasible,0,0,190,15,175,0,16,1.8398241330346728e-14,1.12.6,lbt,1,1,Intel(R) Core(TM) 7 150U,NT,2abc7cc
degen-r20-m20-d1e-10-p0,100,Dykstra-APM,1e-7*n,9.999999999999999e-6,70,70,0.1001328,0.0946522,94.5266685841203,0.0,0.0,0.0,0.0,0.003258,0.0,0.002222599999999988,0.48181921753198653,1.7920012837561925e-11,-3.6155427734546734e-15,2.460698311779197e-12,2.460698311779197e-12,7.999765440993296e-12,2.460698311779197e-12,NaN,diag_feasible,0,0,0,0,0,0,70,1.8398241330346728e-14,1.12.6,lbt,1,1,Intel(R) Core(TM) 7 150U,NT,2abc7cc
degen-r20-m20-d1e-10-p0,100,Anderson-APM,1e-7*n,9.999999999999999e-6,34,34,0.0488892,0.0404822,82.80397306562595,0.0,0.0,0.0,0.0,0.0,0.0073302,0.0010767999999999976,0.4818192175432819,4.907908968239919e-12,-3.5378884321773885e-15,5.541123115904156e-13,5.541123115904156e-13,2.6036537658131365e-12,5.541123115904156e-13,NaN,diag_feasible,0,0,0,0,0,0,34,1.8398241330346728e-14,1.12.6,lbt,1,1,Intel(R) Core(TM) 7 150U,NT,2abc7cc
degen-r20-m20-d1e-10-p1,100,SBB-Dual,1e-7*n,1.0e-11,29,30,0.037397,0.0369096,98.69668690001872,3.13e-5,2.23e-5,3.11e-5,0.0,0.0,0.0,0.00040269999999999895,0.4771666643551619,7.059336430636726e-12,-4.166892127277945e-15,1.6648904477278847e-12,0.0,7.029915643762816e-12,1.6648904477278847e-12,100.0,diag_feasible,0,0,0,0,0,0,29,3.131006087679294e-14,1.12.6,lbt,1,1,Intel(R) Core(TM) 7 150U,NT,2abc7cc
degen-r20-m20-d1e-10-p1,100,Newton-SIN-BH,1e-7*n,9.999999999999999e-6,5,6,0.0102775,0.007064300000000001,68.73558744830942,0.0,4.4e-6,0.0,0.0029712,0.0,0.0,0.0002375999999999997,0.47716666435516636,0.0,-3.2006803350291103e-15,7.549516567451064e-15,7.549516567451064e-15,3.131006087679294e-14,7.549516567451064e-15,NaN,converged,37,37,0,0,0,0,5,3.131006087679294e-14,1.12.6,lbt,1,1,Intel(R) Core(TM) 7 150U,NT,2abc7cc
degen-r20-m20-d1e-10-p1,100,Newton-SIN,1e-7*n,9.999999999999999e-6,5,11,0.0171969,0.0140605,81.76182916688472,0.0,5.3e-6,0.0,0.0029463,0.0,0.0,0.00018480000000000102,0.47716666435516636,0.0,-3.2006803350291103e-15,7.549516567451064e-15,7.549516567451064e-15,3.131006087679294e-14,7.549516567451064e-15,NaN,converged,37,37,0,0,0,0,5,3.131006087679294e-14,1.12.6,lbt,1,1,Intel(R) Core(TM) 7 150U,NT,2abc7cc
degen-r20-m20-d1e-10-p1,100,AGD-SDAJ-BH,1e-7*n,1.0e-11,10,74,0.0830767,0.08218120000000001,98.9220804389197,0.0,3.76e-5,0.0,0.0,0.0,0.0,0.0008578999999999935,0.4771666643641814,1.8003835483668308e-11,-4.176590844432861e-15,3.3162361745553426e-12,3.3162361745553426e-12,8.669622361990536e-12,3.3162361745553426e-12,NaN,diag_feasible_at_xpre,0,0,17,17,0,0,10,3.131006087679294e-14,1.12.6,lbt,1,1,Intel(R) Core(TM) 7 150U,NT,2abc7cc
degen-r20-m20-d1e-10-p1,100,AGD-SDAJ,1e-7*n,1.0e-11,9,77,0.1016626,0.10055030000000001,98.90589066185598,0.0,5.48e-5,0.0,0.0,0.0,0.0,0.0010574999999999966,0.47716666436069244,1.115517673043838e-11,-2.9965993066318735e-15,1.9308998844280723e-12,1.9308998844280723e-12,5.368681713084743e-12,1.9308998844280723e-12,NaN,diag_feasible,0,0,22,16,6,0,9,3.131006087679294e-14,1.12.6,lbt,1,1,Intel(R) Core(TM) 7 150U,NT,2abc7cc
degen-r20-m20-d1e-10-p1,100,Dykstra-APM,1e-7*n,9.999999999999999e-6,71,71,0.0999898,0.0943237,94.33332199884387,0.0,0.0,0.0,0.0,0.0041145,0.0,0.0015516000000000071,0.4771666643451851,1.82272408209538e-11,-3.6452489587773816e-15,2.219113781620763e-12,2.219113781620763e-12,8.118336257882283e-12,2.219113781620763e-12,NaN,diag_feasible,0,0,0,0,0,0,71,3.131006087679294e-14,1.12.6,lbt,1,1,Intel(R) Core(TM) 7 150U,NT,2abc7cc
degen-r20-m20-d1e-10-p1,100,Anderson-APM,1e-7*n,9.999999999999999e-6,31,31,0.0455065,0.0377153,82.87892938371441,0.0,0.0,0.0,0.0,0.0,0.0067797,0.0010114999999999985,0.47716666436088667,1.614921867536247e-11,-4.2990368958340014e-15,2.0993207172637085e-12,2.0993207172637085e-12,8.6170369420994e-12,2.0993207172637085e-12,NaN,diag_feasible,0,0,0,0,0,0,31,3.131006087679294e-14,1.12.6,lbt,1,1,Intel(R) Core(TM) 7 150U,NT,2abc7cc
degen-r20-m20-d1e-10-p2,100,SBB-Dual,1e-7*n,1.0e-11,30,31,0.0381738,0.037688599999999996,98.72897117918572,2.72e-5,1.67e-5,4.38e-5,0.0,0.0,0.0,0.00039750000000000505,0.4786919838097698,8.553296431715519e-12,-2.8062523595277383e-15,2.5368596112684827e-12,0.0,9.055865267165006e-12,2.5368596112684827e-12,100.0,diag_feasible,0,0,0,0,0,0,30,1.3959261067163763e-14,1.12.6,lbt,1,1,Intel(R) Core(TM) 7 150U,NT,2abc7cc
degen-r20-m20-d1e-10-p2,100,Newton-SIN-BH,1e-7*n,9.999999999999999e-6,5,6,0.019596,0.0115476,58.92835272504593,0.0,8.4e-6,0.0,0.0033702,0.0,0.0,0.004669799999999998,0.4786919838097753,0.0,-3.4221195555557274e-15,4.884981308350689e-15,4.884981308350689e-15,1.3959261067163763e-14,4.884981308350689e-15,NaN,converged,34,34,0,0,0,0,5,1.3959261067163763e-14,1.12.6,lbt,1,1,Intel(R) Core(TM) 7 150U,NT,2abc7cc
degen-r20-m20-d1e-10-p2,100,Newton-SIN,1e-7*n,9.999999999999999e-6,7,18,0.0286145,0.0223848,78.2288699785074,0.0,1.05e-5,0.0,0.0059265,0.0,0.0,0.00029270000000000077,0.47869198380977207,1.6076980333606113e-13,-2.8559850889842688e-15,6.439293542825908e-15,6.439293542825908e-15,1.710500260670798e-14,6.439293542825908e-15,NaN,converged,58,58,3,0,0,0,7,1.3959261067163763e-14,1.12.6,lbt,1,1,Intel(R) Core(TM) 7 150U,NT,2abc7cc
degen-r20-m20-d1e-10-p2,100,AGD-SDAJ-BH,1e-7*n,1.0e-11,9,63,0.0897586,0.0875228,97.50909662138224,0.0,4.43e-5,0.0,0.0,0.0,0.0,0.002191499999999996,0.4786919838164172,1.6513102017646254e-11,-3.4073554373100485e-15,6.742051361641188e-12,6.742051361641188e-12,9.192737629440931e-12,6.742051361641188e-12,NaN,diag_feasible,0,0,10,10,0,0,9,1.3959261067163763e-14,1.12.6,lbt,1,1,Intel(R) Core(TM) 7 150U,NT,2abc7cc
degen-r20-m20-d1e-10-p2,100,AGD-SDAJ,1e-7*n,1.0e-11,11,83,0.1197324,0.1183196,98.8200353454871,0.0,0.0001109,0.0,0.0,0.0,0.0,0.0013019000000000058,0.478691983817359,1.4841663125803942e-11,-3.9133850688696826e-15,2.8526070394718772e-12,2.8526070394718772e-12,7.268319673345981e-12,2.8526070394718772e-12,NaN,diag_feasible,0,0,18,12,6,0,11,1.3959261067163763e-14,1.12.6,lbt,1,1,Intel(R) Core(TM) 7 150U,NT,2abc7cc
degen-r20-m20-d1e-10-p2,100,Dykstra-APM,1e-7*n,9.999999999999999e-6,73,73,0.1006695,0.0950833,94.45095088383273,0.0,0.0,0.0,0.0,0.0034434,0.0,0.0021427999999999994,0.47869198379846983,2.079521074998355e-11,-3.5499339547260536e-15,3.1312730186527915e-12,3.1312730186527915e-12,9.308885892256373e-12,3.1312730186527915e-12,NaN,diag_feasible,0,0,0,0,0,0,73,1.3959261067163763e-14,1.12.6,lbt,1,1,Intel(R) Core(TM) 7 150U,NT,2abc7cc
degen-r20-m20-d1e-10-p2,100,Anderson-APM,1e-7*n,9.999999999999999e-6,41,41,0.0554989,0.0458216,82.56307782676774,0.0,0.0,0.0,0.0,0.0,0.0084503,0.001226999999999999,0.4786919838173061,1.7833358050560334e-11,-2.908695729010021e-15,2.421951528219779e-12,2.421951528219779e-12,8.803997695921945e-12,2.421951528219779e-12,NaN,diag_feasible,0,0,0,0,0,0,41,1.3959261067163763e-14,1.12.6,lbt,1,1,Intel(R) Core(TM) 7 150U,NT,2abc7cc
degen-r20-m20-d1e-10-p3,100,SBB-Dual,1e-7*n,1.0e-11,26,27,0.0385629,0.038070999999999994,98.72442165915943,3.1e-5,1.92e-5,3.07e-5,0.0,0.0,0.0,0.0004110000000000035,0.4827116501429026,8.561974240997213e-12,-3.1726562489867926e-15,1.5272227926743653e-12,0.0,8.131132919107467e-12,1.5272227926743653e-12,100.0,diag_feasible,0,0,0,0,0,0,26,1.9145473355119763e-14,1.12.6,lbt,1,1,Intel(R) Core(TM) 7 150U,NT,2abc7cc
degen-r20-m20-d1e-10-p3,100,Newton-SIN-BH,1e-7*n,9.999999999999999e-6,5,6,0.0212117,0.014684899999999999,69.23018899946727,0.0,1.1e-5,0.0,0.0059418,0.0,0.0,0.0005740000000000016,0.48271165014290507,0.0,-3.60478081946936e-15,7.105427357601002e-15,7.105427357601002e-15,1.9145473355119763e-14,7.105427357601002e-15,NaN,converged,35,35,0,0,0,0,5,1.9145473355119763e-14,1.12.6,lbt,1,1,Intel(R) Core(TM) 7 150U,NT,2abc7cc
degen-r20-m20-d1e-10-p3,100,Newton-SIN,1e-7*n,9.999999999999999e-6,6,14,0.0217961,0.0178134,81.72746500520735,0.0,9.1e-6,0.0,0.0037304,0.0,0.0,0.00024319999999999897,0.48271165014290746,1.4429853509356564e-13,-3.1723399171770125e-15,7.549516567451064e-15,7.549516567451064e-15,2.35550501444285e-14,7.549516567451064e-15,NaN,converged,47,47,1,0,0,0,6,1.9145473355119763e-14,1.12.6,lbt,1,1,Intel(R) Core(TM) 7 150U,NT,2abc7cc
degen-r20-m20-d1e-10-p3,100,AGD-SDAJ-BH,1e-7*n,1.0e-11,10,75,0.1037013,0.1025758,98.91467127220199,0.0,5.3e-5,0.0,0.0,0.0,0.0,0.0010725000000000014,0.48271165015101497,1.7394372381446437e-11,-3.736495490171661e-15,6.381895012452787e-12,6.381895012452787e-12,9.185807167837967e-12,6.381895012452787e-12,NaN,diag_feasible,0,0,14,14,0,0,10,1.9145473355119763e-14,1.12.6,lbt,1,1,Intel(R) Core(TM) 7 150U,NT,2abc7cc
degen-r20-m20-d1e-10-p3,100,AGD-SDAJ,1e-7*n,1.0e-11,10,78,0.0941073,0.0930675,98.89509102906999,0.0,4.63e-5,0.0,0.0,0.0,0.0,0.0009935000000000074,0.4827116501500175,1.4806421548099335e-11,-3.069407804057566e-15,5.3079762807328734e-12,5.3079762807328734e-12,7.674965309926773e-12,5.3079762807328734e-12,NaN,diag_feasible_at_xpre,0,0,21,10,11,0,10,1.9145473355119763e-14,1.12.6,lbt,1,1,Intel(R) Core(TM) 7 150U,NT,2abc7cc
degen-r20-m20-d1e-10-p3,100,Dykstra-APM,1e-7*n,9.999999999999999e-6,66,66,0.0803926,0.0761177,94.68247077467329,0.0,0.0,0.0,0.0,0.0028281,0.0,0.001446799999999998,0.4827116501326659,1.871073102609624e-11,-4.303707361531871e-15,1.4857004515533845e-12,1.4857004515533845e-12,8.321463443095086e-12,1.4857004515533845e-12,NaN,diag_feasible,0,0,0,0,0,0,66,1.9145473355119763e-14,1.12.6,lbt,1,1,Intel(R) Core(TM) 7 150U,NT,2abc7cc
degen-r20-m20-d1e-10-p3,100,Anderson-APM,1e-7*n,9.999999999999999e-6,34,34,0.0575463,0.0468803,81.46535919772427,0.0,0.0,0.0,0.0,0.0,0.0092835,0.0013825000000000018,0.4827116501530134,2.0570608410513574e-11,-3.978518574195681e-15,2.255973186038318e-12,2.255973186038318e-12,9.731263265544774e-12,2.255973186038318e-12,NaN,diag_feasible,0,0,0,0,0,0,34,1.9145473355119763e-14,1.12.6,lbt,1,1,Intel(R) Core(TM) 7 150U,NT,2abc7cc
degen-r20-m20-d1e-10-p4,100,SBB-Dual,1e-7*n,1.0e-11,30,31,0.0473266,0.046737400000000005,98.75503416683219,3.58e-5,2.56e-5,5.82e-5,0.0,0.0,0.0,0.0004695999999999981,0.4812179845268769,6.53937139816333e-12,-3.425159687651371e-15,2.680744515259903e-12,0.0,6.491811146549287e-12,2.680744515259903e-12,100.0,diag_feasible,0,0,0,0,0,0,30,2.354484391947464e-14,1.12.6,lbt,1,1,Intel(R) Core(TM) 7 150U,NT,2abc7cc
degen-r20-m20-d1e-10-p4,100,Newton-SIN-BH,1e-7*n,9.999999999999999e-6,5,6,0.0148398,0.0106454,71.7354681329937,0.0,7.1e-6,0.0,0.0038393,0.0,0.0,0.00034800000000000065,0.4812179845268778,0.0,-3.431633892100386e-15,7.549516567451064e-15,7.549516567451064e-15,2.354484391947464e-14,7.549516567451064e-15,NaN,converged,35,35,0,0,0,0,5,2.354484391947464e-14,1.12.6,lbt,1,1,Intel(R) Core(TM) 7 150U,NT,2abc7cc
degen-r20-m20-d1e-10-p4,100,Newton-SIN,1e-7*n,9.999999999999999e-6,5,11,0.0195715,0.0161822,82.68247196178116,0.0,7.0e-6,0.0,0.0031899,0.0,0.0,0.00019239999999999795,0.4812179845268778,0.0,-3.431633892100386e-15,7.549516567451064e-15,7.549516567451064e-15,2.354484391947464e-14,7.549516567451064e-15,NaN,converged,35,35,0,0,0,0,5,2.354484391947464e-14,1.12.6,lbt,1,1,Intel(R) Core(TM) 7 150U,NT,2abc7cc
degen-r20-m20-d1e-10-p4,100,AGD-SDAJ-BH,1e-7*n,1.0e-11,11,80,0.1070327,0.105778,98.82774142855408,0.0,4.8e-5,0.0,0.0,0.0,0.0,0.0012066999999999974,0.48121798452882597,4.182273317657544e-12,-3.3784986041018793e-15,9.9298347322474e-13,9.9298347322474e-13,2.142594623608955e-12,9.9298347322474e-13,NaN,diag_feasible,0,0,13,13,0,0,11,2.354484391947464e-14,1.12.6,lbt,1,1,Intel(R) Core(TM) 7 150U,NT,2abc7cc
degen-r20-m20-d1e-10-p4,100,AGD-SDAJ,1e-7*n,1.0e-11,10,87,0.1158378,0.1146372,98.9635507580427,0.0,5.63e-5,0.0,0.0,0.0,0.0,0.00114430000000001,0.4812179845289432,9.232691376900616e-12,-3.198182189780889e-15,2.2526425169644426e-12,2.2526425169644426e-12,5.504587156497483e-12,2.2526425169644426e-12,NaN,diag_feasible_at_xpre,0,0,28,10,18,0,10,2.354484391947464e-14,1.12.6,lbt,1,1,Intel(R) Core(TM) 7 150U,NT,2abc7cc
degen-r20-m20-d1e-10-p4,100,Dykstra-APM,1e-7*n,9.999999999999999e-6,72,72,0.0886636,0.0837141,94.41766406958436,0.0,0.0,0.0,0.0,0.0035459,0.0,0.0014035999999999957,0.4812179845171893,1.879938136963038e-11,-3.1982287589647993e-15,4.18554080283684e-12,4.18554080283684e-12,8.50094332998479e-12,4.18554080283684e-12,NaN,diag_feasible,0,0,0,0,0,0,72,2.354484391947464e-14,1.12.6,lbt,1,1,Intel(R) Core(TM) 7 150U,NT,2abc7cc
degen-r20-m20-d1e-10-p4,100,Anderson-APM,1e-7*n,9.999999999999999e-6,34,34,0.1459316,0.1049452,71.91396517272476,0.0,0.0,0.0,0.0,0.0,0.0359948,0.004991599999999992,0.48121798453312736,1.6895063167631603e-11,-3.8651418812177275e-15,2.5693891458899998e-12,2.5693891458899998e-12,8.755132793544151e-12,2.5693891458899998e-12,NaN,diag_feasible,0,0,0,0,0,0,34,2.354484391947464e-14,1.12.6,lbt,1,1,Intel(R) Core(TM) 7 150U,NT,2abc7cc
degen-r20-m20-d0-p0,100,SBB-Dual,1e-7*n,1.0e-11,26,27,0.0769247,0.0758461,98.59784958537375,9.14e-5,4.25e-5,0.0001248,0.0,0.0,0.0,0.0008198999999999991,0.4818192177755268,1.0331061087834396e-11,-2.8380446321514736e-15,5.795364188543317e-12,0.0,9.967135857672452e-12,5.795364188543317e-12,100.0,diag_feasible,0,0,0,0,0,0,26,1.6412160774195557e-14,1.12.6,lbt,1,1,Intel(R) Core(TM) 7 150U,NT,2abc7cc
degen-r20-m20-d0-p0,100,Newton-SIN-BH,1e-7*n,9.999999999999999e-6,4,5,0.0182713,0.012406200000000001,67.89993049208321,0.0,1.02e-5,0.0,0.0054695,0.0,0.0,0.0003853999999999993,0.4818192177755313,0.0,-3.585090111864675e-15,5.773159728050814e-15,5.773159728050814e-15,1.6412160774195557e-14,5.773159728050814e-15,NaN,converged,22,22,0,0,0,0,4,1.6412160774195557e-14,1.12.6,lbt,1,1,Intel(R) Core(TM) 7 150U,NT,2abc7cc
degen-r20-m20-d0-p0,100,Newton-SIN,1e-7*n,9.999999999999999e-6,4,9,0.0260868,0.0202378,77.57869880552616,0.0,8.1e-6,0.0,0.0056026,0.0,0.0,0.00023830000000000032,0.4818192177755313,0.0,-3.585090111864675e-15,5.773159728050814e-15,5.773159728050814e-15,1.6412160774195557e-14,5.773159728050814e-15,NaN,converged,22,22,0,0,0,0,4,1.6412160774195557e-14,1.12.6,lbt,1,1,Intel(R) Core(TM) 7 150U,NT,2abc7cc
degen-r20-m20-d0-p0,100,AGD-SDAJ-BH,1e-7*n,1.0e-11,11,79,0.238928,0.23596709999999999,98.76075637849058,0.0,0.0001555,0.0,0.0,0.0,0.0,0.0028054000000000165,0.48181921778364994,1.7128636260414827e-11,-3.785583671993602e-15,4.747313653297169e-12,4.747313653297169e-12,8.668209348327067e-12,4.747313653297169e-12,NaN,diag_feasible,0,0,14,14,0,0,11,1.6412160774195557e-14,1.12.6,lbt,1,1,Intel(R) Core(TM) 7 150U,NT,2abc7cc
degen-r20-m20-d0-p0,100,AGD-SDAJ,1e-7*n,1.0e-11,11,91,0.2472489,0.2442501,98.78713312779148,0.0,0.0001503,0.0,0.0,0.0,0.0,0.002848499999999996,0.4818192177837292,1.846608494266088e-11,-3.0799690253067415e-15,4.199862679854505e-12,4.199862679854505e-12,9.984019432518284e-12,4.199862679854505e-12,NaN,diag_feasible_at_xpre,0,0,26,20,6,0,11,1.6412160774195557e-14,1.12.6,lbt,1,1,Intel(R) Core(TM) 7 150U,NT,2abc7cc
degen-r20-m20-d0-p0,100,Dykstra-APM,1e-7*n,9.999999999999999e-6,66,66,0.1935289,0.1791977,92.59480108655606,0.0,0.0,0.0,0.0,0.0067878,0.0,0.007543400000000016,0.48181921777077835,1.485924868795614e-11,-2.3620572507693524e-15,4.120703778198731e-12,4.120703778198731e-12,8.120985528231975e-12,4.120703778198731e-12,NaN,diag_feasible,0,0,0,0,0,0,66,1.6412160774195557e-14,1.12.6,lbt,1,1,Intel(R) Core(TM) 7 150U,NT,2abc7cc
degen-r20-m20-d0-p0,100,Anderson-APM,1e-7*n,9.999999999999999e-6,34,34,0.0813201,0.0640821,78.80228873304385,0.0,0.0,0.0,0.0,0.0,0.0148928,0.002345200000000004,0.4818192177773144,4.879978614745464e-12,-3.1965979985219834e-15,5.493383525845275e-13,5.493383525845275e-13,2.5691755115429577e-12,5.493383525845275e-13,NaN,diag_feasible,0,0,0,0,0,0,34,1.6412160774195557e-14,1.12.6,lbt,1,1,Intel(R) Core(TM) 7 150U,NT,2abc7cc
degen-r20-m20-d0-p1,100,SBB-Dual,1e-7*n,1.0e-11,27,28,0.0557129,0.0548871,98.51775800577605,5.07e-5,3.51e-5,5.11e-5,0.0,0.0,0.0,0.0006889000000000015,0.47716666458022544,5.493337488223139e-12,-3.464447369573457e-15,3.8327119256109654e-12,0.0,5.098827611458537e-12,3.8327119256109654e-12,100.0,diag_feasible,0,0,0,0,0,0,27,3.0372463630638606e-14,1.12.6,lbt,1,1,Intel(R) Core(TM) 7 150U,NT,2abc7cc
degen-r20-m20-d0-p1,100,Newton-SIN-BH,1e-7*n,9.999999999999999e-6,4,5,0.0190628,0.0120601,63.26510271313763,0.0,8.5e-6,0.0,0.0066212,0.0,0.0,0.00037300000000000093,0.47716666458022566,0.0,-3.0751175971597728e-15,7.549516567451064e-15,7.549516567451064e-15,3.0372463630638606e-14,7.549516567451064e-15,NaN,converged,25,25,0,0,0,0,4,3.0372463630638606e-14,1.12.6,lbt,1,1,Intel(R) Core(TM) 7 150U,NT,2abc7cc
degen-r20-m20-d0-p1,100,Newton-SIN,1e-7*n,9.999999999999999e-6,4,9,0.0196199,0.0158437,80.75321484818984,0.0,7.3e-6,0.0,0.003532,0.0,0.0,0.0002369000000000004,0.47716666458022566,0.0,-3.0751175971597728e-15,7.549516567451064e-15,7.549516567451064e-15,3.0372463630638606e-14,7.549516567451064e-15,NaN,converged,25,25,0,0,0,0,4,3.0372463630638606e-14,1.12.6,lbt,1,1,Intel(R) Core(TM) 7 150U,NT,2abc7cc
degen-r20-m20-d0-p1,100,AGD-SDAJ-BH,1e-7*n,1.0e-11,10,77,0.1831523,0.1810333,98.84303937215094,0.0,8.81e-5,0.0,0.0,0.0,0.0,0.002030899999999982,0.47716666458465395,1.121183122968786e-11,-3.4096359262796766e-15,3.5149660959632456e-12,3.5149660959632456e-12,6.274877753262741e-12,3.5149660959632456e-12,NaN,diag_feasible,0,0,18,18,0,0,10,3.0372463630638606e-14,1.12.6,lbt,1,1,Intel(R) Core(TM) 7 150U,NT,2abc7cc
degen-r20-m20-d0-p1,100,AGD-SDAJ,1e-7*n,1.0e-11,11,96,0.1694991,0.1675545,98.85273727117134,0.0,8.98e-5,0.0,0.0,0.0,0.0,0.0018548000000000186,0.47716666458465656,9.69365880592206e-12,-3.264681875952979e-15,1.2927436898735323e-12,1.2927436898735323e-12,4.839237000830627e-12,1.2927436898735323e-12,NaN,diag_feasible,0,0,29,24,5,0,11,3.0372463630638606e-14,1.12.6,lbt,1,1,Intel(R) Core(TM) 7 150U,NT,2abc7cc
degen-r20-m20-d0-p1,100,Dykstra-APM,1e-7*n,9.999999999999999e-6,67,67,0.1674194,0.1560244,93.19373979359621,0.0,0.0,0.0,0.0,0.0051832,0.0,0.006211799999999989,0.4771666645746201,1.3299495693285854e-11,-2.1042987522071142e-15,4.78617145915905e-12,4.78617145915905e-12,7.272759226303667e-12,4.78617145915905e-12,NaN,diag_feasible,0,0,0,0,0,0,67,3.0372463630638606e-14,1.12.6,lbt,1,1,Intel(R) Core(TM) 7 150U,NT,2abc7cc
degen-r20-m20-d0-p1,100,Anderson-APM,1e-7*n,9.999999999999999e-6,31,31,0.0667756,0.0538056,80.57673761074403,0.0,0.0,0.0,0.0,0.0,0.0082913,0.004678700000000003,0.47716666458890217,1.6216336217729206e-11,-3.818357529580912e-15,1.319611087069461e-12,1.319611087069461e-12,7.347725253123427e-12,1.319611087069461e-12,NaN,diag_feasible,0,0,0,0,0,0,31,3.0372463630638606e-14,1.12.6,lbt,1,1,Intel(R) Core(TM) 7 150U,NT,2abc7cc
degen-r20-m20-d0-p2,100,SBB-Dual,1e-7*n,1.0e-11,29,30,0.0718363,0.0709092,98.7094268496568,6.83e-5,3.22e-5,0.0001172,0.0,0.0,0.0,0.0007094000000000001,0.478691984039125,4.742118334679525e-12,-2.3457450519721132e-15,3.704592188569222e-12,0.0,4.612759777278447e-12,3.704592188569222e-12,100.0,diag_feasible,0,0,0,0,0,0,29,2.7073284147201584e-14,1.12.6,lbt,1,1,Intel(R) Core(TM) 7 150U,NT,2abc7cc
degen-r20-m20-d0-p2,100,Newton-SIN-BH,1e-7*n,9.999999999999999e-6,4,5,0.0200506,0.0137472,68.56253678194169,0.0,1.53e-5,0.0,0.0058098,0.0,0.0,0.00047829999999999834,0.47869198403912827,0.0,-3.0300745638110777e-15,9.992007221626409e-15,9.992007221626409e-15,2.7073284147201584e-14,9.992007221626409e-15,NaN,converged,22,22,0,0,0,0,4,2.7073284147201584e-14,1.12.6,lbt,1,1,Intel(R) Core(TM) 7 150U,NT,2abc7cc
degen-r20-m20-d0-p2,100,Newton-SIN,1e-7*n,9.999999999999999e-6,4,9,0.0309673,0.0251147,81.10070945804122,0.0,1.23e-5,0.0,0.0055321,0.0,0.0,0.0003081999999999998,0.47869198403912827,0.0,-3.0300745638110777e-15,9.992007221626409e-15,9.992007221626409e-15,2.7073284147201584e-14,9.992007221626409e-15,NaN,converged,22,22,0,0,0,0,4,2.7073284147201584e-14,1.12.6,lbt,1,1,Intel(R) Core(TM) 7 150U,NT,2abc7cc
degen-r20-m20-d0-p2,100,AGD-SDAJ-BH,1e-7*n,1.0e-11,10,79,0.1882306,0.1861711,98.90586333996704,0.0,9.59e-5,0.0,0.0,0.0,0.0,0.001963599999999992,0.4786919840435257,9.962897844576204e-12,-3.429497754705481e-15,2.177591440499782e-12,2.177591440499782e-12,5.466993675282048e-12,2.177591440499782e-12,NaN,diag_feasible,0,0,20,20,0,0,10,2.7073284147201584e-14,1.12.6,lbt,1,1,Intel(R) Core(TM) 7 150U,NT,2abc7cc
degen-r20-m20-d0-p2,100,AGD-SDAJ,1e-7*n,1.0e-11,11,86,0.2347536,0.2320091,98.83090184772459,0.0,0.0001252,0.0,0.0,0.0,0.0,0.002619300000000011,0.478691984043387,8.218799925711002e-12,-2.8360653116094825e-15,1.4701573292086323e-12,1.4701573292086323e-12,3.969410698016622e-12,1.4701573292086323e-12,NaN,diag_feasible_at_xpre,0,0,23,16,7,0,11,2.7073284147201584e-14,1.12.6,lbt,1,1,Intel(R) Core(TM) 7 150U,NT,2abc7cc
degen-r20-m20-d0-p2,100,Dykstra-APM,1e-7*n,9.999999999999999e-6,70,70,0.2036935,0.1893466,92.95662355450715,0.0,0.0,0.0,0.0,0.0064815,0.0,0.007865399999999995,0.47869198403372926,1.557335497984753e-11,-2.6123154554076934e-15,6.298295218698513e-12,6.298295218698513e-12,8.326197184794826e-12,6.298295218698513e-12,NaN,diag_feasible,0,0,0,0,0,0,70,2.7073284147201584e-14,1.12.6,lbt,1,1,Intel(R) Core(TM) 7 150U,NT,2abc7cc
degen-r20-m20-d0-p2,100,Anderson-APM,1e-7*n,9.999999999999999e-6,41,41,0.1438106,0.0990296,68.86112706573785,0.0,0.0,0.0,0.0,0.0,0.0403621,0.004418900000000017,0.47869198404660673,1.7728378140472077e-11,-2.949505555021249e-15,2.4130697440227777e-12,2.4130697440227777e-12,8.756989218004472e-12,2.4130697440227777e-12,NaN,diag_feasible,0,0,0,0,0,0,41,2.7073284147201584e-14,1.12.6,lbt,1,1,Intel(R) Core(TM) 7 150U,NT,2abc7cc
degen-r20-m20-d0-p3,100,SBB-Dual,1e-7*n,1.0e-11,24,25,0.0621681,0.0613656,98.70914504384082,6.71e-5,3.32e-5,0.0001069,0.0,0.0,0.0,0.0005952999999999976,0.4827116503768684,4.872965063660309e-12,-2.87624206836912e-15,2.0474733020137137e-12,0.0,4.2355100088243006e-12,2.0474733020137137e-12,100.0,diag_feasible,0,0,0,0,0,0,24,2.3909265679837677e-14,1.12.6,lbt,1,1,Intel(R) Core(TM) 7 150U,NT,2abc7cc
degen-r20-m20-d0-p3,100,Newton-SIN-BH,1e-7*n,9.999999999999999e-6,4,5,0.0204199,0.0140327,68.72070872041489,0.0,9.9e-6,0.0,0.0059696,0.0,0.0,0.0004077000000000004,0.48271165037687225,0.0,-2.8935140366819367e-15,5.995204332975845e-15,5.995204332975845e-15,2.3909265679837677e-14,5.995204332975845e-15,NaN,converged,23,23,0,0,0,0,4,2.3909265679837677e-14,1.12.6,lbt,1,1,Intel(R) Core(TM) 7 150U,NT,2abc7cc
degen-r20-m20-d0-p3,100,Newton-SIN,1e-7*n,9.999999999999999e-6,4,9,0.0188487,0.0156258,82.90120804087285,0.0,7.1e-6,0.0,0.0029896,0.0,0.0,0.00022620000000000105,0.48271165037687225,0.0,-2.8935140366819367e-15,5.995204332975845e-15,5.995204332975845e-15,2.3909265679837677e-14,5.995204332975845e-15,NaN,converged,23,23,0,0,0,0,4,2.3909265679837677e-14,1.12.6,lbt,1,1,Intel(R) Core(TM) 7 150U,NT,2abc7cc
degen-r20-m20-d0-p3,100,AGD-SDAJ-BH,1e-7*n,1.0e-11,9,72,0.1621898,0.1603678,98.87662479391429,0.0,7.92e-5,0.0,0.0,0.0,0.0,0.0017427999999999903,0.48271165038309055,1.347919521008555e-11,-3.734870498258666e-15,5.134781488891349e-12,5.134781488891349e-12,7.199341776580678e-12,5.134781488891349e-12,NaN,diag_feasible,0,0,17,17,0,0,9,2.3909265679837677e-14,1.12.6,lbt,1,1,Intel(R) Core(TM) 7 150U,NT,2abc7cc
degen-r20-m20-d0-p3,100,AGD-SDAJ,1e-7*n,1.0e-11,10,81,0.2201479,0.2184434,99.22574778137789,0.0,8.49e-5,0.0,0.0,0.0,0.0,0.0016195999999999977,0.4827116503841983,1.6606144835535423e-11,-2.7679583713465158e-15,7.203015961465553e-12,7.203015961465553e-12,9.19049716641389e-12,7.203015961465553e-12,NaN,diag_feasible,0,0,22,17,5,0,10,2.3909265679837677e-14,1.12.6,lbt,1,1,Intel(R) Core(TM) 7 150U,NT,2abc7cc
degen-r20-m20-d0-p3,100,Dykstra-APM,1e-7*n,9.999999999999999e-6,61,61,0.1927697,0.1806238,93.69926912787643,0.0,0.0,0.0,0.0,0.0057508,0.0,0.006395099999999987,0.48271165037048375,1.3987874837747866e-11,-3.3362086257583013e-15,3.5362823780360486e-12,3.5362823780360486e-12,7.972987326006681e-12,3.5362823780360486e-12,NaN,diag_feasible,0,0,0,0,0,0,61,2.3909265679837677e-14,1.12.6,lbt,1,1,Intel(R) Core(TM) 7 150U,NT,2abc7cc
degen-r20-m20-d0-p3,100,Anderson-APM,1e-7*n,9.999999999999999e-6,34,34,0.1335391,0.0930479,69.67839381873924,0.0,0.0,0.0,0.0,0.0,0.0357253,0.00476589999999999,0.48271165038732405,2.114283933410301e-11,-4.138984161223607e-15,2.2778445796234337e-12,2.2778445796234337e-12,9.970994183643606e-12,2.2778445796234337e-12,NaN,diag_feasible,0,0,0,0,0,0,34,2.3909265679837677e-14,1.12.6,lbt,1,1,Intel(R) Core(TM) 7 150U,NT,2abc7cc
degen-r20-m20-d0-p4,100,SBB-Dual,1e-7*n,1.0e-11,28,29,0.0706677,0.0697758,98.73789581378763,7.57e-5,3.5e-5,0.0001073,0.0,0.0,0.0,0.0006739000000000011,0.4812179847588661,8.306697638869168e-12,-2.4944445761301682e-15,8.831602116288195e-12,0.0,9.198758665852558e-12,8.831602116288195e-12,100.0,diag_feasible,0,0,0,0,0,0,28,2.202834683593108e-14,1.12.6,lbt,1,1,Intel(R) Core(TM) 7 150U,NT,2abc7cc
degen-r20-m20-d0-p4,100,Newton-SIN-BH,1e-7*n,9.999999999999999e-6,4,5,0.0179606,0.0122813,68.37911873768137,0.0,9.0e-6,0.0,0.0052877,0.0,0.0,0.00038259999999999943,0.4812179847588685,0.0,-3.885292907572332e-15,7.771561172376096e-15,7.771561172376096e-15,2.202834683593108e-14,7.771561172376096e-15,NaN,converged,23,23,0,0,0,0,4,2.202834683593108e-14,1.12.6,lbt,1,1,Intel(R) Core(TM) 7 150U,NT,2abc7cc
degen-r20-m20-d0-p4,100,Newton-SIN,1e-7*n,9.999999999999999e-6,4,9,0.0191532,0.0157342,82.14919700102334,0.0,6.9e-6,0.0,0.0031548,0.0,0.0,0.0002572999999999985,0.4812179847588685,0.0,-3.885292907572332e-15,7.771561172376096e-15,7.771561172376096e-15,2.202834683593108e-14,7.771561172376096e-15,NaN,converged,23,23,0,0,0,0,4,2.202834683593108e-14,1.12.6,lbt,1,1,Intel(R) Core(TM) 7 150U,NT,2abc7cc
degen-r20-m20-d0-p4,100,AGD-SDAJ-BH,1e-7*n,1.0e-11,11,79,0.1970082,0.1950083,98.98486458939273,0.0,9.41e-5,0.0,0.0,0.0,0.0,0.001905799999999999,0.481217984764418,1.1342845518098934e-11,-3.845332049407719e-15,3.879563337250147e-12,3.879563337250147e-12,5.819573229796324e-12,3.879563337250147e-12,NaN,diag_feasible_at_xpre,0,0,16,16,0,0,11,2.202834683593108e-14,1.12.6,lbt,1,1,Intel(R) Core(TM) 7 150U,NT,2abc7cc
degen-r20-m20-d0-p4,100,AGD-SDAJ,1e-7*n,1.0e-11,12,153,0.4633141,0.4581743,98.89064459726133,0.0,0.000289,0.0,0.0,0.0,0.0,0.0048508000000000275,0.4812179847642983,1.1581880442032787e-11,-3.707390593213364e-15,1.908695423935569e-12,1.908695423935569e-12,5.828073610020064e-12,1.908695423935569e-12,NaN,diag_feasible,0,0,82,16,66,0,12,2.202834683593108e-14,1.12.6,lbt,1,1,Intel(R) Core(TM) 7 150U,NT,2abc7cc
degen-r20-m20-d0-p4,100,Dykstra-APM,1e-7*n,9.999999999999999e-6,69,69,0.193583,0.1804368,93.20901112184438,0.0,0.0,0.0,0.0,0.006158,0.0,0.0069881999999999965,0.4812179847547434,1.7232363891706887e-11,-1.968176489878617e-15,8.495870673641548e-12,8.495870673641548e-12,9.159316968820644e-12,8.495870673641548e-12,NaN,diag_feasible,0,0,0,0,0,0,69,2.202834683593108e-14,1.12.6,lbt,1,1,Intel(R) Core(TM) 7 150U,NT,2abc7cc
degen-r20-m20-d0-p4,100,Anderson-APM,1e-7*n,9.999999999999999e-6,35,35,0.1347385,0.0966518,71.73287516188765,0.0,0.0,0.0,0.0,0.0,0.0339197,0.004167000000000018,0.4812179847653058,1.4557023068372452e-11,-3.601148633126946e-15,2.399747067727276e-12,2.399747067727276e-12,7.136418001222919e-12,2.399747067727276e-12,NaN,diag_feasible,0,0,0,0,0,0,35,2.202834683593108e-14,1.12.6,lbt,1,1,Intel(R) Core(TM) 7 150U,NT,2abc7cc
degen-r50-m1-d0.01-p0,100,SBB-Dual,1e-7*n,1.0e-11,14,15,0.0390168,0.0381967,97.89808492751841,5.39e-5,2.9e-5,0.0001276,0.0,0.0,0.0,0.0006095999999999973,0.49665854538145826,1.6470073773606256e-12,-1.5730183607940046e-15,5.404565683875262e-13,0.0,1.7036036710382096e-12,5.404565683875262e-13,7.6923076923076925,diag_feasible,0,0,0,0,0,0,14,7.572380295906598e-14,1.12.6,lbt,1,1,Intel(R) Core(TM) 7 150U,NT,2abc7cc
degen-r50-m1-d0.01-p0,100,Newton-SIN-BH,1e-7*n,9.999999999999999e-6,4,5,0.0174621,0.0112059,64.17269400587557,0.0,8.8e-6,0.0,0.0058991,0.0,0.0,0.0003483000000000019,0.4966585453814602,0.0,-1.472768964610645e-15,2.020605904817785e-14,2.020605904817785e-14,7.572380295906598e-14,2.020605904817785e-14,NaN,converged,19,19,0,0,0,0,4,7.572380295906598e-14,1.12.6,lbt,1,1,Intel(R) Core(TM) 7 150U,NT,2abc7cc
degen-r50-m1-d0.01-p0,100,Newton-SIN,1e-7*n,9.999999999999999e-6,4,9,0.024826,0.0188562,75.95343591396117,0.0,8.5e-6,0.0,0.0057091,0.0,0.0,0.00025220000000000103,0.4966585453814602,0.0,-1.472768964610645e-15,2.020605904817785e-14,2.020605904817785e-14,7.572380295906598e-14,2.020605904817785e-14,NaN,converged,19,19,0,0,0,0,4,7.572380295906598e-14,1.12.6,lbt,1,1,Intel(R) Core(TM) 7 150U,NT,2abc7cc
degen-r50-m1-d0.01-p0,100,AGD-SDAJ-BH,1e-7*n,1.0e-11,8,61,0.1409177,0.13916489999999998,98.7561534143688,0.0,7.38e-5,0.0,0.0,0.0,0.0,0.0016790000000000266,0.4966585453799018,3.575760597751242e-12,-1.9312789369041567e-15,2.1229684676882243e-12,2.1229684676882243e-12,2.985288358745305e-12,2.1229684676882243e-12,NaN,diag_feasible,0,0,14,14,0,0,8,7.572380295906598e-14,1.12.6,lbt,1,1,Intel(R) Core(TM) 7 150U,NT,2abc7cc
degen-r50-m1-d0.01-p0,100,AGD-SDAJ,1e-7*n,1.0e-11,7,58,0.131331,0.1297405,98.78893787453076,0.0,7.76e-5,0.0,0.0,0.0,0.0,0.0015128999999999948,0.4966585453759228,1.2053557930557021e-11,-1.5526776627450177e-15,3.886224675397898e-12,3.886224675397898e-12,9.714170443022203e-12,3.886224675397898e-12,NaN,diag_feasible_at_xpre,0,0,17,12,5,0,7,7.572380295906598e-14,1.12.6,lbt,1,1,Intel(R) Core(TM) 7 150U,NT,2abc7cc
degen-r50-m1-d0.01-p0,100,Dykstra-APM,1e-7*n,9.999999999999999e-6,37,37,0.0845057,0.0788645,93.32447397039489,0.0,0.0,0.0,0.0,0.0026707,0.0,0.002970499999999999,0.49665854537317744,1.226960504939099e-11,-1.421834937977361e-15,2.242206420532966e-12,2.242206420532966e-12,8.572710561287784e-12,2.242206420532966e-12,NaN,diag_feasible,0,0,0,0,0,0,37,7.572380295906598e-14,1.12.6,lbt,1,1,Intel(R) Core(TM) 7 150U,NT,2abc7cc
degen-r50-m1-d0.01-p0,100,Anderson-APM,1e-7*n,9.999999999999999e-6,18,18,0.0366327,0.02965,80.93861495330675,0.0,0.0,0.0,0.0,0.0,0.0059457,0.001036999999999998,0.49665854538357795,3.180322554397529e-12,-1.414068943175259e-15,4.2721381987576024e-13,4.2721381987576024e-13,2.2530315812430857e-12,4.2721381987576024e-13,NaN,diag_feasible,0,0,0,0,0,0,18,7.572380295906598e-14,1.12.6,lbt,1,1,Intel(R) Core(TM) 7 150U,NT,2abc7cc
degen-r50-m1-d0.01-p1,100,SBB-Dual,1e-7*n,1.0e-11,13,14,0.0341762,0.0335868,98.27540803249046,4.32e-5,2.21e-5,0.0001238,0.0,0.0,0.0,0.0004002999999999969,0.4968406577164225,5.373888327331948e-12,-1.5980956232709132e-15,3.161915174132446e-12,0.0,6.380156985983429e-12,3.161915174132446e-12,16.666666666666668,diag_feasible,0,0,0,0,0,0,13,2.6997145157701295e-14,1.12.6,lbt,1,1,Intel(R) Core(TM) 7 150U,NT,2abc7cc
degen-r50-m1-d0.01-p1,100,Newton-SIN-BH,1e-7*n,9.999999999999999e-6,4,5,0.0172468,0.011146699999999999,64.63054015817426,0.0,7.7e-6,0.0,0.0057445,0.0,0.0,0.0003479000000000008,0.49684065771642566,0.0,-1.6650702836431658e-15,7.327471962526033e-15,7.327471962526033e-15,2.6997145157701295e-14,7.327471962526033e-15,NaN,converged,19,19,0,0,0,0,4,2.6997145157701295e-14,1.12.6,lbt,1,1,Intel(R) Core(TM) 7 150U,NT,2abc7cc
degen-r50-m1-d0.01-p1,100,Newton-SIN,1e-7*n,9.999999999999999e-6,4,9,0.0261883,0.019707699999999998,75.25383472772191,0.0,9.0e-6,0.0,0.0062071,0.0,0.0,0.0002645000000000026,0.49684065771642566,0.0,-1.6650702836431658e-15,7.327471962526033e-15,7.327471962526033e-15,2.6997145157701295e-14,7.327471962526033e-15,NaN,converged,19,19,0,0,0,0,4,2.6997145157701295e-14,1.12.6,lbt,1,1,Intel(R) Core(TM) 7 150U,NT,2abc7cc
degen-r50-m1-d0.01-p1,100,AGD-SDAJ-BH,1e-7*n,1.0e-11,7,51,0.1171253,0.11574330000000001,98.82006705639175,0.0,6.23e-5,0.0,0.0,0.0,0.0,0.0013196999999999944,0.49684065771402913,4.4307349123772065e-12,-1.6331203763159885e-15,8.824052599720744e-13,8.824052599720744e-13,3.471098616853742e-12,8.824052599720744e-13,NaN,diag_feasible,0,0,8,8,0,0,7,2.6997145157701295e-14,1.12.6,lbt,1,1,Intel(R) Core(TM) 7 150U,NT,2abc7cc
degen-r50-m1-d0.01-p1,100,AGD-SDAJ,1e-7*n,1.0e-11,8,55,0.0644577,0.0635416,98.5787578520487,0.0,4.06e-5,0.0,0.0,0.0,0.0,0.000875500000000003,0.4968406577134259,5.519005710166747e-12,-1.8665925980801584e-15,1.1541878564003127e-12,1.1541878564003127e-12,4.322005342165792e-12,1.1541878564003127e-12,NaN,diag_feasible_at_xpre,0,0,10,6,4,0,8,2.6997145157701295e-14,1.12.6,lbt,1,1,Intel(R) Core(TM) 7 150U,NT,2abc7cc
degen-r50-m1-d0.01-p1,100,Dykstra-APM,1e-7*n,9.999999999999999e-6,37,37,0.1188884,0.0999226,84.04739234441712,0.0,0.0,0.0,0.0,0.0119538,0.0,0.007012000000000004,0.4968406577093414,1.0356970737661232e-11,-1.5392727917555951e-15,1.7346124536743446e-12,1.7346124536743446e-12,7.2530635578160395e-12,1.7346124536743446e-12,NaN,diag_feasible,0,0,0,0,0,0,37,2.6997145157701295e-14,1.12.6,lbt,1,1,Intel(R) Core(TM) 7 150U,NT,2abc7cc
degen-r50-m1-d0.01-p1,100,Anderson-APM,1e-7*n,9.999999999999999e-6,18,18,0.0507302,0.0359975,70.95871886962796,0.0,0.0,0.0,0.0,0.0,0.0127535,0.001979200000000002,0.4968406577188958,3.8647221601141794e-12,-1.4193722677622866e-15,5.724309914967307e-13,5.724309914967307e-13,2.7693849388335667e-12,5.724309914967307e-13,NaN,diag_feasible,0,0,0,0,0,0,18,2.6997145157701295e-14,1.12.6,lbt,1,1,Intel(R) Core(TM) 7 150U,NT,2abc7cc
degen-r50-m1-d0.01-p2,100,SBB-Dual,1e-7*n,1.0e-11,14,15,0.0385405,0.037875400000000004,98.27428289721203,4.19e-5,2.49e-5,0.0001402,0.0,0.0,0.0,0.00045809999999999487,0.4962028172821058,2.2761823657080635e-12,-1.5195119859896267e-15,5.666578317686799e-13,0.0,2.408574982860633e-12,5.666578317686799e-13,15.384615384615385,diag_feasible,0,0,0,0,0,0,14,2.3420180361420892e-14,1.12.6,lbt,1,1,Intel(R) Core(TM) 7 150U,NT,2abc7cc
degen-r50-m1-d0.01-p2,100,Newton-SIN-BH,1e-7*n,9.999999999999999e-6,4,5,0.0211979,0.0136448,64.36864028984004,0.0,1.27e-5,0.0,0.0069971,0.0,0.0,0.0005432999999999983,0.49620281728210486,0.0,-1.4412104288695218e-15,7.993605777301127e-15,7.993605777301127e-15,2.3420180361420892e-14,7.993605777301127e-15,NaN,converged,18,18,0,0,0,0,4,2.3420180361420892e-14,1.12.6,lbt,1,1,Intel(R) Core(TM) 7 150U,NT,2abc7cc
degen-r50-m1-d0.01-p2,100,Newton-SIN,1e-7*n,9.999999999999999e-6,4,9,0.0264933,0.0203596,76.84810876712224,0.0,1.0e-5,0.0,0.0058214,0.0,0.0,0.00030230000000000274,0.49620281728210486,0.0,-1.4412104288695218e-15,7.993605777301127e-15,7.993605777301127e-15,2.3420180361420892e-14,7.993605777301127e-15,NaN,converged,18,18,0,0,0,0,4,2.3420180361420892e-14,1.12.6,lbt,1,1,Intel(R) Core(TM) 7 150U,NT,2abc7cc
degen-r50-m1-d0.01-p2,100,AGD-SDAJ-BH,1e-7*n,1.0e-11,7,44,0.103555,0.10224749999999999,98.73738593018201,0.0,5.51e-5,0.0,0.0,0.0,0.0,0.0012524000000000031,0.496202817279404,5.476422743320883e-12,-1.4802411192888486e-15,3.0162539133016253e-12,3.0162539133016253e-12,4.4987020477462044e-12,3.0162539133016253e-12,NaN,diag_feasible,0,0,3,3,0,0,7,2.3420180361420892e-14,1.12.6,lbt,1,1,Intel(R) Core(TM) 7 150U,NT,2abc7cc
degen-r50-m1-d0.01-p2,100,AGD-SDAJ,1e-7*n,1.0e-11,7,44,0.0982398,0.0970096,98.74775803696669,0.0,5.98e-5,0.0,0.0,0.0,0.0,0.0011704000000000007,0.496202817279404,5.476422743320883e-12,-1.4802411192888486e-15,3.0162539133016253e-12,3.0162539133016253e-12,4.4987020477462044e-12,3.0162539133016253e-12,NaN,diag_feasible,0,0,3,3,0,0,7,2.3420180361420892e-14,1.12.6,lbt,1,1,Intel(R) Core(TM) 7 150U,NT,2abc7cc
degen-r50-m1-d0.01-p2,100,Dykstra-APM,1e-7*n,9.999999999999999e-6,37,37,0.0953761,0.0880249,92.29240868519472,0.0,0.0,0.0,0.0,0.0035466,0.0,0.003804600000000002,0.49620281727383675,1.2060725611544968e-11,-1.4152099428671041e-15,1.6198153929281034e-12,1.6198153929281034e-12,8.433595474415273e-12,1.6198153929281034e-12,NaN,diag_feasible,0,0,0,0,0,0,37,2.3420180361420892e-14,1.12.6,lbt,1,1,Intel(R) Core(TM) 7 150U,NT,2abc7cc
degen-r50-m1-d0.01-p2,100,Anderson-APM,1e-7*n,9.999999999999999e-6,17,17,0.0591867,0.0429174,72.51189878807232,0.0,0.0,0.0,0.0,0.0,0.0140881,0.002181200000000001,0.49620281728436033,1.0351805592441122e-11,-1.3211526397176954e-15,6.255662654552907e-12,6.255662654552907e-12,8.127798694605442e-12,6.255662654552907e-12,NaN,diag_feasible,0,0,0,0,0,0,17,2.3420180361420892e-14,1.12.6,lbt,1,1,Intel(R) Core(TM) 7 150U,NT,2abc7cc
degen-r50-m1-d0.01-p3,100,SBB-Dual,1e-7*n,1.0e-11,14,15,0.0356818,0.0350701,98.28568065512391,4.79e-5,2.47e-5,0.0001173,0.0,0.0,0.0,0.00042179999999999974,0.496350125854308,1.8880028916882397e-12,-1.6144732088035467e-15,4.4075854077618715e-13,0.0,2.0202033539715584e-12,4.4075854077618715e-13,23.076923076923077,diag_feasible,0,0,0,0,0,0,14,1.7706578043732106e-14,1.12.6,lbt,1,1,Intel(R) Core(TM) 7 150U,NT,2abc7cc
degen-r50-m1-d0.01-p3,100,Newton-SIN-BH,1e-7*n,9.999999999999999e-6,4,5,0.0238255,0.0158385,66.4770938700132,0.0,1.21e-5,0.0,0.0074319,0.0,0.0,0.0005430000000000018,0.4963501258543122,0.0,-1.4335287244501147e-15,5.995204332975845e-15,5.995204332975845e-15,1.7706578043732106e-14,5.995204332975845e-15,NaN,converged,19,19,0,0,0,0,4,1.7706578043732106e-14,1.12.6,lbt,1,1,Intel(R) Core(TM) 7 150U,NT,2abc7cc
degen-r50-m1-d0.01-p3,100,Newton-SIN,1e-7*n,9.999999999999999e-6,4,9,0.0357152,0.0294729,82.52200743660963,0.0,9.9e-6,0.0,0.0058432,0.0,0.0,0.00038920000000000274,0.4963501258543122,0.0,-1.4335287244501147e-15,5.995204332975845e-15,5.995204332975845e-15,1.7706578043732106e-14,5.995204332975845e-15,NaN,converged,19,19,0,0,0,0,4,1.7706578043732106e-14,1.12.6,lbt,1,1,Intel(R) Core(TM) 7 150U,NT,2abc7cc
degen-r50-m1-d0.01-p3,100,AGD-SDAJ-BH,1e-7*n,1.0e-11,7,43,0.0957172,0.0945515,98.78214155867492,0.0,5.33e-5,0.0,0.0,0.0,0.0,0.0011124000000000056,0.49635012584891436,1.1147482048733655e-11,-1.4435369945463578e-15,5.363376409661669e-12,5.363376409661669e-12,9.116968297018227e-12,5.363376409661669e-12,NaN,diag_feasible_at_xpre,0,0,4,4,0,0,7,1.7706578043732106e-14,1.12.6,lbt,1,1,Intel(R) Core(TM) 7 150U,NT,2abc7cc
degen-r50-m1-d0.01-p3,100,AGD-SDAJ,1e-7*n,1.0e-11,7,43,0.1007325,0.0994714,98.74807038443403,0.0,5.39e-5,0.0,0.0,0.0,0.0,0.0012072000000000012,0.49635012584891436,1.1147482048733655e-11,-1.4435369945463578e-15,5.363376409661669e-12,5.363376409661669e-12,9.116968297018227e-12,5.363376409661669e-12,NaN,diag_feasible_at_xpre,0,0,4,4,0,0,7,1.7706578043732106e-14,1.12.6,lbt,1,1,Intel(R) Core(TM) 7 150U,NT,2abc7cc
degen-r50-m1-d0.01-p3,100,Dykstra-APM,1e-7*n,9.999999999999999e-6,37,37,0.0933745,0.0861531,92.26619687387884,0.0,0.0,0.0,0.0,0.0035446,0.0,0.0036768000000000026,0.49635012584628535,1.1723719510264217e-11,-1.5852281878758639e-15,1.716404796070492e-12,1.716404796070492e-12,8.198528423657732e-12,1.716404796070492e-12,NaN,diag_feasible,0,0,0,0,0,0,37,1.7706578043732106e-14,1.12.6,lbt,1,1,Intel(R) Core(TM) 7 150U,NT,2abc7cc
degen-r50-m1-d0.01-p3,100,Anderson-APM,1e-7*n,9.999999999999999e-6,18,18,0.0554043,0.0388976,70.20682510202278,0.0,0.0,0.0,0.0,0.0,0.014224,0.0022826999999999986,0.49635012585669,3.641443082964119e-12,-1.511034825706642e-15,5.023759186428833e-13,5.023759186428833e-13,2.5962924227204447e-12,5.023759186428833e-13,NaN,diag_feasible,0,0,0,0,0,0,18,1.7706578043732106e-14,1.12.6,lbt,1,1,Intel(R) Core(TM) 7 150U,NT,2abc7cc
degen-r50-m1-d0.01-p4,100,SBB-Dual,1e-7*n,1.0e-11,14,15,0.0394052,0.038785299999999995,98.42685736907818,4.78e-5,2.41e-5,0.0001237,0.0,0.0,0.0,0.0004243000000000066,0.49598057813765195,2.603374092342577e-12,-1.5926339769481512e-15,5.282441151166495e-13,0.0,2.639451225925799e-12,5.282441151166495e-13,23.076923076923077,diag_feasible,0,0,0,0,0,0,14,1.7261022656281432e-14,1.12.6,lbt,1,1,Intel(R) Core(TM) 7 150U,NT,2abc7cc
degen-r50-m1-d0.01-p4,100,Newton-SIN-BH,1e-7*n,9.999999999999999e-6,4,5,0.0180322,0.0114183,63.321724470669125,0.0,8.7e-6,0.0,0.0061829,0.0,0.0,0.0004223000000000022,0.49598057813765445,0.0,-1.6895804724412575e-15,5.10702591327572e-15,5.10702591327572e-15,1.7261022656281432e-14,5.10702591327572e-15,NaN,converged,18,18,0,0,0,0,4,1.7261022656281432e-14,1.12.6,lbt,1,1,Intel(R) Core(TM) 7 150U,NT,2abc7cc
degen-r50-m1-d0.01-p4,100,Newton-SIN,1e-7*n,9.999999999999999e-6,4,9,0.0305482,0.021624599999999997,70.7884588944684,0.0,9.9e-6,0.0,0.0086305,0.0,0.0,0.0002832000000000043,0.49598057813765445,0.0,-1.6895804724412575e-15,5.10702591327572e-15,5.10702591327572e-15,1.7261022656281432e-14,5.10702591327572e-15,NaN,converged,18,18,0,0,0,0,4,1.7261022656281432e-14,1.12.6,lbt,1,1,Intel(R) Core(TM) 7 150U,NT,2abc7cc
degen-r50-m1-d0.01-p4,100,AGD-SDAJ-BH,1e-7*n,1.0e-11,7,46,0.1081298,0.106658,98.63885811311961,0.0,8.64e-5,0.0,0.0,0.0,0.0,0.0013853999999999954,0.49598057813556456,3.629556185961683e-12,-1.3786488747793055e-15,9.134915046615788e-13,9.134915046615788e-13,2.7796684730454776e-12,9.134915046615788e-13,NaN,diag_feasible,0,0,5,5,0,0,7,1.7261022656281432e-14,1.12.6,lbt,1,1,Intel(R) Core(TM) 7 150U,NT,2abc7cc
degen-r50-m1-d0.01-p4,100,AGD-SDAJ,1e-7*n,1.0e-11,7,51,0.1382858,0.1365584,98.75084788170587,0.0,7.46e-5,0.0,0.0,0.0,0.0,0.00165279999999999,0.49598057813556656,3.6333039710719795e-12,-1.9105456763839257e-15,9.147127499886665e-13,9.147127499886665e-13,2.782605605691684e-12,9.147127499886665e-13,NaN,diag_feasible_at_xpre,0,0,12,5,7,0,7,1.7261022656281432e-14,1.12.6,lbt,1,1,Intel(R) Core(TM) 7 150U,NT,2abc7cc
degen-r50-m1-d0.01-p4,100,Dykstra-APM,1e-7*n,9.999999999999999e-6,37,37,0.0840421,0.0767489,91.32196839441185,0.0,0.0,0.0,0.0,0.0026948,0.0,0.0045984,0.49598057812864155,1.3166670800240363e-11,-1.7401752681746041e-15,1.6846524175662125e-12,1.6846524175662125e-12,9.197059825944292e-12,1.6846524175662125e-12,NaN,diag_feasible,0,0,0,0,0,0,37,1.7261022656281432e-14,1.12.6,lbt,1,1,Intel(R) Core(TM) 7 150U,NT,2abc7cc
degen-r50-m1-d0.01-p4,100,Anderson-APM,1e-7*n,9.999999999999999e-6,17,17,0.0714828,0.0502126,70.24431051945365,0.0,0.0,0.0,0.0,0.0,0.018476,0.0027941999999999967,0.49598057814054464,8.696838563948661e-12,-1.6304019051500726e-15,3.757660849146305e-12,3.757660849146305e-12,6.7794674238906136e-12,3.757660849146305e-12,NaN,diag_feasible,0,0,0,0,0,0,17,1.7261022656281432e-14,1.12.6,lbt,1,1,Intel(R) Core(TM) 7 150U,NT,2abc7cc
degen-r50-m1-d0.0001-p0,100,SBB-Dual,1e-7*n,1.0e-11,14,15,0.0365821,0.035876599999999995,98.07146117910125,3.72e-5,1.96e-5,0.0001149,0.0,0.0,0.0,0.0005338000000000046,0.49749367572859665,1.3875714535123126e-12,-1.9085744309037192e-15,4.862776847858186e-13,0.0,1.3449233701112877e-12,4.862776847858186e-13,15.384615384615385,diag_feasible,0,0,0,0,0,0,14,6.445253448036163e-14,1.12.6,lbt,1,1,Intel(R) Core(TM) 7 150U,NT,2abc7cc
degen-r50-m1-d0.0001-p0,100,Newton-SIN-BH,1e-7*n,9.999999999999999e-6,4,5,0.0235705,0.016838600000000002,71.43929912390489,0.0,1.3e-5,0.0,0.0060568,0.0,0.0,0.0006620999999999988,0.49749367572860026,0.0,-1.5052418076131598e-15,1.709743457922741e-14,1.709743457922741e-14,6.445253448036163e-14,1.709743457922741e-14,NaN,converged,15,15,0,0,0,0,4,6.445253448036163e-14,1.12.6,lbt,1,1,Intel(R) Core(TM) 7 150U,NT,2abc7cc
degen-r50-m1-d0.0001-p0,100,Newton-SIN,1e-7*n,9.999999999999999e-6,4,9,0.0411853,0.032847,79.75418413851544,0.0,1.38e-5,0.0,0.0077054,0.0,0.0,0.0006191,0.49749367572860026,0.0,-1.5052418076131598e-15,1.709743457922741e-14,1.709743457922741e-14,6.445253448036163e-14,1.709743457922741e-14,NaN,converged,15,15,0,0,0,0,4,6.445253448036163e-14,1.12.6,lbt,1,1,Intel(R) Core(TM) 7 150U,NT,2abc7cc
degen-r50-m1-d0.0001-p0,100,AGD-SDAJ-BH,1e-7*n,1.0e-11,6,39,0.0683114,0.0673763,98.63112159903034,0.0,3.99e-5,0.0,0.0,0.0,0.0,0.0008951999999999942,0.4974936757313031,5.721017174397747e-12,-1.784310013370425e-15,2.5128787939365793e-12,2.5128787939365793e-12,4.627926394806409e-12,2.5128787939365793e-12,NaN,diag_feasible_at_xpre,0,0,6,6,0,0,6,6.445253448036163e-14,1.12.6,lbt,1,1,Intel(R) Core(TM) 7 150U,NT,2abc7cc
degen-r50-m1-d0.0001-p0,100,AGD-SDAJ,1e-7*n,1.0e-11,6,40,0.0978271,0.0965658,98.71068446268978,0.0,5.47e-5,0.0,0.0,0.0,0.0,0.0012066000000000069,0.49749367573131653,5.727253600442842e-12,-1.7679137378983561e-15,2.5357493882438575e-12,2.5357493882438575e-12,4.655552392219315e-12,2.5357493882438575e-12,NaN,diag_feasible_at_xpre,0,0,7,6,1,0,6,6.445253448036163e-14,1.12.6,lbt,1,1,Intel(R) Core(TM) 7 150U,NT,2abc7cc
degen-r50-m1-d0.0001-p0,100,Dykstra-APM,1e-7*n,9.999999999999999e-6,37,37,0.120657,0.1112854,92.23285843341041,0.0,0.0,0.0,0.0,0.0042264,0.0,0.005145199999999994,0.4974936757212268,1.0972136757232704e-11,-1.4568751540497064e-15,2.0015100687942322e-12,2.0015100687942322e-12,7.658806658571394e-12,2.0015100687942322e-12,NaN,diag_feasible,0,0,0,0,0,0,37,6.445253448036163e-14,1.12.6,lbt,1,1,Intel(R) Core(TM) 7 150U,NT,2abc7cc
degen-r50-m1-d0.0001-p0,100,Anderson-APM,1e-7*n,9.999999999999999e-6,17,17,0.0611924,0.0433164,70.78722194259419,0.0,0.0,0.0,0.0,0.0,0.0151773,0.0026987000000000035,0.4974936757228671,1.3094066629945202e-11,-1.4933959788373925e-15,5.304423567054073e-12,5.304423567054073e-12,9.651278738338264e-12,5.304423567054073e-12,NaN,diag_feasible,0,0,0,0,0,0,17,6.445253448036163e-14,1.12.6,lbt,1,1,Intel(R) Core(TM) 7 150U,NT,2abc7cc
degen-r50-m1-d0.0001-p1,100,SBB-Dual,1e-7*n,1.0e-11,14,15,0.037854,0.0370974,98.00126802979871,4.69e-5,2.48e-5,0.0001876,0.0,0.0,0.0,0.0004972999999999962,0.4976779318067299,4.4846904046291017e-13,-1.4957502803346175e-15,1.247890679678676e-13,0.0,4.3454092308750845e-13,1.247890679678676e-13,7.6923076923076925,diag_feasible,0,0,0,0,0,0,14,2.600032341951682e-14,1.12.6,lbt,1,1,Intel(R) Core(TM) 7 150U,NT,2abc7cc
degen-r50-m1-d0.0001-p1,100,Newton-SIN-BH,1e-7*n,9.999999999999999e-6,4,5,0.0200407,0.0142361,71.03594185831832,0.0,1.09e-5,0.0,0.0053244,0.0,0.0,0.0004693000000000015,0.49767793180673386,0.0,-1.4355504154108795e-15,8.881784197001252e-15,8.881784197001252e-15,2.600032341951682e-14,8.881784197001252e-15,NaN,converged,15,15,0,0,0,0,4,2.600032341951682e-14,1.12.6,lbt,1,1,Intel(R) Core(TM) 7 150U,NT,2abc7cc
degen-r50-m1-d0.0001-p1,100,Newton-SIN,1e-7*n,9.999999999999999e-6,4,9,0.0169684,0.0141813,83.57476249970533,0.0,8.3e-6,0.0,0.0025393,0.0,0.0,0.00023950000000000056,0.49767793180673386,0.0,-1.4355504154108795e-15,8.881784197001252e-15,8.881784197001252e-15,2.600032341951682e-14,8.881784197001252e-15,NaN,converged,15,15,0,0,0,0,4,2.600032341951682e-14,1.12.6,lbt,1,1,Intel(R) Core(TM) 7 150U,NT,2abc7cc
degen-r50-m1-d0.0001-p1,100,AGD-SDAJ-BH,1e-7*n,1.0e-11,6,39,0.1045029,0.10306950000000001,98.6283634234074,0.0,6.09e-5,0.0,0.0,0.0,0.0,0.0013724999999999874,0.49767793181326203,1.0806159666312653e-11,-1.5540733498310868e-15,1.6580070649752088e-12,1.6580070649752088e-12,8.105582506633392e-12,1.6580070649752088e-12,NaN,diag_feasible,0,0,4,4,0,0,6,2.600032341951682e-14,1.12.6,lbt,1,1,Intel(R) Core(TM) 7 150U,NT,2abc7cc
degen-r50-m1-d0.0001-p1,100,AGD-SDAJ,1e-7*n,1.0e-11,5,36,0.0665577,0.0656729,98.67062714006045,0.0,3.89e-5,0.0,0.0,0.0,0.0,0.0008458999999999911,0.4976779318078857,1.996483211468195e-12,-1.3656685524104442e-15,3.3495428652940973e-13,3.3495428652940973e-13,1.5105573217865686e-12,3.3495428652940973e-13,NaN,diag_feasible,0,0,5,4,1,0,5,2.600032341951682e-14,1.12.6,lbt,1,1,Intel(R) Core(TM) 7 150U,NT,2abc7cc
degen-r50-m1-d0.0001-p1,100,Dykstra-APM,1e-7*n,9.999999999999999e-6,37,37,0.0646513,0.0603104,93.285672523213,0.0,0.0,0.0,0.0,0.0023437,0.0,0.0019971999999999946,0.49767793180043846,9.235694820941239e-12,-1.7285382665356943e-15,1.546096584092993e-12,1.546096584092993e-12,6.467642390601263e-12,1.546096584092993e-12,NaN,diag_feasible,0,0,0,0,0,0,37,2.600032341951682e-14,1.12.6,lbt,1,1,Intel(R) Core(TM) 7 150U,NT,2abc7cc
degen-r50-m1-d0.0001-p1,100,Anderson-APM,1e-7*n,9.999999999999999e-6,17,17,0.0600521,0.042385,70.58037937057989,0.0,0.0,0.0,0.0,0.0,0.0151338,0.0025332999999999987,0.497677931800861,1.147802268431731e-11,-1.5338960683544157e-15,4.817923837663329e-12,4.817923837663329e-12,8.384473323679263e-12,4.817923837663329e-12,NaN,diag_feasible,0,0,0,0,0,0,17,2.600032341951682e-14,1.12.6,lbt,1,1,Intel(R) Core(TM) 7 150U,NT,2abc7cc
degen-r50-m1-d0.0001-p2,100,SBB-Dual,1e-7*n,1.0e-11,14,15,0.0345897,0.034010200000000004,98.32464577605472,3.8e-5,1.8e-5,0.0001244,0.0,0.0,0.0,0.00039909999999999664,0.4970415228270588,1.1458258172121143e-12,-1.6967248992972977e-15,4.0545344859310717e-13,0.0,1.20279305949185e-12,4.0545344859310717e-13,7.6923076923076925,diag_feasible,0,0,0,0,0,0,14,2.052291630421466e-14,1.12.6,lbt,1,1,Intel(R) Core(TM) 7 150U,NT,2abc7cc
degen-r50-m1-d0.0001-p2,100,Newton-SIN-BH,1e-7*n,9.999999999999999e-6,4,5,0.0173664,0.011846299999999999,68.21390731527546,0.0,9.2e-6,0.0,0.0050884,0.0,0.0,0.00042250000000000187,0.4970415228270602,0.0,-1.8519415455739945e-15,6.8833827526759706e-15,6.8833827526759706e-15,2.052291630421466e-14,6.8833827526759706e-15,NaN,converged,15,15,0,0,0,0,4,2.052291630421466e-14,1.12.6,lbt,1,1,Intel(R) Core(TM) 7 150U,NT,2abc7cc
degen-r50-m1-d0.0001-p2,100,Newton-SIN,1e-7*n,9.999999999999999e-6,4,9,0.0250234,0.0195681,78.19920554361119,0.0,9.7e-6,0.0,0.0051953,0.0,0.0,0.0002503000000000002,0.4970415228270602,0.0,-1.8519415455739945e-15,6.8833827526759706e-15,6.8833827526759706e-15,2.052291630421466e-14,6.8833827526759706e-15,NaN,converged,15,15,0,0,0,0,4,2.052291630421466e-14,1.12.6,lbt,1,1,Intel(R) Core(TM) 7 150U,NT,2abc7cc
degen-r50-m1-d0.0001-p2,100,AGD-SDAJ-BH,1e-7*n,1.0e-11,5,27,0.0677004,0.0667551,98.60370101210628,0.0,4.1e-5,0.0,0.0,0.0,0.0,0.0009042999999999961,0.49704152282381747,6.6454421889200474e-12,-1.476214500142419e-15,2.653433028854124e-12,2.653433028854124e-12,5.4799644689279036e-12,2.653433028854124e-12,NaN,diag_feasible_at_xpre,0,0,0,0,0,0,5,2.052291630421466e-14,1.12.6,lbt,1,1,Intel(R) Core(TM) 7 150U,NT,2abc7cc
degen-r50-m1-d0.0001-p2,100,AGD-SDAJ,1e-7*n,1.0e-11,5,44,0.1039669,0.1026668,98.7495058523434,0.0,5.99e-5,0.0,0.0,0.0,0.0,0.0012401999999999984,0.49704152282153186,1.0656016672742394e-11,-1.5564821233269929e-15,3.5924596630820815e-12,3.5924596630820815e-12,8.2970768295605e-12,3.5924596630820815e-12,NaN,diag_feasible_at_xpre,0,0,17,0,17,0,5,2.052291630421466e-14,1.12.6,lbt,1,1,Intel(R) Core(TM) 7 150U,NT,2abc7cc
degen-r50-m1-d0.0001-p2,100,Dykstra-APM,1e-7*n,9.999999999999999e-6,37,37,0.0599667,0.0565375,94.28149289522351,0.0,0.0,0.0,0.0,0.0022437,0.0,0.0011855000000000004,0.4970415228197461,1.0708805311912462e-11,-1.3751794481999552e-15,1.439071084519128e-12,1.439071084519128e-12,7.48690158251511e-12,1.439071084519128e-12,NaN,diag_feasible,0,0,0,0,0,0,37,2.052291630421466e-14,1.12.6,lbt,1,1,Intel(R) Core(TM) 7 150U,NT,2abc7cc
degen-r50-m1-d0.0001-p2,100,Anderson-APM,1e-7*n,9.999999999999999e-6,17,17,0.034385,0.0283235,82.37167369492511,0.0,0.0,0.0,0.0,0.0,0.0046571,0.0014043999999999975,0.497041522824267,5.897252268022991e-12,-1.3427813584930446e-15,2.3421264927492302e-12,2.3421264927492302e-12,4.391973458627663e-12,2.3421264927492302e-12,NaN,diag_feasible,0,0,0,0,0,0,17,2.052291630421466e-14,1.12.6,lbt,1,1,Intel(R) Core(TM) 7 150U,NT,2abc7cc
degen-r50-m1-d0.0001-p3,100,SBB-Dual,1e-7*n,1.0e-11,14,15,0.0346311,0.034013299999999996,98.21605435576693,3.94e-5,2.08e-5,0.0001274,0.0,0.0,0.0,0.00043020000000000173,0.49718200624372244,3.141930588375963e-12,-1.7297882499749142e-15,6.792344464656708e-13,0.0,3.2827734857029705e-12,6.792344464656708e-13,7.6923076923076925,diag_feasible,0,0,0,0,0,0,14,1.925300869454868e-14,1.12.6,lbt,1,1,Intel(R) Core(TM) 7 150U,NT,2abc7cc
degen-r50-m1-d0.0001-p3,100,Newton-SIN-BH,1e-7*n,9.999999999999999e-6,4,5,0.0170888,0.011662100000000002,68.24411310331914,0.0,8.3e-6,0.0,0.0050377,0.0,0.0,0.00038069999999999944,0.49718200624372555,0.0,-1.6226972660033431e-15,5.995204332975845e-15,5.995204332975845e-15,1.925300869454868e-14,5.995204332975845e-15,NaN,converged,15,15,0,0,0,0,4,1.925300869454868e-14,1.12.6,lbt,1,1,Intel(R) Core(TM) 7 150U,NT,2abc7cc
degen-r50-m1-d0.0001-p3,100,Newton-SIN,1e-7*n,9.999999999999999e-6,4,9,0.0235016,0.018441199999999998,78.46784899751505,0.0,9.2e-6,0.0,0.0047808,0.0,0.0,0.0002704000000000031,0.49718200624372555,0.0,-1.6226972660033431e-15,5.995204332975845e-15,5.995204332975845e-15,1.925300869454868e-14,5.995204332975845e-15,NaN,converged,15,15,0,0,0,0,4,1.925300869454868e-14,1.12.6,lbt,1,1,Intel(R) Core(TM) 7 150U,NT,2abc7cc
degen-r50-m1-d0.0001-p3,100,AGD-SDAJ-BH,1e-7*n,1.0e-11,6,37,0.0868165,0.0857361,98.75553610200826,0.0,4.78e-5,0.0,0.0,0.0,0.0,0.0010326000000000092,0.4971820062458256,3.6028972327622588e-12,-1.5943187748049883e-15,1.244671032907263e-12,1.244671032907263e-12,2.7663030768567545e-12,1.244671032907263e-12,NaN,diag_feasible,0,0,2,2,0,0,6,1.925300869454868e-14,1.12.6,lbt,1,1,Intel(R) Core(TM) 7 150U,NT,2abc7cc
degen-r50-m1-d0.0001-p3,100,AGD-SDAJ,1e-7*n,1.0e-11,6,37,0.0736333,0.07266700000000001,98.6876861420037,0.0,4.17e-5,0.0,0.0,0.0,0.0,0.0009245999999999894,0.4971820062458256,3.6028972327622588e-12,-1.5943187748049883e-15,1.244671032907263e-12,1.244671032907263e-12,2.7663030768567545e-12,1.244671032907263e-12,NaN,diag_feasible,0,0,2,2,0,0,6,1.925300869454868e-14,1.12.6,lbt,1,1,Intel(R) Core(TM) 7 150U,NT,2abc7cc
degen-r50-m1-d0.0001-p3,100,Dykstra-APM,1e-7*n,9.999999999999999e-6,37,37,0.0792738,0.0736354,92.88743569754446,0.0,0.0,0.0,0.0,0.0026845,0.0,0.002953900000000002,0.49718200623662734,1.0408536077353069e-11,-1.5605935885307209e-15,1.524558257415265e-12,1.524558257415265e-12,7.27852180193026e-12,1.524558257415265e-12,NaN,diag_feasible,0,0,0,0,0,0,37,1.925300869454868e-14,1.12.6,lbt,1,1,Intel(R) Core(TM) 7 150U,NT,2abc7cc
degen-r50-m1-d0.0001-p3,100,Anderson-APM,1e-7*n,9.999999999999999e-6,17,17,0.0536359,0.0377583,70.39743902871025,0.0,0.0,0.0,0.0,0.0,0.0137088,0.0021687999999999985,0.4971820062387513,9.969223751804839e-12,-1.702440549879198e-15,3.029798634202052e-12,3.029798634202052e-12,7.387712684063681e-12,3.029798634202052e-12,NaN,diag_feasible,0,0,0,0,0,0,17,1.925300869454868e-14,1.12.6,lbt,1,1,Intel(R) Core(TM) 7 150U,NT,2abc7cc
degen-r50-m1-d0.0001-p4,100,SBB-Dual,1e-7*n,1.0e-11,14,15,0.0306069,0.0300748,98.2615031251123,3.46e-5,1.96e-5,0.000127,0.0,0.0,0.0,0.00035090000000000067,0.49680032523625484,3.3347030981456405e-12,-1.5864041985903984e-15,1.0120793092482927e-12,0.0,3.3675371603635104e-12,1.0120793092482927e-12,7.6923076923076925,diag_feasible,0,0,0,0,0,0,14,3.579862453204684e-14,1.12.6,lbt,1,1,Intel(R) Core(TM) 7 150U,NT,2abc7cc
degen-r50-m1-d0.0001-p4,100,Newton-SIN-BH,1e-7*n,9.999999999999999e-6,4,5,0.0169337,0.0117357,69.3038142874859,0.0,9.4e-6,0.0,0.0047857,0.0,0.0,0.00040289999999999944,0.49680032523625917,0.0,-1.4133554588433451e-15,1.2434497875801753e-14,1.2434497875801753e-14,3.579862453204684e-14,1.2434497875801753e-14,NaN,converged,15,15,0,0,0,0,4,3.579862453204684e-14,1.12.6,lbt,1,1,Intel(R) Core(TM) 7 150U,NT,2abc7cc
degen-r50-m1-d0.0001-p4,100,Newton-SIN,1e-7*n,9.999999999999999e-6,4,9,0.0247285,0.0197244,79.76383525082394,0.0,9.8e-6,0.0,0.0047236,0.0,0.0,0.0002707000000000013,0.49680032523625917,0.0,-1.4133554588433451e-15,1.2434497875801753e-14,1.2434497875801753e-14,3.579862453204684e-14,1.2434497875801753e-14,NaN,converged,15,15,0,0,0,0,4,3.579862453204684e-14,1.12.6,lbt,1,1,Intel(R) Core(TM) 7 150U,NT,2abc7cc
degen-r50-m1-d0.0001-p4,100,AGD-SDAJ-BH,1e-7*n,1.0e-11,6,41,0.0696505,0.0687279,98.67538639349321,0.0,4.12e-5,0.0,0.0,0.0,0.0,0.0008814000000000095,0.4968003252379703,2.9622604621186825e-12,-1.7933505559290578e-15,1.0212941603526815e-12,1.0212941603526815e-12,2.2488391150073515e-12,1.0212941603526815e-12,NaN,diag_feasible,0,0,4,4,0,0,6,3.579862453204684e-14,1.12.6,lbt,1,1,Intel(R) Core(TM) 7 150U,NT,2abc7cc
degen-r50-m1-d0.0001-p4,100,AGD-SDAJ,1e-7*n,1.0e-11,6,45,0.165871,0.1645645,99.21233970977447,0.0,5.84e-5,0.0,0.0,0.0,0.0,0.0012480999999999883,0.49680032523791967,2.9615795464674078e-12,-1.6995624649876962e-15,1.067923527386938e-12,1.067923527386938e-12,2.2756586690100557e-12,1.067923527386938e-12,NaN,diag_feasible,0,0,8,4,4,0,6,3.579862453204684e-14,1.12.6,lbt,1,1,Intel(R) Core(TM) 7 150U,NT,2abc7cc
degen-r50-m1-d0.0001-p4,100,Dykstra-APM,1e-7*n,9.999999999999999e-6,37,37,0.1014962,0.0935431,92.16414013529571,0.0,0.0,0.0,0.0,0.0034354,0.0,0.004517699999999991,0.4968003252281789,1.184822414614786e-11,-1.8025031934084737e-15,1.5152323840084136e-12,1.5152323840084136e-12,8.27448993828974e-12,1.5152323840084136e-12,NaN,diag_feasible,0,0,0,0,0,0,37,3.579862453204684e-14,1.12.6,lbt,1,1,Intel(R) Core(TM) 7 150U,NT,2abc7cc
degen-r50-m1-d0.0001-p4,100,Anderson-APM,1e-7*n,9.999999999999999e-6,17,17,0.0595169,0.0414603,69.66139029418535,0.0,0.0,0.0,0.0,0.0,0.0152963,0.0027602999999999985,0.49680032523280776,6.636642624386687e-12,-1.7019631553626137e-15,1.921796055626146e-12,1.921796055626146e-12,4.882289250964937e-12,1.921796055626146e-12,NaN,diag_feasible,0,0,0,0,0,0,17,3.579862453204684e-14,1.12.6,lbt,1,1,Intel(R) Core(TM) 7 150U,NT,2abc7cc
degen-r50-m1-d1e-06-p0,100,SBB-Dual,1e-7*n,1.0e-11,13,14,0.0377544,0.0371521,98.40468925476236,3.91e-5,1.91e-5,0.0001299,0.0,0.0,0.0,0.00041420000000000004,0.4975029728798488,4.49714806495286e-12,-1.6553145255916548e-15,1.290523243824282e-12,0.0,4.657659486427795e-12,1.290523243824282e-12,8.333333333333334,diag_feasible,0,0,0,0,0,0,13,6.522586253564168e-14,1.12.6,lbt,1,1,Intel(R) Core(TM) 7 150U,NT,2abc7cc
degen-r50-m1-d1e-06-p0,100,Newton-SIN-BH,1e-7*n,9.999999999999999e-6,4,5,0.0173232,0.0124044,71.60570795234136,0.0,8.4e-6,0.0,0.0045043,0.0,0.0,0.0004061000000000004,0.49750297287985074,5.488439828874517e-13,-1.5246874476589904e-15,4.241051954068098e-14,4.241051954068098e-14,1.4084569512589326e-13,4.241051954068098e-14,NaN,converged,14,14,0,0,0,0,4,6.522586253564168e-14,1.12.6,lbt,1,1,Intel(R) Core(TM) 7 150U,NT,2abc7cc
degen-r50-m1-d1e-06-p0,100,Newton-SIN,1e-7*n,9.999999999999999e-6,5,12,0.0326803,0.025800299999999998,78.94756168089032,0.0,1.12e-5,0.0,0.0065954,0.0,0.0,0.0002734000000000035,0.4975029728798524,2.9746374687404586e-13,-1.4648383319315002e-15,9.658940314238862e-15,9.658940314238862e-15,3.2852285337661686e-14,9.658940314238862e-15,NaN,converged,22,22,1,0,0,0,5,6.522586253564168e-14,1.12.6,lbt,1,1,Intel(R) Core(TM) 7 150U,NT,2abc7cc
degen-r50-m1-d1e-06-p0,100,AGD-SDAJ-BH,1e-7*n,1.0e-11,6,43,0.1363765,0.1344893,98.61618387332128,0.0,9.5e-5,0.0,0.0,0.0,0.0,0.0017922000000000055,0.49750297288200307,5.165414137793244e-12,-1.495367646476791e-15,2.3634427748220332e-12,2.3634427748220332e-12,4.3053078142784184e-12,2.3634427748220332e-12,NaN,diag_feasible,0,0,8,8,0,0,6,6.522586253564168e-14,1.12.6,lbt,1,1,Intel(R) Core(TM) 7 150U,NT,2abc7cc
degen-r50-m1-d1e-06-p0,100,AGD-SDAJ,1e-7*n,1.0e-11,6,43,0.1239625,0.12234289999999999,98.69347584955128,0.0,7.71e-5,0.0,0.0,0.0,0.0,0.0015425000000000126,0.49750297288199724,5.150201986420076e-12,-1.4909656390191925e-15,2.3563373474644322e-12,2.3563373474644322e-12,4.3076626787353075e-12,2.3563373474644322e-12,NaN,diag_feasible_at_xpre,0,0,10,8,2,0,6,6.522586253564168e-14,1.12.6,lbt,1,1,Intel(R) Core(TM) 7 150U,NT,2abc7cc
degen-r50-m1-d1e-06-p0,100,Dykstra-APM,1e-7*n,9.999999999999999e-6,37,37,0.1116867,0.1034558,92.6303669102946,0.0,0.0,0.0,0.0,0.0036878,0.0,0.0045431,0.4975029728732541,9.817645816505602e-12,-1.4839929083206383e-15,1.8030021919912542e-12,1.8030021919912542e-12,6.856864405834132e-12,1.8030021919912542e-12,NaN,diag_feasible,0,0,0,0,0,0,37,6.522586253564168e-14,1.12.6,lbt,1,1,Intel(R) Core(TM) 7 150U,NT,2abc7cc
degen-r50-m1-d1e-06-p0,100,Anderson-APM,1e-7*n,9.999999999999999e-6,17,17,0.0616195,0.0426982,69.293324353492,0.0,0.0,0.0,0.0,0.0,0.0154877,0.003433600000000002,0.49750297287629947,6.17343636469952e-12,-1.5438603940563237e-15,1.8565149417781868e-12,1.8565149417781868e-12,4.407981082436633e-12,1.8565149417781868e-12,NaN,diag_feasible,0,0,0,0,0,0,17,6.522586253564168e-14,1.12.6,lbt,1,1,Intel(R) Core(TM) 7 150U,NT,2abc7cc
degen-r50-m1-d1e-06-p1,100,SBB-Dual,1e-7*n,1.0e-11,14,15,0.0457921,0.0449267,98.11015437160559,6.32e-5,3.51e-5,0.0001788,0.0,0.0,0.0,0.0005883000000000022,0.4976872539929174,5.654690803845498e-13,-1.6538094268734502e-15,1.9018120411828932e-13,0.0,5.425726143572867e-13,1.9018120411828932e-13,15.384615384615385,diag_feasible,0,0,0,0,0,0,14,7.67147239581922e-14,1.12.6,lbt,1,1,Intel(R) Core(TM) 7 150U,NT,2abc7cc
degen-r50-m1-d1e-06-p1,100,Newton-SIN-BH,1e-7*n,9.999999999999999e-6,4,5,0.0193136,0.013250699999999999,68.60813105790739,0.0,9.6e-6,0.0,0.0054828,0.0,0.0,0.0005705000000000007,0.49768725399291824,0.0,-1.5488526354284322e-15,2.375877272697835e-14,2.375877272697835e-14,7.67147239581922e-14,2.375877272697835e-14,NaN,converged,14,14,0,0,0,0,4,7.67147239581922e-14,1.12.6,lbt,1,1,Intel(R) Core(TM) 7 150U,NT,2abc7cc
degen-r50-m1-d1e-06-p1,100,Newton-SIN,1e-7*n,9.999999999999999e-6,4,9,0.026248,0.0214073,81.55783297775068,0.0,9.2e-6,0.0,0.0045291,0.0,0.0,0.00030239999999999954,0.49768725399291824,0.0,-1.5488526354284322e-15,2.375877272697835e-14,2.375877272697835e-14,7.67147239581922e-14,2.375877272697835e-14,NaN,converged,14,14,0,0,0,0,4,7.67147239581922e-14,1.12.6,lbt,1,1,Intel(R) Core(TM) 7 150U,NT,2abc7cc
degen-r50-m1-d1e-06-p1,100,AGD-SDAJ-BH,1e-7*n,1.0e-11,6,45,0.1033492,0.1021219,98.81247266548749,0.0,4.82e-5,0.0,0.0,0.0,0.0,0.0011791000000000006,0.49768725399407393,1.967492159886082e-12,-1.49223311455353e-15,3.703704010149522e-13,3.703704010149522e-13,1.4655450876077727e-12,3.703704010149522e-13,NaN,diag_feasible,0,0,8,8,0,0,6,7.67147239581922e-14,1.12.6,lbt,1,1,Intel(R) Core(TM) 7 150U,NT,2abc7cc
degen-r50-m1-d1e-06-p1,100,AGD-SDAJ,1e-7*n,1.0e-11,133,4015,9.4033682,9.236562399999999,98.22610583301417,0.0,0.0050513,0.0,0.0,0.0,0.0,0.16175450000000055,0.4976872543812441,6.572793752412795e-10,-1.610848625014597e-15,1.169200292139294e-10,1.169200292139294e-10,4.982415737026428e-10,1.169200292139294e-10,NaN,evd_budget,0,0,3345,8,3337,0,133,7.67147239581922e-14,1.12.6,lbt,1,1,Intel(R) Core(TM) 7 150U,NT,2abc7cc
degen-r50-m1-d1e-06-p1,100,Dykstra-APM,1e-7*n,9.999999999999999e-6,37,37,0.1118344,0.1031789,92.26043149513924,0.0,0.0,0.0,0.0,0.0038317,0.0,0.004823799999999996,0.4976872539873118,8.227537098630007e-12,-1.5934127431570867e-15,1.3795631303992195e-12,1.3795631303992195e-12,5.763210850618707e-12,1.3795631303992195e-12,NaN,diag_feasible,0,0,0,0,0,0,37,7.67147239581922e-14,1.12.6,lbt,1,1,Intel(R) Core(TM) 7 150U,NT,2abc7cc
degen-r50-m1-d1e-06-p1,100,Anderson-APM,1e-7*n,9.999999999999999e-6,16,16,0.0781738,0.0564758,72.24389757182072,0.0,0.0,0.0,0.0,0.0,0.0184545,0.0032435000000000033,0.49768725398844654,8.724877891891405e-12,-1.4583228396642703e-15,2.3292479056635784e-12,2.3292479056635784e-12,6.4768674659186314e-12,2.3292479056635784e-12,NaN,diag_feasible,0,0,0,0,0,0,16,7.67147239581922e-14,1.12.6,lbt,1,1,Intel(R) Core(TM) 7 150U,NT,2abc7cc
degen-r50-m1-d1e-06-p2,100,SBB-Dual,1e-7*n,1.0e-11,12,13,0.03414,0.0334177,97.88429994141771,3.88e-5,2.39e-5,0.0001611,0.0,0.0,0.0,0.0004984999999999953,0.49705085400706417,3.8305986455553755e-12,-1.778453490510211e-15,1.619926415230566e-12,0.0,4.182612513518212e-12,1.619926415230566e-12,9.090909090909092,diag_feasible,0,0,0,0,0,0,12,3.142696061245355e-14,1.12.6,lbt,1,1,Intel(R) Core(TM) 7 150U,NT,2abc7cc
degen-r50-m1-d1e-06-p2,100,Newton-SIN-BH,1e-7*n,9.999999999999999e-6,4,5,0.0157801,0.0110993,70.33732359110525,0.0,8.6e-6,0.0,0.0043266,0.0,0.0,0.00034559999999999886,0.4970508540070636,0.0,-1.2121792152834823e-15,9.992007221626409e-15,9.992007221626409e-15,3.142696061245355e-14,9.992007221626409e-15,NaN,converged,14,14,0,0,0,0,4,3.142696061245355e-14,1.12.6,lbt,1,1,Intel(R) Core(TM) 7 150U,NT,2abc7cc
degen-r50-m1-d1e-06-p2,100,Newton-SIN,1e-7*n,9.999999999999999e-6,4,9,0.0274782,0.0226111,82.28741329490286,0.0,9.2e-6,0.0,0.0045903,0.0,0.0,0.0002676000000000024,0.4970508540070636,0.0,-1.2121792152834823e-15,9.992007221626409e-15,9.992007221626409e-15,3.142696061245355e-14,9.992007221626409e-15,NaN,converged,14,14,0,0,0,0,4,3.142696061245355e-14,1.12.6,lbt,1,1,Intel(R) Core(TM) 7 150U,NT,2abc7cc
degen-r50-m1-d1e-06-p2,100,AGD-SDAJ-BH,1e-7*n,1.0e-11,5,40,0.0754499,0.0745008,98.74207918101946,0.0,4.33e-5,0.0,0.0,0.0,0.0,0.0009057999999999944,0.49705085400387805,5.286642389806461e-12,-1.486510743446055e-15,1.1757261830780408e-12,1.1757261830780408e-12,3.986223242305546e-12,1.1757261830780408e-12,NaN,diag_feasible,0,0,9,9,0,0,5,3.142696061245355e-14,1.12.6,lbt,1,1,Intel(R) Core(TM) 7 150U,NT,2abc7cc
degen-r50-m1-d1e-06-p2,100,AGD-SDAJ,1e-7*n,1.0e-11,5,41,0.0778367,0.0768385,98.71757153116718,0.0,4.55e-5,0.0,0.0,0.0,0.0,0.0009526999999999908,0.4970508540038873,5.274028994149812e-12,-1.6055557752441877e-15,1.1737277816337155e-12,1.1737277816337155e-12,3.977505981531883e-12,1.1737277816337155e-12,NaN,diag_feasible,0,0,10,9,1,0,5,3.142696061245355e-14,1.12.6,lbt,1,1,Intel(R) Core(TM) 7 150U,NT,2abc7cc
degen-r50-m1-d1e-06-p2,100,Dykstra-APM,1e-7*n,9.999999999999999e-6,37,37,0.0969478,0.0896591,92.48183042833361,0.0,0.0,0.0,0.0,0.0034374,0.0,0.003851299999999995,0.49705085400058613,9.48354125712295e-12,-1.7279225292000876e-15,1.2776446567386301e-12,1.2776446567386301e-12,6.631704697155918e-12,1.2776446567386301e-12,NaN,diag_feasible,0,0,0,0,0,0,37,3.142696061245355e-14,1.12.6,lbt,1,1,Intel(R) Core(TM) 7 150U,NT,2abc7cc
degen-r50-m1-d1e-06-p2,100,Anderson-APM,1e-7*n,9.999999999999999e-6,16,16,0.0519432,0.0368177,70.88069275670348,0.0,0.0,0.0,0.0,0.0,0.0128451,0.0022804,0.49705085400414756,5.777147033670957e-12,-1.471346597941906e-15,2.2786217357406713e-12,2.2786217357406713e-12,4.3059716907294155e-12,2.2786217357406713e-12,NaN,diag_feasible,0,0,0,0,0,0,16,3.142696061245355e-14,1.12.6,lbt,1,1,Intel(R) Core(TM) 7 150U,NT,2abc7cc
degen-r50-m1-d1e-06-p3,100,SBB-Dual,1e-7*n,1.0e-11,14,15,0.0371725,0.0365993,98.45799986549197,3.77e-5,1.85e-5,0.000122,0.0,0.0,0.0,0.000394999999999996,0.4971912674853344,1.278385822404493e-12,-1.8141044638609046e-15,8.578693311278585e-13,0.0,1.4630880396780894e-12,8.578693311278585e-13,7.6923076923076925,diag_feasible,0,0,0,0,0,0,14,4.731334965880131e-14,1.12.6,lbt,1,1,Intel(R) Core(TM) 7 150U,NT,2abc7cc
degen-r50-m1-d1e-06-p3,100,Newton-SIN-BH,1e-7*n,9.999999999999999e-6,4,5,0.0179549,0.0123261,68.65034057555319,0.0,9.0e-6,0.0,0.0051899,0.0,0.0,0.00042989999999999955,0.4971912674853358,0.0,-1.5272091514863656e-15,1.5765166949677223e-14,1.5765166949677223e-14,4.731334965880131e-14,1.5765166949677223e-14,NaN,converged,14,14,0,0,0,0,4,4.731334965880131e-14,1.12.6,lbt,1,1,Intel(R) Core(TM) 7 150U,NT,2abc7cc
degen-r50-m1-d1e-06-p3,100,Newton-SIN,1e-7*n,9.999999999999999e-6,4,9,0.0259328,0.020858,80.43096001974335,0.0,1.45e-5,0.0,0.0047596,0.0,0.0,0.0003006999999999975,0.4971912674853358,0.0,-1.5272091514863656e-15,1.5765166949677223e-14,1.5765166949677223e-14,4.731334965880131e-14,1.5765166949677223e-14,NaN,converged,14,14,0,0,0,0,4,4.731334965880131e-14,1.12.6,lbt,1,1,Intel(R) Core(TM) 7 150U,NT,2abc7cc
degen-r50-m1-d1e-06-p3,100,AGD-SDAJ-BH,1e-7*n,1.0e-11,7,48,0.1127526,0.11040849999999999,97.92102355067644,0.0,5.52e-5,0.0,0.0,0.0,0.0,0.0022889000000000017,0.49719126748876213,6.043460255005495e-12,-1.5006888546869926e-15,2.1151969065158482e-12,2.1151969065158482e-12,4.6809213052636166e-12,2.1151969065158482e-12,NaN,diag_feasible,0,0,5,5,0,0,7,4.731334965880131e-14,1.12.6,lbt,1,1,Intel(R) Core(TM) 7 150U,NT,2abc7cc
degen-r50-m1-d1e-06-p3,100,AGD-SDAJ,1e-7*n,1.0e-11,7,52,0.1352947,0.132585,97.99718688167387,0.0,7.96e-5,0.0,0.0,0.0,0.0,0.0026300999999999816,0.497191267489262,6.789757239558729e-12,-1.4570114127736633e-15,2.475353255704249e-12,2.475353255704249e-12,5.219643638698283e-12,2.475353255704249e-12,NaN,diag_feasible,0,0,9,7,2,0,7,4.731334965880131e-14,1.12.6,lbt,1,1,Intel(R) Core(TM) 7 150U,NT,2abc7cc
degen-r50-m1-d1e-06-p3,100,Dykstra-APM,1e-7*n,9.999999999999999e-6,37,37,0.09419,0.0873472,92.73510988427645,0.0,0.0,0.0,0.0,0.0031087,0.0,0.0037340999999999963,0.49719126747904585,9.226450995490773e-12,-1.5047151017934506e-15,1.3535839116229909e-12,1.3535839116229909e-12,6.452975232184599e-12,1.3535839116229909e-12,NaN,diag_feasible,0,0,0,0,0,0,37,4.731334965880131e-14,1.12.6,lbt,1,1,Intel(R) Core(TM) 7 150U,NT,2abc7cc
degen-r50-m1-d1e-06-p3,100,Anderson-APM,1e-7*n,9.999999999999999e-6,16,16,0.0602831,0.0428276,71.0441234773925,0.0,0.0,0.0,0.0,0.0,0.0151171,0.002338399999999999,0.4971912674797735,9.64570989817579e-12,-1.3276152700042395e-15,2.694067191555405e-12,2.694067191555405e-12,7.049564837377855e-12,2.694067191555405e-12,NaN,diag_feasible,0,0,0,0,0,0,16,4.731334965880131e-14,1.12.6,lbt,1,1,Intel(R) Core(TM) 7 150U,NT,2abc7cc
degen-r50-m1-d1e-06-p4,100,SBB-Dual,1e-7*n,1.0e-11,14,15,0.0409418,0.0401821,98.14443917951824,4.89e-5,2.0e-5,0.0001388,0.0,0.0,0.0,0.0005520000000000019,0.4968094636501343,4.627497162666722e-12,-1.7867918103322075e-15,8.373302051722931e-13,0.0,4.5785756746199844e-12,8.373302051722931e-13,7.6923076923076925,diag_feasible,0,0,0,0,0,0,14,4.394478150967053e-14,1.12.6,lbt,1,1,Intel(R) Core(TM) 7 150U,NT,2abc7cc
degen-r50-m1-d1e-06-p4,100,Newton-SIN-BH,1e-7*n,9.999999999999999e-6,4,5,0.0169738,0.011786300000000001,69.43819297976881,0.0,1.0e-5,0.0,0.0047679,0.0,0.0,0.00040959999999999955,0.4968094636501383,0.0,-1.6255302504029937e-15,1.199040866595169e-14,1.199040866595169e-14,4.394478150967053e-14,1.199040866595169e-14,NaN,converged,14,14,0,0,0,0,4,4.394478150967053e-14,1.12.6,lbt,1,1,Intel(R) Core(TM) 7 150U,NT,2abc7cc
degen-r50-m1-d1e-06-p4,100,Newton-SIN,1e-7*n,9.999999999999999e-6,4,9,0.0322706,0.0247042,76.55327139873444,0.0,1.34e-5,0.0,0.0072206,0.0,0.0,0.0003324000000000044,0.4968094636501383,0.0,-1.6255302504029937e-15,1.199040866595169e-14,1.199040866595169e-14,4.394478150967053e-14,1.199040866595169e-14,NaN,converged,14,14,0,0,0,0,4,4.394478150967053e-14,1.12.6,lbt,1,1,Intel(R) Core(TM) 7 150U,NT,2abc7cc
degen-r50-m1-d1e-06-p4,100,AGD-SDAJ-BH,1e-7*n,1.0e-11,7,50,0.1339347,0.1321668,98.68002840190034,0.0,8.56e-5,0.0,0.0,0.0,0.0,0.001682299999999989,0.4968094636522296,3.694838359300083e-12,-1.816506737225544e-15,1.3995471448424723e-12,1.3995471448424723e-12,2.8707832574724595e-12,1.3995471448424723e-12,NaN,diag_feasible_at_xpre,0,0,11,11,0,0,7,4.394478150967053e-14,1.12.6,lbt,1,1,Intel(R) Core(TM) 7 150U,NT,2abc7cc
degen-r50-m1-d1e-06-p4,100,AGD-SDAJ,1e-7*n,1.0e-11,6,42,0.1141637,0.11176340000000001,97.8974928107621,0.0,6.79e-5,0.0,0.0,0.0,0.0,0.002332399999999994,0.49680946365237594,4.9814147895413935e-12,-1.4647931222703793e-15,2.935207632503989e-12,2.935207632503989e-12,4.184869052221702e-12,2.935207632503989e-12,NaN,diag_feasible_at_xpre,0,0,9,7,2,0,6,4.394478150967053e-14,1.12.6,lbt,1,1,Intel(R) Core(TM) 7 150U,NT,2abc7cc
degen-r50-m1-d1e-06-p4,100,Dykstra-APM,1e-7*n,9.999999999999999e-6,37,37,0.1066743,0.0983785,92.22324402409951,0.0,0.0,0.0,0.0,0.0035429,0.0,0.004752900000000006,0.4968094636428665,1.0665958115092413e-11,-1.720094269784738e-15,1.3671286325234178e-12,1.3671286325234178e-12,7.446957651507786e-12,1.3671286325234178e-12,NaN,diag_feasible,0,0,0,0,0,0,37,4.394478150967053e-14,1.12.6,lbt,1,1,Intel(R) Core(TM) 7 150U,NT,2abc7cc
degen-r50-m1-d1e-06-p4,100,Anderson-APM,1e-7*n,9.999999999999999e-6,16,16,0.0341637,0.0283231,82.90407654908573,0.0,0.0,0.0,0.0,0.0,0.0047237,0.001116899999999998,0.4968094636445918,1.0569498759166124e-11,-1.6051372145942675e-15,2.3139268279237513e-12,2.3139268279237513e-12,7.892428702933455e-12,2.3139268279237513e-12,NaN,diag_feasible,0,0,0,0,0,0,16,4.394478150967053e-14,1.12.6,lbt,1,1,Intel(R) Core(TM) 7 150U,NT,2abc7cc
degen-r50-m1-d1e-08-p0,100,SBB-Dual,1e-7*n,1.0e-11,13,14,0.0353766,0.0347538,98.23951425518564,3.52e-5,1.78e-5,0.0001273,0.0,0.0,0.0,0.00044249999999999975,0.49750306594577687,3.714206743724922e-12,-1.8828284110141704e-15,1.077582467701177e-12,0.0,3.858130318980749e-12,1.077582467701177e-12,8.333333333333334,diag_feasible,0,0,0,0,0,0,13,3.603764100252217e-14,1.12.6,lbt,1,1,Intel(R) Core(TM) 7 150U,NT,2abc7cc
degen-r50-m1-d1e-08-p0,100,Newton-SIN-BH,1e-7*n,9.999999999999999e-6,4,5,0.0192889,0.0101887,52.82157095531626,0.0,8.9e-6,0.0,0.0086489,0.0,0.0,0.0004424000000000025,0.4975030659457749,3.2201455433991013e-13,-1.4844706018905096e-15,4.363176486776865e-14,4.363176486776865e-14,1.2722555203806538e-13,4.363176486776865e-14,NaN,converged,15,15,0,0,0,0,4,3.603764100252217e-14,1.12.6,lbt,1,1,Intel(R) Core(TM) 7 150U,NT,2abc7cc
degen-r50-m1-d1e-08-p0,100,Newton-SIN,1e-7*n,9.999999999999999e-6,5,12,0.0373484,0.0291138,77.95193368390613,0.0,1.36e-5,0.0,0.0078052,0.0,0.0,0.0004157999999999974,0.49750306594578075,2.2771023992470617e-13,-1.6862707030211094e-15,1.0658141036401503e-14,1.0658141036401503e-14,3.373836069561388e-14,1.0658141036401503e-14,NaN,converged,23,23,1,0,0,0,5,3.603764100252217e-14,1.12.6,lbt,1,1,Intel(R) Core(TM) 7 150U,NT,2abc7cc
degen-r50-m1-d1e-08-p0,100,AGD-SDAJ-BH,1e-7*n,1.0e-11,6,50,0.1308257,0.1291438,98.71439633038463,0.0,7.49e-5,0.0,0.0,0.0,0.0,0.0016069999999999863,0.49750306594899985,5.700555954293299e-12,-1.6956405569867773e-15,1.018407580488656e-12,1.018407580488656e-12,4.2637123463449336e-12,1.018407580488656e-12,NaN,diag_feasible,0,0,13,13,0,0,6,3.603764100252217e-14,1.12.6,lbt,1,1,Intel(R) Core(TM) 7 150U,NT,2abc7cc
degen-r50-m1-d1e-08-p0,100,AGD-SDAJ,1e-7*n,1.0e-11,8,78,0.1954335,0.1930218,98.76597410372325,0.0,0.00011,0.0,0.0,0.0,0.0,0.0023017000000000168,0.4975030659481942,4.10759585777049e-12,-1.4976620395182888e-15,1.425082274408851e-12,1.425082274408851e-12,3.110156851289984e-12,1.425082274408851e-12,NaN,diag_feasible,0,0,31,16,15,0,8,3.603764100252217e-14,1.12.6,lbt,1,1,Intel(R) Core(TM) 7 150U,NT,2abc7cc
degen-r50-m1-d1e-08-p0,100,Dykstra-APM,1e-7*n,9.999999999999999e-6,37,37,0.1107547,0.1022504,92.32149967450592,0.0,0.0,0.0,0.0,0.0041438,0.0,0.004360499999999993,0.49750306593987226,8.786832479501542e-12,-1.5342979634622786e-15,1.6231460620019789e-12,1.6231460620019789e-12,6.139255418817699e-12,1.6231460620019789e-12,NaN,diag_feasible,0,0,0,0,0,0,37,3.603764100252217e-14,1.12.6,lbt,1,1,Intel(R) Core(TM) 7 150U,NT,2abc7cc
degen-r50-m1-d1e-08-p0,100,Anderson-APM,1e-7*n,9.999999999999999e-6,17,17,0.0591938,0.0417249,70.48863225540512,0.0,0.0,0.0,0.0,0.0,0.015122,0.0023468999999999955,0.4975030659399403,1.1294471727984688e-11,-1.6322961177580207e-15,4.29012381175653e-12,4.29012381175653e-12,8.143028836285466e-12,4.29012381175653e-12,NaN,diag_feasible,0,0,0,0,0,0,17,3.603764100252217e-14,1.12.6,lbt,1,1,Intel(R) Core(TM) 7 150U,NT,2abc7cc
degen-r50-m1-d1e-08-p1,100,SBB-Dual,1e-7*n,1.0e-11,14,15,0.041011,0.0403152,98.30338201945821,4.61e-5,2.74e-5,0.0001361,0.0,0.0,0.0,0.0004861999999999964,0.4976873473095533,5.257301586047751e-13,-1.9135347296066236e-15,1.9451107391432743e-13,0.0,5.423714580900169e-13,1.9451107391432743e-13,15.384615384615385,diag_feasible,0,0,0,0,0,0,14,4.340673874312386e-14,1.12.6,lbt,1,1,Intel(R) Core(TM) 7 150U,NT,2abc7cc
degen-r50-m1-d1e-08-p1,100,Newton-SIN-BH,1e-7*n,9.999999999999999e-6,4,5,0.0202979,0.0140755,69.34461200419747,0.0,1.23e-5,0.0,0.0056705,0.0,0.0,0.0005396000000000012,0.49768734730955483,0.0,-1.3894074617755895e-15,1.5987211554602254e-14,1.5987211554602254e-14,4.340673874312386e-14,1.5987211554602254e-14,NaN,converged,15,15,0,0,0,0,4,4.340673874312386e-14,1.12.6,lbt,1,1,Intel(R) Core(TM) 7 150U,NT,2abc7cc
degen-r50-m1-d1e-08-p1,100,Newton-SIN,1e-7*n,9.999999999999999e-6,4,9,0.0296194,0.0233868,78.95771014942909,0.0,1.21e-5,0.0,0.005784,0.0,0.0,0.0004365000000000011,0.49768734730955483,0.0,-1.3894074617755895e-15,1.5987211554602254e-14,1.5987211554602254e-14,4.340673874312386e-14,1.5987211554602254e-14,NaN,converged,15,15,0,0,0,0,4,4.340673874312386e-14,1.12.6,lbt,1,1,Intel(R) Core(TM) 7 150U,NT,2abc7cc
degen-r50-m1-d1e-08-p1,100,AGD-SDAJ-BH,1e-7*n,1.0e-11,7,48,0.1124909,0.11106479999999999,98.73225300891005,0.0,6.49e-5,0.0,0.0,0.0,0.0,0.0013612000000000134,0.49768734731109493,2.5483198008146433e-12,-1.7735367530578608e-15,4.175548795615214e-13,4.175548795615214e-13,1.8996560531605825e-12,4.175548795615214e-13,NaN,diag_feasible,0,0,5,5,0,0,7,4.340673874312386e-14,1.12.6,lbt,1,1,Intel(R) Core(TM) 7 150U,NT,2abc7cc
degen-r50-m1-d1e-08-p1,100,AGD-SDAJ,1e-7*n,1.0e-11,5,39,0.095052,0.0938653,98.75152548078947,0.0,5.56e-5,0.0,0.0,0.0,0.0,0.0011310999999999988,0.497687347316188,1.0936952569530301e-11,-1.6476336927681078e-15,1.7832402221529264e-12,1.7832402221529264e-12,8.160744687163644e-12,1.7832402221529264e-12,NaN,diag_feasible,0,0,8,5,3,0,5,4.340673874312386e-14,1.12.6,lbt,1,1,Intel(R) Core(TM) 7 150U,NT,2abc7cc
degen-r50-m1-d1e-08-p1,100,Dykstra-APM,1e-7*n,9.999999999999999e-6,37,37,0.1020058,0.0949438,93.07686425673835,0.0,0.0,0.0,0.0,0.0030146,0.0,0.004047399999999999,0.4976873473045489,7.347611470179207e-12,-1.2312738535050972e-15,1.2356782264077992e-12,1.2356782264077992e-12,5.145924041513378e-12,1.2356782264077992e-12,NaN,diag_feasible,0,0,0,0,0,0,37,4.340673874312386e-14,1.12.6,lbt,1,1,Intel(R) Core(TM) 7 150U,NT,2abc7cc
degen-r50-m1-d1e-08-p1,100,Anderson-APM,1e-7*n,9.999999999999999e-6,17,17,0.0876048,0.0609114,69.52975179442222,0.0,0.0,0.0,0.0,0.0,0.0234312,0.0032622,0.4976873473067148,5.665338535013029e-12,-1.6684163820578013e-15,2.807754029277021e-12,2.807754029277021e-12,4.129318253731506e-12,2.807754029277021e-12,NaN,diag_feasible,0,0,0,0,0,0,17,4.340673874312386e-14,1.12.6,lbt,1,1,Intel(R) Core(TM) 7 150U,NT,2abc7cc
degen-r50-m1-d1e-08-p2,100,SBB-Dual,1e-7*n,1.0e-11,12,13,0.0410735,0.040363399999999994,98.27114806383676,4.07e-5,2.4e-5,0.000113,0.0,0.0,0.0,0.0005324000000000051,0.4970509474131062,3.854122951085944e-12,-1.824013450545949e-15,2.9362068332261515e-12,0.0,4.51833991895068e-12,2.9362068332261515e-12,9.090909090909092,diag_feasible,0,0,0,0,0,0,12,1.574795691760857e-14,1.12.6,lbt,1,1,Intel(R) Core(TM) 7 150U,NT,2abc7cc
degen-r50-m1-d1e-08-p2,100,Newton-SIN-BH,1e-7*n,9.999999999999999e-6,4,5,0.0224823,0.0167667,74.5773341695467,0.0,1.07e-5,0.0,0.0052939,0.0,0.0,0.00041100000000000164,0.4970509474131105,0.0,-1.4802946931808272e-15,4.3298697960381105e-15,4.3298697960381105e-15,1.574795691760857e-14,4.3298697960381105e-15,NaN,converged,15,15,0,0,0,0,4,1.574795691760857e-14,1.12.6,lbt,1,1,Intel(R) Core(TM) 7 150U,NT,2abc7cc
degen-r50-m1-d1e-08-p2,100,Newton-SIN,1e-7*n,9.999999999999999e-6,4,9,0.0241513,0.0191787,79.41063213988481,0.0,8.0e-6,0.0,0.0047237,0.0,0.0,0.0002409000000000005,0.4970509474131105,0.0,-1.4802946931808272e-15,4.3298697960381105e-15,4.3298697960381105e-15,1.574795691760857e-14,4.3298697960381105e-15,NaN,converged,15,15,0,0,0,0,4,1.574795691760857e-14,1.12.6,lbt,1,1,Intel(R) Core(TM) 7 150U,NT,2abc7cc
degen-r50-m1-d1e-08-p2,100,AGD-SDAJ-BH,1e-7*n,1.0e-11,6,39,0.0701647,0.0692685,98.72271954415825,0.0,4.01e-5,0.0,0.0,0.0,0.0,0.0008560999999999998,0.4970509474112025,3.28856887961347e-12,-1.5461320129774622e-15,8.413270080609436e-13,8.413270080609436e-13,2.5132455836972644e-12,8.413270080609436e-13,NaN,diag_feasible,0,0,4,4,0,0,6,1.574795691760857e-14,1.12.6,lbt,1,1,Intel(R) Core(TM) 7 150U,NT,2abc7cc
degen-r50-m1-d1e-08-p2,100,AGD-SDAJ,1e-7*n,1.0e-11,5,34,0.085517,0.084317,98.59677023281922,0.0,5.39e-5,0.0,0.0,0.0,0.0,0.0011460999999999928,0.4970509474088309,1.0947980635613532e-11,-1.6547668353933218e-15,3.40394379350073e-12,3.40394379350073e-12,9.030918605222433e-12,3.40394379350073e-12,NaN,diag_feasible_at_xpre,0,0,5,4,1,0,5,1.574795691760857e-14,1.12.6,lbt,1,1,Intel(R) Core(TM) 7 150U,NT,2abc7cc
degen-r50-m1-d1e-08-p2,100,Dykstra-APM,1e-7*n,9.999999999999999e-6,37,37,0.0777259,0.0728712,93.75407682638605,0.0,0.0,0.0,0.0,0.0024861,0.0,0.0023686000000000033,0.49705094740736144,8.417831175589553e-12,-1.542244281517935e-15,1.1366463326112353e-12,1.1366463326112353e-12,5.881868147285127e-12,1.1366463326112353e-12,NaN,diag_feasible,0,0,0,0,0,0,37,1.574795691760857e-14,1.12.6,lbt,1,1,Intel(R) Core(TM) 7 150U,NT,2abc7cc
degen-r50-m1-d1e-08-p2,100,Anderson-APM,1e-7*n,9.999999999999999e-6,16,16,0.074742,0.0520973,69.70284445158009,0.0,0.0,0.0,0.0,0.0,0.0194965,0.0031482000000000038,0.49705094741126843,7.928911487467823e-12,-1.6027244477037515e-15,2.141620214501927e-12,2.141620214501927e-12,6.4921667238996086e-12,2.141620214501927e-12,NaN,diag_feasible,0,0,0,0,0,0,16,1.574795691760857e-14,1.12.6,lbt,1,1,Intel(R) Core(TM) 7 150U,NT,2abc7cc
degen-r50-m1-d1e-08-p3,100,SBB-Dual,1e-7*n,1.0e-11,14,15,0.0362543,0.035646500000000005,98.32350921132114,3.77e-5,1.92e-5,0.000129,0.0,0.0,0.0,0.0004218999999999986,0.49719136019182547,1.4597268788008197e-12,-1.615524197937278e-15,8.675282714420973e-13,0.0,1.6356067062801413e-12,8.675282714420973e-13,7.6923076923076925,diag_feasible,0,0,0,0,0,0,14,1.3431863393229333e-14,1.12.6,lbt,1,1,Intel(R) Core(TM) 7 150U,NT,2abc7cc
degen-r50-m1-d1e-08-p3,100,Newton-SIN-BH,1e-7*n,9.999999999999999e-6,4,5,0.0167768,0.011266400000000001,67.15464212483906,0.0,8.6e-6,0.0,0.0051427,0.0,0.0,0.0003591000000000002,0.497191360191829,0.0,-1.410736780085692e-15,6.8833827526759706e-15,6.8833827526759706e-15,1.3431863393229333e-14,6.8833827526759706e-15,NaN,converged,15,15,0,0,0,0,4,1.3431863393229333e-14,1.12.6,lbt,1,1,Intel(R) Core(TM) 7 150U,NT,2abc7cc
degen-r50-m1-d1e-08-p3,100,Newton-SIN,1e-7*n,9.999999999999999e-6,4,9,0.0521969,0.0397197,76.09589841542314,0.0,1.38e-5,0.0,0.0117001,0.0,0.0,0.0007633000000000015,0.497191360191829,0.0,-1.410736780085692e-15,6.8833827526759706e-15,6.8833827526759706e-15,1.3431863393229333e-14,6.8833827526759706e-15,NaN,converged,15,15,0,0,0,0,4,1.3431863393229333e-14,1.12.6,lbt,1,1,Intel(R) Core(TM) 7 150U,NT,2abc7cc
degen-r50-m1-d1e-08-p3,100,AGD-SDAJ-BH,1e-7*n,1.0e-11,5,33,0.0888865,0.0875523,98.49898466021274,0.0,5.74e-5,0.0,0.0,0.0,0.0,0.0012767999999999937,0.4971913601937515,3.3623434522462477e-12,-1.798261290909394e-15,1.390665360645471e-12,1.390665360645471e-12,2.6057913820880036e-12,1.390665360645471e-12,NaN,diag_feasible,0,0,2,2,0,0,5,1.3431863393229333e-14,1.12.6,lbt,1,1,Intel(R) Core(TM) 7 150U,NT,2abc7cc
degen-r50-m1-d1e-08-p3,100,AGD-SDAJ,1e-7*n,1.0e-11,5,39,0.0965177,0.0953335,98.7730747831745,0.0,4.72e-5,0.0,0.0,0.0,0.0,0.0011369999999999963,0.49719136019373944,3.340210208584992e-12,-1.5668213698045252e-15,1.379452108096757e-12,1.379452108096757e-12,2.5879727453256495e-12,1.379452108096757e-12,NaN,diag_feasible,0,0,8,2,6,0,5,1.3431863393229333e-14,1.12.6,lbt,1,1,Intel(R) Core(TM) 7 150U,NT,2abc7cc
degen-r50-m1-d1e-08-p3,100,Dykstra-APM,1e-7*n,9.999999999999999e-6,37,37,0.1147743,0.1055693,91.97991187922733,0.0,0.0,0.0,0.0,0.0045084,0.0,0.004696599999999991,0.4971913601862424,8.190519761165143e-12,-1.4677214492507155e-15,1.2012613126444194e-12,1.2012613126444194e-12,5.728471101492727e-12,1.2012613126444194e-12,NaN,diag_feasible,0,0,0,0,0,0,37,1.3431863393229333e-14,1.12.6,lbt,1,1,Intel(R) Core(TM) 7 150U,NT,2abc7cc
degen-r50-m1-d1e-08-p3,100,Anderson-APM,1e-7*n,9.999999999999999e-6,17,17,0.0794743,0.0589701,74.20021315066631,0.0,0.0,0.0,0.0,0.0,0.0162799,0.0042243,0.4971913601885572,5.744727069788757e-12,-1.4648671961808402e-15,1.9544366125501256e-12,1.9544366125501256e-12,4.158741161652176e-12,1.9544366125501256e-12,NaN,diag_feasible,0,0,0,0,0,0,17,1.3431863393229333e-14,1.12.6,lbt,1,1,Intel(R) Core(TM) 7 150U,NT,2abc7cc
degen-r50-m1-d1e-08-p4,100,SBB-Dual,1e-7*n,1.0e-11,14,15,0.0319812,0.0314201,98.24553174990307,4.53e-5,1.86e-5,0.0001176,0.0,0.0,0.0,0.0003796000000000019,0.4968095551282017,2.8315111843636084e-12,-1.6341065498392947e-15,5.243583345304614e-13,0.0,2.8456722794201814e-12,5.243583345304614e-13,7.6923076923076925,diag_feasible,0,0,0,0,0,0,14,1.744675831925558e-14,1.12.6,lbt,1,1,Intel(R) Core(TM) 7 150U,NT,2abc7cc
degen-r50-m1-d1e-08-p4,100,Newton-SIN-BH,1e-7*n,9.999999999999999e-6,4,5,0.016927,0.0116459,68.80073255745259,0.0,9.0e-6,0.0,0.0048902,0.0,0.0,0.0003819000000000001,0.4968095551282031,0.0,-1.9236564062076853e-15,4.6629367034256575e-15,4.6629367034256575e-15,1.744675831925558e-14,4.6629367034256575e-15,NaN,converged,15,15,0,0,0,0,4,1.744675831925558e-14,1.12.6,lbt,1,1,Intel(R) Core(TM) 7 150U,NT,2abc7cc
degen-r50-m1-d1e-08-p4,100,Newton-SIN,1e-7*n,9.999999999999999e-6,4,9,0.0432233,0.034339999999999996,79.44789037394183,0.0,1.77e-5,0.0,0.008344,0.0,0.0,0.0005216000000000023,0.4968095551282031,0.0,-1.9236564062076853e-15,4.6629367034256575e-15,4.6629367034256575e-15,1.744675831925558e-14,4.6629367034256575e-15,NaN,converged,15,15,0,0,0,0,4,1.744675831925558e-14,1.12.6,lbt,1,1,Intel(R) Core(TM) 7 150U,NT,2abc7cc
degen-r50-m1-d1e-08-p4,100,AGD-SDAJ-BH,1e-7*n,1.0e-11,7,47,0.1217031,0.1200988,98.68179200036812,0.0,7.71e-5,0.0,0.0,0.0,0.0,0.001527199999999989,0.49680955513000963,3.693531912796661e-12,-1.4341270018539932e-15,1.4833689832016717e-12,1.4833689832016717e-12,3.016631472974688e-12,1.4833689832016717e-12,NaN,diag_feasible_at_xpre,0,0,8,8,0,0,7,1.744675831925558e-14,1.12.6,lbt,1,1,Intel(R) Core(TM) 7 150U,NT,2abc7cc
degen-r50-m1-d1e-08-p4,100,AGD-SDAJ,1e-7*n,1.0e-11,7,51,0.1483538,0.1464335,98.70559432923187,0.0,9.16e-5,0.0,0.0,0.0,0.0,0.0018287000000000136,0.49680955513001457,3.702120177166178e-12,-1.7325553780649596e-15,1.4882539645100223e-12,1.4882539645100223e-12,3.0223599013592084e-12,1.4882539645100223e-12,NaN,diag_feasible,0,0,10,8,2,0,7,1.744675831925558e-14,1.12.6,lbt,1,1,Intel(R) Core(TM) 7 150U,NT,2abc7cc
degen-r50-m1-d1e-08-p4,100,Dykstra-APM,1e-7*n,9.999999999999999e-6,37,37,0.0993768,0.0916595,92.23430418367265,0.0,0.0,0.0,0.0,0.0037258,0.0,0.003991499999999997,0.4968095551216569,9.600551818278562e-12,-1.591289518086647e-15,1.2325696019388488e-12,1.2325696019388488e-12,6.706167958721812e-12,1.2325696019388488e-12,NaN,diag_feasible,0,0,0,0,0,0,37,1.744675831925558e-14,1.12.6,lbt,1,1,Intel(R) Core(TM) 7 150U,NT,2abc7cc
degen-r50-m1-d1e-08-p4,100,Anderson-APM,1e-7*n,9.999999999999999e-6,16,16,0.0546384,0.0390017,71.38148262028172,0.0,0.0,0.0,0.0,0.0,0.0134986,0.002138099999999997,0.4968095551247412,9.716249317346156e-12,-1.7042694254782655e-15,2.2108981312385367e-12,2.2108981312385367e-12,7.673883677554403e-12,2.2108981312385367e-12,NaN,diag_feasible,0,0,0,0,0,0,16,1.744675831925558e-14,1.12.6,lbt,1,1,Intel(R) Core(TM) 7 150U,NT,2abc7cc
degen-r50-m1-d1e-10-p0,100,SBB-Dual,1e-7*n,1.0e-11,13,14,0.0325102,0.0318975,98.11536071755941,3.73e-5,1.78e-5,0.0001205,0.0,0.0,0.0,0.00043710000000000076,0.4975030668764453,2.9272575435361332e-12,-1.7976132701447357e-15,7.314149286230531e-13,0.0,3.0141474972848723e-12,7.314149286230531e-13,8.333333333333334,diag_feasible,0,0,0,0,0,0,13,6.77243325133197e-14,1.12.6,lbt,1,1,Intel(R) Core(TM) 7 150U,NT,2abc7cc
degen-r50-m1-d1e-10-p0,100,Newton-SIN-BH,1e-7*n,9.999999999999999e-6,5,6,0.0261238,0.014937700000000002,57.180425512368046,0.0,1.11e-5,0.0,0.010637,0.0,0.0,0.0005379999999999968,0.4975030668764481,0.0,-1.6301541785201087e-15,2.1538326677728037e-14,2.1538326677728037e-14,6.77243325133197e-14,2.1538326677728037e-14,NaN,converged,26,26,0,0,0,0,5,6.77243325133197e-14,1.12.6,lbt,1,1,Intel(R) Core(TM) 7 150U,NT,2abc7cc
degen-r50-m1-d1e-10-p0,100,Newton-SIN,1e-7*n,9.999999999999999e-6,5,11,0.0360898,0.0271462,75.2184827846095,0.0,1.23e-5,0.0,0.0085316,0.0,0.0,0.00039969999999999936,0.4975030668764481,0.0,-1.6301541785201087e-15,2.1538326677728037e-14,2.1538326677728037e-14,6.77243325133197e-14,2.1538326677728037e-14,NaN,converged,26,26,0,0,0,0,5,6.77243325133197e-14,1.12.6,lbt,1,1,Intel(R) Core(TM) 7 150U,NT,2abc7cc
degen-r50-m1-d1e-10-p0,100,AGD-SDAJ-BH,1e-7*n,1.0e-11,6,50,0.1234985,0.12173149999999999,98.56921339125576,0.0,7.13e-5,0.0,0.0,0.0,0.0,0.0016957000000000046,0.4975030668797237,5.778308408555396e-12,-1.631944892976897e-15,1.0503820035978606e-12,1.0503820035978606e-12,4.335895507659646e-12,1.0503820035978606e-12,NaN,diag_feasible,0,0,13,13,0,0,6,6.77243325133197e-14,1.12.6,lbt,1,1,Intel(R) Core(TM) 7 150U,NT,2abc7cc
degen-r50-m1-d1e-10-p0,100,AGD-SDAJ,1e-7*n,1.0e-11,6,56,0.1411642,0.1392406,98.63733156140154,0.0,9.52e-5,0.0,0.0,0.0,0.0,0.0018283999999999976,0.4975030668798576,7.282429836525092e-12,-1.4668455849859289e-15,2.447375635483695e-12,2.447375635483695e-12,5.941100309909905e-12,2.447375635483695e-12,NaN,diag_feasible_at_xpre,0,0,23,12,11,0,6,6.77243325133197e-14,1.12.6,lbt,1,1,Intel(R) Core(TM) 7 150U,NT,2abc7cc
degen-r50-m1-d1e-10-p0,100,Dykstra-APM,1e-7*n,9.999999999999999e-6,37,37,0.1050325,0.0977819,93.09680337038536,0.0,0.0,0.0,0.0,0.0031686,0.0,0.004081999999999995,0.49750306687115764,7.88307813869773e-12,-1.5414703583538174e-15,1.4774848011711583e-12,1.4774848011711583e-12,5.504495899910944e-12,1.4774848011711583e-12,NaN,diag_feasible,0,0,0,0,0,0,37,6.77243325133197e-14,1.12.6,lbt,1,1,Intel(R) Core(TM) 7 150U,NT,2abc7cc
degen-r50-m1-d1e-10-p0,100,Anderson-APM,1e-7*n,9.999999999999999e-6,17,17,0.0617742,0.0439203,71.09812834484299,0.0,0.0,0.0,0.0,0.0,0.0152501,0.002603799999999998,0.49750306687093854,1.2469803938173324e-11,-1.4993177154166182e-15,4.314770762903208e-12,4.314770762903208e-12,9.226004202348672e-12,4.314770762903208e-12,NaN,diag_feasible,0,0,0,0,0,0,17,6.77243325133197e-14,1.12.6,lbt,1,1,Intel(R) Core(TM) 7 150U,NT,2abc7cc
degen-r50-m1-d1e-10-p1,100,SBB-Dual,1e-7*n,1.0e-11,14,15,0.0378619,0.0370466,97.84664794952182,5.13e-5,4.42e-5,0.0002947,0.0,0.0,0.0,0.000425099999999998,0.4976873482427288,6.397430740915485e-13,-1.9143196225235e-15,1.8596235662471372e-13,0.0,5.406255499350153e-13,1.8596235662471372e-13,15.384615384615385,diag_feasible,0,0,0,0,0,0,14,2.1549483246487613e-14,1.12.6,lbt,1,1,Intel(R) Core(TM) 7 150U,NT,2abc7cc
degen-r50-m1-d1e-10-p1,100,Newton-SIN-BH,1e-7*n,9.999999999999999e-6,5,6,0.0147709,0.0099178,67.14418214191416,0.0,8.6e-6,0.0,0.0044936,0.0,0.0,0.00035090000000000034,0.49768734824273164,0.0,-1.772069506653988e-15,5.329070518200751e-15,5.329070518200751e-15,2.1549483246487613e-14,5.329070518200751e-15,NaN,converged,26,26,0,0,0,0,5,2.1549483246487613e-14,1.12.6,lbt,1,1,Intel(R) Core(TM) 7 150U,NT,2abc7cc
degen-r50-m1-d1e-10-p1,100,Newton-SIN,1e-7*n,9.999999999999999e-6,5,11,0.0404581,0.031028399999999998,76.69267711533661,0.0,1.77e-5,0.0,0.009013,0.0,0.0,0.0003989999999999983,0.49768734824273164,0.0,-1.772069506653988e-15,5.329070518200751e-15,5.329070518200751e-15,2.1549483246487613e-14,5.329070518200751e-15,NaN,converged,26,26,0,0,0,0,5,2.1549483246487613e-14,1.12.6,lbt,1,1,Intel(R) Core(TM) 7 150U,NT,2abc7cc
degen-r50-m1-d1e-10-p1,100,AGD-SDAJ-BH,1e-7*n,1.0e-11,5,36,0.1117804,0.11055219999999999,98.90123849977276,0.0,7.69e-5,0.0,0.0,0.0,0.0,0.0011513000000000126,0.4976873482488095,1.002740501505673e-11,-1.5404351446453955e-15,1.6409096303959814e-12,1.6409096303959814e-12,7.481472663587194e-12,1.6409096303959814e-12,NaN,diag_feasible,0,0,5,5,0,0,5,2.1549483246487613e-14,1.12.6,lbt,1,1,Intel(R) Core(TM) 7 150U,NT,2abc7cc
degen-r50-m1-d1e-10-p1,100,AGD-SDAJ,1e-7*n,1.0e-11,5,37,0.0802393,0.0792686,98.79024368358148,0.0,4.0e-5,0.0,0.0,0.0,0.0,0.0009307000000000049,0.4976873482489137,1.020429128866657e-11,-1.6251501563457525e-15,1.6661116930549724e-12,1.6661116930549724e-12,7.611120641415611e-12,1.6661116930549724e-12,NaN,diag_feasible,0,0,6,5,1,0,5,2.1549483246487613e-14,1.12.6,lbt,1,1,Intel(R) Core(TM) 7 150U,NT,2abc7cc
degen-r50-m1-d1e-10-p1,100,Dykstra-APM,1e-7*n,9.999999999999999e-6,36,36,0.0781432,0.0729504,93.3547640741613,0.0,0.0,0.0,0.0,0.0025288,0.0,0.0026639999999999975,0.4976873482339819,1.2841266569207044e-11,-1.8795444945739533e-15,2.1898038937706588e-12,2.1898038937706588e-12,8.995777587749331e-12,2.1898038937706588e-12,NaN,diag_feasible,0,0,0,0,0,0,36,2.1549483246487613e-14,1.12.6,lbt,1,1,Intel(R) Core(TM) 7 150U,NT,2abc7cc
degen-r50-m1-d1e-10-p1,100,Anderson-APM,1e-7*n,9.999999999999999e-6,17,17,0.0523131,0.0372438,71.19402214741623,0.0,0.0,0.0,0.0,0.0,0.013003,0.0020663,0.4976873482389469,8.084243206822193e-12,-1.6461193484594786e-15,4.113376306236205e-12,4.113376306236205e-12,5.95607696859015e-12,4.113376306236205e-12,NaN,diag_feasible,0,0,0,0,0,0,17,2.1549483246487613e-14,1.12.6,lbt,1,1,Intel(R) Core(TM) 7 150U,NT,2abc7cc
degen-r50-m1-d1e-10-p2,100,SBB-Dual,1e-7*n,1.0e-11,12,13,0.0166189,0.016312399999999998,98.15571427711822,1.42e-5,1.09e-5,3.35e-5,0.0,0.0,0.0,0.0002479000000000012,0.49705094834717595,3.913468733818974e-12,-1.5545960510420257e-15,2.9508617771512036e-12,0.0,4.574134566233994e-12,2.9508617771512036e-12,9.090909090909092,diag_feasible,0,0,0,0,0,0,12,2.2369272070029526e-14,1.12.6,lbt,1,1,Intel(R) Core(TM) 7 150U,NT,2abc7cc
degen-r50-m1-d1e-10-p2,100,Newton-SIN-BH,1e-7*n,9.999999999999999e-6,5,6,0.0214922,0.013307,61.915485618038176,0.0,9.8e-6,0.0,0.0077976,0.0,0.0,0.0003777999999999993,0.49705094834717456,0.0,-1.5304261618809937e-15,6.439293542825908e-15,6.439293542825908e-15,2.2369272070029526e-14,6.439293542825908e-15,NaN,converged,26,26,0,0,0,0,5,2.2369272070029526e-14,1.12.6,lbt,1,1,Intel(R) Core(TM) 7 150U,NT,2abc7cc
degen-r50-m1-d1e-10-p2,100,Newton-SIN,1e-7*n,9.999999999999999e-6,5,11,0.0387933,0.0261015,67.28352576346946,0.0,1.13e-5,0.0,0.0123791,0.0,0.0,0.000301400000000002,0.49705094834717456,0.0,-1.5304261618809937e-15,6.439293542825908e-15,6.439293542825908e-15,2.2369272070029526e-14,6.439293542825908e-15,NaN,converged,26,26,0,0,0,0,5,2.2369272070029526e-14,1.12.6,lbt,1,1,Intel(R) Core(TM) 7 150U,NT,2abc7cc
degen-r50-m1-d1e-10-p2,100,AGD-SDAJ-BH,1e-7*n,1.0e-11,5,33,0.0822906,0.08114060000000001,98.60251353131463,0.0,5.36e-5,0.0,0.0,0.0,0.0,0.0010963999999999982,0.49705094834491126,8.095326830848342e-12,-1.562617911642018e-15,2.8028690479686702e-12,2.8028690479686702e-12,6.779283783022681e-12,2.8028690479686702e-12,NaN,diag_feasible_at_xpre,0,0,4,4,0,0,5,2.2369272070029526e-14,1.12.6,lbt,1,1,Intel(R) Core(TM) 7 150U,NT,2abc7cc
degen-r50-m1-d1e-10-p2,100,AGD-SDAJ,1e-7*n,1.0e-11,5,37,0.0943315,0.0930843,98.67785416324345,0.0,5.81e-5,0.0,0.0,0.0,0.0,0.001189100000000004,0.49705094833985386,1.1961864670654043e-11,-1.5731607167258286e-15,3.818279026290838e-12,3.818279026290838e-12,8.925846616040331e-12,3.818279026290838e-12,NaN,diag_feasible,0,0,6,4,2,0,5,2.2369272070029526e-14,1.12.6,lbt,1,1,Intel(R) Core(TM) 7 150U,NT,2abc7cc
degen-r50-m1-d1e-10-p2,100,Dykstra-APM,1e-7*n,9.999999999999999e-6,37,37,0.1004891,0.0925757,92.12511605736343,0.0,0.0,0.0,0.0,0.0035766,0.0,0.004336800000000001,0.49705094834207303,7.466231688892154e-12,-1.5662257102157095e-15,1.0231815394945443e-12,1.0231815394945443e-12,5.222426157056589e-12,1.0231815394945443e-12,NaN,diag_feasible,0,0,0,0,0,0,37,2.2369272070029526e-14,1.12.6,lbt,1,1,Intel(R) Core(TM) 7 150U,NT,2abc7cc
degen-r50-m1-d1e-10-p2,100,Anderson-APM,1e-7*n,9.999999999999999e-6,16,16,0.0554181,0.03905,70.46434287714665,0.0,0.0,0.0,0.0,0.0,0.013906,0.0024620999999999966,0.49705094834473107,8.69506806046303e-12,-1.3389906312716887e-15,2.3658852654762086e-12,2.3658852654762086e-12,7.00869385436459e-12,2.3658852654762086e-12,NaN,diag_feasible,0,0,0,0,0,0,16,2.2369272070029526e-14,1.12.6,lbt,1,1,Intel(R) Core(TM) 7 150U,NT,2abc7cc
degen-r50-m1-d1e-10-p3,100,SBB-Dual,1e-7*n,1.0e-11,14,15,0.0380151,0.03726,98.01368403608039,4.77e-5,2.59e-5,0.000129,0.0,0.0,0.0,0.0005525000000000016,0.4971913611189001,1.4651969207171382e-12,-1.583489167835597e-15,8.637535131583718e-13,0.0,1.6414969519518507e-12,8.637535131583718e-13,7.6923076923076925,diag_feasible,0,0,0,0,0,0,14,1.928754900369478e-14,1.12.6,lbt,1,1,Intel(R) Core(TM) 7 150U,NT,2abc7cc
degen-r50-m1-d1e-10-p3,100,Newton-SIN-BH,1e-7*n,9.999999999999999e-6,5,6,0.0218851,0.0135169,61.76302598571631,0.0,9.8e-6,0.0,0.0079636,0.0,0.0,0.0003948000000000007,0.49719136111890455,0.0,-1.293000754474783e-15,6.8833827526759706e-15,6.8833827526759706e-15,1.928754900369478e-14,6.8833827526759706e-15,NaN,converged,26,26,0,0,0,0,5,1.928754900369478e-14,1.12.6,lbt,1,1,Intel(R) Core(TM) 7 150U,NT,2abc7cc
degen-r50-m1-d1e-10-p3,100,Newton-SIN,1e-7*n,9.999999999999999e-6,6,15,0.0477458,0.0352358,73.79874250719435,0.0,3.89e-5,0.0,0.0120713,0.0,0.0,0.0003998000000000005,0.49719136111890333,1.153485282315594e-13,-1.6448921045348066e-15,5.773159728050814e-15,5.773159728050814e-15,2.2062452955749333e-14,5.773159728050814e-15,NaN,converged,34,34,2,0,0,0,6,1.928754900369478e-14,1.12.6,lbt,1,1,Intel(R) Core(TM) 7 150U,NT,2abc7cc
degen-r50-m1-d1e-10-p3,100,AGD-SDAJ-BH,1e-7*n,1.0e-11,6,38,0.112915,0.11045479999999999,97.821192932737,0.0,0.0001081,0.0,0.0,0.0,0.0,0.0023521000000000097,0.49719136112284956,6.8996726953831966e-12,-1.9889787218097562e-15,3.1474822748123188e-12,3.1474822748123188e-12,5.373581085565053e-12,3.1474822748123188e-12,NaN,diag_feasible,0,0,3,3,0,0,6,1.928754900369478e-14,1.12.6,lbt,1,1,Intel(R) Core(TM) 7 150U,NT,2abc7cc
degen-r50-m1-d1e-10-p3,100,AGD-SDAJ,1e-7*n,1.0e-11,6,46,0.1242411,0.1226915,98.7527476817253,0.0,7.19e-5,0.0,0.0,0.0,0.0,0.0014776999999999982,0.4971913611228711,6.931192043111411e-12,-1.3728281908822715e-15,3.1599167726881205e-12,3.1599167726881205e-12,5.396733333024941e-12,3.1599167726881205e-12,NaN,diag_feasible_at_xpre,0,0,13,3,10,0,6,1.928754900369478e-14,1.12.6,lbt,1,1,Intel(R) Core(TM) 7 150U,NT,2abc7cc
degen-r50-m1-d1e-10-p3,100,Dykstra-APM,1e-7*n,9.999999999999999e-6,36,36,0.0934825,0.0865642,92.59936351723584,0.0,0.0,0.0,0.0,0.0032591,0.0,0.003659200000000002,0.49719136110921913,1.4196532951236168e-11,-1.6483468967269721e-15,2.0901058661593197e-12,2.0901058661593197e-12,9.927717530691303e-12,2.0901058661593197e-12,NaN,diag_feasible,0,0,0,0,0,0,36,1.928754900369478e-14,1.12.6,lbt,1,1,Intel(R) Core(TM) 7 150U,NT,2abc7cc
degen-r50-m1-d1e-10-p3,100,Anderson-APM,1e-7*n,9.999999999999999e-6,17,17,0.0599422,0.0420012,70.06950028527481,0.0,0.0,0.0,0.0,0.0,0.0155227,0.0024182999999999982,0.4971913611155391,5.949666422207744e-12,-2.169199132298718e-15,2.085442929455894e-12,2.085442929455894e-12,4.305848637608676e-12,2.085442929455894e-12,NaN,diag_feasible,0,0,0,0,0,0,17,1.928754900369478e-14,1.12.6,lbt,1,1,Intel(R) Core(TM) 7 150U,NT,2abc7cc
degen-r50-m1-d1e-10-p4,100,SBB-Dual,1e-7*n,1.0e-11,14,15,0.0355779,0.0350055,98.39113607042573,3.73e-5,1.87e-5,0.0001216,0.0,0.0,0.0,0.0003948000000000007,0.4968095560429916,1.1213484610811473e-12,-1.6735814742160008e-15,5.893063814710331e-13,0.0,1.2097460862445266e-12,5.893063814710331e-13,7.6923076923076925,diag_feasible,0,0,0,0,0,0,14,1.981522620668547e-14,1.12.6,lbt,1,1,Intel(R) Core(TM) 7 150U,NT,2abc7cc
degen-r50-m1-d1e-10-p4,100,Newton-SIN-BH,1e-7*n,9.999999999999999e-6,5,6,0.0246424,0.0151643,61.53743141901763,0.0,1.1e-5,0.0,0.0087913,0.0,0.0,0.0006757999999999972,0.49680955604299193,0.0,-1.5976085378473932e-15,6.106226635438361e-15,6.106226635438361e-15,1.981522620668547e-14,6.106226635438361e-15,NaN,converged,26,26,0,0,0,0,5,1.981522620668547e-14,1.12.6,lbt,1,1,Intel(R) Core(TM) 7 150U,NT,2abc7cc
degen-r50-m1-d1e-10-p4,100,Newton-SIN,1e-7*n,9.999999999999999e-6,5,11,0.0347438,0.0260747,75.04849786148895,0.0,1.16e-5,0.0,0.0083144,0.0,0.0,0.00034309999999999896,0.49680955604299193,0.0,-1.5976085378473932e-15,6.106226635438361e-15,6.106226635438361e-15,1.981522620668547e-14,6.106226635438361e-15,NaN,converged,26,26,0,0,0,0,5,1.981522620668547e-14,1.12.6,lbt,1,1,Intel(R) Core(TM) 7 150U,NT,2abc7cc
degen-r50-m1-d1e-10-p4,100,AGD-SDAJ-BH,1e-7*n,1.0e-11,5,32,0.0799504,0.0788749,98.65479097040163,0.0,5.08e-5,0.0,0.0,0.0,0.0,0.001024700000000007,0.4968095560453482,4.096134544439986e-12,-1.8202119346797218e-15,9.325873406851315e-13,9.325873406851315e-13,3.1037457285697205e-12,9.325873406851315e-13,NaN,diag_feasible,0,0,1,1,0,0,5,1.981522620668547e-14,1.12.6,lbt,1,1,Intel(R) Core(TM) 7 150U,NT,2abc7cc
degen-r50-m1-d1e-10-p4,100,AGD-SDAJ,1e-7*n,1.0e-11,6,42,0.1052247,0.1037276,98.57723519287771,0.0,7.39e-5,0.0,0.0,0.0,0.0,0.0014232000000000012,0.49680955604466864,2.860268037285479e-12,-1.7577806769680397e-15,6.303846333821639e-13,6.303846333821639e-13,2.1549678034632328e-12,6.303846333821639e-13,NaN,diag_feasible,0,0,5,2,3,0,6,1.981522620668547e-14,1.12.6,lbt,1,1,Intel(R) Core(TM) 7 150U,NT,2abc7cc
degen-r50-m1-d1e-10-p4,100,Dykstra-APM,1e-7*n,9.999999999999999e-6,37,37,0.0944029,0.0874261,92.6095490710561,0.0,0.0,0.0,0.0,0.0030339,0.0,0.003942899999999991,0.4968095560370956,8.651093393436999e-12,-1.507664331755378e-15,1.1286527268339341e-12,1.1286527268339341e-12,6.044603787510849e-12,1.1286527268339341e-12,NaN,diag_feasible,0,0,0,0,0,0,37,1.981522620668547e-14,1.12.6,lbt,1,1,Intel(R) Core(TM) 7 150U,NT,2abc7cc
degen-r50-m1-d1e-10-p4,100,Anderson-APM,1e-7*n,9.999999999999999e-6,16,16,0.0503595,0.0355891,70.67008210963175,0.0,0.0,0.0,0.0,0.0,0.0125722,0.0021982000000000026,0.49680955603849336,1.1375396648531316e-11,-1.5042911597222025e-15,2.6278978992877455e-12,2.6278978992877455e-12,8.858234330645915e-12,2.6278978992877455e-12,NaN,diag_feasible,0,0,0,0,0,0,16,1.981522620668547e-14,1.12.6,lbt,1,1,Intel(R) Core(TM) 7 150U,NT,2abc7cc
degen-r50-m1-d0-p0,100,SBB-Dual,1e-7*n,1.0e-11,13,14,0.0344826,0.0339175,98.36120246153133,4.4e-5,2.28e-5,0.0001204,0.0,0.0,0.0,0.00037789999999999894,0.49750306688584617,2.7870962640210805e-12,-1.5288881458432645e-15,6.654676809603188e-13,0.0,2.8061365799746453e-12,6.654676809603188e-13,8.333333333333334,diag_feasible,0,0,0,0,0,0,13,4.9048115276053e-14,1.12.6,lbt,1,1,Intel(R) Core(TM) 7 150U,NT,2abc7cc
degen-r50-m1-d0-p0,100,Newton-SIN-BH,1e-7*n,9.999999999999999e-6,4,5,0.0168817,0.011503699999999999,68.14301877180615,0.0,8.9e-6,0.0,0.0050127,0.0,0.0,0.00035640000000000064,0.4975030668858475,0.0,-1.778926262694132e-15,1.2656542480726785e-14,1.2656542480726785e-14,4.9048115276053e-14,1.2656542480726785e-14,NaN,converged,15,15,0,0,0,0,4,4.9048115276053e-14,1.12.6,lbt,1,1,Intel(R) Core(TM) 7 150U,NT,2abc7cc
degen-r50-m1-d0-p0,100,Newton-SIN,1e-7*n,9.999999999999999e-6,4,9,0.0265798,0.0210711,79.2748628657853,0.0,1.05e-5,0.0,0.0051942,0.0,0.0,0.0003040000000000013,0.4975030668858475,0.0,-1.778926262694132e-15,1.2656542480726785e-14,1.2656542480726785e-14,4.9048115276053e-14,1.2656542480726785e-14,NaN,converged,15,15,0,0,0,0,4,4.9048115276053e-14,1.12.6,lbt,1,1,Intel(R) Core(TM) 7 150U,NT,2abc7cc
degen-r50-m1-d0-p0,100,AGD-SDAJ-BH,1e-7*n,1.0e-11,6,50,0.1363515,0.1345836,98.70342460478983,0.0,7.62e-5,0.0,0.0,0.0,0.0,0.001691699999999989,0.49750306688911716,5.803957581684561e-12,-1.5210119180313947e-15,1.042943509332872e-12,1.042943509332872e-12,4.3371260987276e-12,1.042943509332872e-12,NaN,diag_feasible,0,0,13,13,0,0,6,4.9048115276053e-14,1.12.6,lbt,1,1,Intel(R) Core(TM) 7 150U,NT,2abc7cc
degen-r50-m1-d0-p0,100,AGD-SDAJ,1e-7*n,1.0e-11,6,50,0.1268829,0.1251899,98.66569884515565,0.0,8.45e-5,0.0,0.0,0.0,0.0,0.0016085000000000001,0.49750306688911716,5.803957581684561e-12,-1.5210119180313947e-15,1.042943509332872e-12,1.042943509332872e-12,4.3371260987276e-12,1.042943509332872e-12,NaN,diag_feasible,0,0,13,13,0,0,6,4.9048115276053e-14,1.12.6,lbt,1,1,Intel(R) Core(TM) 7 150U,NT,2abc7cc
degen-r50-m1-d0-p0,100,Dykstra-APM,1e-7*n,9.999999999999999e-6,36,36,0.0934801,0.0864467,92.47604570384499,0.0,0.0,0.0,0.0,0.0030288,0.0,0.004004599999999995,0.4975030668765044,1.3864090042660365e-11,-1.5904617697887715e-15,2.7713387140693158e-12,2.7713387140693158e-12,9.772224146718297e-12,2.7713387140693158e-12,NaN,diag_feasible,0,0,0,0,0,0,36,4.9048115276053e-14,1.12.6,lbt,1,1,Intel(R) Core(TM) 7 150U,NT,2abc7cc
degen-r50-m1-d0-p0,100,Anderson-APM,1e-7*n,9.999999999999999e-6,17,17,0.0546228,0.0386605,70.77722123362406,0.0,0.0,0.0,0.0,0.0,0.0136704,0.0022918999999999995,0.49750306687969126,1.2094618448431078e-11,-1.5004079754367809e-15,4.759970195777896e-12,4.759970195777896e-12,8.784162671281042e-12,4.759970195777896e-12,NaN,diag_feasible,0,0,0,0,0,0,17,4.9048115276053e-14,1.12.6,lbt,1,1,Intel(R) Core(TM) 7 150U,NT,2abc7cc
degen-r50-m1-d0-p1,100,SBB-Dual,1e-7*n,1.0e-11,14,15,0.0370538,0.0364021,98.24120603015076,4.5e-5,2.23e-5,0.000129,0.0,0.0,0.0,0.00045539999999999817,0.4976873482521553,5.143328363949795e-13,-1.7640668371449213e-15,2.128297538206425e-13,0.0,5.538921919028038e-13,2.128297538206425e-13,15.384615384615385,diag_feasible,0,0,0,0,0,0,14,4.4229117191921616e-14,1.12.6,lbt,1,1,Intel(R) Core(TM) 7 150U,NT,2abc7cc
degen-r50-m1-d0-p1,100,Newton-SIN-BH,1e-7*n,9.999999999999999e-6,4,5,0.0182249,0.0125965,69.11697732223496,0.0,9.9e-6,0.0,0.0051432,0.0,0.0,0.0004752999999999988,0.4976873482521585,0.0,-1.818550585576704e-15,1.6209256159527285e-14,1.6209256159527285e-14,4.4229117191921616e-14,1.6209256159527285e-14,NaN,converged,15,15,0,0,0,0,4,4.4229117191921616e-14,1.12.6,lbt,1,1,Intel(R) Core(TM) 7 150U,NT,2abc7cc
degen-r50-m1-d0-p1,100,Newton-SIN,1e-7*n,9.999999999999999e-6,4,9,0.0263344,0.021171099999999998,80.39332583996597,0.0,1.13e-5,0.0,0.004902,0.0,0.0,0.0002500000000000028,0.4976873482521585,0.0,-1.818550585576704e-15,1.6209256159527285e-14,1.6209256159527285e-14,4.4229117191921616e-14,1.6209256159527285e-14,NaN,converged,15,15,0,0,0,0,4,4.4229117191921616e-14,1.12.6,lbt,1,1,Intel(R) Core(TM) 7 150U,NT,2abc7cc
degen-r50-m1-d0-p1,100,AGD-SDAJ-BH,1e-7*n,1.0e-11,6,42,0.0926993,0.0915262,98.73451040083367,0.0,4.4e-5,0.0,0.0,0.0,0.0,0.0011290999999999964,0.4976873482597326,1.2816752728011913e-11,-1.6002528200222102e-15,2.193911718961772e-12,2.193911718961772e-12,9.66489703997158e-12,2.193911718961772e-12,NaN,diag_feasible,0,0,5,5,0,0,6,4.4229117191921616e-14,1.12.6,lbt,1,1,Intel(R) Core(TM) 7 150U,NT,2abc7cc
degen-r50-m1-d0-p1,100,AGD-SDAJ,1e-7*n,1.0e-11,5,41,0.1044364,0.1031329,98.75187195269083,0.0,6.2e-5,0.0,0.0,0.0,0.0,0.0012414999999999991,0.49768734825823024,1.0017227846790705e-11,-1.5236070691723793e-15,1.638911228951656e-12,1.638911228951656e-12,7.478077817351493e-12,1.638911228951656e-12,NaN,diag_feasible,0,0,10,5,5,0,5,4.4229117191921616e-14,1.12.6,lbt,1,1,Intel(R) Core(TM) 7 150U,NT,2abc7cc
degen-r50-m1-d0-p1,100,Dykstra-APM,1e-7*n,9.999999999999999e-6,36,36,0.0890593,0.0827173,92.87890203493627,0.0,0.0,0.0,0.0,0.0028729,0.0,0.0034691000000000006,0.49768734824425914,1.1533140474947872e-11,-1.6578478442796543e-15,2.0523582833220644e-12,2.0523582833220644e-12,8.143944640772367e-12,2.0523582833220644e-12,NaN,diag_feasible,0,0,0,0,0,0,36,4.4229117191921616e-14,1.12.6,lbt,1,1,Intel(R) Core(TM) 7 150U,NT,2abc7cc
degen-r50-m1-d0-p1,100,Anderson-APM,1e-7*n,9.999999999999999e-6,17,17,0.0565453,0.0396062,70.04331040776157,0.0,0.0,0.0,0.0,0.0,0.0144914,0.002447699999999999,0.4976873482483739,7.583692129454171e-12,-1.5455631778323373e-15,3.93529653308633e-12,3.93529653308633e-12,5.552784807320152e-12,3.93529653308633e-12,NaN,diag_feasible,0,0,0,0,0,0,17,4.4229117191921616e-14,1.12.6,lbt,1,1,Intel(R) Core(TM) 7 150U,NT,2abc7cc
degen-r50-m1-d0-p2,100,SBB-Dual,1e-7*n,1.0e-11,12,13,0.0342427,0.033443799999999996,97.66694799183475,4.44e-5,2.51e-5,0.0001134,0.0,0.0,0.0,0.0006160000000000051,0.4970509483566108,3.907908156680702e-12,-1.652350651052116e-15,2.9486413311019533e-12,0.0,4.573037937012273e-12,2.9486413311019533e-12,9.090909090909092,diag_feasible,0,0,0,0,0,0,12,2.3947127181370697e-14,1.12.6,lbt,1,1,Intel(R) Core(TM) 7 150U,NT,2abc7cc
degen-r50-m1-d0-p2,100,Newton-SIN-BH,1e-7*n,9.999999999999999e-6,4,5,0.0164761,0.0112345,68.1866461116405,0.0,8.6e-6,0.0,0.0048515,0.0,0.0,0.00038150000000000076,0.4970509483566118,0.0,-1.3647730563364133e-15,7.327471962526033e-15,7.327471962526033e-15,2.3947127181370697e-14,7.327471962526033e-15,NaN,converged,15,15,0,0,0,0,4,2.3947127181370697e-14,1.12.6,lbt,1,1,Intel(R) Core(TM) 7 150U,NT,2abc7cc
degen-r50-m1-d0-p2,100,Newton-SIN,1e-7*n,9.999999999999999e-6,4,9,0.0246547,0.0195344,79.23195171711681,0.0,8.1e-6,0.0,0.0048498,0.0,0.0,0.00026240000000000204,0.4970509483566118,0.0,-1.3647730563364133e-15,7.327471962526033e-15,7.327471962526033e-15,2.3947127181370697e-14,7.327471962526033e-15,NaN,converged,15,15,0,0,0,0,4,2.3947127181370697e-14,1.12.6,lbt,1,1,Intel(R) Core(TM) 7 150U,NT,2abc7cc
degen-r50-m1-d0-p2,100,AGD-SDAJ-BH,1e-7*n,1.0e-11,5,35,0.0652595,0.0644122,98.70164497123025,0.0,3.9e-5,0.0,0.0,0.0,0.0,0.0008082999999999953,0.4970509483508985,9.300161416405403e-12,-1.5837058574006601e-15,3.028022277362652e-12,3.028022277362652e-12,6.999395499267214e-12,3.028022277362652e-12,NaN,diag_feasible,0,0,4,4,0,0,5,2.3947127181370697e-14,1.12.6,lbt,1,1,Intel(R) Core(TM) 7 150U,NT,2abc7cc
degen-r50-m1-d0-p2,100,AGD-SDAJ,1e-7*n,1.0e-11,5,39,0.0990215,0.0977174,98.68301328499366,0.0,6.42e-5,0.0,0.0,0.0,0.0,0.0012399000000000025,0.4970509483509043,9.290946037434737e-12,-1.796154263802072e-15,3.0253577421035516e-12,3.0253577421035516e-12,6.992418149539805e-12,3.0253577421035516e-12,NaN,diag_feasible,0,0,8,4,4,0,5,2.3947127181370697e-14,1.12.6,lbt,1,1,Intel(R) Core(TM) 7 150U,NT,2abc7cc
degen-r50-m1-d0-p2,100,Dykstra-APM,1e-7*n,9.999999999999999e-6,36,36,0.1057628,0.0976834,92.36083008392364,0.0,0.0,0.0,0.0,0.0037158,0.0,0.0043636000000000005,0.49705094834762126,1.3039541833229454e-11,-1.4296282694867508e-15,1.9106938253798944e-12,1.9106938253798944e-12,9.205013686156488e-12,1.9106938253798944e-12,NaN,diag_feasible,0,0,0,0,0,0,36,2.3947127181370697e-14,1.12.6,lbt,1,1,Intel(R) Core(TM) 7 150U,NT,2abc7cc
degen-r50-m1-d0-p2,100,Anderson-APM,1e-7*n,9.999999999999999e-6,16,16,0.0626611,0.0433805,69.23035184508412,0.0,0.0,0.0,0.0,0.0,0.0167705,0.0025100999999999943,0.4970509483536535,9.018353948662754e-12,-1.6879842626109845e-15,2.5137669723562794e-12,2.5137669723562794e-12,7.164606189680017e-12,2.5137669723562794e-12,NaN,diag_feasible,0,0,0,0,0,0,16,2.3947127181370697e-14,1.12.6,lbt,1,1,Intel(R) Core(TM) 7 150U,NT,2abc7cc
degen-r50-m1-d0-p3,100,SBB-Dual,1e-7*n,1.0e-11,14,15,0.0404826,0.0397466,98.1819349547707,5.04e-5,2.46e-5,0.0001341,0.0,0.0,0.0,0.0005269000000000005,0.49719136112826423,1.47039279502437e-12,-1.767021561392224e-15,8.669731599297847e-13,0.0,1.6451832239056345e-12,8.669731599297847e-13,7.6923076923076925,diag_feasible,0,0,0,0,0,0,14,1.795680636998374e-14,1.12.6,lbt,1,1,Intel(R) Core(TM) 7 150U,NT,2abc7cc
degen-r50-m1-d0-p3,100,Newton-SIN-BH,1e-7*n,9.999999999999999e-6,4,5,0.0214349,0.0151015,70.45285958880145,0.0,1.74e-5,0.0,0.0056343,0.0,0.0,0.0006816999999999995,0.497191361128267,0.0,-1.793442562526745e-15,4.440892098500626e-15,4.440892098500626e-15,1.795680636998374e-14,4.440892098500626e-15,NaN,converged,15,15,0,0,0,0,4,1.795680636998374e-14,1.12.6,lbt,1,1,Intel(R) Core(TM) 7 150U,NT,2abc7cc
degen-r50-m1-d0-p3,100,Newton-SIN,1e-7*n,9.999999999999999e-6,4,9,0.034246,0.026247000000000003,76.6425275944636,0.0,1.74e-5,0.0,0.0073783,0.0,0.0,0.000603299999999995,0.497191361128267,0.0,-1.793442562526745e-15,4.440892098500626e-15,4.440892098500626e-15,1.795680636998374e-14,4.440892098500626e-15,NaN,converged,15,15,0,0,0,0,4,1.795680636998374e-14,1.12.6,lbt,1,1,Intel(R) Core(TM) 7 150U,NT,2abc7cc
degen-r50-m1-d0-p3,100,AGD-SDAJ-BH,1e-7*n,1.0e-11,5,33,0.0786273,0.0776286,98.72983047872687,0.0,4.83e-5,0.0,0.0,0.0,0.0,0.0009503999999999912,0.49719136113017603,3.3414021900721338e-12,-1.5020436301083272e-15,1.3806733534238447e-12,1.3806733534238447e-12,2.588597739831716e-12,1.3806733534238447e-12,NaN,diag_feasible,0,0,2,2,0,0,5,1.795680636998374e-14,1.12.6,lbt,1,1,Intel(R) Core(TM) 7 150U,NT,2abc7cc
degen-r50-m1-d0-p3,100,AGD-SDAJ,1e-7*n,1.0e-11,5,36,0.0887749,0.0874887,98.5511670528494,0.0,5.06e-5,0.0,0.0,0.0,0.0,0.0012356000000000012,0.4971913611302084,3.3970795709920923e-12,-1.4638746122637131e-15,1.4104273304837989e-12,1.4104273304837989e-12,2.633232277975442e-12,1.4104273304837989e-12,NaN,diag_feasible,0,0,5,2,3,0,5,1.795680636998374e-14,1.12.6,lbt,1,1,Intel(R) Core(TM) 7 150U,NT,2abc7cc
degen-r50-m1-d0-p3,100,Dykstra-APM,1e-7*n,9.999999999999999e-6,36,36,0.1080899,0.1000151,92.52955178976019,0.0,0.0,0.0,0.0,0.0036451,0.0,0.004429700000000007,0.49719136111952034,1.2709684218175301e-11,-1.6344926270344097e-15,1.88005166990024e-12,1.88005166990024e-12,8.972819490357564e-12,1.88005166990024e-12,NaN,diag_feasible,0,0,0,0,0,0,36,1.795680636998374e-14,1.12.6,lbt,1,1,Intel(R) Core(TM) 7 150U,NT,2abc7cc
degen-r50-m1-d0-p3,100,Anderson-APM,1e-7*n,9.999999999999999e-6,17,17,0.0657645,0.0496628,75.51612191988079,0.0,0.0,0.0,0.0,0.0,0.0135742,0.0025275000000000037,0.49719136112463835,6.498374581856098e-12,-1.6403223064977735e-15,2.3445689834034056e-12,2.3445689834034056e-12,4.749749540790086e-12,2.3445689834034056e-12,NaN,diag_feasible,0,0,0,0,0,0,17,1.795680636998374e-14,1.12.6,lbt,1,1,Intel(R) Core(TM) 7 150U,NT,2abc7cc
degen-r50-m1-d0-p4,100,SBB-Dual,1e-7*n,1.0e-11,14,15,0.0376865,0.0368665,97.8241545380972,4.42e-5,2.07e-5,0.0001293,0.0,0.0,0.0,0.0006257999999999943,0.496809556052232,1.0337999523393414e-12,-1.684932727481047e-15,4.750644322371045e-13,0.0,1.0802792993559205e-12,4.750644322371045e-13,7.6923076923076925,diag_feasible,0,0,0,0,0,0,14,3.3572821182335826e-14,1.12.6,lbt,1,1,Intel(R) Core(TM) 7 150U,NT,2abc7cc
degen-r50-m1-d0-p4,100,Newton-SIN-BH,1e-7*n,9.999999999999999e-6,4,5,0.0199888,0.0139021,69.5494476907068,0.0,1.0e-5,0.0,0.0054645,0.0,0.0,0.0006122000000000011,0.49680955605223776,0.0,-1.5203957608010466e-15,1.176836406102666e-14,1.176836406102666e-14,3.3572821182335826e-14,1.176836406102666e-14,NaN,converged,15,15,0,0,0,0,4,3.3572821182335826e-14,1.12.6,lbt,1,1,Intel(R) Core(TM) 7 150U,NT,2abc7cc
degen-r50-m1-d0-p4,100,Newton-SIN,1e-7*n,9.999999999999999e-6,4,9,0.0301626,0.0242834,80.50831161769874,0.0,1.21e-5,0.0,0.0053819,0.0,0.0,0.00048520000000000073,0.49680955605223776,0.0,-1.5203957608010466e-15,1.176836406102666e-14,1.176836406102666e-14,3.3572821182335826e-14,1.176836406102666e-14,NaN,converged,15,15,0,0,0,0,4,3.3572821182335826e-14,1.12.6,lbt,1,1,Intel(R) Core(TM) 7 150U,NT,2abc7cc
degen-r50-m1-d0-p4,100,AGD-SDAJ-BH,1e-7*n,1.0e-11,6,34,0.0987159,0.0959872,97.23580497164085,0.0,6.04e-5,0.0,0.0,0.0,0.0,0.0026683000000000006,0.4968095560586346,1.089278322570091e-11,-1.9557418442738474e-15,2.858602243804853e-12,2.858602243804853e-12,8.298006177155169e-12,2.858602243804853e-12,NaN,diag_feasible_at_xpre,0,0,1,1,0,0,6,3.3572821182335826e-14,1.12.6,lbt,1,1,Intel(R) Core(TM) 7 150U,NT,2abc7cc
degen-r50-m1-d0-p4,100,AGD-SDAJ,1e-7*n,1.0e-11,6,40,0.1167537,0.1148928,98.40613188275833,0.0,0.0001637,0.0,0.0,0.0,0.0,0.0016971999999999988,0.49680955605863364,1.0869880486454518e-11,-1.3948750462139205e-15,2.8377300509419e-12,2.8377300509419e-12,8.272060001564571e-12,2.8377300509419e-12,NaN,diag_feasible_at_xpre,0,0,7,1,6,0,6,3.3572821182335826e-14,1.12.6,lbt,1,1,Intel(R) Core(TM) 7 150U,NT,2abc7cc
degen-r50-m1-d0-p4,100,Dykstra-APM,1e-7*n,9.999999999999999e-6,37,37,0.0865496,0.080356,92.84387218427352,0.0,0.0,0.0,0.0,0.003127,0.0,0.0030666000000000074,0.49680955604692423,7.760635772979875e-12,-1.440699960986777e-15,1.0842438058489279e-12,1.0842438058489279e-12,5.4625009716912395e-12,1.0842438058489279e-12,NaN,diag_feasible,0,0,0,0,0,0,37,3.3572821182335826e-14,1.12.6,lbt,1,1,Intel(R) Core(TM) 7 150U,NT,2abc7cc
degen-r50-m1-d0-p4,100,Anderson-APM,1e-7*n,9.999999999999999e-6,16,16,0.0566223,0.0395303,69.81401320681074,0.0,0.0,0.0,0.0,0.0,0.0146351,0.002456900000000003,0.4968095560483344,1.0537780138701181e-11,-1.4936780505772726e-15,2.460698311779197e-12,2.460698311779197e-12,8.285500628591277e-12,2.460698311779197e-12,NaN,diag_feasible,0,0,0,0,0,0,16,3.3572821182335826e-14,1.12.6,lbt,1,1,Intel(R) Core(TM) 7 150U,NT,2abc7cc
degen-r50-m5-d0.01-p0,100,SBB-Dual,1e-7*n,1.0e-11,14,15,0.0383963,0.0377726,98.37562473467497,4.75e-5,3.73e-5,0.0001222,0.0,0.0,0.0,0.0004166999999999979,0.4906613917964541,3.0708753326637036e-12,-1.6139053243350004e-15,8.275602425555917e-13,0.0,3.22071133757938e-12,8.275602425555917e-13,7.6923076923076925,diag_feasible,0,0,0,0,0,0,14,4.781994904706968e-14,1.12.6,lbt,1,1,Intel(R) Core(TM) 7 150U,NT,2abc7cc
degen-r50-m5-d0.01-p0,100,Newton-SIN-BH,1e-7*n,9.999999999999999e-6,4,5,0.0184757,0.0120406,65.16992590267216,0.0,8.4e-6,0.0,0.0060548,0.0,0.0,0.00037190000000000053,0.49066139179645385,6.468942856706084e-13,-1.830356283988548e-15,2.2426505097428162e-14,2.2426505097428162e-14,7.272520138789034e-14,2.2426505097428162e-14,NaN,converged,19,19,0,0,0,0,4,4.781994904706968e-14,1.12.6,lbt,1,1,Intel(R) Core(TM) 7 150U,NT,2abc7cc
degen-r50-m5-d0.01-p0,100,Newton-SIN,1e-7*n,9.999999999999999e-6,5,13,0.037494,0.0281849,75.17176081506373,0.0,1.29e-5,0.0,0.0089711,0.0,0.0,0.0003251000000000018,0.49066139179645396,3.5036034058214744e-13,-1.4789741859753834e-15,1.0103029524088925e-14,1.0103029524088925e-14,2.4120729041713984e-14,1.0103029524088925e-14,NaN,converged,29,29,2,0,0,0,5,4.781994904706968e-14,1.12.6,lbt,1,1,Intel(R) Core(TM) 7 150U,NT,2abc7cc
degen-r50-m5-d0.01-p0,100,AGD-SDAJ-BH,1e-7*n,1.0e-11,7,50,0.1151916,0.1138594,98.84349206018494,0.0,5.87e-5,0.0,0.0,0.0,0.0,0.0012735000000000055,0.4906613917939116,4.690268131322771e-12,-1.412215711996793e-15,8.417710972707937e-13,8.417710972707937e-13,3.535846348461678e-12,8.417710972707937e-13,NaN,diag_feasible,0,0,7,7,0,0,7,4.781994904706968e-14,1.12.6,lbt,1,1,Intel(R) Core(TM) 7 150U,NT,2abc7cc
degen-r50-m5-d0.01-p0,100,AGD-SDAJ,1e-7*n,1.0e-11,7,54,0.1058725,0.1044482,98.65470259037994,0.0,5.96e-5,0.0,0.0,0.0,0.0,0.0013646999999999895,0.490661391795005,2.7085819769973585e-12,-1.6920645621023456e-15,7.30304705598428e-13,7.30304705598428e-13,2.0125608538032833e-12,7.30304705598428e-13,NaN,diag_feasible,0,0,11,8,3,0,7,4.781994904706968e-14,1.12.6,lbt,1,1,Intel(R) Core(TM) 7 150U,NT,2abc7cc
degen-r50-m5-d0.01-p0,100,Dykstra-APM,1e-7*n,9.999999999999999e-6,37,37,0.1056165,0.0966614,91.52111649221474,0.0,0.0,0.0,0.0,0.0042398,0.0,0.004715300000000007,0.49066139179018214,9.952977380119352e-12,-1.2836329632334012e-15,1.780131597683976e-12,1.780131597683976e-12,6.944684045667687e-12,1.780131597683976e-12,NaN,diag_feasible,0,0,0,0,0,0,37,4.781994904706968e-14,1.12.6,lbt,1,1,Intel(R) Core(TM) 7 150U,NT,2abc7cc
degen-r50-m5-d0.01-p0,100,Anderson-APM,1e-7*n,9.999999999999999e-6,17,17,0.052781,0.0372783,70.62825638013679,0.0,0.0,0.0,0.0,0.0,0.0133926,0.002110100000000002,0.4906613917978206,6.826651626218667e-12,-1.5517019131346676e-15,3.877564935805822e-12,3.877564935805822e-12,5.2902676698405915e-12,3.877564935805822e-12,NaN,diag_feasible,0,0,0,0,0,0,17,4.781994904706968e-14,1.12.6,lbt,1,1,Intel(R) Core(TM) 7 150U,NT,2abc7cc
degen-r50-m5-d0.01-p1,100,SBB-Dual,1e-7*n,1.0e-11,14,15,0.0402722,0.0396078,98.35022670725711,3.72e-5,2.19e-5,0.0001222,0.0,0.0,0.0,0.0004831000000000024,0.4909729965978508,2.3459372909625494e-12,-1.661481213703545e-15,5.03375119365046e-13,0.0,2.353319179605846e-12,5.03375119365046e-13,7.6923076923076925,diag_feasible,0,0,0,0,0,0,14,1.549864980054063e-14,1.12.6,lbt,1,1,Intel(R) Core(TM) 7 150U,NT,2abc7cc
degen-r50-m5-d0.01-p1,100,Newton-SIN-BH,1e-7*n,9.999999999999999e-6,4,5,0.0238725,0.0150409,63.005131427374586,0.0,1.4e-5,0.0,0.0082626,0.0,0.0,0.0005550000000000017,0.49097299659785204,0.0,-1.5002803895321977e-15,6.8833827526759706e-15,6.8833827526759706e-15,1.549864980054063e-14,6.8833827526759706e-15,NaN,converged,19,19,0,0,0,0,4,1.549864980054063e-14,1.12.6,lbt,1,1,Intel(R) Core(TM) 7 150U,NT,2abc7cc
degen-r50-m5-d0.01-p1,100,Newton-SIN,1e-7*n,9.999999999999999e-6,4,9,0.0277706,0.021039,75.75997637789605,0.0,1.11e-5,0.0,0.0064167,0.0,0.0,0.00030380000000000077,0.49097299659785204,0.0,-1.5002803895321977e-15,6.8833827526759706e-15,6.8833827526759706e-15,1.549864980054063e-14,6.8833827526759706e-15,NaN,converged,19,19,0,0,0,0,4,1.549864980054063e-14,1.12.6,lbt,1,1,Intel(R) Core(TM) 7 150U,NT,2abc7cc
degen-r50-m5-d0.01-p1,100,AGD-SDAJ-BH,1e-7*n,1.0e-11,6,42,0.1080692,0.1065773,98.61949565648678,0.0,7.23e-5,0.0,0.0,0.0,0.0,0.0014196000000000044,0.4909729965949325,5.426371318900448e-12,-1.7844825426550053e-15,1.1579626146840383e-12,1.1579626146840383e-12,4.130629987934286e-12,1.1579626146840383e-12,NaN,diag_feasible,0,0,5,5,0,0,6,1.549864980054063e-14,1.12.6,lbt,1,1,Intel(R) Core(TM) 7 150U,NT,2abc7cc
degen-r50-m5-d0.01-p1,100,AGD-SDAJ,1e-7*n,1.0e-11,6,44,0.1497632,0.1476659,98.59958921817908,0.0,9.78e-5,0.0,0.0,0.0,0.0,0.0019995000000000243,0.49097299659493515,5.420349379130825e-12,-1.7080734493323775e-15,1.156408302449563e-12,1.156408302449563e-12,4.130313914129951e-12,1.156408302449563e-12,NaN,diag_feasible,0,0,7,5,2,0,6,1.549864980054063e-14,1.12.6,lbt,1,1,Intel(R) Core(TM) 7 150U,NT,2abc7cc
degen-r50-m5-d0.01-p1,100,Dykstra-APM,1e-7*n,9.999999999999999e-6,37,37,0.0663664,0.0627311,94.52237879408857,0.0,0.0,0.0,0.0,0.002328,0.0,0.0013073000000000078,0.4909729965923915,8.531647004430246e-12,-1.5847009711037143e-15,1.4050982599655981e-12,1.4050982599655981e-12,5.976830263335568e-12,1.4050982599655981e-12,NaN,diag_feasible,0,0,0,0,0,0,37,1.549864980054063e-14,1.12.6,lbt,1,1,Intel(R) Core(TM) 7 150U,NT,2abc7cc
degen-r50-m5-d0.01-p1,100,Anderson-APM,1e-7*n,9.999999999999999e-6,17,17,0.0364388,0.0296569,81.38824549655861,0.0,0.0,0.0,0.0,0.0,0.0058353,0.0009466000000000006,0.49097299660204524,9.459922233911149e-12,-1.3416555418449857e-15,4.539257858482415e-12,4.539257858482415e-12,7.088694556506419e-12,4.539257858482415e-12,NaN,diag_feasible,0,0,0,0,0,0,17,1.549864980054063e-14,1.12.6,lbt,1,1,Intel(R) Core(TM) 7 150U,NT,2abc7cc
degen-r50-m5-d0.01-p2,100,SBB-Dual,1e-7*n,1.0e-11,14,15,0.0363888,0.0357502,98.24506441542454,4.04e-5,2.32e-5,0.0001262,0.0,0.0,0.0,0.00044879999999999606,0.48971290905637793,4.770452946571659e-12,-2.07703681104951e-15,9.887646257311644e-13,0.0,5.003048412097397e-12,9.887646257311644e-13,7.6923076923076925,diag_feasible,0,0,0,0,0,0,14,2.0007746788300057e-14,1.12.6,lbt,1,1,Intel(R) Core(TM) 7 150U,NT,2abc7cc
degen-r50-m5-d0.01-p2,100,Newton-SIN-BH,1e-7*n,9.999999999999999e-6,4,5,0.0226231,0.014816,65.4905826345638,0.0,1.21e-5,0.0,0.007243,0.0,0.0,0.0005520000000000004,0.48971290905638093,1.7934622808783815e-13,-1.4299095339535242e-15,7.105427357601002e-15,7.105427357601002e-15,2.7888263172698605e-14,7.105427357601002e-15,NaN,converged,19,19,0,0,0,0,4,2.0007746788300057e-14,1.12.6,lbt,1,1,Intel(R) Core(TM) 7 150U,NT,2abc7cc
degen-r50-m5-d0.01-p2,100,Newton-SIN,1e-7*n,9.999999999999999e-6,4,9,0.034258,0.026542,77.4767937416078,0.0,1.18e-5,0.0,0.0073195,0.0,0.0,0.00038469999999999737,0.48971290905638093,1.7934622808783815e-13,-1.4299095339535242e-15,7.105427357601002e-15,7.105427357601002e-15,2.7888263172698605e-14,7.105427357601002e-15,NaN,converged,19,19,0,0,0,0,4,2.0007746788300057e-14,1.12.6,lbt,1,1,Intel(R) Core(TM) 7 150U,NT,2abc7cc
degen-r50-m5-d0.01-p2,100,AGD-SDAJ-BH,1e-7*n,1.0e-11,7,46,0.1279286,0.1263292,98.74977135683498,0.0,7.09e-5,0.0,0.0,0.0,0.0,0.0015285000000000008,0.48971290905345954,8.69586997524348e-12,-1.5085066841523468e-15,2.738476112540411e-12,2.738476112540411e-12,7.1023708312653756e-12,2.738476112540411e-12,NaN,diag_feasible_at_xpre,0,0,5,5,0,0,7,2.0007746788300057e-14,1.12.6,lbt,1,1,Intel(R) Core(TM) 7 150U,NT,2abc7cc
degen-r50-m5-d0.01-p2,100,AGD-SDAJ,1e-7*n,1.0e-11,6,52,0.1368992,0.1352411,98.78881688132583,0.0,7.79e-5,0.0,0.0,0.0,0.0,0.0015801999999999956,0.48971290905518466,2.90716839612099e-12,-1.7115141453928718e-15,8.080203173221889e-13,8.080203173221889e-13,2.3520970641737454e-12,8.080203173221889e-13,NaN,diag_feasible,0,0,15,2,13,0,6,2.0007746788300057e-14,1.12.6,lbt,1,1,Intel(R) Core(TM) 7 150U,NT,2abc7cc
degen-r50-m5-d0.01-p2,100,Dykstra-APM,1e-7*n,9.999999999999999e-6,37,37,0.1015186,0.0942044,92.7952119119058,0.0,0.0,0.0,0.0,0.003238,0.0,0.004076200000000007,0.48971290904992004,1.005298918348858e-11,-1.5785465824291354e-15,1.3502532425491154e-12,1.3502532425491154e-12,7.025862926980635e-12,1.3502532425491154e-12,NaN,diag_feasible,0,0,0,0,0,0,37,2.0007746788300057e-14,1.12.6,lbt,1,1,Intel(R) Core(TM) 7 150U,NT,2abc7cc
degen-r50-m5-d0.01-p2,100,Anderson-APM,1e-7*n,9.999999999999999e-6,16,16,0.0288422,0.0243668,84.48315315752613,0.0,0.0,0.0,0.0,0.0,0.0036099,0.0008654999999999973,0.48971290905353937,7.810545967101576e-12,-1.5880030908055684e-15,2.2178925362936752e-12,2.2178925362936752e-12,6.118728223357895e-12,2.2178925362936752e-12,NaN,diag_feasible,0,0,0,0,0,0,16,2.0007746788300057e-14,1.12.6,lbt,1,1,Intel(R) Core(TM) 7 150U,NT,2abc7cc
degen-r50-m5-d0.01-p3,100,SBB-Dual,1e-7*n,1.0e-11,14,15,0.0248443,0.0244311,98.33684185104832,2.32e-5,1.46e-5,4.51e-5,0.0,0.0,0.0,0.000330299999999999,0.4889885447846151,3.726442922992686e-12,-1.630530717538773e-15,1.007416372544867e-12,0.0,3.969013133546202e-12,1.007416372544867e-12,7.6923076923076925,diag_feasible,0,0,0,0,0,0,14,1.7794419681032807e-14,1.12.6,lbt,1,1,Intel(R) Core(TM) 7 150U,NT,2abc7cc
degen-r50-m5-d0.01-p3,100,Newton-SIN-BH,1e-7*n,9.999999999999999e-6,4,5,0.0176599,0.011470999999999999,64.95506769574006,0.0,7.8e-6,0.0,0.0058436,0.0,0.0,0.000337500000000001,0.4889885447846161,9.381884190968167e-14,-1.3667217664815243e-15,3.774758283725532e-15,3.774758283725532e-15,1.5407319777083364e-14,3.774758283725532e-15,NaN,converged,19,19,0,0,0,0,4,1.7794419681032807e-14,1.12.6,lbt,1,1,Intel(R) Core(TM) 7 150U,NT,2abc7cc
degen-r50-m5-d0.01-p3,100,Newton-SIN,1e-7*n,9.999999999999999e-6,4,9,0.0255858,0.0196143,76.6608822080998,0.0,8.5e-6,0.0,0.0057249,0.0,0.0,0.00023809999999999804,0.4889885447846161,9.381884190968167e-14,-1.3667217664815243e-15,3.774758283725532e-15,3.774758283725532e-15,1.5407319777083364e-14,3.774758283725532e-15,NaN,converged,19,19,0,0,0,0,4,1.7794419681032807e-14,1.12.6,lbt,1,1,Intel(R) Core(TM) 7 150U,NT,2abc7cc
degen-r50-m5-d0.01-p3,100,AGD-SDAJ-BH,1e-7*n,1.0e-11,7,45,0.1046497,0.1033976,98.80353216492738,0.0,5.64e-5,0.0,0.0,0.0,0.0,0.001195699999999992,0.4889885447818373,5.940425998398227e-12,-1.974974475774421e-15,2.1813661987835076e-12,2.1813661987835076e-12,4.824618794583817e-12,2.1813661987835076e-12,NaN,diag_feasible,0,0,4,4,0,0,7,1.7794419681032807e-14,1.12.6,lbt,1,1,Intel(R) Core(TM) 7 150U,NT,2abc7cc
degen-r50-m5-d0.01-p3,100,AGD-SDAJ,1e-7*n,1.0e-11,7,44,0.1090898,0.1077369,98.7598290582621,0.0,5.97e-5,0.0,0.0,0.0,0.0,0.0012932000000000041,0.4889885447818376,5.944998494764113e-12,-1.6356240866269002e-15,2.1845858455549205e-12,2.1845858455549205e-12,4.829613533276151e-12,2.1845858455549205e-12,NaN,diag_feasible_at_xpre,0,0,5,4,1,0,7,1.7794419681032807e-14,1.12.6,lbt,1,1,Intel(R) Core(TM) 7 150U,NT,2abc7cc
degen-r50-m5-d0.01-p3,100,Dykstra-APM,1e-7*n,9.999999999999999e-6,37,37,0.1069916,0.099098,92.62222454846922,0.0,0.0,0.0,0.0,0.003629,0.0,0.0042646,0.48898854477819703,9.944765814371237e-12,-1.4393458022449252e-15,1.4552803406786552e-12,1.4552803406786552e-12,6.955010773784046e-12,1.4552803406786552e-12,NaN,diag_feasible,0,0,0,0,0,0,37,1.7794419681032807e-14,1.12.6,lbt,1,1,Intel(R) Core(TM) 7 150U,NT,2abc7cc
degen-r50-m5-d0.01-p3,100,Anderson-APM,1e-7*n,9.999999999999999e-6,16,16,0.0635122,0.044954,70.78010209062195,0.0,0.0,0.0,0.0,0.0,0.0160303,0.002527900000000003,0.4889885447792035,8.924994615825157e-12,-1.7407955538264298e-15,1.3200551762793111e-12,1.3200551762793111e-12,6.486349695043677e-12,1.3200551762793111e-12,NaN,diag_feasible,0,0,0,0,0,0,16,1.7794419681032807e-14,1.12.6,lbt,1,1,Intel(R) Core(TM) 7 150U,NT,2abc7cc
degen-r50-m5-d0.01-p4,100,SBB-Dual,1e-7*n,1.0e-11,14,15,0.0387142,0.038048000000000005,98.27918438195806,4.43e-5,2.43e-5,0.0001385,0.0,0.0,0.0,0.00045909999999999175,0.4894192518872895,3.736739552573344e-12,-1.4797630798816879e-15,9.130474154517287e-13,0.0,3.833901694717794e-12,9.130474154517287e-13,7.6923076923076925,diag_feasible,0,0,0,0,0,0,14,2.754158790223576e-14,1.12.6,lbt,1,1,Intel(R) Core(TM) 7 150U,NT,2abc7cc
degen-r50-m5-d0.01-p4,100,Newton-SIN-BH,1e-7*n,9.999999999999999e-6,4,5,0.0247818,0.0157329,63.48570321768395,0.0,1.35e-5,0.0,0.0084294,0.0,0.0,0.0006059999999999989,0.48941925188729224,1.5792048660362033e-13,-1.4006144424409166e-15,1.1102230246251565e-14,1.1102230246251565e-14,2.933069714477386e-14,1.1102230246251565e-14,NaN,converged,19,19,0,0,0,0,4,2.754158790223576e-14,1.12.6,lbt,1,1,Intel(R) Core(TM) 7 150U,NT,2abc7cc
degen-r50-m5-d0.01-p4,100,Newton-SIN,1e-7*n,9.999999999999999e-6,4,9,0.0329153,0.0253917,77.14254465248683,0.0,1.21e-5,0.0,0.0071609,0.0,0.0,0.00035060000000000126,0.48941925188729224,1.5792048660362033e-13,-1.4006144424409166e-15,1.1102230246251565e-14,1.1102230246251565e-14,2.933069714477386e-14,1.1102230246251565e-14,NaN,converged,19,19,0,0,0,0,4,2.754158790223576e-14,1.12.6,lbt,1,1,Intel(R) Core(TM) 7 150U,NT,2abc7cc
degen-r50-m5-d0.01-p4,100,AGD-SDAJ-BH,1e-7*n,1.0e-11,7,46,0.1209591,0.119438,98.74246749521119,0.0,6.58e-5,0.0,0.0,0.0,0.0,0.0014552999999999975,0.48941925188329094,7.627064724057252e-12,-1.9169697717652736e-15,1.1755041384731157e-12,1.1755041384731157e-12,5.897039464881985e-12,1.1755041384731157e-12,NaN,diag_feasible_at_xpre,0,0,7,7,0,0,7,2.754158790223576e-14,1.12.6,lbt,1,1,Intel(R) Core(TM) 7 150U,NT,2abc7cc
degen-r50-m5-d0.01-p4,100,AGD-SDAJ,1e-7*n,1.0e-11,7,46,0.1176891,0.1162187,98.75060647077765,0.0,5.97e-5,0.0,0.0,0.0,0.0,0.0014107000000000106,0.48941925188329094,7.627064724057252e-12,-1.9169697717652736e-15,1.1755041384731157e-12,1.1755041384731157e-12,5.897039464881985e-12,1.1755041384731157e-12,NaN,diag_feasible_at_xpre,0,0,7,7,0,0,7,2.754158790223576e-14,1.12.6,lbt,1,1,Intel(R) Core(TM) 7 150U,NT,2abc7cc
degen-r50-m5-d0.01-p4,100,Dykstra-APM,1e-7*n,9.999999999999999e-6,37,37,0.1003881,0.0927029,92.34451095299146,0.0,0.0,0.0,0.0,0.0036537,0.0,0.004031499999999989,0.48941925188022356,1.0980661403349168e-11,-1.4966313494251673e-15,1.411093464298574e-12,1.411093464298574e-12,7.667959343749359e-12,1.411093464298574e-12,NaN,diag_feasible,0,0,0,0,0,0,37,2.754158790223576e-14,1.12.6,lbt,1,1,Intel(R) Core(TM) 7 150U,NT,2abc7cc
degen-r50-m5-d0.01-p4,100,Anderson-APM,1e-7*n,9.999999999999999e-6,16,16,0.0524924,0.0371447,70.76205317341177,0.0,0.0,0.0,0.0,0.0,0.0131325,0.0022151999999999988,0.489419251886426,4.876795861456565e-12,-1.5667612425905025e-15,1.9271251261443467e-12,1.9271251261443467e-12,3.916741157782953e-12,1.9271251261443467e-12,NaN,diag_feasible,0,0,0,0,0,0,16,2.754158790223576e-14,1.12.6,lbt,1,1,Intel(R) Core(TM) 7 150U,NT,2abc7cc
degen-r50-m5-d0.0001-p0,100,SBB-Dual,1e-7*n,1.0e-11,13,14,0.0412956,0.040544000000000004,98.17995137496489,5.35e-5,2.65e-5,0.0001374,0.0,0.0,0.0,0.0005341999999999981,0.49448014072860913,7.102159233974007e-12,-1.5879211720374165e-15,2.3387958236753548e-12,0.0,7.471646779956205e-12,2.3387958236753548e-12,8.333333333333334,diag_feasible,0,0,0,0,0,0,13,4.8593917707029864e-14,1.12.6,lbt,1,1,Intel(R) Core(TM) 7 150U,NT,2abc7cc
degen-r50-m5-d0.0001-p0,100,Newton-SIN-BH,1e-7*n,9.999999999999999e-6,4,5,0.019814,0.0139335,70.32148985565762,0.0,1.1e-5,0.0,0.0054363,0.0,0.0,0.00043319999999999904,0.49448014072861374,3.3327420631507066e-13,-1.541819281675748e-15,1.554312234475219e-14,1.554312234475219e-14,6.083262394595508e-14,1.554312234475219e-14,NaN,converged,17,17,0,0,0,0,4,4.8593917707029864e-14,1.12.6,lbt,1,1,Intel(R) Core(TM) 7 150U,NT,2abc7cc
degen-r50-m5-d0.0001-p0,100,Newton-SIN,1e-7*n,9.999999999999999e-6,4,9,0.0280761,0.0222854,79.37498441735141,0.0,9.7e-6,0.0,0.0054964,0.0,0.0,0.00028459999999999944,0.49448014072861374,3.3327420631507066e-13,-1.541819281675748e-15,1.554312234475219e-14,1.554312234475219e-14,6.083262394595508e-14,1.554312234475219e-14,NaN,converged,17,17,0,0,0,0,4,4.8593917707029864e-14,1.12.6,lbt,1,1,Intel(R) Core(TM) 7 150U,NT,2abc7cc
degen-r50-m5-d0.0001-p0,100,AGD-SDAJ-BH,1e-7*n,1.0e-11,8,57,0.1611545,0.1590105,98.669599669882,0.0,0.0001319,0.0,0.0,0.0,0.0,0.002012100000000007,0.49448014073064256,4.996366115072161e-12,-1.7074903829912939e-15,2.4449331448295197e-12,2.4449331448295197e-12,4.136158164593245e-12,2.4449331448295197e-12,NaN,diag_feasible_at_xpre,0,0,12,12,0,0,8,4.8593917707029864e-14,1.12.6,lbt,1,1,Intel(R) Core(TM) 7 150U,NT,2abc7cc
degen-r50-m5-d0.0001-p0,100,AGD-SDAJ,1e-7*n,1.0e-11,7,59,0.1762661,0.17401149999999999,98.72091116783089,0.0,0.0001169,0.0,0.0,0.0,0.0,0.002137700000000023,0.4944801407296886,2.076994237759883e-12,-1.7259067929734592e-15,4.694022948115162e-13,4.694022948115162e-13,1.5690413656580283e-12,4.694022948115162e-13,NaN,diag_feasible,0,0,16,12,4,0,7,4.8593917707029864e-14,1.12.6,lbt,1,1,Intel(R) Core(TM) 7 150U,NT,2abc7cc
degen-r50-m5-d0.0001-p0,100,Dykstra-APM,1e-7*n,9.999999999999999e-6,36,36,0.1467404,0.1355719,92.3889399238383,0.0,0.0,0.0,0.0,0.0051889,0.0,0.005979599999999998,0.4944801407218259,1.0952116872279438e-11,-1.6379402837789568e-15,1.956435013994451e-12,1.956435013994451e-12,7.653439494860257e-12,1.956435013994451e-12,NaN,diag_feasible,0,0,0,0,0,0,36,4.8593917707029864e-14,1.12.6,lbt,1,1,Intel(R) Core(TM) 7 150U,NT,2abc7cc
degen-r50-m5-d0.0001-p0,100,Anderson-APM,1e-7*n,9.999999999999999e-6,18,18,0.0629862,0.0446972,70.96348088946466,0.0,0.0,0.0,0.0,0.0,0.0159117,0.002377300000000006,0.49448014072657565,4.422868519456991e-12,-1.5079542779373634e-15,1.453503983839255e-12,1.453503983839255e-12,3.289710643683919e-12,1.453503983839255e-12,NaN,diag_feasible,0,0,0,0,0,0,18,4.8593917707029864e-14,1.12.6,lbt,1,1,Intel(R) Core(TM) 7 150U,NT,2abc7cc
degen-r50-m5-d0.0001-p1,100,SBB-Dual,1e-7*n,1.0e-11,13,14,0.037771,0.03708,98.170554128829,4.89e-5,3.54e-5,0.0001205,0.0,0.0,0.0,0.0004861999999999971,0.4948184881890997,4.984942714807727e-12,-1.720114221383423e-15,1.2367884494324244e-12,0.0,5.059482782831671e-12,1.2367884494324244e-12,8.333333333333334,diag_feasible,0,0,0,0,0,0,13,1.5215727052320663e-14,1.12.6,lbt,1,1,Intel(R) Core(TM) 7 150U,NT,2abc7cc
degen-r50-m5-d0.0001-p1,100,Newton-SIN-BH,1e-7*n,9.999999999999999e-6,4,5,0.0228517,0.016279000000000002,71.23758845074984,0.0,1.17e-5,0.0,0.0059704,0.0,0.0,0.0005905999999999976,0.49481848818910545,1.3790494304498052e-13,-1.5733957852493051e-15,6.328271240363392e-15,6.328271240363392e-15,2.2693132434496382e-14,6.328271240363392e-15,NaN,converged,15,15,0,0,0,0,4,1.5215727052320663e-14,1.12.6,lbt,1,1,Intel(R) Core(TM) 7 150U,NT,2abc7cc
degen-r50-m5-d0.0001-p1,100,Newton-SIN,1e-7*n,9.999999999999999e-6,4,9,0.0408015,0.0312968,76.70502309964095,0.0,1.45e-5,0.0,0.0087598,0.0,0.0,0.0007303999999999974,0.49481848818910545,1.3790494304498052e-13,-1.5733957852493051e-15,6.328271240363392e-15,6.328271240363392e-15,2.2693132434496382e-14,6.328271240363392e-15,NaN,converged,15,15,0,0,0,0,4,1.5215727052320663e-14,1.12.6,lbt,1,1,Intel(R) Core(TM) 7 150U,NT,2abc7cc
degen-r50-m5-d0.0001-p1,100,AGD-SDAJ-BH,1e-7*n,1.0e-11,8,62,0.1496583,0.14778159999999999,98.74601007762348,0.0,8.37e-5,0.0,0.0,0.0,0.0,0.001793000000000009,0.4948184881911767,3.944302846551888e-12,-1.3440061641847125e-15,7.487344078072056e-13,7.487344078072056e-13,3.0187255211393484e-12,7.487344078072056e-13,NaN,diag_feasible_at_xpre,0,0,17,17,0,0,8,1.5215727052320663e-14,1.12.6,lbt,1,1,Intel(R) Core(TM) 7 150U,NT,2abc7cc
degen-r50-m5-d0.0001-p1,100,AGD-SDAJ,1e-7*n,1.0e-11,8,71,0.1787656,0.17658600000000002,98.78074976393671,0.0,9.79e-5,0.0,0.0,0.0,0.0,0.002081699999999976,0.4948184881914639,5.674465968473362e-12,-1.3788314052679564e-15,1.5571988143392446e-12,1.5571988143392446e-12,4.678457075891135e-12,1.5571988143392446e-12,NaN,diag_feasible_at_xpre,0,0,26,19,7,0,8,1.5215727052320663e-14,1.12.6,lbt,1,1,Intel(R) Core(TM) 7 150U,NT,2abc7cc
degen-r50-m5-d0.0001-p1,100,Dykstra-APM,1e-7*n,9.999999999999999e-6,36,36,0.0906199,0.0840995,92.80467093872315,0.0,0.0,0.0,0.0,0.0030834,0.0,0.0034370000000000095,0.4948184881831279,9.517801414143401e-12,-1.260507144921603e-15,1.5631940186722204e-12,1.5631940186722204e-12,6.664043974063647e-12,1.5631940186722204e-12,NaN,diag_feasible,0,0,0,0,0,0,36,1.5215727052320663e-14,1.12.6,lbt,1,1,Intel(R) Core(TM) 7 150U,NT,2abc7cc
degen-r50-m5-d0.0001-p1,100,Anderson-APM,1e-7*n,9.999999999999999e-6,18,18,0.0723066,0.0508019,70.25900816799573,0.0,0.0,0.0,0.0,0.0,0.0186027,0.002902000000000002,0.49481848818696655,5.32252525732382e-12,-1.726501481862946e-15,2.567501766748137e-12,2.567501766748137e-12,3.966419349458727e-12,2.567501766748137e-12,NaN,diag_feasible,0,0,0,0,0,0,18,1.5215727052320663e-14,1.12.6,lbt,1,1,Intel(R) Core(TM) 7 150U,NT,2abc7cc
degen-r50-m5-d0.0001-p2,100,SBB-Dual,1e-7*n,1.0e-11,13,14,0.042999,0.042183799999999994,98.10414195678968,5.56e-5,2.76e-5,0.0001565,0.0,0.0,0.0,0.000575500000000009,0.49344138879917215,7.86667928983771e-12,-1.5535818531551564e-15,2.596589609993316e-12,0.0,8.638855976230423e-12,2.596589609993316e-12,8.333333333333334,diag_feasible,0,0,0,0,0,0,13,2.143851871992074e-14,1.12.6,lbt,1,1,Intel(R) Core(TM) 7 150U,NT,2abc7cc
degen-r50-m5-d0.0001-p2,100,Newton-SIN-BH,1e-7*n,9.999999999999999e-6,4,5,0.0188987,0.0132367,70.04026731997439,0.0,9.7e-6,0.0,0.005186,0.0,0.0,0.0004663000000000011,0.4934413887991776,1.2850804997344905e-13,-1.6822874245015176e-15,5.995204332975845e-15,5.995204332975845e-15,2.453065346182003e-14,5.995204332975845e-15,NaN,converged,15,15,0,0,0,0,4,2.143851871992074e-14,1.12.6,lbt,1,1,Intel(R) Core(TM) 7 150U,NT,2abc7cc
degen-r50-m5-d0.0001-p2,100,Newton-SIN,1e-7*n,9.999999999999999e-6,4,9,0.0252414,0.020231299999999997,80.15125943885836,0.0,8.5e-6,0.0,0.0047002,0.0,0.0,0.00030140000000000375,0.4934413887991776,1.2850804997344905e-13,-1.6822874245015176e-15,5.995204332975845e-15,5.995204332975845e-15,2.453065346182003e-14,5.995204332975845e-15,NaN,converged,15,15,0,0,0,0,4,2.143851871992074e-14,1.12.6,lbt,1,1,Intel(R) Core(TM) 7 150U,NT,2abc7cc
degen-r50-m5-d0.0001-p2,100,AGD-SDAJ-BH,1e-7*n,1.0e-11,6,37,0.0809786,0.07994949999999999,98.72917042280305,0.0,4.17e-5,0.0,0.0,0.0,0.0,0.000987400000000005,0.49344138880401683,9.74925154031195e-12,-1.6295714581382748e-15,3.1177282977523646e-12,3.1177282977523646e-12,7.723707587727121e-12,3.1177282977523646e-12,NaN,diag_feasible_at_xpre,0,0,4,4,0,0,6,2.143851871992074e-14,1.12.6,lbt,1,1,Intel(R) Core(TM) 7 150U,NT,2abc7cc
degen-r50-m5-d0.0001-p2,100,AGD-SDAJ,1e-7*n,1.0e-11,108,4013,10.0566321,9.896193400000001,98.40464781445074,0.0,0.0061849,0.0,0.0,0.0,0.0,0.1542537999999985,0.4934414018153497,3.4717628566155254e-8,-1.811541207297988e-15,1.5659434415837836e-8,1.5659434415837836e-8,2.9150725300208245e-8,1.5659434415837836e-8,NaN,evd_budget,0,0,3469,4,3465,0,108,2.143851871992074e-14,1.12.6,lbt,1,1,Intel(R) Core(TM) 7 150U,NT,2abc7cc
degen-r50-m5-d0.0001-p2,100,Dykstra-APM,1e-7*n,9.999999999999999e-6,36,36,0.0924172,0.085978,93.03246581805118,0.0,0.0,0.0,0.0,0.0028955,0.0,0.003543700000000006,0.4934413887918281,1.1643676886584615e-11,-1.4141764471377283e-15,1.5611956172278951e-12,1.5611956172278951e-12,8.140572072516282e-12,1.5611956172278951e-12,NaN,diag_feasible,0,0,0,0,0,0,36,2.143851871992074e-14,1.12.6,lbt,1,1,Intel(R) Core(TM) 7 150U,NT,2abc7cc
degen-r50-m5-d0.0001-p2,100,Anderson-APM,1e-7*n,9.999999999999999e-6,17,17,0.0383504,0.0327652,85.43639701280821,0.0,0.0,0.0,0.0,0.0,0.0045565,0.0010286999999999987,0.49344138879514154,6.693948240745408e-12,-1.6692426798376863e-15,1.496358592589786e-12,1.496358592589786e-12,4.7407380173521214e-12,1.496358592589786e-12,NaN,diag_feasible,0,0,0,0,0,0,17,2.143851871992074e-14,1.12.6,lbt,1,1,Intel(R) Core(TM) 7 150U,NT,2abc7cc
degen-r50-m5-d0.0001-p3,100,SBB-Dual,1e-7*n,1.0e-11,13,14,0.0278913,0.027447199999999998,98.40774721866674,2.71e-5,1.94e-5,5.62e-5,0.0,0.0,0.0,0.0003414000000000028,0.4925832178116379,3.662386449303245e-12,-1.6301703704040805e-15,1.5638601524869955e-12,0.0,4.067709108080053e-12,1.5638601524869955e-12,0.0,diag_feasible,0,0,0,0,0,0,13,1.8051966916824947e-14,1.12.6,lbt,1,1,Intel(R) Core(TM) 7 150U,NT,2abc7cc
degen-r50-m5-d0.0001-p3,100,Newton-SIN-BH,1e-7*n,9.999999999999999e-6,4,5,0.0184799,0.012558000000000001,67.95491317593711,0.0,8.9e-6,0.0,0.0053902,0.0,0.0,0.0005227999999999986,0.49258321781163755,1.7830569790617544e-13,-1.639882545480255e-15,1.2656542480726785e-14,1.2656542480726785e-14,2.8422793611897766e-14,1.2656542480726785e-14,NaN,converged,15,15,0,0,0,0,4,1.8051966916824947e-14,1.12.6,lbt,1,1,Intel(R) Core(TM) 7 150U,NT,2abc7cc
degen-r50-m5-d0.0001-p3,100,Newton-SIN,1e-7*n,9.999999999999999e-6,5,12,0.0330259,0.0254406,77.03226861342159,0.0,1.58e-5,0.0,0.0072319,0.0,0.0,0.00033759999999999606,0.4925832178116378,1.274927915620486e-13,-1.3438477129224953e-15,5.995204332975845e-15,5.995204332975845e-15,1.8161904964710603e-14,5.995204332975845e-15,NaN,converged,23,23,1,0,0,0,5,1.8051966916824947e-14,1.12.6,lbt,1,1,Intel(R) Core(TM) 7 150U,NT,2abc7cc
degen-r50-m5-d0.0001-p3,100,AGD-SDAJ-BH,1e-7*n,1.0e-11,7,57,0.2166811,0.2136815,98.61566144901425,0.0,0.0002051,0.0,0.0,0.0,0.0,0.002794499999999991,0.4925832178161957,8.47959631170495e-12,-1.3297525285348134e-15,3.140820936664568e-12,3.140820936664568e-12,6.513752717853078e-12,3.140820936664568e-12,NaN,diag_feasible,0,0,14,14,0,0,7,1.8051966916824947e-14,1.12.6,lbt,1,1,Intel(R) Core(TM) 7 150U,NT,2abc7cc
degen-r50-m5-d0.0001-p3,100,AGD-SDAJ,1e-7*n,1.0e-11,7,58,0.1747521,0.1724206,98.6658243305803,0.0,0.0001398,0.0,0.0,0.0,0.0,0.0021916999999999865,0.4925832178161973,8.481424709019698e-12,-1.6752737217414335e-15,3.1399327582448677e-12,3.1399327582448677e-12,6.514842385140779e-12,3.1399327582448677e-12,NaN,diag_feasible,0,0,15,14,1,0,7,1.8051966916824947e-14,1.12.6,lbt,1,1,Intel(R) Core(TM) 7 150U,NT,2abc7cc
degen-r50-m5-d0.0001-p3,100,Dykstra-APM,1e-7*n,9.999999999999999e-6,36,36,0.0972993,0.090617,93.13222191732109,0.0,0.0,0.0,0.0,0.0029149,0.0,0.003767400000000002,0.4925832178039707,1.2090812860782134e-11,-1.5528040333549402e-15,1.765476653758924e-12,1.765476653758924e-12,8.458160210854209e-12,1.765476653758924e-12,NaN,diag_feasible,0,0,0,0,0,0,36,1.8051966916824947e-14,1.12.6,lbt,1,1,Intel(R) Core(TM) 7 150U,NT,2abc7cc
degen-r50-m5-d0.0001-p3,100,Anderson-APM,1e-7*n,9.999999999999999e-6,17,17,0.0555502,0.0397663,71.58624091362407,0.0,0.0,0.0,0.0,0.0,0.0137323,0.002051600000000004,0.49258321781462,5.2590197395861695e-12,-1.4685181814727863e-15,8.305578447220796e-13,8.305578447220796e-13,3.861960699007567e-12,8.305578447220796e-13,NaN,diag_feasible,0,0,0,0,0,0,17,1.8051966916824947e-14,1.12.6,lbt,1,1,Intel(R) Core(TM) 7 150U,NT,2abc7cc
degen-r50-m5-d0.0001-p4,100,SBB-Dual,1e-7*n,1.0e-11,14,15,0.0384987,0.0377086,97.94772291012426,4.93e-5,2.41e-5,0.0002577,0.0,0.0,0.0,0.00045899999999999506,0.49315457215049063,1.574823066835491e-12,-1.7264569090198965e-15,5.979661210631093e-13,0.0,1.6376658085674493e-12,5.979661210631093e-13,15.384615384615385,diag_feasible,0,0,0,0,0,0,14,2.1245329445657076e-14,1.12.6,lbt,1,1,Intel(R) Core(TM) 7 150U,NT,2abc7cc
degen-r50-m5-d0.0001-p4,100,Newton-SIN-BH,1e-7*n,9.999999999999999e-6,4,5,0.0163289,0.0112506,68.89992589825401,0.0,7.5e-6,0.0,0.0047442,0.0,0.0,0.00032660000000000154,0.4931545721504901,2.5831114270334484e-13,-1.5424865409247662e-15,1.2101430968414206e-14,1.2101430968414206e-14,3.572486544527215e-14,1.2101430968414206e-14,NaN,converged,15,15,0,0,0,0,4,2.1245329445657076e-14,1.12.6,lbt,1,1,Intel(R) Core(TM) 7 150U,NT,2abc7cc
degen-r50-m5-d0.0001-p4,100,Newton-SIN,1e-7*n,9.999999999999999e-6,4,9,0.0249006,0.019823399999999998,79.61012987638851,0.0,9.4e-6,0.0,0.0047833,0.0,0.0,0.0002845000000000009,0.4931545721504901,2.5831114270334484e-13,-1.5424865409247662e-15,1.2101430968414206e-14,1.2101430968414206e-14,3.572486544527215e-14,1.2101430968414206e-14,NaN,converged,15,15,0,0,0,0,4,2.1245329445657076e-14,1.12.6,lbt,1,1,Intel(R) Core(TM) 7 150U,NT,2abc7cc
degen-r50-m5-d0.0001-p4,100,AGD-SDAJ-BH,1e-7*n,1.0e-11,7,47,0.1156539,0.114264,98.7982247031877,0.0,7.44e-5,0.0,0.0,0.0,0.0,0.0013154999999999994,0.4931545721542566,8.15907202062169e-12,-1.526532872711248e-15,4.459432823011866e-12,4.459432823011866e-12,6.682007569840993e-12,4.459432823011866e-12,NaN,diag_feasible,0,0,6,6,0,0,7,2.1245329445657076e-14,1.12.6,lbt,1,1,Intel(R) Core(TM) 7 150U,NT,2abc7cc
degen-r50-m5-d0.0001-p4,100,AGD-SDAJ,1e-7*n,1.0e-11,7,48,0.1088792,0.1076247,98.84780564148157,0.0,5.75e-5,0.0,0.0,0.0,0.0,0.0011969999999999917,0.49315457215425546,8.160550826373307e-12,-1.3955214110267346e-15,4.458211577684779e-12,4.458211577684779e-12,6.680049406778107e-12,4.458211577684779e-12,NaN,diag_feasible,0,0,7,6,1,0,7,2.1245329445657076e-14,1.12.6,lbt,1,1,Intel(R) Core(TM) 7 150U,NT,2abc7cc
degen-r50-m5-d0.0001-p4,100,Dykstra-APM,1e-7*n,9.999999999999999e-6,36,36,0.114622,0.1061818,92.63649212193123,0.0,0.0,0.0,0.0,0.0036234,0.0,0.004816799999999994,0.49315457214222025,1.3086751212494559e-11,-1.726360403351305e-15,1.6786572132332367e-12,1.6786572132332367e-12,9.139883233585162e-12,1.6786572132332367e-12,NaN,diag_feasible,0,0,0,0,0,0,36,2.1245329445657076e-14,1.12.6,lbt,1,1,Intel(R) Core(TM) 7 150U,NT,2abc7cc
degen-r50-m5-d0.0001-p4,100,Anderson-APM,1e-7*n,9.999999999999999e-6,18,18,0.0693347,0.0502506,72.4753983214754,0.0,0.0,0.0,0.0,0.0,0.0159926,0.0030915000000000005,0.49315457214827874,6.243590299376172e-12,-1.6172666762569364e-15,2.4000801346346634e-12,2.4000801346346634e-12,4.797589460510791e-12,2.4000801346346634e-12,NaN,diag_feasible,0,0,0,0,0,0,18,2.1245329445657076e-14,1.12.6,lbt,1,1,Intel(R) Core(TM) 7 150U,NT,2abc7cc
degen-r50-m5-d1e-06-p0,100,SBB-Dual,1e-7*n,1.0e-11,13,14,0.0340093,0.0333832,98.15903297039341,4.23e-5,2.4e-5,0.0001333,0.0,0.0,0.0,0.00042649999999999746,0.49452276402173134,6.1931427308841145e-12,-1.8401772456515442e-15,1.960986928395414e-12,0.0,6.436916845063595e-12,1.960986928395414e-12,8.333333333333334,diag_feasible,0,0,0,0,0,0,13,9.298281877668311e-14,1.12.6,lbt,1,1,Intel(R) Core(TM) 7 150U,NT,2abc7cc
degen-r50-m5-d1e-06-p0,100,Newton-SIN-BH,1e-7*n,9.999999999999999e-6,4,5,0.0284542,0.019627699999999998,68.9799748367552,0.0,1.65e-5,0.0,0.0081859,0.0,0.0,0.0006241000000000024,0.49452276402173145,1.9243442725305023e-13,-1.6462135516038096e-15,4.0190073491430667e-14,4.0190073491430667e-14,8.536034036239394e-14,4.0190073491430667e-14,NaN,converged,14,14,0,0,0,0,4,9.298281877668311e-14,1.12.6,lbt,1,1,Intel(R) Core(TM) 7 150U,NT,2abc7cc
degen-r50-m5-d1e-06-p0,100,Newton-SIN,1e-7*n,9.999999999999999e-6,4,9,0.0243862,0.0195492,80.1650113588833,0.0,9.9e-6,0.0,0.004446,0.0,0.0,0.00038110000000000054,0.49452276402173145,1.9243442725305023e-13,-1.6462135516038096e-15,4.0190073491430667e-14,4.0190073491430667e-14,8.536034036239394e-14,4.0190073491430667e-14,NaN,converged,14,14,0,0,0,0,4,9.298281877668311e-14,1.12.6,lbt,1,1,Intel(R) Core(TM) 7 150U,NT,2abc7cc
degen-r50-m5-d1e-06-p0,100,AGD-SDAJ-BH,1e-7*n,1.0e-11,6,47,0.1199616,0.1184803,98.76518819355526,0.0,7.58e-5,0.0,0.0,0.0,0.0,0.0014055000000000048,0.494522764025412,6.6833503738708645e-12,-1.624741957697975e-15,1.748712286087084e-12,1.748712286087084e-12,4.994464879830968e-12,1.748712286087084e-12,NaN,diag_feasible,0,0,10,10,0,0,6,9.298281877668311e-14,1.12.6,lbt,1,1,Intel(R) Core(TM) 7 150U,NT,2abc7cc
degen-r50-m5-d1e-06-p0,100,AGD-SDAJ,1e-7*n,1.0e-11,6,51,0.1181771,0.1167907,98.82684547175383,0.0,6.61e-5,0.0,0.0,0.0,0.0,0.001320299999999996,0.49452276402539447,6.660396592867833e-12,-1.684738611920076e-15,1.7473800184575339e-12,1.7473800184575339e-12,4.972602904717135e-12,1.7473800184575339e-12,NaN,diag_feasible,0,0,14,10,4,0,6,9.298281877668311e-14,1.12.6,lbt,1,1,Intel(R) Core(TM) 7 150U,NT,2abc7cc
degen-r50-m5-d1e-06-p0,100,Dykstra-APM,1e-7*n,9.999999999999999e-6,35,35,0.097982,0.0907003,92.56832887673245,0.0,0.0,0.0,0.0,0.0033595,0.0,0.003922200000000002,0.4945227640141798,1.2179809242090851e-11,-1.4855348647398114e-15,2.1653789872289053e-12,2.1653789872289053e-12,8.517679667691608e-12,2.1653789872289053e-12,NaN,diag_feasible,0,0,0,0,0,0,35,9.298281877668311e-14,1.12.6,lbt,1,1,Intel(R) Core(TM) 7 150U,NT,2abc7cc
degen-r50-m5-d1e-06-p0,100,Anderson-APM,1e-7*n,9.999999999999999e-6,17,17,0.0598041,0.0424033,70.90366713987838,0.0,0.0,0.0,0.0,0.0,0.0150388,0.0023620000000000013,0.4945227640152952,1.0746169497988895e-11,-1.5804472675980585e-15,2.1240786907128495e-12,2.1240786907128495e-12,7.580164537793941e-12,2.1240786907128495e-12,NaN,diag_feasible,0,0,0,0,0,0,17,9.298281877668311e-14,1.12.6,lbt,1,1,Intel(R) Core(TM) 7 150U,NT,2abc7cc
degen-r50-m5-d1e-06-p1,100,SBB-Dual,1e-7*n,1.0e-11,13,14,0.0357059,0.035065900000000004,98.207579139582,4.36e-5,2.47e-5,0.0001363,0.0,0.0,0.0,0.00043539999999999475,0.4948613905936464,4.5117976856205125e-12,-1.746594020553417e-15,7.125411372044255e-13,0.0,4.498561533000039e-12,7.125411372044255e-13,8.333333333333334,diag_feasible,0,0,0,0,0,0,13,4.937722362642134e-14,1.12.6,lbt,1,1,Intel(R) Core(TM) 7 150U,NT,2abc7cc
degen-r50-m5-d1e-06-p1,100,Newton-SIN-BH,1e-7*n,9.999999999999999e-6,4,5,0.0185502,0.013131400000000001,70.78845511099613,0.0,8.1e-6,0.0,0.0050438,0.0,0.0,0.00036689999999999813,0.4948613905936476,2.7713857464300296e-13,-1.5665554224842961e-15,3.68594044175552e-14,3.68594044175552e-14,7.52817993038873e-14,3.68594044175552e-14,NaN,converged,14,14,0,0,0,0,4,4.937722362642134e-14,1.12.6,lbt,1,1,Intel(R) Core(TM) 7 150U,NT,2abc7cc
degen-r50-m5-d1e-06-p1,100,Newton-SIN,1e-7*n,9.999999999999999e-6,4,9,0.0260385,0.0206073,79.14165562532403,0.0,9.9e-6,0.0,0.00517,0.0,0.0,0.0002513000000000003,0.4948613905936476,2.7713857464300296e-13,-1.5665554224842961e-15,3.68594044175552e-14,3.68594044175552e-14,7.52817993038873e-14,3.68594044175552e-14,NaN,converged,14,14,0,0,0,0,4,4.937722362642134e-14,1.12.6,lbt,1,1,Intel(R) Core(TM) 7 150U,NT,2abc7cc
degen-r50-m5-d1e-06-p1,100,AGD-SDAJ-BH,1e-7*n,1.0e-11,7,46,0.0984782,0.0971427,98.64386229642702,0.0,5.85e-5,0.0,0.0,0.0,0.0,0.0012770000000000034,0.49486139059565803,3.6147230025691954e-12,-1.8579994556814164e-15,8.004708007547379e-13,8.004708007547379e-13,2.716795313637652e-12,8.004708007547379e-13,NaN,diag_feasible_at_xpre,0,0,7,7,0,0,7,4.937722362642134e-14,1.12.6,lbt,1,1,Intel(R) Core(TM) 7 150U,NT,2abc7cc
degen-r50-m5-d1e-06-p1,100,AGD-SDAJ,1e-7*n,1.0e-11,7,68,0.1934456,0.1911997,98.83900176587112,0.0,0.000106,0.0,0.0,0.0,0.0,0.002139899999999995,0.49486139058831224,9.666196016380364e-12,-1.3122647460434512e-15,1.8387513733841843e-12,1.8387513733841843e-12,7.223585864033263e-12,1.8387513733841843e-12,NaN,diag_feasible_at_xpre,0,0,29,7,22,0,7,4.937722362642134e-14,1.12.6,lbt,1,1,Intel(R) Core(TM) 7 150U,NT,2abc7cc
degen-r50-m5-d1e-06-p1,100,Dykstra-APM,1e-7*n,9.999999999999999e-6,35,35,0.1195349,0.1108415,92.72731227449054,0.0,0.0,0.0,0.0,0.004145,0.0,0.004548400000000004,0.49486139058695866,1.0640774684203483e-11,-1.5442340781925125e-15,1.7470469515501463e-12,1.7470469515501463e-12,7.463044010292079e-12,1.7470469515501463e-12,NaN,diag_feasible,0,0,0,0,0,0,35,4.937722362642134e-14,1.12.6,lbt,1,1,Intel(R) Core(TM) 7 150U,NT,2abc7cc
degen-r50-m5-d1e-06-p1,100,Anderson-APM,1e-7*n,9.999999999999999e-6,16,16,0.0584183,0.0418793,71.6886660515626,0.0,0.0,0.0,0.0,0.0,0.0140053,0.002533699999999998,0.4948613905865135,1.1512704706522132e-11,-1.6219293495876691e-15,1.6566747973456586e-12,1.6566747973456586e-12,8.16428646276548e-12,1.6566747973456586e-12,NaN,diag_feasible,0,0,0,0,0,0,16,4.937722362642134e-14,1.12.6,lbt,1,1,Intel(R) Core(TM) 7 150U,NT,2abc7cc
degen-r50-m5-d1e-06-p2,100,SBB-Dual,1e-7*n,1.0e-11,14,15,0.0387276,0.037957199999999996,98.01072103616025,3.89e-5,2.18e-5,0.000129,0.0,0.0,0.0,0.0005807000000000044,0.49348307590137674,9.43296544838811e-13,-1.8518411660983456e-15,3.8535841184739184e-13,0.0,1.103521465290601e-12,3.8535841184739184e-13,15.384615384615385,diag_feasible,0,0,0,0,0,0,14,7.330743026017252e-14,1.12.6,lbt,1,1,Intel(R) Core(TM) 7 150U,NT,2abc7cc
degen-r50-m5-d1e-06-p2,100,Newton-SIN-BH,1e-7*n,9.999999999999999e-6,4,5,0.0179729,0.0130077,72.3739630221055,0.0,8.2e-6,0.0,0.0045865,0.0,0.0,0.0003704999999999993,0.493483075901377,1.0670380146164976e-13,-1.4573758533256287e-15,3.597122599785507e-14,3.597122599785507e-14,7.11368851253081e-14,3.597122599785507e-14,NaN,converged,14,14,0,0,0,0,4,7.330743026017252e-14,1.12.6,lbt,1,1,Intel(R) Core(TM) 7 150U,NT,2abc7cc
degen-r50-m5-d1e-06-p2,100,Newton-SIN,1e-7*n,9.999999999999999e-6,4,9,0.0251034,0.0203091,80.90179019575037,0.0,8.5e-6,0.0,0.0045047,0.0,0.0,0.00028110000000000114,0.493483075901377,1.0670380146164976e-13,-1.4573758533256287e-15,3.597122599785507e-14,3.597122599785507e-14,7.11368851253081e-14,3.597122599785507e-14,NaN,converged,14,14,0,0,0,0,4,7.330743026017252e-14,1.12.6,lbt,1,1,Intel(R) Core(TM) 7 150U,NT,2abc7cc
degen-r50-m5-d1e-06-p2,100,AGD-SDAJ-BH,1e-7*n,1.0e-11,7,52,0.1130214,0.1116509,98.78739778484429,0.0,6.71e-5,0.0,0.0,0.0,0.0,0.0013033999999999967,0.4934830759036752,4.383988719803244e-12,-1.4118006241050468e-15,1.2434497875801753e-12,1.2434497875801753e-12,3.3565040769660443e-12,1.2434497875801753e-12,NaN,diag_feasible,0,0,9,9,0,0,7,7.330743026017252e-14,1.12.6,lbt,1,1,Intel(R) Core(TM) 7 150U,NT,2abc7cc
degen-r50-m5-d1e-06-p2,100,AGD-SDAJ,1e-7*n,1.0e-11,7,77,0.1359676,0.1344436,98.87914473742273,0.0,7.04e-5,0.0,0.0,0.0,0.0,0.0014535999999999976,0.4934830759034616,3.961323026887016e-12,-1.553274649713575e-15,6.304956556846264e-13,6.304956556846264e-13,2.983463162234627e-12,6.304956556846264e-13,NaN,diag_feasible,0,0,35,8,27,0,7,7.330743026017252e-14,1.12.6,lbt,1,1,Intel(R) Core(TM) 7 150U,NT,2abc7cc
degen-r50-m5-d1e-06-p2,100,Dykstra-APM,1e-7*n,9.999999999999999e-6,35,35,0.0466663,0.0440966,94.49345673430291,0.0,0.0,0.0,0.0,0.0016677,0.0,0.0009020000000000011,0.49348307589278917,1.3604583216396623e-11,-1.7285650700855562e-15,1.8349766151004587e-12,1.8349766151004587e-12,9.521908077548287e-12,1.8349766151004587e-12,NaN,diag_feasible,0,0,0,0,0,0,35,7.330743026017252e-14,1.12.6,lbt,1,1,Intel(R) Core(TM) 7 150U,NT,2abc7cc
degen-r50-m5-d1e-06-p2,100,Anderson-APM,1e-7*n,9.999999999999999e-6,17,17,0.0743204,0.0542243,72.96018320676424,0.0,0.0,0.0,0.0,0.0,0.0176197,0.002476399999999993,0.49348307589792395,5.739993037630957e-12,-1.271820023334051e-15,1.0622613899613498e-12,1.0622613899613498e-12,4.084621274907115e-12,1.0622613899613498e-12,NaN,diag_feasible,0,0,0,0,0,0,17,7.330743026017252e-14,1.12.6,lbt,1,1,Intel(R) Core(TM) 7 150U,NT,2abc7cc
degen-r50-m5-d1e-06-p3,100,SBB-Dual,1e-7*n,1.0e-11,13,14,0.0352281,0.034680199999999994,98.44470749203049,3.62e-5,2.0e-5,0.0001145,0.0,0.0,0.0,0.00037720000000000386,0.49262354580493656,7.906494259298821e-12,-1.780036481448297e-15,2.336464355323642e-12,0.0,8.694723911806838e-12,2.336464355323642e-12,8.333333333333334,diag_feasible,0,0,0,0,0,0,13,9.6341326175058e-14,1.12.6,lbt,1,1,Intel(R) Core(TM) 7 150U,NT,2abc7cc
degen-r50-m5-d1e-06-p3,100,Newton-SIN-BH,1e-7*n,9.999999999999999e-6,4,5,0.0128301,0.0096516,75.22622582832558,0.0,8.4e-6,0.0,0.0028217,0.0,0.0,0.0003484000000000009,0.49262354580493395,1.2820225570396042e-13,-1.6160860163158316e-15,2.9753977059954195e-14,2.9753977059954195e-14,9.076125851408491e-14,2.9753977059954195e-14,NaN,converged,14,14,0,0,0,0,4,9.6341326175058e-14,1.12.6,lbt,1,1,Intel(R) Core(TM) 7 150U,NT,2abc7cc
degen-r50-m5-d1e-06-p3,100,Newton-SIN,1e-7*n,9.999999999999999e-6,4,9,0.0201278,0.0165269,82.10981826131022,0.0,7.8e-6,0.0,0.0033703,0.0,0.0,0.00022280000000000043,0.49262354580493395,1.2820225570396042e-13,-1.6160860163158316e-15,2.9753977059954195e-14,2.9753977059954195e-14,9.076125851408491e-14,2.9753977059954195e-14,NaN,converged,14,14,0,0,0,0,4,9.6341326175058e-14,1.12.6,lbt,1,1,Intel(R) Core(TM) 7 150U,NT,2abc7cc
degen-r50-m5-d1e-06-p3,100,AGD-SDAJ-BH,1e-7*n,1.0e-11,8,55,0.133017,0.1314764,98.84180217566175,0.0,7.12e-5,0.0,0.0,0.0,0.0,0.001469400000000003,0.4926235458077558,6.497319153786416e-12,-1.6006260989268662e-15,3.775202372935382e-12,3.775202372935382e-12,5.3899350697600894e-12,3.775202372935382e-12,NaN,diag_feasible_at_xpre,0,0,10,10,0,0,8,9.6341326175058e-14,1.12.6,lbt,1,1,Intel(R) Core(TM) 7 150U,NT,2abc7cc
degen-r50-m5-d1e-06-p3,100,AGD-SDAJ,1e-7*n,1.0e-11,7,65,0.1088092,0.107567,98.85836859383215,0.0,6.32e-5,0.0,0.0,0.0,0.0,0.0011789999999999988,0.49262354580591283,1.7625343362775e-12,-1.4744057043232743e-15,4.0034642267983145e-13,4.0034642267983145e-13,1.3036864434297034e-12,4.0034642267983145e-13,NaN,diag_feasible,0,0,22,9,13,0,7,9.6341326175058e-14,1.12.6,lbt,1,1,Intel(R) Core(TM) 7 150U,NT,2abc7cc
degen-r50-m5-d1e-06-p3,100,Dykstra-APM,1e-7*n,9.999999999999999e-6,36,36,0.1011598,0.0937503,92.67545012939922,0.0,0.0,0.0,0.0,0.0034324,0.0,0.003977099999999999,0.49262354580012485,7.57618503201224e-12,-1.5340863384838793e-15,1.1097789354153065e-12,1.1097789354153065e-12,5.309925777170936e-12,1.1097789354153065e-12,NaN,diag_feasible,0,0,0,0,0,0,36,9.6341326175058e-14,1.12.6,lbt,1,1,Intel(R) Core(TM) 7 150U,NT,2abc7cc
degen-r50-m5-d1e-06-p3,100,Anderson-APM,1e-7*n,9.999999999999999e-6,16,16,0.0607308,0.0433912,71.44842485196966,0.0,0.0,0.0,0.0,0.0,0.014596,0.002743600000000004,0.4926235458064644,5.862869625001609e-12,-1.5539731191656172e-15,2.511324481702104e-12,2.511324481702104e-12,4.613754429880392e-12,2.511324481702104e-12,NaN,diag_feasible,0,0,0,0,0,0,16,9.6341326175058e-14,1.12.6,lbt,1,1,Intel(R) Core(TM) 7 150U,NT,2abc7cc
degen-r50-m5-d1e-06-p4,100,SBB-Dual,1e-7*n,1.0e-11,14,15,0.0370845,0.0363972,98.14666504874003,4.26e-5,2.3e-5,0.0001163,0.0,0.0,0.0,0.0005054000000000019,0.4931963573039679,3.646667310430252e-12,-1.8189943554495166e-15,8.180123245438153e-13,0.0,3.678200947223088e-12,8.180123245438153e-13,7.6923076923076925,diag_feasible,0,0,0,0,0,0,14,7.684932981418088e-14,1.12.6,lbt,1,1,Intel(R) Core(TM) 7 150U,NT,2abc7cc
degen-r50-m5-d1e-06-p4,100,Newton-SIN-BH,1e-7*n,9.999999999999999e-6,4,5,0.0194859,0.0135924,69.75505365418071,0.0,1.08e-5,0.0,0.0053841,0.0,0.0,0.000498600000000001,0.4931963573039642,2.1155868827307635e-13,-1.6260619173296732e-15,3.8191672047105385e-14,3.8191672047105385e-14,8.210547772943843e-14,3.8191672047105385e-14,NaN,converged,14,14,0,0,0,0,4,7.684932981418088e-14,1.12.6,lbt,1,1,Intel(R) Core(TM) 7 150U,NT,2abc7cc
degen-r50-m5-d1e-06-p4,100,Newton-SIN,1e-7*n,9.999999999999999e-6,4,9,0.0260793,0.020811200000000002,79.79968787505801,0.0,8.9e-6,0.0,0.0049556,0.0,0.0,0.0003035999999999976,0.4931963573039642,2.1155868827307635e-13,-1.6260619173296732e-15,3.8191672047105385e-14,3.8191672047105385e-14,8.210547772943843e-14,3.8191672047105385e-14,NaN,converged,14,14,0,0,0,0,4,7.684932981418088e-14,1.12.6,lbt,1,1,Intel(R) Core(TM) 7 150U,NT,2abc7cc
degen-r50-m5-d1e-06-p4,100,AGD-SDAJ-BH,1e-7*n,1.0e-11,6,34,0.0804362,0.0794139,98.72905482854733,0.0,4.6e-5,0.0,0.0,0.0,0.0,0.0009763000000000037,0.4931963573077628,9.413641022335653e-12,-1.4532512998557298e-15,3.2822633500018128e-12,3.2822633500018128e-12,7.820915352310243e-12,3.2822633500018128e-12,NaN,diag_feasible_at_xpre,0,0,1,1,0,0,6,7.684932981418088e-14,1.12.6,lbt,1,1,Intel(R) Core(TM) 7 150U,NT,2abc7cc
degen-r50-m5-d1e-06-p4,100,AGD-SDAJ,1e-7*n,1.0e-11,6,34,0.0537015,0.053039,98.76632868728063,0.0,2.75e-5,0.0,0.0,0.0,0.0,0.0006349999999999965,0.4931963573077628,9.413641022335653e-12,-1.4532512998557298e-15,3.2822633500018128e-12,3.2822633500018128e-12,7.820915352310243e-12,3.2822633500018128e-12,NaN,diag_feasible_at_xpre,0,0,1,1,0,0,6,7.684932981418088e-14,1.12.6,lbt,1,1,Intel(R) Core(TM) 7 150U,NT,2abc7cc
degen-r50-m5-d1e-06-p4,100,Dykstra-APM,1e-7*n,9.999999999999999e-6,36,36,0.0909981,0.0843794,92.72655143349147,0.0,0.0,0.0,0.0,0.0030321,0.0,0.0035866000000000053,0.49319635729882894,8.122547436990466e-12,-1.809014745279468e-15,1.049604847480623e-12,1.049604847480623e-12,5.682458345203555e-12,1.049604847480623e-12,NaN,diag_feasible,0,0,0,0,0,0,36,7.684932981418088e-14,1.12.6,lbt,1,1,Intel(R) Core(TM) 7 150U,NT,2abc7cc
degen-r50-m5-d1e-06-p4,100,Anderson-APM,1e-7*n,9.999999999999999e-6,17,17,0.0488639,0.0357132,73.08708473944978,0.0,0.0,0.0,0.0,0.0,0.0112705,0.001880200000000002,0.49319635729758454,1.2706521247432458e-11,-1.4633659987968231e-15,3.4012792582416296e-12,3.4012792582416296e-12,9.365254471148232e-12,3.4012792582416296e-12,NaN,diag_feasible,0,0,0,0,0,0,17,7.684932981418088e-14,1.12.6,lbt,1,1,Intel(R) Core(TM) 7 150U,NT,2abc7cc
degen-r50-m5-d1e-08-p0,100,SBB-Dual,1e-7*n,1.0e-11,13,14,0.035262,0.0347125,98.44166524870965,4.39e-5,2.0e-5,0.0001111,0.0,0.0,0.0,0.00037450000000000135,0.4945231906945803,6.000646433514077e-12,-1.7350893487557968e-15,2.0562440639082524e-12,0.0,6.2493090324882645e-12,2.0562440639082524e-12,8.333333333333334,diag_feasible,0,0,0,0,0,0,13,6.284970483165479e-14,1.12.6,lbt,1,1,Intel(R) Core(TM) 7 150U,NT,2abc7cc
degen-r50-m5-d1e-08-p0,100,Newton-SIN-BH,1e-7*n,9.999999999999999e-6,4,5,0.0221053,0.0162109,73.33490158468784,0.0,1.16e-5,0.0,0.0053857,0.0,0.0,0.0004971000000000012,0.49452319069458306,3.9143164071794727e-13,-1.6532587108940936e-15,1.1213252548714081e-14,1.1213252548714081e-14,4.2701463728582376e-14,1.1213252548714081e-14,NaN,converged,15,15,0,0,0,0,4,6.284970483165479e-14,1.12.6,lbt,1,1,Intel(R) Core(TM) 7 150U,NT,2abc7cc
degen-r50-m5-d1e-08-p0,100,Newton-SIN,1e-7*n,9.999999999999999e-6,4,9,0.0273796,0.0218137,79.67136115940335,0.0,1.08e-5,0.0,0.0053069,0.0,0.0,0.00024820000000000224,0.49452319069458306,3.9143164071794727e-13,-1.6532587108940936e-15,1.1213252548714081e-14,1.1213252548714081e-14,4.2701463728582376e-14,1.1213252548714081e-14,NaN,converged,15,15,0,0,0,0,4,6.284970483165479e-14,1.12.6,lbt,1,1,Intel(R) Core(TM) 7 150U,NT,2abc7cc
degen-r50-m5-d1e-08-p0,100,AGD-SDAJ-BH,1e-7*n,1.0e-11,7,47,0.11842,0.11692409999999999,98.73678432697179,0.0,7.78e-5,0.0,0.0,0.0,0.0,0.0014181000000000083,0.4945231906966025,4.909762455193621e-12,-1.5986216363705524e-15,1.9408918916496987e-12,1.9408918916496987e-12,4.044549614545072e-12,1.9408918916496987e-12,NaN,diag_feasible_at_xpre,0,0,8,8,0,0,7,6.284970483165479e-14,1.12.6,lbt,1,1,Intel(R) Core(TM) 7 150U,NT,2abc7cc
degen-r50-m5-d1e-08-p0,100,AGD-SDAJ,1e-7*n,1.0e-11,6,47,0.1096119,0.1082984,98.8016812043218,0.0,6.35e-5,0.0,0.0,0.0,0.0,0.0012499999999999953,0.49452319069773076,5.676635269080519e-12,-1.5620397412097049e-15,1.3248291352851993e-12,1.3248291352851993e-12,4.226538458553691e-12,1.3248291352851993e-12,NaN,diag_feasible,0,0,10,8,2,0,6,6.284970483165479e-14,1.12.6,lbt,1,1,Intel(R) Core(TM) 7 150U,NT,2abc7cc
degen-r50-m5-d1e-08-p0,100,Dykstra-APM,1e-7*n,9.999999999999999e-6,34,34,0.1079739,0.1017803,94.26379893659487,0.0,0.0,0.0,0.0,0.0027846,0.0,0.0034089999999999936,0.4945231906861349,1.3615718119434696e-11,-1.5249184226489328e-15,2.4362734052374435e-12,2.4362734052374435e-12,9.508155073769186e-12,2.4362734052374435e-12,NaN,diag_feasible,0,0,0,0,0,0,34,6.284970483165479e-14,1.12.6,lbt,1,1,Intel(R) Core(TM) 7 150U,NT,2abc7cc
degen-r50-m5-d1e-08-p0,100,Anderson-APM,1e-7*n,9.999999999999999e-6,16,16,0.0597609,0.0420939,70.43719221096067,0.0,0.0,0.0,0.0,0.0,0.0151555,0.0025115000000000016,0.4945231906912732,6.415326020913111e-12,-1.6038648919071465e-15,1.956435013994451e-12,1.956435013994451e-12,4.677802667180847e-12,1.956435013994451e-12,NaN,diag_feasible,0,0,0,0,0,0,16,6.284970483165479e-14,1.12.6,lbt,1,1,Intel(R) Core(TM) 7 150U,NT,2abc7cc
degen-r50-m5-d1e-08-p1,100,SBB-Dual,1e-7*n,1.0e-11,13,14,0.0536335,0.052459099999999995,97.81032377152339,7.75e-5,4.65e-5,0.0002728,0.0,0.0,0.0,0.0007776000000000058,0.49486182005874585,4.517652997236658e-12,-1.983719804363103e-15,7.398526236102043e-13,0.0,4.484782206169009e-12,7.398526236102043e-13,8.333333333333334,diag_feasible,0,0,0,0,0,0,13,6.345660320802441e-14,1.12.6,lbt,1,1,Intel(R) Core(TM) 7 150U,NT,2abc7cc
degen-r50-m5-d1e-08-p1,100,Newton-SIN-BH,1e-7*n,9.999999999999999e-6,4,5,0.0299925,0.0204911,68.32074685338003,0.0,2.02e-5,0.0,0.0086293,0.0,0.0,0.0008518999999999975,0.49486182005874974,1.2646449195132064e-13,-1.4595185542291373e-15,1.2545520178264269e-14,1.2545520178264269e-14,3.0658040423666867e-14,1.2545520178264269e-14,NaN,converged,15,15,0,0,0,0,4,6.345660320802441e-14,1.12.6,lbt,1,1,Intel(R) Core(TM) 7 150U,NT,2abc7cc
degen-r50-m5-d1e-08-p1,100,Newton-SIN,1e-7*n,9.999999999999999e-6,4,9,0.0285717,0.0225844,79.04464907583379,0.0,1.24e-5,0.0,0.0056548,0.0,0.0,0.00032009999999999764,0.49486182005874974,1.2646449195132064e-13,-1.4595185542291373e-15,1.2545520178264269e-14,1.2545520178264269e-14,3.0658040423666867e-14,1.2545520178264269e-14,NaN,converged,15,15,0,0,0,0,4,6.345660320802441e-14,1.12.6,lbt,1,1,Intel(R) Core(TM) 7 150U,NT,2abc7cc
degen-r50-m5-d1e-08-p1,100,AGD-SDAJ-BH,1e-7*n,1.0e-11,6,44,0.1246226,0.1230846,98.76587392655907,0.0,7.63e-5,0.0,0.0,0.0,0.0,0.0014616999999999976,0.49486182006568435,1.3008122271749928e-11,-1.6915213606383185e-15,1.881717004437178e-12,1.881717004437178e-12,9.847111030814407e-12,1.881717004437178e-12,NaN,diag_feasible,0,0,7,7,0,0,6,6.345660320802441e-14,1.12.6,lbt,1,1,Intel(R) Core(TM) 7 150U,NT,2abc7cc
degen-r50-m5-d1e-08-p1,100,AGD-SDAJ,1e-7*n,1.0e-11,6,44,0.1214616,0.1199105,98.72297088133203,0.0,7.17e-5,0.0,0.0,0.0,0.0,0.0014793999999999996,0.49486182006568435,1.3008122271749928e-11,-1.6915213606383185e-15,1.881717004437178e-12,1.881717004437178e-12,9.847111030814407e-12,1.881717004437178e-12,NaN,diag_feasible,0,0,7,7,0,0,6,6.345660320802441e-14,1.12.6,lbt,1,1,Intel(R) Core(TM) 7 150U,NT,2abc7cc
degen-r50-m5-d1e-08-p1,100,Dykstra-APM,1e-7*n,9.999999999999999e-6,34,34,0.1023043,0.0950148,92.8746885517031,0.0,0.0,0.0,0.0,0.0032291,0.0,0.004060400000000004,0.4948618200512452,1.1949395996587697e-11,-1.6751626071991643e-15,1.9630963521422018e-12,1.9630963521422018e-12,8.36865529305277e-12,1.9630963521422018e-12,NaN,diag_feasible,0,0,0,0,0,0,34,6.345660320802441e-14,1.12.6,lbt,1,1,Intel(R) Core(TM) 7 150U,NT,2abc7cc
degen-r50-m5-d1e-08-p1,100,Anderson-APM,1e-7*n,9.999999999999999e-6,16,16,0.0619054,0.0435,70.26850646308722,0.0,0.0,0.0,0.0,0.0,0.015591,0.0028144000000000016,0.49486182005224577,1.1211287433662893e-11,-1.6082010162718998e-15,2.9265478929119126e-12,2.9265478929119126e-12,8.065312250728348e-12,2.9265478929119126e-12,NaN,diag_feasible,0,0,0,0,0,0,16,6.345660320802441e-14,1.12.6,lbt,1,1,Intel(R) Core(TM) 7 150U,NT,2abc7cc
degen-r50-m5-d1e-08-p2,100,SBB-Dual,1e-7*n,1.0e-11,14,15,0.0435542,0.0428148,98.30234512400641,5.97e-5,2.8e-5,0.0001224,0.0,0.0,0.0,0.0005293000000000012,0.4934834932090695,9.186132624215674e-13,-1.5437926717923163e-15,3.9812597663058114e-13,0.0,1.0930053092674516e-12,3.9812597663058114e-13,15.384615384615385,diag_feasible,0,0,0,0,0,0,14,2.4556266131714712e-14,1.12.6,lbt,1,1,Intel(R) Core(TM) 7 150U,NT,2abc7cc
degen-r50-m5-d1e-08-p2,100,Newton-SIN-BH,1e-7*n,9.999999999999999e-6,4,5,0.0172843,0.0119088,68.89952153110049,0.0,9.8e-6,0.0,0.0049842,0.0,0.0,0.00038149999999999816,0.49348349320907253,0.0,-1.4587769634442318e-15,7.66053886991358e-15,7.66053886991358e-15,2.4556266131714712e-14,7.66053886991358e-15,NaN,converged,15,15,0,0,0,0,4,2.4556266131714712e-14,1.12.6,lbt,1,1,Intel(R) Core(TM) 7 150U,NT,2abc7cc
degen-r50-m5-d1e-08-p2,100,Newton-SIN,1e-7*n,9.999999999999999e-6,4,9,0.0215301,0.018124,84.17982266687105,0.0,9.0e-6,0.0,0.0031537,0.0,0.0,0.00024339999999999865,0.49348349320907253,0.0,-1.4587769634442318e-15,7.66053886991358e-15,7.66053886991358e-15,2.4556266131714712e-14,7.66053886991358e-15,NaN,converged,15,15,0,0,0,0,4,2.4556266131714712e-14,1.12.6,lbt,1,1,Intel(R) Core(TM) 7 150U,NT,2abc7cc
degen-r50-m5-d1e-08-p2,100,AGD-SDAJ-BH,1e-7*n,1.0e-11,6,41,0.10333,0.1020705,98.78108971257136,0.0,8.84e-5,0.0,0.0,0.0,0.0,0.0011711000000000106,0.4934834932101208,1.8807610687639762e-12,-1.5207577691355576e-15,3.9901415505028126e-13,3.9901415505028126e-13,1.4017761993584079e-12,3.9901415505028126e-13,NaN,diag_feasible,0,0,4,4,0,0,6,2.4556266131714712e-14,1.12.6,lbt,1,1,Intel(R) Core(TM) 7 150U,NT,2abc7cc
degen-r50-m5-d1e-08-p2,100,AGD-SDAJ,1e-7*n,1.0e-11,6,60,0.2025221,0.19986399999999999,98.687501265294,0.0,0.0001308,0.0,0.0,0.0,0.0,0.0025273000000000244,0.4934834932081441,3.080332859212448e-12,-1.6780534447318109e-15,1.6227019727921288e-12,1.6227019727921288e-12,2.619262461005872e-12,1.6227019727921288e-12,NaN,diag_feasible,0,0,23,4,19,0,6,2.4556266131714712e-14,1.12.6,lbt,1,1,Intel(R) Core(TM) 7 150U,NT,2abc7cc
degen-r50-m5-d1e-08-p2,100,Dykstra-APM,1e-7*n,9.999999999999999e-6,35,35,0.0942976,0.0876872,92.98985340029863,0.0,0.0,0.0,0.0,0.0029046,0.0,0.0037057999999999887,0.49348349320391055,8.181731586703216e-12,-1.5026910869239422e-15,1.113331649094107e-12,1.113331649094107e-12,5.718331122753266e-12,1.113331649094107e-12,NaN,diag_feasible,0,0,0,0,0,0,35,2.4556266131714712e-14,1.12.6,lbt,1,1,Intel(R) Core(TM) 7 150U,NT,2abc7cc
degen-r50-m5-d1e-08-p2,100,Anderson-APM,1e-7*n,9.999999999999999e-6,16,16,0.0535467,0.0380382,71.03743087809332,0.0,0.0,0.0,0.0,0.0,0.0132141,0.002294400000000002,0.4934834932026873,1.098414854928539e-11,-1.7007024228772281e-15,3.105737889086413e-12,3.105737889086413e-12,7.877388868593608e-12,3.105737889086413e-12,NaN,diag_feasible,0,0,0,0,0,0,16,2.4556266131714712e-14,1.12.6,lbt,1,1,Intel(R) Core(TM) 7 150U,NT,2abc7cc
degen-r50-m5-d1e-08-p3,100,SBB-Dual,1e-7*n,1.0e-11,13,14,0.0355016,0.0348388,98.1330418910697,0.0001087,2.17e-5,0.0001145,0.0,0.0,0.0,0.00041789999999999807,0.4926239495195683,8.00985712750475e-12,-1.417416954937826e-15,2.3632207302171082e-12,0.0,8.788086307983721e-12,2.3632207302171082e-12,8.333333333333334,diag_feasible,0,0,0,0,0,0,13,1.9008172467201246e-14,1.12.6,lbt,1,1,Intel(R) Core(TM) 7 150U,NT,2abc7cc
degen-r50-m5-d1e-08-p3,100,Newton-SIN-BH,1e-7*n,9.999999999999999e-6,4,5,0.0144977,0.010635,73.35646343902826,0.0,8.9e-6,0.0,0.0034917,0.0,0.0,0.0003621000000000002,0.49262394951957017,1.1761145226995492e-13,-1.4859680501680951e-15,5.329070518200751e-15,5.329070518200751e-15,1.4911332660346915e-14,5.329070518200751e-15,NaN,converged,15,15,0,0,0,0,4,1.9008172467201246e-14,1.12.6,lbt,1,1,Intel(R) Core(TM) 7 150U,NT,2abc7cc
degen-r50-m5-d1e-08-p3,100,Newton-SIN,1e-7*n,9.999999999999999e-6,4,9,0.0167583,0.013971599999999999,83.37122500492293,0.0,7.3e-6,0.0,0.0025728,0.0,0.0,0.00020660000000000123,0.49262394951957017,1.1761145226995492e-13,-1.4859680501680951e-15,5.329070518200751e-15,5.329070518200751e-15,1.4911332660346915e-14,5.329070518200751e-15,NaN,converged,15,15,0,0,0,0,4,1.9008172467201246e-14,1.12.6,lbt,1,1,Intel(R) Core(TM) 7 150U,NT,2abc7cc
degen-r50-m5-d1e-08-p3,100,AGD-SDAJ-BH,1e-7*n,1.0e-11,7,48,0.1168479,0.11529500000000001,98.67100735229302,0.0,6.37e-5,0.0,0.0,0.0,0.0,0.0014891999999999959,0.4926239495224581,5.978413728610085e-12,-1.3987890570972875e-15,2.3608892618653954e-12,2.3608892618653954e-12,4.72097770256942e-12,2.3608892618653954e-12,NaN,diag_feasible,0,0,5,5,0,0,7,1.9008172467201246e-14,1.12.6,lbt,1,1,Intel(R) Core(TM) 7 150U,NT,2abc7cc
degen-r50-m5-d1e-08-p3,100,AGD-SDAJ,1e-7*n,1.0e-11,7,47,0.0799896,0.0789952,98.75683838899057,0.0,4.86e-5,0.0,0.0,0.0,0.0,0.0009457999999999925,0.4926239495225257,7.43557194009098e-12,-1.4043003288036491e-15,3.543942916905962e-12,3.543942916905962e-12,6.261657340191239e-12,3.543942916905962e-12,NaN,diag_feasible_at_xpre,0,0,8,5,3,0,7,1.9008172467201246e-14,1.12.6,lbt,1,1,Intel(R) Core(TM) 7 150U,NT,2abc7cc
degen-r50-m5-d1e-08-p3,100,Dykstra-APM,1e-7*n,9.999999999999999e-6,35,35,0.0976616,0.0907457,92.91850635254798,0.0,0.0,0.0,0.0,0.0031972,0.0,0.0037187000000000027,0.49262394951367094,9.307155994309145e-12,-1.6925688924556035e-15,1.3715695246219184e-12,1.3715695246219184e-12,6.508457989477565e-12,1.3715695246219184e-12,NaN,diag_feasible,0,0,0,0,0,0,35,1.9008172467201246e-14,1.12.6,lbt,1,1,Intel(R) Core(TM) 7 150U,NT,2abc7cc
degen-r50-m5-d1e-08-p3,100,Anderson-APM,1e-7*n,9.999999999999999e-6,16,16,0.0624585,0.0475876,76.1907506584372,0.0,0.0,0.0,0.0,0.0,0.0128786,0.001992299999999999,0.4926239495225249,7.865940662604145e-12,-1.3130197158271799e-15,2.075783989141655e-12,2.075783989141655e-12,6.099657751857158e-12,2.075783989141655e-12,NaN,diag_feasible,0,0,0,0,0,0,16,1.9008172467201246e-14,1.12.6,lbt,1,1,Intel(R) Core(TM) 7 150U,NT,2abc7cc
degen-r50-m5-d1e-08-p4,100,SBB-Dual,1e-7*n,1.0e-11,14,15,0.0476579,0.0461494,96.8347325417192,5.88e-5,3.44e-5,0.0003525,0.0,0.0,0.0,0.001062800000000003,0.49319677559510444,3.678307304075948e-12,-1.9641839710040318e-15,8.427702979929563e-13,0.0,3.705135313924977e-12,8.427702979929563e-13,7.6923076923076925,diag_feasible,0,0,0,0,0,0,14,1.8576257487115544e-14,1.12.6,lbt,1,1,Intel(R) Core(TM) 7 150U,NT,2abc7cc
degen-r50-m5-d1e-08-p4,100,Newton-SIN-BH,1e-7*n,9.999999999999999e-6,4,5,0.0175482,0.0117447,66.92823195541423,0.0,9.3e-6,0.0,0.0054157,0.0,0.0,0.0003784999999999995,0.49319677559510483,3.179363913054252e-13,-1.7061348856457496e-15,1.84297022087776e-14,1.84297022087776e-14,5.0217070015188435e-14,1.84297022087776e-14,NaN,converged,15,15,0,0,0,0,4,1.8576257487115544e-14,1.12.6,lbt,1,1,Intel(R) Core(TM) 7 150U,NT,2abc7cc
degen-r50-m5-d1e-08-p4,100,Newton-SIN,1e-7*n,9.999999999999999e-6,4,9,0.017312,0.0143675,82.99156654343807,0.0,7.6e-6,0.0,0.0026998,0.0,0.0,0.00023710000000000094,0.49319677559510483,3.179363913054252e-13,-1.7061348856457496e-15,1.84297022087776e-14,1.84297022087776e-14,5.0217070015188435e-14,1.84297022087776e-14,NaN,converged,15,15,0,0,0,0,4,1.8576257487115544e-14,1.12.6,lbt,1,1,Intel(R) Core(TM) 7 150U,NT,2abc7cc
degen-r50-m5-d1e-08-p4,100,AGD-SDAJ-BH,1e-7*n,1.0e-11,6,37,0.0796972,0.07862150000000001,98.65026625778574,0.0,4.43e-5,0.0,0.0,0.0,0.0,0.001031399999999985,0.4931967755992035,1.0064011753754401e-11,-1.400785907097965e-15,3.4368063950296346e-12,3.4368063950296346e-12,8.35144230526554e-12,3.4368063950296346e-12,NaN,diag_feasible,0,0,2,2,0,0,6,1.8576257487115544e-14,1.12.6,lbt,1,1,Intel(R) Core(TM) 7 150U,NT,2abc7cc
degen-r50-m5-d1e-08-p4,100,AGD-SDAJ,1e-7*n,1.0e-11,6,39,0.095921,0.0947842,98.81485806027877,0.0,4.92e-5,0.0,0.0,0.0,0.0,0.0010876000000000071,0.4931967755992081,1.0061588313551826e-11,-1.4964509613087588e-15,3.4279246108326333e-12,3.4279246108326333e-12,8.347482976939856e-12,3.4279246108326333e-12,NaN,diag_feasible_at_xpre,0,0,6,2,4,0,6,1.8576257487115544e-14,1.12.6,lbt,1,1,Intel(R) Core(TM) 7 150U,NT,2abc7cc
degen-r50-m5-d1e-08-p4,100,Dykstra-APM,1e-7*n,9.999999999999999e-6,35,35,0.1135256,0.1047936,92.3083427878822,0.0,0.0,0.0,0.0,0.0042587,0.0,0.004473300000000004,0.4931967755888617,9.883532428237446e-12,-1.797016074630272e-15,1.2991829834163582e-12,1.2991829834163582e-12,6.902431509596968e-12,1.2991829834163582e-12,NaN,diag_feasible,0,0,0,0,0,0,35,1.8576257487115544e-14,1.12.6,lbt,1,1,Intel(R) Core(TM) 7 150U,NT,2abc7cc
degen-r50-m5-d1e-08-p4,100,Anderson-APM,1e-7*n,9.999999999999999e-6,16,16,0.0621723,0.0438597,70.5454036604726,0.0,0.0,0.0,0.0,0.0,0.0145583,0.0037542999999999986,0.4931967755964775,7.096443712385977e-12,-1.468200717818179e-15,2.4273916210404423e-12,2.4273916210404423e-12,5.6860109047403964e-12,2.4273916210404423e-12,NaN,diag_feasible,0,0,0,0,0,0,16,1.8576257487115544e-14,1.12.6,lbt,1,1,Intel(R) Core(TM) 7 150U,NT,2abc7cc
degen-r50-m5-d1e-10-p0,100,SBB-Dual,1e-7*n,1.0e-11,13,14,0.024521,0.0241064,98.30920435545042,2.18e-5,1.55e-5,5.76e-5,0.0,0.0,0.0,0.0003197000000000011,0.4945231949613524,5.813289281938167e-12,-1.7729789232614703e-15,2.5671686998407495e-12,0.0,6.1827837454950865e-12,2.5671686998407495e-12,8.333333333333334,diag_feasible,0,0,0,0,0,0,13,3.001239024626847e-14,1.12.6,lbt,1,1,Intel(R) Core(TM) 7 150U,NT,2abc7cc
degen-r50-m5-d1e-10-p0,100,Newton-SIN-BH,1e-7*n,9.999999999999999e-6,5,6,0.0240186,0.0147714,61.49983762583997,0.0,1.22e-5,0.0,0.0087787,0.0,0.0,0.00045629999999999976,0.49452319496135144,2.745533900170703e-13,-1.8023940291808647e-15,2.3314683517128287e-14,2.3314683517128287e-14,7.328910064867524e-14,2.3314683517128287e-14,NaN,converged,26,26,0,0,0,0,5,3.001239024626847e-14,1.12.6,lbt,1,1,Intel(R) Core(TM) 7 150U,NT,2abc7cc
degen-r50-m5-d1e-10-p0,100,Newton-SIN,1e-7*n,9.999999999999999e-6,5,11,0.0348853,0.026347,75.52464791760426,0.0,1.12e-5,0.0,0.0082265,0.0,0.0,0.0003006000000000033,0.49452319496135144,2.745533900170703e-13,-1.8023940291808647e-15,2.3314683517128287e-14,2.3314683517128287e-14,7.328910064867524e-14,2.3314683517128287e-14,NaN,converged,26,26,0,0,0,0,5,3.001239024626847e-14,1.12.6,lbt,1,1,Intel(R) Core(TM) 7 150U,NT,2abc7cc
degen-r50-m5-d1e-10-p0,100,AGD-SDAJ-BH,1e-7*n,1.0e-11,7,46,0.0918989,0.0908457,98.85395799079204,0.0,4.86e-5,0.0,0.0,0.0,0.0,0.0010046000000000041,0.49452319496339725,4.908532808060668e-12,-1.7201046669897605e-15,1.991518061572606e-12,1.991518061572606e-12,4.062438167259905e-12,1.991518061572606e-12,NaN,diag_feasible_at_xpre,0,0,7,7,0,0,7,3.001239024626847e-14,1.12.6,lbt,1,1,Intel(R) Core(TM) 7 150U,NT,2abc7cc
degen-r50-m5-d1e-10-p0,100,AGD-SDAJ,1e-7*n,1.0e-11,6,47,0.1277343,0.126476,99.01490829009907,0.0,6.18e-5,0.0,0.0,0.0,0.0,0.0011964999999999899,0.49452319496361424,4.191682646125045e-12,-1.5300747254142387e-15,9.431344594190705e-13,9.431344594190705e-13,3.1524187570825548e-12,9.431344594190705e-13,NaN,diag_feasible,0,0,10,7,3,0,6,3.001239024626847e-14,1.12.6,lbt,1,1,Intel(R) Core(TM) 7 150U,NT,2abc7cc
degen-r50-m5-d1e-10-p0,100,Dykstra-APM,1e-7*n,9.999999999999999e-6,34,34,0.0969425,0.0908239,93.68842355004256,0.0,0.0,0.0,0.0,0.0027321,0.0,0.003386500000000002,0.49452319495648567,7.80645487816383e-12,-1.6261110267546177e-15,1.4062084829902233e-12,1.4062084829902233e-12,5.4544735869331615e-12,1.4062084829902233e-12,NaN,diag_feasible,0,0,0,0,0,0,34,3.001239024626847e-14,1.12.6,lbt,1,1,Intel(R) Core(TM) 7 150U,NT,2abc7cc
degen-r50-m5-d1e-10-p0,100,Anderson-APM,1e-7*n,9.999999999999999e-6,16,16,0.0510722,0.0368168,72.08775028293279,0.0,0.0,0.0,0.0,0.0,0.0120926,0.002162800000000001,0.49452319495784774,7.619327851510723e-12,-1.4050323347360423e-15,2.273403687524933e-12,2.273403687524933e-12,5.665920855239328e-12,2.273403687524933e-12,NaN,diag_feasible,0,0,0,0,0,0,16,3.001239024626847e-14,1.12.6,lbt,1,1,Intel(R) Core(TM) 7 150U,NT,2abc7cc
degen-r50-m5-d1e-10-p1,100,SBB-Dual,1e-7*n,1.0e-11,13,14,0.032433,0.0319146,98.40162797151052,3.15e-5,1.48e-5,0.0001295,0.0,0.0,0.0,0.00034259999999999526,0.49486182435344117,4.960814786494492e-12,-2.1061218100789745e-15,9.72111280361787e-13,0.0,5.050060006685891e-12,9.72111280361787e-13,8.333333333333334,diag_feasible,0,0,0,0,0,0,13,1.727601207193698e-14,1.12.6,lbt,1,1,Intel(R) Core(TM) 7 150U,NT,2abc7cc
degen-r50-m5-d1e-10-p1,100,Newton-SIN-BH,1e-7*n,9.999999999999999e-6,5,6,0.0216422,0.0134525,62.15865300200533,0.0,9.4e-6,0.0,0.0077939,0.0,0.0,0.00038640000000000115,0.49486182435344306,3.1314883180361523e-13,-1.7722868611813902e-15,1.3766765505351941e-14,1.3766765505351941e-14,4.037214249582317e-14,1.3766765505351941e-14,NaN,converged,25,25,0,0,0,0,5,1.727601207193698e-14,1.12.6,lbt,1,1,Intel(R) Core(TM) 7 150U,NT,2abc7cc
degen-r50-m5-d1e-10-p1,100,Newton-SIN,1e-7*n,9.999999999999999e-6,5,11,0.0212764,0.0168779,79.32685980711022,0.0,8.1e-6,0.0,0.0041717,0.0,0.0,0.00021869999999999962,0.49486182435344306,3.1314883180361523e-13,-1.7722868611813902e-15,1.3766765505351941e-14,1.3766765505351941e-14,4.037214249582317e-14,1.3766765505351941e-14,NaN,converged,25,25,0,0,0,0,5,1.727601207193698e-14,1.12.6,lbt,1,1,Intel(R) Core(TM) 7 150U,NT,2abc7cc
degen-r50-m5-d1e-10-p1,100,AGD-SDAJ-BH,1e-7*n,1.0e-11,6,46,0.0888029,0.0877938,98.86366323622313,0.0,4.61e-5,0.0,0.0,0.0,0.0,0.0009629999999999989,0.49486182435562276,3.869412614982273e-12,-1.8369448697110546e-15,6.251665851664256e-13,6.251665851664256e-13,2.8726928168353767e-12,6.251665851664256e-13,NaN,diag_feasible,0,0,9,9,0,0,6,1.727601207193698e-14,1.12.6,lbt,1,1,Intel(R) Core(TM) 7 150U,NT,2abc7cc
degen-r50-m5-d1e-10-p1,100,AGD-SDAJ,1e-7*n,1.0e-11,6,46,0.1045551,0.10336590000000001,98.86260928448255,0.0,5.62e-5,0.0,0.0,0.0,0.0,0.0011329999999999875,0.49486182435562276,3.869412614982273e-12,-1.8369448697110546e-15,6.251665851664256e-13,6.251665851664256e-13,2.8726928168353767e-12,6.251665851664256e-13,NaN,diag_feasible,0,0,9,9,0,0,6,1.727601207193698e-14,1.12.6,lbt,1,1,Intel(R) Core(TM) 7 150U,NT,2abc7cc
degen-r50-m5-d1e-10-p1,100,Dykstra-APM,1e-7*n,9.999999999999999e-6,33,33,0.0850399,0.0790359,92.93978473634141,0.0,0.0,0.0,0.0,0.0027992,0.0,0.0032047999999999955,0.4948618243450264,1.339448943276765e-11,-1.6129038244518203e-15,2.2324364579162648e-12,2.2324364579162648e-12,9.381986857731924e-12,2.2324364579162648e-12,NaN,diag_feasible,0,0,0,0,0,0,33,1.727601207193698e-14,1.12.6,lbt,1,1,Intel(R) Core(TM) 7 150U,NT,2abc7cc
degen-r50-m5-d1e-10-p1,100,Anderson-APM,1e-7*n,9.999999999999999e-6,17,17,0.0407973,0.032335,79.25769597497874,0.0,0.0,0.0,0.0,0.0,0.0071152,0.0013470999999999986,0.4948618243510409,4.042763935907199e-12,-1.4112216237339258e-15,8.131273432354647e-13,8.131273432354647e-13,2.8910836510237054e-12,8.131273432354647e-13,NaN,diag_feasible,0,0,0,0,0,0,17,1.727601207193698e-14,1.12.6,lbt,1,1,Intel(R) Core(TM) 7 150U,NT,2abc7cc
degen-r50-m5-d1e-10-p2,100,SBB-Dual,1e-7*n,1.0e-11,14,15,0.0382583,0.037571,98.20352707778441,4.7e-5,2.5e-5,0.0001428,0.0,0.0,0.0,0.0004725000000000019,0.49348349738219,1.0195766120776636e-12,-1.736153156678602e-15,4.64406291200703e-13,0.0,1.2349611913514655e-12,4.64406291200703e-13,15.384615384615385,diag_feasible,0,0,0,0,0,0,14,2.5048757304308775e-14,1.12.6,lbt,1,1,Intel(R) Core(TM) 7 150U,NT,2abc7cc
degen-r50-m5-d1e-10-p2,100,Newton-SIN-BH,1e-7*n,9.999999999999999e-6,5,6,0.0223479,0.013544,60.60524702544758,0.0,9.8e-6,0.0,0.0083915,0.0,0.0,0.0004025999999999995,0.49348349738219355,1.6870841010445055e-13,-1.4267762227005886e-15,1.1546319456101628e-14,1.1546319456101628e-14,2.489698339616778e-14,1.1546319456101628e-14,NaN,converged,26,26,0,0,0,0,5,2.5048757304308775e-14,1.12.6,lbt,1,1,Intel(R) Core(TM) 7 150U,NT,2abc7cc
degen-r50-m5-d1e-10-p2,100,Newton-SIN,1e-7*n,9.999999999999999e-6,5,11,0.0330231,0.024778400000000003,75.03353713006956,0.0,1.06e-5,0.0,0.0079442,0.0,0.0,0.00028989999999999745,0.49348349738219355,1.6870841010445055e-13,-1.4267762227005886e-15,1.1546319456101628e-14,1.1546319456101628e-14,2.489698339616778e-14,1.1546319456101628e-14,NaN,converged,26,26,0,0,0,0,5,2.5048757304308775e-14,1.12.6,lbt,1,1,Intel(R) Core(TM) 7 150U,NT,2abc7cc
degen-r50-m5-d1e-10-p2,100,AGD-SDAJ-BH,1e-7*n,1.0e-11,6,41,0.0920306,0.090968,98.84538403530999,0.0,4.8e-5,0.0,0.0,0.0,0.0,0.0010146000000000107,0.4934834973832029,1.790487017265789e-12,-1.5901880732126201e-15,3.5638159090467525e-13,3.5638159090467525e-13,1.315206572406999e-12,3.5638159090467525e-13,NaN,diag_feasible,0,0,4,4,0,0,6,2.5048757304308775e-14,1.12.6,lbt,1,1,Intel(R) Core(TM) 7 150U,NT,2abc7cc
degen-r50-m5-d1e-10-p2,100,AGD-SDAJ,1e-7*n,1.0e-11,7,54,0.1425664,0.1409226,98.84699340096965,0.0,7.82e-5,0.0,0.0,0.0,0.0,0.0015656000000000008,0.49348349738750885,1.0985829400084261e-11,-1.5795201883949937e-15,4.427125332995274e-12,4.427125332995274e-12,8.7955326801846e-12,4.427125332995274e-12,NaN,diag_feasible,0,0,13,5,8,0,7,2.5048757304308775e-14,1.12.6,lbt,1,1,Intel(R) Core(TM) 7 150U,NT,2abc7cc
degen-r50-m5-d1e-10-p2,100,Dykstra-APM,1e-7*n,9.999999999999999e-6,34,34,0.0914031,0.084461,92.40496219493649,0.0,0.0,0.0,0.0,0.0029677,0.0,0.003974400000000006,0.4934834973761318,9.587452052757656e-12,-1.4185126089996413e-15,1.4062084829902233e-12,1.4062084829902233e-12,6.7039011828629996e-12,1.4062084829902233e-12,NaN,diag_feasible,0,0,0,0,0,0,34,2.5048757304308775e-14,1.12.6,lbt,1,1,Intel(R) Core(TM) 7 150U,NT,2abc7cc
degen-r50-m5-d1e-10-p2,100,Anderson-APM,1e-7*n,9.999999999999999e-6,16,16,0.0561331,0.0394142,70.2156125352065,0.0,0.0,0.0,0.0,0.0,0.0144801,0.0022387999999999957,0.4934834973795955,5.101023733061773e-12,-1.7239983418863405e-15,1.2072565169773952e-12,1.2072565169773952e-12,3.7757352727399745e-12,1.2072565169773952e-12,NaN,diag_feasible,0,0,0,0,0,0,16,2.5048757304308775e-14,1.12.6,lbt,1,1,Intel(R) Core(TM) 7 150U,NT,2abc7cc
degen-r50-m5-d1e-10-p3,100,SBB-Dual,1e-7*n,1.0e-11,13,14,0.0403812,0.039847900000000006,98.67933592860045,3.85e-5,2.07e-5,0.0001149,0.0,0.0,0.0,0.00035919999999999344,0.49262395355675725,8.954666573038568e-12,-1.5789020625801488e-15,2.703393064962256e-12,0.0,9.846335011658068e-12,2.703393064962256e-12,8.333333333333334,diag_feasible,0,0,0,0,0,0,13,3.468980626944125e-14,1.12.6,lbt,1,1,Intel(R) Core(TM) 7 150U,NT,2abc7cc
degen-r50-m5-d1e-10-p3,100,Newton-SIN-BH,1e-7*n,9.999999999999999e-6,5,6,0.0154456,0.0104467,67.63544310353757,0.0,8.8e-6,0.0,0.0046358,0.0,0.0,0.00035430000000000097,0.492623953556759,1.2574644180764907e-13,-1.5461968110721968e-15,3.9968028886505635e-15,3.9968028886505635e-15,1.4604392053390346e-14,3.9968028886505635e-15,NaN,converged,26,26,0,0,0,0,5,3.468980626944125e-14,1.12.6,lbt,1,1,Intel(R) Core(TM) 7 150U,NT,2abc7cc
degen-r50-m5-d1e-10-p3,100,Newton-SIN,1e-7*n,9.999999999999999e-6,5,11,0.0215493,0.0172083,79.85549414598154,0.0,8.4e-6,0.0,0.0040902,0.0,0.0,0.00024240000000000025,0.492623953556759,1.2574644180764907e-13,-1.5461968110721968e-15,3.9968028886505635e-15,3.9968028886505635e-15,1.4604392053390346e-14,3.9968028886505635e-15,NaN,converged,26,26,0,0,0,0,5,3.468980626944125e-14,1.12.6,lbt,1,1,Intel(R) Core(TM) 7 150U,NT,2abc7cc
degen-r50-m5-d1e-10-p3,100,AGD-SDAJ-BH,1e-7*n,1.0e-11,7,44,0.1148756,0.1134734,98.77937525462328,0.0,7.36e-5,0.0,0.0,0.0,0.0,0.0013285999999999923,0.4926239535614392,8.165097514634374e-12,-1.6675032768009594e-15,3.2680524952866108e-12,3.2680524952866108e-12,6.147613981549105e-12,3.2680524952866108e-12,NaN,diag_feasible_at_xpre,0,0,5,5,0,0,7,3.468980626944125e-14,1.12.6,lbt,1,1,Intel(R) Core(TM) 7 150U,NT,2abc7cc
degen-r50-m5-d1e-10-p3,100,AGD-SDAJ,1e-7*n,1.0e-11,7,53,0.1162626,0.1149774,98.89457142709692,0.0,5.34e-5,0.0,0.0,0.0,0.0,0.0012318000000000003,0.49262395356149713,8.370179256896905e-12,-1.64657874998593e-15,3.479549981477703e-12,3.479549981477703e-12,6.346998662034872e-12,3.479549981477703e-12,NaN,diag_feasible_at_xpre,0,0,14,5,9,0,7,3.468980626944125e-14,1.12.6,lbt,1,1,Intel(R) Core(TM) 7 150U,NT,2abc7cc
degen-r50-m5-d1e-10-p3,100,Dykstra-APM,1e-7*n,9.999999999999999e-6,34,34,0.0850125,0.0788719,92.7768269372151,0.0,0.0,0.0,0.0,0.0028096,0.0,0.0033310000000000097,0.492623953549515,1.1428497113099838e-11,-1.6283988096226792e-15,1.7505996652289468e-12,1.7505996652289468e-12,7.993734000864163e-12,1.7505996652289468e-12,NaN,diag_feasible,0,0,0,0,0,0,34,3.468980626944125e-14,1.12.6,lbt,1,1,Intel(R) Core(TM) 7 150U,NT,2abc7cc
degen-r50-m5-d1e-10-p3,100,Anderson-APM,1e-7*n,9.999999999999999e-6,16,16,0.0654937,0.0459678,70.1865981002753,0.0,0.0,0.0,0.0,0.0,0.0163208,0.003205099999999999,0.49262395355973276,7.899695298417439e-12,-1.5529834455900433e-15,2.0667911826421914e-12,2.0667911826421914e-12,6.1215991487181354e-12,2.0667911826421914e-12,NaN,diag_feasible,0,0,0,0,0,0,16,3.468980626944125e-14,1.12.6,lbt,1,1,Intel(R) Core(TM) 7 150U,NT,2abc7cc
degen-r50-m5-d1e-10-p4,100,SBB-Dual,1e-7*n,1.0e-11,14,15,0.03348,0.0328908,98.24014336917561,3.46e-5,1.96e-5,0.0001225,0.0,0.0,0.0,0.000412500000000005,0.4931967797780598,3.4186830924648264e-12,-1.9042564600294168e-15,9.517941990111467e-13,0.0,3.472867864518078e-12,9.517941990111467e-13,7.6923076923076925,diag_feasible,0,0,0,0,0,0,14,2.2820957667582593e-14,1.12.6,lbt,1,1,Intel(R) Core(TM) 7 150U,NT,2abc7cc
degen-r50-m5-d1e-10-p4,100,Newton-SIN-BH,1e-7*n,9.999999999999999e-6,5,6,0.0274822,0.0164331,59.79543122457445,0.0,1.64e-5,0.0,0.0104038,0.0,0.0,0.0006288999999999999,0.49319677977806115,2.5965632468812057e-13,-1.6946203620015522e-15,6.5503158452884236e-15,6.5503158452884236e-15,1.82967988088946e-14,6.5503158452884236e-15,NaN,converged,26,26,0,0,0,0,5,2.2820957667582593e-14,1.12.6,lbt,1,1,Intel(R) Core(TM) 7 150U,NT,2abc7cc
degen-r50-m5-d1e-10-p4,100,Newton-SIN,1e-7*n,9.999999999999999e-6,6,14,0.0463278,0.0335669,72.45519968571784,0.0,1.48e-5,0.0,0.0123188,0.0,0.0,0.00042730000000000545,0.49319677977806303,2.8351332119789746e-13,-1.7964964820483323e-15,8.881784197001252e-15,8.881784197001252e-15,2.5500834434156923e-14,8.881784197001252e-15,NaN,converged,37,37,1,0,0,0,6,2.2820957667582593e-14,1.12.6,lbt,1,1,Intel(R) Core(TM) 7 150U,NT,2abc7cc
degen-r50-m5-d1e-10-p4,100,AGD-SDAJ-BH,1e-7*n,1.0e-11,8,54,0.1403773,0.1385892,98.72621855527923,0.0,8.77e-5,0.0,0.0,0.0,0.0,0.0017004000000000147,0.49319677978501186,1.2585329483850285e-11,-1.874277664279787e-15,5.6029625383757775e-12,5.6029625383757775e-12,9.618049565545045e-12,5.6029625383757775e-12,NaN,diag_feasible,0,0,7,7,0,0,8,2.2820957667582593e-14,1.12.6,lbt,1,1,Intel(R) Core(TM) 7 150U,NT,2abc7cc
degen-r50-m5-d1e-10-p4,100,AGD-SDAJ,1e-7*n,1.0e-11,10,169,0.3690472,0.3648873,98.87280001040517,0.0,0.0002006,0.0,0.0,0.0,0.0,0.003959299999999994,0.4931967797791106,1.942686342579165e-12,-1.4513986116752902e-15,6.291633880550762e-13,6.291633880550762e-13,1.4719242820320465e-12,6.291633880550762e-13,NaN,diag_feasible,0,0,110,18,92,0,10,2.2820957667582593e-14,1.12.6,lbt,1,1,Intel(R) Core(TM) 7 150U,NT,2abc7cc
degen-r50-m5-d1e-10-p4,100,Dykstra-APM,1e-7*n,9.999999999999999e-6,34,34,0.0888303,0.0822301,92.56987762058667,0.0,0.0,0.0,0.0,0.0029233,0.0,0.0036769000000000003,0.4931967797704587,1.2046342246288844e-11,-1.7375087721998372e-15,1.7537082896978973e-12,1.7537082896978973e-12,8.417804384966782e-12,1.7537082896978973e-12,NaN,diag_feasible,0,0,0,0,0,0,34,2.2820957667582593e-14,1.12.6,lbt,1,1,Intel(R) Core(TM) 7 150U,NT,2abc7cc
degen-r50-m5-d1e-10-p4,100,Anderson-APM,1e-7*n,9.999999999999999e-6,17,17,0.0510252,0.0364302,71.39648644199337,0.0,0.0,0.0,0.0,0.0,0.012486,0.0021089999999999963,0.49319677977473536,6.2476175675894995e-12,-1.735600335958797e-15,1.4725998198628076e-12,1.4725998198628076e-12,4.555112561111144e-12,1.4725998198628076e-12,NaN,diag_feasible,0,0,0,0,0,0,17,2.2820957667582593e-14,1.12.6,lbt,1,1,Intel(R) Core(TM) 7 150U,NT,2abc7cc
degen-r50-m5-d0-p0,100,SBB-Dual,1e-7*n,1.0e-11,13,14,0.0242778,0.0238301,98.15592846139272,2.08e-5,1.67e-5,8.28e-5,0.0,0.0,0.0,0.0003273999999999988,0.4945231950044511,5.719425710491829e-12,-1.6910172051858587e-15,2.5655033653038117e-12,0.0,6.122932068465875e-12,2.5655033653038117e-12,8.333333333333334,diag_feasible,0,0,0,0,0,0,13,3.3742927128784275e-14,1.12.6,lbt,1,1,Intel(R) Core(TM) 7 150U,NT,2abc7cc
degen-r50-m5-d0-p0,100,Newton-SIN-BH,1e-7*n,9.999999999999999e-6,4,5,0.0188934,0.0129919,68.76422454402066,0.0,1.01e-5,0.0,0.0054661,0.0,0.0,0.00042530000000000085,0.49452319500445413,5.091599237588642e-13,-1.2154009965713445e-15,2.2648549702353193e-14,2.2648549702353193e-14,7.232214687259597e-14,2.2648549702353193e-14,NaN,converged,15,15,0,0,0,0,4,3.3742927128784275e-14,1.12.6,lbt,1,1,Intel(R) Core(TM) 7 150U,NT,2abc7cc
degen-r50-m5-d0-p0,100,Newton-SIN,1e-7*n,9.999999999999999e-6,4,9,0.0282123,0.0221872,78.64371213974047,0.0,1.12e-5,0.0,0.005655,0.0,0.0,0.00035889999999999794,0.49452319500445413,5.091599237588642e-13,-1.2154009965713445e-15,2.2648549702353193e-14,2.2648549702353193e-14,7.232214687259597e-14,2.2648549702353193e-14,NaN,converged,15,15,0,0,0,0,4,3.3742927128784275e-14,1.12.6,lbt,1,1,Intel(R) Core(TM) 7 150U,NT,2abc7cc
degen-r50-m5-d0-p0,100,AGD-SDAJ-BH,1e-7*n,1.0e-11,9,65,0.2049817,0.2023255,98.70417700702063,0.0,0.000136,0.0,0.0,0.0,0.0,0.0025201999999999976,0.49452319500633796,4.406956605198829e-12,-1.6317239785765649e-15,1.984412634215005e-12,1.984412634215005e-12,3.6007350911796413e-12,1.984412634215005e-12,NaN,diag_feasible_at_xpre,0,0,14,14,0,0,9,3.3742927128784275e-14,1.12.6,lbt,1,1,Intel(R) Core(TM) 7 150U,NT,2abc7cc
degen-r50-m5-d0-p0,100,AGD-SDAJ,1e-7*n,1.0e-11,8,61,0.1206549,0.1192027,98.79640196958432,0.0,6.12e-5,0.0,0.0,0.0,0.0,0.0013910000000000007,0.494523195008851,1.0094808132576976e-11,-1.8782395865732328e-15,4.493405647565396e-12,4.493405647565396e-12,8.278497912093977e-12,4.493405647565396e-12,NaN,diag_feasible_at_xpre,0,0,16,12,4,0,8,3.3742927128784275e-14,1.12.6,lbt,1,1,Intel(R) Core(TM) 7 150U,NT,2abc7cc
degen-r50-m5-d0-p0,100,Dykstra-APM,1e-7*n,9.999999999999999e-6,33,33,0.0928343,0.0859978,92.6358037923483,0.0,0.0,0.0,0.0,0.003035,0.0,0.0038014999999999954,0.49452319499870445,8.921051119744017e-12,-1.3257115261361758e-15,1.7716939026968248e-12,1.7716939026968248e-12,6.50536325227505e-12,1.7716939026968248e-12,NaN,diag_feasible,0,0,0,0,0,0,33,3.3742927128784275e-14,1.12.6,lbt,1,1,Intel(R) Core(TM) 7 150U,NT,2abc7cc
degen-r50-m5-d0-p0,100,Anderson-APM,1e-7*n,9.999999999999999e-6,16,16,0.0578598,0.0412305,71.25931994234338,0.0,0.0,0.0,0.0,0.0,0.0140053,0.0026239999999999996,0.49452319500131176,6.026114030977877e-12,-1.4819732512042957e-15,2.5841551121175144e-12,2.5841551121175144e-12,4.52309895313668e-12,2.5841551121175144e-12,NaN,diag_feasible,0,0,0,0,0,0,16,3.3742927128784275e-14,1.12.6,lbt,1,1,Intel(R) Core(TM) 7 150U,NT,2abc7cc
degen-r50-m5-d0-p1,100,SBB-Dual,1e-7*n,1.0e-11,13,14,0.0375488,0.0368223,98.06518450656213,4.91e-5,2.66e-5,0.0001377,0.0,0.0,0.0,0.0005130999999999979,0.4948618243968222,5.020906354742124e-12,-2.054491740353889e-15,1.0079714840571796e-12,0.0,5.135884188025503e-12,1.0079714840571796e-12,8.333333333333334,diag_feasible,0,0,0,0,0,0,13,1.5765557868430762e-14,1.12.6,lbt,1,1,Intel(R) Core(TM) 7 150U,NT,2abc7cc
degen-r50-m5-d0-p1,100,Newton-SIN-BH,1e-7*n,9.999999999999999e-6,4,5,0.018183,0.0122575,67.41186822856513,0.0,1.0e-5,0.0,0.0054667,0.0,0.0,0.00044880000000000267,0.4948618243968233,3.530514983366824e-13,-1.4292922933499497e-15,8.215650382226158e-15,8.215650382226158e-15,2.24045096967875e-14,8.215650382226158e-15,NaN,converged,15,15,0,0,0,0,4,1.5765557868430762e-14,1.12.6,lbt,1,1,Intel(R) Core(TM) 7 150U,NT,2abc7cc
degen-r50-m5-d0-p1,100,Newton-SIN,1e-7*n,9.999999999999999e-6,4,9,0.0349689,0.027486499999999997,78.602701257403,0.0,1.71e-5,0.0,0.0070279,0.0,0.0,0.0004374000000000001,0.4948618243968233,3.530514983366824e-13,-1.4292922933499497e-15,8.215650382226158e-15,8.215650382226158e-15,2.24045096967875e-14,8.215650382226158e-15,NaN,converged,15,15,0,0,0,0,4,1.5765557868430762e-14,1.12.6,lbt,1,1,Intel(R) Core(TM) 7 150U,NT,2abc7cc
degen-r50-m5-d0-p1,100,AGD-SDAJ-BH,1e-7*n,1.0e-11,8,60,0.1369546,0.13528010000000001,98.77733205018306,0.0,7.6e-5,0.0,0.0,0.0,0.0,0.0015984999999999953,0.4948618243983507,3.8574391935235475e-12,-1.5627898722258962e-15,1.1655121312514893e-12,1.1655121312514893e-12,3.1896875885370063e-12,1.1655121312514893e-12,NaN,diag_feasible_at_xpre,0,0,15,15,0,0,8,1.5765557868430762e-14,1.12.6,lbt,1,1,Intel(R) Core(TM) 7 150U,NT,2abc7cc
degen-r50-m5-d0-p1,100,AGD-SDAJ,1e-7*n,1.0e-11,7,66,0.1598334,0.1579742,98.83678880634461,0.0,7.86e-5,0.0,0.0,0.0,0.0,0.0017805999999999775,0.49486182439818915,2.569486247852657e-12,-1.354310904367072e-15,6.358247262028272e-13,6.358247262028272e-13,1.9502203310946433e-12,6.358247262028272e-13,NaN,diag_feasible,0,0,23,11,12,0,7,1.5765557868430762e-14,1.12.6,lbt,1,1,Intel(R) Core(TM) 7 150U,NT,2abc7cc
degen-r50-m5-d0-p1,100,Dykstra-APM,1e-7*n,9.999999999999999e-6,33,33,0.0826582,0.0769543,93.09941421419774,0.0,0.0,0.0,0.0,0.0025787,0.0,0.0031251999999999977,0.49486182439190796,7.532068735838258e-12,-1.4546890050469524e-15,1.3944401189291966e-12,1.3944401189291966e-12,5.515572803435984e-12,1.3944401189291966e-12,NaN,diag_feasible,0,0,0,0,0,0,33,1.5765557868430762e-14,1.12.6,lbt,1,1,Intel(R) Core(TM) 7 150U,NT,2abc7cc
degen-r50-m5-d0-p1,100,Anderson-APM,1e-7*n,9.999999999999999e-6,17,17,0.0562001,0.0393229,69.96944845293869,0.0,0.0,0.0,0.0,0.0,0.0146694,0.002207800000000001,0.49486182439493237,3.454328449751537e-12,-1.4268693982450471e-15,8.180123245438153e-13,8.180123245438153e-13,2.6041740243247222e-12,8.180123245438153e-13,NaN,diag_feasible,0,0,0,0,0,0,17,1.5765557868430762e-14,1.12.6,lbt,1,1,Intel(R) Core(TM) 7 150U,NT,2abc7cc
degen-r50-m5-d0-p2,100,SBB-Dual,1e-7*n,1.0e-11,14,15,0.0369687,0.0363608,98.35563598395399,4.3e-5,2.13e-5,0.0001387,0.0,0.0,0.0,0.0004049000000000015,0.49348349742434305,1.030075158293325e-12,-1.5999386059265625e-15,4.785061236134425e-13,0.0,1.244039310080767e-12,4.785061236134425e-13,15.384615384615385,diag_feasible,0,0,0,0,0,0,14,2.2132178345921397e-14,1.12.6,lbt,1,1,Intel(R) Core(TM) 7 150U,NT,2abc7cc
degen-r50-m5-d0-p2,100,Newton-SIN-BH,1e-7*n,9.999999999999999e-6,4,5,0.0162781,0.0110979,68.17687567959406,0.0,8.8e-6,0.0,0.0048338,0.0,0.0,0.00033759999999999953,0.4934834974243461,1.294877263369307e-13,-1.6239995204749125e-15,6.439293542825908e-15,6.439293542825908e-15,1.826038454895204e-14,6.439293542825908e-15,NaN,converged,15,15,0,0,0,0,4,2.2132178345921397e-14,1.12.6,lbt,1,1,Intel(R) Core(TM) 7 150U,NT,2abc7cc
degen-r50-m5-d0-p2,100,Newton-SIN,1e-7*n,9.999999999999999e-6,4,9,0.0258177,0.0207694,80.44636044264206,0.0,8.8e-6,0.0,0.0047613,0.0,0.0,0.0002781999999999984,0.4934834974243461,1.294877263369307e-13,-1.6239995204749125e-15,6.439293542825908e-15,6.439293542825908e-15,1.826038454895204e-14,6.439293542825908e-15,NaN,converged,15,15,0,0,0,0,4,2.2132178345921397e-14,1.12.6,lbt,1,1,Intel(R) Core(TM) 7 150U,NT,2abc7cc
degen-r50-m5-d0-p2,100,AGD-SDAJ-BH,1e-7*n,1.0e-11,6,41,0.0906434,0.0890223,98.21156311435801,0.0,5.3e-5,0.0,0.0,0.0,0.0,0.0015681000000000002,0.4934834974254932,2.0177585866769505e-12,-1.56357996032823e-15,3.758104938356155e-13,3.758104938356155e-13,1.4847277172894286e-12,3.758104938356155e-13,NaN,diag_feasible,0,0,4,4,0,0,6,2.2132178345921397e-14,1.12.6,lbt,1,1,Intel(R) Core(TM) 7 150U,NT,2abc7cc
degen-r50-m5-d0-p2,100,AGD-SDAJ,1e-7*n,1.0e-11,6,42,0.083774,0.0827336,98.7580872347029,0.0,4.58e-5,0.0,0.0,0.0,0.0,0.000994599999999997,0.4934834974255028,2.0330880538691852e-12,-1.4152335758372706e-15,3.774758283725532e-13,3.774758283725532e-13,1.4979658229843238e-12,3.774758283725532e-13,NaN,diag_feasible,0,0,5,4,1,0,6,2.2132178345921397e-14,1.12.6,lbt,1,1,Intel(R) Core(TM) 7 150U,NT,2abc7cc
degen-r50-m5-d0-p2,100,Dykstra-APM,1e-7*n,9.999999999999999e-6,33,33,0.0847572,0.0786888,92.84025427928248,0.0,0.0,0.0,0.0,0.0027095,0.0,0.0033589000000000015,0.4934834974167171,1.1707859317887879e-11,-1.1493665471245566e-15,2.3068214005661503e-12,2.3068214005661503e-12,8.535637374397964e-12,2.3068214005661503e-12,NaN,diag_feasible,0,0,0,0,0,0,33,2.2132178345921397e-14,1.12.6,lbt,1,1,Intel(R) Core(TM) 7 150U,NT,2abc7cc
degen-r50-m5-d0-p2,100,Anderson-APM,1e-7*n,9.999999999999999e-6,16,16,0.0242349,0.0204023,84.18561661075557,0.0,0.0,0.0,0.0,0.0,0.0030107,0.0008218999999999987,0.49348349742153724,4.811946731903669e-12,-1.7857058834481397e-15,1.7958967646336532e-12,1.7958967646336532e-12,3.5791390530860476e-12,1.7958967646336532e-12,NaN,diag_feasible,0,0,0,0,0,0,16,2.2132178345921397e-14,1.12.6,lbt,1,1,Intel(R) Core(TM) 7 150U,NT,2abc7cc
degen-r50-m5-d0-p3,100,SBB-Dual,1e-7*n,1.0e-11,13,14,0.0345487,0.0338793,98.06244518607068,3.36e-5,1.81e-5,0.0001214,0.0,0.0,0.0,0.0004963000000000006,0.49262395359753697,9.042761305114275e-12,-1.8359387961047834e-15,2.7308155736704975e-12,0.0,9.961876781502913e-12,2.7308155736704975e-12,8.333333333333334,diag_feasible,0,0,0,0,0,0,13,1.850379109180622e-14,1.12.6,lbt,1,1,Intel(R) Core(TM) 7 150U,NT,2abc7cc
degen-r50-m5-d0-p3,100,Newton-SIN-BH,1e-7*n,9.999999999999999e-6,4,5,0.0170604,0.011299,66.22939673161238,0.0,8.4e-6,0.0,0.0053922,0.0,0.0,0.00036079999999999966,0.49262395359753913,1.484567690316313e-13,-1.4518060152105726e-15,9.547918011776346e-15,9.547918011776346e-15,2.893808612792208e-14,9.547918011776346e-15,NaN,converged,15,15,0,0,0,0,4,1.850379109180622e-14,1.12.6,lbt,1,1,Intel(R) Core(TM) 7 150U,NT,2abc7cc
degen-r50-m5-d0-p3,100,Newton-SIN,1e-7*n,9.999999999999999e-6,5,12,0.0335862,0.025430499999999998,75.71711000351335,0.0,1.17e-5,0.0,0.0073536,0.0,0.0,0.0007903999999999984,0.4926239535975387,1.212518822512881e-13,-1.7836748402931856e-15,5.329070518200751e-15,5.329070518200751e-15,1.8561322000429627e-14,5.329070518200751e-15,NaN,converged,23,23,1,0,0,0,5,1.850379109180622e-14,1.12.6,lbt,1,1,Intel(R) Core(TM) 7 150U,NT,2abc7cc
degen-r50-m5-d0-p3,100,AGD-SDAJ-BH,1e-7*n,1.0e-11,6,43,0.0973439,0.0961889,98.81348497440517,0.0,5.24e-5,0.0,0.0,0.0,0.0,0.0011026000000000033,0.4926239536000384,4.4203769692205065e-12,-1.4657044425212102e-15,1.663447157795872e-12,1.663447157795872e-12,3.31845707932836e-12,1.663447157795872e-12,NaN,diag_feasible,0,0,6,6,0,0,6,1.850379109180622e-14,1.12.6,lbt,1,1,Intel(R) Core(TM) 7 150U,NT,2abc7cc
degen-r50-m5-d0-p3,100,AGD-SDAJ,1e-7*n,1.0e-11,6,43,0.0935567,0.0924739,98.84262698449174,0.0,4.32e-5,0.0,0.0,0.0,0.0,0.0010396000000000088,0.4926239536000384,4.4203769692205065e-12,-1.4657044425212102e-15,1.663447157795872e-12,1.663447157795872e-12,3.31845707932836e-12,1.663447157795872e-12,NaN,diag_feasible,0,0,6,6,0,0,6,1.850379109180622e-14,1.12.6,lbt,1,1,Intel(R) Core(TM) 7 150U,NT,2abc7cc
degen-r50-m5-d0-p3,100,Dykstra-APM,1e-7*n,9.999999999999999e-6,34,34,0.0821515,0.0765304,93.15764167422384,0.0,0.0,0.0,0.0,0.0024654,0.0,0.003155700000000004,0.4926239535929689,7.0258661843945605e-12,-1.3315027678747805e-15,1.276534433714005e-12,1.276534433714005e-12,5.1053168009736304e-12,1.276534433714005e-12,NaN,diag_feasible,0,0,0,0,0,0,34,1.850379109180622e-14,1.12.6,lbt,1,1,Intel(R) Core(TM) 7 150U,NT,2abc7cc
degen-r50-m5-d0-p3,100,Anderson-APM,1e-7*n,9.999999999999999e-6,16,16,0.0598372,0.0426533,71.28224582701061,0.0,0.0,0.0,0.0,0.0,0.0148128,0.0023711000000000027,0.4926239536005121,7.894528740415426e-12,-1.4186538894232932e-15,2.067124249549579e-12,2.067124249549579e-12,6.122854616738886e-12,2.067124249549579e-12,NaN,diag_feasible,0,0,0,0,0,0,16,1.850379109180622e-14,1.12.6,lbt,1,1,Intel(R) Core(TM) 7 150U,NT,2abc7cc
degen-r50-m5-d0-p4,100,SBB-Dual,1e-7*n,1.0e-11,14,15,0.0370074,0.0363154,98.13010370898792,4.42e-5,3.5e-5,0.0001234,0.0,0.0,0.0,0.0004894000000000052,0.49319677982031196,3.2314563134624007e-12,-1.5743058140605916e-15,9.382494781107198e-13,0.0,3.31342153110964e-12,9.382494781107198e-13,7.6923076923076925,diag_feasible,0,0,0,0,0,0,14,2.5256048732552218e-14,1.12.6,lbt,1,1,Intel(R) Core(TM) 7 150U,NT,2abc7cc
degen-r50-m5-d0-p4,100,Newton-SIN-BH,1e-7*n,9.999999999999999e-6,4,5,0.0192575,0.0132806,68.9632610671167,0.0,1.16e-5,0.0,0.0054708,0.0,0.0,0.000494500000000001,0.49319677982031135,1.5288641498442033e-13,-1.3135512835831857e-15,4.6629367034256575e-15,4.6629367034256575e-15,1.642117060740498e-14,4.6629367034256575e-15,NaN,converged,15,15,0,0,0,0,4,2.5256048732552218e-14,1.12.6,lbt,1,1,Intel(R) Core(TM) 7 150U,NT,2abc7cc
degen-r50-m5-d0-p4,100,Newton-SIN,1e-7*n,9.999999999999999e-6,4,9,0.0258568,0.020485299999999998,79.22596763713995,0.0,8.8e-6,0.0,0.0050569,0.0,0.0,0.0003058000000000019,0.49319677982031135,1.5288641498442033e-13,-1.3135512835831857e-15,4.6629367034256575e-15,4.6629367034256575e-15,1.642117060740498e-14,4.6629367034256575e-15,NaN,converged,15,15,0,0,0,0,4,2.5256048732552218e-14,1.12.6,lbt,1,1,Intel(R) Core(TM) 7 150U,NT,2abc7cc
degen-r50-m5-d0-p4,100,AGD-SDAJ-BH,1e-7*n,1.0e-11,7,46,0.1207526,0.1190581,98.59671758620519,0.0,8.15e-5,0.0,0.0,0.0,0.0,0.0016130000000000016,0.49319677982565013,1.1598515906777784e-11,-1.7127123786311932e-15,6.490363801958665e-12,6.490363801958665e-12,9.492218536934109e-12,6.490363801958665e-12,NaN,diag_feasible_at_xpre,0,0,7,7,0,0,7,2.5256048732552218e-14,1.12.6,lbt,1,1,Intel(R) Core(TM) 7 150U,NT,2abc7cc
degen-r50-m5-d0-p4,100,AGD-SDAJ,1e-7*n,1.0e-11,7,49,0.1259939,0.12435170000000001,98.6966035657282,0.0,0.000118,0.0,0.0,0.0,0.0,0.0015241999999999825,0.49319677982563975,1.1583520783466345e-11,-1.6805200138938525e-15,6.483369396903527e-12,6.483369396903527e-12,9.4817381117796e-12,6.483369396903527e-12,NaN,diag_feasible_at_xpre,0,0,10,7,3,0,7,2.5256048732552218e-14,1.12.6,lbt,1,1,Intel(R) Core(TM) 7 150U,NT,2abc7cc
degen-r50-m5-d0-p4,100,Dykstra-APM,1e-7*n,9.999999999999999e-6,34,34,0.0956093,0.0883738,92.43222155166914,0.0,0.0,0.0,0.0,0.0035011,0.0,0.003734399999999992,0.49319677981555643,7.45502517900974e-12,-1.3558642286513393e-15,1.4861445407632345e-12,1.4861445407632345e-12,5.417962016597635e-12,1.4861445407632345e-12,NaN,diag_feasible,0,0,0,0,0,0,34,2.5256048732552218e-14,1.12.6,lbt,1,1,Intel(R) Core(TM) 7 150U,NT,2abc7cc
degen-r50-m5-d0-p4,100,Anderson-APM,1e-7*n,9.999999999999999e-6,17,17,0.0518827,0.0372632,71.82201388902274,0.0,0.0,0.0,0.0,0.0,0.0125343,0.0020851999999999937,0.49319677981783283,5.6705349793488335e-12,-1.7539560781518343e-15,1.850075648235361e-12,1.850075648235361e-12,4.336024750828821e-12,1.850075648235361e-12,NaN,diag_feasible,0,0,0,0,0,0,17,2.5256048732552218e-14,1.12.6,lbt,1,1,Intel(R) Core(TM) 7 150U,NT,2abc7cc
degen-r50-m20-d0.01-p0,100,SBB-Dual,1e-7*n,1.0e-11,14,15,0.0385767,0.0379941,98.48976195475508,4.39e-5,2.21e-5,0.0001157,0.0,0.0,0.0,0.00040089999999999554,0.4414120166739457,3.97548203163951e-12,-1.5405131776791145e-15,1.255662240851052e-12,0.0,4.437510406649711e-12,1.255662240851052e-12,15.384615384615385,diag_feasible,0,0,0,0,0,0,14,5.214763756508865e-14,1.12.6,lbt,1,1,Intel(R) Core(TM) 7 150U,NT,2abc7cc
degen-r50-m20-d0.01-p0,100,Newton-SIN-BH,1e-7*n,9.999999999999999e-6,4,5,0.0129062,0.0095459,73.96367637259611,0.0,6.9e-6,0.0,0.0030497,0.0,0.0,0.0003037000000000005,0.4414120166739455,2.6665004449166007e-13,-1.744043798577907e-15,7.993605777301127e-15,7.993605777301127e-15,2.4717863400659728e-14,7.993605777301127e-15,NaN,converged,18,18,0,0,0,0,4,5.214763756508865e-14,1.12.6,lbt,1,1,Intel(R) Core(TM) 7 150U,NT,2abc7cc
degen-r50-m20-d0.01-p0,100,Newton-SIN,1e-7*n,9.999999999999999e-6,4,9,0.0275213,0.021137700000000002,76.80487476972382,0.0,8.9e-6,0.0,0.0061247,0.0,0.0,0.0002499999999999959,0.4414120166739455,2.6665004449166007e-13,-1.744043798577907e-15,7.993605777301127e-15,7.993605777301127e-15,2.4717863400659728e-14,7.993605777301127e-15,NaN,converged,18,18,0,0,0,0,4,5.214763756508865e-14,1.12.6,lbt,1,1,Intel(R) Core(TM) 7 150U,NT,2abc7cc
degen-r50-m20-d0.01-p0,100,AGD-SDAJ-BH,1e-7*n,1.0e-11,8,58,0.1243482,0.1230049,98.91972702459705,0.0,6.4e-5,0.0,0.0,0.0,0.0,0.0012793000000000056,0.44141201667050106,8.800516757829288e-12,-1.5267430768092673e-15,3.5302871737030728e-12,3.5302871737030728e-12,6.919362125779297e-12,3.5302871737030728e-12,NaN,diag_feasible,0,0,9,9,0,0,8,5.214763756508865e-14,1.12.6,lbt,1,1,Intel(R) Core(TM) 7 150U,NT,2abc7cc
degen-r50-m20-d0.01-p0,100,AGD-SDAJ,1e-7*n,1.0e-11,7,60,0.0918651,0.0904146,98.42105435034631,0.0,4.56e-5,0.0,0.0,0.0,0.0,0.0014049000000000073,0.4414120166720921,7.743949809422133e-12,-1.4346639634991065e-15,2.295608148017436e-12,2.295608148017436e-12,6.397166163583785e-12,2.295608148017436e-12,NaN,diag_feasible_at_xpre,0,0,19,4,15,0,7,5.214763756508865e-14,1.12.6,lbt,1,1,Intel(R) Core(TM) 7 150U,NT,2abc7cc
degen-r50-m20-d0.01-p0,100,Dykstra-APM,1e-7*n,9.999999999999999e-6,36,36,0.1398454,0.1291866,92.37815473372738,0.0,0.0,0.0,0.0,0.0050433,0.0,0.005615499999999996,0.44141201666861485,1.0739288199514215e-11,-1.4676801839407016e-15,1.9102497361700443e-12,1.9102497361700443e-12,7.497208729974808e-12,1.9102497361700443e-12,NaN,diag_feasible,0,0,0,0,0,0,36,5.214763756508865e-14,1.12.6,lbt,1,1,Intel(R) Core(TM) 7 150U,NT,2abc7cc
degen-r50-m20-d0.01-p0,100,Anderson-APM,1e-7*n,9.999999999999999e-6,18,18,0.184622,0.1333081,72.20596678619016,0.0,0.0,0.0,0.0,0.0,0.0456211,0.005692799999999998,0.4414120166727077,8.755653876967514e-12,-1.6511166291145637e-15,3.6266545322405364e-12,3.6266545322405364e-12,6.841759046609644e-12,3.6266545322405364e-12,NaN,diag_feasible,0,0,0,0,0,0,18,5.214763756508865e-14,1.12.6,lbt,1,1,Intel(R) Core(TM) 7 150U,NT,2abc7cc
degen-r50-m20-d0.01-p1,100,SBB-Dual,1e-7*n,1.0e-11,14,15,0.0684498,0.0656434,95.90006106665031,8.14e-5,6.0e-5,0.0016803,0.0,0.0,0.0,0.0009847000000000002,0.4421316583052655,2.777301508461266e-12,-1.558865828121712e-15,7.340794638821535e-13,0.0,2.931146545979691e-12,7.340794638821535e-13,15.384615384615385,diag_feasible,0,0,0,0,0,0,14,4.21121511044817e-14,1.12.6,lbt,1,1,Intel(R) Core(TM) 7 150U,NT,2abc7cc
degen-r50-m20-d0.01-p1,100,Newton-SIN-BH,1e-7*n,9.999999999999999e-6,4,5,0.0319425,0.0233082,72.96924160601081,0.0,1.53e-5,0.0,0.0079578,0.0,0.0,0.0006611999999999989,0.4421316583052656,3.2049909901164143e-13,-1.4674898759393152e-15,5.329070518200751e-15,5.329070518200751e-15,1.648260598895484e-14,5.329070518200751e-15,NaN,converged,15,15,0,0,0,0,4,4.21121511044817e-14,1.12.6,lbt,1,1,Intel(R) Core(TM) 7 150U,NT,2abc7cc
degen-r50-m20-d0.01-p1,100,Newton-SIN,1e-7*n,9.999999999999999e-6,100,3077,8.2020027,7.7774253,94.82349109687564,0.0,0.0042937,0.0,0.2912271,0.0,0.0,0.12905659999999952,0.44213165625518847,2.554836771834036e-8,-1.405640801523854e-15,9.699685832309513e-9,9.699685832309513e-9,2.1355150313597617e-8,9.699685832309513e-9,NaN,max_iter,783,783,2876,0,0,0,100,4.21121511044817e-14,1.12.6,lbt,1,1,Intel(R) Core(TM) 7 150U,NT,2abc7cc
degen-r50-m20-d0.01-p1,100,AGD-SDAJ-BH,1e-7*n,1.0e-11,6,40,0.0987788,0.0965481,97.74172190793975,0.0,5.19e-5,0.0,0.0,0.0,0.0,0.002178800000000002,0.44213165830311396,4.934597766512342e-12,-1.5347924003478139e-15,8.217870828275409e-13,8.217870828275409e-13,3.715720079448174e-12,8.217870828275409e-13,NaN,diag_feasible,0,0,3,3,0,0,6,4.21121511044817e-14,1.12.6,lbt,1,1,Intel(R) Core(TM) 7 150U,NT,2abc7cc
degen-r50-m20-d0.01-p1,100,AGD-SDAJ,1e-7*n,1.0e-11,6,44,0.0817241,0.08080770000000001,98.87866614621637,0.0,4.25e-5,0.0,0.0,0.0,0.0,0.0008738999999999839,0.44213165830311285,4.9370016613178065e-12,-1.712047417915372e-15,8.184564137536654e-13,8.184564137536654e-13,3.713487276299804e-12,8.184564137536654e-13,NaN,diag_feasible,0,0,7,3,4,0,6,4.21121511044817e-14,1.12.6,lbt,1,1,Intel(R) Core(TM) 7 150U,NT,2abc7cc
degen-r50-m20-d0.01-p1,100,Dykstra-APM,1e-7*n,9.999999999999999e-6,36,36,0.0860882,0.0805744,93.59517332224392,0.0,0.0,0.0,0.0,0.0028158,0.0,0.0026979999999999994,0.4421316583006562,9.225108306784432e-12,-1.4701707110507797e-15,1.4783729795908584e-12,1.4783729795908584e-12,6.451752269470227e-12,1.4783729795908584e-12,NaN,diag_feasible,0,0,0,0,0,0,36,4.21121511044817e-14,1.12.6,lbt,1,1,Intel(R) Core(TM) 7 150U,NT,2abc7cc
degen-r50-m20-d0.01-p1,100,Anderson-APM,1e-7*n,9.999999999999999e-6,18,18,0.0683878,0.0492843,72.065924039083,0.0,0.0,0.0,0.0,0.0,0.0165411,0.002562399999999996,0.44213165830515205,4.053267952014746e-12,-1.7039683894660838e-15,1.6826540161218873e-12,1.6826540161218873e-12,3.2477357061698235e-12,1.6826540161218873e-12,NaN,diag_feasible,0,0,0,0,0,0,18,4.21121511044817e-14,1.12.6,lbt,1,1,Intel(R) Core(TM) 7 150U,NT,2abc7cc
degen-r50-m20-d0.01-p2,100,SBB-Dual,1e-7*n,1.0e-11,14,15,0.0410241,0.0403908,98.45627326376446,4.27e-5,2.09e-5,0.0001293,0.0,0.0,0.0,0.0004404000000000033,0.440878984656538,5.109021342350416e-12,-1.6849856883237047e-15,2.6196822489055194e-12,0.0,5.952211577364586e-12,2.6196822489055194e-12,15.384615384615385,diag_feasible,0,0,0,0,0,0,14,2.190293048747523e-14,1.12.6,lbt,1,1,Intel(R) Core(TM) 7 150U,NT,2abc7cc
degen-r50-m20-d0.01-p2,100,Newton-SIN-BH,1e-7*n,9.999999999999999e-6,4,5,0.0217174,0.014502999999999999,66.78055384162008,0.0,1.26e-5,0.0,0.0067765,0.0,0.0,0.0004253000000000026,0.4408789846565381,0.0,-1.589123978742208e-15,6.439293542825908e-15,6.439293542825908e-15,2.190293048747523e-14,6.439293542825908e-15,NaN,converged,19,19,0,0,0,0,4,2.190293048747523e-14,1.12.6,lbt,1,1,Intel(R) Core(TM) 7 150U,NT,2abc7cc
degen-r50-m20-d0.01-p2,100,Newton-SIN,1e-7*n,9.999999999999999e-6,14,47,0.1815712,0.1355008,74.62681306286461,0.0,5.88e-5,0.0,0.0446161,0.0,0.0,0.001395499999999987,0.4408789846553777,8.41419687107786e-12,-1.4009354792683903e-15,3.219424726808029e-12,3.219424726808029e-12,7.0883316149787865e-12,3.219424726808029e-12,NaN,converged,125,125,18,0,0,0,14,2.190293048747523e-14,1.12.6,lbt,1,1,Intel(R) Core(TM) 7 150U,NT,2abc7cc
degen-r50-m20-d0.01-p2,100,AGD-SDAJ-BH,1e-7*n,1.0e-11,6,39,0.1496764,0.1480782,98.93222979708224,0.0,7.72e-5,0.0,0.0,0.0,0.0,0.0015209999999999941,0.44087898465378866,6.05595631599319e-12,-1.6497727010636648e-15,1.060374010819487e-12,1.060374010819487e-12,4.502415587559901e-12,1.060374010819487e-12,NaN,diag_feasible,0,0,2,2,0,0,6,2.190293048747523e-14,1.12.6,lbt,1,1,Intel(R) Core(TM) 7 150U,NT,2abc7cc
degen-r50-m20-d0.01-p2,100,AGD-SDAJ,1e-7*n,1.0e-11,6,51,0.1356417,0.134172,98.9164836477278,0.0,7.37e-5,0.0,0.0,0.0,0.0,0.0013959999999999906,0.44087898465386705,5.878862120341052e-12,-1.5030939536347804e-15,1.0125233984581428e-12,1.0125233984581428e-12,4.36956577514623e-12,1.0125233984581428e-12,NaN,diag_feasible,0,0,14,2,12,0,6,2.190293048747523e-14,1.12.6,lbt,1,1,Intel(R) Core(TM) 7 150U,NT,2abc7cc
degen-r50-m20-d0.01-p2,100,Dykstra-APM,1e-7*n,9.999999999999999e-6,36,36,0.1224885,0.1138503,92.94774611494141,0.0,0.0,0.0,0.0,0.0043174,0.0,0.004320799999999999,0.4408789846511694,1.0710745517617651e-11,-1.4304468849461438e-15,1.3913314944602462e-12,1.3913314944602462e-12,7.489776016481932e-12,1.3913314944602462e-12,NaN,diag_feasible,0,0,0,0,0,0,36,2.190293048747523e-14,1.12.6,lbt,1,1,Intel(R) Core(TM) 7 150U,NT,2abc7cc
degen-r50-m20-d0.01-p2,100,Anderson-APM,1e-7*n,9.999999999999999e-6,18,18,0.0407278,0.0346331,85.0355285578892,0.0,0.0,0.0,0.0,0.0,0.0049694,0.0011253000000000018,0.440878984656422,4.169895680030543e-12,-1.5368824961616018e-15,1.5643042416968456e-12,1.5643042416968456e-12,3.363205381316066e-12,1.5643042416968456e-12,NaN,diag_feasible,0,0,0,0,0,0,18,2.190293048747523e-14,1.12.6,lbt,1,1,Intel(R) Core(TM) 7 150U,NT,2abc7cc
degen-r50-m20-d0.01-p3,100,SBB-Dual,1e-7*n,1.0e-11,14,15,0.0271056,0.0266657,98.37708812939024,2.31e-5,1.5e-5,5.38e-5,0.0,0.0,0.0,0.000348,0.44080151435458614,3.2691232572614074e-12,-1.5960057640229522e-15,1.4857004515533845e-12,0.0,3.816507048848569e-12,1.4857004515533845e-12,15.384615384615385,diag_feasible,0,0,0,0,0,0,14,1.4412388320677724e-14,1.12.6,lbt,1,1,Intel(R) Core(TM) 7 150U,NT,2abc7cc
degen-r50-m20-d0.01-p3,100,Newton-SIN-BH,1e-7*n,9.999999999999999e-6,4,5,0.0230804,0.0149187,64.63796121384378,0.0,3.58e-5,0.0,0.0076118,0.0,0.0,0.0005141,0.44080151435458653,0.0,-1.517160498210065e-15,4.6629367034256575e-15,4.6629367034256575e-15,1.4412388320677724e-14,4.6629367034256575e-15,NaN,converged,19,19,0,0,0,0,4,1.4412388320677724e-14,1.12.6,lbt,1,1,Intel(R) Core(TM) 7 150U,NT,2abc7cc
degen-r50-m20-d0.01-p3,100,Newton-SIN,1e-7*n,9.999999999999999e-6,100,2189,6.7647002,6.2704185,92.69322090578382,0.0,0.0027098,0.0,0.4315881,0.0,0.0,0.0599838000000002,0.44080151435279746,4.075443343378762e-11,-1.4049758227962168e-15,1.3348211425068257e-11,1.3348211425068257e-11,3.454461497237919e-11,1.3348211425068257e-11,NaN,max_iter,1070,1070,1988,0,0,0,100,1.4412388320677724e-14,1.12.6,lbt,1,1,Intel(R) Core(TM) 7 150U,NT,2abc7cc
degen-r50-m20-d0.01-p3,100,AGD-SDAJ-BH,1e-7*n,1.0e-11,8,58,0.1673516,0.1640191,98.00868351422993,0.0,0.0001039,0.0,0.0,0.0,0.0,0.003228599999999988,0.440801514352896,5.792066896047116e-12,-1.5490957679820116e-15,2.2997159732085493e-12,2.2997159732085493e-12,4.9418585835102786e-12,2.2997159732085493e-12,NaN,diag_feasible_at_xpre,0,0,13,13,0,0,8,1.4412388320677724e-14,1.12.6,lbt,1,1,Intel(R) Core(TM) 7 150U,NT,2abc7cc
degen-r50-m20-d0.01-p3,100,AGD-SDAJ,1e-7*n,1.0e-11,8,61,0.1722447,0.1701938,98.80931024292767,0.0,0.0001084,0.0,0.0,0.0,0.0,0.0019424999999999944,0.4408015143528991,5.786289105280065e-12,-1.7657333178844496e-15,2.298161660974074e-12,2.298161660974074e-12,4.936716821179364e-12,2.298161660974074e-12,NaN,diag_feasible_at_xpre,0,0,16,13,3,0,8,1.4412388320677724e-14,1.12.6,lbt,1,1,Intel(R) Core(TM) 7 150U,NT,2abc7cc
degen-r50-m20-d0.01-p3,100,Dykstra-APM,1e-7*n,9.999999999999999e-6,36,36,0.0987365,0.0919323,93.1087287882394,0.0,0.0,0.0,0.0,0.0030911,0.0,0.0037131000000000104,0.4408015143494027,1.0375986487140286e-11,-1.2576805517717187e-15,1.4419576643831533e-12,1.4419576643831533e-12,7.258152323999067e-12,1.4419576643831533e-12,NaN,diag_feasible,0,0,0,0,0,0,36,1.4412388320677724e-14,1.12.6,lbt,1,1,Intel(R) Core(TM) 7 150U,NT,2abc7cc
degen-r50-m20-d0.01-p3,100,Anderson-APM,1e-7*n,9.999999999999999e-6,18,18,0.060046,0.0443951,73.93514971854911,0.0,0.0,0.0,0.0,0.0,0.0134206,0.0022303000000000028,0.44080151435481557,3.3204658561000777e-12,-1.7382371148353012e-15,1.057376408652999e-12,1.057376408652999e-12,2.698386016197081e-12,1.057376408652999e-12,NaN,diag_feasible,0,0,0,0,0,0,18,1.4412388320677724e-14,1.12.6,lbt,1,1,Intel(R) Core(TM) 7 150U,NT,2abc7cc
degen-r50-m20-d0.01-p4,100,SBB-Dual,1e-7*n,1.0e-11,14,15,0.0376177,0.0369916,98.33562392171771,4.46e-5,2.23e-5,5.54e-5,0.0,0.0,0.0,0.0005037999999999975,0.44072845861702015,3.4058302825558134e-12,-1.810070997345686e-15,6.930012119710227e-13,0.0,3.3870148206854733e-12,6.930012119710227e-13,15.384615384615385,diag_feasible,0,0,0,0,0,0,14,2.4196240435043447e-14,1.12.6,lbt,1,1,Intel(R) Core(TM) 7 150U,NT,2abc7cc
degen-r50-m20-d0.01-p4,100,Newton-SIN-BH,1e-7*n,9.999999999999999e-6,4,5,0.0237813,0.0162261,68.23050043521592,0.0,1.13e-5,0.0,0.0069097,0.0,0.0,0.000634199999999998,0.44072845861702287,2.0352186601847374e-13,-1.7408025933741901e-15,5.773159728050814e-15,5.773159728050814e-15,1.862132303707798e-14,5.773159728050814e-15,NaN,converged,18,18,0,0,0,0,4,2.4196240435043447e-14,1.12.6,lbt,1,1,Intel(R) Core(TM) 7 150U,NT,2abc7cc
degen-r50-m20-d0.01-p4,100,Newton-SIN,1e-7*n,9.999999999999999e-6,4,9,0.0196229,0.016048299999999998,81.78352842851973,0.0,7.4e-6,0.0,0.0033223,0.0,0.0,0.000244900000000001,0.44072845861702287,2.0352186601847374e-13,-1.7408025933741901e-15,5.773159728050814e-15,5.773159728050814e-15,1.862132303707798e-14,5.773159728050814e-15,NaN,converged,18,18,0,0,0,0,4,2.4196240435043447e-14,1.12.6,lbt,1,1,Intel(R) Core(TM) 7 150U,NT,2abc7cc
degen-r50-m20-d0.01-p4,100,AGD-SDAJ-BH,1e-7*n,1.0e-11,7,47,0.11082,0.10941000000000001,98.72766648619383,0.0,5.52e-5,0.0,0.0,0.0,0.0,0.0013547999999999946,0.44072845861185117,1.12249304403433e-11,-1.569457494620116e-15,3.894440325780124e-12,3.894440325780124e-12,8.412861558283644e-12,3.894440325780124e-12,NaN,diag_feasible,0,0,4,4,0,0,7,2.4196240435043447e-14,1.12.6,lbt,1,1,Intel(R) Core(TM) 7 150U,NT,2abc7cc
degen-r50-m20-d0.01-p4,100,AGD-SDAJ,1e-7*n,1.0e-11,7,59,0.1438816,0.14239349999999998,98.96574683628761,0.0,6.26e-5,0.0,0.0,0.0,0.0,0.00142550000000002,0.44072845861423404,6.853251629090946e-12,-1.3730678654198642e-15,2.667199794359476e-12,2.667199794359476e-12,5.427105204239016e-12,2.667199794359476e-12,NaN,diag_feasible,0,0,16,8,8,0,7,2.4196240435043447e-14,1.12.6,lbt,1,1,Intel(R) Core(TM) 7 150U,NT,2abc7cc
degen-r50-m20-d0.01-p4,100,Dykstra-APM,1e-7*n,9.999999999999999e-6,36,36,0.096926,0.0905047,93.37504900645853,0.0,0.0,0.0,0.0,0.0027611,0.0,0.003660200000000005,0.44072845861110416,1.1689552389398928e-11,-1.4190694297302677e-15,1.5076828674409626e-12,1.5076828674409626e-12,8.165153113335738e-12,1.5076828674409626e-12,NaN,diag_feasible,0,0,0,0,0,0,36,2.4196240435043447e-14,1.12.6,lbt,1,1,Intel(R) Core(TM) 7 150U,NT,2abc7cc
degen-r50-m20-d0.01-p4,100,Anderson-APM,1e-7*n,9.999999999999999e-6,18,18,0.0426171,0.0345611,81.0967897862595,0.0,0.0,0.0,0.0,0.0,0.0067176,0.0013384000000000009,0.4407284586155127,5.002410018116892e-12,-1.7067685584091675e-15,1.4741541320972829e-12,1.4741541320972829e-12,3.8046414239120336e-12,1.4741541320972829e-12,NaN,diag_feasible,0,0,0,0,0,0,18,2.4196240435043447e-14,1.12.6,lbt,1,1,Intel(R) Core(TM) 7 150U,NT,2abc7cc
degen-r50-m20-d0.0001-p0,100,SBB-Dual,1e-7*n,1.0e-11,14,15,0.0380081,0.0374106,98.42796667026238,4.62e-5,2.15e-5,0.0001219,0.0,0.0,0.0,0.00040790000000000075,0.452006880707046,3.1986037446309163e-12,-1.5644459371774645e-15,1.7988943668001411e-12,0.0,3.84860509404782e-12,1.7988943668001411e-12,7.6923076923076925,diag_feasible,0,0,0,0,0,0,14,3.634501219898307e-14,1.12.6,lbt,1,1,Intel(R) Core(TM) 7 150U,NT,2abc7cc
degen-r50-m20-d0.0001-p0,100,Newton-SIN-BH,1e-7*n,9.999999999999999e-6,4,5,0.0201119,0.0132032,65.64869554840666,0.0,8.6e-6,0.0,0.0063613,0.0,0.0,0.0005387999999999981,0.4520068807070463,0.0,-1.5357573633742579e-15,1.0658141036401503e-14,1.0658141036401503e-14,3.634501219898307e-14,1.0658141036401503e-14,NaN,converged,17,17,0,0,0,0,4,3.634501219898307e-14,1.12.6,lbt,1,1,Intel(R) Core(TM) 7 150U,NT,2abc7cc
degen-r50-m20-d0.0001-p0,100,Newton-SIN,1e-7*n,9.999999999999999e-6,100,3023,9.0753031,8.580918,94.55241224945976,0.0,0.0048975,0.0,0.3764058,0.0,0.0,0.11308179999999879,0.4520068799250258,7.243390289179175e-9,-1.422045093420607e-15,5.111995937667757e-9,5.111995937667757e-9,5.659199123052501e-9,5.111995937667757e-9,NaN,max_iter,881,881,2822,0,0,0,100,3.634501219898307e-14,1.12.6,lbt,1,1,Intel(R) Core(TM) 7 150U,NT,2abc7cc
degen-r50-m20-d0.0001-p0,100,AGD-SDAJ-BH,1e-7*n,1.0e-11,7,46,0.1200794,0.1185103,98.69328127888713,0.0,6.93e-5,0.0,0.0,0.0,0.0,0.0014998000000000038,0.4520068807100337,7.874407068695114e-12,-1.6614218577127758e-15,1.9769741399500163e-12,1.9769741399500163e-12,5.9822590268505034e-12,1.9769741399500163e-12,NaN,diag_feasible,0,0,3,3,0,0,7,3.634501219898307e-14,1.12.6,lbt,1,1,Intel(R) Core(TM) 7 150U,NT,2abc7cc
degen-r50-m20-d0.0001-p0,100,AGD-SDAJ,1e-7*n,1.0e-11,7,56,0.1242763,0.1229746,98.95257583304299,0.0,6.01e-5,0.0,0.0,0.0,0.0,0.0012416000000000029,0.45200688071026107,8.525431693742273e-12,-1.374920952306965e-15,2.278954802648059e-12,2.278954802648059e-12,6.514471261742649e-12,2.278954802648059e-12,NaN,diag_feasible,0,0,13,3,10,0,7,3.634501219898307e-14,1.12.6,lbt,1,1,Intel(R) Core(TM) 7 150U,NT,2abc7cc
degen-r50-m20-d0.0001-p0,100,Dykstra-APM,1e-7*n,9.999999999999999e-6,34,34,0.1053355,0.0982766,93.2986505024422,0.0,0.0,0.0,0.0,0.0033412,0.0,0.003717699999999993,0.45200688070360345,7.564333775041197e-12,-1.5975297243744875e-15,1.3418155475619642e-12,1.3418155475619642e-12,5.282992444499473e-12,1.3418155475619642e-12,NaN,diag_feasible,0,0,0,0,0,0,34,3.634501219898307e-14,1.12.6,lbt,1,1,Intel(R) Core(TM) 7 150U,NT,2abc7cc
degen-r50-m20-d0.0001-p0,100,Anderson-APM,1e-7*n,9.999999999999999e-6,17,17,0.0683258,0.049161,71.95085897274528,0.0,0.0,0.0,0.0,0.0,0.0165326,0.002632200000000001,0.4520068807016724,1.3039558110567867e-11,-1.4314036526534164e-15,4.402478381848596e-12,4.402478381848596e-12,9.276678666199836e-12,4.402478381848596e-12,NaN,diag_feasible,0,0,0,0,0,0,17,3.634501219898307e-14,1.12.6,lbt,1,1,Intel(R) Core(TM) 7 150U,NT,2abc7cc
degen-r50-m20-d0.0001-p1,100,SBB-Dual,1e-7*n,1.0e-11,14,15,0.0395143,0.038932,98.52635628114379,4.26e-5,2.19e-5,0.0001231,0.0,0.0,0.0,0.00039470000000000087,0.45282971534979843,2.3479273478592697e-12,-1.9053479359447833e-15,1.920685832601521e-12,0.0,2.972062041535825e-12,1.920685832601521e-12,15.384615384615385,diag_feasible,0,0,0,0,0,0,14,2.7667728979001572e-14,1.12.6,lbt,1,1,Intel(R) Core(TM) 7 150U,NT,2abc7cc
degen-r50-m20-d0.0001-p1,100,Newton-SIN-BH,1e-7*n,9.999999999999999e-6,4,5,0.0140991,0.0106196,75.32111978778788,0.0,7.7e-6,0.0,0.0030941,0.0,0.0,0.00037770000000000034,0.45282971534979827,1.8765940325629828e-13,-1.594981850710774e-15,4.6629367034256575e-15,4.6629367034256575e-15,1.868245092875572e-14,4.6629367034256575e-15,NaN,converged,17,17,0,0,0,0,4,2.7667728979001572e-14,1.12.6,lbt,1,1,Intel(R) Core(TM) 7 150U,NT,2abc7cc
degen-r50-m20-d0.0001-p1,100,Newton-SIN,1e-7*n,9.999999999999999e-6,100,2308,6.4869017,6.0333341,93.00794707587447,0.0,0.0027141,0.0,0.3495832,0.0,0.0,0.10127029999999954,0.4528297153391793,1.0371390035100373e-10,-1.3802580207416048e-15,4.9644954813743425e-11,4.9644954813743425e-11,8.599228147698544e-11,4.9644954813743425e-11,NaN,max_iter,974,974,2107,0,0,0,100,2.7667728979001572e-14,1.12.6,lbt,1,1,Intel(R) Core(TM) 7 150U,NT,2abc7cc
degen-r50-m20-d0.0001-p1,100,AGD-SDAJ-BH,1e-7*n,1.0e-11,6,48,0.0808478,0.0798629,98.7817850331116,0.0,4.39e-5,0.0,0.0,0.0,0.0,0.0009409999999999969,0.45282971535072497,2.240161874690213e-12,-1.2969812974380618e-15,3.709255125272648e-13,3.709255125272648e-13,1.6650912211884016e-12,3.709255125272648e-13,NaN,diag_feasible,0,0,11,11,0,0,6,2.7667728979001572e-14,1.12.6,lbt,1,1,Intel(R) Core(TM) 7 150U,NT,2abc7cc
degen-r50-m20-d0.0001-p1,100,AGD-SDAJ,1e-7*n,1.0e-11,6,58,0.1412254,0.1393813,98.69421506329599,0.0,7.3e-5,0.0,0.0,0.0,0.0,0.0017710999999999875,0.4528297153507164,2.2214643958881823e-12,-1.6033305790131495e-15,3.723688024592775e-13,3.723688024592775e-13,1.6519393028404788e-12,3.723688024592775e-13,NaN,diag_feasible,0,0,21,11,10,0,6,2.7667728979001572e-14,1.12.6,lbt,1,1,Intel(R) Core(TM) 7 150U,NT,2abc7cc
degen-r50-m20-d0.0001-p1,100,Dykstra-APM,1e-7*n,9.999999999999999e-6,33,33,0.0580462,0.0551713,95.04722100671533,0.0,0.0,0.0,0.0,0.0018774,0.0,0.0009974999999999997,0.45282971534430144,1.1984861952829428e-11,-1.6524392326398761e-15,1.9173551635276453e-12,1.9173551635276453e-12,8.399446204225153e-12,1.9173551635276453e-12,NaN,diag_feasible,0,0,0,0,0,0,33,2.7667728979001572e-14,1.12.6,lbt,1,1,Intel(R) Core(TM) 7 150U,NT,2abc7cc
degen-r50-m20-d0.0001-p1,100,Anderson-APM,1e-7*n,9.999999999999999e-6,18,18,0.0402458,0.0342427,85.08390937687908,0.0,0.0,0.0,0.0,0.0,0.0050333,0.0009697999999999972,0.45282971534858724,4.129570011892624e-12,-1.649928427763368e-15,1.616706768459153e-12,1.616706768459153e-12,3.1103717108314644e-12,1.616706768459153e-12,NaN,diag_feasible,0,0,0,0,0,0,18,2.7667728979001572e-14,1.12.6,lbt,1,1,Intel(R) Core(TM) 7 150U,NT,2abc7cc
degen-r50-m20-d0.0001-p2,100,SBB-Dual,1e-7*n,1.0e-11,14,15,0.0380836,0.037498699999999996,98.46416830341668,4.03e-5,1.94e-5,0.0001291,0.0,0.0,0.0,0.00039610000000000627,0.4513912370673767,3.974712816556133e-12,-1.6643223665037227e-15,4.3014480866077065e-12,0.0,5.3091354106905896e-12,4.3014480866077065e-12,15.384615384615385,diag_feasible,0,0,0,0,0,0,14,2.218668981299174e-14,1.12.6,lbt,1,1,Intel(R) Core(TM) 7 150U,NT,2abc7cc
degen-r50-m20-d0.0001-p2,100,Newton-SIN-BH,1e-7*n,9.999999999999999e-6,4,5,0.0185822,0.012675200000000001,68.21151424481494,0.0,8.2e-6,0.0,0.0055296,0.0,0.0,0.0003691999999999992,0.45139123706737816,1.5213256040065435e-13,-1.5838417463671926e-15,6.328271240363392e-15,6.328271240363392e-15,1.8252620277313407e-14,6.328271240363392e-15,NaN,converged,17,17,0,0,0,0,4,2.218668981299174e-14,1.12.6,lbt,1,1,Intel(R) Core(TM) 7 150U,NT,2abc7cc
degen-r50-m20-d0.0001-p2,100,Newton-SIN,1e-7*n,9.999999999999999e-6,18,79,0.2552074,0.2054298,80.49523642339526,0.0,7.79e-5,0.0,0.0479477,0.0,0.0,0.0017519999999999758,0.4513912370667616,8.648937498426414e-12,-1.625664078443212e-15,4.8685500075862365e-12,4.8685500075862365e-12,7.140663558937582e-12,4.8685500075862365e-12,NaN,converged,162,162,42,0,0,0,18,2.218668981299174e-14,1.12.6,lbt,1,1,Intel(R) Core(TM) 7 150U,NT,2abc7cc
degen-r50-m20-d0.0001-p2,100,AGD-SDAJ-BH,1e-7*n,1.0e-11,7,43,0.105769,0.1045568,98.85391749945637,0.0,4.58e-5,0.0,0.0,0.0,0.0,0.0011663999999999967,0.4513912370703131,9.030621944955391e-12,-1.7258669472933314e-15,2.614020111479931e-12,2.614020111479931e-12,7.371116074900237e-12,2.614020111479931e-12,NaN,diag_feasible,0,0,2,2,0,0,7,2.218668981299174e-14,1.12.6,lbt,1,1,Intel(R) Core(TM) 7 150U,NT,2abc7cc
degen-r50-m20-d0.0001-p2,100,AGD-SDAJ,1e-7*n,1.0e-11,10,191,0.5183941,0.5129195,98.9439308819294,0.0,0.0002427,0.0,0.0,0.0,0.0,0.005231899999999996,0.4513912370693495,1.0149483982202994e-11,-1.620313137423561e-15,4.565015032653719e-12,4.565015032653719e-12,8.617572090060332e-12,4.565015032653719e-12,NaN,diag_feasible_at_xpre,0,0,136,2,134,0,10,2.218668981299174e-14,1.12.6,lbt,1,1,Intel(R) Core(TM) 7 150U,NT,2abc7cc
degen-r50-m20-d0.0001-p2,100,Dykstra-APM,1e-7*n,9.999999999999999e-6,34,34,0.1121709,0.0948606,84.56792269652824,0.0,0.0,0.0,0.0,0.0108371,0.0,0.0064732,0.4513912370638612,7.663337009481701e-12,-1.671307823458208e-15,9.938716516444401e-13,9.938716516444401e-13,5.35808090614067e-12,9.938716516444401e-13,NaN,diag_feasible,0,0,0,0,0,0,34,2.218668981299174e-14,1.12.6,lbt,1,1,Intel(R) Core(TM) 7 150U,NT,2abc7cc
degen-r50-m20-d0.0001-p2,100,Anderson-APM,1e-7*n,9.999999999999999e-6,18,18,0.0809672,0.0568437,70.20583643747096,0.0,0.0,0.0,0.0,0.0,0.0201305,0.003993000000000007,0.451391237066314,3.4217932097416854e-12,-1.4457430013434522e-15,8.01358979174438e-13,8.01358979174438e-13,2.609851985576987e-12,8.01358979174438e-13,NaN,diag_feasible,0,0,0,0,0,0,18,2.218668981299174e-14,1.12.6,lbt,1,1,Intel(R) Core(TM) 7 150U,NT,2abc7cc
degen-r50-m20-d0.0001-p3,100,SBB-Dual,1e-7*n,1.0e-11,14,15,0.0426546,0.041946699999999996,98.34039001655154,5.2e-5,2.58e-5,0.000138,0.0,0.0,0.0,0.0004921000000000044,0.4512205921648265,5.327175528993823e-12,-1.5992972964414822e-15,4.861555602531098e-12,0.0,7.53546012199019e-12,4.861555602531098e-12,15.384615384615385,diag_feasible,0,0,0,0,0,0,14,1.3591052620682385e-14,1.12.6,lbt,1,1,Intel(R) Core(TM) 7 150U,NT,2abc7cc
degen-r50-m20-d0.0001-p3,100,Newton-SIN-BH,1e-7*n,9.999999999999999e-6,4,5,0.018567,0.012261000000000001,66.03651640006464,0.0,7.7e-6,0.0,0.0059393,0.0,0.0,0.0003589999999999991,0.4512205921648278,1.021826430687974e-13,-1.782988704588897e-15,9.325873406851315e-15,9.325873406851315e-15,2.2348874972162274e-14,9.325873406851315e-15,NaN,converged,17,17,0,0,0,0,4,1.3591052620682385e-14,1.12.6,lbt,1,1,Intel(R) Core(TM) 7 150U,NT,2abc7cc
degen-r50-m20-d0.0001-p3,100,Newton-SIN,1e-7*n,9.999999999999999e-6,6,15,0.0502341,0.0382143,76.07242888794664,0.0,1.42e-5,0.0,0.0116418,0.0,0.0,0.0003637999999999957,0.451220592164827,1.5837225669325e-13,-1.6080338890920421e-15,9.325873406851315e-15,9.325873406851315e-15,2.860047427851449e-14,9.325873406851315e-15,NaN,converged,36,36,2,0,0,0,6,1.3591052620682385e-14,1.12.6,lbt,1,1,Intel(R) Core(TM) 7 150U,NT,2abc7cc
degen-r50-m20-d0.0001-p3,100,AGD-SDAJ-BH,1e-7*n,1.0e-11,9,67,0.1610765,0.1594701,99.00270989250448,0.0,7.25e-5,0.0,0.0,0.0,0.0,0.0015339000000000077,0.45122059216573207,2.403841075072438e-12,-1.5335187930941234e-15,6.628031457012185e-13,6.628031457012185e-13,1.845896942887472e-12,6.628031457012185e-13,NaN,diag_feasible,0,0,12,12,0,0,9,1.3591052620682385e-14,1.12.6,lbt,1,1,Intel(R) Core(TM) 7 150U,NT,2abc7cc
degen-r50-m20-d0.0001-p3,100,AGD-SDAJ,1e-7*n,1.0e-11,7,60,0.1413583,0.13963319999999999,98.77962595758437,0.0,7.6e-5,0.0,0.0,0.0,0.0,0.001649100000000007,0.45122059216691185,1.1046361825561485e-11,-1.5567120280327655e-15,4.696465438769337e-12,4.696465438769337e-12,9.348659398448237e-12,4.696465438769337e-12,NaN,diag_feasible_at_xpre,0,0,19,10,9,0,7,1.3591052620682385e-14,1.12.6,lbt,1,1,Intel(R) Core(TM) 7 150U,NT,2abc7cc
degen-r50-m20-d0.0001-p3,100,Dykstra-APM,1e-7*n,9.999999999999999e-6,33,33,0.0871477,0.0816264,93.66443405850069,0.0,0.0,0.0,0.0,0.0024766,0.0,0.003044699999999993,0.4512205921583477,1.4172718169491647e-11,-1.5917436073744183e-15,1.958211370833851e-12,1.958211370833851e-12,9.912106972460554e-12,1.958211370833851e-12,NaN,diag_feasible,0,0,0,0,0,0,33,1.3591052620682385e-14,1.12.6,lbt,1,1,Intel(R) Core(TM) 7 150U,NT,2abc7cc
degen-r50-m20-d0.0001-p3,100,Anderson-APM,1e-7*n,9.999999999999999e-6,18,18,0.0616518,0.0448414,72.73331841081688,0.0,0.0,0.0,0.0,0.0,0.0144025,0.0024079000000000027,0.45122059216373317,3.52304978089186e-12,-1.5187841967485077e-15,7.753797603982093e-13,7.753797603982093e-13,2.6640820784087544e-12,7.753797603982093e-13,NaN,diag_feasible,0,0,0,0,0,0,18,1.3591052620682385e-14,1.12.6,lbt,1,1,Intel(R) Core(TM) 7 150U,NT,2abc7cc
degen-r50-m20-d0.0001-p4,100,SBB-Dual,1e-7*n,1.0e-11,15,16,0.0287507,0.0283154,98.4859499073066,2.49e-5,1.8e-5,5.31e-5,0.0,0.0,0.0,0.0003392999999999996,0.45135237750322427,1.0649623486456728e-12,-1.7278195952872986e-15,3.2596148002994596e-13,0.0,1.0507945099190022e-12,3.2596148002994596e-13,7.142857142857143,diag_feasible,0,0,0,0,0,0,15,2.2738982948176048e-14,1.12.6,lbt,1,1,Intel(R) Core(TM) 7 150U,NT,2abc7cc
degen-r50-m20-d0.0001-p4,100,Newton-SIN-BH,1e-7*n,9.999999999999999e-6,4,5,0.0189646,0.0130809,68.975354080761,0.0,8.5e-6,0.0,0.0054087,0.0,0.0,0.0004665000000000025,0.4513523775032254,1.3557436250109046e-13,-1.533265441677184e-15,7.771561172376096e-15,7.771561172376096e-15,2.3797391627806144e-14,7.771561172376096e-15,NaN,converged,17,17,0,0,0,0,4,2.2738982948176048e-14,1.12.6,lbt,1,1,Intel(R) Core(TM) 7 150U,NT,2abc7cc
degen-r50-m20-d0.0001-p4,100,Newton-SIN,1e-7*n,9.999999999999999e-6,5,12,0.038722,0.0305501,78.89597644749756,0.0,1.21e-5,0.0,0.0078364,0.0,0.0,0.00032339999999999973,0.45135237750322654,9.279641277590223e-14,-1.5857380736956297e-15,4.884981308350689e-15,4.884981308350689e-15,1.7237441525126394e-14,4.884981308350689e-15,NaN,converged,26,26,1,0,0,0,5,2.2738982948176048e-14,1.12.6,lbt,1,1,Intel(R) Core(TM) 7 150U,NT,2abc7cc
degen-r50-m20-d0.0001-p4,100,AGD-SDAJ-BH,1e-7*n,1.0e-11,7,47,0.0746947,0.0738493,98.86819279011765,0.0,3.79e-5,0.0,0.0,0.0,0.0,0.0008074999999999962,0.45135237750647594,1.0941661594144042e-11,-1.6547592132788635e-15,5.138445224872612e-12,5.138445224872612e-12,9.110235496189908e-12,5.138445224872612e-12,NaN,diag_feasible_at_xpre,0,0,6,6,0,0,7,2.2738982948176048e-14,1.12.6,lbt,1,1,Intel(R) Core(TM) 7 150U,NT,2abc7cc
degen-r50-m20-d0.0001-p4,100,AGD-SDAJ,1e-7*n,1.0e-11,7,79,0.1846297,0.1828112,99.0150555409016,0.0,9.18e-5,0.0,0.0,0.0,0.0,0.0017267000000000007,0.45135237750660473,8.378729288605595e-12,-1.6425841971588117e-15,2.860711667551641e-12,2.860711667551641e-12,6.448399272589639e-12,2.860711667551641e-12,NaN,diag_feasible,0,0,36,6,30,0,7,2.2738982948176048e-14,1.12.6,lbt,1,1,Intel(R) Core(TM) 7 150U,NT,2abc7cc
degen-r50-m20-d0.0001-p4,100,Dykstra-APM,1e-7*n,9.999999999999999e-6,34,34,0.0872814,0.0808769,92.66223960660577,0.0,0.0,0.0,0.0,0.0032029,0.0,0.0032015999999999937,0.4513523774990699,8.94803499242422e-12,-1.325747270063684e-15,1.1666223542761145e-12,1.1666223542761145e-12,6.2495906382188775e-12,1.1666223542761145e-12,NaN,diag_feasible,0,0,0,0,0,0,34,2.2738982948176048e-14,1.12.6,lbt,1,1,Intel(R) Core(TM) 7 150U,NT,2abc7cc
degen-r50-m20-d0.0001-p4,100,Anderson-APM,1e-7*n,9.999999999999999e-6,17,17,0.0797773,0.0594228,74.48584998489547,0.0,0.0,0.0,0.0,0.0,0.0177322,0.0026222999999999975,0.4513523774981651,1.1689050407461227e-11,-1.4191090808411583e-15,2.6687541065939513e-12,2.6687541065939513e-12,8.343956110647963e-12,2.6687541065939513e-12,NaN,diag_feasible,0,0,0,0,0,0,17,2.2738982948176048e-14,1.12.6,lbt,1,1,Intel(R) Core(TM) 7 150U,NT,2abc7cc
degen-r50-m20-d1e-06-p0,100,SBB-Dual,1e-7*n,1.0e-11,13,14,0.0350744,0.0345216,98.42392172068519,3.35e-5,1.71e-5,0.000123,0.0,0.0,0.0,0.0003791999999999991,0.45212849277340134,6.582353030490315e-12,-1.829895366296033e-15,1.723066134218243e-12,0.0,6.8134904429884614e-12,1.723066134218243e-12,0.0,diag_feasible,0,0,0,0,0,0,13,2.9030368439972756e-14,1.12.6,lbt,1,1,Intel(R) Core(TM) 7 150U,NT,2abc7cc
degen-r50-m20-d1e-06-p0,100,Newton-SIN-BH,1e-7*n,9.999999999999999e-6,4,5,0.0221863,0.0151141,68.12357175373992,0.0,1.19e-5,0.0,0.0065292,0.0,0.0,0.0005310999999999996,0.4521284927734054,3.2039680199766213e-13,-1.5213222531334794e-15,8.304468224196171e-14,8.304468224196171e-14,1.6524467899646003e-13,8.304468224196171e-14,NaN,converged,15,15,0,0,0,0,4,2.9030368439972756e-14,1.12.6,lbt,1,1,Intel(R) Core(TM) 7 150U,NT,2abc7cc
degen-r50-m20-d1e-06-p0,100,Newton-SIN,1e-7*n,9.999999999999999e-6,4,9,0.0296475,0.0232325,78.36242516232397,0.0,1.23e-5,0.0,0.006065,0.0,0.0,0.0003377000000000007,0.4521284927734054,3.2039680199766213e-13,-1.5213222531334794e-15,8.304468224196171e-14,8.304468224196171e-14,1.6524467899646003e-13,8.304468224196171e-14,NaN,converged,15,15,0,0,0,0,4,2.9030368439972756e-14,1.12.6,lbt,1,1,Intel(R) Core(TM) 7 150U,NT,2abc7cc
degen-r50-m20-d1e-06-p0,100,AGD-SDAJ-BH,1e-7*n,1.0e-11,7,44,0.1189007,0.1174166,98.75181559065673,0.0,5.77e-5,0.0,0.0,0.0,0.0,0.0014264000000000021,0.45212849277498557,4.031133439623529e-12,-1.5299966655121216e-15,7.764899834228345e-13,7.764899834228345e-13,2.968457798409447e-12,7.764899834228345e-13,NaN,diag_feasible,0,0,1,1,0,0,7,2.9030368439972756e-14,1.12.6,lbt,1,1,Intel(R) Core(TM) 7 150U,NT,2abc7cc
degen-r50-m20-d1e-06-p0,100,AGD-SDAJ,1e-7*n,1.0e-11,7,45,0.1082246,0.1070311,98.89720082125505,0.0,5.77e-5,0.0,0.0,0.0,0.0,0.0011358000000000002,0.45212849277556333,6.680089002031152e-12,-1.5471162070639144e-15,2.3168134077877767e-12,2.3168134077877767e-12,5.489893294411925e-12,2.3168134077877767e-12,NaN,diag_feasible_at_xpre,0,0,6,1,5,0,7,2.9030368439972756e-14,1.12.6,lbt,1,1,Intel(R) Core(TM) 7 150U,NT,2abc7cc
degen-r50-m20-d1e-06-p0,100,Dykstra-APM,1e-7*n,9.999999999999999e-6,31,31,0.0885242,0.0793077,89.58872263177753,0.0,0.0,0.0,0.0,0.0062646,0.0,0.002951900000000002,0.45212849276794626,1.2009412605246564e-11,-1.6458938475220358e-15,2.2517543385447425e-12,2.2517543385447425e-12,8.394919782449141e-12,2.2517543385447425e-12,NaN,diag_feasible,0,0,0,0,0,0,31,2.9030368439972756e-14,1.12.6,lbt,1,1,Intel(R) Core(TM) 7 150U,NT,2abc7cc
degen-r50-m20-d1e-06-p0,100,Anderson-APM,1e-7*n,9.999999999999999e-6,17,17,0.0374658,0.0322181,85.99335927699396,0.0,0.0,0.0,0.0,0.0,0.0042449,0.0010028000000000007,0.4521284927759977,1.2546627883265918e-11,-1.5003579930530674e-15,7.498002219108457e-12,7.498002219108457e-12,9.62254870101846e-12,7.498002219108457e-12,NaN,diag_feasible,0,0,0,0,0,0,17,2.9030368439972756e-14,1.12.6,lbt,1,1,Intel(R) Core(TM) 7 150U,NT,2abc7cc
degen-r50-m20-d1e-06-p1,100,SBB-Dual,1e-7*n,1.0e-11,13,14,0.0384521,0.037777899999999996,98.24664972784319,4.55e-5,2.24e-5,0.0001606,0.0,0.0,0.0,0.00044570000000000677,0.45295237284996953,2.608744800172041e-12,-1.5351278296624485e-15,1.2221335055073723e-12,0.0,2.752847936827634e-12,1.2221335055073723e-12,0.0,diag_feasible,0,0,0,0,0,0,13,5.193969322717302e-14,1.12.6,lbt,1,1,Intel(R) Core(TM) 7 150U,NT,2abc7cc
degen-r50-m20-d1e-06-p1,100,Newton-SIN-BH,1e-7*n,9.999999999999999e-6,4,5,0.0278481,0.0182458,65.519012069046,0.0,1.45e-5,0.0,0.0087159,0.0,0.0,0.0008719000000000001,0.45295237284996775,0.0,-1.4640076722110954e-15,2.55351295663786e-14,2.55351295663786e-14,5.193969322717302e-14,2.55351295663786e-14,NaN,converged,15,15,0,0,0,0,4,5.193969322717302e-14,1.12.6,lbt,1,1,Intel(R) Core(TM) 7 150U,NT,2abc7cc
degen-r50-m20-d1e-06-p1,100,Newton-SIN,1e-7*n,9.999999999999999e-6,4,9,0.0283112,0.0229045,80.90261098081325,0.0,9.9e-6,0.0,0.0051022,0.0,0.0,0.0002945999999999999,0.45295237284996775,0.0,-1.4640076722110954e-15,2.55351295663786e-14,2.55351295663786e-14,5.193969322717302e-14,2.55351295663786e-14,NaN,converged,15,15,0,0,0,0,4,5.193969322717302e-14,1.12.6,lbt,1,1,Intel(R) Core(TM) 7 150U,NT,2abc7cc
degen-r50-m20-d1e-06-p1,100,AGD-SDAJ-BH,1e-7*n,1.0e-11,7,42,0.1537791,0.15177849999999998,98.69904297788189,0.0,0.0001056,0.0,0.0,0.0,0.0,0.001895000000000019,0.4529523728527995,7.101326000209674e-12,-1.6279616540535139e-15,2.004285626355795e-12,2.004285626355795e-12,5.341808454264658e-12,2.004285626355795e-12,NaN,diag_feasible_at_xpre,0,0,3,3,0,0,7,5.193969322717302e-14,1.12.6,lbt,1,1,Intel(R) Core(TM) 7 150U,NT,2abc7cc
degen-r50-m20-d1e-06-p1,100,AGD-SDAJ,1e-7*n,1.0e-11,7,62,0.1674042,0.1655545,98.8950695382792,0.0,8.45e-5,0.0,0.0,0.0,0.0,0.0017652000000000097,0.4529523728540048,1.0484180782820664e-11,-1.7045410625916275e-15,2.7161606297454455e-12,2.7161606297454455e-12,8.154162336871328e-12,2.7161606297454455e-12,NaN,diag_feasible,0,0,21,3,18,0,7,5.193969322717302e-14,1.12.6,lbt,1,1,Intel(R) Core(TM) 7 150U,NT,2abc7cc
degen-r50-m20-d1e-06-p1,100,Dykstra-APM,1e-7*n,9.999999999999999e-6,31,31,0.1677858,0.1559443,92.94248976969445,0.0,0.0,0.0,0.0,0.0050341,0.0,0.006807400000000005,0.45295237284606654,8.508977856751874e-12,-1.5919359875249632e-15,1.375344282905644e-12,1.375344282905644e-12,5.967262410487153e-12,1.375344282905644e-12,NaN,diag_feasible,0,0,0,0,0,0,31,5.193969322717302e-14,1.12.6,lbt,1,1,Intel(R) Core(TM) 7 150U,NT,2abc7cc
degen-r50-m20-d1e-06-p1,100,Anderson-APM,1e-7*n,9.999999999999999e-6,17,17,0.0640687,0.045813,71.506055218851,0.0,0.0,0.0,0.0,0.0,0.0155902,0.0026655000000000064,0.45295237285320605,1.156626048445848e-11,-1.5931769767593422e-15,2.6890711879445917e-12,2.6890711879445917e-12,9.002291923912799e-12,2.6890711879445917e-12,NaN,diag_feasible,0,0,0,0,0,0,17,5.193969322717302e-14,1.12.6,lbt,1,1,Intel(R) Core(TM) 7 150U,NT,2abc7cc
degen-r50-m20-d1e-06-p2,100,SBB-Dual,1e-7*n,1.0e-11,13,14,0.0426437,0.041816,98.05903333903952,5.91e-5,3.17e-5,0.0001367,0.0,0.0,0.0,0.0006002000000000007,0.4515119650147838,8.563816266626145e-12,-1.6106678039294663e-15,1.5976109324356003e-12,0.0,8.798214123276083e-12,1.5976109324356003e-12,0.0,diag_feasible,0,0,0,0,0,0,13,2.6252021033126315e-14,1.12.6,lbt,1,1,Intel(R) Core(TM) 7 150U,NT,2abc7cc
degen-r50-m20-d1e-06-p2,100,Newton-SIN-BH,1e-7*n,9.999999999999999e-6,4,5,0.0189983,0.013733200000000001,72.28646773658697,0.0,8.4e-6,0.0,0.0048427,0.0,0.0,0.0004139999999999977,0.45151196501480134,1.1912176378580526e-12,-1.6636933605569825e-15,2.858824288409778e-13,2.858824288409778e-13,1.0196459613548731e-12,2.858824288409778e-13,NaN,converged,13,13,0,0,0,0,4,2.6252021033126315e-14,1.12.6,lbt,1,1,Intel(R) Core(TM) 7 150U,NT,2abc7cc
degen-r50-m20-d1e-06-p2,100,Newton-SIN,1e-7*n,9.999999999999999e-6,4,9,0.02093,0.0177948,85.02054467271859,0.0,7.6e-6,0.0,0.0028927,0.0,0.0,0.00023490000000000143,0.45151196501480134,1.1912176378580526e-12,-1.6636933605569825e-15,2.858824288409778e-13,2.858824288409778e-13,1.0196459613548731e-12,2.858824288409778e-13,NaN,converged,13,13,0,0,0,0,4,2.6252021033126315e-14,1.12.6,lbt,1,1,Intel(R) Core(TM) 7 150U,NT,2abc7cc
degen-r50-m20-d1e-06-p2,100,AGD-SDAJ-BH,1e-7*n,1.0e-11,6,41,0.1235327,0.1219611,98.72778624607089,0.0,7.82e-5,0.0,0.0,0.0,0.0,0.0014933999999999924,0.4515119650166373,4.57538691273713e-12,-1.3366681878907167e-15,1.3498091533392653e-12,1.3498091533392653e-12,3.4484944741126603e-12,1.3498091533392653e-12,NaN,diag_feasible,0,0,4,4,0,0,6,2.6252021033126315e-14,1.12.6,lbt,1,1,Intel(R) Core(TM) 7 150U,NT,2abc7cc
degen-r50-m20-d1e-06-p2,100,AGD-SDAJ,1e-7*n,1.0e-11,6,44,0.116961,0.11575189999999999,98.96623660878411,0.0,5.83e-5,0.0,0.0,0.0,0.0,0.0011508000000000046,0.45151196501665136,4.611425878825271e-12,-1.486400611867427e-15,1.3629097850298422e-12,1.3629097850298422e-12,3.474685587319034e-12,1.3629097850298422e-12,NaN,diag_feasible,0,0,7,4,3,0,6,2.6252021033126315e-14,1.12.6,lbt,1,1,Intel(R) Core(TM) 7 150U,NT,2abc7cc
degen-r50-m20-d1e-06-p2,100,Dykstra-APM,1e-7*n,9.999999999999999e-6,31,31,0.0862711,0.0803373,93.12191452293989,0.0,0.0,0.0,0.0,0.0025,0.0,0.003433800000000003,0.45151196500928975,1.1982682814097558e-11,-1.4639303528071127e-15,1.5514256546111937e-12,1.5514256546111937e-12,8.37834980747027e-12,1.5514256546111937e-12,NaN,diag_feasible,0,0,0,0,0,0,31,2.6252021033126315e-14,1.12.6,lbt,1,1,Intel(R) Core(TM) 7 150U,NT,2abc7cc
degen-r50-m20-d1e-06-p2,100,Anderson-APM,1e-7*n,9.999999999999999e-6,17,17,0.0754939,0.0549939,72.84548817851508,0.0,0.0,0.0,0.0,0.0,0.0176641,0.0028359000000000058,0.4515119650160523,1.0997464764245035e-11,-1.5836650604215638e-15,4.575451129085195e-12,4.575451129085195e-12,8.797632902249477e-12,4.575451129085195e-12,NaN,diag_feasible,0,0,0,0,0,0,17,2.6252021033126315e-14,1.12.6,lbt,1,1,Intel(R) Core(TM) 7 150U,NT,2abc7cc
degen-r50-m20-d1e-06-p3,100,SBB-Dual,1e-7*n,1.0e-11,13,14,0.060577,0.0593828,98.0286247255559,9.76e-5,4.57e-5,0.0001917,0.0,0.0,0.0,0.0008591999999999994,0.45134035279396645,6.914403925782546e-12,-1.721079210281752e-15,1.5210055437364645e-12,0.0,7.1981516579992284e-12,1.5210055437364645e-12,8.333333333333334,diag_feasible,0,0,0,0,0,0,13,3.799250672540298e-14,1.12.6,lbt,1,1,Intel(R) Core(TM) 7 150U,NT,2abc7cc
degen-r50-m20-d1e-06-p3,100,Newton-SIN-BH,1e-7*n,9.999999999999999e-6,4,5,0.0313442,0.0181128,57.786767567843484,0.0,1.13e-5,0.0,0.0127542,0.0,0.0,0.00046590000000000346,0.4513403527939665,1.1419916733140066e-13,-1.5970063822765017e-15,2.042810365310288e-14,2.042810365310288e-14,3.5091654264249834e-14,2.042810365310288e-14,NaN,converged,15,15,0,0,0,0,4,3.799250672540298e-14,1.12.6,lbt,1,1,Intel(R) Core(TM) 7 150U,NT,2abc7cc
degen-r50-m20-d1e-06-p3,100,Newton-SIN,1e-7*n,9.999999999999999e-6,4,9,0.0346958,0.0273627,78.86458879749135,0.0,1.4e-5,0.0,0.0068867,0.0,0.0,0.0004323999999999986,0.4513403527939665,1.1419916733140066e-13,-1.5970063822765017e-15,2.042810365310288e-14,2.042810365310288e-14,3.5091654264249834e-14,2.042810365310288e-14,NaN,converged,15,15,0,0,0,0,4,3.799250672540298e-14,1.12.6,lbt,1,1,Intel(R) Core(TM) 7 150U,NT,2abc7cc
degen-r50-m20-d1e-06-p3,100,AGD-SDAJ-BH,1e-7*n,1.0e-11,7,50,0.1314557,0.130004,98.89567359954722,0.0,6.47e-5,0.0,0.0,0.0,0.0,0.0013870000000000002,0.4513403527955817,5.534713717939415e-12,-1.844235134118961e-15,2.617239758251344e-12,2.617239758251344e-12,4.640655889239749e-12,2.617239758251344e-12,NaN,diag_feasible,0,0,9,9,0,0,7,3.799250672540298e-14,1.12.6,lbt,1,1,Intel(R) Core(TM) 7 150U,NT,2abc7cc
degen-r50-m20-d1e-06-p3,100,AGD-SDAJ,1e-7*n,1.0e-11,8,66,0.176604,0.17466379999999998,98.90138388711465,0.0,0.0001037,0.0,0.0,0.0,0.0,0.0018365000000000308,0.45134035279660467,6.931812237609419e-12,-1.8701350536945955e-15,2.319255898441952e-12,2.319255898441952e-12,5.336503672342751e-12,2.319255898441952e-12,NaN,diag_feasible,0,0,19,8,11,0,8,3.799250672540298e-14,1.12.6,lbt,1,1,Intel(R) Core(TM) 7 150U,NT,2abc7cc
degen-r50-m20-d1e-06-p3,100,Dykstra-APM,1e-7*n,9.999999999999999e-6,31,31,0.1008032,0.0942303,93.47947287387703,0.0,0.0,0.0,0.0,0.0028462,0.0,0.0037266999999999925,0.45134035278906753,1.0721276157710242e-11,-1.5223881990777833e-15,1.4723777752578826e-12,1.4723777752578826e-12,7.500679526194084e-12,1.4723777752578826e-12,NaN,diag_feasible,0,0,0,0,0,0,31,3.799250672540298e-14,1.12.6,lbt,1,1,Intel(R) Core(TM) 7 150U,NT,2abc7cc
degen-r50-m20-d1e-06-p3,100,Anderson-APM,1e-7*n,9.999999999999999e-6,17,17,0.0668629,0.0491129,73.45314068040722,0.0,0.0,0.0,0.0,0.0,0.0151139,0.0026361000000000023,0.4513403527953458,8.868456249674703e-12,-1.8383839460243483e-15,2.744249272268462e-12,2.744249272268462e-12,7.079260384225641e-12,2.744249272268462e-12,NaN,diag_feasible,0,0,0,0,0,0,17,3.799250672540298e-14,1.12.6,lbt,1,1,Intel(R) Core(TM) 7 150U,NT,2abc7cc
degen-r50-m20-d1e-06-p4,100,SBB-Dual,1e-7*n,1.0e-11,14,15,0.0399723,0.039374599999999996,98.50471451480149,3.77e-5,1.95e-5,0.0001282,0.0,0.0,0.0,0.0004123000000000066,0.45147431146602257,2.7183173435512117e-12,-1.89785858676489e-15,4.823919041996305e-13,0.0,2.670208982962062e-12,4.823919041996305e-13,0.0,diag_feasible,0,0,0,0,0,0,14,2.358198380810828e-14,1.12.6,lbt,1,1,Intel(R) Core(TM) 7 150U,NT,2abc7cc
degen-r50-m20-d1e-06-p4,100,Newton-SIN-BH,1e-7*n,9.999999999999999e-6,4,5,0.0187382,0.0130125,69.4437032372373,0.0,8.2e-6,0.0,0.0053661,0.0,0.0,0.0003514,0.45147431146600336,1.4553215462174622e-12,-1.6312841453233014e-15,5.635492072997295e-13,5.635492072997295e-13,1.23978225374949e-12,5.635492072997295e-13,NaN,converged,14,14,0,0,0,0,4,2.358198380810828e-14,1.12.6,lbt,1,1,Intel(R) Core(TM) 7 150U,NT,2abc7cc
degen-r50-m20-d1e-06-p4,100,Newton-SIN,1e-7*n,9.999999999999999e-6,4,9,0.0346975,0.027017399999999997,77.86555227321853,0.0,1.27e-5,0.0,0.0072393,0.0,0.0,0.00042810000000000244,0.45147431146600336,1.4553215462174622e-12,-1.6312841453233014e-15,5.635492072997295e-13,5.635492072997295e-13,1.23978225374949e-12,5.635492072997295e-13,NaN,converged,14,14,0,0,0,0,4,2.358198380810828e-14,1.12.6,lbt,1,1,Intel(R) Core(TM) 7 150U,NT,2abc7cc
degen-r50-m20-d1e-06-p4,100,AGD-SDAJ-BH,1e-7*n,1.0e-11,6,41,0.1118726,0.1106655,98.92100478580099,0.0,6.12e-5,0.0,0.0,0.0,0.0,0.0011459000000000026,0.45147431146735684,3.2821496241609516e-12,-1.6512333907272075e-15,7.636113963371827e-13,7.636113963371827e-13,2.489082227782077e-12,7.636113963371827e-13,NaN,diag_feasible,0,0,4,4,0,0,6,2.358198380810828e-14,1.12.6,lbt,1,1,Intel(R) Core(TM) 7 150U,NT,2abc7cc
degen-r50-m20-d1e-06-p4,100,AGD-SDAJ,1e-7*n,1.0e-11,6,50,0.1551181,0.1512834,97.5278835932106,0.0,8.92e-5,0.0,0.0,0.0,0.0,0.0037454999999999962,0.45147431146728123,3.105876040547528e-12,-1.4745425203546965e-15,7.150946501610633e-13,7.150946501610633e-13,2.3577271174208593e-12,7.150946501610633e-13,NaN,diag_feasible,0,0,13,4,9,0,6,2.358198380810828e-14,1.12.6,lbt,1,1,Intel(R) Core(TM) 7 150U,NT,2abc7cc
degen-r50-m20-d1e-06-p4,100,Dykstra-APM,1e-7*n,9.999999999999999e-6,32,32,0.102448,0.0954,93.12041230673121,0.0,0.0,0.0,0.0,0.0031602,0.0,0.0038877999999999985,0.4514743114621124,8.42655607086787e-12,-1.6380480685580755e-15,1.1477485628574868e-12,1.1477485628574868e-12,5.886697605894406e-12,1.1477485628574868e-12,NaN,diag_feasible,0,0,0,0,0,0,32,2.358198380810828e-14,1.12.6,lbt,1,1,Intel(R) Core(TM) 7 150U,NT,2abc7cc
degen-r50-m20-d1e-06-p4,100,Anderson-APM,1e-7*n,9.999999999999999e-6,18,18,0.0605678,0.0440699,72.76126918923917,0.0,0.0,0.0,0.0,0.0,0.0142045,0.002293399999999996,0.4514743114677322,7.593140694454559e-12,-1.7758586662457635e-15,3.575140183897929e-12,3.575140183897929e-12,5.834524849258882e-12,3.575140183897929e-12,NaN,diag_feasible,0,0,0,0,0,0,18,2.358198380810828e-14,1.12.6,lbt,1,1,Intel(R) Core(TM) 7 150U,NT,2abc7cc
degen-r50-m20-d1e-08-p0,100,SBB-Dual,1e-7*n,1.0e-11,13,14,0.0361187,0.0354367,98.11178143177912,3.87e-5,1.78e-5,0.0001302,0.0,0.0,0.0,0.0004952999999999951,0.4521297104205647,5.3849791503357055e-12,-1.6592073447781546e-15,1.6405765634885938e-12,0.0,5.572053102088246e-12,1.6405765634885938e-12,0.0,diag_feasible,0,0,0,0,0,0,13,6.405188288352567e-14,1.12.6,lbt,1,1,Intel(R) Core(TM) 7 150U,NT,2abc7cc
degen-r50-m20-d1e-08-p0,100,Newton-SIN-BH,1e-7*n,9.999999999999999e-6,4,5,0.0143931,0.010912400000000001,75.81688447936858,0.0,7.7e-6,0.0,0.0030898,0.0,0.0,0.0003831999999999998,0.4521297104205672,4.80248556798696e-13,-1.6018041154748432e-15,1.2545520178264269e-14,1.2545520178264269e-14,3.115001709991718e-14,1.2545520178264269e-14,NaN,converged,16,16,0,0,0,0,4,6.405188288352567e-14,1.12.6,lbt,1,1,Intel(R) Core(TM) 7 150U,NT,2abc7cc
degen-r50-m20-d1e-08-p0,100,Newton-SIN,1e-7*n,9.999999999999999e-6,7,20,0.0674465,0.052604200000000004,77.99396558753976,0.0,2.14e-5,0.0,0.0143028,0.0,0.0,0.000518100000000004,0.4521297104205631,3.602053821800688e-13,-1.3942642407392772e-15,2.7200464103316335e-14,2.7200464103316335e-14,8.070168324015807e-14,2.7200464103316335e-14,NaN,converged,43,43,5,0,0,0,7,6.405188288352567e-14,1.12.6,lbt,1,1,Intel(R) Core(TM) 7 150U,NT,2abc7cc
degen-r50-m20-d1e-08-p0,100,AGD-SDAJ-BH,1e-7*n,1.0e-11,9,63,0.180012,0.1781272,98.95295869164279,0.0,9.88e-5,0.0,0.0,0.0,0.0,0.001785999999999992,0.452129710421645,3.922109377174745e-12,-1.5207030049666457e-15,1.7084111902931909e-12,1.7084111902931909e-12,3.248132429227038e-12,1.7084111902931909e-12,NaN,diag_feasible_at_xpre,0,0,12,12,0,0,9,6.405188288352567e-14,1.12.6,lbt,1,1,Intel(R) Core(TM) 7 150U,NT,2abc7cc
degen-r50-m20-d1e-08-p0,100,AGD-SDAJ,1e-7*n,1.0e-11,7,53,0.1462515,0.14451940000000002,98.81567026662975,0.0,8.11e-5,0.0,0.0,0.0,0.0,0.0016509999999999865,0.4521297104221338,4.0578230213049716e-12,-1.7037173280757033e-15,7.827072323607354e-13,7.827072323607354e-13,3.055289441262135e-12,7.827072323607354e-13,NaN,diag_feasible,0,0,10,9,1,0,7,6.405188288352567e-14,1.12.6,lbt,1,1,Intel(R) Core(TM) 7 150U,NT,2abc7cc
degen-r50-m20-d1e-08-p0,100,Dykstra-APM,1e-7*n,9.999999999999999e-6,29,29,0.0593997,0.0560519,94.3639445990468,0.0,0.0,0.0,0.0,0.0022354,0.0,0.0011123999999999982,0.4521297104156836,1.0865823702174947e-11,-1.6382473712618921e-15,2.5981439222277913e-12,2.5981439222277913e-12,7.60174544071475e-12,2.5981439222277913e-12,NaN,diag_feasible,0,0,0,0,0,0,29,6.405188288352567e-14,1.12.6,lbt,1,1,Intel(R) Core(TM) 7 150U,NT,2abc7cc
degen-r50-m20-d1e-08-p0,100,Anderson-APM,1e-7*n,9.999999999999999e-6,17,17,0.0577637,0.0414081,71.68533179141917,0.0,0.0,0.0,0.0,0.0,0.0137541,0.002601499999999998,0.452129710423684,1.2428047787149446e-11,-1.5046669434364572e-15,5.1596504846429525e-12,5.1596504846429525e-12,9.563315892801784e-12,5.1596504846429525e-12,NaN,diag_feasible,0,0,0,0,0,0,17,6.405188288352567e-14,1.12.6,lbt,1,1,Intel(R) Core(TM) 7 150U,NT,2abc7cc
degen-r50-m20-d1e-08-p1,100,SBB-Dual,1e-7*n,1.0e-11,13,14,0.0347141,0.0341369,98.33727505538096,3.44e-5,2.03e-5,0.0001237,0.0,0.0,0.0,0.00039879999999999994,0.45295360095249604,2.429044396263454e-12,-1.8331211953338876e-15,1.5542012121727566e-12,0.0,2.6822506683811744e-12,1.5542012121727566e-12,8.333333333333334,diag_feasible,0,0,0,0,0,0,13,1.8835547939242594e-14,1.12.6,lbt,1,1,Intel(R) Core(TM) 7 150U,NT,2abc7cc
degen-r50-m20-d1e-08-p1,100,Newton-SIN-BH,1e-7*n,9.999999999999999e-6,4,5,0.0210193,0.014973700000000001,71.23786234555861,0.0,1.29e-5,0.0,0.0056219,0.0,0.0,0.00041080000000000023,0.45295360095249704,1.0367121007124113e-13,-1.6932838684444076e-15,9.103828801926284e-15,9.103828801926284e-15,2.628158439346571e-14,9.103828801926284e-15,NaN,converged,17,17,0,0,0,0,4,1.8835547939242594e-14,1.12.6,lbt,1,1,Intel(R) Core(TM) 7 150U,NT,2abc7cc
degen-r50-m20-d1e-08-p1,100,Newton-SIN,1e-7*n,9.999999999999999e-6,6,15,0.0510713,0.03898,76.32466767049203,0.0,1.47e-5,0.0,0.0116752,0.0,0.0,0.0004013999999999997,0.4529536009524977,1.0916812296756345e-13,-1.7006646305246811e-15,1.176836406102666e-14,1.176836406102666e-14,2.9524418711792076e-14,1.176836406102666e-14,NaN,converged,35,35,2,0,0,0,6,1.8835547939242594e-14,1.12.6,lbt,1,1,Intel(R) Core(TM) 7 150U,NT,2abc7cc
degen-r50-m20-d1e-08-p1,100,AGD-SDAJ-BH,1e-7*n,1.0e-11,7,53,0.1333515,0.1318977,98.90979853994894,0.0,9.83e-5,0.0,0.0,0.0,0.0,0.0013555000000000051,0.45295360095353326,2.542740323539519e-12,-1.6787660774732365e-15,4.991562718714704e-13,4.991562718714704e-13,1.9026983636155955e-12,4.991562718714704e-13,NaN,diag_feasible,0,0,10,10,0,0,7,1.8835547939242594e-14,1.12.6,lbt,1,1,Intel(R) Core(TM) 7 150U,NT,2abc7cc
degen-r50-m20-d1e-08-p1,100,AGD-SDAJ,1e-7*n,1.0e-11,8,74,0.1619584,0.160254,98.9476309966016,0.0,8.11e-5,0.0,0.0,0.0,0.0,0.0016232999999999948,0.45295360095025633,5.161221361921671e-12,-1.4996833524761957e-15,9.50572953684059e-13,9.50572953684059e-13,3.763048090132144e-12,9.50572953684059e-13,NaN,diag_feasible,0,0,27,10,17,0,8,1.8835547939242594e-14,1.12.6,lbt,1,1,Intel(R) Core(TM) 7 150U,NT,2abc7cc
degen-r50-m20-d1e-08-p1,100,Dykstra-APM,1e-7*n,9.999999999999999e-6,28,28,0.0893169,0.0826081,92.48876752327948,0.0,0.0,0.0,0.0,0.0031381,0.0,0.003570700000000001,0.45295360094687753,1.2304355995195625e-11,-1.5597153959993472e-15,2.197575454943035e-12,2.197575454943035e-12,8.619558699176798e-12,2.197575454943035e-12,NaN,diag_feasible,0,0,0,0,0,0,28,1.8835547939242594e-14,1.12.6,lbt,1,1,Intel(R) Core(TM) 7 150U,NT,2abc7cc
degen-r50-m20-d1e-08-p1,100,Anderson-APM,1e-7*n,9.999999999999999e-6,17,17,0.0559437,0.0407527,72.8459147321325,0.0,0.0,0.0,0.0,0.0,0.0130508,0.0021401999999999966,0.45295360095480297,7.90962937913601e-12,-1.3068018980516543e-15,1.885158695813516e-12,1.885158695813516e-12,6.1596646155070256e-12,1.885158695813516e-12,NaN,diag_feasible,0,0,0,0,0,0,17,1.8835547939242594e-14,1.12.6,lbt,1,1,Intel(R) Core(TM) 7 150U,NT,2abc7cc
degen-r50-m20-d1e-08-p2,100,SBB-Dual,1e-7*n,1.0e-11,13,14,0.0276046,0.026906700000000002,97.47179817856446,2.23e-5,2.11e-5,0.0001688,0.0,0.0,0.0,0.00048569999999999777,0.45151317381534906,8.62480578895532e-12,-1.9021857472292162e-15,1.7033041643799152e-12,0.0,8.856244883742758e-12,1.7033041643799152e-12,8.333333333333334,diag_feasible,0,0,0,0,0,0,13,2.1266495191369013e-14,1.12.6,lbt,1,1,Intel(R) Core(TM) 7 150U,NT,2abc7cc
degen-r50-m20-d1e-08-p2,100,Newton-SIN-BH,1e-7*n,9.999999999999999e-6,4,5,0.0188437,0.012894000000000001,68.4260522084304,0.0,8.6e-6,0.0,0.0055671,0.0,0.0,0.0003740000000000002,0.45151317381535044,2.1297372132441934e-13,-1.4958487382373322e-15,7.216449660063518e-15,7.216449660063518e-15,1.768393958262442e-14,7.216449660063518e-15,NaN,converged,15,15,0,0,0,0,4,2.1266495191369013e-14,1.12.6,lbt,1,1,Intel(R) Core(TM) 7 150U,NT,2abc7cc
degen-r50-m20-d1e-08-p2,100,Newton-SIN,1e-7*n,9.999999999999999e-6,10,29,0.106756,0.0806675,75.56249765821126,0.0,3.79e-5,0.0,0.0252377,0.0,0.0,0.0008129000000000018,0.45151317381535067,1.975421146048947e-13,-1.5349103615782459e-15,6.439293542825908e-15,6.439293542825908e-15,2.0445895676367808e-14,6.439293542825908e-15,NaN,converged,71,71,8,0,0,0,10,2.1266495191369013e-14,1.12.6,lbt,1,1,Intel(R) Core(TM) 7 150U,NT,2abc7cc
degen-r50-m20-d1e-08-p2,100,AGD-SDAJ-BH,1e-7*n,1.0e-11,7,51,0.1500384,0.1481089,98.71399588372043,0.0,0.0001338,0.0,0.0,0.0,0.0,0.0017957000000000008,0.4515131738187089,8.907958376003082e-12,-1.4047404156285547e-15,1.8103296639537803e-12,1.8103296639537803e-12,6.816628970840411e-12,1.8103296639537803e-12,NaN,diag_feasible,0,0,8,8,0,0,7,2.1266495191369013e-14,1.12.6,lbt,1,1,Intel(R) Core(TM) 7 150U,NT,2abc7cc
degen-r50-m20-d1e-08-p2,100,AGD-SDAJ,1e-7*n,1.0e-11,7,53,0.1500028,0.148198,98.79682245931409,0.0,9.23e-5,0.0,0.0,0.0,0.0,0.0017124999999999953,0.4515131738168488,3.731685758235622e-12,-1.2595550194414465e-15,7.742695373735842e-13,7.742695373735842e-13,2.798507635716178e-12,7.742695373735842e-13,NaN,diag_feasible,0,0,10,8,2,0,7,2.1266495191369013e-14,1.12.6,lbt,1,1,Intel(R) Core(TM) 7 150U,NT,2abc7cc
degen-r50-m20-d1e-08-p2,100,Dykstra-APM,1e-7*n,9.999999999999999e-6,29,29,0.0705024,0.066227,93.93580927741465,0.0,0.0,0.0,0.0,0.0020899,0.0,0.0021855000000000125,0.4515131738107872,9.94173206193219e-12,-1.842074007050944e-15,1.2716494524056543e-12,1.2716494524056543e-12,6.948103077319206e-12,1.2716494524056543e-12,NaN,diag_feasible,0,0,0,0,0,0,29,2.1266495191369013e-14,1.12.6,lbt,1,1,Intel(R) Core(TM) 7 150U,NT,2abc7cc
degen-r50-m20-d1e-08-p2,100,Anderson-APM,1e-7*n,9.999999999999999e-6,17,17,0.0638971,0.0462967,72.45508794608833,0.0,0.0,0.0,0.0,0.0,0.0149671,0.0026332999999999947,0.45151317381616035,9.045334331013674e-12,-1.7657262343456195e-15,3.646749568986252e-12,3.646749568986252e-12,7.246191945139473e-12,3.646749568986252e-12,NaN,diag_feasible,0,0,0,0,0,0,17,2.1266495191369013e-14,1.12.6,lbt,1,1,Intel(R) Core(TM) 7 150U,NT,2abc7cc
degen-r50-m20-d1e-08-p3,100,SBB-Dual,1e-7*n,1.0e-11,13,14,0.0390051,0.0383552,98.33380763028424,4.34e-5,2.26e-5,0.0001581,0.0,0.0,0.0,0.0004258000000000019,0.45134155191819764,7.309948814689454e-12,-1.633395499982638e-15,1.6298074001497298e-12,0.0,7.62874688041542e-12,1.6298074001497298e-12,8.333333333333334,diag_feasible,0,0,0,0,0,0,13,2.0314351110575542e-14,1.12.6,lbt,1,1,Intel(R) Core(TM) 7 150U,NT,2abc7cc
degen-r50-m20-d1e-08-p3,100,Newton-SIN-BH,1e-7*n,9.999999999999999e-6,4,5,0.0191942,0.013166200000000001,68.59467964280877,0.0,9.1e-6,0.0,0.0056459,0.0,0.0,0.00037300000000000093,0.4513415519181966,1.0227802187215555e-13,-1.6828009299141627e-15,6.661338147750939e-15,6.661338147750939e-15,2.1008165664042826e-14,6.661338147750939e-15,NaN,converged,17,17,0,0,0,0,4,2.0314351110575542e-14,1.12.6,lbt,1,1,Intel(R) Core(TM) 7 150U,NT,2abc7cc
degen-r50-m20-d1e-08-p3,100,Newton-SIN,1e-7*n,9.999999999999999e-6,100,3203,8.2950178,7.8380391,94.49092562525905,0.0,0.0038887,0.0,0.3059666,0.0,0.0,0.14712340000000051,0.4513415507446291,5.598506265891961e-9,-1.3978287880344843e-15,2.6975124356454216e-9,2.6975124356454216e-9,4.5712902369931944e-9,2.6975124356454216e-9,NaN,max_iter,881,881,3002,0,0,0,100,2.0314351110575542e-14,1.12.6,lbt,1,1,Intel(R) Core(TM) 7 150U,NT,2abc7cc
degen-r50-m20-d1e-08-p3,100,AGD-SDAJ-BH,1e-7*n,1.0e-11,7,55,0.0949009,0.0937275,98.76355229507834,0.0,5.14e-5,0.0,0.0,0.0,0.0,0.001121999999999991,0.4513415519195069,9.985419121508025e-12,-2.1014765926162503e-15,2.890465644611595e-12,2.890465644611595e-12,8.646345250644507e-12,2.890465644611595e-12,NaN,diag_feasible_at_xpre,0,0,14,14,0,0,7,2.0314351110575542e-14,1.12.6,lbt,1,1,Intel(R) Core(TM) 7 150U,NT,2abc7cc
degen-r50-m20-d1e-08-p3,100,AGD-SDAJ,1e-7*n,1.0e-11,7,57,0.1638642,0.1623676,99.0866827531578,0.0,6.49e-5,0.0,0.0,0.0,0.0,0.0014316999999999867,0.45134155191951,9.989202457868998e-12,-1.7731392699433621e-15,2.89024360000667e-12,2.89024360000667e-12,8.648194970108427e-12,2.89024360000667e-12,NaN,diag_feasible_at_xpre,0,0,16,14,2,0,7,2.0314351110575542e-14,1.12.6,lbt,1,1,Intel(R) Core(TM) 7 150U,NT,2abc7cc
degen-r50-m20-d1e-08-p3,100,Dykstra-APM,1e-7*n,9.999999999999999e-6,29,29,0.0595303,0.0566309,95.12953907505924,0.0,0.0,0.0,0.0,0.0018816,0.0,0.0010178000000000034,0.45134155191443653,8.226885730147002e-12,-1.4455252361839285e-15,1.1026735080577055e-12,1.1026735080577055e-12,5.754689968228748e-12,1.1026735080577055e-12,NaN,diag_feasible,0,0,0,0,0,0,29,2.0314351110575542e-14,1.12.6,lbt,1,1,Intel(R) Core(TM) 7 150U,NT,2abc7cc
degen-r50-m20-d1e-08-p3,100,Anderson-APM,1e-7*n,9.999999999999999e-6,17,17,0.0556203,0.0402255,72.32161638826112,0.0,0.0,0.0,0.0,0.0,0.0132777,0.0021171000000000002,0.4513415519191993,7.437548418483846e-12,-1.606498596231803e-15,2.1895818491657337e-12,2.1895818491657337e-12,5.955791475619301e-12,2.1895818491657337e-12,NaN,diag_feasible,0,0,0,0,0,0,17,2.0314351110575542e-14,1.12.6,lbt,1,1,Intel(R) Core(TM) 7 150U,NT,2abc7cc
degen-r50-m20-d1e-08-p4,100,SBB-Dual,1e-7*n,1.0e-11,14,15,0.0286396,0.0282198,98.53419740499169,2.3e-5,1.63e-5,4.75e-5,0.0,0.0,0.0,0.00033300000000000137,0.4514755323350398,2.4888164625955796e-12,-2.0931947235434653e-15,4.488631688559508e-13,0.0,2.4524073068042287e-12,4.488631688559508e-13,7.6923076923076925,diag_feasible,0,0,0,0,0,0,14,3.6705759716416005e-14,1.12.6,lbt,1,1,Intel(R) Core(TM) 7 150U,NT,2abc7cc
degen-r50-m20-d1e-08-p4,100,Newton-SIN-BH,1e-7*n,9.999999999999999e-6,4,5,0.0202794,0.013847100000000001,68.28160596467352,0.0,9.7e-6,0.0,0.0059997,0.0,0.0,0.0004228999999999986,0.45147553233504045,2.830843816271931e-13,-1.7629617848601754e-15,5.440092820663267e-15,5.440092820663267e-15,2.2002312397136253e-14,5.440092820663267e-15,NaN,converged,16,16,0,0,0,0,4,3.6705759716416005e-14,1.12.6,lbt,1,1,Intel(R) Core(TM) 7 150U,NT,2abc7cc
degen-r50-m20-d1e-08-p4,100,Newton-SIN,1e-7*n,9.999999999999999e-6,5,12,0.047761,0.0342401,71.69050061765877,0.0,1.5e-5,0.0,0.012845,0.0,0.0,0.0006608999999999955,0.45147553233503984,2.3977042660630406e-13,-1.4226976829921197e-15,7.105427357601002e-15,7.105427357601002e-15,2.1673532641353703e-14,7.105427357601002e-15,NaN,converged,24,24,1,0,0,0,5,3.6705759716416005e-14,1.12.6,lbt,1,1,Intel(R) Core(TM) 7 150U,NT,2abc7cc
degen-r50-m20-d1e-08-p4,100,AGD-SDAJ-BH,1e-7*n,1.0e-11,6,38,0.1077823,0.10631089999999999,98.63484078554642,0.0,6.58e-5,0.0,0.0,0.0,0.0,0.0014056000000000116,0.45147553233831583,1.1044815148214502e-11,-1.5010226243254738e-15,3.765654454923606e-12,3.765654454923606e-12,9.057522969033544e-12,3.765654454923606e-12,NaN,diag_feasible,0,0,3,3,0,0,6,3.6705759716416005e-14,1.12.6,lbt,1,1,Intel(R) Core(TM) 7 150U,NT,2abc7cc
degen-r50-m20-d1e-08-p4,100,AGD-SDAJ,1e-7*n,1.0e-11,6,45,0.1288756,0.1272811,98.76276036736202,0.0,8.26e-5,0.0,0.0,0.0,0.0,0.0015118999999999987,0.4514755323384048,1.1192162011610586e-11,-1.431959088872794e-15,3.79185571830476e-12,3.79185571830476e-12,9.155155450860826e-12,3.79185571830476e-12,NaN,diag_feasible_at_xpre,0,0,12,3,9,0,6,3.6705759716416005e-14,1.12.6,lbt,1,1,Intel(R) Core(TM) 7 150U,NT,2abc7cc
degen-r50-m20-d1e-08-p4,100,Dykstra-APM,1e-7*n,9.999999999999999e-6,30,30,0.0684631,0.0647297,94.54684348210934,0.0,0.0,0.0,0.0,0.0020364,0.0,0.001696999999999998,0.4514755323308565,9.009196842535884e-12,-1.6138898643622445e-15,1.5485390747471683e-12,1.5485390747471683e-12,6.297787642558517e-12,1.5485390747471683e-12,NaN,diag_feasible,0,0,0,0,0,0,30,3.6705759716416005e-14,1.12.6,lbt,1,1,Intel(R) Core(TM) 7 150U,NT,2abc7cc
degen-r50-m20-d1e-08-p4,100,Anderson-APM,1e-7*n,9.999999999999999e-6,18,18,0.0691446,0.0500373,72.36617176178616,0.0,0.0,0.0,0.0,0.0,0.0164974,0.002609900000000002,0.4514755323366543,7.144129122581998e-12,-1.5641527872012531e-15,3.3351099659739702e-12,3.3351099659739702e-12,5.487209941896847e-12,3.3351099659739702e-12,NaN,diag_feasible,0,0,0,0,0,0,18,3.6705759716416005e-14,1.12.6,lbt,1,1,Intel(R) Core(TM) 7 150U,NT,2abc7cc
degen-r50-m20-d1e-10-p0,100,SBB-Dual,1e-7*n,1.0e-11,14,15,0.0400384,0.039240899999999995,98.00816216432224,4.71e-5,2.57e-5,0.0002921,0.0,0.0,0.0,0.0004326000000000065,0.4521297225971889,2.1902630465030687e-12,-1.829089782652662e-15,2.241318242113266e-12,0.0,2.7686177254996355e-12,2.241318242113266e-12,7.6923076923076925,diag_feasible,0,0,0,0,0,0,14,4.0039050897598325e-14,1.12.6,lbt,1,1,Intel(R) Core(TM) 7 150U,NT,2abc7cc
degen-r50-m20-d1e-10-p0,100,Newton-SIN-BH,1e-7*n,9.999999999999999e-6,5,6,0.0256066,0.0162864,63.60235251849132,0.0,9.7e-6,0.0,0.0088985,0.0,0.0,0.0004120000000000009,0.4521297225971893,5.141567301727105e-13,-1.7401857772846066e-15,1.3100631690576847e-14,1.3100631690576847e-14,4.36749659035853e-14,1.3100631690576847e-14,NaN,converged,26,26,0,0,0,0,5,4.0039050897598325e-14,1.12.6,lbt,1,1,Intel(R) Core(TM) 7 150U,NT,2abc7cc
degen-r50-m20-d1e-10-p0,100,Newton-SIN,1e-7*n,9.999999999999999e-6,100,3121,8.7897762,8.2723091,94.11285238411415,0.0,0.0044572,0.0,0.4080087,0.0,0.0,0.10500120000000102,0.45212972168539584,7.2220796118397494e-9,-1.2820994009641523e-15,5.435359273775475e-9,5.435359273775475e-9,5.7242697483928415e-9,5.435359273775475e-9,NaN,max_iter,880,880,2920,0,0,0,100,4.0039050897598325e-14,1.12.6,lbt,1,1,Intel(R) Core(TM) 7 150U,NT,2abc7cc
degen-r50-m20-d1e-10-p0,100,AGD-SDAJ-BH,1e-7*n,1.0e-11,6,41,0.118937,0.11743100000000001,98.7337834315646,0.0,6.67e-5,0.0,0.0,0.0,0.0,0.0014392999999999934,0.4521297225985544,3.340189508067571e-12,-1.4764961537544355e-15,7.737144258612716e-13,7.737144258612716e-13,2.461928841907713e-12,7.737144258612716e-13,NaN,diag_feasible,0,0,4,4,0,0,6,4.0039050897598325e-14,1.12.6,lbt,1,1,Intel(R) Core(TM) 7 150U,NT,2abc7cc
degen-r50-m20-d1e-10-p0,100,AGD-SDAJ,1e-7*n,1.0e-11,7,53,0.1519825,0.1498532,98.59898343559291,0.0,9.6e-5,0.0,0.0,0.0,0.0,0.0020333000000000005,0.4521297225992185,5.110852148011008e-12,-1.4861333277985305e-15,1.4638290579682689e-12,1.4638290579682689e-12,3.8825699555435085e-12,1.4638290579682689e-12,NaN,diag_feasible_at_xpre,0,0,14,3,11,0,7,4.0039050897598325e-14,1.12.6,lbt,1,1,Intel(R) Core(TM) 7 150U,NT,2abc7cc
degen-r50-m20-d1e-10-p0,100,Dykstra-APM,1e-7*n,9.999999999999999e-6,27,27,0.0827057,0.0770703,93.18620119290448,0.0,0.0,0.0,0.0,0.0025495,0.0,0.0030858999999999986,0.4521297225925778,1.1715467071478384e-11,-1.6095424304254566e-15,5.370370814716807e-12,5.370370814716807e-12,8.360685317717946e-12,5.370370814716807e-12,NaN,diag_feasible,0,0,0,0,0,0,27,4.0039050897598325e-14,1.12.6,lbt,1,1,Intel(R) Core(TM) 7 150U,NT,2abc7cc
degen-r50-m20-d1e-10-p0,100,Anderson-APM,1e-7*n,9.999999999999999e-6,17,17,0.0618255,0.0448964,72.61793273002242,0.0,0.0,0.0,0.0,0.0,0.014593,0.0023360999999999955,0.4521297225999367,1.1065365635746758e-11,-1.3203170987647042e-15,5.2160498142939105e-12,5.2160498142939105e-12,8.472942097848254e-12,5.2160498142939105e-12,NaN,diag_feasible,0,0,0,0,0,0,17,4.0039050897598325e-14,1.12.6,lbt,1,1,Intel(R) Core(TM) 7 150U,NT,2abc7cc
degen-r50-m20-d1e-10-p1,100,SBB-Dual,1e-7*n,1.0e-11,13,14,0.037768,0.0371102,98.2583139165431,3.66e-5,2.31e-5,0.0001628,0.0,0.0,0.0,0.00043530000000000006,0.45295361323367345,3.15143920070504e-12,-1.722356712755929e-15,8.305578447220796e-13,0.0,3.456616941687135e-12,8.305578447220796e-13,8.333333333333334,diag_feasible,0,0,0,0,0,0,13,1.7600099169247087e-14,1.12.6,lbt,1,1,Intel(R) Core(TM) 7 150U,NT,2abc7cc
degen-r50-m20-d1e-10-p1,100,Newton-SIN-BH,1e-7*n,9.999999999999999e-6,5,6,0.0295364,0.018288000000000002,61.91682127815171,0.0,1.56e-5,0.0,0.0105101,0.0,0.0,0.0007226999999999997,0.45295361323367545,1.7098115852737124e-13,-1.5262418290816284e-15,7.327471962526033e-15,7.327471962526033e-15,2.3822499146744733e-14,7.327471962526033e-15,NaN,converged,27,27,0,0,0,0,5,1.7600099169247087e-14,1.12.6,lbt,1,1,Intel(R) Core(TM) 7 150U,NT,2abc7cc
degen-r50-m20-d1e-10-p1,100,Newton-SIN,1e-7*n,9.999999999999999e-6,100,3107,9.4644186,8.8861967,93.89057136589456,0.0,0.0048068,0.0,0.4298709,0.0,0.0,0.14354420000000084,0.4529536127098645,4.036766995966487e-9,-1.3914145404525465e-15,2.9760265363165672e-9,2.9760265363165672e-9,3.279860053063935e-9,2.9760265363165672e-9,NaN,max_iter,881,881,2906,0,0,0,100,1.7600099169247087e-14,1.12.6,lbt,1,1,Intel(R) Core(TM) 7 150U,NT,2abc7cc
degen-r50-m20-d1e-10-p1,100,AGD-SDAJ-BH,1e-7*n,1.0e-11,7,45,0.1013015,0.09998409999999999,98.6995256733612,0.0,5.28e-5,0.0,0.0,0.0,0.0,0.0012646000000000102,0.45295361323627875,8.736629399401087e-12,-1.769957329545103e-15,2.9409807922320397e-12,2.9409807922320397e-12,7.263019945071504e-12,2.9409807922320397e-12,NaN,diag_feasible_at_xpre,0,0,6,6,0,0,7,1.7600099169247087e-14,1.12.6,lbt,1,1,Intel(R) Core(TM) 7 150U,NT,2abc7cc
degen-r50-m20-d1e-10-p1,100,AGD-SDAJ,1e-7*n,1.0e-11,7,45,0.1282539,0.1266469,98.74701665992224,0.0,8.45e-5,0.0,0.0,0.0,0.0,0.0015224999999999974,0.45295361323627875,8.736629399401087e-12,-1.769957329545103e-15,2.9409807922320397e-12,2.9409807922320397e-12,7.263019945071504e-12,2.9409807922320397e-12,NaN,diag_feasible_at_xpre,0,0,6,6,0,0,7,1.7600099169247087e-14,1.12.6,lbt,1,1,Intel(R) Core(TM) 7 150U,NT,2abc7cc
degen-r50-m20-d1e-10-p1,100,Dykstra-APM,1e-7*n,9.999999999999999e-6,26,26,0.0811561,0.075201,92.66216587539323,0.0,0.0,0.0,0.0,0.0030143,0.0,0.002940799999999991,0.45295361322951194,9.321980287182595e-12,-1.5236305714626207e-15,2.5264235148370062e-12,2.5264235148370062e-12,6.554142862870881e-12,2.5264235148370062e-12,NaN,diag_feasible,0,0,0,0,0,0,26,1.7600099169247087e-14,1.12.6,lbt,1,1,Intel(R) Core(TM) 7 150U,NT,2abc7cc
degen-r50-m20-d1e-10-p1,100,Anderson-APM,1e-7*n,9.999999999999999e-6,17,17,0.0661657,0.0472607,71.42779415920938,0.0,0.0,0.0,0.0,0.0,0.0154874,0.003417599999999991,0.45295361323594946,7.73223050451107e-12,-1.810620931771544e-15,1.8366419496373965e-12,1.8366419496373965e-12,6.002449713255326e-12,1.8366419496373965e-12,NaN,diag_feasible,0,0,0,0,0,0,17,1.7600099169247087e-14,1.12.6,lbt,1,1,Intel(R) Core(TM) 7 150U,NT,2abc7cc
degen-r50-m20-d1e-10-p2,100,SBB-Dual,1e-7*n,1.0e-11,14,15,0.0362793,0.035788,98.64578423508723,3.92e-5,1.99e-5,5.39e-5,0.0,0.0,0.0,0.0003783000000000001,0.4515131859035068,1.3811641246355976e-12,-1.6820842829980972e-15,5.800915303666443e-13,0.0,1.7854054461445337e-12,5.800915303666443e-13,15.384615384615385,diag_feasible,0,0,0,0,0,0,14,2.5112891427895488e-14,1.12.6,lbt,1,1,Intel(R) Core(TM) 7 150U,NT,2abc7cc
degen-r50-m20-d1e-10-p2,100,Newton-SIN-BH,1e-7*n,9.999999999999999e-6,5,6,0.025916,0.0157085,60.6131347430159,0.0,1.01e-5,0.0,0.0097774,0.0,0.0,0.00042000000000000023,0.4515131859035065,1.8139591569515296e-13,-1.4384325606201623e-15,5.440092820663267e-15,5.440092820663267e-15,2.0497976476797445e-14,5.440092820663267e-15,NaN,converged,26,26,0,0,0,0,5,2.5112891427895488e-14,1.12.6,lbt,1,1,Intel(R) Core(TM) 7 150U,NT,2abc7cc
degen-r50-m20-d1e-10-p2,100,Newton-SIN,1e-7*n,9.999999999999999e-6,100,2385,7.9083038,7.3759231,93.26807981251302,0.0,0.0037359,0.0,0.4261819,0.0,0.0,0.10246290000000002,0.451513185891148,3.27643869422807e-11,-1.4807504017943481e-15,6.672884467207041e-12,6.672884467207041e-12,2.4408261141913394e-11,6.672884467207041e-12,NaN,max_iter,1071,1071,2184,0,0,0,100,2.5112891427895488e-14,1.12.6,lbt,1,1,Intel(R) Core(TM) 7 150U,NT,2abc7cc
degen-r50-m20-d1e-10-p2,100,AGD-SDAJ-BH,1e-7*n,1.0e-11,7,46,0.1257517,0.1236557,98.33322332819358,0.0,5.81e-5,0.0,0.0,0.0,0.0,0.0020379000000000005,0.4515131859051195,8.65740625754258e-12,-1.5750726907286707e-15,2.8828051057416815e-12,2.8828051057416815e-12,7.332179539500138e-12,2.8828051057416815e-12,NaN,diag_feasible_at_xpre,0,0,5,5,0,0,7,2.5112891427895488e-14,1.12.6,lbt,1,1,Intel(R) Core(TM) 7 150U,NT,2abc7cc
degen-r50-m20-d1e-10-p2,100,AGD-SDAJ,1e-7*n,1.0e-11,7,51,0.1389954,0.1372739,98.76146980403668,0.0,7.66e-5,0.0,0.0,0.0,0.0,0.001644899999999987,0.45151318590511996,8.64590507691466e-12,-2.0341580997729274e-15,2.8914648453337577e-12,2.8914648453337577e-12,7.32212127737192e-12,2.8914648453337577e-12,NaN,diag_feasible_at_xpre,0,0,10,5,5,0,7,2.5112891427895488e-14,1.12.6,lbt,1,1,Intel(R) Core(TM) 7 150U,NT,2abc7cc
degen-r50-m20-d1e-10-p2,100,Dykstra-APM,1e-7*n,9.999999999999999e-6,27,27,0.0816932,0.0759066,92.91666870682016,0.0,0.0,0.0,0.0,0.0027773,0.0,0.003009299999999989,0.4515131858995874,8.465495135189205e-12,-1.899464517004689e-15,1.2141398997300712e-12,1.2141398997300712e-12,5.925321287170226e-12,1.2141398997300712e-12,NaN,diag_feasible,0,0,0,0,0,0,27,2.5112891427895488e-14,1.12.6,lbt,1,1,Intel(R) Core(TM) 7 150U,NT,2abc7cc
degen-r50-m20-d1e-10-p2,100,Anderson-APM,1e-7*n,9.999999999999999e-6,17,17,0.0792188,0.0572894,72.31793463167833,0.0,0.0,0.0,0.0,0.0,0.0187053,0.0032241000000000075,0.4515131859040911,7.79650325874198e-12,-1.5476934048657247e-15,3.24595905709657e-12,3.24595905709657e-12,6.251281279952481e-12,3.24595905709657e-12,NaN,diag_feasible,0,0,0,0,0,0,17,2.5112891427895488e-14,1.12.6,lbt,1,1,Intel(R) Core(TM) 7 150U,NT,2abc7cc
degen-r50-m20-d1e-10-p3,100,SBB-Dual,1e-7*n,1.0e-11,13,14,0.0293689,0.028790600000000003,98.03091024859631,2.7e-5,2.22e-5,0.0001348,0.0,0.0,0.0,0.00039429999999999684,0.45134156390959157,6.845428616815179e-12,-1.681877583905897e-15,1.7137402608113916e-12,0.0,7.658576084460811e-12,1.7137402608113916e-12,8.333333333333334,diag_feasible,0,0,0,0,0,0,13,3.013330183973069e-14,1.12.6,lbt,1,1,Intel(R) Core(TM) 7 150U,NT,2abc7cc
degen-r50-m20-d1e-10-p3,100,Newton-SIN-BH,1e-7*n,9.999999999999999e-6,5,6,0.0290757,0.018404,63.29684238040701,0.0,1.57e-5,0.0,0.0101218,0.0,0.0,0.0005341999999999986,0.4513415639095932,9.345339477988944e-14,-1.359181887750019e-15,6.217248937900877e-15,6.217248937900877e-15,1.9664428671538482e-14,6.217248937900877e-15,NaN,converged,28,28,0,0,0,0,5,3.013330183973069e-14,1.12.6,lbt,1,1,Intel(R) Core(TM) 7 150U,NT,2abc7cc
degen-r50-m20-d1e-10-p3,100,Newton-SIN,1e-7*n,9.999999999999999e-6,8,26,0.1127095,0.0875397,77.66843078888647,0.0,4.18e-5,0.0,0.0241318,0.0,0.0,0.000996200000000006,0.4513415639063624,1.2315680809711623e-11,-1.55115828060585e-15,5.359934718285331e-12,5.359934718285331e-12,9.507089783003419e-12,5.359934718285331e-12,NaN,converged,61,61,9,0,0,0,8,3.013330183973069e-14,1.12.6,lbt,1,1,Intel(R) Core(TM) 7 150U,NT,2abc7cc
degen-r50-m20-d1e-10-p3,100,AGD-SDAJ-BH,1e-7*n,1.0e-11,8,57,0.1438018,0.1423003,98.95585451642468,0.0,7.18e-5,0.0,0.0,0.0,0.0,0.0014297000000000168,0.4513415639111209,3.671303094097935e-12,-1.3136040292319176e-15,1.2040368702059823e-12,1.2040368702059823e-12,2.7416759127951966e-12,1.2040368702059823e-12,NaN,diag_feasible_at_xpre,0,0,12,12,0,0,8,3.013330183973069e-14,1.12.6,lbt,1,1,Intel(R) Core(TM) 7 150U,NT,2abc7cc
degen-r50-m20-d1e-10-p3,100,AGD-SDAJ,1e-7*n,1.0e-11,8,88,0.2418876,0.239567,99.04062878791638,0.0,0.0001247,0.0,0.0,0.0,0.0,0.002195900000000006,0.451341563910816,7.411054658109365e-12,-1.818882939873048e-15,3.2678304506816858e-12,3.2678304506816858e-12,6.400303337888068e-12,3.2678304506816858e-12,NaN,diag_feasible_at_xpre,0,0,41,17,24,0,8,3.013330183973069e-14,1.12.6,lbt,1,1,Intel(R) Core(TM) 7 150U,NT,2abc7cc
degen-r50-m20-d1e-10-p3,100,Dykstra-APM,1e-7*n,9.999999999999999e-6,26,26,0.1098753,0.0948468,86.3222216458112,0.0,0.0,0.0,0.0,0.0096513,0.0,0.0053772,0.4513415639038055,1.2524559809546687e-11,-1.4721834986564458e-15,1.4619416788264061e-12,1.4619416788264061e-12,8.769196182923887e-12,1.4619416788264061e-12,NaN,diag_feasible,0,0,0,0,0,0,26,3.013330183973069e-14,1.12.6,lbt,1,1,Intel(R) Core(TM) 7 150U,NT,2abc7cc
degen-r50-m20-d1e-10-p3,100,Anderson-APM,1e-7*n,9.999999999999999e-6,17,17,0.0681891,0.0478223,70.13188324820243,0.0,0.0,0.0,0.0,0.0,0.0172522,0.0031146000000000056,0.4513415639103853,6.466610546081563e-12,-1.8545325703986557e-15,1.8474111129762605e-12,1.8474111129762605e-12,5.192825317218253e-12,1.8474111129762605e-12,NaN,diag_feasible,0,0,0,0,0,0,17,3.013330183973069e-14,1.12.6,lbt,1,1,Intel(R) Core(TM) 7 150U,NT,2abc7cc
degen-r50-m20-d1e-10-p4,100,SBB-Dual,1e-7*n,1.0e-11,14,15,0.0445724,0.0439485,98.60025486624009,4.31e-5,2.42e-5,0.0001255,0.0,0.0,0.0,0.00043109999999999666,0.451475544543883,2.506602619025527e-12,-1.7228104711007505e-15,4.3931525084417444e-13,0.0,2.4641962139640097e-12,4.3931525084417444e-13,7.6923076923076925,diag_feasible,0,0,0,0,0,0,14,2.7679086877809597e-14,1.12.6,lbt,1,1,Intel(R) Core(TM) 7 150U,NT,2abc7cc
degen-r50-m20-d1e-10-p4,100,Newton-SIN-BH,1e-7*n,9.999999999999999e-6,5,6,0.0262989,0.0170747,64.92552920464355,0.0,1.01e-5,0.0,0.0087274,0.0,0.0,0.0004866999999999979,0.4514755445438825,1.5884612696411404e-13,-2.0413871192296595e-15,5.329070518200751e-15,5.329070518200751e-15,1.5093725989214836e-14,5.329070518200751e-15,NaN,converged,26,26,0,0,0,0,5,2.7679086877809597e-14,1.12.6,lbt,1,1,Intel(R) Core(TM) 7 150U,NT,2abc7cc
degen-r50-m20-d1e-10-p4,100,Newton-SIN,1e-7*n,9.999999999999999e-6,7,18,0.0661938,0.049877,75.3499572467512,0.0,1.75e-5,0.0,0.0158338,0.0,0.0,0.00046550000000000064,0.45147554454388317,1.9099519203346098e-13,-1.5627538851374861e-15,6.106226635438361e-15,6.106226635438361e-15,1.897864481313817e-14,6.106226635438361e-15,NaN,converged,47,47,3,0,0,0,7,2.7679086877809597e-14,1.12.6,lbt,1,1,Intel(R) Core(TM) 7 150U,NT,2abc7cc
degen-r50-m20-d1e-10-p4,100,AGD-SDAJ-BH,1e-7*n,1.0e-11,7,43,0.1085842,0.1072114,98.73572766571932,0.0,5.44e-5,0.0,0.0,0.0,0.0,0.0013184000000000073,0.45147554454595423,6.320211896965053e-12,-1.4253996947039664e-15,1.5346612869393539e-12,1.5346612869393539e-12,5.156445623692776e-12,1.5346612869393539e-12,NaN,diag_feasible_at_xpre,0,0,4,4,0,0,7,2.7679086877809597e-14,1.12.6,lbt,1,1,Intel(R) Core(TM) 7 150U,NT,2abc7cc
degen-r50-m20-d1e-10-p4,100,AGD-SDAJ,1e-7*n,1.0e-11,7,58,0.1531459,0.1514335,98.88185057517047,0.0,0.0001557,0.0,0.0,0.0,0.0,0.0015567000000000029,0.45147554454562705,5.1605156542827965e-12,-1.6369642402875993e-15,1.279754080485418e-12,1.279754080485418e-12,4.171326634176102e-12,1.279754080485418e-12,NaN,diag_feasible_at_xpre,0,0,19,4,15,0,7,2.7679086877809597e-14,1.12.6,lbt,1,1,Intel(R) Core(TM) 7 150U,NT,2abc7cc
degen-r50-m20-d1e-10-p4,100,Dykstra-APM,1e-7*n,9.999999999999999e-6,28,28,0.0819845,0.0767642,93.632576889534,0.0,0.0,0.0,0.0,0.0022325,0.0,0.002987799999999997,0.45147554453904687,1.0856224300901717e-11,-1.360034874010896e-15,3.907763002075626e-12,3.907763002075626e-12,7.698247855832286e-12,3.907763002075626e-12,NaN,diag_feasible,0,0,0,0,0,0,28,2.7679086877809597e-14,1.12.6,lbt,1,1,Intel(R) Core(TM) 7 150U,NT,2abc7cc
degen-r50-m20-d1e-10-p4,100,Anderson-APM,1e-7*n,9.999999999999999e-6,18,18,0.0651646,0.0472519,72.51160906381685,0.0,0.0,0.0,0.0,0.0,0.0156671,0.002245600000000004,0.4514755445448741,4.642129957441632e-12,-1.618057367553804e-15,2.1682655670929307e-12,2.1682655670929307e-12,3.5709544713890525e-12,2.1682655670929307e-12,NaN,diag_feasible,0,0,0,0,0,0,18,2.7679086877809597e-14,1.12.6,lbt,1,1,Intel(R) Core(TM) 7 150U,NT,2abc7cc
degen-r50-m20-d0-p0,100,SBB-Dual,1e-7*n,1.0e-11,14,15,0.0414784,0.0408532,98.49270945841693,4.64e-5,1.95e-5,0.0001335,0.0,0.0,0.0,0.00042579999999999935,0.45212972272018553,2.9491540246395093e-12,-1.4859089607392975e-15,3.248068480843358e-12,0.0,3.722501767235679e-12,3.248068480843358e-12,7.6923076923076925,diag_feasible,0,0,0,0,0,0,14,6.133517507343678e-14,1.12.6,lbt,1,1,Intel(R) Core(TM) 7 150U,NT,2abc7cc
degen-r50-m20-d0-p0,100,Newton-SIN-BH,1e-7*n,9.999999999999999e-6,4,5,0.0227958,0.0128632,56.42793847989541,0.0,8.4e-6,0.0,0.0095542,0.0,0.0,0.00037000000000000054,0.4521297227201804,2.3633793144234817e-13,-1.2796552072272001e-15,1.9872992140790302e-14,1.9872992140790302e-14,6.37616074646508e-14,1.9872992140790302e-14,NaN,converged,16,16,0,0,0,0,4,6.133517507343678e-14,1.12.6,lbt,1,1,Intel(R) Core(TM) 7 150U,NT,2abc7cc
degen-r50-m20-d0-p0,100,Newton-SIN,1e-7*n,9.999999999999999e-6,4,9,0.0295871,0.0233446,78.90127792179699,0.0,1.14e-5,0.0,0.005909,0.0,0.0,0.0003221000000000014,0.4521297227201804,2.3633793144234817e-13,-1.2796552072272001e-15,1.9872992140790302e-14,1.9872992140790302e-14,6.37616074646508e-14,1.9872992140790302e-14,NaN,converged,16,16,0,0,0,0,4,6.133517507343678e-14,1.12.6,lbt,1,1,Intel(R) Core(TM) 7 150U,NT,2abc7cc
degen-r50-m20-d0-p0,100,AGD-SDAJ-BH,1e-7*n,1.0e-11,6,40,0.1009386,0.09965840000000001,98.73170422415211,0.0,5.04e-5,0.0,0.0,0.0,0.0,0.0012297999999999953,0.4521297227209832,1.9109154051016993e-12,-1.4926524732645832e-15,3.056443986793056e-13,3.056443986793056e-13,1.3977091203233365e-12,3.056443986793056e-13,NaN,diag_feasible,0,0,3,3,0,0,6,6.133517507343678e-14,1.12.6,lbt,1,1,Intel(R) Core(TM) 7 150U,NT,2abc7cc
degen-r50-m20-d0-p0,100,AGD-SDAJ,1e-7*n,1.0e-11,6,40,0.1154734,0.11411639999999999,98.82483758164216,0.0,6.57e-5,0.0,0.0,0.0,0.0,0.001291300000000011,0.4521297227209832,1.9109154051016993e-12,-1.4926524732645832e-15,3.056443986793056e-13,3.056443986793056e-13,1.3977091203233365e-12,3.056443986793056e-13,NaN,diag_feasible,0,0,3,3,0,0,6,6.133517507343678e-14,1.12.6,lbt,1,1,Intel(R) Core(TM) 7 150U,NT,2abc7cc
degen-r50-m20-d0-p0,100,Dykstra-APM,1e-7*n,9.999999999999999e-6,26,26,0.0736925,0.0688429,93.419140346711,0.0,0.0,0.0,0.0,0.0021296,0.0,0.0027199999999999954,0.4521297227180984,1.2272233881008961e-11,-1.1193274320598985e-15,8.89932572079033e-12,8.89932572079033e-12,9.533513425234609e-12,8.89932572079033e-12,NaN,diag_feasible,0,0,0,0,0,0,26,6.133517507343678e-14,1.12.6,lbt,1,1,Intel(R) Core(TM) 7 150U,NT,2abc7cc
degen-r50-m20-d0-p0,100,Anderson-APM,1e-7*n,9.999999999999999e-6,17,17,0.065439,0.048599,74.2661104234478,0.0,0.0,0.0,0.0,0.0,0.0145834,0.002256599999999994,0.4521297227228144,1.0673648727217888e-11,-1.2808763432805734e-15,5.226263866120462e-12,5.226263866120462e-12,8.150552473080817e-12,5.226263866120462e-12,NaN,diag_feasible,0,0,0,0,0,0,17,6.133517507343678e-14,1.12.6,lbt,1,1,Intel(R) Core(TM) 7 150U,NT,2abc7cc
degen-r50-m20-d0-p1,100,SBB-Dual,1e-7*n,1.0e-11,13,14,0.0361781,0.0356086,98.42584325876705,3.91e-5,1.95e-5,0.0001209,0.0,0.0,0.0,0.00039000000000000054,0.4529536133577263,3.1852006586364536e-12,-1.5176773904765437e-15,8.240075288767912e-13,0.0,3.4516357586271073e-12,8.240075288767912e-13,16.666666666666668,diag_feasible,0,0,0,0,0,0,13,2.138354105709279e-14,1.12.6,lbt,1,1,Intel(R) Core(TM) 7 150U,NT,2abc7cc
degen-r50-m20-d0-p1,100,Newton-SIN-BH,1e-7*n,9.999999999999999e-6,4,5,0.0209227,0.0140172,66.99517748665326,0.0,1.04e-5,0.0,0.0064524,0.0,0.0,0.000442699999999999,0.45295361335772527,1.9461183420730755e-13,-1.7050545509434963e-15,5.329070518200751e-15,5.329070518200751e-15,1.673051212262716e-14,5.329070518200751e-15,NaN,converged,17,17,0,0,0,0,4,2.138354105709279e-14,1.12.6,lbt,1,1,Intel(R) Core(TM) 7 150U,NT,2abc7cc
degen-r50-m20-d0-p1,100,Newton-SIN,1e-7*n,9.999999999999999e-6,100,3030,8.9517597,8.4350885,94.22827223568122,0.0,0.0049092,0.0,0.3833703,0.0,0.0,0.1283916999999994,0.45295361295239095,2.862405675137662e-9,-1.0992661467356574e-15,2.102888752020249e-9,2.102888752020249e-9,2.331658313795242e-9,2.102888752020249e-9,NaN,max_iter,881,881,2829,0,0,0,100,2.138354105709279e-14,1.12.6,lbt,1,1,Intel(R) Core(TM) 7 150U,NT,2abc7cc
degen-r50-m20-d0-p1,100,AGD-SDAJ-BH,1e-7*n,1.0e-11,6,46,0.1293188,0.1259666,97.40780149521957,0.0,6.38e-5,0.0,0.0,0.0,0.0,0.0032883999999999995,0.4529536133604665,6.954713116212379e-12,-2.1335872251517703e-15,2.561062473205311e-12,2.561062473205311e-12,5.242909443872546e-12,2.561062473205311e-12,NaN,diag_feasible,0,0,9,9,0,0,6,2.138354105709279e-14,1.12.6,lbt,1,1,Intel(R) Core(TM) 7 150U,NT,2abc7cc
degen-r50-m20-d0-p1,100,AGD-SDAJ,1e-7*n,1.0e-11,7,49,0.1720177,0.16990360000000002,98.77099856584528,0.0,0.0001145,0.0,0.0,0.0,0.0,0.00199959999999998,0.4529536133605483,9.997442958787676e-12,-1.7511362847165348e-15,3.320455022048918e-12,3.320455022048918e-12,8.395109106244623e-12,3.320455022048918e-12,NaN,diag_feasible,0,0,8,6,2,0,7,2.138354105709279e-14,1.12.6,lbt,1,1,Intel(R) Core(TM) 7 150U,NT,2abc7cc
degen-r50-m20-d0-p1,100,Dykstra-APM,1e-7*n,9.999999999999999e-6,24,24,0.0699089,0.0651936,93.25507911009902,0.0,0.0,0.0,0.0,0.0021145,0.0,0.0026007999999999917,0.4529536133544503,1.0218232214589967e-11,-9.814015941124688e-16,6.778133609941506e-12,6.778133609941506e-12,8.187571529628173e-12,6.778133609941506e-12,NaN,diag_feasible,0,0,0,0,0,0,24,2.138354105709279e-14,1.12.6,lbt,1,1,Intel(R) Core(TM) 7 150U,NT,2abc7cc
degen-r50-m20-d0-p1,100,Anderson-APM,1e-7*n,9.999999999999999e-6,17,17,0.0605711,0.043673,72.102042062964,0.0,0.0,0.0,0.0,0.0,0.0146294,0.0022687000000000054,0.45295361335995277,7.607366828866524e-12,-1.4943596348816998e-15,1.8057777495528171e-12,1.8057777495528171e-12,5.895766401912903e-12,1.8057777495528171e-12,NaN,diag_feasible,0,0,0,0,0,0,17,2.138354105709279e-14,1.12.6,lbt,1,1,Intel(R) Core(TM) 7 150U,NT,2abc7cc
degen-r50-m20-d0-p2,100,SBB-Dual,1e-7*n,1.0e-11,13,14,0.0432885,0.0425567,98.30948173302379,5.38e-5,2.61e-5,0.0001557,0.0,0.0,0.0,0.0004961999999999976,0.45151318602560964,8.998278681805047e-12,-1.6625445163123184e-15,2.2928325904558733e-12,0.0,9.537173251134968e-12,2.2928325904558733e-12,8.333333333333334,diag_feasible,0,0,0,0,0,0,13,2.2364312325967227e-14,1.12.6,lbt,1,1,Intel(R) Core(TM) 7 150U,NT,2abc7cc
degen-r50-m20-d0-p2,100,Newton-SIN-BH,1e-7*n,9.999999999999999e-6,4,5,0.0208538,0.0142597,68.37938409306697,0.0,1.05e-5,0.0,0.0060817,0.0,0.0,0.0005018999999999987,0.45151318602560825,1.7212244992891538e-13,-1.387867927477942e-15,9.103828801926284e-15,9.103828801926284e-15,2.5239938287811708e-14,9.103828801926284e-15,NaN,converged,16,16,0,0,0,0,4,2.2364312325967227e-14,1.12.6,lbt,1,1,Intel(R) Core(TM) 7 150U,NT,2abc7cc
degen-r50-m20-d0-p2,100,Newton-SIN,1e-7*n,9.999999999999999e-6,100,2612,8.3821899,7.8268605,93.37488882231122,0.0,0.0049518,0.0,0.4224435,0.0,0.0,0.12793409999999977,0.4515131860228087,2.375214022805414e-10,-1.2589701563512669e-15,7.873779406253334e-11,7.873779406253334e-11,2.0727123273811395e-10,7.873779406253334e-11,NaN,max_iter,973,973,2411,0,0,0,100,2.2364312325967227e-14,1.12.6,lbt,1,1,Intel(R) Core(TM) 7 150U,NT,2abc7cc
degen-r50-m20-d0-p2,100,AGD-SDAJ-BH,1e-7*n,1.0e-11,8,53,0.1343942,0.1327478,98.77494713313521,0.0,6.24e-5,0.0,0.0,0.0,0.0,0.0015839999999999923,0.4515131860276278,5.103579023963058e-12,-1.3339945780827489e-15,1.4703793738135573e-12,1.4703793738135573e-12,3.889338779354909e-12,1.4703793738135573e-12,NaN,diag_feasible,0,0,6,6,0,0,8,2.2364312325967227e-14,1.12.6,lbt,1,1,Intel(R) Core(TM) 7 150U,NT,2abc7cc
degen-r50-m20-d0-p2,100,AGD-SDAJ,1e-7*n,1.0e-11,7,51,0.1423446,0.1407955,98.9117254887084,0.0,8.43e-5,0.0,0.0,0.0,0.0,0.0014647999999999977,0.4515131860268035,2.8851260434986827e-12,-1.589969410959687e-15,6.503686478254167e-13,6.503686478254167e-13,2.1425471077021367e-12,6.503686478254167e-13,NaN,diag_feasible,0,0,8,6,2,0,7,2.2364312325967227e-14,1.12.6,lbt,1,1,Intel(R) Core(TM) 7 150U,NT,2abc7cc
degen-r50-m20-d0-p2,100,Dykstra-APM,1e-7*n,9.999999999999999e-6,25,25,0.0741152,0.0690679,93.18992595311083,0.0,0.0,0.0,0.0,0.0022764,0.0,0.0027709000000000045,0.451513186021874,9.253461902773411e-12,-1.1613766731646589e-15,4.9968917892329046e-12,4.9968917892329046e-12,7.418626167590356e-12,4.9968917892329046e-12,NaN,diag_feasible,0,0,0,0,0,0,25,2.2364312325967227e-14,1.12.6,lbt,1,1,Intel(R) Core(TM) 7 150U,NT,2abc7cc
degen-r50-m20-d0-p2,100,Anderson-APM,1e-7*n,9.999999999999999e-6,17,17,0.0682226,0.0487934,71.52087431437677,0.0,0.0,0.0,0.0,0.0,0.0168465,0.0025826999999999933,0.4515131860260634,7.081161457033884e-12,-1.35740027965192e-15,3.005817816870149e-12,3.005817816870149e-12,5.688828620195307e-12,3.005817816870149e-12,NaN,diag_feasible,0,0,0,0,0,0,17,2.2364312325967227e-14,1.12.6,lbt,1,1,Intel(R) Core(TM) 7 150U,NT,2abc7cc
degen-r50-m20-d0-p3,100,SBB-Dual,1e-7*n,1.0e-11,13,14,0.0395496,0.0387895,98.07810951311771,4.56e-5,2.24e-5,0.0001342,0.0,0.0,0.0,0.0005578999999999996,0.451341564030717,6.32467049687001e-12,-1.9021262818663706e-15,1.8907098109366416e-12,0.0,7.126833829158064e-12,1.8907098109366416e-12,8.333333333333334,diag_feasible,0,0,0,0,0,0,13,1.6866622778295818e-14,1.12.6,lbt,1,1,Intel(R) Core(TM) 7 150U,NT,2abc7cc
degen-r50-m20-d0-p3,100,Newton-SIN-BH,1e-7*n,9.999999999999999e-6,4,5,0.0224259,0.015112700000000001,67.38949161460633,0.0,1.2e-5,0.0,0.0067155,0.0,0.0,0.0005856999999999972,0.4513415640307149,1.002750343390454e-13,-1.5182855972766e-15,8.43769498715119e-15,8.43769498715119e-15,1.8228969536775993e-14,8.43769498715119e-15,NaN,converged,17,17,0,0,0,0,4,1.6866622778295818e-14,1.12.6,lbt,1,1,Intel(R) Core(TM) 7 150U,NT,2abc7cc
degen-r50-m20-d0-p3,100,Newton-SIN,1e-7*n,9.999999999999999e-6,100,2752,8.0285355,7.545081000000001,93.97829778544293,0.0,0.0043473,0.0,0.363057,0.0,0.0,0.11605019999999966,0.45134156400346204,4.2169167730428927e-10,-1.370627499153093e-15,2.4788238128792273e-10,2.4788238128792273e-10,3.628649276754983e-10,2.4788238128792273e-10,NaN,max_iter,974,974,2551,0,0,0,100,1.6866622778295818e-14,1.12.6,lbt,1,1,Intel(R) Core(TM) 7 150U,NT,2abc7cc
degen-r50-m20-d0-p3,100,AGD-SDAJ-BH,1e-7*n,1.0e-11,7,53,0.1661924,0.1622683,97.63882102912046,0.0,9.79e-5,0.0,0.0,0.0,0.0,0.0038261999999999858,0.4513415640335797,6.786458232643461e-12,-1.593092208454846e-15,1.4515055823949297e-12,1.4515055823949297e-12,4.93463750115666e-12,1.4515055823949297e-12,NaN,diag_feasible,0,0,10,10,0,0,7,1.6866622778295818e-14,1.12.6,lbt,1,1,Intel(R) Core(TM) 7 150U,NT,2abc7cc
degen-r50-m20-d0-p3,100,AGD-SDAJ,1e-7*n,1.0e-11,7,64,0.1765056,0.1743492,98.77828238877407,0.0,0.0001278,0.0,0.0,0.0,0.0,0.002028600000000003,0.4513415640337715,7.232240327492477e-12,-1.422107534498424e-15,1.5578649481540197e-12,1.5578649481540197e-12,5.2597358280698764e-12,1.5578649481540197e-12,NaN,diag_feasible,0,0,21,10,11,0,7,1.6866622778295818e-14,1.12.6,lbt,1,1,Intel(R) Core(TM) 7 150U,NT,2abc7cc
degen-r50-m20-d0-p3,100,Dykstra-APM,1e-7*n,9.999999999999999e-6,25,25,0.0846402,0.0786692,92.94543254859984,0.0,0.0,0.0,0.0,0.0026763,0.0,0.003294700000000004,0.4513415640285324,4.669614398017323e-12,-1.1559527402794132e-15,1.6511236822225328e-12,1.6511236822225328e-12,3.763986318876032e-12,1.6511236822225328e-12,NaN,diag_feasible,0,0,0,0,0,0,25,1.6866622778295818e-14,1.12.6,lbt,1,1,Intel(R) Core(TM) 7 150U,NT,2abc7cc
degen-r50-m20-d0-p3,100,Anderson-APM,1e-7*n,9.999999999999999e-6,17,17,0.0655667,0.0465965,71.06732533435417,0.0,0.0,0.0,0.0,0.0,0.0165624,0.002407800000000005,0.4513415640314517,5.925072501988194e-12,-1.3286877160313969e-15,1.6366907829024058e-12,1.6366907829024058e-12,4.75976211698746e-12,1.6366907829024058e-12,NaN,diag_feasible,0,0,0,0,0,0,17,1.6866622778295818e-14,1.12.6,lbt,1,1,Intel(R) Core(TM) 7 150U,NT,2abc7cc
degen-r50-m20-d0-p4,100,SBB-Dual,1e-7*n,1.0e-11,14,15,0.0456715,0.0450664,98.6751037298972,4.83e-5,2.31e-5,0.0001229,0.0,0.0,0.0,0.0004107999999999973,0.4514755446672047,3.2986698000278414e-12,-1.531651447508652e-15,9.102718578901658e-13,0.0,3.2872563989159574e-12,9.102718578901658e-13,7.6923076923076925,diag_feasible,0,0,0,0,0,0,14,2.3956647521128122e-14,1.12.6,lbt,1,1,Intel(R) Core(TM) 7 150U,NT,2abc7cc
degen-r50-m20-d0-p4,100,Newton-SIN-BH,1e-7*n,9.999999999999999e-6,4,5,0.0209863,0.0138555,66.02164269070775,0.0,9.0e-6,0.0,0.0067259,0.0,0.0,0.0003958999999999994,0.4514755446672036,1.5306959530193582e-13,-1.6120679733787947e-15,5.551115123125783e-15,5.551115123125783e-15,1.6728670184062865e-14,5.551115123125783e-15,NaN,converged,17,17,0,0,0,0,4,2.3956647521128122e-14,1.12.6,lbt,1,1,Intel(R) Core(TM) 7 150U,NT,2abc7cc
degen-r50-m20-d0-p4,100,Newton-SIN,1e-7*n,9.999999999999999e-6,100,2915,8.4151885,7.8803859,93.64479357770774,0.0,0.0046645,0.0,0.4056612,0.0,0.0,0.12447689999999906,0.4514755438998684,2.90679674434248e-9,-1.2407282364717465e-15,1.9453416655323963e-9,1.9453416655323963e-9,2.346872411198046e-9,1.9453416655323963e-9,NaN,max_iter,881,881,2714,0,0,0,100,2.3956647521128122e-14,1.12.6,lbt,1,1,Intel(R) Core(TM) 7 150U,NT,2abc7cc
degen-r50-m20-d0-p4,100,AGD-SDAJ-BH,1e-7*n,1.0e-11,7,41,0.1260813,0.1241544,98.47170040283531,0.0,9.38e-5,0.0,0.0,0.0,0.0,0.0018331000000000092,0.4514755446683419,3.3515337030300766e-12,-1.6353370968732571e-15,1.155742168634788e-12,1.155742168634788e-12,2.717851032621709e-12,1.155742168634788e-12,NaN,diag_feasible_at_xpre,0,0,2,2,0,0,7,2.3956647521128122e-14,1.12.6,lbt,1,1,Intel(R) Core(TM) 7 150U,NT,2abc7cc
degen-r50-m20-d0-p4,100,AGD-SDAJ,1e-7*n,1.0e-11,7,41,0.1137509,0.11225170000000001,98.68203240589744,0.0,6.82e-5,0.0,0.0,0.0,0.0,0.0014309999999999922,0.4514755446683419,3.3515337030300766e-12,-1.6353370968732571e-15,1.155742168634788e-12,1.155742168634788e-12,2.717851032621709e-12,1.155742168634788e-12,NaN,diag_feasible_at_xpre,0,0,2,2,0,0,7,2.3956647521128122e-14,1.12.6,lbt,1,1,Intel(R) Core(TM) 7 150U,NT,2abc7cc
degen-r50-m20-d0-p4,100,Dykstra-APM,1e-7*n,9.999999999999999e-6,27,27,0.0892303,0.0835696,93.65607870868975,0.0,0.0,0.0,0.0,0.0028314,0.0,0.0028293000000000046,0.4514755446645069,1.091656216002971e-11,-9.911109637699987e-16,7.865708084864309e-12,7.865708084864309e-12,8.515488584086021e-12,7.865708084864309e-12,NaN,diag_feasible,0,0,0,0,0,0,27,2.3956647521128122e-14,1.12.6,lbt,1,1,Intel(R) Core(TM) 7 150U,NT,2abc7cc
degen-r50-m20-d0-p4,100,Anderson-APM,1e-7*n,9.999999999999999e-6,18,18,0.0621305,0.0455525,73.31745278084033,0.0,0.0,0.0,0.0,0.0,0.0143488,0.0022291999999999954,0.45147554466823436,4.4149851402514644e-12,-1.6356289666511426e-15,1.9950707752514063e-12,1.9950707752514063e-12,3.3837469923695976e-12,1.9950707752514063e-12,NaN,diag_feasible,0,0,0,0,0,0,18,2.3956647521128122e-14,1.12.6,lbt,1,1,Intel(R) Core(TM) 7 150U,NT,2abc7cc
